run_id,t_seconds,config,mitigation,antagonist_active,throughput,claim_p50,claim_p95,claim_p99,e2e_p50,e2e_p95,e2e_p99,n_dead_tup,n_live_tup,table_bytes,index_bytes,queue_depth,oldest_backend_xmin_age,last_autovacuum
C1,0,saturated,,false,0.000,0.000,0.000,0.000,0.000,0.000,0.000,0,0,0,0,0,0,
C1,1,saturated,,false,1416.000,1.246,2.183,2.795,479.429,909.639,940.107,0,0,5791744,1662976,49282,1,
C1,2,saturated,,false,1375.000,1.620,2.370,2.824,1450.671,1896.534,1938.390,3067,50733,6234112,1818624,49320,17,
C1,3,saturated,,false,1345.000,1.696,2.634,3.300,2444.095,2870.828,2915.270,5776,52131,6488064,1925120,49335,0,
C1,4,saturated,,false,1284.000,1.402,9.524,22.954,3479.211,3865.544,3901.311,8452,53491,6733824,2015232,49297,12,
C1,5,saturated,,false,1423.000,1.461,2.389,3.162,4389.517,4837.764,4886.775,11154,54740,6995968,2121728,49340,0,
C1,6,saturated,,false,1340.000,1.641,2.992,3.378,5402.577,5833.171,5876.380,13958,56203,7266304,2220032,49340,14,
C1,7,saturated,,false,1300.000,1.541,2.667,25.059,6352.443,6811.989,6856.202,16664,57543,7512064,2326528,49420,0,
C1,8,saturated,,false,1380.000,1.625,2.558,2.994,7368.955,7802.717,7848.449,19306,58923,7774208,2416640,49340,12,
C1,9,saturated,,false,1358.000,1.713,2.502,3.431,8345.909,8793.171,8839.446,22041,60223,8028160,2523136,49365,0,
C1,10,saturated,,false,1342.000,1.669,2.621,4.707,9336.961,9775.930,9818.258,24766,61603,8273920,2621440,49380,0,
C1,11,saturated,,false,1400.000,1.564,2.178,2.372,10311.868,10770.467,10813.042,27500,62963,8527872,2711552,49366,20,
C1,12,saturated,,false,1402.000,1.535,2.619,4.146,11302.970,11753.419,11798.402,30304,64343,8781824,2818048,49360,0,
C1,13,saturated,,false,1380.000,1.628,2.553,2.859,12298.071,12729.337,12776.167,33105,65745,9052160,2924544,49360,17,
C1,14,saturated,,false,1240.000,1.422,9.820,15.658,13333.687,13718.842,13759.196,35665,67125,9273344,3014656,49359,0,
C1,15,saturated,,false,1323.000,1.566,3.656,4.990,14277.132,14705.314,14752.093,38259,68365,9543680,3112960,49397,2,
C1,16,saturated,,false,1420.000,1.546,2.281,2.779,15245.798,15701.266,15744.477,40945,69725,9789440,3227648,49380,0,
C1,17,saturated,,false,1360.000,1.449,2.587,6.270,16229.724,16676.275,16718.495,43766,71128,10043392,3334144,49380,29,
C1,18,saturated,,false,1360.000,1.751,2.539,3.073,17218.206,17667.522,17711.046,46520,72488,10313728,3424256,49400,20,
C1,19,saturated,,false,1380.000,1.604,2.325,2.680,18209.902,18658.284,18705.094,49268,73868,10559488,3522560,49396,11,
C1,20,saturated,,false,1383.000,1.662,2.493,3.050,19195.207,19635.567,19682.776,52026,75244,10821632,3629056,49397,0,
C1,21,saturated,,false,1380.000,1.620,2.348,2.741,20181.908,20629.055,20671.807,54820,76883,11083776,3735552,49400,0,
C1,22,saturated,,false,1402.000,1.514,2.346,2.742,21154.853,21616.685,21656.077,57602,78011,11321344,3833856,49399,5,
C1,23,saturated,,false,1381.000,1.396,3.093,7.255,22150.915,22593.958,22635.692,60408,79412,11575296,3932160,49400,24,
C1,24,saturated,,false,1209.000,1.255,12.125,41.797,23127.206,23525.114,23626.706,62996,80794,11829248,4030464,49508,14,
C1,25,saturated,,false,1231.000,1.572,6.846,27.270,24154.639,24570.772,24601.413,65394,82101,12042240,4112384,49459,18,
C1,26,saturated,,false,1339.000,1.433,5.285,6.971,25123.331,25546.796,25591.864,67970,83804,12279808,4227072,49420,0,
C1,27,saturated,,false,1341.000,1.622,2.953,3.850,26082.997,26534.419,26579.478,70667,84593,12558336,4308992,49479,38,
C1,28,saturated,,false,1360.000,1.826,2.569,3.304,27087.975,27541.201,27586.223,73361,85993,12795904,4415488,49430,0,
C1,29,saturated,,false,1387.000,1.556,2.405,2.743,28085.867,28515.351,28559.507,76071,87294,13082624,4521984,49395,0,
C1,30,saturated,,false,1360.000,1.741,2.476,2.828,29058.880,29516.964,29559.177,78883,88676,13336576,4628480,49450,0,
C1,31,saturated,,false,1359.000,1.698,2.474,3.176,30041.239,30503.755,30552.352,81614,90061,13574144,4718592,49473,12,
C1,32,saturated,,false,1408.000,1.524,2.317,2.705,31036.689,31491.395,31536.649,84358,91441,13844480,4825088,49420,20,
C1,33,saturated,,false,1320.000,1.628,2.370,2.660,32025.716,32466.029,32513.464,87163,92808,14090240,4931584,49480,0,
C1,34,saturated,,false,1200.000,1.388,9.964,29.291,33102.192,33480.921,33521.283,89717,94188,14319616,5013504,49428,0,
C1,35,saturated,,false,1365.000,1.657,2.408,3.001,34013.811,34457.967,34503.717,92238,95333,14565376,5111808,49460,0,
C1,36,saturated,,false,1400.000,1.613,2.456,3.175,34997.381,35448.023,35493.099,95028,96733,14811136,5218304,49440,0,
C1,37,saturated,,false,1360.000,1.534,2.805,3.264,35980.007,36434.027,36476.731,97819,98113,15073280,5316608,49460,12,
C1,38,saturated,,false,1320.000,1.783,2.400,2.702,36739.307,36965.456,37016.114,100540,99493,15319040,5431296,49481,0,
C1,39,saturated,,false,1404.000,1.576,2.356,2.670,36802.407,37032.603,37067.286,103096,101089,15548416,5537792,49460,18,
C1,40,saturated,,false,1321.000,1.799,2.549,2.882,36791.723,37026.753,37042.693,105859,102217,15826944,5644288,49474,20,
C1,41,saturated,,false,1399.000,1.631,2.474,2.894,36749.757,37000.911,37044.585,108563,103557,16064512,5734400,49460,20,
C1,42,saturated,,false,1340.000,1.778,2.441,2.671,36746.551,36979.411,37011.071,111471,104937,16318464,5840896,49497,9,
C1,43,saturated,,false,1361.000,1.655,2.606,2.999,36780.564,37008.778,37038.753,114029,106553,16564224,5955584,49460,20,
C1,44,saturated,,false,1185.000,1.516,10.995,34.802,36864.071,37114.838,37143.430,116629,107638,16809984,6037504,49480,20,
C1,45,saturated,,false,1372.000,1.794,2.495,2.839,36851.739,37076.466,37094.105,119175,108843,17055744,6144000,49479,0,
C1,46,saturated,,false,1368.000,1.603,2.304,5.362,36858.050,37076.776,37099.955,121902,110204,17301504,6250496,49500,0,
C1,47,saturated,,false,1380.000,1.615,2.236,2.616,36838.825,37069.369,37084.774,124681,111603,17563648,6348800,49480,20,
C1,48,saturated,,false,1356.000,1.692,2.369,2.828,36833.783,37063.718,37093.606,127436,112963,17801216,6479872,49497,9,
C1,49,saturated,,false,1412.000,1.543,2.380,2.580,36863.375,37097.330,37122.310,129879,114337,18055168,6586368,49432,0,
C1,50,saturated,,false,1380.000,1.621,2.315,2.629,36832.405,37067.908,37095.246,132711,115683,18309120,6692864,49500,0,
C1,51,saturated,,false,1340.000,1.657,2.351,2.931,36794.853,37051.806,37097.207,135490,117131,18554880,6782976,49501,19,
C1,52,saturated,,false,1380.000,1.699,2.479,8.601,36741.568,36984.093,37025.024,138247,118472,18808832,6881280,49539,0,
C1,53,saturated,,false,1381.000,1.648,2.394,9.467,36743.429,36960.522,36989.034,141024,119891,19070976,6995968,49519,0,
C1,54,saturated,,false,1180.000,1.342,6.005,46.019,36881.671,37109.510,37152.108,143619,121251,19300352,7086080,49480,21,
C1,55,saturated,,false,1400.000,1.425,2.091,2.549,36882.993,37104.807,37130.402,2075,123528,19374080,7184384,49500,36,2026-08-01T16:25:27.308755Z
C1,56,saturated,,false,1400.000,1.432,2.282,3.406,36871.022,37090.014,37126.350,4890,124948,19374080,7249920,49500,20,2026-08-01T16:25:27.308755Z
C1,57,saturated,,false,1360.000,1.651,2.382,2.746,36862.195,37077.374,37106.280,7696,126348,19374080,7299072,49520,12,2026-08-01T16:25:27.308755Z
C1,58,saturated,,false,1400.000,1.541,2.214,3.601,36854.775,37082.810,37099.119,10471,127728,19374080,7364608,49520,0,2026-08-01T16:25:27.308755Z
C1,59,saturated,,false,1380.000,1.609,2.411,2.750,36870.857,37087.044,37112.628,13119,129128,19374080,7430144,49520,17,2026-08-01T16:25:27.308755Z
C1,60,saturated,,false,1400.000,1.546,2.286,2.965,36856.812,37074.618,37100.507,15936,130508,19374080,7495680,49540,20,2026-08-01T16:25:27.308755Z
C1,61,saturated,,false,1340.000,1.798,2.526,2.722,36830.172,37074.387,37109.356,18713,131928,19374080,7561216,49558,18,2026-08-01T16:25:27.308755Z
C1,62,saturated,,false,1381.000,1.524,2.175,2.682,36691.508,36905.575,36926.760,21423,133523,19374080,7618560,49556,0,2026-08-01T16:25:27.308755Z
C1,63,saturated,,false,1392.000,1.592,2.540,3.751,36619.127,36843.210,36874.830,24064,134668,19374080,7675904,49548,21,2026-08-01T16:25:27.308755Z
C1,64,saturated,,false,1221.000,1.339,8.015,18.223,36687.573,36950.745,36995.815,26739,136048,19374080,7741440,49533,21,2026-08-01T16:25:27.308755Z
C1,65,saturated,,false,1352.000,1.754,2.609,3.408,36693.681,36914.850,36943.959,29321,137254,19374080,7790592,49560,20,2026-08-01T16:25:27.308755Z
C1,66,saturated,,false,1400.000,1.465,2.279,3.966,36685.712,36916.571,36935.245,32073,139145,19374080,7856128,49548,0,2026-08-01T16:25:27.308755Z
C1,67,saturated,,false,1380.000,1.635,2.480,3.345,36689.298,36914.022,36943.660,34869,140022,19374080,7921664,49560,0,2026-08-01T16:25:27.308755Z
C1,68,saturated,,false,1381.000,1.560,2.492,6.591,36676.069,36901.253,36924.338,37657,141414,19603456,7987200,49559,22,2026-08-01T16:25:27.308755Z
C1,69,saturated,,false,1360.000,1.749,2.488,2.744,36670.077,36888.410,36916.053,40429,142794,19759104,8036352,49560,0,2026-08-01T16:25:27.308755Z
C1,70,saturated,,false,1380.000,1.677,2.457,2.745,36691.779,36916.145,36932.726,43167,144155,20086784,8101888,49560,20,2026-08-01T16:25:27.308755Z
C1,71,saturated,,false,1380.000,1.670,2.383,2.645,36547.190,36763.398,36899.969,45921,145535,20275200,8167424,49553,0,2026-08-01T16:25:27.308755Z
C1,72,saturated,,false,1380.000,1.614,2.344,2.723,36535.749,36746.442,36774.691,48669,146895,20578304,8232960,49540,20,2026-08-01T16:25:27.308755Z
C1,73,saturated,,false,1356.000,1.707,2.395,3.181,36535.020,36758.225,36789.001,51436,148275,20832256,8290304,49589,18,2026-08-01T16:25:27.308755Z
C1,74,saturated,,false,1165.000,1.424,10.666,45.443,36635.755,36910.376,36950.521,54014,149675,21078016,8347648,49580,0,2026-08-01T16:25:27.308755Z
C1,75,saturated,,false,1345.000,1.722,2.738,11.366,36684.703,36898.091,36913.852,56536,150836,21299200,8396800,49604,0,2026-08-01T16:25:27.308755Z
C1,76,saturated,,false,1404.000,1.431,2.384,6.760,36660.373,36903.891,36922.269,59256,152460,21544960,8462336,49580,21,2026-08-01T16:25:27.308755Z
C1,77,saturated,,false,1320.000,1.754,3.100,3.769,36660.608,36876.876,36892.497,62069,153585,21831680,8527872,49580,0,2026-08-01T16:25:27.308755Z
C1,78,saturated,,false,1402.000,1.653,2.333,2.641,36671.400,36896.513,36911.466,64746,154905,22052864,8609792,49600,0,2026-08-01T16:25:27.308755Z
C1,79,saturated,,false,1421.000,1.597,2.352,2.817,36643.956,36877.878,36907.875,67564,156327,22339584,8708096,49559,1,2026-08-01T16:25:27.308755Z
C1,80,saturated,,false,1379.000,1.661,2.531,2.938,36593.037,36811.891,36837.358,70408,157707,22568960,8822784,49600,0,2026-08-01T16:25:27.308755Z
C1,81,saturated,,false,1340.000,1.721,2.489,3.875,36473.248,36690.403,36717.222,73189,159127,22847488,8929280,49618,0,2026-08-01T16:25:27.308755Z
C1,82,saturated,,false,1420.000,1.469,2.199,2.524,36454.924,36674.015,36692.212,75929,160487,23076864,9035776,49600,20,2026-08-01T16:25:27.308755Z
C1,83,saturated,,false,1360.000,1.709,2.460,2.839,36463.073,36687.473,36703.930,78730,161887,23330816,9142272,49600,15,2026-08-01T16:25:27.308755Z
C1,84,saturated,,false,1086.000,1.356,11.339,43.401,36590.543,36872.303,36900.080,81217,163247,23576576,9224192,49601,0,2026-08-01T16:25:27.308755Z
C1,85,saturated,,false,1360.000,1.715,2.498,2.823,36660.360,36882.466,36906.692,83681,164334,23789568,9322496,49617,20,2026-08-01T16:25:27.308755Z
C1,86,saturated,,false,1340.000,1.554,2.451,9.221,36683.049,36885.171,36914.987,86385,164334,24043520,9428992,49620,0,2026-08-01T16:25:27.308755Z
C1,87,saturated,,false,1320.000,1.625,3.043,6.444,36736.907,36956.993,36998.598,89064,167033,24330240,9543680,49620,0,2026-08-01T16:25:27.308755Z
C1,88,saturated,,false,1358.000,1.689,2.578,3.340,36758.750,36986.197,37002.672,91746,168373,24600576,9633792,49610,1,2026-08-01T16:25:27.308755Z
C1,89,saturated,,false,1403.000,1.621,2.449,3.126,36750.998,36980.881,36999.518,94516,169714,24838144,9740288,49640,0,2026-08-01T16:25:27.308755Z
C1,90,saturated,,false,1320.000,1.704,2.835,5.630,36758.658,36979.404,37000.315,97294,171409,25133056,9846784,49640,0,2026-08-01T16:25:27.308755Z
C1,91,saturated,,false,1360.000,1.734,2.427,2.849,36702.588,36978.309,37021.984,99984,172474,25378816,9945088,49640,0,2026-08-01T16:25:27.308755Z
C1,92,saturated,,false,1380.000,1.498,2.212,2.462,36660.552,36880.895,36910.310,102716,173834,25649152,10051584,49620,20,2026-08-01T16:25:27.308755Z
C1,93,saturated,,false,1360.000,1.601,2.446,2.875,36650.357,36874.269,36900.710,105513,175194,25960448,10158080,49641,19,2026-08-01T16:25:27.308755Z
C1,94,saturated,,false,1244.000,1.320,6.729,30.430,36769.796,36990.270,37017.536,108108,176575,26230784,10248192,49640,0,2026-08-01T16:25:27.308755Z
C1,95,saturated,,false,1340.000,1.630,2.222,2.481,36785.886,37013.313,37036.392,110591,176575,26492928,10346496,49660,0,2026-08-01T16:25:27.308755Z
C1,96,saturated,,false,1400.000,1.549,2.179,3.184,36816.891,37036.790,37066.041,113309,178518,26787840,10452992,49639,1,2026-08-01T16:25:27.308755Z
C1,97,saturated,,false,1380.000,1.601,2.313,2.598,36818.700,37044.303,37062.078,116092,179858,27066368,10551296,49660,23,2026-08-01T16:25:27.308755Z
C1,98,saturated,,false,1360.000,1.687,2.607,3.091,36802.115,37024.153,37051.958,118879,181238,27369472,10657792,49660,0,2026-08-01T16:25:27.308755Z
C1,99,saturated,,false,1360.000,1.637,2.335,2.716,36804.454,37037.262,37053.098,121613,182893,27639808,10764288,49680,0,2026-08-01T16:25:27.308755Z
C1,100,saturated,,false,1340.000,1.771,2.676,5.676,36837.620,37065.719,37093.831,124201,184018,27926528,10870784,49660,4,2026-08-01T16:25:27.308755Z
C1,101,saturated,,false,1379.000,1.621,2.408,2.788,36791.316,37052.620,37082.550,126909,185358,28229632,10969088,49676,0,2026-08-01T16:25:27.308755Z
C1,102,saturated,,false,1381.000,1.588,2.361,2.642,36739.132,36955.627,36978.680,129675,186718,28516352,11075584,49667,0,2026-08-01T16:25:27.308755Z
C1,103,saturated,,false,1380.000,1.651,2.291,2.638,36729.689,36960.812,36978.120,132453,188098,28803072,11182080,49660,0,2026-08-01T16:25:27.308755Z
C1,104,saturated,,false,1207.000,1.407,11.805,26.339,36847.660,37076.419,37105.013,135083,189478,29106176,11280384,49660,0,2026-08-01T16:25:27.308755Z
C1,105,saturated,,false,1360.000,1.632,2.405,2.919,36878.082,37098.622,37113.068,137790,190820,29335552,11378688,49680,21,2026-08-01T16:25:27.308755Z
C1,106,saturated,,false,1340.000,1.751,2.436,2.936,36877.700,37111.234,37126.454,140390,192065,29589504,11485184,49700,22,2026-08-01T16:25:27.308755Z
C1,107,saturated,,false,1420.000,1.526,2.224,2.869,36872.154,37094.285,37115.188,143124,193425,29818880,11583488,49688,20,2026-08-01T16:25:27.308755Z
C1,108,saturated,,false,1360.000,1.698,2.397,2.783,36859.449,37083.437,37108.827,146062,194785,30089216,11681792,49683,19,2026-08-01T16:25:27.308755Z
C1,109,saturated,,false,1400.000,1.536,2.176,2.445,36849.772,37064.067,37091.463,148690,196440,30334976,11796480,49700,1,2026-08-01T16:25:27.308755Z
C1,110,saturated,,false,1340.000,1.758,2.441,2.805,36865.860,37093.036,37116.958,151465,197820,30588928,11902976,49701,10,2026-08-01T16:25:27.308755Z
C1,111,saturated,,false,1340.000,1.547,2.539,12.581,36828.732,37142.251,37167.930,154134,199200,30826496,12001280,49680,0,2026-08-01T16:25:27.308755Z
C1,112,saturated,,false,1340.000,1.687,2.375,2.806,36752.946,36973.610,36992.222,156866,200265,31088640,12099584,49720,0,2026-08-01T16:25:27.308755Z
C1,113,saturated,,false,1358.000,1.714,2.453,2.800,36757.459,36984.889,37016.493,159572,201645,31309824,12206080,49707,21,2026-08-01T16:25:27.308755Z
C1,114,saturated,,false,1251.000,1.435,9.688,15.519,36844.307,37048.418,37084.538,162057,202985,31555584,12296192,49678,280,2026-08-01T16:25:27.308755Z
C1,115,saturated,,false,1420.000,1.375,2.075,2.523,36815.839,37043.711,37068.131,2634,203688,31621120,12361728,49700,0,2026-08-01T16:26:27.415027Z
C1,116,saturated,,false,1285.000,1.490,3.790,48.746,36908.680,37121.250,37144.587,5343,204795,31621120,12427264,49700,3,2026-08-01T16:26:27.415027Z
C1,117,saturated,,false,1360.000,1.575,2.397,2.947,36934.104,37154.458,37181.319,8030,206060,31621120,12484608,49722,19,2026-08-01T16:26:27.415027Z
C1,118,saturated,,false,1380.000,1.641,2.350,2.776,36929.154,37153.617,37168.474,10776,207460,31621120,12550144,49728,0,2026-08-01T16:26:27.415027Z
C1,119,saturated,,false,1360.000,1.600,2.290,2.642,36938.800,37159.001,37183.275,13529,208820,31621120,12615680,49720,20,2026-08-01T16:26:27.415027Z
C1,120,saturated,,false,1340.000,1.730,2.366,2.788,36970.574,37191.769,37211.478,16120,210200,31621120,12681216,49720,2,2026-08-01T16:26:27.415027Z
C1,121,saturated,,false,1360.000,1.603,2.257,2.585,36857.921,37047.862,37076.544,18850,211540,31621120,12738560,49740,21,2026-08-01T16:26:27.415027Z
C1,122,saturated,,false,1360.000,1.713,2.442,2.843,36759.744,36978.102,37003.990,21593,212901,31621120,12795904,49740,21,2026-08-01T16:26:27.415027Z
C1,123,saturated,,false,1360.000,1.609,2.367,3.263,36743.880,36962.918,36999.722,24322,214281,31621120,12861440,49743,19,2026-08-01T16:26:27.415027Z
C1,124,saturated,,false,1279.000,1.439,7.077,22.304,36789.095,36986.408,37024.429,27000,215640,31621120,12910592,49741,15,2026-08-01T16:26:27.415027Z
C1,125,saturated,,false,1340.000,1.690,2.382,2.880,36777.778,36997.657,37015.045,29640,216940,31621120,12976128,49760,0,2026-08-01T16:26:27.415027Z
C1,126,saturated,,false,1380.000,1.496,2.205,4.021,36804.639,37027.576,37055.029,32353,218279,31621120,13041664,49760,0,2026-08-01T16:26:27.415027Z
C1,127,saturated,,false,1380.000,1.635,2.465,3.729,36788.394,37009.906,37040.108,35109,219639,31621120,13107200,49740,24,2026-08-01T16:26:27.415027Z
C1,128,saturated,,false,1220.000,1.641,2.765,11.781,36836.891,37085.976,37103.767,37760,221019,31621120,13156352,49760,0,2026-08-01T16:26:27.415027Z
C1,129,saturated,,false,1341.000,1.670,3.145,7.059,36881.254,37104.897,37132.752,40314,222259,31621120,13221888,49740,21,2026-08-01T16:26:27.415027Z
C1,130,saturated,,false,1380.000,1.575,2.502,6.257,36907.537,37123.276,37159.586,42890,224111,31621120,13271040,49740,0,2026-08-01T16:26:27.415027Z
C1,131,saturated,,false,1363.000,1.625,2.535,3.115,36801.881,37020.721,37048.715,45683,225195,31621120,13336576,49760,9,2026-08-01T16:26:27.415027Z
C1,132,saturated,,false,1380.000,1.669,2.288,2.450,36782.396,37009.454,37036.973,48443,226596,31899648,13402112,49753,8,2026-08-01T16:26:27.415027Z
C1,133,saturated,,false,1402.000,1.573,2.416,2.706,36753.374,36987.280,37019.580,51206,227723,32145408,13467648,49738,0,2026-08-01T16:26:27.415027Z
C1,134,saturated,,false,1241.000,1.379,7.884,24.142,36839.759,37075.257,37116.314,53931,229083,32374784,13516800,49742,3,2026-08-01T16:26:27.415027Z
C1,135,saturated,,false,1380.000,1.629,2.295,2.592,36857.493,37077.185,37102.500,56532,231028,32636928,13582336,49760,0,2026-08-01T16:26:27.415027Z
C1,136,saturated,,false,1401.000,1.399,2.248,3.650,36845.320,37066.367,37088.404,59164,231726,32858112,13647872,49760,0,2026-08-01T16:26:27.415027Z
C1,137,saturated,,false,1379.000,1.649,2.531,2.919,36791.843,37014.929,37038.651,62002,233126,33161216,13705216,49760,1,2026-08-01T16:26:27.415027Z
C1,138,saturated,,false,1446.000,1.442,2.204,3.229,36769.499,36990.350,37016.887,64781,234526,33366016,13762560,49778,22,2026-08-01T16:26:27.415027Z
C1,139,saturated,,false,1343.000,1.728,2.459,2.992,36742.699,36972.159,36988.889,67650,235926,33669120,13828096,49780,20,2026-08-01T16:26:27.415027Z
C1,140,saturated,,false,1400.000,1.598,2.397,2.713,36755.206,36979.477,36996.729,70383,237355,33865728,13893632,49766,17,2026-08-01T16:26:27.415027Z
C1,141,saturated,,false,1381.000,1.687,2.337,2.682,36669.631,36861.683,36879.841,73165,238970,34152448,13959168,49780,0,2026-08-01T16:26:27.415027Z
C1,142,saturated,,false,1360.000,1.594,2.343,2.567,36614.777,36839.234,36855.996,75960,240351,34406400,14016512,49800,0,2026-08-01T16:26:27.415027Z
C1,143,saturated,,false,1400.000,1.582,2.356,2.649,36598.761,36825.722,36850.004,78725,241496,34660352,14073856,49780,0,2026-08-01T16:26:27.415027Z
C1,144,saturated,,false,1271.000,1.282,11.447,18.654,36666.609,36907.988,36950.200,81440,242876,34873344,14139392,49799,0,2026-08-01T16:26:27.415027Z
C1,145,saturated,,false,1301.000,1.644,2.449,8.907,36709.923,36938.650,36960.845,83998,244163,35135488,14188544,49800,21,2026-08-01T16:26:27.415027Z
C1,146,saturated,,false,1360.000,1.572,2.192,2.525,36745.920,36965.698,36994.362,86708,245468,35373056,14254080,49820,0,2026-08-01T16:26:27.415027Z
C1,147,saturated,,false,1380.000,1.487,2.426,5.648,36729.764,36954.237,36985.626,89457,246848,35651584,14319616,49800,20,2026-08-01T16:26:27.415027Z
C1,148,saturated,,false,1360.000,1.663,2.494,2.928,36693.584,36920.967,36950.468,92195,248208,35921920,14385152,49801,19,2026-08-01T16:26:27.415027Z
C1,149,saturated,,false,1340.000,1.805,2.702,3.901,36723.725,36948.400,36978.209,94924,249568,36134912,14434304,49800,17,2026-08-01T16:26:27.415027Z
C1,150,saturated,,false,1340.000,1.688,2.536,3.838,36723.602,36944.778,36962.411,97620,250928,36446208,14499840,49820,0,2026-08-01T16:26:27.415027Z
C1,151,saturated,,false,1340.000,1.832,2.642,4.629,36666.018,36866.226,36882.404,100323,252288,36732928,14565376,49820,0,2026-08-01T16:26:27.415027Z
C1,152,saturated,,false,1360.000,1.582,2.396,3.051,36705.483,36927.581,36952.161,102882,253628,36995072,14614528,49820,17,2026-08-01T16:26:27.415027Z
C1,153,saturated,,false,1342.000,1.796,2.543,3.212,36635.767,36864.467,36880.817,105618,254968,37330944,14680064,49840,22,2026-08-01T16:26:27.415027Z
C1,154,saturated,,false,963.000,1.746,20.229,64.306,36875.210,37153.962,37180.589,108154,256328,37552128,14729216,49820,0,2026-08-01T16:26:27.415027Z
C1,155,saturated,,false,1322.000,1.684,4.028,5.318,36954.529,37175.583,37194.444,110289,257789,37855232,14778368,49818,20,2026-08-01T16:26:27.415027Z
C1,156,saturated,,false,1400.000,1.463,2.930,3.822,36997.103,37215.909,37232.823,112956,258653,38166528,14843904,49820,15,2026-08-01T16:26:27.415027Z
C1,157,saturated,,false,1401.000,1.467,3.128,4.557,36931.680,37161.727,37198.976,115805,259971,38502400,14909440,49840,21,2026-08-01T16:26:27.415027Z
C1,158,saturated,,false,1387.000,1.631,2.403,3.294,36909.213,37127.614,37150.717,118612,261396,38739968,14983168,49840,0,2026-08-01T16:26:27.415027Z
C1,159,saturated,,false,1385.000,1.567,2.971,4.087,36902.490,37127.546,37160.036,121387,263032,39002112,15040512,49840,21,2026-08-01T16:26:27.415027Z
C1,160,saturated,,false,1365.000,1.657,3.686,4.401,36892.689,37105.183,37132.464,124179,264163,39313408,15097856,49840,9,2026-08-01T16:26:27.415027Z
C1,161,saturated,,false,1216.000,1.813,8.293,19.100,36889.440,37123.679,37168.147,126826,265568,39616512,15163392,49860,0,2026-08-01T16:26:27.415027Z
C1,162,saturated,,false,1284.000,1.555,3.434,17.139,36935.672,37181.556,37211.223,129311,266827,39878656,15212544,49845,18,2026-08-01T16:26:27.415027Z
C1,163,saturated,,false,1244.000,1.816,5.798,38.359,37027.499,37267.318,37310.225,131742,268328,40132608,15269888,49860,20,2026-08-01T16:26:27.415027Z
C1,164,saturated,,false,1230.000,1.317,9.478,32.338,37175.476,37397.100,37425.706,134194,269317,40411136,15327232,49860,0,2026-08-01T16:26:27.415027Z
C1,165,saturated,,false,1360.000,1.615,2.507,3.287,37140.093,37380.686,37409.962,136814,271227,40681472,15392768,49860,0,2026-08-01T16:26:27.415027Z
C1,166,saturated,,false,1303.000,1.599,4.875,11.865,37112.545,37317.943,37345.191,139498,272162,40976384,15441920,49868,5,2026-08-01T16:26:27.415027Z
C1,167,saturated,,false,1400.000,1.519,2.232,2.684,37072.351,37295.377,37315.134,142234,273230,41246720,15507456,49872,8,2026-08-01T16:26:27.415027Z
C1,168,saturated,,false,1380.000,1.711,2.575,3.002,37085.880,37303.686,37325.806,144998,274630,41558016,15572992,49880,0,2026-08-01T16:26:27.415027Z
C1,169,saturated,,false,1397.000,1.587,2.274,2.705,37085.995,37303.658,37329.456,147772,275990,41803776,15630336,49881,20,2026-08-01T16:26:27.415027Z
C1,170,saturated,,false,1335.000,1.737,2.480,2.727,37083.436,37305.231,37326.431,150535,277370,42057728,15687680,49879,20,2026-08-01T16:26:27.415027Z
C1,171,saturated,,false,1329.000,1.464,2.387,8.007,37078.009,37319.766,37359.654,153223,278750,42295296,15753216,49880,20,2026-08-01T16:26:27.415027Z
C1,172,saturated,,false,1340.000,1.779,2.573,3.132,37052.976,37273.683,37304.209,155916,280091,42541056,15818752,49880,21,2026-08-01T16:26:27.415027Z
C1,173,saturated,,false,1380.000,1.630,2.627,3.463,37078.608,37305.888,37328.434,158642,281431,42778624,15867904,49880,0,2026-08-01T16:26:27.415027Z
C1,174,saturated,,false,1262.000,1.425,7.751,18.019,37177.430,37399.081,37440.298,161236,282791,43008000,15949824,49880,600,2026-08-01T16:26:27.415027Z
C1,175,saturated,,false,1380.000,1.462,2.224,2.693,37177.870,37399.041,37420.609,2749,284355,43089920,16015360,49906,0,2026-08-01T16:27:27.523578Z
C1,176,saturated,,false,1261.000,1.750,3.489,9.515,37294.999,37522.348,37552.885,5367,285330,43089920,16064512,49900,0,2026-08-01T16:27:27.523578Z
C1,177,saturated,,false,1380.000,1.425,2.135,3.629,37292.623,37510.985,37538.379,8051,286607,43089920,16130048,49900,0,2026-08-01T16:27:27.523578Z
C1,178,saturated,,false,1424.000,1.512,2.314,3.272,37267.275,37492.585,37507.783,10865,287951,43089920,16195584,49900,0,2026-08-01T16:27:27.523578Z
C1,179,saturated,,false,1340.000,1.649,3.323,11.695,37285.009,37497.061,37522.072,13546,289352,43089920,16252928,49920,7,2026-08-01T16:27:27.523578Z
C1,180,saturated,,false,1281.000,1.694,4.461,13.234,37342.818,37571.026,37614.314,16209,290500,43089920,16310272,49900,15,2026-08-01T16:27:27.523578Z
C1,181,saturated,,false,1322.000,1.602,4.112,9.117,37346.430,37600.879,37641.774,18771,291821,43089920,16367616,49900,20,2026-08-01T16:27:27.523578Z
C1,182,saturated,,false,1360.000,1.793,2.637,3.297,37309.893,37544.861,37576.187,21475,293083,43089920,16424960,49900,20,2026-08-01T16:27:27.523578Z
C1,183,saturated,,false,1122.000,1.501,3.986,143.273,37401.266,37598.480,37627.857,24095,294443,43089920,16482304,49914,8,2026-08-01T16:27:27.523578Z
C1,184,saturated,,false,1167.000,1.477,14.580,27.001,37596.938,37843.063,37875.411,26279,296040,43089920,16531456,49920,0,2026-08-01T16:27:27.523578Z
C1,185,saturated,,false,1360.000,1.684,2.535,3.052,37629.805,37847.543,37875.700,28832,297017,43089920,16588800,49920,21,2026-08-01T16:27:27.523578Z
C1,186,saturated,,false,1336.000,1.693,2.973,4.397,37630.726,37860.922,37882.191,31558,298092,43089920,16654336,49937,0,2026-08-01T16:27:27.523578Z
C1,187,saturated,,false,1346.000,1.646,2.560,3.123,37635.181,37862.952,37880.607,34259,299472,43089920,16719872,49920,0,2026-08-01T16:27:27.523578Z
C1,188,saturated,,false,1241.000,1.762,4.844,10.081,37690.961,37924.159,37968.639,36905,300814,43089920,16769024,49920,20,2026-08-01T16:27:27.523578Z
C1,189,saturated,,false,1044.000,1.637,8.629,48.698,37759.915,38075.948,38106.304,39353,302149,43089920,16826368,49940,0,2026-08-01T16:27:27.523578Z
C1,190,saturated,,false,1360.000,1.530,2.536,4.758,37938.022,38156.993,38179.276,41582,303613,43089920,16883712,49922,19,2026-08-01T16:27:27.523578Z
C1,191,saturated,,false,1309.000,1.778,3.084,3.923,37945.569,38164.234,38193.285,44274,304459,43089920,16932864,49940,0,2026-08-01T16:27:27.523578Z
C1,192,saturated,,false,1320.000,1.709,2.628,3.715,37784.901,38168.164,38214.276,46917,305788,43212800,16998400,49940,20,2026-08-01T16:27:27.523578Z
C1,193,saturated,,false,1301.000,1.834,3.513,6.291,37723.342,37952.373,37977.386,49537,307108,43450368,17047552,49940,0,2026-08-01T16:27:27.523578Z
C1,194,saturated,,false,1163.000,1.555,14.082,18.437,37845.070,38098.586,38120.672,51977,308409,43671552,17104896,49940,20,2026-08-01T16:27:27.523578Z
C1,195,saturated,,false,1340.000,1.661,2.447,2.741,37903.255,38131.297,38165.514,54553,310232,43950080,17162240,49940,21,2026-08-01T16:27:27.523578Z
C1,196,saturated,,false,1307.000,1.765,2.770,6.991,37951.601,38164.767,38199.746,57229,310892,44220416,17227776,49940,20,2026-08-01T16:27:27.523578Z
C1,197,saturated,,false,1341.000,1.590,2.309,4.088,38002.662,38234.020,38248.649,59889,312239,44474368,17285120,49960,20,2026-08-01T16:27:27.523578Z
C1,198,saturated,,false,1039.000,1.784,9.552,47.217,38262.205,38489.810,38518.021,62088,313814,44695552,17326080,49960,0,2026-08-01T16:27:27.523578Z
C1,199,saturated,,false,1320.000,1.716,2.443,2.799,38235.442,38485.464,38515.943,64666,314619,44982272,17391616,49960,20,2026-08-01T16:27:27.523578Z
C1,200,saturated,,false,1380.000,1.669,2.290,2.602,38156.323,38382.962,38413.086,67408,315919,45219840,17465344,49960,0,2026-08-01T16:27:27.523578Z
C1,201,saturated,,false,1360.000,1.663,2.465,3.441,38076.149,38314.550,38361.368,70135,317299,45490176,17514496,49960,19,2026-08-01T16:27:27.523578Z
C1,202,saturated,,false,1400.000,1.448,2.316,2.697,37956.005,38224.462,38269.322,72908,318659,45752320,17580032,49960,15,2026-08-01T16:27:27.523578Z
C1,203,saturated,,false,1340.000,1.590,2.641,3.840,37912.020,38133.579,38157.771,75673,320039,45989888,17645568,49980,0,2026-08-01T16:27:27.523578Z
C1,204,saturated,,false,1229.000,1.309,11.353,22.217,37954.342,38198.173,38223.433,78202,321674,46235648,17694720,49980,0,2026-08-01T16:27:27.523578Z
C1,205,saturated,,false,1360.000,1.611,2.323,2.731,37996.160,38206.180,38239.848,80865,322628,46481408,17760256,49822,0,2026-08-01T16:27:27.523578Z
C1,206,saturated,,false,1360.000,1.651,2.413,2.613,37997.937,38227.558,38244.600,83476,324019,46727168,17825792,49300,21,2026-08-01T16:27:27.523578Z
C1,207,saturated,,false,1223.000,1.473,11.269,22.082,38087.413,38325.253,38343.833,85900,325368,46931968,17874944,49340,1,2026-08-01T16:27:27.523578Z
C1,208,saturated,,false,1361.000,1.546,2.589,3.859,38140.765,38348.214,38376.373,88656,326631,47243264,17940480,49320,0,2026-08-01T16:27:27.523578Z
C1,209,saturated,,false,1360.000,1.641,2.449,2.888,38116.693,38334.829,38350.535,90031,327972,47357952,17973248,49300,17,2026-08-01T16:27:27.523578Z
C1,210,saturated,,false,1372.000,1.608,2.592,3.218,38094.224,38317.130,38345.129,92769,329332,47636480,18030592,49309,0,2026-08-01T16:27:27.523578Z
C1,211,saturated,,false,1330.000,1.754,2.681,3.364,38090.152,38311.517,38340.983,95495,330692,47915008,18087936,49340,0,2026-08-01T16:27:27.523578Z
C1,212,saturated,,false,1420.000,1.465,2.310,3.154,38035.569,38292.234,38326.629,98222,332309,48119808,18186240,49300,19,2026-08-01T16:27:27.523578Z
C1,213,saturated,,false,1380.000,1.727,2.452,2.717,38001.534,38221.555,38249.248,101037,333945,48422912,18300928,49320,0,2026-08-01T16:27:27.523578Z
C1,214,saturated,,false,1286.000,1.422,7.294,27.040,38040.909,38232.906,38251.999,103762,335345,48734208,18382848,49280,10,2026-08-01T16:27:27.523578Z
C1,215,saturated,,false,1340.000,1.774,2.510,2.938,38003.763,38217.386,38246.735,106377,336800,49045504,18489344,49320,13,2026-08-01T16:27:27.523578Z
C1,216,saturated,,false,1360.000,1.606,2.716,3.227,38028.294,38250.396,38271.961,109103,336800,49364992,18604032,49340,0,2026-08-01T16:27:27.523578Z
C1,217,saturated,,false,1365.000,1.706,2.578,3.404,38070.167,38286.276,38308.526,111850,338140,49659904,18694144,49317,0,2026-08-01T16:27:27.523578Z
C1,218,saturated,,false,1330.000,1.710,2.521,2.882,38039.154,38253.518,38281.546,114581,339520,49946624,18800640,49354,22,2026-08-01T16:27:27.523578Z
C1,219,saturated,,false,1370.000,1.773,2.546,2.995,37976.879,38203.056,38231.152,117302,341140,50249728,18915328,49360,0,2026-08-01T16:27:27.523578Z
C1,220,saturated,,false,1341.000,1.690,2.412,3.801,37966.389,38192.157,38210.473,120032,342225,50552832,19013632,49359,0,2026-08-01T16:27:27.523578Z
C1,221,saturated,,false,1299.000,1.803,3.667,6.739,38002.088,38209.150,38237.811,122719,343585,50864128,19111936,49360,0,2026-08-01T16:27:27.523578Z
C1,222,saturated,,false,1324.000,1.546,3.872,11.286,37770.663,38061.103,38105.933,125333,344945,51167232,19210240,49380,0,2026-08-01T16:27:27.523578Z
C1,223,saturated,,false,1359.000,1.632,3.364,7.238,37727.587,37960.653,37980.331,128025,346245,51404800,19308544,49360,0,2026-08-01T16:27:27.523578Z
C1,224,saturated,,false,1206.000,1.431,4.807,122.488,37808.668,38100.800,38129.928,130632,347568,51683328,19406848,49311,13,2026-08-01T16:27:27.523578Z
C1,225,saturated,,false,1366.000,1.605,2.499,3.089,37831.689,38066.651,38084.061,133161,349399,51986432,19496960,49353,1,2026-08-01T16:27:27.523578Z
C1,226,saturated,,false,1340.000,1.682,2.383,2.635,37792.741,38040.846,38058.543,135951,350389,52297728,19603456,49380,0,2026-08-01T16:27:27.523578Z
C1,227,saturated,,false,1360.000,1.655,2.523,3.756,37623.874,37917.130,37961.686,138501,351775,52559872,19718144,49360,18,2026-08-01T16:27:27.523578Z
C1,228,saturated,,false,1360.000,1.684,2.424,2.741,37517.853,37734.208,37762.018,141090,352860,52830208,19816448,49360,19,2026-08-01T16:27:27.523578Z
C1,229,saturated,,false,1416.000,1.650,2.399,3.387,37483.752,37706.910,37736.004,143971,354220,53133312,19914752,49324,2,2026-08-01T16:27:27.523578Z
C1,230,saturated,,false,1386.000,1.596,2.364,3.023,37407.870,37631.343,37646.823,146803,355580,53444608,20029440,49360,19,2026-08-01T16:27:27.523578Z
C1,231,saturated,,false,1360.000,1.686,2.405,2.863,37302.713,37578.567,37594.657,149608,357002,53673984,20135936,49380,16,2026-08-01T16:27:27.523578Z
C1,232,saturated,,false,1320.000,1.668,2.487,3.118,37207.300,37427.689,37451.225,152327,358382,53919744,20242432,49400,1,2026-08-01T16:27:27.523578Z
C1,233,saturated,,false,1360.000,1.776,2.518,2.956,37201.711,37416.640,37444.046,155020,359742,54157312,20332544,49400,21,2026-08-01T16:27:27.523578Z
C1,234,saturated,,false,1121.000,1.571,13.881,70.026,37247.591,37523.242,37564.129,157514,361082,54419456,20430848,49420,20,2026-08-01T16:27:27.523578Z
C1,235,saturated,,false,1340.000,1.311,2.419,5.023,37291.193,37584.453,37612.366,1776,363501,54575104,20512768,49380,36,2026-08-01T16:28:27.845390Z
C1,236,saturated,,false,1400.000,1.470,2.278,3.302,37083.105,37314.371,37345.805,4347,365113,54575104,20578304,49400,20,2026-08-01T16:28:27.845390Z
C1,237,saturated,,false,1401.000,1.511,2.252,2.610,37043.874,37271.904,37289.051,7156,365962,54575104,20635648,49398,0,2026-08-01T16:28:27.845390Z
C1,238,saturated,,false,1443.000,1.470,2.138,2.679,37007.984,37238.676,37271.318,9687,367362,54575104,20692992,49356,20,2026-08-01T16:28:27.845390Z
C1,239,saturated,,false,1340.000,1.603,2.641,6.160,36984.916,37216.764,37237.093,12812,368782,54575104,20758528,49440,0,2026-08-01T16:28:27.845390Z
C1,240,saturated,,false,1340.000,1.608,3.839,7.653,37021.985,37243.538,37271.064,15564,370206,54575104,20824064,49440,0,2026-08-01T16:28:27.845390Z
C1,241,saturated,,false,1302.000,1.670,3.848,5.277,36991.726,37263.603,37294.632,18240,371566,54575104,20897792,49441,15,2026-08-01T16:28:27.845390Z
C1,242,saturated,,false,1221.000,1.652,7.054,21.682,37082.816,37287.235,37313.841,20552,372906,54575104,20946944,49420,0,2026-08-01T16:28:27.845390Z
C1,243,saturated,,false,1187.000,1.784,6.519,18.802,37138.346,37413.543,37438.449,23162,374404,54575104,21004288,49538,21,2026-08-01T16:28:27.845390Z
C1,244,saturated,,false,1104.000,1.719,13.526,28.635,37267.820,37571.151,37603.269,25583,375429,54575104,21053440,49460,32,2026-08-01T16:28:27.845390Z
C1,245,saturated,,false,1344.000,1.619,3.439,6.259,37301.336,37527.760,37552.598,27705,376893,54575104,21110784,49460,14,2026-08-01T16:28:27.845390Z
C1,246,saturated,,false,1030.000,1.845,8.549,97.909,37371.429,37545.411,37581.127,30265,377741,54575104,21168128,49717,20,2026-08-01T16:28:27.845390Z
C1,247,saturated,,false,1251.000,1.450,7.226,12.451,37624.580,37828.817,37856.653,32496,379084,54575104,21209088,49440,1,2026-08-01T16:28:27.845390Z
C1,248,saturated,,false,1340.000,1.658,2.897,11.571,37636.854,37854.822,37883.422,34873,380685,54575104,21274624,49460,0,2026-08-01T16:28:27.845390Z
C1,249,saturated,,false,1300.000,1.638,3.387,4.077,37657.460,37873.242,37890.028,37557,382045,54575104,21331968,49500,7,2026-08-01T16:28:27.845390Z
C1,250,saturated,,false,1341.000,1.565,3.710,9.069,37714.842,37941.462,37980.209,40221,383385,54575104,21389312,49467,33,2026-08-01T16:28:27.845390Z
C1,251,saturated,,false,1300.000,1.603,2.661,6.310,37767.890,37996.754,38028.207,42722,384687,54575104,21454848,49460,0,2026-08-01T16:28:27.845390Z
C1,252,saturated,,false,1360.000,1.686,2.410,2.974,37737.668,37986.766,38029.538,45505,385986,54575104,21504000,49480,20,2026-08-01T16:28:27.845390Z
C1,253,saturated,,false,1400.000,1.557,2.355,2.654,37691.989,37912.049,37933.250,48264,387366,54575104,21569536,49462,18,2026-08-01T16:28:27.845390Z
C1,254,saturated,,false,1195.000,1.501,11.651,23.852,37753.037,38039.779,38070.631,51019,388748,54575104,21626880,49474,0,2026-08-01T16:28:27.845390Z
C1,255,saturated,,false,1380.000,1.541,2.376,2.883,37791.816,38018.945,38050.967,53468,389955,54689792,21684224,49500,0,2026-08-01T16:28:27.845390Z
C1,256,saturated,,false,1360.000,1.711,2.436,3.033,37793.145,38009.359,38040.511,56252,391361,54919168,21749760,49500,0,2026-08-01T16:28:27.845390Z
C1,257,saturated,,false,1304.000,1.516,2.895,13.190,37778.571,38023.996,38042.475,58969,392721,55205888,21815296,49544,12,2026-08-01T16:28:27.845390Z
C1,258,saturated,,false,1213.000,1.444,9.377,38.055,37900.299,38124.916,38156.122,61619,394069,55443456,21864448,49507,0,2026-08-01T16:28:27.845390Z
C1,259,saturated,,false,1360.000,1.442,2.711,6.669,37896.269,38129.100,38158.772,64081,395500,55713792,21929984,49520,0,2026-08-01T16:28:27.845390Z
C1,260,saturated,,false,1363.000,1.714,3.334,4.117,37868.891,38095.390,38115.060,66821,396618,56000512,21979136,49520,0,2026-08-01T16:28:27.845390Z
C1,261,saturated,,false,1340.000,1.708,2.494,2.911,37849.000,38070.771,38088.404,69547,397981,56279040,22044672,49520,15,2026-08-01T16:28:27.845390Z
C1,262,saturated,,false,1320.000,1.698,3.130,4.815,37785.011,38049.859,38094.474,72258,399321,56524800,22110208,49520,20,2026-08-01T16:28:27.845390Z
C1,263,saturated,,false,1409.000,1.425,3.301,5.097,37761.750,37975.972,38001.439,74930,400641,56803328,22159360,49511,0,2026-08-01T16:28:27.845390Z
C1,264,saturated,,false,1133.000,1.574,11.070,19.689,37797.989,38081.889,38126.409,77673,402041,57040896,22224896,49560,0,2026-08-01T16:28:27.845390Z
C1,265,saturated,,false,1401.000,1.510,2.215,2.889,37888.547,38118.504,38145.655,80028,403223,57311232,22274048,49499,0,2026-08-01T16:28:27.845390Z
C1,266,saturated,,false,1361.000,1.577,2.322,2.609,37856.251,38077.479,38119.012,82811,404563,57540608,22339584,49540,0,2026-08-01T16:28:27.845390Z
C1,267,saturated,,false,1360.000,1.616,3.854,4.829,37866.337,38092.217,38119.607,85573,406220,57810944,22405120,49520,0,2026-08-01T16:28:27.845390Z
C1,268,saturated,,false,1320.000,1.835,2.618,3.079,37922.261,38145.948,38168.042,88286,407305,58122240,22462464,49540,20,2026-08-01T16:28:27.845390Z
C1,269,saturated,,false,1385.000,1.623,2.470,2.947,37936.336,38160.241,38188.191,90990,408645,58368000,22519808,49537,20,2026-08-01T16:28:27.845390Z
C1,270,saturated,,false,1400.000,1.594,2.430,2.694,37913.420,38135.152,38151.092,93766,410027,58638336,22585344,49515,9,2026-08-01T16:28:27.845390Z
C1,271,saturated,,false,1388.000,1.566,2.262,2.542,37864.862,38095.284,38114.916,96553,411405,58900480,22650880,49521,19,2026-08-01T16:28:27.845390Z
C1,272,saturated,,false,1381.000,1.604,2.361,2.914,37772.725,38051.368,38098.672,99358,412799,59154432,22716416,49540,0,2026-08-01T16:28:27.845390Z
C1,273,saturated,,false,1359.000,1.693,2.326,2.926,37648.402,37876.586,37890.157,102139,414453,59432960,22773760,49540,21,2026-08-01T16:28:27.845390Z
C1,274,saturated,,false,1201.000,1.512,10.332,36.182,37731.081,38030.181,38057.899,104793,415558,59752448,22831104,49540,0,2026-08-01T16:28:27.845390Z
C1,275,saturated,,false,1419.000,1.532,2.173,2.422,37793.635,38021.743,38039.127,107295,417014,60063744,22888448,49543,0,2026-08-01T16:28:27.845390Z
C1,276,saturated,,false,1321.000,1.639,2.357,2.837,37806.200,38032.628,38066.489,110120,418434,60391424,22945792,49560,20,2026-08-01T16:28:27.845390Z
C1,277,saturated,,false,1340.000,1.387,2.287,8.271,37877.471,38129.343,38147.757,112778,419519,60669952,23011328,49540,0,2026-08-01T16:28:27.845390Z
C1,278,saturated,,false,1360.000,1.719,2.404,2.723,37877.834,38091.625,38112.075,115483,419519,60997632,23076864,49578,0,2026-08-01T16:28:27.845390Z
C1,279,saturated,,false,1340.000,1.752,2.858,3.487,37835.946,38078.262,38092.815,118217,421539,61317120,23126016,49560,20,2026-08-01T16:28:27.845390Z
C1,280,saturated,,false,1140.000,1.753,3.298,67.817,37861.891,38078.800,38108.108,120835,422899,61636608,23191552,49583,9,2026-08-01T16:28:27.845390Z
C1,281,saturated,,false,1342.000,1.827,3.289,4.989,37842.267,38088.646,38117.334,123265,424239,61890560,23240704,49600,20,2026-08-01T16:28:27.845390Z
C1,282,saturated,,false,1322.000,1.584,4.384,12.045,37680.796,37978.976,38022.307,125940,425379,62160896,23314432,49580,21,2026-08-01T16:28:27.845390Z
C1,283,saturated,,false,1340.000,1.766,2.414,2.788,37617.571,37830.603,37858.311,128610,426742,62439424,23371776,49600,0,2026-08-01T16:28:27.845390Z
C1,284,saturated,,false,1192.000,1.558,12.062,29.176,37527.679,37824.736,37870.918,131238,428063,62709760,23437312,49579,0,2026-08-01T16:28:27.845390Z
C1,285,saturated,,false,1359.000,1.832,2.752,3.124,37403.754,37620.163,37645.518,133720,429678,62955520,23527424,49600,22,2026-08-01T16:28:27.845390Z
C1,286,saturated,,false,1340.000,1.667,3.039,4.067,37411.619,37624.402,37649.126,136434,430614,63258624,23633920,49592,8,2026-08-01T16:28:27.845390Z
C1,287,saturated,,false,1342.000,1.688,2.482,4.185,37397.565,37614.420,37637.550,139147,432485,63545344,23740416,49620,0,2026-08-01T16:28:27.845390Z
C1,288,saturated,,false,1340.000,1.729,2.527,3.165,37359.160,37575.797,37590.051,141857,433571,63840256,23830528,49600,11,2026-08-01T16:28:27.845390Z
C1,289,saturated,,false,1187.000,1.819,3.827,60.000,37371.881,37684.022,37714.462,144404,434676,64118784,23945216,49620,25,2026-08-01T16:28:27.845390Z
C1,290,saturated,,false,1221.000,1.686,5.073,23.891,37523.386,37777.531,37808.895,146774,436001,64364544,24018944,49649,12,2026-08-01T16:28:27.845390Z
C1,291,saturated,,false,1280.000,1.629,3.756,5.793,37643.184,37844.373,37872.696,149189,437773,64643072,24125440,49620,23,2026-08-01T16:28:27.845390Z
C1,292,saturated,,false,1340.000,1.804,2.926,3.376,37572.311,37807.855,37902.275,151837,439024,64954368,24231936,49626,20,2026-08-01T16:28:27.845390Z
C1,293,saturated,,false,1300.000,1.851,3.200,8.773,37609.593,37817.666,37841.222,154505,440364,65232896,24338432,49660,0,2026-08-01T16:28:27.845390Z
C1,294,saturated,,false,1140.000,1.609,7.688,25.339,37658.973,37965.626,38005.047,157084,441704,65470464,24428544,49660,40,2026-08-01T16:28:27.845390Z
C1,295,saturated,,false,1422.000,1.316,2.020,2.616,37747.889,37977.567,37993.078,1595,442397,65683456,24502272,49600,36,2026-08-01T16:29:27.912270Z
C1,296,saturated,,false,1360.000,1.585,2.356,4.156,37625.786,37883.590,37926.998,4416,443503,65683456,24559616,49640,0,2026-08-01T16:29:27.912270Z
C1,297,saturated,,false,1356.000,1.564,3.312,5.617,37592.293,37818.802,37834.352,7147,444903,65683456,24616960,49672,0,2026-08-01T16:29:27.912270Z
C1,298,saturated,,false,1306.000,1.385,3.516,6.587,37616.098,37851.189,37880.711,9845,446284,65683456,24682496,49640,15,2026-08-01T16:29:27.912270Z
C1,299,saturated,,false,1380.000,1.623,2.883,4.107,37615.138,37841.100,37857.162,12533,447310,65683456,24739840,49634,6,2026-08-01T16:29:27.912270Z
C1,300,saturated,,false,1360.000,1.465,2.688,3.264,37582.806,37809.451,37832.658,15267,448939,65683456,24797184,49640,0,2026-08-01T16:29:27.912270Z
C1,301,saturated,,false,1360.000,1.638,2.344,3.844,37589.747,37815.779,37833.356,18023,450305,65683456,24862720,49660,20,2026-08-01T16:29:27.912270Z
C1,302,saturated,,false,1367.000,1.430,2.472,12.648,37453.715,37693.116,37846.479,20745,451941,65683456,24928256,49640,21,2026-08-01T16:29:27.912270Z
C1,303,saturated,,false,1340.000,1.767,2.586,2.946,37465.818,37686.066,37715.294,23482,453032,65683456,24977408,49655,17,2026-08-01T16:29:27.912270Z
C1,304,saturated,,false,968.000,1.821,18.413,93.283,37627.549,38005.284,38032.526,26001,454117,65683456,25034752,49640,22,2026-08-01T16:29:27.912270Z
C1,305,saturated,,false,1203.000,1.737,8.937,17.883,37826.265,38062.221,38111.909,28039,455085,65683456,25083904,49680,20,2026-08-01T16:29:27.912270Z
C1,306,saturated,,false,1341.000,1.567,3.181,6.928,37870.081,38077.841,38108.316,30591,457008,65683456,25141248,49720,0,2026-08-01T16:29:27.912270Z
C1,307,saturated,,false,1379.000,1.479,2.249,2.626,37861.047,38083.650,38113.318,33332,457008,65683456,25206784,49660,25,2026-08-01T16:29:27.912270Z
C1,308,saturated,,false,1379.000,1.628,2.561,3.035,37882.087,38102.541,38130.432,36059,458368,65683456,25264128,49672,10,2026-08-01T16:29:27.912270Z
C1,309,saturated,,false,1301.000,1.758,2.928,8.128,37903.683,38117.456,38142.447,38809,459727,65683456,25321472,49720,0,2026-08-01T16:29:27.912270Z
C1,310,saturated,,false,1322.000,1.537,5.397,14.362,37962.737,38191.522,38222.077,41468,461088,65683456,25387008,49700,20,2026-08-01T16:29:27.912270Z
C1,311,saturated,,false,1143.000,1.912,9.480,40.285,38075.106,38317.782,38365.911,43968,462683,65683456,25436160,49701,12,2026-08-01T16:29:27.912270Z
C1,312,saturated,,false,1007.000,2.020,19.071,27.789,38312.356,38619.937,38650.547,46177,463673,65683456,25485312,49680,0,2026-08-01T16:29:27.912270Z
C1,313,saturated,,false,1211.000,1.674,9.677,30.982,38412.021,38627.216,38647.221,48260,464793,65683456,25534464,49700,0,2026-08-01T16:29:27.912270Z
C1,314,saturated,,false,1204.000,1.579,6.671,30.756,38523.538,38774.398,38788.874,50802,466262,65683456,25591808,49700,0,2026-08-01T16:29:27.912270Z
C1,315,saturated,,false,1360.000,1.442,4.082,6.592,38502.271,38728.197,38772.452,53351,467366,65683456,25649152,49720,0,2026-08-01T16:29:27.912270Z
C1,316,saturated,,false,1361.000,1.628,2.810,5.583,38516.652,38730.514,38747.246,56079,468315,65961984,25714688,49717,6,2026-08-01T16:29:27.912270Z
C1,317,saturated,,false,1380.000,1.602,2.352,3.023,38492.860,38721.094,38735.630,58851,469675,66150400,25772032,49720,0,2026-08-01T16:29:27.912270Z
C1,318,saturated,,false,1420.000,1.454,2.397,4.635,38436.425,38660.395,38684.924,61663,471056,66437120,25829376,49720,0,2026-08-01T16:29:27.912270Z
C1,319,saturated,,false,1340.000,1.752,2.965,3.982,38289.916,38507.668,38524.254,64455,472456,66723840,25894912,49720,0,2026-08-01T16:29:27.912270Z
C1,320,saturated,,false,1281.000,1.740,2.705,8.149,38336.263,38559.374,38591.008,67056,473856,66936832,25960448,49720,0,2026-08-01T16:29:27.912270Z
C1,321,saturated,,false,1364.000,1.637,2.315,2.636,38295.947,38525.799,38546.702,69770,475136,67239936,26017792,49760,0,2026-08-01T16:29:27.912270Z
C1,322,saturated,,false,1360.000,1.547,2.879,5.481,38303.455,38534.001,38548.840,72474,476751,67526656,26075136,49721,30,2026-08-01T16:29:27.912270Z
C1,323,saturated,,false,1380.000,1.569,2.298,2.843,38158.623,38389.584,38407.570,75235,478522,67731456,26140672,49740,0,2026-08-01T16:29:27.912270Z
C1,324,saturated,,false,1256.000,1.306,10.825,37.596,38232.296,38464.220,38501.975,77746,479221,68026368,26206208,49720,0,2026-08-01T16:29:27.912270Z
C1,325,saturated,,false,1340.000,1.653,2.350,3.042,38228.142,38447.808,38464.961,80380,480599,68239360,26263552,49760,0,2026-08-01T16:29:27.912270Z
C1,326,saturated,,false,1380.000,1.468,2.272,5.474,38235.763,38452.162,38475.118,83081,481857,68517888,26329088,49740,0,2026-08-01T16:29:27.912270Z
C1,327,saturated,,false,1360.000,1.643,2.545,3.259,38179.649,38407.519,38427.741,85864,483197,68780032,26386432,49760,0,2026-08-01T16:29:27.912270Z
C1,328,saturated,,false,1320.000,1.792,2.745,3.198,38076.063,38289.968,38322.266,88555,484597,69025792,26443776,49744,19,2026-08-01T16:29:27.912270Z
C1,329,saturated,,false,1183.000,1.922,5.506,10.421,38033.595,38286.357,38313.322,90809,485937,69320704,26501120,49760,0,2026-08-01T16:29:27.912270Z
C1,330,saturated,,false,1202.000,1.719,5.541,26.509,38138.761,38372.031,38401.107,93206,487199,69566464,26558464,49780,0,2026-08-01T16:29:27.912270Z
C1,331,saturated,,false,1359.000,1.623,2.562,3.492,38148.714,38375.574,38390.992,95793,488341,69787648,26607616,49760,24,2026-08-01T16:29:27.912270Z
C1,332,saturated,,false,1340.000,1.595,2.597,3.607,38149.290,38373.093,38388.759,98755,489661,70098944,26673152,49767,15,2026-08-01T16:29:27.912270Z
C1,333,saturated,,false,1320.000,1.761,2.565,3.613,38010.016,38224.473,38251.673,101209,491001,70402048,26738688,49800,5,2026-08-01T16:29:27.912270Z
C1,334,saturated,,false,1125.000,1.566,13.498,32.147,38122.266,38410.118,38441.375,103703,492361,70696960,26787840,49780,0,2026-08-01T16:29:27.912270Z
C1,335,saturated,,false,1340.000,1.662,2.635,4.116,38237.095,38454.943,38485.429,106119,493641,70991872,26845184,49780,0,2026-08-01T16:29:27.912270Z
C1,336,saturated,,false,1360.000,1.554,2.274,4.746,38238.743,38464.305,38494.926,108829,495337,71319552,26902528,49800,0,2026-08-01T16:29:27.912270Z
C1,337,saturated,,false,1320.000,1.786,2.612,3.077,38204.990,38429.915,38446.755,111566,496866,71630848,26968064,49800,19,2026-08-01T16:29:27.912270Z
C1,338,saturated,,false,1360.000,1.684,2.386,2.675,38228.800,38449.553,38469.544,114260,498186,71925760,27025408,49800,0,2026-08-01T16:29:27.912270Z
C1,339,saturated,,false,1340.000,1.765,2.480,2.796,38254.809,38484.507,38505.046,116932,499546,72220672,27082752,49780,0,2026-08-01T16:29:27.912270Z
C1,340,saturated,,false,1221.000,1.770,2.477,33.336,38294.462,38483.166,38511.962,119643,500866,72515584,27148288,49879,20,2026-08-01T16:29:27.912270Z
C1,341,saturated,,false,1340.000,1.607,2.296,2.725,38368.502,38587.659,38614.346,122111,502186,72794112,27197440,49800,0,2026-08-01T16:29:27.912270Z
C1,342,saturated,,false,1360.000,1.706,2.310,3.911,38338.449,38566.431,38591.510,124839,503447,73113600,27262976,49800,20,2026-08-01T16:29:27.912270Z
C1,343,saturated,,false,1300.000,1.877,2.819,3.124,38038.236,38257.396,38299.737,127538,505062,73392128,27320320,49820,0,2026-08-01T16:29:27.912270Z
C1,344,saturated,,false,1264.000,1.471,7.243,25.344,38041.007,38312.150,38353.214,130037,506127,73646080,27377664,49800,0,2026-08-01T16:29:27.912270Z
C1,345,saturated,,false,1340.000,1.727,2.460,2.749,38104.222,38318.761,38339.650,132707,507882,73940992,27443200,49802,13,2026-08-01T16:29:27.912270Z
C1,346,saturated,,false,1360.000,1.560,2.255,2.536,38084.287,38307.140,38324.600,135449,509224,74203136,27492352,49820,0,2026-08-01T16:29:27.912270Z
C1,347,saturated,,false,1402.000,1.512,2.181,2.487,38087.209,38308.023,38330.948,138189,510346,74473472,27590656,49797,0,2026-08-01T16:29:27.912270Z
C1,348,saturated,,false,1358.000,1.680,2.411,2.798,38044.460,38259.843,38284.294,141016,511726,74792960,27705344,49820,18,2026-08-01T16:29:27.912270Z
C1,349,saturated,,false,1300.000,1.659,3.142,9.056,37924.610,38150.010,38264.824,143681,512851,75071488,27803648,49820,20,2026-08-01T16:29:27.912270Z
C1,350,saturated,,false,1340.000,1.726,2.507,3.086,37700.327,37966.200,38000.744,146347,514151,75325440,27901952,49840,0,2026-08-01T16:29:27.912270Z
C1,351,saturated,,false,1340.000,1.886,2.747,3.296,37540.477,37752.797,37790.335,149037,515511,75620352,28016640,49820,18,2026-08-01T16:29:27.912270Z
C1,352,saturated,,false,1340.000,1.712,2.730,3.890,37484.388,37719.720,37764.053,151757,517086,75907072,28106752,49840,20,2026-08-01T16:29:27.912270Z
C1,353,saturated,,false,1300.000,1.840,3.014,5.773,37463.637,37683.907,37707.036,154387,518191,76210176,28213248,49860,0,2026-08-01T16:29:27.912270Z
C1,354,saturated,,false,978.000,2.075,20.040,28.338,37579.938,37874.737,37917.240,156815,519511,76414976,28295168,49861,188,2026-08-01T16:29:27.912270Z
C1,355,saturated,,false,1101.000,1.757,15.477,32.664,37941.373,38168.756,38196.582,348,521573,76627968,28377088,49840,132,2026-08-01T16:30:28.332202Z
C1,356,saturated,,false,1400.000,1.390,2.339,3.281,37977.233,38203.818,38226.271,3749,520792,76627968,28434432,49840,18,2026-08-01T16:30:28.332202Z
C1,357,saturated,,false,1382.000,1.666,2.488,3.781,37993.383,38218.217,38234.225,6525,522091,76627968,28491776,49840,18,2026-08-01T16:30:28.332202Z
C1,358,saturated,,false,1360.000,1.500,2.300,2.762,37910.898,38129.159,38195.603,9300,523464,76627968,28557312,49860,1,2026-08-01T16:30:28.332202Z
C1,359,saturated,,false,1320.000,1.781,2.712,3.285,37927.140,38143.999,38172.111,12021,524846,76627968,28622848,49880,0,2026-08-01T16:30:28.332202Z
C1,360,saturated,,false,1320.000,1.531,3.002,13.371,37983.726,38189.253,38205.011,14579,526226,76627968,28672000,49860,0,2026-08-01T16:30:28.332202Z
C1,361,saturated,,false,1385.000,1.634,2.535,6.013,37945.532,38169.741,38197.115,17380,527466,76627968,28737536,49880,0,2026-08-01T16:30:28.332202Z
C1,362,saturated,,false,1388.000,1.559,2.290,2.819,37895.276,38124.876,38195.523,20146,528886,76627968,28803072,49879,0,2026-08-01T16:30:28.332202Z
C1,363,saturated,,false,1259.000,1.673,4.230,18.064,37879.590,38125.761,38164.099,22900,530251,76627968,28860416,49880,0,2026-08-01T16:30:28.332202Z
C1,364,saturated,,false,1123.000,1.422,11.634,63.225,37977.174,38312.303,38342.306,25172,531886,76627968,28909568,49860,18,2026-08-01T16:30:28.332202Z
C1,365,saturated,,false,1400.000,1.525,2.248,2.593,38090.371,38314.753,38335.191,27783,532781,76627968,28975104,49888,9,2026-08-01T16:30:28.332202Z
C1,366,saturated,,false,1340.000,1.803,2.902,3.612,38084.614,38301.784,38329.076,30384,534061,76627968,29040640,49880,0,2026-08-01T16:30:28.332202Z
C1,367,saturated,,false,1380.000,1.541,2.235,2.543,37991.721,38264.308,38293.890,33104,535441,76627968,29106176,49900,0,2026-08-01T16:30:28.332202Z
C1,368,saturated,,false,1340.000,1.600,2.402,2.879,37841.210,38049.210,38082.801,35854,537036,76627968,29155328,49900,0,2026-08-01T16:30:28.332202Z
C1,369,saturated,,false,1173.000,1.575,5.194,36.886,37899.935,38127.034,38155.482,38414,538396,76627968,29220864,49895,17,2026-08-01T16:30:28.332202Z
C1,370,saturated,,false,1307.000,1.599,4.573,8.172,37964.026,38185.460,38206.624,40745,539756,76627968,29270016,49900,17,2026-08-01T16:30:28.332202Z
C1,371,saturated,,false,1302.000,1.665,3.648,18.047,38005.594,38219.331,38237.570,43367,540641,76627968,29335552,49900,20,2026-08-01T16:30:28.332202Z
C1,372,saturated,,false,1300.000,1.713,3.185,4.488,37945.428,38221.776,38252.764,46013,541942,76627968,29384704,49920,0,2026-08-01T16:30:28.332202Z
C1,373,saturated,,false,1322.000,1.747,3.634,5.699,37865.719,38096.616,38116.594,48668,543263,76627968,29450240,49920,3,2026-08-01T16:30:28.332202Z
C1,374,saturated,,false,965.000,1.927,14.690,39.600,37887.933,38237.607,38261.831,51122,544585,76627968,29499392,49941,20,2026-08-01T16:30:28.332202Z
C1,375,saturated,,false,1277.000,1.646,4.998,12.333,38226.400,38462.875,38489.300,53171,545809,76627968,29548544,49900,7,2026-08-01T16:30:28.332202Z
C1,376,saturated,,false,1360.000,1.570,2.375,3.326,38209.138,38430.129,38451.304,55873,547062,76890112,29614080,49920,0,2026-08-01T16:30:28.332202Z
C1,377,saturated,,false,1321.000,1.520,3.759,8.301,38221.795,38429.272,38456.951,58548,548167,77152256,29663232,49920,0,2026-08-01T16:30:28.332202Z
C1,378,saturated,,false,1322.000,1.537,3.721,6.242,38227.265,38443.241,38474.380,61221,549488,77365248,29728768,49920,13,2026-08-01T16:30:28.332202Z
C1,379,saturated,,false,1320.000,1.645,3.459,4.436,38163.356,38372.463,38402.357,63870,550830,77684736,29794304,49940,20,2026-08-01T16:30:28.332202Z
C1,380,saturated,,false,1381.000,1.652,2.501,5.887,38135.260,38362.873,38391.431,66600,552150,77955072,29843456,49940,0,2026-08-01T16:30:28.332202Z
C1,381,saturated,,false,1380.000,1.611,2.354,2.841,38123.024,38341.843,38363.165,69381,553531,78168064,29908992,49940,0,2026-08-01T16:30:28.332202Z
C1,382,saturated,,false,1401.000,1.442,2.392,4.284,38015.033,38272.307,38313.687,72196,554911,78479360,29974528,49958,0,2026-08-01T16:30:28.332202Z
C1,383,saturated,,false,1399.000,1.495,2.431,3.005,37965.053,38177.412,38209.543,75001,556331,78684160,30040064,49940,0,2026-08-01T16:30:28.332202Z
C1,384,saturated,,false,1230.000,1.453,8.776,22.941,37973.157,38258.048,38287.405,77587,557966,78962688,30089216,49960,0,2026-08-01T16:30:28.332202Z
C1,385,saturated,,false,1380.000,1.510,2.370,4.031,38020.995,38231.252,38259.448,80292,559209,79183872,30154752,49960,0,2026-08-01T16:30:28.332202Z
C1,386,saturated,,false,1382.000,1.590,2.297,2.775,38029.067,38256.170,38288.039,83055,560341,79470592,30220288,49960,21,2026-08-01T16:30:28.332202Z
C1,387,saturated,,false,1235.000,1.765,9.490,13.684,38095.273,38307.931,38339.861,85604,561723,79683584,30269440,49573,0,2026-08-01T16:30:28.332202Z
C1,388,saturated,,false,1320.000,1.667,3.211,4.860,38098.184,38326.836,38348.882,88221,562977,79953920,30334976,49970,13,2026-08-01T16:30:28.332202Z
C1,389,saturated,,false,1300.000,1.623,3.155,5.737,38115.956,38336.152,38349.115,90896,564809,80265216,30384128,49980,0,2026-08-01T16:30:28.332202Z
C1,390,saturated,,false,1269.000,1.930,3.717,13.754,38162.135,38380.775,38424.921,93444,565893,80519168,30449664,49320,0,2026-08-01T16:30:28.332202Z
C1,391,saturated,,false,1300.000,1.712,4.139,5.973,38205.039,38426.456,38455.677,96009,566887,80748544,30507008,49297,20,2026-08-01T16:30:28.332202Z
C1,392,saturated,,false,1341.000,1.559,3.434,8.520,38110.843,38383.025,38434.026,98697,568167,81068032,30564352,49300,19,2026-08-01T16:30:28.332202Z
C1,393,saturated,,false,1361.000,1.622,2.908,3.655,37799.573,38122.230,38168.239,101406,569508,81387520,30629888,49279,19,2026-08-01T16:30:28.332202Z
C1,394,saturated,,false,1093.000,1.757,11.641,27.352,37854.488,38097.486,38142.237,103806,570848,81657856,30679040,49388,8,2026-08-01T16:30:28.332202Z
C1,395,saturated,,false,1410.000,1.432,2.344,4.868,37918.104,38145.259,38164.020,106443,572305,81977344,30760960,49298,1,2026-08-01T16:30:28.332202Z
C1,396,saturated,,false,1321.000,1.847,2.899,4.398,37931.979,38149.828,38180.504,109148,573371,82305024,30851072,49320,22,2026-08-01T16:30:28.332202Z
C1,397,saturated,,false,1260.000,1.704,5.116,8.711,37986.574,38248.123,38282.128,110326,574713,82427904,30908416,49380,0,2026-08-01T16:30:28.332202Z
C1,398,saturated,,false,1320.000,1.693,3.536,5.283,37977.404,38204.360,38233.648,112886,576033,82731008,31014912,49360,0,2026-08-01T16:30:28.332202Z
C1,399,saturated,,false,1340.000,1.628,2.765,4.799,38002.885,38223.837,38255.250,115437,577333,83050496,31105024,49340,11,2026-08-01T16:30:28.332202Z
C1,400,saturated,,false,1300.000,1.876,2.505,2.883,38046.874,38268.635,38299.499,118230,578653,83369984,31211520,49374,20,2026-08-01T16:30:28.332202Z
C1,401,saturated,,false,1340.000,1.770,2.562,2.959,38097.305,38316.129,38347.103,120734,579987,83664896,31309824,49340,0,2026-08-01T16:30:28.332202Z
C1,402,saturated,,false,1320.000,1.759,2.547,2.930,37982.080,38230.712,38271.949,123128,581548,83968000,31408128,49360,17,2026-08-01T16:30:28.332202Z
C1,403,saturated,,false,1360.000,1.733,2.507,2.972,37887.988,38117.634,38146.557,125824,582633,84230144,31514624,49340,2,2026-08-01T16:30:28.332202Z
C1,404,saturated,,false,1262.000,1.459,5.437,19.772,37965.787,38205.723,38234.074,128522,583973,84533248,31612928,49320,3,2026-08-01T16:30:28.332202Z
C1,405,saturated,,false,1105.000,1.674,5.698,110.418,38030.811,38378.310,38410.311,131065,585215,84795392,31719424,49498,21,2026-08-01T16:30:28.332202Z
C1,406,saturated,,false,1360.000,1.595,2.889,3.498,38166.838,38390.218,38420.005,133355,586498,85032960,31809536,49380,0,2026-08-01T16:30:28.332202Z
C1,407,saturated,,false,1320.000,1.668,2.834,3.433,38188.568,38407.570,38425.211,136053,587740,85336064,31924224,49380,0,2026-08-01T16:30:28.332202Z
C1,408,saturated,,false,1271.000,1.585,2.792,44.888,38084.695,38316.704,38346.149,138729,589060,85606400,32014336,49400,0,2026-08-01T16:30:28.332202Z
C1,409,saturated,,false,1361.000,1.737,2.338,2.683,38055.866,38273.286,38302.844,141327,590351,85893120,32120832,49380,20,2026-08-01T16:30:28.332202Z
C1,410,saturated,,false,1337.000,1.829,2.723,3.591,38033.002,38244.838,38273.151,144046,591691,86179840,32219136,49414,6,2026-08-01T16:30:28.332202Z
C1,411,saturated,,false,1302.000,1.852,2.671,3.390,38036.447,38255.309,38285.195,146710,593046,86450176,32325632,49400,0,2026-08-01T16:30:28.332202Z
C1,412,saturated,,false,1320.000,1.797,2.525,3.035,37965.801,38240.999,38285.249,149342,594351,86761472,32432128,49400,20,2026-08-01T16:30:28.332202Z
C1,413,saturated,,false,1380.000,1.756,2.471,2.760,37689.379,37914.955,37942.560,152013,595671,87048192,32530432,49380,0,2026-08-01T16:30:28.332202Z
C1,414,saturated,,false,1111.000,1.610,13.832,25.779,37792.226,38019.759,38052.433,154737,597031,87310336,32620544,49490,0,2026-08-01T16:30:28.332202Z
C1,415,saturated,,false,1223.000,1.474,5.930,9.838,37881.885,38078.813,38105.440,157037,598252,87523328,32710656,49548,2249,2026-08-01T16:30:28.332202Z
C1,416,saturated,,false,943.000,1.726,8.649,12.342,38035.713,38416.789,38457.883,3265,600746,87564288,32768000,49720,20,2026-08-01T16:31:28.113729Z
C1,417,saturated,,false,1183.000,1.717,5.031,43.533,38307.427,38517.518,38545.074,5255,602123,87564288,32817152,49397,2,2026-08-01T16:31:28.113729Z
C1,418,saturated,,false,1360.000,1.608,2.396,2.720,38317.649,38543.313,38573.848,7652,602728,87564288,32866304,49400,22,2026-08-01T16:31:28.113729Z
C1,419,saturated,,false,1340.000,1.707,2.503,3.905,38334.918,38563.698,38587.723,10392,604091,87564288,32931840,49420,0,2026-08-01T16:31:28.113729Z
C1,420,saturated,,false,1263.000,1.652,4.701,7.898,38399.058,38630.506,38652.062,13042,605451,87564288,32997376,49439,9,2026-08-01T16:31:28.113729Z
C1,421,saturated,,false,1200.000,1.636,7.337,18.236,38551.369,38791.940,38833.526,15597,605451,87564288,33046528,49420,2,2026-08-01T16:31:28.113729Z
C1,422,saturated,,false,1360.000,1.643,2.355,2.753,38604.390,38833.560,38849.445,18064,607354,87564288,33103872,49420,0,2026-08-01T16:31:28.113729Z
C1,423,saturated,,false,1328.000,1.698,2.645,3.940,38537.621,38751.117,38780.010,20777,609274,87564288,33161216,49412,2,2026-08-01T16:31:28.113729Z
C1,424,saturated,,false,1059.000,1.825,13.380,39.918,38729.674,38983.393,39008.590,23417,610594,87564288,33218560,49437,21,2026-08-01T16:31:28.113729Z
C1,425,saturated,,false,1284.000,1.597,5.470,13.671,38827.556,39030.139,39078.823,25547,611678,87564288,33275904,49445,20,2026-08-01T16:31:28.113729Z
C1,426,saturated,,false,1320.000,1.644,4.030,6.489,38832.227,39053.328,39096.480,28159,612963,87564288,33325056,49460,0,2026-08-01T16:31:28.113729Z
C1,427,saturated,,false,1380.000,1.427,3.025,4.696,38764.687,38993.368,39023.909,30824,614305,87564288,33390592,49400,15,2026-08-01T16:31:28.113729Z
C1,428,saturated,,false,1340.000,1.690,2.478,2.796,38736.526,38951.004,38978.216,33598,615625,87564288,33456128,49420,19,2026-08-01T16:31:28.113729Z
C1,429,saturated,,false,1340.000,1.736,2.732,3.084,38673.518,38889.550,38922.421,36299,616985,87564288,33505280,49452,0,2026-08-01T16:31:28.113729Z
C1,430,saturated,,false,1340.000,1.746,2.528,2.824,38632.663,38856.662,38876.402,38976,618345,87564288,33570816,49420,20,2026-08-01T16:31:28.113729Z
C1,431,saturated,,false,1360.000,1.694,2.492,3.508,38616.052,38836.482,38859.280,41704,619665,87564288,33636352,49440,0,2026-08-01T16:31:28.113729Z
C1,432,saturated,,false,1341.000,1.736,2.710,3.170,38604.174,38837.567,38864.108,44438,621045,87564288,33685504,49460,2,2026-08-01T16:31:28.113729Z
C1,433,saturated,,false,1320.000,1.804,2.556,2.871,38483.673,38693.823,38716.387,46998,622661,87564288,33751040,49480,0,2026-08-01T16:31:28.113729Z
C1,434,saturated,,false,1185.000,1.737,9.047,14.539,38603.188,38861.133,38891.148,49720,624001,87564288,33808384,49422,19,2026-08-01T16:31:28.113729Z
C1,435,saturated,,false,1334.000,1.666,2.738,3.073,38607.288,38835.817,38857.279,52163,625384,87564288,33865728,49446,0,2026-08-01T16:31:28.113729Z
C1,436,saturated,,false,1367.000,1.526,2.591,3.968,38579.552,38798.917,38833.589,54860,626486,87564288,33931264,49440,20,2026-08-01T16:31:28.113729Z
C1,437,saturated,,false,1365.000,1.418,2.224,13.798,38509.582,38739.714,38767.829,57653,627847,87834624,33988608,49475,0,2026-08-01T16:31:28.113729Z
C1,438,saturated,,false,1377.000,1.672,2.366,2.716,38484.022,38702.297,38724.321,60403,628994,88080384,34045952,49480,0,2026-08-01T16:31:28.113729Z
C1,439,saturated,,false,1400.000,1.552,2.312,2.766,38437.590,38666.549,38696.941,63162,630629,88317952,34111488,49460,19,2026-08-01T16:31:28.113729Z
C1,440,saturated,,false,1380.000,1.627,2.286,2.523,38384.434,38606.158,38634.760,65980,631754,88612864,34177024,49480,0,2026-08-01T16:31:28.113729Z
C1,441,saturated,,false,1160.000,1.491,5.251,21.459,38468.308,38711.372,38740.235,68651,633154,88834048,34226176,49480,0,2026-08-01T16:31:28.113729Z
C1,442,saturated,,false,1380.000,1.548,2.244,2.742,38500.587,38724.903,38742.196,71104,634314,89071616,34291712,49460,0,2026-08-01T16:31:28.113729Z
C1,443,saturated,,false,1380.000,1.568,2.377,3.278,38351.805,38626.813,38653.199,73898,635674,89325568,34349056,49480,0,2026-08-01T16:31:28.113729Z
C1,444,saturated,,false,1201.000,1.386,4.438,64.987,38296.316,38551.690,38578.059,76487,637074,89563136,34406400,49480,12,2026-08-01T16:31:28.113729Z
C1,445,saturated,,false,1320.000,1.756,2.720,3.328,38336.495,38564.103,38581.858,78971,638275,89808896,34463744,49539,39,2026-08-01T16:31:28.113729Z
C1,446,saturated,,false,1340.000,1.598,2.657,3.592,38337.352,38559.343,38587.436,81618,639654,90087424,34521088,49520,0,2026-08-01T16:31:28.113729Z
C1,447,saturated,,false,940.000,1.656,12.314,127.028,38413.866,38803.624,38835.107,84258,640975,90349568,34578432,49702,18,2026-08-01T16:31:28.113729Z
C1,448,saturated,,false,1321.000,1.614,3.956,7.882,38617.858,38843.902,38872.350,86214,642097,90537984,34619392,49520,0,2026-08-01T16:31:28.113729Z
C1,449,saturated,,false,1293.000,1.526,6.192,16.629,38665.150,38887.747,38929.124,88815,643236,90800128,34693120,49505,21,2026-08-01T16:31:28.113729Z
C1,450,saturated,,false,1343.000,1.578,2.908,4.100,38620.917,38844.283,38872.117,91480,645209,91054080,34750464,49520,0,2026-08-01T16:31:28.113729Z
C1,451,saturated,,false,1340.000,1.702,2.642,3.121,38613.806,38839.495,38854.655,94182,646383,91332608,34807808,49538,20,2026-08-01T16:31:28.113729Z
C1,452,saturated,,false,1340.000,1.698,2.486,3.125,38629.124,38846.456,38874.842,96888,647212,91578368,34873344,49540,0,2026-08-01T16:31:28.113729Z
C1,453,saturated,,false,1340.000,1.726,2.536,2.918,38491.812,38733.476,38775.832,99591,648572,91848704,34930688,49540,20,2026-08-01T16:31:28.113729Z
C1,454,saturated,,false,1234.000,1.500,8.964,20.170,38495.793,38688.596,38717.908,102205,649912,92143616,34988032,49539,0,2026-08-01T16:31:28.113729Z
C1,455,saturated,,false,1360.000,1.699,2.435,2.924,38187.711,38561.370,38604.099,104785,651400,92463104,35053568,49540,0,2026-08-01T16:31:28.113729Z
C1,456,saturated,,false,1320.000,1.769,2.808,3.836,38034.891,38257.222,38285.218,107497,652506,92790784,35102720,49540,20,2026-08-01T16:31:28.113729Z
C1,457,saturated,,false,1360.000,1.645,2.562,3.206,38051.549,38273.181,38287.535,110162,653826,93118464,35168256,49540,22,2026-08-01T16:31:28.113729Z
C1,458,saturated,,false,1382.000,1.599,2.392,6.061,37976.418,38194.487,38222.073,112922,655186,93429760,35233792,49540,0,2026-08-01T16:31:28.113729Z
C1,459,saturated,,false,1360.000,1.683,2.661,5.237,37861.406,38104.408,38146.821,115710,656568,93749248,35291136,49560,1,2026-08-01T16:31:28.113729Z
C1,460,saturated,,false,1280.000,1.738,3.992,21.320,37861.852,38088.336,38116.087,118375,657948,94052352,35348480,49580,0,2026-08-01T16:31:28.113729Z
C1,461,saturated,,false,1340.000,1.784,2.465,2.846,37873.982,38102.376,38125.375,120984,659248,94339072,35414016,49541,19,2026-08-01T16:31:28.113729Z
C1,462,saturated,,false,1340.000,1.839,2.575,2.942,37759.082,38058.164,38099.851,123704,660804,94609408,35471360,49580,0,2026-08-01T16:31:28.113729Z
C1,463,saturated,,false,1162.000,1.676,9.780,21.318,37686.385,37961.751,38004.981,126206,662439,94920704,35528704,49580,0,2026-08-01T16:31:28.113729Z
C1,464,saturated,,false,1157.000,1.739,9.035,20.140,37825.817,38111.816,38145.687,128567,663090,95174656,35577856,49557,5,2026-08-01T16:31:28.113729Z
C1,465,saturated,,false,1380.000,1.519,2.261,4.358,37868.173,38097.824,38116.544,131072,664479,95453184,35635200,49540,0,2026-08-01T16:31:28.113729Z
C1,466,saturated,,false,1340.000,1.720,2.959,3.452,37854.919,38074.934,38104.276,133873,665842,95698944,35692544,49600,0,2026-08-01T16:31:28.113729Z
C1,467,saturated,,false,1380.000,1.593,2.523,3.045,37856.513,38077.880,38102.320,136575,666987,96010240,35774464,49580,0,2026-08-01T16:31:28.113729Z
C1,468,saturated,,false,1300.000,1.848,2.681,3.276,37849.791,38067.976,38098.982,139336,668347,96305152,35880960,49580,1,2026-08-01T16:31:28.113729Z
C1,469,saturated,,false,1340.000,1.775,2.447,2.708,37871.475,38101.807,38123.031,142011,669647,96567296,35979264,49600,0,2026-08-01T16:31:28.113729Z
C1,470,saturated,,false,1300.000,1.843,2.617,3.105,37900.697,38119.399,38157.653,144538,671007,96854016,36085760,49600,2,2026-08-01T16:31:28.113729Z
C1,471,saturated,,false,1341.000,1.812,2.626,2.973,37912.701,38143.173,38157.917,147199,672307,97148928,36184064,49600,28,2026-08-01T16:31:28.113729Z
C1,472,saturated,,false,1320.000,1.835,2.573,2.923,37824.241,38079.440,38121.817,150036,673903,97419264,36282368,49620,20,2026-08-01T16:31:28.113729Z
C1,473,saturated,,false,1340.000,1.850,2.715,3.056,37783.572,38009.938,38038.741,152548,674988,97714176,36388864,49600,20,2026-08-01T16:31:28.113729Z
C1,474,saturated,,false,1172.000,1.489,15.019,27.626,37880.529,38120.020,38173.530,155094,676308,97968128,36470784,49613,19,2026-08-01T16:31:28.113729Z
C1,475,saturated,,false,1360.000,1.531,2.210,2.453,37956.390,38172.047,38193.666,2104,676864,98189312,36569088,49620,0,2026-08-01T16:32:27.909878Z
C1,476,saturated,,false,1342.000,1.454,2.507,3.872,37955.106,38172.831,38202.031,4833,677975,98189312,36618240,49619,35,2026-08-01T16:32:27.909878Z
C1,477,saturated,,false,1338.000,1.716,2.724,3.342,37987.090,38208.718,38229.238,7019,677975,98189312,36683776,49640,0,2026-08-01T16:32:27.909878Z
C1,478,saturated,,false,1360.000,1.648,2.372,2.881,38024.302,38242.203,38268.676,9729,679740,98189312,36749312,49620,20,2026-08-01T16:32:27.909878Z
C1,479,saturated,,false,1287.000,1.882,2.897,3.502,37991.693,38248.762,38294.542,12410,681080,98189312,36798464,49639,20,2026-08-01T16:32:27.909878Z
C1,480,saturated,,false,1353.000,1.695,2.516,4.120,37924.971,38155.212,38182.388,15049,682420,98189312,36864000,49620,20,2026-08-01T16:32:27.909878Z
C1,481,saturated,,false,1321.000,1.779,2.636,4.557,37975.348,38193.049,38213.883,17732,683740,98189312,36929536,49640,20,2026-08-01T16:32:27.909878Z
C1,482,saturated,,false,1380.000,1.681,2.504,3.159,37923.589,38195.384,38223.763,20434,685080,98189312,36978688,49640,0,2026-08-01T16:32:27.909878Z
C1,483,saturated,,false,1320.000,1.700,2.636,5.750,37886.333,38106.284,38122.771,23167,686421,98189312,37044224,49660,0,2026-08-01T16:32:27.909878Z
C1,484,saturated,,false,1143.000,1.631,11.745,34.439,37995.954,38229.776,38260.712,25670,687801,98189312,37101568,49640,6,2026-08-01T16:32:27.909878Z
C1,485,saturated,,false,1340.000,1.618,3.286,4.335,37883.087,38210.524,38240.428,28135,689375,98189312,37158912,49640,0,2026-08-01T16:32:27.909878Z
C1,486,saturated,,false,1303.000,1.502,3.780,12.969,37707.115,37950.984,37967.656,30761,690264,98189312,37208064,49660,0,2026-08-01T16:32:27.909878Z
C1,487,saturated,,false,1340.000,1.778,2.593,3.198,37700.997,37873.179,37901.064,33474,691604,98189312,37273600,49680,0,2026-08-01T16:32:27.909878Z
C1,488,saturated,,false,1362.000,1.691,2.639,3.047,37683.166,37909.467,37935.198,36183,692927,98189312,37339136,49660,0,2026-08-01T16:32:27.909878Z
C1,489,saturated,,false,1340.000,1.796,2.700,3.707,37670.101,37890.064,37918.581,38881,694267,98189312,37388288,49660,8,2026-08-01T16:32:27.909878Z
C1,490,saturated,,false,1360.000,1.677,2.427,3.570,37671.742,37894.115,37909.195,41594,695864,98189312,37462016,49660,0,2026-08-01T16:32:27.909878Z
C1,491,saturated,,false,1340.000,1.779,2.371,2.739,37654.534,37876.318,37893.249,44332,696969,98189312,37527552,49680,0,2026-08-01T16:32:27.909878Z
C1,492,saturated,,false,1376.000,1.606,2.391,2.707,37623.100,37842.963,37888.449,47029,698329,98189312,37584896,49662,2,2026-08-01T16:32:27.909878Z
C1,493,saturated,,false,1307.000,1.804,3.960,5.275,37570.750,37790.067,37834.316,49752,699669,98189312,37642240,49680,5,2026-08-01T16:32:27.909878Z
C1,494,saturated,,false,843.000,1.705,38.486,156.888,37818.170,38167.609,38193.588,51942,701049,98189312,37691392,49660,0,2026-08-01T16:32:27.909878Z
C1,495,saturated,,false,1381.000,1.549,2.684,5.121,37936.259,38153.001,38176.954,54201,702272,98631680,37740544,49687,0,2026-08-01T16:32:27.909878Z
C1,496,saturated,,false,1280.000,1.591,2.879,6.384,37981.612,38196.002,38224.973,56879,703236,98631680,37806080,49700,0,2026-08-01T16:32:27.909878Z
C1,497,saturated,,false,1062.000,1.586,17.072,63.717,38125.206,38338.194,38366.812,59295,704596,98828288,37855232,49684,16,2026-08-01T16:32:27.909878Z
C1,498,saturated,,false,1380.000,1.372,3.383,7.289,38227.195,38442.856,38471.712,61696,705796,99049472,37904384,49680,0,2026-08-01T16:32:27.909878Z
C1,499,saturated,,false,1360.000,1.649,2.630,3.473,38153.599,38381.076,38400.634,64466,706938,99344384,37969920,49700,0,2026-08-01T16:32:27.909878Z
C1,500,saturated,,false,1380.000,1.532,2.219,2.517,38116.626,38336.104,38365.747,67247,708338,99549184,38035456,49720,0,2026-08-01T16:32:27.909878Z
C1,501,saturated,,false,1360.000,1.691,2.344,2.623,38068.640,38314.846,38343.267,70024,709718,99835904,38100992,49720,0,2026-08-01T16:32:27.909878Z
C1,502,saturated,,false,1340.000,1.680,2.578,3.326,37892.924,38158.062,38188.315,72726,711098,100089856,38150144,49720,0,2026-08-01T16:32:27.909878Z
C1,503,saturated,,false,1340.000,1.699,2.564,3.444,37822.772,38050.895,38073.429,75423,712693,100343808,38215680,49720,0,2026-08-01T16:32:27.909878Z
C1,504,saturated,,false,1076.000,1.693,15.401,25.812,38006.399,38225.457,38257.097,77847,713798,100589568,38273024,49740,0,2026-08-01T16:32:27.909878Z
C1,505,saturated,,false,1025.000,1.819,16.754,35.726,38114.632,38340.537,38366.283,80137,715098,100777984,38322176,49798,20,2026-08-01T16:32:27.909878Z
C1,506,saturated,,false,1380.000,1.514,2.871,5.968,38309.232,38537.335,38557.333,82422,716638,101031936,38371328,49720,0,2026-08-01T16:32:27.909878Z
C1,507,saturated,,false,1308.000,1.536,4.583,8.557,38251.820,38487.521,38527.412,85141,717939,101277696,38428672,49740,0,2026-08-01T16:32:27.909878Z
C1,508,saturated,,false,1300.000,1.592,3.044,4.800,38285.389,38501.661,38518.326,87830,719522,101531648,38494208,49800,18,2026-08-01T16:32:27.909878Z
C1,509,saturated,,false,1340.000,1.713,2.845,3.632,38267.413,38491.938,38507.279,90476,720627,101810176,38551552,49771,9,2026-08-01T16:32:27.909878Z
C1,510,saturated,,false,1360.000,1.726,2.508,2.923,38286.302,38501.819,38531.745,93133,722449,102088704,38608896,49740,0,2026-08-01T16:32:27.909878Z
C1,511,saturated,,false,1181.000,1.631,5.656,7.405,38342.075,38581.553,38610.001,95672,723267,102318080,38666240,49779,16,2026-08-01T16:32:27.909878Z
C1,512,saturated,,false,1301.000,1.598,5.121,14.373,38416.792,38639.278,38654.172,98158,723267,102580224,38723584,49760,0,2026-08-01T16:32:27.909878Z
C1,513,saturated,,false,1380.000,1.646,2.595,4.567,38261.676,38492.429,38509.054,100874,725109,102866944,38789120,49740,21,2026-08-01T16:32:27.909878Z
C1,514,saturated,,false,1007.000,1.905,21.345,34.080,38449.285,38720.019,38750.616,103261,726469,103170048,38838272,49779,0,2026-08-01T16:32:27.909878Z
C1,515,saturated,,false,1338.000,1.557,5.605,8.139,38516.324,38744.339,38758.917,105649,727809,103456768,38887424,49760,0,2026-08-01T16:32:27.909878Z
C1,516,saturated,,false,1341.000,1.638,3.008,7.474,38547.457,38772.757,38788.907,107925,729365,103759872,38952960,49760,21,2026-08-01T16:32:27.909878Z
C1,517,saturated,,false,1320.000,1.846,2.839,5.203,38547.321,38767.653,38785.068,110745,730410,104087552,39002112,49760,21,2026-08-01T16:32:27.909878Z
C1,518,saturated,,false,1320.000,1.844,2.828,3.658,38537.771,38759.041,38785.465,113136,731770,104374272,39067648,49780,2,2026-08-01T16:32:27.909878Z
C1,519,saturated,,false,1329.000,1.725,4.298,6.343,38543.467,38760.515,38778.077,115806,733090,104677376,39157760,49798,0,2026-08-01T16:32:27.909878Z
C1,520,saturated,,false,1331.000,1.716,4.563,9.802,38544.881,38765.298,38779.076,118475,734155,104972288,39247872,49780,0,2026-08-01T16:32:27.909878Z
C1,521,saturated,,false,1360.000,1.657,2.444,2.903,38561.488,38789.227,38803.446,121149,735730,105291776,39354368,49780,0,2026-08-01T16:32:27.909878Z
C1,522,saturated,,false,1380.000,1.705,2.537,3.035,38558.038,38777.237,38791.405,123762,737090,105594880,39460864,49780,19,2026-08-01T16:32:27.909878Z
C1,523,saturated,,false,1320.000,1.755,3.203,4.042,38376.583,38604.360,38756.668,126527,738195,105873408,39575552,49800,20,2026-08-01T16:32:27.909878Z
C1,524,saturated,,false,1135.000,1.916,15.036,27.193,38467.372,38684.703,38714.620,129167,739575,106127360,39673856,49800,18,2026-08-01T16:32:27.909878Z
C1,525,saturated,,false,1321.000,1.592,2.604,5.636,38534.110,38749.481,38771.935,131576,740915,106397696,39763968,49814,6,2026-08-01T16:32:27.909878Z
C1,526,saturated,,false,1379.000,1.713,2.396,2.763,38520.341,38746.171,38761.727,134164,742010,106700800,39870464,49800,19,2026-08-01T16:32:27.909878Z
C1,527,saturated,,false,1420.000,1.508,2.270,2.767,38474.848,38692.835,38738.386,136935,743382,106962944,39976960,49780,0,2026-08-01T16:32:27.909878Z
C1,528,saturated,,false,1360.000,1.743,2.401,2.769,38430.057,38666.938,38683.957,139746,744770,107241472,40083456,49800,0,2026-08-01T16:32:27.909878Z
C1,529,saturated,,false,1340.000,1.754,2.542,10.253,38444.869,38669.803,38689.362,142476,746170,107528192,40181760,49820,0,2026-08-01T16:32:27.909878Z
C1,530,saturated,,false,1341.000,1.816,2.504,2.744,38449.539,38665.127,38688.826,145184,747530,107831296,40288256,49820,19,2026-08-01T16:32:27.909878Z
C1,531,saturated,,false,1347.000,1.766,3.331,4.177,38469.566,38688.095,38718.016,147869,748871,108118016,40386560,49820,20,2026-08-01T16:32:27.909878Z
C1,532,saturated,,false,839.000,1.684,3.763,285.974,38534.156,39024.031,39053.420,150180,750466,108339200,40476672,49840,0,2026-08-01T16:32:27.909878Z
C1,533,saturated,,false,1320.000,2.009,3.103,3.909,38601.795,38839.496,38872.790,152307,751757,108576768,40558592,49820,8,2026-08-01T16:32:27.909878Z
C1,534,saturated,,false,1082.000,1.937,17.588,29.526,38535.254,38864.863,38891.821,154753,752652,108822528,40656896,49858,298,2026-08-01T16:32:27.909878Z
C1,535,saturated,,false,1204.000,1.458,8.671,20.474,38743.205,38979.605,39010.362,857,751032,108994560,40738816,49838,320,2026-08-01T16:33:28.238435Z
C1,536,saturated,,false,1320.000,1.715,2.812,4.049,38588.619,38862.850,38891.828,3740,754527,108994560,40796160,49841,19,2026-08-01T16:33:28.238435Z
C1,537,saturated,,false,1342.000,1.637,2.572,3.108,38561.179,38780.146,38827.754,6373,755652,108994560,40861696,49835,0,2026-08-01T16:33:28.238435Z
C1,538,saturated,,false,1318.000,1.494,3.549,5.795,38592.566,38811.593,38849.673,9069,757167,108994560,40927232,49840,0,2026-08-01T16:33:28.238435Z
C1,539,saturated,,false,1340.000,1.558,2.784,4.276,38641.921,38876.283,38904.620,11714,758272,108994560,40976384,49840,0,2026-08-01T16:33:28.238435Z
C1,540,saturated,,false,1339.000,1.619,2.555,14.087,38648.148,38870.010,38889.164,14448,759827,108994560,41041920,49850,0,2026-08-01T16:33:28.238435Z
C1,541,saturated,,false,1352.000,1.713,2.571,2.842,38647.196,38870.869,38886.010,17014,760945,108994560,41107456,49840,18,2026-08-01T16:33:28.238435Z
C1,542,saturated,,false,1342.000,1.626,2.497,2.988,38635.170,38854.494,38876.967,19740,762281,108994560,41156608,49860,0,2026-08-01T16:33:28.238435Z
C1,543,saturated,,false,1302.000,1.861,2.667,3.265,38516.894,38809.218,38854.772,22415,763655,108994560,41222144,49860,24,2026-08-01T16:33:28.238435Z
C1,544,saturated,,false,1134.000,1.443,10.977,25.587,38423.648,38614.251,38646.783,24849,764986,108994560,41271296,49860,0,2026-08-01T16:33:28.238435Z
C1,545,saturated,,false,1102.000,1.608,8.196,24.144,38435.564,38668.797,38681.947,27180,766501,108994560,41328640,49859,2,2026-08-01T16:33:28.238435Z
C1,546,saturated,,false,1423.000,1.340,3.156,4.507,38576.787,38805.651,38839.995,29608,767380,108994560,41385984,49860,12,2026-08-01T16:33:28.238435Z
C1,547,saturated,,false,1338.000,1.418,4.723,7.810,38546.436,38764.789,38790.108,32398,768583,108994560,41443328,49868,0,2026-08-01T16:33:28.238435Z
C1,548,saturated,,false,1380.000,1.489,3.378,6.211,38509.432,38716.152,38738.650,35116,770440,108994560,41500672,49878,0,2026-08-01T16:33:28.238435Z
C1,549,saturated,,false,1265.000,1.662,4.785,9.783,38446.959,38727.753,38761.476,37793,771577,108994560,41566208,49880,0,2026-08-01T16:33:28.238435Z
C1,550,saturated,,false,1239.000,1.602,4.008,27.430,38484.119,38714.625,38747.130,40315,772864,108994560,41615360,49880,0,2026-08-01T16:33:28.238435Z
C1,551,saturated,,false,1305.000,1.739,3.759,4.628,38466.227,38679.207,38698.688,42723,774421,108994560,41680896,49900,19,2026-08-01T16:33:28.238435Z
C1,552,saturated,,false,1360.000,1.644,3.875,5.747,38506.226,38731.070,38751.723,45354,775193,108994560,41738240,49880,0,2026-08-01T16:33:28.238435Z
C1,553,saturated,,false,1203.000,1.571,8.472,16.669,38395.899,38723.720,38789.121,47957,777004,108994560,41795584,49900,0,2026-08-01T16:33:28.238435Z
C1,554,saturated,,false,1109.000,1.852,12.133,26.889,38455.142,38727.337,38759.898,50325,778416,108994560,41844736,49880,0,2026-08-01T16:33:28.238435Z
C1,555,saturated,,false,1321.000,1.315,2.987,9.052,38499.365,38738.070,38767.731,52747,779216,108994560,41910272,49900,0,2026-08-01T16:33:28.238435Z
C1,556,saturated,,false,1151.000,1.858,10.839,27.469,38583.020,38829.764,38861.028,55056,780716,108994560,41959424,49900,18,2026-08-01T16:33:28.238435Z
C1,557,saturated,,false,1280.000,1.602,3.951,16.307,38692.052,38925.589,38954.023,57640,781450,109314048,42008576,49900,0,2026-08-01T16:33:28.238435Z
C1,558,saturated,,false,1341.000,1.573,3.081,5.688,38703.236,38916.419,38933.423,60159,783277,109592576,42074112,49920,0,2026-08-01T16:33:28.238435Z
C1,559,saturated,,false,1281.000,1.666,5.153,13.625,38662.466,38917.808,38947.314,62727,784638,109871104,42131456,49920,20,2026-08-01T16:33:28.238435Z
C1,560,saturated,,false,1203.000,1.858,7.580,11.675,38820.021,39068.120,39092.751,65226,785919,110051328,42188800,49881,19,2026-08-01T16:33:28.238435Z
C1,561,saturated,,false,1359.000,1.669,3.367,4.855,38845.977,39070.477,39097.406,67736,787338,110321664,42237952,49900,0,2026-08-01T16:33:28.238435Z
C1,562,saturated,,false,1301.000,1.654,3.482,9.574,38852.394,39079.391,39107.805,70466,788462,110551040,42303488,49920,20,2026-08-01T16:33:28.238435Z
C1,563,saturated,,false,1330.000,1.600,4.165,7.481,38812.157,39080.502,39121.567,73087,790037,110845952,42369024,49920,0,2026-08-01T16:33:28.238435Z
C1,564,saturated,,false,1134.000,1.540,17.146,56.859,38831.603,39078.095,39108.998,75665,791112,111067136,42418176,49934,0,2026-08-01T16:33:28.238435Z
C1,565,saturated,,false,1341.000,1.578,3.213,5.994,38874.186,39094.855,39122.126,78075,791112,111312896,42467328,49920,21,2026-08-01T16:33:28.238435Z
C1,566,saturated,,false,1330.000,1.598,3.680,5.545,38913.916,39129.682,39157.483,80733,792947,111583232,42532864,49918,2,2026-08-01T16:33:28.238435Z
C1,567,saturated,,false,1064.000,1.596,6.955,77.123,38924.939,39189.848,39218.355,82748,794917,111706112,42565632,49507,17,2026-08-01T16:33:28.238435Z
C1,568,saturated,,false,1044.000,2.001,5.959,58.338,39405.392,39591.963,39609.571,85042,795561,112001024,42631168,49940,19,2026-08-01T16:33:28.238435Z
C1,569,saturated,,false,1340.000,1.689,2.969,8.287,39396.325,39623.031,39651.928,87480,797045,112271360,42688512,49960,0,2026-08-01T16:33:28.238435Z
C1,570,saturated,,false,1340.000,1.736,2.579,3.299,39393.042,39620.932,39640.200,90168,798405,112525312,42745856,49946,17,2026-08-01T16:33:28.238435Z
C1,571,saturated,,false,1340.000,1.688,2.405,2.900,39227.660,39626.034,39642.112,92873,799731,112771072,42811392,49960,0,2026-08-01T16:33:28.238435Z
C1,572,saturated,,false,1380.000,1.536,2.289,3.284,39019.974,39248.787,39279.044,95597,801085,113057792,42868736,49960,19,2026-08-01T16:33:28.238435Z
C1,573,saturated,,false,1380.000,1.637,2.455,2.726,38912.442,39178.837,39219.952,98371,802465,113311744,42926080,49791,0,2026-08-01T16:33:28.238435Z
C1,574,saturated,,false,1229.000,1.524,9.212,21.024,38752.213,38965.753,39009.644,101079,803845,113590272,42991616,49980,0,2026-08-01T16:33:28.238435Z
C1,575,saturated,,false,1320.000,1.566,2.558,5.894,38745.627,38957.148,39001.427,103207,803845,113762304,43032576,49360,0,2026-08-01T16:33:28.238435Z
C1,576,saturated,,false,1280.000,1.791,2.379,3.400,38794.411,39009.445,39039.154,106156,806689,114212864,43114496,49575,0,2026-08-01T16:33:28.238435Z
C1,577,saturated,,false,1360.000,1.639,2.339,2.684,38764.567,38988.706,39018.325,108874,807969,114540544,43180032,49320,10,2026-08-01T16:33:28.238435Z
C1,578,saturated,,false,1320.000,1.773,2.346,2.773,38754.514,38979.352,39010.303,111031,807969,114696192,43220992,49340,0,2026-08-01T16:33:28.238435Z
C1,579,saturated,,false,1366.000,1.642,2.462,3.255,38756.707,38983.193,39008.923,113717,809327,114999296,43327488,49335,0,2026-08-01T16:33:28.238435Z
C1,580,saturated,,false,1334.000,1.757,2.399,2.747,38755.002,38979.136,39000.119,116451,810649,115310592,43433984,49340,0,2026-08-01T16:33:28.238435Z
C1,581,saturated,,false,1081.000,1.607,13.896,43.541,38858.064,39057.167,39084.711,119139,811754,115597312,43532288,49599,20,2026-08-01T16:33:28.238435Z
C1,582,saturated,,false,1340.000,1.730,2.421,2.671,38968.342,39179.119,39204.868,121357,813094,115843072,43606016,49340,19,2026-08-01T16:33:28.238435Z
C1,583,saturated,,false,1380.000,1.625,2.389,3.184,38867.670,39141.595,39169.726,124017,814855,116121600,43704320,49322,13,2026-08-01T16:33:28.238435Z
C1,584,saturated,,false,1149.000,1.591,11.936,21.738,38774.705,38955.985,38978.494,126768,816216,116383744,43810816,49431,0,2026-08-01T16:33:28.238435Z
C1,585,saturated,,false,1322.000,1.551,2.742,16.677,38756.685,38994.021,39024.138,129117,817475,116637696,43900928,49340,0,2026-08-01T16:33:28.238435Z
C1,586,saturated,,false,1320.000,1.757,2.583,4.444,38786.117,39011.836,39044.113,131747,818706,116891648,44007424,49360,0,2026-08-01T16:33:28.238435Z
C1,587,saturated,,false,1360.000,1.619,2.501,2.785,38816.417,39043.972,39062.942,134410,820046,117178368,44105728,49340,0,2026-08-01T16:33:28.238435Z
C1,588,saturated,,false,1340.000,1.674,2.293,2.606,38765.524,38989.402,39006.864,136998,821386,117432320,44212224,49360,0,2026-08-01T16:33:28.238435Z
C1,589,saturated,,false,1380.000,1.600,2.267,2.665,38656.321,38886.897,38912.822,139855,822746,117735424,44318720,49340,0,2026-08-01T16:33:28.238435Z
C1,590,saturated,,false,1383.000,1.735,2.643,3.117,38629.159,38852.459,38889.124,142632,824106,118030336,44417024,49341,18,2026-08-01T16:33:28.238435Z
C1,591,saturated,,false,1383.000,1.557,2.385,2.708,38573.524,38783.932,38813.870,145470,825490,118308864,44523520,49380,20,2026-08-01T16:33:28.238435Z
C1,592,saturated,,false,1360.000,1.727,2.566,2.890,38486.064,38717.302,38738.886,148222,826912,118587392,44621824,49377,8,2026-08-01T16:33:28.238435Z
C1,593,saturated,,false,1402.000,1.644,2.343,2.701,38295.508,38559.310,38589.935,150921,828269,118865920,44736512,49322,9,2026-08-01T16:33:28.238435Z
C1,594,saturated,,false,1203.000,1.547,9.512,35.293,38297.509,38496.767,38526.280,153706,829616,119111680,44834816,49393,6,2026-08-01T16:33:28.238435Z
C1,595,saturated,,false,1380.000,1.442,2.645,3.080,38153.418,38368.889,38409.261,156171,830890,119398400,44941312,49360,1883,2026-08-01T16:33:28.238435Z
C1,596,saturated,,false,1380.000,1.401,2.255,2.772,38095.462,38317.470,38343.991,3757,832434,119496704,45023232,49380,0,2026-08-01T16:34:28.366294Z
C1,597,saturated,,false,1420.000,1.510,2.445,3.154,38074.744,38300.081,38326.259,6560,833834,119496704,45080576,49360,20,2026-08-01T16:34:28.366294Z
C1,598,saturated,,false,1361.000,1.645,2.560,10.049,37942.386,38182.953,38221.324,9406,835234,119496704,45146112,49399,0,2026-08-01T16:34:28.366294Z
C1,599,saturated,,false,1380.000,1.545,2.290,3.459,37834.152,38069.286,38085.017,12158,836634,119496704,45203456,49380,18,2026-08-01T16:34:28.366294Z
C1,600,saturated,,false,1340.000,1.713,2.864,3.600,37851.132,38076.189,38104.606,14778,837995,119496704,45268992,49388,12,2026-08-01T16:34:28.366294Z
C1,601,saturated,,false,1420.000,1.537,2.271,2.699,37808.970,38027.552,38069.635,17625,839343,119496704,45334528,49345,19,2026-08-01T16:34:28.366294Z
C1,602,saturated,,false,1320.000,1.792,2.539,2.941,37651.049,37817.803,37858.199,20150,840715,119496704,45383680,49420,20,2026-08-01T16:34:28.366294Z
C1,603,saturated,,false,1388.000,1.581,2.219,2.552,37606.373,37829.843,37858.668,23146,842115,119496704,45449216,49386,2,2026-08-01T16:34:28.366294Z
C1,604,saturated,,false,1234.000,1.537,11.520,17.370,37643.154,37867.666,37908.029,25892,843475,119496704,45514752,49400,10,2026-08-01T16:34:28.366294Z
C1,605,saturated,,false,1380.000,1.529,2.282,2.693,37430.713,37806.777,37853.732,28412,844972,119496704,45563904,49380,16,2026-08-01T16:34:28.366294Z
C1,606,saturated,,false,1420.000,1.540,2.136,2.511,37153.431,37368.585,37410.740,31208,846077,119496704,45629440,49386,4,2026-08-01T16:34:28.366294Z
C1,607,saturated,,false,1360.000,1.564,2.506,5.095,37134.306,37357.449,37374.491,34048,847503,119496704,45694976,49400,13,2026-08-01T16:34:28.366294Z
C1,608,saturated,,false,1380.000,1.687,2.539,2.908,37100.040,37322.746,37342.211,36798,848877,119496704,45760512,49401,19,2026-08-01T16:34:28.366294Z
C1,609,saturated,,false,1340.000,1.692,2.469,2.832,37102.860,37329.947,37346.242,39258,850258,119496704,45809664,49419,0,2026-08-01T16:34:28.366294Z
C1,610,saturated,,false,1380.000,1.723,2.455,2.787,37103.762,37326.112,37341.583,42007,851617,119496704,45875200,49438,0,2026-08-01T16:34:28.366294Z
C1,611,saturated,,false,1354.000,1.694,2.519,2.950,37080.336,37307.748,37351.274,44734,852997,119496704,45940736,49413,7,2026-08-01T16:34:28.366294Z
C1,612,saturated,,false,1408.000,1.583,2.283,2.639,37018.118,37234.195,37250.607,47236,854337,119496704,45998080,49440,0,2026-08-01T16:34:28.366294Z
C1,613,saturated,,false,1320.000,1.815,2.477,2.704,36956.606,37149.809,37174.483,50017,855779,119496704,46055424,49443,17,2026-08-01T16:34:28.366294Z
C1,614,saturated,,false,1168.000,1.518,17.483,25.076,37016.912,37304.118,37337.876,52715,857102,119496704,46120960,49455,18,2026-08-01T16:34:28.366294Z
C1,615,saturated,,false,1338.000,1.695,2.523,3.444,37087.564,37308.202,37325.156,55038,858282,119496704,46170112,49440,0,2026-08-01T16:34:28.366294Z
C1,616,saturated,,false,1362.000,1.590,2.406,2.847,37071.439,37286.650,37316.964,57747,859607,119791616,46243840,49440,20,2026-08-01T16:34:28.366294Z
C1,617,saturated,,false,1367.000,1.542,2.510,7.367,37072.998,37278.673,37301.778,60470,860967,120070144,46309376,49435,2,2026-08-01T16:34:28.366294Z
C1,618,saturated,,false,926.000,1.924,17.101,34.545,37084.817,37360.748,37418.020,63154,862327,120283136,46358528,49740,7,2026-08-01T16:34:28.366294Z
C1,619,saturated,,false,1261.000,1.730,7.879,13.621,37299.703,37470.286,37489.800,65123,863561,120537088,46407680,49460,0,2026-08-01T16:34:28.366294Z
C1,620,saturated,,false,1354.000,1.655,2.817,4.080,37221.706,37448.310,37464.625,67630,864541,120766464,46465024,49478,0,2026-08-01T16:34:28.366294Z
C1,621,saturated,,false,1309.000,1.786,2.621,8.388,37159.763,37445.333,37475.833,70327,866156,121012224,46522368,49488,18,2026-08-01T16:34:28.366294Z
C1,622,saturated,,false,1398.000,1.617,2.388,2.828,37092.860,37312.318,37341.699,73041,867231,121298944,46587904,49459,1,2026-08-01T16:34:28.366294Z
C1,623,saturated,,false,1341.000,1.543,2.488,2.954,37054.384,37271.292,37288.982,75805,868856,121536512,46645248,49478,0,2026-08-01T16:34:28.366294Z
C1,624,saturated,,false,1229.000,1.327,8.778,30.658,37123.682,37353.664,37383.467,78508,870217,121806848,46702592,49420,18,2026-08-01T16:34:28.366294Z
C1,625,saturated,,false,1340.000,1.579,2.966,4.520,37133.292,37347.854,37366.547,80987,871643,121995264,46759936,49520,0,2026-08-01T16:34:28.366294Z
C1,626,saturated,,false,1120.000,1.683,2.930,122.137,37136.077,37362.869,37430.401,83691,872572,122281984,46817280,49721,0,2026-08-01T16:34:28.366294Z
C1,627,saturated,,false,1304.000,1.659,7.175,22.087,37344.658,37585.881,37611.494,86015,874147,122527744,46866432,49500,20,2026-08-01T16:34:28.366294Z
C1,628,saturated,,false,1360.000,1.558,2.418,3.058,37385.166,37606.599,37626.385,88554,874976,122781696,46931968,49500,0,2026-08-01T16:34:28.366294Z
C1,629,saturated,,false,1240.000,1.693,6.134,11.431,37477.863,37701.498,37730.811,91165,876336,123052032,46981120,49500,20,2026-08-01T16:34:28.366294Z
C1,630,saturated,,false,1320.000,1.628,4.751,9.105,37526.974,37753.361,37781.282,93730,876336,123305984,47046656,49498,2,2026-08-01T16:34:28.366294Z
C1,631,saturated,,false,1320.000,1.794,2.573,3.106,37555.542,37778.676,37809.374,96408,878236,123559936,47112192,49500,5,2026-08-01T16:34:28.366294Z
C1,632,saturated,,false,1402.000,1.424,2.515,2.994,37462.754,37686.141,37709.593,99120,879570,123838464,47161344,49480,0,2026-08-01T16:34:28.366294Z
C1,633,saturated,,false,1320.000,1.822,2.743,3.035,37472.337,37695.814,37734.108,101895,880896,124133376,47226880,49520,0,2026-08-01T16:34:28.366294Z
C1,634,saturated,,false,1087.000,1.893,11.848,30.612,37655.044,37903.825,37931.751,104454,882298,124428288,47284224,49518,14,2026-08-01T16:34:28.366294Z
C1,635,saturated,,false,1339.000,1.629,2.460,2.984,37715.352,37941.076,37961.005,106681,883618,124723200,47341568,49520,20,2026-08-01T16:34:28.366294Z
C1,636,saturated,,false,1380.000,1.616,2.212,2.507,37772.064,37998.842,38014.464,109513,885384,125059072,47390720,49500,0,2026-08-01T16:34:28.366294Z
C1,637,saturated,,false,1360.000,1.604,2.289,4.436,37746.297,37962.529,37985.800,112151,886744,125378560,47456256,49520,20,2026-08-01T16:34:28.366294Z
C1,638,saturated,,false,1402.000,1.517,2.263,2.600,37746.702,37967.123,37995.720,114915,888124,125698048,47521792,49499,19,2026-08-01T16:34:28.366294Z
C1,639,saturated,,false,1340.000,1.745,2.317,2.672,37718.758,37947.273,37963.681,117830,889505,125992960,47603712,49540,21,2026-08-01T16:34:28.366294Z
C1,640,saturated,,false,1340.000,1.736,2.407,2.807,37757.222,37980.712,38004.849,120396,890886,126304256,47693824,49540,0,2026-08-01T16:34:28.366294Z
C1,641,saturated,,false,1360.000,1.720,2.377,2.802,37757.121,37992.958,38009.480,123083,892226,126590976,47800320,49520,0,2026-08-01T16:34:28.366294Z
C1,642,saturated,,false,1360.000,1.646,2.424,2.844,37725.220,37993.910,38025.886,125797,893566,126861312,47906816,49540,0,2026-08-01T16:34:28.366294Z
C1,643,saturated,,false,1381.000,1.612,2.379,3.170,37672.543,37896.275,37931.170,128547,894946,127148032,48013312,49520,3,2026-08-01T16:34:28.366294Z
C1,644,saturated,,false,1201.000,1.525,5.742,14.675,37733.809,38064.796,38105.352,131181,896561,127393792,48111616,49499,0,2026-08-01T16:34:28.366294Z
C1,645,saturated,,false,1380.000,1.599,2.420,2.717,37844.647,38066.539,38092.207,133790,897742,127647744,48209920,49519,0,2026-08-01T16:34:28.366294Z
C1,646,saturated,,false,1404.000,1.566,2.297,2.703,37823.772,38045.158,38061.593,136609,898888,127950848,48316416,49540,20,2026-08-01T16:34:28.366294Z
C1,647,saturated,,false,1380.000,1.647,2.200,2.687,37791.477,38024.393,38039.941,139428,900312,128245760,48414720,49560,0,2026-08-01T16:34:28.366294Z
C1,648,saturated,,false,1340.000,1.741,2.275,2.524,37795.980,38028.415,38043.438,142178,901712,128491520,48521216,49580,0,2026-08-01T16:34:28.366294Z
C1,649,saturated,,false,1120.000,1.531,16.205,55.917,37934.114,38188.843,38218.209,144581,903072,128770048,48619520,49560,0,2026-08-01T16:34:28.366294Z
C1,650,saturated,,false,1340.000,1.837,3.256,4.540,38022.267,38247.066,38280.110,147132,904172,129040384,48717824,49580,19,2026-08-01T16:34:28.366294Z
C1,651,saturated,,false,1305.000,1.927,2.973,5.511,38034.414,38265.432,38282.356,149821,905787,129286144,48816128,49602,19,2026-08-01T16:34:28.366294Z
C1,652,saturated,,false,1301.000,2.050,3.203,5.915,38015.415,38266.200,38312.166,152399,907114,129581056,48906240,49579,1,2026-08-01T16:34:28.366294Z
C1,653,saturated,,false,1300.000,1.915,2.861,3.641,37970.840,38184.458,38210.695,155028,908648,129892352,49004544,49600,0,2026-08-01T16:34:28.366294Z
C1,654,saturated,,false,1040.000,1.878,8.681,63.584,38126.906,38350.036,38378.794,157172,909458,130187264,49094656,49600,18,2026-08-01T16:34:28.366294Z
C1,655,saturated,,false,1440.000,1.375,1.982,2.330,38183.189,38408.803,38437.161,160100,910434,130523136,49209344,49579,0,2026-08-01T16:34:28.366294Z
C1,656,saturated,,false,1420.000,1.613,2.339,3.362,38073.088,38331.815,38376.607,162964,911854,130850816,49315840,49570,10,2026-08-01T16:34:28.366294Z
C1,657,saturated,,false,1400.000,1.481,2.154,2.461,37745.132,37989.789,38031.907,165769,913264,131162112,49438720,49580,0,2026-08-01T16:34:28.366294Z
C1,658,saturated,,false,1340.000,1.856,2.457,2.836,37693.918,37914.147,37937.063,168134,914674,131350528,49537024,49600,0,2026-08-01T16:34:28.366294Z
C1,659,saturated,,false,1320.000,1.789,2.506,2.819,37697.275,37918.287,37942.895,170845,916034,131670016,49635328,49620,0,2026-08-01T16:34:28.366294Z
C1,660,saturated,,false,1375.000,1.720,2.364,2.647,37714.591,37933.794,37962.348,173657,917374,131833856,49741824,49599,21,2026-08-01T16:34:28.366294Z
C1,661,saturated,,false,1365.000,1.659,2.425,2.925,37719.229,37938.832,37968.662,176267,918714,132145152,49848320,49620,0,2026-08-01T16:34:28.366294Z
C1,662,saturated,,false,1320.000,1.893,2.517,2.719,37633.078,37902.363,37946.355,178874,920114,132341760,49938432,49620,19,2026-08-01T16:34:28.366294Z
C1,663,saturated,,false,1341.000,1.779,2.618,4.724,37629.064,37852.846,37883.148,181567,921434,132628480,50053120,49640,20,2026-08-01T16:34:28.366294Z
C1,664,saturated,,false,1202.000,1.544,15.815,23.207,37636.393,37878.208,38006.472,184144,922794,132849664,50151424,49600,0,2026-08-01T16:34:28.366294Z
C1,665,saturated,,false,1380.000,1.603,2.430,2.817,37504.030,37733.798,37749.722,186675,923957,133095424,50249728,49640,21,2026-08-01T16:34:28.366294Z
C1,666,saturated,,false,1083.000,1.662,15.423,56.992,37598.572,37787.774,37812.070,189288,925377,133332992,50348032,49640,0,2026-08-01T16:34:28.366294Z
C1,667,saturated,,false,1380.000,1.541,2.226,2.638,37650.614,37856.560,37883.782,191663,926460,133545984,50438144,49640,12,2026-08-01T16:34:28.366294Z
C1,668,saturated,,false,1340.000,1.772,2.559,3.252,37595.331,37820.540,37839.198,194427,927840,133791744,50544640,49660,0,2026-08-01T16:34:28.366294Z
C1,669,saturated,,false,1351.000,1.517,2.462,8.408,37581.184,37816.783,37835.619,197103,929200,134029312,50642944,49640,0,2026-08-01T16:34:28.366294Z
C1,670,saturated,,false,1300.000,1.821,3.182,4.521,37615.062,37832.588,37849.726,199801,930531,134307840,50749440,49662,18,2026-08-01T16:34:28.366294Z
C1,671,saturated,,false,1360.000,1.776,2.555,3.356,37650.928,37869.197,37895.330,202440,931853,134537216,50847744,49643,20,2026-08-01T16:34:28.366294Z
C1,672,saturated,,false,1320.000,1.788,2.451,2.749,37441.638,37668.155,37869.121,204996,933191,134807552,50954240,49660,20,2026-08-01T16:34:28.366294Z
C1,673,saturated,,false,1288.000,1.899,2.840,3.616,37483.017,37700.071,37725.725,207775,934531,135045120,51060736,49678,14,2026-08-01T16:34:28.366294Z
C1,674,saturated,,false,1099.000,1.719,14.610,47.060,37604.225,37802.475,37832.637,210242,936086,135315456,51142656,49660,25,2026-08-01T16:34:28.366294Z
C1,675,saturated,,false,1360.000,1.478,3.121,11.815,37697.286,37906.404,37929.594,212631,937173,135520256,51224576,49660,0,2026-08-01T16:34:28.366294Z
C1,676,saturated,,false,1300.000,1.689,3.966,18.545,37759.979,37963.239,38007.215,215293,938278,135774208,51331072,49679,0,2026-08-01T16:34:28.366294Z
C1,677,saturated,,false,1341.000,1.793,2.556,3.083,37779.170,38000.388,38027.235,217958,940090,136011776,51437568,49682,0,2026-08-01T16:34:28.366294Z
C1,678,saturated,,false,1302.000,1.827,2.923,5.378,37794.538,38015.304,38042.850,220639,941450,136257536,51535872,49692,20,2026-08-01T16:34:28.366294Z
C1,679,saturated,,false,1328.000,1.948,2.817,3.159,37812.321,38034.875,38053.342,223280,942504,136536064,51642368,49675,18,2026-08-01T16:34:28.366294Z
C1,680,saturated,,false,1320.000,1.885,2.575,2.949,37847.541,38059.629,38089.574,225924,943809,136781824,51732480,49680,20,2026-08-01T16:34:28.366294Z
C1,681,saturated,,false,1292.000,2.007,2.931,4.040,37887.564,38119.466,38149.256,228567,945144,137035776,51838976,49699,20,2026-08-01T16:34:28.366294Z
C1,682,saturated,,false,1328.000,1.795,2.559,2.948,37869.258,38134.800,38165.495,231215,946189,137314304,51945472,49720,0,2026-08-01T16:34:28.366294Z
C1,683,saturated,,false,1340.000,1.825,2.936,8.059,37829.303,38062.170,38086.294,233892,947549,137592832,52035584,49700,0,2026-08-01T16:34:28.366294Z
C1,684,saturated,,false,1181.000,1.527,12.609,41.703,37980.549,38215.799,38258.600,236424,948869,137814016,52125696,49700,0,2026-08-01T16:34:28.366294Z
C1,685,saturated,,false,1320.000,1.848,2.670,2.966,38044.360,38273.599,38307.740,238937,950050,138076160,52224000,49700,0,2026-08-01T16:34:28.366294Z
C1,686,saturated,,false,1380.000,1.555,2.233,2.618,38055.718,38278.525,38294.965,241487,951370,138305536,52338688,49717,19,2026-08-01T16:34:28.366294Z
C1,687,saturated,,false,1340.000,1.738,3.062,5.160,37964.523,38253.737,38296.843,244243,952750,138575872,52436992,49700,8,2026-08-01T16:34:28.366294Z
C1,688,saturated,,false,1320.000,1.878,2.735,3.110,37873.761,38097.997,38128.727,246802,954090,138838016,52535296,49720,20,2026-08-01T16:34:28.366294Z
C1,689,saturated,,false,1042.000,1.856,19.821,45.377,38047.824,38336.173,38364.727,249370,955430,139075584,52633600,49720,26,2026-08-01T16:34:28.366294Z
C1,690,saturated,,false,1322.000,1.855,3.053,3.498,38099.616,38313.544,38334.374,251574,955430,139296768,52731904,49720,20,2026-08-01T16:34:28.366294Z
C1,691,saturated,,false,1300.000,1.954,2.767,4.957,38072.393,38289.476,38314.599,254215,957151,139550720,52830208,49740,0,2026-08-01T16:34:28.366294Z
C1,692,saturated,,false,1360.000,1.723,3.394,5.546,37960.113,38273.556,38319.446,256875,958474,139829248,52928512,49737,6,2026-08-01T16:34:28.366294Z
C1,693,saturated,,false,1300.000,1.890,3.173,3.842,37888.419,38116.728,38168.893,259045,960029,140091392,53043200,49740,20,2026-08-01T16:34:28.366294Z
C1,694,saturated,,false,1165.000,1.929,10.215,17.924,38032.059,38252.174,38283.371,261642,961114,140337152,53141504,49740,20,2026-08-01T16:34:28.366294Z
C1,695,saturated,,false,1200.000,1.895,5.650,16.672,38129.813,38351.941,38384.692,264007,962434,140574720,53215232,49760,0,2026-08-01T16:34:28.366294Z
C1,696,saturated,,false,1320.000,1.888,2.657,3.160,38265.855,38487.354,38513.844,266450,963874,140828672,53321728,49758,4,2026-08-01T16:34:28.366294Z
C1,697,saturated,,false,1320.000,1.847,3.569,5.073,38275.193,38495.532,38522.234,269100,965074,141074432,53411840,49760,20,2026-08-01T16:34:28.366294Z
C1,698,saturated,,false,1320.000,1.733,2.748,2.997,38288.762,38515.156,38543.452,271759,966139,141369344,53526528,49760,20,2026-08-01T16:34:28.366294Z
C1,699,saturated,,false,1360.000,1.788,2.462,2.936,38293.326,38520.043,38551.630,274445,967459,141598720,53633024,49760,0,2026-08-01T16:34:28.366294Z
C1,700,saturated,,false,1340.000,1.855,2.692,2.985,38319.927,38548.063,38576.047,277151,968819,141844480,53723136,49760,18,2026-08-01T16:34:28.366294Z
C1,701,saturated,,false,1340.000,1.955,2.863,3.240,38318.437,38543.356,38569.701,279835,970143,142098432,53837824,49760,0,2026-08-01T16:34:28.366294Z
C1,702,saturated,,false,1359.000,1.752,2.606,2.898,38317.036,38549.441,38577.154,282514,971479,142368768,53944320,49741,0,2026-08-01T16:34:28.366294Z
C1,703,saturated,,false,1381.000,1.740,2.354,2.742,38164.897,38402.263,38416.914,285275,972819,142614528,54050816,49780,0,2026-08-01T16:34:28.366294Z
C1,704,saturated,,false,1107.000,2.031,13.680,26.227,38297.073,38607.120,38635.534,287983,974239,142868480,54140928,49760,0,2026-08-01T16:34:28.366294Z
C1,705,saturated,,false,1300.000,1.939,2.902,3.342,38195.714,38425.993,38471.805,290268,975559,143106048,54247424,49780,0,2026-08-01T16:34:28.366294Z
C1,706,saturated,,false,1320.000,1.890,2.604,2.809,38255.609,38481.440,38510.933,292894,976686,143343616,54353920,49780,0,2026-08-01T16:34:28.366294Z
C1,707,saturated,,false,1360.000,1.714,2.521,3.858,38254.613,38473.664,38513.258,295567,977986,143622144,54444032,49780,18,2026-08-01T16:34:28.366294Z
C1,708,saturated,,false,1280.000,2.161,2.943,3.422,38267.507,38489.416,38520.453,298271,979306,143884288,54550528,49800,0,2026-08-01T16:34:28.366294Z
C1,709,saturated,,false,1260.000,2.079,3.131,3.616,38296.750,38520.450,38541.581,300841,980666,144130048,54640640,49800,17,2026-08-01T16:34:28.366294Z
C1,710,saturated,,false,1280.000,2.046,2.984,3.303,38347.756,38569.060,38598.939,303409,981926,144424960,54747136,49800,5,2026-08-01T16:34:28.366294Z
C1,711,saturated,,false,1300.000,2.044,2.814,3.225,38379.455,38603.770,38620.883,305984,983226,144703488,54837248,49800,0,2026-08-01T16:34:28.366294Z
C1,712,saturated,,false,927.000,2.135,15.994,59.375,38526.271,38880.049,38914.229,308461,984506,144900096,54935552,49800,0,2026-08-01T16:34:28.366294Z
C1,713,saturated,,false,1320.000,1.789,3.245,4.358,38591.473,38879.187,38921.043,310485,985706,145137664,55025664,49800,19,2026-08-01T16:34:28.366294Z
C1,714,saturated,,false,924.000,2.058,14.907,138.850,38598.590,39009.126,39051.994,313037,986753,145358848,55099392,49820,0,2026-08-01T16:34:28.366294Z
C1,715,saturated,,false,1261.000,2.079,5.304,9.976,38821.802,39052.018,39079.474,314919,988053,145580032,55197696,49800,2204,2026-08-01T16:34:28.366294Z
C1,716,saturated,,false,1379.000,1.434,4.170,13.520,38824.405,39069.120,39092.181,517,982582,145801216,55246848,49800,240,2026-08-01T16:36:29.242851Z
C1,717,saturated,,false,1400.000,1.343,2.202,3.128,38789.505,39017.766,39045.238,4446,990742,145801216,55320576,49800,0,2026-08-01T16:36:29.242851Z
C1,718,saturated,,false,1280.000,1.586,2.887,18.277,38741.806,38955.052,38971.667,7253,992587,145801216,55386112,49820,0,2026-08-01T16:36:29.242851Z
C1,719,saturated,,false,1320.000,1.723,2.857,3.753,38783.742,38998.752,39014.621,9705,993887,145801216,55435264,49820,19,2026-08-01T16:36:29.242851Z
C1,720,saturated,,false,1327.000,1.662,2.706,5.916,38766.748,38978.026,39006.041,12378,995207,145801216,55500800,49840,0,2026-08-01T16:36:29.242851Z
C1,721,saturated,,false,1381.000,1.558,3.274,5.446,38736.883,38948.927,38979.715,15090,996554,145801216,55566336,49840,0,2026-08-01T16:36:29.242851Z
C1,722,saturated,,false,1060.000,1.714,10.215,46.279,38774.164,39131.559,39170.825,18016,998190,145801216,55615488,49897,25,2026-08-01T16:36:29.242851Z
C1,723,saturated,,false,1369.000,1.468,3.769,6.246,38873.961,39131.856,39166.168,19933,999049,145801216,55664640,49839,0,2026-08-01T16:36:29.242851Z
C1,724,saturated,,false,1090.000,1.751,16.816,32.449,38914.474,39155.816,39183.374,22571,1000363,145801216,55721984,49840,10,2026-08-01T16:36:29.242851Z
C1,725,saturated,,false,1403.000,1.513,2.442,3.727,38943.660,39167.626,39183.638,24793,1001454,145801216,55779328,49820,13,2026-08-01T16:36:29.242851Z
C1,726,saturated,,false,1340.000,1.685,2.330,2.641,38939.287,39155.120,39177.186,27576,1002837,145801216,55844864,49840,20,2026-08-01T16:36:29.242851Z
C1,727,saturated,,false,1386.000,1.565,2.998,5.026,38918.257,39141.685,39170.179,30293,1004197,145801216,55902208,49838,21,2026-08-01T16:36:29.242851Z
C1,728,saturated,,false,1374.000,1.573,2.320,2.665,38704.460,38897.970,38925.880,33094,1005577,145801216,55959552,49860,0,2026-08-01T16:36:29.242851Z
C1,729,saturated,,false,1360.000,1.623,2.253,2.589,38634.425,38863.485,38893.397,35837,1006977,145801216,56025088,49860,0,2026-08-01T16:36:29.242851Z
C1,730,saturated,,false,1340.000,1.693,2.473,4.170,38614.728,38835.335,38853.382,38585,1008337,145801216,56090624,49860,0,2026-08-01T16:36:29.242851Z
C1,731,saturated,,false,1361.000,1.655,2.457,2.741,38596.248,38820.740,38835.558,41271,1009677,145801216,56147968,49859,7,2026-08-01T16:36:29.242851Z
C1,732,saturated,,false,1383.000,1.589,2.536,3.784,38564.603,38784.455,38814.859,44006,1011037,145801216,56205312,49860,0,2026-08-01T16:36:29.242851Z
C1,733,saturated,,false,1340.000,1.731,2.561,2.797,38465.991,38721.948,38769.425,46764,1012421,145801216,56270848,49861,18,2026-08-01T16:36:29.242851Z
C1,734,saturated,,false,1123.000,1.737,5.539,18.026,38435.604,38649.485,38678.242,49461,1013762,145801216,56328192,49860,0,2026-08-01T16:36:29.242851Z
C1,735,saturated,,false,1380.000,1.524,2.385,3.131,38445.740,38669.438,38703.855,51774,1015395,145801216,56385536,49880,0,2026-08-01T16:36:29.242851Z
C1,736,saturated,,false,1340.000,1.659,2.583,3.114,38391.394,38620.619,38636.819,54540,1016284,145801216,56442880,49880,21,2026-08-01T16:36:29.242851Z
C1,737,saturated,,false,1380.000,1.408,2.613,3.428,38374.794,38602.899,38620.700,57245,1017879,145801216,56500224,49899,1,2026-08-01T16:36:29.242851Z
C1,738,saturated,,false,1355.000,1.728,2.355,2.760,38361.909,38595.819,38609.534,60009,1019278,145801216,56565760,49899,0,2026-08-01T16:36:29.242851Z
C1,739,saturated,,false,1387.000,1.585,2.325,3.488,38332.818,38564.387,38595.214,62732,1020366,145801216,56631296,49880,0,2026-08-01T16:36:29.242851Z
C1,740,saturated,,false,1360.000,1.680,2.331,2.764,38308.095,38530.126,38556.879,65528,1021746,145801216,56696832,49880,20,2026-08-01T16:36:29.242851Z
C1,741,saturated,,false,1360.000,1.641,2.369,2.607,38324.535,38543.018,38585.359,68266,1023106,145801216,56754176,49890,13,2026-08-01T16:36:29.242851Z
C1,742,saturated,,false,1340.000,1.675,2.445,3.169,38329.280,38548.435,38578.421,71013,1024476,145801216,56819712,49900,21,2026-08-01T16:36:29.242851Z
C1,743,saturated,,false,1420.000,1.395,2.075,2.820,38134.949,38362.414,38378.810,73733,1025826,145801216,56885248,49900,0,2026-08-01T16:36:29.242851Z
C1,744,saturated,,false,1283.000,1.449,6.660,25.637,38078.509,38342.720,38371.843,76554,1027246,145801216,56934400,49900,0,2026-08-01T16:36:29.242851Z
C1,745,saturated,,false,1372.000,1.609,2.443,4.715,38087.695,38307.869,38327.384,79165,1028529,145801216,56999936,49919,21,2026-08-01T16:36:29.242851Z
C1,746,saturated,,false,1408.000,1.569,2.212,2.627,38062.770,38291.828,38315.408,81931,1029909,145801216,57065472,49900,0,2026-08-01T16:36:29.242851Z
C1,747,saturated,,false,1360.000,1.563,2.985,5.264,37983.678,38212.288,38244.241,84733,1031309,145801216,57131008,49920,0,2026-08-01T16:36:29.242851Z
C1,748,saturated,,false,1340.000,1.783,2.527,2.885,37920.867,38148.704,38176.075,87475,1032689,145801216,57180160,49900,21,2026-08-01T16:36:29.242851Z
C1,749,saturated,,false,1380.000,1.589,2.606,3.656,37846.747,38068.557,38102.320,90166,1034009,145801216,57245696,49920,11,2026-08-01T16:36:29.242851Z
C1,750,saturated,,false,1339.000,1.814,2.583,3.098,37618.604,37804.394,37846.832,92971,1035409,145801216,57311232,49937,0,2026-08-01T16:36:29.242851Z
C1,751,saturated,,false,1341.000,1.710,2.337,2.590,37499.236,37731.484,37758.754,95643,1037004,145801216,57360384,49920,0,2026-08-01T16:36:29.242851Z
C1,752,saturated,,false,1380.000,1.574,2.341,3.074,37208.719,37685.218,37725.754,98353,1038344,145801216,57425920,49928,0,2026-08-01T16:36:29.242851Z
C1,753,saturated,,false,1340.000,1.743,2.503,2.848,37093.109,37310.238,37341.233,101125,1039724,146071552,57491456,49940,0,2026-08-01T16:36:29.242851Z
C1,754,saturated,,false,1106.000,1.782,11.464,20.439,37226.711,37513.823,37558.417,103787,1040829,146350080,57540608,49940,10,2026-08-01T16:36:29.242851Z
C1,755,saturated,,false,1400.000,1.492,2.303,3.460,37320.499,37536.546,37562.506,106099,1041935,146644992,57606144,49940,0,2026-08-01T16:36:29.242851Z
C1,756,saturated,,false,1402.000,1.514,2.127,2.558,37244.901,37452.707,37482.465,108890,1043335,146972672,57663488,49940,20,2026-08-01T16:36:29.242851Z
C1,757,saturated,,false,1340.000,1.712,2.430,2.795,37193.060,37418.277,37443.154,111715,1044737,147300352,57720832,49940,20,2026-08-01T16:36:29.242851Z
C1,758,saturated,,false,1360.000,1.699,2.366,2.643,37194.674,37417.293,37446.709,114291,1046077,147619840,57786368,49940,17,2026-08-01T16:36:29.242851Z
C1,759,saturated,,false,1340.000,1.716,2.498,3.097,37204.024,37426.796,37443.398,117016,1047692,147939328,57851904,49960,0,2026-08-01T16:36:29.242851Z
C1,760,saturated,,false,1341.000,1.803,2.608,3.001,37001.912,37204.117,37223.970,119848,1049052,148250624,57901056,49960,0,2026-08-01T16:36:29.242851Z
C1,761,saturated,,false,1340.000,1.730,2.434,2.763,36992.986,37241.323,37255.584,122506,1050138,148529152,57966592,49960,20,2026-08-01T16:36:29.242851Z
C1,762,saturated,,false,1360.000,1.706,2.344,2.591,36838.724,37064.343,37093.578,125253,1051478,148791296,58032128,49960,21,2026-08-01T16:36:29.242851Z
C1,763,saturated,,false,1340.000,1.761,2.471,2.795,36841.669,37079.754,37094.740,127967,1052838,149078016,58081280,49960,20,2026-08-01T16:36:29.242851Z
C1,764,saturated,,false,1161.000,1.515,4.708,57.410,36890.702,37093.054,37260.306,130573,1054178,149372928,58146816,49979,0,2026-08-01T16:36:29.242851Z
C1,765,saturated,,false,1360.000,1.665,2.368,2.696,37008.006,37235.380,37263.635,133025,1056039,149618688,58195968,49811,1,2026-08-01T16:36:29.242851Z
C1,766,saturated,,false,1356.000,1.670,2.487,3.084,37029.735,37249.658,37264.108,135773,1057230,149889024,58261504,49830,20,2026-08-01T16:36:29.242851Z
C1,767,saturated,,false,1384.000,1.488,2.247,4.561,37036.152,37251.817,37280.800,138454,1057230,150167552,58327040,49960,39,2026-08-01T16:36:29.242851Z
C1,768,saturated,,false,1340.000,1.682,2.273,2.690,37003.543,37231.550,37249.133,141204,1058739,150462464,58384384,49831,0,2026-08-01T16:36:29.242851Z
C1,769,saturated,,false,1340.000,1.697,2.366,3.089,37018.877,37238.155,37257.926,143896,1060139,150732800,58441728,49320,30,2026-08-01T16:36:29.242851Z
C1,770,saturated,,false,1360.000,1.694,2.341,2.559,37034.043,37251.076,37278.663,146611,1061479,151019520,58507264,49320,1,2026-08-01T16:36:29.242851Z
C1,771,saturated,,false,1320.000,1.820,2.631,2.983,37029.425,37236.134,37265.246,149302,1062839,151298048,58564608,49340,0,2026-08-01T16:36:29.242851Z
C1,772,saturated,,false,1360.000,1.710,2.308,2.520,36879.343,37108.126,37123.511,151981,1064179,151535616,58621952,49320,11,2026-08-01T16:36:29.242851Z
C1,773,saturated,,false,1320.000,1.788,2.567,2.979,36910.158,37140.550,37155.550,154011,1065519,151699456,58654720,49340,0,2026-08-01T16:36:29.242851Z
C1,774,saturated,,false,1250.000,1.308,5.829,25.033,36940.905,37232.669,37264.786,156709,1066859,151953408,58720256,49390,17,2026-08-01T16:36:29.242851Z
C1,775,saturated,,false,1380.000,1.554,2.228,2.738,37003.634,37219.549,37263.596,159280,1068177,152346624,58777600,49320,27,2026-08-01T16:36:29.242851Z
C1,776,saturated,,false,1360.000,1.493,2.380,4.884,36997.089,37221.409,37239.651,161895,1069232,152698880,58843136,49320,20,2026-08-01T16:36:29.242851Z
C1,777,saturated,,false,1063.000,1.652,15.570,24.843,37159.003,37437.943,37465.210,164607,1070592,153001984,58900480,49437,22,2026-08-01T16:36:29.242851Z
C1,778,saturated,,false,1360.000,1.720,2.375,2.685,37214.003,37436.008,37465.114,166811,1071772,153231360,58949632,49354,15,2026-08-01T16:36:29.242851Z
C1,779,saturated,,false,1360.000,1.686,2.531,3.123,37224.654,37445.236,37476.654,169570,1073049,153509888,59006976,49360,0,2026-08-01T16:36:29.242851Z
C1,780,saturated,,false,1360.000,1.688,2.474,2.762,37217.851,37440.600,37472.433,172275,1074415,153788416,59072512,49340,19,2026-08-01T16:36:29.242851Z
C1,781,saturated,,false,1340.000,1.789,2.529,2.801,37263.227,37488.500,37508.023,174994,1075755,154075136,59146240,49360,19,2026-08-01T16:36:29.242851Z
C1,782,saturated,,false,1340.000,1.777,2.517,2.800,37229.941,37456.444,37475.792,177685,1077115,154329088,59195392,49352,8,2026-08-01T16:36:29.242851Z
C1,783,saturated,,false,1314.000,1.911,2.493,2.842,37274.509,37503.160,37534.250,180352,1078447,154607616,59260928,49375,17,2026-08-01T16:36:29.242851Z
C1,784,saturated,,false,1090.000,1.729,16.641,31.443,37362.647,37584.256,37722.918,183028,1079775,154894336,59318272,49537,1,2026-08-01T16:36:29.242851Z
C1,785,saturated,,false,1322.000,1.459,3.278,7.724,37513.968,37758.500,37772.835,185226,1081291,155115520,59375616,49380,0,2026-08-01T16:36:29.242851Z
C1,786,saturated,,false,1360.000,1.735,2.633,3.295,37522.153,37733.952,37754.979,187920,1082201,155385856,59424768,49360,0,2026-08-01T16:36:29.242851Z
C1,787,saturated,,false,1320.000,1.775,2.454,14.362,37541.369,37749.584,37770.458,190500,1083541,155672576,59490304,49400,15,2026-08-01T16:36:29.242851Z
C1,788,saturated,,false,1322.000,1.718,3.656,5.645,37570.739,37781.729,37797.156,193323,1084901,155951104,59547648,49418,0,2026-08-01T16:36:29.242851Z
C1,789,saturated,,false,1324.000,1.690,2.544,2.944,37565.333,37781.720,37806.997,195994,1086241,156237824,59604992,49400,15,2026-08-01T16:36:29.242851Z
C1,790,saturated,,false,1296.000,1.885,3.887,5.279,37618.013,37840.045,37869.035,198634,1087543,156491776,59670528,49420,21,2026-08-01T16:36:29.242851Z
C1,791,saturated,,false,1320.000,1.753,2.910,3.785,37656.521,37873.034,37901.788,201267,1089118,156770304,59719680,49420,0,2026-08-01T16:36:29.242851Z
C1,792,saturated,,false,1300.000,1.913,3.032,3.712,37585.463,37835.476,37866.428,203898,1090183,157048832,59785216,49420,0,2026-08-01T16:36:29.242851Z
C1,793,saturated,,false,1340.000,1.665,3.049,8.465,37554.477,37774.570,37804.951,206519,1091483,157286400,59842560,49400,0,2026-08-01T16:36:29.242851Z
C1,794,saturated,,false,1214.000,1.694,9.789,23.947,37658.737,37915.793,37942.325,209206,1092803,157548544,59899904,49446,7,2026-08-01T16:36:29.242851Z
C1,795,saturated,,false,1340.000,1.740,2.380,2.608,37693.963,37924.547,37941.422,211678,1094063,157761536,59957248,49420,0,2026-08-01T16:36:29.242851Z
C1,796,saturated,,false,1340.000,1.808,2.497,2.963,37705.990,37935.973,37952.342,214389,1095377,158023680,60014592,49420,20,2026-08-01T16:36:29.242851Z
C1,797,saturated,,false,1399.000,1.540,2.281,2.644,37703.781,37933.782,37949.873,217097,1096972,158261248,60080128,49399,0,2026-08-01T16:36:29.242851Z
C1,798,saturated,,false,1321.000,1.802,2.416,2.745,37698.691,37922.068,37938.496,219858,1098077,158539776,60145664,49420,26,2026-08-01T16:36:29.242851Z
C1,799,saturated,,false,1180.000,1.771,2.618,16.326,37690.773,37911.758,37983.235,222551,1099437,158769152,60194816,49580,20,2026-08-01T16:36:29.242851Z
C1,800,saturated,,false,1164.000,1.625,5.898,141.727,37928.630,38189.177,38205.631,224734,1100777,158990336,60243968,49416,0,2026-08-01T16:36:29.242851Z
C1,801,saturated,,false,1360.000,1.701,2.681,4.037,37944.309,38173.646,38192.531,227280,1100777,159211520,60309504,49420,20,2026-08-01T16:36:29.242851Z
C1,802,saturated,,false,1362.000,1.753,2.591,5.080,37855.379,38123.675,38168.001,230002,1102461,159481856,60358656,49418,17,2026-08-01T16:36:29.242851Z
C1,803,saturated,,false,1380.000,1.563,2.542,2.890,37795.821,38021.412,38049.667,232757,1103841,159703040,60424192,49420,0,2026-08-01T16:36:29.242851Z
C1,804,saturated,,false,1184.000,1.554,9.329,73.127,37811.642,38012.983,38139.873,234277,1106583,159965184,60489728,49500,20,2026-08-01T16:36:29.242851Z
C1,805,saturated,,false,1400.000,1.602,2.289,2.560,37887.599,38102.561,38130.028,236646,1106583,160169984,60538880,49443,0,2026-08-01T16:36:29.242851Z
C1,806,saturated,,false,1320.000,1.705,2.500,3.346,37900.699,38132.797,38167.271,239519,1108487,160432128,60604416,49458,5,2026-08-01T16:36:29.242851Z
C1,807,saturated,,false,1360.000,1.646,2.599,5.847,37894.705,38125.193,38145.481,242214,1109825,160636928,60669952,49460,20,2026-08-01T16:36:29.242851Z
C1,808,saturated,,false,1360.000,1.623,2.550,3.247,37898.763,38114.644,38139.455,244965,1111442,160940032,60727296,49460,20,2026-08-01T16:36:29.242851Z
C1,809,saturated,,false,1363.000,1.722,2.448,3.035,37885.632,38106.541,38134.966,247684,1112802,161202176,60784640,49456,2,2026-08-01T16:36:29.242851Z
C1,810,saturated,,false,1319.000,1.902,2.704,3.849,37870.599,38103.601,38120.514,250430,1114162,161456128,60850176,49479,3,2026-08-01T16:36:29.242851Z
C1,811,saturated,,false,1340.000,1.725,2.488,2.997,37875.556,38104.571,38125.202,253096,1115503,161701888,60907520,49480,6,2026-08-01T16:36:29.242851Z
C1,812,saturated,,false,1360.000,1.757,2.681,3.366,37851.441,38073.906,38104.797,255794,1116589,161931264,60964864,49440,20,2026-08-01T16:36:29.242851Z
C1,813,saturated,,false,1360.000,1.648,2.331,3.237,37808.241,38031.244,38057.795,258472,1117909,162185216,61030400,49460,0,2026-08-01T16:36:29.242851Z
C1,814,saturated,,false,1200.000,1.712,8.323,23.468,37848.779,38143.372,38174.947,261213,1119289,162430976,61087744,49496,12,2026-08-01T16:36:29.242851Z
C1,815,saturated,,false,1283.000,1.639,2.508,3.097,37826.585,38135.554,38179.692,263636,1121020,162668544,61145088,49540,3,2026-08-01T16:36:29.242851Z
C1,816,saturated,,false,1315.000,1.713,2.390,2.662,37791.130,38013.563,38043.997,266306,1121852,162922496,61194240,49500,22,2026-08-01T16:36:29.242851Z
C1,817,saturated,,false,1345.000,1.754,2.697,3.890,37816.646,38037.811,38065.121,268893,1123367,163160064,61259776,49480,0,2026-08-01T16:36:29.242851Z
C1,818,saturated,,false,1300.000,1.825,2.920,3.279,37833.979,38060.873,38085.756,271574,1124452,163430400,61325312,49500,0,2026-08-01T16:36:29.242851Z
C1,819,saturated,,false,1420.000,1.595,2.469,4.155,37816.358,38044.716,38084.333,273984,1125772,163684352,61407232,49480,1,2026-08-01T16:36:29.242851Z
C1,820,saturated,,false,1320.000,2.016,2.766,3.044,37782.484,38009.634,38037.002,276937,1127172,163938304,61505536,49520,0,2026-08-01T16:36:29.242851Z
C1,821,saturated,,false,1340.000,1.691,2.481,2.869,37798.224,38025.417,38045.376,279612,1128532,164208640,61612032,49480,20,2026-08-01T16:36:29.242851Z
C1,822,saturated,,false,1333.000,1.789,2.555,2.887,37674.515,37984.953,38025.731,282277,1129832,164446208,61718528,49514,0,2026-08-01T16:36:29.242851Z
C1,823,saturated,,false,1387.000,1.663,2.282,2.855,37587.746,37805.975,37822.734,284855,1131192,164700160,61816832,49500,19,2026-08-01T16:36:29.242851Z
C1,824,saturated,,false,1204.000,2.023,7.982,18.967,37634.628,37894.103,37923.074,287755,1132572,164929536,61923328,49520,0,2026-08-01T16:36:29.242851Z
C1,825,saturated,,false,1320.000,1.685,2.811,3.897,37695.290,37913.074,37931.240,290187,1134051,165208064,62021632,49520,0,2026-08-01T16:36:29.242851Z
C1,826,saturated,,false,1320.000,1.832,2.587,2.877,37695.865,37923.449,37942.731,292837,1135116,165470208,62136320,49514,20,2026-08-01T16:36:29.242851Z
C1,827,saturated,,false,1340.000,1.695,2.438,3.005,37677.311,37889.803,37915.104,295509,1136430,165699584,62226432,49520,0,2026-08-01T16:36:29.242851Z
C1,828,saturated,,false,1354.000,1.851,2.547,4.296,37630.994,37866.339,37884.304,298214,1137776,165969920,62332928,49531,20,2026-08-01T16:36:29.242851Z
C1,829,saturated,,false,1346.000,1.866,2.639,3.150,37637.454,37851.794,37878.507,300919,1139136,166207488,62439424,49500,16,2026-08-01T16:36:29.242851Z
C1,830,saturated,,false,1320.000,1.872,2.606,4.210,37607.053,37828.441,37844.862,303605,1140456,166486016,62537728,49520,14,2026-08-01T16:36:29.242851Z
C1,831,saturated,,false,1340.000,1.794,2.526,2.783,37612.793,37830.288,37852.690,306152,1141796,166715392,62644224,49520,0,2026-08-01T16:36:29.242851Z
C1,832,saturated,,false,1321.000,1.871,2.537,5.072,37516.525,37731.531,37759.265,308834,1143136,166961152,62750720,49539,19,2026-08-01T16:36:29.242851Z
C1,833,saturated,,false,1024.000,1.782,21.142,54.292,37669.311,37890.669,37921.313,311472,1144476,167174144,62840832,49540,0,2026-08-01T16:36:29.242851Z
C1,834,saturated,,false,1210.000,1.611,11.411,19.792,37783.563,38055.128,38101.789,313551,1145501,167387136,62922752,49531,7,2026-08-01T16:36:29.242851Z
C1,835,saturated,,false,1360.000,1.477,2.438,3.155,37861.834,38083.187,38109.437,316010,1146702,167583744,63012864,49521,1880,2026-08-01T16:36:29.242851Z
C1,836,saturated,,false,1341.000,1.408,3.047,9.181,37886.836,38103.223,38120.479,469,1140207,167837696,63102976,49531,680,2026-08-01T16:38:28.896509Z
C1,837,saturated,,false,1353.000,1.595,2.700,8.780,37823.507,38089.129,38116.776,4674,1150126,167837696,63168512,49557,0,2026-08-01T16:38:28.896509Z
C1,838,saturated,,false,1347.000,1.658,2.594,6.071,37595.898,37809.327,37833.934,7432,1151495,167837696,63234048,49540,13,2026-08-01T16:38:28.896509Z
C1,839,saturated,,false,1349.000,1.694,2.858,5.802,37603.889,37825.389,37853.205,10148,1153090,167837696,63283200,49560,0,2026-08-01T16:38:28.896509Z
C1,840,saturated,,false,1313.000,1.667,2.717,7.406,37621.398,37851.043,37877.569,12848,1154204,167837696,63348736,49596,0,2026-08-01T16:38:28.896509Z
C1,841,saturated,,false,1330.000,1.613,3.375,16.680,37640.126,37872.434,37900.212,15481,1155544,167837696,63414272,49597,0,2026-08-01T16:38:28.896509Z
C1,842,saturated,,false,1360.000,1.652,2.556,3.355,37581.335,37795.935,37930.575,18170,1157527,167837696,63463424,49542,20,2026-08-01T16:38:28.896509Z
C1,843,saturated,,false,1340.000,1.671,3.085,6.443,37594.024,37814.493,37832.966,20879,1158187,167837696,63528960,49560,0,2026-08-01T16:38:28.896509Z
C1,844,saturated,,false,1131.000,1.696,8.190,64.559,37646.433,37855.413,37884.341,23568,1159547,167837696,63586304,49593,16,2026-08-01T16:38:28.896509Z
C1,845,saturated,,false,1380.000,1.607,2.521,2.883,37729.542,37955.169,37975.728,25907,1160711,167837696,63643648,49560,0,2026-08-01T16:38:28.896509Z
C1,846,saturated,,false,1380.000,1.579,2.369,3.375,37726.638,37943.096,37970.501,28657,1162058,167837696,63700992,49541,20,2026-08-01T16:38:28.896509Z
C1,847,saturated,,false,1373.000,1.547,2.225,3.494,37707.082,37929.326,37946.198,31403,1163674,167837696,63758336,49556,18,2026-08-01T16:38:28.896509Z
C1,848,saturated,,false,1367.000,1.564,2.172,2.366,37693.019,37909.282,37946.841,33902,1165055,167837696,63823872,49560,13,2026-08-01T16:38:28.896509Z
C1,849,saturated,,false,1360.000,1.662,2.377,2.823,37671.508,37893.525,37923.174,36657,1166433,167837696,63889408,49560,0,2026-08-01T16:38:28.896509Z
C1,850,saturated,,false,1360.000,1.631,2.264,2.578,37625.790,37848.102,37889.302,39394,1167793,167837696,63946752,49600,0,2026-08-01T16:38:28.896509Z
C1,851,saturated,,false,1360.000,1.751,2.417,3.342,37642.746,37857.235,37888.088,42168,1169193,167837696,64004096,49580,0,2026-08-01T16:38:28.896509Z
C1,852,saturated,,false,1380.000,1.606,2.309,4.115,37529.706,37745.731,37885.569,44860,1170278,167837696,64069632,49580,0,2026-08-01T16:38:28.896509Z
C1,853,saturated,,false,1340.000,1.674,2.359,2.585,37489.087,37706.423,37752.253,47622,1171658,167837696,64135168,49600,21,2026-08-01T16:38:28.896509Z
C1,854,saturated,,false,1261.000,1.423,4.721,27.948,37523.151,37736.835,37768.420,50351,1173018,167837696,64184320,49540,0,2026-08-01T16:38:28.896509Z
C1,855,saturated,,false,1320.000,1.646,2.692,3.566,37502.022,37732.740,37747.960,52822,1174219,167837696,64249856,49639,2,2026-08-01T16:38:28.896509Z
C1,856,saturated,,false,1380.000,1.528,2.335,2.840,37498.180,37715.924,37738.921,55540,1175638,167837696,64299008,49600,0,2026-08-01T16:38:28.896509Z
C1,857,saturated,,false,1340.000,1.567,2.438,2.822,37543.326,37755.587,37780.656,58287,1176979,167837696,64364544,49600,12,2026-08-01T16:38:28.896509Z
C1,858,saturated,,false,1094.000,1.588,12.802,26.308,37548.721,37781.771,37830.508,60987,1178319,167837696,64430080,49847,0,2026-08-01T16:38:28.896509Z
C1,859,saturated,,false,1320.000,1.619,4.782,21.061,37692.792,37926.861,37957.302,63334,1179660,167837696,64479232,49620,16,2026-08-01T16:38:28.896509Z
C1,860,saturated,,false,1382.000,1.605,2.686,3.476,37707.702,37922.300,37951.059,65875,1180753,167837696,64536576,49620,21,2026-08-01T16:38:28.896509Z
C1,861,saturated,,false,1395.000,1.637,2.426,4.499,37670.629,37896.687,37923.296,68646,1182135,167837696,64602112,49639,0,2026-08-01T16:38:28.896509Z
C1,862,saturated,,false,1345.000,1.748,2.696,4.444,37594.825,37868.862,37911.219,71459,1183535,167837696,64659456,49620,21,2026-08-01T16:38:28.896509Z
C1,863,saturated,,false,1380.000,1.519,2.225,2.942,37526.138,37744.533,37772.118,74157,1185130,167837696,64733184,49640,0,2026-08-01T16:38:28.896509Z
C1,864,saturated,,false,1224.000,1.453,10.666,22.609,37568.512,37792.734,37831.117,76950,1186275,167837696,64790528,49626,15,2026-08-01T16:38:28.896509Z
C1,865,saturated,,false,1428.000,1.388,2.260,2.674,37565.741,37783.411,37819.737,79401,1187485,167837696,64847872,49592,1,2026-08-01T16:38:28.896509Z
C1,866,saturated,,false,1322.000,1.622,2.411,49.704,37531.858,37739.304,37778.246,82269,1188879,167837696,64913408,49701,0,2026-08-01T16:38:28.896509Z
C1,867,saturated,,false,1322.000,1.554,2.848,6.693,37539.364,37765.520,37783.889,84949,1190562,167837696,64970752,49660,1,2026-08-01T16:38:28.896509Z
C1,868,saturated,,false,1340.000,1.854,2.564,3.048,37556.366,37773.084,37801.664,87602,1191591,167837696,65028096,49640,20,2026-08-01T16:38:28.896509Z
C1,869,saturated,,false,1360.000,1.701,2.385,2.736,37522.811,37744.160,37770.229,90292,1192911,167837696,65093632,49660,20,2026-08-01T16:38:28.896509Z
C1,870,saturated,,false,1360.000,1.634,2.447,2.836,37515.831,37736.247,37761.177,93035,1194546,167837696,65150976,49647,0,2026-08-01T16:38:28.896509Z
C1,871,saturated,,false,1360.000,1.671,2.227,2.526,37265.287,37496.640,37513.836,95756,1195631,167837696,65208320,49660,0,2026-08-01T16:38:28.896509Z
C1,872,saturated,,false,1340.000,1.664,2.643,4.928,37158.571,37373.322,37405.049,98511,1197011,167837696,65273856,49672,8,2026-08-01T16:38:28.896509Z
C1,873,saturated,,false,1336.000,1.573,2.344,2.648,37159.240,37389.109,37402.837,101193,1198874,167911424,65339392,49660,13,2026-08-01T16:38:28.896509Z
C1,874,saturated,,false,1188.000,1.538,8.080,37.264,37202.071,37503.815,37531.562,103891,1199691,168255488,65388544,49660,0,2026-08-01T16:38:28.896509Z
C1,875,saturated,,false,1340.000,1.731,2.897,3.442,37287.022,37516.247,37535.359,106321,1201386,168591360,65454080,49680,0,2026-08-01T16:38:28.896509Z
C1,876,saturated,,false,1341.000,1.732,2.525,7.700,37300.832,37523.766,37553.644,109001,1202235,168894464,65503232,49659,0,2026-08-01T16:38:28.896509Z
C1,877,saturated,,false,1340.000,1.590,2.518,4.856,37313.111,37540.206,37556.985,111674,1204236,169222144,65568768,49680,0,2026-08-01T16:38:28.896509Z
C1,878,saturated,,false,1348.000,1.746,3.143,9.454,37285.061,37520.405,37549.542,114406,1205171,169508864,65634304,49680,0,2026-08-01T16:38:28.896509Z
C1,879,saturated,,false,1300.000,1.660,2.389,3.256,37307.630,37533.514,37552.263,117083,1206775,169828352,65683456,49700,0,2026-08-01T16:38:28.896509Z
C1,880,saturated,,false,1340.000,1.710,2.562,2.924,37306.849,37530.917,37549.624,119727,1207584,170123264,65748992,49680,20,2026-08-01T16:38:28.896509Z
C1,881,saturated,,false,1340.000,1.554,2.149,2.443,37324.609,37550.884,37581.810,122424,1208904,170426368,65806336,49700,0,2026-08-01T16:38:28.896509Z
C1,882,saturated,,false,1352.000,1.658,2.649,3.463,37176.685,37399.961,37420.348,125137,1210519,170737664,65863680,49700,0,2026-08-01T16:38:28.896509Z
C1,883,saturated,,false,1348.000,1.674,2.394,3.008,37173.535,37393.253,37417.065,127865,1211604,171057152,65929216,49700,21,2026-08-01T16:38:28.896509Z
C1,884,saturated,,false,1127.000,1.895,12.763,35.365,37234.257,37546.187,37585.749,130559,1212964,171368448,65986560,49720,7,2026-08-01T16:38:28.896509Z
C1,885,saturated,,false,1062.000,1.371,13.110,35.975,37508.058,37766.084,37794.630,132823,1214622,171614208,66035712,49680,23,2026-08-01T16:38:28.896509Z
C1,886,saturated,,false,1341.000,1.636,2.678,3.985,37605.568,37833.257,37850.204,134962,1215133,171892736,66084864,49700,39,2026-08-01T16:38:28.896509Z
C1,887,saturated,,false,1360.000,1.566,2.388,2.765,37604.556,37818.841,37845.582,137691,1216749,172204032,66142208,49720,0,2026-08-01T16:38:28.896509Z
C1,888,saturated,,false,1361.000,1.694,2.376,2.751,37620.416,37838.414,37859.371,140451,1217874,172498944,66207744,49720,1,2026-08-01T16:38:28.896509Z
C1,889,saturated,,false,1360.000,1.673,2.374,2.914,37614.425,37833.722,37854.055,143167,1219235,172761088,66273280,49720,17,2026-08-01T16:38:28.896509Z
C1,890,saturated,,false,1340.000,1.756,2.512,3.044,37632.910,37848.517,37877.333,145877,1220595,173047808,66322432,49720,0,2026-08-01T16:38:28.896509Z
C1,891,saturated,,false,1380.000,1.607,2.400,2.899,37634.246,37852.600,37882.545,148568,1221935,173326336,66387968,49720,0,2026-08-01T16:38:28.896509Z
C1,892,saturated,,false,1367.000,1.643,2.353,2.913,37572.347,37817.402,37861.660,151327,1223315,173596672,66453504,49720,0,2026-08-01T16:38:28.896509Z
C1,893,saturated,,false,1300.000,1.673,2.457,6.233,37540.712,37771.583,37801.113,154059,1224682,173850624,66519040,49740,0,2026-08-01T16:38:28.896509Z
C1,894,saturated,,false,1210.000,1.746,7.800,17.496,37602.626,37818.700,37900.375,156541,1226002,174153728,66568192,49720,20,2026-08-01T16:38:28.896509Z
C1,895,saturated,,false,1381.000,1.387,2.267,5.358,37658.699,37890.675,37917.191,159210,1226276,174620672,66650112,49739,39,2026-08-01T16:38:28.896509Z
C1,896,saturated,,false,1340.000,1.721,2.620,3.196,37610.150,37856.899,37878.908,161988,1227422,174981120,66707456,49740,0,2026-08-01T16:38:28.896509Z
C1,897,saturated,,false,1360.000,1.635,2.277,3.599,37429.464,37657.743,37675.163,164678,1228762,175267840,66772992,49740,20,2026-08-01T16:38:28.896509Z
C1,898,saturated,,false,1320.000,1.698,2.856,3.204,37475.181,37698.244,37733.840,167418,1230633,175546368,66838528,49760,20,2026-08-01T16:38:28.896509Z
C1,899,saturated,,false,1340.000,1.725,2.524,2.866,37507.995,37723.943,37754.868,170070,1231462,175841280,66887680,49760,0,2026-08-01T16:38:28.896509Z
C1,900,saturated,,false,1320.000,1.814,2.480,3.849,37528.197,37742.064,37757.358,172769,1232802,176095232,66953216,49760,0,2026-08-01T16:38:28.896509Z
C1,901,saturated,,false,1340.000,1.750,2.465,2.973,37563.907,37782.497,37814.072,175417,1234122,176398336,67010560,49760,19,2026-08-01T16:38:28.896509Z
C1,902,saturated,,false,1320.000,1.808,2.740,4.768,37522.767,37770.495,37817.669,178121,1235462,176717824,67067904,49780,0,2026-08-01T16:38:28.896509Z
C1,903,saturated,,false,1352.000,1.678,2.510,4.207,37538.755,37752.582,37777.414,180746,1236802,177004544,67141632,49757,0,2026-08-01T16:38:28.896509Z
C1,904,saturated,,false,1248.000,1.455,7.811,25.326,37596.577,37905.846,37951.035,183483,1238122,177266688,67198976,49730,1,2026-08-01T16:38:28.896509Z
C1,905,saturated,,false,1340.000,1.660,2.420,2.786,37605.138,37825.505,37854.985,186013,1239352,177520640,67256320,49780,20,2026-08-01T16:38:28.896509Z
C1,906,saturated,,false,1340.000,1.817,2.511,2.882,37595.031,37815.783,37834.616,188697,1240742,177831936,67321856,49760,19,2026-08-01T16:38:28.896509Z
C1,907,saturated,,false,1372.000,1.565,2.390,4.281,37609.815,37840.468,37856.460,191375,1242062,178053120,67371008,49767,0,2026-08-01T16:38:28.896509Z
C1,908,saturated,,false,1337.000,1.722,2.554,3.169,37594.532,37815.645,37835.602,194152,1243442,178348032,67436544,49771,0,2026-08-01T16:38:28.896509Z
C1,909,saturated,,false,1360.000,1.680,2.415,3.083,37599.596,37826.553,37854.175,196845,1244782,178659328,67502080,49780,0,2026-08-01T16:38:28.896509Z
C1,910,saturated,,false,1332.000,1.746,2.536,3.403,37608.744,37818.466,37843.403,199581,1246151,178962432,67559424,49827,0,2026-08-01T16:38:28.896509Z
C1,911,saturated,,false,1338.000,1.741,2.707,3.427,37605.580,37833.084,37850.023,202261,1247536,179224576,67616768,49785,19,2026-08-01T16:38:28.896509Z
C1,912,saturated,,false,1341.000,1.731,2.689,3.477,37550.576,37790.801,37836.484,204967,1249081,179445760,67682304,49792,8,2026-08-01T16:38:28.896509Z
C1,913,saturated,,false,1363.000,1.722,2.484,2.896,37507.675,37724.782,37750.053,207649,1250429,179707904,67731456,49780,15,2026-08-01T16:38:28.896509Z
C1,914,saturated,,false,1206.000,1.712,11.595,23.214,37511.553,37704.495,37729.450,210330,1251780,179937280,67796992,49800,0,2026-08-01T16:38:28.896509Z
C1,915,saturated,,false,1400.000,1.595,2.524,6.071,37581.365,37796.228,37822.633,212853,1253262,180199424,67854336,49760,2,2026-08-01T16:38:28.896509Z
C1,916,saturated,,false,1340.000,1.798,2.403,2.746,37547.399,37764.673,37790.015,215642,1254366,180412416,67911680,49800,0,2026-08-01T16:38:28.896509Z
C1,917,saturated,,false,1360.000,1.722,2.315,3.017,37525.956,37747.253,37775.771,218357,1255746,180674560,67977216,49800,17,2026-08-01T16:38:28.896509Z
C1,918,saturated,,false,1320.000,1.795,2.752,3.201,37494.896,37714.386,37734.790,221083,1256851,180953088,68042752,49820,0,2026-08-01T16:38:28.896509Z
C1,919,saturated,,false,1300.000,2.095,2.769,3.109,37531.017,37747.709,37783.654,223707,1258191,181223424,68108288,49820,20,2026-08-01T16:38:28.896509Z
C1,920,saturated,,false,1340.000,1.843,2.777,3.861,37544.236,37769.961,37798.433,226367,1259491,181477376,68222976,49820,3,2026-08-01T16:38:28.896509Z
C1,921,saturated,,false,1360.000,1.794,2.425,2.784,37549.424,37769.208,37797.041,229082,1260831,181714944,68329472,49820,6,2026-08-01T16:38:28.896509Z
C1,922,saturated,,false,1274.000,1.695,2.553,24.045,37460.848,37741.620,37784.310,231789,1262191,181977088,68419584,49820,0,2026-08-01T16:38:28.896509Z
C1,923,saturated,,false,1360.000,1.675,2.588,2.906,37206.026,37433.174,37459.140,234366,1263465,182190080,68517888,49820,18,2026-08-01T16:38:28.896509Z
C1,924,saturated,,false,1165.000,1.604,12.060,31.691,37276.509,37562.702,37605.553,237026,1264825,182460416,68616192,49840,0,2026-08-01T16:38:28.896509Z
C1,925,saturated,,false,1340.000,1.732,2.849,4.001,37358.946,37582.153,37629.152,239468,1266010,182697984,68714496,49840,20,2026-08-01T16:38:28.896509Z
C1,926,saturated,,false,1004.000,1.670,14.347,56.549,37328.120,37606.060,37689.466,242008,1267350,182935552,68796416,49948,37,2026-08-01T16:38:28.896509Z
C1,927,saturated,,false,1284.000,1.856,4.283,8.417,37646.393,37877.163,37904.835,244011,1268462,183148544,68886528,49854,18,2026-08-01T16:38:28.896509Z
C1,928,saturated,,false,1320.000,1.749,2.625,3.008,37663.318,37885.412,37901.834,246654,1269658,183402496,68993024,49878,2,2026-08-01T16:38:28.896509Z
C1,929,saturated,,false,1320.000,1.981,3.315,4.265,37706.078,37934.443,37960.774,249292,1270996,183672832,69091328,49880,0,2026-08-01T16:38:28.896509Z
C1,930,saturated,,false,1300.000,2.021,3.430,5.420,37754.168,37980.900,38005.801,251929,1272318,183926784,69206016,49899,0,2026-08-01T16:38:28.896509Z
C1,931,saturated,,false,1318.000,1.769,2.700,3.060,37787.198,37996.857,38027.517,254530,1273618,184188928,69287936,49880,6,2026-08-01T16:38:28.896509Z
C1,932,saturated,,false,1342.000,1.663,2.618,4.114,37722.357,37979.787,38010.524,257173,1274918,184483840,69402624,49880,0,2026-08-01T16:38:28.896509Z
C1,933,saturated,,false,1357.000,1.871,2.714,2.933,37694.109,37910.310,37943.068,259902,1276278,184705024,69509120,49867,0,2026-08-01T16:38:28.896509Z
C1,934,saturated,,false,1213.000,1.623,7.875,27.401,37748.595,38002.754,38042.668,262561,1277619,184983552,69591040,49869,16,2026-08-01T16:38:28.896509Z
C1,935,saturated,,false,1340.000,1.586,2.575,5.222,37790.308,38009.719,38029.779,265104,1278837,185204736,69697536,49900,20,2026-08-01T16:38:28.896509Z
C1,936,saturated,,false,1340.000,1.846,3.230,3.952,37801.387,38039.330,38067.478,267756,1280208,185458688,69787648,49880,0,2026-08-01T16:38:28.896509Z
C1,937,saturated,,false,1320.000,1.826,2.552,2.863,37813.897,38028.341,38056.001,270461,1281528,185745408,69902336,49900,0,2026-08-01T16:38:28.896509Z
C1,938,saturated,,false,1320.000,1.816,2.533,2.800,37797.019,38026.257,38043.060,273139,1282868,185958400,70008832,49900,20,2026-08-01T16:38:28.896509Z
C1,939,saturated,,false,1320.000,1.897,2.526,2.836,37809.476,38035.036,38065.367,275779,1284188,186171392,70090752,49900,1,2026-08-01T16:38:28.896509Z
C1,940,saturated,,false,1340.000,1.887,2.582,3.077,37813.296,38043.644,38067.847,278464,1285508,186433536,70213632,49900,2,2026-08-01T16:38:28.896509Z
C1,941,saturated,,false,1360.000,1.847,2.431,2.672,37791.470,38012.880,38039.640,281159,1286848,186728448,70328320,49900,26,2026-08-01T16:38:28.896509Z
C1,942,saturated,,false,1340.000,1.765,2.497,4.499,37754.163,37996.585,38042.254,283895,1288208,186933248,70418432,49920,0,2026-08-01T16:38:28.896509Z
C1,943,saturated,,false,1340.000,1.884,2.616,2.964,37727.438,37951.682,37982.187,286612,1289568,187187200,70533120,49920,0,2026-08-01T16:38:28.896509Z
C1,944,saturated,,false,1201.000,1.684,9.581,23.513,37800.727,38028.589,38078.917,289234,1290908,187424768,70631424,49900,20,2026-08-01T16:38:28.896509Z
C1,945,saturated,,false,1360.000,1.703,2.421,3.380,37833.680,38059.693,38077.819,291706,1292089,187662336,70729728,49920,0,2026-08-01T16:38:28.896509Z
C1,946,saturated,,false,1342.000,1.790,2.479,2.783,37836.532,38062.679,38078.398,294423,1293469,187891712,70836224,49920,21,2026-08-01T16:38:28.896509Z
C1,947,saturated,,false,1062.000,1.620,2.355,24.762,37801.025,38047.779,38076.184,297113,1294811,188129280,70926336,49539,21,2026-08-01T16:38:28.896509Z
C1,948,saturated,,false,1319.000,1.647,3.251,61.386,38063.801,38297.376,38318.492,299122,1295932,188342272,71016448,49940,0,2026-08-01T16:38:28.896509Z
C1,949,saturated,,false,1383.000,1.765,2.545,2.893,38080.523,38299.937,38343.407,301810,1297212,188604416,71131136,49946,0,2026-08-01T16:38:28.896509Z
C1,950,saturated,,false,1260.000,1.811,3.144,14.120,38072.367,38284.198,38316.645,304513,1299106,188882944,71237632,49940,0,2026-08-01T16:38:28.896509Z
C1,951,saturated,,false,1320.000,1.762,2.520,2.892,38100.770,38327.063,38344.071,307082,1300366,189120512,71327744,49940,21,2026-08-01T16:38:28.896509Z
C1,952,saturated,,false,1340.000,1.739,2.813,5.015,38132.974,38348.518,38365.150,309603,1301430,189399040,71434240,49940,0,2026-08-01T16:38:28.896509Z
C1,953,saturated,,false,1201.000,1.783,3.308,16.446,38121.143,38383.991,38398.821,312076,1302515,189652992,71524352,49948,20,2026-08-01T16:38:28.896509Z
C1,954,saturated,,false,1137.000,1.828,12.833,27.124,38271.438,38554.588,38584.200,314598,1303716,189874176,71614464,49960,0,2026-08-01T16:38:28.896509Z
C1,955,saturated,,false,1360.000,1.558,2.841,7.992,38319.100,38537.743,38555.596,317082,1304873,190144512,71704576,49960,2764,2026-08-01T16:38:28.896509Z
C1,956,saturated,,false,1373.000,1.611,2.711,3.645,38309.389,38535.024,38553.713,217,1297364,190349312,71794688,49972,163,2026-08-01T16:40:29.376130Z
C1,957,saturated,,false,1407.000,1.403,2.450,2.929,38238.805,38473.873,38501.912,6140,1309518,190349312,71868416,49960,0,2026-08-01T16:40:29.376130Z
C1,958,saturated,,false,1401.000,1.581,2.320,2.618,38189.746,38412.655,38441.300,8921,1310918,190349312,71925760,49970,0,2026-08-01T16:40:29.376130Z
C1,959,saturated,,false,1380.000,1.572,2.443,2.949,38159.325,38378.315,38399.106,11730,1312319,190349312,71991296,49980,0,2026-08-01T16:40:29.376130Z
C1,960,saturated,,false,1360.000,1.607,3.044,4.078,38131.878,38353.092,38369.986,14526,1313719,190349312,72056832,49831,14,2026-08-01T16:40:29.376130Z
C1,961,saturated,,false,1380.000,1.487,2.481,3.680,38057.659,38283.830,38302.155,17285,1315079,190349312,72122368,49582,19,2026-08-01T16:40:29.376130Z
C1,962,saturated,,false,1340.000,1.659,2.571,2.978,38082.522,38295.802,38313.117,19971,1316459,190349312,72171520,49314,0,2026-08-01T16:40:29.376130Z
C1,963,saturated,,false,1360.000,1.504,2.230,2.436,37949.624,38189.087,38211.139,22636,1317799,190349312,72237056,49280,20,2026-08-01T16:40:29.376130Z
C1,964,saturated,,false,1225.000,1.626,11.273,24.074,37908.820,38224.530,38276.624,25284,1319159,190349312,72294400,49435,0,2026-08-01T16:40:29.376130Z
C1,965,saturated,,false,1382.000,1.509,2.350,2.974,37702.791,37923.720,37959.104,27962,1320915,190349312,72351744,49338,0,2026-08-01T16:40:29.376130Z
C1,966,saturated,,false,1380.000,1.628,2.563,4.310,37681.810,37907.751,37940.447,30683,1322297,190349312,72417280,49280,0,2026-08-01T16:40:29.376130Z
C1,967,saturated,,false,1360.000,1.612,2.367,2.716,37635.042,37857.644,37871.105,31655,1322297,190349312,72450048,49326,14,2026-08-01T16:40:29.376130Z
C1,968,saturated,,false,1384.000,1.687,2.484,2.767,37594.219,37793.855,37832.749,34438,1323677,190349312,72507392,49297,1,2026-08-01T16:40:29.376130Z
C1,969,saturated,,false,1360.000,1.649,2.280,2.470,37529.495,37747.007,37764.578,37203,1324526,190349312,72564736,49331,11,2026-08-01T16:40:29.376130Z
C1,970,saturated,,false,1340.000,1.693,2.530,3.372,37507.809,37730.346,37758.062,39796,1325910,190349312,72630272,49340,0,2026-08-01T16:40:29.376130Z
C1,971,saturated,,false,1381.000,1.610,2.377,2.685,37505.513,37721.811,37741.077,42506,1327270,190349312,72695808,49319,20,2026-08-01T16:40:29.376130Z
C1,972,saturated,,false,1380.000,1.649,2.262,2.527,37431.121,37687.227,37715.615,45280,1328630,190349312,72753152,49340,0,2026-08-01T16:40:29.376130Z
C1,973,saturated,,false,1380.000,1.573,2.509,3.365,37371.173,37594.639,37632.968,48046,1330011,190349312,72810496,49360,1,2026-08-01T16:40:29.376130Z
C1,974,saturated,,false,1243.000,1.630,8.002,16.626,37361.342,37564.962,37604.968,50840,1331391,190349312,72876032,49439,18,2026-08-01T16:40:29.376130Z
C1,975,saturated,,false,1400.000,1.456,2.093,2.345,37401.344,37621.043,37649.943,53298,1332771,190349312,72933376,49340,0,2026-08-01T16:40:29.376130Z
C1,976,saturated,,false,1400.000,1.558,2.194,2.465,37334.513,37578.536,37616.034,56109,1334525,190349312,72990720,49340,19,2026-08-01T16:40:29.376130Z
C1,977,saturated,,false,1380.000,1.453,2.129,3.845,37262.580,37490.744,37509.199,58798,1335669,190349312,73056256,49360,0,2026-08-01T16:40:29.376130Z
C1,978,saturated,,false,1340.000,1.729,2.399,2.639,37252.540,37478.799,37500.941,61725,1337089,190349312,73121792,49360,13,2026-08-01T16:40:29.376130Z
C1,979,saturated,,false,1300.000,1.646,2.958,9.821,37281.225,37511.888,37539.358,64409,1338214,190349312,73187328,49400,19,2026-08-01T16:40:29.376130Z
C1,980,saturated,,false,1360.000,1.655,2.304,2.676,37278.951,37516.248,37536.169,67074,1339809,190349312,73236480,49380,0,2026-08-01T16:40:29.376130Z
C1,981,saturated,,false,1340.000,1.674,2.459,2.796,37287.762,37516.659,37537.478,69772,1340874,190349312,73302016,49380,0,2026-08-01T16:40:29.376130Z
C1,982,saturated,,false,1320.000,1.823,2.493,2.805,37183.436,37407.426,37553.913,72459,1342489,190349312,73359360,49400,0,2026-08-01T16:40:29.376130Z
C1,983,saturated,,false,1400.000,1.378,2.259,2.573,37179.535,37407.006,37443.196,75134,1343809,190349312,73416704,49360,0,2026-08-01T16:40:29.376130Z
C1,984,saturated,,false,1227.000,1.554,13.730,21.894,37237.154,37475.673,37505.985,77904,1345405,190349312,73482240,49492,3,2026-08-01T16:40:29.376130Z
C1,985,saturated,,false,1385.000,1.493,2.240,2.740,37020.710,37225.942,37252.330,80384,1346310,190349312,73531392,49360,13,2026-08-01T16:40:29.376130Z
C1,986,saturated,,false,1360.000,1.653,2.328,2.623,36995.176,37209.127,37235.247,83152,1348206,190349312,73605120,49380,0,2026-08-01T16:40:29.376130Z
C1,987,saturated,,false,1360.000,1.510,2.347,5.569,36997.425,37216.697,37256.150,85910,1349586,190349312,73670656,49400,0,2026-08-01T16:40:29.376130Z
C1,988,saturated,,false,1360.000,1.781,2.517,2.907,36934.581,37153.691,37181.897,88643,1350966,190349312,73736192,49380,17,2026-08-01T16:40:29.376130Z
C1,989,saturated,,false,1340.000,1.653,2.494,3.222,36905.685,37137.643,37155.340,91358,1352306,190349312,73785344,49380,21,2026-08-01T16:40:29.376130Z
C1,990,saturated,,false,1340.000,1.817,2.730,3.130,36849.677,37103.981,37146.138,94054,1353646,190349312,73850880,49400,20,2026-08-01T16:40:29.376130Z
C1,991,saturated,,false,1360.000,1.618,2.485,5.780,36736.052,37015.491,37043.941,96759,1355006,190349312,73916416,49380,1,2026-08-01T16:40:29.376130Z
C1,992,saturated,,false,1400.000,1.555,2.361,3.414,36635.415,36854.041,36873.621,99487,1356346,190349312,73973760,49381,20,2026-08-01T16:40:29.376130Z
C1,993,saturated,,false,943.000,1.711,26.574,39.827,36709.795,36985.659,37011.800,102284,1357747,190349312,74031104,49717,20,2026-08-01T16:40:29.376130Z
C1,994,saturated,,false,1180.000,1.512,10.402,35.143,36998.321,37330.324,37357.704,104336,1359026,190349312,74080256,49543,4,2026-08-01T16:40:29.376130Z
C1,995,saturated,,false,1365.000,1.534,2.290,2.726,37094.806,37307.750,37338.357,106606,1360029,190349312,74129408,49420,19,2026-08-01T16:40:29.376130Z
C1,996,saturated,,false,1340.000,1.661,3.155,4.529,37111.051,37341.412,37358.178,109373,1361274,190627840,74194944,49459,0,2026-08-01T16:40:29.376130Z
C1,997,saturated,,false,1380.000,1.549,2.191,2.433,37147.445,37373.339,37386.209,112113,1362654,190955520,74252288,49420,20,2026-08-01T16:40:29.376130Z
C1,998,saturated,,false,1340.000,1.597,2.680,3.123,37154.261,37380.308,37414.029,114834,1363994,191275008,74309632,49460,0,2026-08-01T16:40:29.376130Z
C1,999,saturated,,false,1356.000,1.706,2.405,2.695,37162.622,37385.596,37399.769,117549,1365374,191594496,74375168,49459,0,2026-08-01T16:40:29.376130Z
C1,1000,saturated,,false,1364.000,1.688,2.394,2.761,37137.896,37360.318,37376.596,120252,1366714,191922176,74440704,49460,0,2026-08-01T16:40:29.376130Z
C1,1001,saturated,,false,1340.000,1.679,2.365,2.700,37139.137,37345.267,37383.265,122994,1368094,192233472,74498048,49460,0,2026-08-01T16:40:29.376130Z
C1,1002,saturated,,false,1250.000,1.623,3.169,14.944,37146.271,37381.185,37428.794,125649,1369689,192544768,74555392,49459,0,2026-08-01T16:40:29.376130Z
C1,1003,saturated,,false,1340.000,1.775,2.474,3.016,37166.530,37394.844,37414.859,128210,1370683,192847872,74612736,49460,24,2026-08-01T16:40:29.376130Z
C1,1004,saturated,,false,1207.000,1.516,15.374,26.944,37257.510,37447.747,37483.998,130783,1372279,193126400,74670080,49533,12,2026-08-01T16:40:29.376130Z
C1,1005,saturated,,false,1380.000,1.573,2.274,2.673,37294.008,37525.139,37553.460,133208,1373559,193355776,74727424,49460,11,2026-08-01T16:40:29.376130Z
C1,1006,saturated,,false,1360.000,1.670,2.477,2.822,37288.952,37516.571,37536.983,135998,1374611,193691648,74784768,49481,19,2026-08-01T16:40:29.376130Z
C1,1007,saturated,,false,1340.000,1.558,2.217,2.483,37315.653,37551.839,37567.700,138703,1375972,194002944,74850304,49460,0,2026-08-01T16:40:29.376130Z
C1,1008,saturated,,false,1360.000,1.662,2.385,3.263,37301.263,37535.006,37553.670,141430,1377311,194322432,74915840,49480,0,2026-08-01T16:40:29.376130Z
C1,1009,saturated,,false,1340.000,1.743,2.505,2.923,37316.811,37542.066,37574.375,144173,1378691,194641920,74973184,49500,0,2026-08-01T16:40:29.376130Z
C1,1010,saturated,,false,1360.000,1.679,2.449,2.803,37350.695,37581.255,37596.428,146857,1380051,194920448,75030528,49480,0,2026-08-01T16:40:29.376130Z
C1,1011,saturated,,false,1369.000,1.646,2.270,2.677,37358.555,37597.435,37622.406,149583,1381391,195158016,75096064,49476,20,2026-08-01T16:40:29.376130Z
C1,1012,saturated,,false,1351.000,1.701,2.403,2.754,37302.272,37492.744,37522.087,152338,1382751,195461120,75153408,49500,19,2026-08-01T16:40:29.376130Z
C1,1013,saturated,,false,1340.000,1.716,2.357,2.683,37294.054,37524.957,37542.202,155070,1384131,195731456,75210752,49520,0,2026-08-01T16:40:29.376130Z
C1,1014,saturated,,false,1222.000,1.565,8.887,15.962,37367.112,37671.646,37700.586,157767,1385491,196009984,75276288,49538,0,2026-08-01T16:40:29.376130Z
C1,1015,saturated,,false,1420.000,1.414,2.144,2.378,37448.789,37672.367,37694.077,160237,1386731,196419584,75358208,49480,1843,2026-08-01T16:40:29.376130Z
C1,1016,saturated,,false,1360.000,1.610,2.198,2.826,37416.235,37631.040,37648.655,162607,1386425,196861952,75415552,49520,0,2026-08-01T16:40:29.376130Z
C1,1017,saturated,,false,1363.000,1.612,2.435,2.871,37383.097,37611.495,37640.593,165361,1387825,197124096,75481088,49519,0,2026-08-01T16:40:29.376130Z
C1,1018,saturated,,false,1378.000,1.719,2.312,2.660,37374.638,37597.286,37616.818,168121,1389186,197410816,75546624,49500,0,2026-08-01T16:40:29.376130Z
C1,1019,saturated,,false,1360.000,1.671,2.375,2.828,37340.894,37563.352,37583.130,170852,1390546,197697536,75595776,49500,21,2026-08-01T16:40:29.376130Z
C1,1020,saturated,,false,1360.000,1.677,2.335,2.567,37321.090,37541.114,37568.667,173452,1391906,197984256,75661312,49520,17,2026-08-01T16:40:29.376130Z
C1,1021,saturated,,false,1328.000,1.778,2.521,2.862,37283.782,37571.192,37609.525,176204,1393286,198295552,75726848,49559,0,2026-08-01T16:40:29.376130Z
C1,1022,saturated,,false,1372.000,1.713,2.353,2.659,37302.290,37477.486,37503.805,178887,1394646,198541312,75784192,49520,20,2026-08-01T16:40:29.376130Z
C1,1023,saturated,,false,1320.000,1.778,2.563,3.016,37276.878,37497.932,37525.871,181627,1395986,198819840,75841536,49540,20,2026-08-01T16:40:29.376130Z
C1,1024,saturated,,false,1159.000,1.622,12.711,22.881,37347.959,37660.335,37698.310,184294,1397326,199098368,75898880,49561,18,2026-08-01T16:40:29.376130Z
C1,1025,saturated,,false,1340.000,1.713,2.530,2.828,37459.420,37685.979,37706.150,186588,1398761,199385088,75956224,49559,21,2026-08-01T16:40:29.376130Z
C1,1026,saturated,,false,1380.000,1.635,2.253,2.588,37457.612,37675.115,37703.131,189337,1399825,199622656,76029952,49520,20,2026-08-01T16:40:29.376130Z
C1,1027,saturated,,false,1360.000,1.711,2.390,2.777,37437.067,37654.946,37681.221,191972,1401185,199901184,76087296,49540,20,2026-08-01T16:40:29.376130Z
C1,1028,saturated,,false,1340.000,1.716,2.307,2.584,37427.346,37646.742,37667.693,194710,1402565,200212480,76144640,49560,20,2026-08-01T16:40:29.376130Z
C1,1029,saturated,,false,1380.000,1.791,2.439,3.125,37416.244,37633.605,37653.738,197442,1403925,200491008,76210176,49560,0,2026-08-01T16:40:29.376130Z
C1,1030,saturated,,false,1380.000,1.675,2.303,2.816,37434.390,37655.422,37680.704,200178,1405305,200777728,76275712,49555,13,2026-08-01T16:40:29.376130Z
C1,1031,saturated,,false,1320.000,1.835,2.479,2.826,37188.313,37363.186,37394.226,202958,1406680,201056256,76324864,49580,20,2026-08-01T16:40:29.376130Z
C1,1032,saturated,,false,1400.000,1.689,2.434,4.268,37006.430,37227.349,37248.884,205653,1408025,201342976,76390400,49575,5,2026-08-01T16:40:29.376130Z
C1,1033,saturated,,false,1360.000,1.719,2.535,2.910,37018.241,37232.808,37252.309,208439,1409420,201596928,76455936,49580,0,2026-08-01T16:40:29.376130Z
C1,1034,saturated,,false,1163.000,1.735,7.775,34.375,37095.321,37348.587,37382.970,211181,1410785,201834496,76513280,49584,15,2026-08-01T16:40:29.376130Z
C1,1035,saturated,,false,1380.000,1.582,2.501,2.881,37147.315,37367.029,37389.893,213509,1411952,202039296,76570624,49546,14,2026-08-01T16:40:29.376130Z
C1,1036,saturated,,false,1360.000,1.667,2.313,2.605,37114.356,37339.796,37355.260,216288,1413294,202293248,76636160,49592,8,2026-08-01T16:40:29.376130Z
C1,1037,saturated,,false,1360.000,1.645,2.572,5.194,37113.925,37336.564,37359.643,219050,1414700,202555392,76685312,49600,0,2026-08-01T16:40:29.376130Z
C1,1038,saturated,,false,1360.000,1.746,2.477,3.095,37109.789,37334.596,37350.939,221794,1416068,202801152,76750848,49580,18,2026-08-01T16:40:29.376130Z
C1,1039,saturated,,false,1360.000,1.704,2.324,2.575,37072.481,37319.036,37363.628,224515,1417408,203063296,76816384,49580,23,2026-08-01T16:40:29.376130Z
C1,1040,saturated,,false,1320.000,1.858,2.510,2.803,37028.764,37248.811,37280.580,227231,1419023,203300864,76873728,49617,3,2026-08-01T16:40:29.376130Z
C1,1041,saturated,,false,1320.000,1.817,2.539,2.881,36995.634,37241.383,37272.793,229911,1420636,203546624,76931072,49621,19,2026-08-01T16:40:29.376130Z
C1,1042,saturated,,false,1352.000,1.816,2.515,2.855,36972.081,37199.572,37217.054,232562,1421704,203776000,76996608,49615,0,2026-08-01T16:40:29.376130Z
C1,1043,saturated,,false,1379.000,1.554,2.396,3.268,36969.181,37200.339,37230.702,235275,1422788,204038144,77045760,49610,0,2026-08-01T16:40:29.376130Z
C1,1044,saturated,,false,1236.000,1.518,12.880,20.947,37012.028,37238.264,37268.578,238021,1424168,204267520,77111296,49595,5,2026-08-01T16:40:29.376130Z
C1,1045,saturated,,false,1360.000,1.670,2.534,3.227,37030.925,37257.738,37275.715,240541,1425645,204521472,77176832,49620,13,2026-08-01T16:40:29.376130Z
C1,1046,saturated,,false,1380.000,1.711,2.364,2.688,37030.558,37252.162,37269.007,243282,1426775,204759040,77225984,49620,0,2026-08-01T16:40:29.376130Z
C1,1047,saturated,,false,1340.000,1.700,2.610,5.232,37008.375,37235.670,37252.413,246044,1428155,205029376,77299712,49640,0,2026-08-01T16:40:29.376130Z
C1,1048,saturated,,false,1360.000,1.806,2.445,2.731,37018.992,37243.975,37265.718,248734,1429515,205307904,77406208,49620,0,2026-08-01T16:40:29.376130Z
C1,1049,saturated,,false,1340.000,1.754,2.601,3.072,37035.968,37256.619,37276.029,251458,1430855,205529088,77504512,49640,0,2026-08-01T16:40:29.376130Z
C1,1050,saturated,,false,1320.000,1.810,2.673,3.353,37058.777,37279.259,37295.149,254164,1432215,205807616,77619200,49660,0,2026-08-01T16:40:29.376130Z
C1,1051,saturated,,false,1360.000,1.707,2.325,2.686,36997.424,37238.034,37282.116,256848,1433555,206053376,77725696,49640,20,2026-08-01T16:40:29.376130Z
C1,1052,saturated,,false,1340.000,1.788,2.532,2.909,36984.521,37210.673,37226.144,259556,1434895,206315520,77824000,49640,20,2026-08-01T16:40:29.376130Z
C1,1053,saturated,,false,1372.000,1.800,2.483,2.822,37005.773,37225.989,37251.191,262280,1436235,206561280,77930496,49659,1,2026-08-01T16:40:29.376130Z
C1,1054,saturated,,false,1179.000,1.615,12.749,31.012,37084.062,37307.397,37336.561,264988,1437615,206798848,78028800,49640,15,2026-08-01T16:40:29.376130Z
C1,1055,saturated,,false,1399.000,1.620,2.441,5.798,37137.623,37350.686,37379.282,267425,1439040,207044608,78127104,49640,0,2026-08-01T16:40:29.376130Z
C1,1056,saturated,,false,1340.000,1.741,2.418,2.756,37120.249,37340.399,37370.467,270206,1440185,207265792,78241792,49660,21,2026-08-01T16:40:29.376130Z
C1,1057,saturated,,false,1380.000,1.632,2.371,2.868,37122.573,37346.121,37368.016,272930,1442056,207544320,78348288,49661,0,2026-08-01T16:40:29.376130Z
C1,1058,saturated,,false,1341.000,1.877,2.715,3.354,37120.484,37350.880,37368.663,275531,1442925,207773696,78438400,49660,2,2026-08-01T16:40:29.376130Z
C1,1059,saturated,,false,1379.000,1.737,2.516,3.001,37124.534,37335.844,37366.111,278250,1444265,208044032,78544896,49660,0,2026-08-01T16:40:29.376130Z
C1,1060,saturated,,false,1320.000,1.957,2.721,3.563,37112.505,37319.646,37349.450,281000,1445645,208257024,78651392,49680,1,2026-08-01T16:40:29.376130Z
C1,1061,saturated,,false,1360.000,1.720,2.456,2.974,37045.337,37333.555,37348.105,283681,1446985,208535552,78757888,49680,8,2026-08-01T16:40:29.376130Z
C1,1062,saturated,,false,1361.000,1.817,2.415,3.121,36960.530,37182.477,37218.833,286405,1448345,208756736,78856192,49680,5,2026-08-01T16:40:29.376130Z
C1,1063,saturated,,false,1359.000,1.737,2.340,2.582,36944.421,37162.806,37182.615,289160,1449705,209018880,78962688,49700,0,2026-08-01T16:40:29.376130Z
C1,1064,saturated,,false,1201.000,1.727,6.833,36.541,37052.434,37266.916,37307.997,291844,1451085,209256448,79069184,49694,4,2026-08-01T16:40:29.376130Z
C1,1065,saturated,,false,1380.000,1.648,2.266,2.545,37051.020,37274.492,37296.997,294328,1452535,209477632,79159296,49698,2,2026-08-01T16:40:29.376130Z
C1,1066,saturated,,false,1320.000,1.871,2.585,2.905,37066.302,37285.244,37314.783,297070,1453919,209723392,79282176,49700,1,2026-08-01T16:40:29.376130Z
C1,1067,saturated,,false,1381.000,1.591,2.283,4.917,37078.630,37306.848,37324.465,299774,1454986,209969152,79388672,49720,0,2026-08-01T16:40:29.376130Z
C1,1068,saturated,,false,1342.000,1.819,2.429,2.687,37090.527,37316.914,37348.386,302497,1456387,210206720,79478784,49703,0,2026-08-01T16:40:29.376130Z
C1,1069,saturated,,false,1340.000,1.736,2.392,3.018,37106.699,37325.157,37354.156,305183,1457709,210477056,79585280,49719,21,2026-08-01T16:40:29.376130Z
C1,1070,saturated,,false,1340.000,1.833,2.468,3.043,37133.939,37352.285,37380.150,307885,1459049,210706432,79683584,49720,0,2026-08-01T16:40:29.376130Z
C1,1071,saturated,,false,1360.000,1.763,2.402,2.724,37105.812,37366.004,37387.705,310590,1460409,210952192,79781888,49721,0,2026-08-01T16:40:29.376130Z
C1,1072,saturated,,false,1340.000,1.847,2.434,2.629,37001.005,37214.250,37243.140,313312,1461769,211206144,79896576,49720,0,2026-08-01T16:40:29.376130Z
C1,1073,saturated,,false,1341.000,1.775,2.451,2.691,37031.123,37252.231,37268.131,316019,1463109,211435520,79986688,49713,20,2026-08-01T16:40:29.376130Z
C1,1074,saturated,,false,1199.000,1.733,3.612,24.453,37084.418,37271.441,37291.985,318686,1464449,211697664,80093184,49720,20,2026-08-01T16:40:29.376130Z
C1,1075,saturated,,false,1420.000,1.447,2.198,3.206,37135.950,37363.041,37401.072,321183,1465904,211910656,80191488,49720,2363,2026-08-01T16:40:29.376130Z
C1,1076,saturated,,false,1400.000,1.438,2.045,2.371,37086.033,37309.782,37324.543,555,1457277,212180992,80281600,49720,401,2026-08-01T16:42:29.133568Z
C1,1077,saturated,,false,1420.000,1.413,2.300,2.811,37057.322,37276.351,37301.875,5861,1469781,212180992,80338944,49699,0,2026-08-01T16:42:29.133568Z
C1,1078,saturated,,false,1380.000,1.643,2.279,2.564,36976.700,37195.042,37218.678,8705,1470926,212180992,80404480,49740,0,2026-08-01T16:42:29.133568Z
C1,1079,saturated,,false,1340.000,1.736,2.456,2.912,36964.031,37190.732,37213.057,11448,1472346,212180992,80470016,49740,0,2026-08-01T16:42:29.133568Z
C1,1080,saturated,,false,1380.000,1.541,2.444,3.786,36958.979,37184.167,37205.608,14176,1473686,212180992,80535552,49740,21,2026-08-01T16:42:29.133568Z
C1,1081,saturated,,false,1400.000,1.657,2.232,2.504,36892.594,37150.610,37195.389,16966,1475066,212180992,80592896,49726,18,2026-08-01T16:42:29.133568Z
C1,1082,saturated,,false,1360.000,1.620,2.314,2.777,36852.789,37086.946,37101.465,19763,1476452,212180992,80650240,49744,20,2026-08-01T16:42:29.133568Z
C1,1083,saturated,,false,1400.000,1.712,2.390,2.624,36834.084,37060.340,37076.455,22525,1477830,212180992,80715776,49743,20,2026-08-01T16:42:29.133568Z
C1,1084,saturated,,false,1159.000,1.477,8.953,33.199,36923.799,37175.135,37205.185,25242,1479226,212180992,80773120,49761,23,2026-08-01T16:42:29.133568Z
C1,1085,saturated,,false,1380.000,1.484,2.302,3.481,36944.078,37161.661,37190.234,27689,1481106,212180992,80830464,49775,5,2026-08-01T16:42:29.133568Z
C1,1086,saturated,,false,1360.000,1.595,2.278,5.730,36928.139,37161.315,37180.114,30438,1481106,212180992,80896000,49780,0,2026-08-01T16:42:29.133568Z
C1,1087,saturated,,false,1400.000,1.595,2.418,3.181,36901.892,37134.182,37159.341,33192,1482465,212180992,80953344,49760,0,2026-08-01T16:42:29.133568Z
C1,1088,saturated,,false,1404.000,1.496,2.389,2.675,36853.684,37072.123,37096.283,36016,1483845,212180992,81018880,49772,8,2026-08-01T16:42:29.133568Z
C1,1089,saturated,,false,1340.000,1.665,2.412,2.707,36835.747,37065.258,37085.103,38769,1485265,212180992,81076224,49780,0,2026-08-01T16:42:29.133568Z
C1,1090,saturated,,false,1421.000,1.498,2.172,2.433,36809.864,37035.965,37050.987,41549,1486629,212180992,81141760,49780,0,2026-08-01T16:42:29.133568Z
C1,1091,saturated,,false,1360.000,1.725,2.540,3.022,36737.135,36993.201,37038.555,44213,1488029,212180992,81207296,49780,20,2026-08-01T16:42:29.133568Z
C1,1092,saturated,,false,1362.000,1.544,2.996,18.723,36690.880,36900.962,36921.407,47090,1489415,212180992,81256448,49780,20,2026-08-01T16:42:29.133568Z
C1,1093,saturated,,false,1340.000,1.620,4.675,12.278,36714.313,36932.797,36948.614,49777,1490790,212180992,81321984,49800,0,2026-08-01T16:42:29.133568Z
C1,1094,saturated,,false,1236.000,1.430,12.758,20.577,36730.171,37023.564,37053.409,52469,1492812,212180992,81379328,49780,0,2026-08-01T16:42:29.133568Z
C1,1095,saturated,,false,1360.000,1.662,2.435,2.840,36797.463,37017.763,37046.140,55013,1494028,212180992,81436672,49800,0,2026-08-01T16:42:29.133568Z
C1,1096,saturated,,false,1360.000,1.609,2.272,2.550,36789.810,37009.620,37039.974,57748,1495408,212180992,81502208,49809,11,2026-08-01T16:42:29.133568Z
C1,1097,saturated,,false,1380.000,1.463,2.456,3.016,36774.719,36997.347,37043.618,60473,1496777,212180992,81567744,49808,12,2026-08-01T16:42:29.133568Z
C1,1098,saturated,,false,1380.000,1.681,2.417,2.847,36744.199,36968.588,36997.478,63131,1498156,212180992,81625088,49800,20,2026-08-01T16:42:29.133568Z
C1,1099,saturated,,false,1360.000,1.747,2.577,3.067,36742.183,36957.488,36987.834,65889,1499528,212180992,81682432,49820,0,2026-08-01T16:42:29.133568Z
C1,1100,saturated,,false,1400.000,1.537,2.350,2.736,36747.430,36970.804,36996.879,68574,1500908,212180992,81747968,49800,0,2026-08-01T16:42:29.133568Z
C1,1101,saturated,,false,852.000,1.451,30.244,71.344,36952.475,37199.731,37215.764,71028,1502288,212180992,81788928,49820,7,2026-08-01T16:42:29.133568Z
C1,1102,saturated,,false,1340.000,1.609,2.629,3.212,36985.435,37211.064,37241.306,73205,1502288,212180992,81846272,49820,19,2026-08-01T16:42:29.133568Z
C1,1103,saturated,,false,1380.000,1.517,2.719,3.698,37000.543,37218.655,37245.660,75956,1503820,212180992,81911808,49840,0,2026-08-01T16:42:29.133568Z
C1,1104,saturated,,false,1216.000,1.439,9.204,44.065,36986.574,37178.103,37192.107,78737,1505435,212180992,81969152,49840,0,2026-08-01T16:42:29.133568Z
C1,1105,saturated,,false,1460.000,1.398,2.253,3.888,37046.331,37272.599,37310.585,81300,1507116,212180992,82026496,49821,19,2026-08-01T16:42:29.133568Z
C1,1106,saturated,,false,1321.000,1.467,2.275,2.856,37002.054,37240.515,37272.826,83990,1508557,212180992,82092032,49840,0,2026-08-01T16:42:29.133568Z
C1,1107,saturated,,false,1341.000,1.684,2.696,4.156,36998.855,37218.819,37239.870,86787,1508557,212180992,82157568,49860,0,2026-08-01T16:42:29.133568Z
C1,1108,saturated,,false,1379.000,1.600,2.499,2.938,37001.979,37221.914,37237.499,89504,1510577,212180992,82214912,49840,20,2026-08-01T16:42:29.133568Z
C1,1109,saturated,,false,1340.000,1.749,2.455,2.717,36989.349,37220.769,37237.929,92225,1511937,212180992,82280448,49860,0,2026-08-01T16:42:29.133568Z
C1,1110,saturated,,false,1360.000,1.585,2.482,3.356,36985.929,37204.352,37222.536,94967,1513279,212180992,82345984,49840,18,2026-08-01T16:42:29.133568Z
C1,1111,saturated,,false,1360.000,1.670,2.320,2.607,36928.373,37195.441,37214.148,97699,1514912,212180992,82395136,49858,2,2026-08-01T16:42:29.133568Z
C1,1112,saturated,,false,1380.000,1.495,2.267,2.769,36893.112,37111.773,37129.211,100416,1516017,212180992,82460672,49840,22,2026-08-01T16:42:29.133568Z
C1,1113,saturated,,false,1340.000,1.667,2.301,2.813,36921.290,37149.853,37166.227,103200,1517632,212180992,82526208,49860,21,2026-08-01T16:42:29.133568Z
C1,1114,saturated,,false,1204.000,1.536,7.736,20.065,36986.411,37178.427,37208.437,105809,1518757,212443136,82575360,49860,0,2026-08-01T16:42:29.133568Z
C1,1115,saturated,,false,1360.000,1.617,2.344,2.782,37081.056,37294.623,37320.059,108359,1520621,212672512,82640896,49880,0,2026-08-01T16:42:29.133568Z
C1,1116,saturated,,false,1360.000,1.739,2.516,2.812,37119.817,37326.705,37352.418,111060,1522001,212967424,82698240,49860,0,2026-08-01T16:42:29.133568Z
C1,1117,saturated,,false,1340.000,1.439,3.200,10.203,37104.326,37327.094,37351.180,113750,1523852,213303296,82755584,49880,0,2026-08-01T16:42:29.133568Z
C1,1118,saturated,,false,1300.000,1.774,3.304,5.985,37133.699,37355.603,37387.737,116327,1524701,213614592,82821120,49880,15,2026-08-01T16:42:29.133568Z
C1,1119,saturated,,false,1340.000,1.823,2.674,3.077,37191.192,37420.403,37449.781,118975,1526021,213925888,82878464,49880,20,2026-08-01T16:42:29.133568Z
C1,1120,saturated,,false,1360.000,1.752,2.277,2.529,37203.724,37424.667,37449.978,121815,1527596,214245376,82935808,49888,14,2026-08-01T16:42:29.133568Z
C1,1121,saturated,,false,1420.000,1.550,2.319,2.558,37195.194,37425.479,37443.860,124442,1528710,214573056,83001344,49860,0,2026-08-01T16:42:29.133568Z
C1,1122,saturated,,false,1340.000,1.731,2.518,3.006,37065.789,37291.584,37309.542,127221,1530356,214900736,83066880,49880,6,2026-08-01T16:42:29.133568Z
C1,1123,saturated,,false,1360.000,1.720,2.390,2.679,37079.196,37298.324,37315.459,129961,1531716,215171072,83124224,49880,13,2026-08-01T16:42:29.133568Z
C1,1124,saturated,,false,1208.000,1.746,9.051,21.228,37120.634,37408.092,37448.002,132577,1533076,215457792,83181568,49881,20,2026-08-01T16:42:29.133568Z
C1,1125,saturated,,false,1386.000,1.512,2.804,4.178,37212.368,37435.404,37456.130,135151,1534030,215760896,83238912,49911,0,2026-08-01T16:42:29.133568Z
C1,1126,saturated,,false,1361.000,1.627,2.495,3.422,37228.635,37458.180,37481.593,137890,1535435,216080384,83296256,49900,0,2026-08-01T16:42:29.133568Z
C1,1127,saturated,,false,1400.000,1.509,2.452,3.200,37219.671,37435.783,37458.238,140553,1537051,216399872,83361792,49900,20,2026-08-01T16:42:29.133568Z
C1,1128,saturated,,false,1400.000,1.708,2.704,3.465,37211.285,37443.218,37459.257,143369,1538196,216719360,83427328,49900,0,2026-08-01T16:42:29.133568Z
C1,1129,saturated,,false,1341.000,1.637,2.503,3.472,37208.825,37436.673,37461.465,146114,1539596,217030656,83492864,49902,20,2026-08-01T16:42:29.133568Z
C1,1130,saturated,,false,1340.000,1.727,2.680,3.699,37193.153,37411.741,37442.626,148827,1540937,217325568,83542016,49920,20,2026-08-01T16:42:29.133568Z
C1,1131,saturated,,false,1360.000,1.670,2.480,2.921,37215.871,37442.563,37474.432,151543,1542297,217587712,83607552,49939,0,2026-08-01T16:42:29.133568Z
C1,1132,saturated,,false,1320.000,1.842,2.475,2.837,37130.877,37351.563,37367.287,154262,1543657,217890816,83673088,49940,21,2026-08-01T16:42:29.133568Z
C1,1133,saturated,,false,1383.000,1.697,2.649,2.940,37131.162,37361.439,37381.941,157009,1544997,218202112,83730432,49940,0,2026-08-01T16:42:29.133568Z
C1,1134,saturated,,false,1121.000,1.729,6.659,100.683,37224.781,37524.227,37551.088,159499,1546380,218431488,83787776,49940,0,2026-08-01T16:42:29.133568Z
C1,1135,saturated,,false,1420.000,1.421,2.037,2.283,37300.742,37521.409,37550.632,162181,1546640,218955776,83869696,49940,0,2026-08-01T16:42:29.133568Z
C1,1136,saturated,,false,1340.000,1.652,2.626,3.324,37309.936,37534.624,37555.086,164793,1547805,219217920,83927040,49940,20,2026-08-01T16:42:29.133568Z
C1,1137,saturated,,false,1360.000,1.627,2.472,2.832,37303.579,37535.115,37551.111,167684,1549400,219504640,83992576,49960,21,2026-08-01T16:42:29.133568Z
C1,1138,saturated,,false,1340.000,1.757,2.483,2.808,37136.715,37513.359,37558.130,170412,1550525,219832320,84058112,49960,16,2026-08-01T16:42:29.133568Z
C1,1139,saturated,,false,1360.000,1.723,2.450,2.702,36965.899,37187.445,37214.950,173096,1551865,220127232,84107264,49960,0,2026-08-01T16:42:29.133568Z
C1,1140,saturated,,false,1300.000,1.742,3.309,5.268,36968.069,37202.807,37247.561,175763,1553225,220372992,84172800,49974,6,2026-08-01T16:42:29.133568Z
C1,1141,saturated,,false,1362.000,1.552,2.547,2.933,37028.607,37251.835,37268.290,178508,1554794,220651520,84238336,49980,0,2026-08-01T16:42:29.133568Z
C1,1142,saturated,,false,1320.000,1.822,2.576,3.226,36949.725,37174.499,37204.997,181197,1555907,220962816,84287488,49575,18,2026-08-01T16:42:29.133568Z
C1,1143,saturated,,false,1340.000,1.821,2.789,3.616,36991.768,37207.639,37251.769,183848,1557482,221249536,84353024,49811,0,2026-08-01T16:42:29.133568Z
C1,1144,saturated,,false,1163.000,1.780,11.664,19.899,37046.343,37354.137,37397.406,186297,1558567,221503488,84402176,49998,0,2026-08-01T16:42:29.133568Z
C1,1145,saturated,,false,1379.000,1.549,2.508,2.958,37125.136,37337.440,37364.957,188982,1560003,221741056,84467712,49320,0,2026-08-01T16:42:29.133568Z
C1,1146,saturated,,false,1124.000,1.830,7.870,85.380,37238.631,37471.828,37510.416,189777,1560003,221896704,84500480,49477,19,2026-08-01T16:42:29.133568Z
C1,1147,saturated,,false,1360.000,1.658,2.766,4.634,37303.853,37527.387,37551.180,192072,1561128,222142464,84557824,49320,1,2026-08-01T16:42:29.133568Z
C1,1148,saturated,,false,1220.000,1.876,4.945,13.264,37332.788,37541.449,37563.625,194762,1562253,222453760,84615168,49440,0,2026-08-01T16:42:29.133568Z
C1,1149,saturated,,false,1341.000,1.922,3.071,6.955,37402.854,37621.353,37636.630,197246,1563613,222732288,84672512,49341,16,2026-08-01T16:42:29.133568Z
C1,1150,saturated,,false,1320.000,1.828,2.541,3.039,37415.179,37645.844,37667.496,199794,1564853,223010816,84729856,49360,0,2026-08-01T16:42:29.133568Z
C1,1151,saturated,,false,1340.000,1.775,3.038,3.446,37449.865,37675.341,37697.588,202475,1566194,223289344,84787200,49340,0,2026-08-01T16:42:29.133568Z
C1,1152,saturated,,false,1344.000,1.976,2.803,3.478,37394.413,37648.098,37692.630,205281,1567514,223567872,84852736,49359,22,2026-08-01T16:42:29.133568Z
C1,1153,saturated,,false,1320.000,1.962,3.051,3.945,37366.424,37596.551,37614.898,207864,1568854,223846400,84910080,49360,0,2026-08-01T16:42:29.133568Z
C1,1154,saturated,,false,1064.000,2.194,10.085,20.125,37447.068,37660.111,37809.061,210485,1570453,224100352,84967424,49596,0,2026-08-01T16:42:29.133568Z
C1,1155,saturated,,false,1380.000,1.534,3.039,8.430,37574.537,37788.159,37814.557,212693,1571518,224296960,85016576,49340,22,2026-08-01T16:42:29.133568Z
C1,1156,saturated,,false,1320.000,1.776,2.791,6.960,37561.256,37771.496,37791.349,215425,1572602,224559104,85082112,49400,0,2026-08-01T16:42:29.133568Z
C1,1157,saturated,,false,1320.000,1.787,3.363,4.401,37566.078,37782.856,37809.594,218107,1573982,224813056,85131264,49380,0,2026-08-01T16:42:29.133568Z
C1,1158,saturated,,false,1340.000,1.791,2.478,2.756,37577.118,37798.486,37815.155,220725,1575302,225091584,85196800,49380,23,2026-08-01T16:42:29.133568Z
C1,1159,saturated,,false,1360.000,1.751,2.593,3.818,37603.951,37821.076,37850.701,223425,1576622,225329152,85262336,49361,20,2026-08-01T16:42:29.133568Z
C1,1160,saturated,,false,1320.000,1.792,2.541,3.142,37631.700,37838.286,37869.547,226143,1577982,225574912,85311488,49400,0,2026-08-01T16:42:29.133568Z
C1,1161,saturated,,false,1320.000,1.910,2.622,2.929,37659.763,37886.924,37913.038,228817,1579322,225837056,85377024,49380,0,2026-08-01T16:42:29.133568Z
C1,1162,saturated,,false,1361.000,1.717,2.406,2.824,37612.949,37854.846,37901.226,231449,1580662,226050048,85442560,49379,0,2026-08-01T16:42:29.133568Z
C1,1163,saturated,,false,1380.000,1.616,2.342,2.789,37560.210,37785.237,37814.816,234218,1581982,226320384,85491712,49360,4,2026-08-01T16:42:29.133568Z
C1,1164,saturated,,false,964.000,1.713,4.372,184.112,37621.035,37965.174,38037.195,236961,1583343,226541568,85581824,49756,4,2026-08-01T16:42:29.133568Z
C1,1165,saturated,,false,1285.000,1.680,4.116,23.433,37891.900,38128.491,38148.505,239024,1584723,226754560,85663744,49411,19,2026-08-01T16:42:29.133568Z
C1,1166,saturated,,false,1380.000,1.646,2.552,4.724,37930.110,38149.711,38175.745,241529,1586323,226983936,85762048,49400,0,2026-08-01T16:42:29.133568Z
C1,1167,saturated,,false,1223.000,1.857,4.259,10.128,38027.652,38278.565,38303.572,244220,1587692,227262464,85852160,49399,18,2026-08-01T16:42:29.133568Z
C1,1168,saturated,,false,1323.000,1.779,2.469,3.006,38052.263,38268.831,38283.792,246717,1587692,227532800,85950464,49420,0,2026-08-01T16:42:29.133568Z
C1,1169,saturated,,false,1321.000,1.868,2.873,4.315,38069.904,38289.125,38306.564,249406,1589575,227762176,86065152,49416,0,2026-08-01T16:42:29.133568Z
C1,1170,saturated,,false,1320.000,1.883,3.723,4.402,38097.165,38307.521,38339.128,252070,1590915,228032512,86163456,49420,21,2026-08-01T16:42:29.133568Z
C1,1171,saturated,,false,1340.000,1.850,2.405,2.685,38110.821,38327.637,38357.933,254716,1592239,228286464,86261760,49420,0,2026-08-01T16:42:29.133568Z
C1,1172,saturated,,false,1360.000,1.647,2.400,3.017,38113.893,38334.217,38354.831,257264,1593559,228515840,86368256,49420,19,2026-08-01T16:42:29.133568Z
C1,1173,saturated,,false,1320.000,1.897,2.500,2.759,37977.616,38203.830,38239.425,260013,1594899,228802560,86482944,49420,19,2026-08-01T16:42:29.133568Z
C1,1174,saturated,,false,1162.000,1.697,9.407,23.683,38053.896,38357.184,38383.481,262658,1596279,229007360,86573056,49561,3,2026-08-01T16:42:29.133568Z
C1,1175,saturated,,false,1360.000,1.753,2.459,2.757,38140.779,38357.204,38387.728,265032,1597599,229244928,86671360,49440,19,2026-08-01T16:42:29.133568Z
C1,1176,saturated,,false,1360.000,1.687,2.360,2.661,38153.320,38370.420,38390.118,267766,1599292,229482496,86769664,49430,12,2026-08-01T16:42:29.133568Z
C1,1177,saturated,,false,1380.000,1.609,2.297,6.124,38129.810,38352.183,38378.555,270480,1600811,229736448,86876160,49400,18,2026-08-01T16:42:29.133568Z
C1,1178,saturated,,false,1321.000,1.665,2.507,3.052,38104.272,38324.901,38352.539,273247,1601992,230006784,86982656,49460,20,2026-08-01T16:42:29.133568Z
C1,1179,saturated,,false,1339.000,1.866,2.773,7.397,38137.455,38354.646,38396.485,275945,1603116,230244352,87080960,49438,10,2026-08-01T16:42:29.133568Z
C1,1180,saturated,,false,1340.000,1.802,2.415,3.597,38136.201,38358.277,38378.864,278590,1604436,230506496,87187456,49427,20,2026-08-01T16:42:29.133568Z
C1,1181,saturated,,false,1340.000,1.808,2.519,2.944,38117.151,38339.128,38354.417,281304,1605532,230735872,87293952,49445,0,2026-08-01T16:42:29.133568Z
C1,1182,saturated,,false,1340.000,1.724,2.379,2.638,38105.133,38323.358,38342.990,283988,1606861,230989824,87384064,49460,7,2026-08-01T16:42:29.133568Z
C1,1183,saturated,,false,1238.000,1.895,5.201,7.123,38062.813,38290.743,38321.124,286691,1608202,231235584,87490560,49466,0,2026-08-01T16:42:29.133568Z
C1,1184,saturated,,false,1125.000,2.012,8.869,24.342,38187.696,38362.182,38377.913,289180,1609561,231489536,87572480,49557,8,2026-08-01T16:42:29.133568Z
C1,1185,saturated,,false,1300.000,1.820,3.525,6.641,38106.872,38328.748,38357.762,291459,1610801,231718912,87670784,49480,0,2026-08-01T16:42:29.133568Z
C1,1186,saturated,,false,1283.000,1.877,4.187,11.281,38141.878,38366.926,38395.105,294073,1612584,231956480,87785472,49497,20,2026-08-01T16:42:29.133568Z
C1,1187,saturated,,false,1280.000,1.964,3.452,4.528,38114.920,38336.580,38356.015,296654,1613884,232218624,87875584,49480,4,2026-08-01T16:42:29.133568Z
C1,1188,saturated,,false,845.000,2.759,33.157,73.142,38295.368,38500.380,38519.415,299198,1615147,232448000,87973888,49756,0,2026-08-01T16:42:29.133568Z
C1,1189,saturated,,false,1280.000,1.865,3.680,5.142,38521.904,38736.704,38760.950,300976,1616523,232636416,88047616,49480,21,2026-08-01T16:42:29.133568Z
C1,1190,saturated,,false,1260.000,1.824,4.623,5.730,38573.213,38801.699,38823.297,303513,1617272,232890368,88162304,49480,0,2026-08-01T16:42:29.133568Z
C1,1191,saturated,,false,1238.000,1.664,5.080,20.330,38630.495,38870.715,38900.059,306055,1618532,233168896,88252416,49526,0,2026-08-01T16:42:29.133568Z
C1,1192,saturated,,false,1321.000,1.936,3.172,4.537,38663.198,38888.840,38914.279,308554,1619816,233414656,88358912,49500,0,2026-08-01T16:42:29.133568Z
C1,1193,saturated,,false,1340.000,1.859,2.546,2.817,38560.991,38781.806,38827.088,311204,1621111,233684992,88449024,49480,0,2026-08-01T16:42:29.133568Z
C1,1194,saturated,,false,1061.000,2.202,15.176,24.541,38585.405,38903.083,38936.055,313880,1622431,233914368,88555520,49657,1,2026-08-01T16:42:29.133568Z
C1,1195,saturated,,false,983.000,2.651,10.436,37.494,38732.027,39040.276,39071.315,316010,1623924,234143744,88629248,49715,1322,2026-08-01T16:42:29.133568Z
C1,1196,saturated,,false,943.000,2.801,15.918,58.188,39135.520,39396.820,39441.709,317964,1624947,234291200,88694784,49678,3215,2026-08-01T16:42:29.133568Z
C1,1197,saturated,,false,1320.000,1.647,3.615,5.981,39250.060,39479.262,39498.505,319816,1625616,234520576,88768512,49480,5434,2026-08-01T16:42:29.133568Z
C1,1198,saturated,,false,1340.000,1.584,2.732,4.265,39245.799,39485.010,39504.926,281,1614441,234741760,88834048,49479,332,2026-08-01T16:44:30.964397Z
C1,1199,saturated,,false,1374.000,1.607,2.815,3.896,39238.349,39464.455,39480.553,7087,1628340,234741760,88907776,49494,16,2026-08-01T16:44:30.964397Z
C1,1200,saturated,,false,1330.000,1.743,2.571,3.507,39229.366,39450.299,39480.086,9822,1629724,234741760,88965120,49520,20,2026-08-01T16:44:30.964397Z
C1,1201,saturated,,false,1320.000,1.805,2.673,3.783,39209.850,39433.220,39461.877,12521,1631084,234741760,89030656,49520,0,2026-08-01T16:44:30.964397Z
C1,1202,saturated,,false,1320.000,1.747,2.574,3.117,39253.414,39466.061,39495.955,15154,1632404,234741760,89088000,49520,0,2026-08-01T16:44:30.964397Z
C1,1203,saturated,,false,1437.000,1.472,2.369,3.034,39161.285,39476.856,39508.505,17845,1633724,234741760,89145344,49517,3,2026-08-01T16:44:30.964397Z
C1,1204,saturated,,false,947.000,1.820,25.957,46.337,39010.350,39407.314,39439.113,20684,1635142,234741760,89210880,49798,20,2026-08-01T16:44:30.964397Z
C1,1205,saturated,,false,1192.000,1.797,8.849,24.287,39268.271,39528.301,39570.188,22565,1636383,234741760,89243648,49500,0,2026-08-01T16:44:30.964397Z
C1,1206,saturated,,false,1036.000,1.602,18.535,31.339,39428.372,39683.503,39715.705,24984,1637280,234741760,89300992,49580,0,2026-08-01T16:44:30.964397Z
C1,1207,saturated,,false,1186.000,1.623,10.980,51.097,39557.400,39784.143,39831.781,27078,1638396,234741760,89350144,49500,0,2026-08-01T16:44:30.964397Z
C1,1208,saturated,,false,1400.000,1.503,2.155,2.473,39553.313,39783.761,39825.842,29501,1639502,234741760,89407488,49500,2,2026-08-01T16:44:30.964397Z
C1,1209,saturated,,false,1340.000,1.631,3.259,3.959,39516.864,39744.047,39767.802,32319,1640902,234741760,89473024,49521,18,2026-08-01T16:44:30.964397Z
C1,1210,saturated,,false,1300.000,1.584,4.127,5.999,39522.070,39739.794,39763.169,34998,1642262,234741760,89522176,49557,6,2026-08-01T16:44:30.964397Z
C1,1211,saturated,,false,1320.000,1.707,2.928,4.186,39543.199,39769.069,39793.957,37625,1643599,234741760,89587712,49520,16,2026-08-01T16:44:30.964397Z
C1,1212,saturated,,false,1365.000,1.490,3.068,5.289,39555.505,39785.883,39815.999,40283,1644882,234741760,89653248,49500,7,2026-08-01T16:44:30.964397Z
C1,1213,saturated,,false,1360.000,1.644,2.735,3.622,39522.623,39736.323,39761.688,43027,1646227,234741760,89710592,49520,0,2026-08-01T16:44:30.964397Z
C1,1214,saturated,,false,1118.000,1.865,13.936,24.175,39461.018,39780.100,39806.146,45750,1647607,234741760,89767936,49602,19,2026-08-01T16:44:30.964397Z
C1,1215,saturated,,false,1440.000,1.279,2.111,2.974,39513.718,39746.938,39783.687,48067,1649062,234741760,89817088,49500,20,2026-08-01T16:44:30.964397Z
C1,1216,saturated,,false,1365.000,1.703,2.626,3.640,39494.125,39715.109,39735.295,50908,1650145,234741760,89882624,49515,1,2026-08-01T16:44:30.964397Z
C1,1217,saturated,,false,1300.000,1.762,2.803,3.666,39509.029,39733.255,39754.272,53652,1651525,234741760,89948160,49580,17,2026-08-01T16:44:30.964397Z
C1,1218,saturated,,false,1384.000,1.419,2.377,25.099,39495.426,39728.861,39759.147,56331,1652890,234741760,90005504,49580,0,2026-08-01T16:44:30.964397Z
C1,1219,saturated,,false,1400.000,1.583,2.295,2.731,39459.556,39689.555,39711.213,59109,1654274,234741760,90062848,49540,0,2026-08-01T16:44:30.964397Z
C1,1220,saturated,,false,1360.000,1.574,2.511,4.151,39428.733,39640.332,39662.447,61901,1655634,234741760,90128384,49560,24,2026-08-01T16:44:30.964397Z
C1,1221,saturated,,false,1360.000,1.632,2.364,2.814,39409.664,39632.770,39648.693,64659,1657014,234741760,90193920,49580,0,2026-08-01T16:44:30.964397Z
C1,1222,saturated,,false,1179.000,1.563,2.670,26.250,39435.668,39627.345,39643.907,67405,1658394,234741760,90259456,49741,17,2026-08-01T16:44:30.964397Z
C1,1223,saturated,,false,1348.000,1.339,3.973,18.590,39499.112,39709.508,39738.346,69675,1659989,234741760,90308608,49540,0,2026-08-01T16:44:30.964397Z
C1,1224,saturated,,false,1245.000,1.385,8.328,32.612,39339.241,39593.188,39636.200,72478,1660881,234741760,90357760,49556,5,2026-08-01T16:44:30.964397Z
C1,1225,saturated,,false,1382.000,1.546,2.283,2.625,39326.432,39558.749,39587.370,74982,1662142,234741760,90423296,49558,0,2026-08-01T16:44:30.964397Z
C1,1226,saturated,,false,1401.000,1.486,2.151,2.462,39243.834,39474.788,39517.277,77809,1663526,234741760,90488832,49580,19,2026-08-01T16:44:30.964397Z
C1,1227,saturated,,false,1399.000,1.457,2.406,3.620,39083.326,39380.662,39414.277,80601,1664948,234741760,90546176,49580,0,2026-08-01T16:44:30.964397Z
C1,1228,saturated,,false,1340.000,1.701,2.373,2.631,38729.730,38959.636,38991.795,83382,1666348,234741760,90603520,49581,24,2026-08-01T16:44:30.964397Z
C1,1229,saturated,,false,1400.000,1.649,2.354,2.774,38649.627,38894.119,38937.595,86125,1667689,234741760,90669056,49580,0,2026-08-01T16:44:30.964397Z
C1,1230,saturated,,false,1340.000,1.622,2.392,2.785,38557.493,38764.895,38797.094,88889,1669343,234741760,90734592,49600,0,2026-08-01T16:44:30.964397Z
C1,1231,saturated,,false,1323.000,1.690,3.288,5.514,38524.089,38736.500,38764.540,91484,1670448,234741760,90791936,49600,16,2026-08-01T16:44:30.964397Z
C1,1232,saturated,,false,1320.000,1.640,3.265,3.923,38543.706,38763.271,38795.205,94079,1671771,234741760,90857472,49600,0,2026-08-01T16:44:30.964397Z
C1,1233,saturated,,false,1266.000,1.642,7.812,10.097,38439.538,38638.244,38660.735,96723,1671771,234741760,90914816,49580,12,2026-08-01T16:44:30.964397Z
C1,1234,saturated,,false,1064.000,1.681,7.263,112.596,38205.201,38496.583,38522.293,99304,1673771,234741760,90972160,49702,19,2026-08-01T16:44:30.964397Z
C1,1235,saturated,,false,1299.000,1.667,4.112,6.079,38052.533,38349.607,38384.648,101492,1675037,234741760,91021312,49660,3,2026-08-01T16:44:30.964397Z
C1,1236,saturated,,false,1253.000,1.456,6.298,10.904,38090.023,38315.190,38331.265,104069,1676780,234741760,91086848,49660,0,2026-08-01T16:44:30.964397Z
C1,1237,saturated,,false,1301.000,1.588,2.950,8.659,38135.828,38363.873,38392.350,106553,1678033,234971136,91136000,49600,20,2026-08-01T16:44:30.964397Z
C1,1238,saturated,,false,1360.000,1.430,2.713,5.694,38157.577,38381.469,38404.105,109085,1679274,235216896,91201536,49620,0,2026-08-01T16:44:30.964397Z
C1,1239,saturated,,false,1360.000,1.615,2.458,3.348,38146.596,38375.386,38392.757,111967,1680654,235544576,91258880,49614,9,2026-08-01T16:44:30.964397Z
C1,1240,saturated,,false,1341.000,1.738,2.451,6.159,38125.235,38349.503,38370.115,114694,1682008,235864064,91316224,49620,1,2026-08-01T16:44:30.964397Z
C1,1241,saturated,,false,1403.000,1.663,2.375,2.693,38097.691,38328.904,38350.978,117393,1683610,236183552,91381760,49619,18,2026-08-01T16:44:30.964397Z
C1,1242,saturated,,false,1340.000,1.672,2.483,3.088,38028.648,38349.329,38366.540,120199,1684993,236519424,91447296,49640,18,2026-08-01T16:44:30.964397Z
C1,1243,saturated,,false,1340.000,1.761,2.411,2.779,37757.267,38005.057,38037.082,122898,1686373,236838912,91496448,49639,2,2026-08-01T16:44:30.964397Z
C1,1244,saturated,,false,872.000,1.937,21.177,104.225,37667.158,37928.089,37958.696,125529,1687712,237158400,91553792,49873,19,2026-08-01T16:44:30.964397Z
C1,1245,saturated,,false,815.000,2.629,34.434,122.958,38017.026,38316.941,38343.612,126985,1688563,237289472,91586560,49781,21,2026-08-01T16:44:30.964397Z
C1,1246,saturated,,false,1224.000,1.875,6.498,8.398,38135.118,38361.258,38412.367,128880,1688563,237527040,91643904,49696,0,2026-08-01T16:44:30.964397Z
C1,1247,saturated,,false,1121.000,2.190,6.928,19.366,38361.883,38628.421,38670.837,131203,1689825,237821952,91684864,49660,21,2026-08-01T16:44:30.964397Z
C1,1248,saturated,,false,1367.000,1.406,2.969,18.904,38416.706,38625.098,38641.906,133722,1690989,238116864,91742208,49680,0,2026-08-01T16:44:30.964397Z
C1,1249,saturated,,false,1320.000,1.662,3.787,7.293,38377.790,38605.531,38622.114,136446,1692721,238403584,91807744,49680,0,2026-08-01T16:44:30.964397Z
C1,1250,saturated,,false,1274.000,1.774,3.902,15.925,38386.737,38614.585,38657.507,139066,1693557,238723072,91856896,49700,4,2026-08-01T16:44:30.964397Z
C1,1251,saturated,,false,1336.000,1.545,2.493,15.638,38427.412,38651.355,38666.038,141624,1695374,239009792,91922432,49680,1,2026-08-01T16:44:30.964397Z
C1,1252,saturated,,false,1320.000,1.697,2.833,6.400,38444.290,38661.406,38690.633,144360,1696145,239321088,91987968,49700,0,2026-08-01T16:44:30.964397Z
C1,1253,saturated,,false,1360.000,1.654,2.461,2.797,38302.315,38515.028,38562.972,147039,1697507,239632384,92037120,49680,0,2026-08-01T16:44:30.964397Z
C1,1254,saturated,,false,1189.000,1.719,10.830,22.771,38362.605,38693.766,38724.649,149731,1698847,239869952,92094464,49668,11,2026-08-01T16:44:30.964397Z
C1,1255,saturated,,false,1202.000,1.790,6.094,14.239,38536.468,38779.120,38808.388,152044,1700193,240254976,92168192,49720,1539,2026-08-01T16:44:30.964397Z
C1,1256,saturated,,false,1342.000,1.731,2.410,2.876,38574.919,38787.351,38816.029,154737,1700285,240721920,92241920,49703,0,2026-08-01T16:44:30.964397Z
C1,1257,saturated,,false,1358.000,1.647,2.790,3.586,38584.620,38810.474,38842.710,157299,1701197,241000448,92299264,49700,18,2026-08-01T16:44:30.964397Z
C1,1258,saturated,,false,1320.000,1.858,2.754,3.011,38607.504,38830.806,38859.737,160009,1702796,241303552,92364800,49720,0,2026-08-01T16:44:30.964397Z
C1,1259,saturated,,false,1340.000,1.752,2.668,3.240,38658.072,38875.669,38902.438,162658,1703625,241598464,92422144,49720,0,2026-08-01T16:44:30.964397Z
C1,1260,saturated,,false,1340.000,1.777,2.553,3.410,38682.416,38899.646,38924.648,165373,1705212,241885184,92479488,49720,0,2026-08-01T16:44:30.964397Z
C1,1261,saturated,,false,1320.000,1.776,2.575,2.911,38679.132,38912.220,38930.272,168047,1706560,242196480,92545024,49720,12,2026-08-01T16:44:30.964397Z
C1,1262,saturated,,false,1340.000,1.731,2.390,2.915,38548.494,38773.116,38790.944,170739,1707900,242483200,92602368,49720,22,2026-08-01T16:44:30.964397Z
C1,1263,saturated,,false,1303.000,1.606,3.595,13.960,38547.173,38770.001,38821.246,173358,1708985,242753536,92659712,49740,20,2026-08-01T16:44:30.964397Z
C1,1264,saturated,,false,1080.000,1.940,9.596,23.110,38596.697,38777.459,38791.678,175986,1710268,242999296,92717056,49740,0,2026-08-01T16:44:30.964397Z
C1,1265,saturated,,false,1384.000,1.493,2.623,6.305,38771.454,38991.548,39008.546,178261,1711628,243269632,92774400,49720,0,2026-08-01T16:44:30.964397Z
C1,1266,saturated,,false,1180.000,1.805,3.171,69.011,38921.014,39149.234,39169.448,180747,1712731,243515392,92823552,49740,0,2026-08-01T16:44:30.964397Z
C1,1267,saturated,,false,1260.000,1.713,4.369,13.259,38976.662,39190.719,39223.447,183284,1713932,243802112,92889088,49740,16,2026-08-01T16:44:30.964397Z
C1,1268,saturated,,false,1320.000,1.894,2.680,2.896,39036.220,39249.010,39287.265,185907,1715253,244097024,92938240,49741,19,2026-08-01T16:44:30.964397Z
C1,1269,saturated,,false,1340.000,1.834,2.444,2.690,39056.961,39273.934,39305.476,188552,1716532,244375552,93003776,49741,0,2026-08-01T16:44:30.964397Z
C1,1270,saturated,,false,1320.000,1.890,2.618,3.270,39074.420,39282.992,39313.920,191257,1717852,244678656,93052928,49756,24,2026-08-01T16:44:30.964397Z
C1,1271,saturated,,false,1302.000,1.842,2.854,13.681,39068.746,39291.801,39305.684,193873,1719194,244965376,93118464,49760,0,2026-08-01T16:44:30.964397Z
C1,1272,saturated,,false,1340.000,1.917,2.712,7.811,39070.540,39305.435,39333.292,196526,1720494,245219328,93184000,49726,0,2026-08-01T16:44:30.964397Z
C1,1273,saturated,,false,1304.000,1.742,2.612,9.475,38918.597,39208.785,39239.598,199252,1721834,245489664,93241344,49760,0,2026-08-01T16:44:30.964397Z
C1,1274,saturated,,false,1005.000,2.073,15.319,36.875,38921.851,39227.206,39258.298,201786,1723449,245743616,93298688,49815,0,2026-08-01T16:44:30.964397Z
C1,1275,saturated,,false,1375.000,1.655,2.594,3.677,39049.737,39285.248,39317.830,203703,1724478,245981184,93356032,49777,0,2026-08-01T16:44:30.964397Z
C1,1276,saturated,,false,1330.000,1.924,2.662,3.732,38943.210,39170.236,39200.049,206380,1726203,246259712,93405184,49780,0,2026-08-01T16:44:30.964397Z
C1,1277,saturated,,false,1300.000,1.926,4.551,11.558,38964.202,39199.248,39229.105,209059,1727548,246554624,93470720,49780,0,2026-08-01T16:44:30.964397Z
C1,1278,saturated,,false,1188.000,2.020,3.235,58.824,39032.174,39227.686,39255.463,211704,1728848,246759424,93519872,49780,0,2026-08-01T16:44:30.964397Z
C1,1279,saturated,,false,1320.000,1.813,2.929,4.635,39118.571,39329.661,39361.647,214058,1730036,247021568,93585408,49780,0,2026-08-01T16:44:30.964397Z
C1,1280,saturated,,false,1360.000,1.755,2.765,3.181,39127.476,39339.065,39353.631,216779,1731356,247267328,93642752,49780,0,2026-08-01T16:44:30.964397Z
C1,1281,saturated,,false,1340.000,1.737,2.418,2.737,39143.986,39374.231,39401.399,219476,1732716,247529472,93700096,49800,0,2026-08-01T16:44:30.964397Z
C1,1282,saturated,,false,1360.000,1.846,2.652,3.782,39153.335,39370.176,39394.961,222225,1734076,247783424,93765632,49780,0,2026-08-01T16:44:30.964397Z
C1,1283,saturated,,false,1320.000,1.865,2.785,3.133,39070.374,39371.238,39393.125,224909,1735671,248037376,93822976,49800,0,2026-08-01T16:44:30.964397Z
C1,1284,saturated,,false,1163.000,1.749,16.329,28.210,38580.081,38835.190,38863.713,227559,1736756,248283136,93880320,49800,21,2026-08-01T16:44:30.964397Z
C1,1285,saturated,,false,1360.000,1.780,2.704,3.811,38446.630,38711.649,38741.545,229997,1737919,248520704,93929472,49800,15,2026-08-01T16:44:30.964397Z
C1,1286,saturated,,false,1320.000,1.891,2.598,2.932,38297.621,38524.216,38554.695,232654,1739279,248750080,93995008,49820,0,2026-08-01T16:44:30.964397Z
C1,1287,saturated,,false,1280.000,2.057,3.053,3.888,38345.796,38576.712,38591.808,235285,1740619,249020416,94060544,49820,19,2026-08-01T16:44:30.964397Z
C1,1288,saturated,,false,1340.000,1.848,2.689,5.311,38331.768,38556.695,38575.164,237933,1741899,249290752,94109696,49840,0,2026-08-01T16:44:30.964397Z
C1,1289,saturated,,false,1342.000,1.824,2.538,4.874,38288.971,38513.089,38542.827,240614,1743514,249544704,94175232,49820,19,2026-08-01T16:44:30.964397Z
C1,1290,saturated,,false,1340.000,1.897,2.855,4.558,38281.279,38510.167,38535.279,243317,1744836,249831424,94240768,49820,4,2026-08-01T16:44:30.964397Z
C1,1291,saturated,,false,1300.000,1.902,2.887,15.221,38308.835,38538.882,38554.294,245962,1745921,250052608,94289920,49840,0,2026-08-01T16:44:30.964397Z
C1,1292,saturated,,false,1360.000,1.597,2.276,2.646,38314.536,38538.834,38554.293,248613,1747241,250306560,94355456,49840,0,2026-08-01T16:44:30.964397Z
C1,1293,saturated,,false,1340.000,1.885,2.574,2.857,38189.082,38406.496,38429.925,251356,1748601,250576896,94412800,49840,0,2026-08-01T16:44:30.964397Z
C1,1294,saturated,,false,1022.000,1.717,14.250,28.250,38162.508,38542.468,38583.859,253871,1749941,250789888,94461952,49840,0,2026-08-01T16:44:30.964397Z
C1,1295,saturated,,false,1340.000,1.557,3.163,4.215,38330.782,38553.219,38576.588,256152,1750963,251011072,94519296,49840,15,2026-08-01T16:44:30.964397Z
C1,1296,saturated,,false,1340.000,1.628,3.084,7.586,38329.086,38565.705,38584.841,258853,1752303,251256832,94584832,49820,1,2026-08-01T16:44:30.964397Z
C1,1297,saturated,,false,1340.000,1.750,2.947,4.569,38345.158,38566.053,38594.647,261482,1753623,251535360,94633984,49828,12,2026-08-01T16:44:30.964397Z
C1,1298,saturated,,false,1383.000,1.500,3.121,4.660,38322.830,38537.992,38568.844,264248,1755226,251764736,94699520,49841,19,2026-08-01T16:44:30.964397Z
C1,1299,saturated,,false,1245.000,1.970,6.848,15.465,38383.414,38599.018,38618.986,266821,1756367,252018688,94756864,49840,20,2026-08-01T16:44:30.964397Z
C1,1300,saturated,,false,1340.000,1.724,2.717,3.658,38354.558,38586.146,38606.968,269499,1758122,252289024,94814208,49852,8,2026-08-01T16:44:30.964397Z
C1,1301,saturated,,false,1203.000,1.866,4.543,46.012,38381.848,38621.724,38665.938,272130,1759218,252510208,94879744,49860,20,2026-08-01T16:44:30.964397Z
C1,1302,saturated,,false,1341.000,1.834,2.846,3.758,38426.644,38655.569,38677.863,274632,1760174,252772352,94928896,49860,9,2026-08-01T16:44:30.964397Z
C1,1303,saturated,,false,1300.000,1.970,2.865,4.154,38255.108,38483.260,38506.498,277297,1761515,253009920,94994432,49880,20,2026-08-01T16:44:30.964397Z
C1,1304,saturated,,false,1142.000,2.046,12.636,25.540,38275.833,38534.361,38575.164,279769,1763090,253272064,95051776,49863,0,2026-08-01T16:44:30.964397Z
C1,1305,saturated,,false,1340.000,1.739,2.877,4.127,38317.270,38547.332,38575.059,282249,1763957,253476864,95150080,49880,19,2026-08-01T16:44:30.964397Z
C1,1306,saturated,,false,1360.000,1.696,2.661,3.563,38252.339,38483.251,38502.539,284973,1765317,253755392,95264768,49880,0,2026-08-01T16:44:30.964397Z
C1,1307,saturated,,false,1360.000,1.767,2.451,2.837,38216.236,38448.843,38473.014,287699,1766677,253976576,95371264,49880,0,2026-08-01T16:44:30.964397Z
C1,1308,saturated,,false,1335.000,1.733,2.422,6.147,38229.270,38445.820,38473.234,290398,1768037,254238720,95477760,49900,0,2026-08-01T16:44:30.964397Z
C1,1309,saturated,,false,1325.000,1.909,2.859,3.615,38202.740,38426.658,38459.075,293081,1769377,254468096,95576064,49900,6,2026-08-01T16:44:30.964397Z
C1,1310,saturated,,false,1340.000,1.794,2.582,3.103,38193.295,38416.381,38440.299,295763,1770717,254697472,95682560,49900,0,2026-08-01T16:44:30.964397Z
C1,1311,saturated,,false,1247.000,1.694,3.342,52.149,38241.474,38478.586,38510.222,298310,1772057,254951424,95772672,49910,0,2026-08-01T16:44:30.964397Z
C1,1312,saturated,,false,1340.000,1.796,2.739,3.362,38235.918,38467.935,38496.122,300953,1773304,255180800,95879168,49900,12,2026-08-01T16:44:30.964397Z
C1,1313,saturated,,false,1311.000,1.982,3.026,3.816,38016.918,38216.280,38246.724,303651,1774899,255442944,95985664,49914,0,2026-08-01T16:44:30.964397Z
C1,1314,saturated,,false,1132.000,1.876,12.538,28.705,38072.419,38276.023,38339.929,306077,1776219,255672320,96067584,49920,0,2026-08-01T16:44:30.964397Z
C1,1315,saturated,,false,1400.000,1.512,3.011,6.763,38162.346,38375.655,38404.749,308205,1778762,256262144,96182272,49920,0,2026-08-01T16:44:30.964397Z
C1,1316,saturated,,false,1360.000,1.711,2.761,4.243,38093.937,38311.649,38340.677,310970,1779907,256442368,96288768,49920,5,2026-08-01T16:44:30.964397Z
C1,1317,saturated,,false,1340.000,1.796,2.451,2.741,37973.659,38189.985,38213.855,313695,1781267,256663552,96403456,49920,0,2026-08-01T16:44:30.964397Z
C1,1318,saturated,,false,1360.000,1.771,2.603,2.863,37971.097,38186.273,38210.086,316355,1782607,256925696,96509952,49919,0,2026-08-01T16:44:30.964397Z
C1,1319,saturated,,false,1326.000,1.629,2.631,13.531,37954.560,38189.595,38225.678,319105,1783967,257146880,96600064,49920,1,2026-08-01T16:44:30.964397Z
C1,1320,saturated,,false,1360.000,1.831,2.552,2.802,37987.728,38202.818,38219.531,321782,1785548,257384448,96714752,49901,18,2026-08-01T16:44:30.964397Z
C1,1321,saturated,,false,1360.000,1.724,2.540,3.002,37973.177,38184.285,38208.572,324518,1786889,257622016,96821248,49920,0,2026-08-01T16:44:30.964397Z
C1,1322,saturated,,false,1320.000,1.882,2.639,3.313,37936.892,38189.540,38222.189,327207,1788013,257884160,96911360,49936,14,2026-08-01T16:44:30.964397Z
C1,1323,saturated,,false,1340.000,1.773,2.587,2.858,37848.390,38074.522,38090.612,329895,1789344,258105344,97017856,49940,19,2026-08-01T16:44:30.964397Z
C1,1324,saturated,,false,1159.000,1.798,11.052,21.724,37860.074,38093.079,38120.691,332384,1790693,258359296,97107968,49940,0,2026-08-01T16:44:30.964397Z
C1,1325,saturated,,false,1360.000,1.704,2.517,3.115,37955.375,38182.504,38210.375,334811,1791852,258580480,97206272,49940,20,2026-08-01T16:44:30.964397Z
C1,1326,saturated,,false,1364.000,1.823,2.357,2.684,37911.125,38133.137,38148.936,337546,1793467,258859008,97320960,49940,0,2026-08-01T16:44:30.964397Z
C1,1327,saturated,,false,1360.000,1.751,2.372,2.822,37886.477,38110.660,38143.976,340309,1794576,259080192,97411072,49960,0,2026-08-01T16:44:30.964397Z
C1,1328,saturated,,false,1381.000,1.810,2.620,3.063,37847.011,38077.424,38096.720,343075,1795956,259342336,97525760,49960,0,2026-08-01T16:44:30.964397Z
C1,1329,saturated,,false,1360.000,1.771,2.463,2.660,37800.584,38027.932,38044.241,345822,1797337,259588096,97632256,49960,0,2026-08-01T16:44:30.964397Z
C1,1330,saturated,,false,1300.000,1.990,2.594,3.023,37826.586,38055.954,38089.224,348464,1798697,259842048,97746944,49980,0,2026-08-01T16:44:30.964397Z
C1,1331,saturated,,false,1360.000,1.782,2.468,2.716,37836.225,38057.124,38075.770,351144,1800017,260071424,97837056,49960,19,2026-08-01T16:44:30.964397Z
C1,1332,saturated,,false,1360.000,1.807,2.532,6.934,37715.503,38034.042,38079.316,353849,1801357,260325376,97943552,49960,19,2026-08-01T16:44:30.964397Z
C1,1333,saturated,,false,1300.000,1.658,2.465,10.522,37595.820,37810.920,37840.650,356556,1802717,260571136,98041856,49980,20,2026-08-01T16:44:30.964397Z
C1,1334,saturated,,false,1244.000,1.814,13.070,22.920,37625.372,37890.365,37934.649,359058,1804037,260800512,98131968,49972,9,2026-08-01T16:44:30.964397Z
C1,1335,saturated,,false,1380.000,1.613,2.385,2.832,37655.831,37874.647,37890.901,361746,1805273,261038080,98238464,49973,7,2026-08-01T16:44:30.964397Z
C1,1336,saturated,,false,1320.000,1.849,2.524,2.977,37680.544,37895.359,37925.199,364462,1806654,261275648,98336768,49575,21,2026-08-01T16:44:30.964397Z
C1,1337,saturated,,false,1380.000,1.628,2.241,2.638,37605.674,37825.007,37845.757,367185,1807981,261529600,98443264,49555,8,2026-08-01T16:44:30.964397Z
C1,1338,saturated,,false,1340.000,1.869,2.513,2.854,37593.881,37818.577,37835.224,369630,1809373,261783552,98549760,49320,19,2026-08-01T16:44:30.964397Z
C1,1339,saturated,,false,1380.000,1.681,2.442,3.001,37516.450,37767.297,37797.153,372659,1810702,262021120,98656256,49320,15,2026-08-01T16:44:30.964397Z
C1,1340,saturated,,false,1340.000,1.838,2.491,2.931,37456.072,37682.445,37711.983,373617,1810702,262135808,98705408,49320,0,2026-08-01T16:44:30.964397Z
C1,1341,saturated,,false,1380.000,1.735,2.505,2.843,37434.413,37651.217,37689.217,376325,1812082,262389760,98811904,49312,9,2026-08-01T16:44:30.964397Z
C1,1342,saturated,,false,1340.000,1.887,2.467,2.763,37287.261,37607.864,37650.341,379091,1813441,262635520,98918400,49320,19,2026-08-01T16:44:30.964397Z
C1,1343,saturated,,false,1395.000,1.700,2.555,3.599,37239.046,37464.937,37490.813,381794,1814821,262881280,99008512,49290,14,2026-08-01T16:44:30.964397Z
C1,1344,saturated,,false,1187.000,1.699,13.009,34.774,37288.641,37539.182,37567.676,384571,1816161,263135232,99115008,49498,0,2026-08-01T16:44:30.964397Z
C1,1345,saturated,,false,1340.000,1.707,2.486,2.885,37345.110,37581.545,37599.498,386991,1817561,263348224,99221504,49340,20,2026-08-01T16:44:30.964397Z
C1,1346,saturated,,false,1230.000,1.904,2.830,5.449,37409.653,37625.616,37670.481,389619,1818743,263593984,99311616,49369,0,2026-08-01T16:44:30.964397Z
C1,1347,saturated,,false,1331.000,1.772,3.544,5.515,37424.007,37647.558,37670.598,391891,1820103,263815168,99409920,49360,20,2026-08-01T16:44:30.964397Z
C1,1348,saturated,,false,1320.000,1.979,2.723,3.028,37439.710,37660.721,37682.090,394563,1821324,264060928,99508224,49360,20,2026-08-01T16:44:30.964397Z
C1,1349,saturated,,false,1340.000,1.794,2.664,4.396,37373.366,37596.441,37620.754,397475,1822664,264306688,99614720,49352,10,2026-08-01T16:44:30.964397Z
C1,1350,saturated,,false,1341.000,1.897,2.888,5.687,37375.998,37594.795,37621.568,400039,1823984,264544256,99704832,49350,19,2026-08-01T16:44:30.964397Z
C1,1351,saturated,,false,1360.000,1.812,2.535,2.912,37355.066,37588.924,37627.134,402733,1825324,264822784,99811328,49360,0,2026-08-01T16:44:30.964397Z
C1,1352,saturated,,false,1360.000,1.788,2.498,2.757,37220.012,37446.176,37576.005,405334,1826665,265027584,99926016,49340,19,2026-08-01T16:44:30.964397Z
C1,1353,saturated,,false,1403.000,1.677,2.228,2.501,37195.948,37426.278,37456.904,407927,1828045,265322496,100032512,49337,0,2026-08-01T16:44:30.964397Z
C1,1354,saturated,,false,1183.000,1.776,8.106,28.327,37263.011,37497.675,37533.052,410735,1829405,265527296,100130816,49517,23,2026-08-01T16:44:30.964397Z
C1,1355,saturated,,false,1260.000,1.659,3.299,11.446,37272.051,37507.493,37547.261,413207,1830808,265773056,100229120,49480,7,2026-08-01T16:44:30.964397Z
C1,1356,saturated,,false,1278.000,1.469,8.097,35.935,37428.219,37677.982,37694.024,415702,1832011,265969664,100319232,49330,0,2026-08-01T16:44:30.964397Z
C1,1357,saturated,,false,1360.000,1.693,2.493,2.736,37419.827,37641.535,37677.693,418246,1833212,266248192,100433920,49380,0,2026-08-01T16:44:30.964397Z
C1,1358,saturated,,false,1340.000,1.845,2.552,2.880,37394.240,37622.738,37639.969,421008,1834529,266477568,100524032,49380,0,2026-08-01T16:44:30.964397Z
C1,1359,saturated,,false,1378.000,1.738,2.832,3.582,37395.724,37618.691,37633.555,423730,1835909,266723328,100638720,49382,0,2026-08-01T16:44:30.964397Z
C1,1360,saturated,,false,1340.000,1.773,2.655,2.904,37375.285,37591.168,37613.003,426528,1837261,267010048,100753408,49400,1,2026-08-01T16:44:30.964397Z
C1,1361,saturated,,false,1340.000,1.833,2.637,3.332,37379.743,37602.242,37615.605,429085,1839307,267231232,100843520,49400,5,2026-08-01T16:44:30.964397Z
C1,1362,saturated,,false,1360.000,1.847,2.705,3.728,37296.780,37593.943,37638.555,431924,1840647,267476992,100941824,49380,23,2026-08-01T16:44:30.964397Z
C1,1363,saturated,,false,1320.000,1.896,2.714,5.891,37275.504,37494.668,37522.795,434496,1841987,267722752,101048320,49400,0,2026-08-01T16:44:30.964397Z
C1,1364,saturated,,false,1081.000,1.790,8.833,50.601,37297.676,37506.474,37520.723,437172,1843582,267976704,101163008,49659,19,2026-08-01T16:44:30.964397Z
C1,1365,saturated,,false,1381.000,1.624,2.507,5.981,37469.634,37698.114,37724.261,439472,1844922,268173312,101236736,49420,0,2026-08-01T16:44:30.964397Z
C1,1366,saturated,,false,1399.000,1.763,2.505,2.942,37466.120,37689.883,37712.687,442163,1846063,268419072,101335040,49380,0,2026-08-01T16:44:30.964397Z
C1,1367,saturated,,false,1320.000,1.867,2.497,2.754,37457.159,37686.663,37709.805,444931,1847168,268664832,101441536,49440,0,2026-08-01T16:44:30.964397Z
C1,1368,saturated,,false,1410.000,1.648,2.502,7.131,37427.133,37644.995,37672.829,447640,1848803,268935168,101548032,49397,0,2026-08-01T16:44:30.964397Z
C1,1369,saturated,,false,1340.000,1.930,2.508,2.780,37409.893,37629.192,37650.958,450422,1849915,269156352,101654528,49420,0,2026-08-01T16:44:30.964397Z
C1,1370,saturated,,false,1380.000,1.745,2.448,2.681,37390.001,37618.111,37646.934,453126,1851533,269418496,101761024,49420,18,2026-08-01T16:44:30.964397Z
C1,1371,saturated,,false,1300.000,1.973,2.758,3.089,37389.873,37607.964,37635.826,455884,1852913,269647872,101859328,49440,0,2026-08-01T16:44:30.964397Z
C1,1372,saturated,,false,1340.000,1.891,2.587,3.038,37357.909,37586.311,37633.567,458522,1854233,269918208,101965824,49439,1,2026-08-01T16:44:30.964397Z
C1,1373,saturated,,false,1340.000,1.950,2.635,2.931,37349.605,37569.322,37590.338,461219,1855572,270139392,102064128,49440,25,2026-08-01T16:44:30.964397Z
C1,1374,saturated,,false,1187.000,1.717,5.086,49.917,37373.472,37577.591,37591.881,463895,1857149,270385152,102170624,49573,0,2026-08-01T16:44:30.964397Z
C1,1375,saturated,,false,1380.000,1.652,2.500,3.087,37458.115,37678.952,37705.971,466334,1857149,270606336,102252544,49420,1301,2026-08-01T16:44:30.964397Z
C1,1376,saturated,,false,1340.000,1.597,3.239,4.001,37459.093,37677.110,37693.343,469076,1858506,270876672,102367232,49420,3987,2026-08-01T16:44:30.964397Z
C1,1377,saturated,,false,1380.000,1.579,2.122,2.450,37467.669,37686.956,37716.417,471785,1859885,271187968,102449152,49420,6732,2026-08-01T16:44:30.964397Z
C1,1378,saturated,,false,1464.000,1.294,2.107,2.663,37417.395,37646.606,37677.782,1528,1839590,271417344,102514688,49356,1241,2026-08-01T16:47:30.611864Z
C1,1379,saturated,,false,1360.000,1.722,2.392,3.073,37384.888,37600.335,37625.214,8541,1861992,271417344,102580224,49420,24,2026-08-01T16:47:30.611864Z
C1,1380,saturated,,false,1358.000,1.635,2.241,2.565,37365.468,37584.298,37608.411,11442,1863456,271417344,102645760,49460,0,2026-08-01T16:47:30.611864Z
C1,1381,saturated,,false,1342.000,1.696,2.503,2.865,37387.309,37605.980,37628.224,14175,1864816,271417344,102711296,49460,0,2026-08-01T16:47:30.611864Z
C1,1382,saturated,,false,1428.000,1.456,2.157,2.400,37319.082,37603.284,37630.276,16894,1866156,271417344,102768640,49392,2,2026-08-01T16:47:30.611864Z
C1,1383,saturated,,false,1380.000,1.639,2.272,2.561,37178.653,37412.124,37458.289,19682,1867516,271417344,102834176,49420,0,2026-08-01T16:47:30.611864Z
C1,1384,saturated,,false,1302.000,1.355,8.643,20.754,37106.644,37351.310,37392.832,22369,1868944,271417344,102891520,49563,9,2026-08-01T16:47:30.611864Z
C1,1385,saturated,,false,1406.000,1.405,2.466,4.992,37093.066,37309.292,37338.392,25140,1870344,271417344,102957056,49440,16,2026-08-01T16:47:30.611864Z
C1,1386,saturated,,false,1376.000,1.561,2.184,2.436,37051.708,37276.482,37304.188,27929,1871652,271417344,103022592,49456,4,2026-08-01T16:47:30.611864Z
C1,1387,saturated,,false,1344.000,1.599,2.458,2.682,37029.792,37255.175,37269.815,30694,1873052,271417344,103079936,49480,20,2026-08-01T16:47:30.611864Z
C1,1388,saturated,,false,1380.000,1.581,2.168,2.630,37016.242,37240.201,37257.179,33420,1874432,271417344,103137280,49480,0,2026-08-01T16:47:30.611864Z
C1,1389,saturated,,false,1360.000,1.713,2.613,3.420,37008.917,37230.362,37255.480,36179,1875792,271417344,103202816,49480,20,2026-08-01T16:47:30.611864Z
C1,1390,saturated,,false,1400.000,1.529,2.201,2.830,37001.983,37223.171,37244.431,38916,1877172,271417344,103268352,49480,21,2026-08-01T16:47:30.611864Z
C1,1391,saturated,,false,1320.000,1.679,2.519,3.143,37022.845,37231.933,37252.222,41728,1878532,271417344,103325696,49520,0,2026-08-01T16:47:30.611864Z
C1,1392,saturated,,false,1340.000,1.624,2.569,3.497,36917.551,37152.673,37177.631,44420,1879952,271417344,103383040,49519,17,2026-08-01T16:47:30.611864Z
C1,1393,saturated,,false,1302.000,1.526,5.846,11.350,36809.063,37002.808,37031.207,46967,1881272,271417344,103448576,49520,0,2026-08-01T16:47:30.611864Z
C1,1394,saturated,,false,1141.000,1.566,9.798,33.467,36863.158,37039.503,37080.621,49519,1882612,271417344,103497728,49723,10,2026-08-01T16:47:30.611864Z
C1,1395,saturated,,false,1427.000,1.384,2.245,6.628,36968.785,37175.131,37216.619,51982,1883954,271417344,103546880,49500,12,2026-08-01T16:47:30.611864Z
C1,1396,saturated,,false,1361.000,1.575,2.632,5.903,36945.139,37170.610,37186.188,54792,1885802,271417344,103620608,49500,21,2026-08-01T16:47:30.611864Z
C1,1397,saturated,,false,1351.000,1.623,2.363,3.233,36969.588,37181.928,37201.847,57506,1887163,271417344,103686144,49520,20,2026-08-01T16:47:30.611864Z
C1,1398,saturated,,false,1369.000,1.622,2.252,2.513,36934.483,37159.873,37184.844,60233,1888523,271417344,103751680,49500,0,2026-08-01T16:47:30.611864Z
C1,1399,saturated,,false,1380.000,1.583,2.453,2.835,36901.959,37128.418,37158.430,62991,1889883,271417344,103809024,49520,24,2026-08-01T16:47:30.611864Z
C1,1400,saturated,,false,1360.000,1.652,2.555,4.134,36900.989,37115.758,37138.675,65759,1891283,271417344,103866368,49500,21,2026-08-01T16:47:30.611864Z
C1,1401,saturated,,false,1340.000,1.612,2.641,3.218,36883.311,37106.290,37128.944,68474,1892623,271417344,103931904,49520,18,2026-08-01T16:47:30.611864Z
C1,1402,saturated,,false,1360.000,1.662,2.287,2.641,36706.505,36924.041,36950.249,71193,1893983,271417344,103997440,49520,3,2026-08-01T16:47:30.611864Z
C1,1403,saturated,,false,1360.000,1.587,2.522,2.779,36710.367,36931.305,36955.305,73941,1895598,271417344,104054784,49523,17,2026-08-01T16:47:30.611864Z
C1,1404,saturated,,false,1184.000,1.546,7.493,26.027,36760.347,36940.438,36967.613,76955,1896961,271417344,104128512,49682,11,2026-08-01T16:47:30.611864Z
C1,1405,saturated,,false,1365.000,1.483,2.659,3.109,36838.096,37074.974,37093.305,78966,1898295,271417344,104169472,49540,0,2026-08-01T16:47:30.611864Z
C1,1406,saturated,,false,1360.000,1.564,2.280,2.606,36854.226,37072.117,37097.461,81727,1899272,271417344,104226816,49540,21,2026-08-01T16:47:30.611864Z
C1,1407,saturated,,false,1380.000,1.454,2.362,3.210,36826.208,37063.146,37079.385,84273,1900632,271417344,104292352,49560,0,2026-08-01T16:47:30.611864Z
C1,1408,saturated,,false,1341.000,1.609,2.776,3.308,36830.431,37055.147,37072.489,87138,1902032,271417344,104357888,49560,21,2026-08-01T16:47:30.611864Z
C1,1409,saturated,,false,1380.000,1.529,2.254,2.579,36808.551,37031.808,37055.084,89803,1903373,271417344,104407040,49540,20,2026-08-01T16:47:30.611864Z
C1,1410,saturated,,false,1340.000,1.627,2.429,2.905,36787.025,37011.499,37037.075,92489,1904733,271417344,104472576,49560,0,2026-08-01T16:47:30.611864Z
C1,1411,saturated,,false,1380.000,1.610,2.277,2.659,36756.742,36984.077,37011.094,95171,1906093,271417344,104538112,49560,0,2026-08-01T16:47:30.611864Z
C1,1412,saturated,,false,1380.000,1.529,2.488,2.901,36650.676,36875.116,36891.009,97957,1906093,271417344,104603648,49540,17,2026-08-01T16:47:30.611864Z
C1,1413,saturated,,false,1360.000,1.622,2.400,2.996,36642.549,36853.002,36868.657,100714,1909088,271417344,104652800,49560,0,2026-08-01T16:47:30.611864Z
C1,1414,saturated,,false,1293.000,1.533,4.156,27.812,36665.805,36865.061,36894.101,103481,1910468,271417344,104718336,49583,2,2026-08-01T16:47:30.611864Z
C1,1415,saturated,,false,1402.000,1.444,2.464,3.292,36691.987,36922.011,36937.540,106080,1912206,271417344,104783872,49560,18,2026-08-01T16:47:30.611864Z
C1,1416,saturated,,false,1380.000,1.616,2.305,2.673,36739.625,36972.104,36987.511,108871,1913163,271417344,104841216,49560,20,2026-08-01T16:47:30.611864Z
C1,1417,saturated,,false,1400.000,1.505,2.239,3.479,36709.098,36935.455,36960.052,111684,1914543,271417344,104898560,49580,14,2026-08-01T16:47:30.611864Z
C1,1418,saturated,,false,1380.000,1.762,2.407,2.723,36682.898,36906.492,36925.581,114498,1915708,271417344,104964096,49580,0,2026-08-01T16:47:30.611864Z
C1,1419,saturated,,false,1360.000,1.715,2.603,3.224,36667.006,36892.743,36919.896,117258,1917088,271417344,105029632,49580,18,2026-08-01T16:47:30.611864Z
C1,1420,saturated,,false,1320.000,1.711,2.785,3.083,36713.308,36945.012,36975.621,119972,1918448,271417344,105086976,49600,0,2026-08-01T16:47:30.611864Z
C1,1421,saturated,,false,1280.000,1.635,2.614,29.085,36788.744,36984.553,37013.725,122498,1920299,271417344,105144320,49634,11,2026-08-01T16:47:30.611864Z
C1,1422,saturated,,false,1329.000,1.672,2.313,4.010,36796.059,37033.434,37050.941,125195,1921083,271417344,105209856,49619,0,2026-08-01T16:47:30.611864Z
C1,1423,saturated,,false,1391.000,1.597,2.228,2.584,36815.918,37031.846,37059.262,127925,1922408,271417344,105267200,49600,2,2026-08-01T16:47:30.611864Z
C1,1424,saturated,,false,1188.000,1.808,12.902,26.517,36850.112,37123.293,37199.607,130694,1923788,271417344,105324544,49672,3,2026-08-01T16:47:30.611864Z
C1,1425,saturated,,false,1406.000,1.523,2.360,5.135,36928.831,37147.202,37170.613,133122,1925303,271417344,105381888,49619,0,2026-08-01T16:47:30.611864Z
C1,1426,saturated,,false,1280.000,1.833,4.597,6.815,36959.417,37177.944,37200.581,135868,1926382,271417344,105439232,49620,20,2026-08-01T16:47:30.611864Z
C1,1427,saturated,,false,1380.000,1.596,2.311,2.598,36971.945,37185.979,37212.025,138528,1927937,271417344,105504768,49620,21,2026-08-01T16:47:30.611864Z
C1,1428,saturated,,false,1362.000,1.690,2.641,3.918,36985.928,37202.260,37223.311,141285,1929062,271417344,105562112,49640,0,2026-08-01T16:47:30.611864Z
C1,1429,saturated,,false,1405.000,1.564,2.309,2.959,36941.260,37154.664,37178.422,144062,1930444,271556608,105627648,49620,0,2026-08-01T16:47:30.611864Z
C1,1430,saturated,,false,1359.000,1.739,2.464,2.701,36898.082,37122.515,37150.313,146824,1931829,271785984,105684992,49640,0,2026-08-01T16:47:30.611864Z
C1,1431,saturated,,false,1361.000,1.657,2.335,2.703,36806.304,37100.491,37144.374,149549,1933189,272097280,105750528,49620,21,2026-08-01T16:47:30.611864Z
C1,1432,saturated,,false,1320.000,1.833,2.597,2.911,36739.776,36979.255,37012.460,152296,1934549,272416768,105816064,49640,0,2026-08-01T16:47:30.611864Z
C1,1433,saturated,,false,1360.000,1.696,2.456,2.949,36790.332,37014.729,37031.369,154968,1935889,272744448,105865216,49633,39,2026-08-01T16:47:30.611864Z
C1,1434,saturated,,false,1183.000,1.727,10.653,20.518,36820.449,37077.060,37151.691,157649,1937229,272932864,105930752,49680,17,2026-08-01T16:47:30.611864Z
C1,1435,saturated,,false,1401.000,1.443,2.310,6.929,36899.476,37111.572,37137.020,160093,1938472,273375232,106004480,49658,1685,2026-08-01T16:47:30.611864Z
C1,1436,saturated,,false,1361.000,1.623,2.444,3.091,36904.538,37133.724,37150.274,161354,1940446,273883136,106078208,49634,8,2026-08-01T16:47:30.611864Z
C1,1437,saturated,,false,1340.000,1.670,2.572,4.530,36908.759,37130.034,37157.572,164092,1941801,274145280,106143744,49640,19,2026-08-01T16:47:30.611864Z
C1,1438,saturated,,false,1340.000,1.688,2.489,3.288,36917.762,37141.528,37167.800,166796,1943147,274407424,106192896,49640,22,2026-08-01T16:47:30.611864Z
C1,1439,saturated,,false,1380.000,1.606,2.290,2.562,36902.446,37124.731,37152.932,169527,1944487,274710528,106258432,49640,27,2026-08-01T16:47:30.611864Z
C1,1440,saturated,,false,1340.000,1.719,2.375,2.705,36912.976,37127.306,37149.124,172289,1945867,274997248,106323968,49680,0,2026-08-01T16:47:30.611864Z
C1,1441,saturated,,false,1331.000,1.765,2.552,2.907,36879.563,37151.080,37179.965,174974,1947247,275251200,106381312,49660,20,2026-08-01T16:47:30.611864Z
C1,1442,saturated,,false,1369.000,1.691,2.601,3.718,36802.430,37033.157,37054.928,177678,1948547,275537920,106438656,49670,10,2026-08-01T16:47:30.611864Z
C1,1443,saturated,,false,1340.000,1.770,2.547,3.002,36815.226,37038.858,37064.187,180413,1949937,275824640,106504192,49660,17,2026-08-01T16:47:30.611864Z
C1,1444,saturated,,false,1197.000,1.718,11.350,24.461,36861.275,37172.259,37217.774,183124,1951267,276086784,106561536,49739,0,2026-08-01T16:47:30.611864Z
C1,1445,saturated,,false,1364.000,1.569,2.333,2.501,36944.826,37164.378,37192.998,185530,1952527,276324352,106618880,49662,19,2026-08-01T16:47:30.611864Z
C1,1446,saturated,,false,1320.000,1.497,3.520,12.219,36957.471,37187.962,37216.911,188232,1953830,276635648,106684416,49700,0,2026-08-01T16:47:30.611864Z
C1,1447,saturated,,false,1363.000,1.678,3.037,5.263,36963.592,37195.884,37212.598,190918,1955188,276938752,106733568,49680,0,2026-08-01T16:47:30.611864Z
C1,1448,saturated,,false,1341.000,1.735,2.475,2.932,36978.070,37202.458,37228.710,193647,1956531,277192704,106799104,49700,0,2026-08-01T16:47:30.611864Z
C1,1449,saturated,,false,1359.000,1.718,2.438,2.864,36996.732,37221.623,37237.583,196369,1957891,277479424,106864640,49700,0,2026-08-01T16:47:30.611864Z
C1,1450,saturated,,false,1340.000,1.764,2.531,2.870,37006.939,37227.901,37256.257,199086,1959251,277766144,106913792,49700,0,2026-08-01T16:47:30.611864Z
C1,1451,saturated,,false,1320.000,1.812,2.806,5.056,37000.605,37236.006,37284.451,201770,1960591,278061056,106979328,49701,13,2026-08-01T16:47:30.611864Z
C1,1452,saturated,,false,1360.000,1.722,2.639,3.805,37021.351,37238.921,37260.621,204419,1962167,278339584,107044864,49680,20,2026-08-01T16:47:30.611864Z
C1,1453,saturated,,false,1363.000,1.666,2.237,2.518,37018.420,37244.425,37263.732,207158,1963506,278618112,107102208,49712,8,2026-08-01T16:47:30.611864Z
C1,1454,saturated,,false,1219.000,1.675,10.081,17.954,37070.127,37268.460,37282.063,209905,1965154,278888448,107159552,49719,1,2026-08-01T16:47:30.611864Z
C1,1455,saturated,,false,1380.000,1.626,2.661,3.288,37174.861,37396.272,37419.088,212366,1965154,279183360,107216896,49700,0,2026-08-01T16:47:30.611864Z
C1,1456,saturated,,false,1380.000,1.618,2.490,4.399,37174.434,37398.908,37425.980,215119,1966533,279478272,107274240,49700,0,2026-08-01T16:47:30.611864Z
C1,1457,saturated,,false,1340.000,1.662,2.398,2.909,37159.418,37380.211,37402.192,217878,1968188,279748608,107339776,49720,21,2026-08-01T16:47:30.611864Z
C1,1458,saturated,,false,1341.000,1.735,2.545,6.558,37147.558,37378.600,37399.412,220577,1969313,280043520,107405312,49720,20,2026-08-01T16:47:30.611864Z
C1,1459,saturated,,false,1340.000,1.789,2.540,3.146,37115.263,37329.089,37344.980,223264,1970889,280330240,107454464,49720,0,2026-08-01T16:47:30.611864Z
C1,1460,saturated,,false,1360.000,1.614,2.374,3.095,37105.989,37332.394,37348.863,225967,1972505,280649728,107520000,49720,0,2026-08-01T16:47:30.611864Z
C1,1461,saturated,,false,1300.000,1.640,2.463,22.559,37118.575,37341.216,37366.329,228693,1973845,280887296,107585536,49720,0,2026-08-01T16:47:30.611864Z
C1,1462,saturated,,false,1360.000,1.666,2.417,2.649,37082.883,37269.882,37312.025,231281,1975205,281165824,107634688,49721,0,2026-08-01T16:47:30.611864Z
C1,1463,saturated,,false,1320.000,1.818,3.191,4.101,37073.059,37293.378,37312.265,234027,1975974,281460736,107700224,49760,0,2026-08-01T16:47:30.611864Z
C1,1464,saturated,,false,1168.000,1.672,13.164,23.569,37092.574,37288.510,37304.453,236674,1977354,281731072,107757568,49737,14,2026-08-01T16:47:30.611864Z
C1,1465,saturated,,false,1360.000,1.684,2.611,7.188,37193.572,37403.230,37430.720,239094,1978694,282001408,107814912,49760,0,2026-08-01T16:47:30.611864Z
C1,1466,saturated,,false,1221.000,1.815,2.855,31.197,37274.958,37523.224,37566.044,241627,1980393,282312704,107864064,49740,0,2026-08-01T16:47:30.611864Z
C1,1467,saturated,,false,1340.000,1.845,2.803,3.511,37335.290,37566.600,37581.450,244249,1981437,282558464,107929600,49762,0,2026-08-01T16:47:30.611864Z
C1,1468,saturated,,false,1340.000,1.680,2.554,3.066,37363.319,37579.460,37607.520,246902,1982698,282804224,107986944,49740,20,2026-08-01T16:47:30.611864Z
C1,1469,saturated,,false,1359.000,1.816,2.636,2.964,37365.058,37589.793,37619.911,249635,1983783,283066368,108044288,49760,19,2026-08-01T16:47:30.611864Z
C1,1470,saturated,,false,1321.000,1.743,2.719,3.430,37365.855,37586.946,37610.757,252300,1985123,283312128,108109824,49751,10,2026-08-01T16:47:30.611864Z
C1,1471,saturated,,false,1340.000,1.781,3.154,4.221,37361.875,37587.636,37608.500,254998,1986974,283549696,108167168,49760,0,2026-08-01T16:47:30.611864Z
C1,1472,saturated,,false,1365.000,1.773,2.576,3.329,37270.935,37469.683,37500.977,257719,1988058,283844608,108224512,49760,0,2026-08-01T16:47:30.611864Z
C1,1473,saturated,,false,1360.000,1.868,2.655,2.913,37276.818,37510.389,37528.185,260429,1989654,284073984,108290048,49760,0,2026-08-01T16:47:30.611864Z
C1,1474,saturated,,false,1143.000,1.787,4.510,67.695,37317.867,37638.635,37680.475,263105,1990508,284336128,108347392,49746,15,2026-08-01T16:47:30.611864Z
C1,1475,saturated,,false,1341.000,1.627,2.689,3.145,37432.085,37642.596,37662.875,265368,1991888,284540928,108404736,49780,0,2026-08-01T16:47:30.611864Z
C1,1476,saturated,,false,1360.000,1.811,2.645,3.317,37426.644,37648.973,37677.931,268051,1993031,284803072,108470272,49740,11,2026-08-01T16:47:30.611864Z
C1,1477,saturated,,false,1340.000,1.776,2.517,3.781,37437.853,37669.568,37699.838,270792,1994372,285032448,108527616,49760,18,2026-08-01T16:47:30.611864Z
C1,1478,saturated,,false,1360.000,1.789,2.468,3.168,37454.553,37674.257,37703.307,273495,1995732,285294592,108593152,49762,0,2026-08-01T16:47:30.611864Z
C1,1479,saturated,,false,1340.000,1.742,2.614,3.188,37418.706,37646.369,37677.129,276227,1997072,285556736,108658688,49780,20,2026-08-01T16:47:30.611864Z
C1,1480,saturated,,false,1099.000,1.908,3.118,14.937,37510.184,37697.202,37728.514,278773,1998452,285786112,108707840,49798,0,2026-08-01T16:47:30.611864Z
C1,1481,saturated,,false,1341.000,1.775,2.611,3.991,37625.557,37847.250,37867.230,281159,1999772,286064640,108756992,49780,0,2026-08-01T16:47:30.611864Z
C1,1482,saturated,,false,1320.000,1.872,2.753,3.287,37586.523,37839.483,37883.627,283683,2000892,286285824,108822528,49800,0,2026-08-01T16:47:30.611864Z
C1,1483,saturated,,false,1340.000,1.816,2.868,3.824,37535.764,37760.927,37789.929,286385,2002232,286556160,108888064,49800,20,2026-08-01T16:47:30.611864Z
C1,1484,saturated,,false,976.000,2.033,21.304,53.511,37581.877,37794.492,37810.251,288955,2003572,286793728,108937216,49920,20,2026-08-01T16:47:30.611864Z
C1,1485,saturated,,false,1362.000,1.769,3.090,4.404,37799.519,38015.942,38034.373,291111,2004892,287014912,108986368,49818,0,2026-08-01T16:47:30.611864Z
C1,1486,saturated,,false,1319.000,1.888,3.162,3.779,37815.833,38044.805,38077.412,293771,2006588,287301632,109051904,49800,13,2026-08-01T16:47:30.611864Z
C1,1487,saturated,,false,1360.000,1.710,2.535,3.305,37836.020,38057.514,38078.180,296449,2007889,287506432,109101056,49801,20,2026-08-01T16:47:30.611864Z
C1,1488,saturated,,false,1340.000,1.803,2.557,8.778,37822.776,38054.105,38085.865,299177,2009250,287784960,109166592,49800,0,2026-08-01T16:47:30.611864Z
C1,1489,saturated,,false,1340.000,1.744,2.389,2.622,37822.768,38042.901,38073.120,301865,2010589,288022528,109232128,49816,9,2026-08-01T16:47:30.611864Z
C1,1490,saturated,,false,1240.000,1.820,2.908,5.432,37870.554,38086.205,38121.624,304488,2011945,288284672,109281280,49820,16,2026-08-01T16:47:30.611864Z
C1,1491,saturated,,false,1320.000,1.814,2.843,5.147,37924.882,38146.971,38176.480,307087,2013189,288538624,109346816,49840,20,2026-08-01T16:47:30.611864Z
C1,1492,saturated,,false,1320.000,1.912,2.689,3.196,37902.292,38144.091,38190.415,309733,2014529,288776192,109395968,49840,0,2026-08-01T16:47:30.611864Z
C1,1493,saturated,,false,1340.000,1.844,2.578,2.855,37868.265,38104.313,38123.189,312391,2015849,289013760,109461504,49820,4,2026-08-01T16:47:30.611864Z
C1,1494,saturated,,false,1064.000,2.087,14.438,71.778,37932.206,38171.603,38200.573,314885,2017169,289275904,109510656,49837,0,2026-08-01T16:47:30.611864Z
C1,1495,saturated,,false,1263.000,1.773,3.491,25.795,38172.225,38398.312,38439.938,317117,2018505,289619968,109584384,49842,1868,2026-08-01T16:47:30.611864Z
C1,1496,saturated,,false,1273.000,1.582,3.448,20.878,38209.259,38440.494,38478.573,314933,2020512,290062336,109649920,49840,20,2026-08-01T16:47:30.611864Z
C1,1497,saturated,,false,1347.000,1.733,2.550,3.836,38235.929,38457.000,38471.831,317676,2020512,290275328,109707264,49840,25,2026-08-01T16:47:30.611864Z
C1,1498,saturated,,false,1163.000,1.981,8.868,13.211,38316.396,38532.942,38588.226,320142,2022453,290537472,109764608,49880,0,2026-08-01T16:47:30.611864Z
C1,1499,saturated,,false,1081.000,3.045,8.986,11.575,38458.229,38685.022,38702.747,322435,2023735,290750464,109813760,49860,19,2026-08-01T16:47:30.611864Z
C1,1500,saturated,,false,1201.000,2.090,6.689,15.162,38622.391,38859.126,38888.914,324608,2024875,290963456,109862912,49860,0,2026-08-01T16:47:30.611864Z
C1,1501,saturated,,false,1260.000,1.952,5.107,15.314,38679.938,38914.850,38944.189,327075,2026461,291217408,109912064,49840,15,2026-08-01T16:47:30.611864Z
C1,1502,saturated,,false,1260.000,2.070,4.227,5.510,38756.966,38972.300,39018.863,329394,2027837,291463168,109977600,49880,0,2026-08-01T16:47:30.611864Z
C1,1503,saturated,,false,1300.000,1.907,2.811,3.180,38717.578,38992.164,39021.393,331949,2029117,291725312,110026752,49860,19,2026-08-01T16:47:30.611864Z
C1,1504,saturated,,false,1125.000,2.179,9.206,35.741,38744.683,39072.950,39108.331,334539,2030417,291971072,110084096,49840,0,2026-08-01T16:47:30.611864Z
C1,1505,saturated,,false,1360.000,1.592,2.409,8.190,38775.332,39008.169,39051.461,336871,2031522,292192256,110141440,49860,19,2026-08-01T16:47:30.611864Z
C1,1506,saturated,,false,1360.000,1.780,2.555,3.024,38729.092,38952.357,38969.590,339627,2032902,292438016,110206976,49880,0,2026-08-01T16:47:30.611864Z
C1,1507,saturated,,false,1358.000,1.679,2.448,2.892,38708.021,38925.557,38955.194,342357,2034282,292700160,110272512,49900,0,2026-08-01T16:47:30.611864Z
C1,1508,saturated,,false,1322.000,1.812,2.495,2.837,38710.356,38923.192,38952.492,344939,2035642,292954112,110321664,49880,20,2026-08-01T16:47:30.611864Z
C1,1509,saturated,,false,1320.000,1.925,2.712,4.802,38726.505,38943.912,38960.577,347596,2036962,293216256,110419968,49880,20,2026-08-01T16:47:30.611864Z
C1,1510,saturated,,false,1320.000,1.935,2.567,2.828,38740.639,38960.552,38991.173,350239,2038282,293462016,110518272,49880,16,2026-08-01T16:47:30.611864Z
C1,1511,saturated,,false,1320.000,1.878,4.214,5.626,38748.212,38984.201,39020.207,352920,2039602,293707776,110616576,49895,19,2026-08-01T16:47:30.611864Z
C1,1512,saturated,,false,1169.000,1.967,6.986,10.489,38889.596,39122.308,39152.888,355437,2041192,293945344,110706688,49900,0,2026-08-01T16:47:30.611864Z
C1,1513,saturated,,false,1300.000,1.925,3.445,4.208,38869.928,39155.485,39183.029,357895,2041192,294174720,110813184,49900,0,2026-08-01T16:47:30.611864Z
C1,1514,saturated,,false,1122.000,2.037,9.737,24.713,38851.306,39119.464,39147.205,360502,2042732,294428672,110903296,49900,0,2026-08-01T16:47:30.611864Z
C1,1515,saturated,,false,1340.000,1.649,3.531,6.854,38983.552,39200.505,39221.184,362792,2044051,294658048,111017984,49900,19,2026-08-01T16:47:30.611864Z
C1,1516,saturated,,false,1220.000,2.423,4.433,13.942,38999.088,39245.565,39296.583,365424,2045213,294920192,111099904,49920,0,2026-08-01T16:47:30.611864Z
C1,1517,saturated,,false,1340.000,1.775,2.680,4.395,39059.042,39287.790,39309.366,367945,2046513,295165952,111206400,49920,20,2026-08-01T16:47:30.611864Z
C1,1518,saturated,,false,1261.000,2.044,3.356,6.252,39101.705,39311.549,39353.376,370639,2047793,295411712,111304704,49940,0,2026-08-01T16:47:30.611864Z
C1,1519,saturated,,false,1359.000,1.910,2.609,3.121,39138.458,39363.418,39380.168,373136,2049113,295649280,111411200,49920,0,2026-08-01T16:47:30.611864Z
C1,1520,saturated,,false,1320.000,1.886,2.592,2.993,38960.089,39194.897,39216.283,375798,2051584,295903232,111501312,49920,19,2026-08-01T16:47:30.611864Z
C1,1521,saturated,,false,1320.000,1.860,2.554,3.053,38969.063,39190.388,39215.700,378472,2052904,296140800,111616000,49940,0,2026-08-01T16:47:30.611864Z
C1,1522,saturated,,false,1391.000,1.753,2.501,2.996,38965.077,39204.650,39220.710,381150,2054394,296386560,111722496,49933,0,2026-08-01T16:47:30.611864Z
C1,1523,saturated,,false,1327.000,1.978,3.076,3.650,38857.638,39159.471,39188.099,383915,2055368,296656896,111820800,49922,20,2026-08-01T16:47:30.611864Z
C1,1524,saturated,,false,1134.000,1.706,8.514,30.549,38732.780,39062.903,39092.812,386583,2056688,296910848,111919104,49940,22,2026-08-01T16:47:30.611864Z
C1,1525,saturated,,false,1340.000,1.766,2.757,3.321,38827.455,39047.313,39076.893,388890,2057585,297140224,112009216,49960,0,2026-08-01T16:47:30.611864Z
C1,1526,saturated,,false,1360.000,1.756,2.486,2.780,38820.819,39037.745,39059.413,391612,2058945,297385984,112115712,49960,0,2026-08-01T16:47:30.611864Z
C1,1527,saturated,,false,1280.000,1.961,4.711,6.067,38839.343,39069.093,39085.933,394316,2060305,297631744,112230400,49980,11,2026-08-01T16:47:30.611864Z
C1,1528,saturated,,false,1340.000,1.909,2.933,5.940,38861.811,39083.897,39113.840,396903,2061605,297885696,112312320,49960,40,2026-08-01T16:47:30.611864Z
C1,1529,saturated,,false,1320.000,2.065,3.092,3.449,38837.823,39072.784,39117.973,399560,2062925,298172416,112427008,49960,20,2026-08-01T16:47:30.611864Z
C1,1530,saturated,,false,1323.000,1.944,2.692,3.796,38809.884,39042.869,39059.128,402223,2064245,298393600,112525312,49980,0,2026-08-01T16:47:30.611864Z
C1,1531,saturated,,false,1331.000,1.700,4.884,22.733,38816.806,39022.907,39046.153,404905,2065588,298663936,112623616,49980,0,2026-08-01T16:47:30.611864Z
C1,1532,saturated,,false,1340.000,1.828,3.050,3.541,38800.160,39014.566,39030.628,407570,2066919,298901504,112738304,49980,0,2026-08-01T16:47:30.611864Z
C1,1533,saturated,,false,1340.000,1.858,2.551,2.856,38686.574,38964.882,39008.449,410270,2068259,299147264,112828416,49831,21,2026-08-01T16:47:30.611864Z
C1,1534,saturated,,false,1220.000,1.798,7.989,18.570,38541.332,38756.719,38815.506,412946,2069599,299393024,112934912,49980,19,2026-08-01T16:47:30.611864Z
C1,1535,saturated,,false,1340.000,1.862,3.497,5.050,38584.289,38782.052,38810.829,415421,2070819,299630592,113016832,49320,0,2026-08-01T16:47:30.611864Z
C1,1536,saturated,,false,1340.000,1.787,2.593,2.981,38567.536,38800.744,38829.894,418074,2072159,299851776,113131520,49300,6,2026-08-01T16:47:30.611864Z
C1,1537,saturated,,false,1339.000,1.910,2.785,3.193,38493.045,38702.331,38732.576,420804,2073514,300122112,113238016,49355,20,2026-08-01T16:47:30.611864Z
C1,1538,saturated,,false,1338.000,1.814,2.497,3.111,38231.826,38499.732,38623.833,422802,2073514,300244992,113295360,49330,0,2026-08-01T16:47:30.611864Z
C1,1539,saturated,,false,1265.000,2.272,3.393,3.710,38154.274,38363.743,38403.428,425495,2074839,300507136,113393664,49360,0,2026-08-01T16:47:30.611864Z
C1,1540,saturated,,false,1298.000,2.062,3.079,3.802,38145.577,38363.868,38396.392,428052,2076180,300769280,113491968,49360,0,2026-08-01T16:47:30.611864Z
C1,1541,saturated,,false,1280.000,2.082,3.603,4.368,38127.176,38348.638,38370.229,430667,2077714,301023232,113582080,49380,0,2026-08-01T16:47:30.611864Z
C1,1542,saturated,,false,1300.000,1.889,3.010,3.400,38126.877,38340.087,38372.336,433261,2078759,301285376,113688576,49380,0,2026-08-01T16:47:30.611864Z
C1,1543,saturated,,false,1300.000,2.174,3.321,3.667,38007.128,38233.920,38267.650,435865,2080294,301555712,113795072,49360,20,2026-08-01T16:47:30.611864Z
C1,1544,saturated,,false,921.000,1.923,27.376,122.663,38113.570,38437.024,38563.890,438481,2081359,301793280,113893376,49761,20,2026-08-01T16:47:30.611864Z
C1,1545,saturated,,false,902.000,3.289,17.655,35.031,38567.788,38920.356,38953.990,440213,2082639,301965312,113950720,49499,0,2026-08-01T16:47:30.611864Z
C1,1546,saturated,,false,1260.000,1.957,5.601,9.066,38762.012,38993.536,39023.409,442148,2083561,302129152,114032640,49360,0,2026-08-01T16:47:30.611864Z
C1,1547,saturated,,false,1315.000,1.900,3.194,6.567,38784.890,39006.507,39031.702,444687,2084737,302424064,114122752,49375,0,2026-08-01T16:47:30.611864Z
C1,1548,saturated,,false,1325.000,1.973,2.794,4.428,38790.659,39008.268,39031.699,447324,2085742,302661632,114245632,49360,0,2026-08-01T16:47:30.611864Z
C1,1549,saturated,,false,1300.000,2.022,2.726,2.931,38778.511,39000.221,39023.479,449865,2087062,302907392,114343936,49380,19,2026-08-01T16:47:30.611864Z
C1,1550,saturated,,false,1369.000,1.808,2.515,6.012,38779.374,38998.468,39029.260,452515,2088382,303128576,114442240,49360,0,2026-08-01T16:47:30.611864Z
C1,1551,saturated,,false,1372.000,1.846,2.398,2.679,38629.967,38848.065,38868.377,455288,2089702,303407104,114548736,49370,11,2026-08-01T16:47:30.611864Z
C1,1552,saturated,,false,1302.000,2.013,3.137,4.753,38600.005,38819.162,38845.454,457998,2091082,303636480,114663424,49390,20,2026-08-01T16:47:30.611864Z
C1,1553,saturated,,false,1320.000,2.044,2.918,3.167,38525.661,38777.446,38823.227,460631,2092443,303890432,114753536,49380,0,2026-08-01T16:47:30.611864Z
C1,1554,saturated,,false,920.000,2.192,32.596,47.167,38536.561,38755.120,38864.824,463290,2093745,304144384,114868224,49780,22,2026-08-01T16:47:30.611864Z
C1,1555,saturated,,false,1320.000,1.948,4.139,9.775,38718.335,38952.540,38980.951,465287,2095071,304308224,114917376,49380,973,2026-08-01T16:47:30.611864Z
C1,1556,saturated,,false,1260.000,1.965,2.939,5.988,38740.062,38976.598,38993.033,467759,2096645,304553984,115032064,49440,3606,2026-08-01T16:47:30.611864Z
C1,1557,saturated,,false,1101.000,1.714,6.014,19.187,38744.968,38971.431,39018.615,470327,2098220,304799744,115122176,49580,6114,2026-08-01T16:47:30.611864Z
C1,1558,saturated,,false,1162.000,1.737,8.714,83.393,38985.163,39228.402,39262.533,472481,2099206,304996352,115171328,49399,8061,2026-08-01T16:47:30.611864Z
C1,1559,saturated,,false,1420.000,1.458,2.537,4.746,38973.231,39198.865,39228.088,474946,2100187,305250304,115236864,49380,10889,2026-08-01T16:47:30.611864Z
C1,1560,saturated,,false,1382.000,1.448,2.677,3.373,38926.996,39152.996,39174.670,2526,2074201,305373184,115318784,49378,1664,2026-08-01T16:50:32.415531Z
C1,1561,saturated,,false,1360.000,1.606,2.511,3.576,38899.300,39115.402,39140.785,11389,2102537,305373184,115376128,49400,21,2026-08-01T16:50:32.415531Z
C1,1562,saturated,,false,1360.000,1.651,2.438,3.280,38905.881,39124.934,39154.244,14138,2103919,305373184,115441664,49400,1,2026-08-01T16:50:32.415531Z
C1,1563,saturated,,false,1401.000,1.523,2.260,2.587,38831.183,39091.751,39118.007,16915,2105279,305373184,115507200,49420,18,2026-08-01T16:50:32.415531Z
C1,1564,saturated,,false,1101.000,1.713,17.473,30.737,38705.140,38986.648,39012.373,19557,2106682,305373184,115572736,49659,20,2026-08-01T16:50:32.415531Z
C1,1565,saturated,,false,1345.000,1.385,3.313,7.109,38881.687,39090.041,39110.627,21878,2108040,305373184,115621888,49459,0,2026-08-01T16:50:32.415531Z
C1,1566,saturated,,false,1320.000,1.671,2.518,2.943,38896.254,39122.947,39138.312,24451,2109185,305373184,115671040,49440,0,2026-08-01T16:50:32.415531Z
C1,1567,saturated,,false,1343.000,1.534,2.940,3.899,38862.875,39080.906,39099.653,27145,2110486,305373184,115736576,49460,0,2026-08-01T16:50:32.415531Z
C1,1568,saturated,,false,1361.000,1.494,2.574,3.350,38836.681,39053.878,39083.178,29878,2111849,305373184,115802112,49460,2,2026-08-01T16:50:32.415531Z
C1,1569,saturated,,false,1339.000,1.646,2.629,3.267,38817.282,39041.341,39057.279,32581,2113209,305373184,115859456,49460,0,2026-08-01T16:50:32.415531Z
C1,1570,saturated,,false,1360.000,1.667,2.650,3.634,38822.282,39044.178,39066.422,35274,2114549,305373184,115916800,49440,0,2026-08-01T16:50:32.415531Z
C1,1571,saturated,,false,1340.000,1.645,2.447,3.059,38801.152,39025.026,39045.766,37970,2115889,305373184,115982336,49440,0,2026-08-01T16:50:32.415531Z
C1,1572,saturated,,false,1340.000,1.658,3.516,5.549,38793.779,39023.263,39042.400,40678,2117484,305373184,116039680,49460,0,2026-08-01T16:50:32.415531Z
C1,1573,saturated,,false,1360.000,1.622,2.411,2.773,38759.368,39023.262,39042.525,43377,2118844,305373184,116097024,49460,0,2026-08-01T16:50:32.415531Z
C1,1574,saturated,,false,1024.000,1.894,19.951,35.366,38686.734,38959.248,38987.807,46092,2119949,305373184,116162560,49776,0,2026-08-01T16:50:32.415531Z
C1,1575,saturated,,false,1287.000,1.631,5.778,16.926,38954.783,39183.039,39211.135,48172,2121544,305373184,116203520,49440,0,2026-08-01T16:50:32.415531Z
C1,1576,saturated,,false,1086.000,1.772,13.157,25.351,39050.347,39385.417,39415.478,50849,2122240,305373184,116260864,49638,41,2026-08-01T16:50:32.415531Z
C1,1577,saturated,,false,1201.000,1.918,6.466,6.887,39242.245,39455.686,39479.243,52849,2123524,305373184,116310016,49500,26,2026-08-01T16:50:32.415531Z
C1,1578,saturated,,false,1380.000,1.533,2.725,3.625,39224.927,39447.622,39494.149,55390,2124587,305373184,116367360,49460,0,2026-08-01T16:50:32.415531Z
C1,1579,saturated,,false,1380.000,1.588,2.390,2.712,39148.934,39362.445,39390.628,58165,2125927,305373184,116424704,49480,0,2026-08-01T16:50:32.415531Z
C1,1580,saturated,,false,1380.000,1.628,2.537,3.550,39088.663,39305.556,39333.104,60948,2127327,305373184,116490240,49466,14,2026-08-01T16:50:32.415531Z
C1,1581,saturated,,false,1242.000,1.751,4.068,6.526,39090.478,39294.276,39338.711,63394,2128693,305373184,116555776,49520,21,2026-08-01T16:50:32.415531Z
C1,1582,saturated,,false,1007.000,2.042,20.850,21.792,39305.776,39512.242,39545.360,65864,2129989,305373184,116596736,49500,20,2026-08-01T16:50:32.415531Z
C1,1583,saturated,,false,1280.000,1.918,3.924,5.054,39307.295,39530.164,39545.951,68099,2129989,305373184,116654080,49540,38,2026-08-01T16:50:32.415531Z
C1,1584,saturated,,false,1122.000,1.860,12.292,22.688,38965.672,39546.151,39591.609,70418,2131636,305373184,116703232,49698,1,2026-08-01T16:50:32.415531Z
C1,1585,saturated,,false,1340.000,1.599,2.719,3.208,38830.978,39070.642,39099.787,72763,2132916,305373184,116768768,49520,20,2026-08-01T16:50:32.415531Z
C1,1586,saturated,,false,1340.000,1.569,2.647,3.123,38779.487,39006.419,39034.400,75392,2134058,305373184,116817920,49540,0,2026-08-01T16:50:32.415531Z
C1,1587,saturated,,false,1362.000,1.529,2.677,6.406,38772.654,38989.964,39014.550,78109,2135398,305373184,116883456,49500,20,2026-08-01T16:50:32.415531Z
C1,1588,saturated,,false,1358.000,1.632,2.568,3.269,38738.535,38958.446,38977.354,80833,2136758,305373184,116948992,49520,0,2026-08-01T16:50:32.415531Z
C1,1589,saturated,,false,1361.000,1.723,2.533,4.026,38722.638,38944.083,38971.960,83533,2138118,305373184,116998144,49500,2,2026-08-01T16:50:32.415531Z
C1,1590,saturated,,false,1379.000,1.604,2.581,3.002,38725.532,38950.215,38974.014,86304,2139969,305373184,117063680,49501,19,2026-08-01T16:50:32.415531Z
C1,1591,saturated,,false,1382.000,1.594,2.384,4.108,38676.205,38897.569,38963.215,89063,2141369,305373184,117129216,49536,0,2026-08-01T16:50:32.415531Z
C1,1592,saturated,,false,1300.000,1.674,3.306,4.956,38659.870,38888.387,38919.040,91819,2142473,305373184,117194752,49560,17,2026-08-01T16:50:32.415531Z
C1,1593,saturated,,false,1343.000,1.708,2.590,2.927,38520.521,38868.160,38900.997,94434,2143621,305373184,117243904,49538,0,2026-08-01T16:50:32.415531Z
C1,1594,saturated,,false,1167.000,1.583,8.593,21.871,38373.272,38571.643,38588.667,97137,2145394,305373184,117309440,49693,20,2026-08-01T16:50:32.415531Z
C1,1595,saturated,,false,1380.000,1.504,2.322,3.870,38411.749,38635.968,38679.089,99574,2146243,305373184,117358592,49520,20,2026-08-01T16:50:32.415531Z
C1,1596,saturated,,false,1360.000,1.525,2.367,2.753,38192.827,38539.459,38583.319,102267,2148110,305373184,117424128,49520,19,2026-08-01T16:50:32.415531Z
C1,1597,saturated,,false,1380.000,1.596,2.341,2.627,38061.606,38277.878,38305.966,105038,2149470,305373184,117489664,49540,0,2026-08-01T16:50:32.415531Z
C1,1598,saturated,,false,1305.000,1.652,3.489,7.878,38125.109,38339.487,38365.715,107758,2150870,305373184,117538816,49539,22,2026-08-01T16:50:32.415531Z
C1,1599,saturated,,false,1380.000,1.571,2.266,3.392,38138.428,38360.082,38391.328,110407,2152174,305373184,117604352,49520,0,2026-08-01T16:50:32.415531Z
C1,1600,saturated,,false,1260.000,1.583,4.059,21.780,38171.622,38381.930,38420.043,113185,2153790,305373184,117669888,49620,40,2026-08-01T16:50:32.415531Z
C1,1601,saturated,,false,1340.000,1.709,2.586,3.039,38197.479,38434.547,38451.309,115750,2154895,305373184,117719040,49560,0,2026-08-01T16:50:32.415531Z
C1,1602,saturated,,false,1381.000,1.589,2.591,5.994,38227.393,38455.276,38476.126,118475,2156175,305373184,117792768,49566,17,2026-08-01T16:50:32.415531Z
C1,1603,saturated,,false,1260.000,1.943,3.170,6.544,38133.130,38425.248,38455.733,121164,2157556,305373184,117858304,49580,18,2026-08-01T16:50:32.415531Z
C1,1604,saturated,,false,1042.000,1.453,16.727,44.553,38027.921,38259.865,38307.013,123854,2159091,305373184,117907456,49928,0,2026-08-01T16:50:32.415531Z
C1,1605,saturated,,false,907.000,3.000,17.316,75.939,38526.543,38787.196,38824.970,125722,2160481,305373184,117948416,49680,19,2026-08-01T16:50:32.415531Z
C1,1606,saturated,,false,1340.000,1.724,3.167,4.666,38656.694,38883.802,38913.432,127710,2161140,305373184,117989376,49560,0,2026-08-01T16:50:32.415531Z
C1,1607,saturated,,false,1340.000,1.688,2.578,4.474,38646.018,38868.241,38884.303,130414,2162105,305373184,118054912,49581,19,2026-08-01T16:50:32.415531Z
C1,1608,saturated,,false,1147.000,1.817,8.619,22.860,38689.573,38944.762,38975.589,132961,2163721,305373184,118120448,49679,0,2026-08-01T16:50:32.415531Z
C1,1609,saturated,,false,1205.000,1.926,5.772,15.495,38864.858,39103.506,39146.082,135286,2164710,305373184,118169600,49579,39,2026-08-01T16:50:32.415531Z
C1,1610,saturated,,false,1341.000,1.688,3.220,4.513,38885.221,39095.546,39124.263,137741,2165816,305373184,118218752,49621,0,2026-08-01T16:50:32.415531Z
C1,1611,saturated,,false,1340.000,1.718,3.389,5.278,38910.643,39124.414,39146.830,140390,2167199,305373184,118284288,49580,12,2026-08-01T16:50:32.415531Z
C1,1612,saturated,,false,1360.000,1.726,2.578,3.018,38908.722,39127.777,39157.204,143095,2168498,305373184,118341632,49564,2,2026-08-01T16:50:32.415531Z
C1,1613,saturated,,false,1340.000,1.746,2.337,2.728,38896.844,39125.610,39142.775,145817,2169838,305373184,118398976,49580,6,2026-08-01T16:50:32.415531Z
C1,1614,saturated,,false,1120.000,1.935,14.084,27.329,38610.197,38880.136,38923.017,148527,2171198,305373184,118464512,49800,3,2026-08-01T16:50:32.415531Z
C1,1615,saturated,,false,1375.000,1.450,4.569,7.397,38643.769,38980.150,39016.093,150875,2173049,305553408,118521856,49580,1462,2026-08-01T16:50:32.415531Z
C1,1616,saturated,,false,1420.000,1.528,2.224,2.664,38438.333,38649.656,38675.328,151607,2173682,306053120,118603776,49586,15,2026-08-01T16:50:32.415531Z
C1,1617,saturated,,false,1362.000,1.601,2.832,4.217,38424.919,38641.831,38662.768,154424,2174852,306282496,118669312,49598,0,2026-08-01T16:50:32.415531Z
C1,1618,saturated,,false,1300.000,1.918,2.749,3.190,38471.408,38692.914,38724.344,157126,2176226,306618368,118718464,49620,19,2026-08-01T16:50:32.415531Z
C1,1619,saturated,,false,1320.000,1.821,2.835,3.712,38512.678,38731.690,38748.004,159653,2177293,306905088,118784000,49621,0,2026-08-01T16:50:32.415531Z
C1,1620,saturated,,false,1340.000,1.792,2.604,3.333,38424.288,38683.945,38727.663,162238,2178613,307224576,118841344,49620,0,2026-08-01T16:50:32.415531Z
C1,1621,saturated,,false,1340.000,1.798,2.761,3.162,38189.946,38398.498,38422.851,164971,2179953,307511296,118898688,49640,0,2026-08-01T16:50:32.415531Z
C1,1622,saturated,,false,1282.000,1.763,4.060,20.963,38186.904,38403.208,38432.691,167616,2181313,307798016,118964224,49620,0,2026-08-01T16:50:32.415531Z
C1,1623,saturated,,false,1107.000,2.077,6.132,16.978,38235.278,38440.645,38471.910,169995,2182575,308084736,119013376,49640,0,2026-08-01T16:50:32.415531Z
C1,1624,saturated,,false,959.000,2.161,9.676,12.383,38308.565,38509.541,38686.368,172666,2183694,308305920,119062528,49873,31,2026-08-01T16:50:32.415531Z
C1,1625,saturated,,false,1322.000,1.782,4.824,5.938,38538.657,38770.473,38805.654,174370,2183694,308551680,119111680,49640,0,2026-08-01T16:50:32.415531Z
C1,1626,saturated,,false,1300.000,1.939,2.925,5.766,38557.996,38785.735,38816.122,176993,2185341,308862976,119177216,49640,21,2026-08-01T16:50:32.415531Z
C1,1627,saturated,,false,1280.000,1.754,4.428,8.153,38602.586,38833.053,38872.183,179565,2186643,309100544,119226368,49640,19,2026-08-01T16:50:32.415531Z
C1,1628,saturated,,false,1300.000,1.879,2.788,3.284,38626.614,38853.877,38870.795,182171,2187943,309387264,119291904,49660,20,2026-08-01T16:50:32.415531Z
C1,1629,saturated,,false,1325.000,1.763,2.704,3.508,38681.463,38903.572,38920.638,184878,2189478,309673984,119341056,49677,0,2026-08-01T16:50:32.415531Z
C1,1630,saturated,,false,1375.000,1.571,3.021,5.532,38709.812,38930.019,38962.118,187560,2190563,309993472,119406592,49660,0,2026-08-01T16:50:32.415531Z
C1,1631,saturated,,false,1300.000,1.776,2.976,3.531,38723.781,38946.286,38990.165,190256,2192414,310296576,119472128,49688,0,2026-08-01T16:50:32.415531Z
C1,1632,saturated,,false,1300.000,1.814,3.382,7.155,38726.605,38946.664,38979.568,192866,2192583,310575104,119521280,49660,2,2026-08-01T16:50:32.415531Z
C1,1633,saturated,,false,1321.000,1.893,2.764,4.287,38718.862,38931.648,38974.451,195533,2194503,310829056,119586816,49680,0,2026-08-01T16:50:32.415531Z
C1,1634,saturated,,false,1063.000,2.007,10.741,63.913,38688.312,38881.984,38898.583,198140,2196119,311123968,119635968,49800,13,2026-08-01T16:50:32.415531Z
C1,1635,saturated,,false,1320.000,1.537,2.876,15.642,38877.640,39090.723,39120.102,200324,2197184,311386112,119685120,49680,0,2026-08-01T16:50:32.415531Z
C1,1636,saturated,,false,1298.000,2.007,2.822,3.153,38931.000,39146.179,39192.775,202975,2198778,311664640,119750656,49688,25,2026-08-01T16:50:32.415531Z
C1,1637,saturated,,false,1325.000,1.695,2.730,3.983,38935.743,39161.518,39192.481,205312,2199822,311951360,119808000,49680,0,2026-08-01T16:50:32.415531Z
C1,1638,saturated,,false,1481.000,1.494,2.546,3.394,38898.936,39125.680,39160.622,208051,2201102,312221696,119865344,49611,15,2026-08-01T16:50:32.415531Z
C1,1639,saturated,,false,1320.000,1.708,2.377,2.807,38846.668,39068.214,39113.571,210809,2202468,312516608,119930880,49700,0,2026-08-01T16:50:32.415531Z
C1,1640,saturated,,false,1340.000,1.805,2.510,2.754,38814.423,39030.519,39061.700,213526,2203926,312786944,119996416,49680,17,2026-08-01T16:50:32.415531Z
C1,1641,saturated,,false,1360.000,1.734,2.708,3.135,38838.408,39051.390,39089.657,216207,2205266,313049088,120061952,49680,0,2026-08-01T16:50:32.415531Z
C1,1642,saturated,,false,1340.000,1.851,2.512,2.965,38801.375,39025.593,39072.473,218928,2206882,313344000,120111104,49693,7,2026-08-01T16:50:32.415531Z
C1,1643,saturated,,false,1300.000,1.725,2.847,3.409,38787.536,39024.622,39054.662,221604,2207966,313622528,120176640,49680,20,2026-08-01T16:50:32.415531Z
C1,1644,saturated,,false,1244.000,1.410,8.188,18.595,38291.189,38503.826,38531.532,224261,2209051,313892864,120233984,49718,1,2026-08-01T16:50:32.415531Z
C1,1645,saturated,,false,1340.000,1.705,2.602,3.182,38330.961,38541.180,38570.441,226770,2210391,314130432,120299520,49720,0,2026-08-01T16:50:32.415531Z
C1,1646,saturated,,false,1293.000,1.875,4.693,12.738,38340.426,38555.778,38582.843,229440,2212295,314458112,120348672,49700,21,2026-08-01T16:50:32.415531Z
C1,1647,saturated,,false,1320.000,1.886,3.050,7.588,38257.906,38502.854,38548.963,232029,2213568,314728448,120414208,49700,0,2026-08-01T16:50:32.415531Z
C1,1648,saturated,,false,1341.000,1.705,3.253,4.348,38143.363,38362.549,38378.854,234719,2215143,315015168,120479744,49720,20,2026-08-01T16:50:32.415531Z
C1,1649,saturated,,false,1300.000,1.802,3.975,6.238,38173.432,38393.334,38417.664,237397,2216248,315310080,120528896,49720,35,2026-08-01T16:50:32.415531Z
C1,1650,saturated,,false,1104.000,2.320,6.911,16.159,38270.432,38543.307,38575.050,239912,2217549,315547648,120586240,49736,0,2026-08-01T16:50:32.415531Z
C1,1651,saturated,,false,1400.000,1.662,2.524,2.792,38307.942,38532.871,38552.617,242388,2217549,315809792,120643584,49720,18,2026-08-01T16:50:32.415531Z
C1,1652,saturated,,false,1102.000,1.760,12.836,33.724,38390.079,38693.096,38723.441,245038,2219382,316096512,120700928,49760,24,2026-08-01T16:50:32.415531Z
C1,1653,saturated,,false,1320.000,1.921,3.353,4.833,38411.822,38624.485,38651.249,247356,2220733,316358656,120758272,49760,0,2026-08-01T16:50:32.415531Z
C1,1654,saturated,,false,1065.000,1.965,17.667,36.977,38404.727,38746.673,38775.296,250007,2222495,316596224,120807424,49860,8,2026-08-01T16:50:32.415531Z
C1,1655,saturated,,false,1320.000,1.647,3.931,15.259,38596.313,38831.353,38859.613,252240,2223935,316817408,120856576,49760,20,2026-08-01T16:50:32.415531Z
C1,1656,saturated,,false,1300.000,1.746,2.765,5.354,38659.641,38883.368,38903.722,254855,2224900,317046784,120922112,49760,23,2026-08-01T16:50:32.415531Z
C1,1657,saturated,,false,1360.000,1.794,2.854,3.236,38680.121,38910.279,38936.381,257487,2226200,317317120,120979456,49740,0,2026-08-01T16:50:32.415531Z
C1,1658,saturated,,false,1380.000,1.480,2.713,3.175,38629.073,38856.591,38883.684,260270,2227540,317571072,121036800,49760,0,2026-08-01T16:50:32.415531Z
C1,1659,saturated,,false,1380.000,1.813,2.517,2.804,38589.351,38807.133,38836.452,263042,2228940,317816832,121102336,49743,26,2026-08-01T16:50:32.415531Z
C1,1660,saturated,,false,1340.000,1.910,2.636,3.039,38602.622,38817.485,38844.504,265754,2230303,318046208,121167872,49740,0,2026-08-01T16:50:32.415531Z
C1,1661,saturated,,false,1340.000,1.788,2.524,2.970,38528.044,38786.497,38818.350,268465,2231640,318308352,121225216,49760,20,2026-08-01T16:50:32.415531Z
C1,1662,saturated,,false,1401.000,1.699,2.800,3.446,38338.504,38562.380,38618.674,271172,2233255,318562304,121282560,49739,0,2026-08-01T16:50:32.415531Z
C1,1663,saturated,,false,1300.000,1.809,2.718,2.991,38134.835,38287.521,38305.000,273672,2234361,318816256,121348096,49760,20,2026-08-01T16:50:32.415531Z
C1,1664,saturated,,false,1243.000,1.687,8.172,33.118,38071.797,38271.532,38289.331,276310,2235701,319062016,121397248,49740,16,2026-08-01T16:50:32.415531Z
C1,1665,saturated,,false,1361.000,1.688,2.684,3.461,38063.763,38290.201,38331.294,278726,2237179,319315968,121462784,49780,20,2026-08-01T16:50:32.415531Z
C1,1666,saturated,,false,1301.000,1.728,3.062,10.560,38031.126,38238.417,38260.386,281427,2238325,319545344,121528320,49760,0,2026-08-01T16:50:32.415531Z
C1,1667,saturated,,false,1340.000,1.792,3.045,3.614,38049.211,38266.744,38282.630,284043,2239606,319815680,121577472,49760,0,2026-08-01T16:50:32.415531Z
C1,1668,saturated,,false,1315.000,1.967,3.086,4.315,38055.832,38267.622,38295.850,286719,2240946,320061440,121643008,49780,20,2026-08-01T16:50:32.415531Z
C1,1669,saturated,,false,1285.000,2.003,2.896,3.566,38064.774,38292.625,38322.278,289357,2242266,320307200,121692160,49800,0,2026-08-01T16:50:32.415531Z
C1,1670,saturated,,false,1221.000,1.765,2.791,37.231,38070.770,38287.588,38334.511,291862,2243586,320552960,121757696,49800,19,2026-08-01T16:50:32.415531Z
C1,1671,saturated,,false,1184.000,1.835,4.637,17.574,38167.611,38422.489,38468.138,294272,2244807,320774144,121806848,49800,19,2026-08-01T16:50:32.415531Z
C1,1672,saturated,,false,1260.000,1.790,5.132,7.330,38283.506,38492.503,38535.349,296645,2245991,321060864,121864192,49820,0,2026-08-01T16:50:32.415531Z
C1,1673,saturated,,false,1320.000,1.993,3.377,4.279,38157.281,38345.182,38361.241,299235,2247271,321265664,121921536,49805,0,2026-08-01T16:50:32.415531Z
C1,1674,saturated,,false,1062.000,1.988,13.427,19.737,38174.739,38370.207,38401.391,301806,2248826,321527808,121970688,49833,11,2026-08-01T16:50:32.415531Z
C1,1675,saturated,,false,1178.000,1.905,7.478,39.989,38337.914,38539.122,38584.738,303957,2249666,321880064,122044416,49840,1640,2026-08-01T16:50:32.415531Z
C1,1676,saturated,,false,1341.000,1.754,2.922,5.977,38376.572,38606.325,38626.073,309043,2250511,322306048,122109952,49820,0,2026-08-01T16:50:32.415531Z
C1,1677,saturated,,false,1240.000,1.785,2.828,7.401,38472.721,38712.617,38742.110,311517,2251832,322527232,122159104,49820,1,2026-08-01T16:50:32.415531Z
C1,1678,saturated,,false,1300.000,1.724,2.699,6.262,38560.801,38786.206,38821.998,314199,2253072,322756608,122224640,49831,9,2026-08-01T16:50:32.415531Z
C1,1679,saturated,,false,1381.000,1.821,2.625,3.067,38566.754,38796.722,38813.559,316853,2254383,323067904,122281984,49840,0,2026-08-01T16:50:32.415531Z
C1,1680,saturated,,false,1342.000,1.733,2.446,2.685,38561.156,38785.231,38803.329,319608,2255755,323239936,122339328,49820,18,2026-08-01T16:50:32.415531Z
C1,1681,saturated,,false,1300.000,1.740,3.217,15.166,38569.110,38785.114,38815.261,322277,2257350,323559424,122404864,49840,0,2026-08-01T16:50:32.415531Z
C1,1682,saturated,,false,1300.000,1.984,3.115,4.141,38579.595,38791.117,38822.403,324914,2258415,323846144,122462208,49840,0,2026-08-01T16:50:32.415531Z
C1,1683,saturated,,false,1340.000,1.889,2.619,3.883,38562.429,38815.089,38859.323,327534,2259715,324034560,122519552,49840,0,2026-08-01T16:50:32.415531Z
C1,1684,saturated,,false,1166.000,1.858,11.586,17.792,38562.103,38761.146,38780.132,330207,2261055,324337664,122576896,49870,8,2026-08-01T16:50:32.415531Z
C1,1685,saturated,,false,1200.000,1.864,7.029,13.324,38700.632,38927.736,38942.940,332428,2262251,324485120,122642432,49840,22,2026-08-01T16:50:32.415531Z
C1,1686,saturated,,false,1319.000,1.952,2.817,3.114,38708.277,38933.884,38951.302,334999,2263676,324788224,122691584,49860,0,2026-08-01T16:50:32.415531Z
C1,1687,saturated,,false,1271.000,1.633,2.740,5.881,38769.355,39003.926,39027.094,337527,2264996,325033984,122748928,49860,0,2026-08-01T16:50:32.415531Z
C1,1688,saturated,,false,1350.000,1.832,2.460,2.713,38731.864,38954.902,38975.742,340252,2266021,325263360,122806272,49860,0,2026-08-01T16:50:32.415531Z
C1,1689,saturated,,false,1340.000,1.785,2.606,3.462,38605.430,38844.613,38872.494,342961,2267381,325533696,122871808,49864,19,2026-08-01T16:50:32.415531Z
C1,1690,saturated,,false,1341.000,1.904,2.915,4.251,38601.074,38819.053,38835.304,345639,2268725,325754880,122937344,49860,0,2026-08-01T16:50:32.415531Z
C1,1691,saturated,,false,1262.000,1.937,4.480,11.822,38504.095,38806.105,38831.939,348332,2270317,326041600,122986496,49880,0,2026-08-01T16:50:32.415531Z
C1,1692,saturated,,false,1299.000,1.916,2.619,9.295,38451.823,38677.531,38701.248,350899,2271343,326238208,123052032,49900,10,2026-08-01T16:50:32.415531Z
C1,1693,saturated,,false,1260.000,1.939,4.389,10.118,38399.674,38699.100,38734.830,353421,2272663,326524928,123101184,49880,11,2026-08-01T16:50:32.415531Z
C1,1694,saturated,,false,1132.000,2.004,11.038,25.502,38354.963,38646.931,38674.693,356007,2273903,326737920,123183104,49873,3,2026-08-01T16:50:32.415531Z
C1,1695,saturated,,false,1282.000,1.882,3.679,10.606,38474.438,38710.702,38738.350,358318,2275028,326983680,123273216,49918,23,2026-08-01T16:50:32.415531Z
C1,1696,saturated,,false,1359.000,1.860,2.658,3.295,38500.094,38721.986,38735.818,360940,2276355,327237632,123379712,49880,21,2026-08-01T16:50:32.415531Z
C1,1697,saturated,,false,1360.000,1.674,2.654,3.338,38518.601,38738.887,38761.797,363662,2277676,327475200,123478016,49881,19,2026-08-01T16:50:32.415531Z
C1,1698,saturated,,false,1282.000,2.040,3.049,3.558,38553.653,38767.095,38795.211,366337,2279037,327761920,123584512,49899,0,2026-08-01T16:50:32.415531Z
C1,1699,saturated,,false,1318.000,1.866,3.067,6.129,38578.178,38804.720,38820.795,368962,2280336,327958528,123674624,49900,20,2026-08-01T16:50:32.415531Z
C1,1700,saturated,,false,1300.000,2.091,2.796,3.127,38613.257,38843.571,38865.369,371576,2281656,328245248,123781120,49900,20,2026-08-01T16:50:32.415531Z
C1,1701,saturated,,false,1320.000,1.975,3.026,3.350,38652.882,38883.168,38902.616,374190,2282956,328474624,123887616,49900,0,2026-08-01T16:50:32.415531Z
C1,1702,saturated,,false,1272.000,1.880,4.468,11.755,38693.659,38929.471,38954.155,376839,2284276,328720384,123985920,49900,21,2026-08-01T16:50:32.415531Z
C1,1703,saturated,,false,1242.000,1.803,3.296,16.599,38715.748,38981.409,39011.355,379195,2286059,328982528,124076032,49920,0,2026-08-01T16:50:32.415531Z
C1,1704,saturated,,false,1117.000,1.623,13.430,26.806,38757.286,39103.326,39140.435,381844,2286810,329203712,124174336,49929,20,2026-08-01T16:50:32.415531Z
C1,1705,saturated,,false,1137.000,1.721,7.061,71.765,38934.845,39267.942,39299.754,383836,2287933,329416704,124264448,49920,0,2026-08-01T16:50:32.415531Z
C1,1706,saturated,,false,1320.000,1.932,2.985,4.343,39031.509,39246.677,39277.634,386346,2289718,329678848,124346368,49920,3,2026-08-01T16:50:32.415531Z
C1,1707,saturated,,false,1366.000,1.738,2.948,4.497,39016.422,39238.135,39268.010,389051,2289718,329916416,124461056,49940,0,2026-08-01T16:50:32.415531Z
C1,1708,saturated,,false,1214.000,1.993,3.752,20.275,39017.955,39222.529,39251.372,391708,2291064,330194944,124551168,49940,0,2026-08-01T16:50:32.415531Z
C1,1709,saturated,,false,1321.000,1.994,2.934,3.815,39050.621,39281.293,39302.731,394203,2292404,330432512,124649472,49940,20,2026-08-01T16:50:32.415531Z
C1,1710,saturated,,false,1280.000,1.969,3.502,7.884,38996.607,39202.230,39230.116,396817,2293645,330711040,124755968,49940,20,2026-08-01T16:50:32.415531Z
C1,1711,saturated,,false,1340.000,1.857,2.786,3.168,38883.721,39099.007,39143.894,399420,2294945,330932224,124854272,49940,0,2026-08-01T16:50:32.415531Z
C1,1712,saturated,,false,1400.000,1.710,2.472,4.530,38797.436,39026.986,39053.007,402174,2296245,331194368,124977152,49960,0,2026-08-01T16:50:32.415531Z
C1,1713,saturated,,false,1319.000,1.927,2.742,3.426,38681.520,38953.507,38985.095,404889,2297625,331472896,125075456,49959,16,2026-08-01T16:50:32.415531Z
C1,1714,saturated,,false,1148.000,2.004,11.802,19.379,38582.884,38755.838,38785.814,407531,2298965,331694080,125165568,49960,4,2026-08-01T16:50:32.415531Z
C1,1715,saturated,,false,1341.000,1.594,4.272,15.414,38593.283,38806.773,38830.797,409980,2300305,331915264,125255680,49960,7,2026-08-01T16:50:32.415531Z
C1,1716,saturated,,false,1340.000,1.864,2.821,5.322,38564.661,38795.774,38839.071,412605,2301531,332169216,125362176,49960,23,2026-08-01T16:50:32.415531Z
C1,1717,saturated,,false,1320.000,2.010,3.030,3.479,38521.784,38743.564,38759.145,415292,2302813,332414976,125468672,49960,0,2026-08-01T16:50:32.415531Z
C1,1718,saturated,,false,1320.000,1.917,2.673,3.110,38542.602,38755.600,38798.234,417954,2304408,332668928,125566976,49960,20,2026-08-01T16:50:32.415531Z
C1,1719,saturated,,false,1300.000,2.039,2.987,3.518,38577.056,38790.268,38821.915,420596,2305474,332922880,125673472,49980,0,2026-08-01T16:50:32.415531Z
C1,1720,saturated,,false,1281.000,2.087,2.944,3.207,38593.710,38813.769,38843.994,423183,2307048,333193216,125763584,49980,0,2026-08-01T16:50:32.415531Z
C1,1721,saturated,,false,1219.000,2.029,3.482,12.248,38631.184,38840.654,38868.817,424208,2308093,333340672,125820928,49615,0,2026-08-01T16:50:32.415531Z
C1,1722,saturated,,false,1120.000,1.861,13.500,27.548,38806.429,39050.570,39066.472,426686,2309353,333545472,125902848,49320,15,2026-08-01T16:50:32.415531Z
C1,1723,saturated,,false,1321.000,1.903,3.095,12.289,38797.368,39038.689,39076.907,430214,2311073,333905920,126042112,49851,0,2026-08-01T16:50:32.415531Z
C1,1724,saturated,,false,1143.000,1.729,16.690,25.963,38673.151,38931.392,38994.903,432896,2312414,334135296,126148608,49497,0,2026-08-01T16:50:32.415531Z
C1,1725,saturated,,false,1380.000,1.820,3.377,6.034,38735.094,38957.036,38983.644,434056,2312414,334241792,126181376,49320,0,2026-08-01T16:50:32.415531Z
C1,1726,saturated,,false,1363.000,1.847,3.006,3.573,38656.156,38877.504,38892.634,436645,2313557,334536704,126296064,49317,0,2026-08-01T16:50:32.415531Z
C1,1727,saturated,,false,1386.000,1.707,2.447,2.796,38651.200,38876.241,38903.114,440696,2316300,334921728,126484480,49291,0,2026-08-01T16:50:32.415531Z
C1,1728,saturated,,false,1359.000,1.880,2.912,3.287,38625.414,38851.043,38868.966,442242,2317685,335069184,126541824,49320,1,2026-08-01T16:50:32.415531Z
C1,1729,saturated,,false,1300.000,1.991,2.824,6.107,38624.681,38837.568,38869.996,444830,2317685,335290368,126631936,49360,0,2026-08-01T16:50:32.415531Z
C1,1730,saturated,,false,1260.000,1.764,3.277,16.544,38623.359,38863.710,38891.826,447472,2319045,335519744,126738432,49460,0,2026-08-01T16:50:32.415531Z
C1,1731,saturated,,false,1300.000,2.016,2.696,3.002,38656.647,38880.129,38904.340,450087,2320601,335790080,126812160,49360,27,2026-08-01T16:50:32.415531Z
C1,1732,saturated,,false,1322.000,1.773,4.030,12.964,38578.355,38813.123,38843.472,452712,2322776,335994880,126926848,49398,22,2026-08-01T16:50:32.415531Z
C1,1733,saturated,,false,1299.000,1.939,5.986,12.689,38514.241,38774.553,38818.693,455379,2323880,336281600,127033344,49406,13,2026-08-01T16:50:32.415531Z
C1,1734,saturated,,false,1172.000,1.828,7.458,32.302,38482.941,38672.307,38702.672,457984,2324932,336519168,127131648,49508,0,2026-08-01T16:50:32.415531Z
C1,1735,saturated,,false,1226.000,1.750,6.321,12.140,38591.112,38821.676,38851.710,460294,2326717,336740352,127205376,49440,885,2026-08-01T16:50:32.415531Z
C1,1736,saturated,,false,1200.000,1.765,3.976,24.380,38736.713,38965.061,39012.924,462693,2327364,336969728,127311872,49420,3270,2026-08-01T16:50:32.415531Z
C1,1737,saturated,,false,1360.000,1.583,2.214,2.688,38733.217,38954.409,38976.744,465127,2328544,337199104,127393792,49360,5857,2026-08-01T16:50:32.415531Z
C1,1738,saturated,,false,1300.000,1.412,3.744,6.165,38743.902,38971.791,38999.721,467800,2329844,337477632,127459328,49360,8443,2026-08-01T16:50:32.415531Z
C1,1739,saturated,,false,1299.000,1.566,2.809,43.407,38742.857,38955.497,38977.364,6813,2333792,337592320,127524864,49320,0,2026-08-01T16:53:31.253265Z
C1,1740,saturated,,false,1362.000,1.598,2.361,3.035,38708.817,38925.427,38949.132,9405,2335053,337592320,127590400,49341,20,2026-08-01T16:53:31.253265Z
C1,1741,saturated,,false,1402.000,1.562,2.144,2.459,38633.403,38871.629,38899.427,12173,2336434,337592320,127647744,49360,0,2026-08-01T16:53:31.253265Z
C1,1742,saturated,,false,1353.000,1.632,2.632,2.968,38557.185,38770.990,38795.145,14974,2337855,337592320,127705088,49350,0,2026-08-01T16:53:31.253265Z
C1,1743,saturated,,false,1347.000,1.737,2.677,3.450,38384.910,38742.689,38795.462,17695,2339195,337592320,127770624,49379,21,2026-08-01T16:53:31.253265Z
C1,1744,saturated,,false,1067.000,1.742,14.177,51.728,38217.799,38506.129,38542.686,20417,2340575,337592320,127836160,49614,0,2026-08-01T16:53:31.253265Z
C1,1745,saturated,,false,1421.000,1.454,2.315,2.949,38361.835,38582.846,38618.079,22723,2342130,337592320,127885312,49379,0,2026-08-01T16:53:31.253265Z
C1,1746,saturated,,false,1340.000,1.725,2.433,2.851,38333.917,38566.434,38585.985,25427,2343062,337592320,127950848,49399,0,2026-08-01T16:53:31.253265Z
C1,1747,saturated,,false,1345.000,1.613,3.088,15.547,38259.985,38493.108,38556.109,28151,2344423,337592320,128000000,49400,0,2026-08-01T16:53:31.253265Z
C1,1748,saturated,,false,1302.000,1.533,3.588,16.424,38243.281,38473.617,38489.100,30839,2345768,337592320,128065536,49380,0,2026-08-01T16:53:31.253265Z
C1,1749,saturated,,false,1265.000,1.680,4.469,16.851,38271.770,38474.897,38502.697,33374,2347050,337592320,128114688,49420,29,2026-08-01T16:53:31.253265Z
C1,1750,saturated,,false,1352.000,1.631,3.087,3.581,38270.431,38493.336,38521.755,36005,2347050,337592320,128180224,49413,0,2026-08-01T16:53:31.253265Z
C1,1751,saturated,,false,1386.000,1.634,2.422,3.315,38265.929,38489.669,38533.303,38723,2349015,337592320,128245760,49394,1,2026-08-01T16:53:31.253265Z
C1,1752,saturated,,false,1324.000,1.679,2.655,3.079,38251.396,38478.600,38500.137,41351,2350375,337592320,128303104,49420,0,2026-08-01T16:53:31.253265Z
C1,1753,saturated,,false,1381.000,1.547,2.393,2.741,38134.115,38354.030,38379.629,44172,2351757,337592320,128360448,49399,0,2026-08-01T16:53:31.253265Z
C1,1754,saturated,,false,1190.000,1.648,9.292,26.952,38116.054,38413.915,38457.498,46943,2353077,337592320,128425984,49607,0,2026-08-01T16:53:31.253265Z
C1,1755,saturated,,false,1403.000,1.404,2.216,3.672,38176.870,38399.165,38430.559,49390,2354458,337592320,128475136,49387,14,2026-08-01T16:53:31.253265Z
C1,1756,saturated,,false,1400.000,1.583,2.302,2.656,38120.535,38337.749,38363.522,52191,2355648,337592320,128540672,49400,0,2026-08-01T16:53:31.253265Z
C1,1757,saturated,,false,1379.000,1.565,2.849,3.844,38059.394,38281.331,38296.895,55009,2357071,337592320,128606208,49436,2,2026-08-01T16:53:31.253265Z
C1,1758,saturated,,false,1341.000,1.730,2.741,3.321,38030.739,38241.378,38269.024,57759,2358491,337592320,128671744,49440,20,2026-08-01T16:53:31.253265Z
C1,1759,saturated,,false,1380.000,1.625,2.193,2.519,37936.185,38186.722,38216.997,60469,2359851,337592320,128720896,49420,0,2026-08-01T16:53:31.253265Z
C1,1760,saturated,,false,1342.000,1.656,2.585,4.180,37748.613,38035.842,38062.532,63243,2361191,337592320,128786432,49440,33,2026-08-01T16:53:31.253265Z
C1,1761,saturated,,false,1360.000,1.678,2.490,2.854,37685.654,37907.166,37936.266,65947,2362572,337592320,128851968,49442,20,2026-08-01T16:53:31.253265Z
C1,1762,saturated,,false,1343.000,1.728,2.605,4.670,37601.333,37842.108,37878.625,68662,2363933,337592320,128909312,49460,0,2026-08-01T16:53:31.253265Z
C1,1763,saturated,,false,1360.000,1.631,2.411,3.977,37530.211,37750.028,37768.515,71387,2365293,337592320,128966656,49460,21,2026-08-01T16:53:31.253265Z
C1,1764,saturated,,false,1186.000,1.395,12.882,47.967,37587.900,37880.384,37911.136,74014,2366656,337592320,129032192,49634,0,2026-08-01T16:53:31.253265Z
C1,1765,saturated,,false,1344.000,1.406,3.516,5.291,37688.316,37918.405,37942.408,76500,2368015,337592320,129081344,49516,13,2026-08-01T16:53:31.253265Z
C1,1766,saturated,,false,1340.000,1.628,2.577,5.043,37715.059,37935.173,37956.335,79189,2369242,337592320,129146880,49500,21,2026-08-01T16:53:31.253265Z
C1,1767,saturated,,false,1340.000,1.594,2.832,3.917,37700.737,37920.606,37939.994,81877,2370586,337592320,129212416,49520,0,2026-08-01T16:53:31.253265Z
C1,1768,saturated,,false,1340.000,1.653,2.522,4.152,37666.981,37886.244,37938.492,84601,2371926,337592320,129261568,49520,20,2026-08-01T16:53:31.253265Z
C1,1769,saturated,,false,1300.000,1.647,3.785,6.988,37613.255,37840.998,37858.854,87255,2373541,337592320,129335296,49559,14,2026-08-01T16:53:31.253265Z
C1,1770,saturated,,false,1340.000,1.745,2.710,4.307,37630.845,37850.802,37880.619,89912,2375117,337592320,129384448,49520,0,2026-08-01T16:53:31.253265Z
C1,1771,saturated,,false,1380.000,1.587,2.336,4.413,37583.793,37809.692,37853.699,92605,2375926,337592320,129449984,49501,20,2026-08-01T16:53:31.253265Z
C1,1772,saturated,,false,1360.000,1.578,2.574,3.098,37490.242,37730.409,37775.838,95360,2377777,337592320,129515520,49509,19,2026-08-01T16:53:31.253265Z
C1,1773,saturated,,false,1340.000,1.678,2.750,4.149,37353.154,37593.237,37636.729,98094,2378646,337592320,129581056,49540,5,2026-08-01T16:53:31.253265Z
C1,1774,saturated,,false,1081.000,1.766,16.247,28.964,37205.659,37467.654,37496.163,100824,2379996,337592320,129630208,49799,21,2026-08-01T16:53:31.253265Z
C1,1775,saturated,,false,1380.000,1.466,3.697,5.262,37408.513,37631.751,37661.212,103041,2381366,337592320,129679360,49540,0,2026-08-01T16:53:31.253265Z
C1,1776,saturated,,false,1340.000,1.624,2.621,4.254,37358.755,37595.514,37614.351,105774,2382447,337592320,129744896,49540,19,2026-08-01T16:53:31.253265Z
C1,1777,saturated,,false,1360.000,1.635,2.390,2.892,37317.092,37542.565,37573.592,108480,2384082,337592320,129810432,49540,0,2026-08-01T16:53:31.253265Z
C1,1778,saturated,,false,1380.000,1.553,2.276,2.657,37315.430,37531.623,37548.044,111230,2385423,337592320,129867776,49540,2,2026-08-01T16:53:31.253265Z
C1,1779,saturated,,false,1380.000,1.587,2.243,2.529,37346.880,37563.918,37588.187,113860,2386802,337592320,129925120,49540,0,2026-08-01T16:53:31.253265Z
C1,1780,saturated,,false,1363.000,1.691,2.415,3.032,37307.669,37539.342,37556.838,116788,2388162,337592320,129990656,49541,0,2026-08-01T16:53:31.253265Z
C1,1781,saturated,,false,1402.000,1.511,2.181,2.547,37310.142,37524.371,37553.091,119485,2389562,337592320,130056192,49540,0,2026-08-01T16:53:31.253265Z
C1,1782,saturated,,false,1340.000,1.694,2.569,2.857,37127.916,37375.518,37473.323,122303,2390925,337592320,130121728,49560,0,2026-08-01T16:53:31.253265Z
C1,1783,saturated,,false,1399.000,1.672,2.567,3.079,37126.369,37338.380,37355.233,125016,2392583,337592320,130170880,49540,16,2026-08-01T16:53:31.253265Z
C1,1784,saturated,,false,1171.000,1.660,2.862,9.160,37115.834,37404.725,37432.510,127672,2393667,337592320,130236416,49732,8,2026-08-01T16:53:31.253265Z
C1,1785,saturated,,false,1401.000,1.385,2.583,7.120,37175.114,37419.425,37459.207,130093,2395323,337592320,130293760,49560,13,2026-08-01T16:53:31.253265Z
C1,1786,saturated,,false,1384.000,1.541,2.380,2.846,37079.311,37294.449,37319.511,132867,2396002,337592320,130351104,49560,1,2026-08-01T16:53:31.253265Z
C1,1787,saturated,,false,1360.000,1.601,2.422,3.105,37047.975,37266.240,37290.776,135625,2397403,337592320,130416640,49582,0,2026-08-01T16:53:31.253265Z
C1,1788,saturated,,false,1380.000,1.666,2.393,3.106,37033.580,37252.133,37279.257,138292,2398787,337592320,130482176,49580,19,2026-08-01T16:53:31.253265Z
C1,1789,saturated,,false,1360.000,1.651,2.474,2.949,37036.259,37260.649,37275.706,141032,2400167,337592320,130539520,49580,0,2026-08-01T16:53:31.253265Z
C1,1790,saturated,,false,1382.000,1.653,2.294,2.647,37014.432,37228.263,37250.093,143788,2401527,337592320,130596864,49600,0,2026-08-01T16:53:31.253265Z
C1,1791,saturated,,false,1340.000,1.820,2.414,2.647,37033.398,37250.963,37275.681,146541,2402887,337592320,130662400,49580,18,2026-08-01T16:53:31.253265Z
C1,1792,saturated,,false,1340.000,1.711,2.497,3.911,36913.036,37151.995,37176.224,149236,2404269,337592320,130727936,49588,2,2026-08-01T16:53:31.253265Z
C1,1793,saturated,,false,1340.000,1.786,2.610,2.999,36969.442,37189.703,37214.757,151925,2405609,337592320,130777088,49600,0,2026-08-01T16:53:31.253265Z
C1,1794,saturated,,false,1168.000,1.668,11.250,23.711,37036.032,37360.338,37396.953,154632,2406929,337870848,130842624,49793,0,2026-08-01T16:53:31.253265Z
C1,1795,saturated,,false,1388.000,1.412,2.242,3.546,37136.071,37357.444,37374.785,157034,2408309,338182144,130891776,49574,0,2026-08-01T16:53:31.253265Z
C1,1796,saturated,,false,1359.000,1.729,2.412,3.403,37114.639,37343.131,37363.207,159792,2410158,338518016,130957312,49600,20,2026-08-01T16:53:31.253265Z
C1,1797,saturated,,false,1280.000,1.638,6.911,12.594,37150.841,37359.471,37375.092,162552,2410864,338837504,131022848,49600,0,2026-08-01T16:53:31.253265Z
C1,1798,saturated,,false,1360.000,1.726,2.573,3.208,37177.801,37398.002,37422.753,165014,2412224,339140608,131072000,49620,6,2026-08-01T16:53:31.253265Z
C1,1799,saturated,,false,1422.000,1.555,2.348,3.216,37159.991,37375.153,37412.671,167778,2413504,339369984,131137536,49620,0,2026-08-01T16:53:31.253265Z
C1,1800,saturated,,false,1360.000,1.671,2.308,2.712,37118.536,37338.491,37367.772,170633,2414864,339697664,131203072,49620,20,2026-08-01T16:53:31.253265Z
C1,1801,saturated,,false,1420.000,1.619,2.407,2.901,37053.458,37274.057,37289.257,173385,2416306,339992576,131268608,49600,20,2026-08-01T16:53:31.253265Z
C1,1802,saturated,,false,1380.000,1.598,2.348,3.001,36939.219,37160.450,37177.696,176211,2417666,340312064,131325952,49620,20,2026-08-01T16:53:31.253265Z
C1,1803,saturated,,false,1349.000,1.746,2.411,2.598,36921.194,37143.264,37173.629,178957,2419086,340574208,131383296,49640,0,2026-08-01T16:53:31.253265Z
C1,1804,saturated,,false,1157.000,1.744,15.272,26.528,36949.371,37254.047,37292.486,181682,2420466,340844544,131448832,49814,0,2026-08-01T16:53:31.253265Z
C1,1805,saturated,,false,1402.000,1.480,2.325,5.451,37016.732,37236.916,37253.520,184128,2421826,341106688,131497984,49640,0,2026-08-01T16:53:31.253265Z
C1,1806,saturated,,false,1321.000,1.729,3.257,7.836,37017.755,37231.462,37255.726,186793,2423714,341352448,131563520,49640,0,2026-08-01T16:53:31.253265Z
C1,1807,saturated,,false,1360.000,1.740,2.639,5.393,36987.497,37199.229,37219.989,189503,2425035,341606400,131620864,49640,0,2026-08-01T16:53:31.253265Z
C1,1808,saturated,,false,1366.000,1.692,2.525,2.769,36980.434,37197.119,37222.767,192205,2426395,341917696,131678208,49640,6,2026-08-01T16:53:31.253265Z
C1,1809,saturated,,false,1351.000,1.771,2.528,2.726,36985.172,37198.510,37222.688,194981,2427761,342171648,131751936,49652,0,2026-08-01T16:53:31.253265Z
C1,1810,saturated,,false,1349.000,1.729,2.894,3.465,36996.040,37214.283,37234.390,197680,2429121,342458368,131817472,49660,0,2026-08-01T16:53:31.253265Z
C1,1811,saturated,,false,1401.000,1.692,2.404,3.056,36961.431,37178.297,37211.178,200438,2430481,342745088,131874816,49659,20,2026-08-01T16:53:31.253265Z
C1,1812,saturated,,false,1383.000,1.658,2.664,3.521,36746.905,36971.136,37000.727,203239,2431881,343031808,131932160,49660,14,2026-08-01T16:53:31.253265Z
C1,1813,saturated,,false,1340.000,1.836,2.416,2.693,36747.560,36966.373,36990.190,205987,2433265,343318528,131997696,49660,0,2026-08-01T16:53:31.253265Z
C1,1814,saturated,,false,1209.000,1.682,11.736,31.026,36769.232,36970.500,36988.158,208713,2434605,343605248,132063232,49798,3,2026-08-01T16:53:31.253265Z
C1,1815,saturated,,false,1357.000,1.673,2.795,5.056,36865.127,37089.261,37107.132,211167,2435950,343851008,132112384,49675,0,2026-08-01T16:53:31.253265Z
C1,1816,saturated,,false,1381.000,1.605,2.221,2.483,36877.073,37102.610,37122.693,213851,2437172,344113152,132177920,49640,0,2026-08-01T16:53:31.253265Z
C1,1817,saturated,,false,1340.000,1.755,2.401,2.721,36887.896,37110.729,37131.146,216624,2438532,344391680,132235264,49660,0,2026-08-01T16:53:31.253265Z
C1,1818,saturated,,false,1381.000,1.665,2.278,2.636,36893.185,37117.259,37140.271,219363,2439892,344662016,132292608,49660,0,2026-08-01T16:53:31.253265Z
C1,1819,saturated,,false,1379.000,1.762,2.460,2.786,36901.527,37128.352,37154.817,222110,2441272,344948736,132358144,49660,0,2026-08-01T16:53:31.253265Z
C1,1820,saturated,,false,1360.000,1.702,2.419,2.924,36887.062,37110.065,37132.147,224864,2442652,345227264,132423680,49660,11,2026-08-01T16:53:31.253265Z
C1,1821,saturated,,false,1381.000,1.739,2.391,2.596,36889.148,37115.187,37140.840,227636,2444012,345530368,132481024,49680,23,2026-08-01T16:53:31.253265Z
C1,1822,saturated,,false,1340.000,1.690,2.807,6.203,36779.484,37012.130,37031.039,230358,2445413,345800704,132538368,49680,0,2026-08-01T16:53:31.253265Z
C1,1823,saturated,,false,1360.000,1.745,2.476,3.064,36807.655,37031.463,37053.863,232946,2446753,346087424,132603904,49680,20,2026-08-01T16:53:31.253265Z
C1,1824,saturated,,false,1223.000,1.513,9.962,19.158,36828.983,37040.566,37106.455,235725,2448113,346365952,132669440,49799,17,2026-08-01T16:53:31.253265Z
C1,1825,saturated,,false,1400.000,1.586,2.242,2.864,36917.042,37132.327,37150.135,238213,2449455,346660864,132718592,49680,20,2026-08-01T16:53:31.253265Z
C1,1826,saturated,,false,1360.000,1.767,2.466,6.843,36911.419,37140.821,37157.949,240945,2450736,346890240,132784128,49680,0,2026-08-01T16:53:31.253265Z
C1,1827,saturated,,false,1320.000,1.709,3.188,4.091,36936.114,37160.613,37190.498,243687,2452096,347185152,132841472,49700,0,2026-08-01T16:53:31.253265Z
C1,1828,saturated,,false,1360.000,1.745,2.297,2.583,36941.364,37160.164,37177.947,246372,2453436,347471872,132898816,49691,0,2026-08-01T16:53:31.253265Z
C1,1829,saturated,,false,1360.000,1.782,2.722,3.063,36921.195,37138.477,37163.111,249119,2454787,347758592,132964352,49712,0,2026-08-01T16:53:31.253265Z
C1,1830,saturated,,false,1340.000,1.767,2.497,3.084,36923.690,37148.989,37166.589,251803,2456155,348020736,133021696,49680,0,2026-08-01T16:53:31.253265Z
C1,1831,saturated,,false,1360.000,1.693,2.254,2.764,36914.633,37133.512,37162.869,254524,2457476,348282880,133079040,49699,20,2026-08-01T16:53:31.253265Z
C1,1832,saturated,,false,1360.000,1.730,2.513,3.094,36793.326,37018.421,37035.831,257261,2458855,348528640,133144576,49700,20,2026-08-01T16:53:31.253265Z
C1,1833,saturated,,false,1360.000,1.775,2.517,2.890,36796.007,37022.163,37048.081,260007,2460216,348790784,133210112,49719,0,2026-08-01T16:53:31.253265Z
C1,1834,saturated,,false,1165.000,1.893,10.915,23.362,36807.831,37014.361,37046.009,262699,2461576,349020160,133259264,49820,17,2026-08-01T16:53:31.253265Z
C1,1835,saturated,,false,1360.000,1.559,2.460,3.786,36885.655,37097.156,37122.436,265093,2462857,349249536,133324800,49711,17,2026-08-01T16:53:31.253265Z
C1,1836,saturated,,false,1360.000,1.709,2.312,2.594,36892.827,37113.626,37158.154,267831,2464112,349495296,133373952,49720,20,2026-08-01T16:53:31.253265Z
C1,1837,saturated,,false,1360.000,1.706,2.480,3.289,36926.060,37142.836,37157.861,270567,2465736,349741056,133439488,49720,0,2026-08-01T16:53:31.253265Z
C1,1838,saturated,,false,1332.000,1.845,2.494,2.671,36958.099,37182.950,37214.209,273269,2466841,349978624,133505024,49721,15,2026-08-01T16:53:31.253265Z
C1,1839,saturated,,false,1328.000,1.786,2.635,2.972,37012.297,37223.450,37249.833,275804,2468417,350232576,133554176,49720,21,2026-08-01T16:53:31.253265Z
C1,1840,saturated,,false,1334.000,1.910,2.515,2.957,37038.186,37262.891,37279.153,278476,2469501,350453760,133619712,49739,0,2026-08-01T16:53:31.253265Z
C1,1841,saturated,,false,1346.000,1.745,2.540,2.875,37045.598,37271.845,37287.816,281033,2470841,350699520,133685248,49724,20,2026-08-01T16:53:31.253265Z
C1,1842,saturated,,false,1300.000,1.912,2.658,2.906,36988.610,37211.437,37244.897,283726,2472181,350953472,133734400,49740,20,2026-08-01T16:53:31.253265Z
C1,1843,saturated,,false,1363.000,1.730,2.382,2.669,36952.550,37164.958,37194.670,286391,2473501,351215616,133799936,49740,0,2026-08-01T16:53:31.253265Z
C1,1844,saturated,,false,1182.000,1.842,10.738,19.164,36949.613,37213.246,37243.239,289108,2474861,351436800,133857280,49816,19,2026-08-01T16:53:31.253265Z
C1,1845,saturated,,false,1360.000,1.491,2.739,8.228,37066.159,37285.353,37314.894,291533,2476122,351682560,133914624,49740,12,2026-08-01T16:53:31.253265Z
C1,1846,saturated,,false,1361.000,1.755,2.523,2.789,37084.389,37310.917,37330.044,294235,2477406,351920128,133980160,49741,19,2026-08-01T16:53:31.253265Z
C1,1847,saturated,,false,1381.000,1.691,2.441,2.862,37071.867,37289.034,37317.724,296858,2479023,352174080,134029312,49719,13,2026-08-01T16:53:31.253265Z
C1,1848,saturated,,false,1320.000,1.916,2.636,2.865,37077.460,37294.033,37325.088,299591,2480127,352444416,134094848,49740,0,2026-08-01T16:53:31.253265Z
C1,1849,saturated,,false,1340.000,1.801,2.529,2.920,37122.611,37343.518,37358.775,302248,2481468,352657408,134160384,49760,0,2026-08-01T16:53:31.253265Z
C1,1850,saturated,,false,1380.000,1.764,2.395,2.713,37135.751,37355.736,37382.934,304993,2482828,352944128,134225920,49760,0,2026-08-01T16:53:31.253265Z
C1,1851,saturated,,false,1360.000,1.782,2.363,2.697,37077.841,37334.899,37355.043,307756,2484208,353165312,134283264,49760,21,2026-08-01T16:53:31.253265Z
C1,1852,saturated,,false,1320.000,1.906,2.688,3.097,37081.378,37238.657,37280.983,310448,2485568,353427456,134348800,49780,0,2026-08-01T16:53:31.253265Z
C1,1853,saturated,,false,1360.000,1.824,2.546,2.743,37034.825,37259.666,37280.576,313121,2487163,353689600,134406144,49760,20,2026-08-01T16:53:31.253265Z
C1,1854,saturated,,false,1154.000,1.868,11.866,38.184,37037.719,37270.087,37285.203,315857,2488248,353902592,134463488,49862,19,2026-08-01T16:53:31.253265Z
C1,1855,saturated,,false,1387.000,1.600,2.274,5.286,37182.611,37406.848,37424.461,318220,2490002,354279424,134537216,49760,1571,2026-08-01T16:53:31.253265Z
C1,1856,saturated,,false,1360.000,1.709,2.750,3.178,37180.233,37410.924,37427.315,320450,2487504,354779136,134619136,49760,25,2026-08-01T16:53:31.253265Z
C1,1857,saturated,,false,1360.000,1.716,2.467,3.026,37188.743,37411.232,37425.977,323186,2487909,355041280,134684672,49780,0,2026-08-01T16:53:31.253265Z
C1,1858,saturated,,false,1280.000,1.672,2.625,29.547,37243.645,37493.091,37509.026,325815,2489309,355246080,134742016,49760,22,2026-08-01T16:53:31.253265Z
C1,1859,saturated,,false,1340.000,1.710,2.420,2.688,37268.696,37497.603,37520.099,328476,2490569,355532800,134799360,49780,20,2026-08-01T16:53:31.253265Z
C1,1860,saturated,,false,1340.000,1.877,2.743,3.461,37277.926,37502.415,37531.123,331178,2491929,355811328,134864896,49790,0,2026-08-01T16:53:31.253265Z
C1,1861,saturated,,false,1340.000,1.767,2.504,2.802,37306.132,37533.197,37553.999,333859,2493289,356016128,134922240,49780,20,2026-08-01T16:53:31.253265Z
C1,1862,saturated,,false,1340.000,1.850,2.459,2.778,37237.019,37430.894,37472.158,336574,2494629,356302848,134979584,49800,0,2026-08-01T16:53:31.253265Z
C1,1863,saturated,,false,1340.000,1.728,2.486,2.970,37242.717,37466.393,37493.249,339248,2495969,356515840,135045120,49800,0,2026-08-01T16:53:31.253265Z
C1,1864,saturated,,false,1158.000,1.766,15.246,29.519,37276.191,37472.505,37550.390,342013,2497309,356794368,135102464,49913,0,2026-08-01T16:53:31.253265Z
C1,1865,saturated,,false,1371.000,1.632,2.620,3.303,37377.951,37603.085,37621.304,344316,2498689,356958208,135159808,49808,0,2026-08-01T16:53:31.253265Z
C1,1866,saturated,,false,1340.000,1.882,2.586,3.095,37387.719,37606.779,37648.084,347049,2500518,357212160,135217152,49802,18,2026-08-01T16:53:31.253265Z
C1,1867,saturated,,false,1340.000,1.733,2.400,2.662,37390.361,37607.542,37637.630,349733,2501860,357474304,135274496,49820,10,2026-08-01T16:53:31.253265Z
C1,1868,saturated,,false,1369.000,1.798,2.464,2.782,37377.069,37596.411,37611.173,352465,2503473,357761024,135340032,49820,0,2026-08-01T16:53:31.253265Z
C1,1869,saturated,,false,1340.000,1.899,2.604,2.918,37392.568,37615.036,37635.002,355189,2504587,357957632,135397376,49820,0,2026-08-01T16:53:31.253265Z
C1,1870,saturated,,false,1340.000,1.819,2.530,2.954,37406.579,37628.508,37656.669,357887,2505927,358244352,135454720,49820,20,2026-08-01T16:53:31.253265Z
C1,1871,saturated,,false,1358.000,1.844,2.606,3.183,37386.296,37617.689,37644.708,360617,2507267,358465536,135520256,49839,0,2026-08-01T16:53:31.253265Z
C1,1872,saturated,,false,1342.000,1.860,2.659,3.013,37292.455,37504.017,37531.482,363300,2508627,358727680,135585792,49820,0,2026-08-01T16:53:31.253265Z
C1,1873,saturated,,false,1320.000,1.914,2.569,3.040,37289.429,37520.108,37552.981,366016,2509967,358957056,135634944,49860,0,2026-08-01T16:53:31.253265Z
C1,1874,saturated,,false,1075.000,1.879,19.406,29.194,37333.602,37588.832,37695.606,368666,2511327,359202816,135700480,49964,9,2026-08-01T16:53:31.253265Z
C1,1875,saturated,,false,1353.000,1.666,2.954,10.265,37525.713,37756.256,37775.508,370851,2512498,359407616,135749632,49860,20,2026-08-01T16:53:31.253265Z
C1,1876,saturated,,false,1360.000,1.772,2.504,2.964,37508.885,37729.688,37757.224,373588,2513755,359645184,135815168,49860,0,2026-08-01T16:53:31.253265Z
C1,1877,saturated,,false,1320.000,1.836,2.569,3.053,37489.936,37722.338,37738.211,376290,2515115,359899136,135864320,49860,20,2026-08-01T16:53:31.253265Z
C1,1878,saturated,,false,1340.000,1.817,2.508,2.840,37504.131,37721.728,37740.862,378972,2516435,360128512,135929856,49860,20,2026-08-01T16:53:31.253265Z
C1,1879,saturated,,false,1340.000,1.910,2.614,3.001,37491.339,37714.149,37729.106,381656,2517775,360374272,135995392,49860,11,2026-08-01T16:53:31.253265Z
C1,1880,saturated,,false,1360.000,1.799,2.376,3.447,37468.618,37698.032,37725.055,384370,2519115,360620032,136044544,49880,0,2026-08-01T16:53:31.253265Z
C1,1881,saturated,,false,1360.000,1.814,2.420,2.755,37466.726,37688.396,37702.294,387106,2520495,360882176,136110080,49880,20,2026-08-01T16:53:31.253265Z
C1,1882,saturated,,false,1358.000,1.793,2.589,5.218,37379.085,37564.192,37698.389,389839,2521855,361103360,136192000,49900,0,2026-08-01T16:53:31.253265Z
C1,1883,saturated,,false,1344.000,1.926,2.610,3.000,37337.964,37564.366,37582.919,392540,2523217,361373696,136306688,49880,0,2026-08-01T16:53:31.253265Z
C1,1884,saturated,,false,1245.000,1.496,6.584,20.591,37354.126,37630.368,37671.141,395264,2525269,361586688,136396800,49880,0,2026-08-01T16:53:31.253265Z
C1,1885,saturated,,false,1399.000,1.646,2.591,3.414,37400.967,37639.287,37683.359,397842,2525802,361857024,136503296,49882,0,2026-08-01T16:53:31.253265Z
C1,1886,saturated,,false,1360.000,1.729,2.484,2.894,37373.367,37599.681,37618.601,400583,2527201,362086400,136601600,49900,0,2026-08-01T16:53:31.253265Z
C1,1887,saturated,,false,1320.000,1.868,2.715,3.664,37400.101,37625.299,37643.291,403296,2528581,362348544,136708096,49900,20,2026-08-01T16:53:31.253265Z
C1,1888,saturated,,false,1340.000,1.920,2.562,2.922,37421.070,37646.874,37663.058,405962,2529901,362586112,136806400,49900,0,2026-08-01T16:53:31.253265Z
C1,1889,saturated,,false,1340.000,1.936,2.691,4.625,37440.939,37668.262,37689.462,408646,2531241,362848256,136904704,49915,0,2026-08-01T16:53:31.253265Z
C1,1890,saturated,,false,1300.000,1.805,2.853,4.182,37444.567,37672.626,37702.947,411298,2532836,363094016,137019392,49901,8,2026-08-01T16:53:31.253265Z
C1,1891,saturated,,false,1364.000,1.883,2.719,3.053,37456.879,37680.175,37695.262,414003,2533882,363323392,137125888,49900,19,2026-08-01T16:53:31.253265Z
C1,1892,saturated,,false,1360.000,1.691,2.544,3.412,37347.091,37557.976,37690.030,416738,2535500,363601920,137216000,49920,0,2026-08-01T16:53:31.253265Z
C1,1893,saturated,,false,1340.000,1.970,2.581,3.028,37320.229,37549.724,37565.592,419455,2536880,363839488,137330688,49920,0,2026-08-01T16:53:31.253265Z
C1,1894,saturated,,false,1227.000,1.835,8.824,13.692,37339.673,37609.561,37645.771,421967,2537965,364093440,137420800,49915,3,2026-08-01T16:53:31.253265Z
C1,1895,saturated,,false,1400.000,1.634,2.832,3.705,37396.913,37659.306,37685.169,424566,2539442,364314624,137527296,49920,20,2026-08-01T16:53:31.253265Z
C1,1896,saturated,,false,1360.000,1.740,2.525,2.939,37333.771,37563.533,37581.668,427312,2540592,364576768,137641984,49920,0,2026-08-01T16:53:31.253265Z
C1,1897,saturated,,false,1341.000,1.745,2.445,2.717,37339.885,37561.601,37582.916,430051,2541952,364814336,137748480,49940,0,2026-08-01T16:53:31.253265Z
C1,1898,saturated,,false,1319.000,1.669,4.174,10.440,37363.400,37584.701,37604.543,432700,2543312,365060096,137838592,49940,0,2026-08-01T16:53:31.253265Z
C1,1899,saturated,,false,1320.000,1.967,2.668,2.972,37354.987,37585.056,37614.870,435368,2544632,365314048,137945088,49940,0,2026-08-01T16:53:31.253265Z
C1,1900,saturated,,false,1340.000,1.925,2.656,3.047,37381.167,37597.286,37626.650,438028,2545952,365535232,138051584,49940,0,2026-08-01T16:53:31.253265Z
C1,1901,saturated,,false,1320.000,1.895,2.563,3.093,37368.809,37591.753,37613.888,440729,2547292,365821952,138149888,49960,20,2026-08-01T16:53:31.253265Z
C1,1902,saturated,,false,1340.000,1.892,2.624,3.113,37274.783,37485.689,37636.955,443391,2548632,366018560,138248192,49960,0,2026-08-01T16:53:31.253265Z
C1,1903,saturated,,false,1340.000,1.945,2.667,2.976,37276.828,37503.838,37518.278,446066,2549972,366280704,138362880,49951,9,2026-08-01T16:53:31.253265Z
C1,1904,saturated,,false,1147.000,1.964,14.621,21.752,37274.750,37577.251,37618.128,448716,2551303,366493696,138452992,49976,1,2026-08-01T16:53:31.253265Z
C1,1905,saturated,,false,1364.000,1.694,2.758,3.733,37415.591,37638.059,37659.189,451141,2552459,366747648,138551296,49960,0,2026-08-01T16:53:31.253265Z
C1,1906,saturated,,false,1260.000,2.061,3.899,9.722,37438.700,37666.662,37697.843,453761,2553823,367009792,138649600,49980,0,2026-08-01T16:53:31.253265Z
C1,1907,saturated,,false,1363.000,1.900,3.465,4.582,37468.621,37688.124,37704.883,456432,2555103,367247360,138756096,49960,20,2026-08-01T16:53:31.253265Z
C1,1908,saturated,,false,1300.000,1.968,3.363,8.145,37476.227,37698.149,37716.454,459081,2556446,367509504,138854400,49980,0,2026-08-01T16:53:31.253265Z
C1,1909,saturated,,false,1280.000,1.896,3.257,8.258,37499.428,37730.199,37752.244,461734,2557766,367771648,138960896,49980,1,2026-08-01T16:53:31.253265Z
C1,1910,saturated,,false,1120.000,2.011,7.200,27.889,37639.008,37920.306,37951.388,464006,2559046,368001024,139051008,49400,0,2026-08-01T16:53:31.253265Z
C1,1911,saturated,,false,1300.000,2.003,3.206,4.498,37733.110,37959.789,37975.992,464842,2559046,368140288,139091968,49340,0,2026-08-01T16:53:31.253265Z
C1,1912,saturated,,false,1320.000,2.050,2.848,3.215,37635.413,37930.040,37975.653,467488,2560166,368386048,139190272,49340,20,2026-08-01T16:53:31.253265Z
C1,1913,saturated,,false,1360.000,1.893,2.686,3.399,37553.802,37784.120,37802.116,470126,2561486,368640000,139304960,49320,18,2026-08-01T16:53:31.253265Z
C1,1914,saturated,,false,1102.000,1.935,8.612,82.742,37603.171,37789.467,37805.845,472836,2562806,368861184,139403264,49578,0,2026-08-01T16:53:31.253265Z
C1,1915,saturated,,false,1383.000,1.741,2.692,3.754,37696.488,37929.352,37959.397,475229,2564166,369106944,139476992,49320,20,2026-08-01T16:53:31.253265Z
C1,1916,saturated,,false,1320.000,1.996,3.087,5.630,37700.288,37933.461,37947.184,477866,2565269,369336320,139575296,49340,21,2026-08-01T16:53:31.253265Z
C1,1917,saturated,,false,1269.000,1.863,4.851,28.601,37740.302,37949.489,37995.656,480516,2566651,369614848,139681792,49375,20,2026-08-01T16:53:31.253265Z
C1,1918,saturated,,false,1184.000,1.912,3.514,11.870,37840.678,38099.672,38143.915,483054,2567971,369844224,139780096,49337,0,2026-08-01T16:53:31.253265Z
C1,1919,saturated,,false,1340.000,1.892,3.864,10.814,37889.146,38126.860,38147.164,485489,2569761,370089984,139886592,49340,0,2026-08-01T16:53:31.253265Z
C1,1920,saturated,,false,1340.000,2.025,2.725,3.015,37905.488,38125.578,38148.733,488178,2571359,370368512,139984896,49360,2,2026-08-01T16:53:31.253265Z
C1,1921,saturated,,false,1322.000,1.972,3.259,8.367,37926.793,38136.623,38165.295,490883,2572464,370606080,140091392,49360,20,2026-08-01T16:53:31.253265Z
C1,1922,saturated,,false,1260.000,2.095,3.608,24.325,37971.294,38181.311,38266.912,493537,2573786,370843648,140197888,49440,0,2026-08-01T16:53:31.253265Z
C1,1923,saturated,,false,1282.000,2.064,3.028,3.493,37958.183,38194.515,38226.083,496050,2575126,371113984,140288000,49400,0,2026-08-01T16:53:31.253265Z
C1,1924,saturated,,false,1127.000,2.101,14.302,27.610,38068.608,38270.261,38388.087,498648,2576366,371384320,140386304,49588,0,2026-08-01T16:53:31.253265Z
C1,1925,saturated,,false,1348.000,1.714,3.643,4.959,38184.301,38413.022,38432.198,500983,2577666,371580928,140484608,49379,0,2026-08-01T16:53:31.253265Z
C1,1926,saturated,,false,1301.000,1.887,2.924,9.064,38187.741,38410.649,38456.564,503605,2578804,371851264,140574720,49402,18,2026-08-01T16:53:31.253265Z
C1,1927,saturated,,false,1303.000,1.798,4.037,7.531,38194.017,38431.663,38448.578,506232,2580144,372080640,140681216,49420,0,2026-08-01T16:53:31.253265Z
C1,1928,saturated,,false,1299.000,1.999,3.002,4.173,38224.414,38443.093,38472.304,508870,2581466,372342784,140779520,49420,0,2026-08-01T16:53:31.253265Z
C1,1929,saturated,,false,1365.000,1.915,3.001,6.785,38214.799,38447.600,38470.692,511364,2582766,372580352,140877824,49379,16,2026-08-01T16:53:31.253265Z
C1,1930,saturated,,false,1344.000,1.858,2.978,3.673,38210.488,38426.964,38442.601,514084,2584090,372867072,140992512,49400,20,2026-08-01T16:53:31.253265Z
C1,1931,saturated,,false,1367.000,1.968,2.876,3.529,38220.288,38439.192,38459.980,516804,2585455,373121024,141090816,49400,0,2026-08-01T16:53:31.253265Z
C1,1932,saturated,,false,1340.000,2.008,2.756,3.368,38220.924,38435.853,38461.975,519533,2586822,373366784,141189120,49400,0,2026-08-01T16:53:31.253265Z
C1,1933,saturated,,false,1220.000,2.007,3.969,29.974,38213.105,38459.320,38490.981,522180,2588162,373612544,141303808,49420,21,2026-08-01T16:53:31.253265Z
C1,1934,saturated,,false,1103.000,2.190,13.702,25.794,38249.108,38504.230,38531.210,524683,2589402,373882880,141393920,49617,20,2026-08-01T16:53:31.253265Z
C1,1935,saturated,,false,1324.000,1.979,3.724,7.878,38448.122,38683.771,38700.835,526996,2590702,374095872,141475840,49420,20,2026-08-01T16:53:31.253265Z
C1,1936,saturated,,false,1321.000,1.988,3.248,8.834,38482.856,38706.294,38737.377,529568,2591829,374341632,141582336,49420,0,2026-08-01T16:53:31.253265Z
C1,1937,saturated,,false,1400.000,1.758,2.474,2.685,38452.858,38685.382,38707.209,532229,2593150,374579200,141680640,49360,20,2026-08-01T16:53:31.253265Z
C1,1938,saturated,,false,1320.000,2.006,3.070,3.562,38408.180,38634.399,38654.438,535023,2594490,374833152,141778944,49440,0,2026-08-01T16:53:31.253265Z
C1,1939,saturated,,false,1321.000,2.127,2.859,3.136,38428.892,38648.089,38677.845,537710,2595890,375111680,141893632,49419,20,2026-08-01T16:53:31.253265Z
C1,1940,saturated,,false,1340.000,1.961,2.877,3.320,38420.908,38643.372,38664.794,540376,2597701,375357440,142008320,49440,20,2026-08-01T16:53:31.253265Z
C1,1941,saturated,,false,1320.000,2.054,2.781,3.423,38425.444,38645.133,38671.600,543057,2598806,375595008,142098432,49460,0,2026-08-01T16:53:31.253265Z
C1,1942,saturated,,false,1300.000,2.080,2.869,4.181,38433.251,38661.533,38676.033,545709,2600402,375857152,142204928,49460,20,2026-08-01T16:53:31.253265Z
C1,1943,saturated,,false,1360.000,2.013,3.010,5.055,38382.164,38643.152,38686.574,548345,2601702,376127488,142303232,49420,20,2026-08-01T16:53:31.253265Z
C1,1944,saturated,,false,1151.000,1.744,11.989,32.256,38310.432,38551.785,38574.200,551059,2601702,376381440,142401536,49629,0,2026-08-01T16:53:31.253265Z
C1,1945,saturated,,false,1342.000,1.782,3.445,5.193,38422.642,38647.571,38678.065,553437,2603191,376619008,142491648,49440,18,2026-08-01T16:53:31.253265Z
C1,1946,saturated,,false,1300.000,2.096,2.852,3.220,38420.956,38644.376,38668.760,556087,2604345,376881152,142606336,49469,20,2026-08-01T16:53:31.253265Z
C1,1947,saturated,,false,1240.000,2.142,4.877,10.122,38473.554,38687.327,38726.143,558685,2605701,377110528,142696448,49480,0,2026-08-01T16:53:31.253265Z
C1,1948,saturated,,false,1337.000,2.118,3.126,3.848,38468.474,38696.126,38727.658,561212,2607004,377389056,142802944,49478,0,2026-08-01T16:53:31.253265Z
C1,1949,saturated,,false,1183.000,2.092,3.688,17.712,38344.333,38578.263,38605.375,563874,2608244,377643008,142901248,49600,0,2026-08-01T16:53:31.253265Z
C1,1950,saturated,,false,1320.000,2.104,2.962,3.627,38404.756,38623.764,38652.006,566278,2609565,377872384,142991360,49460,20,2026-08-01T16:53:31.253265Z
C1,1951,saturated,,false,1319.000,2.007,2.874,3.781,38391.382,38613.806,38629.948,568914,2610764,378159104,143081472,49463,20,2026-08-01T16:53:31.253265Z
C1,1952,saturated,,false,1341.000,1.882,2.812,4.628,38390.424,38625.808,38642.784,571575,2612102,378380288,143187968,49480,0,2026-08-01T16:53:31.253265Z
C1,1953,saturated,,false,1340.000,1.968,2.783,3.058,38322.563,38603.095,38647.911,574277,2613414,378642432,143302656,49460,6,2026-08-01T16:53:31.253265Z
C1,1954,saturated,,false,1185.000,1.880,7.695,23.891,38221.371,38480.098,38499.072,576972,2614764,378871808,143392768,49639,16,2026-08-01T16:53:31.253265Z
C1,1955,saturated,,false,1340.000,1.863,3.057,3.831,38330.803,38569.938,38592.296,579408,2616104,379101184,143491072,49480,21,2026-08-01T16:53:31.253265Z
C1,1956,saturated,,false,1340.000,1.959,2.865,3.598,38288.979,38519.061,38537.715,582056,2617309,379346944,143589376,49480,11,2026-08-01T16:53:31.253265Z
C1,1957,saturated,,false,1340.000,1.992,3.028,3.679,38175.116,38400.113,38431.718,584757,2618629,379609088,143695872,49480,2,2026-08-01T16:53:31.253265Z
C1,1958,saturated,,false,1334.000,1.966,2.611,2.923,38204.606,38426.502,38449.294,587429,2619989,379854848,143802368,49500,0,2026-08-01T16:53:31.253265Z
C1,1959,saturated,,false,1326.000,2.052,2.764,3.153,38204.035,38429.660,38459.942,590115,2621329,380100608,143892480,49480,19,2026-08-01T16:53:31.253265Z
C1,1960,saturated,,false,1280.000,2.250,3.393,3.896,38220.315,38438.494,38471.490,592758,2622649,380354560,144007168,49500,20,2026-08-01T16:53:31.253265Z
C1,1961,saturated,,false,1220.000,2.109,3.462,22.032,38199.857,38435.867,38483.279,595353,2624244,380616704,144089088,49586,17,2026-08-01T16:53:31.253265Z
C1,1962,saturated,,false,1240.000,1.997,4.417,21.864,38269.988,38500.903,38544.137,597794,2625780,380862464,144195584,49500,0,2026-08-01T16:53:31.253265Z
C1,1963,saturated,,false,1195.000,2.061,6.725,22.866,38286.437,38507.599,38536.607,600207,2626764,381067264,144285696,49500,25,2026-08-01T16:53:31.253265Z
C1,1964,saturated,,false,1126.000,2.197,11.742,18.297,38254.773,38500.314,38516.089,602688,2627729,381337600,144375808,49682,3,2026-08-01T16:53:31.253265Z
C1,1965,saturated,,false,1241.000,1.746,3.594,92.458,38453.433,38649.821,38691.582,604973,2628934,381509632,144474112,49500,20,2026-08-01T16:53:31.253265Z
C1,1966,saturated,,false,1340.000,1.892,2.675,2.949,38450.738,38671.233,38699.775,607512,2630070,381788160,144572416,49500,0,2026-08-01T16:53:31.253265Z
C1,1967,saturated,,false,1333.000,1.933,2.789,3.484,38416.059,38637.742,38662.636,610218,2631311,382042112,144678912,49531,0,2026-08-01T16:53:31.253265Z
C1,1968,saturated,,false,1307.000,2.041,2.977,17.933,38437.789,38653.608,38684.175,612737,2632651,382279680,144777216,49520,0,2026-08-01T16:53:31.253265Z
C1,1969,saturated,,false,1184.000,2.066,10.722,44.006,38579.393,38800.497,38816.346,615181,2633971,382525440,144875520,49520,0,2026-08-01T16:53:31.253265Z
C1,1970,saturated,,false,1100.000,2.115,3.586,15.157,38771.494,38973.681,39006.889,617462,2635450,382730240,144965632,49520,0,2026-08-01T16:53:31.253265Z
C1,1971,saturated,,false,1260.000,2.193,4.841,7.003,38808.531,39024.424,39057.970,619922,2636590,383008768,145055744,49520,20,2026-08-01T16:53:31.253265Z
C1,1972,saturated,,false,1220.000,2.254,4.398,6.854,38824.821,39047.703,39072.009,622342,2637830,383221760,145145856,49560,20,2026-08-01T16:53:31.253265Z
C1,1973,saturated,,false,1301.000,2.159,3.180,4.671,38820.442,39051.493,39074.897,624849,2638835,383492096,145252352,49540,10,2026-08-01T16:53:31.253265Z
C1,1974,saturated,,false,1080.000,2.300,9.051,30.857,38648.851,38916.211,38931.845,627470,2640055,383737856,145342464,49774,20,2026-08-01T16:53:31.253265Z
C1,1975,saturated,,false,1186.000,2.198,7.708,28.883,38947.509,39176.999,39208.161,629613,2641375,383918080,145432576,49540,762,2026-08-01T16:53:31.253265Z
C1,1976,saturated,,false,1365.000,1.922,2.735,3.339,38964.828,39184.201,39200.198,632047,2642441,384180224,145539072,49552,3493,2026-08-01T16:53:31.253265Z
C1,1977,saturated,,false,1300.000,1.955,2.948,3.854,39011.014,39230.992,39246.879,634769,2643642,384401408,145629184,49560,6144,2026-08-01T16:53:31.253265Z
C1,1978,saturated,,false,1360.000,1.576,2.834,3.574,38994.248,39213.228,39243.308,637419,2645007,384679936,145719296,49540,8830,2026-08-01T16:53:31.253265Z
C1,1979,saturated,,false,1384.000,1.444,3.067,5.712,38966.744,39176.594,39205.535,640183,2646562,384942080,145784832,49560,11644,2026-08-01T16:53:31.253265Z
C1,1980,saturated,,false,1400.000,1.457,2.293,3.349,38920.174,39156.641,39179.831,2400,2618898,385081344,145858560,49520,1563,2026-08-01T16:57:32.576940Z
C1,1981,saturated,,false,1380.000,1.562,2.420,2.744,38852.859,39086.935,39120.304,11640,2651243,385081344,145915904,49543,18,2026-08-01T16:57:32.576940Z
C1,1982,saturated,,false,1380.000,1.541,2.520,3.147,38813.239,39035.620,39063.982,14427,2652643,385081344,145981440,49540,14,2026-08-01T16:57:32.576940Z
C1,1983,saturated,,false,1360.000,1.549,2.464,2.938,38792.652,39022.150,39044.330,17184,2654043,385081344,146046976,49560,23,2026-08-01T16:57:32.576940Z
C1,1984,saturated,,false,1231.000,1.863,6.206,14.270,38661.845,38892.903,38922.586,19865,2655423,385081344,146112512,49649,0,2026-08-01T16:57:32.576940Z
C1,1985,saturated,,false,1440.000,1.336,2.570,3.696,38693.583,38934.848,38974.654,22470,2656763,385081344,146161664,49550,10,2026-08-01T16:57:32.576940Z
C1,1986,saturated,,false,1360.000,1.661,2.304,2.610,38568.010,38785.075,38815.289,25283,2658565,385081344,146227200,49560,17,2026-08-01T16:57:32.576940Z
C1,1987,saturated,,false,1360.000,1.564,2.345,3.320,38530.570,38752.036,38785.740,28015,2659454,385081344,146292736,49580,0,2026-08-01T16:57:32.576940Z
C1,1988,saturated,,false,1380.000,1.576,2.184,2.793,38455.670,38719.052,38763.139,30738,2660814,385081344,146341888,49566,0,2026-08-01T16:57:32.576940Z
C1,1989,saturated,,false,1380.000,1.552,2.230,2.638,38357.085,38574.976,38603.798,33526,2662174,385081344,146407424,49580,0,2026-08-01T16:57:32.576940Z
C1,1990,saturated,,false,1340.000,1.702,2.404,2.675,38318.814,38547.611,38575.596,36285,2663574,385081344,146472960,49580,0,2026-08-01T16:57:32.576940Z
C1,1991,saturated,,false,1403.000,1.492,2.297,2.626,38318.879,38523.980,38567.488,38874,2664954,385081344,146538496,49580,20,2026-08-01T16:57:32.576940Z
C1,1992,saturated,,false,1260.000,1.729,3.205,11.319,38288.706,38503.095,38529.984,41646,2666294,385081344,146587648,49648,18,2026-08-01T16:57:32.576940Z
C1,1993,saturated,,false,1340.000,1.531,3.956,20.387,38297.886,38521.670,38565.290,44334,2667697,385081344,146653184,49582,18,2026-08-01T16:57:32.576940Z
C1,1994,saturated,,false,1163.000,1.758,12.634,36.470,38210.607,38443.011,38458.300,46923,2668977,385081344,146718720,49777,0,2026-08-01T16:57:32.576940Z
C1,1995,saturated,,false,1380.000,1.418,2.172,2.434,38331.009,38555.832,38576.910,49363,2670566,385081344,146767872,49600,20,2026-08-01T16:57:32.576940Z
C1,1996,saturated,,false,1380.000,1.624,2.266,2.508,38302.311,38528.596,38552.418,52073,2672180,385081344,146833408,49600,0,2026-08-01T16:57:32.576940Z
C1,1997,saturated,,false,1380.000,1.559,2.506,3.176,38277.249,38495.369,38521.896,54820,2673385,385081344,146890752,49600,0,2026-08-01T16:57:32.576940Z
C1,1998,saturated,,false,1340.000,1.701,2.411,2.647,38244.616,38463.234,38479.028,57454,2674495,385081344,146948096,49620,0,2026-08-01T16:57:32.576940Z
C1,1999,saturated,,false,1348.000,1.635,2.486,2.995,38204.778,38426.997,38452.405,60279,2675620,385081344,147013632,49599,19,2026-08-01T16:57:32.576940Z
C1,2000,saturated,,false,1353.000,1.634,2.471,3.021,38096.500,38369.359,38414.893,62887,2677216,385081344,147070976,49620,0,2026-08-01T16:57:32.576940Z
C1,2001,saturated,,false,1352.000,1.642,2.494,3.041,37966.557,38201.261,38247.044,65449,2678341,385081344,147128320,49608,20,2026-08-01T16:57:32.576940Z
C1,2002,saturated,,false,1384.000,1.674,2.550,3.657,37876.461,38099.434,38127.444,68186,2679681,385081344,147193856,49635,0,2026-08-01T16:57:32.576940Z
C1,2003,saturated,,false,1324.000,1.769,2.878,4.705,37677.992,37914.326,37958.137,70941,2681041,385081344,147259392,49640,20,2026-08-01T16:57:32.576940Z
C1,2004,saturated,,false,1176.000,1.462,8.839,39.462,37585.189,37858.826,37885.026,73661,2682421,385081344,147316736,49875,0,2026-08-01T16:57:32.576940Z
C1,2005,saturated,,false,1422.000,1.383,2.237,5.272,37742.562,37977.610,38014.511,76112,2683781,385081344,147365888,49620,0,2026-08-01T16:57:32.576940Z
C1,2006,saturated,,false,1360.000,1.654,2.364,2.660,37669.753,37894.482,37922.679,78857,2684939,385081344,147431424,49640,20,2026-08-01T16:57:32.576940Z
C1,2007,saturated,,false,1360.000,1.480,2.534,3.939,37466.045,37721.999,37767.378,81599,2686379,385081344,147488768,49640,20,2026-08-01T16:57:32.576940Z
C1,2008,saturated,,false,1405.000,1.412,2.605,3.412,37333.051,37555.045,37585.938,84327,2687739,385081344,147554304,49640,5,2026-08-01T16:57:32.576940Z
C1,2009,saturated,,false,1300.000,1.617,2.470,2.824,37261.630,37477.678,37506.439,87057,2689334,385081344,147611648,49650,19,2026-08-01T16:57:32.576940Z
C1,2010,saturated,,false,1321.000,1.647,2.584,4.240,37201.247,37413.671,37452.487,89723,2690679,385081344,147668992,49658,20,2026-08-01T16:57:32.576940Z
C1,2011,saturated,,false,1379.000,1.664,2.340,2.605,37163.088,37381.786,37410.906,92422,2691784,385081344,147734528,49640,20,2026-08-01T16:57:32.576940Z
C1,2012,saturated,,false,1380.000,1.487,2.273,3.221,36887.372,37155.316,37358.908,95175,2693124,385081344,147800064,49660,21,2026-08-01T16:57:32.576940Z
C1,2013,saturated,,false,1320.000,1.729,2.879,3.332,36805.101,37032.509,37060.474,97925,2694504,385081344,147849216,49680,16,2026-08-01T16:57:32.576940Z
C1,2014,saturated,,false,1117.000,1.695,10.514,27.622,36863.475,37042.551,37068.514,100602,2695884,385081344,147914752,49902,16,2026-08-01T16:57:32.576940Z
C1,2015,saturated,,false,1344.000,1.527,3.544,9.908,36983.951,37213.169,37240.731,102899,2697224,385081344,147972096,49673,17,2026-08-01T16:57:32.576940Z
C1,2016,saturated,,false,1280.000,1.707,3.717,15.075,37065.912,37287.890,37321.040,105464,2698985,385081344,148037632,49696,8,2026-08-01T16:57:32.576940Z
C1,2017,saturated,,false,1341.000,1.777,2.543,4.020,37069.114,37283.715,37314.497,108122,2700301,385081344,148086784,49679,7,2026-08-01T16:57:32.576940Z
C1,2018,saturated,,false,1360.000,1.747,2.678,3.732,37098.597,37312.987,37342.634,110800,2701880,385081344,148152320,49683,0,2026-08-01T16:57:32.576940Z
C1,2019,saturated,,false,1340.000,1.804,2.621,3.249,37127.416,37346.956,37377.231,113386,2702986,385081344,148217856,49680,20,2026-08-01T16:57:32.576940Z
C1,2020,saturated,,false,1320.000,1.775,2.584,2.900,37152.641,37372.954,37401.015,116093,2704581,385081344,148267008,49700,24,2026-08-01T16:57:32.576940Z
C1,2021,saturated,,false,1346.000,1.823,3.511,6.261,37168.503,37401.663,37427.438,118748,2705921,385081344,148332544,49695,30,2026-08-01T16:57:32.576940Z
C1,2022,saturated,,false,1342.000,1.787,2.474,2.914,37153.602,37369.922,37391.594,121444,2707518,385081344,148398080,49700,19,2026-08-01T16:57:32.576940Z
C1,2023,saturated,,false,1362.000,1.717,2.524,3.000,37149.559,37374.611,37392.868,124186,2708354,385081344,148455424,49700,20,2026-08-01T16:57:32.576940Z
C1,2024,saturated,,false,1143.000,1.782,16.557,33.385,37142.032,37380.318,37395.850,126897,2709716,385081344,148512768,49901,18,2026-08-01T16:57:32.576940Z
C1,2025,saturated,,false,1381.000,1.561,2.770,3.401,37296.088,37514.731,37554.454,129309,2711315,385081344,148570112,49720,0,2026-08-01T16:57:32.576940Z
C1,2026,saturated,,false,1340.000,1.787,3.077,4.508,37323.511,37553.003,37581.027,131976,2712260,385081344,148627456,49720,0,2026-08-01T16:57:32.576940Z
C1,2027,saturated,,false,1380.000,1.534,2.931,4.715,37339.811,37568.957,37597.016,134676,2713855,385081344,148692992,49720,0,2026-08-01T16:57:32.576940Z
C1,2028,saturated,,false,1337.000,1.800,2.641,3.576,37329.350,37558.859,37575.631,137423,2714980,385081344,148750336,49739,0,2026-08-01T16:57:32.576940Z
C1,2029,saturated,,false,1352.000,1.745,2.517,2.980,37364.574,37587.535,37603.562,140156,2716320,385081344,148807680,49738,0,2026-08-01T16:57:32.576940Z
C1,2030,saturated,,false,1371.000,1.660,2.381,2.875,37301.296,37524.881,37553.461,142892,2717680,385081344,148873216,49720,16,2026-08-01T16:57:32.576940Z
C1,2031,saturated,,false,1300.000,1.648,2.457,42.989,37267.664,37524.685,37553.842,145617,2719040,385081344,148938752,49740,0,2026-08-01T16:57:32.576940Z
C1,2032,saturated,,false,1345.000,1.752,2.578,9.848,37255.784,37496.602,37538.523,148263,2720360,385081344,148987904,49760,0,2026-08-01T16:57:32.576940Z
C1,2033,saturated,,false,1320.000,1.846,2.568,2.973,37213.054,37435.123,37461.471,150942,2721980,385081344,149053440,49748,14,2026-08-01T16:57:32.576940Z
C1,2034,saturated,,false,1149.000,1.790,13.184,38.392,37278.256,37466.432,37493.590,153617,2723033,385081344,149110784,49911,20,2026-08-01T16:57:32.576940Z
C1,2035,saturated,,false,1380.000,1.521,2.877,3.370,37393.518,37611.412,37625.706,155999,2724600,385081344,149168128,49760,21,2026-08-01T16:57:32.576940Z
C1,2036,saturated,,false,1361.000,1.762,3.547,4.831,37379.164,37613.064,37633.573,158682,2725574,385081344,149225472,49740,20,2026-08-01T16:57:32.576940Z
C1,2037,saturated,,false,1301.000,1.792,4.613,10.881,37396.802,37628.658,37672.654,161409,2726915,385081344,149282816,49760,0,2026-08-01T16:57:32.576940Z
C1,2038,saturated,,false,1360.000,1.574,2.294,3.432,37421.600,37645.325,37660.466,164029,2728236,385081344,149348352,49760,20,2026-08-01T16:57:32.576940Z
C1,2039,saturated,,false,1320.000,1.906,2.687,3.004,37418.802,37644.588,37671.705,166614,2729596,385081344,149397504,49760,19,2026-08-01T16:57:32.576940Z
C1,2040,saturated,,false,1334.000,1.846,2.635,3.078,37472.770,37692.765,37707.908,169404,2730916,385081344,149463040,49769,0,2026-08-01T16:57:32.576940Z
C1,2041,saturated,,false,1326.000,1.706,2.811,7.427,37475.925,37699.772,37727.837,172093,2732511,385081344,149528576,49770,12,2026-08-01T16:57:32.576940Z
C1,2042,saturated,,false,1360.000,1.729,2.406,3.609,37416.212,37627.455,37669.190,174795,2733586,385081344,149577728,49760,20,2026-08-01T16:57:32.576940Z
C1,2043,saturated,,false,1320.000,1.793,3.217,4.767,37396.691,37611.005,37650.523,177512,2734936,385081344,149643264,49780,14,2026-08-01T16:57:32.576940Z
C1,2044,saturated,,false,1103.000,1.930,7.034,32.860,37420.434,37704.821,37744.929,180163,2736276,385081344,149700608,49919,10,2026-08-01T16:57:32.576940Z
C1,2045,saturated,,false,1340.000,1.655,3.348,5.178,37607.794,37835.745,37872.270,182400,2738029,385081344,149757952,49780,20,2026-08-01T16:57:32.576940Z
C1,2046,saturated,,false,1280.000,1.888,3.137,6.466,37656.594,37898.582,37930.579,185036,2738719,385335296,149807104,49780,4,2026-08-01T16:57:32.576940Z
C1,2047,saturated,,false,1320.000,1.676,2.643,26.288,37676.423,37908.494,37936.913,187627,2739999,385613824,149872640,49780,0,2026-08-01T16:57:32.576940Z
C1,2048,saturated,,false,1286.000,1.699,4.387,18.136,37700.451,37923.490,37947.359,190283,2741319,385826816,149921792,49800,0,2026-08-01T16:57:32.576940Z
C1,2049,saturated,,false,1384.000,1.580,2.542,5.890,37707.761,37923.656,37955.363,192986,2742625,386121728,149987328,49800,0,2026-08-01T16:57:32.576940Z
C1,2050,saturated,,false,1284.000,1.897,3.481,4.453,37753.294,37972.160,38009.469,195667,2744009,386449408,150052864,49800,4,2026-08-01T16:57:32.576940Z
C1,2051,saturated,,false,1356.000,1.733,2.712,3.817,37769.144,37999.429,38021.884,198301,2745309,386727936,150102016,49780,20,2026-08-01T16:57:32.576940Z
C1,2052,saturated,,false,1300.000,1.843,2.578,3.125,37757.130,37979.990,38024.290,200983,2746629,386990080,150167552,49820,20,2026-08-01T16:57:32.576940Z
C1,2053,saturated,,false,1248.000,1.759,7.631,21.194,37650.257,37883.464,37913.928,203509,2747969,387276800,150216704,49819,8,2026-08-01T16:57:32.576940Z
C1,2054,saturated,,false,1082.000,2.042,13.874,38.573,37701.618,37898.387,37915.376,206085,2747969,387571712,150282240,49907,3,2026-08-01T16:57:32.576940Z
C1,2055,saturated,,false,1348.000,1.617,3.163,20.123,37840.657,38059.363,38086.062,208318,2749869,387825664,150331392,49820,0,2026-08-01T16:57:32.576940Z
C1,2056,saturated,,false,1340.000,1.778,2.627,3.058,37841.250,38067.227,38083.106,211034,2751222,388096000,150405120,49820,1,2026-08-01T16:57:32.576940Z
C1,2057,saturated,,false,1340.000,1.701,2.722,5.388,37834.952,38056.393,38079.645,213740,2752838,388374528,150454272,49840,0,2026-08-01T16:57:32.576940Z
C1,2058,saturated,,false,1380.000,1.681,2.664,4.880,37812.937,38040.223,38070.488,216482,2754178,388685824,150519808,49839,3,2026-08-01T16:57:32.576940Z
C1,2059,saturated,,false,1363.000,1.597,2.300,3.312,37793.060,38020.520,38046.188,219208,2755027,388956160,150585344,49840,0,2026-08-01T16:57:32.576940Z
C1,2060,saturated,,false,1328.000,1.868,3.508,5.190,37788.124,38009.113,38030.374,221944,2756390,389267456,150642688,49854,0,2026-08-01T16:57:32.576940Z
C1,2061,saturated,,false,1221.000,1.615,5.522,25.836,37897.045,38130.113,38152.153,224421,2757770,389496832,150700032,49840,12,2026-08-01T16:57:32.576940Z
C1,2062,saturated,,false,1384.000,1.809,3.082,4.085,37867.619,38097.983,38141.902,227097,2758959,389816320,150757376,49822,18,2026-08-01T16:57:32.576940Z
C1,2063,saturated,,false,1340.000,1.806,2.913,3.937,37770.598,37985.401,38014.476,229839,2760319,390103040,150814720,49841,20,2026-08-01T16:57:32.576940Z
C1,2064,saturated,,false,1160.000,1.589,8.795,29.910,37784.766,37982.738,38055.815,232552,2761683,390406144,150880256,49940,16,2026-08-01T16:57:32.576940Z
C1,2065,saturated,,false,1362.000,1.527,2.374,10.216,37909.103,38129.925,38147.409,234916,2763063,390676480,150929408,49860,0,2026-08-01T16:57:32.576940Z
C1,2066,saturated,,false,1320.000,1.896,2.624,3.160,37904.575,38134.573,38162.397,237633,2764471,390938624,150994944,49860,17,2026-08-01T16:57:32.576940Z
C1,2067,saturated,,false,1322.000,1.817,3.677,5.088,37943.685,38154.725,38169.929,240287,2765565,391225344,151052288,49860,25,2026-08-01T16:57:32.576940Z
C1,2068,saturated,,false,1280.000,1.925,3.634,11.317,37948.959,38171.716,38198.390,242915,2767162,391512064,151109632,49860,32,2026-08-01T16:57:32.576940Z
C1,2069,saturated,,false,1221.000,1.865,3.648,25.659,38040.349,38244.679,38287.115,245451,2768227,391790592,151166976,49860,18,2026-08-01T16:57:32.576940Z
C1,2070,saturated,,false,1280.000,1.860,2.592,2.973,38096.368,38303.332,38332.914,247938,2769487,392085504,151224320,49860,20,2026-08-01T16:57:32.576940Z
C1,2071,saturated,,false,1309.000,1.792,2.835,3.944,38143.386,38368.768,38395.527,250396,2770716,392347648,151273472,49876,12,2026-08-01T16:57:32.576940Z
C1,2072,saturated,,false,1391.000,1.717,2.668,3.276,38079.806,38344.595,38361.234,253133,2771988,392626176,151339008,49860,0,2026-08-01T16:57:32.576940Z
C1,2073,saturated,,false,1340.000,1.772,2.356,2.678,38023.145,38189.489,38218.120,255205,2773348,392896512,151404544,49880,20,2026-08-01T16:57:32.576940Z
C1,2074,saturated,,false,1181.000,1.824,8.573,36.600,37923.575,38180.318,38205.658,257958,2774718,393166848,151461888,49920,14,2026-08-01T16:57:32.576940Z
C1,2075,saturated,,false,1360.000,1.584,2.882,7.528,38108.163,38330.989,38354.492,260319,2776088,393437184,151519232,49880,0,2026-08-01T16:57:32.576940Z
C1,2076,saturated,,false,1321.000,1.793,3.081,14.086,38072.072,38295.550,38312.142,263007,2777929,393707520,151576576,49880,0,2026-08-01T16:57:32.576940Z
C1,2077,saturated,,false,1310.000,1.768,3.052,3.574,38097.405,38325.192,38342.763,265648,2779250,394002432,151633920,49894,20,2026-08-01T16:57:32.576940Z
C1,2078,saturated,,false,1310.000,1.865,3.064,7.332,38113.868,38325.368,38351.145,268834,2780570,394280960,151699456,49900,19,2026-08-01T16:57:32.576940Z
C1,2079,saturated,,false,1320.000,1.884,2.673,3.150,38135.397,38362.811,38384.597,271190,2782145,394559488,151748608,49880,21,2026-08-01T16:57:32.576940Z
C1,2080,saturated,,false,1340.000,1.832,2.514,2.879,38125.980,38345.222,38363.578,273596,2783445,394829824,151814144,49900,0,2026-08-01T16:57:32.576940Z
C1,2081,saturated,,false,1334.000,1.844,2.486,2.730,38137.869,38363.211,38382.900,276293,2784550,395100160,151871488,49915,0,2026-08-01T16:57:32.576940Z
C1,2082,saturated,,false,1346.000,1.828,2.728,3.252,38112.422,38357.743,38374.383,278971,2785890,395378688,151928832,49900,7,2026-08-01T16:57:32.576940Z
C1,2083,saturated,,false,1360.000,1.800,2.515,2.845,37997.299,38159.825,38186.569,281708,2787485,395649024,151994368,49900,0,2026-08-01T16:57:32.576940Z
C1,2084,saturated,,false,1102.000,1.644,16.464,26.921,37924.261,38166.114,38180.759,284329,2788845,395870208,152043520,49934,8,2026-08-01T16:57:32.576940Z
C1,2085,saturated,,false,1402.000,1.426,2.459,3.399,38017.598,38237.770,38277.092,286731,2790434,396124160,152109056,49907,16,2026-08-01T16:57:32.576940Z
C1,2086,saturated,,false,1340.000,1.785,3.061,3.681,37982.086,38206.257,38234.236,289486,2791101,396369920,152166400,49920,21,2026-08-01T16:57:32.576940Z
C1,2087,saturated,,false,1360.000,1.630,2.336,3.096,37960.526,38182.654,38201.676,292206,2792454,396640256,152223744,49920,20,2026-08-01T16:57:32.576940Z
C1,2088,saturated,,false,1320.000,1.890,2.642,2.958,37981.393,38201.772,38222.635,294908,2793814,396894208,152289280,49920,22,2026-08-01T16:57:32.576940Z
C1,2089,saturated,,false,1360.000,1.852,2.555,2.964,37957.187,38186.606,38217.847,297579,2795134,397115392,152346624,49920,21,2026-08-01T16:57:32.576940Z
C1,2090,saturated,,false,1374.000,1.714,2.315,2.593,37940.559,38163.620,38181.538,300307,2796494,397377536,152403968,49939,9,2026-08-01T16:57:32.576940Z
C1,2091,saturated,,false,1348.000,1.785,2.350,2.549,37855.034,38086.429,38133.704,303066,2797876,397623296,152469504,49940,20,2026-08-01T16:57:32.576940Z
C1,2092,saturated,,false,1360.000,1.842,2.525,2.864,37719.320,38004.274,38033.718,305789,2799236,397860864,152535040,49940,0,2026-08-01T16:57:32.576940Z
C1,2093,saturated,,false,1342.000,1.777,2.513,3.291,37617.495,37837.640,37855.998,308506,2800596,398114816,152592384,49960,0,2026-08-01T16:57:32.576940Z
C1,2094,saturated,,false,1045.000,1.777,4.247,114.149,37669.624,37845.254,37876.036,311144,2801958,398336000,152641536,49589,5,2026-08-01T16:57:32.576940Z
C1,2095,saturated,,false,1365.000,1.531,3.711,21.170,37848.941,38071.411,38086.175,313335,2803036,398721024,152715264,49940,1845,2026-08-01T16:57:32.576940Z
C1,2096,saturated,,false,1328.000,1.828,3.118,6.565,37830.662,38064.347,38082.243,316097,2804348,399228928,152813568,49960,4547,2026-08-01T16:57:32.576940Z
C1,2097,saturated,,false,1320.000,1.763,3.141,4.040,37863.721,38089.018,38118.867,317216,2801635,399630336,152879104,49960,18,2026-08-01T16:57:32.576940Z
C1,2098,saturated,,false,1142.000,1.658,9.590,99.048,38000.469,38253.499,38297.782,319625,2802955,399826944,152928256,49980,0,2026-08-01T16:57:32.576940Z
C1,2099,saturated,,false,1321.000,1.815,6.267,10.224,38004.371,38231.758,38263.828,322163,2804117,400089088,152993792,49960,20,2026-08-01T16:57:32.576940Z
C1,2100,saturated,,false,1364.000,1.756,2.496,3.097,37950.967,38184.653,38200.417,324873,2805418,400302080,153059328,49970,10,2026-08-01T16:57:32.576940Z
C1,2101,saturated,,false,1261.000,1.882,3.306,29.421,37985.910,38194.617,38240.096,327519,2806792,400572416,153108480,49575,20,2026-08-01T16:57:32.576940Z
C1,2102,saturated,,false,1320.000,2.060,3.036,3.887,38007.983,38260.966,38304.139,330120,2808063,400867328,153174016,49575,2,2026-08-01T16:57:32.576940Z
C1,2103,saturated,,false,1296.000,1.986,2.923,3.258,37970.407,38155.290,38189.021,332736,2809382,401096704,153223168,49330,0,2026-08-01T16:57:32.576940Z
C1,2104,saturated,,false,1088.000,1.977,6.927,20.936,37952.387,38192.265,38207.984,334319,2809382,401244160,153255936,49559,0,2026-08-01T16:57:32.576940Z
C1,2105,saturated,,false,1244.000,1.794,7.886,19.740,38205.622,38417.307,38449.102,337232,2811784,401555456,153337856,49339,0,2026-08-01T16:57:32.576940Z
C1,2106,saturated,,false,1339.000,1.907,2.791,4.264,38195.172,38418.073,38434.423,339050,2811784,401686528,153370624,49360,0,2026-08-01T16:57:32.576940Z
C1,2107,saturated,,false,1281.000,2.093,3.207,9.992,38168.119,38396.254,38418.266,341711,2813711,401932288,153419776,49360,0,2026-08-01T16:57:32.576940Z
C1,2108,saturated,,false,1300.000,2.018,2.721,3.126,38125.777,38346.184,38365.928,344293,2815011,402194432,153485312,49340,20,2026-08-01T16:57:32.576940Z
C1,2109,saturated,,false,1082.000,1.908,3.117,47.090,38212.540,38471.316,38504.050,346795,2816291,402456576,153534464,49360,23,2026-08-01T16:57:32.576940Z
C1,2110,saturated,,false,1267.000,1.931,4.714,20.281,38300.805,38536.103,38559.758,349093,2817393,402677760,153583616,49360,8,2026-08-01T16:57:32.576940Z
C1,2111,saturated,,false,1282.000,2.070,3.829,6.290,38355.969,38574.515,38605.572,351652,2818660,402931712,153649152,49374,4,2026-08-01T16:57:32.576940Z
C1,2112,saturated,,false,1280.000,2.041,3.199,7.652,38411.025,38632.053,38663.215,354241,2820211,403193856,153698304,49363,20,2026-08-01T16:57:32.576940Z
C1,2113,saturated,,false,1261.000,2.002,4.710,10.383,38422.046,38668.685,38699.428,356806,2821480,403456000,153763840,49380,0,2026-08-01T16:57:32.576940Z
C1,2114,saturated,,false,1157.000,2.087,9.301,25.657,38363.603,38611.319,38644.305,359383,2822757,403742720,153812992,49530,20,2026-08-01T16:57:32.576940Z
C1,2115,saturated,,false,1226.000,1.753,4.453,30.681,38562.449,38782.120,38813.772,361685,2823802,403947520,153862144,49396,4,2026-08-01T16:57:32.576940Z
C1,2116,saturated,,false,1320.000,1.982,3.067,4.324,38590.958,38804.702,38834.773,364205,2824902,404217856,153927680,49380,0,2026-08-01T16:57:32.576940Z
C1,2117,saturated,,false,1301.000,1.848,5.014,10.156,38587.937,38800.683,38815.968,366851,2826206,404455424,153985024,49419,0,2026-08-01T16:57:32.576940Z
C1,2118,saturated,,false,1380.000,1.711,2.309,2.634,38573.312,38800.966,38834.491,369487,2827546,404701184,154042368,49340,20,2026-08-01T16:57:32.576940Z
C1,2119,saturated,,false,1240.000,1.922,2.875,22.755,38589.861,38831.504,38873.507,372210,2828847,404971520,154107904,49460,0,2026-08-01T16:57:32.576940Z
C1,2120,saturated,,false,1300.000,1.947,2.803,3.195,38635.844,38858.384,38888.517,374493,2830207,405217280,154157056,49400,20,2026-08-01T16:57:32.576940Z
C1,2121,saturated,,false,1341.000,1.883,2.528,2.950,38644.736,38863.322,38890.181,377244,2831447,405487616,154222592,49399,0,2026-08-01T16:57:32.576940Z
C1,2122,saturated,,false,1339.000,1.860,3.265,3.953,38656.764,38885.443,38909.784,379805,2832787,405725184,154271744,49400,20,2026-08-01T16:57:32.576940Z
C1,2123,saturated,,false,1280.000,1.949,4.576,7.859,38595.573,38834.979,38896.800,382473,2834127,405987328,154337280,49400,20,2026-08-01T16:57:32.576940Z
C1,2124,saturated,,false,1175.000,1.720,16.498,21.635,38617.850,38806.229,38822.186,385076,2835407,406233088,154402816,49569,0,2026-08-01T16:57:32.576940Z
C1,2125,saturated,,false,1183.000,1.607,6.097,73.919,38796.610,39006.986,39035.574,387463,2836747,406470656,154451968,49536,22,2026-08-01T16:57:32.576940Z
C1,2126,saturated,,false,1340.000,1.940,2.639,3.403,38845.379,39065.079,39083.159,389855,2837901,406675456,154501120,49400,7,2026-08-01T16:57:32.576940Z
C1,2127,saturated,,false,1340.000,1.990,3.947,6.199,38838.204,39060.872,39078.876,392548,2839105,406945792,154566656,49455,0,2026-08-01T16:57:32.576940Z
C1,2128,saturated,,false,1300.000,1.905,2.951,7.317,38837.512,39069.876,39099.207,395204,2840485,407199744,154615808,49440,0,2026-08-01T16:57:32.576940Z
C1,2129,saturated,,false,1260.000,2.240,3.909,4.661,38881.814,39100.284,39129.932,397824,2841785,407453696,154681344,49480,22,2026-08-01T16:57:32.576940Z
C1,2130,saturated,,false,1280.000,2.140,3.112,4.043,38973.295,39194.114,39225.264,400359,2843340,407724032,154730496,49460,0,2026-08-01T16:57:32.576940Z
C1,2131,saturated,,false,1343.000,1.842,3.288,4.025,39016.478,39239.067,39259.949,402785,2844345,407969792,154796032,49420,2,2026-08-01T16:57:32.576940Z
C1,2132,saturated,,false,1203.000,1.916,5.473,8.383,39032.130,39302.532,39340.668,405496,2845648,408240128,154861568,49579,20,2026-08-01T16:57:32.576940Z
C1,2133,saturated,,false,1320.000,1.864,2.812,3.608,39144.518,39369.075,39386.375,408084,2847010,408453120,154910720,49460,0,2026-08-01T16:57:32.576940Z
C1,2134,saturated,,false,1143.000,2.142,13.081,24.130,38966.827,39148.859,39193.059,410718,2848211,408715264,154959872,49617,0,2026-08-01T16:57:32.576940Z
C1,2135,saturated,,false,1300.000,1.735,3.010,6.098,39119.710,39330.878,39357.829,413034,2849511,408920064,155025408,49452,9,2026-08-01T16:57:32.576940Z
C1,2136,saturated,,false,1320.000,1.981,2.893,4.094,39113.041,39333.671,39353.186,415636,2850646,409190400,155074560,49460,0,2026-08-01T16:57:32.576940Z
C1,2137,saturated,,false,1360.000,1.769,2.613,3.224,39039.085,39302.303,39343.178,418179,2851974,409436160,155140096,49460,0,2026-08-01T16:57:32.576940Z
C1,2138,saturated,,false,1320.000,1.848,2.649,3.033,38936.463,39169.970,39199.558,421031,2853334,409681920,155197440,49480,21,2026-08-01T16:57:32.576940Z
C1,2139,saturated,,false,1381.000,1.825,2.579,3.358,38931.209,39151.572,39171.297,423702,2854674,409927680,155254784,49419,21,2026-08-01T16:57:32.576940Z
C1,2140,saturated,,false,1320.000,2.048,2.846,3.219,38912.696,39132.166,39172.045,426312,2855994,410173440,155328512,49480,0,2026-08-01T16:57:32.576940Z
C1,2141,saturated,,false,1362.000,1.779,2.403,2.663,38876.233,39096.332,39124.096,428979,2857375,410443776,155385856,49460,0,2026-08-01T16:57:32.576940Z
C1,2142,saturated,,false,1360.000,1.844,2.560,6.782,38845.035,39070.664,39095.042,431698,2858717,410664960,155443200,49440,0,2026-08-01T16:57:32.576940Z
C1,2143,saturated,,false,1042.000,1.911,18.812,33.767,38834.724,39130.182,39159.744,434099,2860057,410927104,155508736,49600,23,2026-08-01T16:57:32.576940Z
C1,2144,saturated,,false,1220.000,1.690,11.047,22.854,38760.941,39003.781,39028.676,436556,2861513,411115520,155557888,49644,2,2026-08-01T16:57:32.576940Z
C1,2145,saturated,,false,1324.000,1.854,3.850,5.407,38882.272,39125.056,39141.882,438921,2862773,411336704,155607040,49461,0,2026-08-01T16:57:32.576940Z
C1,2146,saturated,,false,1320.000,1.954,2.616,2.981,38858.630,39085.263,39113.222,441531,2863663,411574272,155672576,49500,0,2026-08-01T16:57:32.576940Z
C1,2147,saturated,,false,1363.000,1.832,2.744,3.631,38821.906,39046.329,39072.206,444218,2865023,411836416,155729920,49477,0,2026-08-01T16:57:32.576940Z
C1,2148,saturated,,false,1317.000,1.851,3.240,4.052,38647.615,38994.841,39021.732,446960,2866363,412090368,155787264,49520,0,2026-08-01T16:57:32.576940Z
C1,2149,saturated,,false,1324.000,1.720,3.556,16.342,38618.709,38831.837,38861.378,449532,2867978,412327936,155852800,49480,0,2026-08-01T16:57:32.576940Z
C1,2150,saturated,,false,1320.000,1.932,3.092,5.546,38549.788,38761.370,38792.880,452095,2869007,412581888,155901952,49500,1,2026-08-01T16:57:32.576940Z
C1,2151,saturated,,false,1244.000,2.041,5.900,10.261,38574.044,38796.036,38826.115,454857,2870347,412811264,155967488,49479,24,2026-08-01T16:57:32.576940Z
C1,2152,saturated,,false,1260.000,2.032,4.061,8.522,38564.719,38785.408,38814.267,457235,2871570,413073408,156016640,49521,19,2026-08-01T16:57:32.576940Z
C1,2153,saturated,,false,1320.000,1.887,3.352,3.899,38517.353,38768.337,38798.457,459826,2872872,413327360,156082176,49501,8,2026-08-01T16:57:32.576940Z
C1,2154,saturated,,false,1184.000,1.801,13.440,29.028,38382.504,38611.646,38627.598,462366,2874172,413556736,156139520,49678,20,2026-08-01T16:57:32.576940Z
C1,2155,saturated,,false,1340.000,1.805,3.126,4.242,38485.241,38717.470,38736.674,464819,2875788,413777920,156196864,49500,0,2026-08-01T16:57:32.576940Z
C1,2156,saturated,,false,1260.000,1.924,5.065,14.749,38513.692,38738.447,38774.296,467318,2876695,414048256,156246016,49520,0,2026-08-01T16:57:32.576940Z
C1,2157,saturated,,false,1140.000,2.394,3.814,87.349,38588.117,38789.578,38924.990,469914,2877975,414310400,156311552,49660,0,2026-08-01T16:57:32.576940Z
C1,2158,saturated,,false,1340.000,1.857,3.064,7.216,38639.202,38856.342,38885.763,472369,2879255,414515200,156360704,49540,0,2026-08-01T16:57:32.576940Z
C1,2159,saturated,,false,1040.000,2.129,3.403,18.760,38801.054,38999.914,39045.916,474654,2880475,414777344,156418048,49540,20,2026-08-01T16:57:32.576940Z
C1,2160,saturated,,false,1300.000,2.135,3.100,3.560,38830.020,39059.725,39075.628,477050,2880475,414998528,156459008,49521,19,2026-08-01T16:57:32.576940Z
C1,2161,saturated,,false,1280.000,2.146,3.449,4.146,38860.437,39084.200,39114.905,479660,2882155,415260672,156524544,49521,20,2026-08-01T16:57:32.576940Z
C1,2162,saturated,,false,1341.000,1.889,2.624,3.014,38854.753,39081.194,39111.834,482285,2883456,415490048,156590080,49540,20,2026-08-01T16:57:32.576940Z
C1,2163,saturated,,false,1339.000,2.074,2.783,3.014,38830.234,39051.913,39076.906,484977,2884755,415752192,156639232,49540,20,2026-08-01T16:57:32.576940Z
C1,2164,saturated,,false,1100.000,1.985,3.399,19.907,38646.848,38900.766,38931.729,487659,2886115,415973376,156704768,49783,0,2026-08-01T16:57:32.576940Z
C1,2165,saturated,,false,1321.000,1.717,3.451,29.187,38784.953,39021.055,39039.780,489983,2887435,416202752,156753920,49557,9,2026-08-01T16:57:32.576940Z
C1,2166,saturated,,false,1264.000,2.171,4.184,4.972,38814.355,39055.416,39092.241,492499,2888520,416432128,156827648,49560,20,2026-08-01T16:57:32.576940Z
C1,2167,saturated,,false,1301.000,1.985,3.073,11.141,38856.325,39087.918,39112.872,495032,2889860,416686080,156925952,49539,0,2026-08-01T16:57:32.576940Z
C1,2168,saturated,,false,1300.000,2.127,3.143,3.880,38846.857,39078.392,39092.678,497655,2891140,416931840,157032448,49560,0,2026-08-01T16:57:32.576940Z
C1,2169,saturated,,false,1300.000,2.137,2.944,3.356,38820.788,39045.529,39061.618,500270,2892441,417177600,157122560,49560,17,2026-08-01T16:57:32.576940Z
C1,2170,saturated,,false,1380.000,1.793,2.603,3.229,38790.462,39011.865,39025.987,502926,2893741,417431552,157229056,49540,9,2026-08-01T16:57:32.576940Z
C1,2171,saturated,,false,1301.000,1.980,2.706,2.938,38793.935,39018.007,39036.825,505505,2895061,417644544,157319168,49580,0,2026-08-01T16:57:32.576940Z
C1,2172,saturated,,false,1339.000,1.964,2.691,2.993,38696.225,38915.770,38940.492,508318,2896421,417947648,157433856,49580,20,2026-08-01T16:57:32.576940Z
C1,2173,saturated,,false,1320.000,1.999,2.894,3.823,38627.267,38911.135,38928.504,510993,2897741,418152448,157540352,49580,0,2026-08-01T16:57:32.576940Z
C1,2174,saturated,,false,1183.000,1.937,10.115,26.928,38566.584,38803.405,38885.325,513652,2899081,418422784,157638656,49737,0,2026-08-01T16:57:32.576940Z
C1,2175,saturated,,false,1360.000,1.716,2.667,5.322,38619.758,38839.455,38858.813,516140,2900656,418603008,157736960,49580,0,2026-08-01T16:57:32.576940Z
C1,2176,saturated,,false,1320.000,1.972,3.064,3.555,38630.719,38856.284,38881.141,518769,2901839,418881536,157827072,49600,0,2026-08-01T16:57:32.576940Z
C1,2177,saturated,,false,1181.000,1.944,5.119,62.693,38709.342,38931.587,38964.057,521146,2903199,419119104,157917184,49600,18,2026-08-01T16:57:32.576940Z
C1,2178,saturated,,false,1280.000,2.001,5.484,18.659,38758.287,38972.142,39002.172,523692,2904125,419373056,158015488,49620,16,2026-08-01T16:57:32.576940Z
C1,2179,saturated,,false,1320.000,1.803,4.348,15.897,38823.959,39051.748,39079.453,526256,2905465,419651584,158130176,49600,9,2026-08-01T16:57:32.576940Z
C1,2180,saturated,,false,1200.000,2.141,7.124,13.265,38903.968,39145.600,39174.887,528755,2906715,419897344,158220288,49580,20,2026-08-01T16:57:32.576940Z
C1,2181,saturated,,false,1260.000,2.058,3.422,5.098,38973.613,39190.591,39208.052,531270,2908300,420159488,158326784,49640,0,2026-08-01T16:57:32.576940Z
C1,2182,saturated,,false,1320.000,2.073,2.893,3.303,38970.220,39235.008,39266.369,533840,2909265,420429824,158416896,49581,18,2026-08-01T16:57:32.576940Z
C1,2183,saturated,,false,1300.000,1.946,3.499,5.481,38850.525,39081.952,39101.680,536459,2910525,420691968,158523392,49600,19,2026-08-01T16:57:32.576940Z
C1,2184,saturated,,false,1227.000,1.891,7.889,16.747,38705.597,38949.490,38962.200,539144,2911845,420937728,158621696,49733,0,2026-08-01T16:57:32.576940Z
C1,2185,saturated,,false,1248.000,1.786,3.356,22.588,38837.940,39060.994,39124.048,541630,2913185,421167104,158703616,49640,0,2026-08-01T16:57:32.576940Z
C1,2186,saturated,,false,960.000,2.099,11.321,29.695,39024.701,39328.261,39358.453,543966,2914380,421404672,158810112,49860,20,2026-08-01T16:57:32.576940Z
C1,2187,saturated,,false,1105.000,3.199,11.703,14.284,39243.654,39508.574,39559.205,546000,2915560,421584896,158883840,49680,17,2026-08-01T16:57:32.576940Z
C1,2188,saturated,,false,1045.000,2.422,10.514,60.681,39436.996,39636.768,39652.491,548163,2917105,421822464,158965760,49780,0,2026-08-01T16:57:32.576940Z
C1,2189,saturated,,false,1146.000,2.399,11.902,25.656,39609.343,39867.655,39893.728,550280,2918249,421994496,159047680,49660,0,2026-08-01T16:57:32.576940Z
C1,2190,saturated,,false,1065.000,2.709,6.470,11.996,39727.573,39989.779,40036.512,552597,2919787,422240256,159129600,49739,8,2026-08-01T16:57:32.576940Z
C1,2191,saturated,,false,1081.000,2.296,13.839,36.922,40001.665,40215.887,40257.875,554645,2919787,422428672,159219712,49640,21,2026-08-01T16:57:32.576940Z
C1,2192,saturated,,false,1261.000,2.249,4.013,5.333,40012.159,40234.857,40253.573,557033,2920901,422699008,159309824,49659,0,2026-08-01T16:57:32.576940Z
C1,2193,saturated,,false,1279.000,2.055,3.360,16.981,40030.940,40263.568,40280.387,559573,2922062,422944768,159408128,49650,10,2026-08-01T16:57:32.576940Z
C1,2194,saturated,,false,1149.000,2.087,12.506,22.019,40047.150,40283.098,40339.953,562181,2923322,423182336,159506432,49820,20,2026-08-01T16:57:32.576940Z
C1,2195,saturated,,false,1427.000,1.610,3.016,7.419,40037.975,40386.594,40424.156,564606,2924622,423411712,159604736,49658,0,2026-08-01T16:57:32.576940Z
C1,2196,saturated,,false,1340.000,1.779,2.648,3.138,39973.003,40194.886,40240.209,567376,2925798,423641088,159719424,49660,0,2026-08-01T16:57:32.576940Z
C1,2197,saturated,,false,1360.000,1.808,2.717,3.349,39889.357,40120.480,40161.538,570116,2927198,423919616,159817728,49660,17,2026-08-01T16:57:32.576940Z
C1,2198,saturated,,false,1360.000,1.790,2.960,8.603,39695.617,39993.789,40017.634,572853,2928558,424148992,159924224,49661,0,2026-08-01T16:57:32.576940Z
C1,2199,saturated,,false,1340.000,1.820,2.794,3.916,39607.953,39781.144,39811.980,575564,2929918,424419328,160030720,49660,11,2026-08-01T16:57:32.576940Z
C1,2200,saturated,,false,1202.000,1.956,3.439,81.111,39562.116,39815.252,39833.618,578134,2931258,424656896,160120832,49680,5,2026-08-01T16:57:32.576940Z
C1,2201,saturated,,false,1320.000,1.931,2.805,3.243,39566.511,39787.761,39817.851,580668,2932618,424878080,160219136,49680,19,2026-08-01T16:57:32.576940Z
C1,2202,saturated,,false,1340.000,1.973,2.649,2.983,39570.072,39801.853,39822.012,583343,2933820,425123840,160317440,49700,0,2026-08-01T16:57:32.576940Z
C1,2203,saturated,,false,1340.000,1.987,2.856,3.325,39570.610,39797.616,39820.910,586033,2935159,425345024,160423936,49680,20,2026-08-01T16:57:32.576940Z
C1,2204,saturated,,false,1120.000,2.017,14.335,25.798,39521.666,39777.865,39825.472,588710,2936486,425598976,160538624,49880,20,2026-08-01T16:57:32.576940Z
C1,2205,saturated,,false,1360.000,1.609,3.586,9.363,39533.616,39754.859,39784.066,590998,2937820,425811968,160612352,49680,0,2026-08-01T16:57:32.576940Z
C1,2206,saturated,,false,1320.000,1.979,2.911,6.158,39483.500,39711.457,39726.631,593701,2939215,426049536,160702464,49688,16,2026-08-01T16:57:32.576940Z
C1,2207,saturated,,false,1340.000,1.911,2.814,4.112,39442.671,39666.348,39691.846,596374,2940575,426295296,160817152,49680,20,2026-08-01T16:57:32.576940Z
C1,2208,saturated,,false,1271.000,1.867,2.957,17.276,39455.772,39661.342,39693.314,599021,2942171,426549248,160923648,49717,24,2026-08-01T16:57:32.576940Z
C1,2209,saturated,,false,1272.000,1.897,5.220,23.057,39504.012,39732.424,39757.843,601530,2943255,426778624,161005568,49680,0,2026-08-01T16:57:32.576940Z
C1,2210,saturated,,false,1251.000,2.023,4.052,16.743,39564.245,39773.870,39790.830,604085,2944203,427040768,161103872,49725,17,2026-08-01T16:57:32.576940Z
C1,2211,saturated,,false,1189.000,2.089,7.351,20.263,39614.804,39895.162,39936.225,606537,2945483,427261952,161202176,49700,0,2026-08-01T16:57:32.576940Z
C1,2212,saturated,,false,1169.000,1.989,7.620,17.091,39778.549,40005.993,40045.442,608901,2946763,427483136,161300480,49736,0,2026-08-01T16:57:32.576940Z
C1,2213,saturated,,false,1313.000,2.075,3.008,3.757,39807.941,40036.554,40058.051,611438,2947875,427737088,161398784,49720,0,2026-08-01T16:57:32.576940Z
C1,2214,saturated,,false,1083.000,2.051,5.517,18.603,39877.348,40066.936,40098.239,613791,2949145,427991040,161497088,49930,20,2026-08-01T16:57:32.576940Z
C1,2215,saturated,,false,1210.000,2.064,6.466,78.238,39984.318,40204.029,40237.435,615934,2950426,428187648,161579008,49720,995,2026-08-01T16:57:32.576940Z
C1,2216,saturated,,false,1140.000,2.383,8.044,26.309,40052.696,40299.682,40332.802,618309,2952098,428417024,161669120,49748,3326,2026-08-01T16:57:32.576940Z
C1,2217,saturated,,false,1260.000,2.147,4.137,8.463,40128.758,40372.028,40414.032,620661,2953229,428646400,161751040,49720,5812,2026-08-01T16:57:32.576940Z
C1,2218,saturated,,false,1180.000,1.892,5.444,17.622,40133.417,40327.579,40358.523,623152,2953858,428875776,161857536,49740,8178,2026-08-01T16:57:32.576940Z
C1,2219,saturated,,false,1183.000,2.090,7.135,28.377,40174.537,40404.693,40434.880,625583,2955373,429088768,161939456,49777,10664,2026-08-01T16:57:32.576940Z
C1,2220,saturated,,false,1340.000,1.593,2.704,3.073,40237.603,40444.445,40471.565,628092,2956849,429342720,162013184,49740,13259,2026-08-01T16:57:32.576940Z
C1,2221,saturated,,false,1400.000,1.603,2.239,2.756,40125.400,40345.791,40367.188,630798,2957816,429596672,162070528,49720,16022,2026-08-01T16:57:32.576940Z
C1,2222,saturated,,false,1380.000,1.492,3.132,4.095,40024.469,40240.391,40310.429,633588,2959156,429883392,162136064,49720,18788,2026-08-01T16:57:32.576940Z
C1,2223,saturated,,false,1360.000,1.487,2.716,4.545,39975.582,40187.861,40229.829,1957,2926081,430080000,162209792,49720,1016,2026-08-01T17:01:35.919204Z
C1,2224,saturated,,false,1160.000,1.503,2.720,23.766,39956.741,40175.472,40213.662,16787,2966086,430080000,162283520,49940,21,2026-08-01T17:01:35.919204Z
C1,2225,saturated,,false,1336.000,1.506,4.427,70.395,40017.371,40319.860,40369.828,19117,2967211,430080000,162349056,49755,0,2026-08-01T17:01:35.919204Z
C1,2226,saturated,,false,1374.000,1.561,2.408,2.677,39786.493,40073.466,40102.304,21833,2968596,430080000,162406400,49740,18,2026-08-01T17:01:35.919204Z
C1,2227,saturated,,false,1360.000,1.653,2.538,3.343,39499.859,39817.004,39848.437,24573,2969956,430080000,162463744,49740,0,2026-08-01T17:01:35.919204Z
C1,2228,saturated,,false,1380.000,1.515,2.239,2.820,39211.968,39516.707,39556.851,27342,2971081,430080000,162529280,49740,20,2026-08-01T17:01:35.919204Z
C1,2229,saturated,,false,1364.000,1.729,2.626,3.757,38972.427,39232.907,39290.967,30087,2972461,430080000,162586624,49751,0,2026-08-01T17:01:35.919204Z
C1,2230,saturated,,false,1385.000,1.497,2.332,5.426,38666.547,38945.647,38985.288,32862,2973821,430080000,162643968,49760,0,2026-08-01T17:01:35.919204Z
C1,2231,saturated,,false,1341.000,1.616,2.495,3.003,38543.255,38776.516,38804.911,35333,2975703,430080000,162709504,49739,16,2026-08-01T17:01:35.919204Z
C1,2232,saturated,,false,1340.000,1.624,2.513,3.032,38488.743,38709.111,38717.767,38047,2976825,430080000,162775040,49760,20,2026-08-01T17:01:35.919204Z
C1,2233,saturated,,false,1323.000,1.719,2.799,9.980,38410.279,38642.077,38685.264,40731,2978442,430080000,162824192,49760,17,2026-08-01T17:01:35.919204Z
C1,2234,saturated,,false,1131.000,1.692,4.369,25.228,38404.931,38618.690,38675.003,43403,2979782,430080000,162889728,49958,4,2026-08-01T17:01:35.919204Z
C1,2235,saturated,,false,1402.000,1.387,3.800,8.498,38546.069,38780.120,38800.004,45567,2980594,430080000,162938880,49780,0,2026-08-01T17:01:35.919204Z
C1,2236,saturated,,false,1162.000,1.423,2.533,6.893,38573.589,38898.148,38927.754,48147,2982467,430080000,163004416,49760,21,2026-08-01T17:01:35.919204Z
C1,2237,saturated,,false,1400.000,1.495,2.208,2.572,38657.051,38884.491,38911.981,50239,2983383,430080000,163053568,49780,0,2026-08-01T17:01:35.919204Z
C1,2238,saturated,,false,1380.000,1.538,2.315,3.329,38578.882,38840.614,38868.014,53056,2984821,430080000,163119104,49780,18,2026-08-01T17:01:35.919204Z
C1,2239,saturated,,false,1361.000,1.683,2.817,3.228,38561.144,38737.298,38767.342,55809,2985984,430080000,163184640,49799,0,2026-08-01T17:01:35.919204Z
C1,2240,saturated,,false,1360.000,1.649,2.247,2.499,38484.091,38708.360,38724.703,58523,2987089,430080000,163241984,49780,0,2026-08-01T17:01:35.919204Z
C1,2241,saturated,,false,1320.000,1.791,2.670,3.300,38487.141,38701.130,38729.101,61206,2988961,430080000,163299328,49800,0,2026-08-01T17:01:35.919204Z
C1,2242,saturated,,false,1262.000,1.741,4.940,6.221,38492.659,38731.532,38772.387,63748,2990045,430080000,163364864,49800,0,2026-08-01T17:01:35.919204Z
C1,2243,saturated,,false,1307.000,1.620,5.308,11.468,38511.063,38774.446,38801.457,66286,2991090,430080000,163414016,49802,0,2026-08-01T17:01:35.919204Z
C1,2244,saturated,,false,1188.000,1.750,7.504,14.726,38407.906,38631.083,38655.963,68973,2992326,430080000,163479552,49941,0,2026-08-01T17:01:35.919204Z
C1,2245,saturated,,false,1271.000,1.727,3.349,14.681,38547.214,38788.600,38815.074,71401,2993719,430080000,163528704,49820,0,2026-08-01T17:01:35.919204Z
C1,2246,saturated,,false,1284.000,1.884,3.136,4.892,38573.825,38788.186,38816.470,73939,2995518,430080000,163594240,49840,0,2026-08-01T17:01:35.919204Z
C1,2247,saturated,,false,1296.000,1.565,3.788,7.057,38604.137,38817.941,38846.376,76525,2996818,430080000,163643392,49810,33,2026-08-01T17:01:35.919204Z
C1,2248,saturated,,false,1320.000,1.701,2.604,4.375,38538.905,38756.443,38784.231,79113,2998088,430080000,163708928,49820,23,2026-08-01T17:01:35.919204Z
C1,2249,saturated,,false,1340.000,1.648,2.899,3.371,38481.085,38708.601,38750.066,81819,2999418,430080000,163758080,49836,4,2026-08-01T17:01:35.919204Z
C1,2250,saturated,,false,938.000,1.526,7.130,39.638,38514.868,38899.218,38920.696,84306,3000774,430080000,163815424,49822,17,2026-08-01T17:01:35.919204Z
C1,2251,saturated,,false,1360.000,1.330,3.698,4.748,38574.408,38766.050,38786.988,86534,3002396,430080000,163872768,49820,21,2026-08-01T17:01:35.919204Z
C1,2252,saturated,,false,1263.000,1.479,4.173,6.279,38518.960,38736.275,38764.491,89252,3003056,430080000,163921920,49860,0,2026-08-01T17:01:35.919204Z
C1,2253,saturated,,false,1400.000,1.587,2.750,3.397,38432.243,38731.955,38774.655,91835,3004359,430080000,163987456,49840,0,2026-08-01T17:01:35.919204Z
C1,2254,saturated,,false,1204.000,1.844,6.942,21.543,38234.009,38432.311,38460.834,94605,3005739,430080000,164044800,49897,3,2026-08-01T17:01:35.919204Z
C1,2255,saturated,,false,1320.000,1.471,4.276,6.619,38178.820,38437.565,38467.624,96892,3007000,430080000,164102144,49860,0,2026-08-01T17:01:35.919204Z
C1,2256,saturated,,false,1401.000,1.688,2.551,3.586,38106.326,38320.178,38364.999,99741,3008538,430080000,164167680,49840,0,2026-08-01T17:01:35.919204Z
C1,2257,saturated,,false,1259.000,1.547,3.435,17.056,37989.351,38202.199,38230.931,102449,3010175,430080000,164216832,49850,0,2026-08-01T17:01:35.919204Z
C1,2258,saturated,,false,1383.000,1.645,2.662,3.249,37914.758,38137.210,38205.073,105084,3011435,430080000,164282368,49840,3,2026-08-01T17:01:35.919204Z
C1,2259,saturated,,false,1384.000,1.593,2.627,5.039,37887.867,38108.911,38132.144,107870,3012561,430080000,164347904,49860,0,2026-08-01T17:01:35.919204Z
C1,2260,saturated,,false,826.000,1.790,14.664,129.223,38088.336,38421.299,38447.373,110249,3013710,430080000,164388864,49940,21,2026-08-01T17:01:35.919204Z
C1,2261,saturated,,false,1242.000,1.555,3.714,63.605,38410.304,38617.895,38647.546,112175,3014616,430080000,164429824,49880,21,2026-08-01T17:01:35.919204Z
C1,2262,saturated,,false,1221.000,1.788,5.162,21.178,38443.870,38679.668,38705.517,114702,3015798,430080000,164495360,49880,15,2026-08-01T17:01:35.919204Z
C1,2263,saturated,,false,1116.000,1.729,6.450,43.319,38557.167,38842.060,38895.804,117078,3017530,430080000,164544512,49886,19,2026-08-01T17:01:35.919204Z
C1,2264,saturated,,false,1081.000,1.697,14.474,28.128,38502.859,38797.817,38828.559,119439,3018135,430080000,164593664,49495,20,2026-08-01T17:01:35.919204Z
C1,2265,saturated,,false,1285.000,1.367,11.596,18.061,38793.085,38991.224,39020.428,121611,3018135,430080000,164642816,49900,21,2026-08-01T17:01:35.919204Z
C1,2266,saturated,,false,1300.000,1.836,2.593,3.290,38796.980,39016.973,39042.383,124131,3019860,430080000,164708352,49920,17,2026-08-01T17:01:35.919204Z
C1,2267,saturated,,false,1400.000,1.575,2.163,2.540,38806.971,39037.796,39052.839,126813,3021181,430080000,164782080,49900,0,2026-08-01T17:01:35.919204Z
C1,2268,saturated,,false,1360.000,1.618,2.656,7.489,38780.146,39022.017,39036.805,129605,3022796,430080000,164839424,49920,0,2026-08-01T17:01:35.919204Z
C1,2269,saturated,,false,1279.000,1.573,2.775,21.194,38834.541,39098.842,39129.995,132328,3024176,430080000,164896768,49920,21,2026-08-01T17:01:35.919204Z
C1,2270,saturated,,false,1285.000,1.678,3.912,12.956,38902.912,39132.735,39147.833,134873,3025261,430080000,164954112,49940,0,2026-08-01T17:01:35.919204Z
C1,2271,saturated,,false,1380.000,1.623,2.437,4.296,38918.734,39145.614,39160.188,137507,3026525,430080000,165011456,49932,0,2026-08-01T17:01:35.919204Z
C1,2272,saturated,,false,1300.000,1.828,2.858,3.628,38913.145,39141.595,39155.008,140222,3028545,430080000,165076992,49940,0,2026-08-01T17:01:35.919204Z
C1,2273,saturated,,false,1320.000,1.853,2.576,2.957,38858.794,39122.000,39157.761,142861,3029865,430080000,165134336,49940,0,2026-08-01T17:01:35.919204Z
C1,2274,saturated,,false,1200.000,1.628,2.849,18.682,38808.579,39013.989,39119.480,145564,3031185,430080000,165191680,49421,3,2026-08-01T17:01:35.919204Z
C1,2275,saturated,,false,1340.000,1.542,2.872,40.712,38873.093,39146.845,39201.447,147883,3032681,430080000,165249024,49940,0,2026-08-01T17:01:35.919204Z
C1,2276,saturated,,false,1340.000,1.695,2.386,2.980,38799.930,39021.499,39053.396,150653,3033725,430080000,165306368,49960,20,2026-08-01T17:01:35.919204Z
C1,2277,saturated,,false,1320.000,1.743,2.396,4.026,38858.481,39083.273,39099.766,153351,3035745,430080000,165371904,49960,20,2026-08-01T17:01:35.919204Z
C1,2278,saturated,,false,1360.000,1.745,2.423,2.807,38856.443,39080.298,39112.067,155941,3036916,430080000,165429248,49960,5,2026-08-01T17:01:35.919204Z
C1,2279,saturated,,false,1243.000,1.721,2.814,27.501,38897.077,39148.804,39183.937,158673,3037765,430080000,165486592,49960,20,2026-08-01T17:01:35.919204Z
C1,2280,saturated,,false,1340.000,1.714,2.601,3.212,38923.216,39155.072,39182.498,161286,3039688,430080000,165543936,49980,0,2026-08-01T17:01:35.919204Z
C1,2281,saturated,,false,1341.000,1.807,2.530,3.092,38920.611,39136.321,39176.608,163956,3040879,430080000,165601280,49970,10,2026-08-01T17:01:35.919204Z
C1,2282,saturated,,false,1380.000,1.632,2.366,2.993,38797.950,39029.838,39114.647,166726,3042210,430080000,165666816,49555,0,2026-08-01T17:01:35.919204Z
C1,2283,saturated,,false,1320.000,1.818,2.712,6.086,38787.372,39010.264,39041.385,169444,3043089,430080000,165732352,49340,17,2026-08-01T17:01:35.919204Z
C1,2284,saturated,,false,1180.000,1.667,4.378,24.738,38691.593,38881.750,38903.412,171055,3043089,430080000,165756928,49532,0,2026-08-01T17:01:35.919204Z
C1,2285,saturated,,false,1079.000,1.681,7.650,137.988,38917.613,39146.643,39198.750,174119,3045597,430080000,165830656,49374,0,2026-08-01T17:01:35.919204Z
C1,2286,saturated,,false,1339.000,1.754,3.292,5.461,38930.000,39153.546,39179.117,175611,3045597,430080000,165863424,49340,12,2026-08-01T17:01:35.919204Z
C1,2287,saturated,,false,1320.000,1.844,2.550,3.355,38899.931,39127.188,39142.511,178295,3046687,430080000,165912576,49340,0,2026-08-01T17:01:35.919204Z
C1,2288,saturated,,false,1360.000,1.735,2.405,2.810,38907.419,39126.826,39147.639,180945,3048027,430080000,165978112,49340,0,2026-08-01T17:01:35.919204Z
C1,2289,saturated,,false,1280.000,2.010,2.988,3.571,38777.632,39108.856,39139.113,183655,3049347,430080000,166043648,49360,1,2026-08-01T17:01:35.919204Z
C1,2290,saturated,,false,1300.000,1.899,2.490,2.833,38659.331,38878.124,38910.859,186229,3050707,430080000,166092800,49360,0,2026-08-01T17:01:35.919204Z
C1,2291,saturated,,false,1315.000,1.937,2.576,2.815,38666.638,38891.494,38923.788,188881,3052242,430080000,166158336,49365,0,2026-08-01T17:01:35.919204Z
C1,2292,saturated,,false,1285.000,1.814,2.977,4.564,38683.471,38906.485,38936.044,191385,3053562,430080000,166207488,49400,0,2026-08-01T17:01:35.919204Z
C1,2293,saturated,,false,1103.000,2.011,9.789,27.468,38813.950,39102.835,39135.149,193939,3054874,430080000,166264832,49365,18,2026-08-01T17:01:35.919204Z
C1,2294,saturated,,false,1160.000,1.800,6.994,22.662,38778.627,39017.560,39045.495,196186,3055907,430080000,166322176,49520,20,2026-08-01T17:01:35.919204Z
C1,2295,saturated,,false,1272.000,1.686,5.032,11.240,38953.429,39194.714,39210.512,198566,3057265,430080000,166371328,49380,0,2026-08-01T17:01:35.919204Z
C1,2296,saturated,,false,1320.000,1.895,3.542,4.285,39012.126,39226.191,39242.336,201111,3058150,430358528,166428672,49360,0,2026-08-01T17:01:35.919204Z
C1,2297,saturated,,false,1320.000,1.852,2.637,3.168,38975.600,39195.792,39233.093,203764,3059717,430637056,166486016,49400,0,2026-08-01T17:01:35.919204Z
C1,2298,saturated,,false,1320.000,1.876,2.636,3.049,39015.424,39242.111,39273.846,206432,3061037,430907392,166551552,49380,2,2026-08-01T17:01:35.919204Z
C1,2299,saturated,,false,1280.000,1.951,3.001,4.489,38919.993,39272.893,39306.983,209062,3062102,431185920,166600704,49400,0,2026-08-01T17:01:35.919204Z
C1,2300,saturated,,false,1240.000,1.611,3.144,9.296,38704.654,38914.983,38959.846,211634,3063422,431464448,166666240,49440,20,2026-08-01T17:01:35.919204Z
C1,2301,saturated,,false,1341.000,1.758,2.875,7.464,38630.327,38844.933,38871.848,214162,3064702,431751168,166715392,49399,0,2026-08-01T17:01:35.919204Z
C1,2302,saturated,,false,1340.000,1.720,2.284,2.539,38512.920,38768.354,38810.624,216855,3066642,432005120,166780928,49400,0,2026-08-01T17:01:35.919204Z
C1,2303,saturated,,false,1381.000,1.756,2.813,3.585,38266.230,38596.582,38624.383,219450,3067983,432283648,166846464,49380,1,2026-08-01T17:01:35.919204Z
C1,2304,saturated,,false,1190.000,1.662,9.173,19.317,38198.696,38454.391,38503.789,222204,3069599,432586752,166895616,49530,18,2026-08-01T17:01:35.919204Z
C1,2305,saturated,,false,1418.000,1.430,2.404,2.886,38248.712,38494.356,38530.230,224718,3070684,432832512,166961152,49414,0,2026-08-01T17:01:35.919204Z
C1,2306,saturated,,false,1322.000,1.731,2.554,2.985,38260.705,38483.110,38499.620,227437,3071974,433094656,167018496,49420,0,2026-08-01T17:01:35.919204Z
C1,2307,saturated,,false,1360.000,1.676,2.741,3.093,38288.702,38514.745,38540.664,230155,3073314,433381376,167075840,49400,0,2026-08-01T17:01:35.919204Z
C1,2308,saturated,,false,1320.000,1.766,2.511,2.818,38254.530,38469.331,38514.325,232889,3073314,433676288,167141376,49420,0,2026-08-01T17:01:35.919204Z
C1,2309,saturated,,false,1306.000,1.693,3.474,10.850,38227.440,38463.081,38492.726,235574,3075334,433946624,167215104,49412,21,2026-08-01T17:01:35.919204Z
C1,2310,saturated,,false,1320.000,1.793,2.605,3.126,38264.643,38490.986,38515.887,238171,3076674,434200576,167264256,49420,0,2026-08-01T17:01:35.919204Z
C1,2311,saturated,,false,1361.000,1.754,2.462,2.783,38240.047,38466.523,38505.332,240865,3077960,434511872,167329792,49419,0,2026-08-01T17:01:35.919204Z
C1,2312,saturated,,false,1340.000,1.753,2.603,3.335,38221.676,38441.561,38456.687,243591,3079300,434765824,167387136,49419,20,2026-08-01T17:01:35.919204Z
C1,2313,saturated,,false,1360.000,1.825,2.743,3.035,38090.811,38300.921,38337.689,246303,3080661,435036160,167444480,49429,0,2026-08-01T17:01:35.919204Z
C1,2314,saturated,,false,1181.000,1.801,7.127,22.154,38133.358,38346.017,38459.540,249022,3082256,435331072,167510016,49597,3,2026-08-01T17:01:35.919204Z
C1,2315,saturated,,false,1322.000,1.608,5.679,13.747,38253.721,38460.840,38478.901,251391,3083616,435544064,167559168,49431,9,2026-08-01T17:01:35.919204Z
C1,2316,saturated,,false,1340.000,1.858,2.417,3.006,38235.194,38457.432,38481.982,254057,3084993,435847168,167624704,49425,20,2026-08-01T17:01:35.919204Z
C1,2317,saturated,,false,1360.000,1.694,2.639,3.583,38202.749,38440.313,38496.832,256757,3085864,436125696,167682048,49421,19,2026-08-01T17:01:35.919204Z
C1,2318,saturated,,false,1322.000,1.802,2.940,19.559,38165.578,38398.164,38417.485,259456,3087204,436412416,167739392,49438,3,2026-08-01T17:01:35.919204Z
C1,2319,saturated,,false,1384.000,1.729,2.451,3.330,38167.266,38381.926,38411.701,262163,3088584,436699136,167804928,49396,23,2026-08-01T17:01:35.919204Z
C1,2320,saturated,,false,1340.000,1.859,2.811,3.205,38142.298,38372.596,38406.725,264942,3089906,436969472,167862272,49460,0,2026-08-01T17:01:35.919204Z
C1,2321,saturated,,false,1360.000,1.717,2.350,3.120,38159.614,38385.656,38401.523,267643,3091290,437264384,167919616,49464,20,2026-08-01T17:01:35.919204Z
C1,2322,saturated,,false,1300.000,1.867,2.534,2.858,38176.087,38396.635,38441.129,270361,3092630,437518336,167985152,49480,18,2026-08-01T17:01:35.919204Z
C1,2323,saturated,,false,1400.000,1.727,2.397,2.694,37932.355,38135.355,38176.948,273018,3093990,437829632,168042496,49460,0,2026-08-01T17:01:35.919204Z
C1,2324,saturated,,false,1183.000,1.823,9.890,19.576,37791.588,38048.938,38066.511,275793,3095565,438083584,168099840,49618,0,2026-08-01T17:01:35.919204Z
C1,2325,saturated,,false,1340.000,1.534,2.690,10.692,37916.252,38147.666,38174.060,278233,3096710,438321152,168157184,49480,0,2026-08-01T17:01:35.919204Z
C1,2326,saturated,,false,1360.000,1.818,2.480,2.783,37922.027,38134.220,38169.526,280892,3097893,438583296,168214528,49460,0,2026-08-01T17:01:35.919204Z
C1,2327,saturated,,false,1398.000,1.649,2.247,2.517,37879.731,38106.915,38148.374,283622,3099233,438837248,168280064,49455,0,2026-08-01T17:01:35.919204Z
C1,2328,saturated,,false,1342.000,1.837,2.542,4.267,37803.572,38044.805,38079.242,286409,3100593,439148544,168345600,49479,0,2026-08-01T17:01:35.919204Z
C1,2329,saturated,,false,1402.000,1.648,2.393,2.717,37769.362,37995.725,38018.315,289161,3101973,439435264,168402944,49458,2,2026-08-01T17:01:35.919204Z
C1,2330,saturated,,false,1340.000,1.711,2.487,2.905,37713.469,37947.727,37965.491,291965,3103353,439738368,168460288,49500,0,2026-08-01T17:01:35.919204Z
C1,2331,saturated,,false,1340.000,1.782,2.460,3.819,37506.270,37727.554,37745.879,294653,3105010,440016896,168525824,49500,0,2026-08-01T17:01:35.919204Z
C1,2332,saturated,,false,1320.000,1.920,2.663,2.902,37414.947,37694.810,37740.197,297336,3106095,440262656,168591360,49520,0,2026-08-01T17:01:35.919204Z
C1,2333,saturated,,false,1340.000,1.890,2.667,3.889,37346.940,37562.988,37589.857,299994,3107435,440532992,168640512,49500,20,2026-08-01T17:01:35.919204Z
C1,2334,saturated,,false,1157.000,1.968,9.220,35.081,37317.256,37554.625,37573.474,302687,3108758,440778752,168706048,49683,0,2026-08-01T17:01:35.919204Z
C1,2335,saturated,,false,1304.000,1.514,3.105,43.747,37520.182,37735.331,37770.022,304925,3110095,441024512,168755200,49480,440,2026-08-01T17:01:35.919204Z
C1,2336,saturated,,false,1374.000,1.690,2.349,2.742,37446.845,37664.253,37693.139,310956,3108226,441532416,168853504,49482,8,2026-08-01T17:01:35.919204Z
C1,2337,saturated,,false,1348.000,1.690,2.369,3.223,37358.050,37611.732,37637.259,313728,3109370,441876480,168910848,49500,16,2026-08-01T17:01:35.919204Z
C1,2338,saturated,,false,1280.000,1.594,2.464,21.759,37332.316,37559.965,37601.426,316430,3110730,442097664,168968192,49500,0,2026-08-01T17:01:35.919204Z
C1,2339,saturated,,false,1360.000,1.823,2.654,2.960,37348.465,37575.174,37589.936,319027,3112437,442351616,169033728,49500,12,2026-08-01T17:01:35.919204Z
C1,2340,saturated,,false,1340.000,1.837,2.514,2.879,37341.525,37573.662,37589.795,321748,3113117,442580992,169082880,49520,0,2026-08-01T17:01:35.919204Z
C1,2341,saturated,,false,1340.000,1.795,2.603,2.864,37371.685,37597.513,37616.796,324289,3114477,442834944,169148416,49500,15,2026-08-01T17:01:35.919204Z
C1,2342,saturated,,false,1325.000,1.859,2.506,2.683,37316.572,37553.040,37598.358,326986,3115817,443080704,169213952,49533,0,2026-08-01T17:01:35.919204Z
C1,2343,saturated,,false,1391.000,1.741,2.501,3.283,37308.560,37531.162,37559.593,329700,3117157,443310080,169263104,49518,0,2026-08-01T17:01:35.919204Z
C1,2344,saturated,,false,1226.000,1.754,7.078,16.451,37251.551,37495.714,37523.785,332501,3118517,443572224,169328640,49679,0,2026-08-01T17:01:35.919204Z
C1,2345,saturated,,false,1399.000,1.468,2.315,3.000,37369.876,37592.825,37619.948,334892,3119897,443801600,169385984,49520,0,2026-08-01T17:01:35.919204Z
C1,2346,saturated,,false,1340.000,1.811,2.441,2.696,37346.057,37576.065,37606.079,337732,3121138,444047360,169443328,49520,20,2026-08-01T17:01:35.919204Z
C1,2347,saturated,,false,1320.000,1.819,2.455,2.743,37308.838,37528.336,37557.018,340278,3122538,444293120,169508864,49540,12,2026-08-01T17:01:35.919204Z
C1,2348,saturated,,false,1340.000,1.743,2.549,5.902,37307.600,37527.260,37556.822,343114,3124113,444530688,169574400,49541,14,2026-08-01T17:01:35.919204Z
C1,2349,saturated,,false,1320.000,1.862,2.750,3.809,37338.430,37556.931,37585.893,345774,3125198,444784640,169623552,49552,8,2026-08-01T17:01:35.919204Z
C1,2350,saturated,,false,1340.000,1.818,2.552,2.852,37337.153,37555.272,37583.778,348450,3126538,445005824,169697280,49560,0,2026-08-01T17:01:35.919204Z
C1,2351,saturated,,false,1333.000,1.824,2.611,2.956,37356.435,37572.580,37601.506,350993,3127858,445267968,169746432,49558,20,2026-08-01T17:01:35.919204Z
C1,2352,saturated,,false,1347.000,1.742,2.452,2.912,37276.219,37560.922,37601.002,353830,3129453,445480960,169811968,49558,7,2026-08-01T17:01:35.919204Z
C1,2353,saturated,,false,1300.000,1.956,2.592,2.853,37223.677,37451.684,37468.389,356383,3130538,445751296,169877504,49580,0,2026-08-01T17:01:35.919204Z
C1,2354,saturated,,false,1180.000,1.820,3.766,24.500,37209.513,37470.932,37487.541,359035,3131878,445988864,169926656,49720,20,2026-08-01T17:01:35.919204Z
C1,2355,saturated,,false,1323.000,1.735,3.357,26.617,37407.993,37630.857,37653.458,361386,3133198,446218240,169992192,49560,21,2026-08-01T17:01:35.919204Z
C1,2356,saturated,,false,1340.000,1.783,2.457,2.834,37379.302,37607.521,37623.416,364061,3134340,446439424,170041344,49580,21,2026-08-01T17:01:35.919204Z
C1,2357,saturated,,false,1340.000,1.805,2.434,3.206,37399.451,37624.371,37655.529,366773,3135701,446717952,170106880,49580,7,2026-08-01T17:01:35.919204Z
C1,2358,saturated,,false,1361.000,1.808,2.543,2.936,37410.854,37636.435,37652.814,369458,3137061,446939136,170172416,49579,2,2026-08-01T17:01:35.919204Z
C1,2359,saturated,,false,1320.000,1.879,2.781,4.123,37425.208,37647.400,37674.575,372148,3138401,447193088,170221568,49580,7,2026-08-01T17:01:35.919204Z
C1,2360,saturated,,false,1360.000,1.846,2.531,2.906,37400.192,37632.471,37647.001,374858,3139742,447406080,170287104,49580,19,2026-08-01T17:01:35.919204Z
C1,2361,saturated,,false,1340.000,1.913,2.595,2.890,37438.289,37663.872,37679.847,377566,3141082,447676416,170352640,49580,20,2026-08-01T17:01:35.919204Z
C1,2362,saturated,,false,1320.000,1.956,3.198,3.739,37392.639,37643.629,37677.568,380223,3142442,447922176,170401792,49592,24,2026-08-01T17:01:35.919204Z
C1,2363,saturated,,false,1321.000,1.940,2.759,3.082,37338.332,37566.062,37588.933,382908,3143782,448167936,170467328,49601,19,2026-08-01T17:01:35.919204Z
C1,2364,saturated,,false,1223.000,1.732,5.411,19.913,37370.349,37563.612,37592.333,385616,3145102,448405504,170532864,49737,20,2026-08-01T17:01:35.919204Z
C1,2365,saturated,,false,1375.000,1.635,3.275,8.264,37464.448,37680.215,37706.701,388086,3146443,448634880,170582016,49616,0,2026-08-01T17:01:35.919204Z
C1,2366,saturated,,false,1380.000,1.784,2.403,2.761,37457.623,37676.390,37702.076,390838,3147905,448880640,170647552,49593,20,2026-08-01T17:01:35.919204Z
C1,2367,saturated,,false,1349.000,1.812,2.760,4.704,37470.591,37700.184,37728.708,393595,3149031,449126400,170704896,49602,0,2026-08-01T17:01:35.919204Z
C1,2368,saturated,,false,1320.000,1.927,2.622,3.951,37512.800,37732.509,37748.333,396124,3150685,449396736,170762240,49600,16,2026-08-01T17:01:35.919204Z
C1,2369,saturated,,false,1320.000,1.951,2.927,3.590,37503.167,37720.080,37735.896,398692,3151750,449626112,170827776,49640,0,2026-08-01T17:01:35.919204Z
C1,2370,saturated,,false,1181.000,1.704,11.916,33.564,37589.748,37823.289,37853.980,401186,3153090,449871872,170876928,49620,20,2026-08-01T17:01:35.919204Z
C1,2371,saturated,,false,1360.000,1.755,2.752,4.640,37579.759,37811.864,37827.862,403649,3154410,450109440,170942464,49640,16,2026-08-01T17:01:35.919204Z
C1,2372,saturated,,false,1340.000,1.656,2.908,3.281,37504.677,37805.502,37847.160,406325,3155637,450379776,170991616,49620,0,2026-08-01T17:01:35.919204Z
C1,2373,saturated,,false,1321.000,1.851,2.843,8.162,37440.333,37660.487,37696.458,409022,3156951,450666496,171057152,49640,0,2026-08-01T17:01:35.919204Z
C1,2374,saturated,,false,1181.000,1.778,4.240,26.260,37501.264,37692.137,37717.069,411682,3158311,450912256,171122688,49800,0,2026-08-01T17:01:35.919204Z
C1,2375,saturated,,false,1316.000,1.865,3.227,44.532,37629.455,37840.135,37857.261,413992,3159633,451108864,171171840,49624,20,2026-08-01T17:01:35.919204Z
C1,2376,saturated,,false,1303.000,2.039,3.038,4.028,37618.665,37835.467,37873.093,416550,3160772,451362816,171220992,49640,0,2026-08-01T17:01:35.919204Z
C1,2377,saturated,,false,1089.000,1.933,8.122,49.539,37623.073,37836.700,37863.108,419135,3162112,451616768,171286528,49772,0,2026-08-01T17:01:35.919204Z
C1,2378,saturated,,false,1200.000,1.928,4.057,9.175,37825.377,38032.404,38062.303,421467,3163687,451837952,171335680,49799,20,2026-08-01T17:01:35.919204Z
C1,2379,saturated,,false,1287.000,1.788,4.032,46.076,37951.103,38166.431,38193.843,423713,3164541,452075520,171384832,49660,7,2026-08-01T17:01:35.919204Z
C1,2380,saturated,,false,1300.000,2.037,3.289,3.649,37974.058,38194.194,38214.391,426258,3166368,452329472,171450368,49679,20,2026-08-01T17:01:35.919204Z
C1,2381,saturated,,false,1300.000,1.959,3.672,5.030,38011.989,38236.436,38260.713,428875,3167668,452608000,171507712,49680,0,2026-08-01T17:01:35.919204Z
C1,2382,saturated,,false,1320.000,1.988,2.863,3.196,38057.240,38275.829,38307.749,431530,3168988,452820992,171565056,49681,18,2026-08-01T17:01:35.919204Z
C1,2383,saturated,,false,1300.000,2.012,3.289,5.918,38020.147,38230.351,38258.791,434170,3170309,453091328,171630592,49680,0,2026-08-01T17:01:35.919204Z
C1,2384,saturated,,false,1199.000,2.139,9.049,18.721,38037.676,38269.011,38312.076,436818,3171608,453353472,171679744,49821,0,2026-08-01T17:01:35.919204Z
C1,2385,saturated,,false,1203.000,2.020,8.788,26.044,38193.933,38433.496,38464.164,439160,3172948,453550080,171728896,49700,0,2026-08-01T17:01:35.919204Z
C1,2386,saturated,,false,1260.000,2.110,3.248,4.917,38265.624,38488.300,38524.313,441596,3174030,453836800,171794432,49700,0,2026-08-01T17:01:35.919204Z
C1,2387,saturated,,false,1261.000,2.061,4.601,5.777,38324.755,38535.989,38564.457,444136,3175290,454090752,171843584,49720,0,2026-08-01T17:01:35.919204Z
C1,2388,saturated,,false,1320.000,1.965,3.353,7.693,38342.978,38572.221,38592.972,446712,3176826,454352896,171909120,49688,13,2026-08-01T17:01:35.919204Z
C1,2389,saturated,,false,1261.000,2.127,3.583,7.851,38389.585,38606.554,38625.986,449191,3177859,454631424,171958272,49740,0,2026-08-01T17:01:35.919204Z
C1,2390,saturated,,false,1317.000,2.124,2.918,3.512,38421.144,38653.228,38674.101,451761,3179171,454877184,172023808,49710,0,2026-08-01T17:01:35.919204Z
C1,2391,saturated,,false,1323.000,1.812,2.964,3.913,38439.397,38665.021,38680.223,454395,3180451,455122944,172072960,49680,19,2026-08-01T17:01:35.919204Z
C1,2392,saturated,,false,1320.000,1.948,2.725,4.446,38427.616,38647.698,38664.023,456937,3181752,455376896,172146688,49720,0,2026-08-01T17:01:35.919204Z
C1,2393,saturated,,false,1363.000,1.858,2.487,6.371,38341.894,38600.767,38644.388,459627,3183112,455606272,172212224,49701,19,2026-08-01T17:01:35.919204Z
C1,2394,saturated,,false,1176.000,2.025,2.724,30.794,38305.947,38499.362,38515.263,462342,3184456,455852032,172261376,49884,0,2026-08-01T17:01:35.919204Z
C1,2395,saturated,,false,1354.000,1.768,3.270,19.256,38413.430,38628.016,38657.968,464829,3186070,456073216,172326912,49705,0,2026-08-01T17:01:35.919204Z
C1,2396,saturated,,false,1114.000,1.927,5.344,56.667,38466.164,38766.439,38795.638,467355,3186985,456302592,172392448,49719,4,2026-08-01T17:01:35.919204Z
C1,2397,saturated,,false,1328.000,1.829,2.932,4.136,38569.726,38788.192,38810.600,469698,3188118,456540160,172482560,49713,22,2026-08-01T17:01:35.919204Z
C1,2398,saturated,,false,1279.000,1.994,5.102,7.828,38587.350,38795.039,38822.609,472214,3189439,456802304,172589056,49720,0,2026-08-01T17:01:35.919204Z
C1,2399,saturated,,false,1300.000,2.037,3.051,3.693,38629.730,38853.276,38875.690,474802,3190726,457031680,172679168,49740,0,2026-08-01T17:01:35.919204Z
C1,2400,saturated,,false,1297.000,2.183,2.969,3.358,38659.665,38893.196,38910.814,477423,3192046,457310208,172802048,49760,20,2026-08-01T17:01:35.919204Z
C1,2401,saturated,,false,1263.000,2.190,3.189,6.487,38707.395,38928.449,38958.978,480008,3193346,457572352,172900352,49759,19,2026-08-01T17:01:35.919204Z
C1,2402,saturated,,false,1300.000,2.084,2.983,3.479,38740.874,38961.935,38992.715,482560,3194606,457809920,172998656,49740,1,2026-08-01T17:01:35.919204Z
C1,2403,saturated,,false,1282.000,2.136,3.111,3.834,38769.152,38999.031,39029.723,485054,3196161,458096640,173096960,49759,18,2026-08-01T17:01:35.919204Z
C1,2404,saturated,,false,1138.000,2.206,3.263,20.219,38733.085,38956.227,38984.181,487658,3197206,458366976,173195264,49920,20,2026-08-01T17:01:35.919204Z
C1,2405,saturated,,false,1114.000,1.803,13.674,31.876,39093.255,39272.538,39292.303,489825,3198759,458514432,173268992,49740,19,2026-08-01T17:01:35.919204Z
C1,2406,saturated,,false,1320.000,1.906,2.611,2.881,39087.429,39303.471,39332.748,492185,3199440,458776576,173359104,49740,19,2026-08-01T17:01:35.919204Z
C1,2407,saturated,,false,1351.000,1.831,2.524,2.814,39084.383,39308.934,39331.882,494995,3200760,459005952,173465600,49760,40,2026-08-01T17:01:35.919204Z
C1,2408,saturated,,false,1369.000,1.849,2.455,2.730,39074.257,39292.544,39313.788,497574,3202375,459268096,173572096,49740,0,2026-08-01T17:01:35.919204Z
C1,2409,saturated,,false,1320.000,1.907,2.767,3.090,39014.911,39277.400,39300.022,500303,3203480,459464704,173670400,49780,0,2026-08-01T17:01:35.919204Z
C1,2410,saturated,,false,1300.000,2.098,3.273,10.734,38982.103,39211.260,39229.515,502962,3205095,459735040,173776896,49780,0,2026-08-01T17:01:35.919204Z
C1,2411,saturated,,false,1340.000,1.878,2.725,4.346,38974.800,39196.876,39223.758,505590,3206140,459956224,173883392,49769,13,2026-08-01T17:01:35.919204Z
C1,2412,saturated,,false,1241.000,2.155,4.162,7.112,39034.807,39251.523,39272.383,508219,3207469,460226560,173973504,49780,22,2026-08-01T17:01:35.919204Z
C1,2413,saturated,,false,1229.000,2.238,5.789,10.252,39077.226,39311.181,39340.111,510596,3208720,460464128,174063616,49777,19,2026-08-01T17:01:35.919204Z
C1,2414,saturated,,false,1165.000,2.108,3.065,30.310,39021.951,39330.711,39362.343,513128,3210202,460718080,174170112,49932,0,2026-08-01T17:01:35.919204Z
C1,2415,saturated,,false,1331.000,1.815,3.919,13.235,39113.594,39345.138,39360.602,515514,3211766,460955648,174260224,49780,0,2026-08-01T17:01:35.919204Z
C1,2416,saturated,,false,1324.000,1.989,2.863,8.707,39099.191,39321.875,39337.292,518149,3212446,461201408,174374912,49792,13,2026-08-01T17:01:35.919204Z
C1,2417,saturated,,false,1318.000,1.911,4.901,5.729,38940.344,39172.104,39259.813,520812,3213782,461463552,174465024,49793,0,2026-08-01T17:01:35.919204Z
C1,2418,saturated,,false,1342.000,1.905,2.537,2.782,38803.388,39031.730,39062.038,523473,3215090,461684736,174571520,49800,0,2026-08-01T17:01:35.919204Z
C1,2419,saturated,,false,1241.000,1.957,3.574,22.488,38823.783,39045.518,39077.150,526131,3216450,461971456,174678016,49789,0,2026-08-01T17:01:35.919204Z
C1,2420,saturated,,false,1319.000,2.090,2.870,3.203,38827.610,39055.332,39078.306,528687,3217690,462192640,174768128,49800,20,2026-08-01T17:01:35.919204Z
C1,2421,saturated,,false,1280.000,2.170,3.001,3.286,38848.749,39074.074,39106.717,531311,3219010,462462976,174874624,49800,17,2026-08-01T17:01:35.919204Z
C1,2422,saturated,,false,1141.000,1.927,6.363,29.477,39018.878,39201.019,39218.444,533734,3220545,462708736,174948352,49800,20,2026-08-01T17:01:35.919204Z
C1,2423,saturated,,false,1320.000,1.986,2.882,3.564,38990.448,39209.729,39240.414,536207,3221431,462921728,175054848,49800,2,2026-08-01T17:01:35.919204Z
C1,2424,saturated,,false,1221.000,1.763,3.664,26.714,38820.069,39016.949,39224.475,538918,3222751,463183872,175169536,49939,20,2026-08-01T17:01:35.919204Z
C1,2425,saturated,,false,1380.000,1.690,2.882,18.654,38830.515,39059.512,39103.171,541370,3224111,463396864,175251456,49800,14,2026-08-01T17:01:35.919204Z
C1,2426,saturated,,false,1380.000,1.848,2.646,3.839,38736.525,38955.572,38989.452,544142,3225352,463650816,175366144,49800,1,2026-08-01T17:01:35.919204Z
C1,2427,saturated,,false,1320.000,1.738,3.625,12.243,38681.445,38917.722,38934.252,546888,3226732,463904768,175472640,49820,36,2026-08-01T17:01:35.919204Z
C1,2428,saturated,,false,1340.000,1.982,2.980,3.709,38655.824,38871.289,38899.642,549583,3228072,464183296,175579136,49840,31,2026-08-01T17:01:35.919204Z
C1,2429,saturated,,false,1301.000,2.028,3.018,11.390,38624.231,38844.082,38872.301,552242,3229432,464379904,175677440,49860,0,2026-08-01T17:01:35.919204Z
C1,2430,saturated,,false,1360.000,1.988,2.754,3.175,38614.196,38843.765,38879.453,554900,3230753,464650240,175783936,49840,5,2026-08-01T17:01:35.919204Z
C1,2431,saturated,,false,1320.000,2.135,3.152,3.426,38621.743,38850.203,38872.282,557594,3232093,464920576,175874048,49840,0,2026-08-01T17:01:35.919204Z
C1,2432,saturated,,false,1381.000,1.840,2.597,3.206,38629.274,38845.118,38872.966,560287,3233413,465158144,175980544,49840,0,2026-08-01T17:01:35.919204Z
C1,2433,saturated,,false,1341.000,2.032,3.141,5.282,38619.747,38835.393,38864.015,563030,3234795,465412096,176087040,49840,10,2026-08-01T17:01:35.919204Z
C1,2434,saturated,,false,1121.000,2.326,4.445,33.735,38461.625,38723.661,38741.864,565420,3236390,465657856,176185344,49636,17,2026-08-01T17:01:35.919204Z
C1,2435,saturated,,false,1262.000,1.867,5.172,25.764,38610.313,38899.534,38930.897,567855,3237856,465870848,176259072,49858,0,2026-08-01T17:01:35.919204Z
C1,2436,saturated,,false,1364.000,1.905,2.694,3.106,38537.181,38754.255,38786.786,570552,3238536,466116608,176365568,49860,20,2026-08-01T17:01:35.919204Z
C1,2437,saturated,,false,1323.000,2.069,3.158,3.997,38491.650,38699.112,38744.430,573287,3239902,466354176,176488448,49880,0,2026-08-01T17:01:35.919204Z
C1,2438,saturated,,false,1320.000,2.006,3.356,6.418,38477.206,38689.728,38720.270,575957,3241245,466616320,176586752,49880,0,2026-08-01T17:01:35.919204Z
C1,2439,saturated,,false,1340.000,2.071,2.778,3.217,38436.506,38665.589,38699.934,578628,3242565,466886656,176685056,49880,0,2026-08-01T17:01:35.919204Z
C1,2440,saturated,,false,1280.000,2.238,3.308,5.105,38401.886,38627.370,38664.112,581275,3243905,467132416,176791552,49881,15,2026-08-01T17:01:35.919204Z
C1,2441,saturated,,false,1106.000,2.169,5.389,114.494,38503.482,38755.598,38798.849,583648,3245185,467345408,176873472,49880,24,2026-08-01T17:01:35.919204Z
C1,2442,saturated,,false,1360.000,1.801,2.751,3.885,38528.704,38757.007,38796.703,586142,3246291,467615744,176963584,49886,17,2026-08-01T17:01:35.919204Z
C1,2443,saturated,,false,1280.000,2.147,2.992,3.768,38411.580,38729.295,38757.984,588812,3247657,467853312,177070080,49900,0,2026-08-01T17:01:35.919204Z
C1,2444,saturated,,false,1115.000,2.094,9.049,13.839,38304.924,38500.671,38546.071,591358,3248951,468123648,177160192,49694,16,2026-08-01T17:01:35.919204Z
C1,2445,saturated,,false,1207.000,2.040,7.420,23.229,38474.224,38674.673,38705.268,593468,3248951,468328448,177242112,49900,0,2026-08-01T17:01:35.919204Z
C1,2446,saturated,,false,1280.000,2.023,3.272,3.911,38526.096,38730.381,38758.437,596035,3250632,468582400,177348608,49920,0,2026-08-01T17:01:35.919204Z
C1,2447,saturated,,false,1300.000,2.307,3.409,4.726,38552.946,38782.012,38809.802,598661,3251893,468852736,177446912,49900,20,2026-08-01T17:01:35.919204Z
C1,2448,saturated,,false,1300.000,1.998,3.290,4.254,38608.450,38831.982,38853.177,601239,3253233,469065728,177553408,49920,0,2026-08-01T17:01:35.919204Z
C1,2449,saturated,,false,1320.000,2.039,2.755,3.184,38585.615,38811.370,38827.255,603933,3254493,469336064,177668096,49922,30,2026-08-01T17:01:35.919204Z
C1,2450,saturated,,false,1340.000,2.009,2.793,3.523,38590.759,38813.837,38828.770,606577,3255853,469573632,177758208,49920,21,2026-08-01T17:01:35.919204Z
C1,2451,saturated,,false,1280.000,1.973,2.965,9.965,38548.080,38763.322,38784.930,609228,3257153,469827584,177864704,49920,22,2026-08-01T17:01:35.919204Z
C1,2452,saturated,,false,1320.000,2.000,2.961,5.046,38504.333,38727.844,38758.232,611824,3258493,470081536,177946624,49940,0,2026-08-01T17:01:35.919204Z
C1,2453,saturated,,false,1221.000,1.974,5.371,26.329,38539.357,38748.167,38815.343,614275,3259773,470294528,178053120,49935,5,2026-08-01T17:01:35.919204Z
C1,2454,saturated,,false,1180.000,1.974,4.669,20.463,38423.312,38678.495,38703.870,616912,3260993,470532096,178151424,49655,3,2026-08-01T17:01:35.919204Z
C1,2455,saturated,,false,1194.000,1.987,8.637,32.010,38635.299,38867.205,38913.664,619086,3262314,470843392,178241536,49940,1280,2026-08-01T17:01:35.919204Z
C1,2456,saturated,,false,1360.000,2.056,3.262,3.781,38633.899,38858.056,38874.105,618058,3263535,471392256,178372608,49940,0,2026-08-01T17:01:35.919204Z
C1,2457,saturated,,false,1300.000,2.029,3.085,5.918,38637.221,38863.357,38891.781,620741,3264895,471662592,178470912,49960,0,2026-08-01T17:01:35.919204Z
C1,2458,saturated,,false,1220.000,2.083,5.524,13.865,38642.588,38844.267,38869.799,623358,3266470,471900160,178577408,49960,0,2026-08-01T17:01:35.919204Z
C1,2459,saturated,,false,1320.000,2.203,3.121,3.991,38675.633,38899.083,38926.385,625842,3267435,472121344,178667520,49940,0,2026-08-01T17:01:35.919204Z
C1,2460,saturated,,false,1300.000,2.167,2.898,3.286,38669.840,38896.366,38925.949,628459,3268735,472440832,178774016,49954,7,2026-08-01T17:01:35.919204Z
C1,2461,saturated,,false,1300.000,2.223,2.830,3.077,38526.257,38754.993,38769.978,631087,3270049,472604672,178880512,49960,0,2026-08-01T17:01:35.919204Z
C1,2462,saturated,,false,1301.000,2.108,3.117,8.591,38531.879,38745.074,38776.922,633458,3271355,472907776,178978816,49960,12,2026-08-01T17:01:35.919204Z
C1,2463,saturated,,false,1280.000,2.409,3.224,3.841,38562.559,38767.144,38815.670,636062,3272656,473104384,179085312,49960,18,2026-08-01T17:01:35.919204Z
C1,2464,saturated,,false,1189.000,2.272,6.059,12.014,38524.887,38755.850,38782.401,638505,3273936,473391104,179175424,49432,11,2026-08-01T17:01:35.919204Z
C1,2465,saturated,,false,1072.000,2.110,16.841,45.088,38881.505,39067.125,39098.295,640586,3275158,473571328,179265536,49980,0,2026-08-01T17:01:35.919204Z
C1,2466,saturated,,false,1320.000,2.143,2.850,3.225,38881.266,39106.438,39144.168,643084,3276217,473841664,179355648,49961,20,2026-08-01T17:01:35.919204Z
C1,2467,saturated,,false,1300.000,2.179,3.242,4.198,38892.538,39117.502,39146.652,645602,3277518,474120192,179462144,49980,0,2026-08-01T17:01:35.919204Z
C1,2468,saturated,,false,1280.000,2.260,2.977,4.320,38927.266,39142.987,39167.803,648203,3278837,474349568,179560448,49851,17,2026-08-01T17:01:35.919204Z
C1,2469,saturated,,false,1280.000,2.352,3.582,4.717,38958.620,39177.648,39208.431,650805,3280117,474636288,179658752,49852,20,2026-08-01T17:01:35.919204Z
C1,2470,saturated,,false,1240.000,2.223,3.260,11.146,39012.663,39253.707,39285.767,653327,3281397,474898432,179748864,49360,0,2026-08-01T17:01:35.919204Z
C1,2471,saturated,,false,1300.000,2.247,3.408,3.965,39059.587,39292.490,39311.051,654957,3281397,475013120,179806208,49340,0,2026-08-01T17:01:35.919204Z
C1,2472,saturated,,false,1279.000,2.408,3.144,3.394,39118.770,39348.139,39367.488,658475,3284460,475414528,179945472,49359,11,2026-08-01T17:01:35.919204Z
C1,2473,saturated,,false,1281.000,2.153,3.098,6.663,39178.698,39405.858,39422.187,660119,3284460,475537408,180002816,49340,0,2026-08-01T17:01:35.919204Z
C1,2474,saturated,,false,1153.000,2.146,4.406,25.269,39063.841,39214.688,39247.111,662696,3285472,475799552,180109312,49487,0,2026-08-01T17:01:35.919204Z
C1,2475,saturated,,false,1247.000,2.069,3.776,34.836,39204.220,39409.158,39429.819,665045,3286517,475987968,180207616,49340,0,2026-08-01T17:01:35.919204Z
C1,2476,saturated,,false,1320.000,2.054,2.781,7.191,39232.867,39461.743,39478.696,667526,3288180,476241920,180281344,49340,0,2026-08-01T17:01:35.919204Z
C1,2477,saturated,,false,1320.000,1.897,2.718,3.390,39228.298,39450.070,39480.101,670186,3288917,476454912,180404224,49340,20,2026-08-01T17:01:35.919204Z
C1,2478,saturated,,false,1320.000,2.162,3.097,4.666,39226.774,39451.896,39476.005,672874,3290237,476725248,180527104,49360,0,2026-08-01T17:01:35.919204Z
C1,2479,saturated,,false,1341.000,1.960,2.632,2.913,39220.116,39440.975,39472.420,675531,3291577,476954624,180617216,49359,0,2026-08-01T17:01:35.919204Z
C1,2480,saturated,,false,1223.000,2.084,3.208,25.970,39199.672,39443.440,39472.018,678121,3292897,477216768,180723712,49400,32,2026-08-01T17:01:35.919204Z
C1,2481,saturated,,false,1320.000,2.108,3.358,3.864,39102.290,39329.320,39369.264,680728,3294238,477446144,180805632,49380,0,2026-08-01T17:01:35.919204Z
C1,2482,saturated,,false,1320.000,2.131,2.882,3.487,39115.712,39337.930,39357.026,683359,3295756,477691904,180912128,49400,0,2026-08-01T17:01:35.919204Z
C1,2483,saturated,,false,1300.000,2.348,3.283,3.968,39099.571,39310.861,39342.219,686006,3296801,477921280,181018624,49400,20,2026-08-01T17:01:35.919204Z
C1,2484,saturated,,false,1146.000,2.321,4.311,42.839,38933.275,39136.240,39151.487,688629,3298141,478175232,181116928,49554,20,2026-08-01T17:01:35.919204Z
C1,2485,saturated,,false,965.000,2.455,16.765,57.152,39249.388,39450.474,39475.291,690741,3299676,478388224,181190656,49459,1,2026-08-01T17:01:35.919204Z
C1,2486,saturated,,false,1201.000,2.495,5.630,11.839,39305.282,39527.101,39542.801,692871,3300792,478576640,181288960,49440,0,2026-08-01T17:01:35.919204Z
C1,2487,saturated,,false,1200.000,2.358,6.339,24.686,39350.248,39569.567,39596.935,695307,3301512,478846976,181362688,49479,0,2026-08-01T17:01:35.919204Z
C1,2488,saturated,,false,1221.000,2.446,6.225,8.784,39428.831,39658.426,39692.345,697706,3302753,479059968,181460992,49440,0,2026-08-01T17:01:35.919204Z
C1,2489,saturated,,false,1222.000,2.265,4.779,10.263,39523.556,39759.336,39774.110,700113,3303954,479322112,181559296,49423,17,2026-08-01T17:01:35.919204Z
C1,2490,saturated,,false,1080.000,2.642,10.304,13.217,39680.632,39933.932,39964.889,702517,3305154,479567872,181649408,49470,0,2026-08-01T17:01:35.919204Z
C1,2491,saturated,,false,1146.000,2.471,7.736,14.427,39769.555,40022.675,40036.188,704785,3306396,479764480,181747712,49520,1,2026-08-01T17:01:35.919204Z
C1,2492,saturated,,false,1187.000,2.509,6.965,8.967,39848.669,40082.410,40118.896,707145,3307476,480018432,181829632,49494,1,2026-08-01T17:01:35.919204Z
C1,2493,saturated,,false,742.000,2.729,25.477,145.991,40052.224,40421.626,40498.973,709473,3308897,480223232,181911552,49898,0,2026-08-01T17:01:35.919204Z
C1,2494,saturated,,false,1150.000,2.256,8.757,23.382,40293.508,40533.443,40565.189,711172,3310064,480411648,181968896,49551,20,2026-08-01T17:01:35.919204Z
C1,2495,saturated,,false,1249.000,1.940,7.487,23.086,40413.860,40694.998,40725.299,713336,3311192,480583680,182059008,49418,17,2026-08-01T17:01:35.919204Z
C1,2496,saturated,,false,1314.000,2.064,3.168,4.446,40294.539,40518.702,40533.531,715859,3312548,480845824,182165504,49400,22,2026-08-01T17:01:35.919204Z
C1,2497,saturated,,false,1280.000,2.281,3.134,3.444,40325.312,40547.048,40581.497,718496,3312548,481058816,182272000,49440,0,2026-08-01T17:01:35.919204Z
C1,2498,saturated,,false,1300.000,2.089,3.582,4.869,40356.396,40573.222,40596.255,721039,3315564,481378304,182378496,49440,1,2026-08-01T17:01:35.919204Z
C1,2499,saturated,,false,1160.000,2.327,3.988,21.572,40355.059,40566.865,40596.655,723634,3316866,481591296,182476800,49519,12,2026-08-01T17:01:35.919204Z
C1,2500,saturated,,false,1280.000,2.297,3.799,4.730,40402.355,40626.985,40645.391,726000,3316866,481820672,182566912,49480,0,2026-08-01T17:01:35.919204Z
C1,2501,saturated,,false,1304.000,2.162,3.508,14.526,40421.363,40641.370,40662.854,728596,3318704,482066432,182648832,49456,0,2026-08-01T17:01:35.919204Z
C1,2502,saturated,,false,1300.000,2.355,3.377,3.907,40417.071,40640.647,40670.458,731203,3319984,482312192,182763520,49460,11,2026-08-01T17:01:35.919204Z
C1,2503,saturated,,false,1260.000,2.547,3.433,3.795,40437.875,40661.953,40682.458,733668,3321288,482590720,182845440,49480,0,2026-08-01T17:01:35.919204Z
C1,2504,saturated,,false,1145.000,2.539,3.779,17.100,40447.229,40684.086,40701.384,736194,3322568,482836480,182951936,49584,20,2026-08-01T17:01:35.919204Z
C1,2505,saturated,,false,1240.000,2.011,9.352,22.304,40513.952,40837.961,40868.281,738478,3323828,483049472,183042048,49440,20,2026-08-01T17:01:35.919204Z
C1,2506,saturated,,false,1181.000,2.347,4.327,48.688,40376.143,40578.684,40608.216,741007,3323828,483295232,183148544,49599,20,2026-08-01T17:01:35.919204Z
C1,2507,saturated,,false,1300.000,2.311,3.729,4.365,40428.046,40657.195,40673.298,743410,3325593,483508224,183246848,49477,6,2026-08-01T17:01:35.919204Z
C1,2508,saturated,,false,1275.000,2.440,3.463,4.377,40466.510,40695.143,40709.422,745705,3326774,483811328,183336960,49479,19,2026-08-01T17:01:35.919204Z
C1,2509,saturated,,false,1305.000,2.293,3.020,3.382,40449.727,40688.771,40705.551,748297,3328054,484040704,183443456,49460,17,2026-08-01T17:01:35.919204Z
C1,2510,saturated,,false,1280.000,2.413,3.559,4.196,40429.384,40667.004,40684.034,751174,3329335,484278272,183533568,49500,0,2026-08-01T17:01:35.919204Z
C1,2511,saturated,,false,1280.000,2.579,3.367,3.786,40415.702,40636.369,40652.763,753768,3330654,484605952,183640064,49480,28,2026-08-01T17:01:35.919204Z
C1,2512,saturated,,false,1300.000,2.172,3.250,3.579,40413.073,40639.510,40662.388,756328,3331954,484802560,183730176,49493,7,2026-08-01T17:01:35.919204Z
C1,2513,saturated,,false,1280.000,2.509,3.341,5.798,40400.901,40623.509,40639.532,758680,3333469,485081088,183836672,49500,0,2026-08-01T17:01:35.919204Z
C1,2514,saturated,,false,1102.000,2.839,5.361,23.429,40414.055,40654.712,40687.363,761228,3334534,485351424,183926784,49638,20,2026-08-01T17:01:35.919204Z
C1,2515,saturated,,false,1085.000,2.105,9.935,30.948,40630.617,40854.545,40883.731,763638,3335814,485531648,184008704,49532,240,2026-08-01T17:01:35.919204Z
C1,2516,saturated,,false,1320.000,1.894,3.527,4.492,40560.291,40778.346,40812.035,765676,3336796,485793792,184107008,49480,2772,2026-08-01T17:01:35.919204Z
C1,2517,saturated,,false,1320.000,1.900,3.000,3.385,40540.062,40764.263,40778.345,768338,3338661,485982208,184205312,49511,5498,2026-08-01T17:01:35.919204Z
C1,2518,saturated,,false,1300.000,2.051,2.803,3.214,40552.901,40775.696,40809.453,771003,3340267,486277120,184311808,49539,8124,2026-08-01T17:01:35.919204Z
C1,2519,saturated,,false,1320.000,1.880,3.160,4.412,40575.677,40800.273,40817.266,773598,3341321,486457344,184401920,49480,10690,2026-08-01T17:01:35.919204Z
C1,2520,saturated,,false,1360.000,1.628,2.879,4.509,40533.895,40782.089,40824.797,776251,3342601,486744064,184524800,49500,13436,2026-08-01T17:01:35.919204Z
C1,2521,saturated,,false,1222.000,1.638,5.247,38.519,40543.869,40771.932,40815.193,778971,3343981,486981632,184582144,49520,15926,2026-08-01T17:01:35.919204Z
C1,2522,saturated,,false,1320.000,1.677,2.957,4.000,40549.952,40778.489,40795.171,781453,3345223,487219200,184639488,49520,18593,2026-08-01T17:01:35.919204Z
C1,2523,saturated,,false,1320.000,1.716,3.011,4.125,40562.148,40782.138,40800.839,784124,3346543,487522304,184705024,49520,21237,2026-08-01T17:01:35.919204Z
C1,2524,saturated,,false,1220.000,1.838,3.773,17.064,40531.797,40738.607,40761.118,786807,3347863,487759872,184754176,49640,23921,2026-08-01T17:01:35.919204Z
C1,2525,saturated,,false,1010.000,1.556,15.154,128.510,40754.083,41047.240,41081.029,1430,3292816,487882752,184803328,49517,40,2026-08-01T17:06:37.720277Z
C1,2526,saturated,,false,1321.000,1.722,2.649,5.845,40455.439,40698.260,40743.074,3741,3292816,487882752,184852480,49520,17,2026-08-01T17:06:37.720277Z
C1,2527,saturated,,false,1320.000,1.760,2.994,4.525,40366.023,40591.138,40620.162,6413,3294366,487882752,184918016,49540,0,2026-08-01T17:06:37.720277Z
C1,2528,saturated,,false,1362.000,1.627,2.730,3.425,40280.734,40504.313,40550.395,9084,3295707,487882752,184975360,49520,16,2026-08-01T17:06:37.720277Z
C1,2529,saturated,,false,1340.000,1.714,2.554,3.066,40098.668,40312.884,40343.730,11811,3297027,487882752,185032704,49540,0,2026-08-01T17:06:37.720277Z
C1,2530,saturated,,false,1300.000,1.853,2.620,3.846,40003.101,40266.788,40311.540,14490,3298409,487882752,185098240,49580,0,2026-08-01T17:06:37.720277Z
C1,2531,saturated,,false,1320.000,1.806,3.096,4.821,39884.699,40106.215,40152.330,17099,3299729,487882752,185147392,49540,0,2026-08-01T17:06:37.720277Z
C1,2532,saturated,,false,1141.000,1.691,5.109,23.140,39770.460,40051.626,40078.472,19647,3301029,487882752,185212928,49580,21,2026-08-01T17:06:37.720277Z
C1,2533,saturated,,false,1320.000,1.704,3.076,6.822,39568.524,39978.851,39999.428,22084,3302363,487882752,185262080,49580,20,2026-08-01T17:06:37.720277Z
C1,2534,saturated,,false,1220.000,1.707,3.067,15.974,39230.805,39525.940,39572.733,24734,3303515,487882752,185327616,49680,20,2026-08-01T17:06:37.720277Z
C1,2535,saturated,,false,1126.000,1.530,16.269,72.325,39313.285,39575.612,39593.573,27060,3305085,487882752,185376768,49640,0,2026-08-01T17:06:37.720277Z
C1,2536,saturated,,false,1340.000,1.630,2.802,4.435,39381.606,39616.417,39631.079,29481,3306596,487882752,185425920,49560,1,2026-08-01T17:06:37.720277Z
C1,2537,saturated,,false,1306.000,1.802,2.868,3.392,39353.578,39576.688,39607.078,32128,3307692,487882752,185491456,49599,0,2026-08-01T17:06:37.720277Z
C1,2538,saturated,,false,1214.000,1.549,4.927,16.778,39388.428,39650.255,39665.034,34676,3308791,487882752,185540608,49620,0,2026-08-01T17:06:37.720277Z
C1,2539,saturated,,false,1306.000,1.731,3.804,5.589,39352.768,39542.854,39561.386,37190,3310011,487882752,185606144,49597,7,2026-08-01T17:06:37.720277Z
C1,2540,saturated,,false,1258.000,1.617,4.190,25.609,39342.600,39556.517,39586.422,39621,3311714,487882752,185655296,49580,0,2026-08-01T17:06:37.720277Z
C1,2541,saturated,,false,1362.000,1.634,2.312,3.302,39309.398,39537.972,39564.918,42258,3313215,487882752,185720832,49580,0,2026-08-01T17:06:37.720277Z
C1,2542,saturated,,false,1320.000,1.624,3.524,5.534,39268.310,39492.842,39519.943,44845,3314577,487882752,185786368,49580,22,2026-08-01T17:06:37.720277Z
C1,2543,saturated,,false,1360.000,1.531,2.580,5.931,39212.810,39445.071,39487.365,47390,3315642,487882752,185835520,49600,0,2026-08-01T17:06:37.720277Z
C1,2544,saturated,,false,1263.000,1.498,2.366,21.446,39007.923,39203.892,39415.220,50136,3317022,487882752,185901056,49697,19,2026-08-01T17:06:37.720277Z
C1,2545,saturated,,false,1296.000,1.490,6.846,16.239,39099.339,39307.822,39324.638,52629,3318382,487882752,185950208,49580,28,2026-08-01T17:06:37.720277Z
C1,2546,saturated,,false,1380.000,1.615,2.283,2.905,38937.679,39164.273,39200.272,55248,3319561,487882752,186015744,49580,19,2026-08-01T17:06:37.720277Z
C1,2547,saturated,,false,1360.000,1.586,3.083,3.682,38865.718,39092.989,39116.694,58017,3320941,487882752,186081280,49600,0,2026-08-01T17:06:37.720277Z
C1,2548,saturated,,false,1340.000,1.626,2.380,5.654,38814.166,39046.327,39059.945,60747,3322321,487882752,186130432,49601,25,2026-08-01T17:06:37.720277Z
C1,2549,saturated,,false,1320.000,1.561,2.758,8.088,38818.869,39051.590,39066.950,63422,3323662,487882752,186195968,49620,0,2026-08-01T17:06:37.720277Z
C1,2550,saturated,,false,1340.000,1.643,2.625,3.202,38776.022,38994.333,39026.280,66100,3325001,487882752,186261504,49600,18,2026-08-01T17:06:37.720277Z
C1,2551,saturated,,false,1360.000,1.612,2.282,2.730,38729.976,38952.738,38980.133,68651,3326321,487882752,186318848,49600,0,2026-08-01T17:06:37.720277Z
C1,2552,saturated,,false,1340.000,1.701,2.476,3.437,38670.586,38899.790,38929.742,71394,3327681,487882752,186376192,49640,0,2026-08-01T17:06:37.720277Z
C1,2553,saturated,,false,1361.000,1.680,2.412,5.873,38486.185,38821.328,38875.824,73957,3329061,487882752,186441728,49600,20,2026-08-01T17:06:37.720277Z
C1,2554,saturated,,false,1221.000,1.778,2.762,24.697,38279.590,38502.693,38529.438,76669,3330382,487882752,186507264,49739,0,2026-08-01T17:06:37.720277Z
C1,2555,saturated,,false,1280.000,1.423,4.156,20.691,38397.074,38628.830,38650.655,79132,3331742,487882752,186556416,49620,0,2026-08-01T17:06:37.720277Z
C1,2556,saturated,,false,1360.000,1.601,2.344,3.026,38370.442,38598.285,38612.729,81740,3332903,487882752,186613760,49640,0,2026-08-01T17:06:37.720277Z
C1,2557,saturated,,false,1380.000,1.524,2.251,2.506,38304.431,38530.119,38556.283,84488,3334283,487882752,186671104,49640,0,2026-08-01T17:06:37.720277Z
C1,2558,saturated,,false,1360.000,1.693,2.366,2.655,38263.212,38486.884,38502.486,87255,3335663,487882752,186736640,49640,14,2026-08-01T17:06:37.720277Z
C1,2559,saturated,,false,1340.000,1.715,2.397,2.791,38276.905,38509.827,38540.053,90098,3337023,487882752,186802176,49644,16,2026-08-01T17:06:37.720277Z
C1,2560,saturated,,false,1341.000,1.657,2.724,5.840,38182.677,38406.624,38424.777,92670,3338367,487882752,186851328,49680,0,2026-08-01T17:06:37.720277Z
C1,2561,saturated,,false,1399.000,1.579,2.383,2.658,38169.411,38385.920,38406.095,95413,3339743,487882752,186916864,49640,12,2026-08-01T17:06:37.720277Z
C1,2562,saturated,,false,1340.000,1.745,2.601,3.507,38138.963,38353.009,38382.772,98154,3341103,487882752,186990592,49640,21,2026-08-01T17:06:37.720277Z
C1,2563,saturated,,false,1360.000,1.615,2.197,2.652,37808.350,38016.693,38351.320,100859,3342698,487882752,187047936,49660,0,2026-08-01T17:06:37.720277Z
C1,2564,saturated,,false,1236.000,1.690,2.481,21.958,37730.689,37963.830,37979.719,103612,3343823,487882752,187105280,49797,20,2026-08-01T17:06:37.720277Z
C1,2565,saturated,,false,1289.000,1.682,3.005,20.622,37867.514,38090.068,38113.935,106098,3345438,487882752,187162624,49660,20,2026-08-01T17:06:37.720277Z
C1,2566,saturated,,false,1328.000,1.718,2.475,2.709,37855.621,38082.261,38110.912,108676,3346603,487882752,187219968,49680,0,2026-08-01T17:06:37.720277Z
C1,2567,saturated,,false,1332.000,1.727,2.528,3.487,37876.277,38103.909,38124.869,111357,3347943,487882752,187285504,49680,19,2026-08-01T17:06:37.720277Z
C1,2568,saturated,,false,1340.000,1.733,2.385,2.821,37870.958,38088.582,38106.593,114035,3349028,487882752,187342848,49700,0,2026-08-01T17:06:37.720277Z
C1,2569,saturated,,false,1340.000,1.779,2.399,2.619,37831.185,38062.331,38086.309,116724,3350388,487882752,187400192,49680,0,2026-08-01T17:06:37.720277Z
C1,2570,saturated,,false,1380.000,1.661,2.305,2.569,37755.515,38018.697,38063.309,119311,3351708,487882752,187465728,49680,0,2026-08-01T17:06:37.720277Z
C1,2571,saturated,,false,1340.000,1.830,2.523,3.878,37652.851,37884.357,37899.179,122182,3353088,487882752,187531264,49680,0,2026-08-01T17:06:37.720277Z
C1,2572,saturated,,false,1280.000,1.537,3.162,14.994,37635.936,37909.774,37931.443,124796,3354428,487882752,187580416,49680,17,2026-08-01T17:06:37.720277Z
C1,2573,saturated,,false,1300.000,2.005,2.956,4.489,37491.773,37724.119,37756.566,127432,3355708,487882752,187645952,49700,19,2026-08-01T17:06:37.720277Z
C1,2574,saturated,,false,1222.000,1.727,2.772,22.869,37484.866,37699.495,37763.082,130082,3357283,487882752,187695104,49818,0,2026-08-01T17:06:37.720277Z
C1,2575,saturated,,false,1168.000,1.608,16.590,32.455,37640.136,37871.136,37914.462,132422,3358623,487882752,187752448,49720,840,2026-08-01T17:06:37.720277Z
C1,2576,saturated,,false,1340.000,1.714,3.105,4.063,37598.403,37805.493,37835.015,147158,3421647,487882752,187834368,49700,39,2026-08-01T17:06:37.720277Z
C1,2577,saturated,,false,1380.000,1.593,2.362,4.539,37528.486,37749.723,37809.658,149884,3423478,487882752,187899904,49720,20,2026-08-01T17:06:37.720277Z
C1,2578,saturated,,false,1360.000,1.727,2.638,3.292,37436.645,37658.031,37683.219,152660,3424878,487882752,187957248,49720,19,2026-08-01T17:06:37.720277Z
C1,2579,saturated,,false,1128.000,1.809,2.793,86.236,37454.059,37666.528,37766.079,155378,3425727,487882752,188014592,49937,17,2026-08-01T17:06:37.720277Z
C1,2580,saturated,,false,1356.000,1.650,2.649,9.295,37593.990,37816.804,37870.351,157720,3427068,487882752,188063744,49720,19,2026-08-01T17:06:37.720277Z
C1,2581,saturated,,false,1360.000,1.823,2.390,2.644,37582.612,37804.793,37824.070,160421,3428211,487882752,188129280,49740,0,2026-08-01T17:06:37.720277Z
C1,2582,saturated,,false,1320.000,1.930,2.874,4.379,37564.385,37818.810,37835.217,163133,3429591,487882752,188194816,49740,19,2026-08-01T17:06:37.720277Z
C1,2583,saturated,,false,1360.000,1.787,2.607,3.827,37484.516,37706.637,37730.251,165788,3430911,487882752,188243968,49740,0,2026-08-01T17:06:37.720277Z
C1,2584,saturated,,false,1280.000,1.647,2.832,9.396,37490.975,37706.742,37736.417,168505,3432271,487882752,188309504,49840,10,2026-08-01T17:06:37.720277Z
C1,2585,saturated,,false,1182.000,1.752,6.288,44.125,37651.450,37898.301,37922.898,170956,3433906,487882752,188358656,49760,20,2026-08-01T17:06:37.720277Z
C1,2586,saturated,,false,1202.000,1.983,7.583,18.407,37735.765,37940.091,38001.901,173407,3434753,487882752,188416000,49720,3,2026-08-01T17:06:37.720277Z
C1,2587,saturated,,false,1135.000,1.876,8.323,25.276,37908.506,38135.583,38165.397,175689,3435915,487882752,188473344,49790,0,2026-08-01T17:06:37.720277Z
C1,2588,saturated,,false,1022.000,2.819,9.009,29.237,38029.579,38257.404,38284.137,178013,3435915,487882752,188514304,49796,3,2026-08-01T17:06:37.720277Z
C1,2589,saturated,,false,1282.000,1.776,2.821,12.947,38179.424,38408.303,38451.192,180079,3437710,487882752,188571648,49760,28,2026-08-01T17:06:37.720277Z
C1,2590,saturated,,false,1140.000,1.994,4.379,7.182,38306.337,38530.923,38581.204,182739,3439394,487882752,188620800,49820,20,2026-08-01T17:06:37.720277Z
C1,2591,saturated,,false,1009.000,2.078,15.789,33.022,38493.529,38768.127,38817.996,184900,3440594,487882752,188669952,49798,19,2026-08-01T17:06:37.720277Z
C1,2592,saturated,,false,1142.000,2.527,8.473,13.852,38707.417,38933.296,38965.730,186919,3440594,487882752,188719104,49800,0,2026-08-01T17:06:37.720277Z
C1,2593,saturated,,false,1067.000,2.198,9.178,14.040,38940.521,39185.909,39215.608,189180,3442124,487882752,188768256,49780,1,2026-08-01T17:06:37.720277Z
C1,2594,saturated,,false,1240.000,1.814,4.359,9.716,38850.644,39061.698,39104.235,191505,3443305,487882752,188817408,49859,0,2026-08-01T17:06:37.720277Z
C1,2595,saturated,,false,1270.000,1.634,9.470,14.859,39012.522,39224.213,39239.306,193922,3444432,487882752,188874752,49781,17,2026-08-01T17:06:37.720277Z
C1,2596,saturated,,false,1300.000,1.859,3.029,4.394,39019.442,39240.895,39272.895,196534,3445600,487882752,188932096,49800,0,2026-08-01T17:06:37.720277Z
C1,2597,saturated,,false,1300.000,1.737,3.447,7.206,39066.540,39292.053,39324.450,199168,3447453,487882752,188997632,49811,9,2026-08-01T17:06:37.720277Z
C1,2598,saturated,,false,1220.000,1.863,6.622,9.661,39150.462,39382.844,39410.399,201705,3448913,487882752,189046784,49803,0,2026-08-01T17:06:37.720277Z
C1,2599,saturated,,false,1322.000,1.866,4.223,18.369,39216.934,39430.017,39454.115,204204,3450377,487882752,189112320,49780,0,2026-08-01T17:06:37.720277Z
C1,2600,saturated,,false,1240.000,1.944,3.388,5.020,39262.325,39471.819,39498.466,206861,3451679,487882752,189161472,49820,16,2026-08-01T17:06:37.720277Z
C1,2601,saturated,,false,1292.000,1.747,4.444,29.019,39327.693,39561.657,39593.698,209383,3452959,487882752,189227008,49799,20,2026-08-01T17:06:37.720277Z
C1,2602,saturated,,false,1333.000,1.825,2.973,5.409,39366.754,39593.389,39617.327,212004,3454220,487882752,189276160,49800,0,2026-08-01T17:06:37.720277Z
C1,2603,saturated,,false,1360.000,1.690,2.602,3.209,39374.688,39602.309,39628.773,214721,3455820,487882752,189341696,49800,0,2026-08-01T17:06:37.720277Z
C1,2604,saturated,,false,1280.000,1.641,2.986,12.988,39315.171,39557.678,39604.015,217468,3456924,487882752,189415424,49905,0,2026-08-01T17:06:37.720277Z
C1,2605,saturated,,false,1222.000,1.537,7.641,19.613,39415.555,39608.637,39624.261,219809,3458491,487882752,189464576,49820,0,2026-08-01T17:06:37.720277Z
C1,2606,saturated,,false,1341.000,1.726,2.530,3.576,39373.798,39600.445,39615.330,222493,3459191,487882752,189521920,49819,19,2026-08-01T17:06:37.720277Z
C1,2607,saturated,,false,1359.000,1.736,3.491,4.342,39363.868,39592.677,39609.753,225184,3460531,487882752,189579264,49800,20,2026-08-01T17:06:37.720277Z
C1,2608,saturated,,false,1320.000,1.799,3.420,4.992,39384.547,39609.377,39625.808,227850,3461871,487882752,189644800,49801,19,2026-08-01T17:06:37.720277Z
C1,2609,saturated,,false,1320.000,1.925,3.153,4.218,39378.111,39611.625,39646.899,230283,3463192,487882752,189702144,49820,0,2026-08-01T17:06:37.720277Z
C1,2610,saturated,,false,1300.000,1.855,4.502,8.037,39439.357,39667.291,39680.444,232886,3464531,487882752,189759488,49820,21,2026-08-01T17:06:37.720277Z
C1,2611,saturated,,false,1320.000,1.858,3.056,3.405,39421.809,39654.879,39675.985,235417,3464531,488169472,189825024,49820,20,2026-08-01T17:06:37.720277Z
C1,2612,saturated,,false,1340.000,1.832,2.634,4.417,39408.064,39627.330,39643.237,238070,3466497,488439808,189874176,49823,24,2026-08-01T17:06:37.720277Z
C1,2613,saturated,,false,1300.000,1.859,3.044,3.518,39408.240,39636.862,39667.488,240868,3468086,488726528,189939712,49840,0,2026-08-01T17:06:37.720277Z
C1,2614,saturated,,false,1240.000,1.923,3.493,10.910,39334.295,39618.866,39649.792,243391,3469406,488996864,189997056,49929,3,2026-08-01T17:06:37.720277Z
C1,2615,saturated,,false,1147.000,1.656,5.819,24.344,39475.766,39666.017,39680.898,245612,3470481,489242624,190038016,49840,0,2026-08-01T17:06:37.720277Z
C1,2616,saturated,,false,1241.000,1.753,3.649,30.155,39476.429,39690.723,39707.670,248054,3471753,489488384,190103552,49840,0,2026-08-01T17:06:37.720277Z
C1,2617,saturated,,false,1320.000,1.859,2.560,2.792,39524.502,39750.143,39765.953,250682,3473289,489766912,190160896,49840,20,2026-08-01T17:06:37.720277Z
C1,2618,saturated,,false,1300.000,1.929,3.161,4.391,39568.455,39780.570,39803.123,253344,3474354,490037248,190218240,49860,4,2026-08-01T17:06:37.720277Z
C1,2619,saturated,,false,1402.000,1.646,2.330,2.998,39480.782,39774.005,39819.257,256008,3475419,490332160,190283776,49839,17,2026-08-01T17:06:37.720277Z
C1,2620,saturated,,false,1343.000,1.873,2.585,9.416,39398.339,39626.014,39645.797,258787,3476759,490618880,190341120,49860,0,2026-08-01T17:06:37.720277Z
C1,2621,saturated,,false,1380.000,1.744,2.474,3.954,39399.023,39621.849,39642.253,261496,3478141,490889216,190398464,49860,0,2026-08-01T17:06:37.720277Z
C1,2622,saturated,,false,1320.000,1.829,3.064,3.746,39383.002,39603.140,39628.535,264230,3479504,491175936,190464000,49880,0,2026-08-01T17:06:37.720277Z
C1,2623,saturated,,false,1360.000,1.775,2.388,2.769,39379.123,39607.876,39629.628,266916,3480864,491470848,190521344,49860,0,2026-08-01T17:06:37.720277Z
C1,2624,saturated,,false,1007.000,1.824,8.425,25.611,39443.131,39639.990,39668.920,269535,3482204,491708416,190578688,49956,20,2026-08-01T17:06:37.720277Z
C1,2625,saturated,,false,1304.000,1.622,8.989,16.470,39495.078,39725.055,39755.308,271645,3483544,491945984,190627840,49880,0,2026-08-01T17:06:37.720277Z
C1,2626,saturated,,false,1320.000,1.904,3.458,5.456,39342.250,39674.231,39723.199,274184,3485215,492232704,190693376,49880,21,2026-08-01T17:06:37.720277Z
C1,2627,saturated,,false,1373.000,1.633,2.645,6.365,39231.494,39467.057,39505.187,276995,3486535,492519424,190742528,49875,0,2026-08-01T17:06:37.720277Z
C1,2628,saturated,,false,1389.000,1.729,2.415,3.096,39004.628,39210.673,39231.073,279747,3486535,492797952,190808064,49860,0,2026-08-01T17:06:37.720277Z
C1,2629,saturated,,false,1340.000,1.654,2.345,2.622,38841.463,39087.388,39131.912,282533,3488576,493068288,190873600,49900,0,2026-08-01T17:06:37.720277Z
C1,2630,saturated,,false,1300.000,1.861,2.678,3.177,38602.783,38806.222,38840.693,285221,3489957,493371392,190922752,49900,20,2026-08-01T17:06:37.720277Z
C1,2631,saturated,,false,1382.000,1.749,2.764,3.442,38402.372,38651.504,38675.468,287877,3491297,493633536,190988288,49880,17,2026-08-01T17:06:37.720277Z
C1,2632,saturated,,false,1300.000,1.943,3.320,4.600,38178.661,38406.255,38421.449,290595,3492892,493903872,191053824,49900,0,2026-08-01T17:06:37.720277Z
C1,2633,saturated,,false,1300.000,1.740,2.730,10.995,38127.604,38402.758,38434.344,293203,3493979,494190592,191102976,49900,21,2026-08-01T17:06:37.720277Z
C1,2634,saturated,,false,1221.000,1.969,3.401,19.698,38093.186,38305.194,38336.172,295855,3495279,494501888,191168512,49866,0,2026-08-01T17:06:37.720277Z
C1,2635,saturated,,false,1179.000,1.774,7.536,35.831,38282.893,38490.901,38505.092,298084,3496619,494747648,191217664,49904,16,2026-08-01T17:06:37.720277Z
C1,2636,saturated,,false,1260.000,1.984,3.706,6.459,38261.907,38488.126,38537.150,300649,3498343,494993408,191266816,49932,4,2026-08-01T17:06:37.720277Z
C1,2637,saturated,,false,1114.000,2.105,8.986,16.574,38283.360,38556.659,38591.440,303119,3499490,495255552,191324160,49920,20,2026-08-01T17:06:37.720277Z
C1,2638,saturated,,false,1261.000,2.049,5.605,14.762,38375.013,38616.383,38631.189,305428,3500733,495517696,191381504,49920,21,2026-08-01T17:06:37.720277Z
C1,2639,saturated,,false,1273.000,1.919,4.739,8.780,38419.808,38632.423,38646.426,307796,3501994,495804416,191430656,49921,19,2026-08-01T17:06:37.720277Z
C1,2640,saturated,,false,1319.000,1.688,5.214,10.013,38361.071,38609.951,38631.494,310583,3503267,496082944,191496192,49920,35,2026-08-01T17:06:37.720277Z
C1,2641,saturated,,false,1281.000,2.137,3.202,3.577,38390.431,38610.513,38627.230,313202,3504586,496353280,191553536,49940,0,2026-08-01T17:06:37.720277Z
C1,2642,saturated,,false,1340.000,1.823,2.603,2.928,38426.372,38656.306,38676.082,315825,3505887,496640000,191610880,49940,1,2026-08-01T17:06:37.720277Z
C1,2643,saturated,,false,1349.000,1.887,2.959,3.307,38394.390,38667.588,38684.957,318565,3507227,496926720,191676416,49958,2,2026-08-01T17:06:37.720277Z
C1,2644,saturated,,false,1274.000,1.718,2.682,19.117,38306.006,38518.495,38534.253,320852,3508585,497205248,191725568,49357,11,2026-08-01T17:06:37.720277Z
C1,2645,saturated,,false,1183.000,1.624,9.732,48.869,38441.657,38635.388,38677.344,323178,3510146,497426432,191782912,49940,40,2026-08-01T17:06:37.720277Z
C1,2646,saturated,,false,823.000,1.861,8.647,95.695,38723.489,39066.276,39096.282,325489,3511033,497647616,191832064,49960,0,2026-08-01T17:06:37.720277Z
C1,2647,saturated,,false,1241.000,1.998,4.787,18.480,38881.280,39104.096,39133.116,327351,3511033,497885184,191881216,49960,20,2026-08-01T17:06:37.720277Z
C1,2648,saturated,,false,1262.000,1.873,6.307,16.991,38947.279,39163.981,39206.660,329979,3512477,498147328,191946752,49960,21,2026-08-01T17:06:37.720277Z
C1,2649,saturated,,false,1101.000,1.932,7.208,41.144,39005.511,39222.629,39306.496,332471,3513738,498401280,191995904,49960,0,2026-08-01T17:06:37.720277Z
C1,2650,saturated,,false,1320.000,1.851,2.728,3.628,39118.822,39341.327,39374.055,334779,3515274,498647040,192045056,49980,0,2026-08-01T17:06:37.720277Z
C1,2651,saturated,,false,1320.000,1.895,3.360,6.159,39113.177,39328.998,39346.162,337489,3516140,498884608,192110592,49980,0,2026-08-01T17:06:37.720277Z
C1,2652,saturated,,false,1320.000,1.980,3.145,4.370,39137.480,39356.786,39385.406,340073,3517500,499122176,192159744,49960,16,2026-08-01T17:06:37.720277Z
C1,2653,saturated,,false,1340.000,1.880,2.623,3.027,39125.701,39347.361,39363.890,342772,3519015,499384320,192225280,49980,0,2026-08-01T17:06:37.720277Z
C1,2654,saturated,,false,1273.000,1.870,3.109,11.092,38960.789,39256.324,39285.432,345530,3520120,499621888,192290816,49404,10,2026-08-01T17:06:37.720277Z
C1,2655,saturated,,false,1213.000,1.658,9.437,31.548,38983.189,39266.381,39311.652,347794,3521500,499843072,192339968,49540,18,2026-08-01T17:06:37.720277Z
C1,2656,saturated,,false,1280.000,2.125,3.150,3.935,38992.075,39213.506,39251.579,350411,3523296,500121600,192397312,49980,0,2026-08-01T17:06:37.720277Z
C1,2657,saturated,,false,1360.000,1.843,2.574,2.856,38981.945,39200.019,39230.490,351444,3523296,500228096,192421888,49300,0,2026-08-01T17:06:37.720277Z
C1,2658,saturated,,false,1340.000,1.811,2.855,3.294,38956.606,39172.264,39202.004,355802,3525926,500604928,192520192,49320,0,2026-08-01T17:06:37.720277Z
C1,2659,saturated,,false,1320.000,1.888,2.705,3.142,38985.958,39208.807,39235.870,358491,3527286,500842496,192577536,49340,0,2026-08-01T17:06:37.720277Z
C1,2660,saturated,,false,1321.000,1.938,2.591,2.781,39013.365,39239.634,39258.388,361157,3528861,501112832,192634880,49345,0,2026-08-01T17:06:37.720277Z
C1,2661,saturated,,false,1360.000,1.880,2.722,3.665,39047.854,39260.256,39289.349,363834,3530181,501309440,192700416,49319,19,2026-08-01T17:06:37.720277Z
C1,2662,saturated,,false,1264.000,1.901,3.051,13.574,39066.906,39310.705,39337.364,364865,3530181,501456896,192733184,49340,19,2026-08-01T17:06:37.720277Z
C1,2663,saturated,,false,1350.000,1.885,3.378,4.016,39093.320,39314.411,39342.003,367490,3531522,501678080,192782336,49310,10,2026-08-01T17:06:37.720277Z
C1,2664,saturated,,false,1255.000,1.823,3.074,16.920,38837.509,39080.806,39108.048,370186,3532550,501907456,192847872,49454,0,2026-08-01T17:06:37.720277Z
C1,2665,saturated,,false,1230.000,1.580,7.088,38.341,38948.449,39194.371,39222.230,372740,3533901,502169600,192897024,49321,19,2026-08-01T17:06:37.720277Z
C1,2666,saturated,,false,1340.000,1.902,2.542,2.980,38951.209,39167.869,39189.066,375191,3535402,502398976,192962560,49341,19,2026-08-01T17:06:37.720277Z
C1,2667,saturated,,false,1320.000,1.781,3.577,4.100,38965.316,39205.233,39221.368,377884,3536386,502652928,193011712,49360,0,2026-08-01T17:06:37.720277Z
C1,2668,saturated,,false,1300.000,1.949,3.314,3.929,39011.774,39235.593,39257.368,380548,3537726,502923264,193077248,49380,0,2026-08-01T17:06:37.720277Z
C1,2669,saturated,,false,1340.000,1.830,2.629,3.429,39041.782,39265.541,39295.603,383198,3539046,503160832,193126400,49360,0,2026-08-01T17:06:37.720277Z
C1,2670,saturated,,false,1300.000,1.978,2.979,7.461,39055.226,39274.421,39298.168,385846,3540366,503455744,193191936,49360,17,2026-08-01T17:06:37.720277Z
C1,2671,saturated,,false,1347.000,1.685,2.607,10.590,39062.796,39298.838,39319.767,388494,3542217,503668736,193257472,49373,0,2026-08-01T17:06:37.720277Z
C1,2672,saturated,,false,1381.000,1.730,2.414,3.825,39037.947,39257.680,39287.367,391197,3543006,503922688,193314816,49339,0,2026-08-01T17:06:37.720277Z
C1,2673,saturated,,false,1363.000,1.798,2.514,2.867,38951.002,39189.528,39216.413,393970,3544353,504160256,193372160,49380,0,2026-08-01T17:06:37.720277Z
C1,2674,saturated,,false,1255.000,1.903,2.986,18.066,38843.043,39042.956,39063.886,396734,3545754,504406016,193437696,49497,0,2026-08-01T17:06:37.720277Z
C1,2675,saturated,,false,1286.000,1.709,5.322,35.816,38851.375,39061.389,39122.707,399281,3547117,504643584,193486848,49360,16,2026-08-01T17:06:37.720277Z
C1,2676,saturated,,false,1305.000,1.896,4.783,8.382,38722.734,38969.806,39055.251,401809,3548337,504881152,193552384,49436,0,2026-08-01T17:06:37.720277Z
C1,2677,saturated,,false,1224.000,2.017,7.004,13.653,38647.918,38882.008,38912.550,404485,3549658,505143296,193601536,49494,2,2026-08-01T17:06:37.720277Z
C1,2678,saturated,,false,1320.000,1.886,3.282,7.171,38663.314,38887.870,38915.682,406954,3550983,505364480,193667072,49380,20,2026-08-01T17:06:37.720277Z
C1,2679,saturated,,false,1320.000,1.933,2.939,4.260,38640.123,38872.006,38900.444,409548,3552443,505634816,193716224,49418,0,2026-08-01T17:06:37.720277Z
C1,2680,saturated,,false,1260.000,2.179,3.198,4.393,38666.922,38889.411,38919.092,412196,3553762,505896960,193781760,49420,0,2026-08-01T17:06:37.720277Z
C1,2681,saturated,,false,1360.000,1.877,2.576,3.026,38665.418,38899.933,38928.734,414766,3554847,506150912,193830912,49360,0,2026-08-01T17:06:37.720277Z
C1,2682,saturated,,false,1162.000,2.203,8.419,11.864,38736.787,38982.747,39010.706,417468,3556107,506388480,193896448,49518,15,2026-08-01T17:06:37.720277Z
C1,2683,saturated,,false,1339.000,1.736,4.188,4.987,38767.300,39027.906,39056.678,419894,3557467,506617856,193945600,49400,0,2026-08-01T17:06:37.720277Z
C1,2684,saturated,,false,1260.000,2.066,3.314,10.442,38661.760,38871.979,38904.015,422510,3559159,506855424,194011136,49480,0,2026-08-01T17:06:37.720277Z
C1,2685,saturated,,false,1136.000,2.089,12.867,23.399,38487.208,38685.814,38713.583,425004,3560479,507101184,194060288,49439,0,2026-08-01T17:06:37.720277Z
C1,2686,saturated,,false,1141.000,2.074,7.514,57.146,38500.355,38728.374,38773.020,427265,3561699,507322368,194117632,49439,0,2026-08-01T17:06:37.720277Z
C1,2687,saturated,,false,995.000,2.452,17.414,23.830,38632.181,38934.052,38965.147,429597,3562384,507551744,194166784,49571,2,2026-08-01T17:06:37.720277Z
C1,2688,saturated,,false,827.000,2.366,24.029,210.321,38975.468,39292.177,39322.472,431521,3563525,507740160,194199552,49459,17,2026-08-01T17:06:37.720277Z
C1,2689,saturated,,false,1141.000,2.389,11.833,27.650,39018.766,39269.736,39316.313,433347,3564520,507912192,194248704,49480,0,2026-08-01T17:06:37.720277Z
C1,2690,saturated,,false,922.000,2.283,16.634,66.193,39151.169,39482.825,39511.358,435668,3565868,508149760,194314240,49758,0,2026-08-01T17:06:37.720277Z
C1,2691,saturated,,false,1261.000,2.003,5.840,8.153,39416.615,39644.997,39671.628,437693,3567088,508346368,194347008,49459,20,2026-08-01T17:06:37.720277Z
C1,2692,saturated,,false,1323.000,1.812,3.904,7.370,39401.139,39621.316,39647.385,440144,3568050,508600320,194412544,49437,20,2026-08-01T17:06:37.720277Z
C1,2693,saturated,,false,1280.000,2.014,3.163,3.930,39445.886,39670.060,39703.744,442783,3569351,508854272,194461696,49460,21,2026-08-01T17:06:37.720277Z
C1,2694,saturated,,false,1223.000,1.669,6.752,57.118,39457.531,39751.641,39779.478,445328,3570909,509091840,194527232,49499,0,2026-08-01T17:06:37.720277Z
C1,2695,saturated,,false,1186.000,1.843,8.592,20.810,39478.778,39746.838,39791.846,447673,3571917,509337600,194576384,49460,175,2026-08-01T17:06:37.720277Z
C1,2696,saturated,,false,1183.000,2.086,7.725,27.876,39560.892,39800.882,39845.719,450008,3573723,509788160,194666496,49477,2535,2026-08-01T17:06:37.720277Z
C1,2697,saturated,,false,1282.000,1.921,3.271,9.989,39629.536,39855.165,39900.582,463418,3564443,510246912,194732032,49480,0,2026-08-01T17:06:37.720277Z
C1,2698,saturated,,false,1340.000,1.837,2.877,3.436,39675.280,39888.843,39910.369,466035,3565609,510427136,194781184,49440,0,2026-08-01T17:06:37.720277Z
C1,2699,saturated,,false,1196.000,2.140,8.487,13.679,39742.587,39964.690,39982.013,468515,3566889,510738432,194846720,49500,13,2026-08-01T17:06:37.720277Z
