run_id,t_seconds,config,mitigation,antagonist_active,throughput,claim_p50,claim_p95,claim_p99,e2e_p50,e2e_p95,e2e_p99,n_dead_tup,n_live_tup,table_bytes,index_bytes,queue_depth,oldest_backend_xmin_age,last_autovacuum
M1,0,saturated,M1,false,0.000,0.000,0.000,0.000,0.000,0.000,0.000,0,0,0,0,0,0,
M1,1,saturated,M1,false,1162.000,1.760,9.084,17.951,427.691,895.703,927.840,213,21503,3063808,884736,46437,20,
M1,2,saturated,M1,false,1375.000,1.471,4.071,7.572,1412.331,1868.305,1908.135,2115,51241,6201344,1818624,49397,0,
M1,3,saturated,M1,false,1360.000,1.554,2.525,3.394,2372.668,2829.390,2865.653,1370,53319,6316032,1908736,49400,1,2026-08-02T09:23:35.925077Z
M1,4,saturated,M1,false,1380.000,1.516,2.543,3.074,3345.392,3790.592,3836.306,3982,53319,6668288,2015232,49420,20,2026-08-02T09:23:35.925077Z
M1,5,saturated,M1,false,1354.000,1.538,2.484,5.865,4353.627,4795.236,4824.715,6765,54690,6938624,2121728,49399,18,2026-08-02T09:23:35.925077Z
M1,6,saturated,M1,false,1377.000,1.601,2.509,5.472,5314.027,5769.896,5810.549,9463,56071,7151616,2203648,49418,20,2026-08-02T09:23:35.925077Z
M1,7,saturated,M1,false,1323.000,1.585,3.236,12.760,6309.837,6751.242,6794.542,12367,57420,7462912,2310144,49437,0,2026-08-02T09:23:35.925077Z
M1,8,saturated,M1,false,1460.000,1.298,2.271,2.787,7291.512,7731.092,7772.533,14937,58801,7733248,2416640,49360,10,2026-08-02T09:23:35.925077Z
M1,9,saturated,M1,false,1300.000,1.768,2.971,8.507,8252.818,8709.690,8754.047,17798,60124,7970816,2523136,49460,16,2026-08-02T09:23:35.925077Z
M1,10,saturated,M1,false,1360.000,1.454,2.473,3.509,9232.544,9676.739,9724.196,20509,61604,8257536,2605056,49439,15,2026-08-02T09:23:35.925077Z
M1,11,saturated,M1,false,1319.000,1.628,4.445,11.973,10197.545,10674.664,10714.813,23218,62885,8445952,2711552,49465,0,2026-08-02T09:23:35.925077Z
M1,12,saturated,M1,false,1381.000,1.367,2.292,2.875,11190.582,11628.529,11669.921,25914,64264,8740864,2818048,49420,40,2026-08-02T09:23:35.925077Z
M1,13,saturated,M1,false,1360.000,1.700,2.534,3.263,12172.711,12608.982,12652.630,28630,65584,8970240,2916352,49420,7,2026-08-02T09:23:35.925077Z
M1,14,saturated,M1,false,1360.000,1.538,2.481,4.231,13144.365,13583.928,13629.390,31357,66964,9248768,3014656,49420,19,2026-08-02T09:23:35.925077Z
M1,15,saturated,M1,false,1380.000,1.671,2.568,3.051,14136.571,14555.708,14596.293,34108,68324,9486336,3112960,49409,0,2026-08-02T09:23:35.925077Z
M1,16,saturated,M1,false,1440.000,1.438,2.252,2.878,15065.483,15522.024,15571.225,36883,69704,9740288,3227648,49420,40,2026-08-02T09:23:35.925077Z
M1,17,saturated,M1,false,1362.000,1.711,2.527,3.253,16077.380,16494.777,16535.912,39752,71084,9994240,3334144,49420,0,2026-08-02T09:23:35.925077Z
M1,18,saturated,M1,false,1440.000,1.421,2.348,2.837,17024.875,17474.334,17518.467,42519,72504,10248192,3424256,49408,15,2026-08-02T09:23:35.925077Z
M1,19,saturated,M1,false,1300.000,1.766,3.197,10.254,17985.774,18401.588,18467.664,45221,73886,10502144,3530752,49495,4,2026-08-02T09:23:35.925077Z
M1,20,saturated,M1,false,1505.000,1.212,2.322,3.306,18975.519,19399.632,19438.465,47949,75326,10756096,3629056,49358,0,2026-08-02T09:23:35.925077Z
M1,21,saturated,M1,false,1268.000,1.588,3.449,14.318,19895.894,20376.514,20405.223,50840,76646,11018240,3735552,49539,7,2026-08-02T09:23:35.925077Z
M1,22,saturated,M1,false,1454.000,1.408,2.637,4.317,20891.167,21346.854,21386.232,53559,78135,11255808,3833856,49417,0,2026-08-02T09:23:35.925077Z
M1,23,saturated,M1,false,1380.000,1.401,2.540,4.954,21876.421,22314.531,22353.938,56344,79413,11509760,3932160,49440,0,2026-08-02T09:23:35.925077Z
M1,24,saturated,M1,false,1407.000,1.635,2.646,3.517,22853.359,23300.872,23334.654,59160,81108,11755520,4038656,49433,20,2026-08-02T09:23:35.925077Z
M1,25,saturated,M1,false,1383.000,1.451,2.866,5.705,23825.134,24270.587,24313.522,61970,82253,12009472,4145152,49457,4,2026-08-02T09:23:35.925077Z
M1,26,saturated,M1,false,1362.000,1.672,3.028,4.933,24810.419,25231.869,25283.625,64742,83660,12255232,4243456,49458,19,2026-08-02T09:23:35.925077Z
M1,27,saturated,M1,false,1421.000,1.511,2.512,3.873,25790.288,26224.155,26267.631,67518,85043,12541952,4349952,49420,0,2026-08-02T09:23:35.925077Z
M1,28,saturated,M1,false,1366.000,1.554,3.174,6.572,26772.166,27205.028,27247.027,70325,86405,12763136,4448256,49474,11,2026-08-02T09:23:35.925077Z
M1,29,saturated,M1,false,1286.000,1.552,2.851,18.069,27724.172,28126.086,28202.296,73064,87829,13033472,4554752,49520,20,2026-08-02T09:23:35.925077Z
M1,30,saturated,M1,false,1369.000,1.644,2.920,5.118,28704.349,29145.841,29166.130,75751,89152,13254656,4653056,49478,0,2026-08-02T09:23:35.925077Z
M1,31,saturated,M1,false,1305.000,1.598,6.659,11.628,29610.729,30050.740,30086.702,78442,90492,13516800,4759552,49522,20,2026-08-02T09:23:35.925077Z
M1,32,saturated,M1,false,1360.000,1.646,2.865,3.567,30576.383,31020.472,31061.476,81113,92127,13762560,4849664,49480,19,2026-08-02T09:23:35.925077Z
M1,33,saturated,M1,false,1420.000,1.420,2.337,3.702,31566.032,31997.059,32031.756,83799,93172,14008320,4956160,49440,0,2026-08-02T09:23:35.925077Z
M1,34,saturated,M1,false,1362.000,1.624,2.735,4.220,32533.073,32963.518,33009.435,86643,94768,14254080,5062656,49498,0,2026-08-02T09:23:35.925077Z
M1,35,saturated,M1,false,1438.000,1.424,2.235,2.828,33520.518,33957.757,33987.692,89425,95952,14499840,5152768,49460,0,2026-08-02T09:23:35.925077Z
M1,36,saturated,M1,false,1325.000,1.796,2.774,3.569,34480.362,34921.419,34953.731,92276,97587,14770176,5251072,49519,0,2026-08-02T09:23:35.925077Z
M1,37,saturated,M1,false,1379.000,1.604,3.675,5.616,35441.007,35874.611,35917.409,94996,98752,15015936,5373952,49502,20,2026-08-02T09:23:35.925077Z
M1,38,saturated,M1,false,1362.000,1.671,2.798,10.641,36171.746,36398.904,36429.504,97748,100094,15294464,5480448,49499,1,2026-08-02T09:23:35.925077Z
M1,39,saturated,M1,false,1280.000,1.673,3.462,17.794,36180.485,36419.266,36434.369,100471,101476,15548416,5578752,49565,0,2026-08-02T09:23:35.925077Z
M1,40,saturated,M1,false,1387.000,1.599,2.699,4.330,36252.233,36474.144,36494.330,103111,102838,15785984,5677056,49493,25,2026-08-02T09:23:35.925077Z
M1,41,saturated,M1,false,1293.000,1.573,2.797,24.169,36226.109,36470.093,36487.098,105837,104118,16048128,5791744,49580,0,2026-08-02T09:23:35.925077Z
M1,42,saturated,M1,false,1400.000,1.567,2.390,3.050,36269.484,36492.227,36521.027,108520,105518,16277504,5881856,49501,0,2026-08-02T09:23:35.925077Z
M1,43,saturated,M1,false,1360.000,1.572,2.553,3.957,36284.946,36506.076,36528.115,111240,106818,16523264,5988352,49500,0,2026-08-02T09:23:35.925077Z
M1,44,saturated,M1,false,1420.000,1.489,3.071,3.463,36228.594,36451.098,36489.622,114027,108200,16777216,6094848,49540,7,2026-08-02T09:23:35.925077Z
M1,45,saturated,M1,false,1315.000,1.818,3.027,3.578,36276.273,36497.546,36530.011,116831,109618,17055744,6209536,49553,0,2026-08-02T09:23:35.925077Z
M1,46,saturated,M1,false,1348.000,1.598,2.261,9.226,36276.808,36506.669,36538.716,119491,110998,17317888,6299648,49557,0,2026-08-02T09:23:35.925077Z
M1,47,saturated,M1,false,1439.000,1.576,2.826,3.511,36254.249,36476.587,36514.735,122242,112319,17563648,6406144,49520,0,2026-08-02T09:23:35.925077Z
M1,48,saturated,M1,false,1281.000,1.558,3.791,15.012,36228.986,36460.198,36487.390,125051,114211,17825792,6529024,49540,3,2026-08-02T09:23:35.925077Z
M1,49,saturated,M1,false,1280.000,1.707,3.346,9.607,36245.197,36485.282,36501.428,127679,115120,18063360,6627328,49620,1,2026-08-02T09:23:35.925077Z
M1,50,saturated,M1,false,1325.000,1.647,3.896,12.392,36315.727,36562.549,36579.420,130287,116912,18333696,6717440,49540,12,2026-08-02T09:23:35.925077Z
M1,51,saturated,M1,false,1142.000,1.557,11.079,43.324,36413.991,36673.970,36719.198,132875,117901,18554880,6815744,49572,0,2026-08-02T09:23:35.925077Z
M1,52,saturated,M1,false,1140.000,1.632,4.551,16.433,36615.238,36885.328,36902.784,135144,119500,18767872,6905856,49560,0,2026-08-02T09:23:35.925077Z
M1,53,saturated,M1,false,1186.000,2.017,5.954,13.385,36749.516,37005.019,37053.798,137474,120628,19005440,7004160,49618,10,2026-08-02T09:23:35.925077Z
M1,54,saturated,M1,false,1307.000,1.496,4.324,15.378,36873.781,37106.642,37134.594,139905,121872,19234816,7086080,49540,20,2026-08-02T09:23:35.925077Z
M1,55,saturated,M1,false,1360.000,1.736,2.578,2.978,36917.186,37135.959,37161.164,142545,123101,19480576,7192576,49560,16,2026-08-02T09:23:35.925077Z
M1,56,saturated,M1,false,1360.000,1.738,2.631,3.198,36956.998,37177.463,37199.015,145288,124736,19734528,7282688,49551,0,2026-08-02T09:23:35.925077Z
M1,57,saturated,M1,false,1281.000,1.670,3.890,10.042,36985.427,37211.371,37242.412,147701,125832,19988480,7389184,49580,6,2026-08-02T09:23:35.925077Z
M1,58,saturated,M1,false,1380.000,1.661,2.384,2.895,37071.977,37282.971,37312.461,150340,127142,20258816,7495680,49560,20,2026-08-02T09:23:35.925077Z
M1,59,saturated,M1,false,1319.000,1.741,2.848,10.152,37034.452,37245.277,37276.083,153096,128502,20504576,7602176,49610,0,2026-08-02T09:23:35.925077Z
M1,60,saturated,M1,false,1381.000,1.451,2.217,4.171,37088.518,37305.175,37321.840,155796,130373,20750336,7692288,49580,0,2026-08-02T09:23:35.925077Z
M1,61,saturated,M1,false,1302.000,1.682,6.202,13.306,37101.354,37343.433,37370.848,158537,131222,20996096,7806976,49678,7,2026-08-02T09:23:35.925077Z
M1,62,saturated,M1,false,1426.000,1.490,2.754,14.186,37138.463,37369.386,37385.555,161244,132877,21217280,7913472,49577,20,2026-08-02T09:23:35.925077Z
M1,63,saturated,M1,false,1420.000,1.476,2.299,2.840,37107.740,37316.838,37345.480,1766,134496,21299200,8003584,49600,0,2026-08-02T09:24:35.934992Z
M1,64,saturated,M1,false,1360.000,1.535,2.409,8.441,37100.412,37326.074,37349.756,4619,135939,21299200,8060928,49580,14,2026-08-02T09:24:35.934992Z
M1,65,saturated,M1,false,1363.000,1.690,2.823,7.142,37138.195,37352.257,37379.597,7351,137279,21299200,8126464,49586,11,2026-08-02T09:24:35.934992Z
M1,66,saturated,M1,false,1366.000,1.595,2.750,10.209,37112.191,37332.686,37382.314,10106,138648,21299200,8192000,49634,0,2026-08-02T09:24:35.934992Z
M1,67,saturated,M1,false,1414.000,1.454,2.638,3.600,37050.277,37271.886,37291.180,12907,140062,21299200,8257536,49600,6,2026-08-02T09:24:35.934992Z
M1,68,saturated,M1,false,1400.000,1.630,2.544,3.032,37039.999,37253.728,37296.971,15682,141187,21299200,8306688,49600,0,2026-08-02T09:24:35.934992Z
M1,69,saturated,M1,false,1300.000,1.690,2.554,11.525,36996.208,37206.029,37221.457,18504,142587,21299200,8372224,49695,0,2026-08-02T09:24:35.934992Z
M1,70,saturated,M1,false,1359.000,1.602,2.865,8.916,37024.824,37242.419,37282.938,21173,143967,21299200,8437760,49620,20,2026-08-02T09:24:35.934992Z
M1,71,saturated,M1,false,1273.000,1.446,2.992,32.500,37048.397,37279.921,37348.311,23883,145266,21299200,8503296,49772,20,2026-08-02T09:24:35.934992Z
M1,72,saturated,M1,false,1353.000,1.556,2.845,5.351,37136.180,37356.449,37390.953,26496,146687,21299200,8552448,49658,0,2026-08-02T09:24:35.934992Z
M1,73,saturated,M1,false,1416.000,1.438,2.420,2.735,37176.532,37395.710,37412.920,29162,147931,21299200,8617984,49609,20,2026-08-02T09:24:35.934992Z
M1,74,saturated,M1,false,1361.000,1.642,2.354,2.907,37146.547,37372.373,37401.964,31963,149289,21299200,8675328,49620,20,2026-08-02T09:24:35.934992Z
M1,75,saturated,M1,false,1360.000,1.649,2.410,2.683,37150.356,37361.697,37392.873,34704,150669,21299200,8732672,49621,0,2026-08-02T09:24:35.934992Z
M1,76,saturated,M1,false,1341.000,1.730,2.493,2.855,37151.756,37381.362,37398.492,37433,152030,21299200,8798208,49639,20,2026-08-02T09:24:35.934992Z
M1,77,saturated,M1,false,1419.000,1.574,2.434,2.974,37108.191,37326.280,37380.579,40190,153389,21389312,8863744,49620,0,2026-08-02T09:24:35.934992Z
M1,78,saturated,M1,false,1343.000,1.668,2.505,6.667,37072.222,37303.332,37338.907,43022,154789,21643264,8937472,49680,7,2026-08-02T09:24:35.934992Z
M1,79,saturated,M1,false,1316.000,1.645,2.571,12.690,37056.431,37284.272,37336.738,45712,156192,21962752,8986624,49704,21,2026-08-02T09:24:35.934992Z
M1,80,saturated,M1,false,1404.000,1.486,2.688,3.714,37072.569,37291.842,37307.668,48396,157532,22134784,9052160,49640,20,2026-08-02T09:24:35.934992Z
M1,81,saturated,M1,false,1201.000,1.652,5.560,24.856,37068.055,37311.880,37342.126,51165,158872,22446080,9117696,49819,0,2026-08-02T09:24:35.934992Z
M1,82,saturated,M1,false,1381.000,1.430,2.531,3.832,37226.056,37454.937,37486.006,53662,160252,22708224,9166848,49660,19,2026-08-02T09:24:35.934992Z
M1,83,saturated,M1,false,1280.000,1.844,3.022,4.928,37215.723,37445.114,37478.467,56327,161474,22945792,9232384,49660,0,2026-08-02T09:24:35.934992Z
M1,84,saturated,M1,false,1300.000,1.826,2.770,3.440,37270.684,37485.535,37514.435,58945,162754,23248896,9281536,49700,18,2026-08-02T09:24:35.934992Z
M1,85,saturated,M1,false,1320.000,1.807,2.694,3.340,37351.444,37589.038,37617.515,61540,164094,23519232,9347072,49660,20,2026-08-02T09:24:35.934992Z
M1,86,saturated,M1,false,1328.000,1.842,2.902,5.822,37310.461,37525.553,37546.470,64234,165374,23797760,9396224,49712,0,2026-08-02T09:24:35.934992Z
M1,87,saturated,M1,false,1420.000,1.451,2.863,8.721,37276.605,37520.250,37547.120,66933,166754,24051712,9461760,49640,1,2026-08-02T09:24:35.934992Z
M1,88,saturated,M1,false,1400.000,1.607,2.475,3.673,37188.281,37422.880,37445.605,69757,168102,24305664,9527296,49640,0,2026-08-02T09:24:35.934992Z
M1,89,saturated,M1,false,1295.000,1.619,2.651,8.278,36955.624,37205.672,37249.481,72418,169502,24567808,9592832,49749,17,2026-08-02T09:24:35.934992Z
M1,90,saturated,M1,false,1385.000,1.484,3.488,7.977,36839.152,37072.118,37113.357,75077,170902,24829952,9641984,49680,0,2026-08-02T09:24:35.934992Z
M1,91,saturated,M1,false,1286.000,1.577,3.362,44.827,36734.718,36944.863,36974.764,77824,172222,25067520,9707520,49794,40,2026-08-02T09:24:35.934992Z
M1,92,saturated,M1,false,1420.000,1.447,2.571,3.093,36749.892,36973.547,36987.800,80468,173877,25321472,9773056,49659,20,2026-08-02T09:24:35.934992Z
M1,93,saturated,M1,false,1427.000,1.553,2.522,4.065,36705.240,36935.350,36952.671,83272,174908,25550848,9838592,49651,21,2026-08-02T09:24:35.934992Z
M1,94,saturated,M1,false,1403.000,1.485,2.282,3.190,36632.696,36852.933,36892.438,86135,176570,25796608,9895936,49700,0,2026-08-02T09:24:35.934992Z
M1,95,saturated,M1,false,1361.000,1.732,2.749,5.829,36594.845,36818.315,36833.125,88936,177778,26050560,9953280,49695,20,2026-08-02T09:24:35.934992Z
M1,96,saturated,M1,false,1399.000,1.547,2.322,2.748,36579.990,36805.835,36833.150,91713,179138,26312704,10018816,49700,0,2026-08-02T09:24:35.934992Z
M1,97,saturated,M1,false,1360.000,1.715,2.539,3.798,36553.116,36769.284,36795.134,94358,180538,26558464,10117120,49700,20,2026-08-02T09:24:35.934992Z
M1,98,saturated,M1,false,1342.000,1.531,2.499,8.726,36577.588,36787.613,36817.371,97095,182153,26828800,10231808,49701,0,2026-08-02T09:24:35.934992Z
M1,99,saturated,M1,false,1305.000,1.653,2.829,12.376,36551.491,36779.311,36801.882,99813,183241,27066368,10321920,49755,1,2026-08-02T09:24:35.934992Z
M1,100,saturated,M1,false,1418.000,1.396,2.515,7.083,36649.356,36868.858,36887.158,102481,184855,27361280,10428416,49700,3,2026-08-02T09:24:35.934992Z
M1,101,saturated,M1,false,1220.000,1.762,5.069,19.290,36591.943,36849.480,36864.245,105292,185963,27656192,10534912,49860,20,2026-08-02T09:24:35.934992Z
M1,102,saturated,M1,false,1380.000,1.471,2.542,2.981,36711.255,36934.292,36961.421,107817,187598,27885568,10616832,49740,20,2026-08-02T09:24:35.934992Z
M1,103,saturated,M1,false,1381.000,1.645,2.471,2.779,36721.859,36945.041,36964.504,110544,188603,28188672,10731520,49720,0,2026-08-02T09:24:35.934992Z
M1,104,saturated,M1,false,1440.000,1.497,2.292,2.507,36715.080,36935.057,36964.548,113342,189964,28499968,10846208,49720,40,2026-08-02T09:24:35.934992Z
M1,105,saturated,M1,false,1388.000,1.557,2.562,3.432,36686.085,36903.734,36932.015,116185,191404,28803072,10952704,49720,20,2026-08-02T09:24:35.934992Z
M1,106,saturated,M1,false,1400.000,1.501,2.353,3.303,36680.555,36894.112,36920.791,119037,192792,29089792,11051008,49740,20,2026-08-02T09:24:35.934992Z
M1,107,saturated,M1,false,1363.000,1.656,3.135,7.407,36624.052,36834.418,36872.679,121825,194212,29384704,11149312,49738,0,2026-08-02T09:24:35.934992Z
M1,108,saturated,M1,false,1400.000,1.448,2.330,3.228,36638.640,36849.263,36877.525,124558,195828,29638656,11255808,49740,21,2026-08-02T09:24:35.934992Z
M1,109,saturated,M1,false,1238.000,2.053,4.296,14.962,36513.855,36772.011,36800.346,127354,196975,29958144,11370496,49821,0,2026-08-02T09:24:35.934992Z
M1,110,saturated,M1,false,1384.000,1.576,3.520,10.785,36616.783,36848.264,36871.532,129876,198551,30228480,11452416,49740,11,2026-08-02T09:24:35.934992Z
M1,111,saturated,M1,false,1388.000,1.466,4.436,17.463,36567.693,36819.610,36849.224,132718,199597,30474240,11567104,49837,0,2026-08-02T09:24:35.934992Z
M1,112,saturated,M1,false,1420.000,1.340,2.327,5.853,36579.934,36805.377,36829.625,135494,201081,30760960,11673600,49740,0,2026-08-02T09:24:35.934992Z
M1,113,saturated,M1,false,1375.000,1.667,3.371,5.877,36553.084,36775.452,36796.894,138277,202405,31072256,11780096,49760,15,2026-08-02T09:24:35.934992Z
M1,114,saturated,M1,false,1420.000,1.527,2.721,3.526,36547.967,36768.503,36788.228,141111,203800,31309824,11886592,49742,6,2026-08-02T09:24:35.934992Z
M1,115,saturated,M1,false,1385.000,1.664,2.507,6.808,36525.739,36757.940,36792.279,143936,205202,31563776,11984896,49760,1,2026-08-02T09:24:35.934992Z
M1,116,saturated,M1,false,1400.000,1.619,2.299,2.549,36488.301,36707.071,36750.085,146708,206605,31817728,12091392,49747,21,2026-08-02T09:24:35.934992Z
M1,117,saturated,M1,false,1361.000,1.653,2.374,2.809,36460.584,36690.747,36706.293,149528,208247,32079872,12197888,49779,0,2026-08-02T09:24:35.934992Z
M1,118,saturated,M1,false,1419.000,1.591,2.525,3.354,36402.078,36637.454,36679.897,152301,209640,32342016,12312576,49764,9,2026-08-02T09:24:35.934992Z
M1,119,saturated,M1,false,1280.000,1.706,2.991,26.703,36331.953,36547.302,36570.853,155098,210789,32563200,12435456,49842,20,2026-08-02T09:24:35.934992Z
M1,120,saturated,M1,false,1401.000,1.538,2.395,6.333,36304.335,36531.139,36551.215,157731,212145,32841728,12525568,49780,0,2026-08-02T09:24:35.934992Z
M1,121,saturated,M1,false,1301.000,1.596,4.236,16.634,36260.486,36467.975,36498.813,160523,213486,33062912,12632064,49861,1,2026-08-02T09:24:35.934992Z
M1,122,saturated,M1,false,1100.000,1.534,2.637,3.689,36312.320,36472.101,36496.269,163159,214868,33333248,12730368,49402,57,2026-08-02T09:24:35.934992Z
M1,123,saturated,M1,false,1262.000,1.355,2.498,54.383,36530.854,36754.951,36784.021,2024,215757,33333248,12771328,49800,17,2026-08-02T09:25:36.008455Z
M1,124,saturated,M1,false,1361.000,1.673,2.435,3.252,36517.981,36738.718,36759.924,4817,216821,33333248,12836864,49819,0,2026-08-02T09:25:36.008455Z
M1,125,saturated,M1,false,1339.000,1.623,4.002,4.843,36577.965,36789.859,36816.147,7472,218201,33333248,12902400,49800,20,2026-08-02T09:25:36.008455Z
M1,126,saturated,M1,false,1380.000,1.698,2.515,5.793,36588.745,36809.660,36825.839,10237,219521,33333248,12951552,49800,21,2026-08-02T09:25:36.008455Z
M1,127,saturated,M1,false,1354.000,1.658,2.557,5.882,36556.855,36770.665,36789.919,12974,220901,33333248,13017088,49813,20,2026-08-02T09:25:36.008455Z
M1,128,saturated,M1,false,1386.000,1.686,2.531,2.797,36574.829,36793.659,36824.793,15684,222261,33333248,13082624,49800,26,2026-08-02T09:25:36.008455Z
M1,129,saturated,M1,false,1361.000,1.385,2.794,7.704,36481.323,36719.992,36746.381,18534,223641,33333248,13148160,49879,19,2026-08-02T09:25:36.008455Z
M1,130,saturated,M1,false,1382.000,1.473,2.460,11.253,36521.887,36741.225,36766.460,21276,225081,33333248,13197312,49838,14,2026-08-02T09:25:36.008455Z
M1,131,saturated,M1,false,1291.000,1.587,3.295,17.282,36576.941,36790.292,36820.056,24030,226422,33333248,13262848,49870,0,2026-08-02T09:25:36.008455Z
M1,132,saturated,M1,false,1390.000,1.508,2.442,3.536,36613.660,36839.027,36852.337,26671,227746,33333248,13328384,49839,28,2026-08-02T09:25:36.008455Z
M1,133,saturated,M1,false,1379.000,1.597,2.315,2.675,36639.710,36857.472,36872.965,29433,229104,33333248,13434880,49840,16,2026-08-02T09:25:36.008455Z
M1,134,saturated,M1,false,1360.000,1.703,2.471,2.751,36631.407,36849.953,36865.349,32175,230484,33333248,13533184,49840,0,2026-08-02T09:25:36.008455Z
M1,135,saturated,M1,false,1380.000,1.575,2.364,3.060,36624.784,36843.515,36870.021,34942,231844,33333248,13639680,49840,0,2026-08-02T09:25:36.008455Z
M1,136,saturated,M1,false,1360.000,1.704,2.760,4.163,36590.150,36819.981,36836.308,37722,233479,33333248,13746176,49859,20,2026-08-02T09:25:36.008455Z
M1,137,saturated,M1,false,1420.000,1.564,2.275,2.702,36578.181,36790.996,36814.655,40472,234859,33333248,13852672,49840,0,2026-08-02T09:25:36.008455Z
M1,138,saturated,M1,false,1360.000,1.777,2.603,2.908,36574.501,36782.516,36805.211,43274,236259,33333248,13950976,49846,20,2026-08-02T09:25:36.008455Z
M1,139,saturated,M1,false,1320.000,1.587,2.306,11.930,36473.346,36706.239,36727.550,46019,237619,33333248,14057472,49920,20,2026-08-02T09:25:36.008455Z
M1,140,saturated,M1,false,1403.000,1.443,2.732,6.554,36512.552,36724.113,36750.013,48716,239019,33333248,14163968,49857,0,2026-08-02T09:25:36.008455Z
M1,141,saturated,M1,false,1210.000,1.672,2.690,25.931,36501.146,36748.171,36768.525,51485,240359,33660928,14262272,49963,13,2026-08-02T09:25:36.008455Z
M1,142,saturated,M1,false,1460.000,1.362,2.404,3.366,36613.582,36826.926,36853.820,53940,241931,33882112,14360576,49860,0,2026-08-02T09:25:36.008455Z
M1,143,saturated,M1,false,1360.000,1.662,2.564,2.961,36638.877,36857.508,36875.712,56710,243032,34136064,14467072,49861,16,2026-08-02T09:25:36.008455Z
M1,144,saturated,M1,false,1400.000,1.564,2.305,5.444,36633.397,36852.225,36869.235,59487,244393,34455552,14581760,49860,0,2026-08-02T09:25:36.008455Z
M1,145,saturated,M1,false,1400.000,1.508,2.283,5.842,36599.793,36821.374,36852.728,62324,245792,34635776,14688256,49880,0,2026-08-02T09:25:36.008455Z
M1,146,saturated,M1,false,1367.000,1.704,2.572,3.452,36591.376,36808.689,36827.388,65099,246957,34938880,14778368,49896,0,2026-08-02T09:25:36.008455Z
M1,147,saturated,M1,false,1375.000,1.682,2.543,2.989,36524.692,36742.510,36759.808,67827,248337,35143680,14884864,49880,0,2026-08-02T09:25:36.008455Z
M1,148,saturated,M1,false,1340.000,1.755,2.524,2.871,36567.004,36776.745,36797.475,70605,249699,35446784,14991360,49900,0,2026-08-02T09:25:36.008455Z
M1,149,saturated,M1,false,1280.000,1.893,3.204,13.880,36563.073,36804.319,36836.930,73317,251314,35692544,15089664,49960,25,2026-08-02T09:25:36.008455Z
M1,150,saturated,M1,false,1354.000,1.675,3.049,7.349,36650.381,36866.864,36898.811,75915,252399,35921920,15196160,49900,22,2026-08-02T09:25:36.008455Z
M1,151,saturated,M1,false,1289.000,1.736,4.392,12.680,36717.972,36922.556,36947.865,78602,253693,36175872,15302656,49912,17,2026-08-02T09:25:36.008455Z
M1,152,saturated,M1,false,1400.000,1.497,2.600,5.808,36764.617,36985.356,37007.924,81247,255249,36405248,15392768,49900,0,2026-08-02T09:25:36.008455Z
M1,153,saturated,M1,false,1360.000,1.543,2.315,2.729,36762.865,36985.816,37012.606,83983,256382,36691968,15499264,49907,0,2026-08-02T09:25:36.008455Z
M1,154,saturated,M1,false,1380.000,1.614,2.550,3.489,36787.399,37013.278,37046.535,86770,257749,36921344,15605760,49920,0,2026-08-02T09:25:36.008455Z
M1,155,saturated,M1,false,1380.000,1.654,2.516,2.889,36800.747,37028.094,37050.880,89536,259142,37183488,15712256,49919,0,2026-08-02T09:25:36.008455Z
M1,156,saturated,M1,false,1380.000,1.579,2.566,5.891,36789.122,37019.095,37054.784,92279,260502,37437440,15810560,49920,0,2026-08-02T09:25:36.008455Z
M1,157,saturated,M1,false,1340.000,1.709,2.586,3.753,36767.810,36988.498,37015.641,95033,261902,37683200,15917056,49920,20,2026-08-02T09:25:36.008455Z
M1,158,saturated,M1,false,1401.000,1.591,2.506,3.165,36741.129,36974.097,37015.578,97810,263242,37945344,16031744,49940,0,2026-08-02T09:25:36.008455Z
M1,159,saturated,M1,false,1380.000,1.529,2.433,5.480,36568.674,36904.100,36950.966,100646,264663,38240256,16138240,49495,0,2026-08-02T09:25:36.008455Z
M1,160,saturated,M1,false,1400.000,1.506,2.410,12.549,36397.218,36632.391,36659.276,103432,266338,38494208,16236544,49922,16,2026-08-02T09:25:36.008455Z
M1,161,saturated,M1,false,1244.000,1.741,3.258,22.295,36404.081,36646.067,36673.277,106120,267423,38813696,16343040,49935,1,2026-08-02T09:25:36.008455Z
M1,162,saturated,M1,false,1420.000,1.484,2.379,3.171,36442.362,36673.466,36702.120,108757,268939,39124992,16449536,49940,20,2026-08-02T09:25:36.008455Z
M1,163,saturated,M1,false,1360.000,1.708,2.276,2.505,36431.414,36647.799,36675.427,111532,270107,39436288,16556032,49945,20,2026-08-02T09:25:36.008455Z
M1,164,saturated,M1,false,1380.000,1.622,2.599,2.798,36411.789,36644.450,36672.496,114305,271472,39763968,16646144,49940,0,2026-08-02T09:25:36.008455Z
M1,165,saturated,M1,false,1380.000,1.565,2.505,3.262,36411.359,36633.600,36660.930,117070,273102,40050688,16752640,49940,24,2026-08-02T09:25:36.008455Z
M1,166,saturated,M1,false,1380.000,1.660,2.456,4.211,36444.600,36670.156,36697.975,119854,274227,40312832,16867328,49960,1,2026-08-02T09:25:36.008455Z
M1,167,saturated,M1,false,1364.000,1.605,2.727,3.080,36431.375,36661.371,36679.176,122611,275627,40615936,16973824,49960,11,2026-08-02T09:25:36.008455Z
M1,168,saturated,M1,false,1420.000,1.577,2.401,2.889,36361.309,36626.014,36655.117,125468,276991,40919040,17080320,49960,0,2026-08-02T09:25:36.008455Z
M1,169,saturated,M1,false,1322.000,1.603,2.456,19.189,36334.742,36551.356,36588.050,128231,278411,41181184,17170432,49593,20,2026-08-02T09:25:36.008455Z
M1,170,saturated,M1,false,1418.000,1.538,3.004,6.038,36361.533,36583.102,36623.677,130973,279753,41443328,17276928,49809,10,2026-08-02T09:25:36.008455Z
M1,171,saturated,M1,false,1313.000,1.684,3.888,10.993,36332.032,36568.986,36583.924,133730,281156,41713664,17399808,49977,1,2026-08-02T09:25:36.008455Z
M1,172,saturated,M1,false,1380.000,1.458,2.278,3.018,36372.934,36597.329,36624.629,136417,282481,41975808,17489920,49811,20,2026-08-02T09:25:36.008455Z
M1,173,saturated,M1,false,1380.000,1.662,2.401,2.917,36377.316,36609.235,36638.897,139184,283864,42295296,17596416,49300,20,2026-08-02T09:25:36.008455Z
M1,174,saturated,M1,false,1362.000,1.680,2.488,2.781,36400.406,36613.718,36641.938,141903,285244,42582016,17702912,49317,14,2026-08-02T09:25:36.008455Z
M1,175,saturated,M1,false,1330.000,1.802,2.969,7.942,36406.072,36640.087,36654.825,144601,286606,42868736,17809408,49317,20,2026-08-02T09:25:36.008455Z
M1,176,saturated,M1,false,1330.000,1.737,2.557,2.752,36447.780,36669.446,36697.865,147279,288457,43188224,17907712,49320,0,2026-08-02T09:25:36.008455Z
M1,177,saturated,M1,false,1320.000,1.817,2.672,3.077,36451.782,36678.169,36707.953,149953,289541,43393024,18014208,49340,0,2026-08-02T09:25:36.008455Z
M1,178,saturated,M1,false,1360.000,1.691,2.386,4.298,36439.006,36672.983,36715.711,152654,290861,43671552,18120704,49320,0,2026-08-02T09:25:36.008455Z
M1,179,saturated,M1,false,1346.000,1.620,2.447,4.109,36415.944,36660.257,36677.913,155252,291966,43892736,18210816,49334,1,2026-08-02T09:25:36.008455Z
M1,180,saturated,M1,false,1461.000,1.282,2.274,9.818,36413.492,36635.953,36664.031,158093,293313,44163072,18317312,49300,25,2026-08-02T09:25:36.008455Z
M1,181,saturated,M1,false,1239.000,1.808,6.331,18.600,36378.870,36626.201,36649.754,160857,294773,44392448,18423808,49451,1,2026-08-02T09:25:36.008455Z
M1,182,saturated,M1,false,1408.000,1.299,3.258,4.735,36512.196,36728.272,36767.129,401,296105,44630016,18513920,49324,0,2026-08-02T09:26:35.979502Z
M1,183,saturated,M1,false,1400.000,1.533,2.523,3.716,36486.975,36710.019,36728.708,3202,297524,44630016,18579456,49320,28,2026-08-02T09:26:35.979502Z
M1,184,saturated,M1,false,1400.000,1.500,2.379,2.721,36464.232,36687.067,36717.391,5993,298924,44630016,18644992,49300,0,2026-08-02T09:26:35.979502Z
M1,185,saturated,M1,false,1380.000,1.621,2.521,3.340,36448.667,36663.072,36691.595,8796,300324,44630016,18710528,49330,0,2026-08-02T09:26:35.979502Z
M1,186,saturated,M1,false,1380.000,1.633,2.316,2.593,36399.398,36626.082,36669.891,11574,301449,44630016,18776064,49340,20,2026-08-02T09:26:35.979502Z
M1,187,saturated,M1,false,1380.000,1.587,2.569,3.038,36347.946,36580.581,36608.261,12542,301449,44630016,18808832,49340,0,2026-08-02T09:26:35.979502Z
M1,188,saturated,M1,false,1383.000,1.690,2.331,5.982,36284.112,36513.664,36560.685,15329,302829,44630016,18857984,49360,0,2026-08-02T09:26:35.979502Z
M1,189,saturated,M1,false,1346.000,1.576,2.365,3.777,36269.077,36483.543,36514.317,18131,304229,44630016,18923520,49395,2,2026-08-02T09:26:35.979502Z
M1,190,saturated,M1,false,1420.000,1.466,2.389,6.433,36266.875,36501.293,36519.820,20893,305612,44630016,18989056,49340,13,2026-08-02T09:26:35.979502Z
M1,191,saturated,M1,false,1351.000,1.475,3.135,20.592,36247.647,36495.201,36525.352,23676,306958,44630016,19054592,49429,0,2026-08-02T09:26:35.979502Z
M1,192,saturated,M1,false,1380.000,1.566,2.437,2.912,36259.430,36485.378,36510.959,26459,308378,44630016,19111936,49380,20,2026-08-02T09:26:35.979502Z
M1,193,saturated,M1,false,1382.000,1.588,2.345,2.886,36269.088,36486.171,36515.882,29168,309729,44630016,19169280,49358,20,2026-08-02T09:26:35.979502Z
M1,194,saturated,M1,false,1397.000,1.717,2.570,2.961,36238.783,36468.132,36494.653,31961,311109,44630016,19234816,49377,0,2026-08-02T09:26:35.979502Z
M1,195,saturated,M1,false,1342.000,1.574,2.432,2.913,36276.020,36494.488,36515.338,34741,312529,44630016,19300352,49400,19,2026-08-02T09:26:35.979502Z
M1,196,saturated,M1,false,1360.000,1.739,2.675,3.004,36287.468,36511.860,36530.019,37478,313910,44630016,19357696,49380,0,2026-08-02T09:26:35.979502Z
M1,197,saturated,M1,false,1380.000,1.589,2.417,3.115,36305.111,36527.442,36558.581,40064,315251,44630016,19415040,49369,21,2026-08-02T09:26:35.979502Z
M1,198,saturated,M1,false,1340.000,1.710,2.608,3.619,36240.155,36469.246,36500.222,42969,316610,44630016,19488768,49397,0,2026-08-02T09:26:35.979502Z
M1,199,saturated,M1,false,1323.000,1.598,2.493,3.549,36265.207,36483.171,36504.018,45551,317990,44630016,19554304,49438,0,2026-08-02T09:26:35.979502Z
M1,200,saturated,M1,false,1338.000,1.552,5.047,18.289,36307.579,36537.088,36564.141,48250,319330,44630016,19603456,49400,20,2026-08-02T09:26:35.979502Z
M1,201,saturated,M1,false,1236.000,1.612,3.335,17.686,36320.177,36558.101,36573.140,50900,320631,44941312,19668992,49504,21,2026-08-02T09:26:35.979502Z
M1,202,saturated,M1,false,1419.000,1.408,2.322,2.796,36412.274,36631.410,36656.558,53500,322246,45211648,19718144,49380,0,2026-08-02T09:26:35.979502Z
M1,203,saturated,M1,false,1323.000,1.861,3.969,7.020,36434.720,36668.545,36700.648,55924,323502,45416448,19783680,49380,20,2026-08-02T09:26:35.979502Z
M1,204,saturated,M1,false,1400.000,1.565,2.827,3.787,36414.590,36637.765,36663.548,58623,324646,45727744,19849216,49400,0,2026-08-02T09:26:35.979502Z
M1,205,saturated,M1,false,1420.000,1.506,2.495,3.314,36442.488,36665.932,36679.403,61462,325989,45924352,19914752,49380,20,2026-08-02T09:26:35.979502Z
M1,206,saturated,M1,false,1340.000,1.695,3.227,16.664,36398.863,36630.480,36661.336,64289,327409,46235648,19980288,49440,0,2026-08-02T09:26:35.979502Z
M1,207,saturated,M1,false,1384.000,1.488,2.755,6.143,36426.097,36656.198,36671.496,67036,328809,46440448,20029440,49400,0,2026-08-02T09:26:35.979502Z
M1,208,saturated,M1,false,1407.000,1.590,2.538,3.200,36395.684,36636.039,36662.245,69789,330169,46718976,20094976,49420,0,2026-08-02T09:26:35.979502Z
M1,209,saturated,M1,false,1321.000,1.667,2.777,3.281,36359.420,36591.412,36609.580,72631,331553,46956544,20160512,49480,0,2026-08-02T09:26:35.979502Z
M1,210,saturated,M1,false,1380.000,1.526,2.677,5.582,36410.151,36641.866,36662.823,75317,332960,47194112,20217856,49420,26,2026-08-02T09:26:35.979502Z
M1,211,saturated,M1,false,1251.000,1.671,5.122,18.866,36392.557,36621.975,36637.463,78027,334261,47456256,20275200,49529,0,2026-08-02T09:26:35.979502Z
M1,212,saturated,M1,false,1460.000,1.393,2.625,5.954,36417.086,36631.342,36666.316,80551,335661,47677440,20340736,49420,5,2026-08-02T09:26:35.979502Z
M1,213,saturated,M1,false,1380.000,1.604,2.732,4.240,36376.287,36601.670,36616.736,83346,336932,47972352,20406272,49400,17,2026-08-02T09:26:35.979502Z
M1,214,saturated,M1,false,1140.000,1.648,2.725,4.558,36293.807,36568.544,36584.953,86105,338392,48193536,20455424,49640,20,2026-08-02T09:26:35.979502Z
M1,215,saturated,M1,false,1281.000,1.229,2.033,3.573,36589.180,36791.031,36806.402,88562,339755,48422912,20504576,49399,0,2026-08-02T09:26:35.979502Z
M1,216,saturated,M1,false,1380.000,1.651,2.408,2.996,36531.963,36756.525,36770.869,91098,340792,48635904,20570112,49441,0,2026-08-02T09:26:35.979502Z
M1,217,saturated,M1,false,1360.000,1.629,2.459,2.829,36589.635,36808.536,36826.343,93877,342193,48914432,20635648,49420,17,2026-08-02T09:26:35.979502Z
M1,218,saturated,M1,false,1340.000,1.746,2.635,4.371,36544.801,36784.530,36816.225,96618,343573,49152000,20701184,49480,0,2026-08-02T09:26:35.979502Z
M1,219,saturated,M1,false,1306.000,1.699,2.745,6.042,36570.606,36777.666,36817.840,99367,345208,49422336,20750336,49496,19,2026-08-02T09:26:35.979502Z
M1,220,saturated,M1,false,1360.000,1.589,2.821,13.397,36629.810,36842.279,36865.396,101976,346293,49741824,20815872,49460,13,2026-08-02T09:26:35.979502Z
M1,221,saturated,M1,false,1258.000,1.695,5.141,14.760,36658.393,36932.238,36967.580,104628,347579,50069504,20881408,49541,0,2026-08-02T09:26:35.979502Z
M1,222,saturated,M1,false,1365.000,1.564,2.524,3.241,36724.523,36953.842,36968.406,107310,348959,50364416,20930560,49460,0,2026-08-02T09:26:35.979502Z
M1,223,saturated,M1,false,1379.000,1.582,2.273,2.586,36739.563,36973.420,36991.908,109984,350497,50675712,20996096,49441,2,2026-08-02T09:26:35.979502Z
M1,224,saturated,M1,false,1349.000,1.671,2.431,3.174,36739.943,36963.761,36994.117,112734,351857,50954240,21061632,49479,20,2026-08-02T09:26:35.979502Z
M1,225,saturated,M1,false,1372.000,1.564,2.350,2.738,36782.110,37010.623,37025.946,115305,352962,51265536,21110784,49460,0,2026-08-02T09:26:35.979502Z
M1,226,saturated,M1,false,1220.000,1.644,2.284,2.656,36752.293,37001.547,37028.715,118067,354577,51601408,21176320,49629,20,2026-08-02T09:26:35.979502Z
M1,227,saturated,M1,false,1331.000,1.614,2.536,3.012,36898.357,37129.144,37146.883,120620,355702,51863552,21225472,49480,0,2026-08-02T09:26:35.979502Z
M1,228,saturated,M1,false,1360.000,1.657,2.495,4.110,36944.870,37167.198,37198.899,123209,356893,52150272,21291008,49500,0,2026-08-02T09:26:35.979502Z
M1,229,saturated,M1,false,1320.000,1.695,2.520,5.454,36927.581,37150.241,37182.261,125826,358261,52445184,21356544,49540,13,2026-08-02T09:26:35.979502Z
M1,230,saturated,M1,false,1381.000,1.470,2.875,16.887,36962.125,37179.012,37208.172,128597,359653,52699136,21413888,49501,0,2026-08-02T09:26:35.979502Z
M1,231,saturated,M1,false,1283.000,1.684,3.669,14.673,36999.755,37209.672,37227.656,131307,360934,53010432,21512192,49577,20,2026-08-02T09:26:35.979502Z
M1,232,saturated,M1,false,1381.000,1.422,2.339,2.945,37045.157,37262.908,37282.921,133953,362334,53305344,21610496,49500,20,2026-08-02T09:26:35.979502Z
M1,233,saturated,M1,false,1360.000,1.659,2.246,3.451,37035.086,37253.693,37271.218,136641,363618,53575680,21708800,49487,20,2026-08-02T09:26:35.979502Z
M1,234,saturated,M1,false,1360.000,1.599,2.327,2.714,37029.025,37252.693,37269.032,139351,364999,53895168,21815296,49500,21,2026-08-02T09:26:35.979502Z
M1,235,saturated,M1,false,1340.000,1.810,2.442,2.769,37045.265,37260.638,37285.666,142097,366358,54149120,21921792,49520,0,2026-08-02T09:26:35.979502Z
M1,236,saturated,M1,false,1360.000,1.619,2.242,2.531,37045.785,37255.682,37281.704,144800,367718,54460416,22028288,49520,0,2026-08-02T09:26:35.979502Z
M1,237,saturated,M1,false,1341.000,1.696,2.429,2.719,37002.951,37213.674,37241.570,147539,369058,54763520,22126592,49518,20,2026-08-02T09:26:35.979502Z
M1,238,saturated,M1,false,1362.000,1.534,2.263,27.810,36988.198,37192.648,37212.675,150261,370438,55017472,22241280,49559,0,2026-08-02T09:26:35.979502Z
M1,239,saturated,M1,false,1281.000,1.764,2.622,3.174,36966.017,37174.610,37204.330,152973,371820,55255040,22347776,49579,6,2026-08-02T09:26:35.979502Z
M1,240,saturated,M1,false,1382.000,1.390,2.420,19.485,36976.299,37189.429,37219.926,155596,373141,55500800,22437888,49518,0,2026-08-02T09:26:35.979502Z
M1,241,saturated,M1,false,1198.000,1.772,3.876,19.333,37016.486,37219.653,37250.575,158327,374422,55746560,22552576,49660,40,2026-08-02T09:26:35.979502Z
M1,242,saturated,M1,false,1384.000,1.412,2.999,4.590,37126.998,37343.915,37366.191,160862,375822,55984128,22634496,49520,0,2026-08-02T09:26:35.979502Z
M1,243,saturated,M1,false,1380.000,1.545,2.591,3.159,37129.086,37349.478,37379.533,1633,377176,56066048,22708224,49520,9,2026-08-02T09:27:35.984265Z
M1,244,saturated,M1,false,1400.000,1.508,2.980,4.660,37126.998,37337.213,37378.499,4373,378851,56066048,22773760,49480,0,2026-08-02T09:27:35.984265Z
M1,245,saturated,M1,false,1321.000,1.720,3.487,5.086,37154.729,37362.057,37397.063,7141,380447,56066048,22839296,49541,6,2026-08-02T09:27:35.984265Z
M1,246,saturated,M1,false,1385.000,1.584,2.347,7.821,37154.066,37382.611,37404.701,9890,381585,56066048,22888448,49540,0,2026-08-02T09:27:35.984265Z
M1,247,saturated,M1,false,1380.000,1.656,2.598,3.041,37120.266,37338.111,37372.454,12648,382932,56066048,22953984,49520,0,2026-08-02T09:27:35.984265Z
M1,248,saturated,M1,false,1341.000,1.509,3.267,20.100,37146.808,37366.376,37386.890,15371,384062,56066048,23019520,49520,19,2026-08-02T09:27:35.984265Z
M1,249,saturated,M1,false,1133.000,1.423,6.677,36.254,37223.887,37436.751,37466.540,17928,385697,56066048,23068672,49553,20,2026-08-02T09:27:35.984265Z
M1,250,saturated,M1,false,978.000,1.303,3.873,12.238,37523.923,37797.308,37824.752,20247,386978,56066048,23126016,49520,37,2026-08-02T09:27:35.984265Z
M1,251,saturated,M1,false,1231.000,1.621,7.897,18.705,37596.175,37799.590,37866.755,22610,387918,56066048,23166976,49673,7,2026-08-02T09:27:35.984265Z
M1,252,saturated,M1,false,1352.000,1.504,3.030,9.808,37564.124,37860.878,37915.949,25246,388914,56066048,23232512,49580,20,2026-08-02T09:27:35.984265Z
M1,253,saturated,M1,false,1360.000,1.570,2.335,2.746,37463.451,37681.561,37712.494,27854,390177,56066048,23281664,49560,0,2026-08-02T09:27:35.984265Z
M1,254,saturated,M1,false,1360.000,1.618,2.439,2.784,37488.795,37709.798,37725.156,30580,391752,56066048,23347200,49560,0,2026-08-02T09:27:35.984265Z
M1,255,saturated,M1,false,1340.000,1.555,2.673,8.116,37494.483,37711.416,37755.600,33304,392877,56066048,23412736,49560,0,2026-08-02T09:27:35.984265Z
M1,256,saturated,M1,false,1242.000,1.770,4.658,18.519,37586.820,37792.281,37808.579,35813,394237,56066048,23461888,49620,19,2026-08-02T09:27:35.984265Z
M1,257,saturated,M1,false,1360.000,1.728,2.450,2.818,37540.148,37765.290,37794.787,38397,395499,56066048,23527424,49580,0,2026-08-02T09:27:35.984265Z
M1,258,saturated,M1,false,1189.000,1.776,6.462,14.233,37656.020,37852.319,37867.817,41103,396839,56066048,23576576,49600,0,2026-08-02T09:27:35.984265Z
M1,259,saturated,M1,false,1242.000,1.703,3.289,8.461,37662.956,37884.511,37906.540,43616,398065,56066048,23642112,49660,19,2026-08-02T09:27:35.984265Z
M1,260,saturated,M1,false,1216.000,1.723,4.353,59.278,37738.078,37992.938,38007.217,46081,399623,56066048,23691264,49619,2,2026-08-02T09:27:35.984265Z
M1,261,saturated,M1,false,1086.000,1.790,7.352,30.160,37825.372,38042.923,38070.432,48576,400785,56066048,23748608,49799,19,2026-08-02T09:27:35.984265Z
M1,262,saturated,M1,false,1192.000,1.774,12.623,20.563,38134.492,38356.328,38380.536,50678,401831,56320000,23789568,49580,16,2026-08-02T09:27:35.984265Z
M1,263,saturated,M1,false,1221.000,1.558,5.542,11.522,38178.752,38445.420,38473.016,53019,402820,56475648,23846912,49580,0,2026-08-02T09:27:35.984265Z
M1,264,saturated,M1,false,1320.000,1.743,2.507,3.039,38231.685,38463.030,38493.393,55601,404084,56778752,23904256,49600,20,2026-08-02T09:27:35.984265Z
M1,265,saturated,M1,false,1361.000,1.677,2.691,4.413,38192.551,38443.359,38488.027,58311,405325,56983552,23969792,49600,19,2026-08-02T09:27:35.984265Z
M1,266,saturated,M1,false,1300.000,1.861,2.895,3.790,38144.355,38370.992,38399.713,60995,406666,57253888,24018944,49624,19,2026-08-02T09:27:35.984265Z
M1,267,saturated,M1,false,1300.000,1.835,3.533,4.138,38210.592,38435.334,38466.504,63628,408006,57548800,24084480,49640,20,2026-08-02T09:27:35.984265Z
M1,268,saturated,M1,false,1356.000,1.677,2.430,2.899,38212.749,38438.072,38470.393,66121,409306,57786368,24150016,49616,12,2026-08-02T09:27:35.984265Z
M1,269,saturated,M1,false,1321.000,1.658,3.006,3.587,38212.682,38445.654,38466.982,68966,410626,58048512,24199168,49612,21,2026-08-02T09:27:35.984265Z
M1,270,saturated,M1,false,1418.000,1.388,2.668,17.122,38180.174,38447.091,38482.179,71731,411986,58302464,24264704,49620,30,2026-08-02T09:27:35.984265Z
M1,271,saturated,M1,false,1241.000,1.525,3.255,17.532,38126.002,38373.532,38391.888,74517,413324,58540032,24330240,49752,0,2026-08-02T09:27:35.984265Z
M1,272,saturated,M1,false,1360.000,1.552,2.555,4.525,38220.778,38459.475,38475.160,77053,414741,58843136,24379392,49620,0,2026-08-02T09:27:35.984265Z
M1,273,saturated,M1,false,1400.000,1.533,2.135,2.798,38217.734,38449.731,38464.514,79792,416002,59023360,24444928,49620,0,2026-08-02T09:27:35.984265Z
M1,274,saturated,M1,false,1340.000,1.652,2.344,2.593,38198.783,38424.830,38439.694,82557,417362,59326464,24510464,49640,6,2026-08-02T09:27:35.984265Z
M1,275,saturated,M1,false,1180.000,1.599,2.347,2.591,38253.767,38443.901,38469.933,85248,418762,59564032,24567808,49800,0,2026-08-02T09:27:35.984265Z
M1,276,saturated,M1,false,1376.000,1.602,2.231,2.561,38342.301,38558.684,38584.885,87637,420082,59793408,24625152,49649,36,2026-08-02T09:27:35.984265Z
M1,277,saturated,M1,false,1347.000,1.557,2.475,4.541,38329.584,38556.402,38582.903,90367,421983,60030976,24682496,49660,20,2026-08-02T09:27:35.984265Z
M1,278,saturated,M1,false,1360.000,1.744,2.607,3.234,38286.805,38512.775,38543.783,93143,423345,60284928,24739840,49640,18,2026-08-02T09:27:35.984265Z
M1,279,saturated,M1,false,1221.000,1.492,3.160,24.784,38361.893,38589.063,38618.210,95738,424685,60538880,24805376,49679,0,2026-08-02T09:27:35.984265Z
M1,280,saturated,M1,false,1346.000,1.514,6.955,10.028,38335.595,38589.876,38631.216,98272,425945,60760064,24862720,49639,40,2026-08-02T09:27:35.984265Z
M1,281,saturated,M1,false,1247.000,1.659,3.830,21.640,38345.003,38557.040,38586.685,100848,427233,61054976,24928256,49717,14,2026-08-02T09:27:35.984265Z
M1,282,saturated,M1,false,1378.000,1.561,2.272,2.546,38374.196,38591.951,38618.131,103592,428829,61366272,24985600,49640,20,2026-08-02T09:27:35.984265Z
M1,283,saturated,M1,false,1360.000,1.552,2.253,2.518,38380.699,38609.771,38631.759,106322,429877,61685760,25042944,49640,0,2026-08-02T09:27:35.984265Z
M1,284,saturated,M1,false,1340.000,1.739,2.416,2.608,38392.802,38619.196,38647.728,109041,431237,62021632,25108480,49640,4,2026-08-02T09:27:35.984265Z
M1,285,saturated,M1,false,1392.000,1.528,2.149,2.440,38415.989,38639.520,38670.257,111755,432577,62324736,25165824,49640,0,2026-08-02T09:27:35.984265Z
M1,286,saturated,M1,false,1388.000,1.575,2.248,2.534,38399.467,38614.135,38628.495,114581,433957,62636032,25231360,49660,0,2026-08-02T09:27:35.984265Z
M1,287,saturated,M1,false,1220.000,1.706,2.512,2.741,38362.189,38576.117,38606.590,117298,435377,62930944,25288704,49760,0,2026-08-02T09:27:35.984265Z
M1,288,saturated,M1,false,1384.000,1.545,2.180,2.504,38207.901,38507.554,38537.725,119840,436697,63217664,25346048,49676,4,2026-08-02T09:27:35.984265Z
M1,289,saturated,M1,false,1300.000,1.742,2.370,2.738,38033.326,38249.830,38265.833,122564,437997,63520768,25403392,49700,20,2026-08-02T09:27:35.984265Z
M1,290,saturated,M1,false,1359.000,1.535,3.053,23.242,37992.392,38217.237,38243.200,125187,439832,63782912,25468928,49680,20,2026-08-02T09:27:35.984265Z
M1,291,saturated,M1,false,1174.000,1.787,6.871,20.340,38001.073,38214.330,38292.694,127872,440641,64077824,25526272,49788,16,2026-08-02T09:27:35.984265Z
M1,292,saturated,M1,false,1369.000,1.521,2.705,5.166,38087.045,38314.169,38333.950,130328,442197,64315392,25583616,49680,2,2026-08-02T09:27:35.984265Z
M1,293,saturated,M1,false,1340.000,1.726,2.366,2.758,38092.894,38318.488,38349.648,133037,443203,64618496,25640960,49680,0,2026-08-02T09:27:35.984265Z
M1,294,saturated,M1,false,1360.000,1.714,2.354,2.858,38048.899,38266.550,38329.092,135606,444543,64929792,25698304,49680,20,2026-08-02T09:27:35.984265Z
M1,295,saturated,M1,false,1360.000,1.762,2.535,2.868,38005.640,38231.776,38248.012,138481,445903,65200128,25763840,49696,5,2026-08-02T09:27:35.984265Z
M1,296,saturated,M1,false,1340.000,1.727,2.385,2.685,37908.686,38122.451,38148.405,141193,447534,65503232,25829376,49700,9,2026-08-02T09:27:35.984265Z
M1,297,saturated,M1,false,1320.000,1.803,2.448,2.769,37884.830,38107.549,38122.226,143887,448623,65781760,25878528,49700,22,2026-08-02T09:27:35.984265Z
M1,298,saturated,M1,false,1360.000,1.613,2.328,2.664,37744.554,37974.543,38002.168,145229,450198,66084864,25944064,49700,0,2026-08-02T09:27:35.984265Z
M1,299,saturated,M1,false,1240.000,1.699,2.575,86.852,37706.576,37927.264,37958.007,147944,451558,66338816,26009600,49831,17,2026-08-02T09:27:35.984265Z
M1,300,saturated,M1,true,1460.000,1.408,2.482,4.768,37435.009,37663.582,37692.799,150590,451558,66576384,26058752,49640,0,2026-08-02T09:27:35.984265Z
M1,301,saturated,M1,true,1150.000,1.781,3.418,18.757,37388.571,37574.096,37601.955,153252,453263,67035136,26140672,49839,2057,2026-08-02T09:27:35.984265Z
M1,302,saturated,M1,true,1380.000,1.573,2.667,15.952,37422.172,37638.947,37668.241,155840,454623,67502080,26222592,49700,4569,2026-08-02T09:27:35.984265Z
M1,303,saturated,M1,true,1360.000,1.874,2.625,3.604,37407.812,37625.244,37653.520,6085,455875,67616768,26312704,49720,7316,2026-08-02T09:28:35.990264Z
M1,304,saturated,M1,true,1340.000,2.086,2.816,3.035,37383.012,37607.207,37627.851,8787,456830,67616768,26411008,49733,10002,2026-08-02T09:28:35.990264Z
M1,305,saturated,M1,true,1300.000,2.105,2.896,3.502,37385.237,37613.231,37628.943,11488,458170,67616768,26492928,49740,12648,2026-08-02T09:28:35.990264Z
M1,306,saturated,M1,true,1320.000,2.265,3.079,3.447,37398.468,37623.524,37643.365,14125,459255,67616768,26583040,49740,15294,2026-08-02T09:28:35.990264Z
M1,307,saturated,M1,true,1300.000,2.384,3.124,3.347,37430.641,37648.889,37675.601,16763,460562,67616768,26673152,49740,17900,2026-08-02T09:28:35.990264Z
M1,308,saturated,M1,true,1366.000,2.125,3.100,3.405,37483.948,37704.044,37720.677,19375,462130,67616768,26763264,49735,20628,2026-08-02T09:28:35.990264Z
M1,309,saturated,M1,true,1300.000,2.542,3.601,4.982,37471.574,37695.951,37742.494,22130,463195,67616768,26853376,49760,23284,2026-08-02T09:28:35.990264Z
M1,310,saturated,M1,true,1280.000,2.144,3.517,18.338,37483.768,37709.148,37734.125,24724,464561,67616768,26935296,49740,25829,2026-08-02T09:28:35.990264Z
M1,311,saturated,M1,true,1221.000,2.754,6.637,13.948,37510.587,37752.592,37768.726,27314,465821,67616768,27025408,49842,28458,2026-08-02T09:28:35.990264Z
M1,312,saturated,M1,true,1303.000,2.525,3.811,4.904,37639.218,37863.520,37882.197,29853,467142,67796992,27107328,49737,30896,2026-08-02T09:28:35.990264Z
M1,313,saturated,M1,true,1326.000,2.835,4.213,5.368,37580.387,37835.745,37884.397,32383,468362,68288512,27197440,49766,33588,2026-08-02T09:28:35.990264Z
M1,314,saturated,M1,true,1320.000,2.749,4.156,4.669,37554.107,37786.761,37816.961,35082,469665,68788224,27295744,49760,36226,2026-08-02T09:28:35.990264Z
M1,315,saturated,M1,true,1300.000,2.897,4.246,4.933,37600.763,37821.784,37852.685,37731,471024,69263360,27377664,49774,38860,2026-08-02T09:28:35.990264Z
M1,316,saturated,M1,true,1300.000,2.922,4.401,5.070,37630.892,37861.578,37900.645,40347,472311,69763072,27467776,49760,41426,2026-08-02T09:28:35.990264Z
M1,317,saturated,M1,true,1271.000,2.409,6.320,16.124,37657.974,37890.532,37934.154,42852,473867,70205440,27549696,49715,43879,2026-08-02T09:28:35.990264Z
M1,318,saturated,M1,true,979.000,3.424,19.767,70.612,37738.535,38085.757,38115.639,45415,475326,70598656,27623424,49771,45975,2026-08-02T09:28:35.990264Z
M1,319,saturated,M1,true,1230.000,3.318,5.637,8.573,37958.434,38167.840,38182.566,47452,476345,71041024,27697152,49780,48443,2026-08-02T09:28:35.990264Z
M1,320,saturated,M1,true,1263.000,3.275,5.369,17.852,37996.314,38213.888,38229.723,49940,477642,71516160,27795456,49767,50946,2026-08-02T09:28:35.990264Z
M1,321,saturated,M1,true,1108.000,3.266,5.131,7.841,38002.101,38239.760,38284.633,52466,478374,71999488,27869184,49940,53517,2026-08-02T09:28:35.990264Z
M1,322,saturated,M1,true,1297.000,3.115,5.174,6.626,38194.250,38418.114,38438.605,54780,479654,72458240,27942912,49780,55811,2026-08-02T09:28:35.990264Z
M1,323,saturated,M1,true,1364.000,2.856,4.596,5.456,38179.820,38409.921,38455.846,57399,480774,72974336,28041216,49800,58549,2026-08-02T09:28:35.990264Z
M1,324,saturated,M1,true,1300.000,3.208,4.725,5.566,38236.320,38456.425,38490.779,60118,482108,73441280,28131328,49807,61176,2026-08-02T09:28:35.990264Z
M1,325,saturated,M1,true,1239.000,3.687,4.856,5.510,38342.757,38558.421,38590.549,62713,483463,73916416,28213248,49813,63690,2026-08-02T09:28:35.990264Z
M1,326,saturated,M1,true,1269.000,3.454,5.388,6.693,38358.474,38536.836,38574.585,65223,484743,74424320,28303360,49814,66246,2026-08-02T09:28:35.990264Z
M1,327,saturated,M1,true,1292.000,3.145,5.504,7.846,38408.198,38629.078,38650.780,67776,485983,74874880,28385280,49763,68737,2026-08-02T09:28:35.990264Z
M1,328,saturated,M1,true,1380.000,2.443,4.708,5.364,38341.393,38570.224,38592.779,70449,487263,75415552,28483584,49800,71582,2026-08-02T09:28:35.990264Z
M1,329,saturated,M1,true,1172.000,4.430,5.904,6.595,38418.917,38650.767,38703.561,73155,488886,75874304,28557312,49839,73996,2026-08-02T09:28:35.990264Z
M1,330,saturated,M1,true,1308.000,3.020,5.697,13.394,38440.693,38659.718,38693.092,75515,490178,76324864,28647424,49800,76532,2026-08-02T09:28:35.990264Z
M1,331,saturated,M1,true,1203.000,3.612,5.851,21.908,38427.480,38670.907,38708.893,78168,491378,76857344,28729344,49879,79111,2026-08-02T09:28:35.990264Z
M1,332,saturated,M1,true,1156.000,2.842,5.431,6.477,38495.893,38752.912,38768.590,80543,492443,77283328,28811264,49979,81611,2026-08-02T09:28:35.990264Z
M1,333,saturated,M1,true,1245.000,3.396,5.779,147.497,38684.384,38908.838,38935.300,82839,494117,77709312,28884992,49820,83817,2026-08-02T09:28:35.990264Z
M1,334,saturated,M1,true,1388.000,2.545,5.079,5.618,38728.130,38957.091,38974.568,85438,495022,78225408,28975104,49792,86529,2026-08-02T09:28:35.990264Z
M1,335,saturated,M1,true,1352.000,2.620,5.127,5.872,38689.519,38914.085,38938.178,88259,496322,78774272,29073408,49816,89286,2026-08-02T09:28:35.990264Z
M1,336,saturated,M1,true,1324.000,3.091,5.418,6.077,38705.287,38931.257,38962.959,90906,498014,79249408,29204480,49820,91959,2026-08-02T09:28:35.990264Z
M1,337,saturated,M1,true,1340.000,2.973,5.399,6.095,38703.938,38930.833,38958.935,93628,499022,79749120,29327360,49828,94629,2026-08-02T09:28:35.990264Z
M1,338,saturated,M1,true,1290.000,3.102,5.764,6.961,38769.448,38942.339,38983.609,96231,500406,80240640,29474816,49796,97171,2026-08-02T09:28:35.990264Z
M1,339,saturated,M1,true,1320.000,2.859,5.510,6.246,38719.783,38926.328,38943.998,98907,501942,80764928,29597696,49852,99934,2026-08-02T09:28:35.990264Z
M1,340,saturated,M1,true,1296.000,2.959,6.184,19.763,38773.361,38994.768,39013.431,101473,503292,81240064,29728768,49820,102444,2026-08-02T09:28:35.990264Z
M1,341,saturated,M1,true,1202.000,3.359,6.778,21.741,38718.841,38927.485,38959.017,104069,504566,81731584,29851648,49915,105053,2026-08-02T09:28:35.990264Z
M1,342,saturated,M1,true,1351.000,2.920,6.271,8.260,38827.427,39046.429,39065.688,106480,505389,82190336,29982720,49814,107573,2026-08-02T09:28:35.990264Z
M1,343,saturated,M1,true,1248.000,2.791,5.756,7.626,38820.031,39090.144,39126.071,109199,507257,82681856,30089216,49813,110069,2026-08-02T09:28:35.990264Z
M1,344,saturated,M1,true,1372.000,2.929,5.242,7.027,38849.980,39075.018,39100.100,111770,508511,83156992,30244864,49822,112861,2026-08-02T09:28:35.990264Z
M1,345,saturated,M1,true,1285.000,3.439,6.635,7.754,38831.486,39063.385,39087.962,114371,509890,83640320,30367744,49839,115466,2026-08-02T09:28:35.990264Z
M1,346,saturated,M1,true,1308.000,3.321,6.265,7.366,38848.856,39077.635,39098.017,117023,511191,84156416,30498816,49830,118051,2026-08-02T09:28:35.990264Z
M1,347,saturated,M1,true,1356.000,2.960,5.873,7.925,38856.139,39079.671,39099.325,119634,512488,84664320,30654464,49821,120767,2026-08-02T09:28:35.990264Z
M1,348,saturated,M1,true,1379.000,2.989,5.335,6.807,38822.889,39045.294,39073.269,122392,514095,85172224,30785536,49836,123533,2026-08-02T09:28:35.990264Z
M1,349,saturated,M1,true,1315.000,3.128,6.146,7.360,38756.425,38964.105,38980.374,125165,515230,85704704,30908416,49878,126248,2026-08-02T09:28:35.990264Z
M1,350,saturated,M1,true,1332.000,3.137,6.523,12.679,38782.429,38995.295,39019.355,127723,516580,86188032,31047680,49832,128833,2026-08-02T09:28:35.990264Z
M1,351,saturated,M1,true,1214.000,3.220,6.840,30.648,38697.464,38902.759,38930.371,130417,517871,86687744,31178752,49949,131533,2026-08-02T09:28:35.990264Z
M1,352,saturated,M1,true,1339.000,3.131,6.790,14.118,38756.751,38980.714,39002.172,132868,519206,87138304,31309824,49845,133975,2026-08-02T09:28:35.990264Z
M1,353,saturated,M1,true,1351.000,3.244,5.271,8.305,38733.002,38957.224,38981.016,135613,520439,87695360,31440896,49842,136680,2026-08-02T09:28:35.990264Z
M1,354,saturated,M1,true,1315.000,2.876,4.957,6.718,38724.756,38969.092,38987.538,138278,521787,88170496,31563776,49836,139301,2026-08-02T09:28:35.990264Z
M1,355,saturated,M1,true,1456.000,2.782,3.825,4.563,38642.872,38866.537,38906.639,141021,523094,88670208,31703040,49846,142239,2026-08-02T09:28:35.990264Z
M1,356,saturated,M1,true,1428.000,2.858,4.581,6.090,38453.327,38706.829,38747.230,143916,524560,89235456,31842304,49842,145112,2026-08-02T09:28:35.990264Z
M1,357,saturated,M1,true,1433.000,2.977,4.128,5.619,38149.181,38390.593,38430.140,146786,525988,89776128,31997952,49842,147973,2026-08-02T09:28:35.990264Z
M1,358,saturated,M1,true,1289.000,3.651,7.266,9.590,38069.143,38290.491,38315.793,149567,527421,90267648,32120832,49844,150567,2026-08-02T09:28:35.990264Z
M1,359,saturated,M1,true,1367.000,3.143,5.213,6.364,37941.235,38225.620,38262.991,152235,528969,90800128,32251904,49867,153353,2026-08-02T09:28:35.990264Z
M1,360,saturated,M1,true,1326.000,3.255,6.729,13.138,37872.770,38074.461,38100.146,154888,530357,91283456,32391168,49853,155975,2026-08-02T09:28:35.990264Z
M1,361,saturated,M1,true,1235.000,3.258,5.953,28.222,37829.326,38042.207,38112.247,157645,531668,91824128,32522240,49963,158680,2026-08-02T09:28:35.990264Z
M1,362,saturated,M1,true,1257.000,3.635,8.996,19.828,37922.257,38151.056,38172.298,160051,533011,92241920,32645120,49896,161052,2026-08-02T09:28:35.990264Z
M1,363,saturated,M1,true,1388.000,3.221,5.428,7.215,37905.230,38155.538,38196.444,163207,535150,92643328,32768000,49852,163751,2026-08-02T09:29:36.087691Z
M1,364,saturated,M1,true,1225.000,3.204,4.938,8.380,37871.016,38092.480,38126.426,165936,536754,93134848,32890880,49850,166209,2026-08-02T09:29:36.087691Z
M1,365,saturated,M1,true,1380.000,3.229,4.903,6.411,37809.835,38038.833,38078.263,168469,537721,93642752,33038336,49853,168978,2026-08-02T09:29:36.087691Z
M1,366,saturated,M1,true,1399.000,3.320,4.566,5.617,37807.768,38030.986,38055.032,171270,539360,94167040,33169408,49852,171785,2026-08-02T09:29:36.087691Z
M1,367,saturated,M1,true,1380.000,3.353,5.035,6.868,37704.189,37946.077,37987.021,174057,540250,94658560,33300480,49856,174555,2026-08-02T09:29:36.087691Z
M1,368,saturated,M1,true,1384.000,3.404,4.835,5.884,37601.058,37824.435,37850.991,176837,542143,95174656,33439744,49853,177328,2026-08-02T09:29:36.087691Z
M1,369,saturated,M1,true,1340.000,3.560,5.553,6.873,37534.495,37765.752,37805.295,179603,543693,95698944,33570816,49875,180061,2026-08-02T09:29:36.087691Z
M1,370,saturated,M1,true,1282.000,3.738,7.988,18.444,37468.484,37711.903,37744.936,182149,544888,96174080,33693696,49861,182588,2026-08-02T09:29:36.087691Z
M1,371,saturated,M1,true,1233.000,3.681,5.765,29.895,37319.710,37539.412,37599.694,184869,546152,96731136,33832960,49968,185273,2026-08-02T09:29:36.087691Z
M1,372,saturated,M1,true,1283.000,4.003,7.819,13.243,37432.047,37653.566,37691.434,187229,547485,97124352,33955840,49864,187640,2026-08-02T09:29:36.087691Z
M1,373,saturated,M1,true,1299.000,3.938,6.514,8.751,37497.211,37721.785,37742.699,189877,548813,97640448,34095104,49880,190276,2026-08-02T09:29:36.087691Z
M1,374,saturated,M1,true,1222.000,3.934,6.212,14.141,37479.196,37727.265,37752.228,192482,548813,98164736,34209792,49962,192890,2026-08-02T09:29:36.087691Z
M1,375,saturated,M1,true,1316.000,4.053,6.039,7.320,37599.881,37828.621,37849.043,194943,550110,98598912,34332672,49869,195338,2026-08-02T09:29:36.087691Z
M1,376,saturated,M1,true,1240.000,4.370,7.939,11.258,37588.300,37815.691,37847.273,197554,551334,99074048,34463744,49867,197832,2026-08-02T09:29:36.087691Z
M1,377,saturated,M1,true,1263.000,4.360,6.873,9.614,37669.722,37886.200,37911.075,200083,552890,99557376,34578432,49885,200397,2026-08-02T09:29:36.087691Z
M1,378,saturated,M1,true,1275.000,4.395,6.767,8.415,37679.405,37904.905,37923.798,202580,554400,100024320,34709504,49873,202930,2026-08-02T09:29:36.087691Z
M1,379,saturated,M1,true,1262.000,4.506,6.858,8.400,37679.386,37910.866,37948.704,205180,555642,100524032,34832384,49890,205497,2026-08-02T09:29:36.087691Z
M1,380,saturated,M1,true,1210.000,4.593,9.802,22.370,37732.426,37953.153,37981.311,207566,557068,100958208,34955264,49872,207875,2026-08-02T09:29:36.087691Z
M1,381,saturated,M1,true,1148.000,4.624,7.125,25.072,37774.310,37976.142,38011.862,210125,558253,101433344,35078144,49616,210395,2026-08-02T09:29:36.087691Z
M1,382,saturated,M1,true,1139.000,5.049,13.115,27.983,37931.192,38172.002,38209.527,212255,559758,101810176,35192832,49877,212483,2026-08-02T09:29:36.087691Z
M1,383,saturated,M1,true,1242.000,4.736,7.449,8.861,38020.863,38246.748,38271.371,214728,560549,102277120,35307520,49895,214996,2026-08-02T09:29:36.087691Z
M1,384,saturated,M1,true,1245.000,4.758,7.805,10.776,38080.445,38303.105,38333.270,217196,562316,102727680,35430400,49878,217463,2026-08-02T09:29:36.087691Z
M1,385,saturated,M1,true,1249.000,4.761,7.550,8.918,38115.634,38337.813,38368.621,219722,563546,103194624,35553280,49878,219962,2026-08-02T09:29:36.087691Z
M1,386,saturated,M1,true,1140.000,4.901,8.550,15.112,38240.832,38453.098,38495.344,222206,564793,103686144,35676160,49964,222417,2026-08-02T09:29:36.087691Z
M1,387,saturated,M1,true,808.000,8.817,23.574,50.566,38561.274,38938.116,38963.988,224031,565505,103981056,35758080,49894,223900,2026-08-02T09:29:36.087691Z
M1,388,saturated,M1,true,1195.000,5.041,8.578,11.473,38841.320,39064.911,39093.327,226091,566757,104407040,35880960,49887,226284,2026-08-02T09:29:36.087691Z
M1,389,saturated,M1,true,1036.000,6.366,11.556,17.303,38877.358,39126.154,39165.801,228405,567946,104841216,35995648,49947,228475,2026-08-02T09:29:36.087691Z
M1,390,saturated,M1,true,1038.000,6.039,12.679,62.686,39224.594,39458.251,39492.835,230317,567946,105185280,36077568,49890,230448,2026-08-02T09:29:36.087691Z
M1,391,saturated,M1,true,1006.000,5.970,10.509,26.307,39312.712,39507.825,39561.403,232587,568931,105611264,36184064,49696,232644,2026-08-02T09:29:36.087691Z
M1,392,saturated,M1,true,1067.000,5.969,11.609,36.936,39529.831,39802.547,39838.237,234499,570066,105988096,36290560,49898,234628,2026-08-02T09:29:36.087691Z
M1,393,saturated,M1,true,1142.000,5.855,9.431,11.490,39740.586,39973.801,40013.203,236782,571596,106438656,36405248,49894,236910,2026-08-02T09:29:36.087691Z
M1,394,saturated,M1,true,1129.000,5.817,9.288,13.005,39851.278,40066.109,40089.844,239062,572989,106823680,36511744,49897,239176,2026-08-02T09:29:36.087691Z
M1,395,saturated,M1,true,1180.000,5.530,8.921,10.535,39996.145,40253.632,40294.030,241394,573863,107274240,36634624,49888,241531,2026-08-02T09:29:36.087691Z
M1,396,saturated,M1,true,1134.000,5.586,9.877,12.773,40240.759,40490.050,40529.557,243749,575291,107724800,36765696,49915,243853,2026-08-02T09:29:36.087691Z
M1,397,saturated,M1,true,1122.000,6.070,10.015,13.724,40407.588,40654.720,40700.921,245985,576738,108134400,36880384,49898,246069,2026-08-02T09:29:36.087691Z
M1,398,saturated,M1,true,940.000,7.066,18.949,38.026,40730.030,41053.289,41087.427,248045,577555,108494848,36962304,49905,247976,2026-08-02T09:29:36.087691Z
M1,399,saturated,M1,true,895.000,6.714,20.697,42.892,40910.231,41165.640,41197.968,250085,578249,108879872,37060608,49958,249892,2026-08-02T09:29:36.087691Z
M1,400,saturated,M1,true,360.000,26.348,59.389,79.729,41646.753,42024.744,42087.144,251178,579198,109043712,37109760,49973,250633,2026-08-02T09:29:36.087691Z
M1,401,saturated,M1,true,902.000,7.831,17.127,26.298,42049.515,42352.314,42385.295,252422,579825,109355008,37183488,49742,252443,2026-08-02T09:29:36.087691Z
M1,402,saturated,M1,true,875.000,9.113,17.730,41.062,42416.875,42689.442,42730.447,254190,579825,109658112,37289984,49942,254120,2026-08-02T09:29:36.087691Z
M1,403,saturated,M1,true,874.000,9.504,17.072,21.359,42784.079,43046.407,43083.768,255911,580875,110002176,37355520,49929,255854,2026-08-02T09:29:36.087691Z
M1,404,saturated,M1,true,974.000,7.403,14.521,26.990,43090.025,43405.855,43442.540,257774,581718,110354432,37462016,49917,257765,2026-08-02T09:29:36.087691Z
M1,405,saturated,M1,true,856.000,9.381,17.809,23.875,43373.259,43585.384,43608.385,259610,582919,110682112,37543936,49930,259519,2026-08-02T09:29:36.087691Z
M1,406,saturated,M1,true,963.000,8.206,14.309,18.669,43636.116,43924.091,43958.648,261412,584007,111050752,37642240,49921,261426,2026-08-02T09:29:36.087691Z
M1,407,saturated,M1,true,1083.000,6.403,11.105,17.399,43851.805,44071.808,44089.975,263492,584960,111443968,37756928,49923,263594,2026-08-02T09:29:36.087691Z
M1,408,saturated,M1,true,1099.000,6.380,10.284,13.263,44041.242,44310.051,44349.208,265706,586044,111845376,37863424,49919,265799,2026-08-02T09:29:36.087691Z
M1,409,saturated,M1,true,1054.000,6.728,11.288,15.222,44156.990,44413.783,44457.635,267784,587652,112263168,37969920,49944,267956,2026-08-02T09:29:36.087691Z
M1,410,saturated,M1,true,936.000,7.464,17.551,34.490,44448.887,44704.698,44740.854,269694,588217,112615424,38051840,49925,269815,2026-08-02T09:29:36.087691Z
M1,411,saturated,M1,true,695.000,8.902,32.658,70.514,44802.939,45028.507,45057.005,271492,589399,112910336,38141952,49632,271330,2026-08-02T09:29:36.087691Z
M1,412,saturated,M1,true,992.000,7.261,14.459,60.094,45303.465,45542.536,45581.001,273066,589889,113246208,38240256,49927,273187,2026-08-02T09:29:36.087691Z
M1,413,saturated,M1,true,997.000,7.413,13.679,24.537,45517.635,45807.303,45841.493,275072,591290,113623040,38313984,49931,275190,2026-08-02T09:29:36.087691Z
M1,414,saturated,M1,true,1018.000,7.356,12.279,15.132,45818.908,46049.818,46088.807,277115,592318,113983488,38428672,49931,277234,2026-08-02T09:29:36.087691Z
M1,415,saturated,M1,true,1020.000,7.229,12.025,16.715,46044.745,46316.476,46355.699,279187,592318,114409472,38518784,49934,279288,2026-08-02T09:29:36.087691Z
M1,416,saturated,M1,true,1048.000,7.009,11.647,14.719,46304.682,46524.603,46564.354,281268,593349,114786304,38641664,49936,281392,2026-08-02T09:29:36.087691Z
M1,417,saturated,M1,true,837.000,10.067,18.007,21.120,46510.672,46865.538,46912.735,283132,594388,115130368,38723584,49931,283067,2026-08-02T09:29:36.087691Z
M1,418,saturated,M1,true,922.000,8.674,17.169,22.456,46872.114,47139.491,47175.339,284884,595334,115449856,38821888,49936,284920,2026-08-02T09:29:36.087691Z
M1,419,saturated,M1,true,996.000,7.640,12.869,15.386,47070.455,47301.349,47341.393,286868,596428,115843072,38912000,49941,286930,2026-08-02T09:29:36.087691Z
M1,420,saturated,M1,true,927.000,8.304,14.625,21.391,47357.507,47559.336,47582.275,288682,597175,116170752,39010304,49934,288772,2026-08-02T09:29:36.087691Z
M1,421,saturated,M1,true,941.000,7.384,12.930,22.036,47594.517,47850.778,47886.755,290664,598384,116563968,39116800,49514,290774,2026-08-02T09:29:36.087691Z
M1,422,saturated,M1,true,868.000,8.794,21.906,60.606,47894.059,48137.884,48172.051,292410,599116,116858880,39190528,49954,292441,2026-08-02T09:29:36.087691Z
M1,423,saturated,M1,true,1006.000,7.545,12.759,17.129,48150.683,48409.911,48450.547,293537,600777,117391360,39288832,49939,294421,2026-08-02T09:30:36.123222Z
M1,424,saturated,M1,true,989.000,7.721,13.628,18.475,48342.541,48574.367,48595.389,295591,602025,117743616,39378944,49958,296437,2026-08-02T09:30:36.123222Z
M1,425,saturated,M1,true,841.000,9.518,20.914,32.910,48680.575,48966.504,49012.899,297352,602777,118104064,39477248,49952,298122,2026-08-02T09:30:36.123222Z
M1,426,saturated,M1,true,954.000,8.189,14.707,20.155,48900.222,49169.811,49206.573,299179,603867,118390784,39559168,49954,300034,2026-08-02T09:30:36.123222Z
M1,427,saturated,M1,true,746.000,10.161,31.141,41.545,49207.310,49534.773,49594.245,301000,605010,118775808,39641088,49967,301549,2026-08-02T09:30:36.123222Z
M1,428,saturated,M1,true,827.000,9.723,22.875,28.510,49675.505,49981.713,50018.478,302451,605717,119062528,39723008,49960,303201,2026-08-02T09:30:36.123222Z
M1,429,saturated,M1,true,856.000,9.597,17.927,25.442,49918.398,50210.151,50244.779,304215,606589,119332864,39804928,49954,304916,2026-08-02T09:30:36.123222Z
M1,430,saturated,M1,true,874.000,8.433,16.458,73.123,50360.943,50561.738,50582.808,305862,607389,119668736,39878656,49946,306637,2026-08-02T09:30:36.123222Z
M1,431,saturated,M1,true,756.000,9.497,21.877,41.666,50517.331,50883.267,50915.389,307663,607389,120029184,39976960,49646,308254,2026-08-02T09:30:36.123222Z
M1,432,saturated,M1,true,351.000,23.288,79.955,246.896,51257.465,51570.777,51584.508,308518,608320,120102912,40001536,49969,308913,2026-08-02T09:30:36.123222Z
M1,433,saturated,M1,true,909.000,8.896,16.027,21.517,51647.910,51858.497,51902.173,309936,608995,120487936,40091648,49953,310701,2026-08-02T09:30:36.123222Z
M1,434,saturated,M1,true,649.000,10.968,39.839,79.075,51887.682,52111.166,52143.737,311392,609890,120741888,40157184,49949,311984,2026-08-02T09:30:36.123222Z
M1,435,saturated,M1,true,906.000,8.907,15.421,22.037,52268.610,52538.437,52581.234,312979,609890,121012224,40247296,49949,313810,2026-08-02T09:30:36.123222Z
M1,436,saturated,M1,true,932.000,8.344,16.251,22.571,52489.937,52772.890,52812.874,314718,610985,121413632,40337408,49953,315679,2026-08-02T09:30:36.123222Z
M1,437,saturated,M1,true,983.000,8.069,13.761,18.658,52764.018,53032.231,53072.733,316666,611901,121724928,40435712,49956,317646,2026-08-02T09:30:36.123222Z
M1,438,saturated,M1,true,963.000,8.294,13.486,17.219,52912.047,53185.334,53225.223,318630,612866,122150912,40542208,49953,319596,2026-08-02T09:30:36.123222Z
M1,439,saturated,M1,true,754.000,9.167,30.547,62.068,53186.359,53529.001,53586.517,320500,613843,122421248,40615936,49975,321133,2026-08-02T09:30:36.123222Z
M1,440,saturated,M1,true,717.000,9.379,33.337,105.405,53788.814,54011.691,54042.637,321717,614812,122650624,40681472,49957,322538,2026-08-02T09:30:36.123222Z
M1,441,saturated,M1,true,894.000,8.235,15.222,51.547,53689.349,53915.065,54075.984,323558,615795,123019264,40771584,49550,324392,2026-08-02T09:30:36.123222Z
M1,442,saturated,M1,true,870.000,8.925,18.947,41.836,53890.152,54089.691,54123.450,325222,617102,123346944,40861696,49958,326071,2026-08-02T09:30:36.123222Z
M1,443,saturated,M1,true,952.000,8.375,14.148,16.377,54075.820,54313.671,54349.634,327101,617814,123674624,40943616,49958,327989,2026-08-02T09:30:36.123222Z
M1,444,saturated,M1,true,922.000,8.783,15.533,19.417,54164.183,54386.811,54408.804,328986,618770,124059648,41041920,49962,329844,2026-08-02T09:30:36.123222Z
M1,445,saturated,M1,true,946.000,8.677,14.341,17.453,54284.871,54525.087,54565.394,330874,618770,124370944,41140224,49965,331738,2026-08-02T09:30:36.123222Z
M1,446,saturated,M1,true,906.000,8.726,16.229,23.423,54336.019,54551.678,54573.111,332767,619914,124772352,41222144,49969,333587,2026-08-02T09:30:36.123222Z
M1,447,saturated,M1,true,862.000,9.890,17.137,22.647,54480.584,54764.591,54801.608,334486,620859,125059072,41304064,49967,335286,2026-08-02T09:30:36.123222Z
M1,448,saturated,M1,true,926.000,8.727,15.501,19.848,54745.452,55008.697,55048.227,336296,621715,125444096,41410560,49965,337143,2026-08-02T09:30:36.123222Z
M1,449,saturated,M1,true,833.000,10.328,18.177,22.449,54889.326,55152.078,55194.246,338082,623082,125739008,41492480,49972,338821,2026-08-02T09:30:36.123222Z
M1,450,saturated,M1,true,767.000,10.324,23.577,63.285,55297.006,55538.207,55571.082,339624,624174,126017536,41574400,49972,340355,2026-08-02T09:30:36.123222Z
M1,451,saturated,M1,true,786.000,10.123,17.977,23.421,55541.185,55837.228,55874.180,341297,624684,126337024,41656320,49605,341984,2026-08-02T09:30:36.123222Z
M1,452,saturated,M1,true,746.000,11.651,25.720,56.305,55934.545,56194.907,56230.625,342729,625816,126640128,41721856,49975,343437,2026-08-02T09:30:36.123222Z
M1,453,saturated,M1,true,519.000,10.759,24.953,352.529,56168.081,56429.092,56576.018,344125,626219,126844928,41795584,49882,344513,2026-08-02T09:30:36.123222Z
M1,454,saturated,M1,true,625.000,10.777,47.129,140.130,56962.029,57192.157,57222.838,344946,626219,127033344,41844736,49975,345736,2026-08-02T09:30:36.123222Z
M1,455,saturated,M1,true,802.000,10.660,19.718,24.827,57222.662,57437.166,57475.575,346351,626951,127377408,41926656,49973,347345,2026-08-02T09:30:36.123222Z
M1,456,saturated,M1,true,863.000,9.710,17.043,20.860,57304.473,57528.010,57549.559,348042,628006,127655936,42008576,49972,349073,2026-08-02T09:30:36.123222Z
M1,457,saturated,M1,true,849.000,10.018,18.437,22.848,57316.422,57632.733,57670.320,349759,629029,127983616,42090496,49973,350775,2026-08-02T09:30:36.123222Z
M1,458,saturated,M1,true,839.000,9.967,18.578,25.453,56829.078,57053.277,57077.300,351454,629878,128319488,42180608,49823,352466,2026-08-02T09:30:36.123222Z
M1,459,saturated,M1,true,822.000,10.422,19.342,22.874,56915.031,57098.743,57130.366,353140,630978,128622592,42262528,49982,354122,2026-08-02T09:30:36.123222Z
M1,460,saturated,M1,true,753.000,11.353,24.994,37.165,57010.489,57253.784,57275.811,354675,631803,128876544,42336256,49975,355621,2026-08-02T09:30:36.123222Z
M1,461,saturated,M1,true,786.000,9.844,17.384,22.631,57119.415,57327.960,57365.222,355554,631803,129056768,42377216,49989,356466,2026-08-02T09:30:36.123222Z
M1,462,saturated,M1,true,834.000,9.979,21.509,105.143,57325.595,57537.156,57557.465,357861,633103,129523712,42508288,49977,358875,2026-08-02T09:30:36.123222Z
M1,463,saturated,M1,true,884.000,9.685,16.532,21.762,57305.284,57523.888,57546.720,359617,633103,129835008,42590208,49981,360649,2026-08-02T09:30:36.123222Z
M1,464,saturated,M1,true,807.000,11.053,19.586,23.965,57367.595,57619.820,57666.715,361336,634361,130146304,42655744,49980,362269,2026-08-02T09:30:36.123222Z
M1,465,saturated,M1,true,848.000,10.320,18.584,23.697,57663.700,57927.349,57963.550,362980,635475,130482176,42754048,49981,363960,2026-08-02T09:30:36.123222Z
M1,466,saturated,M1,true,846.000,10.452,17.571,20.878,57831.676,58060.822,58098.713,364712,636029,130777088,42844160,49984,365667,2026-08-02T09:30:36.123222Z
M1,467,saturated,M1,true,817.000,10.594,19.396,25.129,58122.125,58401.605,58434.982,366369,637154,131080192,42917888,49571,367309,2026-08-02T09:30:36.123222Z
M1,468,saturated,M1,true,851.000,10.308,17.499,22.979,58309.479,58528.646,58550.904,368052,637714,131432448,43008000,49556,369018,2026-08-02T09:30:36.123222Z
M1,469,saturated,M1,true,860.000,10.195,17.093,22.249,58357.150,58613.689,58650.173,369779,638552,131727360,43098112,49800,370750,2026-08-02T09:30:36.123222Z
M1,470,saturated,M1,true,809.000,10.384,20.517,30.668,58352.331,58602.106,58648.425,371411,639839,132022272,43180032,49555,372360,2026-08-02T09:30:36.123222Z
M1,471,saturated,M1,true,805.000,10.109,18.295,23.010,58350.539,58624.551,58659.102,372275,639839,132202496,43212800,49606,373229,2026-08-02T09:30:36.123222Z
M1,472,saturated,M1,true,781.000,11.022,26.159,50.923,58668.290,58930.815,58969.391,374560,641722,132653056,43335680,49835,375552,2026-08-02T09:30:36.123222Z
M1,473,saturated,M1,true,779.000,11.570,20.029,25.142,58830.644,59059.846,59097.641,376175,642493,132939776,43409408,49603,377117,2026-08-02T09:30:36.123222Z
M1,474,saturated,M1,true,707.000,12.286,24.877,64.359,59144.638,59483.245,59521.881,377609,643275,133218304,43483136,49667,378530,2026-08-02T09:30:36.123222Z
M1,475,saturated,M1,true,593.000,12.290,44.260,98.657,59532.965,59891.440,59913.788,378834,643724,133439488,43548672,49637,379722,2026-08-02T09:30:36.123222Z
M1,476,saturated,M1,true,682.000,13.330,27.127,43.661,59903.439,60167.024,60207.128,380105,644316,133685248,43622400,49619,381091,2026-08-02T09:30:36.123222Z
M1,477,saturated,M1,true,779.000,11.572,20.915,25.449,60164.473,60386.775,60415.207,381521,645254,133980160,43696128,49617,382651,2026-08-02T09:30:36.123222Z
M1,478,saturated,M1,true,825.000,11.112,18.489,21.850,60208.698,60428.733,60447.816,383114,646194,134316032,43778048,49582,384300,2026-08-02T09:30:36.123222Z
M1,479,saturated,M1,true,774.000,11.364,21.840,28.147,60335.692,60559.459,60599.408,384727,646602,134569984,43851776,49605,385861,2026-08-02T09:30:36.123222Z
M1,480,saturated,M1,true,736.000,11.997,24.392,52.343,60658.516,60911.035,60946.571,386209,646602,134864896,43925504,49571,387331,2026-08-02T09:30:36.123222Z
M1,481,saturated,M1,true,749.000,10.751,18.330,24.016,60759.456,60955.228,60988.222,387153,647692,135028736,43958272,49660,388162,2026-08-02T09:30:36.123222Z
M1,482,saturated,M1,true,747.000,11.850,24.904,115.580,61002.511,61290.789,61333.205,388661,648529,135282688,44032000,49617,389584,2026-08-02T09:30:36.123222Z
M1,483,saturated,M1,true,833.000,10.892,18.815,24.083,61145.111,61364.628,61404.605,390594,649031,135602176,44163072,49583,392004,2026-08-02T09:31:36.134780Z
M1,484,saturated,M1,true,808.000,11.188,19.177,22.609,61256.543,61500.961,61540.784,392261,650268,135864320,44236800,49587,393630,2026-08-02T09:31:36.134780Z
M1,485,saturated,M1,true,816.000,11.158,18.968,24.221,61388.889,61641.676,61678.818,393895,650680,136290304,44310528,49586,395274,2026-08-02T09:31:36.134780Z
M1,486,saturated,M1,true,772.000,11.599,19.830,23.841,61627.490,61872.573,61913.594,395545,650680,136544256,44400640,49628,396822,2026-08-02T09:31:36.134780Z
M1,487,saturated,M1,true,729.000,12.966,23.163,30.888,61757.076,61980.240,62025.099,397052,651900,136798208,44466176,49642,398283,2026-08-02T09:31:36.134780Z
M1,488,saturated,M1,true,803.000,11.415,19.090,23.739,61897.794,62123.287,62165.132,398236,652895,137003008,44498944,49587,399078,2026-08-02T09:31:36.134780Z
M1,489,saturated,M1,true,797.000,11.345,19.711,26.226,62080.518,62307.212,62344.391,399837,652895,137256960,44572672,49595,400682,2026-08-02T09:31:36.134780Z
M1,490,saturated,M1,true,744.000,11.888,24.795,48.494,62054.372,62295.145,62322.536,401664,654853,137715712,44695552,49586,402979,2026-08-02T09:31:36.134780Z
M1,491,saturated,M1,true,753.000,11.139,18.966,23.937,62127.748,62326.555,62364.344,402961,654853,137797632,44744704,49661,403808,2026-08-02T09:31:36.134780Z
M1,492,saturated,M1,true,750.000,11.627,24.910,113.199,62291.249,62491.840,62517.020,404436,655753,138149888,44810240,49598,405198,2026-08-02T09:31:36.134780Z
M1,493,saturated,M1,true,794.000,11.392,20.022,24.976,62326.702,62560.171,62598.274,405989,655753,138436608,44883968,49610,406809,2026-08-02T09:31:36.134780Z
M1,494,saturated,M1,true,775.000,12.075,20.629,26.101,62180.593,62643.988,62693.993,407570,656849,138690560,44957696,49608,408363,2026-08-02T09:31:36.134780Z
M1,495,saturated,M1,true,785.000,11.531,19.420,23.669,61839.764,62067.543,62109.581,409144,657643,138952704,45031424,49608,409931,2026-08-02T09:31:36.134780Z
M1,496,saturated,M1,true,799.000,11.436,20.223,24.609,61866.216,62141.850,62184.074,410728,658413,139321344,45113344,49598,411523,2026-08-02T09:31:36.134780Z
M1,497,saturated,M1,true,797.000,11.574,20.210,26.119,61804.125,62025.761,62056.410,412333,659204,139624448,45187072,49603,413129,2026-08-02T09:31:36.134780Z
M1,498,saturated,M1,true,780.000,12.049,20.726,23.981,61925.297,62159.578,62199.010,413939,660399,139878400,45277184,49618,414729,2026-08-02T09:31:36.134780Z
M1,499,saturated,M1,true,739.000,12.935,22.530,29.301,62187.962,62466.051,62503.483,415485,661197,140132352,45359104,49623,416211,2026-08-02T09:31:36.134780Z
M1,500,saturated,M1,true,664.000,13.813,28.144,38.453,62436.501,62730.671,62764.961,416823,661938,140410880,45424640,49630,417565,2026-08-02T09:31:36.134780Z
M1,501,saturated,M1,true,635.000,12.400,24.791,89.102,62779.650,62977.799,63011.531,418157,662981,140681216,45490176,49685,418929,2026-08-02T09:31:36.134780Z
M1,502,saturated,M1,true,714.000,13.375,27.850,111.189,63099.674,63369.342,63403.938,419451,663608,140943360,45563904,49631,420258,2026-08-02T09:31:36.134780Z
M1,503,saturated,M1,true,764.000,12.316,21.262,26.235,62943.577,63228.511,63256.284,420908,663608,141254656,45629440,49623,421785,2026-08-02T09:31:36.134780Z
M1,504,saturated,M1,true,750.000,12.533,21.648,25.848,63042.412,63311.774,63348.853,422437,664332,141533184,45703168,49627,423293,2026-08-02T09:31:36.134780Z
M1,505,saturated,M1,true,716.000,13.466,23.495,27.313,63193.201,63454.963,63493.041,423959,665470,141778944,45776896,49665,424814,2026-08-02T09:31:36.134780Z
M1,506,saturated,M1,true,702.000,14.088,24.303,29.827,63334.834,63581.709,63617.224,425390,665850,142032896,45842432,49665,426208,2026-08-02T09:31:36.134780Z
M1,507,saturated,M1,true,604.000,15.743,30.020,48.122,63722.907,63970.816,64012.094,426682,666923,142278656,45916160,49692,427478,2026-08-02T09:31:36.134780Z
M1,508,saturated,M1,true,668.000,14.706,26.569,36.840,64027.205,64312.539,64356.065,427937,667553,142508032,45973504,49649,428725,2026-08-02T09:31:36.134780Z
M1,509,saturated,M1,true,594.000,17.573,30.367,40.979,64300.274,64535.420,64573.855,429260,667553,142770176,46039040,49725,430078,2026-08-02T09:31:36.134780Z
M1,510,saturated,M1,true,521.000,16.141,40.636,148.866,64798.240,64974.617,65015.501,430450,669126,142983168,46096384,49753,431196,2026-08-02T09:31:36.134780Z
M1,511,saturated,M1,true,620.000,15.163,25.540,30.413,65132.846,65401.226,65442.396,431586,669126,143212544,46170112,49743,432405,2026-08-02T09:31:36.134780Z
M1,512,saturated,M1,true,592.000,15.945,39.305,139.090,65490.083,65813.422,65843.966,432755,670012,143450112,46211072,49675,433455,2026-08-02T09:31:36.134780Z
M1,513,saturated,M1,true,710.000,13.915,23.202,28.741,65714.939,65963.265,66004.002,434030,670012,143679488,46276608,49676,434880,2026-08-02T09:31:36.134780Z
M1,514,saturated,M1,true,713.000,13.960,24.339,30.141,65899.827,66164.274,66203.881,435426,670880,143925248,46342144,49645,436257,2026-08-02T09:31:36.134780Z
M1,515,saturated,M1,true,757.000,12.917,21.764,25.033,66122.910,66353.220,66388.842,436892,671842,144203776,46415872,49643,437763,2026-08-02T09:31:36.134780Z
M1,516,saturated,M1,true,737.000,13.270,22.283,25.177,66197.793,66416.391,66436.406,438408,672558,144547840,46497792,49661,439278,2026-08-02T09:31:36.134780Z
M1,517,saturated,M1,true,698.000,14.116,23.617,28.386,66274.764,66491.499,66516.894,439868,673059,144809984,46563328,49659,440675,2026-08-02T09:31:36.134780Z
M1,518,saturated,M1,true,721.000,13.957,22.641,25.617,66376.400,66562.399,66591.208,441292,674050,145063936,46637056,49660,442130,2026-08-02T09:31:36.134780Z
M1,519,saturated,M1,true,692.000,13.936,24.321,28.395,66378.316,66615.625,66658.762,442749,674496,145334272,46710784,49683,443568,2026-08-02T09:31:36.134780Z
M1,520,saturated,M1,true,662.000,14.532,27.309,79.170,66235.344,66808.363,66844.719,444079,675216,145571840,46768128,49658,444834,2026-08-02T09:31:36.134780Z
M1,521,saturated,M1,true,698.000,13.156,23.127,26.358,66132.569,66337.556,66359.419,445493,675901,145825792,46841856,49700,446311,2026-08-02T09:31:36.134780Z
M1,522,saturated,M1,true,686.000,13.858,29.652,77.669,66306.365,66513.127,66546.342,446855,676572,146063360,46899200,49661,447611,2026-08-02T09:31:36.134780Z
M1,523,saturated,M1,true,714.000,13.737,23.428,28.440,66460.508,66681.222,66721.300,448277,677248,146325504,46972928,49686,449093,2026-08-02T09:31:36.134780Z
M1,524,saturated,M1,true,667.000,14.869,25.609,31.557,66701.098,66965.923,67010.656,449617,678332,146612224,47046656,49695,450445,2026-08-02T09:31:36.134780Z
M1,525,saturated,M1,true,679.000,14.906,25.326,29.531,66834.270,67094.740,67130.976,450977,679006,146882560,47112192,49686,451799,2026-08-02T09:31:36.134780Z
M1,526,saturated,M1,true,699.000,13.910,23.672,29.281,67039.492,67298.435,67343.928,452353,679677,147161088,47177728,49688,453202,2026-08-02T09:31:36.134780Z
M1,527,saturated,M1,true,656.000,15.225,25.681,33.677,67212.075,67427.820,67450.966,453721,680377,147415040,47251456,49692,454531,2026-08-02T09:31:36.134780Z
M1,528,saturated,M1,true,690.000,14.683,23.308,27.817,67303.856,67532.882,67571.296,455058,681372,147660800,47316992,49671,455873,2026-08-02T09:31:36.134780Z
M1,529,saturated,M1,true,724.000,13.976,22.510,27.298,67421.312,67650.130,67669.944,456470,681710,147914752,47382528,49667,457310,2026-08-02T09:31:36.134780Z
M1,530,saturated,M1,true,671.000,14.781,26.596,46.849,67596.190,67846.997,67884.648,457872,682427,148160512,47448064,49665,458665,2026-08-02T09:31:36.134780Z
M1,531,saturated,M1,true,677.000,13.968,23.192,26.835,67751.587,67971.178,68005.990,459281,682427,148430848,47521792,49718,460113,2026-08-02T09:31:36.134780Z
M1,532,saturated,M1,true,681.000,14.223,30.549,107.180,68026.788,68274.623,68304.934,460625,683464,148668416,47587328,49671,461388,2026-08-02T09:31:36.134780Z
M1,533,saturated,M1,true,687.000,14.619,23.647,29.378,68172.854,68434.291,68472.249,461874,684122,148930560,47661056,49707,462841,2026-08-02T09:31:36.134780Z
M1,534,saturated,M1,true,686.000,14.808,24.589,29.445,68312.984,68578.026,68615.987,463252,685184,149184512,47718400,49680,464160,2026-08-02T09:31:36.134780Z
M1,535,saturated,M1,true,691.000,14.636,24.585,29.795,68543.753,68794.330,68833.358,464631,685840,149438464,47792128,49692,465569,2026-08-02T09:31:36.134780Z
M1,536,saturated,M1,true,712.000,14.256,22.186,27.378,68703.610,68936.795,68974.612,465970,686544,149725184,47865856,49676,466981,2026-08-02T09:31:36.134780Z
M1,537,saturated,M1,true,714.000,13.987,23.542,28.063,68792.390,69033.831,69075.287,467392,687246,150028288,47939584,49680,468409,2026-08-02T09:31:36.134780Z
M1,538,saturated,M1,true,676.000,14.848,24.831,30.449,69012.466,69284.212,69326.451,468826,688320,150274048,47996928,49689,469793,2026-08-02T09:31:36.134780Z
M1,539,saturated,M1,true,703.000,14.669,24.993,30.632,69229.290,69447.433,69480.321,470194,688992,150519808,48070656,49677,471168,2026-08-02T09:31:36.134780Z
M1,540,saturated,M1,true,657.000,14.869,29.192,44.901,69355.358,69623.151,69658.747,471560,689335,150773760,48136192,49682,472496,2026-08-02T09:31:36.134780Z
M1,541,saturated,M1,true,661.000,14.339,23.267,29.372,69566.252,69752.168,69771.562,472789,689998,151035904,48209920,49726,473907,2026-08-02T09:31:36.134780Z
M1,542,saturated,M1,true,620.000,16.066,32.001,108.943,69751.480,69964.324,69993.212,474140,690958,151273472,48275456,49715,475136,2026-08-02T09:31:36.134780Z
M1,543,saturated,M1,true,705.000,14.393,23.668,28.088,69885.546,70110.359,70146.193,475129,690607,151511040,48340992,49681,476492,2026-08-02T09:32:36.112044Z
M1,544,saturated,M1,true,698.000,14.469,23.218,27.060,69979.897,70206.318,70240.143,476451,691281,151773184,48406528,49689,477898,2026-08-02T09:32:36.112044Z
M1,545,saturated,M1,true,667.000,15.439,26.353,32.642,69920.377,70168.714,70220.118,477844,691991,152018944,48472064,49687,479240,2026-08-02T09:32:36.112044Z
M1,546,saturated,M1,true,697.000,14.874,23.319,29.095,69833.918,70054.966,70096.276,479200,693005,152256512,48545792,49689,480638,2026-08-02T09:32:36.112044Z
M1,547,saturated,M1,true,690.000,15.103,24.659,29.363,69891.444,70140.769,70179.784,480611,693005,152502272,48619520,49686,482014,2026-08-02T09:32:36.112044Z
M1,548,saturated,M1,true,673.000,15.288,25.478,32.297,70045.955,70301.829,70339.152,481985,694048,152748032,48685056,49696,483376,2026-08-02T09:32:36.112044Z
M1,549,saturated,M1,true,604.000,15.826,32.773,80.540,70289.778,70517.765,70554.645,483237,695073,152993792,48750592,49690,484586,2026-08-02T09:32:36.112044Z
M1,550,saturated,M1,true,619.000,16.546,29.608,47.529,70474.878,70719.389,70755.423,484466,695671,153231360,48807936,49707,485853,2026-08-02T09:32:36.112044Z
M1,551,saturated,M1,true,581.000,16.519,27.836,36.927,70629.569,70882.194,70920.333,485700,696014,153468928,48873472,49764,487130,2026-08-02T09:32:36.112044Z
M1,552,saturated,M1,true,602.000,16.780,30.517,119.878,70868.988,71175.891,71220.675,486847,696941,153690112,48930816,49718,488258,2026-08-02T09:32:36.112044Z
M1,553,saturated,M1,true,661.000,15.830,24.690,29.173,71003.459,71245.704,71289.604,488052,697501,153935872,48996352,49714,489572,2026-08-02T09:32:36.112044Z
M1,554,saturated,M1,true,676.000,15.274,25.163,31.128,71169.789,71425.019,71463.722,489306,698159,154173440,49053696,49705,490903,2026-08-02T09:32:36.112044Z
M1,555,saturated,M1,true,678.000,15.253,24.983,30.972,71292.300,71527.575,71565.132,490670,699077,154427392,49135616,49707,492273,2026-08-02T09:32:36.112044Z
M1,556,saturated,M1,true,687.000,15.006,24.841,31.603,71472.966,71717.237,71757.832,492042,699848,154705920,49201152,49704,493644,2026-08-02T09:32:36.112044Z
M1,557,saturated,M1,true,675.000,15.275,25.645,33.033,71662.256,71914.571,71950.682,493348,699848,154992640,49266688,49708,495012,2026-08-02T09:32:36.112044Z
M1,558,saturated,M1,true,685.000,15.250,24.508,28.968,71781.712,72017.570,72060.583,494718,700527,155271168,49340416,49704,496371,2026-08-02T09:32:36.112044Z
M1,559,saturated,M1,true,643.000,16.166,26.274,45.332,71877.742,72099.212,72137.866,496096,701550,155525120,49405952,49743,497748,2026-08-02T09:32:36.112044Z
M1,560,saturated,M1,true,601.000,16.779,31.017,52.321,72142.815,72364.051,72403.671,497351,702236,155754496,49463296,49714,498888,2026-08-02T09:32:36.112044Z
M1,561,saturated,M1,true,554.000,17.033,34.618,48.920,72271.843,72594.790,72631.577,498614,702236,155967488,49520640,49773,500109,2026-08-02T09:32:36.112044Z
M1,562,saturated,M1,true,438.000,19.744,55.553,179.433,72710.900,72933.333,72951.445,499688,703137,156106752,49569792,49842,501125,2026-08-02T09:32:36.112044Z
M1,563,saturated,M1,true,557.000,18.833,41.582,105.217,73108.133,73339.629,73369.708,500668,703916,156303360,49618944,49757,502087,2026-08-02T09:32:36.112044Z
M1,564,saturated,M1,true,648.000,16.393,25.925,30.178,73270.201,73493.807,73533.583,501733,704394,156532736,49676288,49729,503320,2026-08-02T09:32:36.112044Z
M1,565,saturated,M1,true,632.000,16.958,26.425,30.674,73442.570,73671.739,73692.704,503008,705013,156778496,49741824,49734,504605,2026-08-02T09:32:36.112044Z
M1,566,saturated,M1,true,606.000,16.995,29.657,36.727,73619.763,73862.349,73926.831,504283,705650,157016064,49807360,49762,505870,2026-08-02T09:32:36.112044Z
M1,567,saturated,M1,true,248.000,45.146,117.062,132.755,74077.804,74460.391,74471.011,505474,706285,157220864,49848320,49866,506600,2026-08-02T09:32:36.112044Z
M1,568,saturated,M1,true,559.000,18.839,36.573,58.993,74624.433,74893.387,74931.906,506093,706285,157302784,49897472,49749,507469,2026-08-02T09:32:36.112044Z
M1,569,saturated,M1,true,593.000,17.839,28.593,36.908,74782.642,75016.220,75058.259,507169,706811,157523968,49946624,49755,508675,2026-08-02T09:32:36.112044Z
M1,570,saturated,M1,true,585.000,17.519,33.600,48.988,75117.636,75365.623,75408.141,508337,707385,157745152,50012160,49730,509793,2026-08-02T09:32:36.112044Z
M1,571,saturated,M1,true,600.000,16.838,29.045,32.825,75239.945,75483.443,75528.349,509552,708238,157982720,50061312,49764,511083,2026-08-02T09:32:36.112044Z
M1,572,saturated,M1,true,583.000,17.682,34.507,93.736,75616.177,75891.983,75927.726,510768,708881,158212096,50118656,49740,512190,2026-08-02T09:32:36.112044Z
M1,573,saturated,M1,true,646.000,15.916,29.372,36.014,75761.286,75992.748,76029.516,511947,708881,158449664,50184192,49734,513473,2026-08-02T09:32:36.112044Z
M1,574,saturated,M1,true,627.000,16.551,29.580,37.626,75988.243,76248.230,76287.682,513243,709748,158687232,50249728,49739,514747,2026-08-02T09:32:36.112044Z
M1,575,saturated,M1,true,648.000,16.393,28.135,37.065,76178.405,76402.531,76447.967,514520,710703,158924800,50307072,49735,516040,2026-08-02T09:32:36.112044Z
M1,576,saturated,M1,true,633.000,17.445,28.620,34.601,76251.291,76461.497,76486.757,515815,711021,159162368,50372608,49740,517310,2026-08-02T09:32:36.112044Z
M1,577,saturated,M1,true,646.000,16.623,26.129,30.033,76303.184,76523.226,76565.233,517096,711985,159399936,50438144,49740,518609,2026-08-02T09:32:36.112044Z
M1,578,saturated,M1,true,643.000,17.070,26.522,34.029,76306.991,76527.877,76559.173,518401,712631,159637504,50503680,49738,519900,2026-08-02T09:32:36.112044Z
M1,579,saturated,M1,true,632.000,16.813,27.761,32.710,76397.739,76640.115,76681.203,519705,713206,159891456,50569216,49748,521194,2026-08-02T09:32:36.112044Z
M1,580,saturated,M1,true,590.000,17.212,35.652,49.897,76693.807,76922.688,76966.015,520936,713851,160120832,50626560,49738,522352,2026-08-02T09:32:36.112044Z
M1,581,saturated,M1,true,598.000,16.455,27.567,33.245,76751.744,77011.824,77048.654,522175,714460,160358400,50683904,49781,523638,2026-08-02T09:32:36.112044Z
M1,582,saturated,M1,true,604.000,17.023,30.978,117.744,77065.152,77292.399,77329.770,523374,715133,160587776,50741248,49735,524761,2026-08-02T09:32:36.112044Z
M1,583,saturated,M1,true,629.000,17.199,28.784,34.481,77171.950,77405.728,77451.427,524602,715133,160833536,50814976,49750,526046,2026-08-02T09:32:36.112044Z
M1,584,saturated,M1,true,631.000,17.326,27.316,32.122,77224.983,77446.279,77478.716,525875,716021,161071104,50872320,49748,527310,2026-08-02T09:32:36.112044Z
M1,585,saturated,M1,true,636.000,17.234,29.156,34.528,77183.749,77398.917,77428.179,527154,716649,161300480,50937856,49748,528575,2026-08-02T09:32:36.112044Z
M1,586,saturated,M1,true,630.000,17.190,28.619,34.152,77227.048,77456.326,77499.238,528426,717284,161538048,50987008,49747,529842,2026-08-02T09:32:36.112044Z
M1,587,saturated,M1,true,607.000,17.947,30.132,35.295,77140.314,77403.812,77457.693,529685,717914,161783808,51060736,49759,531085,2026-08-02T09:32:36.112044Z
M1,588,saturated,M1,true,633.000,16.927,27.869,35.723,77100.948,77316.651,77351.887,530934,718545,162013184,51118080,49755,532355,2026-08-02T09:32:36.112044Z
M1,589,saturated,M1,true,628.000,17.369,28.462,34.408,76956.917,77178.147,77199.091,532206,719481,162250752,51183616,49756,533608,2026-08-02T09:32:36.112044Z
M1,590,saturated,M1,true,540.000,19.210,39.150,65.007,77188.837,77408.275,77442.060,533394,720107,162463744,51240960,49762,534708,2026-08-02T09:32:36.112044Z
M1,591,saturated,M1,true,600.000,17.474,29.318,34.734,77249.390,77473.680,77516.754,534569,720107,162693120,51306496,49782,535950,2026-08-02T09:32:36.112044Z
M1,592,saturated,M1,true,566.000,18.715,35.370,86.364,77496.238,77757.780,77796.041,535733,720958,162922496,51355648,49763,537042,2026-08-02T09:32:36.112044Z
M1,593,saturated,M1,true,619.000,17.407,28.672,35.435,77694.861,77917.856,77942.327,536905,721518,163151872,51421184,49757,538278,2026-08-02T09:32:36.112044Z
M1,594,saturated,M1,true,598.000,18.302,32.477,42.064,77829.075,78084.222,78127.484,538094,722434,163373056,51478528,49782,539523,2026-08-02T09:32:36.112044Z
M1,595,saturated,M1,true,603.000,18.950,30.879,37.511,78045.570,78267.805,78303.715,539295,722747,163577856,51544064,49761,540692,2026-08-02T09:32:36.112044Z
M1,596,saturated,M1,true,614.000,18.219,29.110,35.282,78180.374,78400.311,78439.200,540508,723636,163815424,51601408,49767,541937,2026-08-02T09:32:36.112044Z
M1,597,saturated,M1,true,620.000,17.884,29.445,34.015,78278.915,78507.596,78544.753,541751,724515,164036608,51658752,49762,543177,2026-08-02T09:32:36.112044Z
M1,598,saturated,M1,true,618.000,18.154,28.400,33.543,78393.752,78609.108,78640.313,542942,725130,164257792,51724288,49766,544420,2026-08-02T09:32:36.112044Z
M1,599,saturated,M1,true,610.000,17.504,31.015,35.512,78475.293,78703.309,78744.427,544177,725495,164495360,51781632,49765,545648,2026-08-02T09:32:36.112044Z
M1,600,saturated,M1,true,544.000,19.334,36.468,61.631,78728.198,78928.651,78958.986,545362,726108,164691968,51838976,49776,546761,2026-08-02T09:32:36.112044Z
M1,601,saturated,M1,true,559.000,18.226,30.597,41.165,78781.554,79031.462,79068.951,546503,726108,164921344,51904512,49803,547930,2026-08-02T09:32:36.112044Z
M1,602,saturated,M1,true,508.000,20.834,48.320,118.042,79138.926,79379.036,79436.213,547598,726942,165126144,51945472,49821,548985,2026-08-02T09:32:36.112044Z
M1,603,saturated,M1,true,558.000,19.954,35.532,45.085,79327.595,79560.745,79608.921,548557,727417,165330944,52011008,49799,550059,2026-08-02T09:33:36.159549Z
M1,604,saturated,M1,true,598.000,18.403,30.353,35.382,79492.823,79713.044,79745.756,549697,727944,165560320,52060160,49768,551212,2026-08-02T09:33:36.159549Z
M1,605,saturated,M1,true,581.000,18.525,32.086,44.033,79650.753,79884.638,79923.772,550875,728810,165797888,52125696,49773,552372,2026-08-02T09:33:36.159549Z
M1,606,saturated,M1,true,562.000,19.255,35.293,44.974,79734.517,79971.231,80010.320,552007,728810,166027264,52191232,49811,553587,2026-08-02T09:33:36.159549Z
M1,607,saturated,M1,true,593.000,18.824,32.434,39.324,79931.999,80155.942,80197.863,553149,729696,166199296,52240384,49775,554701,2026-08-02T09:33:36.159549Z
M1,608,saturated,M1,true,603.000,18.532,30.498,34.336,80040.357,80269.324,80306.214,554343,730553,166412288,52297728,49779,555918,2026-08-02T09:33:36.159549Z
M1,609,saturated,M1,true,584.000,18.936,32.658,38.141,80182.670,80395.425,80416.438,555545,731452,166600704,52355072,49786,557102,2026-08-02T09:33:36.159549Z
M1,610,saturated,M1,true,544.000,19.638,38.166,54.917,80385.676,80636.154,80671.198,556672,731751,166830080,52420608,49786,558192,2026-08-02T09:33:36.159549Z
M1,611,saturated,M1,true,564.000,18.715,32.232,36.604,80580.294,80822.633,80857.380,557769,731751,167059456,52469760,49811,559367,2026-08-02T09:33:36.159549Z
M1,612,saturated,M1,true,442.000,23.194,70.697,119.781,80874.176,81193.226,81232.200,558824,732580,167280640,52535296,49820,560276,2026-08-02T09:33:36.159549Z
M1,613,saturated,M1,true,524.000,21.428,36.781,42.508,81143.939,81368.108,81404.696,559783,733112,167485440,52568064,49808,561296,2026-08-02T09:33:36.159549Z
M1,614,saturated,M1,true,535.000,20.805,34.384,39.946,81310.764,81599.362,81632.937,560864,733843,167673856,52633600,49807,562380,2026-08-02T09:33:36.159549Z
M1,615,saturated,M1,true,479.000,21.133,49.703,101.609,81591.901,81882.177,81913.368,561955,734636,167813120,52682752,49870,563483,2026-08-02T09:33:36.159549Z
M1,616,saturated,M1,true,541.000,21.365,35.839,42.787,81837.538,82083.615,82121.172,562904,734636,168017920,52723712,49808,564428,2026-08-02T09:33:36.159549Z
M1,617,saturated,M1,true,482.000,19.663,36.998,161.711,82225.308,82409.561,82433.128,563803,735133,168230912,52781056,49796,565373,2026-08-02T09:33:36.159549Z
M1,618,saturated,M1,true,477.000,19.559,64.766,127.864,82469.866,82770.598,82804.538,564818,735874,168427520,52822016,49795,566319,2026-08-02T09:33:36.159549Z
M1,619,saturated,M1,true,500.000,20.502,48.502,109.104,82777.423,83020.059,83057.216,565796,736593,168574976,52862976,49800,567331,2026-08-02T09:33:36.159549Z
M1,620,saturated,M1,true,485.000,21.223,65.471,79.335,83160.617,83388.487,83422.787,566787,736593,168738816,52936704,49791,568296,2026-08-02T09:33:36.159549Z
M1,621,saturated,M1,true,519.000,21.178,40.573,65.966,83301.040,83592.656,83634.816,567808,737091,168951808,52977664,49820,569394,2026-08-02T09:33:36.159549Z
M1,622,saturated,M1,true,421.000,21.482,61.538,133.471,83676.598,83899.186,83927.965,568785,737625,169172992,53018624,49876,570326,2026-08-02T09:33:36.159549Z
M1,623,saturated,M1,true,486.000,21.524,43.286,142.303,84081.037,84309.935,84345.976,569687,738075,169320448,53067776,49808,571179,2026-08-02T09:33:36.159549Z
M1,624,saturated,M1,true,554.000,20.043,34.180,40.014,84206.312,84421.611,84452.692,570722,738770,169484288,53116928,49808,572298,2026-08-02T09:33:36.159549Z
M1,625,saturated,M1,true,560.000,20.212,35.713,41.526,84371.298,84630.859,84678.253,571833,739325,169697280,53166080,49809,573425,2026-08-02T09:33:36.159549Z
M1,626,saturated,M1,true,536.000,21.070,36.577,46.286,84575.946,84792.598,84807.558,572973,739884,169918464,53223424,49837,574544,2026-08-02T09:33:36.159549Z
M1,627,saturated,M1,true,547.000,20.686,37.381,54.351,84712.006,84923.999,84959.228,574056,740447,170131456,53280768,49803,575592,2026-08-02T09:33:36.159549Z
M1,628,saturated,M1,true,514.000,20.986,38.277,68.205,84910.370,85211.632,85246.582,575135,740447,170360832,53338112,49815,576645,2026-08-02T09:33:36.159549Z
M1,629,saturated,M1,true,481.000,24.240,40.293,51.173,85212.259,85419.848,85469.226,576156,741250,170541056,53370880,49816,577624,2026-08-02T09:33:36.159549Z
M1,630,saturated,M1,true,496.000,21.468,39.979,93.348,85589.962,85842.700,85883.082,577090,741754,170663936,53428224,49800,578582,2026-08-02T09:33:36.159549Z
M1,631,saturated,M1,true,532.000,20.394,35.663,40.214,85695.739,85936.736,85973.553,578175,742454,170876928,53485568,49829,579697,2026-08-02T09:33:36.159549Z
M1,632,saturated,M1,true,496.000,21.414,42.646,91.996,86069.762,86319.271,86349.314,579137,743013,171081728,53526528,49808,580655,2026-08-02T09:33:36.159549Z
M1,633,saturated,M1,true,490.000,22.598,49.875,61.068,86281.969,86549.405,86582.804,580142,743487,171302912,53583872,49825,581662,2026-08-02T09:33:36.159549Z
M1,634,saturated,M1,true,547.000,20.159,36.448,45.720,86551.623,86821.803,86862.620,581195,744248,171499520,53624832,49820,582752,2026-08-02T09:33:36.159549Z
M1,635,saturated,M1,true,562.000,20.492,33.575,41.424,86697.238,86918.775,86955.640,582303,744248,171704320,53698560,49813,583877,2026-08-02T09:33:36.159549Z
M1,636,saturated,M1,true,569.000,20.257,33.997,38.631,86777.854,87016.607,87058.787,583459,744811,171892736,53739520,49820,585013,2026-08-02T09:33:36.159549Z
M1,637,saturated,M1,true,568.000,20.426,31.814,36.849,86863.237,87077.880,87105.115,584600,745377,172097536,53805056,49812,586155,2026-08-02T09:33:36.159549Z
M1,638,saturated,M1,true,578.000,19.717,32.469,37.512,86976.322,87184.518,87204.454,585762,746231,172310528,53846016,49810,587310,2026-08-02T09:33:36.159549Z
M1,639,saturated,M1,true,566.000,20.022,33.649,40.490,86936.138,87162.318,87200.056,586868,746808,172548096,53911552,49813,588460,2026-08-02T09:33:36.159549Z
M1,640,saturated,M1,true,537.000,20.178,39.246,68.831,87148.416,87375.079,87412.286,587971,747375,172744704,53960704,49816,589524,2026-08-02T09:33:36.159549Z
M1,641,saturated,M1,true,551.000,19.714,35.208,42.534,87207.346,87443.777,87484.043,589040,747375,172965888,54026240,49825,590676,2026-08-02T09:33:36.159549Z
M1,642,saturated,M1,true,515.000,21.801,46.460,87.853,87529.958,87764.280,87803.613,590096,748189,173178880,54075392,49815,591666,2026-08-02T09:33:36.159549Z
M1,643,saturated,M1,true,563.000,20.990,36.287,43.091,87672.246,87893.974,87923.698,591142,748698,173375488,54132736,49819,592803,2026-08-02T09:33:36.159549Z
M1,644,saturated,M1,true,567.000,20.315,33.677,45.142,87841.247,88075.903,88114.148,592266,749545,173580288,54198272,49816,593943,2026-08-02T09:33:36.159549Z
M1,645,saturated,M1,true,565.000,19.456,33.579,41.282,88040.854,88281.577,88320.452,593346,750107,173793280,54239232,49813,595052,2026-08-02T09:33:36.159549Z
M1,646,saturated,M1,true,562.000,20.266,36.756,43.772,88188.276,88408.381,88435.474,594423,750665,173998080,54304768,49811,596197,2026-08-02T09:33:36.159549Z
M1,647,saturated,M1,true,544.000,20.636,34.639,40.900,88363.185,88616.044,88664.006,595560,751233,174211072,54353920,49833,597322,2026-08-02T09:33:36.159549Z
M1,648,saturated,M1,true,554.000,20.836,35.698,43.100,88546.582,88767.676,88802.406,596665,751794,174424064,54419456,49824,598414,2026-08-02T09:33:36.159549Z
M1,649,saturated,M1,true,559.000,20.745,34.200,39.308,88610.805,88839.795,88878.369,597787,751794,174645248,54468608,49821,599541,2026-08-02T09:33:36.159549Z
M1,650,saturated,M1,true,533.000,21.549,36.206,46.728,88653.971,88908.344,88932.855,598892,752617,174850048,54534144,49821,600611,2026-08-02T09:33:36.159549Z
M1,651,saturated,M1,true,545.000,20.597,34.471,40.119,88514.437,88802.177,88836.403,599939,753160,175063040,54583296,49837,601737,2026-08-02T09:33:36.159549Z
M1,652,saturated,M1,true,524.000,21.645,40.492,96.692,88578.657,88787.056,88810.176,600962,753968,175226880,54640640,49817,602742,2026-08-02T09:33:36.159549Z
M1,653,saturated,M1,true,562.000,20.300,33.903,42.182,88656.880,88872.834,88892.576,601980,754476,175448064,54697984,49822,603890,2026-08-02T09:33:36.159549Z
M1,654,saturated,M1,true,555.000,21.068,35.198,40.531,88763.729,88999.750,89037.659,603114,755065,175661056,54763520,49824,604996,2026-08-02T09:33:36.159549Z
M1,655,saturated,M1,true,558.000,20.392,35.423,41.188,88855.260,89115.796,89157.154,604230,755065,175882240,54804480,49825,606120,2026-08-02T09:33:36.159549Z
M1,656,saturated,M1,true,542.000,21.338,36.486,43.074,88534.957,89020.755,89064.277,605354,755895,176095232,54870016,49836,607230,2026-08-02T09:33:36.159549Z
M1,657,saturated,M1,true,563.000,20.604,35.337,42.484,88390.881,88615.172,88650.318,606461,756458,176291840,54919168,49832,608338,2026-08-02T09:33:36.159549Z
M1,658,saturated,M1,true,526.000,21.407,36.081,66.290,88467.148,88692.715,88713.720,607568,757286,176513024,54976512,49826,609406,2026-08-02T09:33:36.159549Z
M1,659,saturated,M1,true,559.000,20.976,32.784,40.095,88533.196,88775.545,88815.136,608666,757814,176709632,55025664,49830,610532,2026-08-02T09:33:36.159549Z
M1,660,saturated,M1,true,510.000,22.196,39.844,57.684,88690.141,88918.884,88955.933,609655,758376,176873472,55074816,49831,611554,2026-08-02T09:33:36.159549Z
M1,661,saturated,M1,true,540.000,21.228,34.249,44.915,88711.406,88935.729,88970.705,610658,758886,177086464,55140352,49833,612649,2026-08-02T09:33:36.159549Z
M1,662,saturated,M1,true,470.000,23.699,50.664,81.036,88996.730,89230.606,89280.931,611715,758886,177299456,55181312,49854,613621,2026-08-02T09:33:36.159549Z
M1,663,saturated,M1,true,545.000,21.505,35.243,41.271,89139.690,89364.587,89383.591,612803,759624,177520640,55255040,49834,614686,2026-08-02T09:34:36.187613Z
M1,664,saturated,M1,true,536.000,21.509,35.996,42.374,89259.051,89500.125,89541.976,613895,760135,177676288,55296000,49834,615761,2026-08-02T09:34:36.187613Z
M1,665,saturated,M1,true,528.000,22.993,38.183,46.361,89478.687,89734.862,89771.321,614976,760685,177840128,55361536,49844,616818,2026-08-02T09:34:36.187613Z
M1,666,saturated,M1,true,520.000,21.959,37.035,43.924,89645.039,89866.603,89881.846,616032,761223,178044928,55402496,49844,617884,2026-08-02T09:34:36.187613Z
M1,667,saturated,M1,true,551.000,21.255,32.423,38.684,89781.505,90022.796,90064.062,617109,762011,178266112,55468032,49834,618970,2026-08-02T09:34:36.187613Z
M1,668,saturated,M1,true,539.000,21.384,37.675,45.597,89953.547,90211.441,90251.456,618170,762831,178495488,55517184,49846,620073,2026-08-02T09:34:36.187613Z
M1,669,saturated,M1,true,481.000,23.514,48.278,68.385,90191.319,90416.595,90460.217,619222,763104,178708480,55566336,49838,621018,2026-08-02T09:34:36.187613Z
M1,670,saturated,M1,true,507.000,22.722,40.631,54.577,90358.237,90595.313,90613.413,620199,763104,178855936,55615488,49844,622045,2026-08-02T09:34:36.187613Z
M1,671,saturated,M1,true,546.000,20.876,32.465,38.582,90472.587,90708.301,90750.886,621257,763816,179044352,55656448,49840,623156,2026-08-02T09:34:36.187613Z
M1,672,saturated,M1,true,488.000,23.038,44.641,82.194,90694.123,90920.238,90949.356,622324,764361,179224576,55730176,49843,624115,2026-08-02T09:34:36.187613Z
M1,673,saturated,M1,true,552.000,21.101,34.760,44.722,90712.212,90940.960,90981.433,623344,765105,179453952,55779328,49838,625224,2026-08-02T09:34:36.187613Z
M1,674,saturated,M1,true,529.000,22.305,35.027,45.841,90891.354,91140.734,91186.890,624447,765389,179683328,55844864,49848,626299,2026-08-02T09:34:36.187613Z
M1,675,saturated,M1,true,550.000,21.644,36.319,42.282,91045.863,91282.885,91326.498,625533,766198,179888128,55894016,49842,627385,2026-08-02T09:34:36.187613Z
M1,676,saturated,M1,true,541.000,21.883,36.473,43.895,91149.764,91375.216,91409.294,626627,766750,180084736,55959552,49848,628476,2026-08-02T09:34:36.187613Z
M1,677,saturated,M1,true,530.000,22.667,36.017,45.087,91308.925,91543.770,91585.705,627714,767295,180232192,56000512,49850,629555,2026-08-02T09:34:36.187613Z
M1,678,saturated,M1,true,519.000,23.007,36.911,42.893,91502.160,91757.597,91799.551,628792,767829,180436992,56049664,49859,630607,2026-08-02T09:34:36.187613Z
M1,679,saturated,M1,true,548.000,21.527,34.072,39.528,91619.517,91840.703,91867.632,629843,768354,180649984,56115200,49838,631677,2026-08-02T09:34:36.187613Z
M1,680,saturated,M1,true,507.000,21.470,36.832,83.026,91778.037,92030.237,92067.976,630924,769126,180871168,56156160,49847,632716,2026-08-02T09:34:36.187613Z
M1,681,saturated,M1,true,542.000,21.541,35.638,42.786,91944.405,92157.683,92201.924,631981,769126,181100544,56229888,49857,633809,2026-08-02T09:34:36.187613Z
M1,682,saturated,M1,true,475.000,22.968,45.778,115.252,92123.598,92320.573,92346.422,633018,769671,181248000,56262656,49851,634759,2026-08-02T09:34:36.187613Z
M1,683,saturated,M1,true,543.000,21.663,34.316,40.508,92154.944,92387.959,92432.776,634041,770419,181428224,56320000,49845,635837,2026-08-02T09:34:36.187613Z
M1,684,saturated,M1,true,543.000,22.157,35.381,41.995,92226.191,92449.453,92494.079,635150,771217,181624832,56369152,49854,636951,2026-08-02T09:34:36.187613Z
M1,685,saturated,M1,true,533.000,22.227,35.132,39.591,92302.857,92529.646,92565.314,636240,771769,181837824,56426496,49849,638015,2026-08-02T09:34:36.187613Z
M1,686,saturated,M1,true,502.000,22.673,39.733,49.620,92467.218,92680.626,92722.653,637316,772041,182067200,56483840,49879,639083,2026-08-02T09:34:36.187613Z
M1,687,saturated,M1,true,494.000,24.273,44.608,72.606,92660.892,92878.397,92922.162,638315,772041,182263808,56516608,49859,640018,2026-08-02T09:34:36.187613Z
M1,688,saturated,M1,true,529.000,22.045,37.862,45.946,92779.670,93000.788,93042.678,639326,772792,182419456,56590336,49851,641071,2026-08-02T09:34:36.187613Z
M1,689,saturated,M1,true,479.000,25.067,41.585,49.974,93007.247,93293.610,93325.213,640379,773303,182591488,56631296,49857,642051,2026-08-02T09:34:36.187613Z
M1,690,saturated,M1,true,485.000,23.057,44.659,58.435,93205.769,93457.853,93497.303,641323,774053,182788096,56672256,49848,643000,2026-08-02T09:34:36.187613Z
M1,691,saturated,M1,true,517.000,23.028,36.085,40.849,93375.909,93618.212,93656.456,642361,774281,183009280,56737792,49858,644061,2026-08-02T09:34:36.187613Z
M1,692,saturated,M1,true,468.000,25.076,48.433,65.316,93652.855,93853.295,93883.629,643322,775052,183173120,56778752,49849,644978,2026-08-02T09:34:36.187613Z
M1,693,saturated,M1,true,538.000,22.279,35.539,41.027,93723.403,93958.785,93991.914,644359,775514,183369728,56836096,49856,646063,2026-08-02T09:34:36.187613Z
M1,694,saturated,M1,true,527.000,22.571,35.892,42.283,93806.469,94015.325,94043.045,645438,776314,183541760,56885248,49855,647121,2026-08-02T09:34:36.187613Z
M1,695,saturated,M1,true,528.000,22.825,36.402,42.401,93900.590,94123.641,94159.567,646453,776847,183746560,56942592,49856,648188,2026-08-02T09:34:36.187613Z
M1,696,saturated,M1,true,535.000,21.983,34.250,39.370,93885.865,94105.804,94148.998,647474,776847,183967744,56999936,49855,649262,2026-08-02T09:34:36.187613Z
M1,697,saturated,M1,true,524.000,22.362,36.683,43.684,93892.949,94109.626,94144.924,648549,777379,184188928,57049088,49858,650317,2026-08-02T09:34:36.187613Z
M1,698,saturated,M1,true,521.000,22.824,37.159,43.871,93970.123,94198.611,94237.052,649608,778172,184393728,57114624,49868,651379,2026-08-02T09:34:36.187613Z
M1,699,saturated,M1,true,377.000,30.969,63.697,76.694,94242.891,94551.806,94585.609,650549,778702,184492032,57147392,49877,652160,2026-08-02T09:34:36.187613Z
M1,700,saturated,M1,true,478.000,23.897,46.830,68.077,94560.947,94783.325,94815.557,651360,778909,184688640,57196544,49860,653083,2026-08-02T09:34:36.187613Z
M1,701,saturated,M1,true,502.000,23.871,39.530,53.058,94626.658,94843.900,94874.055,652387,779553,184901632,57253888,49864,654096,2026-08-02T09:34:36.187613Z
M1,702,saturated,M1,true,450.000,24.118,64.151,124.971,94824.680,95091.006,95127.374,653297,780059,185049088,57311232,49864,655001,2026-08-02T09:34:36.187613Z
M1,703,saturated,M1,true,519.000,23.163,37.205,45.396,95004.380,95250.491,95284.147,654337,780765,185237504,57352192,49868,656046,2026-08-02T09:34:36.187613Z
M1,704,saturated,M1,true,514.000,23.208,37.230,44.064,95110.504,95333.648,95362.150,655317,781029,185409536,57409536,49872,657089,2026-08-02T09:34:36.187613Z
M1,705,saturated,M1,true,516.000,22.728,35.131,44.529,95187.325,95419.267,95442.967,656360,781806,185638912,57458688,49868,658111,2026-08-02T09:34:36.187613Z
M1,706,saturated,M1,true,523.000,23.579,35.810,41.852,95275.054,95497.083,95525.864,657409,782060,185851904,57507840,49875,659173,2026-08-02T09:34:36.187613Z
M1,707,saturated,M1,true,508.000,24.266,38.191,42.392,95360.173,95579.997,95617.839,658457,782060,186040320,57573376,49872,660189,2026-08-02T09:34:36.187613Z
M1,708,saturated,M1,true,520.000,23.643,37.404,42.884,95237.277,95451.755,95486.031,659440,782841,186236928,57606144,49866,661221,2026-08-02T09:34:36.187613Z
M1,709,saturated,M1,true,509.000,24.279,37.467,43.560,95261.320,95486.384,95505.892,660489,783353,186392576,57671680,49873,662249,2026-08-02T09:34:36.187613Z
M1,710,saturated,M1,true,486.000,24.401,42.400,76.166,95361.234,95603.092,95624.459,661408,783867,186589184,57720832,49869,663219,2026-08-02T09:34:36.187613Z
M1,711,saturated,M1,true,510.000,23.488,37.353,43.710,95376.634,95627.068,95666.126,662438,784608,186810368,57753600,49872,664256,2026-08-02T09:34:36.187613Z
M1,712,saturated,M1,true,466.000,23.535,44.957,55.742,95371.132,95657.314,95689.095,663395,785123,186974208,57810944,49873,665184,2026-08-02T09:34:36.187613Z
M1,713,saturated,M1,true,520.000,23.085,36.686,44.086,95357.235,95558.629,95601.015,664421,785586,187138048,57860096,49871,666240,2026-08-02T09:34:36.187613Z
M1,714,saturated,M1,true,502.000,24.321,38.918,47.361,95233.532,95465.085,95505.661,665454,785586,187326464,57892864,49870,667242,2026-08-02T09:34:36.187613Z
M1,715,saturated,M1,true,510.000,24.162,37.888,43.118,95237.953,95465.823,95494.069,666481,786362,187547648,57958400,49878,668273,2026-08-02T09:34:36.187613Z
M1,716,saturated,M1,true,522.000,22.612,36.098,40.994,95216.550,95454.088,95490.918,667473,787126,187752448,58007552,49874,669316,2026-08-02T09:34:36.187613Z
M1,717,saturated,M1,true,531.000,22.195,35.795,43.434,95153.373,95438.756,95476.041,668541,787643,187965440,58064896,49881,670385,2026-08-02T09:34:36.187613Z
M1,718,saturated,M1,true,513.000,22.766,36.003,44.376,94978.783,95322.893,95353.357,669592,787643,188129280,58114048,49876,671412,2026-08-02T09:34:36.187613Z
M1,719,saturated,M1,true,516.000,23.830,37.398,45.704,95024.542,95241.239,95278.592,670624,788429,188293120,58163200,49880,672452,2026-08-02T09:34:36.187613Z
M1,720,saturated,M1,true,477.000,24.547,43.888,64.624,95125.790,95351.799,95379.135,671626,788945,188514304,58212352,49872,673405,2026-08-02T09:34:36.187613Z
M1,721,saturated,M1,true,509.000,23.810,36.570,41.818,95214.651,95440.310,95472.848,672636,789681,188719104,58253312,49881,674442,2026-08-02T09:34:36.187613Z
M1,722,saturated,M1,true,445.000,25.113,48.482,114.721,95425.167,95642.688,95658.937,673582,789681,188866560,58302464,49888,675337,2026-08-02T09:34:36.187613Z
M1,723,saturated,M1,true,492.000,24.581,42.581,51.106,95520.956,95736.014,95773.713,674540,790379,189022208,58359808,49880,676315,2026-08-02T09:35:36.254645Z
M1,724,saturated,M1,true,499.000,23.691,38.019,45.334,95522.641,95750.684,95768.344,675568,790856,189202432,58400768,49882,677316,2026-08-02T09:35:36.254645Z
M1,725,saturated,M1,true,487.000,24.998,40.509,49.278,95475.434,95713.533,95765.059,676496,791620,189423616,58458112,49878,678294,2026-08-02T09:35:36.254645Z
M1,726,saturated,M1,true,500.000,24.085,38.501,46.270,95507.287,95732.148,95773.338,677509,791860,189644800,58507264,49881,679301,2026-08-02T09:35:36.254645Z
M1,727,saturated,M1,true,509.000,23.577,37.413,42.415,95521.574,95779.154,95812.156,678532,792358,189865984,58548224,49881,680320,2026-08-02T09:35:36.254645Z
M1,728,saturated,M1,true,515.000,23.841,37.353,45.503,95518.693,95724.833,95740.348,679554,793115,190005248,58605568,49882,681351,2026-08-02T09:35:36.254645Z
M1,729,saturated,M1,true,500.000,23.983,38.752,46.455,95497.024,95715.341,95748.593,680586,793371,190152704,58646528,49883,682365,2026-08-02T09:35:36.254645Z
M1,730,saturated,M1,true,471.000,24.422,42.545,80.284,95625.230,95850.103,95878.021,681557,794134,190373888,58687488,49885,683306,2026-08-02T09:35:36.254645Z
M1,731,saturated,M1,true,509.000,24.052,39.718,45.460,95706.448,95933.225,95970.575,682564,794604,190586880,58744832,49886,684336,2026-08-02T09:35:36.254645Z
M1,732,saturated,M1,true,441.000,24.871,59.081,125.446,95975.093,96189.562,96225.485,683488,794604,190750720,58793984,49892,685216,2026-08-02T09:35:36.254645Z
M1,733,saturated,M1,true,497.000,24.653,40.332,46.634,96051.320,96275.195,96299.061,684487,795295,190898176,58834944,49895,686224,2026-08-02T09:35:36.254645Z
M1,734,saturated,M1,true,498.000,25.130,40.387,46.873,96172.455,96406.155,96441.352,685484,795804,191094784,58884096,49889,687213,2026-08-02T09:35:36.254645Z
M1,735,saturated,M1,true,508.000,25.215,39.063,44.297,96308.909,96535.967,96582.864,686498,796301,191307776,58933248,49891,688222,2026-08-02T09:35:36.254645Z
M1,736,saturated,M1,true,501.000,23.943,39.298,47.226,96402.214,96623.593,96653.966,687514,797058,191520768,58974208,49889,689230,2026-08-02T09:35:36.254645Z
M1,737,saturated,M1,true,504.000,23.929,39.383,43.048,96491.126,96727.208,96759.796,688536,797559,191700992,59047936,49892,690248,2026-08-02T09:35:36.254645Z
M1,738,saturated,M1,true,489.000,25.157,40.616,49.963,96577.361,96803.928,96848.031,689539,797559,191848448,59080704,49893,691233,2026-08-02T09:35:36.254645Z
M1,739,saturated,M1,true,501.000,24.754,39.205,46.875,96566.323,96798.562,96828.320,690487,798311,192036864,59138048,49891,692233,2026-08-02T09:35:36.254645Z
M1,740,saturated,M1,true,466.000,24.888,47.434,84.355,96768.777,97014.581,97048.827,691453,798806,192249856,59195392,49892,693168,2026-08-02T09:35:36.254645Z
M1,741,saturated,M1,true,492.000,24.393,37.488,43.239,96905.252,97137.917,97177.545,692341,799277,192446464,59228160,49894,694167,2026-08-02T09:35:36.254645Z
M1,742,saturated,M1,true,429.000,26.427,54.414,99.298,97124.022,97355.684,97385.189,693257,800021,192577536,59269120,49896,695030,2026-08-02T09:35:36.254645Z
M1,743,saturated,M1,true,485.000,24.837,42.172,53.261,97265.222,97509.608,97548.257,694202,800453,192749568,59318272,49898,695993,2026-08-02T09:35:36.254645Z
M1,744,saturated,M1,true,487.000,25.507,41.705,51.814,97421.631,97659.210,97701.732,695174,800453,192962560,59375616,49893,696962,2026-08-02T09:35:36.254645Z
M1,745,saturated,M1,true,497.000,24.967,39.120,48.539,97530.441,97753.310,97779.759,696175,801176,193159168,59416576,49896,697968,2026-08-02T09:35:36.254645Z
M1,746,saturated,M1,true,474.000,25.724,42.270,54.918,97584.442,97821.554,97861.270,697178,801918,193314816,59473920,49917,698957,2026-08-02T09:35:36.254645Z
M1,747,saturated,M1,true,500.000,24.878,39.188,48.258,97748.442,97977.612,98019.740,698151,802412,193478656,59514880,49897,699926,2026-08-02T09:35:36.254645Z
M1,748,saturated,M1,true,490.000,24.653,40.039,46.658,97827.337,98059.022,98093.615,699055,802893,193683456,59564032,49896,700909,2026-08-02T09:35:36.254645Z
M1,749,saturated,M1,true,449.000,26.521,45.754,57.112,98016.070,98245.956,98274.800,699873,803384,193888256,59613184,49902,701815,2026-08-02T09:35:36.254645Z
M1,750,saturated,M1,true,451.000,26.003,48.009,72.235,98144.148,98346.976,98380.157,700765,803384,194019328,59662336,49895,702717,2026-08-02T09:35:36.254645Z
M1,751,saturated,M1,true,500.000,24.078,37.620,44.511,98227.057,98460.050,98497.050,701732,804043,194199552,59711488,49904,703719,2026-08-02T09:35:36.254645Z
M1,752,saturated,M1,true,420.000,26.407,52.684,132.374,98524.607,98742.984,98760.969,702665,804791,194396160,59744256,49906,704569,2026-08-02T09:35:36.254645Z
M1,753,saturated,M1,true,490.000,25.930,42.367,50.751,98583.448,98815.721,98844.248,703593,804791,194576384,59801600,49902,705551,2026-08-02T09:35:36.254645Z
M1,754,saturated,M1,true,485.000,25.773,40.340,48.482,98721.560,98958.896,99000.962,704574,805455,194748416,59850752,49902,706519,2026-08-02T09:35:36.254645Z
M1,755,saturated,M1,true,493.000,25.088,40.447,47.936,98859.330,99081.273,99118.877,705516,805940,194912256,59899904,49901,707501,2026-08-02T09:35:36.254645Z
M1,756,saturated,M1,true,496.000,24.743,39.122,48.262,98957.651,99203.999,99245.858,706462,806678,195117056,59949056,49901,708498,2026-08-02T09:35:36.254645Z
M1,757,saturated,M1,true,405.000,29.659,56.827,76.623,99071.649,99359.099,99395.194,707413,807173,195289088,59990016,49918,709340,2026-08-02T09:35:36.254645Z
M1,758,saturated,M1,true,404.000,28.358,61.712,94.510,99401.871,99702.861,99731.325,708201,807593,195403776,60039168,49908,710131,2026-08-02T09:35:36.254645Z
M1,759,saturated,M1,true,466.000,26.166,40.729,51.620,99565.220,99798.314,99836.250,709052,807593,195592192,60071936,49908,711073,2026-08-02T09:35:36.254645Z
M1,760,saturated,M1,true,450.000,26.883,46.493,59.124,99706.333,99946.142,99974.787,709921,808223,195780608,60121088,49905,711962,2026-08-02T09:35:36.254645Z
M1,761,saturated,M1,true,487.000,25.344,37.968,42.896,99827.620,100047.145,100084.650,710863,808653,195952640,60186624,49910,712940,2026-08-02T09:35:36.254645Z
M1,762,saturated,M1,true,426.000,26.434,52.622,136.904,99991.450,100197.887,100224.473,711788,809391,196091904,60211200,49904,713788,2026-08-02T09:35:36.254645Z
M1,763,saturated,M1,true,480.000,26.283,39.809,46.238,100008.137,100233.839,100260.412,712709,809809,196296704,60260352,49908,714758,2026-08-02T09:35:36.254645Z
M1,764,saturated,M1,true,479.000,26.146,40.289,46.957,100097.889,100340.338,100371.827,713683,809809,196501504,60309504,49910,715730,2026-08-02T09:35:36.254645Z
M1,765,saturated,M1,true,474.000,26.020,44.279,54.892,100217.663,100471.117,100506.385,714662,810533,196657152,60366848,49909,716677,2026-08-02T09:35:36.254645Z
M1,766,saturated,M1,true,476.000,25.935,40.788,45.347,100334.227,100583.791,100621.686,715614,811252,196812800,60407808,49911,717636,2026-08-02T09:35:36.254645Z
M1,767,saturated,M1,true,477.000,26.425,41.671,49.521,100441.396,100660.698,100694.386,716582,811252,197017600,60440576,49911,718586,2026-08-02T09:35:36.254645Z
M1,768,saturated,M1,true,483.000,26.869,39.904,47.992,100541.165,100762.343,100784.089,717494,811965,197206016,60514304,49905,719550,2026-08-02T09:35:36.254645Z
M1,769,saturated,M1,true,479.000,25.576,40.096,45.213,100645.991,100907.729,100938.525,718467,812686,197394432,60555264,49911,720520,2026-08-02T09:35:36.254645Z
M1,770,saturated,M1,true,456.000,26.966,45.425,59.237,100717.331,100927.273,100946.313,719422,813171,197525504,60604416,49915,721429,2026-08-02T09:35:36.254645Z
M1,771,saturated,M1,true,481.000,26.049,39.148,48.391,100756.068,100982.679,101012.841,720358,813171,197738496,60645376,49913,722393,2026-08-02T09:35:36.254645Z
M1,772,saturated,M1,true,434.000,26.451,52.896,124.302,101016.927,101220.600,101249.343,721278,813860,197902336,60710912,49910,723258,2026-08-02T09:35:36.254645Z
M1,773,saturated,M1,true,479.000,25.219,42.384,51.619,101013.402,101241.787,101263.140,722234,814291,198098944,60743680,49909,724221,2026-08-02T09:35:36.254645Z
M1,774,saturated,M1,true,458.000,27.525,42.166,48.471,101064.656,101322.294,101338.267,723196,815013,198230016,60776448,49917,725154,2026-08-02T09:35:36.254645Z
M1,775,saturated,M1,true,469.000,27.652,43.443,48.976,101269.978,101517.517,101549.526,724130,815013,198426624,60841984,49918,726087,2026-08-02T09:35:36.254645Z
M1,776,saturated,M1,true,464.000,27.404,43.670,53.661,101408.184,101651.706,101690.724,725075,815714,198615040,60891136,49914,727020,2026-08-02T09:35:36.254645Z
M1,777,saturated,M1,true,465.000,27.442,42.026,47.594,101539.610,101756.646,101785.915,726013,816181,198787072,60923904,49922,727957,2026-08-02T09:35:36.254645Z
M1,778,saturated,M1,true,470.000,27.311,40.434,49.233,101669.843,101918.577,101962.651,726967,816883,198934528,60973056,49921,728902,2026-08-02T09:35:36.254645Z
M1,779,saturated,M1,true,473.000,27.368,42.155,50.734,101814.900,102048.430,102080.405,727912,817581,199139328,61038592,49917,729843,2026-08-02T09:35:36.254645Z
M1,780,saturated,M1,true,443.000,28.474,44.441,55.513,101968.094,102185.303,102212.238,728838,817581,199311360,61071360,49915,730735,2026-08-02T09:35:36.254645Z
M1,781,saturated,M1,true,472.000,27.136,42.455,52.244,102020.681,102253.349,102290.627,729784,818031,199483392,61112320,49915,731677,2026-08-02T09:35:36.254645Z
M1,782,saturated,M1,true,411.000,27.416,53.198,83.446,102230.955,102460.908,102475.973,730647,818506,199639040,61161472,49927,732528,2026-08-02T09:35:36.254645Z
M1,783,saturated,M1,true,426.000,29.578,50.969,60.885,102474.115,102718.068,102752.929,731337,818913,199852032,61194240,49924,733371,2026-08-02T09:36:36.314349Z
M1,784,saturated,M1,true,470.000,26.204,42.647,50.695,102559.062,102808.489,102841.374,732151,819572,199950336,61259776,49922,734308,2026-08-02T09:36:36.314349Z
M1,785,saturated,M1,true,449.000,27.411,43.673,50.696,102614.725,102875.927,102906.798,733079,820040,200122368,61300736,49929,735212,2026-08-02T09:36:36.314349Z
M1,786,saturated,M1,true,448.000,27.660,45.926,55.133,102780.851,103022.212,103063.001,734006,820040,200343552,61341696,49937,736143,2026-08-02T09:36:36.314349Z
M1,787,saturated,M1,true,455.000,27.247,42.935,55.729,102978.150,103202.508,103233.505,734906,820723,200491008,61382656,49927,737023,2026-08-02T09:36:36.314349Z
M1,788,saturated,M1,true,473.000,26.430,40.238,45.562,103087.384,103318.301,103357.725,735838,821394,200622080,61440000,49921,737971,2026-08-02T09:36:36.314349Z
M1,789,saturated,M1,true,474.000,25.942,42.946,53.930,103213.693,103438.268,103476.415,736798,821867,200835072,61480960,49923,738918,2026-08-02T09:36:36.314349Z
M1,790,saturated,M1,true,434.000,27.189,48.796,80.232,103360.061,103597.052,103629.466,737705,822339,201048064,61521920,49921,739791,2026-08-02T09:36:36.314349Z
M1,791,saturated,M1,true,473.000,27.235,41.810,50.707,103405.126,103627.833,103657.641,738646,823014,201179136,61562880,49921,740748,2026-08-02T09:36:36.314349Z
M1,792,saturated,M1,true,421.000,28.323,54.363,77.668,103557.534,103796.638,103832.847,739505,823252,201318400,61620224,49922,741577,2026-08-02T09:36:36.314349Z
M1,793,saturated,M1,true,471.000,26.340,43.418,50.121,103624.918,103842.711,103860.268,740409,823252,201539584,61661184,49926,742524,2026-08-02T09:36:36.314349Z
M1,794,saturated,M1,true,464.000,26.761,41.936,46.587,103626.045,103846.931,103873.242,741300,823910,201728000,61702144,49930,743458,2026-08-02T09:36:36.314349Z
M1,795,saturated,M1,true,461.000,27.604,43.452,56.783,103756.452,103986.850,104027.427,742233,824607,201834496,61743104,49925,744376,2026-08-02T09:36:36.314349Z
M1,796,saturated,M1,true,463.000,28.638,42.446,51.277,103751.538,103966.731,104010.481,743171,825065,202031104,61792256,49925,745318,2026-08-02T09:36:36.314349Z
M1,797,saturated,M1,true,475.000,26.910,40.703,47.918,103885.129,104121.674,104156.730,744119,825065,202252288,61841408,49928,746258,2026-08-02T09:36:36.314349Z
M1,798,saturated,M1,true,472.000,26.002,41.450,46.572,103985.137,104209.986,104244.771,745075,825766,202407936,61874176,49925,747213,2026-08-02T09:36:36.314349Z
M1,799,saturated,M1,true,465.000,27.117,42.862,52.384,104062.609,104294.072,104321.763,746032,826477,202547200,61931520,49931,748156,2026-08-02T09:36:36.314349Z
M1,800,saturated,M1,true,430.000,27.823,46.530,80.469,104264.686,104527.315,104543.449,746917,826947,202743808,61980672,49928,749021,2026-08-02T09:36:36.314349Z
M1,801,saturated,M1,true,468.000,27.674,42.022,47.294,104416.982,104663.820,104703.023,747836,827616,202948608,62013440,49929,749951,2026-08-02T09:36:36.314349Z
M1,802,saturated,M1,true,410.000,28.370,49.337,103.962,104594.604,104859.231,104880.031,748646,827845,203046912,62062592,49934,750774,2026-08-02T09:36:36.314349Z
M1,803,saturated,M1,true,462.000,27.099,44.043,49.937,104752.857,104980.931,105011.760,749554,828253,203227136,62111744,49933,751703,2026-08-02T09:36:36.314349Z
M1,804,saturated,M1,true,458.000,28.564,42.473,49.452,104647.079,104919.819,104950.035,750494,828253,203440128,62152704,49933,752629,2026-08-02T09:36:36.314349Z
M1,805,saturated,M1,true,455.000,27.035,42.458,53.808,104598.878,104838.061,104881.478,751378,828944,203612160,62201856,49930,753540,2026-08-02T09:36:36.314349Z
M1,806,saturated,M1,true,426.000,29.859,50.839,57.051,104744.056,104948.156,104977.412,752301,829631,203735040,62242816,49953,754440,2026-08-02T09:36:36.314349Z
M1,807,saturated,M1,true,428.000,30.046,44.433,57.201,104808.084,105045.973,105085.696,753136,830077,203915264,62283776,49943,755259,2026-08-02T09:36:36.314349Z
M1,808,saturated,M1,true,460.000,27.364,44.959,53.511,104958.749,105174.119,105211.985,754025,830077,204111872,62332928,49936,756171,2026-08-02T09:36:36.314349Z
M1,809,saturated,M1,true,408.000,30.627,48.365,57.852,105048.970,105298.355,105343.194,754924,830707,204210176,62373888,49939,757003,2026-08-02T09:36:36.314349Z
M1,810,saturated,M1,true,413.000,28.411,57.016,90.463,105345.695,105589.179,105624.698,755720,831363,204398592,62423040,49931,757820,2026-08-02T09:36:36.314349Z
M1,811,saturated,M1,true,458.000,27.318,43.760,57.662,105455.621,105684.937,105709.320,756634,831766,204595200,62455808,49932,758741,2026-08-02T09:36:36.314349Z
M1,812,saturated,M1,true,393.000,30.112,65.287,126.260,105664.489,105935.893,105964.482,757452,832225,204685312,62496768,49938,759521,2026-08-02T09:36:36.314349Z
M1,813,saturated,M1,true,456.000,27.401,42.928,50.838,105829.418,106056.908,106108.622,758366,832225,204881920,62545920,49937,760449,2026-08-02T09:36:36.314349Z
M1,814,saturated,M1,true,450.000,28.081,45.073,50.272,105958.445,106189.914,106233.565,759275,832849,205078528,62595072,49939,761346,2026-08-02T09:36:36.314349Z
M1,815,saturated,M1,true,458.000,28.299,44.294,53.227,106012.512,106247.939,106281.566,760197,833529,205250560,62644224,49940,762270,2026-08-02T09:36:36.314349Z
M1,816,saturated,M1,true,464.000,27.877,43.398,51.176,106097.197,106316.084,106342.639,761082,833989,205389824,62676992,49941,763195,2026-08-02T09:36:36.314349Z
M1,817,saturated,M1,true,455.000,27.733,45.520,55.188,106187.853,106420.463,106461.115,762005,834452,205578240,62734336,49942,764119,2026-08-02T09:36:36.314349Z
M1,818,saturated,M1,true,454.000,28.848,44.980,53.644,106265.434,106491.602,106519.126,762933,834913,205758464,62783488,49941,765031,2026-08-02T09:36:36.314349Z
M1,819,saturated,M1,true,446.000,28.888,47.925,58.918,106344.254,106595.994,106626.213,763850,835365,205922304,62816256,49945,765922,2026-08-02T09:36:36.314349Z
M1,820,saturated,M1,true,413.000,29.423,54.594,78.139,106545.757,106768.140,106798.280,764688,835812,206069760,62857216,49939,766750,2026-08-02T09:36:36.314349Z
M1,821,saturated,M1,true,457.000,27.838,45.869,56.508,106615.885,106852.055,106872.312,765604,835812,206258176,62898176,49947,767670,2026-08-02T09:36:36.314349Z
M1,822,saturated,M1,true,406.000,27.863,60.264,122.867,106873.042,107097.473,107130.086,766436,836452,206413824,62922752,49937,768477,2026-08-02T09:36:36.314349Z
M1,823,saturated,M1,true,459.000,27.970,46.565,55.129,106952.016,107183.635,107208.626,767308,837083,206561280,62996480,49943,769400,2026-08-02T09:36:36.314349Z
M1,824,saturated,M1,true,440.000,28.780,44.399,51.963,107089.645,107334.120,107363.752,768213,837765,206757888,63037440,49947,770288,2026-08-02T09:36:36.314349Z
M1,825,saturated,M1,true,452.000,28.367,46.357,55.341,107275.483,107494.114,107535.413,768991,838216,206938112,63070208,49944,771187,2026-08-02T09:36:36.314349Z
M1,826,saturated,M1,true,444.000,29.080,44.435,56.942,107409.811,107648.447,107688.735,769897,838216,207044608,63111168,49947,772085,2026-08-02T09:36:36.314349Z
M1,827,saturated,M1,true,451.000,29.330,45.165,53.716,107481.254,107706.088,107737.996,770803,838664,207249408,63160320,49946,772991,2026-08-02T09:36:36.314349Z
M1,828,saturated,M1,true,449.000,28.314,43.724,56.025,107542.719,107781.307,107819.516,771677,839111,207429632,63217664,49945,773893,2026-08-02T09:36:36.314349Z
M1,829,saturated,M1,true,454.000,28.486,45.078,50.975,107691.927,107926.349,107966.872,772542,839786,207593472,63258624,49947,774794,2026-08-02T09:36:36.314349Z
M1,830,saturated,M1,true,412.000,29.043,63.220,95.877,107759.097,108007.571,108039.928,773413,840237,207740928,63291392,49945,775629,2026-08-02T09:36:36.314349Z
M1,831,saturated,M1,true,461.000,27.517,43.981,52.107,107818.918,108048.516,108089.926,774308,840237,207912960,63332352,49950,776548,2026-08-02T09:36:36.314349Z
M1,832,saturated,M1,true,395.000,31.237,59.064,72.237,108026.114,108238.434,108276.235,775162,840882,208068608,63373312,49951,777344,2026-08-02T09:36:36.314349Z
M1,833,saturated,M1,true,441.000,29.488,47.415,57.436,108127.482,108341.604,108378.239,775980,841509,208216064,63430656,49946,778222,2026-08-02T09:36:36.314349Z
M1,834,saturated,M1,true,432.000,30.216,49.580,58.693,108245.552,108474.934,108526.715,776880,841509,208396288,63471616,49952,779103,2026-08-02T09:36:36.314349Z
M1,835,saturated,M1,true,435.000,29.589,48.812,56.971,108393.945,108638.407,108676.804,777755,842169,208576512,63504384,49954,779979,2026-08-02T09:36:36.314349Z
M1,836,saturated,M1,true,438.000,29.136,45.586,55.697,108487.594,108720.333,108759.555,778637,842822,208732160,63537152,49953,780849,2026-08-02T09:36:36.314349Z
M1,837,saturated,M1,true,448.000,28.633,46.567,55.277,108624.208,108862.761,108897.638,779484,843258,208896000,63586304,49948,781753,2026-08-02T09:36:36.314349Z
M1,838,saturated,M1,true,446.000,28.256,44.715,55.865,108761.972,108990.403,109026.168,780345,843704,209076224,63643648,49955,782654,2026-08-02T09:36:36.314349Z
M1,839,saturated,M1,true,446.000,29.306,50.083,57.891,108801.496,109037.133,109075.165,781245,844155,209248256,63676416,49958,783541,2026-08-02T09:36:36.314349Z
M1,840,saturated,M1,true,418.000,30.066,53.025,80.854,108977.099,109187.607,109215.275,782070,844155,209387520,63717376,49954,784377,2026-08-02T09:36:36.314349Z
M1,841,saturated,M1,true,446.000,28.555,44.729,54.800,109005.808,109262.682,109300.497,782947,844791,209567744,63758336,49953,785280,2026-08-02T09:36:36.314349Z
M1,842,saturated,M1,true,376.000,31.345,58.009,120.968,109174.316,109431.116,109482.943,783791,845467,209715200,63782912,49962,786046,2026-08-02T09:36:36.314349Z
M1,843,saturated,M1,true,436.000,29.035,49.272,60.513,109380.310,109598.175,109638.387,784650,845978,209936384,63840256,49951,786913,2026-08-02T09:37:36.387457Z
M1,844,saturated,M1,true,438.000,29.712,48.973,60.468,109447.457,109674.129,109702.223,785535,846414,209993728,63889408,49964,787791,2026-08-02T09:37:36.387457Z
M1,845,saturated,M1,true,405.000,31.665,56.450,68.093,109640.871,109894.323,109940.975,786348,846414,210214912,63930368,49959,788595,2026-08-02T09:37:36.387457Z
M1,846,saturated,M1,true,436.000,30.237,48.664,57.714,109815.208,110054.986,110078.457,787197,847040,210395136,63963136,49958,789474,2026-08-02T09:37:36.387457Z
M1,847,saturated,M1,true,436.000,29.980,48.940,56.225,109920.346,110146.219,110173.642,788081,847691,210485248,64004096,49963,790360,2026-08-02T09:37:36.387457Z
M1,848,saturated,M1,true,409.000,31.554,60.184,78.515,110051.756,110344.736,110384.436,788941,848135,210698240,64045056,49963,791167,2026-08-02T09:37:36.387457Z
M1,849,saturated,M1,true,379.000,31.831,73.641,118.023,110352.292,110598.716,110634.910,789729,848135,210829312,64077824,49957,791930,2026-08-02T09:37:36.387457Z
M1,850,saturated,M1,true,405.000,30.779,64.806,80.931,110494.878,110744.034,110778.963,790534,848694,210952192,64126976,49963,792749,2026-08-02T09:37:36.387457Z
M1,851,saturated,M1,true,439.000,29.688,49.444,65.353,110572.314,110813.852,110845.280,791398,849103,211165184,64176128,49962,793622,2026-08-02T09:37:36.387457Z
M1,852,saturated,M1,true,356.000,33.150,57.296,68.315,110891.918,111132.202,111167.828,792190,849543,211238912,64225280,49962,794353,2026-08-02T09:37:36.387457Z
M1,853,saturated,M1,true,433.000,30.139,47.894,56.899,110886.438,111127.684,111160.768,793012,850123,211419136,64258048,49964,795217,2026-08-02T09:37:36.387457Z
M1,854,saturated,M1,true,432.000,31.029,47.494,63.021,110937.732,111167.152,111199.274,793883,850554,211640320,64299008,49966,796081,2026-08-02T09:37:36.387457Z
M1,855,saturated,M1,true,434.000,29.786,44.671,51.757,111049.525,111308.599,111349.236,794761,851201,211771392,64331776,49970,796959,2026-08-02T09:37:36.387457Z
M1,856,saturated,M1,true,438.000,30.743,48.580,53.326,111172.813,111425.419,111459.683,795604,851201,211902464,64372736,49960,797831,2026-08-02T09:37:36.387457Z
M1,857,saturated,M1,true,430.000,29.857,48.262,55.996,111332.652,111571.579,111617.525,796444,851640,212115456,64421888,49962,798697,2026-08-02T09:37:36.387457Z
M1,858,saturated,M1,true,432.000,30.990,47.219,56.569,111441.750,111668.235,111690.627,797309,852290,212271104,64471040,49964,799560,2026-08-02T09:37:36.387457Z
M1,859,saturated,M1,true,441.000,29.077,46.191,52.871,111497.522,111725.802,111761.987,798203,852290,212385792,64512000,49967,800447,2026-08-02T09:37:36.387457Z
M1,860,saturated,M1,true,411.000,30.921,53.452,64.680,111669.541,111921.274,111953.312,799044,852943,212590592,64544768,49962,801268,2026-08-02T09:37:36.387457Z
M1,861,saturated,M1,true,436.000,30.051,48.766,58.228,111757.669,111979.552,111994.982,799924,853353,212779008,64585728,49963,802143,2026-08-02T09:37:36.387457Z
M1,862,saturated,M1,true,386.000,29.963,50.993,122.531,111885.871,112096.009,112129.552,800718,853792,212852736,64626688,49970,802926,2026-08-02T09:37:36.387457Z
M1,863,saturated,M1,true,437.000,29.269,46.766,65.494,111962.038,112189.708,112227.943,801545,854403,213073920,64667648,49967,803793,2026-08-02T09:37:36.387457Z
M1,864,saturated,M1,true,430.000,30.733,46.319,53.253,112001.910,112256.864,112303.686,802427,855053,213254144,64724992,49972,804665,2026-08-02T09:37:36.387457Z
M1,865,saturated,M1,true,429.000,30.585,48.806,58.134,112039.568,112278.565,112319.831,803305,855053,213344256,64757760,49971,805525,2026-08-02T09:37:36.387457Z
M1,866,saturated,M1,true,407.000,30.318,52.592,67.255,112212.929,112421.892,112461.111,804161,855486,213549056,64798720,49776,806359,2026-08-02T09:37:36.387457Z
M1,867,saturated,M1,true,415.000,32.613,51.352,61.932,112399.040,112620.883,112654.496,804971,855906,213712896,64839680,49972,807183,2026-08-02T09:37:36.387457Z
M1,868,saturated,M1,true,414.000,32.536,50.335,53.915,112508.991,112759.378,112804.650,805771,856522,213819392,64880640,49975,808004,2026-08-02T09:37:36.387457Z
M1,869,saturated,M1,true,378.000,32.856,54.125,62.883,112744.622,113037.941,113080.192,806611,856933,214024192,64921600,49801,808769,2026-08-02T09:37:36.387457Z
M1,870,saturated,M1,true,395.000,31.543,51.863,76.242,112895.924,113118.900,113141.485,807350,856933,214114304,64954368,49973,809550,2026-08-02T09:37:36.387457Z
M1,871,saturated,M1,true,427.000,31.013,47.998,54.660,112800.243,113025.975,113047.954,808210,857494,214286336,65011712,49974,810415,2026-08-02T09:37:36.387457Z
M1,872,saturated,M1,true,368.000,32.692,53.021,121.669,112982.271,113215.094,113239.273,808961,858137,214474752,65036288,49973,811149,2026-08-02T09:37:36.387457Z
M1,873,saturated,M1,true,426.000,30.398,48.522,56.327,113009.096,113248.330,113282.161,809823,858504,214573056,65093632,49985,812024,2026-08-02T09:37:36.387457Z
M1,874,saturated,M1,true,428.000,30.986,51.017,64.068,113112.221,113356.187,113397.840,810677,858939,214753280,65142784,49975,812872,2026-08-02T09:37:36.387457Z
M1,875,saturated,M1,true,433.000,30.626,46.637,53.212,113174.011,113424.704,113463.639,811548,859360,214958080,65167360,49979,813739,2026-08-02T09:37:36.387457Z
M1,876,saturated,M1,true,425.000,30.769,49.172,60.097,113230.744,113451.322,113478.263,812385,860007,215080960,65208320,49976,814593,2026-08-02T09:37:36.387457Z
M1,877,saturated,M1,true,437.000,30.211,46.309,51.394,113343.998,113580.521,113615.167,813261,860223,215236608,65265664,49980,815470,2026-08-02T09:37:36.387457Z
M1,878,saturated,M1,true,436.000,30.191,47.478,52.732,113414.046,113639.854,113665.593,814091,860877,215441408,65306624,49980,816345,2026-08-02T09:37:36.387457Z
M1,879,saturated,M1,true,427.000,29.743,45.995,56.036,113501.519,113732.789,113770.332,814931,860877,215572480,65355776,49763,817204,2026-08-02T09:37:36.387457Z
M1,880,saturated,M1,true,385.000,33.529,63.054,92.006,113704.774,113956.745,113986.584,815727,861309,215711744,65388544,49981,817979,2026-08-02T09:37:36.387457Z
M1,881,saturated,M1,true,433.000,29.801,47.933,57.576,113820.877,114051.271,114081.997,816589,861907,215908352,65421312,49982,818845,2026-08-02T09:37:36.387457Z
M1,882,saturated,M1,true,382.000,30.717,60.195,128.439,113995.487,114224.495,114262.081,817375,861907,216031232,65470464,49983,819607,2026-08-02T09:37:36.387457Z
M1,883,saturated,M1,true,442.000,28.499,45.248,49.247,114117.086,114337.225,114379.299,818250,862503,216178688,65503232,49768,820487,2026-08-02T09:37:36.387457Z
M1,884,saturated,M1,true,416.000,31.267,47.655,55.210,114199.006,114421.905,114454.138,819112,862946,216375296,65544192,49766,821330,2026-08-02T09:37:36.387457Z
M1,885,saturated,M1,true,429.000,31.676,50.270,55.327,114285.720,114532.226,114565.185,819969,863582,216522752,65585152,49983,822188,2026-08-02T09:37:36.387457Z
M1,886,saturated,M1,true,426.000,29.872,48.576,56.254,114356.289,114585.553,114623.719,820842,864009,216662016,65642496,49982,823052,2026-08-02T09:37:36.387457Z
M1,887,saturated,M1,true,432.000,30.339,48.235,56.524,114387.587,114612.492,114642.256,821668,864442,216858624,65675264,49983,823913,2026-08-02T09:37:36.387457Z
M1,888,saturated,M1,true,426.000,30.588,48.064,60.129,114473.495,114710.995,114754.854,822529,864442,216997888,65716224,49981,824761,2026-08-02T09:37:36.387457Z
M1,889,saturated,M1,true,431.000,30.037,45.990,53.825,114585.274,114808.292,114836.128,823394,865081,217137152,65757184,49770,825628,2026-08-02T09:37:36.387457Z
M1,890,saturated,M1,true,396.000,32.122,55.872,65.536,114722.848,114960.963,115002.509,824222,865512,217333760,65781760,49983,826430,2026-08-02T09:37:36.387457Z
M1,891,saturated,M1,true,431.000,30.795,47.805,57.536,114795.501,115015.973,115055.107,825090,866124,217464832,65839104,49987,827293,2026-08-02T09:37:36.387457Z
M1,892,saturated,M1,true,387.000,32.702,57.268,79.938,114961.719,115189.414,115225.875,825838,866724,217604096,65880064,49984,828064,2026-08-02T09:37:36.387457Z
M1,893,saturated,M1,true,421.000,31.236,47.191,52.607,115048.343,115277.383,115303.775,826688,866724,217792512,65921024,49771,828921,2026-08-02T09:37:36.387457Z
M1,894,saturated,M1,true,424.000,31.507,53.750,64.156,115153.877,115372.655,115411.628,827507,867151,217939968,65970176,49985,829757,2026-08-02T09:37:36.387457Z
M1,895,saturated,M1,true,416.000,30.672,47.532,54.103,115269.697,115487.231,115505.434,828310,867783,218079232,66002944,49986,830604,2026-08-02T09:37:36.387457Z
M1,896,saturated,M1,true,426.000,31.577,47.856,53.240,115332.576,115550.956,115594.978,829126,868209,218267648,66043904,49775,831453,2026-08-02T09:37:36.387457Z
M1,897,saturated,M1,true,414.000,31.710,46.303,54.689,115387.462,115612.927,115643.320,829971,868844,218415104,66084864,49985,832289,2026-08-02T09:37:36.387457Z
M1,898,saturated,M1,true,413.000,31.358,50.987,60.305,115432.781,115648.929,115694.137,830798,869049,218570752,66125824,49776,833110,2026-08-02T09:37:36.387457Z
M1,899,saturated,M1,true,416.000,31.145,47.532,56.318,115459.716,115681.748,115709.218,831651,869049,218750976,66183168,49990,833944,2026-08-02T09:37:36.387457Z
M1,900,saturated,M1,true,348.000,36.961,60.539,71.779,115659.099,115921.015,115957.123,832424,869670,218857472,66207744,49793,834656,2026-08-02T09:37:36.387457Z
M1,901,saturated,M1,true,411.000,32.891,51.240,58.764,115825.412,116078.087,116114.999,833156,870033,219013120,66256896,49786,835466,2026-08-02T09:37:36.387457Z
M1,902,saturated,M1,true,348.000,35.391,74.372,139.792,115994.833,116252.047,116294.051,833913,870430,219136000,66289664,49794,836177,2026-08-02T09:37:36.387457Z
M1,903,saturated,M1,true,392.000,34.095,56.969,79.042,116156.278,116390.774,116417.187,834623,871169,219348992,66330624,49780,836965,2026-08-02T09:38:36.347271Z
M1,904,saturated,M1,true,415.000,31.691,52.860,65.313,116271.411,116508.014,116553.768,835467,871169,219406336,66371584,49786,837787,2026-08-02T09:38:36.347271Z
M1,905,saturated,M1,true,390.000,34.002,51.831,64.591,116406.717,116621.115,116662.098,836279,871775,219611136,66404352,49789,838580,2026-08-02T09:38:36.347271Z
M1,906,saturated,M1,true,421.000,31.475,49.430,58.359,116513.202,116743.134,116755.705,837115,872169,219807744,66445312,49786,839426,2026-08-02T09:38:36.347271Z
M1,907,saturated,M1,true,419.000,30.423,47.611,54.553,116567.289,116799.286,116838.184,837963,872791,219873280,66478080,49782,840273,2026-08-02T09:38:36.347271Z
M1,908,saturated,M1,true,417.000,31.942,48.853,54.696,116704.446,116934.444,116983.715,838806,873212,220086272,66519040,49788,841101,2026-08-02T09:38:36.347271Z
M1,909,saturated,M1,true,421.000,31.180,47.942,56.359,116686.752,116906.815,116950.689,839656,873212,220291072,66568192,49788,841951,2026-08-02T09:38:36.347271Z
M1,910,saturated,M1,true,389.000,32.897,55.649,65.641,116887.591,117109.441,117124.347,840456,873844,220348416,66609152,49785,842727,2026-08-02T09:38:36.347271Z
M1,911,saturated,M1,true,422.000,31.093,51.266,59.629,116957.664,117185.419,117224.817,841265,874230,220561408,66658304,49789,843573,2026-08-02T09:38:36.347271Z
M1,912,saturated,M1,true,347.000,33.991,81.750,150.020,117183.819,117448.911,117483.941,841928,874858,220659712,66691072,49799,844263,2026-08-02T09:38:36.347271Z
M1,913,saturated,M1,true,399.000,33.392,51.317,62.024,117350.056,117593.776,117625.110,842728,874858,220807168,66740224,49800,845071,2026-08-02T09:38:36.347271Z
M1,914,saturated,M1,true,403.000,33.469,52.110,61.263,117445.773,117669.231,117716.100,843542,875412,221011968,66772992,49800,845875,2026-08-02T09:38:36.347271Z
M1,915,saturated,M1,true,402.000,32.402,50.137,61.070,117614.217,117860.555,117893.506,844352,875813,221102080,66805760,49790,846687,2026-08-02T09:38:36.347271Z
M1,916,saturated,M1,true,414.000,32.150,49.614,58.578,117775.239,117999.146,118040.901,845140,876416,221282304,66846720,49792,847525,2026-08-02T09:38:36.347271Z
M1,917,saturated,M1,true,387.000,36.078,60.125,70.696,117895.935,118117.285,118138.485,845602,876416,221347840,66879488,49811,847921,2026-08-02T09:38:36.347271Z
M1,918,saturated,M1,true,415.000,31.370,51.022,57.936,117982.880,118218.279,118255.121,846357,877029,221511680,66912256,49794,848716,2026-08-02T09:38:36.347271Z
M1,919,saturated,M1,true,412.000,31.781,51.018,62.527,118089.749,118322.496,118362.800,847186,877425,221700096,66953216,49793,849543,2026-08-02T09:38:36.347271Z
M1,920,saturated,M1,true,386.000,33.676,55.727,68.288,118184.685,118443.660,118478.983,848010,877836,221782016,67002368,49790,850310,2026-08-02T09:38:36.347271Z
M1,921,saturated,M1,true,417.000,31.510,50.133,59.407,118238.925,118455.995,118474.963,848768,878222,221986816,67026944,49795,851154,2026-08-02T09:38:36.347271Z
M1,922,saturated,M1,true,357.000,33.707,78.078,144.071,118450.177,118665.426,118697.490,849583,878222,222101504,67067904,49787,851870,2026-08-02T09:38:36.347271Z
M1,923,saturated,M1,true,408.000,31.127,50.041,61.009,118553.310,118785.231,118819.819,850337,878851,222240768,67108864,49793,852703,2026-08-02T09:38:36.347271Z
M1,924,saturated,M1,true,412.000,32.507,54.184,60.184,118692.718,118914.743,118953.159,851125,879409,222453760,67141632,49796,853514,2026-08-02T09:38:36.347271Z
M1,925,saturated,M1,true,412.000,32.044,50.713,62.498,118769.192,118988.957,119013.673,851873,880025,222543872,67190784,49797,854343,2026-08-02T09:38:36.347271Z
M1,926,saturated,M1,true,391.000,32.863,54.696,77.523,118781.735,118991.592,119038.026,852673,880234,222707712,67231744,49819,855172,2026-08-02T09:38:36.347271Z
M1,927,saturated,M1,true,403.000,32.999,56.630,75.018,118853.753,119083.315,119117.676,853487,880234,222896128,67272704,49794,855939,2026-08-02T09:38:36.347271Z
M1,928,saturated,M1,true,412.000,33.165,52.575,61.944,118970.484,119205.281,119243.444,854290,880830,223010816,67321856,49799,856769,2026-08-02T09:38:36.347271Z
M1,929,saturated,M1,true,370.000,34.865,54.652,76.322,118979.854,119189.068,119213.539,855113,881442,223174656,67362816,49824,857558,2026-08-02T09:38:36.347271Z
M1,930,saturated,M1,true,365.000,35.188,61.591,71.713,119169.281,119418.997,119459.121,855874,881642,223313920,67395584,49797,858246,2026-08-02T09:38:36.347271Z
M1,931,saturated,M1,true,405.000,32.218,52.085,59.606,119219.780,119443.401,119488.854,856618,882176,223436800,67436544,49805,859063,2026-08-02T09:38:36.347271Z
M1,932,saturated,M1,true,355.000,33.892,74.884,91.006,119384.890,119589.501,119608.268,857416,882590,223625216,67477504,49804,859776,2026-08-02T09:38:36.347271Z
M1,933,saturated,M1,true,392.000,32.719,57.273,69.789,119474.208,119719.357,119758.816,858168,882941,223731712,67502080,49810,860594,2026-08-02T09:38:36.347271Z
M1,934,saturated,M1,true,400.000,34.432,56.048,74.921,119623.566,119864.404,119904.212,858938,882941,223895552,67551232,49813,861377,2026-08-02T09:38:36.347271Z
M1,935,saturated,M1,true,404.000,32.367,48.902,53.634,119771.334,120000.411,120048.982,859740,883542,224059392,67584000,49804,862181,2026-08-02T09:38:36.347271Z
M1,936,saturated,M1,true,408.000,32.903,53.419,62.084,119848.312,120067.276,120107.337,860555,884142,224190464,67624960,49803,863002,2026-08-02T09:38:36.347271Z
M1,937,saturated,M1,true,411.000,32.441,50.528,55.041,119960.676,120191.972,120230.679,861385,884549,224362496,67657728,49807,863823,2026-08-02T09:38:36.347271Z
M1,938,saturated,M1,true,403.000,33.012,51.635,58.013,120066.347,120297.745,120328.239,862216,884549,224526336,67706880,49807,864639,2026-08-02T09:38:36.347271Z
M1,939,saturated,M1,true,381.000,36.154,58.342,68.389,120246.746,120481.941,120521.788,863029,885163,224641024,67747840,49828,865425,2026-08-02T09:38:36.347271Z
M1,940,saturated,M1,true,358.000,35.858,89.902,114.422,120395.931,120635.846,120673.955,863784,885760,224804864,67788800,49808,866121,2026-08-02T09:38:36.347271Z
M1,941,saturated,M1,true,407.000,33.043,51.637,61.516,120428.849,120640.090,120677.120,864550,886105,224919552,67821568,49816,866948,2026-08-02T09:38:36.347271Z
M1,942,saturated,M1,true,369.000,35.201,66.019,94.389,120646.979,120899.870,120928.920,865332,886517,225083392,67870720,49802,867658,2026-08-02T09:38:36.347271Z
M1,943,saturated,M1,true,408.000,32.201,50.832,58.593,120636.468,120862.888,120905.920,866118,886517,225255424,67903488,49813,868495,2026-08-02T09:38:36.347271Z
M1,944,saturated,M1,true,400.000,33.870,51.551,61.569,120777.265,121010.530,121061.094,866944,887081,225370112,67944448,49815,869297,2026-08-02T09:38:36.347271Z
M1,945,saturated,M1,true,398.000,34.049,52.578,61.564,120866.421,121095.669,121113.306,867747,887692,225550336,67993600,49815,870094,2026-08-02T09:38:36.347271Z
M1,946,saturated,M1,true,404.000,31.896,50.719,57.745,120964.135,121204.322,121224.245,868556,887692,225665024,68026368,49812,870908,2026-08-02T09:38:36.347271Z
M1,947,saturated,M1,true,391.000,32.908,55.440,67.477,121080.576,121327.059,121370.446,869387,888286,225820672,68067328,49824,871723,2026-08-02T09:38:36.347271Z
M1,948,saturated,M1,true,380.000,34.678,57.552,67.814,121241.311,121483.423,121526.276,870142,888896,226000896,68108288,49834,872503,2026-08-02T09:38:36.347271Z
M1,949,saturated,M1,true,287.000,43.853,116.060,161.396,121409.053,121682.125,121725.084,870849,889091,226099200,68141056,49883,873177,2026-08-02T09:38:36.347271Z
M1,950,saturated,M1,true,352.000,36.932,62.738,84.415,121829.858,122037.663,122080.147,871434,889623,226238464,68173824,49823,873755,2026-08-02T09:38:36.347271Z
M1,951,saturated,M1,true,401.000,32.820,52.142,64.825,121913.052,122139.364,122184.128,872146,889623,226361344,68214784,49817,874547,2026-08-02T09:38:36.347271Z
M1,952,saturated,M1,true,323.000,37.512,96.044,155.247,122116.656,122365.611,122384.732,872900,890108,226508800,68247552,49832,875233,2026-08-02T09:38:36.347271Z
M1,953,saturated,M1,true,336.000,35.054,78.217,109.064,122381.974,122594.773,122624.010,873581,890648,226623488,68280320,49832,875895,2026-08-02T09:38:36.347271Z
M1,954,saturated,M1,true,379.000,34.579,56.583,67.378,122540.017,122780.551,122809.263,874227,890648,226762752,68321280,49833,876666,2026-08-02T09:38:36.347271Z
M1,955,saturated,M1,true,391.000,34.122,51.077,57.483,122566.017,122815.450,122866.712,874972,891169,226942976,68354048,49826,877431,2026-08-02T09:38:36.347271Z
M1,956,saturated,M1,true,387.000,32.586,55.239,68.376,122709.897,122943.460,122978.161,875746,891551,227057664,68395008,49829,878211,2026-08-02T09:38:36.347271Z
M1,957,saturated,M1,true,400.000,33.611,50.709,54.774,122813.924,123044.711,123060.954,876542,892137,227213312,68435968,49823,879004,2026-08-02T09:38:36.347271Z
M1,958,saturated,M1,true,350.000,36.003,68.521,79.979,122902.819,123151.030,123189.458,877330,892529,227344384,68468736,49845,879758,2026-08-02T09:38:36.347271Z
M1,959,saturated,M1,true,372.000,36.424,55.039,66.586,123090.207,123332.978,123358.083,878072,892529,227483648,68501504,49831,880475,2026-08-02T09:38:36.347271Z
M1,960,saturated,M1,true,360.000,36.036,74.701,98.498,123311.857,123540.415,123561.667,878771,893077,227647488,68542464,49826,881190,2026-08-02T09:38:36.347271Z
M1,961,saturated,M1,true,374.000,34.869,61.778,66.682,123396.116,123637.602,123684.351,879521,893450,227753984,68575232,49852,881987,2026-08-02T09:38:36.347271Z
M1,962,saturated,M1,true,321.000,40.977,72.554,83.198,123736.045,124025.308,124049.627,880221,893820,227917824,68616192,49844,882614,2026-08-02T09:38:36.347271Z
M1,963,saturated,M1,true,368.000,36.962,60.286,70.679,123884.267,124120.075,124164.251,880963,893830,227958784,68657152,49832,883337,2026-08-02T09:39:36.325046Z
M1,964,saturated,M1,true,388.000,33.821,54.722,70.471,124014.512,124251.900,124272.689,881723,893830,228147200,68689920,49840,884106,2026-08-02T09:39:36.325046Z
M1,965,saturated,M1,true,392.000,33.493,51.686,59.638,124124.475,124364.819,124407.852,882429,894383,228360192,68722688,49834,884894,2026-08-02T09:39:36.325046Z
M1,966,saturated,M1,true,383.000,35.218,57.303,66.847,124202.996,124435.917,124479.085,883229,894968,228401152,68763648,49842,885675,2026-08-02T09:39:36.325046Z
M1,967,saturated,M1,true,385.000,34.859,54.879,70.522,124250.875,124485.674,124498.786,884005,895357,228614144,68796416,49835,886434,2026-08-02T09:39:36.325046Z
M1,968,saturated,M1,true,385.000,33.654,52.231,62.957,124321.058,124545.368,124593.643,884741,895736,228704256,68829184,49841,887217,2026-08-02T09:39:36.325046Z
M1,969,saturated,M1,true,391.000,33.952,53.821,68.340,124436.818,124680.342,124714.127,885535,896130,228868096,68878336,49845,888002,2026-08-02T09:39:36.325046Z
M1,970,saturated,M1,true,352.000,35.044,74.247,107.024,124523.994,124792.911,124830.260,886304,896519,229081088,68911104,49846,888718,2026-08-02T09:39:36.325046Z
M1,971,saturated,M1,true,388.000,35.582,55.406,66.883,124688.040,124912.561,124962.046,887036,896876,229130240,68943872,49842,889494,2026-08-02T09:39:36.325046Z
M1,972,saturated,M1,true,340.000,35.705,76.462,139.791,124890.513,125117.794,125173.966,887794,897262,229326848,68984832,49841,890167,2026-08-02T09:39:36.325046Z
M1,973,saturated,M1,true,387.000,33.559,52.591,67.782,125008.197,125229.877,125262.773,888518,897262,229408768,69017600,49844,890945,2026-08-02T09:39:36.325046Z
M1,974,saturated,M1,true,378.000,35.957,57.451,71.667,125000.695,125243.988,125279.667,889298,897794,229572608,69058560,49844,891714,2026-08-02T09:39:36.325046Z
M1,975,saturated,M1,true,377.000,34.950,57.286,65.911,125030.367,125260.526,125295.069,890074,898369,229777408,69099520,49846,892467,2026-08-02T09:39:36.325046Z
M1,976,saturated,M1,true,387.000,33.572,55.801,65.432,125137.199,125388.749,125432.224,890832,898746,229834752,69132288,49845,893237,2026-08-02T09:39:36.325046Z
M1,977,saturated,M1,true,370.000,35.008,55.823,62.252,125222.996,125448.422,125474.048,891625,898746,230039552,69173248,49852,893997,2026-08-02T09:39:36.325046Z
M1,978,saturated,M1,true,362.000,35.702,56.376,67.161,125295.458,125512.036,125553.142,892359,899324,230105088,69206016,49844,894718,2026-08-02T09:39:36.325046Z
M1,979,saturated,M1,true,374.000,35.197,52.905,57.499,125357.231,125595.353,125630.805,893106,899867,230285312,69246976,49851,895477,2026-08-02T09:39:36.325046Z
M1,980,saturated,M1,true,354.000,36.867,70.609,102.498,125570.615,125839.727,125872.404,893775,900061,230465536,69279744,49845,896175,2026-08-02T09:39:36.325046Z
M1,981,saturated,M1,true,394.000,34.468,53.227,63.832,125690.998,125923.625,125976.555,894516,900593,230547456,69320704,49849,896964,2026-08-02T09:39:36.325046Z
M1,982,saturated,M1,true,342.000,36.171,71.088,129.788,125880.385,126133.265,126171.867,895276,900990,230744064,69361664,49849,897651,2026-08-02T09:39:36.325046Z
M1,983,saturated,M1,true,374.000,35.737,58.277,75.749,126027.773,126279.003,126315.511,895967,901331,230801408,69394432,49854,898419,2026-08-02T09:39:36.325046Z
M1,984,saturated,M1,true,381.000,34.366,54.257,62.363,126159.063,126379.456,126409.954,896737,901524,230998016,69427200,49865,899186,2026-08-02T09:39:36.325046Z
M1,985,saturated,M1,true,381.000,35.038,59.913,74.375,126295.905,126513.766,126547.866,897509,902100,231145472,69484544,49859,899950,2026-08-02T09:39:36.325046Z
M1,986,saturated,M1,true,342.000,37.680,62.923,78.580,126380.199,126650.503,126689.645,898278,902477,231260160,69509120,49889,900690,2026-08-02T09:39:36.325046Z
M1,987,saturated,M1,true,356.000,38.740,68.310,94.512,126599.079,126867.377,126904.053,898986,902477,231432192,69541888,49865,901363,2026-08-02T09:39:36.325046Z
M1,988,saturated,M1,true,376.000,35.156,55.744,63.823,126781.322,126999.916,127022.353,899705,903004,231514112,69574656,49858,902111,2026-08-02T09:39:36.325046Z
M1,989,saturated,M1,true,343.000,38.170,63.032,75.795,126801.523,127037.209,127050.544,900428,903364,231702528,69615616,49881,902834,2026-08-02T09:39:36.325046Z
M1,990,saturated,M1,true,351.000,36.476,63.019,83.119,127039.100,127280.639,127318.028,901112,903915,231768064,69632000,49864,903503,2026-08-02T09:39:36.325046Z
M1,991,saturated,M1,true,384.000,34.783,56.813,70.535,127183.788,127419.465,127443.656,901800,904248,231948288,69689344,49853,904266,2026-08-02T09:39:36.325046Z
M1,992,saturated,M1,true,330.000,36.083,66.301,145.543,127378.815,127626.528,127653.451,902551,904629,232062976,69705728,49866,904944,2026-08-02T09:39:36.325046Z
M1,993,saturated,M1,true,390.000,34.296,53.569,66.256,127513.971,127747.055,127776.298,903270,904629,232202240,69746688,49858,905720,2026-08-02T09:39:36.325046Z
M1,994,saturated,M1,true,391.000,34.044,55.656,61.305,127564.386,127797.518,127820.901,904020,905156,232382464,69787648,49861,906498,2026-08-02T09:39:36.325046Z
M1,995,saturated,M1,true,392.000,33.480,53.046,65.641,127619.263,127845.503,127883.270,904811,905741,232480768,69828608,49861,907285,2026-08-02T09:39:36.325046Z
M1,996,saturated,M1,true,388.000,33.698,50.833,55.884,127663.327,127885.972,127926.425,905608,906333,232669184,69885952,49863,908072,2026-08-02T09:39:36.325046Z
M1,997,saturated,M1,true,365.000,36.480,58.391,65.404,127716.670,127945.762,127971.203,906390,906525,232816640,69910528,49874,908825,2026-08-02T09:39:36.325046Z
M1,998,saturated,M1,true,378.000,35.660,57.172,66.146,127728.909,127957.670,127992.895,907138,906525,232923136,69959680,49871,909569,2026-08-02T09:39:36.325046Z
M1,999,saturated,M1,true,386.000,34.265,56.212,65.515,127814.006,128051.907,128084.020,907859,907085,233111552,70000640,49869,910340,2026-08-02T09:39:36.325046Z
M1,1000,saturated,M1,true,353.000,37.028,70.074,90.564,127888.914,128094.408,128130.310,908627,907658,233193472,70025216,49866,911047,2026-08-02T09:39:36.325046Z
M1,1001,saturated,M1,true,385.000,33.794,55.401,60.449,127956.103,128197.581,128232.647,909374,908208,233381888,70074368,49864,911830,2026-08-02T09:39:36.325046Z
M1,1002,saturated,M1,true,345.000,36.037,63.559,121.895,128166.881,128402.544,128438.249,910106,908398,233496576,70107136,49874,912520,2026-08-02T09:39:36.325046Z
M1,1003,saturated,M1,true,380.000,35.241,55.191,66.026,128257.074,128473.370,128506.518,910860,908398,233627648,70139904,49877,913301,2026-08-02T09:39:36.325046Z
M1,1004,saturated,M1,true,385.000,35.551,55.092,65.537,128348.762,128593.517,128628.112,911638,908941,233816064,70180864,49876,914067,2026-08-02T09:39:36.325046Z
M1,1005,saturated,M1,true,374.000,36.273,60.754,75.865,128459.280,128712.659,128754.036,912413,909517,233906176,70213632,49878,914827,2026-08-02T09:39:36.325046Z
M1,1006,saturated,M1,true,389.000,35.276,53.190,65.115,128600.508,128842.847,128887.180,913184,909894,234094592,70246400,49879,915601,2026-08-02T09:39:36.325046Z
M1,1007,saturated,M1,true,385.000,34.140,53.656,59.788,128728.794,128965.103,129006.048,913963,910282,234217472,70287360,49883,916376,2026-08-02T09:39:36.325046Z
M1,1008,saturated,M1,true,377.000,36.799,52.385,65.704,128760.220,129002.701,129039.886,914753,910669,234348544,70328320,49893,917150,2026-08-02T09:39:36.325046Z
M1,1009,saturated,M1,true,391.000,34.914,55.171,63.945,128881.028,129081.901,129098.994,915521,911057,234536960,70361088,49882,917909,2026-08-02T09:39:36.325046Z
M1,1010,saturated,M1,true,365.000,36.077,74.675,100.941,128952.408,129186.019,129228.261,916273,911436,234618880,70393856,49882,918647,2026-08-02T09:39:36.325046Z
M1,1011,saturated,M1,true,387.000,34.850,52.456,58.746,129024.167,129269.244,129313.349,916962,911436,234815488,70443008,49877,919426,2026-08-02T09:39:36.325046Z
M1,1012,saturated,M1,true,334.000,37.465,75.720,151.555,129241.523,129466.893,129507.813,917706,911995,234897408,70475776,49881,920102,2026-08-02T09:39:36.325046Z
M1,1013,saturated,M1,true,384.000,35.263,55.243,72.655,129283.779,129503.856,129534.549,918446,912350,235069440,70508544,49896,920886,2026-08-02T09:39:36.325046Z
M1,1014,saturated,M1,true,374.000,36.334,55.384,63.626,129377.418,129618.421,129660.727,919222,912723,235225088,70549504,49895,921635,2026-08-02T09:39:36.325046Z
M1,1015,saturated,M1,true,375.000,37.147,56.722,66.391,129539.653,129766.529,129814.130,919976,913291,235331584,70582272,49887,922391,2026-08-02T09:39:36.325046Z
M1,1016,saturated,M1,true,388.000,33.669,56.083,66.829,129670.768,129895.566,129939.711,920745,913291,235528192,70623232,49888,923164,2026-08-02T09:39:36.325046Z
M1,1017,saturated,M1,true,382.000,34.615,54.345,67.550,129749.502,129981.677,130010.525,921489,913853,235626496,70664192,49894,923936,2026-08-02T09:39:36.325046Z
M1,1018,saturated,M1,true,386.000,34.954,55.062,65.887,129843.961,130071.317,130111.060,922260,914246,235782144,70696960,49893,924700,2026-08-02T09:39:36.325046Z
M1,1019,saturated,M1,true,380.000,36.157,54.916,63.095,129944.067,130182.387,130229.846,923043,914819,235937792,70729728,49896,925473,2026-08-02T09:39:36.325046Z
M1,1020,saturated,M1,true,356.000,37.605,62.371,82.281,130068.019,130299.806,130329.531,923796,915207,236052480,70762496,49891,926183,2026-08-02T09:39:36.325046Z
M1,1021,saturated,M1,true,376.000,35.896,57.444,66.857,130199.111,130428.567,130475.084,924539,915207,236240896,70803456,49901,926945,2026-08-02T09:39:36.325046Z
M1,1022,saturated,M1,true,331.000,36.720,76.851,104.787,130362.925,130625.034,130657.629,925255,915751,236314624,70836224,49907,927631,2026-08-02T09:39:36.325046Z
M1,1023,saturated,M1,true,366.000,36.914,61.656,74.121,130431.183,130672.222,130702.800,925994,916386,236404736,70877184,49902,928357,2026-08-02T09:40:36.372691Z
M1,1024,saturated,M1,true,380.000,35.432,55.724,67.392,130561.944,130792.136,130836.646,926722,916934,236617728,70918144,49902,929110,2026-08-02T09:40:36.372691Z
M1,1025,saturated,M1,true,364.000,36.796,55.624,68.521,130715.742,130942.710,130959.193,927475,917128,236822528,70950912,49905,929847,2026-08-02T09:40:36.372691Z
M1,1026,saturated,M1,true,382.000,35.610,57.737,73.580,130792.283,131011.345,131048.205,928235,917494,236871680,70983680,49901,930601,2026-08-02T09:40:36.372691Z
M1,1027,saturated,M1,true,343.000,37.723,73.260,105.706,130913.832,131188.466,131227.783,928933,917494,237076480,71016448,49907,931306,2026-08-02T09:40:36.372691Z
M1,1028,saturated,M1,true,377.000,34.713,55.772,66.022,131081.497,131308.752,131357.148,929641,918058,237150208,71057408,49904,932059,2026-08-02T09:40:36.372691Z
M1,1029,saturated,M1,true,383.000,36.193,58.459,70.633,131176.130,131397.280,131420.488,930360,918404,237322240,71098368,49898,932817,2026-08-02T09:40:36.372691Z
M1,1030,saturated,M1,true,354.000,37.247,59.307,75.856,131293.239,131513.311,131547.630,931113,918972,237494272,71122944,49902,933536,2026-08-02T09:40:36.372691Z
M1,1031,saturated,M1,true,378.000,35.667,59.296,65.934,131383.558,131615.360,131651.578,931780,918972,237576192,71172096,49903,934294,2026-08-02T09:40:36.372691Z
M1,1032,saturated,M1,true,328.000,38.981,123.441,151.348,131416.277,131664.615,131707.120,932478,919519,237780992,71196672,49904,934948,2026-08-02T09:40:36.372691Z
M1,1033,saturated,M1,true,379.000,35.773,57.780,72.907,131507.306,131730.330,131774.137,933190,919861,237830144,71237632,49903,935708,2026-08-02T09:40:36.372691Z
M1,1034,saturated,M1,true,375.000,36.366,54.158,64.114,131452.124,131678.861,131711.994,933962,920415,238026752,71278592,49905,936468,2026-08-02T09:40:36.372691Z
M1,1035,saturated,M1,true,372.000,36.285,58.954,71.811,131492.944,131721.062,131762.577,934679,920415,238149632,71311360,49906,937226,2026-08-02T09:40:36.372691Z
M1,1036,saturated,M1,true,377.000,36.311,56.871,63.899,131602.951,131827.225,131854.758,935444,920981,238280704,71352320,49910,937979,2026-08-02T09:40:36.372691Z
M1,1037,saturated,M1,true,375.000,35.750,58.881,64.376,131640.949,131865.783,131886.088,936200,921356,238477312,71393280,49908,938736,2026-08-02T09:40:36.372691Z
M1,1038,saturated,M1,true,369.000,35.898,56.201,69.777,131748.630,131965.568,131990.548,936928,921920,238542848,71426048,49910,939477,2026-08-02T09:40:36.372691Z
M1,1039,saturated,M1,true,375.000,36.810,57.557,66.981,131834.718,132061.077,132096.676,937645,922293,238739456,71467008,49911,940227,2026-08-02T09:40:36.372691Z
M1,1040,saturated,M1,true,351.000,37.327,63.479,77.499,131996.715,132230.774,132257.637,938391,922849,238821376,71491584,49905,940926,2026-08-02T09:40:36.372691Z
M1,1041,saturated,M1,true,383.000,35.546,52.724,70.099,132117.991,132346.103,132390.018,939122,922849,238993408,71540736,49916,941696,2026-08-02T09:40:36.372691Z
M1,1042,saturated,M1,true,321.000,37.329,70.923,110.654,132303.224,132561.583,132586.735,939855,923210,239132672,71573504,49910,942348,2026-08-02T09:40:36.372691Z
M1,1043,saturated,M1,true,380.000,34.647,53.244,61.108,132340.423,132554.273,132600.811,940555,923545,239239168,71598080,49913,943099,2026-08-02T09:40:36.372691Z
M1,1044,saturated,M1,true,366.000,35.873,57.585,65.434,132461.131,132690.547,132736.085,941313,923913,239427584,71647232,49916,943859,2026-08-02T09:40:36.372691Z
M1,1045,saturated,M1,true,372.000,37.174,55.797,63.931,132429.401,132644.935,132679.209,942034,924291,239525888,71671808,49920,944606,2026-08-02T09:40:36.372691Z
M1,1046,saturated,M1,true,349.000,36.127,54.055,64.260,132506.071,132715.527,132745.155,942788,924852,239697920,71712768,49940,945347,2026-08-02T09:40:36.372691Z
M1,1047,saturated,M1,true,383.000,35.892,61.686,96.909,132600.937,132816.863,132852.370,943507,924852,239828992,71745536,49916,946065,2026-08-02T09:40:36.372691Z
M1,1048,saturated,M1,true,376.000,36.960,55.668,72.851,132687.863,132924.421,132964.191,944279,925386,239943680,71794688,49922,946819,2026-08-02T09:40:36.372691Z
M1,1049,saturated,M1,true,326.000,41.666,61.380,70.083,132773.970,133037.332,133056.314,945010,925764,240132096,71819264,49927,947491,2026-08-02T09:40:36.372691Z
M1,1050,saturated,M1,true,329.000,37.700,93.550,115.834,133041.305,133274.846,133334.258,945656,926289,240189440,71860224,49920,948149,2026-08-02T09:40:36.372691Z
M1,1051,saturated,M1,true,377.000,36.711,56.545,66.275,133106.583,133347.735,133379.737,946368,926803,240386048,71901184,49926,948901,2026-08-02T09:40:36.372691Z
M1,1052,saturated,M1,true,314.000,40.166,78.646,106.687,133299.249,133545.941,133584.070,947075,926993,240435200,71933952,49920,949527,2026-08-02T09:40:36.372691Z
M1,1053,saturated,M1,true,375.000,36.097,55.783,66.510,133412.882,133640.486,133664.850,947775,926993,240640000,71966720,49925,950287,2026-08-02T09:40:36.372691Z
M1,1054,saturated,M1,true,369.000,37.692,57.262,63.931,133464.158,133683.077,133725.461,948533,927498,240721920,72007680,49923,951031,2026-08-02T09:40:36.372691Z
M1,1055,saturated,M1,true,365.000,37.355,59.153,71.053,133611.425,133832.680,133881.771,949274,928050,240893952,72040448,49930,951767,2026-08-02T09:40:36.372691Z
M1,1056,saturated,M1,true,371.000,37.207,54.028,62.222,133548.463,133789.159,133839.687,950029,928050,241057792,72081408,49931,952517,2026-08-02T09:40:36.372691Z
M1,1057,saturated,M1,true,374.000,36.777,57.377,65.388,133672.778,133903.622,133952.426,950754,928606,241139712,72114176,49930,953260,2026-08-02T09:40:36.372691Z
M1,1058,saturated,M1,true,362.000,37.005,57.532,67.892,133728.811,133954.353,133983.512,951464,928977,241336320,72155136,49930,954004,2026-08-02T09:40:36.372691Z
M1,1059,saturated,M1,true,370.000,38.666,57.194,67.068,133856.415,134092.594,134133.155,952211,929345,241434624,72179712,49931,954731,2026-08-02T09:40:36.372691Z
M1,1060,saturated,M1,true,333.000,38.267,74.930,91.677,134045.612,134305.250,134340.684,952921,929899,241598464,72220672,49935,955402,2026-08-02T09:40:36.372691Z
M1,1061,saturated,M1,true,364.000,37.876,57.267,70.409,134121.832,134350.271,134381.323,953636,929899,241704960,72261632,49935,956144,2026-08-02T09:40:36.372691Z
M1,1062,saturated,M1,true,308.000,41.468,79.979,97.441,134307.790,134580.350,134620.781,954286,930416,241844224,72294400,49935,956773,2026-08-02T09:40:36.372691Z
M1,1063,saturated,M1,true,368.000,37.081,55.396,63.005,134472.418,134702.353,134743.092,954970,930749,241958912,72327168,49935,957499,2026-08-02T09:40:36.372691Z
M1,1064,saturated,M1,true,366.000,35.790,55.168,66.736,134470.378,134688.988,134721.265,955726,931280,242089984,72368128,49940,958239,2026-08-02T09:40:36.372691Z
M1,1065,saturated,M1,true,356.000,37.572,62.454,71.964,134454.480,134708.351,134742.889,956461,931651,242278400,72400896,49937,958960,2026-08-02T09:40:36.372691Z
M1,1066,saturated,M1,true,368.000,36.784,56.002,66.113,134582.942,134801.879,134826.917,957195,932190,242368512,72441856,49946,959702,2026-08-02T09:40:36.372691Z
M1,1067,saturated,M1,true,368.000,37.482,58.310,69.330,134547.009,134777.007,134800.157,957937,932378,242532352,72466432,49941,960429,2026-08-02T09:40:36.372691Z
M1,1068,saturated,M1,true,368.000,36.811,59.361,68.618,134643.401,134882.127,134908.798,958647,932378,242647040,72515584,49942,961168,2026-08-02T09:40:36.372691Z
M1,1069,saturated,M1,true,363.000,37.640,60.402,66.008,134702.901,134925.004,134948.079,959395,932925,242794496,72540160,49940,961907,2026-08-02T09:40:36.372691Z
M1,1070,saturated,M1,true,337.000,40.493,63.095,70.439,134807.571,135087.477,135121.171,960108,933474,242925568,72581120,49939,962585,2026-08-02T09:40:36.372691Z
M1,1071,saturated,M1,true,372.000,36.314,56.005,65.974,134963.731,135181.993,135222.247,960826,933644,243040256,72613888,49946,963332,2026-08-02T09:40:36.372691Z
M1,1072,saturated,M1,true,322.000,38.912,78.597,132.581,135183.872,135401.575,135420.494,961518,934186,243236864,72654848,49947,963973,2026-08-02T09:40:36.372691Z
M1,1073,saturated,M1,true,366.000,37.529,56.502,67.568,135261.592,135499.598,135525.429,962235,934186,243302400,72679424,49947,964704,2026-08-02T09:40:36.372691Z
M1,1074,saturated,M1,true,359.000,37.689,58.444,67.220,135358.913,135585.346,135624.721,962978,934692,243482624,72728576,49945,965436,2026-08-02T09:40:36.372691Z
M1,1075,saturated,M1,true,360.000,37.062,58.127,63.267,135427.811,135646.346,135669.952,963679,935055,243572736,72753152,49944,966165,2026-08-02T09:40:36.372691Z
M1,1076,saturated,M1,true,378.000,38.402,56.695,63.316,135396.362,135632.046,135668.883,964421,935599,243736576,72794112,49948,966904,2026-08-02T09:40:36.372691Z
M1,1077,saturated,M1,true,365.000,35.422,57.323,73.784,135496.324,135707.657,135752.607,965138,935973,243900416,72835072,49950,967658,2026-08-02T09:40:36.372691Z
M1,1078,saturated,M1,true,367.000,36.161,58.575,71.945,135483.619,135720.732,135759.830,965887,935973,244006912,72867840,49952,968395,2026-08-02T09:40:36.372691Z
M1,1079,saturated,M1,true,368.000,37.355,57.601,69.475,135604.227,135836.955,135879.894,966598,936527,244178944,72900608,49951,969127,2026-08-02T09:40:36.372691Z
M1,1080,saturated,M1,true,339.000,39.183,86.576,113.925,135701.819,135979.808,136014.922,967342,936894,244260864,72933376,49953,969809,2026-08-02T09:40:36.372691Z
M1,1081,saturated,M1,true,358.000,38.883,60.745,66.265,135796.875,136027.778,136053.811,968026,937417,244441088,72974336,49954,970533,2026-08-02T09:40:36.372691Z
M1,1082,saturated,M1,true,315.000,42.088,104.175,138.473,136029.930,136285.929,136341.897,968672,937781,244523008,73007104,49954,971173,2026-08-02T09:40:36.372691Z
M1,1083,saturated,M1,true,356.000,38.733,62.726,75.523,136192.125,136402.306,136425.138,969299,937942,244645888,73031680,49945,971879,2026-08-02T09:41:36.367845Z
M1,1084,saturated,M1,true,366.000,37.206,56.063,65.997,136233.718,136474.451,136504.446,970041,938424,244785152,73080832,49954,972617,2026-08-02T09:41:36.367845Z
M1,1085,saturated,M1,true,354.000,39.485,61.953,69.880,136302.898,136519.813,136544.926,970764,938796,244998144,73105408,49957,973319,2026-08-02T09:41:36.367845Z
M1,1086,saturated,M1,true,356.000,36.782,59.521,67.865,136110.997,136454.338,136491.249,971455,939152,245039104,73138176,49960,974053,2026-08-02T09:41:36.367845Z
M1,1087,saturated,M1,true,365.000,38.102,57.709,68.705,136107.803,136330.923,136361.423,972189,939692,245243904,73179136,49959,974773,2026-08-02T09:41:36.367845Z
M1,1088,saturated,M1,true,365.000,37.259,56.746,66.137,136054.067,136281.934,136305.754,972933,940055,245284864,73211904,49963,975511,2026-08-02T09:41:36.367845Z
M1,1089,saturated,M1,true,362.000,37.064,57.816,66.269,136026.137,136256.531,136289.630,973672,940055,245497856,73244672,49962,976237,2026-08-02T09:41:36.367845Z
M1,1090,saturated,M1,true,335.000,38.066,83.811,112.049,136058.913,136308.742,136346.767,974378,940602,245571584,73269248,49963,976923,2026-08-02T09:41:36.367845Z
M1,1091,saturated,M1,true,373.000,36.979,59.268,69.741,136124.975,136350.377,136382.416,975097,940945,245751808,73318400,49960,977659,2026-08-02T09:41:36.367845Z
M1,1092,saturated,M1,true,314.000,39.426,74.249,101.126,136263.722,136511.137,136550.643,975748,941303,245874688,73342976,49964,978286,2026-08-02T09:41:36.367845Z
M1,1093,saturated,M1,true,370.000,37.327,54.217,63.972,136370.363,136597.383,136622.385,976444,941808,245997568,73375744,49963,979030,2026-08-02T09:41:36.367845Z
M1,1094,saturated,M1,true,355.000,37.059,61.567,66.959,136442.033,136657.957,136680.497,977152,942176,246145024,73416704,49964,979753,2026-08-02T09:41:36.367845Z
M1,1095,saturated,M1,true,365.000,37.798,59.773,71.611,136450.388,136679.584,136713.333,977880,942176,246243328,73449472,49972,980486,2026-08-02T09:41:36.367845Z
M1,1096,saturated,M1,true,361.000,38.517,61.620,65.892,136450.452,136671.372,136688.519,978618,942715,246448128,73490432,49975,981215,2026-08-02T09:41:36.367845Z
M1,1097,saturated,M1,true,361.000,39.548,57.164,67.282,136442.848,136659.442,136702.193,979356,943083,246513664,73523200,49966,981942,2026-08-02T09:41:36.367845Z
M1,1098,saturated,M1,true,362.000,38.489,58.968,64.200,136471.602,136694.538,136721.446,980091,943627,246693888,73564160,49966,982667,2026-08-02T09:41:36.367845Z
M1,1099,saturated,M1,true,358.000,38.014,60.099,72.982,136361.931,136584.951,136617.486,980749,943987,246833152,73588736,49974,983386,2026-08-02T09:41:36.367845Z
M1,1100,saturated,M1,true,340.000,38.728,68.973,110.194,136439.417,136667.203,136714.355,981452,944352,246939648,73629696,49960,984062,2026-08-02T09:41:36.367845Z
M1,1101,saturated,M1,true,369.000,36.969,58.344,68.718,136511.945,136726.318,136763.334,982175,944681,247111680,73662464,49973,984809,2026-08-02T09:41:36.367845Z
M1,1102,saturated,M1,true,308.000,41.248,89.046,138.085,136694.556,136916.931,136958.932,982822,944681,247185408,73703424,49972,985438,2026-08-02T09:41:36.367845Z
M1,1103,saturated,M1,true,345.000,38.626,58.482,73.798,136800.268,137021.098,137067.422,983467,945192,247373824,73728000,49977,986123,2026-08-02T09:41:36.367845Z
M1,1104,saturated,M1,true,352.000,38.983,63.069,78.146,136903.295,137129.828,137150.241,984166,945539,247431168,73777152,49968,986825,2026-08-02T09:41:36.367845Z
M1,1105,saturated,M1,true,359.000,36.131,54.169,64.571,136975.791,137204.277,137225.594,984892,946061,247627776,73801728,49976,987559,2026-08-02T09:41:36.367845Z
M1,1106,saturated,M1,true,342.000,37.655,61.528,70.117,137064.024,137294.458,137331.814,985623,946427,247709696,73842688,49809,988271,2026-08-02T09:41:36.367845Z
M1,1107,saturated,M1,true,317.000,44.307,80.126,92.775,137151.592,137457.328,137475.070,986293,946427,247881728,73867264,49815,988885,2026-08-02T09:41:36.367845Z
M1,1108,saturated,M1,true,333.000,40.852,67.805,83.202,137289.776,137513.998,137564.986,986867,946925,247955456,73916416,49980,989553,2026-08-02T09:41:36.367845Z
M1,1109,saturated,M1,true,322.000,42.041,68.653,81.805,137379.721,137601.645,137633.925,987532,947424,248127488,73940992,49980,990204,2026-08-02T09:41:36.367845Z
M1,1110,saturated,M1,true,318.000,40.896,71.774,110.364,137539.276,137780.579,137814.431,988166,947742,248217600,73949184,49976,990837,2026-08-02T09:41:36.367845Z
M1,1111,saturated,M1,true,355.000,40.937,61.472,77.459,137610.421,137838.284,137861.123,988849,947742,248365056,73998336,49802,991549,2026-08-02T09:41:36.367845Z
M1,1112,saturated,M1,true,306.000,42.392,74.073,109.874,137754.297,138044.082,138071.798,989514,948242,248471552,74031104,49979,992155,2026-08-02T09:41:36.367845Z
M1,1113,saturated,M1,true,352.000,39.449,60.316,68.194,137882.670,138122.322,138162.996,990182,948720,248602624,74063872,49985,992883,2026-08-02T09:41:36.367845Z
M1,1114,saturated,M1,true,344.000,39.321,62.075,76.778,137988.850,138211.023,138247.786,990899,949077,248741888,74096640,49807,993568,2026-08-02T09:41:36.367845Z
M1,1115,saturated,M1,true,356.000,38.083,58.941,76.472,138067.260,138283.150,138309.162,991610,949077,248848384,74137600,49985,994286,2026-08-02T09:41:36.367845Z
M1,1116,saturated,M1,true,354.000,40.124,63.064,73.986,138073.960,138307.264,138338.422,992324,949605,249020416,74170368,49980,994987,2026-08-02T09:41:36.367845Z
M1,1117,saturated,M1,true,337.000,41.657,67.807,79.195,138135.153,138379.117,138426.271,993027,949959,249102336,74203136,49812,995674,2026-08-02T09:41:36.367845Z
M1,1118,saturated,M1,true,341.000,39.854,64.371,83.343,138219.414,138442.141,138469.163,993692,950301,249290752,74244096,49819,996360,2026-08-02T09:41:36.367845Z
M1,1119,saturated,M1,true,349.000,39.694,63.158,71.379,138227.180,138453.406,138492.842,994354,950815,249356288,74276864,49817,997063,2026-08-02T09:41:36.367845Z
M1,1120,saturated,M1,true,318.000,39.115,81.999,102.456,138400.720,138602.271,138639.766,995037,951165,249544704,74309632,49820,997695,2026-08-02T09:41:36.367845Z
M1,1121,saturated,M1,true,354.000,39.433,61.112,73.081,138429.265,138652.045,138694.127,995683,951657,249634816,74358784,49811,998402,2026-08-02T09:41:36.367845Z
M1,1122,saturated,M1,true,295.000,42.563,116.631,156.492,138607.229,138815.035,138854.072,996308,951657,249782272,74383360,49820,998999,2026-08-02T09:41:36.367845Z
M1,1123,saturated,M1,true,350.000,40.788,60.460,73.623,138715.952,138946.978,138985.781,996973,951965,249880576,74407936,49814,999700,2026-08-02T09:41:36.367845Z
M1,1124,saturated,M1,true,349.000,40.960,65.930,74.749,138793.338,139026.548,139051.633,997680,952482,250028032,74432512,49817,1000390,2026-08-02T09:41:36.367845Z
M1,1125,saturated,M1,true,330.000,41.042,66.677,78.130,138902.796,139112.758,139154.274,998380,952655,250175488,74473472,49823,1001076,2026-08-02T09:41:36.367845Z
M1,1126,saturated,M1,true,342.000,40.563,65.350,78.354,138903.232,139129.221,139157.698,999059,952995,250273792,74506240,49825,1001754,2026-08-02T09:41:36.367845Z
M1,1127,saturated,M1,true,337.000,40.803,66.746,75.815,138983.875,139201.854,139243.782,999758,953507,250421248,74539008,49825,1002442,2026-08-02T09:41:36.367845Z
M1,1128,saturated,M1,true,350.000,39.743,64.574,75.518,139051.238,139276.758,139294.282,1000426,953844,250511360,74571776,49826,1003140,2026-08-02T09:41:36.367845Z
M1,1129,saturated,M1,true,354.000,40.615,64.944,72.888,139011.590,139232.446,139273.617,1001135,953844,250691584,74612736,49817,1003850,2026-08-02T09:41:36.367845Z
M1,1130,saturated,M1,true,314.000,41.434,84.627,97.590,139056.041,139294.203,139321.550,1001818,954375,250765312,74645504,49831,1004484,2026-08-02T09:41:36.367845Z
M1,1131,saturated,M1,true,341.000,40.368,64.844,81.783,139147.665,139392.318,139418.464,1002491,954697,250937344,74678272,49827,1005164,2026-08-02T09:41:36.367845Z
M1,1132,saturated,M1,true,304.000,43.007,83.601,121.885,139285.235,139540.726,139579.323,1003125,955205,251002880,74711040,49823,1005774,2026-08-02T09:41:36.367845Z
M1,1133,saturated,M1,true,297.000,42.576,94.089,136.951,139550.698,139771.588,139796.816,1003460,955205,251092992,74719232,49838,1006045,2026-08-02T09:41:36.367845Z
M1,1134,saturated,M1,true,348.000,39.151,61.333,69.014,139644.758,139873.929,139921.903,1004091,955511,251215872,74752000,49825,1006725,2026-08-02T09:41:36.367845Z
M1,1135,saturated,M1,true,338.000,40.403,61.304,80.761,139779.168,140024.490,140052.229,1004647,955810,251346944,74784768,49826,1007410,2026-08-02T09:41:36.367845Z
M1,1136,saturated,M1,true,340.000,41.436,66.627,73.409,139930.179,140157.019,140193.039,1005352,956157,251461632,74817536,49827,1008095,2026-08-02T09:41:36.367845Z
M1,1137,saturated,M1,true,351.000,38.968,62.747,77.659,139995.063,140221.463,140243.958,1006044,956666,251625472,74858496,49822,1008791,2026-08-02T09:41:36.367845Z
M1,1138,saturated,M1,true,355.000,38.773,62.491,72.299,140030.770,140253.908,140275.009,1006758,956666,251707392,74891264,49829,1009500,2026-08-02T09:41:36.367845Z
M1,1139,saturated,M1,true,355.000,39.459,64.162,74.916,140108.868,140323.609,140365.009,1007479,957192,251887616,74932224,49821,1010206,2026-08-02T09:41:36.367845Z
M1,1140,saturated,M1,true,309.000,43.543,91.855,124.430,140231.073,140477.996,140512.286,1008188,957719,251969536,74964992,49827,1010847,2026-08-02T09:41:36.367845Z
M1,1141,saturated,M1,true,353.000,40.429,64.403,77.006,140317.612,140545.875,140583.066,1008844,958215,252133376,74997760,49826,1011548,2026-08-02T09:41:36.367845Z
M1,1142,saturated,M1,true,290.000,41.707,126.842,163.560,140467.933,140728.553,140765.045,1009495,958215,252215296,75014144,49843,1012157,2026-08-02T09:41:36.367845Z
M1,1143,saturated,M1,true,328.000,41.916,69.093,77.866,140544.644,140766.862,140782.804,1010131,958568,252354560,75038720,49834,1012814,2026-08-02T09:42:36.345023Z
M1,1144,saturated,M1,true,352.000,40.303,63.582,78.357,140657.780,140884.103,140924.357,1010773,958861,252551168,75079680,49835,1013505,2026-08-02T09:42:36.345023Z
M1,1145,saturated,M1,true,335.000,42.000,66.444,75.935,140792.500,141017.298,141058.418,1011439,959192,252592128,75112448,49836,1014181,2026-08-02T09:42:36.345023Z
M1,1146,saturated,M1,true,345.000,40.965,66.283,75.199,140892.249,141110.340,141145.024,1012127,959706,252796928,75145216,49833,1014880,2026-08-02T09:42:36.345023Z
M1,1147,saturated,M1,true,346.000,41.140,64.778,75.742,141006.156,141223.906,141273.416,1012835,960052,252895232,75186176,49832,1015569,2026-08-02T09:42:36.345023Z
M1,1148,saturated,M1,true,274.000,48.324,95.159,110.541,141130.919,141441.859,141455.290,1013490,960571,253042688,75218944,49890,1016226,2026-08-02T09:42:36.345023Z
M1,1149,saturated,M1,true,247.000,51.134,126.934,209.241,141577.540,141789.872,141841.942,1014047,960722,253075456,75243520,49856,1016666,2026-08-02T09:42:36.345023Z
M1,1150,saturated,M1,true,304.000,43.146,87.452,112.187,141790.070,142068.121,142104.036,1014564,960722,253272064,75259904,49847,1017261,2026-08-02T09:42:36.345023Z
M1,1151,saturated,M1,true,346.000,40.312,63.595,76.143,141919.268,142155.883,142197.058,1015201,961094,253304832,75300864,49844,1017929,2026-08-02T09:42:36.345023Z
M1,1152,saturated,M1,true,301.000,42.508,79.155,133.496,142078.903,142321.484,142354.747,1015881,961398,253509632,75333632,49845,1018539,2026-08-02T09:42:36.345023Z
M1,1153,saturated,M1,true,352.000,39.467,64.216,72.524,142188.393,142412.775,142441.277,1016482,961748,253558784,75366400,49845,1019241,2026-08-02T09:42:36.345023Z
M1,1154,saturated,M1,true,338.000,40.447,64.118,88.853,142223.112,142483.833,142509.858,1017153,962226,253747200,75407360,49850,1019929,2026-08-02T09:42:36.345023Z
M1,1155,saturated,M1,true,338.000,41.076,66.081,76.196,142272.910,142500.624,142532.151,1017853,962226,253845504,75448320,49848,1020611,2026-08-02T09:42:36.345023Z
M1,1156,saturated,M1,true,346.000,40.086,63.071,73.161,142400.377,142624.632,142661.205,1018538,962737,253992960,75472896,49844,1021302,2026-08-02T09:42:36.345023Z
M1,1157,saturated,M1,true,344.000,40.110,62.734,73.807,142493.992,142705.234,142733.973,1019237,963252,254115840,75522048,49843,1021995,2026-08-02T09:42:36.345023Z
M1,1158,saturated,M1,true,356.000,39.148,61.536,70.606,142544.123,142759.627,142780.103,1019945,963601,254238720,75554816,49852,1022704,2026-08-02T09:42:36.345023Z
M1,1159,saturated,M1,true,340.000,41.304,61.987,67.234,142624.139,142861.386,142908.356,1020604,963954,254402560,75595776,49857,1023396,2026-08-02T09:42:36.345023Z
M1,1160,saturated,M1,true,326.000,41.499,81.816,109.161,142801.524,143047.227,143074.790,1021309,964302,254484480,75612160,49847,1024038,2026-08-02T09:42:36.345023Z
M1,1161,saturated,M1,true,347.000,40.216,62.316,82.041,142904.118,143145.020,143173.756,1021975,964302,254681088,75661312,49854,1024756,2026-08-02T09:42:36.345023Z
M1,1162,saturated,M1,true,292.000,44.389,78.370,141.806,143089.109,143369.091,143400.359,1022660,964800,254722048,75677696,49859,1025340,2026-08-02T09:42:36.345023Z
M1,1163,saturated,M1,true,335.000,40.139,62.092,74.526,143207.651,143438.363,143455.160,1023248,965143,254926848,75710464,49865,1026034,2026-08-02T09:42:36.345023Z
M1,1164,saturated,M1,true,342.000,41.174,68.267,77.780,143278.723,143513.145,143540.795,1023941,965438,254976000,75743232,49867,1026711,2026-08-02T09:42:36.345023Z
M1,1165,saturated,M1,true,348.000,41.957,63.814,79.017,143336.313,143566.957,143593.912,1024635,965955,255164416,75784192,49861,1027400,2026-08-02T09:42:36.345023Z
M1,1166,saturated,M1,true,315.000,41.415,69.065,81.289,143389.232,143586.372,143612.153,1025304,966298,255238144,75816960,49881,1028092,2026-08-02T09:42:36.345023Z
M1,1167,saturated,M1,true,330.000,43.407,70.369,85.012,143499.182,143731.715,143751.379,1025969,966298,255410176,75849728,49867,1028721,2026-08-02T09:42:36.345023Z
M1,1168,saturated,M1,true,320.000,42.853,68.418,82.214,143636.180,143882.830,143899.872,1026610,966787,255475712,75882496,49861,1029350,2026-08-02T09:42:36.345023Z
M1,1169,saturated,M1,true,288.000,47.361,83.829,98.169,143821.961,144107.486,144132.697,1027270,967109,255647744,75923456,49887,1029978,2026-08-02T09:42:36.345023Z
M1,1170,saturated,M1,true,312.000,42.725,78.624,99.523,143980.444,144237.655,144288.934,1027876,967437,255705088,75939840,49859,1030550,2026-08-02T09:42:36.345023Z
M1,1171,saturated,M1,true,345.000,40.304,62.954,78.686,144112.893,144342.570,144384.918,1028503,967861,255877120,75956224,49869,1031252,2026-08-02T09:42:36.345023Z
M1,1172,saturated,M1,true,296.000,44.337,86.040,112.681,144230.902,144507.260,144528.830,1029156,968214,255942656,75997184,49865,1031839,2026-08-02T09:42:36.345023Z
M1,1173,saturated,M1,true,344.000,40.048,64.908,71.461,144352.321,144569.353,144604.704,1029783,968506,256122880,76029952,49870,1032533,2026-08-02T09:42:36.345023Z
M1,1174,saturated,M1,true,331.000,42.795,66.904,75.356,144456.569,144672.612,144729.052,1030444,968855,256229376,76062720,49867,1033201,2026-08-02T09:42:36.345023Z
M1,1175,saturated,M1,true,343.000,40.073,61.198,67.728,144498.903,144715.196,144744.061,1031131,968855,256368640,76111872,49875,1033895,2026-08-02T09:42:36.345023Z
M1,1176,saturated,M1,true,346.000,39.754,60.872,71.783,144566.326,144817.343,144864.512,1031804,969360,256499712,76136448,49869,1034585,2026-08-02T09:42:36.345023Z
M1,1177,saturated,M1,true,349.000,39.724,61.596,71.919,144541.628,144745.622,144776.201,1032503,969877,256606208,76177408,49873,1035289,2026-08-02T09:42:36.345023Z
M1,1178,saturated,M1,true,339.000,40.790,64.395,70.513,144619.396,144857.593,144899.442,1033216,969877,256770048,76210176,49871,1035975,2026-08-02T09:42:36.345023Z
M1,1179,saturated,M1,true,335.000,42.432,71.070,89.111,144724.009,144945.731,144988.616,1033913,970397,256860160,76251136,49883,1036671,2026-08-02T09:42:36.345023Z
M1,1180,saturated,M1,true,311.000,44.098,90.083,115.215,144927.746,145172.764,145193.691,1034550,970737,257007616,76275712,49875,1037277,2026-08-02T09:42:36.345023Z
M1,1181,saturated,M1,true,335.000,41.388,64.526,70.995,144980.037,145216.168,145244.871,1035162,971073,257105920,76308480,49882,1037965,2026-08-02T09:42:36.345023Z
M1,1182,saturated,M1,true,303.000,43.841,91.950,106.443,145190.926,145462.131,145496.054,1035832,971563,257245184,76333056,49880,1038561,2026-08-02T09:42:36.345023Z
M1,1183,saturated,M1,true,351.000,39.429,58.597,67.091,145304.131,145534.585,145560.792,1036487,971563,257343488,76357632,49880,1039259,2026-08-02T09:42:36.345023Z
M1,1184,saturated,M1,true,334.000,41.148,64.240,72.176,145385.613,145614.191,145635.484,1037185,972030,257507328,76390400,49885,1039944,2026-08-02T09:42:36.345023Z
M1,1185,saturated,M1,true,333.000,42.812,70.442,77.800,145476.386,145708.530,145757.056,1037832,972549,257605632,76439552,49880,1040605,2026-08-02T09:42:36.345023Z
M1,1186,saturated,M1,true,340.000,41.762,65.104,72.907,145531.971,145732.652,145763.225,1038517,972877,257744896,76464128,49879,1041293,2026-08-02T09:42:36.345023Z
M1,1187,saturated,M1,true,339.000,42.058,64.992,73.268,145603.944,145837.627,145886.833,1039208,972877,257859584,76496896,49882,1041979,2026-08-02T09:42:36.345023Z
M1,1188,saturated,M1,true,337.000,39.342,64.119,76.037,145578.805,145794.516,145833.986,1039912,973391,258007040,76529664,49884,1042666,2026-08-02T09:42:36.345023Z
M1,1189,saturated,M1,true,340.000,41.683,62.685,71.332,145684.692,145907.236,145949.610,1040564,973732,258105344,76570624,49886,1043345,2026-08-02T09:42:36.345023Z
M1,1190,saturated,M1,true,302.000,44.850,87.955,126.709,145876.383,146102.929,146142.272,1041189,974242,258244608,76603392,49889,1043949,2026-08-02T09:42:36.345023Z
M1,1191,saturated,M1,true,349.000,40.445,61.923,72.248,145952.388,146181.300,146217.342,1041831,974543,258351104,76644352,49882,1044636,2026-08-02T09:42:36.345023Z
M1,1192,saturated,M1,true,303.000,42.627,107.347,158.489,146071.792,146325.290,146348.653,1042508,974886,258490368,76668928,49888,1045244,2026-08-02T09:42:36.345023Z
M1,1193,saturated,M1,true,345.000,39.686,66.293,80.233,146181.087,146403.844,146437.963,1043173,974886,258613248,76693504,49892,1045946,2026-08-02T09:42:36.345023Z
M1,1194,saturated,M1,true,330.000,41.171,68.922,83.952,146276.170,146497.829,146532.382,1043862,975368,258760704,76726272,49892,1046619,2026-08-02T09:42:36.345023Z
M1,1195,saturated,M1,true,344.000,39.824,64.720,73.016,146349.753,146580.277,146601.655,1044549,975876,258883584,76759040,49887,1047305,2026-08-02T09:42:36.345023Z
M1,1196,saturated,M1,true,341.000,41.718,61.312,73.941,146309.952,146546.604,146587.642,1045243,975876,259006464,76800000,49891,1047985,2026-08-02T09:42:36.345023Z
M1,1197,saturated,M1,true,341.000,39.231,65.288,78.448,146312.330,146535.191,146578.574,1045937,976383,259137536,76832768,49890,1048667,2026-08-02T09:42:36.345023Z
M1,1198,saturated,M1,true,345.000,40.239,62.336,70.966,146297.593,146569.663,146603.007,1046530,976899,259260416,76865536,49888,1049362,2026-08-02T09:42:36.345023Z
M1,1199,saturated,M1,true,341.000,40.763,66.916,77.921,146337.563,146558.350,146602.543,1047231,977243,259391488,76906496,49891,1050049,2026-08-02T09:42:36.345023Z
M1,1200,saturated,M1,true,289.000,48.482,80.046,93.211,146444.415,146685.113,146766.555,1047903,977243,259514368,76931072,49899,1050656,2026-08-02T09:42:36.345023Z
M1,1201,saturated,M1,true,320.000,42.283,68.509,87.530,146627.594,146905.584,146936.654,1048509,977751,259620864,76972032,49898,1051282,2026-08-02T09:42:36.345023Z
M1,1202,saturated,M1,true,292.000,45.718,90.162,110.393,146809.762,147085.267,147115.234,1049140,978199,259743744,76988416,49903,1051879,2026-08-02T09:42:36.345023Z
M1,1203,saturated,M1,true,318.000,42.450,69.604,87.687,146968.772,147203.594,147226.173,1049712,978158,259784704,77012992,49896,1052509,2026-08-02T09:43:36.336846Z
M1,1204,saturated,M1,true,339.000,41.206,67.084,75.093,147094.800,147321.721,147346.606,1050310,978448,259973120,77045760,49895,1053180,2026-08-02T09:43:36.336846Z
M1,1205,saturated,M1,true,320.000,45.314,70.539,81.615,147223.796,147460.280,147505.901,1050987,978937,260014080,77078528,49900,1053828,2026-08-02T09:43:36.336846Z
M1,1206,saturated,M1,true,335.000,40.790,64.691,69.401,147317.481,147533.805,147579.508,1051655,978937,260210688,77119488,49895,1054496,2026-08-02T09:43:36.336846Z
M1,1207,saturated,M1,true,334.000,43.028,63.792,69.429,147374.993,147595.012,147629.068,1052297,979422,260276224,77160448,49896,1055172,2026-08-02T09:43:36.336846Z
M1,1208,saturated,M1,true,337.000,41.722,61.903,71.167,147404.284,147633.833,147645.879,1052986,979928,260456448,77185024,49901,1055850,2026-08-02T09:43:36.336846Z
M1,1209,saturated,M1,true,339.000,40.479,65.485,74.966,147442.585,147682.743,147720.776,1053668,980269,260579328,77217792,49896,1056520,2026-08-02T09:43:36.336846Z
M1,1210,saturated,M1,true,308.000,43.780,68.263,80.354,147409.919,147646.901,147693.195,1054332,980603,260702208,77258752,49901,1057149,2026-08-02T09:43:36.336846Z
M1,1211,saturated,M1,true,336.000,41.933,66.405,78.126,147524.663,147765.903,147804.097,1054954,980603,260866048,77291520,49901,1057832,2026-08-02T09:43:36.336846Z
M1,1212,saturated,M1,true,293.000,45.361,91.830,110.702,147721.825,147991.800,148020.184,1055612,981084,260939776,77316096,49907,1058427,2026-08-02T09:43:36.336846Z
M1,1213,saturated,M1,true,341.000,42.150,64.697,74.999,147790.088,148028.783,148039.028,1056175,981554,261087232,77332480,49904,1059104,2026-08-02T09:43:36.336846Z
M1,1214,saturated,M1,true,325.000,44.636,67.477,73.603,147881.653,148098.950,148128.026,1056855,981889,261177344,77373440,49908,1059768,2026-08-02T09:43:36.336846Z
M1,1215,saturated,M1,true,332.000,41.458,66.283,77.784,147973.875,148196.444,148216.022,1057527,981889,261365760,77398016,49912,1060436,2026-08-02T09:43:36.336846Z
M1,1216,saturated,M1,true,332.000,43.114,65.734,81.023,148080.210,148316.540,148342.105,1058199,982386,261414912,77438976,49907,1061102,2026-08-02T09:43:36.336846Z
M1,1217,saturated,M1,true,328.000,42.995,69.263,86.632,148185.628,148418.366,148460.703,1058878,982885,261537792,77479936,49909,1061758,2026-08-02T09:43:36.336846Z
M1,1218,saturated,M1,true,333.000,42.589,67.142,73.813,148266.619,148504.162,148519.578,1059514,983210,261668864,77512704,49911,1062423,2026-08-02T09:43:36.336846Z
M1,1219,saturated,M1,true,332.000,40.376,66.945,86.494,148312.023,148559.393,148582.987,1060186,983210,261824512,77545472,49913,1063094,2026-08-02T09:43:36.336846Z
M1,1220,saturated,M1,true,302.000,44.093,83.254,101.065,148409.499,148726.406,148751.429,1060853,983709,261914624,77570048,49911,1063709,2026-08-02T09:43:36.336846Z
M1,1221,saturated,M1,true,335.000,41.868,68.280,81.299,148460.666,148667.393,148715.377,1061493,984182,262086656,77602816,49910,1064376,2026-08-02T09:43:36.336846Z
M1,1222,saturated,M1,true,292.000,46.440,98.523,151.438,148624.745,148895.825,148921.810,1062111,984517,262152192,77619200,49915,1064973,2026-08-02T09:43:36.336846Z
M1,1223,saturated,M1,true,332.000,42.363,68.975,78.656,148735.621,148963.880,148984.923,1062740,984517,262324224,77651968,49918,1065632,2026-08-02T09:43:36.336846Z
M1,1224,saturated,M1,true,328.000,43.153,70.449,77.305,148852.988,149076.532,149109.003,1063373,984984,262389760,77692928,49918,1066289,2026-08-02T09:43:36.336846Z
M1,1225,saturated,M1,true,326.000,42.968,64.146,71.751,148897.023,149159.121,149191.175,1064045,985473,262569984,77725696,49918,1066955,2026-08-02T09:43:36.336846Z
M1,1226,saturated,M1,true,317.000,44.120,67.711,88.339,149051.882,149273.021,149311.138,1064717,985638,262635520,77758464,49934,1067615,2026-08-02T09:43:36.336846Z
M1,1227,saturated,M1,true,327.000,43.232,72.296,94.778,149219.547,149449.674,149482.660,1065367,986131,262807552,77791232,49922,1068251,2026-08-02T09:43:36.336846Z
M1,1228,saturated,M1,true,339.000,41.631,67.434,79.122,149299.622,149531.519,149554.303,1065997,986612,262881280,77832192,49915,1068922,2026-08-02T09:43:36.336846Z
M1,1229,saturated,M1,true,289.000,47.636,77.580,106.252,149379.227,149633.790,149702.457,1066669,986783,263053312,77856768,49930,1069522,2026-08-02T09:43:36.336846Z
M1,1230,saturated,M1,true,303.000,44.582,87.363,134.260,149551.247,149810.130,149844.741,1067264,986783,263118848,77873152,49923,1070121,2026-08-02T09:43:36.336846Z
M1,1231,saturated,M1,true,333.000,43.524,62.667,73.918,149683.226,149904.915,149934.030,1067870,987239,263282688,77897728,49921,1070789,2026-08-02T09:43:36.336846Z
M1,1232,saturated,M1,true,282.000,45.819,93.499,143.144,149738.654,149998.524,150042.385,1068503,987544,263356416,77946880,49919,1071354,2026-08-02T09:43:36.336846Z
M1,1233,saturated,M1,true,330.000,42.595,67.823,76.988,149811.525,150046.372,150072.114,1069130,987993,263520256,77971456,49922,1072021,2026-08-02T09:43:36.336846Z
M1,1234,saturated,M1,true,329.000,43.574,66.890,75.986,149874.356,150104.981,150147.439,1069802,987993,263585792,78012416,49921,1072683,2026-08-02T09:43:36.336846Z
M1,1235,saturated,M1,true,324.000,42.607,69.382,88.467,150001.005,150215.636,150255.465,1070434,988493,263766016,78036992,49924,1073332,2026-08-02T09:43:36.336846Z
M1,1236,saturated,M1,true,327.000,42.403,66.711,86.340,150086.531,150302.704,150350.025,1071091,988981,263839744,78086144,49928,1073995,2026-08-02T09:43:36.336846Z
M1,1237,saturated,M1,true,332.000,42.445,64.733,72.638,150203.350,150426.385,150454.937,1071767,989311,264011776,78110720,49927,1074654,2026-08-02T09:43:36.336846Z
M1,1238,saturated,M1,true,333.000,43.169,63.636,80.783,150288.379,150515.335,150540.323,1072409,989642,264110080,78135296,49926,1075323,2026-08-02T09:43:36.336846Z
M1,1239,saturated,M1,true,319.000,42.925,70.191,79.372,150360.482,150579.674,150618.019,1073081,989811,264257536,78168064,49932,1075974,2026-08-02T09:43:36.336846Z
M1,1240,saturated,M1,true,296.000,46.408,85.198,108.940,150519.436,150796.215,150841.924,1073714,990135,264339456,78192640,49928,1076560,2026-08-02T09:43:36.336846Z
M1,1241,saturated,M1,true,330.000,42.551,63.981,89.076,150598.593,150816.441,150861.243,1074310,990457,264486912,78225408,49925,1077222,2026-08-02T09:43:36.336846Z
M1,1242,saturated,M1,true,293.000,45.954,77.083,131.243,150751.912,150994.069,151044.136,1074925,990922,264585216,78258176,49933,1077820,2026-08-02T09:43:36.336846Z
M1,1243,saturated,M1,true,333.000,43.170,69.813,80.261,150795.112,151017.596,151056.733,1075553,990922,264732672,78307328,49932,1078488,2026-08-02T09:43:36.336846Z
M1,1244,saturated,M1,true,323.000,45.334,69.864,82.978,150825.492,151058.138,151096.095,1076196,991386,264822784,78340096,49938,1079136,2026-08-02T09:43:36.336846Z
M1,1245,saturated,M1,true,317.000,44.649,72.810,89.252,150930.851,151178.316,151197.498,1076845,991878,264962048,78364672,49935,1079779,2026-08-02T09:43:36.336846Z
M1,1246,saturated,M1,true,324.000,43.540,68.380,80.918,151074.867,151300.969,151352.309,1077512,991878,265076736,78381056,49938,1080431,2026-08-02T09:43:36.336846Z
M1,1247,saturated,M1,true,305.000,44.708,75.966,94.539,151239.451,151477.486,151514.854,1078152,992358,265207808,78422016,49944,1081052,2026-08-02T09:43:36.336846Z
M1,1248,saturated,M1,true,328.000,43.607,66.476,78.552,151308.401,151528.345,151567.213,1078714,992682,265306112,78454784,49936,1081699,2026-08-02T09:43:36.336846Z
M1,1249,saturated,M1,true,332.000,41.678,64.642,72.584,151413.992,151634.255,151665.426,1079394,993152,265445376,78487552,49937,1082368,2026-08-02T09:43:36.336846Z
M1,1250,saturated,M1,true,306.000,44.223,81.536,99.054,151552.858,151795.817,151831.735,1080013,993487,265551872,78520320,49939,1082983,2026-08-02T09:43:36.336846Z
M1,1251,saturated,M1,true,320.000,44.448,64.829,77.530,151698.015,151947.046,151983.586,1080624,993487,265674752,78553088,49935,1083622,2026-08-02T09:43:36.336846Z
M1,1252,saturated,M1,true,289.000,45.763,92.304,139.792,151787.003,152045.059,152051.564,1081245,993957,265773056,78585856,49937,1084200,2026-08-02T09:43:36.336846Z
M1,1253,saturated,M1,true,326.000,42.455,64.637,73.748,151886.164,152129.865,152157.787,1081859,994258,265904128,78602240,49940,1084864,2026-08-02T09:43:36.336846Z
M1,1254,saturated,M1,true,305.000,47.268,70.898,85.500,152000.938,152217.529,152259.130,1082517,994563,266018816,78635008,49947,1085487,2026-08-02T09:43:36.336846Z
M1,1255,saturated,M1,true,327.000,43.417,71.572,95.846,152049.650,152270.963,152297.288,1083150,995039,266158080,78667776,49944,1086139,2026-08-02T09:43:36.336846Z
M1,1256,saturated,M1,true,323.000,43.711,70.308,78.977,152083.433,152308.668,152345.407,1083824,995526,266264576,78708736,49947,1086793,2026-08-02T09:43:36.336846Z
M1,1257,saturated,M1,true,203.000,57.781,172.917,210.774,152388.361,152692.225,152726.618,1084393,995693,266362880,78733312,49955,1087222,2026-08-02T09:43:36.336846Z
M1,1258,saturated,M1,true,309.000,47.284,72.027,82.816,152679.728,152904.432,152956.806,1084900,995693,266452992,78757888,49946,1087825,2026-08-02T09:43:36.336846Z
M1,1259,saturated,M1,true,324.000,42.040,67.770,81.566,152739.626,152965.251,152986.382,1085548,996044,266592256,78782464,49950,1088477,2026-08-02T09:43:36.336846Z
M1,1260,saturated,M1,true,296.000,47.722,90.334,124.821,152758.549,152973.688,153038.344,1086184,996364,266690560,78815232,49946,1089060,2026-08-02T09:43:36.336846Z
M1,1261,saturated,M1,true,318.000,44.270,68.570,92.326,152809.632,153016.895,153030.605,1086769,996822,266829824,78848000,49947,1089705,2026-08-02T09:43:36.336846Z
M1,1262,saturated,M1,true,274.000,46.447,93.636,124.778,152967.550,153207.414,153236.718,1087392,997141,266919936,78880768,49958,1090276,2026-08-02T09:43:36.336846Z
M1,1263,saturated,M1,true,306.000,45.823,68.936,83.993,153027.487,153254.753,153281.726,1087473,997849,266960896,78913536,49943,1090864,2026-08-02T09:44:36.543606Z
M1,1264,saturated,M1,true,319.000,43.182,70.839,86.128,153073.405,153299.929,153329.116,1088116,997849,267190272,78946304,49955,1091524,2026-08-02T09:44:36.543606Z
M1,1265,saturated,M1,true,320.000,45.529,71.102,87.210,153114.437,153344.626,153391.834,1088769,998305,267255808,78962688,49948,1092150,2026-08-02T09:44:36.543606Z
M1,1266,saturated,M1,true,317.000,44.156,64.848,74.318,153158.283,153380.418,153429.988,1089383,998783,267427840,78995456,49956,1092797,2026-08-02T09:44:36.543606Z
M1,1267,saturated,M1,true,309.000,44.550,73.489,83.270,153249.576,153482.561,153494.652,1089988,998783,267509760,79028224,49953,1093422,2026-08-02T09:44:36.543606Z
M1,1268,saturated,M1,true,309.000,46.257,72.570,98.298,153362.368,153554.046,153601.529,1090619,999258,267665408,79069184,49954,1094034,2026-08-02T09:44:36.543606Z
M1,1269,saturated,M1,true,321.000,43.132,68.741,88.448,153482.332,153716.185,153745.299,1091252,999568,267730944,79093760,49948,1094683,2026-08-02T09:44:36.543606Z
M1,1270,saturated,M1,true,293.000,46.042,89.199,139.589,153622.211,153868.120,153883.539,1091889,999880,267902976,79134720,49956,1095279,2026-08-02T09:44:36.543606Z
M1,1271,saturated,M1,true,323.000,43.836,65.742,77.687,153692.658,153923.970,153939.531,1092489,1000202,267968512,79159296,49952,1095932,2026-08-02T09:44:36.543606Z
M1,1272,saturated,M1,true,266.000,47.985,86.920,156.225,153819.717,154109.450,154150.220,1093096,1000666,268132352,79183872,49954,1096464,2026-08-02T09:44:36.543606Z
M1,1273,saturated,M1,true,270.000,47.744,140.453,163.492,154153.758,154349.562,154385.873,1093584,1000666,268173312,79208448,49954,1097002,2026-08-02T09:44:36.543606Z
M1,1274,saturated,M1,true,322.000,44.547,65.111,72.959,154167.062,154386.689,154438.356,1094193,1001039,268353536,79249408,49964,1097658,2026-08-02T09:44:36.543606Z
M1,1275,saturated,M1,true,330.000,44.265,66.695,74.851,154174.867,154400.566,154424.974,1094845,1001364,268419072,79282176,49959,1098307,2026-08-02T09:44:36.543606Z
M1,1276,saturated,M1,true,313.000,44.942,71.863,84.247,154210.545,154459.862,154505.213,1095505,1001690,268574720,79314944,49956,1098943,2026-08-02T09:44:36.543606Z
M1,1277,saturated,M1,true,320.000,45.236,66.883,78.818,154216.364,154462.360,154485.461,1096140,1002009,268673024,79347712,49962,1099592,2026-08-02T09:44:36.543606Z
M1,1278,saturated,M1,true,325.000,43.701,69.682,80.084,154266.737,154513.673,154544.213,1096764,1002489,268828672,79355904,49957,1100230,2026-08-02T09:44:36.543606Z
M1,1279,saturated,M1,true,321.000,44.145,68.800,79.962,154348.542,154560.555,154613.450,1097424,1002809,268918784,79405056,49958,1100879,2026-08-02T09:44:36.543606Z
M1,1280,saturated,M1,true,280.000,48.315,85.479,119.886,154442.363,154731.199,154787.075,1098046,1002809,269058048,79429632,49966,1101448,2026-08-02T09:44:36.543606Z
M1,1281,saturated,M1,true,328.000,44.594,66.964,78.790,154581.256,154802.864,154825.052,1098668,1003290,269148160,79470592,49964,1102110,2026-08-02T09:44:36.543606Z
M1,1282,saturated,M1,true,218.000,52.786,209.952,260.254,154790.996,155118.988,155156.266,1099202,1003747,269246464,79486976,49972,1102561,2026-08-02T09:44:36.543606Z
M1,1283,saturated,M1,true,291.000,46.239,73.045,88.247,155034.688,155260.094,155286.466,1099728,1003863,269344768,79519744,49973,1103150,2026-08-02T09:44:36.543606Z
M1,1284,saturated,M1,true,310.000,46.957,77.740,95.828,155178.290,155412.418,155458.451,1100343,1004103,269467648,79544320,49966,1103760,2026-08-02T09:44:36.543606Z
M1,1285,saturated,M1,true,317.000,45.452,72.171,87.969,155244.411,155478.759,155510.221,1100957,1004568,269582336,79585280,49967,1104400,2026-08-02T09:44:36.543606Z
M1,1286,saturated,M1,true,322.000,43.069,67.026,76.228,155228.401,155455.453,155479.004,1101574,1004568,269705216,79609856,49972,1105042,2026-08-02T09:44:36.543606Z
M1,1287,saturated,M1,true,316.000,46.062,73.919,83.669,155311.533,155542.225,155574.602,1102212,1005045,269819904,79650816,49976,1105687,2026-08-02T09:44:36.543606Z
M1,1288,saturated,M1,true,318.000,45.250,67.449,77.419,155224.970,155451.370,155500.804,1102839,1005530,269959168,79683584,49969,1106327,2026-08-02T09:44:36.543606Z
M1,1289,saturated,M1,true,319.000,44.359,68.933,77.313,155179.451,155413.439,155425.338,1103486,1005846,270057472,79708160,49975,1106965,2026-08-02T09:44:36.543606Z
M1,1290,saturated,M1,true,311.000,45.533,74.564,83.842,155273.447,155558.572,155598.900,1104132,1006168,270188544,79732736,49965,1107581,2026-08-02T09:44:36.543606Z
M1,1291,saturated,M1,true,326.000,44.109,69.537,76.271,155366.827,155587.697,155632.280,1104750,1006168,270303232,79765504,49968,1108237,2026-08-02T09:44:36.543606Z
M1,1292,saturated,M1,true,282.000,46.939,83.123,137.001,155502.191,155749.942,155774.883,1105367,1006640,270426112,79798272,49979,1108819,2026-08-02T09:44:36.543606Z
M1,1293,saturated,M1,true,323.000,44.703,71.136,80.067,155622.762,155844.995,155891.262,1105962,1006936,270540800,79831040,49974,1109471,2026-08-02T09:44:36.543606Z
M1,1294,saturated,M1,true,318.000,43.807,68.962,81.650,155693.297,155935.753,155950.983,1106610,1007254,270680064,79872000,49980,1110109,2026-08-02T09:44:36.543606Z
M1,1295,saturated,M1,true,315.000,45.343,71.921,84.911,155777.551,156011.932,156051.319,1107251,1007732,270778368,79904768,49981,1110747,2026-08-02T09:44:36.543606Z
M1,1296,saturated,M1,true,319.000,45.049,69.239,78.436,155816.499,156063.560,156097.190,1107871,1007732,270917632,79929344,49821,1111385,2026-08-02T09:44:36.543606Z
M1,1297,saturated,M1,true,319.000,44.109,68.884,81.188,155878.071,156104.646,156126.625,1108495,1008211,271015936,79945728,49825,1112026,2026-08-02T09:44:36.543606Z
M1,1298,saturated,M1,true,320.000,45.027,66.680,74.556,155909.578,156177.624,156204.655,1109119,1008532,271171584,79986688,49977,1112663,2026-08-02T09:44:36.543606Z
M1,1299,saturated,M1,true,323.000,45.560,71.041,82.071,155857.447,156082.835,156109.039,1109764,1009005,271253504,80019456,49824,1113309,2026-08-02T09:44:36.543606Z
M1,1300,saturated,M1,true,294.000,47.530,94.829,117.743,155954.267,156171.404,156209.456,1110409,1009332,271392768,80052224,49829,1113919,2026-08-02T09:44:36.543606Z
M1,1301,saturated,M1,true,323.000,44.434,69.243,84.613,156043.016,156265.194,156287.455,1111033,1009633,271491072,80093184,49821,1114566,2026-08-02T09:44:36.543606Z
M1,1302,saturated,M1,true,285.000,46.938,103.111,153.859,156167.167,156405.303,156460.655,1111621,1009633,271597568,80125952,49830,1115140,2026-08-02T09:44:36.543606Z
M1,1303,saturated,M1,true,330.000,42.317,64.101,75.875,156261.978,156475.598,156509.030,1112236,1010082,271728640,80150528,49823,1115798,2026-08-02T09:44:36.543606Z
M1,1304,saturated,M1,true,317.000,45.289,69.884,81.931,156281.460,156544.237,156562.203,1112894,1010402,271843328,80166912,49828,1116435,2026-08-02T09:44:36.543606Z
M1,1305,saturated,M1,true,319.000,46.809,73.485,83.781,156165.185,156481.261,156516.366,1113510,1010884,271958016,80207872,49829,1117081,2026-08-02T09:44:36.543606Z
M1,1306,saturated,M1,true,322.000,44.073,63.768,82.545,155943.784,156185.236,156215.371,1114126,1011206,272089088,80232448,49828,1117729,2026-08-02T09:44:36.543606Z
M1,1307,saturated,M1,true,313.000,46.640,69.521,74.596,155961.534,156179.828,156224.103,1114779,1011206,272203776,80273408,49835,1118357,2026-08-02T09:44:36.543606Z
M1,1308,saturated,M1,true,324.000,43.921,68.742,78.141,155957.726,156199.906,156238.163,1115390,1011686,272343040,80297984,49829,1118995,2026-08-02T09:44:36.543606Z
M1,1309,saturated,M1,true,320.000,44.300,68.262,81.860,155982.980,156202.624,156236.393,1116044,1012003,272441344,80347136,49829,1119644,2026-08-02T09:44:36.543606Z
M1,1310,saturated,M1,true,301.000,46.589,76.129,85.246,156100.439,156360.523,156390.711,1116686,1012487,272564224,80371712,49842,1120253,2026-08-02T09:44:36.543606Z
M1,1311,saturated,M1,true,325.000,41.826,64.979,82.213,156152.386,156372.689,156393.714,1117321,1012791,272678912,80404480,49830,1120912,2026-08-02T09:44:36.543606Z
M1,1312,saturated,M1,true,284.000,49.436,86.404,98.713,156254.682,156529.692,156581.963,1117946,1012791,272793600,80412672,49836,1121486,2026-08-02T09:44:36.543606Z
M1,1313,saturated,M1,true,324.000,43.757,68.847,100.292,156383.784,156619.780,156648.659,1118547,1013245,272908288,80461824,49832,1122128,2026-08-02T09:44:36.543606Z
M1,1314,saturated,M1,true,312.000,46.242,74.974,83.759,156474.366,156702.850,156746.467,1119189,1013563,273047552,80486400,49838,1122757,2026-08-02T09:44:36.543606Z
M1,1315,saturated,M1,true,328.000,43.057,68.646,86.106,156562.259,156784.405,156812.074,1119849,1014037,273154048,80527360,49832,1123424,2026-08-02T09:44:36.543606Z
M1,1316,saturated,M1,true,320.000,44.156,70.319,77.410,156614.892,156844.291,156862.812,1120202,1014370,273211392,80527360,49842,1123742,2026-08-02T09:44:36.543606Z
M1,1317,saturated,M1,true,320.000,45.110,68.051,77.273,156615.847,156832.311,156872.509,1121153,1014686,273399808,80601088,49834,1124715,2026-08-02T09:44:36.543606Z
M1,1318,saturated,M1,true,309.000,46.331,78.013,102.033,156693.925,156925.595,156971.395,1121481,1014852,273457152,80601088,49847,1125016,2026-08-02T09:44:36.543606Z
M1,1319,saturated,M1,true,321.000,45.410,70.248,82.330,156711.794,156974.642,157011.073,1122115,1014852,273588224,80625664,49843,1125651,2026-08-02T09:44:36.543606Z
M1,1320,saturated,M1,true,288.000,46.377,98.337,121.521,156704.512,157001.050,157055.539,1122725,1015318,273686528,80666624,49849,1126251,2026-08-02T09:44:36.543606Z
M1,1321,saturated,M1,true,318.000,45.020,68.839,83.211,156856.520,157101.981,157137.781,1123332,1015778,273825792,80699392,49848,1126889,2026-08-02T09:44:36.543606Z
M1,1322,saturated,M1,true,261.000,50.197,147.126,170.251,157015.022,157285.077,157316.520,1123934,1015778,273915904,80723968,49859,1127441,2026-08-02T09:44:36.543606Z
M1,1323,saturated,M1,true,310.000,46.139,78.444,91.497,157144.369,157357.514,157393.380,1124964,1015963,274038784,80740352,49844,1128029,2026-08-02T09:45:36.617099Z
M1,1324,saturated,M1,true,315.000,47.154,76.629,91.834,157207.140,157448.774,157480.074,1125590,1016381,274210816,80789504,49852,1128668,2026-08-02T09:45:36.617099Z
M1,1325,saturated,M1,true,304.000,47.488,75.307,94.836,157232.565,157462.458,157482.547,1126225,1016698,274243584,80814080,49856,1129286,2026-08-02T09:45:36.617099Z
M1,1326,saturated,M1,true,307.000,46.960,71.626,79.005,157297.678,157542.548,157581.387,1126854,1016698,274440192,80846848,49853,1129895,2026-08-02T09:45:36.617099Z
M1,1327,saturated,M1,true,311.000,43.578,67.675,74.892,157277.651,157497.407,157534.832,1127488,1017156,274481152,80879616,49856,1130532,2026-08-02T09:45:36.617099Z
M1,1328,saturated,M1,true,309.000,47.648,73.039,85.626,157200.873,157473.358,157510.772,1128061,1017467,274677760,80912384,49849,1131148,2026-08-02T09:45:36.617099Z
M1,1329,saturated,M1,true,324.000,44.766,63.047,72.175,157305.934,157527.049,157580.714,1128692,1017932,274718720,80928768,49849,1131785,2026-08-02T09:45:36.617099Z
M1,1330,saturated,M1,true,289.000,46.175,82.634,114.470,157268.217,157563.019,157614.819,1129339,1017932,274915328,80961536,49866,1132408,2026-08-02T09:45:36.617099Z
M1,1331,saturated,M1,true,322.000,43.980,66.203,74.211,157393.304,157616.981,157635.406,1129909,1018414,274948096,80994304,49855,1133024,2026-08-02T09:45:36.617099Z
M1,1332,saturated,M1,true,277.000,48.836,98.098,140.279,157553.583,157795.703,157831.579,1130560,1018870,275144704,81035264,49865,1133592,2026-08-02T09:45:36.617099Z
M1,1333,saturated,M1,true,321.000,45.716,70.047,81.416,157631.520,157848.831,157876.159,1131129,1018870,275185664,81068032,49849,1134225,2026-08-02T09:45:36.617099Z
M1,1334,saturated,M1,true,310.000,45.669,74.809,87.716,157693.661,157937.716,157971.244,1131789,1019306,275374080,81092608,49862,1134861,2026-08-02T09:45:36.617099Z
M1,1335,saturated,M1,true,322.000,45.339,71.091,79.675,157815.332,158041.921,158080.666,1132387,1019627,275423232,81108992,49858,1135492,2026-08-02T09:45:36.617099Z
M1,1336,saturated,M1,true,298.000,46.214,74.485,99.341,157916.682,158139.093,158175.546,1133028,1019939,275611648,81149952,49863,1136117,2026-08-02T09:45:36.617099Z
M1,1337,saturated,M1,true,324.000,44.795,69.452,81.738,157999.560,158232.110,158276.766,1133664,1020250,275660800,81182720,49861,1136745,2026-08-02T09:45:36.617099Z
M1,1338,saturated,M1,true,311.000,45.188,67.065,83.576,158003.503,158236.190,158267.277,1134300,1020722,275841024,81215488,49863,1137375,2026-08-02T09:45:36.617099Z
M1,1339,saturated,M1,true,317.000,45.637,73.338,82.047,158044.283,158282.733,158312.244,1134939,1021038,275898368,81248256,49866,1138015,2026-08-02T09:45:36.617099Z
M1,1340,saturated,M1,true,286.000,48.400,93.317,124.268,158126.895,158388.656,158451.858,1135582,1021038,276078592,81289216,49868,1138604,2026-08-02T09:45:36.617099Z
M1,1341,saturated,M1,true,312.000,47.067,78.622,99.767,158130.184,158368.297,158400.133,1136143,1021514,276135936,81305600,49871,1139219,2026-08-02T09:45:36.617099Z
M1,1342,saturated,M1,true,277.000,47.721,126.236,178.731,158314.492,158586.171,158621.188,1136741,1021961,276267008,81330176,49869,1139780,2026-08-02T09:45:36.617099Z
M1,1343,saturated,M1,true,320.000,44.438,66.270,71.387,158437.417,158657.475,158674.079,1137282,1022116,276365312,81354752,49864,1140410,2026-08-02T09:45:36.617099Z
M1,1344,saturated,M1,true,307.000,46.346,76.714,86.883,158493.646,158709.686,158741.934,1137940,1022389,276496384,81403904,49873,1141043,2026-08-02T09:45:36.617099Z
M1,1345,saturated,M1,true,307.000,45.073,73.890,88.249,158529.864,158748.294,158773.330,1138576,1022867,276602880,81428480,49864,1141666,2026-08-02T09:45:36.617099Z
M1,1346,saturated,M1,true,317.000,44.311,67.723,86.875,158624.737,158852.092,158869.860,1139215,1022867,276742144,81469440,49872,1142307,2026-08-02T09:45:36.617099Z
M1,1347,saturated,M1,true,315.000,46.929,76.304,88.227,158705.927,158937.196,158984.481,1139794,1023333,276840448,81494016,49874,1142927,2026-08-02T09:45:36.617099Z
M1,1348,saturated,M1,true,317.000,44.987,67.824,81.373,158802.653,159037.208,159076.485,1140437,1023648,276963328,81518592,49868,1143560,2026-08-02T09:45:36.617099Z
M1,1349,saturated,M1,true,307.000,48.430,74.589,88.566,158792.963,159027.653,159063.664,1141080,1024122,277078016,81543168,49878,1144188,2026-08-02T09:45:36.617099Z
M1,1350,saturated,M1,true,285.000,47.848,104.240,130.740,158911.729,159167.707,159196.795,1141699,1024434,277176320,81584128,49873,1144760,2026-08-02T09:45:36.617099Z
M1,1351,saturated,M1,true,304.000,47.921,73.871,86.701,158938.656,159153.800,159176.084,1142297,1024434,277323776,81616896,49874,1145380,2026-08-02T09:45:36.617099Z
M1,1352,saturated,M1,true,280.000,49.356,104.325,159.449,159055.620,159332.628,159394.481,1142877,1024873,277389312,81641472,49875,1145933,2026-08-02T09:45:36.617099Z
M1,1353,saturated,M1,true,318.000,45.407,67.527,74.126,159210.212,159439.258,159470.133,1143462,1025304,277553152,81666048,49873,1146563,2026-08-02T09:45:36.617099Z
M1,1354,saturated,M1,true,309.000,46.245,73.462,99.596,159259.728,159485.317,159504.214,1144106,1025616,277626880,81690624,49874,1147189,2026-08-02T09:45:36.617099Z
M1,1355,saturated,M1,true,306.000,46.090,72.259,87.711,159366.944,159589.500,159610.556,1144707,1025928,277782528,81731584,49869,1147801,2026-08-02T09:45:36.617099Z
M1,1356,saturated,M1,true,242.000,51.080,144.783,177.097,159610.007,159874.548,159904.426,1145274,1026395,277856256,81764352,49875,1148301,2026-08-02T09:45:36.617099Z
M1,1357,saturated,M1,true,311.000,47.901,72.905,83.471,159743.702,159967.199,160006.377,1145822,1026395,277970944,81797120,49877,1148914,2026-08-02T09:45:36.617099Z
M1,1358,saturated,M1,true,264.000,52.166,86.501,103.798,159973.281,160212.138,160239.875,1146422,1026639,278085632,81813504,49887,1149481,2026-08-02T09:45:36.617099Z
M1,1359,saturated,M1,true,299.000,49.326,77.820,99.183,160037.447,160283.628,160327.788,1146997,1026947,278183936,81846272,49891,1150071,2026-08-02T09:45:36.617099Z
M1,1360,saturated,M1,true,280.000,48.287,101.734,148.555,160209.722,160497.827,160534.746,1147573,1027366,278315008,81879040,49882,1150624,2026-08-02T09:45:36.617099Z
M1,1361,saturated,M1,true,305.000,46.695,73.547,88.178,160235.291,160453.953,160483.006,1148191,1027642,278413312,81903616,49885,1151250,2026-08-02T09:45:36.617099Z
M1,1362,saturated,M1,true,263.000,49.275,140.433,170.782,160402.462,160642.986,160686.443,1148695,1027944,278528000,81936384,49887,1151767,2026-08-02T09:45:36.617099Z
M1,1363,saturated,M1,true,315.000,44.962,70.914,79.553,160348.971,160580.034,160608.290,1149279,1028099,278642688,81952768,49892,1152401,2026-08-02T09:45:36.617099Z
M1,1364,saturated,M1,true,307.000,46.106,72.390,77.824,160354.848,160582.066,160602.418,1149919,1028368,278757376,81985536,49888,1153035,2026-08-02T09:45:36.617099Z
M1,1365,saturated,M1,true,302.000,46.295,73.465,85.064,160464.383,160685.664,160710.049,1150516,1028839,278880256,82018304,49893,1153634,2026-08-02T09:45:36.617099Z
M1,1366,saturated,M1,true,312.000,45.590,70.332,75.924,160501.997,160727.203,160760.298,1151126,1029142,278986752,82051072,49884,1154255,2026-08-02T09:45:36.617099Z
M1,1367,saturated,M1,true,317.000,45.777,72.046,84.030,160548.217,160775.056,160794.363,1151772,1029447,279109632,82092032,49891,1154886,2026-08-02T09:45:36.617099Z
M1,1368,saturated,M1,true,303.000,47.863,78.636,93.820,160635.520,160857.043,160879.772,1152379,1029447,279224320,82124800,49894,1155499,2026-08-02T09:45:36.617099Z
M1,1369,saturated,M1,true,301.000,48.041,75.613,93.081,160740.317,160980.103,161010.323,1152998,1029919,279330816,82149376,49888,1156112,2026-08-02T09:45:36.617099Z
M1,1370,saturated,M1,true,294.000,46.995,99.538,116.203,160874.447,161104.826,161162.885,1153614,1030221,279445504,82165760,49888,1156689,2026-08-02T09:45:36.617099Z
M1,1371,saturated,M1,true,317.000,46.244,71.105,78.224,160910.272,161140.647,161171.405,1154185,1030663,279576576,82206720,49885,1157328,2026-08-02T09:45:36.617099Z
M1,1372,saturated,M1,true,271.000,47.950,136.029,156.572,160994.531,161247.889,161292.774,1154826,1030978,279666688,82239488,49895,1157883,2026-08-02T09:45:36.617099Z
M1,1373,saturated,M1,true,296.000,47.312,74.173,82.462,161154.268,161374.932,161415.946,1155395,1031259,279764992,82272256,49893,1158495,2026-08-02T09:45:36.617099Z
M1,1374,saturated,M1,true,304.000,49.259,72.969,78.975,161144.144,161394.912,161423.034,1155975,1031559,279879680,82288640,49898,1159095,2026-08-02T09:45:36.617099Z
M1,1375,saturated,M1,true,306.000,46.017,76.721,92.289,161233.245,161467.310,161495.050,1156583,1031559,280002560,82321408,49895,1159706,2026-08-02T09:45:36.617099Z
M1,1376,saturated,M1,true,311.000,46.384,69.108,82.011,161325.302,161553.665,161573.807,1157185,1032011,280109056,82345984,49898,1160324,2026-08-02T09:45:36.617099Z
M1,1377,saturated,M1,true,299.000,49.750,76.330,89.267,161399.332,161614.851,161642.208,1157809,1032475,280223744,82386944,49899,1160933,2026-08-02T09:45:36.617099Z
M1,1378,saturated,M1,true,304.000,48.243,72.318,79.693,161480.394,161697.245,161710.290,1158426,1032778,280338432,82419712,49900,1161549,2026-08-02T09:45:36.617099Z
M1,1379,saturated,M1,true,315.000,46.976,73.808,85.628,161503.565,161735.808,161749.039,1159019,1033086,280477696,82460672,49893,1162158,2026-08-02T09:45:36.617099Z
M1,1380,saturated,M1,true,287.000,46.291,81.883,98.245,161573.706,161816.947,161864.911,1159644,1033388,280576000,82477056,49893,1162749,2026-08-02T09:45:36.617099Z
M1,1381,saturated,M1,true,318.000,44.772,72.498,84.122,161688.263,161921.551,161938.681,1160187,1033684,280682496,82501632,49897,1163381,2026-08-02T09:45:36.617099Z
M1,1382,saturated,M1,true,267.000,51.204,102.355,120.333,161808.172,162025.115,162068.354,1160812,1033684,280797184,82534400,49901,1163931,2026-08-02T09:45:36.617099Z
M1,1383,saturated,M1,true,302.000,47.910,80.983,94.375,161904.990,162145.323,162173.603,1160473,1034799,280895488,82575360,49898,1164531,2026-08-02T09:46:36.563908Z
M1,1384,saturated,M1,true,304.000,47.418,75.272,97.153,161881.443,162107.429,162138.689,1161060,1035073,281059328,82599936,49904,1165148,2026-08-02T09:46:36.563908Z
M1,1385,saturated,M1,true,292.000,48.914,76.384,96.786,161981.334,162207.005,162236.881,1161667,1035524,281100288,82632704,49905,1165736,2026-08-02T09:46:36.563908Z
M1,1386,saturated,M1,true,306.000,46.932,71.938,83.608,162019.888,162244.005,162262.443,1162275,1035819,281280512,82649088,49905,1166353,2026-08-02T09:46:36.563908Z
M1,1387,saturated,M1,true,299.000,46.873,80.627,91.528,162107.146,162333.917,162355.395,1162909,1036122,281329664,82681856,49916,1166970,2026-08-02T09:46:36.563908Z
M1,1388,saturated,M1,true,295.000,49.017,76.690,94.114,162262.876,162486.848,162517.525,1163467,1036432,281436160,82714624,49905,1167548,2026-08-02T09:46:36.563908Z
M1,1389,saturated,M1,true,314.000,46.314,71.379,82.045,162292.028,162516.530,162536.482,1164085,1036432,281567232,82747392,49904,1168175,2026-08-02T09:46:36.563908Z
M1,1390,saturated,M1,true,284.000,47.554,91.696,121.802,162377.246,162611.138,162660.261,1164719,1036874,281616384,82788352,49909,1168749,2026-08-02T09:46:36.563908Z
M1,1391,saturated,M1,true,313.000,45.928,70.130,82.008,162419.196,162668.037,162701.536,1165312,1037319,281804800,82812928,49903,1169375,2026-08-02T09:46:36.563908Z
M1,1392,saturated,M1,true,274.000,48.315,126.309,166.492,162480.879,162748.594,162785.568,1165930,1037629,281845760,82829312,49908,1169924,2026-08-02T09:46:36.563908Z
M1,1393,saturated,M1,true,314.000,45.316,75.019,90.861,162502.030,162753.242,162794.417,1166488,1037906,282034176,82862080,49907,1170557,2026-08-02T09:46:36.563908Z
M1,1394,saturated,M1,true,302.000,45.764,71.214,76.543,162515.698,162779.558,162812.571,1167112,1038217,282075136,82903040,49909,1171162,2026-08-02T09:46:36.563908Z
M1,1395,saturated,M1,true,304.000,45.408,73.184,83.785,162543.628,162742.171,162771.716,1167735,1038217,282271744,82935808,49910,1171791,2026-08-02T09:46:36.563908Z
M1,1396,saturated,M1,true,296.000,49.651,77.388,93.467,162569.731,162802.210,162831.095,1168329,1038673,282304512,82968576,49914,1172389,2026-08-02T09:46:36.563908Z
M1,1397,saturated,M1,true,300.000,49.570,77.369,87.267,162679.524,162918.551,162946.678,1168929,1039131,282501120,82993152,49914,1172989,2026-08-02T09:46:36.563908Z
M1,1398,saturated,M1,true,303.000,47.132,73.251,92.310,162758.794,162987.845,163004.436,1169542,1039432,282542080,83017728,49920,1173601,2026-08-02T09:46:36.563908Z
M1,1399,saturated,M1,true,307.000,48.478,72.278,79.952,162823.373,163056.945,163105.295,1170131,1039736,282738688,83050496,49914,1174213,2026-08-02T09:46:36.563908Z
M1,1400,saturated,M1,true,282.000,50.427,83.270,93.804,162927.018,163145.828,163165.620,1170745,1040038,282771456,83083264,49919,1174781,2026-08-02T09:46:36.563908Z
M1,1401,saturated,M1,true,314.000,47.315,72.548,85.408,163020.386,163246.603,163286.204,1171350,1040325,282976256,83132416,49918,1175410,2026-08-02T09:46:36.563908Z
M1,1402,saturated,M1,true,274.000,48.837,123.952,166.155,163143.661,163407.391,163447.818,1171957,1040325,283009024,83148800,49921,1175963,2026-08-02T09:46:36.563908Z
M1,1403,saturated,M1,true,312.000,45.257,67.056,75.821,163212.697,163450.428,163460.932,1172548,1040787,283197440,83173376,49924,1176596,2026-08-02T09:46:36.563908Z
M1,1404,saturated,M1,true,297.000,48.048,72.424,81.888,163175.623,163389.588,163446.909,1173165,1041229,283238400,83197952,49929,1177207,2026-08-02T09:46:36.563908Z
M1,1405,saturated,M1,true,313.000,46.386,74.264,95.353,163255.350,163476.763,163519.556,1173727,1041534,283410432,83247104,49922,1177821,2026-08-02T09:46:36.563908Z
M1,1406,saturated,M1,true,296.000,47.711,79.617,105.253,163260.800,163478.024,163507.763,1174384,1041836,283475968,83271680,49927,1178439,2026-08-02T09:46:36.563908Z
M1,1407,saturated,M1,true,305.000,46.907,75.944,99.867,163327.601,163551.944,163577.869,1174937,1042143,283648000,83312640,49929,1179039,2026-08-02T09:46:36.563908Z
M1,1408,saturated,M1,true,288.000,49.518,82.215,113.323,163392.870,163615.249,163677.317,1175511,1042446,283713536,83329024,49935,1179628,2026-08-02T09:46:36.563908Z
M1,1409,saturated,M1,true,307.000,47.804,71.968,82.009,163501.070,163701.807,163741.964,1176102,1042740,283852800,83361792,49931,1180235,2026-08-02T09:46:36.563908Z
M1,1410,saturated,M1,true,286.000,49.041,74.764,84.525,163539.534,163777.619,163842.345,1176695,1042891,283951104,83386368,49932,1180818,2026-08-02T09:46:36.563908Z
M1,1411,saturated,M1,true,309.000,46.082,71.611,86.975,163640.030,163857.273,163868.386,1177277,1043332,284049408,83427328,49932,1181424,2026-08-02T09:46:36.563908Z
M1,1412,saturated,M1,true,270.000,46.644,148.097,171.098,163746.749,163999.057,164036.262,1177872,1043483,284180480,83451904,49929,1181975,2026-08-02T09:46:36.563908Z
M1,1413,saturated,M1,true,306.000,46.359,72.558,84.727,163870.717,164078.680,164121.738,1178458,1043790,284246016,83492864,49937,1182604,2026-08-02T09:46:36.563908Z
M1,1414,saturated,M1,true,304.000,46.394,68.778,76.582,163859.845,164089.518,164122.183,1179088,1044066,284409856,83501056,49937,1183213,2026-08-02T09:46:36.563908Z
M1,1415,saturated,M1,true,307.000,46.185,75.210,83.186,163912.450,164131.729,164150.045,1179706,1044526,284467200,83542016,49935,1183827,2026-08-02T09:46:36.563908Z
M1,1416,saturated,M1,true,309.000,47.252,72.736,84.100,163850.839,164086.726,164168.958,1180333,1044526,284647424,83574784,49940,1184454,2026-08-02T09:46:36.563908Z
M1,1417,saturated,M1,true,304.000,47.328,75.537,87.684,163869.517,164097.729,164134.353,1180964,1044989,284721152,83615744,49939,1185059,2026-08-02T09:46:36.563908Z
M1,1418,saturated,M1,true,298.000,48.932,71.713,90.563,163914.345,164153.938,164185.274,1181582,1045296,284868608,83640320,49941,1185664,2026-08-02T09:46:36.563908Z
M1,1419,saturated,M1,true,297.000,47.947,74.876,105.954,163975.682,164192.056,164215.672,1182159,1045597,284934144,83673088,49941,1186263,2026-08-02T09:46:36.563908Z
M1,1420,saturated,M1,true,281.000,50.007,86.187,122.989,164075.101,164328.630,164379.520,1182670,1045897,285097984,83689472,49940,1186829,2026-08-02T09:46:36.563908Z
M1,1421,saturated,M1,true,312.000,46.108,66.807,73.810,164002.711,164403.283,164445.791,1183254,1046195,285163520,83722240,49942,1187457,2026-08-02T09:46:36.563908Z
M1,1422,saturated,M1,true,268.000,55.678,89.608,114.425,163873.163,164108.322,164144.820,1183871,1046641,285310976,83755008,49944,1187995,2026-08-02T09:46:36.563908Z
M1,1423,saturated,M1,true,298.000,49.094,76.431,89.264,163974.169,164206.937,164245.266,1184433,1046908,285392896,83787776,49949,1188606,2026-08-02T09:46:36.563908Z
M1,1424,saturated,M1,true,316.000,46.309,71.685,81.409,164057.485,164280.147,164305.559,1185054,1047214,285540352,83820544,49950,1189228,2026-08-02T09:46:36.563908Z
M1,1425,saturated,M1,true,295.000,47.880,77.650,88.547,163999.364,164232.680,164264.743,1185667,1047214,285622272,83836928,49951,1189824,2026-08-02T09:46:36.563908Z
M1,1426,saturated,M1,true,309.000,48.985,77.649,88.922,164037.452,164257.840,164291.067,1186299,1047673,285769728,83869696,49950,1190444,2026-08-02T09:46:36.563908Z
M1,1427,saturated,M1,true,302.000,46.740,66.673,80.167,163939.536,164180.220,164218.130,1186921,1048131,285859840,83902464,49951,1191056,2026-08-02T09:46:36.563908Z
M1,1428,saturated,M1,true,309.000,45.454,69.866,83.610,163941.820,164187.831,164218.999,1187484,1048435,285990912,83943424,49950,1191676,2026-08-02T09:46:36.563908Z
M1,1429,saturated,M1,true,300.000,47.426,69.486,78.420,164006.114,164231.126,164257.022,1188043,1048745,286097408,83976192,49951,1192278,2026-08-02T09:46:36.563908Z
M1,1430,saturated,M1,true,281.000,50.532,95.416,131.006,164067.380,164325.836,164363.278,1188660,1049043,286212096,84000768,49957,1192847,2026-08-02T09:46:36.563908Z
M1,1431,saturated,M1,true,301.000,46.387,75.780,83.811,164193.974,164406.272,164429.768,1189236,1049043,286326784,84017152,49959,1193465,2026-08-02T09:46:36.563908Z
M1,1432,saturated,M1,true,267.000,51.422,90.547,110.241,164299.053,164545.796,164570.546,1189843,1049479,286400512,84058112,49951,1193995,2026-08-02T09:46:36.563908Z
M1,1433,saturated,M1,true,304.000,47.929,76.194,92.537,164348.896,164571.928,164590.288,1190397,1049779,286531584,84082688,49957,1194602,2026-08-02T09:46:36.563908Z
M1,1434,saturated,M1,true,301.000,48.699,71.121,80.768,164325.039,164574.610,164609.842,1191017,1050050,286629888,84131840,49959,1195215,2026-08-02T09:46:36.563908Z
M1,1435,saturated,M1,true,300.000,51.259,75.387,85.648,164408.163,164600.377,164627.376,1191624,1050352,286760960,84156416,49959,1195803,2026-08-02T09:46:36.563908Z
M1,1436,saturated,M1,true,306.000,47.476,67.889,78.054,164434.991,164681.451,164715.637,1192235,1050802,286842880,84180992,49960,1196426,2026-08-02T09:46:36.563908Z
M1,1437,saturated,M1,true,300.000,46.452,74.303,83.792,164299.544,164577.678,164610.945,1192877,1051110,287006720,84205568,49963,1197039,2026-08-02T09:46:36.563908Z
M1,1438,saturated,M1,true,300.000,48.137,77.590,85.384,164249.567,164456.199,164484.425,1193466,1051415,287088640,84246528,49967,1197641,2026-08-02T09:46:36.563908Z
M1,1439,saturated,M1,true,304.000,46.899,73.878,80.546,164326.377,164546.677,164575.113,1194065,1051718,287227904,84271104,49964,1198257,2026-08-02T09:46:36.563908Z
M1,1440,saturated,M1,true,285.000,48.093,88.371,128.794,164339.500,164546.229,164642.166,1194679,1052021,287309824,84303872,49963,1198822,2026-08-02T09:46:36.563908Z
M1,1441,saturated,M1,true,304.000,46.247,71.944,84.233,164455.851,164656.882,164693.315,1195275,1052178,287457280,84336640,49963,1199438,2026-08-02T09:46:36.563908Z
M1,1442,saturated,M1,true,258.000,50.416,96.771,113.751,164604.858,164863.360,164883.992,1195873,1052608,287547392,84353024,49972,1199968,2026-08-02T09:46:36.563908Z
M1,1443,saturated,M1,true,282.000,49.316,93.987,128.527,164756.404,165012.289,165041.757,1197216,1051973,287612928,84385792,49967,1200531,2026-08-02T09:47:36.716981Z
M1,1444,saturated,M1,true,310.000,47.237,74.832,85.618,164780.885,165021.172,165039.298,1197807,1052386,287809536,84426752,49969,1201147,2026-08-02T09:47:36.716981Z
M1,1445,saturated,M1,true,279.000,50.615,75.117,97.316,164863.512,165118.337,165167.205,1198409,1052827,287842304,84451328,49969,1201721,2026-08-02T09:47:36.716981Z
M1,1446,saturated,M1,true,302.000,47.974,72.772,82.029,164884.646,165111.091,165157.978,1199002,1053111,288006144,84467712,49971,1202314,2026-08-02T09:47:36.716981Z
M1,1447,saturated,M1,true,293.000,50.120,74.934,83.640,164735.536,165151.810,165176.958,1199614,1053411,288079872,84500480,49973,1202909,2026-08-02T09:47:36.716981Z
M1,1448,saturated,M1,true,286.000,50.423,83.994,96.755,164658.798,164893.693,164927.376,1200164,1053411,288235520,84541440,49971,1203480,2026-08-02T09:47:36.716981Z
M1,1449,saturated,M1,true,261.000,49.979,98.488,142.269,164855.092,165077.264,165113.255,1200710,1053842,288309248,84566016,49968,1204004,2026-08-02T09:47:36.716981Z
M1,1450,saturated,M1,true,276.000,51.798,95.771,117.048,164899.481,165168.489,165220.613,1201282,1054252,288374784,84582400,49971,1204561,2026-08-02T09:47:36.716981Z
M1,1451,saturated,M1,true,301.000,46.540,70.739,89.414,165019.532,165240.573,165278.518,1201886,1054252,288538624,84606976,49973,1205177,2026-08-02T09:47:36.716981Z
M1,1452,saturated,M1,true,267.000,51.915,136.634,170.493,165171.568,165426.021,165461.365,1202449,1054683,288571392,84647936,49977,1205705,2026-08-02T09:47:36.716981Z
M1,1453,saturated,M1,true,310.000,47.380,71.167,81.457,165237.373,165469.975,165486.968,1203019,1054972,288759808,84680704,49974,1206331,2026-08-02T09:47:36.716981Z
M1,1454,saturated,M1,true,300.000,46.755,70.247,85.155,165287.092,165497.854,165527.031,1203639,1055409,288808960,84713472,49974,1206932,2026-08-02T09:47:36.716981Z
M1,1455,saturated,M1,true,299.000,48.394,72.378,89.702,165312.763,165549.106,165572.775,1204252,1055556,288997376,84738048,49978,1207533,2026-08-02T09:47:36.716981Z
M1,1456,saturated,M1,true,301.000,48.157,74.029,87.662,165372.064,165589.661,165620.470,1204831,1056010,289038336,84762624,49979,1208141,2026-08-02T09:47:36.716981Z
M1,1457,saturated,M1,true,297.000,48.875,73.657,78.642,165439.040,165674.881,165712.164,1205416,1056010,289218560,84795392,49977,1208736,2026-08-02T09:47:36.716981Z
M1,1458,saturated,M1,true,306.000,47.211,74.495,80.426,165395.609,165626.493,165639.058,1206028,1056456,289275904,84828160,49976,1209352,2026-08-02T09:47:36.716981Z
M1,1459,saturated,M1,true,300.000,48.156,76.413,83.976,165439.527,165676.733,165700.931,1206585,1056915,289447936,84860928,49975,1209953,2026-08-02T09:47:36.716981Z
M1,1460,saturated,M1,true,281.000,48.807,93.873,111.149,165527.136,165799.487,165845.682,1207150,1056915,289513472,84885504,49982,1210522,2026-08-02T09:47:36.716981Z
M1,1461,saturated,M1,true,303.000,49.025,70.594,79.392,165626.160,165856.097,165893.448,1207717,1057364,289669120,84910080,49828,1211132,2026-08-02T09:47:36.716981Z
M1,1462,saturated,M1,true,268.000,48.881,124.167,171.214,165743.992,165994.642,166018.432,1208273,1057654,289742848,84934656,49980,1211668,2026-08-02T09:47:36.716981Z
M1,1463,saturated,M1,true,301.000,46.627,70.541,77.673,165814.012,166057.799,166095.258,1208827,1058070,289882112,84975616,49982,1212283,2026-08-02T09:47:36.716981Z
M1,1464,saturated,M1,true,296.000,48.176,71.747,89.338,165878.256,166096.946,166129.133,1209411,1058377,289972224,85008384,49837,1212873,2026-08-02T09:47:36.716981Z
M1,1465,saturated,M1,true,292.000,49.886,78.630,95.225,165922.551,166171.941,166224.806,1210017,1058819,290078720,85041152,49984,1213467,2026-08-02T09:47:36.716981Z
M1,1466,saturated,M1,true,290.000,48.790,75.853,82.141,166014.490,166240.666,166265.123,1210580,1058967,290201600,85049344,49981,1214043,2026-08-02T09:47:36.716981Z
M1,1467,saturated,M1,true,302.000,47.252,74.584,84.041,166062.903,166286.026,166317.164,1211149,1059253,290267136,85082112,49982,1214640,2026-08-02T09:47:36.716981Z
M1,1468,saturated,M1,true,282.000,52.215,80.400,94.017,166134.061,166360.618,166409.669,1211718,1059253,290430976,85123072,49839,1215208,2026-08-02T09:47:36.716981Z
M1,1469,saturated,M1,true,292.000,49.390,75.092,89.857,166179.004,166408.021,166430.080,1212285,1059693,290480128,85155840,49845,1215805,2026-08-02T09:47:36.716981Z
M1,1470,saturated,M1,true,277.000,51.256,96.396,126.783,166257.611,166474.916,166501.117,1212876,1060132,290652160,85180416,49858,1216364,2026-08-02T09:47:36.716981Z
M1,1471,saturated,M1,true,304.000,47.961,80.887,89.078,166385.442,166610.632,166639.323,1213454,1060412,290709504,85196800,49986,1216962,2026-08-02T09:47:36.716981Z
M1,1472,saturated,M1,true,262.000,51.713,93.140,139.995,166486.606,166740.425,166798.433,1214051,1060412,290873344,85237760,49859,1217501,2026-08-02T09:47:36.716981Z
M1,1473,saturated,M1,true,305.000,45.689,71.009,79.011,166599.169,166816.767,166838.728,1214612,1060412,290938880,85270528,49835,1218122,2026-08-02T09:47:36.716981Z
M1,1474,saturated,M1,true,299.000,47.909,72.828,90.236,166667.229,166899.953,166914.435,1215235,1060834,291102720,85303296,49841,1218710,2026-08-02T09:47:36.716981Z
M1,1475,saturated,M1,true,298.000,49.483,73.181,85.795,166715.284,166945.910,166967.682,1215839,1061138,291168256,85319680,49838,1219315,2026-08-02T09:47:36.716981Z
M1,1476,saturated,M1,true,295.000,49.112,73.794,84.808,166768.481,167001.061,167042.766,1216451,1061433,291299328,85352448,49846,1219912,2026-08-02T09:47:36.716981Z
M1,1477,saturated,M1,true,300.000,48.324,71.985,81.399,166818.737,167061.525,167094.860,1217060,1061884,291405824,85377024,49841,1220518,2026-08-02T09:47:36.716981Z
M1,1478,saturated,M1,true,297.000,48.605,77.458,112.634,166853.874,167066.773,167104.473,1217676,1062183,291528704,85409792,49843,1221126,2026-08-02T09:47:36.716981Z
M1,1479,saturated,M1,true,309.000,47.396,72.649,78.929,166890.253,167136.658,167187.397,1218228,1062485,291635200,85442560,49843,1221733,2026-08-02T09:47:36.716981Z
M1,1480,saturated,M1,true,277.000,50.798,101.674,130.868,166899.878,167181.792,167223.371,1218832,1062789,291749888,85475328,49869,1222294,2026-08-02T09:47:36.716981Z
M1,1481,saturated,M1,true,300.000,47.274,75.882,94.874,167018.664,167243.442,167267.065,1219421,1063086,291872768,85491712,49847,1222895,2026-08-02T09:47:36.716981Z
M1,1482,saturated,M1,true,263.000,49.994,135.488,165.642,167155.949,167394.945,167447.830,1219999,1063516,291946496,85524480,49854,1223429,2026-08-02T09:47:36.716981Z
M1,1483,saturated,M1,true,297.000,46.979,74.523,93.460,167244.585,167484.553,167535.974,1220540,1063933,292085760,85557248,49846,1224024,2026-08-02T09:47:36.716981Z
M1,1484,saturated,M1,true,295.000,49.126,74.700,82.891,167322.265,167537.368,167575.381,1221145,1064229,292151296,85598208,49853,1224620,2026-08-02T09:47:36.716981Z
M1,1485,saturated,M1,true,295.000,49.012,74.699,82.635,167392.707,167633.490,167658.877,1221744,1064525,292306944,85622784,49856,1225207,2026-08-02T09:47:36.716981Z
M1,1486,saturated,M1,true,295.000,51.648,75.100,92.215,167475.554,167693.525,167732.883,1222014,1064525,292347904,85630976,49849,1225500,2026-08-02T09:47:36.716981Z
M1,1487,saturated,M1,true,297.000,46.614,73.624,88.965,167544.167,167762.601,167791.090,1222608,1064818,292446208,85663744,49852,1226105,2026-08-02T09:47:36.716981Z
M1,1488,saturated,M1,true,300.000,48.540,77.515,89.832,167537.888,167760.283,167794.190,1223231,1065112,292585472,85688320,49844,1226694,2026-08-02T09:47:36.716981Z
M1,1489,saturated,M1,true,301.000,48.686,73.465,95.905,167592.540,167810.150,167834.923,1223836,1065557,292667392,85712896,49851,1227297,2026-08-02T09:47:36.716981Z
M1,1490,saturated,M1,true,277.000,51.366,89.627,119.982,167532.408,167746.079,167799.138,1224451,1065557,292814848,85745664,49868,1227899,2026-08-02T09:47:36.716981Z
M1,1491,saturated,M1,true,298.000,48.325,74.772,79.971,167571.625,167797.657,167832.971,1224996,1066011,292880384,85778432,49850,1228470,2026-08-02T09:47:36.716981Z
M1,1492,saturated,M1,true,257.000,49.163,97.491,131.351,167653.297,167891.298,167899.289,1225507,1066442,293027840,85827584,49868,1229011,2026-08-02T09:47:36.716981Z
M1,1493,saturated,M1,true,291.000,51.131,75.358,82.664,167781.379,168013.233,168039.655,1226043,1066711,293085184,85852160,49860,1229576,2026-08-02T09:47:36.716981Z
M1,1494,saturated,M1,true,298.000,48.153,71.292,88.157,167811.836,168037.169,168061.502,1226637,1067140,293240832,85868544,49857,1230170,2026-08-02T09:47:36.716981Z
M1,1495,saturated,M1,true,290.000,49.281,79.857,96.867,167878.636,168103.494,168136.666,1227213,1067290,293322752,85901312,49856,1230753,2026-08-02T09:47:36.716981Z
M1,1496,saturated,M1,true,288.000,48.671,73.731,83.264,167942.623,168164.777,168216.847,1227770,1067732,293453824,85942272,49857,1231348,2026-08-02T09:47:36.716981Z
M1,1497,saturated,M1,true,304.000,48.379,65.843,72.397,167995.854,168227.957,168255.641,1228387,1067874,293543936,85975040,49855,1231939,2026-08-02T09:47:36.716981Z
M1,1498,saturated,M1,true,296.000,48.991,71.096,84.019,168059.391,168282.956,168325.476,1228999,1068321,293675008,85999616,49859,1232535,2026-08-02T09:47:36.716981Z
M1,1499,saturated,M1,true,294.000,48.772,76.701,84.548,168086.379,168309.213,168348.235,1229606,1068469,293781504,86007808,49865,1233136,2026-08-02T09:47:36.716981Z
M1,1500,saturated,M1,true,278.000,49.299,99.861,137.622,168108.359,168321.734,168341.911,1230179,1068769,293904384,86048768,49876,1233722,2026-08-02T09:47:36.716981Z
M1,1501,saturated,M1,true,281.000,50.729,77.076,88.427,168132.996,168358.298,168390.291,1230746,1068769,294010880,86081536,49877,1234284,2026-08-02T09:47:36.716981Z
M1,1502,saturated,M1,true,247.000,57.232,117.895,131.100,168242.061,168570.348,168616.659,1231327,1069192,294092800,86114304,49879,1234803,2026-08-02T09:47:36.716981Z
M1,1503,saturated,M1,true,280.000,51.555,84.406,116.484,168492.713,168744.016,168782.563,1231845,1069478,294232064,86122496,49879,1235344,2026-08-02T09:47:36.716981Z
M1,1504,saturated,M1,true,298.000,48.955,73.006,90.738,168578.183,168803.959,168845.870,1232250,1070067,294232064,86155264,49865,1235916,2026-08-02T09:48:36.776522Z
M1,1505,saturated,M1,true,274.000,52.446,82.868,96.067,168651.468,168869.491,168897.986,1232827,1070355,294420480,86196224,49880,1236495,2026-08-02T09:48:36.776522Z
M1,1506,saturated,M1,true,286.000,49.702,75.968,84.980,168728.327,168967.235,169000.190,1233390,1070775,294461440,86228992,49872,1237058,2026-08-02T09:48:36.776522Z
M1,1507,saturated,M1,true,284.000,53.659,78.397,93.029,168813.671,169067.731,169104.896,1233968,1070775,294649856,86253568,49876,1237643,2026-08-02T09:48:36.776522Z
M1,1508,saturated,M1,true,298.000,50.078,71.471,78.689,168909.163,169144.998,169208.642,1234556,1071063,294699008,86269952,49872,1238223,2026-08-02T09:48:36.776522Z
M1,1509,saturated,M1,true,296.000,47.811,71.537,82.795,168923.326,169158.691,169193.267,1235158,1071353,294879232,86302720,49871,1238829,2026-08-02T09:48:36.776522Z
M1,1510,saturated,M1,true,276.000,50.796,82.211,96.515,168976.807,169256.514,169284.394,1235765,1071803,294936576,86343680,49890,1239414,2026-08-02T09:48:36.776522Z
M1,1511,saturated,M1,true,298.000,47.420,73.534,91.091,169000.572,169224.669,169269.040,1236329,1071803,295075840,86368256,49873,1239976,2026-08-02T09:48:36.776522Z
M1,1512,saturated,M1,true,249.000,52.076,144.391,173.956,169075.321,169295.965,169320.763,1236933,1072225,295174144,86384640,49882,1240503,2026-08-02T09:48:36.776522Z
M1,1513,saturated,M1,true,295.000,48.299,76.581,82.255,169186.694,169403.272,169445.844,1237453,1072637,295288832,86417408,49877,1241075,2026-08-02T09:48:36.776522Z
M1,1514,saturated,M1,true,295.000,48.877,73.603,83.142,169250.454,169459.334,169498.605,1238053,1072776,295387136,86450176,49877,1241665,2026-08-02T09:48:36.776522Z
M1,1515,saturated,M1,true,289.000,50.347,73.137,86.517,169297.979,169524.141,169559.876,1238658,1073074,295477248,86482944,49886,1242262,2026-08-02T09:48:36.776522Z
M1,1516,saturated,M1,true,289.000,51.373,79.670,95.340,169418.059,169651.254,169699.154,1239215,1073516,295624704,86499328,49882,1242836,2026-08-02T09:48:36.776522Z
M1,1517,saturated,M1,true,293.000,49.111,79.416,104.048,169478.998,169714.507,169741.424,1239810,1073800,295673856,86532096,49881,1243428,2026-08-02T09:48:36.776522Z
M1,1518,saturated,M1,true,294.000,48.862,79.099,90.157,169576.385,169802.083,169828.644,1240377,1074239,295854080,86556672,49881,1244009,2026-08-02T09:48:36.776522Z
M1,1519,saturated,M1,true,288.000,51.296,72.791,94.629,169609.841,169817.961,169862.459,1240968,1074385,295903232,86597632,49888,1244593,2026-08-02T09:48:36.776522Z
M1,1520,saturated,M1,true,265.000,52.055,88.128,115.978,169657.515,169851.755,169866.288,1241556,1074385,296050688,86622208,49900,1245165,2026-08-02T09:48:36.776522Z
M1,1521,saturated,M1,true,298.000,47.328,76.339,87.201,169705.231,169939.539,169966.081,1242111,1074820,296132608,86663168,49883,1245720,2026-08-02T09:48:36.776522Z
M1,1522,saturated,M1,true,252.000,51.866,144.912,198.276,169757.561,170041.731,170070.843,1242701,1075239,296255488,86671360,49890,1246240,2026-08-02T09:48:36.776522Z
M1,1523,saturated,M1,true,296.000,47.825,72.423,81.046,169846.446,170072.473,170090.639,1243216,1075239,296353792,86695936,49887,1246835,2026-08-02T09:48:36.776522Z
M1,1524,saturated,M1,true,287.000,50.256,81.792,92.825,169945.398,170156.776,170181.796,1243810,1075642,296452096,86736896,49882,1247412,2026-08-02T09:48:36.776522Z
M1,1525,saturated,M1,true,297.000,49.742,78.087,87.512,169972.004,170200.047,170235.492,1244356,1076078,296591360,86753280,49885,1248002,2026-08-02T09:48:36.776522Z
M1,1526,saturated,M1,true,292.000,48.703,75.694,86.526,169902.187,170240.966,170267.077,1244917,1076375,296665088,86786048,49889,1248591,2026-08-02T09:48:36.776522Z
M1,1527,saturated,M1,true,288.000,49.820,78.064,87.540,169875.462,170106.750,170125.209,1245484,1076375,296812544,86810624,49896,1249176,2026-08-02T09:48:36.776522Z
M1,1528,saturated,M1,true,293.000,47.626,71.785,79.222,169879.463,170141.059,170167.494,1246076,1076809,296886272,86851584,49890,1249758,2026-08-02T09:48:36.776522Z
M1,1529,saturated,M1,true,288.000,52.433,78.894,89.420,169830.813,170057.137,170099.271,1246642,1077251,297025536,86876160,49892,1250346,2026-08-02T09:48:36.776522Z
M1,1530,saturated,M1,true,274.000,49.868,89.196,106.766,169843.854,170095.681,170109.055,1247178,1077251,297099264,86917120,49900,1250907,2026-08-02T09:48:36.776522Z
M1,1531,saturated,M1,true,294.000,50.001,79.978,90.344,169871.643,170101.855,170124.162,1247737,1077687,297246720,86925312,49893,1251475,2026-08-02T09:48:36.776522Z
M1,1532,saturated,M1,true,248.000,55.687,142.915,177.064,169965.020,170169.821,170181.312,1248306,1077962,297320448,86966272,49897,1251993,2026-08-02T09:48:36.776522Z
M1,1533,saturated,M1,true,294.000,47.598,72.691,83.989,169974.125,170213.364,170230.733,1248810,1078364,297459712,86999040,49895,1252579,2026-08-02T09:48:36.776522Z
M1,1534,saturated,M1,true,292.000,50.365,80.743,93.400,170045.286,170269.576,170308.204,1249400,1078655,297541632,87023616,49896,1253160,2026-08-02T09:48:36.776522Z
M1,1535,saturated,M1,true,289.000,49.030,73.694,92.559,170102.012,170326.597,170340.366,1249982,1078945,297656320,87048192,49898,1253754,2026-08-02T09:48:36.776522Z
M1,1536,saturated,M1,true,293.000,51.236,75.278,129.964,170140.178,170357.517,170384.536,1250585,1079241,297771008,87072768,49896,1254330,2026-08-02T09:48:36.776522Z
M1,1537,saturated,M1,true,291.000,49.275,73.871,85.170,170175.792,170422.638,170441.649,1251135,1079381,297885696,87113728,49896,1254921,2026-08-02T09:48:36.776522Z
M1,1538,saturated,M1,true,297.000,49.907,73.902,85.792,170264.343,170488.271,170526.055,1251744,1079671,298000384,87146496,49896,1255509,2026-08-02T09:48:36.776522Z
M1,1539,saturated,M1,true,290.000,49.413,74.658,82.490,170277.475,170513.864,170534.550,1252344,1079970,298098688,87179264,49894,1256094,2026-08-02T09:48:36.776522Z
M1,1540,saturated,M1,true,270.000,52.709,97.695,128.163,170378.169,170637.209,170668.743,1252941,1080409,298229760,87187456,49901,1256646,2026-08-02T09:48:36.776522Z
M1,1541,saturated,M1,true,290.000,47.418,71.728,88.100,170441.562,170665.879,170680.298,1253493,1080681,298303488,87220224,49898,1257230,2026-08-02T09:48:36.776522Z
M1,1542,saturated,M1,true,259.000,57.064,106.731,131.907,170539.889,170772.851,170794.452,1254028,1080972,298442752,87261184,49902,1257750,2026-08-02T09:48:36.776522Z
M1,1543,saturated,M1,true,294.000,48.508,74.018,96.507,170613.771,170869.974,170901.649,1254562,1080972,298508288,87285760,49898,1258330,2026-08-02T09:48:36.776522Z
M1,1544,saturated,M1,true,286.000,50.117,76.231,93.468,170546.382,170770.559,170798.556,1255158,1081375,298663936,87310336,49900,1258916,2026-08-02T09:48:36.776522Z
M1,1545,saturated,M1,true,292.000,50.135,75.606,91.676,170628.967,170834.252,170877.300,1255748,1081813,298737664,87326720,49901,1259498,2026-08-02T09:48:36.776522Z
M1,1546,saturated,M1,true,290.000,50.734,76.084,90.095,170646.426,170866.576,170896.408,1256344,1082104,298860544,87375872,49904,1260086,2026-08-02T09:48:36.776522Z
M1,1547,saturated,M1,true,293.000,49.760,72.817,88.279,170708.911,170947.351,170996.308,1256927,1082397,298967040,87400448,49900,1260665,2026-08-02T09:48:36.776522Z
M1,1548,saturated,M1,true,289.000,50.086,83.007,100.400,170772.263,170988.095,171040.487,1257503,1082684,299073536,87433216,49906,1261252,2026-08-02T09:48:36.776522Z
M1,1549,saturated,M1,true,292.000,50.672,75.851,93.766,170803.269,171027.009,171065.081,1258064,1082684,299188224,87441408,49897,1261829,2026-08-02T09:48:36.776522Z
M1,1550,saturated,M1,true,258.000,50.384,117.848,134.238,170928.118,171198.064,171236.842,1258654,1083116,299278336,87490560,49907,1262373,2026-08-02T09:48:36.776522Z
M1,1551,saturated,M1,true,289.000,48.500,71.606,85.230,170991.413,171213.859,171261.046,1259195,1083413,299409408,87515136,49904,1262951,2026-08-02T09:48:36.776522Z
M1,1552,saturated,M1,true,255.000,52.989,118.136,134.352,171042.131,171295.717,171317.235,1259782,1083820,299466752,87547904,49912,1263469,2026-08-02T09:48:36.776522Z
M1,1553,saturated,M1,true,295.000,50.429,77.684,86.404,171213.856,171441.352,171483.809,1260320,1084082,299614208,87556096,49906,1264050,2026-08-02T09:48:36.776522Z
M1,1554,saturated,M1,true,288.000,49.325,76.329,96.825,171126.526,171370.424,171397.980,1260906,1084370,299696128,87588864,49907,1264628,2026-08-02T09:48:36.776522Z
M1,1555,saturated,M1,true,284.000,51.248,77.793,85.924,171194.844,171432.067,171453.136,1261463,1084516,299819008,87621632,49905,1265202,2026-08-02T09:48:36.776522Z
M1,1556,saturated,M1,true,294.000,50.167,83.467,102.231,171250.275,171470.134,171484.296,1262056,1084798,299917312,87662592,49910,1265786,2026-08-02T09:48:36.776522Z
M1,1557,saturated,M1,true,288.000,48.392,76.427,86.070,171257.645,171487.700,171529.189,1262644,1085089,300040192,87678976,49916,1266373,2026-08-02T09:48:36.776522Z
M1,1558,saturated,M1,true,284.000,53.576,81.807,97.363,171327.601,171556.092,171592.618,1263172,1085530,300146688,87703552,49916,1266954,2026-08-02T09:48:36.776522Z
M1,1559,saturated,M1,true,276.000,50.668,90.367,106.164,171369.262,171600.105,171644.466,1263766,1085817,300253184,87736320,49919,1267509,2026-08-02T09:48:36.776522Z
M1,1560,saturated,M1,true,269.000,49.677,102.739,134.539,171488.202,171730.366,171763.850,1264325,1086092,300376064,87760896,49916,1268038,2026-08-02T09:48:36.776522Z
M1,1561,saturated,M1,true,277.000,52.247,87.404,107.510,171542.804,171748.544,171791.636,1264872,1086092,300457984,87793664,49917,1268605,2026-08-02T09:48:36.776522Z
M1,1562,saturated,M1,true,243.000,58.134,108.593,146.435,171646.517,171889.020,171936.206,1265426,1086499,300564480,87801856,49919,1269119,2026-08-02T09:48:36.776522Z
M1,1563,saturated,M1,true,278.000,53.121,94.662,105.793,171791.522,172060.618,172087.702,1266113,1086558,300646400,87851008,49918,1269653,2026-08-02T09:49:36.848520Z
M1,1564,saturated,M1,true,290.000,50.036,80.220,105.562,171845.239,172095.287,172138.862,1266685,1086803,300646400,87875584,49920,1270237,2026-08-02T09:49:36.848520Z
M1,1565,saturated,M1,true,264.000,58.562,87.185,100.982,171886.747,172148.271,172200.038,1267259,1087225,300843008,87908352,49923,1270772,2026-08-02T09:49:36.848520Z
M1,1566,saturated,M1,true,286.000,52.359,78.546,98.543,171999.096,172235.025,172253.400,1267808,1087225,300875776,87916544,49918,1271335,2026-08-02T09:49:36.848520Z
M1,1567,saturated,M1,true,278.000,52.711,83.104,99.614,172046.954,172300.656,172331.080,1268384,1087635,301072384,87949312,49924,1271906,2026-08-02T09:49:36.848520Z
M1,1568,saturated,M1,true,282.000,50.235,81.006,101.931,172158.360,172366.622,172397.787,1268939,1087914,301105152,87990272,49920,1272474,2026-08-02T09:49:36.848520Z
M1,1569,saturated,M1,true,285.000,50.768,79.132,92.537,172162.237,172419.684,172456.487,1269517,1088341,301301760,88023040,49924,1273047,2026-08-02T09:49:36.848520Z
M1,1570,saturated,M1,true,265.000,56.388,89.354,116.672,172250.874,172514.690,172554.309,1270097,1088624,301334528,88039424,49929,1273589,2026-08-02T09:49:36.848520Z
M1,1571,saturated,M1,true,284.000,51.391,86.803,109.404,172393.046,172615.650,172650.259,1270615,1089031,301498368,88064000,49921,1274149,2026-08-02T09:49:36.848520Z
M1,1572,saturated,M1,true,247.000,54.459,112.092,161.852,172474.741,172676.394,172715.578,1271181,1089031,301563904,88096768,49930,1274656,2026-08-02T09:49:36.848520Z
M1,1573,saturated,M1,true,291.000,51.258,79.133,99.087,172562.779,172806.755,172832.362,1271718,1089318,301629440,88129536,49928,1275235,2026-08-02T09:49:36.848520Z
M1,1574,saturated,M1,true,283.000,53.144,83.565,101.307,172612.984,172818.095,172848.102,1272270,1089569,301793280,88137728,49934,1275810,2026-08-02T09:49:36.848520Z
M1,1575,saturated,M1,true,275.000,52.858,90.112,121.373,172635.047,172873.342,172917.474,1272823,1090003,301826048,88170496,49928,1276358,2026-08-02T09:49:36.848520Z
M1,1576,saturated,M1,true,281.000,52.764,83.509,103.296,172734.952,172974.491,173030.228,1273316,1090277,302022656,88211456,49932,1276922,2026-08-02T09:49:36.848520Z
M1,1577,saturated,M1,true,272.000,55.044,79.182,97.183,172843.925,173096.655,173132.710,1273895,1090277,302055424,88236032,49933,1277471,2026-08-02T09:49:36.848520Z
M1,1578,saturated,M1,true,287.000,51.888,79.029,113.029,172911.599,173144.386,173182.316,1274438,1090689,302227456,88268800,49929,1278038,2026-08-02T09:49:36.848520Z
M1,1579,saturated,M1,true,270.000,52.580,81.928,95.805,172985.688,173221.510,173262.241,1274992,1091113,302301184,88276992,49936,1278607,2026-08-02T09:49:36.848520Z
M1,1580,saturated,M1,true,265.000,54.209,103.590,119.979,173077.161,173328.919,173375.116,1275554,1091113,302399488,88317952,49936,1279136,2026-08-02T09:49:36.848520Z
M1,1581,saturated,M1,true,282.000,50.364,84.419,104.147,173192.897,173413.485,173443.816,1276095,1091533,302522368,88350720,49933,1279696,2026-08-02T09:49:36.848520Z
M1,1582,saturated,M1,true,246.000,54.295,139.451,192.443,173294.044,173560.141,173603.124,1276659,1091938,302571520,88367104,49933,1280184,2026-08-02T09:49:36.848520Z
M1,1583,saturated,M1,true,285.000,52.560,79.289,84.991,173427.834,173664.851,173686.407,1277190,1092183,302727168,88391680,49935,1280761,2026-08-02T09:49:36.848520Z
M1,1584,saturated,M1,true,282.000,53.442,80.993,95.843,173448.095,173677.674,173714.177,1277771,1092183,302784512,88416256,49935,1281329,2026-08-02T09:49:36.848520Z
M1,1585,saturated,M1,true,272.000,50.690,82.243,101.338,173484.078,173732.602,173763.964,1278321,1092610,302940160,88465408,49941,1281894,2026-08-02T09:49:36.848520Z
M1,1586,saturated,M1,true,273.000,56.773,92.780,111.933,173544.420,173780.868,173815.447,1278849,1092894,303022080,88481792,49942,1282443,2026-08-02T09:49:36.848520Z
M1,1587,saturated,M1,true,277.000,51.856,81.176,102.592,173587.521,173826.604,173839.942,1279405,1093305,303120384,88498176,49942,1282993,2026-08-02T09:49:36.848520Z
M1,1588,saturated,M1,true,271.000,54.081,84.990,100.040,173741.295,173978.239,173994.824,1279830,1093578,303267840,88530944,49937,1283539,2026-08-02T09:49:36.848520Z
M1,1589,saturated,M1,true,281.000,53.402,82.315,105.924,173802.875,174032.661,174076.925,1280406,1093578,303316992,88571904,49944,1284103,2026-08-02T09:49:36.848520Z
M1,1590,saturated,M1,true,252.000,56.440,98.745,144.615,173954.303,174158.033,174171.785,1280972,1093991,303464448,88588288,49944,1284605,2026-08-02T09:49:36.848520Z
M1,1591,saturated,M1,true,275.000,51.658,79.068,106.939,174083.329,174337.575,174380.695,1281468,1094386,303529984,88612864,49941,1285158,2026-08-02T09:49:36.848520Z
M1,1592,saturated,M1,true,241.000,57.095,105.634,128.441,174253.530,174523.411,174547.670,1282031,1094386,303669248,88637440,49948,1285652,2026-08-02T09:49:36.848520Z
M1,1593,saturated,M1,true,284.000,51.063,78.753,93.688,174374.443,174607.574,174628.913,1282540,1094798,303751168,88670208,49951,1286221,2026-08-02T09:49:36.848520Z
M1,1594,saturated,M1,true,274.000,50.147,78.657,93.255,174404.300,174636.465,174670.642,1283113,1095044,303849472,88686592,49946,1286778,2026-08-02T09:49:36.848520Z
M1,1595,saturated,M1,true,278.000,52.470,83.008,113.064,174446.916,174664.780,174695.967,1283677,1095466,303972352,88719360,49949,1287329,2026-08-02T09:49:36.848520Z
M1,1596,saturated,M1,true,281.000,53.531,83.795,104.881,174541.990,174779.369,174810.696,1284240,1095742,304021504,88752128,49947,1287884,2026-08-02T09:49:36.848520Z
M1,1597,saturated,M1,true,275.000,51.776,84.017,116.678,174570.787,174831.351,174854.721,1284816,1095742,304185344,88776704,49941,1288453,2026-08-02T09:49:36.848520Z
M1,1598,saturated,M1,true,279.000,53.647,81.191,97.053,174562.708,174820.023,174848.695,1285361,1096158,304242688,88801280,49946,1289004,2026-08-02T09:49:36.848520Z
M1,1599,saturated,M1,true,279.000,53.534,79.740,94.935,174682.336,174921.175,174961.495,1285929,1096577,304406528,88825856,49946,1289576,2026-08-02T09:49:36.848520Z
M1,1600,saturated,M1,true,254.000,57.228,92.049,111.678,174819.038,175063.458,175101.097,1286498,1096577,304472064,88866816,49952,1290090,2026-08-02T09:49:36.848520Z
M1,1601,saturated,M1,true,275.000,55.047,86.861,109.819,174907.794,175130.767,175154.240,1287023,1097003,304586752,88883200,49953,1290640,2026-08-02T09:49:36.848520Z
M1,1602,saturated,M1,true,235.000,57.479,138.090,172.310,175061.774,175395.923,175415.449,1287545,1097252,304693248,88899584,49954,1291114,2026-08-02T09:49:36.848520Z
M1,1603,saturated,M1,true,280.000,52.933,83.376,116.739,175276.228,175503.100,175544.437,1288044,1097625,304742400,88940544,49950,1291667,2026-08-02T09:49:36.848520Z
M1,1604,saturated,M1,true,274.000,53.765,85.063,95.678,175368.338,175587.222,175606.014,1288589,1097901,304898048,88973312,49954,1292220,2026-08-02T09:49:36.848520Z
M1,1605,saturated,M1,true,271.000,55.580,84.822,93.568,175429.732,175670.398,175710.525,1289144,1098179,304963584,88997888,49952,1292770,2026-08-02T09:49:36.848520Z
M1,1606,saturated,M1,true,281.000,54.156,77.517,102.936,175494.727,175709.841,175740.671,1289704,1098179,305102848,89006080,49956,1293340,2026-08-02T09:49:36.848520Z
M1,1607,saturated,M1,true,281.000,53.845,83.043,102.899,175542.383,175773.814,175811.155,1290261,1098587,305184768,89047040,49956,1293900,2026-08-02T09:49:36.848520Z
M1,1608,saturated,M1,true,281.000,53.225,80.611,118.864,175549.538,175758.667,175816.687,1290808,1098873,305307648,89079808,49952,1294462,2026-08-02T09:49:36.848520Z
M1,1609,saturated,M1,true,279.000,54.092,88.061,98.247,175567.671,175793.378,175834.231,1291379,1099294,305405952,89104384,49959,1295028,2026-08-02T09:49:36.848520Z
M1,1610,saturated,M1,true,257.000,57.572,104.730,140.866,175654.174,175952.339,175980.146,1291927,1099576,305496064,89120768,49956,1295538,2026-08-02T09:49:36.848520Z
M1,1611,saturated,M1,true,278.000,52.775,83.928,98.711,175787.918,176011.440,176053.442,1292421,1099832,305610752,89153536,49955,1296102,2026-08-02T09:49:36.848520Z
M1,1612,saturated,M1,true,245.000,53.972,153.400,178.129,175885.906,176160.033,176198.864,1292979,1100111,305684480,89186304,49954,1296593,2026-08-02T09:49:36.848520Z
M1,1613,saturated,M1,true,283.000,50.250,79.211,98.810,176049.647,176266.937,176288.255,1293467,1100358,305823744,89210880,49953,1297162,2026-08-02T09:49:36.848520Z
M1,1614,saturated,M1,true,280.000,53.497,85.797,105.822,176123.068,176362.367,176391.361,1294051,1100640,305897472,89227264,49958,1297732,2026-08-02T09:49:36.848520Z
M1,1615,saturated,M1,true,274.000,52.694,80.541,96.862,176229.956,176445.541,176487.455,1294610,1100640,306036736,89260032,49962,1298279,2026-08-02T09:49:36.848520Z
M1,1616,saturated,M1,true,279.000,52.028,74.232,86.329,176294.849,176529.711,176556.817,1295185,1101055,306126848,89300992,49964,1298843,2026-08-02T09:49:36.848520Z
M1,1617,saturated,M1,true,280.000,52.304,84.241,98.858,176325.063,176550.261,176577.405,1295753,1101335,306200576,89317376,49961,1299401,2026-08-02T09:49:36.848520Z
M1,1618,saturated,M1,true,288.000,52.197,78.232,90.550,176345.715,176590.085,176621.908,1296332,1101757,306339840,89341952,49960,1299974,2026-08-02T09:49:36.848520Z
M1,1619,saturated,M1,true,272.000,54.301,85.522,98.928,176333.453,176560.228,176601.010,1296910,1102040,306421760,89366528,49961,1300531,2026-08-02T09:49:36.848520Z
M1,1620,saturated,M1,true,260.000,55.715,102.081,127.269,176334.454,176539.150,176561.197,1297481,1102318,306569216,89415680,49962,1301047,2026-08-02T09:49:36.848520Z
M1,1621,saturated,M1,true,280.000,52.821,85.191,102.434,176464.430,176705.760,176753.669,1298018,1102575,306618368,89432064,49961,1301612,2026-08-02T09:49:36.848520Z
M1,1622,saturated,M1,true,245.000,55.136,123.776,143.784,176519.358,176815.600,176841.823,1298548,1102999,306749440,89448448,49970,1302116,2026-08-02T09:49:36.848520Z
M1,1623,saturated,M1,true,263.000,56.593,94.606,125.361,176708.425,176943.815,176993.387,1299100,1102894,306823168,89481216,49964,1302639,2026-08-02T09:50:36.802391Z
M1,1624,saturated,M1,true,285.000,50.122,76.884,99.736,176761.010,176992.174,177041.375,1299630,1102894,306905088,89505792,49958,1303208,2026-08-02T09:50:36.802391Z
M1,1625,saturated,M1,true,266.000,53.141,83.847,95.043,176796.792,177024.344,177062.831,1300172,1103294,307036160,89546752,49966,1303750,2026-08-02T09:50:36.802391Z
M1,1626,saturated,M1,true,277.000,52.491,85.830,100.644,176822.698,177044.379,177060.236,1300726,1103575,307068928,89554944,49827,1304301,2026-08-02T09:50:36.802391Z
M1,1627,saturated,M1,true,277.000,54.490,90.390,106.024,176816.534,177038.461,177087.487,1301238,1103980,307265536,89587712,49965,1304859,2026-08-02T09:50:36.802391Z
M1,1628,saturated,M1,true,278.000,51.821,82.036,93.701,176833.528,177067.609,177108.440,1301737,1104261,307298304,89620480,49969,1305422,2026-08-02T09:50:36.802391Z
M1,1629,saturated,M1,true,281.000,53.086,83.670,99.620,176845.400,177095.592,177130.151,1302327,1104402,307478528,89653248,49964,1305980,2026-08-02T09:50:36.802391Z
M1,1630,saturated,M1,true,257.000,55.564,107.430,151.274,176887.948,177099.674,177140.368,1302834,1104820,307527680,89669632,49967,1306502,2026-08-02T09:50:36.802391Z
M1,1631,saturated,M1,true,280.000,52.215,82.967,95.993,177020.672,177247.965,177276.410,1303372,1105079,307675136,89694208,49972,1307073,2026-08-02T09:50:36.802391Z
M1,1632,saturated,M1,true,243.000,54.654,121.399,155.207,177176.166,177467.779,177494.473,1303936,1105363,307757056,89726976,49970,1307555,2026-08-02T09:50:36.802391Z
M1,1633,saturated,M1,true,281.000,52.662,83.850,99.369,177281.318,177512.688,177543.488,1304447,1105363,307830784,89743360,49969,1308119,2026-08-02T09:50:36.802391Z
M1,1634,saturated,M1,true,280.000,54.228,81.745,92.500,177331.070,177568.051,177607.424,1305022,1105743,307978240,89776128,49968,1308684,2026-08-02T09:50:36.802391Z
M1,1635,saturated,M1,true,270.000,53.886,83.371,95.846,177389.535,177634.585,177670.349,1305539,1106166,308027392,89808896,49838,1309234,2026-08-02T09:50:36.802391Z
M1,1636,saturated,M1,true,274.000,55.346,87.552,109.582,177520.577,177764.704,177799.995,1306079,1106166,308174848,89833472,49971,1309786,2026-08-02T09:50:36.802391Z
M1,1637,saturated,M1,true,276.000,53.201,83.614,95.893,177632.508,177862.059,177913.113,1306653,1106577,308256768,89858048,49978,1310344,2026-08-02T09:50:36.802391Z
M1,1638,saturated,M1,true,278.000,52.348,80.901,97.805,177681.893,177904.048,177940.720,1307186,1106857,308363264,89882624,49980,1310909,2026-08-02T09:50:36.802391Z
M1,1639,saturated,M1,true,281.000,54.263,83.067,98.121,177731.922,177943.481,177975.041,1307764,1107129,308477952,89915392,49977,1311465,2026-08-02T09:50:36.802391Z
M1,1640,saturated,M1,true,252.000,55.372,91.681,131.839,177695.128,177978.092,178000.494,1308324,1107553,308559872,89948160,49977,1311978,2026-08-02T09:50:36.802391Z
M1,1641,saturated,M1,true,285.000,53.971,81.145,89.490,177825.708,178055.183,178083.741,1308862,1107806,308707328,89964544,49838,1312541,2026-08-02T09:50:36.802391Z
M1,1642,saturated,M1,true,237.000,57.227,118.855,146.981,177934.684,178253.066,178271.836,1309414,1108089,308756480,89989120,49979,1313022,2026-08-02T09:50:36.802391Z
M1,1643,saturated,M1,true,267.000,54.065,77.817,91.917,178126.228,178357.898,178394.410,1309909,1108327,308879360,90030080,49978,1313567,2026-08-02T09:50:36.802391Z
M1,1644,saturated,M1,true,279.000,52.580,81.123,101.190,178200.220,178416.479,178430.625,1310497,1108327,308969472,90046464,49981,1314122,2026-08-02T09:50:36.802391Z
M1,1645,saturated,M1,true,268.000,55.486,86.757,105.536,178247.375,178479.409,178498.228,1310976,1108738,309092352,90062848,49978,1314663,2026-08-02T09:50:36.802391Z
M1,1646,saturated,M1,true,270.000,53.145,94.884,101.419,178323.652,178542.327,178577.117,1311494,1109007,309198848,90103808,49982,1315211,2026-08-02T09:50:36.802391Z
M1,1647,saturated,M1,true,269.000,54.906,82.676,118.763,178362.243,178588.531,178612.149,1312028,1109279,309264384,90128384,49854,1315746,2026-08-02T09:50:36.802391Z
M1,1648,saturated,M1,true,274.000,54.399,89.285,116.963,178477.651,178701.804,178725.277,1312547,1109682,309403648,90161152,49983,1316294,2026-08-02T09:50:36.802391Z
M1,1649,saturated,M1,true,273.000,52.877,81.910,95.737,178475.849,178719.169,178746.828,1313112,1109958,309485568,90169344,49984,1316846,2026-08-02T09:50:36.802391Z
M1,1650,saturated,M1,true,253.000,59.518,108.926,129.791,178571.676,178857.369,178894.631,1313677,1109958,309592064,90218496,49987,1317358,2026-08-02T09:50:36.802391Z
M1,1651,saturated,M1,true,278.000,52.795,82.286,92.597,178598.846,178819.415,178844.862,1314210,1110372,309698560,90243072,49845,1317916,2026-08-02T09:50:36.802391Z
M1,1652,saturated,M1,true,248.000,57.277,154.599,179.881,178704.232,178945.352,178983.835,1314753,1110627,309772288,90251264,49985,1318410,2026-08-02T09:50:36.802391Z
M1,1653,saturated,M1,true,274.000,53.479,80.260,98.264,178834.169,179069.683,179106.390,1315281,1111010,309903360,90284032,49846,1318970,2026-08-02T09:50:36.802391Z
M1,1654,saturated,M1,true,281.000,52.915,85.736,98.565,178910.686,179146.027,179162.918,1315811,1111292,309985280,90308608,49981,1319521,2026-08-02T09:50:36.802391Z
M1,1655,saturated,M1,true,273.000,52.602,84.766,101.936,179004.247,179232.332,179264.691,1316376,1111566,310116352,90357760,49852,1320079,2026-08-02T09:50:36.802391Z
M1,1656,saturated,M1,true,278.000,51.398,81.735,101.495,179092.821,179318.008,179337.087,1316950,1111566,310190080,90374144,49846,1320642,2026-08-02T09:50:36.802391Z
M1,1657,saturated,M1,true,277.000,52.937,82.911,101.477,179138.626,179366.322,179390.897,1317516,1111980,310312960,90382336,49849,1321198,2026-08-02T09:50:36.802391Z
M1,1658,saturated,M1,true,274.000,52.642,89.189,95.804,179211.371,179430.646,179456.712,1318082,1112261,310411264,90423296,49857,1321751,2026-08-02T09:50:36.802391Z
M1,1659,saturated,M1,true,276.000,57.221,87.071,95.249,179255.767,179521.931,179574.051,1318639,1112677,310501376,90456064,49852,1322303,2026-08-02T09:50:36.802391Z
M1,1660,saturated,M1,true,258.000,55.169,93.616,108.673,179358.983,179563.202,179581.868,1319139,1112954,310640640,90480640,49871,1322821,2026-08-02T09:50:36.802391Z
M1,1661,saturated,M1,true,280.000,50.941,78.421,91.974,179443.793,179670.200,179689.164,1319716,1113210,310706176,90497024,49853,1323388,2026-08-02T09:50:36.802391Z
M1,1662,saturated,M1,true,243.000,58.899,118.798,158.329,179454.750,179719.049,179790.232,1320203,1113491,310845440,90529792,49887,1323880,2026-08-02T09:50:36.802391Z
M1,1663,saturated,M1,true,281.000,52.253,80.640,93.840,179607.225,179813.988,179865.668,1320699,1113736,310910976,90562560,49851,1324439,2026-08-02T09:50:36.802391Z
M1,1664,saturated,M1,true,273.000,54.217,86.216,104.671,179687.016,179899.512,179938.102,1321236,1113736,311025664,90570752,49857,1324989,2026-08-02T09:50:36.802391Z
M1,1665,saturated,M1,true,267.000,54.746,85.795,98.696,179732.955,179940.608,179966.088,1321766,1114150,311123968,90611712,49859,1325535,2026-08-02T09:50:36.802391Z
M1,1666,saturated,M1,true,278.000,52.887,81.599,101.342,179779.767,179998.860,180027.307,1322327,1114559,311222272,90636288,49863,1326086,2026-08-02T09:50:36.802391Z
M1,1667,saturated,M1,true,280.000,53.771,79.850,94.750,179849.652,180065.008,180086.291,1322865,1114836,311345152,90660864,49860,1326645,2026-08-02T09:50:36.802391Z
M1,1668,saturated,M1,true,271.000,52.832,84.349,97.391,179911.102,180154.707,180180.568,1323251,1114836,311377920,90685440,49865,1326928,2026-08-02T09:50:36.802391Z
M1,1669,saturated,M1,true,276.000,52.049,82.287,96.357,180019.227,180237.952,180283.643,1323991,1115257,311566336,90718208,49862,1327754,2026-08-02T09:50:36.802391Z
M1,1670,saturated,M1,true,254.000,58.083,91.710,110.599,180127.627,180350.239,180386.134,1324306,1115532,311599104,90742784,49884,1328031,2026-08-02T09:50:36.802391Z
M1,1671,saturated,M1,true,279.000,55.182,85.500,97.722,180205.844,180424.555,180451.392,1324829,1115665,311689216,90759168,49864,1328548,2026-08-02T09:50:36.802391Z
M1,1672,saturated,M1,true,239.000,57.797,141.725,176.815,180256.898,180591.404,180627.482,1325389,1116062,311820288,90800128,49893,1329100,2026-08-02T09:50:36.802391Z
M1,1673,saturated,M1,true,281.000,51.680,85.095,103.387,180294.443,180512.181,180551.417,1325870,1116198,311902208,90832896,49864,1329598,2026-08-02T09:50:36.802391Z
M1,1674,saturated,M1,true,273.000,51.757,90.474,127.541,180360.831,180594.976,180629.329,1326437,1116583,312016896,90841088,49865,1330140,2026-08-02T09:50:36.802391Z
M1,1675,saturated,M1,true,272.000,55.335,82.266,103.788,180446.937,180673.191,180707.234,1326997,1116583,312082432,90865664,49865,1330696,2026-08-02T09:50:36.802391Z
M1,1676,saturated,M1,true,274.000,54.012,82.736,101.136,180514.633,180737.417,180791.656,1327472,1116990,312213504,90906624,49869,1331246,2026-08-02T09:50:36.802391Z
M1,1677,saturated,M1,true,273.000,52.156,87.012,101.261,180544.557,180767.300,180811.360,1328032,1117408,312311808,90939392,49864,1331797,2026-08-02T09:50:36.802391Z
M1,1678,saturated,M1,true,275.000,53.474,81.527,94.161,180619.019,180870.595,180910.438,1328593,1117680,312410112,90947584,49870,1332356,2026-08-02T09:50:36.802391Z
M1,1679,saturated,M1,true,278.000,53.900,91.269,98.757,180679.876,180893.284,180911.068,1329161,1117680,312524800,90980352,49867,1332906,2026-08-02T09:50:36.802391Z
M1,1680,saturated,M1,true,249.000,58.484,94.330,105.680,180767.308,181024.210,181045.702,1329722,1118099,312623104,91004928,49895,1333464,2026-08-02T09:50:36.802391Z
M1,1681,saturated,M1,true,278.000,53.058,79.705,87.464,180911.107,181122.235,181155.288,1330246,1118512,312729600,91045888,49870,1333966,2026-08-02T09:50:36.802391Z
M1,1682,saturated,M1,true,232.000,58.989,105.582,128.365,180990.671,181280.621,181297.436,1330797,1118764,312803328,91054080,49907,1334520,2026-08-02T09:50:36.802391Z
M1,1683,saturated,M1,true,262.000,58.628,91.812,105.320,181037.376,181288.138,181323.235,1331294,1118764,312918016,91095040,49873,1334986,2026-08-02T09:50:36.802391Z
M1,1684,saturated,M1,true,270.000,54.054,88.127,105.015,181045.486,181272.594,181296.583,1333114,1118134,312934400,91119616,49872,1335521,2026-08-02T09:51:36.833291Z
M1,1685,saturated,M1,true,258.000,58.882,92.386,122.197,181103.374,181343.592,181365.885,1333627,1118529,313122816,91127808,49881,1336056,2026-08-02T09:51:36.833291Z
M1,1686,saturated,M1,true,275.000,51.299,84.467,99.255,181156.495,181380.491,181402.299,1334161,1118794,313155584,91168768,49878,1336591,2026-08-02T09:51:36.833291Z
M1,1687,saturated,M1,true,275.000,55.432,85.211,95.890,181189.738,181407.714,181427.949,1334696,1119200,313352192,91193344,49877,1337140,2026-08-02T09:51:36.833291Z
M1,1688,saturated,M1,true,267.000,56.043,81.100,86.750,181233.285,181477.645,181492.453,1335253,1119337,313384960,91234304,49881,1337683,2026-08-02T09:51:36.833291Z
M1,1689,saturated,M1,true,276.000,54.279,81.099,90.405,181299.941,181537.697,181550.742,1335773,1119606,313573376,91234304,49881,1338229,2026-08-02T09:51:36.833291Z
M1,1690,saturated,M1,true,246.000,59.918,92.139,104.057,181396.877,181657.710,181700.716,1336309,1119606,313614336,91267072,49900,1338772,2026-08-02T09:51:36.833291Z
M1,1691,saturated,M1,true,276.000,54.003,82.266,95.312,181549.112,181772.370,181793.618,1336796,1120018,313679872,91308032,49883,1339291,2026-08-02T09:51:36.833291Z
M1,1692,saturated,M1,true,238.000,57.618,114.414,136.313,181616.301,181843.152,181868.354,1337276,1120270,313835520,91324416,49913,1339834,2026-08-02T09:51:36.833291Z
M1,1693,saturated,M1,true,272.000,55.009,83.583,107.438,181706.688,181959.687,182009.336,1337812,1120543,313901056,91340800,49884,1340313,2026-08-02T09:51:36.833291Z
M1,1694,saturated,M1,true,270.000,53.487,87.982,103.825,181761.187,181957.812,182017.278,1338340,1120920,314048512,91373568,49892,1340869,2026-08-02T09:51:36.833291Z
M1,1695,saturated,M1,true,272.000,54.591,87.615,100.286,181766.457,181994.799,182012.151,1338892,1121198,314130432,91406336,49886,1341407,2026-08-02T09:51:36.833291Z
M1,1696,saturated,M1,true,275.000,51.877,89.179,109.779,181834.397,182061.874,182079.886,1339419,1121464,314220544,91439104,49880,1341946,2026-08-02T09:51:36.833291Z
M1,1697,saturated,M1,true,267.000,54.803,80.063,92.219,181928.152,182151.724,182177.266,1339980,1121732,314335232,91447296,49887,1342502,2026-08-02T09:51:36.833291Z
M1,1698,saturated,M1,true,274.000,55.074,83.037,93.856,181980.555,182206.378,182226.522,1340542,1122008,314408960,91488256,49884,1343049,2026-08-02T09:51:36.833291Z
M1,1699,saturated,M1,true,273.000,53.343,85.230,102.958,182044.242,182269.714,182288.226,1341092,1122279,314548224,91521024,49886,1343594,2026-08-02T09:51:36.833291Z
M1,1700,saturated,M1,true,242.000,60.302,101.228,116.164,182119.540,182324.594,182348.389,1341646,1122685,314630144,91529216,49910,1344134,2026-08-02T09:51:36.833291Z
M1,1701,saturated,M1,true,267.000,56.369,83.814,109.535,182273.004,182481.422,182522.176,1342154,1122685,314744832,91561984,49887,1344628,2026-08-02T09:51:36.833291Z
M1,1702,saturated,M1,true,247.000,56.777,139.968,173.169,182364.264,182666.585,182702.370,1342678,1122931,314834944,91586560,49902,1345153,2026-08-02T09:51:36.833291Z
M1,1703,saturated,M1,true,272.000,54.533,89.292,101.874,182439.991,182670.790,182690.850,1343178,1123203,314908672,91627520,49889,1345662,2026-08-02T09:51:36.833291Z
M1,1704,saturated,M1,true,264.000,57.178,84.030,103.616,182511.532,182742.931,182782.659,1343742,1123582,315039744,91635712,49894,1346206,2026-08-02T09:51:36.833291Z
M1,1705,saturated,M1,true,271.000,54.950,88.599,114.926,182475.938,182708.272,182738.547,1344280,1123853,315097088,91660288,49898,1346757,2026-08-02T09:51:36.833291Z
M1,1706,saturated,M1,true,270.000,55.481,86.555,104.584,182557.663,182779.097,182808.816,1344842,1124126,315252736,91701248,49897,1347296,2026-08-02T09:51:36.833291Z
M1,1707,saturated,M1,true,256.000,56.733,89.327,104.825,182617.173,182840.417,182867.313,1345386,1124396,315326464,91709440,49897,1347818,2026-08-02T09:51:36.833291Z
M1,1708,saturated,M1,true,274.000,54.629,78.363,94.047,182719.918,182958.462,182994.063,1345927,1124786,315449344,91742208,49896,1348357,2026-08-02T09:51:36.833291Z
M1,1709,saturated,M1,true,272.000,53.853,87.161,100.449,182811.633,183019.999,183066.533,1346453,1124925,315539456,91774976,49894,1348900,2026-08-02T09:51:36.833291Z
M1,1710,saturated,M1,true,256.000,56.479,106.134,131.728,182878.465,183165.626,183180.046,1346956,1124925,315613184,91799552,49916,1349447,2026-08-02T09:51:36.833291Z
M1,1711,saturated,M1,true,271.000,55.030,86.536,103.071,183000.427,183222.807,183268.802,1347460,1125332,315736064,91815936,49895,1349960,2026-08-02T09:51:36.833291Z
M1,1712,saturated,M1,true,241.000,57.892,142.784,174.766,183070.295,183273.649,183319.606,1348011,1125586,315809792,91848704,49900,1350463,2026-08-02T09:51:36.833291Z
M1,1713,saturated,M1,true,269.000,53.511,78.999,90.325,183220.423,183449.225,183464.293,1348512,1125862,315965440,91889664,49904,1350999,2026-08-02T09:51:36.833291Z
M1,1714,saturated,M1,true,273.000,56.069,90.253,101.158,183214.695,183454.700,183478.587,1349055,1126104,316014592,91906048,49900,1351547,2026-08-02T09:51:36.833291Z
M1,1715,saturated,M1,true,272.000,56.653,83.399,95.518,183311.859,183543.329,183560.624,1349582,1126515,316137472,91914240,49900,1352087,2026-08-02T09:51:36.833291Z
M1,1716,saturated,M1,true,270.000,54.570,89.005,109.579,183237.729,183463.685,183493.037,1350133,1126784,316227584,91963392,49907,1352633,2026-08-02T09:51:36.833291Z
M1,1717,saturated,M1,true,272.000,54.678,88.458,106.262,183327.707,183554.037,183580.376,1350690,1127058,316334080,91987968,49900,1353188,2026-08-02T09:51:36.833291Z
M1,1718,saturated,M1,true,270.000,53.417,77.786,107.660,183397.047,183626.549,183669.456,1351216,1127058,316448768,92020736,49901,1353725,2026-08-02T09:51:36.833291Z
M1,1719,saturated,M1,true,273.000,54.873,83.633,96.274,183476.845,183696.550,183727.283,1351772,1127464,316522496,92028928,49909,1354278,2026-08-02T09:51:36.833291Z
M1,1720,saturated,M1,true,252.000,54.159,119.481,163.074,183538.485,183771.679,183785.415,1352301,1127874,316678144,92061696,49925,1354820,2026-08-02T09:51:36.833291Z
M1,1721,saturated,M1,true,271.000,55.998,82.655,96.833,183628.560,183876.832,183897.714,1352825,1128145,316735488,92102656,49907,1355334,2026-08-02T09:51:36.833291Z
M1,1722,saturated,M1,true,238.000,57.726,96.048,118.343,183744.471,184030.729,184043.603,1353320,1128145,316833792,92102656,49913,1355831,2026-08-02T09:51:36.833291Z
M1,1723,saturated,M1,true,274.000,54.363,81.424,109.846,183901.826,184125.852,184137.409,1353823,1128526,316932096,92143616,49911,1356368,2026-08-02T09:51:36.833291Z
M1,1724,saturated,M1,true,267.000,55.364,94.057,110.101,183929.932,184164.054,184208.758,1354374,1128913,317014016,92168192,49910,1356905,2026-08-02T09:51:36.833291Z
M1,1725,saturated,M1,true,266.000,56.991,87.197,102.351,183999.836,184231.995,184263.698,1354923,1129046,317153280,92200960,49914,1357432,2026-08-02T09:51:36.833291Z
M1,1726,saturated,M1,true,272.000,54.443,81.066,98.162,184036.771,184257.186,184295.233,1355458,1129448,317227008,92217344,49910,1357977,2026-08-02T09:51:36.833291Z
M1,1727,saturated,M1,true,267.000,55.351,88.216,96.611,184039.902,184258.463,184288.798,1356024,1129715,317366272,92250112,49911,1358527,2026-08-02T09:51:36.833291Z
M1,1728,saturated,M1,true,271.000,53.541,79.424,104.354,184111.338,184343.773,184365.201,1356570,1129989,317440000,92282880,49911,1359067,2026-08-02T09:51:36.833291Z
M1,1729,saturated,M1,true,274.000,55.397,85.151,95.020,184154.458,184398.647,184416.954,1357120,1130257,317546496,92307456,49919,1359615,2026-08-02T09:51:36.833291Z
M1,1730,saturated,M1,true,241.000,60.229,108.665,149.069,184244.990,184463.108,184501.739,1357678,1130257,317644800,92323840,49934,1360158,2026-08-02T09:51:36.833291Z
M1,1731,saturated,M1,true,247.000,58.218,110.136,138.138,184464.233,184713.438,184734.141,1358160,1130664,317718528,92356608,49916,1360608,2026-08-02T09:51:36.833291Z
M1,1732,saturated,M1,true,232.000,59.234,110.095,151.632,184551.842,184762.987,184804.824,1358616,1131027,317849600,92372992,49927,1361088,2026-08-02T09:51:36.833291Z
M1,1733,saturated,M1,true,274.000,52.703,87.197,100.183,184745.759,184958.241,185019.334,1359064,1131267,317906944,92389376,49914,1361615,2026-08-02T09:51:36.833291Z
M1,1734,saturated,M1,true,266.000,54.723,96.063,101.927,184811.579,185029.917,185085.045,1359579,1131528,318038016,92430336,49924,1362159,2026-08-02T09:51:36.833291Z
M1,1735,saturated,M1,true,262.000,56.834,81.079,107.158,184866.946,185096.794,185118.135,1360142,1131800,318119936,92463104,49917,1362690,2026-08-02T09:51:36.833291Z
M1,1736,saturated,M1,true,267.000,56.657,90.297,102.931,184893.424,185122.074,185158.533,1360677,1131800,318201856,92479488,49920,1363226,2026-08-02T09:51:36.833291Z
M1,1737,saturated,M1,true,263.000,56.126,86.709,97.703,184956.856,185188.834,185233.527,1361190,1132201,318341120,92495872,49922,1363753,2026-08-02T09:51:36.833291Z
M1,1738,saturated,M1,true,273.000,55.585,91.060,112.267,184945.740,185165.875,185208.665,1361687,1132460,318423040,92545024,49923,1364299,2026-08-02T09:51:36.833291Z
M1,1739,saturated,M1,true,269.000,53.230,87.898,104.778,185015.218,185241.615,185261.460,1362235,1132866,318537728,92561408,49923,1364844,2026-08-02T09:51:36.833291Z
M1,1740,saturated,M1,true,248.000,59.458,93.042,127.475,185044.342,185270.655,185297.431,1362770,1133138,318619648,92577792,49947,1365380,2026-08-02T09:51:36.833291Z
M1,1741,saturated,M1,true,265.000,55.406,90.923,106.883,185186.422,185419.836,185435.589,1363232,1133408,318726144,92610560,49925,1365880,2026-08-02T09:51:36.833291Z
M1,1742,saturated,M1,true,229.000,60.508,146.990,195.961,185372.964,185669.615,185720.056,1363772,1133408,318832640,92643328,49935,1366358,2026-08-02T09:51:36.833291Z
M1,1743,saturated,M1,true,259.000,56.301,95.999,102.764,185531.529,185755.061,185775.670,1362926,1134982,318889984,92651520,49927,1366855,2026-08-02T09:52:36.802812Z
M1,1744,saturated,M1,true,256.000,54.506,97.121,115.718,185606.047,185849.599,185875.209,1363445,1135208,318939136,92684288,49928,1367384,2026-08-02T09:52:36.802812Z
M1,1745,saturated,M1,true,250.000,60.387,96.299,113.493,185678.573,185903.788,185935.960,1363999,1135597,319094784,92708864,49928,1367885,2026-08-02T09:52:36.802812Z
M1,1746,saturated,M1,true,265.000,56.590,92.771,107.379,185760.990,185988.495,186029.252,1364473,1135726,319143936,92741632,49937,1368418,2026-08-02T09:52:36.802812Z
M1,1747,saturated,M1,true,262.000,56.004,90.552,112.386,185812.241,186032.501,186054.396,1365021,1135980,319315968,92758016,49929,1368941,2026-08-02T09:52:36.802812Z
M1,1748,saturated,M1,true,259.000,59.088,94.885,107.144,185820.728,186083.838,186116.473,1365561,1136374,319365120,92790784,49935,1369464,2026-08-02T09:52:36.802812Z
M1,1749,saturated,M1,true,228.000,60.843,132.404,164.018,185933.211,186157.215,186178.525,1366060,1136634,319438848,92815360,49931,1369918,2026-08-02T09:52:36.802812Z
M1,1750,saturated,M1,true,236.000,60.247,107.936,137.375,185966.029,186202.385,186215.577,1366554,1136860,319569920,92823552,49952,1370445,2026-08-02T09:52:36.802812Z
M1,1751,saturated,M1,true,259.000,55.334,94.459,116.391,186127.287,186344.510,186370.670,1367046,1137120,319610880,92872704,49936,1370930,2026-08-02T09:52:36.802812Z
M1,1752,saturated,M1,true,227.000,61.677,160.149,216.006,186203.063,186524.622,186569.708,1367547,1137363,319782912,92889088,49938,1371385,2026-08-02T09:52:36.802812Z
M1,1753,saturated,M1,true,271.000,53.287,90.502,100.726,186350.838,186565.603,186596.244,1368030,1137363,319832064,92897280,49937,1371917,2026-08-02T09:52:36.802812Z
M1,1754,saturated,M1,true,262.000,55.421,86.995,99.081,186444.068,186670.272,186702.638,1368568,1137718,319938560,92938240,49939,1372449,2026-08-02T09:52:36.802812Z
M1,1755,saturated,M1,true,263.000,57.127,87.127,100.457,186495.360,186724.139,186740.745,1369108,1137993,320053248,92962816,49936,1372984,2026-08-02T09:52:36.802812Z
M1,1756,saturated,M1,true,267.000,55.334,90.892,124.535,186556.618,186778.991,186822.591,1369638,1138385,320094208,92995584,49936,1373515,2026-08-02T09:52:36.802812Z
M1,1757,saturated,M1,true,268.000,55.417,85.281,93.844,186590.202,186816.814,186848.427,1370149,1138651,320274432,93011968,49939,1374056,2026-08-02T09:52:36.802812Z
M1,1758,saturated,M1,true,265.000,54.643,89.232,104.478,186605.545,186834.321,186866.790,1370699,1138922,320315392,93044736,49939,1374597,2026-08-02T09:52:36.802812Z
M1,1759,saturated,M1,true,271.000,54.621,83.068,102.570,186618.408,186859.777,186918.822,1371252,1139190,320413696,93069312,49932,1375132,2026-08-02T09:52:36.802812Z
M1,1760,saturated,M1,true,243.000,61.293,117.515,147.916,186573.398,186825.278,186843.322,1371800,1139454,320544768,93085696,49948,1375641,2026-08-02T09:52:36.802812Z
M1,1761,saturated,M1,true,259.000,60.415,90.997,111.302,186746.261,186988.312,187040.914,1372296,1139707,320626688,93118464,49940,1376147,2026-08-02T09:52:36.802812Z
M1,1762,saturated,M1,true,233.000,59.971,128.486,167.998,186904.014,187132.674,187166.630,1372794,1139962,320749568,93151232,49948,1376635,2026-08-02T09:52:36.802812Z
M1,1763,saturated,M1,true,270.000,56.734,83.202,105.736,186962.428,187198.235,187216.123,1373294,1139962,320806912,93151232,49938,1377152,2026-08-02T09:52:36.802812Z
M1,1764,saturated,M1,true,258.000,55.746,88.832,105.828,187001.485,187245.852,187271.590,1373832,1140329,320937984,93192192,49949,1377688,2026-08-02T09:52:36.802812Z
M1,1765,saturated,M1,true,263.000,58.794,96.769,120.457,187056.495,187282.158,187309.062,1374364,1140598,321019904,93224960,49951,1378218,2026-08-02T09:52:36.802812Z
M1,1766,saturated,M1,true,259.000,57.559,90.372,122.749,187158.321,187372.293,187381.422,1374852,1140857,321110016,93249536,49948,1378735,2026-08-02T09:52:36.802812Z
M1,1767,saturated,M1,true,258.000,58.835,95.983,113.082,187245.121,187469.281,187508.173,1375351,1141252,321232896,93265920,49946,1379249,2026-08-02T09:52:36.802812Z
M1,1768,saturated,M1,true,252.000,61.802,99.470,130.996,187276.851,187535.695,187563.565,1375860,1141508,321290240,93290496,49948,1379756,2026-08-02T09:52:36.802812Z
M1,1769,saturated,M1,true,261.000,56.231,84.658,98.269,187357.048,187580.697,187618.382,1376396,1141760,321445888,93323264,49944,1380284,2026-08-02T09:52:36.802812Z
M1,1770,saturated,M1,true,249.000,59.569,117.379,136.114,187278.577,187539.426,187579.172,1376889,1142024,321503232,93347840,49953,1380795,2026-08-02T09:52:36.802812Z
M1,1771,saturated,M1,true,266.000,54.943,80.750,96.598,187432.629,187648.229,187683.633,1377388,1142024,321601536,93380608,49950,1381323,2026-08-02T09:52:36.802812Z
M1,1772,saturated,M1,true,231.000,61.945,125.507,140.394,187468.822,187699.248,187730.711,1377898,1142408,321716224,93405184,49954,1381794,2026-08-02T09:52:36.802812Z
M1,1773,saturated,M1,true,260.000,57.071,92.962,110.136,187637.367,187853.796,187882.732,1378396,1142773,321765376,93413376,49954,1382319,2026-08-02T09:52:36.802812Z
M1,1774,saturated,M1,true,264.000,57.479,93.347,105.155,187671.636,187900.872,187948.038,1378905,1143038,321912832,93454336,49955,1382844,2026-08-02T09:52:36.802812Z
M1,1775,saturated,M1,true,257.000,58.100,93.990,116.670,187734.093,187969.654,188006.257,1379438,1143298,321994752,93487104,49953,1383366,2026-08-02T09:52:36.802812Z
M1,1776,saturated,M1,true,260.000,56.572,91.755,119.669,187766.337,188013.081,188057.764,1379924,1143298,322084864,93511680,49954,1383888,2026-08-02T09:52:36.802812Z
M1,1777,saturated,M1,true,260.000,57.256,83.823,97.466,187856.307,188084.161,188153.368,1380451,1143687,322199552,93519872,49955,1384416,2026-08-02T09:52:36.802812Z
M1,1778,saturated,M1,true,265.000,55.602,81.196,93.534,187872.797,188094.311,188144.912,1380967,1143948,322256896,93569024,49955,1384942,2026-08-02T09:52:36.802812Z
M1,1779,saturated,M1,true,260.000,55.958,86.516,108.733,187870.962,188088.492,188120.566,1381471,1144343,322404352,93593600,49958,1385474,2026-08-02T09:52:36.802812Z
M1,1780,saturated,M1,true,234.000,63.173,97.843,122.196,187910.115,188159.049,188202.739,1382031,1144606,322478080,93593600,49961,1385964,2026-08-02T09:52:36.802812Z
M1,1781,saturated,M1,true,268.000,58.576,92.664,107.204,187904.461,188140.740,188158.142,1382500,1144606,322600960,93634560,49960,1386484,2026-08-02T09:52:36.802812Z
M1,1782,saturated,M1,true,234.000,59.031,108.540,133.782,188017.653,188228.220,188252.308,1383035,1144973,322691072,93659136,49966,1386964,2026-08-02T09:52:36.802812Z
M1,1783,saturated,M1,true,260.000,55.164,91.171,109.638,188142.593,188385.403,188419.727,1383492,1145242,322732032,93683712,49958,1387473,2026-08-02T09:52:36.802812Z
M1,1784,saturated,M1,true,254.000,61.063,94.443,109.719,188215.710,188447.064,188468.147,1383967,1145602,322879488,93708288,49963,1387989,2026-08-02T09:52:36.802812Z
M1,1785,saturated,M1,true,250.000,59.389,104.604,116.439,188335.544,188590.573,188610.341,1384503,1145863,322953216,93732864,49965,1388495,2026-08-02T09:52:36.802812Z
M1,1786,saturated,M1,true,265.000,55.186,85.364,96.974,188395.562,188640.367,188660.831,1384994,1146112,323084288,93765632,49962,1389020,2026-08-02T09:52:36.802812Z
M1,1787,saturated,M1,true,257.000,57.988,93.537,108.107,188438.745,188675.493,188702.172,1385527,1146373,323149824,93773824,49965,1389542,2026-08-02T09:52:36.802812Z
M1,1788,saturated,M1,true,261.000,56.960,90.597,109.649,188526.841,188742.403,188762.329,1386027,1146373,323223552,93814784,49963,1390068,2026-08-02T09:52:36.802812Z
M1,1789,saturated,M1,true,263.000,57.732,96.183,105.290,188541.929,188814.771,188853.877,1386559,1146764,323379200,93847552,49970,1390599,2026-08-02T09:52:36.802812Z
M1,1790,saturated,M1,true,246.000,60.614,91.271,112.103,188548.172,188762.214,188781.294,1387099,1147028,323428352,93847552,49973,1391102,2026-08-02T09:52:36.802812Z
M1,1791,saturated,M1,true,259.000,58.195,92.120,103.453,188582.315,188855.994,188883.619,1387608,1147410,323575808,93888512,49964,1391621,2026-08-02T09:52:36.802812Z
M1,1792,saturated,M1,true,240.000,60.608,118.964,141.640,188589.087,188849.288,188903.722,1388135,1147667,323649536,93921280,49964,1392092,2026-08-02T09:52:36.802812Z
M1,1793,saturated,M1,true,260.000,55.082,83.842,109.981,188727.954,188936.825,188974.673,1388625,1147901,323706880,93929472,49970,1392627,2026-08-02T09:52:36.802812Z
M1,1794,saturated,M1,true,260.000,56.255,87.440,105.975,188752.507,188976.881,189009.893,1389172,1147901,323854336,93962240,49973,1393154,2026-08-02T09:52:36.802812Z
M1,1795,saturated,M1,true,264.000,58.260,90.428,105.799,188824.543,189059.932,189095.915,1389705,1148303,323911680,93986816,49972,1393678,2026-08-02T09:52:36.802812Z
M1,1796,saturated,M1,true,262.000,56.680,89.391,115.086,188867.617,189093.296,189125.338,1390243,1148691,324042752,94019584,49974,1394207,2026-08-02T09:52:36.802812Z
M1,1797,saturated,M1,true,261.000,57.615,89.067,102.574,188932.909,189139.056,189175.425,1390722,1148957,324132864,94035968,49971,1394732,2026-08-02T09:52:36.802812Z
M1,1798,saturated,M1,true,262.000,58.488,90.127,109.893,188995.628,189223.739,189257.976,1391261,1149218,324214784,94068736,49972,1395261,2026-08-02T09:52:36.802812Z
M1,1799,saturated,M1,true,257.000,57.922,88.673,107.203,189072.239,189331.073,189351.015,1391759,1149476,324337664,94101504,49972,1395777,2026-08-02T09:52:36.802812Z
M1,1800,saturated,M1,true,241.000,57.953,107.424,138.216,189074.474,189269.977,189321.576,1392282,1149737,324403200,94109696,49980,1396267,2026-08-02T09:52:36.802812Z
M1,1801,saturated,M1,true,253.000,57.779,95.889,104.964,189230.718,189432.581,189473.805,1392778,1149737,324517888,94142464,49974,1396776,2026-08-02T09:52:36.802812Z
M1,1802,saturated,M1,true,225.000,61.818,152.244,178.998,189216.158,189519.019,189561.437,1393301,1150109,324599808,94175232,49979,1397234,2026-08-02T09:52:36.802812Z
M1,1803,saturated,M1,true,256.000,58.578,90.077,122.025,189331.599,189571.497,189593.053,1393787,1150258,324657152,94175232,49977,1397739,2026-08-02T09:53:36.876216Z
M1,1804,saturated,M1,true,256.000,56.668,87.700,104.805,189455.096,189668.666,189709.898,1394286,1150386,324837376,94208000,49849,1398264,2026-08-02T09:53:36.876216Z
M1,1805,saturated,M1,true,236.000,62.496,98.523,128.056,189573.371,189831.108,189864.575,1394795,1150642,324861952,94240768,49976,1398733,2026-08-02T09:53:36.876216Z
M1,1806,saturated,M1,true,260.000,57.611,91.434,108.837,189710.379,189928.204,189947.889,1395301,1151006,324960256,94265344,49850,1399252,2026-08-02T09:53:36.876216Z
M1,1807,saturated,M1,true,260.000,56.352,90.810,109.846,189794.239,189998.027,190029.104,1395843,1151265,325083136,94289920,49979,1399781,2026-08-02T09:53:36.876216Z
M1,1808,saturated,M1,true,252.000,60.101,102.222,119.559,189827.640,190049.084,190082.655,1396365,1151265,325115904,94314496,49984,1400292,2026-08-02T09:53:36.876216Z
M1,1809,saturated,M1,true,266.000,57.691,101.334,119.113,189913.330,190134.995,190157.522,1396871,1151653,325312512,94339072,49851,1400810,2026-08-02T09:53:36.876216Z
M1,1810,saturated,M1,true,235.000,63.879,119.384,140.907,189996.232,190219.892,190247.700,1397335,1151913,325337088,94355456,49979,1401296,2026-08-02T09:53:36.876216Z
M1,1811,saturated,M1,true,260.000,58.248,94.840,109.535,190072.056,190290.374,190329.205,1397837,1152282,325459968,94396416,49978,1401814,2026-08-02T09:53:36.876216Z
M1,1812,saturated,M1,true,217.000,62.070,160.549,244.036,190218.130,190558.307,190597.422,1398305,1152540,325558272,94412800,49985,1402254,2026-08-02T09:53:36.876216Z
M1,1813,saturated,M1,true,262.000,57.637,94.970,181.194,190259.971,190482.552,190506.399,1398789,1152761,325591040,94429184,49985,1402780,2026-08-02T09:53:36.876216Z
M1,1814,saturated,M1,true,263.000,59.678,91.134,114.609,190278.262,190508.272,190541.804,1399298,1152761,325763072,94461952,49850,1403299,2026-08-02T09:53:36.876216Z
M1,1815,saturated,M1,true,258.000,57.282,92.802,119.303,190336.523,190558.978,190579.567,1399812,1153153,325812224,94502912,49850,1403826,2026-08-02T09:53:36.876216Z
M1,1816,saturated,M1,true,256.000,59.194,94.774,106.776,190367.552,190578.166,190612.728,1400347,1153408,325926912,94511104,49856,1404339,2026-08-02T09:53:36.876216Z
M1,1817,saturated,M1,true,260.000,57.571,90.343,116.755,190377.580,190623.714,190670.663,1400821,1153800,326041600,94543872,49853,1404859,2026-08-02T09:53:36.876216Z
M1,1818,saturated,M1,true,260.000,60.354,94.922,124.843,190484.085,190722.007,190744.381,1401348,1154057,326082560,94576640,49853,1405380,2026-08-02T09:53:36.876216Z
M1,1819,saturated,M1,true,255.000,58.550,94.427,125.499,190578.669,190800.438,190821.831,1401858,1154319,326246400,94601216,49860,1405904,2026-08-02T09:53:36.876216Z
M1,1820,saturated,M1,true,244.000,61.249,99.916,144.037,190665.212,190922.549,190971.337,1402364,1154582,326295552,94617600,49873,1406400,2026-08-02T09:53:36.876216Z
M1,1821,saturated,M1,true,260.000,57.792,88.890,100.645,190732.143,190948.417,190970.927,1402846,1154582,326410240,94658560,49992,1406923,2026-08-02T09:53:36.876216Z
M1,1822,saturated,M1,true,225.000,62.358,159.531,195.005,190788.449,191009.839,191050.546,1403321,1154953,326516736,94674944,49891,1407364,2026-08-02T09:53:36.876216Z
M1,1823,saturated,M1,true,261.000,59.735,92.846,101.007,190955.860,191173.816,191223.989,1403792,1155214,326541312,94691328,49854,1407891,2026-08-02T09:53:36.876216Z
M1,1824,saturated,M1,true,253.000,60.757,102.768,123.970,190879.502,191134.237,191166.930,1404325,1155568,326721536,94724096,49864,1408401,2026-08-02T09:53:36.876216Z
M1,1825,saturated,M1,true,262.000,58.023,88.792,97.608,190962.612,191187.913,191235.178,1404845,1155568,326770688,94748672,49861,1408931,2026-08-02T09:53:36.876216Z
M1,1826,saturated,M1,true,254.000,56.737,92.057,105.616,191030.431,191268.100,191285.172,1405386,1155954,326901760,94773248,49868,1409450,2026-08-02T09:53:36.876216Z
M1,1827,saturated,M1,true,258.000,59.684,96.950,110.785,191095.169,191343.462,191356.054,1405871,1156345,326991872,94797824,49864,1409957,2026-08-02T09:53:36.876216Z
M1,1828,saturated,M1,true,255.000,59.231,96.364,117.478,191207.528,191440.096,191464.519,1406398,1156598,327049216,94822400,49994,1410477,2026-08-02T09:53:36.876216Z
M1,1829,saturated,M1,true,260.000,57.269,85.044,94.479,191277.538,191482.308,191530.022,1406927,1156598,327204864,94855168,49861,1410997,2026-08-02T09:53:36.876216Z
M1,1830,saturated,M1,true,245.000,59.327,105.325,125.623,191294.763,191540.570,191548.331,1407464,1156985,327245824,94871552,49884,1411494,2026-08-02T09:53:36.876216Z
M1,1831,saturated,M1,true,258.000,57.673,98.133,113.836,191438.634,191678.677,191705.108,1407973,1157249,327385088,94912512,49868,1412011,2026-08-02T09:53:36.876216Z
M1,1832,saturated,M1,true,227.000,62.363,119.317,158.632,191513.931,191760.904,191777.346,1408488,1157493,327458816,94920704,49897,1412468,2026-08-02T09:53:36.876216Z
M1,1833,saturated,M1,true,262.000,57.664,84.702,104.421,191619.664,191831.785,191863.625,1408940,1157850,327524352,94937088,49864,1412996,2026-08-02T09:53:36.876216Z
M1,1834,saturated,M1,true,251.000,60.258,94.046,109.790,191636.099,191891.454,191943.375,1409466,1158110,327655424,94986240,49867,1413504,2026-08-02T09:53:36.876216Z
M1,1835,saturated,M1,true,259.000,58.358,91.881,103.781,191617.183,191848.276,191867.848,1409970,1158110,327720960,95002624,49869,1414020,2026-08-02T09:53:36.876216Z
M1,1836,saturated,M1,true,267.000,57.322,88.137,117.038,191689.010,191915.084,191929.750,1410508,1158493,327852032,95019008,49867,1414547,2026-08-02T09:53:36.876216Z
M1,1837,saturated,M1,true,255.000,59.764,89.657,106.782,191711.283,191926.906,191963.916,1411007,1158884,327933952,95051776,49865,1415063,2026-08-02T09:53:36.876216Z
M1,1838,saturated,M1,true,251.000,60.473,99.549,120.095,191737.447,191951.564,192004.562,1411506,1159014,328024064,95084544,49873,1415574,2026-08-02T09:53:36.876216Z
M1,1839,saturated,M1,true,260.000,59.721,89.823,105.162,191748.221,192005.052,192036.875,1412031,1159396,328163328,95100928,49867,1416099,2026-08-02T09:53:36.876216Z
M1,1840,saturated,M1,true,229.000,63.541,106.380,132.781,191869.283,192083.463,192126.006,1412550,1159396,328196096,95125504,49898,1416562,2026-08-02T09:53:36.876216Z
M1,1841,saturated,M1,true,263.000,58.810,99.375,109.345,192002.896,192227.083,192267.786,1413040,1159782,328327168,95158272,49869,1417083,2026-08-02T09:53:36.876216Z
M1,1842,saturated,M1,true,227.000,63.498,107.177,130.506,192106.280,192385.471,192434.324,1413307,1159782,328400896,95158272,49904,1417347,2026-08-02T09:53:36.876216Z
M1,1843,saturated,M1,true,256.000,57.183,94.646,122.054,192184.315,192410.391,192441.540,1414018,1160501,328474624,95199232,49869,1418059,2026-08-02T09:53:36.876216Z
M1,1844,saturated,M1,true,257.000,59.817,95.489,109.904,192184.919,192428.472,192471.496,1414230,1160501,328548352,95207424,49871,1418320,2026-08-02T09:53:36.876216Z
M1,1845,saturated,M1,true,250.000,61.755,97.948,117.124,192265.810,192461.785,192487.314,1414741,1160763,328654848,95240192,49875,1418827,2026-08-02T09:53:36.876216Z
M1,1846,saturated,M1,true,259.000,57.943,90.881,107.355,192246.517,192492.580,192525.573,1415294,1161014,328744960,95264768,49872,1419352,2026-08-02T09:53:36.876216Z
M1,1847,saturated,M1,true,258.000,58.096,91.571,109.078,192329.679,192577.526,192632.793,1415774,1161014,328876032,95289344,49871,1419857,2026-08-02T09:53:36.876216Z
M1,1848,saturated,M1,true,249.000,61.370,91.265,105.960,192415.719,192651.498,192676.952,1416266,1161398,328908800,95313920,49877,1420372,2026-08-02T09:53:36.876216Z
M1,1849,saturated,M1,true,254.000,60.932,88.780,110.486,192517.935,192745.741,192785.454,1416791,1161657,329048064,95346688,49874,1420873,2026-08-02T09:53:36.876216Z
M1,1850,saturated,M1,true,237.000,61.751,115.747,142.736,192629.266,192878.408,192926.830,1417315,1162034,329129984,95363072,49887,1421383,2026-08-02T09:53:36.876216Z
M1,1851,saturated,M1,true,256.000,58.654,94.404,121.364,192738.522,192958.949,192973.922,1417809,1162034,329211904,95379456,49873,1421863,2026-08-02T09:53:36.876216Z
M1,1852,saturated,M1,true,230.000,63.201,152.420,192.149,192850.262,193045.178,193064.687,1418338,1162393,329334784,95420416,49904,1422384,2026-08-02T09:53:36.876216Z
M1,1853,saturated,M1,true,253.000,59.184,92.518,103.908,193019.897,193248.926,193264.815,1418755,1162654,329383936,95453184,49869,1422828,2026-08-02T09:53:36.876216Z
M1,1854,saturated,M1,true,255.000,59.736,89.119,109.831,193006.795,193246.197,193265.182,1419282,1163006,329506816,95469568,49878,1423354,2026-08-02T09:53:36.876216Z
M1,1855,saturated,M1,true,251.000,59.197,91.100,124.874,193088.546,193307.062,193321.813,1419755,1163006,329605120,95494144,49874,1423862,2026-08-02T09:53:36.876216Z
M1,1856,saturated,M1,true,260.000,58.146,98.611,111.150,193043.788,193271.285,193289.608,1420266,1163398,329687040,95518720,49873,1424372,2026-08-02T09:53:36.876216Z
M1,1857,saturated,M1,true,255.000,59.653,84.209,97.031,193166.971,193396.720,193411.750,1420794,1163777,329809920,95535104,49878,1424899,2026-08-02T09:53:36.876216Z
M1,1858,saturated,M1,true,259.000,58.610,89.118,103.791,193182.221,193401.532,193435.017,1421303,1163777,329859072,95567872,49880,1425418,2026-08-02T09:53:36.876216Z
M1,1859,saturated,M1,true,253.000,58.715,98.480,125.784,193237.846,193457.322,193473.714,1421830,1164164,329990144,95608832,49882,1425933,2026-08-02T09:53:36.876216Z
M1,1860,saturated,M1,true,243.000,61.288,108.295,126.825,193304.326,193541.140,193563.540,1422354,1164554,330080256,95625216,49900,1426449,2026-08-02T09:53:36.876216Z
M1,1861,saturated,M1,true,255.000,59.705,93.415,114.261,193452.493,193677.674,193703.779,1422860,1164554,330178560,95641600,49883,1426925,2026-08-02T09:53:36.876216Z
M1,1862,saturated,M1,true,218.000,63.473,116.913,143.143,193614.986,193894.043,193938.693,1423343,1164919,330285056,95674368,49915,1427436,2026-08-02T09:53:36.876216Z
M1,1863,saturated,M1,true,242.000,62.973,110.451,122.236,193743.385,193968.086,194012.291,1423807,1165172,330334208,95690752,49888,1427870,2026-08-02T09:53:36.876216Z
M1,1864,saturated,M1,true,261.000,56.775,90.622,104.941,193836.267,194057.599,194078.565,1424291,1165487,330342400,95723520,49880,1428373,2026-08-02T09:54:36.836365Z
M1,1865,saturated,M1,true,239.000,63.703,100.165,123.165,193841.903,194103.903,194158.961,1424826,1165738,330481664,95748096,49889,1428867,2026-08-02T09:54:36.836365Z
M1,1866,saturated,M1,true,250.000,57.771,93.050,125.467,193917.068,194132.210,194177.187,1425314,1165986,330604544,95756288,49885,1429368,2026-08-02T09:54:36.836365Z
M1,1867,saturated,M1,true,254.000,56.756,91.553,108.609,193921.192,194160.934,194207.716,1425847,1165986,330711040,95789056,49885,1429884,2026-08-02T09:54:36.836365Z
M1,1868,saturated,M1,true,256.000,58.907,100.936,110.635,193990.726,194222.800,194257.285,1426362,1166366,330825728,95821824,49889,1430400,2026-08-02T09:54:36.836365Z
M1,1869,saturated,M1,true,262.000,58.644,93.255,107.115,194058.913,194277.209,194302.059,1426864,1166619,330907648,95846400,49887,1430917,2026-08-02T09:54:36.836365Z
M1,1870,saturated,M1,true,234.000,60.870,110.220,136.736,194137.522,194427.709,194447.615,1427378,1167005,331022336,95862784,49908,1431434,2026-08-02T09:54:36.836365Z
M1,1871,saturated,M1,true,253.000,62.030,93.468,102.095,194246.273,194503.060,194524.048,1427875,1167005,331079680,95887360,49892,1431906,2026-08-02T09:54:36.836365Z
M1,1872,saturated,M1,true,221.000,65.903,112.682,145.651,194371.317,194604.185,194637.380,1428369,1167368,331186176,95928320,49926,1432422,2026-08-02T09:54:36.836365Z
M1,1873,saturated,M1,true,254.000,60.104,98.526,153.777,194580.014,194810.417,194828.745,1428790,1167754,331292672,95936512,49894,1432865,2026-08-02T09:54:36.836365Z
M1,1874,saturated,M1,true,242.000,59.839,96.060,113.894,194652.252,194861.392,194876.696,1429287,1167974,331333632,95969280,49901,1433357,2026-08-02T09:54:36.836365Z
M1,1875,saturated,M1,true,250.000,59.986,94.581,114.233,194756.202,194975.042,195015.196,1429744,1168223,331440128,95993856,49894,1433854,2026-08-02T09:54:36.836365Z
M1,1876,saturated,M1,true,257.000,59.003,92.029,99.155,194744.145,194983.984,195007.186,1430231,1168223,331546624,96002048,49891,1434362,2026-08-02T09:54:36.836365Z
M1,1877,saturated,M1,true,250.000,59.258,94.200,105.847,194800.687,195007.161,195037.029,1430696,1168595,331653120,96043008,49897,1434878,2026-08-02T09:54:36.836365Z
M1,1878,saturated,M1,true,254.000,61.106,94.492,110.458,194744.251,194971.420,194984.306,1431217,1168978,331776000,96067584,49898,1435384,2026-08-02T09:54:36.836365Z
M1,1879,saturated,M1,true,258.000,58.417,95.504,120.713,194808.074,195019.756,195051.192,1431745,1169232,331833344,96083968,49895,1435898,2026-08-02T09:54:36.836365Z
M1,1880,saturated,M1,true,232.000,63.996,120.089,132.454,194850.074,195065.760,195084.158,1432269,1169487,331923456,96108544,49918,1436406,2026-08-02T09:54:36.836365Z
M1,1881,saturated,M1,true,253.000,60.093,96.905,113.622,194952.787,195168.343,195210.451,1432734,1169487,332029952,96141312,49892,1436885,2026-08-02T09:54:36.836365Z
M1,1882,saturated,M1,true,225.000,63.203,142.299,197.937,195034.250,195362.341,195371.154,1433206,1169849,332128256,96157696,49930,1437394,2026-08-02T09:54:36.836365Z
M1,1883,saturated,M1,true,255.000,57.880,95.578,110.648,195172.198,195385.959,195413.912,1433683,1170106,332218368,96190464,49895,1437841,2026-08-02T09:54:36.836365Z
M1,1884,saturated,M1,true,250.000,60.105,91.620,108.651,195208.243,195448.411,195479.879,1434199,1170324,332292096,96223232,49900,1438351,2026-08-02T09:54:36.836365Z
M1,1885,saturated,M1,true,252.000,61.294,92.871,105.055,195322.719,195537.745,195592.003,1434715,1170584,332374016,96223232,49900,1438860,2026-08-02T09:54:36.836365Z
M1,1886,saturated,M1,true,244.000,60.484,93.854,109.933,195349.294,195591.943,195615.728,1435203,1170960,332496896,96256000,49911,1439369,2026-08-02T09:54:36.836365Z
M1,1887,saturated,M1,true,252.000,60.606,92.006,119.547,195418.887,195665.033,195685.634,1435720,1171216,332578816,96296960,49902,1439859,2026-08-02T09:54:36.836365Z
M1,1888,saturated,M1,true,252.000,60.584,92.313,113.678,195395.769,195622.462,195662.596,1436227,1171216,332685312,96296960,49906,1440363,2026-08-02T09:54:36.836365Z
M1,1889,saturated,M1,true,251.000,62.081,97.357,106.258,195434.791,195677.178,195694.661,1436742,1171585,332775424,96337920,49903,1440872,2026-08-02T09:54:36.836365Z
M1,1890,saturated,M1,true,230.000,65.509,110.903,147.504,195536.818,195816.026,195863.444,1437264,1171962,332857344,96362496,49924,1441380,2026-08-02T09:54:36.836365Z
M1,1891,saturated,M1,true,245.000,60.013,98.998,111.071,195662.594,195888.382,195922.347,1437747,1172215,332955648,96378880,49909,1441839,2026-08-02T09:54:36.836365Z
M1,1892,saturated,M1,true,222.000,66.918,110.527,132.756,195770.950,195981.139,196011.964,1438223,1172444,333045760,96411648,49940,1442338,2026-08-02T09:54:36.836365Z
M1,1893,saturated,M1,true,257.000,58.734,93.337,114.501,195976.988,196204.897,196237.265,1438646,1172444,333135872,96436224,49900,1442782,2026-08-02T09:54:36.836365Z
M1,1894,saturated,M1,true,247.000,59.307,88.340,105.391,196038.136,196250.061,196272.935,1439160,1172787,333225984,96452608,49911,1443297,2026-08-02T09:54:36.836365Z
M1,1895,saturated,M1,true,251.000,61.053,87.449,105.587,196071.432,196299.940,196326.882,1439626,1173170,333324288,96477184,49912,1443799,2026-08-02T09:54:36.836365Z
M1,1896,saturated,M1,true,250.000,60.584,99.475,119.030,196133.391,196357.513,196395.090,1440143,1173170,333414400,96501760,49907,1444297,2026-08-02T09:54:36.836365Z
M1,1897,saturated,M1,true,251.000,61.523,89.988,105.612,196167.163,196402.121,196435.285,1440632,1173545,333512704,96534528,49911,1444811,2026-08-02T09:54:36.836365Z
M1,1898,saturated,M1,true,251.000,60.393,102.570,123.890,196193.077,196407.491,196435.815,1441151,1173925,333602816,96550912,49913,1445315,2026-08-02T09:54:36.836365Z
M1,1899,saturated,M1,true,256.000,62.040,97.395,112.080,196195.011,196420.450,196453.665,1441667,1174178,333701120,96591872,49909,1445821,2026-08-02T09:54:36.836365Z
M1,1900,saturated,M1,true,232.000,61.364,110.139,129.664,196260.819,196478.828,196516.189,1442189,1174427,333807616,96608256,49927,1446326,2026-08-02T09:54:36.836365Z
M1,1901,saturated,M1,true,257.000,60.147,93.570,115.304,196370.584,196599.742,196629.727,1442680,1174427,333873152,96616448,49909,1446810,2026-08-02T09:54:36.836365Z
M1,1902,saturated,M1,true,223.000,65.161,132.746,193.829,196449.599,196774.183,196805.667,1443193,1174791,334004224,96665600,49947,1447334,2026-08-02T09:54:36.836365Z
M1,1903,saturated,M1,true,257.000,58.419,87.521,95.082,196613.392,196824.672,196835.528,1443649,1175048,334061568,96681984,49917,1447772,2026-08-02T09:54:36.836365Z
M1,1904,saturated,M1,true,251.000,59.664,94.027,108.878,196646.493,196881.226,196892.577,1444146,1175402,334168064,96698368,49915,1448284,2026-08-02T09:54:36.836365Z
M1,1905,saturated,M1,true,249.000,61.057,94.152,101.262,196663.290,196909.285,196938.022,1444636,1175654,334258176,96731136,49912,1448773,2026-08-02T09:54:36.836365Z
M1,1906,saturated,M1,true,245.000,58.854,92.543,116.916,196765.505,196999.719,197034.411,1445121,1175900,334356480,96755712,49920,1449290,2026-08-02T09:54:36.836365Z
M1,1907,saturated,M1,true,251.000,59.604,93.244,131.358,196874.964,197110.503,197144.887,1445630,1175900,334446592,96780288,49915,1449783,2026-08-02T09:54:36.836365Z
M1,1908,saturated,M1,true,246.000,59.707,97.018,111.593,196892.612,197120.092,197145.517,1446086,1176278,334544896,96804864,49914,1450275,2026-08-02T09:54:36.836365Z
M1,1909,saturated,M1,true,251.000,61.169,90.690,108.978,196903.060,197136.859,197191.596,1446600,1176524,334610432,96829440,49919,1450787,2026-08-02T09:54:36.836365Z
M1,1910,saturated,M1,true,234.000,63.818,112.605,156.894,196944.947,197205.912,197274.153,1447118,1176775,334733312,96845824,49931,1451287,2026-08-02T09:54:36.836365Z
M1,1911,saturated,M1,true,246.000,62.079,100.388,110.992,197074.202,197300.229,197317.930,1447597,1177150,334807040,96878592,49923,1451756,2026-08-02T09:54:36.836365Z
M1,1912,saturated,M1,true,220.000,61.766,140.210,190.755,197190.230,197403.993,197435.678,1448081,1177383,334921728,96903168,49949,1452258,2026-08-02T09:54:36.836365Z
M1,1913,saturated,M1,true,250.000,59.654,91.376,111.638,197365.793,197589.694,197631.799,1448515,1177383,335003648,96919552,49917,1452692,2026-08-02T09:54:36.836365Z
M1,1914,saturated,M1,true,246.000,60.379,99.254,120.636,197451.457,197682.293,197712.383,1449016,1177727,335085568,96952320,49918,1453186,2026-08-02T09:54:36.836365Z
M1,1915,saturated,M1,true,249.000,60.779,95.888,112.505,197533.071,197767.313,197790.259,1449489,1177971,335183872,96968704,49920,1453683,2026-08-02T09:54:36.836365Z
M1,1916,saturated,M1,true,250.000,60.182,90.917,99.903,197592.499,197823.979,197856.597,1449991,1178217,335273984,96993280,49916,1454189,2026-08-02T09:54:36.836365Z
M1,1917,saturated,M1,true,249.000,59.261,96.398,109.051,197695.971,197930.613,197983.979,1450473,1178471,335364096,97026048,49923,1454696,2026-08-02T09:54:36.836365Z
M1,1918,saturated,M1,true,251.000,58.330,92.427,126.660,197739.209,197966.867,197983.133,1450995,1178724,335470592,97050624,49923,1455206,2026-08-02T09:54:36.836365Z
M1,1919,saturated,M1,true,243.000,62.518,93.539,119.537,197775.380,198022.762,198045.158,1451460,1179100,335544320,97067008,49924,1455694,2026-08-02T09:54:36.836365Z
M1,1920,saturated,M1,true,234.000,61.849,123.120,155.754,197849.667,198062.733,198088.278,1451935,1179100,335650816,97091584,49942,1456198,2026-08-02T09:54:36.836365Z
M1,1921,saturated,M1,true,240.000,62.208,92.403,106.384,197957.660,198198.567,198232.890,1452423,1179463,335724544,97124352,49924,1456643,2026-08-02T09:54:36.836365Z
M1,1922,saturated,M1,true,217.000,63.329,125.261,144.911,198023.489,198247.005,198265.628,1452913,1179816,335822848,97140736,49950,1457144,2026-08-02T09:54:36.836365Z
M1,1923,saturated,M1,true,228.000,69.443,115.875,132.392,198236.181,198495.134,198554.634,1453314,1180169,335904768,97165312,49932,1457552,2026-08-02T09:55:36.804829Z
M1,1924,saturated,M1,true,240.000,62.611,97.707,104.830,198379.793,198606.585,198669.755,1453752,1180169,336068608,97181696,49932,1458033,2026-08-02T09:55:36.804829Z
M1,1925,saturated,M1,true,244.000,61.841,96.666,112.361,198500.147,198708.062,198752.160,1454255,1180487,336101376,97206272,49924,1458512,2026-08-02T09:55:36.804829Z
M1,1926,saturated,M1,true,240.000,63.835,95.238,109.594,198558.261,198781.375,198809.543,1454750,1180848,336125952,97239040,49924,1459004,2026-08-02T09:55:36.804829Z
M1,1927,saturated,M1,true,247.000,61.971,102.972,114.402,198680.092,198912.505,198959.160,1455231,1181092,336322560,97263616,49930,1459490,2026-08-02T09:55:36.804829Z
M1,1928,saturated,M1,true,236.000,64.466,96.909,104.908,198787.311,199014.616,199031.670,1455736,1181092,336347136,97280000,49924,1459979,2026-08-02T09:55:36.804829Z
M1,1929,saturated,M1,true,249.000,64.020,95.920,115.505,198871.992,199099.808,199118.296,1456221,1181458,336461824,97312768,49928,1460469,2026-08-02T09:55:36.804829Z
M1,1930,saturated,M1,true,228.000,64.760,126.789,177.140,198863.074,199097.623,199114.587,1456730,1181699,336568320,97329152,49951,1460972,2026-08-02T09:55:36.804829Z
M1,1931,saturated,M1,true,247.000,63.840,96.397,138.646,198883.361,199127.015,199156.184,1457176,1182074,336601088,97353728,49928,1461425,2026-08-02T09:55:36.804829Z
M1,1932,saturated,M1,true,211.000,66.010,172.100,215.209,198917.734,199193.675,199258.985,1457664,1182298,336789504,97394688,49964,1461903,2026-08-02T09:55:36.804829Z
M1,1933,saturated,M1,true,246.000,61.396,104.351,127.909,199095.732,199320.042,199347.589,1458104,1182298,336814080,97394688,49933,1462353,2026-08-02T09:55:36.804829Z
M1,1934,saturated,M1,true,242.000,62.676,97.929,111.592,199172.705,199398.313,199425.360,1458610,1182637,336863232,97419264,49939,1462847,2026-08-02T09:55:36.804829Z
M1,1935,saturated,M1,true,247.000,63.093,93.193,105.450,199272.903,199488.154,199523.987,1459117,1182884,337035264,97460224,49938,1463342,2026-08-02T09:55:36.804829Z
M1,1936,saturated,M1,true,255.000,57.879,99.950,116.200,199313.151,199542.334,199571.340,1459623,1183256,337068032,97468416,49935,1463845,2026-08-02T09:55:36.804829Z
M1,1937,saturated,M1,true,234.000,67.001,107.202,124.111,199415.830,199645.910,199685.142,1460073,1183504,337215488,97501184,49936,1464325,2026-08-02T09:55:36.804829Z
M1,1938,saturated,M1,true,242.000,62.148,96.255,110.957,199506.289,199733.478,199751.200,1460572,1183740,337289216,97533952,49936,1464812,2026-08-02T09:55:36.804829Z
M1,1939,saturated,M1,true,238.000,64.300,102.884,124.871,199610.613,199842.698,199891.895,1461044,1183740,337330176,97533952,49940,1465300,2026-08-02T09:55:36.804829Z
M1,1940,saturated,M1,true,229.000,64.353,118.796,151.471,199703.684,199916.963,199959.281,1461520,1184106,337502208,97574912,49953,1465788,2026-08-02T09:55:36.804829Z
M1,1941,saturated,M1,true,245.000,60.503,101.169,130.548,199803.211,200026.186,200070.829,1461950,1184350,337534976,97599488,49942,1466250,2026-08-02T09:55:36.804829Z
M1,1942,saturated,M1,true,217.000,63.497,120.657,149.725,199841.127,200097.806,200114.961,1462421,1184702,337608704,97615872,49967,1466731,2026-08-02T09:55:36.804829Z
M1,1943,saturated,M1,true,249.000,59.427,103.974,120.477,199862.365,200066.777,200111.534,1462879,1184941,337756160,97648640,49938,1467180,2026-08-02T09:55:36.804829Z
M1,1944,saturated,M1,true,248.000,60.940,91.749,106.047,199917.126,200139.476,200184.575,1463380,1184941,337780736,97665024,49940,1467685,2026-08-02T09:55:36.804829Z
M1,1945,saturated,M1,true,250.000,60.150,92.375,99.472,199940.109,200155.428,200216.041,1463888,1185289,337944576,97681408,49940,1468179,2026-08-02T09:55:36.804829Z
M1,1946,saturated,M1,true,241.000,64.298,103.410,124.313,199967.041,200178.964,200217.935,1464392,1185663,338001920,97722368,49944,1468674,2026-08-02T09:55:36.804829Z
M1,1947,saturated,M1,true,246.000,58.790,100.203,117.730,200065.359,200272.651,200300.720,1464866,1185910,338059264,97746944,49944,1469173,2026-08-02T09:55:36.804829Z
M1,1948,saturated,M1,true,252.000,61.822,95.067,114.832,200125.565,200350.012,200369.543,1465373,1186155,338223104,97763328,49936,1469661,2026-08-02T09:55:36.804829Z
M1,1949,saturated,M1,true,248.000,59.244,98.943,112.003,200076.731,200376.067,200425.496,1465892,1186155,338264064,97787904,49945,1470174,2026-08-02T09:55:36.804829Z
M1,1950,saturated,M1,true,232.000,65.025,93.818,108.658,200024.904,200287.868,200311.157,1466399,1186527,338403328,97820672,49961,1470670,2026-08-02T09:55:36.804829Z
M1,1951,saturated,M1,true,244.000,61.565,103.700,125.828,200110.288,200330.885,200363.047,1466880,1186778,338477056,97837056,49944,1471134,2026-08-02T09:55:36.804829Z
M1,1952,saturated,M1,true,219.000,63.629,122.575,151.479,200164.907,200361.113,200413.977,1467367,1187008,338518016,97869824,49966,1471620,2026-08-02T09:55:36.804829Z
M1,1953,saturated,M1,true,250.000,59.198,96.081,128.039,200180.434,200395.092,200427.216,1467795,1187256,338665472,97886208,49946,1472078,2026-08-02T09:55:36.804829Z
M1,1954,saturated,M1,true,251.000,60.924,97.243,114.887,200249.765,200483.356,200525.069,1468277,1187603,338722816,97902592,49947,1472576,2026-08-02T09:55:36.804829Z
M1,1955,saturated,M1,true,248.000,59.840,97.435,119.126,200295.270,200524.377,200580.517,1468790,1187853,338812928,97943552,49954,1473082,2026-08-02T09:55:36.804829Z
M1,1956,saturated,M1,true,243.000,62.983,106.849,124.637,200409.204,200645.771,200681.748,1469292,1188105,338944000,97968128,49947,1473577,2026-08-02T09:55:36.804829Z
M1,1957,saturated,M1,true,253.000,60.677,99.225,112.362,200448.139,200666.393,200702.774,1469756,1188348,338993152,97984512,49954,1474078,2026-08-02T09:55:36.804829Z
M1,1958,saturated,M1,true,246.000,59.585,95.120,112.194,200501.960,200741.391,200774.905,1470270,1188348,339132416,98009088,49951,1474576,2026-08-02T09:55:36.804829Z
M1,1959,saturated,M1,true,246.000,60.451,95.227,117.616,200587.874,200818.971,200863.866,1470747,1188724,339197952,98033664,49955,1475075,2026-08-02T09:55:36.804829Z
M1,1960,saturated,M1,true,231.000,60.624,121.620,144.862,200676.367,200893.776,200915.396,1471264,1189098,339288064,98058240,49963,1475570,2026-08-02T09:55:36.804829Z
M1,1961,saturated,M1,true,250.000,59.920,95.387,107.475,200746.467,200985.616,201001.075,1471716,1189342,339402752,98091008,49952,1476042,2026-08-02T09:55:36.804829Z
M1,1962,saturated,M1,true,217.000,62.944,120.896,145.286,200795.338,201113.933,201150.349,1472176,1189342,339451904,98115584,49966,1476511,2026-08-02T09:55:36.804829Z
M1,1963,saturated,M1,true,251.000,59.969,100.409,112.906,200874.597,201093.521,201113.812,1472636,1189702,339574784,98123776,49953,1476983,2026-08-02T09:55:36.804829Z
M1,1964,saturated,M1,true,245.000,60.866,108.230,129.223,200903.258,201124.911,201167.959,1473134,1190048,339664896,98156544,49959,1477473,2026-08-02T09:55:36.804829Z
M1,1965,saturated,M1,true,242.000,62.111,92.719,105.784,200929.748,201158.104,201189.890,1473637,1190294,339722240,98189312,49955,1477972,2026-08-02T09:55:36.804829Z
M1,1966,saturated,M1,true,250.000,60.064,98.980,119.563,201000.097,201230.025,201265.223,1474143,1190536,339861504,98197504,49958,1478468,2026-08-02T09:55:36.804829Z
M1,1967,saturated,M1,true,245.000,62.180,95.596,118.116,201068.618,201270.398,201305.139,1474664,1190786,339927040,98238464,49958,1478966,2026-08-02T09:55:36.804829Z
M1,1968,saturated,M1,true,250.000,61.897,91.794,104.998,201099.824,201344.015,201362.003,1475136,1190786,340025344,98254848,49962,1479462,2026-08-02T09:55:36.804829Z
M1,1969,saturated,M1,true,245.000,61.197,95.521,106.761,201109.240,201367.084,201388.460,1475627,1191155,340131840,98279424,49961,1479968,2026-08-02T09:55:36.804829Z
M1,1970,saturated,M1,true,233.000,64.219,105.692,121.540,201165.942,201395.384,201436.900,1476081,1191407,340189184,98312192,49969,1480459,2026-08-02T09:55:36.804829Z
M1,1971,saturated,M1,true,250.000,61.313,91.735,109.953,201282.178,201516.254,201548.073,1476561,1191656,340320256,98336768,49963,1480928,2026-08-02T09:55:36.804829Z
M1,1972,saturated,M1,true,219.000,67.298,132.943,175.403,201310.678,201622.333,201655.721,1477068,1191888,340385792,98361344,49975,1481392,2026-08-02T09:55:36.804829Z
M1,1973,saturated,M1,true,240.000,62.682,91.160,102.329,201453.337,201700.909,201720.905,1477502,1192135,340467712,98385920,49964,1481872,2026-08-02T09:55:36.804829Z
M1,1974,saturated,M1,true,259.000,59.170,90.808,106.755,201471.637,201684.236,201716.088,1478010,1192481,340582400,98410496,49964,1482378,2026-08-02T09:55:36.804829Z
M1,1975,saturated,M1,true,242.000,60.060,93.245,105.993,201437.598,201695.155,201720.302,1478526,1192733,340656128,98435072,49973,1482875,2026-08-02T09:55:36.804829Z
M1,1976,saturated,M1,true,239.000,62.734,105.662,128.412,201479.064,201733.128,201751.430,1479029,1192733,340779008,98459648,49969,1483363,2026-08-02T09:55:36.804829Z
M1,1977,saturated,M1,true,249.000,62.979,100.114,114.866,201563.691,201783.710,201801.733,1479504,1193101,340852736,98492416,49968,1483856,2026-08-02T09:55:36.804829Z
M1,1978,saturated,M1,true,249.000,60.650,96.945,113.045,201622.491,201839.745,201886.725,1480005,1193467,340926464,98500608,49975,1484363,2026-08-02T09:55:36.804829Z
M1,1979,saturated,M1,true,245.000,59.332,99.124,113.520,201686.236,201893.131,201937.733,1480512,1193722,341057536,98533376,49972,1484853,2026-08-02T09:55:36.804829Z
M1,1980,saturated,M1,true,227.000,65.402,111.640,135.268,201775.640,202046.890,202093.009,1480973,1193966,341123072,98566144,49978,1485328,2026-08-02T09:55:36.804829Z
M1,1981,saturated,M1,true,243.000,64.630,101.179,122.360,201869.970,202088.602,202138.625,1481414,1193966,341221376,98574336,49968,1485798,2026-08-02T09:55:36.804829Z
M1,1982,saturated,M1,true,217.000,65.582,151.964,213.637,201920.816,202146.817,202166.393,1481933,1194316,341311488,98607104,49977,1486240,2026-08-02T09:55:36.804829Z
M1,1983,saturated,M1,true,223.000,65.375,123.242,147.481,202091.028,202307.279,202329.288,1482296,1194662,341377024,98623488,49863,1486688,2026-08-02T09:56:37.010975Z
M1,1984,saturated,M1,true,242.000,63.604,98.530,120.486,202219.798,202446.756,202475.107,1482772,1194884,341549056,98648064,49975,1487173,2026-08-02T09:56:37.010975Z
M1,1985,saturated,M1,true,225.000,65.714,108.850,147.538,202216.668,202450.989,202500.583,1483257,1195235,341573632,98680832,49976,1487633,2026-08-02T09:56:37.010975Z
M1,1986,saturated,M1,true,248.000,62.240,93.657,110.877,202291.477,202502.493,202546.404,1483722,1195235,341606400,98689024,49978,1488125,2026-08-02T09:56:37.010975Z
M1,1987,saturated,M1,true,243.000,61.073,96.853,118.387,202348.200,202584.093,202605.328,1484221,1195473,341794816,98713600,49981,1488617,2026-08-02T09:56:37.010975Z
M1,1988,saturated,M1,true,242.000,62.121,107.710,118.937,202352.349,202581.008,202626.716,1484722,1195721,341827584,98754560,49976,1489102,2026-08-02T09:56:37.010975Z
M1,1989,saturated,M1,true,245.000,62.535,92.975,125.879,202411.292,202631.455,202659.552,1485198,1196087,341975040,98762752,49977,1489593,2026-08-02T09:56:37.010975Z
M1,1990,saturated,M1,true,227.000,64.439,114.399,130.705,202485.649,202705.140,202741.213,1485701,1196087,342048768,98795520,49870,1490061,2026-08-02T09:56:37.010975Z
M1,1991,saturated,M1,true,249.000,63.478,105.082,131.128,202590.692,202818.203,202845.608,1486170,1196452,342073344,98828288,49980,1490550,2026-08-02T09:56:37.010975Z
M1,1992,saturated,M1,true,213.000,66.068,110.197,132.633,202675.947,202944.246,203003.962,1486654,1196806,342253568,98828288,49892,1490999,2026-08-02T09:56:37.010975Z
M1,1993,saturated,M1,true,247.000,65.299,104.626,167.632,202837.506,203066.046,203091.518,1487099,1196806,342286336,98861056,49861,1491483,2026-08-02T09:56:37.010975Z
M1,1994,saturated,M1,true,239.000,61.822,96.508,114.027,202810.658,203053.617,203079.912,1487606,1197148,342351872,98893824,49865,1491977,2026-08-02T09:56:37.010975Z
M1,1995,saturated,M1,true,245.000,62.290,100.211,137.445,202897.496,203134.559,203159.862,1488110,1197519,342507520,98910208,49866,1492467,2026-08-02T09:56:37.010975Z
M1,1996,saturated,M1,true,245.000,63.454,101.303,126.776,202857.475,203086.084,203115.653,1488611,1197762,342540288,98942976,49862,1492957,2026-08-02T09:56:37.010975Z
M1,1997,saturated,M1,true,244.000,63.197,98.450,123.188,202934.127,203173.959,203218.123,1489085,1197762,342687744,98959360,49859,1493444,2026-08-02T09:56:37.010975Z
M1,1998,saturated,M1,true,246.000,62.439,96.605,113.690,202998.106,203220.451,203245.968,1489565,1198124,342761472,98983936,49863,1493943,2026-08-02T09:56:37.010975Z
M1,1999,saturated,M1,true,243.000,65.449,98.065,131.468,203066.455,203305.171,203323.113,1490044,1198497,342818816,99016704,49863,1494426,2026-08-02T09:56:37.010975Z
M1,2000,saturated,M1,true,227.000,61.378,114.598,142.167,203173.309,203378.276,203460.842,1490523,1198738,342982656,99033088,49882,1494894,2026-08-02T09:56:37.010975Z
M1,2001,saturated,M1,true,240.000,63.580,105.707,122.782,203269.698,203495.233,203548.069,1490967,1198738,343007232,99049472,49865,1495380,2026-08-02T09:56:37.010975Z
M1,2002,saturated,M1,true,226.000,67.620,116.387,131.770,203291.359,203558.505,203562.885,1491439,1199087,343121920,99082240,49883,1495829,2026-08-02T09:56:37.010975Z
M1,2003,saturated,M1,true,237.000,61.704,104.731,146.734,203492.433,203752.405,203774.809,1491877,1199331,343228416,99115008,49868,1496308,2026-08-02T09:56:37.010975Z
M1,2004,saturated,M1,true,247.000,60.213,94.064,110.522,203537.718,203761.082,203778.994,1492344,1199676,343261184,99131392,49870,1496810,2026-08-02T09:56:37.010975Z
M1,2005,saturated,M1,true,241.000,64.581,103.661,123.972,203550.159,203770.159,203802.583,1492875,1199923,343400448,99155968,49877,1497296,2026-08-02T09:56:37.010975Z
M1,2006,saturated,M1,true,242.000,61.448,96.358,116.165,203557.504,203828.139,203886.109,1493349,1199923,343474176,99180544,49874,1497784,2026-08-02T09:56:37.010975Z
M1,2007,saturated,M1,true,237.000,63.663,94.019,108.519,203547.863,203757.179,203775.509,1493618,1200285,343498752,99196928,49877,1498031,2026-08-02T09:56:37.010975Z
M1,2008,saturated,M1,true,245.000,62.250,97.735,120.281,203589.807,203831.107,203861.116,1494110,1200529,343621632,99213312,49877,1498509,2026-08-02T09:56:37.010975Z
M1,2009,saturated,M1,true,245.000,61.818,92.157,109.899,203594.871,203810.075,203856.086,1494585,1200529,343711744,99237888,49876,1498998,2026-08-02T09:56:37.010975Z
M1,2010,saturated,M1,true,228.000,64.079,100.295,114.070,203622.110,203855.070,203901.972,1495062,1200893,343777280,99270656,49890,1499493,2026-08-02T09:56:37.010975Z
M1,2011,saturated,M1,true,247.000,63.612,101.174,126.385,203719.437,203960.491,203997.162,1495528,1201138,343916544,99287040,49879,1499956,2026-08-02T09:56:37.010975Z
M1,2012,saturated,M1,true,219.000,65.495,149.251,189.250,203764.517,204018.595,204042.495,1495995,1201368,343965696,99303424,49903,1500445,2026-08-02T09:56:37.010975Z
M1,2013,saturated,M1,true,241.000,61.645,106.529,129.483,203910.196,204157.692,204210.372,1496472,1201734,344047616,99344384,49879,1500879,2026-08-02T09:56:37.010975Z
M1,2014,saturated,M1,true,248.000,62.115,96.567,115.061,203983.660,204211.434,204245.393,1496959,1201734,344178688,99360768,49882,1501381,2026-08-02T09:56:37.010975Z
M1,2015,saturated,M1,true,243.000,61.065,95.240,106.618,203992.103,204196.376,204231.855,1497470,1202074,344219648,99385344,49878,1501869,2026-08-02T09:56:37.010975Z
M1,2016,saturated,M1,true,238.000,62.712,104.104,115.878,204056.434,204289.255,204316.027,1497961,1202321,344367104,99409920,49881,1502353,2026-08-02T09:56:37.010975Z
M1,2017,saturated,M1,true,243.000,63.859,103.971,121.606,203961.210,204174.376,204199.041,1498432,1202564,344424448,99418112,49883,1502842,2026-08-02T09:56:37.010975Z
M1,2018,saturated,M1,true,241.000,64.392,96.887,110.284,204076.157,204292.338,204305.840,1498913,1202928,344514560,99459072,49878,1503319,2026-08-02T09:56:37.010975Z
M1,2019,saturated,M1,true,239.000,64.694,106.500,133.695,204086.821,204304.931,204346.791,1499370,1203165,344637440,99483648,49886,1503810,2026-08-02T09:56:37.010975Z
M1,2020,saturated,M1,true,221.000,68.033,126.014,169.922,204182.443,204484.851,204513.388,1499845,1203165,344694784,99491840,49902,1504289,2026-08-02T09:56:37.010975Z
M1,2021,saturated,M1,true,238.000,62.416,101.752,144.803,204313.969,204526.988,204562.305,1500324,1203527,344784896,99524608,49888,1504735,2026-08-02T09:56:37.010975Z
M1,2022,saturated,M1,true,217.000,66.695,134.275,163.748,204366.491,204598.423,204610.654,1500798,1203748,344891392,99549184,49913,1505222,2026-08-02T09:56:37.010975Z
M1,2023,saturated,M1,true,243.000,63.312,107.940,129.153,204536.782,204760.701,204782.024,1501215,1203989,344940544,99573760,49879,1505654,2026-08-02T09:56:37.010975Z
M1,2024,saturated,M1,true,246.000,61.399,103.141,117.199,204610.912,204843.626,204877.842,1501704,1204328,345063424,99598336,49886,1506151,2026-08-02T09:56:37.010975Z
M1,2025,saturated,M1,true,234.000,65.106,97.748,121.574,204647.493,204869.172,204881.472,1502178,1204578,345137152,99622912,49890,1506632,2026-08-02T09:56:37.010975Z
M1,2026,saturated,M1,true,245.000,64.020,94.065,122.276,204727.182,204989.360,205022.934,1502636,1204815,345219072,99639296,49887,1507120,2026-08-02T09:56:37.010975Z
M1,2027,saturated,M1,true,240.000,62.220,97.560,116.003,204692.122,204938.858,204958.876,1503140,1205056,345341952,99663872,49888,1507603,2026-08-02T09:56:37.010975Z
M1,2028,saturated,M1,true,240.000,63.183,98.938,111.407,204725.401,204940.508,204984.425,1503636,1205299,345399296,99696640,49885,1508097,2026-08-02T09:56:37.010975Z
M1,2029,saturated,M1,true,246.000,62.721,98.694,112.395,204724.862,204969.360,204999.897,1504139,1205299,345522176,99713024,49889,1508583,2026-08-02T09:56:37.010975Z
M1,2030,saturated,M1,true,226.000,68.427,120.723,148.243,204795.032,205044.959,205087.400,1504587,1205663,345612288,99737600,49908,1509066,2026-08-02T09:56:37.010975Z
M1,2031,saturated,M1,true,239.000,59.604,98.182,123.722,204956.064,205169.372,205201.168,1505058,1206027,345669632,99770368,49891,1509524,2026-08-02T09:56:37.010975Z
M1,2032,saturated,M1,true,217.000,65.949,147.378,192.514,205043.594,205248.060,205347.083,1505526,1206254,345792512,99786752,49924,1510017,2026-08-02T09:56:37.010975Z
M1,2033,saturated,M1,true,243.000,66.059,103.552,133.363,205166.746,205379.357,205403.382,1505987,1206254,345849856,99811328,49891,1510447,2026-08-02T09:56:37.010975Z
M1,2034,saturated,M1,true,241.000,66.383,95.745,114.013,205244.311,205475.249,205493.132,1506478,1206588,345948160,99835904,49894,1510937,2026-08-02T09:56:37.010975Z
M1,2035,saturated,M1,true,241.000,61.632,96.148,106.840,205283.631,205527.443,205561.371,1506928,1206835,346046464,99852288,49898,1511423,2026-08-02T09:56:37.010975Z
M1,2036,saturated,M1,true,239.000,63.837,103.838,116.376,205342.250,205556.588,205577.072,1507420,1207200,346112000,99885056,49895,1511901,2026-08-02T09:56:37.010975Z
M1,2037,saturated,M1,true,245.000,64.083,99.691,105.987,205355.189,205579.484,205599.013,1507917,1207439,346226688,99901440,49892,1512389,2026-08-02T09:56:37.010975Z
M1,2038,saturated,M1,true,242.000,62.793,97.082,117.320,205365.139,205623.927,205660.850,1508368,1207439,346324992,99926016,49896,1512887,2026-08-02T09:56:37.010975Z
M1,2039,saturated,M1,true,246.000,63.694,89.431,101.509,205361.886,205592.890,205617.984,1508901,1207804,346398720,99966976,49897,1513373,2026-08-02T09:56:37.010975Z
M1,2040,saturated,M1,true,231.000,63.070,103.552,119.044,205427.458,205628.674,205644.530,1509379,1208050,346521600,99966976,49912,1513863,2026-08-02T09:56:37.010975Z
M1,2041,saturated,M1,true,237.000,64.429,112.181,119.771,205568.878,205792.934,205812.252,1509849,1208416,346578944,99999744,49896,1514312,2026-08-02T09:56:37.010975Z
M1,2042,saturated,M1,true,212.000,65.753,138.402,176.026,205631.790,205898.492,205960.282,1510291,1208416,346669056,100040704,49926,1514805,2026-08-02T09:56:37.010975Z
M1,2043,saturated,M1,true,223.000,68.693,113.004,128.273,205792.245,206020.567,206060.515,1510748,1208762,346767360,100040704,49918,1515223,2026-08-02T09:56:37.010975Z
M1,2044,saturated,M1,true,227.000,67.881,107.177,133.025,205912.332,206141.504,206152.665,1511494,1208793,346791936,100073472,49917,1515686,2026-08-02T09:57:37.042456Z
M1,2045,saturated,M1,true,229.000,67.414,106.956,127.776,206048.072,206297.966,206328.145,1511945,1209020,346972160,100098048,49912,1516129,2026-08-02T09:57:37.042456Z
M1,2046,saturated,M1,true,240.000,61.200,97.526,118.026,206128.441,206372.242,206395.899,1512417,1209367,346996736,100106240,49909,1516614,2026-08-02T09:57:37.042456Z
M1,2047,saturated,M1,true,243.000,63.050,102.387,112.727,206101.123,206331.941,206353.002,1512893,1209367,347029504,100155392,49906,1517095,2026-08-02T09:57:37.042456Z
M1,2048,saturated,M1,true,227.000,68.610,113.923,132.206,206178.003,206436.312,206475.184,1513382,1209725,347217920,100163584,49906,1517559,2026-08-02T09:57:37.042456Z
M1,2049,saturated,M1,true,217.000,68.898,137.978,155.050,206250.814,206460.020,206474.899,1513765,1209965,347250688,100179968,49903,1517983,2026-08-02T09:57:37.042456Z
M1,2050,saturated,M1,true,228.000,62.744,106.955,129.467,206262.378,206513.202,206539.645,1514227,1210197,347365376,100220928,49925,1518474,2026-08-02T09:57:37.042456Z
M1,2051,saturated,M1,true,239.000,63.611,105.499,169.934,206455.625,206671.190,206718.702,1514710,1210411,347463680,100220928,49904,1518934,2026-08-02T09:57:37.042456Z
M1,2052,saturated,M1,true,211.000,66.915,111.110,137.691,206520.258,206736.438,206757.145,1515166,1210758,347488256,100253696,49938,1519414,2026-08-02T09:57:37.042456Z
M1,2053,saturated,M1,true,243.000,65.672,102.371,176.408,206664.924,206900.039,206923.322,1515595,1211000,347627520,100286464,49909,1519839,2026-08-02T09:57:37.042456Z
M1,2054,saturated,M1,true,242.000,60.706,100.274,124.729,206683.638,206922.448,206955.413,1516073,1211000,347709440,100294656,49908,1520327,2026-08-02T09:57:37.042456Z
M1,2055,saturated,M1,true,237.000,64.967,106.007,121.639,206762.470,206971.285,207001.500,1516569,1211331,347750400,100327424,49915,1520811,2026-08-02T09:57:37.042456Z
M1,2056,saturated,M1,true,229.000,62.868,99.832,127.518,206810.000,207061.865,207089.220,1517063,1211695,347922432,100352000,49917,1521288,2026-08-02T09:57:37.042456Z
M1,2057,saturated,M1,true,249.000,61.011,93.487,123.228,206907.953,207094.784,207128.452,1517544,1211814,347955200,100368384,49911,1521767,2026-08-02T09:57:37.042456Z
M1,2058,saturated,M1,true,243.000,63.531,93.797,110.111,206868.300,207112.876,207142.926,1518043,1212169,348061696,100409344,49913,1522259,2026-08-02T09:57:37.042456Z
M1,2059,saturated,M1,true,232.000,61.833,105.961,124.420,206872.243,207124.903,207173.781,1518505,1212417,348176384,100417536,49915,1522733,2026-08-02T09:57:37.042456Z
M1,2060,saturated,M1,true,227.000,65.706,113.136,129.664,206908.840,207118.174,207153.682,1518914,1212651,348209152,100433920,49929,1523205,2026-08-02T09:57:37.042456Z
M1,2061,saturated,M1,true,230.000,65.921,105.911,128.468,207084.440,207305.478,207342.069,1519366,1212886,348364800,100474880,49917,1523655,2026-08-02T09:57:37.042456Z
M1,2062,saturated,M1,true,221.000,66.115,98.211,121.977,207114.985,207363.418,207402.365,1519845,1213110,348422144,100483072,49942,1524143,2026-08-02T09:57:37.042456Z
M1,2063,saturated,M1,true,228.000,65.377,115.115,156.700,207275.565,207501.167,207532.290,1520277,1213110,348463104,100507648,49920,1524568,2026-08-02T09:57:37.042456Z
M1,2064,saturated,M1,true,246.000,61.759,93.575,115.570,207334.020,207564.591,207598.149,1520777,1213443,348626944,100540416,49921,1525045,2026-08-02T09:57:37.042456Z
M1,2065,saturated,M1,true,227.000,66.784,101.965,115.293,207443.831,207654.254,207677.515,1521244,1213681,348667904,100548608,49921,1525522,2026-08-02T09:57:37.042456Z
M1,2066,saturated,M1,true,232.000,66.813,110.064,124.326,207526.078,207747.401,207785.779,1521675,1213921,348741632,100589568,49923,1525978,2026-08-02T09:57:37.042456Z
M1,2067,saturated,M1,true,236.000,63.887,96.722,123.006,207648.182,207865.109,207909.300,1522158,1214268,348889088,100614144,49921,1526450,2026-08-02T09:57:37.042456Z
M1,2068,saturated,M1,true,227.000,67.144,97.342,112.399,207731.051,207959.879,208002.955,1522640,1214501,348913664,100622336,49920,1526911,2026-08-02T09:57:37.042456Z
M1,2069,saturated,M1,true,242.000,62.621,102.727,119.740,207720.171,207965.199,207976.412,1523112,1214501,349044736,100663296,49925,1527401,2026-08-02T09:57:37.042456Z
M1,2070,saturated,M1,true,221.000,66.359,108.673,135.822,207751.808,207995.046,208025.182,1523603,1214854,349134848,100671488,49936,1527875,2026-08-02T09:57:37.042456Z
M1,2071,saturated,M1,true,239.000,64.173,102.065,130.283,207768.541,207988.870,208023.716,1524074,1215210,349167616,100687872,49923,1528323,2026-08-02T09:57:37.042456Z
M1,2072,saturated,M1,true,218.000,67.585,114.168,133.199,207823.266,208013.103,208035.070,1524540,1215434,349306880,100737024,49945,1528806,2026-08-02T09:57:37.042456Z
M1,2073,saturated,M1,true,231.000,64.068,111.742,130.984,207991.200,208216.185,208233.871,1524961,1215673,349372416,100737024,49924,1529224,2026-08-02T09:57:37.042456Z
M1,2074,saturated,M1,true,238.000,62.758,86.892,100.235,207965.556,208232.050,208284.738,1525422,1215673,349437952,100769792,49922,1529710,2026-08-02T09:57:37.042456Z
M1,2075,saturated,M1,true,238.000,64.001,97.463,116.358,208056.174,208294.767,208303.784,1525922,1216004,349569024,100794368,49929,1530188,2026-08-02T09:57:37.042456Z
M1,2076,saturated,M1,true,239.000,60.735,100.025,119.264,208115.846,208343.049,208368.764,1526395,1216248,349626368,100802560,49930,1530670,2026-08-02T09:57:37.042456Z
M1,2077,saturated,M1,true,238.000,64.916,103.791,112.798,208169.712,208400.755,208434.702,1526883,1216603,349757440,100843520,49928,1531147,2026-08-02T09:57:37.042456Z
M1,2078,saturated,M1,true,240.000,62.558,91.406,107.650,208244.922,208459.082,208484.262,1527373,1216841,349847552,100868096,49927,1531639,2026-08-02T09:57:37.042456Z
M1,2079,saturated,M1,true,240.000,60.742,97.131,109.517,208276.507,208525.909,208548.406,1527867,1216841,349880320,100876288,49927,1532119,2026-08-02T09:57:37.042456Z
M1,2080,saturated,M1,true,231.000,64.856,112.715,123.906,208317.669,208530.773,208576.542,1528337,1217203,350019584,100917248,49943,1532603,2026-08-02T09:57:37.042456Z
M1,2081,saturated,M1,true,233.000,68.043,101.855,123.485,208360.556,208627.397,208655.343,1528803,1217445,350093312,100933632,49934,1533059,2026-08-02T09:57:37.042456Z
M1,2082,saturated,M1,true,216.000,62.344,129.214,156.325,208373.742,208580.526,208600.890,1529292,1217793,350175232,100958208,49956,1533536,2026-08-02T09:57:37.042456Z
M1,2083,saturated,M1,true,235.000,68.165,109.186,146.210,208470.372,208694.924,208749.419,1529715,1218034,350273536,100990976,49938,1533968,2026-08-02T09:57:37.042456Z
M1,2084,saturated,M1,true,237.000,64.128,94.484,124.358,208520.484,208755.345,208779.090,1530201,1218034,350339072,100990976,49935,1534446,2026-08-02T09:57:37.042456Z
M1,2085,saturated,M1,true,234.000,62.704,98.480,115.326,208589.407,208818.619,208858.570,1530642,1218360,350461952,101023744,49936,1534912,2026-08-02T09:57:37.042456Z
M1,2086,saturated,M1,true,241.000,64.673,94.621,103.664,208666.546,208892.426,208914.040,1531127,1218603,350535680,101056512,49933,1535398,2026-08-02T09:57:37.042456Z
M1,2087,saturated,M1,true,240.000,65.256,94.336,110.021,208693.353,208935.107,208954.929,1531577,1218957,350593024,101072896,49938,1535887,2026-08-02T09:57:37.042456Z
M1,2088,saturated,M1,true,240.000,64.704,101.504,118.924,208732.030,208950.151,208996.151,1532041,1219314,350724096,101105664,49939,1536365,2026-08-02T09:57:37.042456Z
M1,2089,saturated,M1,true,241.000,61.627,95.450,123.052,208794.875,209003.171,209055.403,1532535,1219314,350814208,101130240,49939,1536853,2026-08-02T09:57:37.042456Z
M1,2090,saturated,M1,true,226.000,63.701,122.728,144.929,208807.548,209021.078,209066.628,1533006,1219558,350904320,101138432,49958,1537332,2026-08-02T09:57:37.042456Z
M1,2091,saturated,M1,true,236.000,64.333,109.907,131.659,208904.499,209127.601,209153.111,1533478,1219796,350986240,101171200,49942,1537784,2026-08-02T09:57:37.042456Z
M1,2092,saturated,M1,true,211.000,65.714,128.787,190.424,208861.443,209082.068,209121.960,1533939,1220024,351059968,101195776,49961,1538260,2026-08-02T09:57:37.042456Z
M1,2093,saturated,M1,true,236.000,64.240,129.371,201.549,209045.908,209276.995,209288.356,1534355,1220382,351158272,101212160,49940,1538673,2026-08-02T09:57:37.042456Z
M1,2094,saturated,M1,true,233.000,66.631,99.030,119.797,209075.732,209292.885,209338.980,1534808,1220382,351240192,101244928,49946,1539156,2026-08-02T09:57:37.042456Z
M1,2095,saturated,M1,true,240.000,64.214,104.174,115.972,209128.237,209375.810,209402.343,1535264,1220709,351305728,101253120,49941,1539636,2026-08-02T09:57:37.042456Z
M1,2096,saturated,M1,true,231.000,63.052,103.764,117.537,209205.397,209419.558,209438.196,1535729,1220945,351436800,101285888,49940,1540099,2026-08-02T09:57:37.042456Z
M1,2097,saturated,M1,true,240.000,66.520,101.124,113.176,209223.845,209483.395,209510.774,1536211,1221179,351510528,101318656,49940,1540580,2026-08-02T09:57:37.042456Z
M1,2098,saturated,M1,true,236.000,65.441,107.637,130.475,209286.563,209535.897,209576.573,1536707,1221418,351600640,101326848,49937,1541054,2026-08-02T09:57:37.042456Z
M1,2099,saturated,M1,true,241.000,61.649,93.897,105.475,209368.589,209585.909,209652.415,1537196,1221770,351682560,101359616,49942,1541539,2026-08-02T09:57:37.042456Z
M1,2100,saturated,M1,true,228.000,65.558,93.718,116.137,209405.767,209619.590,209673.185,1537687,1222013,351764480,101384192,49961,1542020,2026-08-02T09:57:37.042456Z
M1,2101,saturated,M1,true,227.000,64.631,112.517,146.054,209466.403,209668.677,209692.230,1538129,1222013,351870976,101392384,49948,1542459,2026-08-02T09:57:37.042456Z
M1,2102,saturated,M1,true,213.000,64.634,150.689,186.229,209451.461,209677.911,209689.980,1538606,1222356,351936512,101433344,49978,1542942,2026-08-02T09:57:37.042456Z
M1,2103,saturated,M1,true,222.000,69.181,102.414,128.580,209549.629,209776.534,209792.157,1539018,1222589,352018432,101449728,49947,1543349,2026-08-02T09:57:37.042456Z
M1,2104,saturated,M1,true,231.000,66.496,102.205,125.013,209669.139,209907.819,209925.686,1539273,1223245,352043008,101466112,49953,1543806,2026-08-02T09:58:37.213147Z
M1,2105,saturated,M1,true,225.000,64.197,116.885,137.174,209789.203,210020.419,210070.941,1539700,1223245,352239616,101498880,49952,1544257,2026-08-02T09:58:37.213147Z
M1,2106,saturated,M1,true,228.000,63.610,108.045,130.217,209852.609,210070.875,210107.867,1540170,1223587,352264192,101507072,49954,1544721,2026-08-02T09:58:37.213147Z
M1,2107,saturated,M1,true,240.000,64.217,99.617,117.054,209888.034,210117.356,210137.357,1540656,1223930,352403456,101539840,49954,1545207,2026-08-02T09:58:37.213147Z
M1,2108,saturated,M1,true,237.000,65.923,98.478,109.994,209977.586,210205.732,210238.589,1541118,1223930,352485376,101572608,49952,1545672,2026-08-02T09:58:37.213147Z
M1,2109,saturated,M1,true,235.000,63.903,102.559,116.016,210050.957,210284.941,210303.760,1541577,1224286,352509952,101580800,49950,1546142,2026-08-02T09:58:37.213147Z
M1,2110,saturated,M1,true,217.000,63.311,108.350,117.177,210053.643,210284.536,210317.816,1542060,1224636,352681984,101605376,49971,1546619,2026-08-02T09:58:37.213147Z
M1,2111,saturated,M1,true,237.000,68.062,121.837,156.315,210217.172,210450.027,210503.263,1542520,1224636,352722944,101629952,49954,1547062,2026-08-02T09:58:37.213147Z
M1,2112,saturated,M1,true,209.000,67.659,114.604,155.773,210219.538,210458.679,210475.995,1543012,1224975,352788480,101654528,49868,1547543,2026-08-02T09:58:37.213147Z
M1,2113,saturated,M1,true,222.000,69.407,123.842,184.398,210384.563,210600.934,210645.333,1543394,1225217,352927744,101679104,49960,1547942,2026-08-02T09:58:37.213147Z
M1,2114,saturated,M1,true,225.000,67.896,104.850,117.743,210486.189,210716.247,210741.303,1543852,1225534,352968704,101695488,49956,1548399,2026-08-02T09:58:37.213147Z
M1,2115,saturated,M1,true,243.000,64.045,102.530,123.602,210534.928,210770.499,210783.731,1544297,1225761,353034240,101720064,49957,1548870,2026-08-02T09:58:37.213147Z
M1,2116,saturated,M1,true,232.000,65.906,97.861,110.695,210543.656,210774.695,210799.783,1544781,1225761,353189888,101744640,49962,1549348,2026-08-02T09:58:37.213147Z
M1,2117,saturated,M1,true,239.000,65.047,99.337,125.403,210625.979,210838.181,210871.937,1545269,1226113,353214464,101769216,49961,1549825,2026-08-02T09:58:37.213147Z
M1,2118,saturated,M1,true,231.000,62.379,107.051,122.995,210649.140,210914.307,210939.096,1545754,1226352,353353728,101793792,49964,1550301,2026-08-02T09:58:37.213147Z
M1,2119,saturated,M1,true,236.000,65.425,101.387,115.582,210718.275,210931.252,210965.023,1546211,1226588,353435648,101810176,49963,1550767,2026-08-02T09:58:37.213147Z
M1,2120,saturated,M1,true,221.000,67.944,92.698,104.139,210803.851,210999.830,211019.241,1546669,1226943,353468416,101834752,49968,1551240,2026-08-02T09:58:37.213147Z
M1,2121,saturated,M1,true,232.000,67.629,124.079,161.636,210897.903,211136.555,211172.606,1547122,1227277,353632256,101859328,49964,1551693,2026-08-02T09:58:37.213147Z
M1,2122,saturated,M1,true,216.000,64.460,107.382,143.505,210911.822,211141.548,211226.844,1547588,1227399,353681408,101892096,49871,1552164,2026-08-02T09:58:37.213147Z
M1,2123,saturated,M1,true,227.000,70.312,135.218,187.547,210993.236,211269.567,211295.149,1548003,1227399,353746944,101908480,49961,1552574,2026-08-02T09:58:37.213147Z
M1,2124,saturated,M1,true,238.000,62.533,93.283,101.412,211065.305,211254.228,211276.059,1548454,1227720,353886208,101933056,49962,1553050,2026-08-02T09:58:37.213147Z
M1,2125,saturated,M1,true,232.000,65.764,103.166,126.184,211025.738,211247.327,211281.677,1548957,1228078,353918976,101949440,49968,1553521,2026-08-02T09:58:37.213147Z
M1,2126,saturated,M1,true,225.000,68.515,100.848,110.669,211076.266,211316.529,211340.009,1549408,1228078,354017280,101974016,49971,1553985,2026-08-02T09:58:37.213147Z
M1,2127,saturated,M1,true,233.000,63.242,95.984,116.414,211205.260,211422.984,211465.214,1549882,1228426,354123776,101998592,49969,1554447,2026-08-02T09:58:37.213147Z
M1,2128,saturated,M1,true,230.000,68.569,102.941,119.336,211282.472,211493.450,211507.608,1550288,1228774,354172928,102023168,49969,1554909,2026-08-02T09:58:37.213147Z
M1,2129,saturated,M1,true,236.000,63.558,96.906,115.274,211339.655,211560.116,211583.633,1550746,1229006,354304000,102047744,49965,1555382,2026-08-02T09:58:37.213147Z
M1,2130,saturated,M1,true,230.000,64.809,103.842,119.299,211426.386,211639.640,211695.125,1551204,1229006,354394112,102072320,49973,1555859,2026-08-02T09:58:37.213147Z
M1,2131,saturated,M1,true,226.000,67.229,114.301,132.520,211508.938,211730.907,211760.548,1551649,1229355,354435072,102088704,49966,1556295,2026-08-02T09:58:37.213147Z
M1,2132,saturated,M1,true,217.000,65.493,140.630,161.692,211499.459,211778.879,211805.582,1552094,1229692,354566144,102121472,49982,1556764,2026-08-02T09:58:37.213147Z
M1,2133,saturated,M1,true,225.000,65.954,106.164,164.228,211601.319,211825.853,211846.570,1552529,1229692,354639872,102129664,49973,1557197,2026-08-02T09:58:37.213147Z
M1,2134,saturated,M1,true,239.000,63.449,97.694,114.664,211634.427,211860.312,211902.209,1552995,1230019,354697216,102170624,49965,1557673,2026-08-02T09:58:37.213147Z
M1,2135,saturated,M1,true,234.000,68.373,102.479,119.166,211537.652,211754.673,211789.383,1553461,1230262,354820096,102187008,49860,1558140,2026-08-02T09:58:37.213147Z
M1,2136,saturated,M1,true,240.000,67.107,101.415,119.150,211525.336,211767.045,211776.077,1553940,1230500,354885632,102203392,49976,1558624,2026-08-02T09:58:37.213147Z
M1,2137,saturated,M1,true,236.000,63.901,93.940,111.752,211535.768,211782.854,211798.745,1554435,1230852,354975744,102252544,49971,1559100,2026-08-02T09:58:37.213147Z
M1,2138,saturated,M1,true,237.000,64.111,100.790,133.746,211561.029,211794.943,211833.313,1554926,1230852,355090432,102277120,49973,1559579,2026-08-02T09:58:37.213147Z
M1,2139,saturated,M1,true,234.000,63.600,104.972,121.117,211603.040,211833.984,211865.457,1555387,1231209,355147776,102285312,49975,1560053,2026-08-02T09:58:37.213147Z
M1,2140,saturated,M1,true,224.000,63.538,102.597,123.017,211577.165,211850.785,211873.345,1555871,1231564,355270656,102318080,49868,1560527,2026-08-02T09:58:37.213147Z
M1,2141,saturated,M1,true,233.000,65.933,135.183,165.859,211693.723,211925.602,211952.133,1556303,1231564,355336192,102334464,49975,1560966,2026-08-02T09:58:37.213147Z
M1,2142,saturated,M1,true,216.000,67.169,156.550,169.209,211798.231,212001.506,212030.110,1556789,1231900,355401728,102359040,49984,1561421,2026-08-02T09:58:37.213147Z
M1,2143,saturated,M1,true,227.000,64.119,101.981,167.832,211833.515,212050.451,212090.068,1557225,1232136,355524608,102391808,49981,1561870,2026-08-02T09:58:37.213147Z
M1,2144,saturated,M1,true,241.000,64.999,97.005,107.386,211810.675,212050.195,212086.005,1557705,1232469,355598336,102400000,49973,1562342,2026-08-02T09:58:37.213147Z
M1,2145,saturated,M1,true,230.000,66.182,114.208,126.428,211785.859,212030.224,212072.371,1558165,1232704,355672064,102432768,49864,1562805,2026-08-02T09:58:37.213147Z
M1,2146,saturated,M1,true,234.000,65.187,100.957,133.725,211828.450,212050.961,212107.199,1558619,1232936,355778560,102457344,49978,1563278,2026-08-02T09:58:37.213147Z
M1,2147,saturated,M1,true,236.000,65.391,99.706,122.092,211894.184,212112.301,212146.984,1559083,1232936,355844096,102473728,49976,1563753,2026-08-02T09:58:37.213147Z
M1,2148,saturated,M1,true,234.000,64.668,99.336,122.184,211948.927,212192.267,212195.701,1559558,1233290,355950592,102506496,49977,1564222,2026-08-02T09:58:37.213147Z
M1,2149,saturated,M1,true,232.000,66.882,101.059,111.550,211976.101,212214.756,212228.459,1560039,1233641,356048896,102531072,49980,1564694,2026-08-02T09:58:37.213147Z
M1,2150,saturated,M1,true,224.000,65.739,103.049,122.004,211979.360,212220.596,212256.911,1560515,1233873,356089856,102539264,49872,1565165,2026-08-02T09:58:37.213147Z
M1,2151,saturated,M1,true,220.000,69.602,124.351,140.623,212075.269,212344.328,212383.743,1560938,1234106,356220928,102572032,49982,1565594,2026-08-02T09:58:37.213147Z
M1,2152,saturated,M1,true,221.000,67.076,107.351,122.574,212125.936,212340.753,212372.227,1561414,1234323,356302848,102596608,49882,1566060,2026-08-02T09:58:37.213147Z
M1,2153,saturated,M1,true,217.000,69.751,139.386,173.102,212246.971,212466.566,212482.323,1561815,1234323,356368384,102612992,49982,1566471,2026-08-02T09:58:37.213147Z
M1,2154,saturated,M1,true,237.000,66.569,106.096,120.248,212276.125,212506.061,212543.717,1562293,1234645,356474880,102645760,49979,1566943,2026-08-02T09:58:37.213147Z
M1,2155,saturated,M1,true,232.000,65.266,94.660,110.998,212252.275,212479.823,212529.281,1562774,1234877,356540416,102653952,49865,1567416,2026-08-02T09:58:37.213147Z
M1,2156,saturated,M1,true,234.000,67.183,99.084,125.873,212316.128,212542.075,212558.641,1563252,1235112,356630528,102678528,49866,1567884,2026-08-02T09:58:37.213147Z
M1,2157,saturated,M1,true,235.000,67.470,97.202,119.646,212379.363,212596.573,212636.930,1563728,1235344,356737024,102719488,49864,1568357,2026-08-02T09:58:37.213147Z
M1,2158,saturated,M1,true,232.000,65.529,105.241,131.851,212436.368,212663.532,212704.677,1564187,1235694,356794368,102727680,49862,1568821,2026-08-02T09:58:37.213147Z
M1,2159,saturated,M1,true,230.000,65.780,98.808,120.221,212445.276,212669.042,212704.808,1564667,1235929,356900864,102760448,49986,1569291,2026-08-02T09:58:37.213147Z
M1,2160,saturated,M1,true,223.000,67.374,99.248,113.111,212481.221,212738.531,212762.594,1565124,1236165,356990976,102776832,49881,1569756,2026-08-02T09:58:37.213147Z
M1,2161,saturated,M1,true,231.000,69.189,126.877,182.678,212612.410,212843.778,212876.669,1565542,1236165,357056512,102793216,49870,1570196,2026-08-02T09:58:37.213147Z
M1,2162,saturated,M1,true,202.000,66.109,102.123,120.087,212748.872,212948.309,212976.202,1565977,1236498,357146624,102825984,49896,1570632,2026-08-02T09:58:37.213147Z
M1,2163,saturated,M1,true,219.000,74.531,172.371,208.258,212881.188,213104.458,213135.232,1566390,1236730,357228544,102850560,49881,1571065,2026-08-02T09:58:37.213147Z
M1,2164,saturated,M1,true,230.000,67.979,109.856,130.053,212930.932,213173.446,213224.271,1566824,1236997,357228544,102875136,49867,1571517,2026-08-02T09:59:37.223911Z
M1,2165,saturated,M1,true,211.000,73.940,118.887,157.940,212986.228,213255.700,213312.955,1567278,1237220,357425152,102891520,49876,1571950,2026-08-02T09:59:37.223911Z
M1,2166,saturated,M1,true,229.000,67.101,104.317,120.647,213087.540,213295.054,213317.776,1567743,1237220,357449728,102916096,49873,1572408,2026-08-02T09:59:37.223911Z
M1,2167,saturated,M1,true,228.000,67.542,104.136,115.613,213114.917,213361.577,213399.748,1568211,1237548,357523456,102940672,49875,1572872,2026-08-02T09:59:37.223911Z
M1,2168,saturated,M1,true,238.000,70.033,106.224,115.812,213187.166,213426.739,213466.036,1568674,1237897,357687296,102957056,49873,1573338,2026-08-02T09:59:37.223911Z
M1,2169,saturated,M1,true,226.000,68.911,108.989,134.095,213264.011,213494.269,213537.050,1569101,1237897,357711872,102989824,49876,1573802,2026-08-02T09:59:37.223911Z
M1,2170,saturated,M1,true,222.000,66.519,106.769,117.338,213348.578,213562.613,213592.285,1569316,1238241,357752832,102989824,49886,1574034,2026-08-02T09:59:37.223911Z
M1,2171,saturated,M1,true,227.000,66.915,137.582,183.000,213436.835,213664.768,213699.811,1569995,1238475,357933056,103022592,49873,1574703,2026-08-02T09:59:37.223911Z
M1,2172,saturated,M1,true,216.000,65.995,113.067,129.302,213464.156,213732.701,213761.816,1570217,1238475,357949440,103030784,49893,1574930,2026-08-02T09:59:37.223911Z
M1,2173,saturated,M1,true,213.000,69.840,137.576,170.481,213708.613,213940.891,213957.865,1570848,1239029,358064128,103071744,49879,1575575,2026-08-02T09:59:37.223911Z
M1,2174,saturated,M1,true,236.000,67.908,103.664,111.720,213780.423,214004.433,214030.956,1571329,1239029,358170624,103096320,49876,1576047,2026-08-02T09:59:37.223911Z
M1,2175,saturated,M1,true,233.000,65.302,100.547,119.672,213769.719,213987.956,214026.396,1571765,1239357,358219776,103120896,49877,1576512,2026-08-02T09:59:37.223911Z
M1,2176,saturated,M1,true,228.000,66.105,101.274,116.193,213820.134,214045.252,214087.522,1572209,1239594,358367232,103137280,49879,1576977,2026-08-02T09:59:37.223911Z
M1,2177,saturated,M1,true,230.000,66.604,106.546,135.481,213802.091,214039.034,214053.869,1572474,1239822,358400000,103153664,49882,1577203,2026-08-02T09:59:37.223911Z
M1,2178,saturated,M1,true,232.000,70.839,110.522,133.025,213882.789,214096.894,214114.014,1573121,1240170,358498304,103202816,49885,1577900,2026-08-02T09:59:37.223911Z
M1,2179,saturated,M1,true,227.000,64.952,101.552,121.294,213914.466,214130.972,214153.426,1573425,1240170,358563840,103211008,49889,1578143,2026-08-02T09:59:37.223911Z
M1,2180,saturated,M1,true,217.000,71.627,115.163,130.496,213975.880,214234.968,214262.308,1573875,1240520,358653952,103219200,49894,1578582,2026-08-02T09:59:37.223911Z
M1,2181,saturated,M1,true,224.000,70.567,129.372,164.861,214129.087,214365.003,214389.311,1574320,1240739,358703104,103235584,49883,1579018,2026-08-02T09:59:37.223911Z
M1,2182,saturated,M1,true,205.000,68.095,106.220,125.872,214237.082,214459.832,214475.411,1574786,1240739,358817792,103268352,49911,1579478,2026-08-02T09:59:37.223911Z
M1,2183,saturated,M1,true,228.000,66.774,155.262,194.902,214408.730,214652.081,214681.532,1575184,1241074,358891520,103276544,49884,1579879,2026-08-02T09:59:37.223911Z
M1,2184,saturated,M1,true,205.000,77.056,116.244,125.101,214463.476,214704.391,214723.579,1575650,1241277,358940672,103317504,49913,1580347,2026-08-02T09:59:37.223911Z
M1,2185,saturated,M1,true,187.000,80.448,129.023,145.228,214750.002,214972.376,215031.980,1576050,1241500,359038976,103333888,49903,1580719,2026-08-02T09:59:37.223911Z
M1,2186,saturated,M1,true,187.000,79.671,176.819,241.203,214959.571,215193.690,215223.847,1576424,1241803,359120896,103350272,49897,1581078,2026-08-02T09:59:37.223911Z
M1,2187,saturated,M1,true,221.000,71.454,106.817,143.085,215067.135,215296.963,215360.048,1576788,1241979,359153664,103366656,49891,1581516,2026-08-02T09:59:37.223911Z
M1,2188,saturated,M1,true,224.000,68.405,116.376,133.364,215084.554,215315.730,215343.009,1577221,1242197,359284736,103391232,49894,1581961,2026-08-02T09:59:37.223911Z
M1,2189,saturated,M1,true,227.000,70.746,108.816,129.082,215197.288,215405.571,215453.385,1577674,1242197,359366656,103415808,49897,1582418,2026-08-02T09:59:37.223911Z
M1,2190,saturated,M1,true,217.000,67.470,106.058,128.763,215288.804,215485.975,215532.369,1578122,1242534,359432192,103432192,49896,1582876,2026-08-02T09:59:37.223911Z
M1,2191,saturated,M1,true,192.000,77.787,141.046,190.603,215412.673,215727.794,215749.615,1578564,1242877,359530496,103464960,49907,1583278,2026-08-02T09:59:37.223911Z
M1,2192,saturated,M1,true,215.000,64.447,103.758,126.534,215554.498,215763.048,215791.859,1578930,1243077,359604224,103473152,49911,1583715,2026-08-02T09:59:37.223911Z
M1,2193,saturated,M1,true,216.000,68.435,154.137,173.244,215731.639,215985.250,216020.608,1579373,1243077,359661568,103497728,49898,1584108,2026-08-02T09:59:37.223911Z
M1,2194,saturated,M1,true,226.000,69.187,106.188,117.362,215825.014,216051.395,216066.913,1579791,1243388,359759872,103522304,49900,1584577,2026-08-02T09:59:37.223911Z
M1,2195,saturated,M1,true,229.000,65.753,100.370,116.771,215906.236,216132.837,216176.185,1580239,1243725,359841792,103538688,49897,1585026,2026-08-02T09:59:37.223911Z
M1,2196,saturated,M1,true,210.000,69.618,112.635,122.731,215955.504,216207.041,216241.773,1580678,1243725,359931904,103571456,49915,1585483,2026-08-02T09:59:37.223911Z
M1,2197,saturated,M1,true,208.000,75.009,114.073,123.700,216116.074,216371.855,216392.829,1581079,1244062,360013824,103587840,49898,1585870,2026-08-02T09:59:37.223911Z
M1,2198,saturated,M1,true,231.000,66.480,112.026,127.943,216176.727,216404.762,216441.516,1581499,1244273,360087552,103604224,49903,1586334,2026-08-02T09:59:37.223911Z
M1,2199,saturated,M1,true,224.000,66.882,106.424,120.221,216127.445,216361.570,216391.542,1581975,1244597,360169472,103628800,49900,1586788,2026-08-02T09:59:37.223911Z
M1,2200,saturated,M1,true,225.000,68.491,102.530,115.662,216078.130,216294.935,216350.137,1582420,1244597,360284160,103653376,49910,1587252,2026-08-02T09:59:37.223911Z
M1,2201,saturated,M1,true,204.000,71.418,145.023,170.617,216267.605,216487.999,216514.542,1582858,1244941,360325120,103686144,49901,1587662,2026-08-02T09:59:37.223911Z
M1,2202,saturated,M1,true,217.000,68.641,107.402,137.286,216257.477,216502.174,216548.863,1583293,1245158,360423424,103694336,49918,1588119,2026-08-02T09:59:37.223911Z
M1,2203,saturated,M1,true,212.000,73.394,145.549,206.985,216424.278,216669.590,216700.582,1583747,1245370,360513536,103718912,49905,1588526,2026-08-02T09:59:37.223911Z
M1,2204,saturated,M1,true,229.000,71.442,108.975,123.586,216491.602,216753.813,216776.185,1584163,1245576,360570880,103743488,49905,1588985,2026-08-02T09:59:37.223911Z
M1,2205,saturated,M1,true,222.000,70.405,107.391,120.152,216584.163,216846.702,216899.985,1584625,1245916,360669184,103759872,49908,1589428,2026-08-02T09:59:37.223911Z
M1,2206,saturated,M1,true,226.000,67.280,104.676,123.072,216675.742,216891.839,216936.430,1585077,1245916,360767488,103792640,49907,1589887,2026-08-02T09:59:37.223911Z
M1,2207,saturated,M1,true,221.000,70.152,107.006,127.197,216720.836,216953.319,216998.470,1585524,1246249,360824832,103809024,49907,1590333,2026-08-02T09:59:37.223911Z
M1,2208,saturated,M1,true,233.000,67.222,99.219,128.445,216750.577,216980.560,217010.624,1585993,1246588,360923136,103825408,49906,1590795,2026-08-02T09:59:37.223911Z
M1,2209,saturated,M1,true,229.000,67.959,103.527,117.695,216753.289,217036.555,217052.283,1586461,1246588,361029632,103849984,49909,1591251,2026-08-02T09:59:37.223911Z
M1,2210,saturated,M1,true,219.000,66.026,95.117,109.108,216743.802,217006.971,217043.536,1586930,1246936,361095168,103874560,49914,1591716,2026-08-02T09:59:37.223911Z
M1,2211,saturated,M1,true,216.000,76.241,118.612,152.481,216889.801,217120.395,217178.861,1587369,1247280,361185280,103899136,49917,1592146,2026-08-02T09:59:37.223911Z
M1,2212,saturated,M1,true,207.000,72.375,107.866,116.521,217019.038,217223.431,217254.754,1587818,1247280,361267200,103923712,49936,1592603,2026-08-02T09:59:37.223911Z
M1,2213,saturated,M1,true,208.000,74.947,187.754,229.250,217197.702,217440.071,217482.692,1588225,1247602,361324544,103940096,49912,1592984,2026-08-02T09:59:37.223911Z
M1,2214,saturated,M1,true,232.000,67.985,106.982,131.833,217264.094,217479.650,217499.289,1588648,1247802,361422848,103956480,49914,1593436,2026-08-02T09:59:37.223911Z
M1,2215,saturated,M1,true,220.000,70.642,114.910,135.761,217311.463,217553.559,217569.797,1589087,1248133,361504768,103981056,49920,1593893,2026-08-02T09:59:37.223911Z
M1,2216,saturated,M1,true,226.000,67.356,106.386,124.217,217431.903,217662.789,217704.685,1589554,1248133,361594880,104013824,49910,1594341,2026-08-02T09:59:37.223911Z
M1,2217,saturated,M1,true,226.000,68.934,107.193,122.426,217483.697,217719.327,217739.036,1590024,1248469,361684992,104030208,49916,1594796,2026-08-02T09:59:37.223911Z
M1,2218,saturated,M1,true,225.000,68.682,106.207,124.980,217568.964,217793.926,217822.906,1590435,1248697,361758720,104046592,49909,1595245,2026-08-02T09:59:37.223911Z
M1,2219,saturated,M1,true,230.000,67.002,106.908,115.705,217592.822,217815.459,217856.210,1590898,1249032,361840640,104079360,49914,1595706,2026-08-02T09:59:37.223911Z
M1,2220,saturated,M1,true,222.000,65.586,98.242,108.776,217579.500,217871.223,217896.885,1591353,1249262,361938944,104079360,49923,1596166,2026-08-02T09:59:37.223911Z
M1,2221,saturated,M1,true,214.000,73.887,122.538,141.436,217662.645,217908.974,217956.844,1591802,1249262,362012672,104128512,49915,1596591,2026-08-02T09:59:37.223911Z
M1,2222,saturated,M1,true,207.000,69.883,106.644,123.710,217723.179,217961.876,218001.035,1592229,1249593,362094592,104144896,49937,1597044,2026-08-02T09:59:37.223911Z
M1,2223,saturated,M1,true,195.000,81.120,184.872,267.994,217984.566,218243.142,218244.784,1592619,1249930,362176512,104153088,49924,1597421,2026-08-02T09:59:37.223911Z
M1,2224,saturated,M1,true,216.000,69.355,124.119,144.127,218149.634,218351.417,218370.757,1593019,1250190,362209280,104185856,49918,1597841,2026-08-02T10:00:37.367161Z
M1,2225,saturated,M1,true,223.000,67.162,105.014,112.540,218205.547,218431.729,218465.638,1593473,1250190,362389504,104194048,49924,1598303,2026-08-02T10:00:37.367161Z
M1,2226,saturated,M1,true,227.000,69.294,117.955,137.243,218243.157,218466.383,218496.291,1593909,1250411,362414080,104218624,49919,1598741,2026-08-02T10:00:37.367161Z
M1,2227,saturated,M1,true,225.000,68.352,105.888,120.767,218349.228,218563.856,218616.860,1594345,1250747,362479616,104251392,49920,1599193,2026-08-02T10:00:37.367161Z
M1,2228,saturated,M1,true,217.000,69.585,111.786,149.473,218429.092,218679.808,218693.551,1594804,1250974,362635264,104267776,49917,1599636,2026-08-02T10:00:37.367161Z
M1,2229,saturated,M1,true,231.000,66.412,104.365,123.895,218485.398,218703.509,218752.337,1595248,1250974,362659840,104292352,49924,1600099,2026-08-02T10:00:37.367161Z
M1,2230,saturated,M1,true,213.000,69.132,111.285,126.185,218520.692,218756.849,218779.326,1595645,1251309,362782720,104308736,49925,1600547,2026-08-02T10:00:37.367161Z
M1,2231,saturated,M1,true,219.000,71.835,141.858,180.439,218618.002,218855.425,218885.006,1596093,1251530,362872832,104333312,49926,1600968,2026-08-02T10:00:37.367161Z
M1,2232,saturated,M1,true,207.000,67.419,116.118,134.135,218631.045,218858.798,218892.951,1596518,1251856,362897408,104357888,49938,1601429,2026-08-02T10:00:37.367161Z
M1,2233,saturated,M1,true,219.000,71.875,133.313,159.422,218830.318,219070.090,219117.227,1596962,1252084,363053056,104382464,49927,1601829,2026-08-02T10:00:37.367161Z
M1,2234,saturated,M1,true,221.000,70.951,107.362,127.042,218916.402,219130.255,219179.138,1597409,1252284,363118592,104407040,49930,1602289,2026-08-02T10:00:37.367161Z
M1,2235,saturated,M1,true,228.000,69.436,104.939,123.351,218960.948,219191.866,219209.415,1597848,1252512,363143168,104407040,49924,1602737,2026-08-02T10:00:37.367161Z
M1,2236,saturated,M1,true,224.000,68.364,111.767,155.271,219026.948,219279.365,219311.946,1598334,1252512,363315200,104448000,49931,1603186,2026-08-02T10:00:37.367161Z
M1,2237,saturated,M1,true,228.000,71.085,107.431,118.745,219131.083,219352.025,219395.992,1598753,1252853,363356160,104464384,49931,1603642,2026-08-02T10:00:37.367161Z
M1,2238,saturated,M1,true,216.000,71.190,119.040,137.044,219162.065,219371.942,219394.108,1599191,1253072,363380736,104480768,49930,1604085,2026-08-02T10:00:37.367161Z
M1,2239,saturated,M1,true,220.000,69.101,115.120,139.891,219262.399,219467.304,219481.624,1599645,1253409,363569152,104521728,49930,1604532,2026-08-02T10:00:37.367161Z
M1,2240,saturated,M1,true,222.000,70.263,116.940,139.835,219257.405,219526.875,219588.029,1600105,1253629,363601920,104521728,49939,1604980,2026-08-02T10:00:37.367161Z
M1,2241,saturated,M1,true,212.000,71.994,138.851,175.141,219394.910,219634.976,219645.539,1600524,1253629,363642880,104554496,49933,1605410,2026-08-02T10:00:37.367161Z
M1,2242,saturated,M1,true,218.000,66.706,109.406,119.369,219416.904,219647.658,219685.080,1600988,1253951,363806720,104579072,49941,1605859,2026-08-02T10:00:37.367161Z
M1,2243,saturated,M1,true,198.000,76.201,148.242,195.051,219600.626,219821.912,219833.786,1601386,1254292,363839488,104595456,49936,1606248,2026-08-02T10:00:37.367161Z
M1,2244,saturated,M1,true,214.000,71.758,113.921,127.251,219657.863,219870.860,219902.881,1601817,1254484,363888640,104620032,49931,1606677,2026-08-02T10:00:37.367161Z
M1,2245,saturated,M1,true,224.000,71.392,114.771,124.215,219755.147,219971.235,220031.440,1602264,1254697,364036096,104628224,49939,1607131,2026-08-02T10:00:37.367161Z
M1,2246,saturated,M1,true,218.000,71.097,131.644,145.412,219806.598,220035.939,220074.389,1602701,1254925,364077056,104660992,49940,1607567,2026-08-02T10:00:37.367161Z
M1,2247,saturated,M1,true,223.000,69.092,113.863,138.310,219903.841,220128.236,220164.722,1603156,1254925,364158976,104677376,49940,1608018,2026-08-02T10:00:37.367161Z
M1,2248,saturated,M1,true,221.000,70.843,114.386,133.915,219988.355,220237.570,220269.590,1603606,1255254,364273664,104701952,49939,1608456,2026-08-02T10:00:37.367161Z
M1,2249,saturated,M1,true,225.000,69.990,108.810,121.823,220104.880,220346.341,220374.381,1604015,1255584,364322816,104734720,49940,1608911,2026-08-02T10:00:37.367161Z
M1,2250,saturated,M1,true,217.000,67.145,104.961,117.546,220158.501,220376.640,220410.568,1604480,1255584,364412928,104734720,49947,1609359,2026-08-02T10:00:37.367161Z
M1,2251,saturated,M1,true,206.000,71.194,131.071,151.928,220269.596,220504.360,220524.352,1604896,1255921,364519424,104783872,49935,1609775,2026-08-02T10:00:37.367161Z
M1,2252,saturated,M1,true,211.000,67.586,114.733,124.971,220297.696,220550.469,220568.375,1605328,1256131,364560384,104792064,49959,1610227,2026-08-02T10:00:37.367161Z
M1,2253,saturated,M1,true,211.000,74.656,169.524,208.193,220472.551,220700.162,220734.141,1605725,1256348,364675072,104808448,49944,1610621,2026-08-02T10:00:37.367161Z
M1,2254,saturated,M1,true,225.000,69.249,107.855,127.586,220503.428,220739.057,220780.288,1606169,1256659,364756992,104849408,49946,1611081,2026-08-02T10:00:37.367161Z
M1,2255,saturated,M1,true,226.000,67.498,105.717,143.917,220576.011,220799.076,220854.217,1606639,1256887,364806144,104857600,49944,1611533,2026-08-02T10:00:37.367161Z
M1,2256,saturated,M1,true,222.000,71.096,115.024,125.322,220639.299,220857.842,220880.484,1607098,1257112,364937216,104890368,49945,1611973,2026-08-02T10:00:37.367161Z
M1,2257,saturated,M1,true,215.000,68.874,117.316,134.031,220718.113,220965.442,220986.527,1607545,1257334,365010944,104906752,49943,1612403,2026-08-02T10:00:37.367161Z
M1,2258,saturated,M1,true,225.000,69.522,105.829,124.175,220838.329,221074.679,221099.650,1607980,1257334,365051904,104923136,49945,1612858,2026-08-02T10:00:37.367161Z
M1,2259,saturated,M1,true,223.000,70.761,114.677,151.576,220924.682,221142.550,221183.153,1608415,1257658,365207552,104955904,49947,1613300,2026-08-02T10:00:37.367161Z
M1,2260,saturated,M1,true,222.000,70.182,103.482,125.624,220976.532,221222.675,221253.534,1608854,1257885,365248512,104972288,49943,1613753,2026-08-02T10:00:37.367161Z
M1,2261,saturated,M1,true,206.000,74.367,133.555,164.080,221120.264,221327.265,221354.009,1609262,1258219,365289472,104996864,49945,1614165,2026-08-02T10:00:37.367161Z
M1,2262,saturated,M1,true,212.000,70.548,109.241,120.320,221146.562,221411.917,221441.807,1609671,1258219,365420544,105013248,49949,1614620,2026-08-02T10:00:37.367161Z
M1,2263,saturated,M1,true,206.000,74.996,149.900,180.933,221336.790,221604.478,221636.193,1610097,1258541,365486080,105029632,49948,1615007,2026-08-02T10:00:37.367161Z
M1,2264,saturated,M1,true,220.000,69.732,113.021,127.564,221348.474,221625.512,221645.794,1610537,1258730,365543424,105054208,49946,1615456,2026-08-02T10:00:37.367161Z
M1,2265,saturated,M1,true,219.000,70.979,111.644,139.201,221311.696,221536.540,221557.696,1610967,1259067,365666304,105078784,49948,1615896,2026-08-02T10:00:37.367161Z
M1,2266,saturated,M1,true,214.000,71.846,111.252,128.483,221387.850,221598.401,221642.586,1611401,1259286,365740032,105111552,49951,1616337,2026-08-02T10:00:37.367161Z
M1,2267,saturated,M1,true,227.000,71.059,110.423,143.381,221420.809,221650.509,221676.834,1611856,1259286,365805568,105119744,49952,1616785,2026-08-02T10:00:37.367161Z
M1,2268,saturated,M1,true,218.000,70.058,113.320,128.092,221510.815,221748.603,221776.043,1612284,1259616,365912064,105144320,49950,1617224,2026-08-02T10:00:37.367161Z
M1,2269,saturated,M1,true,220.000,72.134,117.808,129.090,221561.068,221795.384,221809.928,1612727,1259837,365985792,105168896,49952,1617674,2026-08-02T10:00:37.367161Z
M1,2270,saturated,M1,true,216.000,72.543,122.135,134.577,221608.115,221851.100,221872.383,1613151,1260063,366067712,105185280,49956,1618112,2026-08-02T10:00:37.367161Z
M1,2271,saturated,M1,true,204.000,76.456,126.291,146.944,221717.261,221910.585,221959.675,1613580,1260279,366157824,105218048,49952,1618511,2026-08-02T10:00:37.367161Z
M1,2272,saturated,M1,true,210.000,72.817,112.096,131.418,221704.509,221975.663,222023.601,1614002,1260588,366223360,105226240,49966,1618964,2026-08-02T10:00:37.367161Z
M1,2273,saturated,M1,true,193.000,76.105,176.781,223.082,221903.213,222176.144,222209.805,1614405,1260812,366288896,105250816,49951,1619328,2026-08-02T10:00:37.367161Z
M1,2274,saturated,M1,true,126.000,85.865,274.302,333.059,222093.403,222491.161,222601.340,1614808,1260991,366362624,105259008,49975,1619643,2026-08-02T10:00:37.367161Z
M1,2275,saturated,M1,true,159.000,98.002,241.524,289.612,222685.722,222964.462,222996.647,1615032,1261148,366428160,105275392,49956,1619902,2026-08-02T10:00:37.367161Z
M1,2276,saturated,M1,true,211.000,73.875,119.163,135.272,222721.275,222965.250,222998.880,1615402,1261148,366469120,105291776,49958,1620333,2026-08-02T10:00:37.367161Z
M1,2277,saturated,M1,true,220.000,73.238,117.315,132.363,222831.880,223051.642,223110.191,1615845,1261387,366575616,105324544,49956,1620776,2026-08-02T10:00:37.367161Z
M1,2278,saturated,M1,true,225.000,71.700,115.477,123.603,222927.296,223147.649,223196.135,1616270,1261603,366673920,105340928,49952,1621220,2026-08-02T10:00:37.367161Z
M1,2279,saturated,M1,true,220.000,70.364,116.512,155.130,223010.372,223245.651,223259.489,1616750,1261821,366731264,105365504,49958,1621667,2026-08-02T10:00:37.367161Z
M1,2280,saturated,M1,true,218.000,68.823,116.572,130.248,223017.599,223242.584,223273.462,1617136,1262156,366829568,105381888,49955,1622106,2026-08-02T10:00:37.367161Z
M1,2281,saturated,M1,true,192.000,76.365,140.037,170.119,223213.002,223479.210,223535.037,1617571,1262375,366911488,105398272,49959,1622502,2026-08-02T10:00:37.367161Z
M1,2282,saturated,M1,true,207.000,73.804,112.028,126.450,223381.825,223581.405,223614.585,1618011,1262375,366952448,105439232,49976,1622942,2026-08-02T10:00:37.367161Z
M1,2283,saturated,M1,true,200.000,77.247,170.298,220.365,223539.073,223778.244,223797.073,1618403,1262685,367050752,105439232,49966,1623322,2026-08-02T10:00:37.367161Z
M1,2284,saturated,M1,true,214.000,72.140,119.027,135.694,223631.615,223866.950,223895.601,1615853,1265133,367083520,105472000,49959,1623741,2026-08-02T10:01:37.284811Z
M1,2285,saturated,M1,true,205.000,71.101,123.051,154.000,223637.368,223877.949,223892.332,1616295,1265342,367263744,105480192,49965,1624171,2026-08-02T10:01:37.284811Z
M1,2286,saturated,M1,true,213.000,73.492,133.444,157.974,223837.030,224083.421,224129.222,1616709,1265669,367288320,105504768,49969,1624596,2026-08-02T10:01:37.284811Z
M1,2287,saturated,M1,true,218.000,71.553,115.769,130.439,223839.729,224074.642,224100.042,1617148,1265882,367312896,105529344,49962,1625029,2026-08-02T10:01:37.284811Z
M1,2288,saturated,M1,true,214.000,71.444,119.653,126.711,223931.068,224166.325,224180.129,1617571,1266097,367501312,105545728,49968,1625472,2026-08-02T10:01:37.284811Z
M1,2289,saturated,M1,true,223.000,69.922,111.369,125.332,223982.289,224202.832,224226.676,1618032,1266317,367542272,105578496,49966,1625907,2026-08-02T10:01:37.284811Z
M1,2290,saturated,M1,true,204.000,75.152,125.232,146.018,224035.554,224271.204,224310.241,1618420,1266423,367583232,105586688,49965,1626327,2026-08-02T10:01:37.284811Z
M1,2291,saturated,M1,true,204.000,76.706,138.603,169.856,224207.339,224437.596,224463.638,1618853,1266636,367730688,105611264,49967,1626728,2026-08-02T10:01:37.284811Z
M1,2292,saturated,M1,true,201.000,69.970,115.478,129.160,224301.098,224500.903,224523.025,1619302,1266832,367779840,105635840,49975,1627164,2026-08-02T10:01:37.284811Z
M1,2293,saturated,M1,true,201.000,75.082,174.252,208.358,224506.112,224728.699,224749.691,1619703,1267051,367812608,105660416,49969,1627546,2026-08-02T10:01:37.284811Z
M1,2294,saturated,M1,true,214.000,75.201,111.883,133.865,224534.592,224781.936,224808.616,1620051,1267237,367976448,105676800,49966,1627976,2026-08-02T10:01:37.284811Z
M1,2295,saturated,M1,true,214.000,71.070,116.787,137.642,224672.241,224889.990,224937.051,1620475,1267562,368017408,105693184,49967,1628406,2026-08-02T10:01:37.284811Z
M1,2296,saturated,M1,true,217.000,72.334,128.862,150.006,224706.574,224922.458,224951.416,1620910,1267777,368050176,105725952,49970,1628846,2026-08-02T10:01:37.284811Z
M1,2297,saturated,M1,true,222.000,68.430,104.758,114.758,224783.514,224997.401,225029.307,1621361,1267777,368222208,105734144,49971,1629293,2026-08-02T10:01:37.284811Z
M1,2298,saturated,M1,true,215.000,73.412,122.228,131.552,224748.719,224987.896,225001.526,1621748,1268104,368263168,105758720,49971,1629727,2026-08-02T10:01:37.284811Z
M1,2299,saturated,M1,true,216.000,70.138,113.963,138.063,224852.848,225056.799,225076.852,1622143,1268325,368320512,105791488,49972,1630167,2026-08-02T10:01:37.284811Z
M1,2300,saturated,M1,true,223.000,68.596,103.692,118.685,224905.044,225133.139,225145.559,1622606,1268654,368451584,105807872,49976,1630615,2026-08-02T10:01:37.284811Z
M1,2301,saturated,M1,true,211.000,75.860,124.342,138.549,225051.339,225275.104,225319.206,1623043,1268877,368500736,105832448,49973,1631029,2026-08-02T10:01:37.284811Z
M1,2302,saturated,M1,true,204.000,74.454,112.018,127.403,225079.702,225338.795,225377.568,1623489,1269083,368574464,105840640,49981,1631472,2026-08-02T10:01:37.284811Z
M1,2303,saturated,M1,true,205.000,78.721,151.948,173.573,225314.221,225552.397,225604.317,1623904,1269303,368697344,105865216,49977,1631861,2026-08-02T10:01:37.284811Z
M1,2304,saturated,M1,true,216.000,71.063,109.910,119.159,225444.120,225686.035,225692.295,1624341,1269499,368738304,105897984,49976,1632302,2026-08-02T10:01:37.284811Z
M1,2305,saturated,M1,true,219.000,73.805,115.776,142.622,225458.871,225714.095,225760.175,1624763,1269715,368812032,105906176,49981,1632743,2026-08-02T10:01:37.284811Z
M1,2306,saturated,M1,true,212.000,74.115,119.757,134.723,225531.196,225790.223,225809.787,1625213,1269715,368943104,105938944,49978,1633177,2026-08-02T10:01:37.284811Z
M1,2307,saturated,M1,true,222.000,69.803,105.136,117.683,225610.479,225841.224,225881.806,1625644,1270042,368975872,105947136,49983,1633623,2026-08-02T10:01:37.284811Z
M1,2308,saturated,M1,true,228.000,69.095,110.753,128.506,225699.337,225943.756,226001.952,1626101,1270375,369074176,105988096,49866,1634070,2026-08-02T10:01:37.284811Z
M1,2309,saturated,M1,true,220.000,69.996,114.949,134.495,225606.143,225852.995,225873.665,1626549,1270375,369197056,106020864,49867,1634521,2026-08-02T10:01:37.284811Z
M1,2310,saturated,M1,true,226.000,69.901,111.362,122.522,225704.782,225949.482,225977.575,1626984,1270708,369229824,106029056,49980,1634971,2026-08-02T10:01:37.284811Z
M1,2311,saturated,M1,true,207.000,73.020,112.057,157.227,225827.003,226046.128,226065.737,1627431,1271044,369319936,106061824,49871,1635394,2026-08-02T10:01:37.284811Z
M1,2312,saturated,M1,true,215.000,68.984,118.580,132.915,225896.364,226117.564,226176.808,1627829,1271254,369434624,106070016,49987,1635839,2026-08-02T10:01:37.284811Z
M1,2313,saturated,M1,true,200.000,75.016,158.807,185.757,226003.835,226249.334,226269.360,1628229,1271254,369467392,106094592,49978,1636230,2026-08-02T10:01:37.284811Z
M1,2314,saturated,M1,true,224.000,69.491,114.462,130.463,226115.953,226332.874,226367.760,1628655,1271562,369565696,106110976,49984,1636681,2026-08-02T10:01:37.284811Z
M1,2315,saturated,M1,true,221.000,70.402,106.894,125.256,226217.026,226432.987,226441.896,1629109,1271782,369672192,106143744,49869,1637125,2026-08-02T10:01:37.284811Z
M1,2316,saturated,M1,true,222.000,70.385,115.370,138.173,226294.057,226521.300,226542.947,1629557,1272003,369713152,106160128,49876,1637570,2026-08-02T10:01:37.284811Z
M1,2317,saturated,M1,true,221.000,67.841,113.100,136.073,226349.983,226561.548,226595.975,1629990,1272339,369836032,106176512,49989,1638025,2026-08-02T10:01:37.284811Z
M1,2318,saturated,M1,true,222.000,70.518,102.776,139.656,226373.055,226595.488,226654.512,1630454,1272565,369917952,106209280,49874,1638465,2026-08-02T10:01:37.284811Z
M1,2319,saturated,M1,true,227.000,67.337,114.186,132.051,226362.709,226640.026,226696.019,1630891,1272565,369958912,106225664,49873,1638916,2026-08-02T10:01:37.284811Z
M1,2320,saturated,M1,true,222.000,70.941,107.677,124.832,226353.362,226568.538,226624.898,1631375,1272897,370089984,106250240,49871,1639361,2026-08-02T10:01:37.284811Z
M1,2321,saturated,M1,true,204.000,76.892,122.215,141.215,226481.327,226737.517,226776.549,1631803,1273117,370155520,106274816,49871,1639783,2026-08-02T10:01:37.284811Z
M1,2322,saturated,M1,true,215.000,70.619,106.967,125.574,226530.787,226780.416,226812.663,1632266,1273441,370212864,106291200,49879,1640234,2026-08-02T10:01:37.284811Z
M1,2323,saturated,M1,true,208.000,76.117,142.867,167.967,226687.013,226924.677,226947.497,1632670,1273549,370335744,106315776,49988,1640632,2026-08-02T10:01:37.284811Z
M1,2324,saturated,M1,true,220.000,69.429,114.033,136.000,226745.674,226968.600,226992.133,1633126,1273859,370393088,106332160,49876,1641074,2026-08-02T10:01:37.284811Z
M1,2325,saturated,M1,true,216.000,71.495,120.146,139.392,226871.022,227109.478,227124.617,1633553,1273859,370458624,106356736,49877,1641505,2026-08-02T10:01:37.284811Z
M1,2326,saturated,M1,true,224.000,68.892,101.727,116.110,226905.599,227133.777,227161.950,1634008,1274185,370573312,106381312,49878,1641955,2026-08-02T10:01:37.284811Z
M1,2327,saturated,M1,true,220.000,69.028,119.377,137.391,226968.415,227208.174,227231.821,1634451,1274409,370638848,106397696,49991,1642395,2026-08-02T10:01:37.284811Z
M1,2328,saturated,M1,true,221.000,71.024,108.707,131.690,227032.430,227274.041,227318.559,1634930,1274740,370712576,106430464,49877,1642849,2026-08-02T10:01:37.284811Z
M1,2329,saturated,M1,true,212.000,73.214,113.850,128.953,226987.756,227281.935,227291.966,1635291,1275064,370827264,106438656,49877,1643269,2026-08-02T10:01:37.284811Z
M1,2330,saturated,M1,true,220.000,71.900,115.824,152.189,227069.590,227264.632,227282.734,1635739,1275064,370884608,106463232,49878,1643722,2026-08-02T10:01:37.284811Z
M1,2331,saturated,M1,true,204.000,75.095,144.477,193.596,227111.057,227350.326,227371.725,1636129,1275285,370941952,106496000,49883,1644123,2026-08-02T10:01:37.284811Z
M1,2332,saturated,M1,true,203.000,72.774,114.873,138.067,227232.018,227431.991,227469.271,1636292,1275285,371023872,106504192,49896,1644356,2026-08-02T10:01:37.284811Z
M1,2333,saturated,M1,true,200.000,70.381,131.375,188.665,227385.030,227595.205,227632.517,1636916,1275601,371130368,106528768,49882,1644945,2026-08-02T10:01:37.284811Z
M1,2334,saturated,M1,true,221.000,70.578,110.947,138.049,227399.891,227636.437,227652.974,1637362,1275896,371187712,106536960,49887,1645381,2026-08-02T10:01:37.284811Z
M1,2335,saturated,M1,true,213.000,74.201,119.346,140.930,227487.939,227721.605,227747.144,1637785,1276225,371302400,106569728,49888,1645822,2026-08-02T10:01:37.284811Z
M1,2336,saturated,M1,true,205.000,77.404,131.497,155.775,227599.077,227860.957,227881.560,1638213,1276445,371367936,106586112,49890,1646225,2026-08-02T10:01:37.284811Z
M1,2337,saturated,M1,true,217.000,75.236,110.377,132.477,227705.361,227936.552,227965.385,1638653,1276445,371433472,106610688,49886,1646669,2026-08-02T10:01:37.284811Z
M1,2338,saturated,M1,true,223.000,70.305,102.149,114.384,227759.530,227996.068,228038.022,1639056,1276756,371539968,106635264,49887,1647110,2026-08-02T10:01:37.284811Z
M1,2339,saturated,M1,true,214.000,73.089,116.119,135.503,227788.555,228022.763,228058.074,1639517,1276975,371605504,106651648,49886,1647549,2026-08-02T10:01:37.284811Z
M1,2340,saturated,M1,true,222.000,71.110,108.807,124.344,227753.226,228022.034,228069.257,1639971,1277306,371679232,106676224,49890,1647990,2026-08-02T10:01:37.284811Z
M1,2341,saturated,M1,true,207.000,77.833,120.244,135.452,227834.341,228065.911,228066.237,1640188,1277306,371744768,106676224,49894,1648191,2026-08-02T10:01:37.284811Z
M1,2342,saturated,M1,true,208.000,73.329,112.017,123.963,227859.888,228091.754,228121.384,1640610,1277525,371826688,106717184,49893,1648626,2026-08-02T10:01:37.284811Z
M1,2343,saturated,M1,true,197.000,79.723,146.478,177.032,228011.957,228258.275,228295.724,1641035,1277840,371859456,106725376,49897,1649015,2026-08-02T10:01:37.284811Z
M1,2344,saturated,M1,true,211.000,70.893,122.497,158.045,228179.809,228400.761,228446.118,1644393,1275591,371924992,106749952,49889,1649431,2026-08-02T10:02:37.293032Z
M1,2345,saturated,M1,true,207.000,74.610,127.532,142.902,228273.869,228504.670,228517.956,1644833,1275798,372088832,106766336,49896,1649862,2026-08-02T10:02:37.293032Z
M1,2346,saturated,M1,true,219.000,72.400,108.492,130.864,228346.633,228561.660,228590.455,1645270,1275798,372113408,106790912,49893,1650289,2026-08-02T10:02:37.293032Z
M1,2347,saturated,M1,true,221.000,71.699,107.296,134.343,228370.600,228607.529,228633.329,1645679,1276117,372146176,106807296,49896,1650735,2026-08-02T10:02:37.293032Z
M1,2348,saturated,M1,true,206.000,75.456,131.941,146.654,228498.613,228739.110,228775.837,1646104,1276448,372318208,106831872,49895,1651149,2026-08-02T10:02:37.293032Z
M1,2349,saturated,M1,true,184.000,76.922,186.041,223.588,228760.019,228986.367,229025.856,1646454,1276448,372359168,106856448,49901,1651527,2026-08-02T10:02:37.293032Z
M1,2350,saturated,M1,true,217.000,71.460,107.930,124.206,228780.534,229014.719,229078.008,1646861,1276759,372375552,106864640,49887,1651958,2026-08-02T10:02:37.293032Z
M1,2351,saturated,M1,true,204.000,77.130,134.301,160.426,228824.096,229088.081,229114.306,1647272,1277051,372498432,106889216,49892,1652366,2026-08-02T10:02:37.293032Z
M1,2352,saturated,M1,true,209.000,71.437,115.467,138.545,228859.952,229076.372,229094.269,1647707,1277051,372588544,106913792,49907,1652811,2026-08-02T10:02:37.293032Z
M1,2353,saturated,M1,true,192.000,75.559,197.254,232.036,229046.893,229294.445,229344.302,1648085,1277371,372613120,106938368,49898,1653183,2026-08-02T10:02:37.293032Z
M1,2354,saturated,M1,true,212.000,75.060,111.483,126.076,229162.354,229391.780,229406.499,1648498,1277573,372727808,106954752,49898,1653615,2026-08-02T10:02:37.293032Z
M1,2355,saturated,M1,true,218.000,75.193,116.751,144.089,229255.772,229472.025,229510.848,1648937,1277876,372826112,106979328,49902,1654050,2026-08-02T10:02:37.293032Z
M1,2356,saturated,M1,true,216.000,70.051,123.980,141.133,229293.413,229512.534,229544.471,1649335,1278096,372850688,106995712,49896,1654479,2026-08-02T10:02:37.293032Z
M1,2357,saturated,M1,true,214.000,71.901,114.909,124.441,229341.332,229556.083,229569.417,1649761,1278096,372998144,107003904,49896,1654913,2026-08-02T10:02:37.293032Z
M1,2358,saturated,M1,true,219.000,68.885,114.960,141.146,229381.193,229612.300,229633.248,1650195,1278414,373071872,107044864,49906,1655358,2026-08-02T10:02:37.293032Z
M1,2359,saturated,M1,true,222.000,70.663,116.761,132.277,229443.561,229667.492,229694.875,1650625,1278749,373096448,107061248,49899,1655797,2026-08-02T10:02:37.293032Z
M1,2360,saturated,M1,true,223.000,71.855,112.776,132.178,229517.651,229757.931,229777.807,1651072,1278965,373243904,107077632,49898,1656239,2026-08-02T10:02:37.293032Z
M1,2361,saturated,M1,true,201.000,74.773,134.336,162.789,229570.142,229818.585,229855.802,1651498,1279186,373309440,107110400,49903,1656648,2026-08-02T10:02:37.293032Z
M1,2362,saturated,M1,true,213.000,74.276,112.963,129.491,229670.599,229889.611,229926.538,1651899,1279186,373334016,107118592,49904,1657090,2026-08-02T10:02:37.293032Z
M1,2363,saturated,M1,true,197.000,74.732,141.554,167.134,229798.058,230005.832,230035.131,1652340,1279499,373473280,107143168,49900,1657477,2026-08-02T10:02:37.293032Z
M1,2364,saturated,M1,true,219.000,74.061,111.421,129.981,229806.523,230038.244,230078.263,1652748,1279711,373547008,107167744,49898,1657919,2026-08-02T10:02:37.293032Z
M1,2365,saturated,M1,true,216.000,70.265,103.507,119.794,229861.484,230146.694,230187.336,1653204,1280022,373571584,107192320,49906,1658362,2026-08-02T10:02:37.293032Z
M1,2366,saturated,M1,true,200.000,75.948,123.312,156.525,229977.367,230230.244,230269.938,1653646,1280242,373735424,107208704,49913,1658781,2026-08-02T10:02:37.293032Z
M1,2367,saturated,M1,true,214.000,71.308,118.073,137.447,230154.052,230376.439,230414.610,1654061,1280449,373784576,107233280,49903,1659193,2026-08-02T10:02:37.293032Z
M1,2368,saturated,M1,true,203.000,76.240,127.777,139.263,230273.900,230503.712,230545.271,1654456,1280449,373809152,107249664,49912,1659618,2026-08-02T10:02:37.293032Z
M1,2369,saturated,M1,true,219.000,72.173,114.027,124.358,230343.036,230584.046,230600.591,1654885,1280761,373907456,107266048,49912,1660056,2026-08-02T10:02:37.293032Z
M1,2370,saturated,M1,true,222.000,69.980,117.939,160.755,230431.318,230672.512,230696.987,1655344,1280973,374030336,107298816,49906,1660484,2026-08-02T10:02:37.293032Z
M1,2371,saturated,M1,true,202.000,74.217,138.774,150.422,230518.285,230760.994,230788.941,1655780,1281298,374071296,107315200,49911,1660897,2026-08-02T10:02:37.293032Z
M1,2372,saturated,M1,true,207.000,74.681,112.622,124.514,230615.342,230826.259,230849.696,1656188,1281298,374169600,107331584,49910,1661343,2026-08-02T10:02:37.293032Z
M1,2373,saturated,M1,true,201.000,76.747,145.629,182.302,230774.821,230974.159,231002.451,1656610,1281612,374267904,107364352,49915,1661727,2026-08-02T10:02:37.293032Z
M1,2374,saturated,M1,true,213.000,71.144,108.359,118.783,230762.770,230980.317,231018.020,1657049,1281917,374300672,107372544,49916,1662172,2026-08-02T10:02:37.293032Z
M1,2375,saturated,M1,true,219.000,72.293,114.922,124.087,230824.738,231056.067,231098.594,1657501,1281917,374398976,107405312,49915,1662607,2026-08-02T10:02:37.293032Z
M1,2376,saturated,M1,true,217.000,72.992,118.074,135.358,230854.759,231106.757,231122.090,1657953,1282241,374505472,107421696,49917,1663046,2026-08-02T10:02:37.293032Z
M1,2377,saturated,M1,true,216.000,69.175,114.324,128.611,230951.428,231153.048,231197.968,1658391,1282466,374538240,107446272,49920,1663482,2026-08-02T10:02:37.293032Z
M1,2378,saturated,M1,true,219.000,70.471,121.600,136.105,231065.096,231323.722,231347.494,1658838,1282678,374669312,107454464,49917,1663916,2026-08-02T10:02:37.293032Z
M1,2379,saturated,M1,true,213.000,72.263,118.522,124.410,231125.587,231340.953,231373.698,1659283,1283004,374743040,107487232,49917,1664348,2026-08-02T10:02:37.293032Z
M1,2380,saturated,M1,true,221.000,72.580,111.381,133.924,231217.031,231448.741,231480.455,1659712,1283221,374800384,107511808,49919,1664793,2026-08-02T10:02:37.293032Z
M1,2381,saturated,M1,true,204.000,78.618,128.337,207.162,231304.947,231529.683,231544.166,1660118,1283442,374906880,107520000,49921,1665204,2026-08-02T10:02:37.293032Z
M1,2382,saturated,M1,true,216.000,70.050,121.068,135.344,231312.742,231549.099,231578.220,1660498,1283647,374988800,107560960,49928,1665642,2026-08-02T10:02:37.293032Z
M1,2383,saturated,M1,true,187.000,75.536,184.797,256.842,231436.867,231732.444,231759.713,1660905,1283867,375013376,107560960,49925,1666026,2026-08-02T10:02:37.293032Z
M1,2384,saturated,M1,true,219.000,71.510,126.837,157.244,231484.531,231715.411,231730.772,1661326,1283867,375144448,107585536,49929,1666463,2026-08-02T10:02:37.293032Z
M1,2385,saturated,M1,true,208.000,72.681,121.250,136.981,231519.927,231766.875,231810.265,1661698,1284164,375218176,107610112,49927,1666888,2026-08-02T10:02:37.293032Z
M1,2386,saturated,M1,true,213.000,76.191,119.178,133.551,231643.082,231865.296,231890.549,1662091,1284374,375259136,107634688,49924,1667315,2026-08-02T10:02:37.293032Z
M1,2387,saturated,M1,true,220.000,74.811,112.253,127.616,231692.718,231920.627,231957.865,1662539,1284697,375406592,107659264,49925,1667749,2026-08-02T10:02:37.293032Z
M1,2388,saturated,M1,true,216.000,71.426,122.480,141.217,231726.147,231969.129,231994.136,1662985,1284914,375463936,107667456,49928,1668187,2026-08-02T10:02:37.293032Z
M1,2389,saturated,M1,true,222.000,72.666,109.390,116.979,231779.266,232016.396,232045.343,1663392,1285132,375513088,107700224,49924,1668627,2026-08-02T10:02:37.293032Z
M1,2390,saturated,M1,true,217.000,70.203,107.107,119.595,231855.318,232088.390,232111.233,1663855,1285348,375644160,107716608,49925,1669071,2026-08-02T10:02:37.293032Z
M1,2391,saturated,M1,true,204.000,77.409,118.737,144.205,231986.038,232217.031,232246.253,1664266,1285569,375701504,107741184,49930,1669478,2026-08-02T10:02:37.293032Z
M1,2392,saturated,M1,true,212.000,73.687,111.610,121.055,232070.348,232302.343,232321.449,1664696,1285775,375758848,107765760,49932,1669923,2026-08-02T10:02:37.293032Z
M1,2393,saturated,M1,true,201.000,73.573,152.498,177.351,232174.593,232411.737,232438.670,1665112,1285775,375889920,107773952,49933,1670322,2026-08-02T10:02:37.293032Z
M1,2394,saturated,M1,true,221.000,72.042,118.431,143.837,232235.256,232460.044,232489.661,1665543,1286085,375939072,107806720,49935,1670765,2026-08-02T10:02:37.293032Z
M1,2395,saturated,M1,true,213.000,70.685,122.216,128.292,232191.271,232401.606,232441.393,1665968,1286305,376004608,107814912,49933,1671190,2026-08-02T10:02:37.293032Z
M1,2396,saturated,M1,true,215.000,74.946,114.197,119.957,232201.345,232426.664,232449.739,1666413,1286520,376127488,107839488,49939,1671632,2026-08-02T10:02:37.293032Z
M1,2397,saturated,M1,true,217.000,70.372,126.246,156.403,232170.124,232435.828,232466.856,1666855,1286847,376176640,107872256,49932,1672064,2026-08-02T10:02:37.293032Z
M1,2398,saturated,M1,true,219.000,70.735,117.144,132.464,232232.941,232455.673,232481.020,1667302,1286847,376250368,107880448,49934,1672504,2026-08-02T10:02:37.293032Z
M1,2399,saturated,M1,true,215.000,72.653,118.627,149.203,232247.337,232461.112,232484.933,1667753,1287169,376373248,107913216,49938,1672948,2026-08-02T10:02:37.293032Z
M1,2400,saturated,M1,true,215.000,75.123,119.019,134.235,232337.046,232580.180,232596.106,1668198,1287499,376422400,107921408,49937,1673374,2026-08-02T10:02:37.293032Z
M1,2401,saturated,M1,true,197.000,78.030,130.121,196.773,232468.860,232717.431,232763.373,1668623,1287499,376479744,107945984,49939,1673775,2026-08-02T10:02:37.293032Z
M1,2402,saturated,M1,true,211.000,73.764,120.857,148.121,232578.134,232787.952,232820.819,1669058,1287807,376610816,107978752,49946,1674220,2026-08-02T10:02:37.293032Z
M1,2403,saturated,M1,true,188.000,81.947,172.995,226.568,232715.910,232974.343,233015.876,1669379,1288133,376651776,107995136,49942,1674583,2026-08-02T10:02:37.293032Z
M1,2404,saturated,M1,true,203.000,73.524,136.186,165.122,232815.731,233006.008,233049.881,1669796,1288490,376668160,108011520,49944,1674994,2026-08-02T10:03:37.384667Z
M1,2405,saturated,M1,true,198.000,78.560,132.959,159.100,232927.190,233176.589,233223.071,1670222,1288490,376848384,108027904,49945,1675396,2026-08-02T10:03:37.384667Z
M1,2406,saturated,M1,true,196.000,73.374,160.521,193.324,232975.236,233208.759,233240.376,1670623,1288792,376872960,108052480,49941,1675783,2026-08-02T10:03:37.384667Z
M1,2407,saturated,M1,true,219.000,71.308,115.825,130.013,233073.804,233314.652,233328.092,1671024,1288994,376897536,108068864,49944,1676226,2026-08-02T10:03:37.384667Z
M1,2408,saturated,M1,true,214.000,72.035,110.545,118.229,233131.717,233350.206,233393.865,1671461,1289200,377094144,108101632,49944,1676658,2026-08-02T10:03:37.384667Z
M1,2409,saturated,M1,true,213.000,72.908,116.020,128.314,233171.625,233393.761,233422.586,1671904,1289411,377126912,108118016,49947,1677096,2026-08-02T10:03:37.384667Z
M1,2410,saturated,M1,true,220.000,74.464,114.485,139.820,233206.759,233439.052,233452.758,1672351,1289741,377151488,108134400,49944,1677525,2026-08-02T10:03:37.384667Z
M1,2411,saturated,M1,true,197.000,77.866,134.423,163.007,233345.035,233598.415,233613.882,1672757,1289958,377315328,108150784,49946,1677928,2026-08-02T10:03:37.384667Z
M1,2412,saturated,M1,true,218.000,72.292,116.156,143.647,233450.909,233680.915,233702.216,1673205,1289958,377364480,108167168,49949,1678369,2026-08-02T10:03:37.384667Z
M1,2413,saturated,M1,true,188.000,78.032,164.386,222.319,233686.289,233895.971,233930.395,1673603,1290262,377380864,108199936,49947,1678742,2026-08-02T10:03:37.384667Z
M1,2414,saturated,M1,true,218.000,72.998,115.809,127.428,233559.807,233794.121,233825.294,1673990,1290560,377536512,108208128,49945,1679181,2026-08-02T10:03:37.384667Z
M1,2415,saturated,M1,true,210.000,71.850,117.147,126.936,233637.515,233872.247,233894.166,1674400,1290780,377593856,108240896,49948,1679614,2026-08-02T10:03:37.384667Z
M1,2416,saturated,M1,true,214.000,77.200,118.786,134.769,233710.878,233965.197,233989.488,1674842,1290780,377626624,108257280,49954,1680046,2026-08-02T10:03:37.384667Z
M1,2417,saturated,M1,true,198.000,78.660,145.021,205.528,233707.708,233940.601,233985.844,1675201,1291099,377774080,108273664,49947,1680438,2026-08-02T10:03:37.384667Z
M1,2418,saturated,M1,true,220.000,73.581,122.591,133.131,233758.515,234006.714,234024.968,1675630,1291307,377831424,108306432,49954,1680885,2026-08-02T10:03:37.384667Z
M1,2419,saturated,M1,true,213.000,75.471,119.769,140.977,233665.345,233910.804,233942.752,1676045,1291514,377864192,108322816,49944,1681305,2026-08-02T10:03:37.384667Z
M1,2420,saturated,M1,true,217.000,73.503,118.106,129.122,233457.184,233685.074,233711.605,1676476,1291836,378011648,108347392,49951,1681749,2026-08-02T10:03:37.384667Z
M1,2421,saturated,M1,true,201.000,76.167,127.043,152.230,233539.227,233773.745,233802.550,1676911,1291836,378077184,108355584,49956,1682151,2026-08-02T10:03:37.384667Z
M1,2422,saturated,M1,true,215.000,74.752,107.343,129.276,233586.431,233819.458,233846.523,1677323,1292152,378109952,108388352,49951,1682586,2026-08-02T10:03:37.384667Z
M1,2423,saturated,M1,true,193.000,77.059,146.216,186.487,233711.492,233944.214,233971.061,1677747,1292477,378249216,108396544,49951,1682970,2026-08-02T10:03:37.384667Z
M1,2424,saturated,M1,true,218.000,74.749,115.063,135.073,233775.945,234025.825,234036.657,1678168,1292664,378306560,108429312,49953,1683415,2026-08-02T10:03:37.384667Z
M1,2425,saturated,M1,true,216.000,73.481,118.235,132.962,233717.535,233956.702,233981.466,1678619,1292886,378347520,108453888,49953,1683845,2026-08-02T10:03:37.384667Z
M1,2426,saturated,M1,true,208.000,72.912,126.501,148.332,233686.049,233942.747,233987.054,1679018,1292886,378478592,108462080,49954,1684274,2026-08-02T10:03:37.384667Z
M1,2427,saturated,M1,true,215.000,73.096,118.485,141.480,233650.602,233870.043,233902.675,1679462,1293208,378552320,108486656,49955,1684714,2026-08-02T10:03:37.384667Z
M1,2428,saturated,M1,true,219.000,71.186,114.835,127.975,233692.376,233935.807,233958.107,1679885,1293418,378593280,108503040,49953,1685132,2026-08-02T10:03:37.384667Z
M1,2429,saturated,M1,true,216.000,74.546,118.024,132.383,233728.017,233946.139,233968.317,1680329,1293743,378732544,108535808,49958,1685571,2026-08-02T10:03:37.384667Z
M1,2430,saturated,M1,true,213.000,71.930,117.846,135.964,233779.572,234007.874,234038.046,1680761,1293962,378789888,108560384,49958,1686011,2026-08-02T10:03:37.384667Z
M1,2431,saturated,M1,true,204.000,73.878,119.795,145.239,233762.117,233964.697,234021.182,1681170,1293962,378839040,108576768,49957,1686424,2026-08-02T10:03:37.384667Z
M1,2432,saturated,M1,true,219.000,73.182,114.590,124.296,233778.555,234038.295,234054.511,1681603,1294277,378970112,108593152,49958,1686858,2026-08-02T10:03:37.384667Z
M1,2433,saturated,M1,true,189.000,77.703,139.985,222.167,233969.809,234206.539,234245.369,1682014,1294494,379027456,108601344,49958,1687236,2026-08-02T10:03:37.384667Z
M1,2434,saturated,M1,true,210.000,74.008,115.174,136.655,234053.361,234288.732,234308.478,1682446,1294789,379060224,108642304,49958,1687654,2026-08-02T10:03:37.384667Z
M1,2435,saturated,M1,true,215.000,71.471,111.398,131.115,234005.425,234235.182,234257.441,1682875,1294789,379207680,108650496,49956,1688091,2026-08-02T10:03:37.384667Z
M1,2436,saturated,M1,true,178.000,79.915,167.425,201.658,234106.067,234306.362,234322.039,1683224,1295106,379265024,108675072,49954,1688446,2026-08-02T10:03:37.384667Z
M1,2437,saturated,M1,true,192.000,76.891,139.337,157.146,234218.076,234437.029,234454.500,1683593,1295390,379289600,108699648,49961,1688839,2026-08-02T10:03:37.384667Z
M1,2438,saturated,M1,true,211.000,73.366,124.134,135.359,234284.735,234488.075,234501.992,1684018,1295587,379420672,108716032,49958,1689274,2026-08-02T10:03:37.384667Z
M1,2439,saturated,M1,true,221.000,72.653,115.528,135.133,234355.557,234576.515,234605.139,1684432,1295587,379486208,108732416,49962,1689708,2026-08-02T10:03:37.384667Z
M1,2440,saturated,M1,true,211.000,74.075,110.514,116.410,234361.389,234620.970,234658.223,1684821,1295911,379527168,108756992,49963,1690139,2026-08-02T10:03:37.384667Z
M1,2441,saturated,M1,true,196.000,81.661,127.087,143.575,234502.857,234722.140,234752.115,1685251,1296128,379650048,108781568,49964,1690530,2026-08-02T10:03:37.384667Z
M1,2442,saturated,M1,true,205.000,76.223,115.712,136.146,234603.224,234815.746,234830.269,1685651,1296330,379723776,108789760,49961,1690948,2026-08-02T10:03:37.384667Z
M1,2443,saturated,M1,true,190.000,78.614,141.229,167.320,234722.486,234926.173,234982.943,1686050,1296636,379764736,108822528,49968,1691328,2026-08-02T10:03:37.384667Z
M1,2444,saturated,M1,true,208.000,73.414,119.257,132.713,234836.625,235067.554,235118.936,1686451,1296825,379863040,108830720,49963,1691749,2026-08-02T10:03:37.384667Z
M1,2445,saturated,M1,true,209.000,74.664,112.832,143.349,234928.919,235205.573,235241.771,1686886,1297034,379961344,108855296,49969,1692171,2026-08-02T10:03:37.384667Z
M1,2446,saturated,M1,true,213.000,73.887,115.574,152.421,234940.383,235170.206,235197.170,1687291,1297034,380002304,108871680,49967,1692599,2026-08-02T10:03:37.384667Z
M1,2447,saturated,M1,true,218.000,72.357,120.213,133.438,235022.068,235263.788,235302.489,1687730,1297352,380108800,108904448,49970,1693037,2026-08-02T10:03:37.384667Z
M1,2448,saturated,M1,true,211.000,74.441,118.228,137.910,234886.476,235109.640,235129.453,1688176,1297676,380207104,108920832,49972,1693463,2026-08-02T10:03:37.384667Z
M1,2449,saturated,M1,true,209.000,72.947,113.517,129.259,234972.507,235187.114,235231.416,1688570,1297676,380248064,108937216,49970,1693891,2026-08-02T10:03:37.384667Z
M1,2450,saturated,M1,true,211.000,77.215,120.821,130.687,235039.327,235273.037,235296.970,1688990,1297996,380354560,108969984,49970,1694315,2026-08-02T10:03:37.384667Z
M1,2451,saturated,M1,true,197.000,78.411,145.926,201.844,235100.670,235384.711,235402.474,1689410,1298208,380444672,108969984,49972,1694714,2026-08-02T10:03:37.384667Z
M1,2452,saturated,M1,true,209.000,73.315,113.099,136.317,235156.223,235396.639,235439.436,1689838,1298408,380485632,109010944,49974,1695142,2026-08-02T10:03:37.384667Z
M1,2453,saturated,M1,true,190.000,77.298,156.672,216.824,235344.410,235598.577,235607.267,1690208,1298723,380559360,109027328,49978,1695514,2026-08-02T10:03:37.384667Z
M1,2454,saturated,M1,true,207.000,74.611,128.291,143.807,235460.561,235680.201,235703.431,1690625,1298911,380682240,109043712,49975,1695941,2026-08-02T10:03:37.384667Z
M1,2455,saturated,M1,true,204.000,74.693,129.102,145.168,235517.054,235747.176,235780.397,1691048,1298911,380715008,109068288,49971,1696355,2026-08-02T10:03:37.384667Z
M1,2456,saturated,M1,true,212.000,76.158,117.104,140.208,235569.426,235810.173,235850.419,1691459,1299223,380788736,109084672,49977,1696777,2026-08-02T10:03:37.384667Z
M1,2457,saturated,M1,true,209.000,73.924,113.025,157.133,235596.996,235829.210,235857.427,1691870,1299433,380919808,109109248,49974,1697203,2026-08-02T10:03:37.384667Z
M1,2458,saturated,M1,true,212.000,72.101,120.009,137.868,235672.329,235903.566,235925.112,1692304,1299642,380952576,109125632,49871,1697630,2026-08-02T10:03:37.384667Z
M1,2459,saturated,M1,true,204.000,75.039,117.101,125.117,235549.717,235785.244,235798.312,1692733,1299851,381026304,109150208,49985,1698053,2026-08-02T10:03:37.384667Z
M1,2460,saturated,M1,true,215.000,76.641,126.979,143.682,235566.980,235784.099,235797.985,1693170,1300170,381157376,109166592,49979,1698474,2026-08-02T10:03:37.384667Z
M1,2461,saturated,M1,true,192.000,77.985,149.003,221.386,235713.664,235960.827,235979.315,1693572,1300170,381181952,109191168,49875,1698852,2026-08-02T10:03:37.384667Z
M1,2462,saturated,M1,true,207.000,70.150,112.250,126.698,235793.678,236008.215,236035.465,1693982,1300464,381255680,109207552,49989,1699289,2026-08-02T10:03:37.384667Z
M1,2463,saturated,M1,true,178.000,82.423,227.108,282.839,236016.401,236235.371,236249.147,1694352,1300785,381370368,109223936,49988,1699636,2026-08-02T10:03:37.384667Z
M1,2464,saturated,M1,true,206.000,75.377,117.750,122.960,236068.624,236271.539,236292.200,1694761,1300716,381394944,109256704,49983,1700053,2026-08-02T10:04:37.452557Z
M1,2465,saturated,M1,true,197.000,81.092,133.664,176.747,236163.244,236407.093,236470.372,1695160,1300989,381575168,109264896,49981,1700444,2026-08-02T10:04:37.452557Z
M1,2466,saturated,M1,true,203.000,74.901,114.220,122.502,236268.450,236490.528,236516.804,1695578,1301289,381599744,109297664,49880,1700863,2026-08-02T10:04:37.452557Z
M1,2467,saturated,M1,true,214.000,76.681,118.591,140.123,236303.715,236518.526,236555.052,1696006,1301289,381616128,109305856,49979,1701284,2026-08-02T10:04:37.452557Z
M1,2468,saturated,M1,true,210.000,72.797,117.278,131.770,236352.969,236589.600,236607.446,1696402,1301600,381820928,109330432,49983,1701712,2026-08-02T10:04:37.452557Z
M1,2469,saturated,M1,true,206.000,75.729,121.990,141.490,236348.596,236595.923,236654.206,1696810,1301817,381837312,109355008,49879,1702133,2026-08-02T10:04:37.452557Z
M1,2470,saturated,M1,true,215.000,71.975,113.216,129.324,236362.665,236593.849,236618.213,1697252,1302027,381861888,109379584,49989,1702565,2026-08-02T10:04:37.452557Z
M1,2471,saturated,M1,true,191.000,80.780,139.830,173.272,236484.625,236690.551,236720.912,1697646,1302346,382042112,109395968,49884,1702952,2026-08-02T10:04:37.452557Z
M1,2472,saturated,M1,true,217.000,73.652,113.159,124.559,236551.812,236769.731,236790.086,1698047,1302432,382066688,109412352,49880,1703387,2026-08-02T10:04:37.452557Z
M1,2473,saturated,M1,true,182.000,78.110,172.462,215.887,236713.228,236945.334,237004.407,1698411,1302753,382091264,109436928,49882,1703745,2026-08-02T10:04:37.452557Z
M1,2474,saturated,M1,true,211.000,72.933,115.602,137.774,236790.075,237024.380,237029.176,1698828,1302753,382255104,109445120,49879,1704178,2026-08-02T10:04:37.452557Z
M1,2475,saturated,M1,true,209.000,75.763,122.392,134.087,236817.089,237063.563,237093.579,1699243,1303040,382304256,109477888,49885,1704600,2026-08-02T10:04:37.452557Z
M1,2476,saturated,M1,true,218.000,69.836,107.835,138.389,236894.805,237116.742,237136.996,1699662,1303361,382337024,109494272,49879,1705039,2026-08-02T10:04:37.452557Z
M1,2477,saturated,M1,true,211.000,73.268,130.104,152.024,236920.693,237136.483,237184.531,1700103,1303361,382484480,109518848,49884,1705466,2026-08-02T10:04:37.452557Z
M1,2478,saturated,M1,true,221.000,73.359,120.906,146.289,236882.605,237113.451,237132.242,1700498,1303684,382541824,109535232,49880,1705900,2026-08-02T10:04:37.452557Z
M1,2479,saturated,M1,true,212.000,76.813,113.218,132.323,236977.743,237188.517,237219.601,1700951,1303900,382574592,109559808,49886,1706331,2026-08-02T10:04:37.452557Z
M1,2480,saturated,M1,true,187.000,81.660,135.098,168.709,236938.888,237151.028,237192.207,1701379,1304220,382738432,109584384,49902,1706725,2026-08-02T10:04:37.452557Z
M1,2481,saturated,M1,true,198.000,79.288,143.771,164.775,237038.914,237275.543,237294.852,1701767,1304220,382779392,109592576,49891,1707111,2026-08-02T10:04:37.452557Z
M1,2482,saturated,M1,true,214.000,73.198,115.742,129.046,237030.649,237276.365,237307.118,1702194,1304508,382803968,109633536,49890,1707541,2026-08-02T10:04:37.452557Z
M1,2483,saturated,M1,true,191.000,80.159,166.693,201.372,237193.101,237426.871,237453.084,1702599,1304718,382935040,109633536,49891,1707926,2026-08-02T10:04:37.452557Z
M1,2484,saturated,M1,true,216.000,72.634,108.070,120.334,237273.093,237480.584,237510.412,1702972,1305015,383016960,109658112,49888,1708359,2026-08-02T10:04:37.452557Z
M1,2485,saturated,M1,true,207.000,75.852,115.749,130.812,237244.648,237468.271,237496.599,1703399,1305231,383041536,109682688,49896,1708778,2026-08-02T10:04:37.452557Z
M1,2486,saturated,M1,true,210.000,74.700,113.942,130.684,237330.456,237525.865,237550.783,1703830,1305231,383180800,109707264,49885,1709201,2026-08-02T10:04:37.452557Z
M1,2487,saturated,M1,true,213.000,71.040,116.190,128.454,237384.797,237614.080,237656.037,1704267,1305543,383254528,109723648,49886,1709627,2026-08-02T10:04:37.452557Z
M1,2488,saturated,M1,true,211.000,73.679,121.987,167.787,237398.073,237632.774,237675.095,1704436,1305754,383262720,109731840,49896,1709843,2026-08-02T10:04:37.452557Z
M1,2489,saturated,M1,true,216.000,73.126,110.616,138.080,237412.903,237638.966,237663.458,1704877,1305971,383328256,109772800,49891,1710277,2026-08-02T10:04:37.452557Z
M1,2490,saturated,M1,true,211.000,75.275,108.725,121.706,237377.944,237645.089,237698.735,1705305,1305971,383467520,109780992,49893,1710706,2026-08-02T10:04:37.452557Z
M1,2491,saturated,M1,true,192.000,80.677,143.381,193.299,237451.848,237650.178,237665.696,1705715,1306293,383508480,109797376,49898,1711104,2026-08-02T10:04:37.452557Z
M1,2492,saturated,M1,true,220.000,74.651,118.220,136.094,237484.445,237711.764,237755.796,1706133,1306508,383557632,109821952,49895,1711531,2026-08-02T10:04:37.452557Z
M1,2493,saturated,M1,true,190.000,75.912,185.060,201.487,237603.618,237864.420,237907.604,1706554,1306699,383705088,109854720,49892,1711909,2026-08-02T10:04:37.452557Z
M1,2494,saturated,M1,true,208.000,73.805,111.528,132.495,237688.644,237924.856,237978.997,1706911,1306997,383737856,109854720,49895,1712340,2026-08-02T10:04:37.452557Z
M1,2495,saturated,M1,true,215.000,74.080,117.288,127.532,237676.412,237920.820,237945.588,1707351,1306997,383795200,109895680,49891,1712764,2026-08-02T10:04:37.452557Z
M1,2496,saturated,M1,true,212.000,73.770,114.315,157.208,237750.790,237968.115,238017.798,1707794,1307317,383942656,109903872,49894,1713185,2026-08-02T10:04:37.452557Z
M1,2497,saturated,M1,true,210.000,70.967,128.779,147.151,237789.226,238018.881,238038.556,1708230,1307533,383975424,109920256,49896,1713621,2026-08-02T10:04:37.452557Z
M1,2498,saturated,M1,true,215.000,69.294,109.188,128.875,237835.679,238061.994,238089.289,1708648,1307739,384024576,109961216,49898,1714045,2026-08-02T10:04:37.452557Z
M1,2499,saturated,M1,true,213.000,70.077,113.890,151.180,237790.007,238008.738,238049.611,1709093,1308061,384180224,109969408,49895,1714485,2026-08-02T10:04:37.452557Z
M1,2500,saturated,M1,true,217.000,75.119,114.216,133.410,237856.717,238074.761,238103.229,1709513,1308061,384212992,109993984,49898,1714912,2026-08-02T10:04:37.452557Z
M1,2501,saturated,M1,true,200.000,75.720,136.225,155.483,237796.514,238029.890,238061.040,1709923,1308386,384270336,110018560,49896,1715313,2026-08-02T10:04:37.452557Z
M1,2502,saturated,M1,true,208.000,72.717,116.712,139.170,237889.650,238112.055,238151.045,1710345,1308596,384417792,110034944,49900,1715741,2026-08-02T10:04:37.452557Z
M1,2503,saturated,M1,true,181.000,81.170,177.806,207.818,238027.775,238268.437,238289.901,1710761,1308906,384450560,110043136,49901,1716104,2026-08-02T10:04:37.452557Z
M1,2504,saturated,M1,true,209.000,74.079,112.147,138.363,238087.141,238331.747,238349.145,1711133,1308906,384491520,110075904,49900,1716521,2026-08-02T10:04:37.452557Z
M1,2505,saturated,M1,true,182.000,78.568,127.763,176.424,238174.313,238392.807,238436.444,1711568,1309184,384638976,110100480,49934,1716949,2026-08-02T10:04:37.452557Z
M1,2506,saturated,M1,true,206.000,77.883,164.791,215.112,238365.580,238592.219,238605.687,1711959,1309397,384679936,110108672,49901,1717312,2026-08-02T10:04:37.452557Z
M1,2507,saturated,M1,true,202.000,76.078,117.351,135.806,238369.183,238601.324,238654.041,1712348,1309581,384704512,110133248,49902,1717717,2026-08-02T10:04:37.452557Z
M1,2508,saturated,M1,true,213.000,76.004,113.008,144.636,238424.478,238667.046,238683.845,1712775,1309887,384860160,110149632,49906,1718143,2026-08-02T10:04:37.452557Z
M1,2509,saturated,M1,true,207.000,77.522,127.750,145.793,238438.013,238647.553,238670.269,1713210,1310100,384917504,110182400,49904,1718573,2026-08-02T10:04:37.452557Z
M1,2510,saturated,M1,true,208.000,77.492,115.437,134.830,238449.676,238676.738,238729.714,1713619,1310312,384942080,110190592,49905,1718979,2026-08-02T10:04:37.452557Z
M1,2511,saturated,M1,true,185.000,79.703,164.447,207.963,238588.809,238833.780,238876.604,1714031,1310515,385097728,110223360,49904,1719350,2026-08-02T10:04:37.452557Z
M1,2512,saturated,M1,true,210.000,78.671,116.604,127.856,238499.732,238728.996,238771.111,1714392,1310515,385155072,110231552,49907,1719774,2026-08-02T10:04:37.452557Z
M1,2513,saturated,M1,true,179.000,83.149,158.380,223.709,238238.323,238821.620,238842.372,1714759,1310804,385179648,110256128,49909,1720144,2026-08-02T10:04:37.452557Z
M1,2514,saturated,M1,true,209.000,74.253,119.738,132.972,238001.389,238226.177,238250.507,1715122,1311095,385327104,110280704,49907,1720558,2026-08-02T10:04:37.452557Z
M1,2515,saturated,M1,true,214.000,75.450,112.129,132.933,238056.766,238286.194,238308.379,1715548,1311301,385384448,110297088,49908,1720992,2026-08-02T10:04:37.452557Z
M1,2516,saturated,M1,true,204.000,74.657,116.503,167.417,238083.184,238312.733,238335.617,1715985,1311516,385425408,110321664,49910,1721407,2026-08-02T10:04:37.452557Z
M1,2517,saturated,M1,true,210.000,75.150,121.976,148.142,238152.624,238376.752,238398.701,1716413,1311516,385564672,110338048,49906,1721826,2026-08-02T10:04:37.452557Z
M1,2518,saturated,M1,true,210.000,74.815,117.183,146.633,238195.147,238429.982,238439.516,1716809,1311829,385622016,110362624,49911,1722254,2026-08-02T10:04:37.452557Z
M1,2519,saturated,M1,true,215.000,77.369,119.125,138.525,238167.593,238437.644,238498.549,1717214,1312036,385662976,110370816,49908,1722676,2026-08-02T10:04:37.452557Z
M1,2520,saturated,M1,true,206.000,75.003,118.238,139.682,238179.482,238410.819,238443.511,1717610,1312354,385785856,110395392,49911,1723102,2026-08-02T10:04:37.452557Z
M1,2521,saturated,M1,true,195.000,76.684,139.763,150.844,238198.607,238500.640,238545.407,1718038,1312566,385859584,110419968,49911,1723495,2026-08-02T10:04:37.452557Z
M1,2522,saturated,M1,true,204.000,76.097,115.970,129.590,238179.602,238398.261,238446.452,1718426,1312761,385892352,110444544,49919,1723908,2026-08-02T10:04:37.452557Z
M1,2523,saturated,M1,true,178.000,80.844,213.431,248.322,238357.361,238545.301,238572.906,1718827,1312969,385949696,110460928,49912,1724261,2026-08-02T10:04:37.452557Z
M1,2524,saturated,M1,true,193.000,80.339,140.181,147.235,238416.102,238636.128,238675.600,1715191,1316853,386080768,110477312,49913,1724654,2026-08-02T10:05:37.483123Z
M1,2525,saturated,M1,true,209.000,73.898,109.817,147.829,238420.837,238641.559,238670.926,1715591,1317132,386252800,110501888,49910,1725067,2026-08-02T10:05:37.483123Z
M1,2526,saturated,M1,true,206.000,73.165,118.638,139.618,238445.998,238670.536,238697.673,1716023,1317327,386277376,110510080,49916,1725487,2026-08-02T10:05:37.483123Z
M1,2527,saturated,M1,true,201.000,73.577,133.897,152.925,238529.224,238781.958,238797.885,1716430,1317637,386301952,110551040,49908,1725893,2026-08-02T10:05:37.483123Z
M1,2528,saturated,M1,true,215.000,72.393,118.972,140.754,238560.807,238802.107,238848.146,1716855,1317637,386490368,110559232,49915,1726326,2026-08-02T10:05:37.483123Z
M1,2529,saturated,M1,true,212.000,72.190,115.955,131.756,238570.871,238798.645,238813.766,1717251,1317945,386514944,110583808,49918,1726755,2026-08-02T10:05:37.483123Z
M1,2530,saturated,M1,true,210.000,75.288,119.061,145.265,238525.464,238735.479,238765.080,1717684,1318268,386539520,110600192,49917,1727177,2026-08-02T10:05:37.483123Z
M1,2531,saturated,M1,true,191.000,75.015,155.822,185.882,238624.286,238862.859,238911.327,1718115,1318582,386711552,110616576,49912,1727556,2026-08-02T10:05:37.483123Z
M1,2532,saturated,M1,true,209.000,70.752,117.540,140.416,238490.169,238726.827,238753.613,1718515,1318582,386752512,110649344,49923,1727989,2026-08-02T10:05:37.483123Z
M1,2533,saturated,M1,true,175.000,76.584,217.596,265.813,238715.742,238953.719,238977.752,1718905,1318772,386777088,110665728,49917,1728341,2026-08-02T10:05:37.483123Z
M1,2534,saturated,M1,true,210.000,73.121,125.260,150.695,238751.863,238980.660,238992.008,1719286,1319056,386908160,110682112,49920,1728770,2026-08-02T10:05:37.483123Z
M1,2535,saturated,M1,true,213.000,74.862,120.707,141.031,238714.847,238956.110,239013.433,1719720,1319270,386981888,110698496,49919,1729189,2026-08-02T10:05:37.483123Z
M1,2536,saturated,M1,true,211.000,74.360,113.745,126.839,238819.093,239034.609,239076.910,1720155,1319270,387006464,110731264,49921,1729613,2026-08-02T10:05:37.483123Z
M1,2537,saturated,M1,true,201.000,79.151,123.204,159.154,238851.095,239076.253,239113.517,1720578,1319582,387129344,110731264,49920,1730013,2026-08-02T10:05:37.483123Z
M1,2538,saturated,M1,true,207.000,75.728,119.903,135.761,238888.717,239118.028,239159.076,1720983,1319890,387219456,110772224,49919,1730434,2026-08-02T10:05:37.483123Z
M1,2539,saturated,M1,true,204.000,73.469,124.883,145.059,238958.391,239210.880,239235.969,1721411,1319997,387244032,110788608,49918,1730849,2026-08-02T10:05:37.483123Z
M1,2540,saturated,M1,true,210.000,81.190,117.167,132.932,239026.337,239219.863,239253.439,1721822,1320305,387358720,110804992,49922,1731272,2026-08-02T10:05:37.483123Z
M1,2541,saturated,M1,true,197.000,74.134,133.159,197.779,239086.947,239311.347,239348.354,1722196,1320514,387457024,110829568,49920,1731660,2026-08-02T10:05:37.483123Z
M1,2542,saturated,M1,true,210.000,74.760,107.845,116.436,239040.871,239295.462,239347.078,1722592,1320514,387481600,110837760,49921,1732091,2026-08-02T10:05:37.483123Z
M1,2543,saturated,M1,true,185.000,77.341,155.371,231.923,239129.841,239389.103,239426.807,1723009,1320815,387579904,110870528,49932,1732474,2026-08-02T10:05:37.483123Z
M1,2544,saturated,M1,true,206.000,77.975,127.765,150.464,239191.619,239424.622,239447.194,1723369,1321019,387694592,110886912,49920,1732878,2026-08-02T10:05:37.483123Z
M1,2545,saturated,M1,true,213.000,73.784,118.741,128.839,239253.785,239477.853,239494.118,1723801,1321211,387719168,110911488,49924,1733302,2026-08-02T10:05:37.483123Z
M1,2546,saturated,M1,true,204.000,76.644,122.475,141.409,239285.040,239513.483,239525.784,1724232,1321525,387809280,110927872,49931,1733722,2026-08-02T10:05:37.483123Z
M1,2547,saturated,M1,true,205.000,75.608,116.528,135.166,239356.677,239598.474,239629.208,1724660,1321525,387923968,110952448,49930,1734137,2026-08-02T10:05:37.483123Z
M1,2548,saturated,M1,true,204.000,77.715,114.279,133.773,239410.034,239626.591,239652.252,1725079,1321834,387956736,110968832,49930,1734547,2026-08-02T10:05:37.483123Z
M1,2549,saturated,M1,true,210.000,75.313,119.014,133.255,239468.857,239730.237,239750.731,1725504,1322042,388038656,110993408,49932,1734965,2026-08-02T10:05:37.483123Z
M1,2550,saturated,M1,true,215.000,75.501,109.332,138.998,239560.914,239809.170,239835.106,1725900,1322358,388169728,111017984,49923,1735390,2026-08-02T10:05:37.483123Z
M1,2551,saturated,M1,true,189.000,79.234,131.786,179.492,239621.024,239849.744,239873.337,1726321,1322561,388194304,111026176,49931,1735786,2026-08-02T10:05:37.483123Z
M1,2552,saturated,M1,true,207.000,75.824,113.042,128.809,239697.314,239928.920,239968.870,1726716,1322561,388268032,111058944,49931,1736206,2026-08-02T10:05:37.483123Z
M1,2553,saturated,M1,true,185.000,80.568,186.962,246.629,239771.220,239974.139,240008.112,1727093,1322867,388390912,111067136,49930,1736578,2026-08-02T10:05:37.483123Z
M1,2554,saturated,M1,true,208.000,77.955,120.116,137.446,239775.397,239994.793,240040.336,1727491,1323152,388423680,111091712,49935,1736997,2026-08-02T10:05:37.483123Z
M1,2555,saturated,M1,true,211.000,74.438,112.219,123.372,239840.856,240080.826,240101.984,1727901,1323364,388489216,111116288,49929,1737419,2026-08-02T10:05:37.483123Z
M1,2556,saturated,M1,true,211.000,75.126,109.089,122.239,239886.786,240094.386,240149.320,1728337,1323573,388628480,111140864,49936,1737845,2026-08-02T10:05:37.483123Z
M1,2557,saturated,M1,true,207.000,71.393,121.911,128.900,239976.807,240186.124,240241.455,1728763,1323573,388661248,111157248,49935,1738274,2026-08-02T10:05:37.483123Z
M1,2558,saturated,M1,true,216.000,78.020,123.162,133.856,240001.684,240227.828,240244.061,1729187,1323889,388726784,111165440,49934,1738692,2026-08-02T10:05:37.483123Z
M1,2559,saturated,M1,true,210.000,72.240,115.262,128.725,240061.071,240282.604,240324.721,1729599,1324104,388866048,111206400,49939,1739127,2026-08-02T10:05:37.483123Z
M1,2560,saturated,M1,true,212.000,72.826,126.498,156.762,240091.771,240337.397,240350.444,1730041,1324315,388898816,111206400,49939,1739548,2026-08-02T10:05:37.483123Z
M1,2561,saturated,M1,true,188.000,75.975,135.070,185.542,240201.601,240428.180,240450.399,1730461,1324525,388964352,111239168,49941,1739933,2026-08-02T10:05:37.483123Z
M1,2562,saturated,M1,true,211.000,75.557,114.597,130.115,240244.146,240474.095,240492.514,1730809,1324825,389095424,111263744,49938,1740354,2026-08-02T10:05:37.483123Z
M1,2563,saturated,M1,true,184.000,84.011,173.135,223.236,240347.614,240553.299,240594.770,1731225,1325033,389136384,111280128,49939,1740730,2026-08-02T10:05:37.483123Z
M1,2564,saturated,M1,true,208.000,75.504,115.314,140.605,240340.952,240607.159,240636.152,1731609,1325219,389177344,111296512,49939,1741153,2026-08-02T10:05:37.483123Z
M1,2565,saturated,M1,true,205.000,74.288,118.901,140.132,240416.230,240627.382,240643.240,1732024,1325428,389324800,111321088,49946,1741570,2026-08-02T10:05:37.483123Z
M1,2566,saturated,M1,true,212.000,76.459,113.298,138.559,240478.363,240700.099,240711.235,1732447,1325639,389373952,111337472,49944,1741992,2026-08-02T10:05:37.483123Z
M1,2567,saturated,M1,true,208.000,76.002,115.276,132.368,240522.057,240753.332,240767.763,1732881,1325848,389423104,111353856,49949,1742421,2026-08-02T10:05:37.483123Z
M1,2568,saturated,M1,true,207.000,74.567,119.977,148.625,240615.918,240849.954,240889.768,1733303,1326061,389545984,111394816,49943,1742825,2026-08-02T10:05:37.483123Z
M1,2569,saturated,M1,true,206.000,74.316,126.611,143.730,240650.534,240919.711,240932.975,1733695,1326061,389611520,111394816,49949,1743250,2026-08-02T10:05:37.483123Z
M1,2570,saturated,M1,true,209.000,73.317,109.787,128.078,240642.389,240878.549,240895.462,1734123,1326364,389660672,111419392,49948,1743676,2026-08-02T10:05:37.483123Z
M1,2571,saturated,M1,true,192.000,78.961,133.951,215.059,240694.510,241018.456,241045.571,1734549,1326579,389783552,111443968,49949,1744057,2026-08-02T10:05:37.483123Z
M1,2572,saturated,M1,true,212.000,70.085,115.159,135.944,240814.366,240986.804,241019.709,1734921,1326787,389840896,111468544,49948,1744480,2026-08-02T10:05:37.483123Z
M1,2573,saturated,M1,true,181.000,76.232,180.598,225.501,240855.005,241170.228,241195.030,1735292,1327088,389873664,111484928,49947,1744854,2026-08-02T10:05:37.483123Z
M1,2574,saturated,M1,true,209.000,78.559,112.003,125.890,240880.668,241069.700,241082.485,1735698,1327271,389988352,111509504,49950,1745271,2026-08-02T10:05:37.483123Z
M1,2575,saturated,M1,true,209.000,76.666,118.713,146.983,240898.957,241120.256,241152.052,1736127,1327271,390078464,111525888,49955,1745693,2026-08-02T10:05:37.483123Z
M1,2576,saturated,M1,true,213.000,72.692,116.577,134.379,240879.155,241159.488,241182.997,1736557,1327581,390119424,111534080,49951,1746114,2026-08-02T10:05:37.483123Z
M1,2577,saturated,M1,true,206.000,73.786,111.805,129.954,240881.049,241099.826,241120.811,1736983,1327899,390217728,111566848,49959,1746538,2026-08-02T10:05:37.483123Z
M1,2578,saturated,M1,true,206.000,77.767,124.506,145.072,240947.020,241167.893,241227.190,1737417,1328113,390316032,111591424,49951,1746953,2026-08-02T10:05:37.483123Z
M1,2579,saturated,M1,true,209.000,73.417,119.743,141.707,240994.738,241223.906,241265.509,1737852,1328113,390348800,111607808,49948,1747371,2026-08-02T10:05:37.483123Z
M1,2580,saturated,M1,true,205.000,78.520,117.317,139.876,241017.760,241254.778,241281.066,1738269,1328420,390463488,111624192,49956,1747781,2026-08-02T10:05:37.483123Z
M1,2581,saturated,M1,true,190.000,81.291,123.329,174.930,241161.974,241393.533,241418.639,1738659,1328626,390553600,111648768,49957,1748175,2026-08-02T10:05:37.483123Z
M1,2582,saturated,M1,true,207.000,73.977,110.117,133.640,241183.893,241421.673,241442.049,1739079,1328830,390586368,111665152,49961,1748594,2026-08-02T10:05:37.483123Z
M1,2583,saturated,M1,true,175.000,84.947,161.882,181.391,241292.583,241533.795,241570.692,1739464,1329133,390676480,111673344,49957,1748953,2026-08-02T10:05:37.483123Z
M1,2584,saturated,M1,true,196.000,78.849,134.410,158.484,241403.947,241641.972,241670.399,1743835,1325491,390709248,111714304,49962,1749347,2026-08-02T10:06:37.372514Z
M1,2585,saturated,M1,true,205.000,78.647,120.049,132.710,241376.499,241585.104,241590.890,1744256,1325491,390709248,111722496,49962,1749757,2026-08-02T10:06:37.372514Z
M1,2586,saturated,M1,true,203.000,79.242,112.439,130.849,241407.355,241634.324,241658.585,1744619,1325789,390889472,111747072,49961,1750168,2026-08-02T10:06:37.372514Z
M1,2587,saturated,M1,true,207.000,76.098,115.217,122.217,241449.326,241669.358,241700.265,1745040,1325995,390914048,111763456,49960,1750582,2026-08-02T10:06:37.372514Z
M1,2588,saturated,M1,true,209.000,75.108,124.286,148.125,241485.649,241717.228,241751.360,1745450,1326305,390938624,111788032,49958,1750993,2026-08-02T10:06:37.372514Z
M1,2589,saturated,M1,true,205.000,76.561,125.116,149.385,241594.965,241805.825,241844.213,1745872,1326507,391102464,111796224,49966,1751413,2026-08-02T10:06:37.372514Z
M1,2590,saturated,M1,true,205.000,75.296,110.013,135.349,241566.664,241793.274,241811.919,1746258,1326507,391151616,111837184,49964,1751824,2026-08-02T10:06:37.372514Z
M1,2591,saturated,M1,true,188.000,78.483,155.081,193.399,241517.498,241757.369,241791.692,1746642,1326823,391176192,111853568,49965,1752203,2026-08-02T10:06:37.372514Z
M1,2592,saturated,M1,true,206.000,76.695,114.827,125.233,241574.602,241812.349,241822.436,1747049,1327010,391340032,111861760,49966,1752628,2026-08-02T10:06:37.372514Z
M1,2593,saturated,M1,true,179.000,81.192,187.906,236.757,241673.061,241893.545,241909.121,1747421,1327317,391380992,111894528,49968,1752981,2026-08-02T10:06:37.372514Z
M1,2594,saturated,M1,true,206.000,76.670,113.404,134.220,241684.246,241977.400,241991.948,1747827,1327498,391405568,111902720,49967,1753392,2026-08-02T10:06:37.372514Z
M1,2595,saturated,M1,true,213.000,75.571,113.014,137.028,241655.873,241855.810,241876.039,1748255,1327601,391462912,111927296,49967,1753816,2026-08-02T10:06:37.372514Z
M1,2596,saturated,M1,true,203.000,77.549,111.648,127.336,241651.622,241870.268,241891.323,1748687,1327914,391626752,111951872,49963,1754239,2026-08-02T10:06:37.372514Z
M1,2597,saturated,M1,true,211.000,71.755,111.333,122.868,241680.782,241906.037,241939.431,1749101,1328123,391651328,111976448,49968,1754661,2026-08-02T10:06:37.372514Z
M1,2598,saturated,M1,true,205.000,75.435,111.730,127.927,241705.154,241917.320,241944.690,1749533,1328123,391733248,111984640,49970,1755078,2026-08-02T10:06:37.372514Z
M1,2599,saturated,M1,true,198.000,78.667,128.869,145.059,241767.262,242020.555,242053.595,1749934,1328439,391839744,112009216,49973,1755475,2026-08-02T10:06:37.372514Z
M1,2600,saturated,M1,true,209.000,72.927,121.431,164.956,241870.400,242099.404,242132.735,1750353,1328640,391897088,112033792,49972,1755897,2026-08-02T10:06:37.372514Z
M1,2601,saturated,M1,true,195.000,79.155,142.030,160.714,241983.794,242216.032,242261.633,1750745,1328843,391962624,112050176,49968,1756286,2026-08-02T10:06:37.372514Z
M1,2602,saturated,M1,true,204.000,78.867,125.841,140.739,242048.596,242262.875,242319.717,1751160,1329038,392077312,112074752,49971,1756701,2026-08-02T10:06:37.372514Z
M1,2603,saturated,M1,true,181.000,79.023,147.490,188.285,242183.517,242389.577,242425.753,1751528,1329346,392134656,112091136,49974,1757062,2026-08-02T10:06:37.372514Z
M1,2604,saturated,M1,true,202.000,75.927,120.394,136.645,242203.124,242444.416,242466.838,1751878,1329531,392175616,112115712,49976,1757477,2026-08-02T10:06:37.372514Z
M1,2605,saturated,M1,true,196.000,84.889,125.119,153.669,242222.351,242473.903,242488.920,1752278,1329733,392306688,112115712,49973,1757871,2026-08-02T10:06:37.372514Z
M1,2606,saturated,M1,true,201.000,78.050,128.464,141.251,242262.453,242496.063,242513.228,1752685,1329930,392364032,112156672,49975,1758276,2026-08-02T10:06:37.372514Z
M1,2607,saturated,M1,true,204.000,73.847,133.049,151.825,242350.793,242587.337,242610.187,1753075,1330131,392404992,112164864,49980,1758691,2026-08-02T10:06:37.372514Z
M1,2608,saturated,M1,true,203.000,75.262,126.200,144.016,242424.467,242633.957,242664.849,1753505,1330131,392527872,112189440,49973,1759096,2026-08-02T10:06:37.372514Z
M1,2609,saturated,M1,true,205.000,73.663,106.883,127.455,242401.636,242630.695,242653.000,1753908,1330437,392601600,112214016,49977,1759517,2026-08-02T10:06:37.372514Z
M1,2610,saturated,M1,true,214.000,72.642,113.061,127.056,242378.495,242608.051,242642.461,1754342,1330647,392642560,112230400,49981,1759943,2026-08-02T10:06:37.372514Z
M1,2611,saturated,M1,true,191.000,81.856,137.204,202.854,242499.383,242717.564,242780.519,1754733,1330963,392757248,112246784,49980,1760328,2026-08-02T10:06:37.372514Z
M1,2612,saturated,M1,true,212.000,75.851,121.255,149.664,242507.659,242771.020,242794.702,1755144,1330963,392839168,112279552,49979,1760748,2026-08-02T10:06:37.372514Z
M1,2613,saturated,M1,true,181.000,79.303,126.653,185.263,242624.225,242870.514,242907.994,1755530,1331259,392880128,112304128,49980,1761119,2026-08-02T10:06:37.372514Z
M1,2614,saturated,M1,true,208.000,72.956,113.627,134.310,242669.533,242851.020,242880.293,1755901,1331445,392970240,112312320,49878,1761539,2026-08-02T10:06:37.372514Z
M1,2615,saturated,M1,true,205.000,73.326,117.218,154.122,242615.718,242884.456,242897.004,1756333,1331652,393068544,112353280,49984,1761966,2026-08-02T10:06:37.372514Z
M1,2616,saturated,M1,true,209.000,77.909,110.976,137.674,242620.856,242832.687,242856.267,1756708,1331967,393109504,112353280,49981,1762372,2026-08-02T10:06:37.372514Z
M1,2617,saturated,M1,true,207.000,79.034,117.864,126.550,242682.964,242884.014,242920.555,1757130,1332278,393207808,112377856,49985,1762790,2026-08-02T10:06:37.372514Z
M1,2618,saturated,M1,true,198.000,79.648,117.164,148.332,242691.197,242986.280,242997.873,1757555,1332378,393297920,112410624,49879,1763199,2026-08-02T10:06:37.372514Z
M1,2619,saturated,M1,true,207.000,74.322,118.746,139.315,242800.142,243004.484,243044.263,1757975,1332581,393347072,112427008,49984,1763622,2026-08-02T10:06:37.372514Z
M1,2620,saturated,M1,true,212.000,75.225,112.713,127.303,242814.187,243028.600,243061.966,1758400,1332581,393428992,112443392,49981,1764036,2026-08-02T10:06:37.372514Z
M1,2621,saturated,M1,true,197.000,79.351,127.346,155.398,242892.905,243137.407,243188.870,1758823,1332895,393535488,112467968,49882,1764439,2026-08-02T10:06:37.372514Z
M1,2622,saturated,M1,true,207.000,78.353,113.960,130.965,242961.517,243176.714,243208.396,1759231,1333091,393584640,112492544,49885,1764849,2026-08-02T10:06:37.372514Z
M1,2623,saturated,M1,true,168.000,83.053,171.945,222.298,243116.397,243372.459,243416.397,1759587,1333401,393650176,112492544,49894,1765201,2026-08-02T10:06:37.372514Z
M1,2624,saturated,M1,true,204.000,72.442,114.829,124.913,243193.735,243430.403,243484.016,1759960,1333575,393748480,112533504,49884,1765604,2026-08-02T10:06:37.372514Z
M1,2625,saturated,M1,true,201.000,76.485,117.904,147.435,243200.730,243447.705,243467.937,1760357,1333575,393814016,112541696,49891,1766011,2026-08-02T10:06:37.372514Z
M1,2626,saturated,M1,true,204.000,77.445,120.596,153.013,243248.077,243512.455,243540.237,1760780,1333880,393879552,112566272,49888,1766422,2026-08-02T10:06:37.372514Z
M1,2627,saturated,M1,true,211.000,73.428,116.153,131.887,243232.926,243480.041,243490.456,1761212,1334080,393977856,112582656,49887,1766847,2026-08-02T10:06:37.372514Z
M1,2628,saturated,M1,true,199.000,76.178,120.923,144.707,243272.875,243499.179,243515.538,1761628,1334291,394051584,112607232,49891,1767250,2026-08-02T10:06:37.372514Z
M1,2629,saturated,M1,true,204.000,77.536,121.706,137.044,243295.596,243543.478,243570.881,1762033,1334597,394108928,112623616,49892,1767648,2026-08-02T10:06:37.372514Z
M1,2630,saturated,M1,true,203.000,72.958,122.424,129.733,243407.536,243623.685,243642.690,1762451,1334597,394207232,112640000,49885,1768079,2026-08-02T10:06:37.372514Z
M1,2631,saturated,M1,true,189.000,75.008,142.105,190.449,243494.054,243721.154,243739.767,1762858,1334899,394272768,112672768,49893,1768457,2026-08-02T10:06:37.372514Z
M1,2632,saturated,M1,true,210.000,78.921,123.290,131.084,243527.156,243785.132,243807.940,1763275,1335097,394338304,112680960,49881,1768878,2026-08-02T10:06:37.372514Z
M1,2633,saturated,M1,true,177.000,80.491,146.443,195.918,243647.144,243904.917,243938.592,1763418,1335296,394379264,112689152,49895,1769035,2026-08-02T10:06:37.372514Z
M1,2634,saturated,M1,true,209.000,73.079,126.282,144.284,243750.916,243984.030,244004.760,1764084,1335587,394502144,112721920,49897,1769652,2026-08-02T10:06:37.372514Z
M1,2635,saturated,M1,true,205.000,76.053,113.851,127.307,243766.729,244015.326,244029.927,1764169,1335587,394534912,112738304,49894,1769862,2026-08-02T10:06:37.372514Z
M1,2636,saturated,M1,true,201.000,78.094,129.394,136.484,243820.546,244074.227,244144.307,1764587,1335895,394616832,112754688,49899,1770265,2026-08-02T10:06:37.372514Z
M1,2637,saturated,M1,true,208.000,72.813,110.629,145.946,243833.281,244038.358,244085.626,1764982,1335895,394698752,112779264,49897,1770685,2026-08-02T10:06:37.372514Z
M1,2638,saturated,M1,true,203.000,78.954,120.372,128.671,243845.643,244101.294,244114.105,1765407,1336198,394764288,112795648,49900,1771097,2026-08-02T10:06:37.372514Z
M1,2639,saturated,M1,true,199.000,78.179,133.799,153.330,243905.788,244111.035,244132.361,1765834,1336409,394829824,112820224,49899,1771512,2026-08-02T10:06:37.372514Z
M1,2640,saturated,M1,true,209.000,73.785,133.047,155.109,243953.706,244191.937,244201.342,1766240,1336612,394936320,112820224,49900,1771924,2026-08-02T10:06:37.372514Z
M1,2641,saturated,M1,true,187.000,79.309,130.361,169.068,243973.150,244219.177,244259.459,1766661,1336820,395001856,112861184,49903,1772305,2026-08-02T10:06:37.372514Z
M1,2642,saturated,M1,true,205.000,74.918,119.387,147.127,244131.552,244376.958,244421.300,1767053,1337111,395059200,112877568,49906,1772718,2026-08-02T10:06:37.372514Z
M1,2643,saturated,M1,true,179.000,82.545,197.814,270.309,244295.821,244547.908,244575.886,1767463,1337317,395141120,112893952,49900,1773068,2026-08-02T10:06:37.372514Z
M1,2644,saturated,M1,true,192.000,85.419,129.474,155.623,244459.141,244681.662,244711.999,1767768,1337356,395206656,112918528,49901,1773462,2026-08-02T10:07:37.517663Z
M1,2645,saturated,M1,true,204.000,73.451,117.947,142.908,244490.250,244707.624,244716.359,1768159,1337356,395272192,112934912,49908,1773872,2026-08-02T10:07:37.517663Z
M1,2646,saturated,M1,true,199.000,77.104,112.566,136.973,244450.461,244678.350,244719.228,1768579,1337657,395411456,112951296,49908,1774280,2026-08-02T10:07:37.517663Z
M1,2647,saturated,M1,true,205.000,78.553,120.241,149.990,244521.944,244760.662,244829.719,1769001,1337858,395436032,112967680,49906,1774691,2026-08-02T10:07:37.517663Z
M1,2648,saturated,M1,true,194.000,82.544,142.489,160.139,244461.499,244712.086,244735.769,1769411,1338059,395460608,113000448,49907,1775079,2026-08-02T10:07:37.517663Z
M1,2649,saturated,M1,true,176.000,80.117,182.673,226.932,244551.950,244805.549,244853.595,1769768,1338266,395649024,113008640,49908,1775441,2026-08-02T10:07:37.517663Z
M1,2650,saturated,M1,true,209.000,77.052,129.560,143.086,244552.172,244820.221,244836.982,1770172,1338537,395665408,113033216,49907,1775855,2026-08-02T10:07:37.517663Z
M1,2651,saturated,M1,true,190.000,79.034,122.978,145.774,244574.768,244793.652,244832.490,1770568,1338743,395689984,113049600,49909,1776243,2026-08-02T10:07:37.517663Z
M1,2652,saturated,M1,true,205.000,75.378,119.458,130.025,244613.578,244852.693,244892.885,1770929,1338743,395812864,113074176,49905,1776656,2026-08-02T10:07:37.517663Z
M1,2653,saturated,M1,true,170.000,82.971,206.252,237.000,244826.888,245071.637,245097.480,1771340,1339037,395919360,113074176,49909,1776999,2026-08-02T10:07:37.517663Z
M1,2654,saturated,M1,true,206.000,77.154,120.472,138.128,244930.259,245147.468,245181.112,1771724,1339239,395943936,113123328,49913,1777424,2026-08-02T10:07:37.517663Z
M1,2655,saturated,M1,true,206.000,77.948,122.704,139.272,244902.906,245131.438,245153.531,1772122,1339417,396042240,113123328,49912,1777829,2026-08-02T10:07:37.517663Z
M1,2656,saturated,M1,true,200.000,77.188,118.529,133.233,244928.969,245167.363,245193.761,1772482,1339727,396148736,113147904,49913,1778240,2026-08-02T10:07:37.517663Z
M1,2657,saturated,M1,true,196.000,79.381,125.148,150.006,244963.658,245205.090,245264.774,1772844,1339727,396181504,113164288,49915,1778636,2026-08-02T10:07:37.517663Z
M1,2658,saturated,M1,true,210.000,77.940,121.131,137.036,245043.562,245228.085,245279.950,1773257,1340030,396263424,113188864,49912,1779047,2026-08-02T10:07:37.517663Z
M1,2659,saturated,M1,true,193.000,79.203,115.515,147.187,244994.267,245257.898,245302.634,1773679,1340330,396369920,113205248,49913,1779449,2026-08-02T10:07:37.517663Z
M1,2660,saturated,M1,true,202.000,74.969,116.221,134.547,245097.262,245326.587,245345.491,1774085,1340330,396410880,113229824,49915,1779858,2026-08-02T10:07:37.517663Z
M1,2661,saturated,M1,true,194.000,80.310,132.332,150.185,245209.257,245445.123,245471.777,1774497,1340635,396484608,113254400,49916,1780243,2026-08-02T10:07:37.517663Z
M1,2662,saturated,M1,true,207.000,75.472,112.524,122.862,245216.650,245457.189,245472.934,1774898,1340925,396599296,113262592,49917,1780657,2026-08-02T10:07:37.517663Z
M1,2663,saturated,M1,true,181.000,79.763,187.058,238.052,245277.695,245551.494,245593.560,1775306,1341133,396648448,113295360,49917,1781023,2026-08-02T10:07:37.517663Z
M1,2664,saturated,M1,true,208.000,75.537,113.104,134.694,245324.297,245551.053,245564.595,1775682,1341133,396697600,113303552,49922,1781443,2026-08-02T10:07:37.517663Z
M1,2665,saturated,M1,true,198.000,80.882,127.887,155.563,245383.103,245634.531,245664.044,1776095,1341420,396804096,113328128,49921,1781847,2026-08-02T10:07:37.517663Z
M1,2666,saturated,M1,true,195.000,77.304,134.918,151.060,245448.195,245667.842,245699.193,1776492,1341725,396886016,113352704,49922,1782258,2026-08-02T10:07:37.517663Z
M1,2667,saturated,M1,true,208.000,76.877,120.043,146.940,245488.359,245709.497,245746.838,1776888,1341926,396918784,113377280,49917,1782650,2026-08-02T10:07:37.517663Z
M1,2668,saturated,M1,true,207.000,76.691,123.891,142.032,245562.716,245781.562,245811.237,1777266,1341926,397041664,113385472,49921,1783073,2026-08-02T10:07:37.517663Z
M1,2669,saturated,M1,true,206.000,75.989,113.043,125.611,245458.554,245707.919,245728.484,1777689,1342233,397115392,113410048,49924,1783491,2026-08-02T10:07:37.517663Z
M1,2670,saturated,M1,true,204.000,75.369,116.147,126.100,245485.570,245733.032,245771.296,1778121,1342436,397172736,113434624,49924,1783910,2026-08-02T10:07:37.517663Z
M1,2671,saturated,M1,true,194.000,80.014,134.650,177.791,245626.300,245880.408,245922.359,1778545,1342643,397262848,113442816,49921,1784293,2026-08-02T10:07:37.517663Z
M1,2672,saturated,M1,true,181.000,82.560,175.176,213.695,245730.902,245940.837,246062.831,1778944,1342940,397344768,113483776,49945,1784714,2026-08-02T10:07:37.517663Z
M1,2673,saturated,M1,true,165.000,81.247,266.120,291.700,245969.033,246232.879,246246.871,1779285,1343148,397377536,113483776,49924,1784987,2026-08-02T10:07:37.517663Z
M1,2674,saturated,M1,true,208.000,78.827,121.152,138.533,246076.589,246275.484,246307.587,1779650,1343148,397475840,113508352,49927,1785406,2026-08-02T10:07:37.517663Z
M1,2675,saturated,M1,true,197.000,82.273,120.635,136.973,246101.874,246358.797,246396.776,1780052,1343389,397565952,113516544,49931,1785807,2026-08-02T10:07:37.517663Z
M1,2676,saturated,M1,true,180.000,80.415,214.930,252.281,246250.982,246513.834,246550.262,1780444,1343596,397598720,113549312,49928,1786173,2026-08-02T10:07:37.517663Z
M1,2677,saturated,M1,true,203.000,77.297,120.261,131.768,246335.035,246555.606,246599.571,1780818,1343793,397697024,113557504,49935,1786587,2026-08-02T10:07:37.517663Z
M1,2678,saturated,M1,true,202.000,80.530,125.954,139.153,246376.461,246590.578,246616.016,1781243,1344082,397778944,113598464,49931,1786997,2026-08-02T10:07:37.517663Z
M1,2679,saturated,M1,true,208.000,79.697,121.479,139.989,246393.961,246637.273,246658.832,1781669,1344284,397836288,113606656,49926,1787399,2026-08-02T10:07:37.517663Z
M1,2680,saturated,M1,true,205.000,76.458,118.579,149.385,246357.175,246587.810,246602.217,1782087,1344284,397901824,113639424,49932,1787824,2026-08-02T10:07:37.517663Z
M1,2681,saturated,M1,true,185.000,84.651,136.487,160.450,246421.785,246655.727,246699.633,1782491,1344591,398000128,113647616,49935,1788210,2026-08-02T10:07:37.517663Z
M1,2682,saturated,M1,true,204.000,73.785,119.606,141.016,246467.199,246733.100,246766.642,1782842,1344888,398065664,113672192,49940,1788612,2026-08-02T10:07:37.517663Z
M1,2683,saturated,M1,true,166.000,85.669,211.835,247.339,246568.658,246784.525,246811.898,1783210,1345090,398114816,113688576,49934,1788946,2026-08-02T10:07:37.517663Z
M1,2684,saturated,M1,true,206.000,75.378,120.344,138.401,246451.615,246703.056,246735.451,1783580,1345090,398221312,113713152,49933,1789360,2026-08-02T10:07:37.517663Z
M1,2685,saturated,M1,true,198.000,80.959,128.032,147.640,246560.884,246813.529,246855.720,1783982,1345355,398295040,113729536,49938,1789771,2026-08-02T10:07:37.517663Z
M1,2686,saturated,M1,true,201.000,77.417,119.671,151.961,246628.442,246856.332,246905.749,1784409,1345564,398344192,113754112,49938,1790174,2026-08-02T10:07:37.517663Z
M1,2687,saturated,M1,true,211.000,77.535,116.014,135.572,246649.595,246878.872,246907.286,1784825,1345764,398450688,113778688,49937,1790587,2026-08-02T10:07:37.517663Z
M1,2688,saturated,M1,true,205.000,78.213,115.553,132.181,246631.331,246847.884,246897.358,1785208,1346073,398516224,113786880,49939,1791004,2026-08-02T10:07:37.517663Z
M1,2689,saturated,M1,true,206.000,79.121,122.830,141.283,246625.258,246844.758,246882.598,1785607,1346279,398565376,113827840,49940,1791414,2026-08-02T10:07:37.517663Z
M1,2690,saturated,M1,true,204.000,74.925,119.857,136.442,246531.340,246768.081,246800.388,1785990,1346279,398688256,113836032,49940,1791825,2026-08-02T10:07:37.517663Z
M1,2691,saturated,M1,true,189.000,79.207,141.810,202.520,246633.888,246866.091,246927.736,1786387,1346584,398745600,113852416,49937,1792208,2026-08-02T10:07:37.517663Z
M1,2692,saturated,M1,true,204.000,78.653,116.940,134.890,246645.415,246859.960,246885.682,1786791,1346877,398802944,113876992,49938,1792625,2026-08-02T10:07:37.517663Z
M1,2693,saturated,M1,true,179.000,80.100,199.650,233.592,246769.620,247029.031,247089.000,1787196,1347086,398909440,113893376,49942,1792977,2026-08-02T10:07:37.517663Z
M1,2694,saturated,M1,true,204.000,77.086,121.568,137.515,246833.871,247049.908,247068.457,1787592,1347086,398966784,113909760,49943,1793398,2026-08-02T10:07:37.517663Z
M1,2695,saturated,M1,true,203.000,75.429,121.516,130.062,246907.398,247140.146,247170.857,1787981,1347363,399032320,113934336,49939,1793798,2026-08-02T10:07:37.517663Z
M1,2696,saturated,M1,true,196.000,78.181,121.697,146.143,246997.696,247231.727,247256.571,1788395,1347573,399122432,113958912,49943,1794205,2026-08-02T10:07:37.517663Z
M1,2697,saturated,M1,true,203.000,74.389,127.901,140.181,247026.145,247267.839,247288.785,1788767,1347769,399196160,113967104,49945,1794614,2026-08-02T10:07:37.517663Z
M1,2698,saturated,M1,true,206.000,78.891,116.305,141.122,247011.431,247235.208,247277.449,1789155,1348076,399269888,113999872,49938,1795022,2026-08-02T10:07:37.517663Z
M1,2699,saturated,M1,true,206.000,78.400,115.495,126.945,246995.410,247221.575,247243.738,1789577,1348277,399351808,114008064,49944,1795442,2026-08-02T10:07:37.517663Z
