run_id,t_seconds,config,mitigation,antagonist_active,throughput,claim_p50,claim_p95,claim_p99,e2e_p50,e2e_p95,e2e_p99,n_dead_tup,n_live_tup,table_bytes,index_bytes,queue_depth,oldest_backend_xmin_age,last_autovacuum
M2,0,saturated,M2,false,0.000,0.000,0.000,0.000,0.000,0.000,0.000,0,0,0,0,0,0,
M2,1,saturated,M2,false,1018.000,3.342,9.872,16.049,473.937,897.408,925.429,196,0,2801664,573440,27632,44,
M2,2,saturated,M2,false,1364.000,1.462,5.181,8.071,1387.837,1838.215,1869.380,2412,27391,8896512,1810432,49770,14,
M2,3,saturated,M2,false,1377.000,1.498,2.582,4.252,2358.888,2794.622,2834.102,4995,52181,9183232,1925120,49760,0,
M2,4,saturated,M2,false,1308.000,1.189,3.656,16.761,3304.274,3747.333,3780.885,7747,53814,9560064,2015232,49799,40,
M2,5,saturated,M2,false,1393.000,1.387,2.417,3.459,4272.528,4711.534,4746.515,10422,54899,9871360,2113536,49800,0,
M2,6,saturated,M2,false,1400.000,1.550,2.360,2.817,5217.588,5665.664,5706.955,13210,56280,10199040,2220032,49818,0,
M2,7,saturated,M2,false,1362.000,1.641,2.658,5.946,6170.319,6618.698,6655.378,16024,57953,10551296,2326528,49820,0,
M2,8,saturated,M2,false,1397.000,1.494,2.336,3.206,7128.147,7579.753,7623.290,18768,59317,10887168,2416640,49804,0,
M2,9,saturated,M2,false,1343.000,1.693,2.889,3.617,8103.663,8534.987,8580.091,21534,60442,11206656,2514944,49820,10,
M2,10,saturated,M2,false,1369.000,1.368,2.509,36.983,9048.009,9496.339,9532.509,24273,62057,11567104,2621440,49800,0,
M2,11,saturated,M2,false,1343.000,1.500,3.987,5.029,10015.493,10443.833,10486.882,27016,63151,11853824,2719744,49839,20,
M2,12,saturated,M2,false,1303.000,1.376,4.330,18.221,10950.267,11391.922,11432.991,29724,64788,12189696,2826240,49820,19,
M2,13,saturated,M2,false,1420.000,1.500,2.803,4.367,11911.901,12355.850,12395.292,32342,65817,12533760,2916352,49804,20,
M2,14,saturated,M2,false,1368.000,1.474,4.195,7.932,12876.094,13311.073,13351.203,35185,67734,12886016,3014656,49819,0,
M2,15,saturated,M2,false,1347.000,1.630,3.091,4.189,13829.201,14249.033,14291.660,37951,69115,13197312,3121152,49821,0,
M2,16,saturated,M2,false,1368.000,1.656,3.199,4.365,14751.611,15196.935,15236.397,40678,70671,13524992,3203072,49822,0,
M2,17,saturated,M2,false,1381.000,1.410,2.783,3.462,15689.840,16125.981,16169.039,988,71290,13721600,3309568,49823,37,2026-08-02T11:13:38.716703Z
M2,18,saturated,M2,false,1344.000,1.657,2.698,3.309,16655.107,17058.560,17105.753,3740,72643,13721600,3375104,49838,40,2026-08-02T11:13:38.716703Z
M2,19,saturated,M2,false,1402.000,1.518,2.777,3.473,17594.539,18043.127,18073.560,6504,74258,13721600,3432448,49820,23,2026-08-02T11:13:38.716703Z
M2,20,saturated,M2,false,1360.000,1.633,2.510,3.040,18563.504,18988.885,19030.887,9250,75641,13828096,3489792,49820,0,2026-08-02T11:13:38.716703Z
M2,21,saturated,M2,false,1340.000,1.570,2.702,3.263,19533.727,19970.882,20010.200,11987,76981,14155776,3555328,49831,2,2026-08-02T11:13:38.716703Z
M2,22,saturated,M2,false,1244.000,1.657,5.904,26.531,20440.812,20925.518,20971.953,14696,78381,14548992,3612672,49857,4,2026-08-02T11:13:38.716703Z
M2,23,saturated,M2,false,1125.000,2.059,8.867,19.741,21551.975,21927.517,21957.914,17084,79725,14753792,3645440,49840,2,2026-08-02T11:13:38.716703Z
M2,24,saturated,M2,false,1363.000,1.188,3.623,14.545,22425.740,22897.406,22936.978,19378,80575,15073280,3694592,49860,19,2026-08-02T11:13:38.716703Z
M2,25,saturated,M2,false,1426.000,1.453,2.700,3.390,23437.000,23870.471,23910.073,22095,81877,15392768,3760128,49854,6,2026-08-02T11:13:38.716703Z
M2,26,saturated,M2,false,1386.000,1.581,2.943,4.332,24422.676,24849.989,24888.450,24933,83239,15753216,3817472,49860,0,2026-08-02T11:13:38.716703Z
M2,27,saturated,M2,false,1380.000,1.562,2.389,2.709,25390.528,25824.568,25864.303,27714,84898,16130048,3915776,49857,0,2026-08-02T11:13:38.716703Z
M2,28,saturated,M2,false,1360.000,1.478,2.736,3.626,26335.516,26792.191,26835.343,30511,86541,16457728,4005888,49860,7,2026-08-02T11:13:38.716703Z
M2,29,saturated,M2,false,1439.000,1.386,3.479,5.714,27320.281,27768.609,27810.427,33277,87941,16793600,4104192,49853,25,2026-08-02T11:13:38.716703Z
M2,30,saturated,M2,false,1300.000,1.521,3.594,5.749,28298.841,28739.344,28783.035,35929,89522,17104896,4177920,49896,18,2026-08-02T11:13:38.716703Z
M2,31,saturated,M2,false,1380.000,1.503,2.316,2.679,29282.217,29725.516,29767.070,38638,90700,17457152,4276224,49879,0,2026-08-02T11:13:38.716703Z
M2,32,saturated,M2,false,1270.000,1.489,3.705,23.072,30223.637,30702.515,30743.398,41409,92229,17752064,4382720,49880,14,2026-08-02T11:13:38.716703Z
M2,33,saturated,M2,false,1380.000,1.633,2.821,3.354,31233.784,31689.246,31730.730,43976,93499,18079744,4464640,49883,0,2026-08-02T11:13:38.716703Z
M2,34,saturated,M2,false,1326.000,1.548,4.748,21.205,32220.838,32670.825,32713.859,46717,94882,18415616,4562944,49880,0,2026-08-02T11:13:38.716703Z
M2,35,saturated,M2,false,1420.000,1.430,2.320,4.740,33222.840,33656.034,33696.712,49399,96205,18735104,4661248,49880,0,2026-08-02T11:13:38.716703Z
M2,36,saturated,M2,false,1427.000,1.490,2.806,4.002,34199.969,34626.872,34666.569,52230,97625,19046400,4775936,49900,0,2026-08-02T11:13:38.716703Z
M2,37,saturated,M2,false,1380.000,1.382,2.729,4.579,35167.758,35602.852,35648.323,55104,99072,19382272,4857856,49889,20,2026-08-02T11:13:38.716703Z
M2,38,saturated,M2,false,1287.000,1.719,3.698,5.638,36117.210,36565.249,36592.858,57863,100453,19709952,4956160,49918,13,2026-08-02T11:13:38.716703Z
M2,39,saturated,M2,false,1313.000,1.443,4.075,7.271,36634.434,36846.571,36871.058,60452,101752,20037632,5038080,49910,0,2026-08-02T11:13:38.716703Z
M2,40,saturated,M2,false,1300.000,1.357,3.203,10.041,36678.059,36877.558,36892.280,63145,103072,20365312,5169152,49920,14,2026-08-02T11:13:38.716703Z
M2,41,saturated,M2,false,1250.000,1.581,6.277,13.886,36721.285,36914.778,36929.822,65761,104627,20701184,5259264,49935,21,2026-08-02T11:13:38.716703Z
M2,42,saturated,M2,false,939.000,2.740,12.610,28.278,36938.544,37132.662,37242.790,68087,105893,20930560,5341184,49940,10,2026-08-02T11:13:38.716703Z
M2,43,saturated,M2,false,1272.000,1.770,6.105,13.974,37135.666,37342.638,37374.857,70069,107092,21217280,5423104,49916,0,2026-08-02T11:13:38.716703Z
M2,44,saturated,M2,false,1343.000,1.464,3.802,8.821,37186.824,37426.044,37452.056,72739,108342,21536768,5521408,49919,0,2026-08-02T11:13:38.716703Z
M2,45,saturated,M2,false,1388.000,1.478,2.495,5.592,37183.475,37408.039,37433.802,75449,109431,21839872,5627904,49939,0,2026-08-02T11:13:38.716703Z
M2,46,saturated,M2,false,1363.000,1.438,3.384,6.527,37193.643,37415.225,37457.191,78167,111095,22159360,5726208,49920,8,2026-08-02T11:13:38.716703Z
M2,47,saturated,M2,false,1340.000,1.662,3.457,7.685,37204.155,37421.747,37455.263,80927,112182,22462464,5832704,49940,0,2026-08-02T11:13:38.716703Z
M2,48,saturated,M2,false,1184.000,1.432,3.716,35.795,37303.048,37557.525,37599.151,83559,113287,22773760,5931008,49953,0,2026-08-02T11:13:38.716703Z
M2,49,saturated,M2,false,1349.000,1.535,4.317,19.620,37361.921,37575.991,37593.993,85997,113287,23052288,6029312,49940,20,2026-08-02T11:13:38.716703Z
M2,50,saturated,M2,false,1360.000,1.532,2.779,4.122,37288.276,37507.326,37535.493,88765,115140,23404544,6127616,49980,0,2026-08-02T11:13:38.716703Z
M2,51,saturated,M2,false,1385.000,1.629,2.405,2.701,37313.884,37533.686,37557.006,91508,116540,23781376,6234112,49980,13,2026-08-02T11:13:38.716703Z
M2,52,saturated,M2,false,1249.000,1.550,6.852,17.592,37358.487,37567.364,37595.654,94251,117900,24076288,6340608,49979,6,2026-08-02T11:13:38.716703Z
M2,53,saturated,M2,false,1356.000,1.656,2.729,3.803,37376.245,37611.232,37642.508,96815,119273,24420352,6438912,49576,0,2026-08-02T11:13:38.716703Z
M2,54,saturated,M2,false,1342.000,1.473,3.327,12.023,37421.596,37627.646,37670.911,99523,120550,24756224,6545408,49969,19,2026-08-02T11:13:38.716703Z
M2,55,saturated,M2,false,1418.000,1.520,2.497,2.882,37402.096,37629.334,37656.160,102287,122145,25018368,6651904,49555,0,2026-08-02T11:13:38.716703Z
M2,56,saturated,M2,false,1348.000,1.682,3.354,7.965,37381.852,37598.831,37627.347,105066,123290,25264128,6742016,49568,13,2026-08-02T11:13:38.716703Z
M2,57,saturated,M2,false,1360.000,1.550,2.719,4.406,37412.316,37627.376,37650.258,107798,124905,25518080,6848512,49301,20,2026-08-02T11:13:38.716703Z
M2,58,saturated,M2,false,1187.000,1.611,4.193,32.151,37460.414,37742.048,37769.889,110342,125997,25821184,6938624,49575,23,2026-08-02T11:13:38.716703Z
M2,59,saturated,M2,false,1381.000,1.568,3.094,7.267,37532.781,37755.247,37786.088,112916,127460,26157056,7053312,49280,0,2026-08-02T11:13:38.716703Z
M2,60,saturated,M2,false,1428.000,1.536,2.864,4.109,37415.018,37699.964,37744.342,115753,128546,26501120,7151616,49300,0,2026-08-02T11:13:38.716703Z
M2,61,saturated,M2,false,1302.000,1.796,3.702,16.268,37239.591,37456.011,37502.925,118523,129994,26820608,7258112,49340,20,2026-08-02T11:13:38.716703Z
M2,62,saturated,M2,false,1117.000,2.080,11.179,25.118,37338.751,37554.553,37584.070,120762,131591,27140096,7356416,49543,19,2026-08-02T11:13:38.716703Z
M2,63,saturated,M2,false,1276.000,1.873,4.802,9.305,37505.578,37715.106,37758.111,123236,132911,27418624,7430144,49334,26,2026-08-02T11:13:38.716703Z
M2,64,saturated,M2,false,1259.000,1.738,4.003,22.461,37570.659,37848.487,37882.095,125597,134390,27787264,7528448,49415,11,2026-08-02T11:13:38.716703Z
M2,65,saturated,M2,false,1360.000,1.710,2.566,3.156,37642.712,37861.611,37877.332,128135,135648,28139520,7634944,49332,0,2026-08-02T11:13:38.716703Z
M2,66,saturated,M2,false,1360.000,1.603,2.293,3.104,37651.167,37869.571,37898.762,130873,137008,28409856,7733248,49320,20,2026-08-02T11:13:38.716703Z
M2,67,saturated,M2,false,1360.000,1.515,2.218,9.594,37705.579,37936.115,37952.522,133552,138368,28778496,7839744,49280,0,2026-08-02T11:13:38.716703Z
M2,68,saturated,M2,false,1360.000,1.667,2.551,3.099,37676.323,37892.570,37922.182,136188,139733,29065216,7929856,49332,0,2026-08-02T11:13:38.716703Z
M2,69,saturated,M2,false,1360.000,1.648,2.428,3.244,37673.226,37882.903,37912.773,138961,141108,29392896,8028160,49340,0,2026-08-02T11:13:38.716703Z
M2,70,saturated,M2,false,1360.000,1.779,2.567,2.874,37636.916,37854.139,37901.025,141703,142468,29720576,8134656,49360,21,2026-08-02T11:13:38.716703Z
M2,71,saturated,M2,false,1380.000,1.630,2.399,5.215,37623.150,37831.987,37852.416,144426,144083,30023680,8249344,49328,0,2026-08-02T11:13:38.716703Z
M2,72,saturated,M2,false,1291.000,1.464,3.377,30.471,37646.124,37851.708,37874.706,147142,145443,30334976,8339456,49369,5,2026-08-02T11:13:38.716703Z
M2,73,saturated,M2,false,1360.000,1.666,2.921,4.131,37663.845,37878.978,37911.142,149781,145443,30613504,8437760,49340,40,2026-08-02T11:13:38.716703Z
M2,74,saturated,M2,false,1362.000,1.422,3.729,10.873,37700.507,37932.781,37960.844,152566,147179,30949376,8544256,49400,6,2026-08-02T11:13:38.716703Z
M2,75,saturated,M2,false,1468.000,1.283,2.486,3.565,37691.345,37917.426,37932.258,155157,148856,31260672,8642560,49292,20,2026-08-02T11:13:38.716703Z
M2,76,saturated,M2,false,1343.000,1.705,2.888,7.552,37635.288,37854.383,37882.936,158044,149961,31580160,8757248,49378,20,2026-08-02T11:13:38.716703Z
M2,77,saturated,M2,false,1401.000,1.168,2.517,3.120,37581.309,37809.664,37834.418,950,151261,31727616,8847360,49318,0,2026-08-02T11:14:38.854281Z
M2,78,saturated,M2,false,1363.000,1.697,2.445,3.244,37537.008,37744.812,37773.299,3620,152859,31727616,8912896,49376,0,2026-08-02T11:14:38.854281Z
M2,79,saturated,M2,false,1417.000,1.399,2.149,3.043,37433.151,37710.624,37749.106,6399,154279,31727616,8970240,49340,2,2026-08-02T11:14:38.854281Z
M2,80,saturated,M2,false,1320.000,1.651,2.338,2.918,37065.334,37272.838,37304.096,9187,155404,31727616,9027584,49400,14,2026-08-02T11:14:38.854281Z
M2,81,saturated,M2,false,1285.000,1.522,5.989,14.946,37082.777,37315.353,37338.152,11807,156784,31727616,9093120,49394,9,2026-08-02T11:14:38.854281Z
M2,82,saturated,M2,false,1260.000,1.481,3.792,22.390,37162.107,37390.109,37429.178,14402,158063,31727616,9150464,49420,28,2026-08-02T11:14:38.854281Z
M2,83,saturated,M2,false,1400.000,1.544,2.338,2.737,37150.885,37379.256,37408.085,17001,159349,31727616,9216000,49380,0,2026-08-02T11:14:38.854281Z
M2,84,saturated,M2,false,1360.000,1.552,2.316,6.919,37141.938,37370.776,37388.518,19799,160709,31727616,9273344,49380,20,2026-08-02T11:14:38.854281Z
M2,85,saturated,M2,false,1420.000,1.468,2.382,2.996,37036.108,37316.013,37352.974,22551,162069,31727616,9338880,49360,3,2026-08-02T11:14:38.854281Z
M2,86,saturated,M2,false,1341.000,1.653,2.477,3.669,36952.772,37182.274,37207.772,25385,163469,31727616,9396224,49400,0,2026-08-02T11:14:38.854281Z
M2,87,saturated,M2,false,1401.000,1.666,2.522,5.154,36968.201,37178.067,37205.342,28111,164850,31727616,9453568,49360,0,2026-08-02T11:14:38.854281Z
M2,88,saturated,M2,false,1425.000,1.523,2.316,2.881,36940.977,37162.054,37190.314,30919,166211,32129024,9519104,49373,0,2026-08-02T11:14:38.854281Z
M2,89,saturated,M2,false,1384.000,1.572,2.676,3.071,36926.775,37142.823,37168.638,33727,167631,32391168,9584640,49336,10,2026-08-02T11:14:38.854281Z
M2,90,saturated,M2,false,1411.000,1.536,3.943,5.232,36808.850,37045.038,37060.500,36541,168996,32759808,9641984,49370,0,2026-08-02T11:14:38.854281Z
M2,91,saturated,M2,false,1210.000,1.903,6.006,8.904,36779.438,36998.151,37029.202,39360,170441,33021952,9707520,49536,8,2026-08-02T11:14:38.854281Z
M2,92,saturated,M2,false,1069.000,1.983,14.358,25.540,36996.618,37332.606,37376.593,41639,171818,33275904,9748480,49515,15,2026-08-02T11:14:38.854281Z
M2,93,saturated,M2,false,1342.000,1.729,3.161,8.445,37125.680,37360.224,37389.477,43599,173120,33595392,9805824,49438,20,2026-08-02T11:14:38.854281Z
M2,94,saturated,M2,false,1369.000,1.450,3.492,10.732,37157.699,37370.335,37392.754,46258,174130,33947648,9854976,49411,0,2026-08-02T11:14:38.854281Z
M2,95,saturated,M2,false,1360.000,1.631,2.838,3.290,37060.638,37311.461,37355.130,49007,175472,34217984,9912320,49440,7,2026-08-02T11:14:38.854281Z
M2,96,saturated,M2,false,1401.000,1.436,3.035,7.341,36983.274,37210.140,37250.105,51790,176861,34578432,9977856,49420,0,2026-08-02T11:14:38.854281Z
M2,97,saturated,M2,false,1380.000,1.672,2.815,3.290,36984.200,37204.965,37238.930,54608,178242,34897920,10035200,49420,0,2026-08-02T11:14:38.854281Z
M2,98,saturated,M2,false,1303.000,1.589,3.765,5.737,37023.931,37260.797,37281.562,57333,179622,35241984,10092544,49437,0,2026-08-02T11:14:38.854281Z
M2,99,saturated,M2,false,1340.000,1.819,3.399,3.805,37010.684,37210.056,37254.856,60000,180942,35586048,10158080,49460,20,2026-08-02T11:14:38.854281Z
M2,100,saturated,M2,false,1400.000,1.558,2.420,2.591,36810.343,37051.281,37094.835,62728,182305,35921920,10223616,49450,0,2026-08-02T11:14:38.854281Z
M2,101,saturated,M2,false,1320.000,1.815,2.884,5.279,36741.565,36986.800,37007.989,65501,183695,36274176,10280960,49480,0,2026-08-02T11:14:38.854281Z
M2,102,saturated,M2,false,1350.000,1.493,8.374,12.904,36720.230,36926.586,36963.778,68172,185045,36569088,10330112,49449,6,2026-08-02T11:14:38.854281Z
M2,103,saturated,M2,false,1328.000,1.624,3.229,5.505,36729.228,36959.480,36976.911,70848,186619,36880384,10387456,49456,0,2026-08-02T11:14:38.854281Z
M2,104,saturated,M2,false,1282.000,1.520,3.323,25.489,36740.533,36935.531,36992.730,73523,187954,37191680,10444800,49538,0,2026-08-02T11:14:38.854281Z
M2,105,saturated,M2,false,1380.000,1.598,2.750,3.383,36788.881,37012.439,37029.943,76164,189318,37519360,10502144,49460,0,2026-08-02T11:14:38.854281Z
M2,106,saturated,M2,false,1420.000,1.530,2.865,3.813,36783.275,37009.215,37029.151,78936,190365,37855232,10559488,49420,21,2026-08-02T11:14:38.854281Z
M2,107,saturated,M2,false,1303.000,1.612,3.953,5.336,36770.081,36980.516,37009.895,81724,191745,38166528,10616832,49480,36,2026-08-02T11:14:38.854281Z
M2,108,saturated,M2,false,1355.000,1.522,4.465,9.183,36785.064,37016.348,37043.499,84407,193363,38486016,10674176,49478,16,2026-08-02T11:14:38.854281Z
M2,109,saturated,M2,false,1343.000,1.413,3.362,7.381,36791.311,36990.954,37033.647,87067,194461,38838272,10723328,49457,0,2026-08-02T11:14:38.854281Z
M2,110,saturated,M2,false,1400.000,1.465,2.688,7.185,36753.886,36963.174,37002.554,89852,196467,39141376,10797056,49480,19,2026-08-02T11:14:38.854281Z
M2,111,saturated,M2,false,1401.000,1.496,3.290,6.838,36736.589,36944.293,36959.616,92526,197886,39477248,10854400,49481,0,2026-08-02T11:14:38.854281Z
M2,112,saturated,M2,false,1301.000,1.514,5.035,19.104,36748.663,36952.946,37021.991,95266,199542,39763968,10895360,49442,10,2026-08-02T11:14:38.854281Z
M2,113,saturated,M2,false,1383.000,1.567,2.952,8.751,36822.804,37049.264,37066.894,97650,200843,40099840,10952704,49481,0,2026-08-02T11:14:38.854281Z
M2,114,saturated,M2,false,1390.000,1.408,3.413,24.360,36814.672,37019.678,37042.163,100473,201991,40370176,11010048,49478,2,2026-08-02T11:14:38.854281Z
M2,115,saturated,M2,false,1373.000,1.535,2.657,4.759,36812.147,37036.439,37056.507,103090,203903,40607744,11075584,49498,15,2026-08-02T11:14:38.854281Z
M2,116,saturated,M2,false,1379.000,1.545,3.261,4.209,36825.290,37047.449,37069.464,105873,205436,40861696,11124736,49488,19,2026-08-02T11:14:38.854281Z
M2,117,saturated,M2,false,1367.000,1.464,4.138,6.136,36810.385,37036.290,37065.655,108643,206860,41123840,11190272,49540,20,2026-08-02T11:14:38.854281Z
M2,118,saturated,M2,false,1321.000,1.647,3.031,4.163,36793.747,37021.988,37040.013,111381,208011,41377792,11247616,49520,39,2026-08-02T11:14:38.854281Z
M2,119,saturated,M2,false,1409.000,1.379,3.922,12.018,36720.482,36974.203,37023.864,114076,209314,41607168,11313152,49506,0,2026-08-02T11:14:38.854281Z
M2,120,saturated,M2,false,1280.000,1.667,3.448,21.156,36709.627,36928.471,36955.720,116867,210721,41836544,11370496,49560,20,2026-08-02T11:14:38.854281Z
M2,121,saturated,M2,false,1465.000,1.307,2.683,4.538,36696.661,36927.294,36976.437,119499,212283,42090496,11427840,49488,6,2026-08-02T11:14:38.854281Z
M2,122,saturated,M2,false,1346.000,1.481,6.798,11.041,36693.562,36898.324,36923.459,122432,213506,42319872,11493376,49520,11,2026-08-02T11:14:38.854281Z
M2,123,saturated,M2,false,1360.000,1.415,3.678,5.359,36710.280,36937.466,36963.937,125132,213506,42557440,11608064,49520,0,2026-08-02T11:14:38.854281Z
M2,124,saturated,M2,false,1347.000,1.586,3.140,21.067,36737.875,36944.267,36960.886,127864,215021,42835968,11698176,49498,11,2026-08-02T11:14:38.854281Z
M2,125,saturated,M2,false,1361.000,1.426,2.823,3.987,36760.088,36969.136,37014.326,130547,216857,43180032,11812864,49500,13,2026-08-02T11:14:38.854281Z
M2,126,saturated,M2,false,1280.000,1.560,3.197,13.153,36788.037,37002.201,37018.199,133284,217964,43507712,11911168,49620,0,2026-08-02T11:14:38.854281Z
M2,127,saturated,M2,false,1420.000,1.413,2.805,4.335,36849.065,37065.985,37083.362,135934,219364,43851776,12009472,49540,22,2026-08-02T11:14:38.854281Z
M2,128,saturated,M2,false,1443.000,1.418,3.038,4.492,36821.184,37067.828,37111.460,138753,220449,44163072,12107776,49497,15,2026-08-02T11:14:38.854281Z
M2,129,saturated,M2,false,1366.000,1.385,3.410,9.725,36510.228,36733.479,36848.429,141624,222360,44498944,12222464,49540,0,2026-08-02T11:14:38.854281Z
M2,130,saturated,M2,false,1340.000,1.911,2.775,3.161,36480.485,36694.651,36711.181,144373,223258,44834816,12328960,49560,13,2026-08-02T11:14:38.854281Z
M2,131,saturated,M2,false,1360.000,1.845,2.904,3.395,36487.307,36704.888,36724.217,147077,224618,45195264,12427264,49540,0,2026-08-02T11:14:38.854281Z
M2,132,saturated,M2,false,1269.000,1.792,7.315,10.906,36547.233,36755.741,36799.090,149782,225958,45473792,12517376,49544,0,2026-08-02T11:14:38.854281Z
M2,133,saturated,M2,false,1400.000,1.570,3.005,5.538,36560.271,36770.537,36810.372,152376,227231,45801472,12623872,49560,1,2026-08-02T11:14:38.854281Z
M2,134,saturated,M2,false,1300.000,1.378,4.895,8.686,36613.820,36823.491,36858.812,155146,228647,46096384,12722176,49542,2,2026-08-02T11:14:38.854281Z
M2,135,saturated,M2,false,1383.000,1.382,3.696,6.236,36554.106,36771.385,36790.102,157816,229929,46432256,12828672,49549,0,2026-08-02T11:14:38.854281Z
M2,136,saturated,M2,false,1325.000,1.631,5.266,8.777,36542.712,36753.253,36777.264,160588,231583,46784512,12935168,49636,18,2026-08-02T11:14:38.854281Z
M2,137,saturated,M2,false,1020.000,1.649,10.260,121.628,36699.776,36936.089,37087.692,454,232819,46931968,13000704,49559,0,2026-08-02T11:15:39.094969Z
M2,138,saturated,M2,false,1360.000,1.310,3.706,11.275,36849.660,37054.497,37076.116,2602,234019,46931968,13058048,49559,0,2026-08-02T11:15:39.094969Z
M2,139,saturated,M2,false,1340.000,1.542,2.374,3.169,36812.924,37031.834,37062.301,5319,235379,46931968,13107200,49560,36,2026-08-02T11:15:39.094969Z
M2,140,saturated,M2,false,1400.000,1.618,3.181,5.284,36798.224,37021.980,37056.017,8027,236739,46931968,13172736,49560,0,2026-08-02T11:15:39.094969Z
M2,141,saturated,M2,false,1342.000,1.304,4.323,6.175,36764.351,36966.606,36996.243,10796,237863,46931968,13230080,49580,0,2026-08-02T11:15:39.094969Z
M2,142,saturated,M2,false,1227.000,1.673,7.876,18.677,36769.233,37023.047,37063.106,13504,238970,46931968,13287424,49599,20,2026-08-02T11:15:39.094969Z
M2,143,saturated,M2,false,1390.000,1.508,2.819,11.258,36821.989,37061.423,37092.491,16009,240216,46931968,13344768,49555,0,2026-08-02T11:15:39.094969Z
M2,144,saturated,M2,false,1325.000,1.322,5.140,13.570,36832.816,37060.151,37095.475,18807,241562,46931968,13402112,49595,0,2026-08-02T11:15:39.094969Z
M2,145,saturated,M2,false,1402.000,1.343,3.091,6.939,36816.031,37060.386,37085.643,21445,242927,46931968,13459456,49560,14,2026-08-02T11:15:39.094969Z
M2,146,saturated,M2,false,1404.000,1.361,2.798,9.228,36785.316,36995.644,37018.185,24270,244294,46931968,13508608,49577,0,2026-08-02T11:15:39.094969Z
M2,147,saturated,M2,false,1380.000,1.453,3.607,6.716,36779.884,37008.341,37049.198,27101,245715,47341568,13574144,49580,0,2026-08-02T11:15:39.094969Z
M2,148,saturated,M2,false,1297.000,1.521,2.846,21.264,36813.445,37017.755,37044.262,29857,247098,47562752,13631488,49649,19,2026-08-02T11:15:39.094969Z
M2,149,saturated,M2,false,1343.000,1.400,2.455,5.630,36834.345,37080.745,37122.085,32420,248458,47964160,13688832,49580,0,2026-08-02T11:15:39.094969Z
M2,150,saturated,M2,false,1395.000,1.557,2.658,3.931,36814.732,37046.749,37064.428,35213,249738,48275456,13754368,49607,0,2026-08-02T11:15:39.094969Z
M2,151,saturated,M2,false,1391.000,1.479,2.478,3.201,36796.636,37018.558,37050.239,38015,251158,48603136,13819904,49620,0,2026-08-02T11:15:39.094969Z
M2,152,saturated,M2,false,1195.000,1.706,8.236,26.108,36860.194,37113.749,37146.814,40753,252564,48914432,13869056,49680,12,2026-08-02T11:15:39.094969Z
M2,153,saturated,M2,false,1380.000,1.578,2.600,3.442,36946.729,37161.626,37186.640,43209,253819,49225728,13934592,49640,20,2026-08-02T11:15:39.094969Z
M2,154,saturated,M2,false,1285.000,1.505,4.112,22.438,36964.444,37233.348,37262.997,45981,255159,49545216,13991936,49640,19,2026-08-02T11:15:39.094969Z
M2,155,saturated,M2,false,1386.000,1.470,3.492,6.832,36982.645,37191.497,37223.399,48579,256699,49872896,14057472,49640,0,2026-08-02T11:15:39.094969Z
M2,156,saturated,M2,false,1380.000,1.691,2.475,3.048,36952.600,37174.248,37215.479,51361,258085,50200576,14114816,49620,20,2026-08-02T11:15:39.094969Z
M2,157,saturated,M2,false,1376.000,1.688,2.459,2.705,36952.161,37173.544,37189.354,54115,259445,50536448,14172160,49632,20,2026-08-02T11:15:39.094969Z
M2,158,saturated,M2,false,1331.000,1.758,3.272,4.073,36953.235,37173.394,37220.829,56883,261081,50814976,14221312,49647,0,2026-08-02T11:15:39.094969Z
M2,159,saturated,M2,false,1336.000,1.701,2.898,5.396,37012.920,37233.590,37254.595,59420,262441,51183616,14286848,49658,10,2026-08-02T11:15:39.094969Z
M2,160,saturated,M2,false,1378.000,1.590,2.424,2.756,36995.765,37210.387,37236.180,62152,263782,51544064,14352384,49660,20,2026-08-02T11:15:39.094969Z
M2,161,saturated,M2,false,1383.000,1.629,3.008,4.972,36955.098,37180.449,37218.895,64908,264906,51830784,14401536,49642,0,2026-08-02T11:15:39.094969Z
M2,162,saturated,M2,false,1184.000,1.760,9.643,32.018,37057.629,37289.965,37317.750,67622,266527,52158464,14467072,49662,9,2026-08-02T11:15:39.094969Z
M2,163,saturated,M2,false,1361.000,1.663,2.797,4.317,37111.559,37324.082,37364.664,70058,267732,52502528,14524416,49640,20,2026-08-02T11:15:39.094969Z
M2,164,saturated,M2,false,1310.000,1.507,3.021,22.346,37102.103,37314.575,37354.305,72771,269070,52813824,14589952,49633,9,2026-08-02T11:15:39.094969Z
M2,165,saturated,M2,false,1360.000,1.607,2.652,4.394,37124.343,37333.598,37350.984,75471,270373,53166080,14655488,49660,19,2026-08-02T11:15:39.094969Z
M2,166,saturated,M2,false,1360.000,1.629,2.496,2.974,37182.786,37405.199,37445.309,78178,271504,53477376,14704640,49659,0,2026-08-02T11:15:39.094969Z
M2,167,saturated,M2,false,1361.000,1.727,3.197,5.060,37184.262,37396.908,37411.649,80951,272864,53805056,14778368,49680,17,2026-08-02T11:15:39.094969Z
M2,168,saturated,M2,false,1340.000,1.650,3.212,4.241,37187.581,37413.490,37430.715,83646,274245,54157312,14835712,49680,0,2026-08-02T11:15:39.094969Z
M2,169,saturated,M2,false,1400.000,1.612,2.782,3.837,37174.581,37388.291,37415.014,86391,275585,54468608,14901248,49660,15,2026-08-02T11:15:39.094969Z
M2,170,saturated,M2,false,1362.000,1.734,2.712,3.256,37098.925,37316.476,37338.612,89156,276710,54829056,14958592,49680,0,2026-08-02T11:15:39.094969Z
M2,171,saturated,M2,false,1360.000,1.785,2.747,7.159,37123.878,37329.901,37360.101,91905,278092,55140352,15015936,49680,4,2026-08-02T11:15:39.094969Z
M2,172,saturated,M2,false,1206.000,1.646,8.074,29.503,37129.933,37309.996,37356.671,94561,279452,55427072,15056896,49660,20,2026-08-02T11:15:39.094969Z
M2,173,saturated,M2,false,1320.000,1.735,3.218,9.004,37221.458,37451.058,37477.702,97048,280638,55746560,15122432,49660,0,2026-08-02T11:15:39.094969Z
M2,174,saturated,M2,false,1306.000,1.331,8.654,16.112,37247.581,37515.320,37538.217,99640,281958,56057856,15179776,49660,0,2026-08-02T11:15:39.094969Z
M2,175,saturated,M2,false,1360.000,1.659,2.293,2.615,37023.977,37245.984,37263.966,102364,283264,56311808,15245312,49680,0,2026-08-02T11:15:39.094969Z
M2,176,saturated,M2,false,1400.000,1.556,2.097,2.727,36980.563,37196.933,37222.765,104988,284644,56557568,15310848,49700,0,2026-08-02T11:15:39.094969Z
M2,177,saturated,M2,false,1380.000,1.561,2.384,3.031,36974.442,37187.769,37205.918,107779,286064,56795136,15368192,49680,0,2026-08-02T11:15:39.094969Z
M2,178,saturated,M2,false,1340.000,1.738,2.831,3.319,37001.389,37216.783,37232.712,110520,287424,57040896,15425536,49681,0,2026-08-02T11:15:39.094969Z
M2,179,saturated,M2,false,1322.000,1.919,3.177,3.973,36941.287,37187.932,37229.266,113212,289020,57303040,15491072,49720,0,2026-08-02T11:15:39.094969Z
M2,180,saturated,M2,false,1267.000,1.936,3.010,14.776,36939.923,37166.513,37199.620,115892,290381,57548800,15548416,49753,20,2026-08-02T11:15:39.094969Z
M2,181,saturated,M2,false,1320.000,1.830,2.825,3.393,36991.814,37203.377,37240.974,118477,291426,57810944,15605760,49740,0,2026-08-02T11:15:39.094969Z
M2,182,saturated,M2,false,1113.000,2.125,11.272,28.713,37065.389,37263.517,37279.327,121008,292733,57991168,15654912,49738,19,2026-08-02T11:15:39.094969Z
M2,183,saturated,M2,false,1320.000,1.788,2.633,3.104,37201.930,37425.260,37443.157,123340,293844,58245120,15736832,49720,0,2026-08-02T11:15:39.094969Z
M2,184,saturated,M2,false,1282.000,1.889,4.000,13.881,37293.513,37558.773,37592.776,125937,295146,58499072,15826944,49680,0,2026-08-02T11:15:39.094969Z
M2,185,saturated,M2,false,1300.000,1.913,2.894,3.498,37355.849,37576.802,37607.039,128555,296388,58867712,15917056,49740,20,2026-08-02T11:15:39.094969Z
M2,186,saturated,M2,false,1360.000,1.788,2.832,3.331,37346.492,37583.102,37614.338,131162,297748,59195392,16023552,49700,2,2026-08-02T11:15:39.094969Z
M2,187,saturated,M2,false,1293.000,2.015,2.959,3.503,37352.660,37570.436,37602.077,133996,299068,59539456,16121856,49749,11,2026-08-02T11:15:39.094969Z
M2,188,saturated,M2,false,1292.000,1.804,3.130,19.823,37468.241,37683.725,37700.394,136545,300408,59850752,16211968,49720,20,2026-08-02T11:15:39.094969Z
M2,189,saturated,M2,false,1322.000,1.723,4.140,10.792,37501.768,37734.907,37750.936,139083,301673,60178432,16310272,49740,0,2026-08-02T11:15:39.094969Z
M2,190,saturated,M2,false,1320.000,1.789,3.253,3.939,37426.894,37656.815,37672.930,141755,303270,60514304,16416768,49740,21,2026-08-02T11:15:39.094969Z
M2,191,saturated,M2,false,1344.000,1.718,2.691,3.283,37430.412,37658.475,37678.214,144480,304590,60825600,16515072,49758,19,2026-08-02T11:15:39.094969Z
M2,192,saturated,M2,false,1236.000,1.665,9.138,15.536,37456.533,37678.517,37715.994,147121,305950,61095936,16613376,49740,0,2026-08-02T11:15:39.094969Z
M2,193,saturated,M2,false,1320.000,1.929,3.080,3.473,37515.560,37744.339,37774.005,149607,307426,61456384,16719872,49740,0,2026-08-02T11:15:39.094969Z
M2,194,saturated,M2,false,1280.000,1.642,2.784,18.164,37553.848,37759.310,37787.543,152264,308746,61767680,16801792,49760,4,2026-08-02T11:15:39.094969Z
M2,195,saturated,M2,false,1480.000,1.292,2.472,2.879,37554.748,37777.683,37821.188,155027,310255,62103552,16916480,49760,7,2026-08-02T11:15:39.094969Z
M2,196,saturated,M2,false,1341.000,1.730,3.224,4.395,37503.534,37728.181,37760.637,157880,311526,62423040,17014784,49760,0,2026-08-02T11:15:39.094969Z
M2,197,saturated,M2,false,1445.000,1.309,2.271,3.483,37471.361,37695.889,37749.646,1409,312594,62578688,17104896,49740,0,2026-08-02T11:16:39.091134Z
M2,198,saturated,M2,false,1360.000,1.665,2.497,2.873,37467.771,37682.592,37707.018,4235,314020,62578688,17170432,49740,0,2026-08-02T11:16:39.091134Z
M2,199,saturated,M2,false,1380.000,1.526,2.307,2.865,37443.857,37666.036,37691.483,7008,315589,62578688,17227776,49778,0,2026-08-02T11:16:39.091134Z
M2,200,saturated,M2,false,1362.000,1.723,2.846,3.831,37310.991,37530.110,37553.844,9791,316969,62578688,17285120,49778,20,2026-08-02T11:16:39.091134Z
M2,201,saturated,M2,false,1300.000,1.774,3.152,4.102,37359.446,37567.544,37592.785,12413,318160,62578688,17350656,49780,0,2026-08-02T11:16:39.091134Z
M2,202,saturated,M2,false,1301.000,1.403,8.367,16.875,37345.088,37592.120,37633.600,15123,319651,62578688,17399808,49760,18,2026-08-02T11:16:39.091134Z
M2,203,saturated,M2,false,1380.000,1.528,2.482,3.133,37368.410,37600.122,37615.120,17707,320743,62578688,17465344,49760,1,2026-08-02T11:16:39.091134Z
M2,204,saturated,M2,false,1376.000,1.406,3.222,10.570,37349.491,37578.980,37601.384,20502,321867,62578688,17522688,49772,2,2026-08-02T11:16:39.091134Z
M2,205,saturated,M2,false,1387.000,1.428,2.353,3.160,37328.356,37554.372,37585.553,23305,322994,62578688,17588224,49779,17,2026-08-02T11:16:39.091134Z
M2,206,saturated,M2,false,1359.000,1.676,2.639,3.121,37317.434,37552.710,37570.419,26060,324394,62578688,17653760,49780,20,2026-08-02T11:16:39.091134Z
M2,207,saturated,M2,false,1400.000,1.533,2.352,2.758,37312.685,37536.823,37565.400,28816,325754,62930944,17719296,49792,0,2026-08-02T11:16:39.091134Z
M2,208,saturated,M2,false,1280.000,1.953,2.830,3.598,37335.076,37561.257,37577.158,31548,327166,63275008,17776640,49819,40,2026-08-02T11:16:39.091134Z
M2,209,saturated,M2,false,1360.000,1.516,3.180,5.166,37381.319,37592.620,37621.132,34147,328474,63537152,17825792,49800,19,2026-08-02T11:16:39.091134Z
M2,210,saturated,M2,false,1366.000,1.555,2.953,9.861,37246.005,37467.467,37491.624,36942,330325,63922176,17891328,49799,0,2026-08-02T11:16:39.091134Z
M2,211,saturated,M2,false,1361.000,1.494,2.485,3.376,37198.440,37427.529,37449.156,39673,331434,64315392,17948672,49800,23,2026-08-02T11:16:39.091134Z
M2,212,saturated,M2,false,1285.000,1.574,6.348,17.898,37187.895,37482.017,37511.064,42376,332541,64552960,18006016,49780,0,2026-08-02T11:16:39.091134Z
M2,213,saturated,M2,false,1380.000,1.531,2.500,2.933,37237.362,37463.414,37477.035,44986,333806,64905216,18071552,49800,20,2026-08-02T11:16:39.091134Z
M2,214,saturated,M2,false,1380.000,1.447,3.056,7.907,37248.141,37490.209,37507.695,47774,335206,65159168,18128896,49791,20,2026-08-02T11:16:39.091134Z
M2,215,saturated,M2,false,1380.000,1.571,2.369,3.031,37236.532,37465.347,37480.361,50548,336577,65503232,18194432,49799,0,2026-08-02T11:16:39.091134Z
M2,216,saturated,M2,false,1380.000,1.608,2.584,3.875,37196.476,37422.834,37438.872,51948,337966,65650688,18227200,49820,0,2026-08-02T11:16:39.091134Z
M2,217,saturated,M2,false,1190.000,1.647,4.794,66.945,37284.152,37530.356,37563.505,54475,339866,65953792,18276352,49819,21,2026-08-02T11:16:39.091134Z
M2,218,saturated,M2,false,1412.000,1.554,3.181,4.102,37244.832,37466.060,37494.539,56999,341057,66273280,18341888,49812,0,2026-08-02T11:16:39.091134Z
M2,219,saturated,M2,false,1406.000,1.554,3.336,4.886,37154.581,37378.599,37417.031,59824,342463,66625536,18407424,49798,0,2026-08-02T11:16:39.091134Z
M2,220,saturated,M2,false,1342.000,1.650,3.339,6.487,36969.106,37186.889,37219.865,62640,343863,66953216,18464768,49840,19,2026-08-02T11:16:39.091134Z
M2,221,saturated,M2,false,1041.000,2.376,6.050,15.707,37028.000,37341.131,37373.763,65207,344736,67223552,18522112,49840,32,2026-08-02T11:16:39.091134Z
M2,222,saturated,M2,false,539.000,2.090,63.126,137.481,37087.834,37576.342,37697.634,67830,345777,67510272,18563072,49916,21,2026-08-02T11:16:39.091134Z
M2,223,saturated,M2,false,432.000,6.091,55.799,172.354,38289.892,38503.116,38528.060,68472,346465,67559424,18571264,49669,20,2026-08-02T11:16:39.091134Z
M2,224,saturated,M2,false,655.000,5.469,29.126,80.441,38814.233,39114.611,39129.629,69167,346465,67698688,18604032,49980,19,2026-08-02T11:16:39.091134Z
M2,225,saturated,M2,false,1440.000,1.466,2.459,3.237,38803.979,39018.355,39044.232,70610,347072,68001792,18644992,49960,0,2026-08-02T11:16:39.091134Z
M2,226,saturated,M2,false,1383.000,1.543,2.636,4.370,38771.521,38990.486,39009.906,73446,348303,68288512,18710528,49960,0,2026-08-02T11:16:39.091134Z
M2,227,saturated,M2,false,1320.000,1.617,2.777,4.308,38700.011,38901.436,38929.220,76222,349664,68648960,18767872,49360,36,2026-08-02T11:16:39.091134Z
M2,228,saturated,M2,false,1022.000,1.480,16.031,47.186,38931.317,39135.823,39161.422,78773,351066,68894720,18817024,49398,15,2026-08-02T11:16:39.091134Z
M2,229,saturated,M2,false,1106.000,1.886,13.576,23.400,39040.354,39292.761,39330.317,80904,352126,69173248,18857984,49360,32,2026-08-02T11:16:39.091134Z
M2,230,saturated,M2,false,1241.000,1.832,5.299,6.777,39152.900,39390.626,39423.658,83186,353816,69468160,18923520,49360,17,2026-08-02T11:16:39.091134Z
M2,231,saturated,M2,false,1340.000,1.814,3.287,4.858,39189.027,39411.083,39431.404,85715,355055,69795840,18972672,49320,0,2026-08-02T11:16:39.091134Z
M2,232,saturated,M2,false,1142.000,1.977,8.131,21.692,39154.244,39428.477,39468.600,88362,356395,70164480,19038208,49498,0,2026-08-02T11:16:39.091134Z
M2,233,saturated,M2,false,1320.000,1.727,2.654,3.037,39248.674,39460.256,39481.172,90783,357537,70410240,19087360,49360,19,2026-08-02T11:16:39.091134Z
M2,234,saturated,M2,false,1326.000,1.638,3.165,21.780,39235.480,39484.396,39525.098,93358,359132,70754304,19152896,49357,0,2026-08-02T11:16:39.091134Z
M2,235,saturated,M2,false,1104.000,1.699,6.402,11.067,39374.279,39653.464,39681.245,95730,360203,71041024,19202048,49416,0,2026-08-02T11:16:39.091134Z
M2,236,saturated,M2,false,916.000,3.290,21.696,40.855,39711.092,39978.106,40010.150,97944,361307,71278592,19251200,49497,0,2026-08-02T11:16:39.091134Z
M2,237,saturated,M2,false,1103.000,1.748,7.668,144.479,40015.230,40241.041,40273.802,99803,361307,71516160,19283968,49306,22,2026-08-02T11:16:39.091134Z
M2,238,saturated,M2,false,1360.000,1.669,2.592,3.032,40067.077,40287.395,40317.143,102040,362647,71737344,19349504,49321,20,2026-08-02T11:16:39.091134Z
M2,239,saturated,M2,false,1405.000,1.442,3.063,4.860,40051.268,40278.263,40304.525,104799,364262,71991296,19415040,49318,4,2026-08-02T11:16:39.091134Z
M2,240,saturated,M2,false,1321.000,1.768,2.591,25.711,40100.216,40324.838,40346.990,107604,365426,72245248,19472384,49320,5,2026-08-02T11:16:39.091134Z
M2,241,saturated,M2,false,1321.000,1.731,2.558,4.224,40082.747,40301.409,40331.675,110252,367432,72482816,19529728,49379,20,2026-08-02T11:16:39.091134Z
M2,242,saturated,M2,false,1242.000,1.742,6.279,18.487,40107.602,40381.943,40422.108,112938,368752,72712192,19595264,49457,17,2026-08-02T11:16:39.091134Z
M2,243,saturated,M2,false,1400.000,1.435,2.436,4.568,40090.705,40320.116,40355.092,115205,370015,72933376,19652608,49340,0,2026-08-02T11:16:39.091134Z
M2,244,saturated,M2,false,943.000,1.762,12.497,69.044,40225.334,40514.014,40607.167,117923,371415,73146368,19701760,49597,21,2026-08-02T11:16:39.091134Z
M2,245,saturated,M2,false,812.000,2.728,25.686,145.707,40652.193,40979.208,41018.726,119977,372335,73293824,19734528,49520,1,2026-08-02T11:16:39.091134Z
M2,246,saturated,M2,false,1102.000,1.959,12.344,14.573,40885.725,41123.878,41147.373,121593,373661,73490432,19808256,49499,20,2026-08-02T11:16:39.091134Z
M2,247,saturated,M2,false,979.000,2.302,17.803,106.588,41163.918,41493.156,41522.439,123847,374774,73678848,19873792,49561,8,2026-08-02T11:16:39.091134Z
M2,248,saturated,M2,false,1235.000,1.819,7.028,9.975,41335.844,41560.845,41604.880,125891,375253,73891840,19947520,49489,0,2026-08-02T11:16:39.091134Z
M2,249,saturated,M2,false,953.000,2.653,16.839,55.674,41482.129,41787.723,41819.994,128284,376721,74113024,20021248,49593,20,2026-08-02T11:16:39.091134Z
M2,250,saturated,M2,false,1151.000,1.633,12.324,27.964,41888.305,42077.945,42096.919,130281,377418,74326016,20103168,49380,21,2026-08-02T11:16:39.091134Z
M2,251,saturated,M2,false,1320.000,1.809,2.656,21.986,41842.794,42060.877,42101.063,132500,378865,74670080,20209664,49400,0,2026-08-02T11:16:39.091134Z
M2,252,saturated,M2,false,1285.000,1.788,5.023,15.070,41896.861,42102.895,42128.525,135134,379930,74997760,20307968,49435,3,2026-08-02T11:16:39.091134Z
M2,253,saturated,M2,false,1300.000,1.559,3.966,13.836,41929.561,42169.391,42193.245,137705,381195,75317248,20414464,49400,10,2026-08-02T11:16:39.091134Z
M2,254,saturated,M2,false,1100.000,1.659,12.561,25.002,42008.005,42181.602,42207.360,140362,382790,75636736,20504576,49660,20,2026-08-02T11:16:39.091134Z
M2,255,saturated,M2,false,1077.000,1.868,15.736,25.651,42164.503,42347.340,42379.517,142725,383615,75857920,20570112,49614,19,2026-08-02T11:16:39.091134Z
M2,256,saturated,M2,false,1054.000,1.567,20.727,31.676,42516.628,42747.128,42776.341,144825,384643,76111872,20652032,49418,1,2026-08-02T11:16:39.091134Z
M2,257,saturated,M2,false,1360.000,1.483,2.770,3.608,42539.938,42772.460,42786.333,66,381467,76390400,20742144,49400,40,2026-08-02T11:17:39.093586Z
M2,258,saturated,M2,false,1340.000,1.575,2.679,3.094,42572.223,42792.308,42812.709,3353,387675,76390400,20807680,49420,0,2026-08-02T11:17:39.093586Z
M2,259,saturated,M2,false,1235.000,1.862,6.217,10.092,42628.252,42850.976,42909.412,6056,388760,76390400,20856832,49536,5,2026-08-02T11:17:39.093586Z
M2,260,saturated,M2,false,827.000,2.366,26.190,106.987,42804.389,43084.551,43103.936,8413,389904,76390400,20897792,49555,0,2026-08-02T11:17:39.093586Z
M2,261,saturated,M2,false,1110.000,1.710,8.213,10.358,43032.290,43273.985,43315.685,10288,391061,76390400,20938752,49579,0,2026-08-02T11:17:39.093586Z
M2,262,saturated,M2,false,1049.000,1.612,14.678,19.331,43356.703,43577.472,43602.784,12369,391872,76390400,20971520,49608,18,2026-08-02T11:17:39.093586Z
M2,263,saturated,M2,false,1149.000,1.592,14.317,41.976,43420.100,43658.467,43686.031,14576,393512,76390400,21045248,49613,0,2026-08-02T11:17:39.093586Z
M2,264,saturated,M2,false,1108.000,2.681,9.820,18.133,43713.000,43969.491,44019.634,16957,393512,76390400,21078016,49532,12,2026-08-02T11:17:39.093586Z
M2,265,saturated,M2,false,1438.000,1.240,3.248,8.877,43519.206,43770.232,43798.838,19203,394670,76390400,21143552,49465,20,2026-08-02T11:17:39.093586Z
M2,266,saturated,M2,false,1322.000,1.776,2.980,7.079,42074.007,43117.288,43163.385,22014,396041,76390400,21200896,49419,39,2026-08-02T11:17:39.093586Z
M2,267,saturated,M2,false,1319.000,1.653,2.778,10.223,41750.651,41960.551,41994.764,24561,397317,76685312,21258240,49518,0,2026-08-02T11:17:39.093586Z
M2,268,saturated,M2,false,1184.000,1.619,10.184,19.906,41790.604,42040.034,42056.314,27249,398720,76939264,21315584,49598,0,2026-08-02T11:17:39.093586Z
M2,269,saturated,M2,false,1262.000,1.824,4.988,6.321,41979.457,42224.642,42257.471,29640,399999,77266944,21364736,49478,20,2026-08-02T11:17:39.093586Z
M2,270,saturated,M2,false,1340.000,1.640,2.430,3.336,41851.277,42094.848,42126.641,32151,401141,77602816,21422080,49480,16,2026-08-02T11:17:39.093586Z
M2,271,saturated,M2,false,1380.000,1.531,2.509,3.008,41581.375,41797.784,41837.572,34870,402738,77897728,21487616,49460,19,2026-08-02T11:17:39.093586Z
M2,272,saturated,M2,false,1244.000,1.645,5.638,21.881,41508.877,41764.046,41791.371,37606,403843,78225408,21544960,49536,21,2026-08-02T11:17:39.093586Z
M2,273,saturated,M2,false,1260.000,1.292,1.833,2.227,41537.874,41735.441,41765.362,40137,405163,78561280,21602304,49601,0,2026-08-02T11:17:39.093586Z
M2,274,saturated,M2,false,749.000,0.957,3.509,10.677,42030.912,42262.503,42289.772,42312,406487,78733312,21635072,49460,0,2026-08-02T11:17:39.093586Z
M2,275,saturated,M2,false,1360.000,1.526,2.519,3.210,41887.866,42105.596,42130.167,44842,407096,79044608,21700608,49478,0,2026-08-02T11:17:39.093586Z
M2,276,saturated,M2,false,1340.000,1.656,2.840,3.716,41869.586,42091.567,42107.186,47604,408476,79372288,21757952,49500,21,2026-08-02T11:17:39.093586Z
M2,277,saturated,M2,false,1400.000,1.436,2.207,4.840,41704.291,42050.086,42092.995,50326,409836,79691776,21815296,49480,20,2026-08-02T11:17:39.093586Z
M2,278,saturated,M2,false,1101.000,1.790,8.270,12.665,41360.895,41623.567,41653.546,53106,411216,80044032,21880832,49739,0,2026-08-02T11:17:39.093586Z
M2,279,saturated,M2,false,1004.000,1.949,10.269,50.391,41344.080,41573.879,41611.579,55287,412576,80297984,21921792,49775,5,2026-08-02T11:17:39.093586Z
M2,280,saturated,M2,false,722.000,2.400,69.234,93.908,41936.612,42198.285,42218.182,56622,413616,80429056,21946368,49580,0,2026-08-02T11:17:39.093586Z
M2,281,saturated,M2,false,1283.000,1.559,4.987,22.354,42123.614,42343.652,42371.612,58736,414685,80723968,21995520,49499,0,2026-08-02T11:17:39.093586Z
M2,282,saturated,M2,false,1102.000,1.788,8.135,14.834,42143.533,42395.921,42447.650,61387,416026,81027072,22052864,49718,19,2026-08-02T11:17:39.093586Z
M2,283,saturated,M2,false,1160.000,1.761,10.423,16.191,42241.173,42499.043,42529.224,63581,417152,81330176,22102016,49697,2,2026-08-02T11:17:39.093586Z
M2,284,saturated,M2,false,747.000,2.599,21.415,26.510,42710.272,42924.820,42939.630,65391,418423,81518592,22142976,49774,11,2026-08-02T11:17:39.093586Z
M2,285,saturated,M2,false,790.000,1.618,14.999,111.007,43194.606,43395.628,43421.161,66841,419123,81682432,22167552,49672,5,2026-08-02T11:17:39.093586Z
M2,286,saturated,M2,false,1163.000,1.639,8.721,21.382,43227.684,43502.616,43522.773,68927,420078,81944576,22208512,49654,4,2026-08-02T11:17:39.093586Z
M2,287,saturated,M2,false,718.000,2.482,69.339,150.584,43758.406,43950.690,43973.479,70626,420830,82083840,22241280,49626,35,2026-08-02T11:17:39.093586Z
M2,288,saturated,M2,false,1074.000,1.794,9.402,16.843,43818.525,44168.116,44196.920,72560,421600,82354176,22290432,49680,1,2026-08-02T11:17:39.093586Z
M2,289,saturated,M2,false,1202.000,1.852,6.369,12.811,43494.170,43767.079,43797.730,74766,422742,82681856,22347776,49560,18,2026-08-02T11:17:39.093586Z
M2,290,saturated,M2,false,1049.000,1.562,5.680,149.155,43433.875,43727.456,43753.679,77059,423947,82960384,22396928,49635,20,2026-08-02T11:17:39.093586Z
M2,291,saturated,M2,false,1316.000,1.560,4.034,6.673,43289.164,43562.308,43610.295,79509,425087,83304448,22454272,49580,0,2026-08-02T11:17:39.093586Z
M2,292,saturated,M2,false,1123.000,1.557,4.240,14.000,43190.818,43451.427,43481.444,82011,426387,83623936,22503424,49658,0,2026-08-02T11:17:39.093586Z
M2,293,saturated,M2,false,1103.000,2.490,8.087,48.519,43120.993,43308.652,43333.742,84104,427410,83828736,22544384,49580,29,2026-08-02T11:17:39.093586Z
M2,294,saturated,M2,false,1282.000,1.367,3.235,11.892,43103.958,43319.942,43346.535,86598,427410,84123648,22585344,49578,16,2026-08-02T11:17:39.093586Z
M2,295,saturated,M2,false,1477.000,1.335,3.306,4.422,43061.883,43276.271,43318.844,89289,428880,84475904,22659072,49479,41,2026-08-02T11:17:39.093586Z
M2,296,saturated,M2,false,1517.000,0.883,4.030,17.833,42869.932,43107.643,43143.150,92435,432227,84811776,22708224,49558,0,2026-08-02T11:17:39.093586Z
M2,297,saturated,M2,false,1449.000,1.241,3.616,7.089,42700.565,43000.177,43026.724,95390,432227,85106688,22765568,49538,9,2026-08-02T11:17:39.093586Z
M2,298,saturated,M2,false,1507.000,1.088,3.746,5.238,42248.745,42661.231,42700.667,98357,433655,85409792,22806528,49537,0,2026-08-02T11:17:39.093586Z
M2,299,saturated,M2,false,1479.000,1.103,4.061,5.279,41954.946,42182.487,42211.715,101346,435162,85745664,22880256,49544,5,2026-08-02T11:17:39.093586Z
M2,300,saturated,M2,true,1541.000,1.528,3.651,4.274,41909.913,42108.230,42132.746,104287,436648,85975040,22945792,49440,0,2026-08-02T11:17:39.093586Z
M2,301,saturated,M2,true,1310.000,1.416,3.016,3.584,41797.579,42059.326,42105.094,107132,438085,86343680,23035904,49560,1990,2026-08-02T11:17:39.093586Z
M2,302,saturated,M2,true,927.000,1.801,12.592,15.730,41441.710,41641.543,41671.640,109738,439515,86728704,23126016,49926,4554,2026-08-02T11:17:39.093586Z
M2,303,saturated,M2,true,815.000,2.723,14.283,17.406,41717.581,41970.281,42011.352,111335,440802,86867968,23175168,49840,6018,2026-08-02T11:17:39.093586Z
M2,304,saturated,M2,true,849.000,2.564,44.598,111.986,42137.526,42352.854,42372.910,112647,441536,87056384,23207936,49618,7276,2026-08-02T11:17:39.093586Z
M2,305,saturated,M2,true,1277.000,2.296,4.326,6.807,42029.683,42252.378,42271.573,115089,442826,87474176,23314432,49647,9891,2026-08-02T11:17:39.093586Z
M2,306,saturated,M2,true,1266.000,2.353,4.657,13.467,41864.919,42079.027,42128.526,117637,444108,87851008,23429120,49640,12419,2026-08-02T11:17:39.093586Z
M2,307,saturated,M2,true,1280.000,2.758,3.777,9.927,41864.456,42120.841,42153.302,120179,445369,88186880,23560192,49629,14945,2026-08-02T11:17:39.093586Z
M2,308,saturated,M2,true,1300.000,2.689,3.876,4.973,41901.396,42120.714,42148.470,122809,446649,88506368,23699456,49641,17611,2026-08-02T11:17:39.093586Z
M2,309,saturated,M2,true,1304.000,2.677,4.240,5.562,41946.081,42165.756,42194.286,125433,447969,88965120,23830528,49640,20207,2026-08-02T11:17:39.093586Z
M2,310,saturated,M2,true,1061.000,3.159,10.526,28.110,42038.342,42318.485,42354.708,127788,449254,89481216,23928832,49680,22412,2026-08-02T11:17:39.093586Z
M2,311,saturated,M2,true,833.000,3.845,16.280,75.887,42063.644,42304.965,42339.047,129881,450314,89972736,24043520,49914,24544,2026-08-02T11:17:39.093586Z
M2,312,saturated,M2,true,934.000,3.407,23.108,49.663,42606.306,42822.538,42863.667,131391,450995,90333184,24117248,49723,26060,2026-08-02T11:17:39.093586Z
M2,313,saturated,M2,true,1259.000,2.647,7.303,13.371,42696.504,42892.345,42938.361,133664,452066,90750976,24215552,49640,28361,2026-08-02T11:17:39.093586Z
M2,314,saturated,M2,true,1080.000,3.237,14.741,23.516,42728.949,42963.999,43010.152,136182,453637,91430912,24346624,49812,30908,2026-08-02T11:17:39.093586Z
M2,315,saturated,M2,true,947.000,3.830,9.913,57.562,43195.126,43381.941,43415.300,137883,454204,91840512,24444928,49700,32576,2026-08-02T11:17:39.093586Z
M2,316,saturated,M2,true,1389.000,2.277,5.001,6.226,43168.492,43370.133,43386.840,140344,455682,92454912,24576000,49687,35311,2026-08-02T11:17:39.093586Z
M2,317,saturated,M2,true,1150.000,3.044,6.478,8.196,42846.863,43166.453,43467.943,37839,452268,92831744,24674304,49660,37650,2026-08-02T11:18:39.074788Z
M2,318,saturated,M2,true,1320.000,2.832,4.313,4.797,42768.113,42999.319,43018.433,39614,457414,92831744,24764416,49680,40266,2026-08-02T11:18:39.074788Z
M2,319,saturated,M2,true,1325.000,2.967,4.484,6.158,42801.210,43025.411,43045.171,42249,458719,92831744,24879104,49665,42900,2026-08-02T11:18:39.074788Z
M2,320,saturated,M2,true,1300.000,3.065,4.674,5.261,42819.319,43046.763,43081.228,44926,460059,92831744,25010176,49700,45582,2026-08-02T11:18:39.074788Z
M2,321,saturated,M2,true,1200.000,3.418,4.884,5.563,42910.077,43117.989,43135.344,47502,461359,93102080,25133056,49787,48125,2026-08-02T11:18:39.074788Z
M2,322,saturated,M2,true,878.000,3.868,30.403,74.562,43067.641,43303.732,43322.440,49262,461359,93396992,25190400,49708,49713,2026-08-02T11:18:39.074788Z
M2,323,saturated,M2,true,1304.000,2.852,5.070,9.126,42582.282,42901.385,42944.893,51400,462359,94093312,25346048,49660,52280,2026-08-02T11:18:39.074788Z
M2,324,saturated,M2,true,1346.000,2.287,5.526,15.707,42400.560,42635.422,42658.630,53545,464061,94625792,25468928,49672,54982,2026-08-02T11:18:39.074788Z
M2,325,saturated,M2,true,1353.000,2.729,4.939,7.237,42298.929,42536.150,42573.288,56291,465419,95363072,25616384,49708,57758,2026-08-02T11:18:39.074788Z
M2,326,saturated,M2,true,1308.000,2.321,5.753,13.966,41939.106,42416.587,42451.750,58740,466802,95985664,25755648,49753,60488,2026-08-02T11:18:39.074788Z
M2,327,saturated,M2,true,580.000,3.808,57.402,100.278,41706.702,41906.850,41925.154,61114,468159,96264192,25812992,49716,62065,2026-08-02T11:18:39.074788Z
M2,328,saturated,M2,true,569.000,6.128,79.175,223.564,42274.379,42499.891,42517.310,62406,468968,96460800,25845760,49773,62803,2026-08-02T11:18:39.074788Z
M2,329,saturated,M2,true,1112.000,3.394,6.820,10.834,42224.094,42610.239,42745.113,63550,469884,97001472,25968640,49725,64939,2026-08-02T11:18:39.074788Z
M2,330,saturated,M2,true,1171.000,3.898,8.349,14.101,41936.894,42191.094,42222.291,65831,471016,97517568,26083328,49734,67305,2026-08-02T11:18:39.074788Z
M2,331,saturated,M2,true,846.000,3.895,37.754,94.165,41924.482,42113.947,42306.972,68144,471016,97976320,26173440,49959,69409,2026-08-02T11:18:39.074788Z
M2,332,saturated,M2,true,588.000,6.825,72.380,128.407,42606.251,42751.455,42778.423,69759,472211,98254848,26230784,49783,70288,2026-08-02T11:18:39.074788Z
M2,333,saturated,M2,true,806.000,3.809,21.207,71.206,42695.659,42985.394,43007.469,71093,473053,98639872,26312704,49960,72230,2026-08-02T11:18:39.074788Z
M2,334,saturated,M2,true,535.000,8.213,59.543,167.795,43383.598,43700.018,43729.005,72567,474035,98893824,26378240,49813,73039,2026-08-02T11:18:39.074788Z
M2,335,saturated,M2,true,1323.000,3.056,5.693,6.896,43499.060,43717.712,43739.512,73998,475009,99475456,26509312,49733,75544,2026-08-02T11:18:39.074788Z
M2,336,saturated,M2,true,1329.000,2.945,5.902,8.080,43332.952,43606.955,43632.147,76654,476335,100065280,26632192,49729,78217,2026-08-02T11:18:39.074788Z
M2,337,saturated,M2,true,1276.000,3.180,6.503,12.858,43187.403,43399.290,43433.329,79301,477646,100671488,26755072,49710,80731,2026-08-02T11:18:39.074788Z
M2,338,saturated,M2,true,1344.000,2.618,5.905,9.513,43160.534,43377.402,43400.432,81904,478967,101285888,26894336,49739,83488,2026-08-02T11:18:39.074788Z
M2,339,saturated,M2,true,1261.000,3.547,6.940,9.543,43294.404,43556.102,43598.194,84560,480261,101883904,27025408,49746,86020,2026-08-02T11:18:39.074788Z
M2,340,saturated,M2,true,1278.000,3.001,7.990,13.882,43490.965,43726.364,43777.287,87128,481560,102514688,27164672,49794,88668,2026-08-02T11:18:39.074788Z
M2,341,saturated,M2,true,1019.000,5.381,15.291,19.101,43663.341,43931.605,43971.097,89562,482747,102957056,27254784,49760,90639,2026-08-02T11:18:39.074788Z
M2,342,saturated,M2,true,940.000,4.888,17.517,34.281,43994.411,44252.434,44279.299,91632,483720,103342080,27336704,49844,92673,2026-08-02T11:18:39.074788Z
M2,343,saturated,M2,true,503.000,3.960,20.246,510.159,44723.586,45057.685,45084.268,93195,484459,103628800,27394048,49746,93520,2026-08-02T11:18:39.074788Z
M2,344,saturated,M2,true,1227.000,3.536,8.338,16.906,44965.436,45246.350,45281.883,94710,485300,104210432,27500544,49739,95972,2026-08-02T11:18:39.074788Z
M2,345,saturated,M2,true,1325.000,3.155,6.066,7.473,45066.053,45290.456,45335.540,97202,486541,104833024,27648000,49780,98665,2026-08-02T11:18:39.074788Z
M2,346,saturated,M2,true,1344.000,2.913,6.093,7.358,45142.819,45363.874,45396.463,99813,487841,105431040,27762688,49721,101260,2026-08-02T11:18:39.074788Z
M2,347,saturated,M2,true,996.000,3.711,11.528,88.358,45378.076,45660.087,45691.948,102302,489051,105897984,27877376,49780,103359,2026-08-02T11:18:39.074788Z
M2,348,saturated,M2,true,1232.000,3.603,8.230,22.149,45269.963,45686.884,45725.965,104456,490351,106455040,27983872,49742,105782,2026-08-02T11:18:39.074788Z
M2,349,saturated,M2,true,1380.000,2.757,5.519,7.702,44520.839,44819.656,44857.523,107060,491705,107102208,28114944,49758,108576,2026-08-02T11:18:39.074788Z
M2,350,saturated,M2,true,1263.000,3.733,7.085,8.792,44454.448,44672.369,44692.243,109763,492795,107610112,28246016,49758,111112,2026-08-02T11:18:39.074788Z
M2,351,saturated,M2,true,1301.000,3.541,6.417,8.104,44424.302,44645.475,44668.277,112331,494085,108290048,28385280,49748,113701,2026-08-02T11:18:39.074788Z
M2,352,saturated,M2,true,1146.000,3.838,13.081,29.080,44462.154,44722.170,44755.602,114903,495331,108756992,28491776,49786,116065,2026-08-02T11:18:39.074788Z
M2,353,saturated,M2,true,1241.000,3.459,7.634,11.393,44527.393,44770.750,44798.125,117230,496492,109395968,28622848,49790,118574,2026-08-02T11:18:39.074788Z
M2,354,saturated,M2,true,1304.000,3.271,6.502,16.781,44583.872,44798.896,44820.008,119765,497772,110034944,28753920,49761,121112,2026-08-02T11:18:39.074788Z
M2,355,saturated,M2,true,1147.000,3.008,5.659,7.837,44595.647,44786.717,44808.283,122251,499376,110559232,28876800,49772,123432,2026-08-02T11:18:39.074788Z
M2,356,saturated,M2,true,1304.000,3.502,6.834,8.744,44149.744,44562.187,44599.629,124700,500726,111140864,28999680,49760,126018,2026-08-02T11:18:39.074788Z
M2,357,saturated,M2,true,777.000,4.130,24.310,108.997,43908.421,44078.641,44135.996,127152,500726,111542272,29089792,49661,127984,2026-08-02T11:18:39.074788Z
M2,358,saturated,M2,true,496.000,9.468,81.869,116.502,44690.623,44891.652,44915.801,128290,501529,111763456,29122560,49863,128775,2026-08-02T11:18:39.074788Z
M2,359,saturated,M2,true,1183.000,4.719,8.642,11.685,44893.952,45111.188,45139.201,129873,502230,112312320,29245440,49819,131049,2026-08-02T11:18:39.074788Z
M2,360,saturated,M2,true,1320.000,3.359,7.136,10.243,44568.845,44797.406,44836.148,132304,503872,112893952,29376512,49762,133613,2026-08-02T11:18:39.074788Z
M2,361,saturated,M2,true,1178.000,3.728,8.713,15.927,44576.999,44818.107,44849.147,134905,504633,113467392,29507584,49780,136020,2026-08-02T11:18:39.074788Z
M2,362,saturated,M2,true,705.000,3.911,7.784,119.208,44592.034,44816.181,45084.536,136458,504633,113664000,29564928,49741,137307,2026-08-02T11:18:39.074788Z
M2,363,saturated,M2,true,528.000,7.605,65.163,182.540,45333.628,45522.964,45589.927,138180,506485,113778688,29630464,49804,138862,2026-08-02T11:18:39.074788Z
M2,364,saturated,M2,true,582.000,5.688,56.810,223.643,46105.676,46260.694,46300.880,139167,507264,113991680,29687808,49796,139686,2026-08-02T11:18:39.074788Z
M2,365,saturated,M2,true,1195.000,4.393,8.386,12.803,46198.441,46439.674,46476.251,141173,507658,114343936,29802496,49806,142084,2026-08-02T11:18:39.074788Z
M2,366,saturated,M2,true,1253.000,4.001,7.021,8.440,46277.669,46501.833,46529.271,143639,509369,114704384,29933568,49810,144619,2026-08-02T11:18:39.074788Z
M2,367,saturated,M2,true,1206.000,4.652,8.312,10.762,46340.105,46562.528,46587.477,145891,510380,114991104,30064640,49830,147054,2026-08-02T11:18:39.074788Z
M2,368,saturated,M2,true,1235.000,4.292,7.788,10.353,46276.408,46586.604,46625.895,148310,511601,115556352,30179328,49800,149477,2026-08-02T11:18:39.074788Z
M2,369,saturated,M2,true,506.000,7.090,46.239,106.769,46107.812,46514.077,46644.861,150025,512551,115843072,30244864,49797,150828,2026-08-02T11:18:39.074788Z
M2,370,saturated,M2,true,810.000,4.888,49.808,102.074,46997.036,47184.302,47210.336,150972,513343,116162560,30318592,49810,152136,2026-08-02T11:18:39.074788Z
M2,371,saturated,M2,true,1166.000,4.786,9.182,11.467,47046.042,47275.197,47313.080,152890,514450,116637696,30416896,49808,154462,2026-08-02T11:18:39.074788Z
M2,372,saturated,M2,true,1084.000,4.506,14.465,34.533,47201.557,47442.526,47557.061,155294,515674,117145600,30531584,49860,156708,2026-08-02T11:18:39.074788Z
M2,373,saturated,M2,true,1117.000,4.260,10.030,36.784,47436.496,47663.106,47687.302,157412,515674,117727232,30662656,49867,158968,2026-08-02T11:18:39.074788Z
M2,374,saturated,M2,true,600.000,7.828,32.282,92.484,47679.717,47947.964,48159.398,159493,517215,118022144,30711808,49643,160401,2026-08-02T11:18:39.074788Z
M2,375,saturated,M2,true,600.000,7.300,96.427,173.166,48403.896,48723.142,48752.003,160478,517673,118308864,30777344,49834,161322,2026-08-02T11:18:39.074788Z
M2,376,saturated,M2,true,1164.000,4.954,8.765,12.651,47655.662,48160.771,48184.027,162245,518467,118816768,30883840,49858,163712,2026-08-02T11:18:39.074788Z
M2,377,saturated,M2,true,1126.000,5.290,10.214,15.136,47523.812,47723.479,47746.194,164670,507114,119365632,30998528,49849,165966,2026-08-02T11:19:39.041095Z
M2,378,saturated,M2,true,1283.000,4.208,6.939,9.287,47506.688,47741.819,47780.031,167757,522071,120004608,31121408,49819,168465,2026-08-02T11:19:39.041095Z
M2,379,saturated,M2,true,1273.000,4.190,6.696,10.187,46763.258,47358.774,47709.515,170343,523456,120659968,31252480,49828,171025,2026-08-02T11:19:39.041095Z
M2,380,saturated,M2,true,1262.000,4.311,6.643,8.889,46090.476,46780.794,46817.395,172881,524728,121208832,31391744,49822,173552,2026-08-02T11:19:39.041095Z
M2,381,saturated,M2,true,1094.000,5.821,10.482,14.354,45762.673,45988.803,46026.020,175291,525906,121724928,31514624,49856,175812,2026-08-02T11:19:39.041095Z
M2,382,saturated,M2,true,959.000,6.252,17.829,50.428,45920.778,46159.391,46179.354,177501,525906,122159104,31596544,49877,177770,2026-08-02T11:19:39.041095Z
M2,383,saturated,M2,true,799.000,6.835,19.848,166.698,46406.442,46655.999,46684.009,179119,526993,122478592,31678464,49841,179303,2026-08-02T11:19:39.041095Z
M2,384,saturated,M2,true,1088.000,5.111,11.505,24.216,46547.022,46755.839,46776.827,181091,527773,123002880,31784960,49841,181482,2026-08-02T11:19:39.041095Z
M2,385,saturated,M2,true,1210.000,4.937,8.079,10.335,46707.275,46921.859,46947.847,183370,529306,123518976,31899648,49841,183910,2026-08-02T11:19:39.041095Z
M2,386,saturated,M2,true,1013.000,6.932,13.221,18.481,46902.068,47133.447,47165.996,185612,530518,123994112,32006144,49845,185954,2026-08-02T11:19:39.041095Z
M2,387,saturated,M2,true,1073.000,5.763,12.455,21.373,46996.445,47289.037,47327.055,187729,531537,124510208,32120832,49863,188119,2026-08-02T11:19:39.041095Z
M2,388,saturated,M2,true,1130.000,5.800,9.659,14.032,47143.802,47360.336,47397.649,189918,533159,125091840,32243712,49851,190360,2026-08-02T11:19:39.041095Z
M2,389,saturated,M2,true,1130.000,5.370,9.822,14.482,46984.065,47212.329,47249.646,192238,534330,125558784,32342016,49856,192643,2026-08-02T11:19:39.041095Z
M2,390,saturated,M2,true,428.000,11.975,38.385,104.671,46888.511,47104.728,47158.201,193086,534330,125771776,32374784,49770,193316,2026-08-02T11:19:39.041095Z
M2,391,saturated,M2,true,697.000,7.142,56.333,242.162,47290.102,47577.997,47607.661,194822,535213,126132224,32456704,49873,194955,2026-08-02T11:19:39.041095Z
M2,392,saturated,M2,true,861.000,6.388,22.528,55.741,47370.330,47612.660,47661.086,196794,536024,126590976,32538624,49908,196728,2026-08-02T11:19:39.041095Z
M2,393,saturated,M2,true,973.000,6.794,17.297,31.918,47872.712,48113.576,48159.927,198411,536911,126976000,32628736,49903,198661,2026-08-02T11:19:39.041095Z
M2,394,saturated,M2,true,1041.000,5.875,13.097,33.289,47994.558,48213.726,48246.588,200507,537877,127508480,32751616,49876,200705,2026-08-02T11:19:39.041095Z
M2,395,saturated,M2,true,1124.000,5.958,9.335,13.643,48113.496,48370.553,48406.901,202637,539404,127967232,32858112,49874,202942,2026-08-02T11:19:39.041095Z
M2,396,saturated,M2,true,1099.000,5.997,10.609,13.993,48109.194,48326.283,48357.305,204835,540014,128458752,32956416,49857,205125,2026-08-02T11:19:39.041095Z
M2,397,saturated,M2,true,1114.000,5.968,9.762,12.834,48248.914,48514.629,48551.787,207097,541610,128983040,33071104,49862,207361,2026-08-02T11:19:39.041095Z
M2,398,saturated,M2,true,979.000,7.211,14.921,23.813,48439.280,48654.929,48698.673,209278,541610,129425408,33185792,49880,209369,2026-08-02T11:19:39.041095Z
M2,399,saturated,M2,true,806.000,7.917,27.953,43.155,48735.500,49091.727,49127.997,211152,542771,129859584,33259520,49906,211030,2026-08-02T11:19:39.041095Z
M2,400,saturated,M2,true,784.000,7.620,20.086,43.885,49098.241,49384.970,49423.352,212792,543690,130236416,33341440,49597,212760,2026-08-02T11:19:39.041095Z
M2,401,saturated,M2,true,666.000,9.676,48.883,171.458,49650.971,50023.724,50052.570,213951,544514,130490368,33406976,49887,213908,2026-08-02T11:19:39.041095Z
M2,402,saturated,M2,true,757.000,6.628,18.518,178.298,49876.379,50165.800,50195.010,215567,545482,130916352,33480704,49969,215573,2026-08-02T11:19:39.041095Z
M2,403,saturated,M2,true,687.000,8.643,30.428,56.592,50370.100,50601.309,50622.602,216885,546318,131194880,33546240,49973,216972,2026-08-02T11:19:39.041095Z
M2,404,saturated,M2,true,762.000,7.538,42.040,81.514,50891.277,51109.484,51146.297,218230,547257,131506176,33619968,49902,218351,2026-08-02T11:19:39.041095Z
M2,405,saturated,M2,true,947.000,7.125,18.894,29.191,51151.955,51447.274,51481.652,219940,547699,131956736,33710080,49889,220219,2026-08-02T11:19:39.041095Z
M2,406,saturated,M2,true,1041.000,7.032,11.957,15.757,51320.019,51551.185,51591.776,221974,549141,132456448,33808384,49894,222309,2026-08-02T11:19:39.041095Z
M2,407,saturated,M2,true,1054.000,6.552,11.641,17.324,51440.757,51654.397,51700.070,224053,550188,132907008,33914880,49881,224403,2026-08-02T11:19:39.041095Z
M2,408,saturated,M2,true,1091.000,6.433,10.106,14.239,51621.417,51859.074,51902.157,226210,551264,133431296,34029568,49870,226572,2026-08-02T11:19:39.041095Z
M2,409,saturated,M2,true,1061.000,6.522,10.933,14.807,51500.337,51979.992,52023.468,228390,552339,133922816,34152448,49892,228740,2026-08-02T11:19:39.041095Z
M2,410,saturated,M2,true,578.000,8.643,36.239,110.427,51101.553,51401.540,51453.423,230267,552882,134266880,34234368,49720,230092,2026-08-02T11:19:39.041095Z
M2,411,saturated,M2,true,600.000,9.718,94.742,175.777,51812.145,52090.117,52114.974,231080,553639,134496256,34283520,49894,231122,2026-08-02T11:19:39.041095Z
M2,412,saturated,M2,true,825.000,7.726,19.861,72.330,51957.874,52221.094,52251.423,232867,553639,134905856,34365440,49921,232833,2026-08-02T11:19:39.041095Z
M2,413,saturated,M2,true,388.000,18.744,93.408,141.328,52668.625,52930.493,53102.067,234031,554543,135135232,34422784,49743,233726,2026-08-02T11:19:39.041095Z
M2,414,saturated,M2,true,347.000,14.383,140.358,299.419,53327.691,53614.019,53625.721,234593,555123,135249920,34439168,49930,234314,2026-08-02T11:19:39.041095Z
M2,415,saturated,M2,true,926.000,7.781,16.194,28.422,53834.841,54076.978,54117.149,236013,555660,135643136,34521088,49906,236114,2026-08-02T11:19:39.041095Z
M2,416,saturated,M2,true,908.000,8.139,16.091,24.643,53937.544,54303.273,54339.212,237889,557000,136085504,34619392,49904,237944,2026-08-02T11:19:39.041095Z
M2,417,saturated,M2,true,343.000,10.193,78.559,126.179,53554.178,53747.937,53792.871,237982,557000,136224768,34652160,49883,238580,2026-08-02T11:19:39.041095Z
M2,418,saturated,M2,true,30.000,287.272,1211.579,1218.117,54885.699,54897.819,54897.836,239337,557720,136323072,34676736,49862,238814,2026-08-02T11:19:39.041095Z
M2,419,saturated,M2,true,285.000,21.870,74.545,117.721,55050.650,55330.530,55357.253,239525,557786,136478720,34701312,49889,239437,2026-08-02T11:19:39.041095Z
M2,420,saturated,M2,true,79.000,79.286,766.333,773.506,55983.267,56138.356,56139.429,239835,557786,136478720,34701312,49957,239447,2026-08-02T11:19:39.041095Z
M2,421,saturated,M2,true,51.000,103.460,851.450,939.774,57030.323,57129.156,57129.185,240133,558110,136511488,34717696,49975,239621,2026-08-02T11:19:39.041095Z
M2,422,saturated,M2,true,410.000,17.361,63.255,197.822,57217.464,57597.163,57632.472,240276,558252,136634368,34742272,49970,240173,2026-08-02T11:19:39.041095Z
M2,423,saturated,M2,true,514.000,16.005,49.803,77.646,58012.186,58298.076,58328.650,241111,558520,136814592,34783232,49946,240925,2026-08-02T11:19:39.041095Z
M2,424,saturated,M2,true,660.000,11.584,28.969,89.163,58403.287,58635.128,58657.676,242107,559218,137134080,34848768,49933,242296,2026-08-02T11:19:39.041095Z
M2,425,saturated,M2,true,845.000,8.775,19.701,27.404,58881.062,59100.924,59131.847,243413,560120,137461760,34914304,49925,243661,2026-08-02T11:19:39.041095Z
M2,426,saturated,M2,true,586.000,14.690,33.065,55.858,59250.088,59597.509,59630.391,245116,560706,137805824,34996224,49949,245205,2026-08-02T11:19:39.041095Z
M2,427,saturated,M2,true,763.000,9.224,25.041,59.903,59844.988,60098.533,60134.929,246325,560706,138076160,35045376,49926,246380,2026-08-02T11:19:39.041095Z
M2,428,saturated,M2,true,809.000,9.215,20.459,42.713,60008.306,60355.085,60396.070,247847,561592,138493952,35143680,49937,248137,2026-08-02T11:19:39.041095Z
M2,429,saturated,M2,true,733.000,9.957,27.171,48.216,60343.902,60575.254,60594.522,249476,562494,138878976,35225600,49948,249830,2026-08-02T11:19:39.041095Z
M2,430,saturated,M2,true,913.000,8.305,18.023,22.766,60086.464,60747.750,60801.103,250970,563313,139214848,35291136,49947,251255,2026-08-02T11:19:39.041095Z
M2,431,saturated,M2,true,970.000,7.759,15.114,19.965,60027.398,60263.925,60301.584,252793,564528,139640832,35389440,49930,253182,2026-08-02T11:19:39.041095Z
M2,432,saturated,M2,true,735.000,9.802,31.876,59.464,60258.835,60588.131,60630.201,254738,565483,140099584,35487744,49944,255057,2026-08-02T11:19:39.041095Z
M2,433,saturated,M2,true,632.000,10.855,37.854,110.420,60832.092,61080.338,61109.971,256212,566231,140337152,35528704,49940,256064,2026-08-02T11:19:39.041095Z
M2,434,saturated,M2,true,749.000,10.111,27.541,42.107,60967.989,61201.878,61236.740,257520,566231,140722176,35627008,49969,257814,2026-08-02T11:19:39.041095Z
M2,435,saturated,M2,true,819.000,9.611,21.832,37.111,61390.903,61622.473,61659.464,259008,567306,141049856,35692544,49955,259193,2026-08-02T11:19:39.041095Z
M2,436,saturated,M2,true,842.000,8.706,18.604,29.915,60931.056,61178.878,61196.575,260669,567994,141451264,35774464,49540,260990,2026-08-02T11:19:39.041095Z
M2,437,saturated,M2,true,480.000,18.891,51.900,76.271,61243.874,61594.563,61625.266,262341,568873,141721600,35831808,49948,262090,2026-08-02T11:19:39.041095Z
M2,438,saturated,M2,true,785.000,10.404,21.668,29.445,61601.581,61907.509,61960.003,262603,530457,141869056,35897344,49934,263458,2026-08-02T11:20:39.533036Z
M2,439,saturated,M2,true,930.000,8.143,14.964,25.593,61835.517,62064.979,62098.432,264291,570230,142352384,35995648,49941,265260,2026-08-02T11:20:39.533036Z
M2,440,saturated,M2,true,948.000,7.951,14.801,19.467,61997.115,62263.877,62304.280,266168,571637,142786560,36085760,49939,267122,2026-08-02T11:20:39.533036Z
M2,441,saturated,M2,true,1000.000,7.614,12.273,15.927,62306.649,62571.037,62614.611,268076,572111,143179776,36184064,49936,269049,2026-08-02T11:20:39.533036Z
M2,442,saturated,M2,true,821.000,7.947,18.872,106.829,62486.879,62734.197,62764.544,270082,572111,143663104,36282368,49952,271017,2026-08-02T11:20:39.533036Z
M2,443,saturated,M2,true,930.000,8.031,17.471,25.481,62904.581,63108.473,63127.229,271688,573576,144039936,36356096,49935,272581,2026-08-02T11:20:39.533036Z
M2,444,saturated,M2,true,849.000,8.492,21.021,35.801,63084.614,63290.937,63351.412,273618,574614,144474112,36470784,49946,274550,2026-08-02T11:20:39.533036Z
M2,445,saturated,M2,true,896.000,8.092,17.490,27.535,63391.637,63597.623,63624.248,275263,575725,144842752,36536320,49937,276093,2026-08-02T11:20:39.533036Z
M2,446,saturated,M2,true,991.000,7.591,12.891,17.768,63294.266,63587.507,63650.355,277141,575725,145334272,36626432,49946,278076,2026-08-02T11:20:39.533036Z
M2,447,saturated,M2,true,836.000,8.279,19.010,56.127,63271.760,63548.949,63581.693,279132,577100,145719296,36732928,49943,279863,2026-08-02T11:20:39.533036Z
M2,448,saturated,M2,true,967.000,8.108,13.692,17.470,63383.329,63607.545,63638.685,280813,578054,146137088,36814848,49939,281736,2026-08-02T11:20:39.533036Z
M2,449,saturated,M2,true,962.000,8.176,14.021,19.179,63598.014,63856.789,63893.286,282759,579184,146612224,36913152,49940,283659,2026-08-02T11:20:39.533036Z
M2,450,saturated,M2,true,934.000,8.381,14.112,17.796,63713.367,63947.485,63979.977,284681,580141,147021824,37019648,49948,285560,2026-08-02T11:20:39.533036Z
M2,451,saturated,M2,true,935.000,8.567,14.149,18.966,63845.064,64067.382,64100.598,286565,580837,147480576,37093376,49943,287429,2026-08-02T11:20:39.533036Z
M2,452,saturated,M2,true,601.000,9.756,43.395,122.549,64025.656,64278.259,64389.513,288401,582239,147890176,37183488,49777,289224,2026-08-02T11:20:39.533036Z
M2,453,saturated,M2,true,614.000,12.990,49.743,96.068,64585.624,65001.719,65030.754,289485,582663,148119552,37240832,49957,290196,2026-08-02T11:20:39.533036Z
M2,454,saturated,M2,true,791.000,10.659,20.757,30.942,64945.519,65198.989,65237.177,290869,583465,148439040,37306368,49956,291641,2026-08-02T11:20:39.533036Z
M2,455,saturated,M2,true,821.000,9.986,17.596,31.103,65153.797,65393.285,65435.559,292480,584257,148815872,37388288,49954,293223,2026-08-02T11:20:39.533036Z
M2,456,saturated,M2,true,709.000,9.878,29.716,85.235,64700.225,64955.486,64989.351,294043,585075,149135360,37462016,49954,294601,2026-08-02T11:20:39.533036Z
M2,457,saturated,M2,true,877.000,9.202,17.075,20.938,64821.229,65064.838,65115.876,295577,586041,149553152,37535744,49952,296338,2026-08-02T11:20:39.533036Z
M2,458,saturated,M2,true,789.000,9.906,23.358,38.767,64836.709,65062.119,65102.318,297331,586041,149921792,37625856,49956,298064,2026-08-02T11:20:39.533036Z
M2,459,saturated,M2,true,852.000,9.842,17.259,22.442,65020.984,65264.021,65298.580,298900,587096,150306816,37715968,49955,299666,2026-08-02T11:20:39.533036Z
M2,460,saturated,M2,true,792.000,10.244,20.522,31.479,65258.085,65550.959,65594.617,300606,588130,150683648,37797888,49968,301363,2026-08-02T11:20:39.533036Z
M2,461,saturated,M2,true,784.000,11.187,20.051,26.338,65512.562,65832.472,65869.997,302183,589108,151052288,37871616,49956,302847,2026-08-02T11:20:39.533036Z
M2,462,saturated,M2,true,611.000,11.569,42.091,79.849,65780.453,66061.624,66096.607,303783,589880,151404544,37945344,49964,304371,2026-08-02T11:20:39.533036Z
M2,463,saturated,M2,true,741.000,11.479,25.646,33.392,66331.355,66554.873,66591.541,304951,590496,151666688,38010880,49958,305540,2026-08-02T11:20:39.533036Z
M2,464,saturated,M2,true,795.000,10.083,21.510,42.368,66563.473,66801.568,66903.698,306558,591236,152059904,38092800,49957,307299,2026-08-02T11:20:39.533036Z
M2,465,saturated,M2,true,767.000,10.179,20.461,52.802,66874.572,67077.480,67094.937,308123,592281,152436736,38166528,49964,308785,2026-08-02T11:20:39.533036Z
M2,466,saturated,M2,true,877.000,9.541,16.629,20.865,66970.724,67199.714,67227.461,309705,593243,152772608,38248448,49960,310438,2026-08-02T11:20:39.533036Z
M2,467,saturated,M2,true,812.000,10.653,17.927,21.654,66891.825,67181.867,67220.558,311425,594084,153198592,38338560,49961,312102,2026-08-02T11:20:39.533036Z
M2,468,saturated,M2,true,878.000,9.453,15.979,19.614,66673.252,66986.002,67027.626,313094,594084,153559040,38420480,49963,313811,2026-08-02T11:20:39.533036Z
M2,469,saturated,M2,true,830.000,10.180,18.798,22.587,66602.353,66868.183,66906.462,314847,594924,153976832,38502400,49966,315529,2026-08-02T11:20:39.533036Z
M2,470,saturated,M2,true,854.000,9.804,17.122,22.435,66316.240,66608.199,66651.607,316507,595790,154353664,38592512,49963,317207,2026-08-02T11:20:39.533036Z
M2,471,saturated,M2,true,800.000,10.786,19.086,23.138,66283.436,66499.218,66538.927,318205,597050,154746880,38674432,49577,318863,2026-08-02T11:20:39.533036Z
M2,472,saturated,M2,true,664.000,11.566,28.067,87.193,66379.046,66644.317,66676.842,319771,597458,155090944,38748160,49687,320437,2026-08-02T11:20:39.533036Z
M2,473,saturated,M2,true,774.000,11.069,21.523,36.908,66803.215,67037.191,67083.099,321115,598237,155418624,38813696,49973,321731,2026-08-02T11:20:39.533036Z
M2,474,saturated,M2,true,696.000,12.514,27.120,36.270,67036.529,67321.225,67405.581,322675,599296,155754496,38895616,49914,323281,2026-08-02T11:20:39.533036Z
M2,475,saturated,M2,true,783.000,11.123,20.364,25.208,67380.312,67589.803,67628.413,324077,599296,156098560,38969344,49968,324694,2026-08-02T11:20:39.533036Z
M2,476,saturated,M2,true,821.000,10.000,19.004,24.294,67634.548,67909.383,67941.857,325661,600370,156475392,39043072,49973,326322,2026-08-02T11:20:39.533036Z
M2,477,saturated,M2,true,775.000,10.738,21.264,33.533,67842.672,68066.028,68086.229,327371,601429,156868608,39124992,49976,328013,2026-08-02T11:20:39.533036Z
M2,478,saturated,M2,true,786.000,10.844,20.044,26.437,68063.702,68294.012,68317.566,328865,602016,157212672,39206912,49975,329489,2026-08-02T11:20:39.533036Z
M2,479,saturated,M2,true,843.000,10.085,16.800,20.315,67532.362,67944.706,67986.075,330508,602755,157589504,39297024,49976,331152,2026-08-02T11:20:39.533036Z
M2,480,saturated,M2,true,822.000,10.351,18.154,21.954,67585.587,67803.817,67835.173,332188,604007,157974528,39370752,49972,332802,2026-08-02T11:20:39.533036Z
M2,481,saturated,M2,true,768.000,10.472,21.294,52.644,66613.385,67294.910,67332.435,333736,604828,158343168,39452672,49978,334367,2026-08-02T11:20:39.533036Z
M2,482,saturated,M2,true,715.000,10.499,22.673,128.580,66590.296,66811.091,66966.016,335245,605597,158695424,39526400,49977,336025,2026-08-02T11:20:39.533036Z
M2,483,saturated,M2,true,844.000,9.715,20.143,27.591,66824.716,67035.187,67071.233,336751,606312,159064064,39591936,49971,337449,2026-08-02T11:20:39.533036Z
M2,484,saturated,M2,true,756.000,11.185,22.940,41.599,65436.894,66913.646,66956.289,338357,607151,159424512,39690240,49979,339127,2026-08-02T11:20:39.533036Z
M2,485,saturated,M2,true,853.000,10.028,17.263,22.375,62440.927,63174.104,64179.042,339942,607912,159809536,39763968,49976,340709,2026-08-02T11:20:39.533036Z
M2,486,saturated,M2,true,820.000,10.561,19.489,24.153,61934.773,62180.682,62220.330,341603,608763,160161792,39854080,49979,342359,2026-08-02T11:20:39.533036Z
M2,487,saturated,M2,true,839.000,10.174,19.136,23.554,61757.970,61983.169,62024.392,343264,609585,160571392,39919616,49981,344034,2026-08-02T11:20:39.533036Z
M2,488,saturated,M2,true,787.000,10.393,18.319,60.710,61620.848,61893.864,61932.786,344876,610679,160923648,40009728,49812,345620,2026-08-02T11:20:39.533036Z
M2,489,saturated,M2,true,841.000,10.413,18.019,21.640,61424.990,61643.373,61680.622,346548,611210,161341440,40099840,49815,347306,2026-08-02T11:20:39.533036Z
M2,490,saturated,M2,true,838.000,10.317,18.700,23.313,61448.013,61668.097,61704.322,348236,612052,161710080,40173568,49980,348983,2026-08-02T11:20:39.533036Z
M2,491,saturated,M2,true,837.000,10.257,18.617,22.103,61371.677,61646.195,61686.728,349918,612052,162127872,40255488,49817,350666,2026-08-02T11:20:39.533036Z
M2,492,saturated,M2,true,723.000,11.363,22.360,68.244,61355.617,61601.849,61635.399,351597,613313,162480128,40345600,49981,352334,2026-08-02T11:20:39.533036Z
M2,493,saturated,M2,true,809.000,10.581,19.955,24.890,61662.012,61904.404,61945.623,353027,614140,162807808,40402944,49979,353745,2026-08-02T11:20:39.533036Z
M2,494,saturated,M2,true,740.000,11.346,25.500,52.996,61703.359,61935.672,61969.937,354684,614843,163217408,40493056,49979,355420,2026-08-02T11:20:39.533036Z
M2,495,saturated,M2,true,789.000,11.240,21.603,28.326,61519.128,61736.702,61757.956,356133,615680,163536896,40550400,49829,356826,2026-08-02T11:20:39.533036Z
M2,496,saturated,M2,true,767.000,11.820,21.149,25.858,61522.746,61762.150,61800.131,357742,616387,163921920,40648704,49876,358458,2026-08-02T11:20:39.533036Z
M2,497,saturated,M2,true,690.000,13.282,26.263,49.904,61578.762,61840.829,61877.268,359149,617199,164233216,40722432,49619,359828,2026-08-02T11:20:39.533036Z
M2,498,saturated,M2,true,755.000,11.886,22.443,28.663,61732.109,61948.236,61969.198,361115,617755,164642816,40787968,49855,361339,2026-08-02T11:21:39.354745Z
M2,499,saturated,M2,true,801.000,11.263,19.018,22.954,61433.566,61691.315,61728.687,362665,618504,164970496,40861696,49983,362890,2026-08-02T11:21:39.354745Z
M2,500,saturated,M2,true,742.000,12.260,20.250,25.909,61325.016,61545.365,61582.330,364267,619423,165306368,40935424,49632,364471,2026-08-02T11:21:39.354745Z
M2,501,saturated,M2,true,725.000,12.683,24.286,30.797,61593.102,61852.235,61886.408,365692,620171,165675008,41000960,49610,365864,2026-08-02T11:21:39.354745Z
M2,502,saturated,M2,true,639.000,13.257,36.275,61.764,61773.122,62026.937,62047.319,367169,621251,166002688,41074688,49707,367355,2026-08-02T11:21:39.354745Z
M2,503,saturated,M2,true,690.000,13.033,28.386,40.577,62198.712,62475.155,62516.377,368334,621845,166264832,41132032,49609,368543,2026-08-02T11:21:39.354745Z
M2,504,saturated,M2,true,692.000,12.636,26.328,40.806,62397.465,62674.643,62707.784,369788,621845,166576128,41205760,49663,370040,2026-08-02T11:21:39.354745Z
M2,505,saturated,M2,true,727.000,12.653,23.110,33.300,62709.612,62917.257,62941.882,371166,622592,166961152,41271296,49603,371388,2026-08-02T11:21:39.354745Z
M2,506,saturated,M2,true,747.000,12.591,21.445,29.038,62770.490,62992.918,63031.696,372664,623644,167280640,41345024,49623,372910,2026-08-02T11:21:39.354745Z
M2,507,saturated,M2,true,769.000,11.740,20.981,25.212,62984.011,63245.271,63286.136,374185,624772,167600128,41418752,49599,374416,2026-08-02T11:21:39.354745Z
M2,508,saturated,M2,true,777.000,11.814,20.236,25.170,63040.872,63266.937,63286.704,375741,624772,168001536,41500672,49605,375980,2026-08-02T11:21:39.354745Z
M2,509,saturated,M2,true,755.000,12.193,20.763,25.056,63243.691,63490.195,63540.358,377200,625552,168321024,41582592,49611,377508,2026-08-02T11:21:39.354745Z
M2,510,saturated,M2,true,735.000,12.856,24.013,29.438,63435.866,63739.226,63777.599,378609,626567,168689664,41664512,49597,378961,2026-08-02T11:21:39.354745Z
M2,511,saturated,M2,true,764.000,12.195,22.337,27.348,63589.787,63818.274,63852.778,380133,627428,169050112,41730048,49608,380513,2026-08-02T11:21:39.354745Z
M2,512,saturated,M2,true,667.000,12.398,29.794,74.787,63741.237,63993.452,64027.227,381612,628193,169369600,41803776,49706,382049,2026-08-02T11:21:39.354745Z
M2,513,saturated,M2,true,756.000,12.186,22.658,28.703,64090.703,64353.151,64396.714,382933,629121,169689088,41877504,49611,383365,2026-08-02T11:21:39.354745Z
M2,514,saturated,M2,true,684.000,13.243,27.361,39.874,64261.417,64502.817,64540.212,384398,630004,170057728,41943040,49694,384909,2026-08-02T11:21:39.354745Z
M2,515,saturated,M2,true,575.000,16.656,29.563,35.016,64685.503,64992.046,65029.803,385635,630565,170336256,42000384,49700,386038,2026-08-02T11:21:39.354745Z
M2,516,saturated,M2,true,750.000,12.631,21.769,27.363,64921.843,65154.883,65197.289,386899,630565,170622976,42057728,49624,387426,2026-08-02T11:21:39.354745Z
M2,517,saturated,M2,true,736.000,12.480,21.583,26.014,65157.217,65385.854,65429.009,388360,631258,170991616,42131456,49619,388893,2026-08-02T11:21:39.354745Z
M2,518,saturated,M2,true,663.000,14.180,27.858,33.966,64945.384,65148.679,65181.918,389744,631991,171319296,42205184,49676,390285,2026-08-02T11:21:39.354745Z
M2,519,saturated,M2,true,651.000,15.051,26.968,38.412,64918.529,65177.566,65207.987,390948,632707,171614208,42270720,49683,391630,2026-08-02T11:21:39.354745Z
M2,520,saturated,M2,true,696.000,13.692,23.728,30.729,65119.186,65362.493,65400.567,392310,633361,171917312,42344448,49650,392973,2026-08-02T11:21:39.354745Z
M2,521,saturated,M2,true,628.000,15.626,29.498,39.339,65293.515,65500.594,65550.581,393632,634289,172228608,42401792,49678,394258,2026-08-02T11:21:39.354745Z
M2,522,saturated,M2,true,622.000,13.953,25.663,118.987,65294.840,65571.766,65602.544,394955,634685,172531712,42467328,49725,395639,2026-08-02T11:21:39.354745Z
M2,523,saturated,M2,true,702.000,13.655,24.833,30.411,65688.639,65921.534,65962.081,396259,635357,172826624,42524672,49634,396848,2026-08-02T11:21:39.354745Z
M2,524,saturated,M2,true,665.000,14.202,26.295,38.188,65813.081,66037.187,66074.358,397457,635968,173162496,42598400,49694,398307,2026-08-02T11:21:39.354745Z
M2,525,saturated,M2,true,716.000,13.124,24.068,30.343,65950.873,66190.212,66230.378,398788,636996,173481984,42672128,49646,399641,2026-08-02T11:21:39.354745Z
M2,526,saturated,M2,true,744.000,13.200,21.117,25.432,66101.653,66328.235,66366.450,400262,638083,173826048,42737664,49626,401114,2026-08-02T11:21:39.354745Z
M2,527,saturated,M2,true,726.000,13.009,23.727,29.879,66171.757,66385.950,66407.075,401527,638712,174153728,42811392,49637,402586,2026-08-02T11:21:39.354745Z
M2,528,saturated,M2,true,730.000,12.643,23.020,30.567,66213.106,66424.263,66453.257,402923,638712,174481408,42876928,49640,404054,2026-08-02T11:21:39.354745Z
M2,529,saturated,M2,true,646.000,15.754,27.878,37.818,66125.094,66341.735,66365.966,404254,639553,174809088,42958848,49656,405372,2026-08-02T11:21:39.354745Z
M2,530,saturated,M2,true,682.000,13.278,27.463,62.281,66289.935,66493.412,66515.820,405564,640559,175112192,43008000,49647,406726,2026-08-02T11:21:39.354745Z
M2,531,saturated,M2,true,696.000,13.618,25.197,33.345,66372.912,66591.139,66613.427,406933,641140,175431680,43089920,49663,408158,2026-08-02T11:21:39.354745Z
M2,532,saturated,M2,true,628.000,14.539,29.675,63.909,66512.704,66717.168,66733.896,408297,641600,175767552,43147264,49722,409530,2026-08-02T11:21:39.354745Z
M2,533,saturated,M2,true,690.000,13.742,26.454,33.908,66770.944,66984.707,67016.565,409665,642560,176037888,43212800,49642,410779,2026-08-02T11:21:39.354745Z
M2,534,saturated,M2,true,662.000,14.149,27.239,33.607,66896.015,67118.984,67160.844,410925,643258,176390144,43286528,49696,412205,2026-08-02T11:21:39.354745Z
M2,535,saturated,M2,true,704.000,13.759,25.399,32.470,67125.929,67377.822,67417.668,412354,643258,176685056,43360256,49661,413522,2026-08-02T11:21:39.354745Z
M2,536,saturated,M2,true,690.000,13.652,26.678,32.916,67289.749,67504.823,67524.365,413694,644279,177020928,43433984,49682,414970,2026-08-02T11:21:39.354745Z
M2,537,saturated,M2,true,698.000,13.590,26.082,32.551,67462.047,67708.873,67745.117,415097,644994,177340416,43491328,49669,416331,2026-08-02T11:21:39.354745Z
M2,538,saturated,M2,true,570.000,17.924,34.589,43.125,67732.272,67967.540,68017.590,416494,645674,177635328,43556864,49714,417546,2026-08-02T11:21:39.354745Z
M2,539,saturated,M2,true,443.000,22.302,54.920,82.508,68092.165,68480.132,68507.916,417709,646584,177872896,43606016,49829,418611,2026-08-02T11:21:39.354745Z
M2,540,saturated,M2,true,600.000,16.321,36.842,48.257,68501.050,68774.247,68808.075,418655,647022,178077696,43646976,49662,419542,2026-08-02T11:21:39.354745Z
M2,541,saturated,M2,true,675.000,14.631,24.818,29.993,68601.226,68830.906,68869.630,419758,647625,178413568,43720704,49676,420938,2026-08-02T11:21:39.354745Z
M2,542,saturated,M2,true,551.000,16.671,39.369,54.014,68683.532,68968.024,69005.373,421139,648306,178708480,43794432,49771,422222,2026-08-02T11:21:39.354745Z
M2,543,saturated,M2,true,616.000,16.267,33.313,40.520,68938.344,69179.068,69213.028,422372,649106,178946048,43835392,49682,423272,2026-08-02T11:21:39.354745Z
M2,544,saturated,M2,true,647.000,14.523,28.316,42.694,69034.850,69251.228,69324.163,423496,649816,179257344,43909120,49701,424643,2026-08-02T11:21:39.354745Z
M2,545,saturated,M2,true,705.000,13.969,23.631,27.746,69217.070,69434.762,69477.061,424837,649816,179552256,43974656,49660,425976,2026-08-02T11:21:39.354745Z
M2,546,saturated,M2,true,694.000,13.836,25.540,30.191,69330.685,69573.872,69610.107,426234,650479,179863552,44048384,49661,427368,2026-08-02T11:21:39.354745Z
M2,547,saturated,M2,true,703.000,14.139,23.667,28.752,69461.987,69686.208,69706.601,427625,651172,180224000,44113920,49662,428771,2026-08-02T11:21:39.354745Z
M2,548,saturated,M2,true,684.000,14.537,24.709,29.227,69569.161,69801.845,69840.730,429043,651876,180527104,44179456,49671,430156,2026-08-02T11:21:39.354745Z
M2,549,saturated,M2,true,684.000,14.650,24.979,30.639,69743.809,69969.726,70005.441,430426,652820,180854784,44244992,49671,431532,2026-08-02T11:21:39.354745Z
M2,550,saturated,M2,true,691.000,14.214,25.279,30.972,69892.710,70128.233,70165.916,431806,653593,181166080,44302336,49661,432905,2026-08-02T11:21:39.354745Z
M2,551,saturated,M2,true,693.000,14.149,24.451,29.927,70040.830,70265.436,70285.897,433191,654289,181493760,44376064,49665,434294,2026-08-02T11:21:39.354745Z
M2,552,saturated,M2,true,616.000,15.157,31.406,52.937,70183.374,70456.231,70502.377,434594,654981,181796864,44449792,49737,435685,2026-08-02T11:21:39.354745Z
M2,553,saturated,M2,true,666.000,14.837,27.560,33.128,70338.041,70560.859,70616.431,435879,655594,182091776,44507136,49668,436888,2026-08-02T11:21:39.354745Z
M2,554,saturated,M2,true,632.000,15.217,28.122,33.758,70498.290,70750.800,70818.995,437190,656264,182419456,44580864,49726,438248,2026-08-02T11:21:39.354745Z
M2,555,saturated,M2,true,645.000,15.617,28.105,36.452,70774.027,70985.881,71005.995,438480,657202,182697984,44630016,49678,439464,2026-08-02T11:21:39.354745Z
M2,556,saturated,M2,true,648.000,15.304,29.241,35.419,70853.612,71126.560,71162.127,439770,657880,182992896,44703744,49710,440825,2026-08-02T11:21:39.354745Z
M2,557,saturated,M2,true,633.000,16.242,30.139,36.458,71189.256,71437.412,71474.124,441090,657880,183287808,44769280,49698,442064,2026-08-02T11:21:39.354745Z
M2,558,saturated,M2,true,656.000,15.469,28.035,36.321,71340.341,71613.810,71647.601,441688,658946,183549952,44826624,49670,443333,2026-08-02T11:22:39.339274Z
M2,559,saturated,M2,true,616.000,15.726,27.588,34.541,71609.668,71866.077,71900.335,443004,659916,183828480,44883968,49729,444685,2026-08-02T11:22:39.339274Z
M2,560,saturated,M2,true,486.000,18.582,48.336,78.526,71783.616,72074.257,72105.798,444242,660248,184082432,44957696,49810,445809,2026-08-02T11:22:39.339274Z
M2,561,saturated,M2,true,567.000,15.220,98.782,145.967,72324.063,72514.760,72550.879,445270,660819,184320000,44990464,49690,446715,2026-08-02T11:22:39.339274Z
M2,562,saturated,M2,true,556.000,17.009,39.504,82.594,72580.648,72945.932,72977.734,446452,661262,184590336,45064192,49779,448008,2026-08-02T11:22:39.339274Z
M2,563,saturated,M2,true,589.000,17.850,32.383,41.585,72862.761,73154.172,73188.990,447586,662145,184844288,45096960,49703,449054,2026-08-02T11:22:39.339274Z
M2,564,saturated,M2,true,516.000,20.225,39.596,51.932,73232.123,73469.473,73493.262,448761,662993,185098240,45170688,49763,450189,2026-08-02T11:22:39.339274Z
M2,565,saturated,M2,true,633.000,16.046,29.022,38.291,73590.843,73849.311,73892.756,449820,663250,185360384,45219840,49696,451339,2026-08-02T11:22:39.339274Z
M2,566,saturated,M2,true,651.000,15.751,28.200,34.265,73768.414,73988.486,74010.364,451112,664228,185655296,45293568,49712,452656,2026-08-02T11:22:39.339274Z
M2,567,saturated,M2,true,630.000,15.382,27.856,45.276,73829.940,74052.098,74093.553,452412,664228,185942016,45359104,49719,453902,2026-08-02T11:22:39.339274Z
M2,568,saturated,M2,true,653.000,15.999,28.380,36.413,74112.225,74382.720,74423.701,453691,664868,186261504,45424640,49701,455213,2026-08-02T11:22:39.339274Z
M2,569,saturated,M2,true,611.000,17.100,32.197,38.368,74233.035,74449.304,74489.665,454992,665817,186564608,45481984,49713,456458,2026-08-02T11:22:39.339274Z
M2,570,saturated,M2,true,613.000,16.091,29.031,35.089,74375.868,74654.995,74691.811,456237,665817,186867712,45547520,49740,457753,2026-08-02T11:22:39.339274Z
M2,571,saturated,M2,true,590.000,17.993,34.239,55.757,74732.379,74951.681,74988.934,457431,666763,187129856,45604864,49713,458882,2026-08-02T11:22:39.339274Z
M2,572,saturated,M2,true,533.000,18.778,36.262,91.217,74771.428,75014.290,75035.112,458652,667636,187400192,45678592,49802,460132,2026-08-02T11:22:39.339274Z
M2,573,saturated,M2,true,533.000,18.018,41.839,66.463,75238.981,75461.693,75494.644,459644,668170,187613184,45719552,49729,461048,2026-08-02T11:22:39.339274Z
M2,574,saturated,M2,true,570.000,17.181,34.955,82.660,75363.438,75582.826,75618.746,460820,668170,187883520,45768704,49764,462276,2026-08-02T11:22:39.339274Z
M2,575,saturated,M2,true,582.000,18.279,33.506,41.997,75692.403,75951.506,75991.192,461964,669015,188137472,45834240,49736,463372,2026-08-02T11:22:39.339274Z
M2,576,saturated,M2,true,514.000,21.042,35.712,43.863,75969.525,76306.724,76350.615,463112,669570,188383232,45883392,49765,464448,2026-08-02T11:22:39.339274Z
M2,577,saturated,M2,true,562.000,17.990,38.670,54.894,76290.172,76505.476,76545.514,464139,670368,188620800,45940736,49703,465475,2026-08-02T11:22:39.339274Z
M2,578,saturated,M2,true,574.000,18.250,35.404,51.219,76421.193,76697.868,76737.320,465339,670934,188915712,46014464,49768,466691,2026-08-02T11:22:39.339274Z
M2,579,saturated,M2,true,579.000,18.231,30.901,43.638,76646.772,76867.556,76901.080,466454,670934,189169664,46063616,49723,467820,2026-08-02T11:22:39.339274Z
M2,580,saturated,M2,true,636.000,16.509,27.519,34.565,76667.536,76885.865,76938.828,467677,671783,189456384,46120960,49713,469097,2026-08-02T11:22:39.339274Z
M2,581,saturated,M2,true,560.000,19.335,34.297,42.810,76823.049,77108.777,77144.512,468910,672412,189710336,46170112,49729,470224,2026-08-02T11:22:39.339274Z
M2,582,saturated,M2,true,533.000,18.013,41.530,95.190,76993.541,77185.311,77216.552,470074,673243,189997056,46243840,49808,471454,2026-08-02T11:22:39.339274Z
M2,583,saturated,M2,true,593.000,16.924,32.622,41.751,77274.606,77489.693,77522.702,471107,673813,190226432,46284800,49717,472494,2026-08-02T11:22:39.339274Z
M2,584,saturated,M2,true,534.000,18.261,40.850,73.777,77486.168,77800.226,77850.941,472355,674417,190513152,46358528,49812,473631,2026-08-02T11:22:39.339274Z
M2,585,saturated,M2,true,610.000,17.759,31.390,38.054,77750.909,77971.729,77986.268,473430,674417,190775296,46407680,49733,474803,2026-08-02T11:22:39.339274Z
M2,586,saturated,M2,true,609.000,17.283,29.018,35.130,77964.072,78231.193,78267.108,474663,675262,191045632,46465024,49732,476017,2026-08-02T11:22:39.339274Z
M2,587,saturated,M2,true,619.000,17.581,31.437,36.970,78209.735,78436.974,78474.459,475898,675870,191340544,46522368,49727,477246,2026-08-02T11:22:39.339274Z
M2,588,saturated,M2,true,521.000,20.499,41.986,54.610,78409.016,78729.242,78762.722,477062,676791,191594496,46579712,49743,478317,2026-08-02T11:22:39.339274Z
M2,589,saturated,M2,true,549.000,19.934,33.071,39.558,78699.781,78940.574,78983.279,478176,677020,191848448,46637056,49766,479451,2026-08-02T11:22:39.339274Z
M2,590,saturated,M2,true,525.000,20.121,39.049,61.654,78962.450,79292.496,79325.610,479274,677855,192086016,46694400,49782,480508,2026-08-02T11:22:39.339274Z
M2,591,saturated,M2,true,573.000,18.986,32.605,41.065,79247.359,79466.144,79488.586,480357,677855,192356352,46751744,49760,481663,2026-08-02T11:22:39.339274Z
M2,592,saturated,M2,true,478.000,20.155,44.280,83.940,79495.070,79690.151,79712.509,481462,678685,192626688,46800896,49830,482750,2026-08-02T11:22:39.339274Z
M2,593,saturated,M2,true,479.000,21.955,47.601,75.931,79810.291,80048.724,80081.715,482353,679230,192831488,46841856,49790,483631,2026-08-02T11:22:39.339274Z
M2,594,saturated,M2,true,423.000,20.318,60.553,208.675,80115.030,80465.093,80499.486,483418,679917,193044480,46899200,49897,484658,2026-08-02T11:22:39.339274Z
M2,595,saturated,M2,true,426.000,24.295,59.157,96.258,80705.857,80917.946,80952.739,484123,680313,193216512,46931968,49799,485354,2026-08-02T11:22:39.339274Z
M2,596,saturated,M2,true,556.000,19.362,34.463,44.051,80809.876,81016.382,81039.774,485132,681044,193445888,46981120,49761,486393,2026-08-02T11:22:39.339274Z
M2,597,saturated,M2,true,525.000,20.769,39.846,51.294,80910.720,81221.866,81284.466,486289,681614,193708032,47046656,49807,487511,2026-08-02T11:22:39.339274Z
M2,598,saturated,M2,true,504.000,21.277,38.174,48.830,81313.475,81530.251,81568.780,487223,681614,193937408,47079424,49760,488451,2026-08-02T11:22:39.339274Z
M2,599,saturated,M2,true,542.000,19.748,32.938,40.985,81588.846,81868.816,81908.741,488328,682069,194166784,47136768,49762,489551,2026-08-02T11:22:39.339274Z
M2,600,saturated,M2,true,530.000,20.936,35.616,44.508,81788.571,82019.395,82057.214,489413,682619,194437120,47194112,49772,490626,2026-08-02T11:22:39.339274Z
M2,601,saturated,M2,true,524.000,20.840,37.022,50.115,81993.134,82217.674,82263.962,490475,683427,194682880,47251456,49777,491725,2026-08-02T11:22:39.339274Z
M2,602,saturated,M2,true,455.000,22.714,53.827,71.305,82190.590,82446.384,82459.324,491498,683931,194912256,47300608,49825,492707,2026-08-02T11:22:39.339274Z
M2,603,saturated,M2,true,560.000,20.188,35.472,45.737,82521.865,82770.169,82809.690,492481,684661,195133440,47333376,49763,493711,2026-08-02T11:22:39.339274Z
M2,604,saturated,M2,true,533.000,19.683,36.571,78.083,82647.753,82915.732,82958.677,493602,685265,195411968,47398912,49804,494866,2026-08-02T11:22:39.339274Z
M2,605,saturated,M2,true,572.000,19.442,35.719,46.631,82821.658,83073.792,83113.267,494637,685497,195641344,47448064,49752,495891,2026-08-02T11:22:39.339274Z
M2,606,saturated,M2,true,516.000,21.887,38.933,51.249,82931.189,83211.500,83240.969,495728,685497,195887104,47505408,49765,496963,2026-08-02T11:22:39.339274Z
M2,607,saturated,M2,true,553.000,20.387,35.559,48.508,83221.255,83439.673,83471.038,496816,686312,196157440,47554560,49753,498051,2026-08-02T11:22:39.339274Z
M2,608,saturated,M2,true,536.000,19.122,35.895,78.564,83378.337,83623.403,83654.675,497902,686850,196395008,47611904,49755,499139,2026-08-02T11:22:39.339274Z
M2,609,saturated,M2,true,569.000,19.197,32.714,41.782,83595.231,83848.202,83882.576,499064,687683,196657152,47669248,49764,500294,2026-08-02T11:22:39.339274Z
M2,610,saturated,M2,true,483.000,22.732,45.767,66.707,83806.452,84138.874,84179.506,500139,688252,196878336,47726592,49791,501296,2026-08-02T11:22:39.339274Z
M2,611,saturated,M2,true,553.000,19.815,33.713,40.277,84176.346,84414.263,84459.358,501171,688252,197132288,47783936,49764,502384,2026-08-02T11:22:39.339274Z
M2,612,saturated,M2,true,473.000,20.130,49.251,92.709,84390.452,84659.334,84704.222,502315,689005,197394432,47833088,49866,503487,2026-08-02T11:22:39.339274Z
M2,613,saturated,M2,true,524.000,20.943,38.975,48.930,84798.002,85008.943,85049.389,503163,689577,197607424,47874048,49776,504389,2026-08-02T11:22:39.339274Z
M2,614,saturated,M2,true,515.000,20.274,39.569,56.124,84998.871,85202.636,85232.720,504274,690014,197861376,47931392,49813,505515,2026-08-02T11:22:39.339274Z
M2,615,saturated,M2,true,512.000,21.622,37.589,44.619,85250.467,85458.608,85493.121,505208,690796,198098944,47972352,49786,506458,2026-08-02T11:22:39.339274Z
M2,616,saturated,M2,true,520.000,22.132,37.044,45.254,85465.093,85747.763,85793.901,506248,690796,198352896,48029696,49788,507517,2026-08-02T11:22:39.339274Z
M2,617,saturated,M2,true,485.000,23.369,38.859,47.089,85742.202,85965.101,86005.507,507275,691571,198590464,48070656,49811,508512,2026-08-02T11:22:39.339274Z
M2,618,saturated,M2,true,415.000,21.719,45.793,61.761,86089.437,86285.604,86400.056,508006,691899,198811648,48128000,49864,509462,2026-08-02T11:23:39.522206Z
M2,619,saturated,M2,true,159.000,37.493,522.895,603.038,86747.637,87025.992,87041.527,508462,692143,199016448,48136192,49899,509828,2026-08-02T11:23:39.522206Z
M2,620,saturated,M2,true,365.000,25.162,127.257,281.652,87365.309,87554.611,87577.633,508922,692443,199057408,48177152,49790,510381,2026-08-02T11:23:39.522206Z
M2,621,saturated,M2,true,479.000,23.894,45.890,58.805,87624.317,87915.543,87962.630,509803,692862,199303168,48209920,49805,511342,2026-08-02T11:23:39.522206Z
M2,622,saturated,M2,true,436.000,21.092,58.748,91.734,87856.006,88164.887,88193.338,510819,693331,199548928,48267264,49882,512373,2026-08-02T11:23:39.522206Z
M2,623,saturated,M2,true,462.000,24.421,50.576,71.093,88289.475,88530.177,88563.976,511665,693975,199778304,48308224,49791,513134,2026-08-02T11:23:39.522206Z
M2,624,saturated,M2,true,409.000,25.259,55.646,88.873,88651.058,88922.298,88947.312,512505,693975,199983104,48349184,49841,514056,2026-08-02T11:23:39.522206Z
M2,625,saturated,M2,true,522.000,21.459,36.214,47.503,88998.511,89304.385,89346.161,513353,694432,200155136,48398336,49788,515004,2026-08-02T11:23:39.522206Z
M2,626,saturated,M2,true,473.000,23.626,41.327,52.589,89230.544,89453.197,89468.528,514359,694902,200376320,48439296,49833,515993,2026-08-02T11:23:39.522206Z
M2,627,saturated,M2,true,458.000,24.349,52.168,62.942,89625.109,89899.697,89932.991,515318,695414,200589312,48480256,49830,516939,2026-08-02T11:23:39.522206Z
M2,628,saturated,M2,true,475.000,23.366,42.295,53.542,89812.618,90059.225,90102.229,516250,696088,200826880,48537600,49798,517835,2026-08-02T11:23:39.522206Z
M2,629,saturated,M2,true,466.000,23.741,41.162,51.228,89981.914,90186.605,90213.417,517110,696570,201072640,48570368,49824,518829,2026-08-02T11:23:39.522206Z
M2,630,saturated,M2,true,554.000,20.512,37.083,54.551,89853.597,90062.067,90083.505,518123,697303,201318400,48635904,49774,519855,2026-08-02T11:23:39.522206Z
M2,631,saturated,M2,true,587.000,18.708,32.390,38.154,89988.946,90235.780,90275.424,519119,697303,201580544,48685056,49775,521026,2026-08-02T11:23:39.522206Z
M2,632,saturated,M2,true,506.000,20.507,47.024,71.065,90140.263,90408.977,90449.976,520175,697900,201850880,48750592,49847,522179,2026-08-02T11:23:39.522206Z
M2,633,saturated,M2,true,529.000,20.755,40.047,55.676,90280.600,90505.644,90523.006,521239,698478,202080256,48791552,49776,523095,2026-08-02T11:23:39.522206Z
M2,634,saturated,M2,true,528.000,19.652,37.530,55.364,90312.858,90541.115,90577.049,522214,699223,202350592,48857088,49817,524255,2026-08-02T11:23:39.522206Z
M2,635,saturated,M2,true,577.000,19.092,33.187,42.805,90535.764,90764.978,90789.408,523335,699753,202579968,48898048,49776,525319,2026-08-02T11:23:39.522206Z
M2,636,saturated,M2,true,492.000,19.397,36.011,77.507,90664.041,90899.701,90921.421,524455,700329,202866688,48971776,49860,526484,2026-08-02T11:23:39.522206Z
M2,637,saturated,M2,true,434.000,24.714,82.090,117.365,91140.657,91401.043,91432.607,525461,700795,202973184,49004544,49808,527217,2026-08-02T11:23:39.522206Z
M2,638,saturated,M2,true,506.000,21.318,42.319,54.771,91367.897,91681.020,91716.116,526267,701251,203210752,49053696,49792,528205,2026-08-02T11:23:39.522206Z
M2,639,saturated,M2,true,571.000,19.975,33.439,40.190,91661.180,91889.053,91933.408,527311,701251,203472896,49119232,49777,529337,2026-08-02T11:23:39.522206Z
M2,640,saturated,M2,true,562.000,19.340,34.097,40.662,91784.844,92025.962,92069.848,528392,702048,203743232,49160192,49780,530481,2026-08-02T11:23:39.522206Z
M2,641,saturated,M2,true,525.000,21.686,37.707,47.751,92009.056,92267.331,92313.287,529537,702899,204005376,49225728,49827,531595,2026-08-02T11:23:39.522206Z
M2,642,saturated,M2,true,463.000,22.282,45.702,74.469,92233.047,92480.512,92514.809,530551,703416,204242944,49274880,49856,532595,2026-08-02T11:23:39.522206Z
M2,643,saturated,M2,true,517.000,22.270,40.885,57.420,92638.736,92885.628,92917.799,531522,704121,204472320,49315840,49780,533492,2026-08-02T11:23:39.522206Z
M2,644,saturated,M2,true,479.000,21.648,44.566,78.670,92823.894,93087.401,93119.161,532465,704121,204718080,49364992,49831,534552,2026-08-02T11:23:39.522206Z
M2,645,saturated,M2,true,540.000,21.276,36.874,44.623,93161.287,93388.630,93430.636,533480,704653,204955648,49422336,49799,535567,2026-08-02T11:23:39.522206Z
M2,646,saturated,M2,true,567.000,19.940,34.505,45.350,93225.185,93436.121,93460.427,534558,705154,205209600,49479680,49786,536686,2026-08-02T11:23:39.522206Z
M2,647,saturated,M2,true,569.000,19.916,32.918,41.370,93340.446,93586.746,93628.535,535703,706000,205471744,49537024,49789,537831,2026-08-02T11:23:39.522206Z
M2,648,saturated,M2,true,563.000,20.429,33.857,42.325,93487.002,93703.824,93726.705,536842,706561,205717504,49594368,49782,538961,2026-08-02T11:23:39.522206Z
M2,649,saturated,M2,true,558.000,20.018,34.682,42.789,93619.774,93858.838,93891.651,537988,707128,205979648,49635328,49797,540105,2026-08-02T11:23:39.522206Z
M2,650,saturated,M2,true,553.000,20.396,35.908,43.488,93738.418,93974.471,94006.337,539122,707942,206241792,49709056,49801,541203,2026-08-02T11:23:39.522206Z
M2,651,saturated,M2,true,556.000,20.338,34.959,44.304,93866.864,94110.895,94143.252,540236,708238,206503936,49750016,49800,542310,2026-08-02T11:23:39.522206Z
M2,652,saturated,M2,true,462.000,22.361,44.068,132.336,94059.534,94384.828,94420.947,541347,708238,206733312,49823744,49872,543387,2026-08-02T11:23:39.522206Z
M2,653,saturated,M2,true,568.000,19.743,35.517,45.031,94264.999,94507.722,94547.114,542305,709054,206921728,49864704,49785,544365,2026-08-02T11:23:39.522206Z
M2,654,saturated,M2,true,511.000,20.624,42.809,83.033,94412.352,94624.946,94639.898,543444,709826,207200256,49930240,49842,545492,2026-08-02T11:23:39.522206Z
M2,655,saturated,M2,true,539.000,20.604,36.183,44.429,94363.667,94705.701,94737.372,544489,710330,207429632,49963008,49810,546518,2026-08-02T11:23:39.522206Z
M2,656,saturated,M2,true,565.000,20.547,35.273,43.639,94361.373,94572.264,94615.797,545583,710877,207691776,50020352,49801,547619,2026-08-02T11:23:39.522206Z
M2,657,saturated,M2,true,549.000,20.702,36.243,47.715,94424.804,94678.223,94719.626,546659,710877,207953920,50077696,49799,548731,2026-08-02T11:23:39.522206Z
M2,658,saturated,M2,true,386.000,23.141,66.548,255.454,94705.466,94912.521,94928.301,547722,711714,208117760,50118656,49796,549505,2026-08-02T11:23:39.522206Z
M2,659,saturated,M2,true,516.000,22.226,39.791,48.294,94780.879,94997.189,95022.093,548598,712103,208363520,50159616,49813,550562,2026-08-02T11:23:39.522206Z
M2,660,saturated,M2,true,539.000,21.223,37.643,46.066,94814.419,95039.991,95080.522,549650,712630,208625664,50216960,49807,551631,2026-08-02T11:23:39.522206Z
M2,661,saturated,M2,true,558.000,20.592,34.681,44.440,95005.090,95233.863,95271.961,550754,713437,208879616,50274304,49799,552756,2026-08-02T11:23:39.522206Z
M2,662,saturated,M2,true,465.000,21.388,46.745,129.601,95134.331,95389.470,95426.306,551877,713987,209125376,50331648,49876,553838,2026-08-02T11:23:39.522206Z
M2,663,saturated,M2,true,539.000,21.473,40.273,51.572,95398.626,95630.249,95657.624,552822,714700,209362944,50380800,49804,554777,2026-08-02T11:23:39.522206Z
M2,664,saturated,M2,true,460.000,23.370,55.153,74.085,95615.235,95863.466,95942.605,553896,715243,209592320,50429952,49870,555802,2026-08-02T11:23:39.522206Z
M2,665,saturated,M2,true,507.000,22.269,43.427,53.828,95850.492,96095.866,96140.523,554786,715506,209813504,50479104,49808,556710,2026-08-02T11:23:39.522206Z
M2,666,saturated,M2,true,390.000,27.432,75.310,96.767,96136.213,96412.494,96444.567,555816,715958,209993728,50520064,49848,557545,2026-08-02T11:23:39.522206Z
M2,667,saturated,M2,true,451.000,25.091,52.737,63.019,96472.117,96702.727,96744.128,556618,715958,210190336,50552832,49828,558433,2026-08-02T11:23:39.522206Z
M2,668,saturated,M2,true,462.000,25.088,48.538,71.817,96707.742,96910.304,96932.844,557508,716553,210403328,50610176,49823,559355,2026-08-02T11:23:39.522206Z
M2,669,saturated,M2,true,486.000,23.487,41.940,49.423,96856.800,97157.489,97207.500,558499,717252,210632704,50659328,49827,560316,2026-08-02T11:23:39.522206Z
M2,670,saturated,M2,true,453.000,23.671,46.442,105.354,96915.518,97170.493,97204.440,559466,717754,210853888,50700288,49826,561229,2026-08-02T11:23:39.522206Z
M2,671,saturated,M2,true,521.000,20.506,38.914,45.223,97108.739,97337.904,97374.451,560407,717754,211107840,50749440,49808,562260,2026-08-02T11:23:39.522206Z
M2,672,saturated,M2,true,411.000,23.602,69.441,103.416,97151.341,97436.601,97468.407,561443,718457,211312640,50798592,49877,563234,2026-08-02T11:23:39.522206Z
M2,673,saturated,M2,true,393.000,27.280,74.866,150.133,97614.384,97859.925,97886.075,562167,719119,211460096,50839552,49820,563903,2026-08-02T11:23:39.522206Z
M2,674,saturated,M2,true,449.000,25.329,45.725,76.158,97690.263,97929.352,97963.592,563095,719527,211689472,50888704,49872,564886,2026-08-02T11:23:39.522206Z
M2,675,saturated,M2,true,409.000,25.361,77.035,144.288,97967.531,98202.701,98227.129,563832,719924,211877888,50921472,49823,565626,2026-08-02T11:23:39.522206Z
M2,676,saturated,M2,true,384.000,25.772,61.534,158.965,98156.198,98367.383,98400.053,564741,719924,212017152,50954240,49939,566501,2026-08-02T11:23:39.522206Z
M2,677,saturated,M2,true,288.000,34.020,84.407,221.206,98597.629,98820.868,98924.815,565455,720386,212230144,50995200,49956,567165,2026-08-02T11:23:39.522206Z
M2,678,saturated,M2,true,215.000,39.494,167.535,280.385,99159.483,99346.628,99362.188,565896,639026,212279296,51027968,49968,567608,2026-08-02T11:24:40.180834Z
M2,679,saturated,M2,true,189.000,49.349,320.523,467.978,100179.482,100397.124,100415.763,566211,639250,212279296,51027968,49879,567841,2026-08-02T11:24:40.180834Z
M2,680,saturated,M2,true,475.000,24.282,46.327,66.791,100302.516,100555.625,100588.669,567135,721648,212508672,51077120,49832,568754,2026-08-02T11:24:40.180834Z
M2,681,saturated,M2,true,468.000,25.506,44.230,49.847,100586.997,100863.656,100912.889,568132,722149,212672512,51126272,49848,569703,2026-08-02T11:24:40.180834Z
M2,682,saturated,M2,true,392.000,26.273,58.901,152.878,100691.910,101009.542,101031.583,569050,722149,212860928,51183616,49898,570605,2026-08-02T11:24:40.180834Z
M2,683,saturated,M2,true,445.000,25.987,52.836,78.220,101167.975,101373.587,101409.355,569825,722825,213057536,51216384,49836,571380,2026-08-02T11:24:40.180834Z
M2,684,saturated,M2,true,453.000,25.911,47.767,57.151,101213.465,101457.142,101488.183,570796,723453,213295104,51249152,49863,572335,2026-08-02T11:24:40.180834Z
M2,685,saturated,M2,true,504.000,21.971,40.272,62.891,101410.507,101655.740,101692.644,571677,723905,213540864,51306496,49836,573303,2026-08-02T11:24:40.180834Z
M2,686,saturated,M2,true,506.000,23.311,38.893,49.237,101515.053,101735.313,101756.221,572697,723905,213770240,51363840,49848,574318,2026-08-02T11:24:40.180834Z
M2,687,saturated,M2,true,458.000,26.404,43.775,52.168,101699.705,101910.036,101938.404,573673,724676,213950464,51388416,49855,575247,2026-08-02T11:24:40.180834Z
M2,688,saturated,M2,true,486.000,24.510,40.999,52.557,101909.109,102183.749,102220.486,574613,725370,214179840,51445760,49829,576193,2026-08-02T11:24:40.180834Z
M2,689,saturated,M2,true,430.000,25.662,48.710,100.963,102171.749,102381.642,102413.295,575545,725370,214384640,51494912,49852,577090,2026-08-02T11:24:40.180834Z
M2,690,saturated,M2,true,460.000,24.494,44.228,59.176,102433.191,102680.537,102717.704,576421,726061,214605824,51535872,49866,578049,2026-08-02T11:24:40.180834Z
M2,691,saturated,M2,true,199.000,43.236,181.738,216.365,102910.109,103103.592,103128.545,577102,726529,214761472,51568640,49950,578576,2026-08-02T11:24:40.180834Z
M2,692,saturated,M2,true,205.000,34.775,248.370,319.472,103432.066,103634.608,103766.739,577464,726867,214843392,51585024,49961,578987,2026-08-02T11:24:40.180834Z
M2,693,saturated,M2,true,171.000,54.727,188.955,424.102,104194.940,104391.560,104410.966,577868,727075,214884352,51593216,49928,579261,2026-08-02T11:24:40.180834Z
M2,694,saturated,M2,true,256.000,29.983,86.155,183.860,104555.346,104750.271,104777.964,578373,727322,215072768,51625984,49829,579858,2026-08-02T11:24:40.180834Z
M2,695,saturated,M2,true,286.000,31.597,362.134,478.674,105327.062,105585.530,105608.036,578758,727322,215121920,51650560,49877,580309,2026-08-02T11:24:40.180834Z
M2,696,saturated,M2,true,460.000,25.549,47.563,57.901,105556.100,105762.429,105799.134,579586,727661,215351296,51691520,49850,581164,2026-08-02T11:24:40.180834Z
M2,697,saturated,M2,true,522.000,21.765,37.413,45.716,105652.893,105863.932,105878.745,580594,728343,215588864,51740672,49841,582215,2026-08-02T11:24:40.180834Z
M2,698,saturated,M2,true,367.000,28.204,71.231,99.192,105714.253,105974.952,106043.461,581586,729045,215785472,51798016,49916,583025,2026-08-02T11:24:40.180834Z
M2,699,saturated,M2,true,269.000,37.495,128.368,195.763,106041.553,106310.374,106351.412,582185,729190,215900160,51814400,49936,583591,2026-08-02T11:24:40.180834Z
M2,700,saturated,M2,true,403.000,27.221,77.133,128.436,106453.868,106693.849,106737.272,582850,729190,216096768,51847168,49880,584318,2026-08-02T11:24:40.180834Z
M2,701,saturated,M2,true,436.000,26.483,55.286,77.582,106540.615,106907.760,106943.979,583620,729682,216244224,51904512,49848,585168,2026-08-02T11:24:40.180834Z
M2,702,saturated,M2,true,406.000,24.161,48.653,97.169,106348.641,106565.054,106593.947,584415,730343,216473600,51945472,49934,586114,2026-08-02T11:24:40.180834Z
M2,703,saturated,M2,true,346.000,27.565,108.100,147.919,106652.017,106894.378,106926.390,585152,730343,216662016,51978240,49960,586828,2026-08-02T11:24:40.180834Z
M2,704,saturated,M2,true,379.000,26.772,121.885,187.999,107161.326,107377.666,107404.728,585813,730948,216809472,52019200,49893,587507,2026-08-02T11:24:40.180834Z
M2,705,saturated,M2,true,452.000,24.319,50.727,79.744,107250.037,107473.118,107514.623,586666,731459,217006080,52051968,49886,588393,2026-08-02T11:24:40.180834Z
M2,706,saturated,M2,true,483.000,23.863,42.864,61.164,107306.131,107533.745,107566.267,587602,731931,217210880,52109312,49870,589339,2026-08-02T11:24:40.180834Z
M2,707,saturated,M2,true,495.000,24.076,40.942,52.039,107409.812,107633.042,107662.838,588534,732404,217464832,52166656,49862,590362,2026-08-02T11:24:40.180834Z
M2,708,saturated,M2,true,490.000,24.305,42.365,56.835,107512.687,107731.692,107754.473,589523,732902,217694208,52191232,49860,591324,2026-08-02T11:24:40.180834Z
M2,709,saturated,M2,true,506.000,23.185,40.263,49.702,107554.556,107779.139,107806.082,590479,732902,217931776,52248576,49867,592328,2026-08-02T11:24:40.180834Z
M2,710,saturated,M2,true,423.000,26.853,47.290,103.620,107615.571,107833.129,107876.362,591490,733659,218152960,52297728,49887,593203,2026-08-02T11:24:40.180834Z
M2,711,saturated,M2,true,464.000,25.309,43.109,53.618,107695.525,107952.836,107989.678,592335,734105,218341376,52346880,49868,594121,2026-08-02T11:24:40.180834Z
M2,712,saturated,M2,true,393.000,28.052,59.048,78.680,107976.483,108341.617,108387.554,593265,734553,218529792,52379648,49925,595012,2026-08-02T11:24:40.180834Z
M2,713,saturated,M2,true,431.000,28.689,51.934,66.944,108187.830,108440.162,108478.171,594030,735005,218734592,52412416,49863,595764,2026-08-02T11:24:40.180834Z
M2,714,saturated,M2,true,448.000,24.823,45.526,81.072,108365.338,108575.769,108612.507,594927,735615,218955776,52461568,49910,596727,2026-08-02T11:24:40.180834Z
M2,715,saturated,M2,true,446.000,26.240,47.938,57.063,108580.179,108826.054,108863.450,595810,736057,219127808,52510720,49877,597580,2026-08-02T11:24:40.180834Z
M2,716,saturated,M2,true,474.000,23.667,43.533,52.831,108638.338,108885.481,108916.274,596725,736057,219365376,52559872,49875,598527,2026-08-02T11:24:40.180834Z
M2,717,saturated,M2,true,425.000,28.423,50.644,60.888,108855.859,109118.230,109152.182,597649,736752,219561984,52600832,49875,599386,2026-08-02T11:24:40.180834Z
M2,718,saturated,M2,true,460.000,25.815,44.035,56.648,109117.695,109341.494,109370.825,598529,737398,219774976,52641792,49863,600289,2026-08-02T11:24:40.180834Z
M2,719,saturated,M2,true,457.000,26.616,47.616,54.538,109224.046,109492.612,109534.483,599482,737876,219979776,52690944,49878,601221,2026-08-02T11:24:40.180834Z
M2,720,saturated,M2,true,461.000,26.663,43.041,57.092,109336.410,109573.650,109603.169,600392,738321,220200960,52740096,49868,602130,2026-08-02T11:24:40.180834Z
M2,721,saturated,M2,true,477.000,24.257,46.906,59.008,109452.085,109715.852,109759.746,601310,738799,220422144,52789248,49877,603096,2026-08-02T11:24:40.180834Z
M2,722,saturated,M2,true,254.000,29.191,134.700,164.111,109731.069,110052.086,110079.742,602144,739212,220585984,52830208,49970,603731,2026-08-02T11:24:40.180834Z
M2,723,saturated,M2,true,324.000,28.799,204.097,372.530,110268.041,110501.082,110539.307,602609,739212,220700672,52862976,49871,604254,2026-08-02T11:24:40.180834Z
M2,724,saturated,M2,true,487.000,23.808,40.759,53.385,110331.033,110531.984,110558.937,603519,739605,220930048,52920320,49901,605262,2026-08-02T11:24:40.180834Z
M2,725,saturated,M2,true,454.000,24.810,50.006,59.280,110493.820,110699.878,110726.555,604453,740119,221118464,52944896,49881,606162,2026-08-02T11:24:40.180834Z
M2,726,saturated,M2,true,463.000,25.006,44.633,56.370,110504.622,110762.431,110802.194,605416,740798,221356032,53002240,49905,607102,2026-08-02T11:24:40.180834Z
M2,727,saturated,M2,true,350.000,26.960,55.129,74.258,110598.398,110859.860,110887.465,605858,740798,221454336,53010432,49971,607533,2026-08-02T11:24:40.180834Z
M2,728,saturated,M2,true,306.000,35.782,104.720,274.215,111242.076,111458.167,111484.249,606823,741244,221650944,53067776,49903,608410,2026-08-02T11:24:40.180834Z
M2,729,saturated,M2,true,433.000,27.131,56.287,88.751,111370.234,111627.617,111661.369,607609,741696,221814784,53108736,49885,609277,2026-08-02T11:24:40.180834Z
M2,730,saturated,M2,true,422.000,29.174,54.671,66.380,111022.661,111612.963,111648.289,608527,742342,222019584,53149696,49891,610128,2026-08-02T11:24:40.180834Z
M2,731,saturated,M2,true,437.000,28.901,47.149,55.104,110565.443,110792.105,110830.540,609368,742342,222224384,53198848,49888,611015,2026-08-02T11:24:40.180834Z
M2,732,saturated,M2,true,399.000,26.752,56.711,80.888,110582.519,110832.811,110859.191,610268,742973,222404608,53239808,49939,611875,2026-08-02T11:24:40.180834Z
M2,733,saturated,M2,true,437.000,26.990,60.013,107.982,110789.441,111054.299,111080.037,611038,743592,222609408,53272576,49891,612686,2026-08-02T11:24:40.180834Z
M2,734,saturated,M2,true,406.000,26.938,51.972,97.597,110621.485,110902.558,110934.490,611767,744272,222822400,53321728,49951,613567,2026-08-02T11:24:40.180834Z
M2,735,saturated,M2,true,403.000,29.734,60.362,112.296,110926.457,111154.105,111167.482,612535,744272,222994432,53346304,49891,614305,2026-08-02T11:24:40.180834Z
M2,736,saturated,M2,true,409.000,28.273,59.153,70.867,110945.040,111173.015,111222.241,613365,744623,223191040,53403648,49930,615179,2026-08-02T11:24:40.180834Z
M2,737,saturated,M2,true,307.000,32.685,85.563,207.874,111151.729,111397.045,111418.268,614114,745074,223313920,53411840,49971,615793,2026-08-02T11:24:40.180834Z
M2,738,saturated,M2,true,157.000,50.943,158.196,174.702,111703.543,112026.998,112154.586,614418,745418,223395840,53444608,49888,616023,2026-08-02T11:24:40.180834Z
M2,739,saturated,M2,true,133.000,68.251,493.530,580.832,112586.046,112802.715,112831.457,614538,659037,223395840,53452800,49973,616377,2026-08-02T11:25:40.135512Z
M2,740,saturated,M2,true,219.000,41.450,112.462,146.518,112951.157,113140.303,113205.150,614970,659249,223600640,53485568,49892,616863,2026-08-02T11:25:40.135512Z
M2,741,saturated,M2,true,324.000,28.630,244.716,309.664,113707.252,113891.321,113920.357,615371,659529,223690752,53518336,49932,617424,2026-08-02T11:25:40.135512Z
M2,742,saturated,M2,true,423.000,24.428,46.004,52.916,113596.609,113847.994,113865.504,616318,659529,223879168,53559296,49760,618352,2026-08-02T11:25:40.135512Z
M2,743,saturated,M2,true,361.000,31.433,116.186,232.825,113972.854,114230.452,114252.820,617015,660001,224124928,53592064,49942,619028,2026-08-02T11:25:40.135512Z
M2,744,saturated,M2,true,301.000,32.117,154.603,185.641,114171.275,114565.396,114583.654,617662,660551,224215040,53624832,49949,619622,2026-08-02T11:25:40.135512Z
M2,745,saturated,M2,true,342.000,31.155,110.168,175.110,114580.883,114834.702,114859.279,618365,660859,224387072,53649408,49945,620305,2026-08-02T11:25:40.135512Z
M2,746,saturated,M2,true,404.000,29.012,57.879,90.282,115025.841,115318.171,115346.495,619087,661386,224608256,53698560,49941,621122,2026-08-02T11:25:40.135512Z
M2,747,saturated,M2,true,496.000,24.002,42.011,52.341,115140.614,115370.134,115412.402,620029,661840,224813056,53747712,49939,622107,2026-08-02T11:25:40.135512Z
M2,748,saturated,M2,true,505.000,23.130,38.646,47.834,115218.520,115462.231,115505.573,621043,661840,225042432,53788672,49937,623123,2026-08-02T11:25:40.135512Z
M2,749,saturated,M2,true,495.000,24.655,40.474,52.235,115221.704,115456.826,115496.574,622046,662592,225271808,53854208,49944,624122,2026-08-02T11:25:40.135512Z
M2,750,saturated,M2,true,463.000,25.579,43.341,53.117,115380.474,115591.152,115629.096,623006,663328,225468416,53895168,49943,625056,2026-08-02T11:25:40.135512Z
M2,751,saturated,M2,true,472.000,25.399,41.801,49.457,115541.313,115802.526,115840.029,623965,663795,225697792,53927936,49946,626002,2026-08-02T11:25:40.135512Z
M2,752,saturated,M2,true,392.000,25.712,48.804,75.859,115612.016,115910.753,115939.236,624878,663795,225886208,53968896,49793,626825,2026-08-02T11:25:40.135512Z
M2,753,saturated,M2,true,358.000,31.139,156.548,212.917,115885.644,116118.406,116156.018,625504,664266,226033664,54009856,49952,627512,2026-08-02T11:25:40.135512Z
M2,754,saturated,M2,true,281.000,33.150,82.432,154.126,115971.755,116183.484,116202.303,625743,664784,226181120,54034432,49892,627953,2026-08-02T11:25:40.135512Z
M2,755,saturated,M2,true,288.000,39.584,263.129,300.995,116706.700,116892.978,116923.229,626708,665108,226304000,54075392,49945,628659,2026-08-02T11:25:40.135512Z
M2,756,saturated,M2,true,321.000,30.497,95.443,149.091,116927.279,117236.594,117278.566,627478,665108,226459648,54099968,49845,629347,2026-08-02T11:25:40.135512Z
M2,757,saturated,M2,true,354.000,29.604,94.096,149.698,117422.027,117690.387,117788.284,628130,665571,226639872,54140928,49805,630042,2026-08-02T11:25:40.135512Z
M2,758,saturated,M2,true,340.000,34.483,106.060,158.102,117830.327,118213.252,118238.679,628749,665878,226779136,54165504,49948,630696,2026-08-02T11:25:40.135512Z
M2,759,saturated,M2,true,378.000,32.110,56.305,84.733,118113.441,118401.814,118430.000,629391,666367,226951168,54214656,49792,631473,2026-08-02T11:25:40.135512Z
M2,760,saturated,M2,true,360.000,33.506,68.088,93.703,118609.817,118822.823,118839.989,630097,666769,227155968,54239232,49956,632180,2026-08-02T11:25:40.135512Z
M2,761,saturated,M2,true,413.000,30.214,48.136,58.746,118655.213,118902.324,118937.106,630929,667330,227311616,54280192,49967,633019,2026-08-02T11:25:40.135512Z
M2,762,saturated,M2,true,163.000,43.635,157.125,175.951,118877.032,119080.942,119081.015,631196,667330,227385344,54288384,49942,633299,2026-08-02T11:25:40.135512Z
M2,763,saturated,M2,true,15.000,759.176,1277.680,1277.680,120394.054,120580.723,120580.723,631671,667330,227426304,54296576,49923,633409,2026-08-02T11:25:40.135512Z
M2,764,saturated,M2,true,142.000,77.599,311.728,1335.271,120906.465,121221.353,121260.729,631704,667672,227475456,54312960,49963,633587,2026-08-02T11:25:40.135512Z
M2,765,saturated,M2,true,383.000,32.435,62.599,79.733,121196.130,121435.150,121471.007,632051,667849,227581952,54329344,49905,634235,2026-08-02T11:25:40.135512Z
M2,766,saturated,M2,true,400.000,30.550,51.358,56.913,121461.086,121692.255,121732.518,632767,668178,227778560,54370304,49931,635072,2026-08-02T11:25:40.135512Z
M2,767,saturated,M2,true,342.000,38.632,74.249,84.193,121711.949,122005.429,122050.482,633578,668763,227958784,54419456,49922,635749,2026-08-02T11:25:40.135512Z
M2,768,saturated,M2,true,422.000,27.978,52.601,101.730,122029.789,122291.848,122324.255,634292,668763,228147200,54468608,49932,636599,2026-08-02T11:25:40.135512Z
M2,769,saturated,M2,true,472.000,27.092,43.997,55.377,122187.303,122418.312,122456.278,635115,669138,228327424,54501376,49909,637501,2026-08-02T11:25:40.135512Z
M2,770,saturated,M2,true,450.000,25.874,56.163,78.550,122408.292,122632.553,122711.276,636053,669813,228548608,54542336,49932,638443,2026-08-02T11:25:40.135512Z
M2,771,saturated,M2,true,476.000,25.837,41.046,52.910,122588.658,122808.642,122831.128,636978,670496,228769792,54583296,49906,639339,2026-08-02T11:25:40.135512Z
M2,772,saturated,M2,true,379.000,25.852,44.996,56.216,122762.882,123016.837,123058.015,637930,670496,228990976,54648832,49979,640256,2026-08-02T11:25:40.135512Z
M2,773,saturated,M2,true,434.000,28.721,59.174,189.706,123110.984,123330.026,123358.238,638727,670968,229154816,54673408,49914,640990,2026-08-02T11:25:40.135512Z
M2,774,saturated,M2,true,447.000,26.921,47.758,61.516,123289.111,123513.562,123540.424,639600,671561,229343232,54722560,49928,641925,2026-08-02T11:25:40.135512Z
M2,775,saturated,M2,true,435.000,28.948,49.874,57.233,123539.256,123801.797,123824.392,640506,671786,229588992,54763520,49918,642783,2026-08-02T11:25:40.135512Z
M2,776,saturated,M2,true,430.000,28.116,46.448,54.528,123686.521,123949.086,123984.957,641389,672449,229777408,54804480,49912,643626,2026-08-02T11:25:40.135512Z
M2,777,saturated,M2,true,427.000,27.777,51.392,74.424,123772.242,124048.992,124091.769,642257,672449,229957632,54845440,49910,644475,2026-08-02T11:25:40.135512Z
M2,778,saturated,M2,true,432.000,26.222,46.471,89.946,124013.056,124281.023,124317.376,643132,673095,230170624,54910976,49934,645427,2026-08-02T11:25:40.135512Z
M2,779,saturated,M2,true,457.000,26.737,49.075,56.929,124194.989,124404.564,124434.357,643997,673525,230359040,54943744,49914,646256,2026-08-02T11:25:40.135512Z
M2,780,saturated,M2,true,334.000,30.541,120.497,192.292,124390.212,124816.956,124841.966,644823,674185,230563840,54992896,49948,647047,2026-08-02T11:25:40.135512Z
M2,781,saturated,M2,true,428.000,29.356,46.615,58.867,124714.922,124980.503,125015.204,645559,674557,230744064,55017472,49912,647810,2026-08-02T11:25:40.135512Z
M2,782,saturated,M2,true,388.000,28.492,51.504,67.073,124973.484,125195.578,125274.328,646450,674557,230916096,55058432,49962,648681,2026-08-02T11:25:40.135512Z
M2,783,saturated,M2,true,449.000,29.289,58.005,92.432,125105.543,125385.675,125425.980,647213,675181,231112704,55099392,49911,649463,2026-08-02T11:25:40.135512Z
M2,784,saturated,M2,true,452.000,26.392,47.847,59.570,125075.616,125316.351,125329.146,648146,675784,231333888,55140352,49938,650428,2026-08-02T11:25:40.135512Z
M2,785,saturated,M2,true,466.000,26.836,46.163,56.301,125211.250,125454.318,125482.947,649050,676464,231546880,55197696,49916,651320,2026-08-02T11:25:40.135512Z
M2,786,saturated,M2,true,468.000,25.406,41.833,50.462,125380.467,125645.438,125678.777,649953,676706,231751680,55255040,49908,652249,2026-08-02T11:25:40.135512Z
M2,787,saturated,M2,true,464.000,26.348,46.150,55.983,125551.954,125778.573,125819.076,650902,677406,231981056,55287808,49913,653198,2026-08-02T11:25:40.135512Z
M2,788,saturated,M2,true,459.000,27.462,44.972,53.258,125639.334,125859.326,125892.819,651857,677406,232161280,55336960,49924,654129,2026-08-02T11:25:40.135512Z
M2,789,saturated,M2,true,448.000,28.195,47.020,56.909,125686.565,125946.658,125985.360,652769,677880,232407040,55394304,49914,654998,2026-08-02T11:25:40.135512Z
M2,790,saturated,M2,true,471.000,26.245,43.939,51.025,125821.419,126051.556,126074.665,653685,678325,232620032,55443456,49916,655948,2026-08-02T11:25:40.135512Z
M2,791,saturated,M2,true,445.000,28.295,50.600,62.927,125801.639,126036.548,126085.708,654632,678781,232824832,55476224,49925,656849,2026-08-02T11:25:40.135512Z
M2,792,saturated,M2,true,251.000,33.905,109.942,128.302,126059.827,126352.387,126366.956,655402,679242,232972288,55517184,49805,657553,2026-08-02T11:25:40.135512Z
M2,793,saturated,M2,true,207.000,42.083,351.278,520.620,126717.248,126862.405,126916.271,655829,679607,233062400,55533568,49952,657794,2026-08-02T11:25:40.135512Z
M2,794,saturated,M2,true,326.000,29.981,117.037,139.174,126823.087,127067.034,127103.586,656575,679959,233226240,55582720,49856,658573,2026-08-02T11:25:40.135512Z
M2,795,saturated,M2,true,325.000,32.868,65.581,166.696,127012.508,127251.688,127292.998,657158,679959,233390080,55607296,49827,659258,2026-08-02T11:25:40.135512Z
M2,796,saturated,M2,true,335.000,31.041,176.127,352.947,127567.164,127773.006,127795.030,657696,680480,233496576,55623680,49961,659786,2026-08-02T11:25:40.135512Z
M2,797,saturated,M2,true,373.000,33.236,62.987,89.277,127689.824,127995.637,128038.274,658498,680953,233676800,55656448,49971,660535,2026-08-02T11:25:40.135512Z
M2,798,saturated,M2,true,299.000,40.425,93.989,114.527,128017.444,128268.425,128292.641,659095,659742,233816064,55705600,49965,661178,2026-08-02T11:26:40.075701Z
M2,799,saturated,M2,true,131.000,72.940,196.748,212.318,128412.514,128693.734,128695.326,659544,660287,234012672,55721984,49931,661547,2026-08-02T11:26:40.075701Z
M2,800,saturated,M2,true,247.000,39.746,258.365,384.361,129258.950,129499.315,129515.830,660035,767967,234184704,55730176,49973,661923,2026-08-02T11:26:40.075701Z
M2,801,saturated,M2,true,360.000,30.380,65.868,106.055,129547.300,129782.224,129796.124,660762,768253,234242048,55771136,49783,662702,2026-08-02T11:26:40.075701Z
M2,802,saturated,M2,true,250.000,39.948,157.233,218.370,130019.048,130210.530,130271.126,661310,768253,234455040,55803904,49820,663205,2026-08-02T11:26:40.075701Z
M2,803,saturated,M2,true,393.000,31.982,80.560,109.790,130160.953,130397.476,130427.890,661945,768716,234561536,55844864,49972,663894,2026-08-02T11:26:40.075701Z
M2,804,saturated,M2,true,381.000,29.874,60.317,81.382,130107.466,130353.296,130396.648,662796,769254,234749952,55869440,49979,664714,2026-08-02T11:26:40.075701Z
M2,805,saturated,M2,true,396.000,30.801,54.693,67.976,130243.115,130536.637,130562.746,663558,769643,234962944,55910400,49980,665486,2026-08-02T11:26:40.075701Z
M2,806,saturated,M2,true,434.000,28.547,51.739,63.253,130222.080,130501.891,130540.138,664407,769643,235167744,55959552,49969,666344,2026-08-02T11:26:40.075701Z
M2,807,saturated,M2,true,433.000,28.500,48.315,64.330,130210.820,130429.758,130464.604,665287,770247,235339776,55984128,49965,667201,2026-08-02T11:26:40.075701Z
M2,808,saturated,M2,true,407.000,30.017,54.003,62.555,129489.400,129930.759,129969.679,666165,770676,235520000,56049664,49979,668054,2026-08-02T11:26:40.075701Z
M2,809,saturated,M2,true,385.000,33.323,57.736,63.436,128903.242,129163.438,129212.448,666892,771127,235692032,56082432,49973,668809,2026-08-02T11:26:40.075701Z
M2,810,saturated,M2,true,436.000,28.644,45.855,49.949,129039.152,129269.282,129294.731,667701,771696,235888640,56123392,49973,669674,2026-08-02T11:26:40.075701Z
M2,811,saturated,M2,true,442.000,27.876,49.839,58.338,129096.752,129323.093,129364.812,668583,772130,236085248,56172544,49976,670545,2026-08-02T11:26:40.075701Z
M2,812,saturated,M2,true,392.000,28.778,58.597,117.000,128974.357,129291.563,129318.219,669386,772130,236290048,56205312,49803,671425,2026-08-02T11:26:40.075701Z
M2,813,saturated,M2,true,355.000,36.002,67.465,92.673,129164.030,129442.798,129483.179,670134,772787,236462080,56238080,49979,672094,2026-08-02T11:26:40.075701Z
M2,814,saturated,M2,true,302.000,32.014,128.579,184.763,129373.749,129714.102,129751.251,670638,773322,236593152,56270848,49986,672774,2026-08-02T11:26:40.075701Z
M2,815,saturated,M2,true,350.000,33.039,88.359,107.062,129792.037,130113.492,130150.588,671130,773633,236773376,56311808,49795,673407,2026-08-02T11:26:40.075701Z
M2,816,saturated,M2,true,411.000,31.211,50.796,64.683,130057.584,130271.110,130289.948,671817,774173,236937216,56352768,49977,674190,2026-08-02T11:26:40.075701Z
M2,817,saturated,M2,true,436.000,27.902,46.369,59.284,130189.961,130414.841,130440.448,672635,774385,237101056,56393728,49974,675077,2026-08-02T11:26:40.075701Z
M2,818,saturated,M2,true,401.000,32.230,58.216,78.017,130279.522,130533.768,130584.184,673522,774385,237338624,56426496,49797,675877,2026-08-02T11:26:40.075701Z
M2,819,saturated,M2,true,405.000,31.863,50.662,60.978,130456.613,130678.692,130701.112,674329,775042,237527040,56459264,49975,676684,2026-08-02T11:26:40.075701Z
M2,820,saturated,M2,true,410.000,29.406,51.598,74.996,130504.080,130741.204,130779.582,675165,775627,237707264,56500224,49979,677532,2026-08-02T11:26:40.075701Z
M2,821,saturated,M2,true,386.000,31.769,56.855,69.452,130591.506,130921.997,130965.526,675979,775627,237862912,56532992,49975,678285,2026-08-02T11:26:40.075701Z
M2,822,saturated,M2,true,325.000,33.230,59.843,73.829,130298.559,130720.046,130749.354,676716,776220,238075904,56590336,49853,679053,2026-08-02T11:26:40.075701Z
M2,823,saturated,M2,true,342.000,34.934,99.081,178.081,129692.261,130399.064,130430.911,677405,776628,238174208,56598528,49807,679645,2026-08-02T11:26:40.075701Z
M2,824,saturated,M2,true,377.000,32.571,61.723,99.265,129092.470,129542.746,129584.215,678119,777095,238379008,56647680,49984,680454,2026-08-02T11:26:40.075701Z
M2,825,saturated,M2,true,414.000,30.589,55.461,66.177,128951.529,129174.216,129206.990,678876,777673,238567424,56696832,49983,681221,2026-08-02T11:26:40.075701Z
M2,826,saturated,M2,true,462.000,28.243,44.677,59.280,129031.739,129250.452,129263.540,679747,777890,238772224,56754176,49750,682127,2026-08-02T11:26:40.075701Z
M2,827,saturated,M2,true,448.000,28.325,43.843,51.195,129132.867,129380.471,129417.692,680660,777890,238977024,56795136,49981,683033,2026-08-02T11:26:40.075701Z
M2,828,saturated,M2,true,419.000,28.478,59.141,78.057,128769.300,129259.828,129301.876,681578,778570,239173632,56836096,49982,683942,2026-08-02T11:26:40.075701Z
M2,829,saturated,M2,true,295.000,35.540,134.167,147.917,128695.176,129051.922,129078.744,682390,779214,239337472,56868864,49855,684506,2026-08-02T11:26:40.075701Z
M2,830,saturated,M2,true,443.000,27.459,47.320,62.537,128816.451,129038.210,129063.129,683008,779214,239509504,56909824,49752,685357,2026-08-02T11:26:40.075701Z
M2,831,saturated,M2,true,418.000,29.244,48.924,57.544,128897.816,129120.728,129141.910,683871,779722,239689728,56942592,49790,686228,2026-08-02T11:26:40.075701Z
M2,832,saturated,M2,true,401.000,28.868,51.764,59.699,128801.893,129003.740,129036.753,684715,780176,239910912,56991744,49801,687100,2026-08-02T11:26:40.075701Z
M2,833,saturated,M2,true,417.000,31.178,59.166,84.987,128592.845,128820.005,128833.898,685512,780594,240115712,57024512,49988,687851,2026-08-02T11:26:40.075701Z
M2,834,saturated,M2,true,364.000,32.705,66.790,112.109,128648.536,128917.828,128973.389,686376,781190,240304128,57065472,49837,688645,2026-08-02T11:26:40.075701Z
M2,835,saturated,M2,true,304.000,36.381,95.777,114.611,129036.952,129264.481,129298.310,686994,781556,240427008,57098240,49830,689212,2026-08-02T11:26:40.075701Z
M2,836,saturated,M2,true,410.000,29.898,54.102,70.329,129242.994,129478.116,129518.011,687688,781556,240607232,57131008,49769,690032,2026-08-02T11:26:40.075701Z
M2,837,saturated,M2,true,395.000,31.410,64.167,74.972,129475.699,129691.926,129734.278,688471,782060,240771072,57180160,49788,690808,2026-08-02T11:26:40.075701Z
M2,838,saturated,M2,true,392.000,30.385,57.572,79.287,129588.904,129845.714,129880.219,689269,782467,240951296,57221120,49789,691636,2026-08-02T11:26:40.075701Z
M2,839,saturated,M2,true,382.000,33.530,57.790,66.472,129901.393,130192.781,130219.119,690079,782859,241164288,57262080,49799,692387,2026-08-02T11:26:40.075701Z
M2,840,saturated,M2,true,437.000,29.253,47.639,58.327,130042.869,130266.083,130305.680,690870,783451,241319936,57303040,49760,693235,2026-08-02T11:26:40.075701Z
M2,841,saturated,M2,true,449.000,27.492,45.177,50.425,130010.085,130231.845,130252.675,691774,783451,241557504,57335808,49768,694133,2026-08-02T11:26:40.075701Z
M2,842,saturated,M2,true,401.000,28.560,48.164,60.993,129977.842,130218.253,130244.013,692681,784103,241754112,57376768,49806,695023,2026-08-02T11:26:40.075701Z
M2,843,saturated,M2,true,397.000,30.796,65.088,111.401,130085.053,130396.139,130442.507,693433,784548,241926144,57409536,49774,695751,2026-08-02T11:26:40.075701Z
M2,844,saturated,M2,true,383.000,31.133,60.344,93.963,130085.931,130350.758,130392.168,694300,785133,242106368,57450496,49807,696573,2026-08-02T11:26:40.075701Z
M2,845,saturated,M2,true,397.000,32.369,55.166,70.216,130342.154,130559.344,130590.576,695047,785514,242262016,57483264,49792,697319,2026-08-02T11:26:40.075701Z
M2,846,saturated,M2,true,410.000,29.849,50.849,61.940,130390.215,130633.130,130675.578,695877,785514,242475008,57540608,49787,698147,2026-08-02T11:26:40.075701Z
M2,847,saturated,M2,true,368.000,33.451,69.741,94.943,130562.383,130811.016,130864.544,696662,786117,242622464,57573376,49788,698889,2026-08-02T11:26:40.075701Z
M2,848,saturated,M2,true,421.000,30.192,52.288,70.328,130633.229,130858.565,130888.621,697481,786489,242851840,57622528,49783,699720,2026-08-02T11:26:40.075701Z
M2,849,saturated,M2,true,375.000,34.249,55.043,72.205,130725.240,130984.146,131036.368,698316,787113,242999296,57663488,49817,700495,2026-08-02T11:26:40.075701Z
M2,850,saturated,M2,true,114.000,63.416,284.561,329.048,131091.184,131649.212,131684.403,698880,787488,243122176,57663488,49951,700799,2026-08-02T11:26:40.075701Z
M2,851,saturated,M2,true,294.000,36.768,168.376,327.311,131842.034,132071.769,132168.549,699302,787488,243236864,57704448,49847,701354,2026-08-02T11:26:40.075701Z
M2,852,saturated,M2,true,234.000,39.033,113.278,129.375,132126.216,132425.582,132447.367,699871,787748,243343360,57729024,49895,701877,2026-08-02T11:26:40.075701Z
M2,853,saturated,M2,true,316.000,34.445,166.285,274.069,132666.805,132946.986,132972.318,700304,788033,243474432,57737216,49787,702412,2026-08-02T11:26:40.075701Z
M2,854,saturated,M2,true,400.000,29.232,55.325,97.874,132843.057,133051.445,133067.306,701181,788456,243679232,57794560,49827,703280,2026-08-02T11:26:40.075701Z
M2,855,saturated,M2,true,384.000,30.988,70.654,129.925,132881.538,133143.757,133171.946,701900,788670,243818496,57827328,49795,703988,2026-08-02T11:26:40.075701Z
M2,856,saturated,M2,true,344.000,35.654,66.149,103.928,132423.062,132634.243,132709.647,702712,789237,244015104,57868288,49871,704719,2026-08-02T11:26:40.075701Z
M2,857,saturated,M2,true,339.000,37.390,81.852,105.664,132865.409,133174.259,133190.746,703335,789575,244170752,57876480,49824,705369,2026-08-02T11:26:40.075701Z
M2,858,saturated,M2,true,363.000,34.621,55.000,81.849,133007.851,133241.075,133293.631,704231,698669,244228096,57925632,49810,706102,2026-08-02T11:27:39.964459Z
M2,859,saturated,M2,true,377.000,30.083,50.425,64.341,133201.217,133453.589,133498.681,705037,698669,244408320,57966592,49831,706910,2026-08-02T11:27:39.964459Z
M2,860,saturated,M2,true,355.000,35.347,75.415,114.129,133408.588,133647.681,133686.334,705787,699070,244473856,57991168,49849,707608,2026-08-02T11:27:39.964459Z
M2,861,saturated,M2,true,243.000,41.855,175.766,236.554,133805.302,134117.152,134155.630,706247,699438,244678656,58040320,49853,708077,2026-08-02T11:27:39.964459Z
M2,862,saturated,M2,true,341.000,33.464,55.926,74.010,133557.285,133800.966,133836.936,706846,699844,244809728,58064896,49860,708816,2026-08-02T11:27:39.964459Z
M2,863,saturated,M2,true,380.000,32.497,78.706,191.233,133744.402,133993.975,134042.148,707528,700175,244948992,58097664,49810,709494,2026-08-02T11:27:39.964459Z
M2,864,saturated,M2,true,256.000,34.490,67.259,130.433,133833.384,134133.308,134162.666,707682,700175,245022720,58122240,49934,709869,2026-08-02T11:27:39.964459Z
M2,865,saturated,M2,true,115.000,101.193,338.711,436.739,134657.438,134944.813,134973.422,708371,700743,245186560,58130432,49936,710168,2026-08-02T11:27:39.964459Z
M2,866,saturated,M2,true,144.000,55.132,463.876,607.780,135485.956,135657.337,135682.924,708693,700862,245211136,58146816,49882,710562,2026-08-02T11:27:39.964459Z
M2,867,saturated,M2,true,316.000,36.207,128.164,204.660,135681.747,135865.344,135905.786,709170,701078,245407744,58187776,49900,711211,2026-08-02T11:27:39.964459Z
M2,868,saturated,M2,true,218.000,49.405,156.115,193.522,136118.875,136368.290,136389.156,709704,701078,245473280,58204160,49904,711668,2026-08-02T11:27:39.964459Z
M2,869,saturated,M2,true,139.000,58.729,350.392,377.157,136790.785,137146.307,137198.304,710083,701509,245530624,58220544,49931,711956,2026-08-02T11:27:39.964459Z
M2,870,saturated,M2,true,196.000,45.926,430.352,464.794,137571.266,137708.752,137751.637,710358,701667,245637120,58245120,49856,712304,2026-08-02T11:27:39.964459Z
M2,871,saturated,M2,true,390.000,32.596,52.908,66.307,137556.424,137782.016,137823.043,711047,701965,245784576,58277888,49832,713089,2026-08-02T11:27:39.964459Z
M2,872,saturated,M2,true,355.000,32.877,68.826,118.592,137770.482,137982.874,137994.413,711789,702346,245972992,58318848,49861,713840,2026-08-02T11:27:39.964459Z
M2,873,saturated,M2,true,335.000,36.160,84.672,136.657,137806.286,138091.495,138118.529,712478,702886,246136832,58343424,49871,714494,2026-08-02T11:27:39.964459Z
M2,874,saturated,M2,true,410.000,30.779,57.719,73.410,137935.389,138173.857,138211.011,713232,702886,246284288,58392576,49827,715310,2026-08-02T11:27:39.964459Z
M2,875,saturated,M2,true,349.000,34.324,77.149,103.891,137880.524,138220.735,138247.101,713945,703258,246480896,58425344,49825,715996,2026-08-02T11:27:39.964459Z
M2,876,saturated,M2,true,292.000,34.053,85.198,146.381,137107.582,137976.169,138005.973,714684,703605,246611968,58458112,49891,716638,2026-08-02T11:27:39.964459Z
M2,877,saturated,M2,true,304.000,32.844,206.930,278.565,136600.156,137188.555,137225.781,715147,703967,246743040,58466304,49817,717192,2026-08-02T11:27:39.964459Z
M2,878,saturated,M2,true,370.000,33.588,66.944,81.924,136402.396,136602.195,136652.993,715943,704408,246931456,58515456,49858,717932,2026-08-02T11:27:39.964459Z
M2,879,saturated,M2,true,385.000,34.002,56.471,67.148,136565.546,136795.654,136816.383,716716,704408,247054336,58556416,49836,718715,2026-08-02T11:27:39.964459Z
M2,880,saturated,M2,true,406.000,31.064,51.388,65.017,136458.054,136731.232,136768.222,717528,704969,247267328,58597376,49839,719535,2026-08-02T11:27:39.964459Z
M2,881,saturated,M2,true,347.000,35.726,62.847,81.020,136251.218,136510.519,136543.500,718276,705373,247447552,58638336,49854,720230,2026-08-02T11:27:39.964459Z
M2,882,saturated,M2,true,374.000,32.915,57.658,71.249,136221.931,136445.629,136467.118,719041,705739,247611392,58679296,49855,721011,2026-08-02T11:27:39.964459Z
M2,883,saturated,M2,true,366.000,34.995,75.433,98.964,136360.562,136565.527,136586.373,719746,706114,247775232,58695680,49831,721710,2026-08-02T11:27:39.964459Z
M2,884,saturated,M2,true,268.000,40.832,97.460,148.605,136634.208,137038.391,137055.987,720374,706657,247930880,58736640,49900,722273,2026-08-02T11:27:39.964459Z
M2,885,saturated,M2,true,372.000,34.189,65.312,85.859,137007.787,137302.753,137340.773,721036,706914,248061952,58761216,49851,723000,2026-08-02T11:27:39.964459Z
M2,886,saturated,M2,true,401.000,31.741,52.579,59.058,137287.639,137533.003,137573.422,721829,706914,248266752,58802176,49832,723805,2026-08-02T11:27:39.964459Z
M2,887,saturated,M2,true,416.000,30.857,53.073,62.122,137413.894,137649.429,137690.184,722659,707493,248438784,58851328,49823,724636,2026-08-02T11:27:39.964459Z
M2,888,saturated,M2,true,417.000,30.438,51.151,60.106,137557.559,137788.475,137827.520,723504,707905,248651776,58892288,49827,725482,2026-08-02T11:27:39.964459Z
M2,889,saturated,M2,true,426.000,30.403,49.092,59.208,137655.446,137879.327,137917.999,724381,708538,248840192,58925056,49826,726340,2026-08-02T11:27:39.964459Z
M2,890,saturated,M2,true,409.000,31.228,53.232,65.835,137700.255,137954.923,137996.383,725206,708962,249044992,58974208,49841,727151,2026-08-02T11:27:39.964459Z
M2,891,saturated,M2,true,373.000,34.980,60.419,73.727,137526.931,137778.038,137805.462,725994,708962,249184256,59006976,49854,727905,2026-08-02T11:27:39.964459Z
M2,892,saturated,M2,true,360.000,30.784,50.151,67.145,137373.730,137833.037,137874.038,726064,709556,249315328,59031552,49887,728313,2026-08-02T11:27:39.964459Z
M2,893,saturated,M2,true,360.000,34.359,89.943,182.598,137218.973,137443.304,137488.527,727269,709949,249552896,59080704,49852,729359,2026-08-02T11:27:39.964459Z
M2,894,saturated,M2,true,378.000,31.231,59.200,89.209,137025.435,137237.189,137258.892,728001,710461,249708544,59113472,49866,730121,2026-08-02T11:27:39.964459Z
M2,895,saturated,M2,true,396.000,31.787,55.628,83.011,136962.161,137159.162,137185.221,728764,710461,249905152,59154432,49836,730916,2026-08-02T11:27:39.964459Z
M2,896,saturated,M2,true,412.000,31.479,51.564,62.133,136788.120,137044.980,137092.600,729580,711034,250118144,59187200,49833,731729,2026-08-02T11:27:39.964459Z
M2,897,saturated,M2,true,411.000,30.637,50.086,58.071,136588.479,136836.011,136870.593,730378,711648,250298368,59228160,49843,732558,2026-08-02T11:27:39.964459Z
M2,898,saturated,M2,true,424.000,30.422,49.635,59.815,136618.966,136855.497,136895.929,731220,712061,250462208,59277312,49834,733404,2026-08-02T11:27:39.964459Z
M2,899,saturated,M2,true,372.000,34.284,59.988,88.238,134633.912,136553.444,136608.224,732030,712484,250683392,59318272,49852,734157,2026-08-02T11:27:39.964459Z
M2,900,saturated,M2,true,395.000,31.716,51.455,64.156,134366.761,134601.293,134623.098,732819,712484,250855424,59359232,49854,734954,2026-08-02T11:27:39.964459Z
M2,901,saturated,M2,true,337.000,37.923,84.059,111.985,134507.982,134806.797,134836.173,733512,713062,250986496,59392000,49859,735622,2026-08-02T11:27:39.964459Z
M2,902,saturated,M2,true,347.000,33.582,56.320,67.053,134489.169,134730.605,134767.460,733863,713407,251084800,59400192,49895,736010,2026-08-02T11:27:39.964459Z
M2,903,saturated,M2,true,351.000,34.420,110.867,195.621,134693.785,134922.287,134954.363,734810,713786,251322368,59465728,49858,737037,2026-08-02T11:27:39.964459Z
M2,904,saturated,M2,true,330.000,37.599,63.408,74.147,134895.171,135128.556,135155.779,735305,713786,251420672,59473920,49883,737373,2026-08-02T11:27:39.964459Z
M2,905,saturated,M2,true,292.000,38.568,102.464,174.540,135199.622,135591.908,135636.629,735982,714290,251543552,59506688,49934,738055,2026-08-02T11:27:39.964459Z
M2,906,saturated,M2,true,347.000,35.743,93.683,166.202,135568.293,135836.920,135881.386,736572,714614,251707392,59531264,49849,738582,2026-08-02T11:27:39.964459Z
M2,907,saturated,M2,true,391.000,32.756,52.057,62.908,135754.381,136016.798,136050.891,737533,715266,251969536,59588608,49852,739766,2026-08-02T11:27:39.964459Z
M2,908,saturated,M2,true,367.000,34.987,58.920,75.325,135926.174,136156.798,136204.609,738269,715266,252133376,59621376,49857,740504,2026-08-02T11:27:39.964459Z
M2,909,saturated,M2,true,371.000,34.267,65.058,76.524,135982.059,136226.222,136263.095,738972,715835,252297216,59662336,49858,741248,2026-08-02T11:27:39.964459Z
M2,910,saturated,M2,true,371.000,35.012,57.546,67.531,136077.203,136364.348,136411.476,739585,716202,252395520,59695104,49859,741631,2026-08-02T11:27:39.964459Z
M2,911,saturated,M2,true,375.000,35.736,58.962,77.408,136285.699,136530.555,136559.337,740349,716202,252551168,59719680,49856,742358,2026-08-02T11:27:39.964459Z
M2,912,saturated,M2,true,363.000,32.469,52.315,120.242,136360.105,136597.424,136641.990,741107,716768,252747776,59760640,49891,743163,2026-08-02T11:27:39.964459Z
M2,913,saturated,M2,true,370.000,34.805,72.622,167.555,136578.282,136813.649,136844.661,741814,717142,252895232,59793408,49854,743809,2026-08-02T11:27:39.964459Z
M2,914,saturated,M2,true,325.000,36.132,82.570,102.563,136737.503,136980.217,137013.079,742605,717677,253075456,59834368,49911,744607,2026-08-02T11:27:39.964459Z
M2,915,saturated,M2,true,369.000,36.066,76.104,125.362,136961.743,137197.278,137245.699,743243,718057,253214720,59850752,49855,745224,2026-08-02T11:27:39.964459Z
M2,916,saturated,M2,true,400.000,32.689,52.364,62.942,137040.182,137248.339,137289.302,744027,718057,253419520,59908096,49865,746029,2026-08-02T11:27:39.964459Z
M2,917,saturated,M2,true,329.000,38.620,67.566,88.693,137285.040,137567.088,137600.505,744790,718573,253575168,59940864,49878,746733,2026-08-02T11:27:39.964459Z
M2,918,saturated,M2,true,320.000,41.714,62.011,77.216,137338.193,137585.759,137619.200,745390,718966,253722624,59965440,49880,747399,2026-08-02T11:27:39.964459Z
M2,919,saturated,M2,true,380.000,33.924,57.184,81.726,137441.349,137684.395,137722.845,747414,810124,254066688,60006400,49858,748106,2026-08-02T11:28:40.056777Z
M2,920,saturated,M2,true,410.000,31.362,50.173,58.474,137559.349,137773.705,137796.636,748168,810124,254156800,60039168,49851,748890,2026-08-02T11:28:40.056777Z
M2,921,saturated,M2,true,358.000,32.887,72.876,125.793,137583.683,137846.019,137878.907,748931,810677,254377984,60088320,49860,749631,2026-08-02T11:28:40.056777Z
M2,922,saturated,M2,true,322.000,34.940,68.521,107.818,137817.454,138046.838,138063.670,749631,811055,254550016,60129280,49902,750368,2026-08-02T11:28:40.056777Z
M2,923,saturated,M2,true,323.000,38.112,100.897,179.413,138187.647,138441.449,138479.857,750259,811446,254664704,60145664,49867,750942,2026-08-02T11:28:40.056777Z
M2,924,saturated,M2,true,381.000,32.987,56.839,68.314,138351.071,138585.505,138626.970,750851,811903,254869504,60186624,49877,751719,2026-08-02T11:28:40.056777Z
M2,925,saturated,M2,true,371.000,35.568,63.315,88.990,138546.722,138802.467,138845.888,751611,812462,254984192,60219392,49872,752447,2026-08-02T11:28:40.056777Z
M2,926,saturated,M2,true,342.000,37.112,66.728,81.197,138828.220,139110.008,139138.405,752285,812462,255180800,60260352,49881,753194,2026-08-02T11:28:40.056777Z
M2,927,saturated,M2,true,388.000,34.061,57.791,68.208,139019.872,139285.936,139308.445,753005,812838,255377408,60293120,49855,753900,2026-08-02T11:28:40.056777Z
M2,928,saturated,M2,true,390.000,33.531,60.129,72.661,139169.877,139410.686,139461.743,753764,813184,255533056,60325888,49867,754692,2026-08-02T11:28:40.056777Z
M2,929,saturated,M2,true,395.000,33.584,55.621,63.456,139317.965,139568.380,139596.057,754527,813774,255696896,60366848,49862,755476,2026-08-02T11:28:40.056777Z
M2,930,saturated,M2,true,387.000,33.727,52.715,61.100,139412.451,139646.309,139683.849,755319,814164,255901696,60424192,49867,756273,2026-08-02T11:28:40.056777Z
M2,931,saturated,M2,true,368.000,35.028,63.020,78.769,139583.416,139838.418,139881.091,756115,814561,256081920,60448768,49870,757011,2026-08-02T11:28:40.056777Z
M2,932,saturated,M2,true,326.000,33.103,66.658,77.709,139000.647,139699.714,139736.882,756872,814561,256229376,60497920,49931,757788,2026-08-02T11:28:40.056777Z
M2,933,saturated,M2,true,363.000,36.927,83.930,168.155,139114.650,139358.720,139395.748,757528,815124,256401408,60514304,49870,758385,2026-08-02T11:28:40.056777Z
M2,934,saturated,M2,true,369.000,33.080,53.759,90.100,138901.371,139159.590,139190.880,758203,815615,256573440,60555264,49899,759170,2026-08-02T11:28:40.056777Z
M2,935,saturated,M2,true,378.000,34.724,60.723,107.795,138752.542,138951.216,138978.602,758955,816012,256729088,60604416,49872,759885,2026-08-02T11:28:40.056777Z
M2,936,saturated,M2,true,376.000,35.458,56.537,66.646,138668.936,138896.361,138933.063,759670,816560,256909312,60637184,49882,760655,2026-08-02T11:28:40.056777Z
M2,937,saturated,M2,true,364.000,35.987,59.924,74.459,138571.517,138814.613,138852.377,760441,816749,257089536,60678144,49877,761412,2026-08-02T11:28:40.056777Z
M2,938,saturated,M2,true,360.000,34.650,62.111,82.949,137572.288,137812.659,137850.012,761188,816749,257245184,60702720,49880,762169,2026-08-02T11:28:40.056777Z
M2,939,saturated,M2,true,384.000,34.464,57.026,67.692,137472.973,137727.687,137768.901,761928,817305,257417216,60751872,49870,762881,2026-08-02T11:28:40.056777Z
M2,940,saturated,M2,true,383.000,34.189,56.930,73.107,137126.275,137369.049,137401.281,762696,817662,257564672,60784640,49887,763652,2026-08-02T11:28:40.056777Z
M2,941,saturated,M2,true,361.000,36.824,64.992,91.159,137274.635,137491.045,137530.338,763470,818034,257753088,60817408,49875,764376,2026-08-02T11:28:40.056777Z
M2,942,saturated,M2,true,339.000,34.431,60.453,67.536,137242.419,137482.830,137522.553,764088,818600,257949696,60858368,49924,765146,2026-08-02T11:28:40.056777Z
M2,943,saturated,M2,true,362.000,32.606,92.167,177.413,137448.509,137678.150,137716.461,764790,818792,258080768,60882944,49871,765773,2026-08-02T11:28:40.056777Z
M2,944,saturated,M2,true,393.000,32.695,56.597,88.765,137525.149,137734.155,137772.359,765445,819295,258252800,60932096,49891,766576,2026-08-02T11:28:40.056777Z
M2,945,saturated,M2,true,369.000,34.465,64.878,84.736,137661.760,137914.052,137952.245,766262,819705,258457600,60964864,49881,767326,2026-08-02T11:28:40.056777Z
M2,946,saturated,M2,true,412.000,31.885,54.206,68.994,137757.066,138015.296,138040.018,767001,819705,258621440,61005824,49869,768100,2026-08-02T11:28:40.056777Z
M2,947,saturated,M2,true,401.000,32.444,49.069,57.358,137685.404,137912.379,137933.970,767822,820261,258793472,61046784,49875,768934,2026-08-02T11:28:40.056777Z
M2,948,saturated,M2,true,414.000,32.257,51.094,57.731,137719.048,137942.120,137960.118,768641,820876,258998272,61079552,49867,769738,2026-08-02T11:28:40.056777Z
M2,949,saturated,M2,true,390.000,33.691,55.048,62.096,137770.080,137995.461,138019.647,769464,821278,259186688,61120512,49878,770551,2026-08-02T11:28:40.056777Z
M2,950,saturated,M2,true,410.000,32.958,53.852,66.070,137877.987,138110.021,138144.818,770280,821278,259366912,61161472,49868,771347,2026-08-02T11:28:40.056777Z
M2,951,saturated,M2,true,383.000,33.125,54.139,64.166,137804.298,138038.888,138083.451,771088,821872,259563520,61194240,49887,772148,2026-08-02T11:28:40.056777Z
M2,952,saturated,M2,true,305.000,36.798,78.190,109.526,137756.504,137998.137,138045.734,771892,822282,259719168,61235200,49930,772861,2026-08-02T11:28:40.056777Z
M2,953,saturated,M2,true,338.000,39.424,96.202,153.887,137777.526,137988.561,138021.014,772556,822828,259850240,61259776,49891,773462,2026-08-02T11:28:40.056777Z
M2,954,saturated,M2,true,115.000,46.477,414.104,446.736,137678.256,138397.812,138485.970,773113,823126,259964928,61300736,49943,773925,2026-08-02T11:28:40.056777Z
M2,955,saturated,M2,true,94.000,71.946,688.131,777.899,139344.240,139486.823,139501.605,773406,823126,259997696,61308928,49917,774025,2026-08-02T11:28:40.056777Z
M2,956,saturated,M2,true,243.000,48.431,149.655,199.059,139401.982,139755.814,139907.568,773644,823332,260087808,61325312,49906,774511,2026-08-02T11:28:40.056777Z
M2,957,saturated,M2,true,179.000,44.266,169.822,318.742,139769.546,140030.894,140196.205,774107,823591,260218880,61349888,49976,775020,2026-08-02T11:28:40.056777Z
M2,958,saturated,M2,true,131.000,81.331,343.671,392.708,140358.694,140935.358,140951.360,774499,823844,260284416,61366272,49965,775245,2026-08-02T11:28:40.056777Z
M2,959,saturated,M2,true,69.000,147.224,459.326,538.664,141532.965,141821.517,141918.241,774755,823959,260317184,61374464,49926,775392,2026-08-02T11:28:40.056777Z
M2,960,saturated,M2,true,55.000,215.761,554.975,575.244,142134.548,142505.612,142516.753,774914,824037,260349952,61374464,49959,775533,2026-08-02T11:28:40.056777Z
M2,961,saturated,M2,true,286.000,38.002,164.442,535.862,142890.031,143190.301,143218.439,775138,824114,260440064,61382656,49948,775851,2026-08-02T11:28:40.056777Z
M2,962,saturated,M2,true,189.000,54.934,145.387,210.930,143074.760,143398.731,143408.284,775734,824114,260538368,61423616,49909,776458,2026-08-02T11:28:40.056777Z
M2,963,saturated,M2,true,206.000,65.082,186.253,284.488,143833.194,143999.423,144011.037,776045,824506,260620288,61440000,49941,776702,2026-08-02T11:28:40.056777Z
M2,964,saturated,M2,true,316.000,40.521,75.532,95.785,144115.169,144392.066,144449.021,776570,824742,260767744,61472768,49963,777331,2026-08-02T11:28:40.056777Z
M2,965,saturated,M2,true,341.000,39.448,67.414,81.358,144329.123,144542.529,144588.980,777178,824742,260907008,61489152,49946,777962,2026-08-02T11:28:40.056777Z
M2,966,saturated,M2,true,363.000,37.538,58.179,69.251,144337.852,144578.041,144613.980,777908,825223,261079040,61530112,49941,778704,2026-08-02T11:28:40.056777Z
M2,967,saturated,M2,true,347.000,36.150,65.825,79.405,144339.707,144597.072,144647.010,778605,825767,261242880,61562880,49944,779410,2026-08-02T11:28:40.056777Z
M2,968,saturated,M2,true,364.000,34.201,61.832,81.227,144265.414,144482.983,144504.390,779323,826114,261414912,61603840,49943,780129,2026-08-02T11:28:40.056777Z
M2,969,saturated,M2,true,321.000,37.235,90.760,121.279,144387.887,144631.100,144688.840,779864,826482,261570560,61628416,49947,780776,2026-08-02T11:28:40.056777Z
M2,970,saturated,M2,true,367.000,34.168,62.792,79.061,144539.025,144773.213,144814.499,780497,826988,261726208,61677568,49946,781506,2026-08-02T11:28:40.056777Z
M2,971,saturated,M2,true,379.000,35.623,59.704,74.577,144703.939,144961.435,144995.295,781254,826988,261890048,61702144,49944,782251,2026-08-02T11:28:40.056777Z
M2,972,saturated,M2,true,346.000,34.219,53.104,61.365,144805.712,145072.637,145105.048,782022,827360,262086656,61743104,49789,783021,2026-08-02T11:28:40.056777Z
M2,973,saturated,M2,true,322.000,41.771,106.658,164.790,145228.593,145459.065,145488.422,782651,827740,262209536,61767680,49947,783600,2026-08-02T11:28:40.056777Z
M2,974,saturated,M2,true,347.000,36.767,65.303,80.062,145256.055,145542.865,145579.666,783305,828214,262365184,61816832,49968,784347,2026-08-02T11:28:40.056777Z
M2,975,saturated,M2,true,326.000,40.036,74.828,92.606,145296.936,145490.625,145510.244,784011,828726,262537216,61841408,49955,784980,2026-08-02T11:28:40.056777Z
M2,976,saturated,M2,true,350.000,37.329,64.057,73.632,145471.161,145749.437,145801.472,784680,828898,262684672,61882368,49956,785671,2026-08-02T11:28:40.056777Z
M2,977,saturated,M2,true,341.000,40.025,67.925,88.805,145725.585,145949.878,145997.770,785350,828898,262856704,61915136,49960,786370,2026-08-02T11:28:40.056777Z
M2,978,saturated,M2,true,349.000,38.984,64.998,88.399,145817.116,146118.411,146159.704,786044,829416,262987776,61947904,49954,787050,2026-08-02T11:28:40.056777Z
M2,979,saturated,M2,true,350.000,36.806,68.601,76.921,145947.675,146168.395,146201.878,785389,734553,262987776,61972480,49950,787767,2026-08-02T11:29:40.141007Z
M2,980,saturated,M2,true,358.000,36.366,65.131,84.255,146157.100,146397.327,146441.620,786106,735080,263225344,62021632,49951,788485,2026-08-02T11:29:40.141007Z
M2,981,saturated,M2,true,364.000,36.557,60.001,72.347,145988.546,146259.418,146309.209,786803,735439,263372800,62046208,49955,789210,2026-08-02T11:29:40.141007Z
M2,982,saturated,M2,true,330.000,38.449,59.107,64.868,145965.471,146181.566,146217.784,787542,735439,263512064,62087168,49808,789944,2026-08-02T11:29:40.141007Z
M2,983,saturated,M2,true,328.000,37.215,94.154,162.246,146261.346,146476.544,146504.824,788205,735989,263692288,62111744,49957,790525,2026-08-02T11:29:40.141007Z
M2,984,saturated,M2,true,330.000,38.455,66.073,82.848,146303.109,146551.251,146592.240,788847,736460,263823360,62144512,49981,791248,2026-08-02T11:29:40.141007Z
M2,985,saturated,M2,true,336.000,40.221,80.069,109.526,146514.440,146765.071,146798.958,789549,736816,264003584,62169088,49963,791894,2026-08-02T11:29:40.141007Z
M2,986,saturated,M2,true,362.000,36.656,62.724,74.661,146637.460,146866.118,146912.797,790217,737133,264151040,62210048,49960,792582,2026-08-02T11:29:40.141007Z
M2,987,saturated,M2,true,368.000,35.443,61.198,74.505,146715.825,146951.573,146968.446,790955,737133,264306688,62242816,49959,793352,2026-08-02T11:29:40.141007Z
M2,988,saturated,M2,true,363.000,37.154,60.117,69.921,146889.828,147146.342,147183.991,791702,737679,264503296,62283776,49958,794070,2026-08-02T11:29:40.141007Z
M2,989,saturated,M2,true,336.000,37.895,83.151,111.795,147214.519,147453.535,147477.191,792388,738047,264626176,62324736,49958,794739,2026-08-02T11:29:40.141007Z
M2,990,saturated,M2,true,334.000,39.179,68.574,83.524,147230.575,147466.186,147496.290,793098,738557,264798208,62365696,49961,795447,2026-08-02T11:29:40.141007Z
M2,991,saturated,M2,true,340.000,39.608,67.832,82.385,147407.929,147672.224,147709.308,793781,738557,264978432,62398464,49964,796110,2026-08-02T11:29:40.141007Z
M2,992,saturated,M2,true,337.000,35.583,61.601,69.899,147522.722,147723.851,147744.335,794486,739060,265117696,62439424,49810,796851,2026-08-02T11:29:40.141007Z
M2,993,saturated,M2,true,258.000,47.457,117.233,246.418,147845.155,148121.489,148142.114,795096,739430,265265152,62455808,49978,797321,2026-08-02T11:29:40.141007Z
M2,994,saturated,M2,true,238.000,47.788,123.075,140.028,148253.773,148448.307,148476.591,795588,739844,265355264,62472192,49831,797853,2026-08-02T11:29:40.141007Z
M2,995,saturated,M2,true,241.000,54.406,117.966,139.480,148609.835,148879.011,148908.036,796133,740096,265494528,62513152,49865,798353,2026-08-02T11:29:40.141007Z
M2,996,saturated,M2,true,19.000,801.122,1377.232,1377.232,150261.445,150385.506,150385.506,796452,740096,265535488,62521344,49962,798518,2026-08-02T11:29:40.141007Z
M2,997,saturated,M2,true,64.000,91.743,714.617,1558.529,150181.518,150470.974,150506.676,796553,740335,265560064,62521344,49950,798606,2026-08-02T11:29:40.141007Z
M2,998,saturated,M2,true,216.000,49.115,250.457,279.245,150682.254,150924.664,150946.356,796765,740428,265650176,62537728,49925,798993,2026-08-02T11:29:40.141007Z
M2,999,saturated,M2,true,337.000,39.286,86.293,128.253,151118.266,151352.283,151388.444,797208,740651,265781248,62570496,49826,799513,2026-08-02T11:29:40.141007Z
M2,1000,saturated,M2,true,370.000,33.935,57.037,69.169,151201.168,151434.088,151459.313,797869,740651,265936896,62595072,49823,800284,2026-08-02T11:29:40.141007Z
M2,1001,saturated,M2,true,278.000,44.973,90.228,111.315,151171.376,151517.656,151549.234,798622,741176,266092544,62644224,49881,800937,2026-08-02T11:29:40.141007Z
M2,1002,saturated,M2,true,279.000,40.372,84.581,148.336,150657.577,150880.977,150917.814,799209,741637,266223616,62668800,49903,801534,2026-08-02T11:29:40.141007Z
M2,1003,saturated,M2,true,238.000,57.839,161.452,188.698,150948.265,151215.615,151229.745,799734,742012,266330112,62685184,49859,801905,2026-08-02T11:29:40.141007Z
M2,1004,saturated,M2,true,287.000,41.955,74.809,90.488,150675.784,150992.397,151026.132,800283,742012,266444800,62717952,49879,802557,2026-08-02T11:29:40.141007Z
M2,1005,saturated,M2,true,278.000,46.330,113.106,163.094,151065.007,151327.534,151442.536,800860,742319,266592256,62734336,49870,803090,2026-08-02T11:29:40.141007Z
M2,1006,saturated,M2,true,310.000,42.442,95.460,147.023,151235.934,151454.390,151483.531,801421,742717,266715136,62775296,49838,803661,2026-08-02T11:29:40.141007Z
M2,1007,saturated,M2,true,315.000,43.927,74.047,96.834,151469.362,151753.507,151789.843,802075,742866,266878976,62799872,49839,804288,2026-08-02T11:29:40.141007Z
M2,1008,saturated,M2,true,354.000,38.243,64.022,80.296,151563.873,151851.950,151896.938,802742,743351,267018240,62832640,49834,804995,2026-08-02T11:29:40.141007Z
M2,1009,saturated,M2,true,361.000,37.007,56.963,69.103,151471.483,151684.342,151714.431,803429,743351,267190272,62873600,49826,805690,2026-08-02T11:29:40.141007Z
M2,1010,saturated,M2,true,381.000,34.385,56.046,67.091,151426.287,151642.016,151682.307,804166,743880,267370496,62906368,49818,806443,2026-08-02T11:29:40.141007Z
M2,1011,saturated,M2,true,365.000,36.769,65.731,80.465,151464.940,151691.676,151726.824,804912,744253,267509760,62939136,49835,807217,2026-08-02T11:29:40.141007Z
M2,1012,saturated,M2,true,344.000,35.415,59.448,74.360,151352.250,151729.274,151773.294,805641,744639,267689984,62980096,49847,807936,2026-08-02T11:29:40.141007Z
M2,1013,saturated,M2,true,274.000,48.931,142.155,172.985,151317.665,151599.867,151632.511,806254,744991,267796480,63012864,49850,808454,2026-08-02T11:29:40.141007Z
M2,1014,saturated,M2,true,326.000,37.680,61.932,75.158,151374.075,151650.270,151677.058,806875,745432,267976704,63045632,49861,809157,2026-08-02T11:29:40.141007Z
M2,1015,saturated,M2,true,341.000,40.508,83.488,130.676,151514.774,151766.540,151800.866,807501,745755,268140544,63070208,49838,809803,2026-08-02T11:29:40.141007Z
M2,1016,saturated,M2,true,352.000,38.128,62.270,84.490,151232.879,151803.550,151838.041,808162,745755,268271616,63102976,49823,810481,2026-08-02T11:29:40.141007Z
M2,1017,saturated,M2,true,339.000,37.006,70.122,90.818,150039.130,150276.156,150316.350,808886,746264,268451840,63143936,49845,811192,2026-08-02T11:29:40.141007Z
M2,1018,saturated,M2,true,347.000,37.553,63.795,80.780,149724.653,150026.812,150088.416,809578,746795,268591104,63168512,49844,811881,2026-08-02T11:29:40.141007Z
M2,1019,saturated,M2,true,336.000,39.375,65.047,77.415,148713.843,149383.139,149422.041,810230,747136,268754944,63209472,49846,812559,2026-08-02T11:29:40.141007Z
M2,1020,saturated,M2,true,335.000,38.724,69.288,84.731,148647.496,148865.370,148916.063,810919,747136,268926976,63242240,49852,813244,2026-08-02T11:29:40.141007Z
M2,1021,saturated,M2,true,358.000,37.980,61.582,75.529,148760.748,148978.189,149015.053,811620,747647,269066240,63275008,49831,813939,2026-08-02T11:29:40.141007Z
M2,1022,saturated,M2,true,311.000,40.046,67.523,81.943,148681.083,148948.237,148969.767,812334,747989,269238272,63315968,49885,814647,2026-08-02T11:29:40.141007Z
M2,1023,saturated,M2,true,278.000,45.573,174.117,235.769,149058.710,149353.461,149383.185,812847,748349,269328384,63340544,49852,815129,2026-08-02T11:29:40.141007Z
M2,1024,saturated,M2,true,271.000,48.641,86.886,106.581,149244.660,149522.514,149539.141,813424,748592,269484032,63365120,49876,815719,2026-08-02T11:29:40.141007Z
M2,1025,saturated,M2,true,282.000,42.612,91.857,111.757,149417.186,149626.200,149662.876,813973,749028,269623296,63389696,49879,816309,2026-08-02T11:29:40.141007Z
M2,1026,saturated,M2,true,143.000,70.251,347.174,370.706,150090.935,150340.461,150375.393,814475,749297,269705216,63406080,49921,816618,2026-08-02T11:29:40.141007Z
M2,1027,saturated,M2,true,329.000,41.007,66.696,78.898,149866.692,150091.659,150385.756,814843,749297,269819904,63438848,49847,817207,2026-08-02T11:29:40.141007Z
M2,1028,saturated,M2,true,354.000,38.726,61.832,73.192,149972.958,150194.853,150221.644,815524,749615,270000128,63471616,49841,817904,2026-08-02T11:29:40.141007Z
M2,1029,saturated,M2,true,135.000,52.677,292.759,335.970,150088.672,150737.324,150753.684,816121,749615,270065664,63479808,49964,818349,2026-08-02T11:29:40.141007Z
M2,1030,saturated,M2,true,250.000,51.962,179.019,209.037,150752.629,151017.553,151146.142,816483,750137,270180352,63504384,49913,818741,2026-08-02T11:29:40.141007Z
M2,1031,saturated,M2,true,352.000,37.871,60.880,72.840,151052.786,151303.054,151340.951,817017,750420,270327808,63553536,49853,819392,2026-08-02T11:29:40.141007Z
M2,1032,saturated,M2,true,346.000,36.100,61.008,73.263,151120.064,151321.949,151358.207,817735,750882,270516224,63586304,49855,820124,2026-08-02T11:29:40.141007Z
M2,1033,saturated,M2,true,262.000,47.681,125.582,197.724,151315.507,151584.672,151646.289,818365,751217,270622720,63602688,49863,820630,2026-08-02T11:29:40.141007Z
M2,1034,saturated,M2,true,304.000,40.598,82.166,102.682,151510.213,151742.517,151766.755,818956,751217,270794752,63635456,49885,821297,2026-08-02T11:29:40.141007Z
M2,1035,saturated,M2,true,331.000,40.336,73.753,92.027,151657.752,151877.668,151895.143,819540,751654,270909440,63668224,49843,821892,2026-08-02T11:29:40.141007Z
M2,1036,saturated,M2,true,352.000,37.945,62.878,84.030,151539.591,151913.721,151939.258,820240,751948,271081472,63700992,49848,822600,2026-08-02T11:29:40.141007Z
M2,1037,saturated,M2,true,302.000,43.550,75.224,88.109,151559.643,151832.471,151857.499,820890,752300,271237120,63733760,49872,823244,2026-08-02T11:29:40.141007Z
M2,1038,saturated,M2,true,310.000,41.268,114.941,157.811,151712.475,151922.092,151953.427,821549,733353,271335424,63766528,49893,823917,2026-08-02T11:30:40.149536Z
M2,1039,saturated,M2,true,344.000,39.709,68.635,78.446,151989.565,152263.277,152316.707,820538,849988,271695872,63799296,49846,824508,2026-08-02T11:30:40.149536Z
M2,1040,saturated,M2,true,345.000,38.692,63.782,76.638,152137.428,152350.766,152391.437,821230,850460,271794176,63832064,49853,825212,2026-08-02T11:30:40.149536Z
M2,1041,saturated,M2,true,349.000,39.422,64.739,75.696,152315.885,152558.998,152607.787,821863,850984,271982592,63864832,49851,825908,2026-08-02T11:30:40.149536Z
M2,1042,saturated,M2,true,310.000,36.940,82.386,107.535,152582.620,152777.069,152782.343,822554,851312,272138240,63897600,49871,826589,2026-08-02T11:30:40.149536Z
M2,1043,saturated,M2,true,288.000,44.688,129.698,171.681,152829.945,153141.557,153151.217,823132,851627,272261120,63922176,49861,827109,2026-08-02T11:30:40.149536Z
M2,1044,saturated,M2,true,335.000,37.566,63.450,83.010,153063.701,153273.989,153311.311,823703,851627,272424960,63954944,49869,827816,2026-08-02T11:30:40.149536Z
M2,1045,saturated,M2,true,323.000,42.194,84.096,126.826,153182.591,153389.994,153422.381,824393,852106,272547840,63987712,49862,828440,2026-08-02T11:30:40.149536Z
M2,1046,saturated,M2,true,352.000,38.314,61.259,73.819,153249.467,153513.481,153555.712,825058,852593,272760832,64028672,49856,829141,2026-08-02T11:30:40.149536Z
M2,1047,saturated,M2,true,328.000,38.150,79.218,110.128,153294.925,153535.012,153558.114,825762,852944,272859136,64061440,49853,829812,2026-08-02T11:30:40.149536Z
M2,1048,saturated,M2,true,351.000,38.694,65.136,85.706,153403.970,153622.461,153654.156,826461,853450,273047552,64094208,49851,830513,2026-08-02T11:30:40.149536Z
M2,1049,saturated,M2,true,344.000,38.219,70.671,88.257,153503.313,153737.539,153779.892,827158,853616,273203200,64126976,49851,831207,2026-08-02T11:30:40.149536Z
M2,1050,saturated,M2,true,343.000,38.329,63.185,85.777,153620.940,153844.167,153877.724,827874,853616,273350656,64167936,49857,831899,2026-08-02T11:30:40.149536Z
M2,1051,saturated,M2,true,353.000,37.141,62.914,73.037,153800.202,154047.038,154080.706,828571,854144,273539072,64208896,49863,832613,2026-08-02T11:30:40.149536Z
M2,1052,saturated,M2,true,329.000,37.370,69.531,79.904,153990.198,154230.270,154263.317,829279,854666,273670144,64241664,49887,833309,2026-08-02T11:30:40.149536Z
M2,1053,saturated,M2,true,302.000,43.034,148.356,185.375,154227.655,154500.802,154525.698,829912,854846,273817600,64266240,49865,833880,2026-08-02T11:30:40.149536Z
M2,1054,saturated,M2,true,319.000,38.605,66.875,93.894,154383.765,154629.846,154668.353,830559,855298,273989632,64307200,49893,834564,2026-08-02T11:30:40.149536Z
M2,1055,saturated,M2,true,324.000,42.198,78.444,120.411,154609.808,154823.545,154847.528,831176,855298,274096128,64323584,49860,835164,2026-08-02T11:30:40.149536Z
M2,1056,saturated,M2,true,339.000,38.966,68.931,78.284,154622.108,154833.785,154871.780,831843,855771,274284544,64364544,49861,835837,2026-08-02T11:30:40.149536Z
M2,1057,saturated,M2,true,364.000,34.928,63.281,72.476,154637.378,154883.777,154918.673,832551,856283,274423808,64397312,49851,836565,2026-08-02T11:30:40.149536Z
M2,1058,saturated,M2,true,327.000,38.615,94.901,118.094,154604.148,154812.120,154830.819,833278,856466,274604032,64438272,49880,837234,2026-08-02T11:30:40.149536Z
M2,1059,saturated,M2,true,338.000,39.185,63.876,80.155,154689.968,154919.720,154940.066,833937,856967,274767872,64462848,49866,837915,2026-08-02T11:30:40.149536Z
M2,1060,saturated,M2,true,314.000,42.463,73.782,91.451,154624.518,154907.554,154939.062,834618,857481,274882560,64512000,49895,838588,2026-08-02T11:30:40.149536Z
M2,1061,saturated,M2,true,151.000,55.494,360.697,435.004,154608.498,155260.201,155316.103,835051,857481,274989056,64512000,49873,838965,2026-08-02T11:30:40.149536Z
M2,1062,saturated,M2,true,12.000,133.501,971.469,971.469,155362.172,156559.737,156559.737,835268,857617,275013632,64520192,49975,839016,2026-08-02T11:30:40.149536Z
M2,1063,saturated,M2,true,55.000,166.321,1571.176,1642.020,156520.699,156805.568,156828.391,835350,857721,275038208,64528384,49954,839107,2026-08-02T11:30:40.149536Z
M2,1064,saturated,M2,true,179.000,74.615,155.666,183.071,157184.695,157530.359,157547.925,835625,857813,275111936,64536576,49923,839460,2026-08-02T11:30:40.149536Z
M2,1065,saturated,M2,true,222.000,59.866,132.556,152.161,157709.616,158011.016,158042.126,836006,857813,275193856,64569344,49883,839861,2026-08-02T11:30:40.149536Z
M2,1066,saturated,M2,true,278.000,49.761,110.726,133.648,158098.367,158312.454,158357.594,836508,858089,275324928,64577536,49846,840402,2026-08-02T11:30:40.149536Z
M2,1067,saturated,M2,true,273.000,44.994,95.387,141.802,158300.030,158548.898,158569.973,837067,858505,275456000,64618496,49875,840959,2026-08-02T11:30:40.149536Z
M2,1068,saturated,M2,true,332.000,39.392,66.916,81.738,158512.489,158724.530,158758.769,837675,858775,275603456,64651264,49847,841610,2026-08-02T11:30:40.149536Z
M2,1069,saturated,M2,true,355.000,38.671,61.677,73.083,158572.932,158787.193,158825.441,838380,858775,275767296,64684032,49837,842322,2026-08-02T11:30:40.149536Z
M2,1070,saturated,M2,true,303.000,41.687,90.137,114.558,158605.621,158893.116,158930.786,839055,859283,275898368,64716800,49862,842954,2026-08-02T11:30:40.149536Z
M2,1071,saturated,M2,true,343.000,36.572,64.035,76.202,158818.624,159071.171,159130.125,839715,859609,276078592,64749568,49848,843622,2026-08-02T11:30:40.149536Z
M2,1072,saturated,M2,true,307.000,41.854,69.425,79.570,158857.573,159080.065,159119.561,840370,860111,276193280,64782336,49873,844297,2026-08-02T11:30:40.149536Z
M2,1073,saturated,M2,true,215.000,50.332,266.505,338.545,159271.326,159609.028,159614.426,840829,860405,276307968,64798720,49870,844675,2026-08-02T11:30:40.149536Z
M2,1074,saturated,M2,true,323.000,39.227,67.526,74.277,159365.240,159586.665,159621.164,841455,860638,276447232,64823296,49865,845358,2026-08-02T11:30:40.149536Z
M2,1075,saturated,M2,true,318.000,42.063,82.357,119.884,159538.508,159790.228,159836.539,842048,860638,276619264,64872448,49857,845965,2026-08-02T11:30:40.149536Z
M2,1076,saturated,M2,true,320.000,42.295,72.841,94.453,159646.039,159940.114,159985.332,842634,861109,276750336,64897024,49849,846603,2026-08-02T11:30:40.149536Z
M2,1077,saturated,M2,true,341.000,40.324,65.450,74.883,159738.114,159966.734,160007.951,843319,861427,276905984,64937984,49862,847292,2026-08-02T11:30:40.149536Z
M2,1078,saturated,M2,true,334.000,40.665,70.567,80.132,159718.926,159952.515,159987.100,843960,861778,277045248,64970752,49858,847959,2026-08-02T11:30:40.149536Z
M2,1079,saturated,M2,true,320.000,39.843,78.732,121.905,159752.088,159984.765,160015.417,844645,862272,277192704,65003520,49870,848605,2026-08-02T11:30:40.149536Z
M2,1080,saturated,M2,true,329.000,42.140,64.260,74.131,159975.332,160239.657,160277.266,845232,862592,277348352,65028096,49857,849270,2026-08-02T11:30:40.149536Z
M2,1081,saturated,M2,true,353.000,37.288,64.071,78.396,160052.567,160275.867,160297.505,845910,862592,277512192,65060864,49846,849968,2026-08-02T11:30:40.149536Z
M2,1082,saturated,M2,true,302.000,41.012,75.016,89.749,160091.000,160353.598,160375.907,846549,863098,277667840,65093632,49887,850629,2026-08-02T11:30:40.149536Z
M2,1083,saturated,M2,true,300.000,42.073,99.059,194.714,160291.989,160548.870,160609.711,847114,863443,277782528,65126400,49844,851182,2026-08-02T11:30:40.149536Z
M2,1084,saturated,M2,true,329.000,37.903,63.296,80.149,160212.655,160459.978,160487.927,847775,863882,277954560,65159168,49876,851879,2026-08-02T11:30:40.149536Z
M2,1085,saturated,M2,true,327.000,41.792,88.279,133.638,160437.687,160650.243,160679.773,848370,864202,278085632,65191936,49862,852497,2026-08-02T11:30:40.149536Z
M2,1086,saturated,M2,true,287.000,45.829,86.763,135.806,160525.366,160761.919,160801.856,848962,864202,278233088,65224704,49895,853109,2026-08-02T11:30:40.149536Z
M2,1087,saturated,M2,true,327.000,43.792,73.079,83.373,160715.050,160935.856,160953.916,849530,864691,278380544,65249280,49864,853735,2026-08-02T11:30:40.149536Z
M2,1088,saturated,M2,true,318.000,42.126,66.830,75.961,160798.345,161032.014,161068.731,850187,865145,278511616,65273856,49867,854410,2026-08-02T11:30:40.149536Z
M2,1089,saturated,M2,true,296.000,48.025,80.116,90.871,161059.413,161263.479,161298.685,850833,865461,278675456,65306624,49873,854978,2026-08-02T11:30:40.149536Z
M2,1090,saturated,M2,true,292.000,47.145,87.398,107.519,161303.687,161585.866,161594.796,851428,865461,278781952,65347584,49858,855575,2026-08-02T11:30:40.149536Z
M2,1091,saturated,M2,true,311.000,45.809,73.908,90.814,161528.736,161773.775,161798.301,852050,865892,278970368,65372160,49881,856195,2026-08-02T11:30:40.149536Z
M2,1092,saturated,M2,true,218.000,48.737,106.302,147.333,161819.796,162139.468,162182.491,852657,866362,279068672,65396736,49935,856696,2026-08-02T11:30:40.149536Z
M2,1093,saturated,M2,true,185.000,57.170,228.612,327.446,162352.562,162740.409,162772.943,853051,866566,279150592,65413120,49919,857022,2026-08-02T11:30:40.149536Z
M2,1094,saturated,M2,true,157.000,70.380,140.591,164.567,162671.471,163103.568,163185.684,853456,866566,279240704,65429504,49945,857379,2026-08-02T11:30:40.149536Z
M2,1095,saturated,M2,true,81.000,202.078,389.079,512.424,163414.924,163791.346,163791.371,853703,866859,279265280,65454080,49970,857536,2026-08-02T11:30:40.149536Z
M2,1096,saturated,M2,true,226.000,50.352,177.455,316.320,164230.409,164499.039,164516.364,853928,866953,279347200,65462272,49878,857935,2026-08-02T11:30:40.149536Z
M2,1097,saturated,M2,true,264.000,47.086,106.548,175.231,164359.984,164589.492,164618.787,854535,867240,279486464,65486848,49925,858510,2026-08-02T11:30:40.149536Z
M2,1098,saturated,M2,true,283.000,46.944,98.443,153.856,164576.914,164791.335,164820.795,855013,867240,279584768,65527808,49885,859058,2026-08-02T11:30:40.149536Z
M2,1099,saturated,M2,true,325.000,42.387,72.244,84.200,164800.402,165056.862,165098.474,857113,767677,279584768,65552384,49866,859697,2026-08-02T11:31:40.413166Z
M2,1100,saturated,M2,true,325.000,40.886,74.780,91.612,164865.493,165122.251,165169.346,857792,767985,279814144,65585152,49878,860341,2026-08-02T11:31:40.413166Z
M2,1101,saturated,M2,true,278.000,45.584,129.044,170.319,165133.724,165357.704,165395.808,858375,768449,279855104,65601536,49882,860911,2026-08-02T11:31:40.413166Z
M2,1102,saturated,M2,true,276.000,43.846,94.468,145.480,165320.365,165619.208,165639.545,859010,768759,280068096,65642496,49909,861492,2026-08-02T11:31:40.413166Z
M2,1103,saturated,M2,true,249.000,57.809,109.167,136.061,165655.411,165911.951,165962.559,859487,769015,280109056,65658880,49893,861967,2026-08-02T11:31:40.413166Z
M2,1104,saturated,M2,true,263.000,42.535,155.494,201.969,165895.662,166197.803,166222.227,860093,769015,280305664,65691648,49943,862534,2026-08-02T11:31:40.413166Z
M2,1105,saturated,M2,true,171.000,59.391,135.781,152.980,166231.126,166779.656,166781.933,860409,769448,280338432,65716224,49851,862886,2026-08-02T11:31:40.413166Z
M2,1106,saturated,M2,true,144.000,93.363,355.672,373.385,167077.725,167237.887,167256.377,860679,769662,280395776,65716224,49901,863138,2026-08-02T11:31:40.413166Z
M2,1107,saturated,M2,true,239.000,50.592,141.529,184.095,167445.474,167714.771,167738.961,861078,769727,280559616,65740800,49893,863619,2026-08-02T11:31:40.413166Z
M2,1108,saturated,M2,true,330.000,42.454,66.085,78.196,167635.933,167894.499,167942.479,861687,770106,280649728,65781760,49879,864279,2026-08-02T11:31:40.413166Z
M2,1109,saturated,M2,true,335.000,39.708,66.617,87.116,167739.747,167979.064,167990.955,862369,770442,280838144,65814528,49881,864955,2026-08-02T11:31:40.413166Z
M2,1110,saturated,M2,true,323.000,43.656,67.500,81.182,167856.263,168082.775,168116.776,863041,770442,280985600,65847296,49888,865611,2026-08-02T11:31:40.413166Z
M2,1111,saturated,M2,true,350.000,38.933,65.417,82.050,167794.808,168034.359,168066.751,863728,770941,281124864,65880064,49881,866306,2026-08-02T11:31:40.413166Z
M2,1112,saturated,M2,true,329.000,40.773,67.756,83.527,167965.331,168181.656,168210.365,864421,771448,281313280,65912832,49894,866991,2026-08-02T11:31:40.413166Z
M2,1113,saturated,M2,true,255.000,48.481,145.164,225.300,168197.231,168524.178,168562.457,864962,771448,281395200,65937408,49892,867485,2026-08-02T11:31:40.413166Z
M2,1114,saturated,M2,true,330.000,40.898,68.335,84.043,168394.688,168662.746,168708.104,865634,771878,281591808,65970176,49899,868176,2026-08-02T11:31:40.413166Z
M2,1115,saturated,M2,true,308.000,42.833,87.441,126.100,168620.921,168873.940,168898.013,866236,772215,281722880,65994752,49888,868758,2026-08-02T11:31:40.413166Z
M2,1116,saturated,M2,true,321.000,44.852,71.570,92.613,168858.486,169124.685,169189.652,866905,772676,281862144,66043904,49898,869406,2026-08-02T11:31:40.413166Z
M2,1117,saturated,M2,true,336.000,40.208,68.110,82.982,169023.041,169244.469,169257.605,867581,772993,282034176,66076672,49882,870087,2026-08-02T11:31:40.413166Z
M2,1118,saturated,M2,true,290.000,43.695,86.050,130.423,169210.428,169515.321,169568.566,868185,773335,282157056,66101248,49907,870674,2026-08-02T11:31:40.413166Z
M2,1119,saturated,M2,true,305.000,46.237,75.319,91.187,169542.235,169765.137,169786.968,868740,773335,282312704,66117632,49889,871284,2026-08-02T11:31:40.413166Z
M2,1120,saturated,M2,true,327.000,41.395,67.481,76.757,169703.929,169978.686,170017.252,869367,773768,282427392,66158592,49895,871935,2026-08-02T11:31:40.413166Z
M2,1121,saturated,M2,true,276.000,45.591,100.499,122.249,169967.173,170187.872,170219.323,869968,774241,282583040,66191360,49913,872498,2026-08-02T11:31:40.413166Z
M2,1122,saturated,M2,true,331.000,38.227,66.343,78.576,170166.880,170397.732,170446.704,870579,774241,282730496,66224128,49904,873183,2026-08-02T11:31:40.413166Z
M2,1123,saturated,M2,true,283.000,44.428,122.266,203.384,170235.615,170533.431,170590.141,871163,774712,282869760,66248704,49892,873725,2026-08-02T11:31:40.413166Z
M2,1124,saturated,M2,true,315.000,41.822,65.601,85.512,169903.238,170456.819,170488.700,871453,774982,282935296,66265088,49904,874057,2026-08-02T11:31:40.413166Z
M2,1125,saturated,M2,true,296.000,45.530,89.502,147.618,168873.685,169205.628,169255.326,872303,775449,283140096,66314240,49900,874960,2026-08-02T11:31:40.413166Z
M2,1126,saturated,M2,true,298.000,45.307,73.262,99.004,168554.234,168962.390,169018.191,872918,775449,283303936,66338816,49892,875556,2026-08-02T11:31:40.413166Z
M2,1127,saturated,M2,true,331.000,40.078,71.957,82.897,166250.230,167759.140,167797.242,873558,775896,283426816,66371584,49888,876225,2026-08-02T11:31:40.413166Z
M2,1128,saturated,M2,true,336.000,39.739,66.514,79.537,165926.733,166280.671,166317.509,874213,776220,283607040,66412544,49892,876902,2026-08-02T11:31:40.413166Z
M2,1129,saturated,M2,true,329.000,39.149,65.378,75.870,165227.597,165464.357,165577.976,874585,776220,283664384,66420736,49908,877242,2026-08-02T11:31:40.413166Z
M2,1130,saturated,M2,true,318.000,41.054,106.464,131.519,165244.320,165464.250,165502.931,875500,777213,283893760,66478080,49900,878199,2026-08-02T11:31:40.413166Z
M2,1131,saturated,M2,true,328.000,40.561,70.997,87.051,165258.944,165490.550,165531.058,876168,777379,284065792,66510848,49892,878857,2026-08-02T11:31:40.413166Z
M2,1132,saturated,M2,true,322.000,40.484,72.266,83.594,165341.443,165562.978,165585.269,876544,777379,284139520,66527232,49911,879198,2026-08-02T11:31:40.413166Z
M2,1133,saturated,M2,true,283.000,45.848,123.446,187.089,165532.230,165775.261,165823.160,877360,777877,284344320,66551808,49896,880073,2026-08-02T11:31:40.413166Z
M2,1134,saturated,M2,true,223.000,46.942,182.525,224.363,165705.980,166013.139,166055.699,877746,778142,284401664,66584576,49969,880400,2026-08-02T11:31:40.413166Z
M2,1135,saturated,M2,true,284.000,46.490,127.222,182.892,166059.620,166355.741,166369.483,878392,778503,284565504,66617344,49896,881092,2026-08-02T11:31:40.413166Z
M2,1136,saturated,M2,true,324.000,42.212,67.568,85.986,166135.559,166374.564,166428.153,879043,778974,284696576,66650112,49895,881749,2026-08-02T11:31:40.413166Z
M2,1137,saturated,M2,true,290.000,45.913,98.465,125.322,166327.032,166570.454,166602.374,879657,779146,284868608,66674688,49912,882323,2026-08-02T11:31:40.413166Z
M2,1138,saturated,M2,true,127.000,84.967,225.051,275.775,166666.335,167020.617,167049.369,879973,779146,284909568,66682880,49975,882479,2026-08-02T11:31:40.413166Z
M2,1139,saturated,M2,true,10.000,1198.149,1253.500,1253.500,168207.824,168319.919,168319.919,880160,779411,284925952,66691072,49954,882595,2026-08-02T11:31:40.413166Z
M2,1140,saturated,M2,true,251.000,42.264,137.961,1299.506,168429.592,168606.097,168627.650,880251,779465,284950528,66691072,49914,882832,2026-08-02T11:31:40.413166Z
M2,1141,saturated,M2,true,360.000,36.685,63.226,79.571,168283.896,168622.803,168675.651,880867,779669,285138944,66732032,49907,883548,2026-08-02T11:31:40.413166Z
M2,1142,saturated,M2,true,353.000,36.652,61.917,70.768,168248.125,168465.721,168483.679,881604,780028,285302784,66772992,49914,884272,2026-08-02T11:31:40.413166Z
M2,1143,saturated,M2,true,274.000,45.250,171.857,220.468,168460.454,168720.443,168734.702,882224,780028,285417472,66805760,49919,884820,2026-08-02T11:31:40.413166Z
M2,1144,saturated,M2,true,314.000,43.456,64.030,76.095,168380.942,168631.754,168653.407,882872,780502,285605888,66830336,49941,885512,2026-08-02T11:31:40.413166Z
M2,1145,saturated,M2,true,301.000,43.229,146.284,201.645,168574.210,168816.685,168832.495,883443,780833,285696000,66863104,49930,886082,2026-08-02T11:31:40.413166Z
M2,1146,saturated,M2,true,211.000,59.165,163.468,181.666,168716.089,169066.296,169066.396,884099,781284,285868032,66879488,49978,886636,2026-08-02T11:31:40.413166Z
M2,1147,saturated,M2,true,145.000,101.051,164.866,192.171,169348.025,169596.879,169604.093,884473,781425,285933568,66895872,49953,886932,2026-08-02T11:31:40.413166Z
M2,1148,saturated,M2,true,249.000,55.793,117.571,144.140,169755.260,170008.331,170056.900,884846,781670,286007296,66920448,49935,887370,2026-08-02T11:31:40.413166Z
M2,1149,saturated,M2,true,336.000,42.295,72.103,86.510,169896.030,170118.515,170153.977,885424,781670,286154752,66945024,49913,887957,2026-08-02T11:31:40.413166Z
M2,1150,saturated,M2,true,308.000,45.822,74.715,84.971,169966.152,170195.985,170220.489,886095,782049,286285824,66994176,49934,888610,2026-08-02T11:31:40.413166Z
M2,1151,saturated,M2,true,248.000,51.750,127.996,208.062,170286.176,170505.055,170537.172,886636,782542,286416896,67010560,49940,889128,2026-08-02T11:31:40.413166Z
M2,1152,saturated,M2,true,298.000,47.218,78.609,91.663,170422.300,170636.069,170679.136,887227,782792,286556160,67026944,49941,889724,2026-08-02T11:31:40.413166Z
M2,1153,saturated,M2,true,203.000,57.383,218.468,275.789,170906.767,171067.403,171101.002,887641,783175,286654464,67059712,49917,890131,2026-08-02T11:31:40.413166Z
M2,1154,saturated,M2,true,248.000,42.347,113.629,132.903,170901.911,171182.547,171220.730,888169,783175,286769152,67092480,49838,890681,2026-08-02T11:31:40.413166Z
M2,1155,saturated,M2,true,167.000,55.629,434.302,454.475,171533.413,171846.031,171857.287,888493,783440,286859264,67092480,49926,890953,2026-08-02T11:31:40.413166Z
M2,1156,saturated,M2,true,320.000,42.632,74.881,86.359,171678.565,171930.642,171966.332,888947,783699,286965760,67133440,49931,891586,2026-08-02T11:31:40.413166Z
M2,1157,saturated,M2,true,282.000,47.395,82.507,99.854,171737.500,171971.887,172042.657,889488,784023,287137792,67158016,49955,892208,2026-08-02T11:31:40.413166Z
M2,1158,saturated,M2,true,304.000,46.929,92.375,131.102,171881.749,172120.631,172164.354,890094,784023,287244288,67190784,49927,892772,2026-08-02T11:31:40.413166Z
M2,1159,saturated,M2,true,251.000,46.422,88.059,107.202,172143.333,172386.619,172475.302,890459,765494,287457280,67215360,49970,893369,2026-08-02T11:32:40.350386Z
M2,1160,saturated,M2,true,150.000,55.017,531.905,645.285,172836.962,173064.367,173069.160,894298,882213,287662080,67223552,49923,893578,2026-08-02T11:32:40.350386Z
M2,1161,saturated,M2,true,261.000,51.772,95.514,123.834,173014.081,173277.946,173315.678,894624,882213,287694848,67256320,49960,894175,2026-08-02T11:32:40.350386Z
M2,1162,saturated,M2,true,316.000,41.324,71.862,89.647,173193.182,173425.298,173441.302,895159,882468,287883264,67272704,49942,894732,2026-08-02T11:32:40.350386Z
M2,1163,saturated,M2,true,215.000,53.775,266.772,321.519,173495.123,173824.569,173836.719,895704,882905,287956992,67305472,49936,895187,2026-08-02T11:32:40.350386Z
M2,1164,saturated,M2,true,307.000,43.874,76.357,95.514,173684.139,173931.697,173966.616,896180,883118,288129024,67346432,49940,895786,2026-08-02T11:32:40.350386Z
M2,1165,saturated,M2,true,296.000,45.299,85.415,133.432,173833.194,174033.208,174049.901,896767,883118,288202752,67354624,49932,896371,2026-08-02T11:32:40.350386Z
M2,1166,saturated,M2,true,325.000,41.999,71.588,85.178,173838.417,174161.261,174205.336,897343,883548,288407552,67387392,49924,897007,2026-08-02T11:32:40.350386Z
M2,1167,saturated,M2,true,315.000,45.283,69.887,78.785,173803.001,174028.899,174052.148,897959,884032,288505856,67411968,49933,897652,2026-08-02T11:32:40.350386Z
M2,1168,saturated,M2,true,322.000,42.772,69.334,84.669,173428.408,173701.474,173760.497,898582,884032,288694272,67461120,49933,898298,2026-08-02T11:32:40.350386Z
M2,1169,saturated,M2,true,328.000,42.362,67.084,79.757,172016.154,173502.839,173553.874,899231,884519,288800768,67485696,49932,898950,2026-08-02T11:32:40.350386Z
M2,1170,saturated,M2,true,335.000,40.013,67.691,84.640,171171.799,171546.601,171604.188,899899,884841,288972800,67526656,49936,899621,2026-08-02T11:32:40.350386Z
M2,1171,saturated,M2,true,292.000,41.213,99.248,165.148,171175.120,171416.929,171447.599,900579,885345,289120256,67559424,49935,900219,2026-08-02T11:32:40.350386Z
M2,1172,saturated,M2,true,320.000,41.919,70.701,79.624,171310.496,171548.582,171586.497,901177,885345,289259520,67584000,49947,900866,2026-08-02T11:32:40.350386Z
M2,1173,saturated,M2,true,258.000,48.462,153.171,190.781,171424.546,171701.919,171728.718,901823,885796,289390592,67600384,49941,901374,2026-08-02T11:32:40.350386Z
M2,1174,saturated,M2,true,321.000,43.001,65.047,76.554,171298.577,171641.214,171691.879,902362,886075,289521664,67633152,49938,902020,2026-08-02T11:32:40.350386Z
M2,1175,saturated,M2,true,291.000,46.112,102.087,121.022,171165.921,171375.107,171411.797,903007,886532,289677312,67674112,49938,902602,2026-08-02T11:32:40.350386Z
M2,1176,saturated,M2,true,316.000,41.787,67.659,73.358,171017.112,171245.674,171293.598,903613,886827,289808384,67706880,49939,903236,2026-08-02T11:32:40.350386Z
M2,1177,saturated,M2,true,310.000,43.916,74.001,82.753,170875.641,171126.878,171168.072,904256,886827,289964032,67739648,49943,903868,2026-08-02T11:32:40.350386Z
M2,1178,saturated,M2,true,257.000,52.473,107.463,138.764,170946.185,171241.666,171276.745,904893,887297,290095104,67756032,49947,904440,2026-08-02T11:32:40.350386Z
M2,1179,saturated,M2,true,121.000,51.223,90.328,133.683,171173.472,171410.965,171544.014,905322,887615,290152448,67772416,49958,904692,2026-08-02T11:32:40.350386Z
M2,1180,saturated,M2,true,15.000,2105.006,2157.805,2157.805,173545.176,173564.192,173564.192,905535,887615,290201600,67780608,49939,904858,2026-08-02T11:32:40.350386Z
M2,1181,saturated,M2,true,74.000,79.275,2075.366,2177.270,173288.748,173409.477,173414.463,905535,887615,290201600,67780608,49925,904858,2026-08-02T11:32:40.350386Z
M2,1182,saturated,M2,true,215.000,50.313,189.310,217.617,173601.513,173877.641,173899.851,905751,887848,290283520,67805184,49935,905283,2026-08-02T11:32:40.350386Z
M2,1183,saturated,M2,true,199.000,61.600,236.076,296.228,174195.418,174405.085,174436.461,906151,888040,290373632,67821568,49909,905634,2026-08-02T11:32:40.350386Z
M2,1184,saturated,M2,true,286.000,48.831,84.388,109.004,174366.046,174607.860,174657.553,906504,888309,290504704,67846144,49915,906207,2026-08-02T11:32:40.350386Z
M2,1185,saturated,M2,true,250.000,51.337,121.896,154.276,174729.051,174918.346,174931.942,907069,888595,290619392,67870720,49906,906736,2026-08-02T11:32:40.350386Z
M2,1186,saturated,M2,true,269.000,50.891,84.274,118.841,175024.702,175335.534,175374.589,907566,888837,290742272,67895296,49920,907276,2026-08-02T11:32:40.350386Z
M2,1187,saturated,M2,true,233.000,56.740,125.774,148.706,175257.753,175570.874,175633.936,908139,888837,290856960,67919872,49924,907754,2026-08-02T11:32:40.350386Z
M2,1188,saturated,M2,true,230.000,59.913,128.389,150.147,175655.316,175839.907,175854.609,908621,889246,290938880,67960832,49920,908231,2026-08-02T11:32:40.350386Z
M2,1189,saturated,M2,true,266.000,52.589,90.716,132.173,175747.033,175981.757,176009.819,909088,889476,291086336,67969024,49911,908710,2026-08-02T11:32:40.350386Z
M2,1190,saturated,M2,true,260.000,53.805,96.209,121.939,175983.902,176285.014,176314.413,909629,889839,291184640,67993600,49912,909240,2026-08-02T11:32:40.350386Z
M2,1191,saturated,M2,true,303.000,44.097,71.994,86.541,176074.897,176305.089,176323.459,910147,889839,291348480,68042752,49908,909827,2026-08-02T11:32:40.350386Z
M2,1192,saturated,M2,true,298.000,46.031,78.517,89.529,176193.799,176418.480,176445.811,910774,890243,291463168,68059136,49911,910418,2026-08-02T11:32:40.350386Z
M2,1193,saturated,M2,true,203.000,59.480,223.978,308.681,176606.484,176879.864,176905.205,911369,890545,291577856,68083712,49905,910857,2026-08-02T11:32:40.350386Z
M2,1194,saturated,M2,true,296.000,46.232,80.676,95.200,176752.214,176977.868,177032.522,911793,890798,291708928,68108288,49912,911438,2026-08-02T11:32:40.350386Z
M2,1195,saturated,M2,true,260.000,55.945,91.560,109.583,177021.910,177270.981,177313.052,912402,891203,291831808,68132864,49913,911955,2026-08-02T11:32:40.350386Z
M2,1196,saturated,M2,true,277.000,51.440,80.954,107.082,177158.401,177393.267,177427.352,912925,891325,291938304,68165632,49916,912516,2026-08-02T11:32:40.350386Z
M2,1197,saturated,M2,true,252.000,55.256,102.373,138.680,177364.744,177642.565,177672.450,913500,891744,292085760,68182016,49925,913069,2026-08-02T11:32:40.350386Z
M2,1198,saturated,M2,true,278.000,54.199,81.312,96.367,177640.797,177894.421,177923.630,914029,891744,292200448,68222976,49917,913591,2026-08-02T11:32:40.350386Z
M2,1199,saturated,M2,true,275.000,50.911,87.447,108.046,177768.527,178034.222,178079.197,914588,892135,292331520,68239360,49920,914145,2026-08-02T11:32:40.350386Z
M2,1200,saturated,M2,true,279.000,50.842,83.545,108.429,178062.177,178307.060,178356.624,915150,892409,292462592,68263936,49911,914688,2026-08-02T11:32:40.350386Z
M2,1201,saturated,M2,true,325.000,44.083,71.012,80.534,177908.239,178161.631,178200.124,915713,892682,292593664,68296704,49909,915330,2026-08-02T11:32:40.350386Z
M2,1202,saturated,M2,true,299.000,45.350,81.598,97.309,177840.695,178047.034,178085.986,916361,892980,292741120,68321280,49917,915965,2026-08-02T11:32:40.350386Z
M2,1203,saturated,M2,true,272.000,45.456,129.689,220.974,177894.539,178156.920,178197.450,916948,893452,292855808,68362240,49905,916469,2026-08-02T11:32:40.350386Z
M2,1204,saturated,M2,true,302.000,46.023,84.303,102.293,177401.824,177795.266,177827.062,917526,893710,293019648,68386816,49907,917083,2026-08-02T11:32:40.350386Z
M2,1205,saturated,M2,true,268.000,48.383,109.492,132.437,177496.901,177724.574,177769.074,918108,894013,293134336,68419584,49904,917621,2026-08-02T11:32:40.350386Z
M2,1206,saturated,M2,true,325.000,45.109,69.714,81.200,177603.074,177835.107,177873.870,918713,894013,293289984,68435968,49906,918269,2026-08-02T11:32:40.350386Z
M2,1207,saturated,M2,true,325.000,41.889,74.244,89.091,176939.407,177348.539,177390.848,919375,894444,293445632,68476928,49904,918916,2026-08-02T11:32:40.350386Z
M2,1208,saturated,M2,true,265.000,51.998,99.699,117.009,176950.753,177289.607,177313.026,920007,894767,293568512,68509696,49918,919496,2026-08-02T11:32:40.350386Z
M2,1209,saturated,M2,true,300.000,45.387,87.356,98.809,177125.890,177364.052,177378.087,920587,895208,293707776,68542464,49915,920065,2026-08-02T11:32:40.350386Z
M2,1210,saturated,M2,true,234.000,48.518,191.334,263.832,177182.462,177467.838,177486.956,921191,895504,293838848,68567040,49981,920688,2026-08-02T11:32:40.350386Z
M2,1211,saturated,M2,true,220.000,57.195,175.294,234.164,177618.694,177835.550,177872.037,921596,895803,293928960,68575232,49914,920994,2026-08-02T11:32:40.350386Z
M2,1212,saturated,M2,true,293.000,45.220,74.547,92.552,177663.281,177894.673,177937.091,922137,895803,294060032,68624384,49922,921600,2026-08-02T11:32:40.350386Z
M2,1213,saturated,M2,true,202.000,57.255,169.704,221.336,177881.548,178239.761,178260.099,922612,896116,294150144,68632576,49910,921992,2026-08-02T11:32:40.350386Z
M2,1214,saturated,M2,true,266.000,49.374,94.513,136.997,178126.955,178367.771,178390.745,923146,896453,294273024,68648960,49940,922563,2026-08-02T11:32:40.350386Z
M2,1215,saturated,M2,true,214.000,61.574,139.151,168.376,178550.960,178809.497,178859.172,923601,896749,294379520,68689920,49925,923003,2026-08-02T11:32:40.350386Z
M2,1216,saturated,M2,true,302.000,49.437,73.932,80.286,178655.655,178864.532,178876.604,924155,896749,294494208,68698112,49918,923562,2026-08-02T11:32:40.350386Z
M2,1217,saturated,M2,true,251.000,51.690,101.226,137.271,178754.467,179073.957,179117.119,924720,897088,294625280,68739072,49931,924133,2026-08-02T11:32:40.350386Z
M2,1218,saturated,M2,true,265.000,54.583,86.320,120.712,178953.786,179220.830,179251.375,925205,897390,294748160,68763648,49925,924627,2026-08-02T11:32:40.350386Z
M2,1219,saturated,M2,true,277.000,51.172,87.373,99.579,179117.232,179347.710,179374.380,922516,797439,294780928,68796416,49936,925185,2026-08-02T11:33:40.523054Z
M2,1220,saturated,M2,true,269.000,52.756,85.611,107.038,179372.667,179619.669,179682.709,923047,797725,294780928,68812800,49935,925736,2026-08-02T11:33:40.523054Z
M2,1221,saturated,M2,true,304.000,45.556,72.765,85.415,179564.610,179789.936,179835.227,923586,797725,294993920,68837376,49914,926291,2026-08-02T11:33:40.523054Z
M2,1222,saturated,M2,true,301.000,45.442,74.803,87.542,179584.160,179824.173,179873.257,924113,798129,295149568,68878336,49918,926929,2026-08-02T11:33:40.523054Z
M2,1223,saturated,M2,true,162.000,66.426,231.514,252.284,179768.963,179980.086,180040.477,924560,798593,295247872,68894720,49967,927357,2026-08-02T11:33:40.523054Z
M2,1224,saturated,M2,true,229.000,60.732,117.615,141.119,180148.417,180368.440,180400.832,924941,798683,295297024,68919296,49931,927755,2026-08-02T11:33:40.523054Z
M2,1225,saturated,M2,true,187.000,56.345,133.825,180.291,180510.870,180685.618,180714.525,925371,798986,295469056,68943872,49859,928215,2026-08-02T11:33:40.523054Z
M2,1226,saturated,M2,true,72.000,147.651,515.420,701.289,181131.691,181463.513,181488.263,925732,799230,295518208,68943872,49929,928378,2026-08-02T11:33:40.523054Z
M2,1227,saturated,M2,true,164.000,64.119,334.677,414.639,181981.314,182249.943,182281.518,925914,799230,295534592,68960256,49860,928585,2026-08-02T11:33:40.523054Z
M2,1228,saturated,M2,true,247.000,57.616,110.685,129.730,182192.675,182393.184,182433.760,926238,799336,295624704,68993024,49976,929097,2026-08-02T11:33:40.523054Z
M2,1229,saturated,M2,true,109.000,108.234,245.480,336.912,182640.707,182874.787,182880.982,926689,799700,295772160,69001216,49946,929434,2026-08-02T11:33:40.523054Z
M2,1230,saturated,M2,true,142.000,92.319,241.857,312.605,183520.673,183834.994,183853.938,926949,799827,295788544,69017600,49978,929623,2026-08-02T11:33:40.523054Z
M2,1231,saturated,M2,true,91.000,85.967,339.967,372.838,183628.221,184151.078,184193.400,927132,799827,295796736,69017600,49886,929928,2026-08-02T11:33:40.523054Z
M2,1232,saturated,M2,true,65.000,266.083,636.707,735.054,184739.678,185059.944,185068.947,927413,799957,295821312,69025792,49954,930049,2026-08-02T11:33:40.523054Z
M2,1233,saturated,M2,true,10.000,179.183,612.362,612.362,185577.400,186146.350,186146.350,927432,799957,295837696,69025792,49949,930088,2026-08-02T11:33:40.523054Z
M2,1234,saturated,M2,true,24.000,1051.818,1548.454,1652.437,186714.455,186864.835,186866.166,927542,800091,295854080,69025792,49983,930138,2026-08-02T11:33:40.523054Z
M2,1235,saturated,M2,true,67.000,134.553,437.110,1164.163,187332.702,187767.435,187868.491,927615,800149,295927808,69042176,49933,930282,2026-08-02T11:33:40.523054Z
M2,1236,saturated,M2,true,109.000,129.269,394.694,531.310,188192.244,188530.445,188532.215,927756,800220,296026112,69058560,49962,930499,2026-08-02T11:33:40.523054Z
M2,1237,saturated,M2,true,104.000,119.802,379.139,408.643,188917.642,189268.705,189286.607,927927,800307,296034304,69058560,49980,930558,2026-08-02T11:33:40.523054Z
M2,1238,saturated,M2,true,146.000,74.109,447.734,481.141,189632.950,189852.656,189868.215,928193,800452,296067072,69083136,49942,930986,2026-08-02T11:33:40.523054Z
M2,1239,saturated,M2,true,214.000,61.264,139.529,183.853,189980.766,190303.883,190322.956,928636,800647,296181760,69091328,49932,931396,2026-08-02T11:33:40.523054Z
M2,1240,saturated,M2,true,280.000,50.157,86.437,98.778,190254.008,190517.142,190570.097,929093,800647,296304640,69132288,49928,931968,2026-08-02T11:33:40.523054Z
M2,1241,saturated,M2,true,160.000,72.900,174.882,241.505,190542.382,190815.147,190836.181,929613,801013,296345600,69140480,49975,932315,2026-08-02T11:33:40.523054Z
M2,1242,saturated,M2,true,241.000,56.542,115.721,183.414,191126.196,191330.594,191364.968,929962,801285,296525824,69156864,49920,932783,2026-08-02T11:33:40.523054Z
M2,1243,saturated,M2,true,249.000,56.580,103.121,134.217,191374.399,191628.755,191684.188,930464,801527,296583168,69206016,49927,933298,2026-08-02T11:33:40.523054Z
M2,1244,saturated,M2,true,226.000,65.047,114.282,135.310,191616.093,191880.988,191941.689,930981,801801,296747008,69214208,49942,933730,2026-08-02T11:33:40.523054Z
M2,1245,saturated,M2,true,68.000,166.042,487.442,508.830,192179.444,192342.658,192350.456,931207,801801,296779776,69222400,49941,933884,2026-08-02T11:33:40.523054Z
M2,1246,saturated,M2,true,93.000,117.974,342.468,449.560,192852.178,193124.754,193304.750,931288,801970,296812544,69222400,49928,933980,2026-08-02T11:33:40.523054Z
M2,1247,saturated,M2,true,20.000,678.267,1219.474,1246.455,194361.945,194402.039,194402.511,931500,802050,296820736,69230592,49976,934117,2026-08-02T11:33:40.523054Z
M2,1248,saturated,M2,true,77.000,120.156,366.431,1066.339,194320.764,194617.087,194733.897,931542,802129,296828928,69238784,49953,934233,2026-08-02T11:33:40.523054Z
M2,1249,saturated,M2,true,38.000,431.431,913.666,956.071,195506.080,195847.448,195847.688,931586,802129,296828928,69238784,49981,934300,2026-08-02T11:33:40.523054Z
M2,1250,saturated,M2,true,136.000,125.957,255.520,377.246,196154.478,196307.407,196399.837,931886,802282,296919040,69263360,49954,934625,2026-08-02T11:33:40.523054Z
M2,1251,saturated,M2,true,138.000,87.606,225.625,253.838,196746.533,197088.980,197171.557,932203,802491,297025536,69271552,49955,934904,2026-08-02T11:33:40.523054Z
M2,1252,saturated,M2,true,135.000,78.526,168.615,183.599,197087.161,197360.098,197378.985,932325,802491,297058304,69271552,49982,935111,2026-08-02T11:33:40.523054Z
M2,1253,saturated,M2,true,156.000,92.011,349.843,428.140,197827.211,198181.789,198208.453,932604,802575,297074688,69279744,49941,935314,2026-08-02T11:33:40.523054Z
M2,1254,saturated,M2,true,130.000,108.425,180.354,239.337,198337.024,198722.013,198764.370,932882,802764,297148416,69312512,49969,935643,2026-08-02T11:33:40.523054Z
M2,1255,saturated,M2,true,17.000,656.020,712.550,712.550,199026.625,199466.258,199466.258,933058,802764,297172992,69312512,49953,935778,2026-08-02T11:33:40.523054Z
M2,1256,saturated,M2,true,26.000,801.149,1086.501,1093.584,200105.346,200136.736,200144.106,933159,802923,297189376,69312512,49981,935817,2026-08-02T11:33:40.523054Z
M2,1257,saturated,M2,true,148.000,67.753,380.256,449.038,200983.512,201226.756,201246.880,933245,802953,297246720,69328896,49980,935938,2026-08-02T11:33:40.523054Z
M2,1258,saturated,M2,true,258.000,45.827,180.986,226.316,201256.124,201540.369,201572.554,933479,803014,297328640,69345280,49960,936341,2026-08-02T11:33:40.523054Z
M2,1259,saturated,M2,true,251.000,52.599,127.512,173.231,201547.196,201815.051,201845.544,933904,803362,297418752,69361664,49956,936919,2026-08-02T11:33:40.523054Z
M2,1260,saturated,M2,true,299.000,47.069,77.889,99.228,201716.210,201926.564,201960.834,934437,803508,297582592,69394432,49961,937462,2026-08-02T11:33:40.523054Z
M2,1261,saturated,M2,true,253.000,51.569,114.651,154.229,201916.967,202187.894,202214.337,934973,803754,297697280,69427200,49967,938004,2026-08-02T11:33:40.523054Z
M2,1262,saturated,M2,true,297.000,44.097,110.035,179.357,202122.777,202327.181,202365.860,935514,804175,297844736,69459968,49959,938562,2026-08-02T11:33:40.523054Z
M2,1263,saturated,M2,true,336.000,40.387,71.649,98.895,201598.564,202229.247,202377.847,936102,804175,297984000,69484544,49957,939235,2026-08-02T11:33:40.523054Z
M2,1264,saturated,M2,true,339.000,40.253,67.019,76.792,199256.086,199581.846,199628.619,936786,804634,298123264,69525504,49962,939903,2026-08-02T11:33:40.523054Z
M2,1265,saturated,M2,true,223.000,55.301,216.439,235.903,199052.447,199268.233,199283.530,937478,804965,298287104,69541888,49961,940426,2026-08-02T11:33:40.523054Z
M2,1266,saturated,M2,true,325.000,43.696,77.010,95.293,198979.353,199230.475,199257.640,937942,805363,298393600,69574656,49965,941035,2026-08-02T11:33:40.523054Z
M2,1267,saturated,M2,true,280.000,49.231,90.772,108.014,198966.759,199178.678,199253.823,938610,805687,298549248,69599232,49969,941622,2026-08-02T11:33:40.523054Z
M2,1268,saturated,M2,true,332.000,42.201,67.068,80.062,199062.045,199282.703,199303.807,939192,805687,298655744,69632000,49963,942243,2026-08-02T11:33:40.523054Z
M2,1269,saturated,M2,true,286.000,49.415,85.051,96.670,199151.100,199386.661,199408.073,939863,806131,298844160,69672960,49967,942875,2026-08-02T11:33:40.523054Z
M2,1270,saturated,M2,true,311.000,44.553,98.398,116.730,199152.459,199402.544,199428.472,940469,806456,298975232,69697536,49963,943485,2026-08-02T11:33:40.523054Z
M2,1271,saturated,M2,true,289.000,48.177,86.520,102.154,199304.148,199534.435,199591.201,941091,806752,299130880,69722112,49967,944078,2026-08-02T11:33:40.523054Z
M2,1272,saturated,M2,true,309.000,45.761,71.040,86.135,199174.531,199594.598,199633.690,941688,807192,299261952,69746688,49971,944688,2026-08-02T11:33:40.523054Z
M2,1273,saturated,M2,true,308.000,45.555,80.408,99.841,199082.367,199320.839,199337.930,942324,807192,299393024,69787648,49968,945279,2026-08-02T11:33:40.523054Z
M2,1274,saturated,M2,true,268.000,53.966,88.278,111.721,199169.567,199373.091,199396.656,942934,807644,299540480,69820416,49971,945866,2026-08-02T11:33:40.523054Z
M2,1275,saturated,M2,true,142.000,82.345,255.540,300.812,199508.759,199843.781,199887.811,943465,808082,299638784,69836800,49972,946253,2026-08-02T11:33:40.523054Z
M2,1276,saturated,M2,true,154.000,86.385,243.214,270.145,199965.358,200376.299,200384.758,943777,808231,299671552,69853184,49981,946597,2026-08-02T11:33:40.523054Z
M2,1277,saturated,M2,true,160.000,91.409,178.843,248.375,200608.163,200868.455,200888.961,944091,808388,299769856,69869568,49978,946865,2026-08-02T11:33:40.523054Z
M2,1278,saturated,M2,true,206.000,66.354,120.860,149.058,201056.271,201349.652,201383.208,944432,808388,299859968,69894144,49876,947253,2026-08-02T11:33:40.523054Z
M2,1279,saturated,M2,true,206.000,67.792,151.754,191.787,201489.578,201795.395,201826.571,944777,790797,299900928,69910528,49980,947644,2026-08-02T11:34:40.910775Z
M2,1280,saturated,M2,true,244.000,58.523,115.102,143.795,201727.034,202015.768,202048.214,944895,910527,300032000,69935104,49972,948112,2026-08-02T11:34:40.910775Z
M2,1281,saturated,M2,true,304.000,45.168,85.970,100.288,201955.245,202190.596,202224.625,945450,910527,300236800,69951488,49809,948678,2026-08-02T11:34:40.910775Z
M2,1282,saturated,M2,true,329.000,42.591,70.847,80.254,201934.079,202151.982,202174.110,946068,910906,300392448,69992448,49973,949328,2026-08-02T11:34:40.910775Z
M2,1283,saturated,M2,true,315.000,45.054,71.309,83.211,201971.106,202197.202,202227.206,946698,911399,300515328,70017024,49819,949990,2026-08-02T11:34:40.910775Z
M2,1284,saturated,M2,true,279.000,49.985,88.850,116.017,202164.257,202377.251,202393.414,947319,911719,300687360,70049792,49972,950551,2026-08-02T11:34:40.910775Z
M2,1285,saturated,M2,true,220.000,54.265,266.454,298.748,202310.851,202542.787,202664.891,947848,911719,300761088,70074368,49969,950998,2026-08-02T11:34:40.910775Z
M2,1286,saturated,M2,true,330.000,41.478,70.791,84.494,202342.624,202561.055,202603.769,948396,912070,300933120,70098944,49971,951637,2026-08-02T11:34:40.910775Z
M2,1287,saturated,M2,true,307.000,44.570,92.714,112.865,202357.050,202609.031,202636.110,949066,912544,301039616,70139904,49968,952288,2026-08-02T11:34:40.910775Z
M2,1288,saturated,M2,true,319.000,43.582,71.480,82.426,202403.560,202634.952,202655.138,949695,912844,301228032,70164480,49977,952905,2026-08-02T11:34:40.910775Z
M2,1289,saturated,M2,true,332.000,42.739,70.213,85.100,202325.786,202608.509,202648.926,950358,913175,301318144,70197248,49972,953564,2026-08-02T11:34:40.910775Z
M2,1290,saturated,M2,true,319.000,42.378,69.980,82.564,202287.380,202507.152,202522.581,950994,913175,301514752,70230016,49825,954224,2026-08-02T11:34:40.910775Z
M2,1291,saturated,M2,true,294.000,47.715,94.022,107.557,202335.468,202553.410,202585.045,951592,913671,301654016,70262784,49978,954825,2026-08-02T11:34:40.910775Z
M2,1292,saturated,M2,true,321.000,42.633,74.474,89.137,202286.007,202521.733,202565.249,952222,914119,301785088,70295552,49975,955462,2026-08-02T11:34:40.910775Z
M2,1293,saturated,M2,true,287.000,50.882,83.471,101.396,202222.554,202490.755,202548.527,952819,914119,301932544,70320128,49976,956039,2026-08-02T11:34:40.910775Z
M2,1294,saturated,M2,true,271.000,50.741,77.195,109.761,202374.936,202607.255,202644.173,953372,914587,302055424,70352896,49980,956607,2026-08-02T11:34:40.910775Z
M2,1295,saturated,M2,true,229.000,51.790,186.822,274.180,202374.909,202819.574,202875.909,953850,914863,302161920,70369280,49833,957044,2026-08-02T11:34:40.910775Z
M2,1296,saturated,M2,true,288.000,49.475,79.318,118.353,201949.268,202299.098,202352.765,954371,915083,302292992,70402048,49830,957624,2026-08-02T11:34:40.910775Z
M2,1297,saturated,M2,true,294.000,47.297,80.072,104.751,200668.356,201266.795,201336.194,954965,915368,302448640,70426624,49983,958216,2026-08-02T11:34:40.910775Z
M2,1298,saturated,M2,true,273.000,53.052,85.940,116.408,200593.257,200860.586,200873.808,955512,915815,302563328,70459392,49981,958786,2026-08-02T11:34:40.910775Z
M2,1299,saturated,M2,true,298.000,48.553,77.245,93.299,200529.716,200756.399,200798.740,956078,916084,302718976,70483968,49829,959360,2026-08-02T11:34:40.910775Z
M2,1300,saturated,M2,true,298.000,46.825,75.080,89.445,200547.857,200769.907,200798.460,956685,916084,302809088,70516736,49981,959975,2026-08-02T11:34:40.910775Z
M2,1301,saturated,M2,true,271.000,50.889,93.891,119.280,200676.406,200943.816,200981.202,957223,916537,302956544,70549504,49846,960506,2026-08-02T11:34:40.910775Z
M2,1302,saturated,M2,true,300.000,48.508,78.983,93.405,200722.081,200935.000,200954.247,957784,916814,303063040,70582272,49830,961106,2026-08-02T11:34:40.910775Z
M2,1303,saturated,M2,true,285.000,48.798,84.308,107.624,200706.844,200978.528,201035.868,958353,917255,303218688,70606848,49839,961696,2026-08-02T11:34:40.910775Z
M2,1304,saturated,M2,true,307.000,45.742,74.475,80.550,200546.640,200804.922,200842.842,958959,917396,303341568,70631424,49836,962290,2026-08-02T11:34:40.910775Z
M2,1305,saturated,M2,true,218.000,51.307,201.581,240.216,200726.626,201054.679,201078.509,959456,917849,303456256,70656000,49845,962745,2026-08-02T11:34:40.910775Z
M2,1306,saturated,M2,true,303.000,45.920,71.940,90.893,200081.506,200443.327,200813.865,959921,917849,303603712,70680576,49832,963355,2026-08-02T11:34:40.910775Z
M2,1307,saturated,M2,true,294.000,46.372,76.797,90.450,199571.191,199762.421,199782.799,960532,918216,303734784,70713344,49834,963944,2026-08-02T11:34:40.910775Z
M2,1308,saturated,M2,true,215.000,66.081,115.983,127.851,199622.364,199973.476,200018.437,961129,918669,303841280,70737920,49883,964453,2026-08-02T11:34:40.910775Z
M2,1309,saturated,M2,true,271.000,51.669,98.284,117.189,200009.019,200222.408,200256.074,961601,918888,303955968,70770688,49986,964916,2026-08-02T11:34:40.910775Z
M2,1310,saturated,M2,true,272.000,49.770,83.309,115.711,200111.234,200376.520,200393.593,962141,919153,304095232,70795264,49990,965500,2026-08-02T11:34:40.910775Z
M2,1311,saturated,M2,true,282.000,48.439,81.912,114.469,200302.621,200532.640,200575.201,962711,919153,304226304,70819840,49848,966051,2026-08-02T11:34:40.910775Z
M2,1312,saturated,M2,true,235.000,56.613,107.052,130.512,200508.274,200771.677,200789.559,963279,919572,304349184,70844416,49885,966588,2026-08-02T11:34:40.910775Z
M2,1313,saturated,M2,true,274.000,51.118,96.137,130.058,200828.691,201100.316,201124.762,963777,919840,304455680,70868992,49843,967071,2026-08-02T11:34:40.910775Z
M2,1314,saturated,M2,true,297.000,45.728,75.788,87.101,200770.726,200994.918,201015.908,964292,920216,304594944,70893568,49838,967660,2026-08-02T11:34:40.910775Z
M2,1315,saturated,M2,true,201.000,62.155,208.788,260.263,201091.483,201271.009,201285.929,964874,920516,304701440,70926336,49872,968133,2026-08-02T11:34:40.910775Z
M2,1316,saturated,M2,true,260.000,56.882,93.330,113.900,201220.227,201426.541,201474.738,965270,920719,304824320,70950912,49865,968633,2026-08-02T11:34:40.910775Z
M2,1317,saturated,M2,true,261.000,54.131,98.658,122.079,201409.945,201698.619,201734.696,965804,921121,304955392,70975488,49872,969156,2026-08-02T11:34:40.910775Z
M2,1318,saturated,M2,true,282.000,51.151,83.974,108.250,201573.459,201807.855,201870.917,966345,921242,305061888,71000064,49847,969685,2026-08-02T11:34:40.910775Z
M2,1319,saturated,M2,true,263.000,53.550,90.096,112.705,201713.881,201968.925,202012.695,966864,921524,305209344,71016448,49866,970238,2026-08-02T11:34:40.910775Z
M2,1320,saturated,M2,true,250.000,54.137,105.887,149.357,201936.757,202187.953,202227.915,967404,921524,305324032,71065600,49889,970788,2026-08-02T11:34:40.910775Z
M2,1321,saturated,M2,true,187.000,83.479,137.546,164.245,202109.753,202425.001,202460.467,967904,921930,305438720,71073792,49917,971182,2026-08-02T11:34:40.910775Z
M2,1322,saturated,M2,true,262.000,55.606,107.350,138.651,202513.588,202743.609,202773.926,968310,922140,305520640,71098368,49857,971627,2026-08-02T11:34:40.910775Z
M2,1323,saturated,M2,true,236.000,59.166,101.660,142.073,202694.611,203018.515,203032.388,968805,922484,305676288,71122944,49874,972117,2026-08-02T11:34:40.910775Z
M2,1324,saturated,M2,true,229.000,53.526,144.737,192.592,203022.590,203252.053,203272.347,969284,922484,305741824,71131136,49849,972553,2026-08-02T11:34:40.910775Z
M2,1325,saturated,M2,true,229.000,51.898,233.740,257.634,203211.724,203461.373,203500.980,969757,922807,305840128,71172096,49854,973019,2026-08-02T11:34:40.910775Z
M2,1326,saturated,M2,true,305.000,47.387,74.306,91.611,203260.960,203537.046,203576.639,970300,923182,305987584,71196672,49842,973616,2026-08-02T11:34:40.910775Z
M2,1327,saturated,M2,true,295.000,48.856,82.308,99.274,203253.800,203454.775,203515.830,970924,923332,306126848,71213056,49852,974226,2026-08-02T11:34:40.910775Z
M2,1328,saturated,M2,true,197.000,53.321,349.450,384.236,203382.792,203720.832,203774.208,971524,923781,306257920,71245824,49945,974762,2026-08-02T11:34:40.910775Z
M2,1329,saturated,M2,true,213.000,59.078,129.956,170.267,203758.799,204028.591,204061.827,971897,923781,306331648,71270400,49897,975127,2026-08-02T11:34:40.910775Z
M2,1330,saturated,M2,true,237.000,53.296,169.173,236.753,204131.880,204343.678,204366.750,972313,924096,306429952,71278592,49852,975529,2026-08-02T11:34:40.910775Z
M2,1331,saturated,M2,true,310.000,46.264,75.602,88.715,204121.905,204353.386,204390.508,972873,924432,306561024,71319552,49853,976139,2026-08-02T11:34:40.910775Z
M2,1332,saturated,M2,true,282.000,49.918,81.138,106.935,204222.252,204447.592,204501.893,973489,924432,306700288,71344128,49861,976739,2026-08-02T11:34:40.910775Z
M2,1333,saturated,M2,true,264.000,51.604,123.553,140.326,204518.588,204738.942,204769.452,974017,924883,306823168,71376896,49862,977235,2026-08-02T11:34:40.910775Z
M2,1334,saturated,M2,true,317.000,45.149,71.760,87.771,204550.397,204783.439,204824.561,974595,925153,306987008,71401472,49850,977876,2026-08-02T11:34:40.910775Z
M2,1335,saturated,M2,true,216.000,51.785,281.665,309.506,204769.722,205117.856,205146.656,975096,925451,307068928,71434240,49846,978289,2026-08-02T11:34:40.910775Z
M2,1336,saturated,M2,true,321.000,43.893,71.440,86.036,204881.895,205104.607,205142.363,975639,925820,307232768,71458816,49840,978946,2026-08-02T11:34:40.910775Z
M2,1337,saturated,M2,true,163.000,63.484,160.893,176.121,205053.184,205269.489,205313.283,976214,926139,307331072,71491584,49953,979440,2026-08-02T11:34:40.910775Z
M2,1338,saturated,M2,true,94.000,117.191,556.844,659.397,205919.369,206236.933,206274.770,976447,926256,307347456,71499776,49951,979588,2026-08-02T11:34:40.910775Z
M2,1339,saturated,M2,true,123.000,84.533,258.080,293.652,206409.377,206678.507,206710.876,976656,926256,307412992,71507968,49956,979861,2026-08-02T11:34:40.910775Z
M2,1340,saturated,M2,true,85.000,143.371,523.425,604.616,207100.954,207301.186,207322.076,976872,926413,307486720,71516160,49949,980036,2026-08-02T11:34:40.910775Z
M2,1341,saturated,M2,true,161.000,83.450,223.759,247.148,207644.912,208006.917,208047.233,977195,822944,307486720,71524352,49909,980252,2026-08-02T11:35:42.365398Z
M2,1342,saturated,M2,true,230.000,63.214,101.823,123.549,207888.038,208146.802,208195.134,977471,823034,307486720,71540736,49911,980741,2026-08-02T11:35:42.365398Z
M2,1343,saturated,M2,true,215.000,60.689,163.369,209.659,207891.622,208220.769,208246.864,977932,823324,307699712,71573504,49932,981185,2026-08-02T11:35:42.365398Z
M2,1344,saturated,M2,true,277.000,53.092,84.427,98.180,208066.892,208302.597,208359.564,978361,823667,307757056,71589888,49891,981705,2026-08-02T11:35:42.365398Z
M2,1345,saturated,M2,true,162.000,73.846,270.767,301.739,208493.766,208737.919,208750.242,978895,823928,307945472,71622656,49914,982071,2026-08-02T11:35:42.365398Z
M2,1346,saturated,M2,true,264.000,55.061,100.380,141.992,208619.374,208941.598,208964.931,979275,824105,307994624,71647232,49894,982567,2026-08-02T11:35:42.365398Z
M2,1347,saturated,M2,true,234.000,55.720,106.804,133.273,207386.043,208806.060,208831.244,979794,824374,308117504,71655424,49910,983060,2026-08-02T11:35:42.365398Z
M2,1348,saturated,M2,true,259.000,52.354,85.940,108.259,207339.646,207599.183,207696.031,980271,824374,308240384,71696384,49923,983600,2026-08-02T11:35:42.365398Z
M2,1349,saturated,M2,true,165.000,78.779,250.509,289.959,207859.204,208178.583,208209.679,980751,824750,308289536,71704576,49920,983913,2026-08-02T11:35:42.365398Z
M2,1350,saturated,M2,true,196.000,71.550,129.952,182.107,208267.605,208651.346,208692.751,981115,825021,308445184,71737344,49920,984328,2026-08-02T11:35:42.365398Z
M2,1351,saturated,M2,true,161.000,85.649,200.115,275.723,208741.831,209168.417,209189.654,981503,825021,308486144,71753728,49945,984664,2026-08-02T11:35:42.365398Z
M2,1352,saturated,M2,true,133.000,110.770,215.812,261.180,209335.084,209676.290,209705.837,981835,825207,308535296,71770112,49939,984954,2026-08-02T11:35:42.365398Z
M2,1353,saturated,M2,true,243.000,54.607,144.993,205.078,209576.681,209863.065,209904.432,982165,825366,308682752,71786496,49908,985392,2026-08-02T11:35:42.365398Z
M2,1354,saturated,M2,true,297.000,46.257,75.491,83.801,209783.614,210016.781,210055.862,982719,825634,308772864,71811072,49891,985963,2026-08-02T11:35:42.365398Z
M2,1355,saturated,M2,true,160.000,69.295,332.101,381.754,210073.205,210257.854,210302.713,983205,825918,308879360,71843840,49924,986326,2026-08-02T11:35:42.365398Z
M2,1356,saturated,M2,true,267.000,51.905,101.457,120.762,210306.420,210531.781,210550.368,983659,826209,309002240,71868416,49901,986831,2026-08-02T11:35:42.365398Z
M2,1357,saturated,M2,true,272.000,51.394,91.805,119.558,209903.056,210278.187,210325.605,984217,826491,309100544,71892992,49901,987373,2026-08-02T11:35:42.365398Z
M2,1358,saturated,M2,true,269.000,51.842,79.894,105.967,209498.090,209733.129,209740.037,984790,826491,309272576,71917568,49911,987939,2026-08-02T11:35:42.365398Z
M2,1359,saturated,M2,true,218.000,59.215,105.363,132.528,209729.018,210016.195,210076.023,985304,826902,309346304,71942144,49940,988430,2026-08-02T11:35:42.365398Z
M2,1360,saturated,M2,true,217.000,62.064,170.960,196.749,210070.262,210389.583,210443.060,985730,827243,309452800,71966720,49917,988817,2026-08-02T11:35:42.365398Z
M2,1361,saturated,M2,true,252.000,57.900,96.706,110.946,210298.217,210538.234,210575.132,986235,827466,309559296,71991296,49923,989342,2026-08-02T11:35:42.365398Z
M2,1362,saturated,M2,true,269.000,52.466,86.577,103.691,210276.077,210505.223,210542.188,986761,827466,309682176,72007680,49914,989863,2026-08-02T11:35:42.365398Z
M2,1363,saturated,M2,true,281.000,50.910,84.414,115.222,210264.541,210567.852,210610.846,987302,827861,309813248,72040448,49909,990419,2026-08-02T11:35:42.365398Z
M2,1364,saturated,M2,true,272.000,54.299,90.619,109.780,210039.623,210390.840,210438.128,987743,828135,309936128,72056832,49903,990957,2026-08-02T11:35:42.365398Z
M2,1365,saturated,M2,true,123.000,118.331,252.296,312.817,210158.115,210349.487,210423.429,988072,828402,310018048,72073216,49960,991277,2026-08-02T11:35:42.365398Z
M2,1366,saturated,M2,true,258.000,56.004,117.009,153.150,210279.910,210512.578,210554.449,988432,828656,310108160,72114176,49911,991735,2026-08-02T11:35:42.365398Z
M2,1367,saturated,M2,true,254.000,55.630,91.420,104.055,210394.766,210620.327,210656.300,988926,829055,310239232,72130560,49914,992260,2026-08-02T11:35:42.365398Z
M2,1368,saturated,M2,true,187.000,76.229,148.361,173.752,210654.268,211008.557,211026.034,989399,829055,310312960,72146944,49947,992666,2026-08-02T11:35:42.365398Z
M2,1369,saturated,M2,true,149.000,82.962,302.469,339.712,211025.147,211481.987,211507.590,989782,829175,310419456,72171520,49952,992979,2026-08-02T11:35:42.365398Z
M2,1370,saturated,M2,true,179.000,73.068,171.944,190.894,211433.209,211650.510,211676.043,990062,829416,310468608,72179712,49961,993336,2026-08-02T11:35:42.365398Z
M2,1371,saturated,M2,true,97.000,129.277,286.464,317.330,212099.513,212469.179,212548.235,990420,829665,310525952,72196096,49971,993575,2026-08-02T11:35:42.365398Z
M2,1372,saturated,M2,true,190.000,80.679,183.334,224.687,212476.623,212850.850,212886.628,990658,829665,310599680,72220672,49951,993929,2026-08-02T11:35:42.365398Z
M2,1373,saturated,M2,true,155.000,96.441,172.629,194.763,212381.925,212604.297,212641.809,991038,829883,310657024,72237056,49943,994202,2026-08-02T11:35:42.365398Z
M2,1374,saturated,M2,true,226.000,65.471,129.650,156.167,212653.136,212886.764,212975.898,991360,830141,310771712,72245248,49939,994649,2026-08-02T11:35:42.365398Z
M2,1375,saturated,M2,true,144.000,93.767,207.905,314.716,213042.926,213342.508,213364.149,991778,830141,310837248,72261632,49958,994980,2026-08-02T11:35:42.365398Z
M2,1376,saturated,M2,true,181.000,68.216,191.727,212.402,213514.045,213720.196,213755.654,992110,830336,310935552,72294400,49968,995354,2026-08-02T11:35:42.365398Z
M2,1377,saturated,M2,true,205.000,68.084,164.474,214.011,213606.160,213854.607,213872.158,992509,830608,311009280,72302592,49939,995723,2026-08-02T11:35:42.365398Z
M2,1378,saturated,M2,true,215.000,59.405,163.002,186.951,213945.178,214190.252,214218.666,992907,830784,311123968,72318976,49925,996157,2026-08-02T11:35:42.365398Z
M2,1379,saturated,M2,true,217.000,63.336,139.836,152.347,214096.521,214415.447,214440.176,993407,831112,311214080,72351744,49929,996601,2026-08-02T11:35:42.365398Z
M2,1380,saturated,M2,true,251.000,52.220,133.312,221.211,214422.368,214640.498,214667.795,993842,831321,311336960,72376320,49920,997091,2026-08-02T11:35:42.365398Z
M2,1381,saturated,M2,true,84.000,54.449,577.400,605.058,214375.187,215087.595,215087.687,994222,831452,311402496,72384512,49975,997346,2026-08-02T11:35:42.365398Z
M2,1382,saturated,M2,true,72.000,119.922,779.841,892.823,216002.969,216156.345,216167.933,994366,831452,311427072,72384512,49935,997430,2026-08-02T11:35:42.365398Z
M2,1383,saturated,M2,true,227.000,60.756,110.890,162.071,216152.190,216464.921,216517.073,994638,831623,311517184,72409088,49920,997864,2026-08-02T11:35:42.365398Z
M2,1384,saturated,M2,true,240.000,54.546,145.436,176.098,216412.698,216616.345,216653.232,995082,831832,311631872,72433664,49930,998351,2026-08-02T11:35:42.365398Z
M2,1385,saturated,M2,true,63.000,140.315,456.041,524.076,216867.091,217193.167,217228.114,995299,831832,311648256,72433664,49955,998476,2026-08-02T11:35:42.365398Z
M2,1386,saturated,M2,true,24.000,499.428,909.464,978.387,217639.985,217972.234,217984.034,995523,832080,311697408,72441856,49978,998598,2026-08-02T11:35:42.365398Z
M2,1387,saturated,M2,true,125.000,101.514,629.444,1011.392,218746.787,219096.568,219097.193,995651,832207,311738368,72458240,49905,998827,2026-08-02T11:35:42.365398Z
M2,1388,saturated,M2,true,307.000,46.906,80.918,97.702,218909.188,219118.471,219150.742,996118,832269,311869440,72482816,49831,999424,2026-08-02T11:35:42.365398Z
M2,1389,saturated,M2,true,315.000,44.353,75.652,87.081,218932.281,219145.586,219162.740,996765,832505,312008704,72515584,49837,1000057,2026-08-02T11:35:42.365398Z
M2,1390,saturated,M2,true,270.000,48.569,130.377,171.411,219083.550,219345.172,219366.940,997345,832986,312139776,72531968,49846,1000606,2026-08-02T11:35:42.365398Z
M2,1391,saturated,M2,true,146.000,79.578,152.382,204.164,219220.834,219458.903,219497.627,997785,833253,312221696,72564736,49948,1000945,2026-08-02T11:35:42.365398Z
M2,1392,saturated,M2,true,72.000,137.051,742.270,757.111,220321.708,220577.924,220619.510,997959,833402,312262656,72564736,49942,1001084,2026-08-02T11:35:42.365398Z
M2,1393,saturated,M2,true,214.000,59.555,192.802,224.378,220578.239,220899.065,220920.287,998276,833402,312336384,72581120,49862,1001484,2026-08-02T11:35:42.365398Z
M2,1394,saturated,M2,true,299.000,45.899,77.675,100.090,220537.222,220785.715,220821.313,998826,833557,312492032,72605696,49870,1002097,2026-08-02T11:35:42.365398Z
M2,1395,saturated,M2,true,84.000,128.347,384.391,408.643,221040.156,221230.399,221256.563,999157,833857,312532992,72630272,49954,1002283,2026-08-02T11:35:42.365398Z
M2,1396,saturated,M2,true,209.000,60.550,153.926,343.919,221408.043,221656.618,221688.478,999448,834077,312639488,72638464,49910,1002719,2026-08-02T11:35:42.365398Z
M2,1397,saturated,M2,true,26.000,191.540,793.574,841.432,222109.941,222582.019,222582.195,999598,834077,312647680,72638464,49981,1002742,2026-08-02T11:35:42.365398Z
M2,1398,saturated,M2,true,86.000,72.509,837.964,1033.209,223083.735,223415.839,223434.692,999754,834195,312688640,72654848,49921,1002926,2026-08-02T11:35:42.365398Z
M2,1399,saturated,M2,true,288.000,48.162,83.180,129.056,223260.803,223501.396,223529.436,1000224,834318,312819712,72687616,49904,1003502,2026-08-02T11:35:42.365398Z
M2,1400,saturated,M2,true,241.000,59.139,108.468,136.558,223403.446,223633.651,223685.333,1000869,817571,312901632,72720384,49925,1003980,2026-08-02T11:36:41.687101Z
M2,1401,saturated,M2,true,256.000,52.216,91.160,170.471,223628.510,223859.257,223901.142,1001306,817945,313049088,72736768,49936,1004505,2026-08-02T11:36:41.687101Z
M2,1402,saturated,M2,true,238.000,56.950,160.827,263.614,223872.074,224110.472,224157.431,1001789,818177,313090048,72753152,49910,1004985,2026-08-02T11:36:41.687101Z
M2,1403,saturated,M2,true,163.000,70.484,273.731,309.182,223737.652,224311.239,224344.950,1002219,818437,313270272,72777728,49935,1005308,2026-08-02T11:36:41.687101Z
M2,1404,saturated,M2,true,174.000,53.315,339.550,399.214,222314.096,222609.484,222625.395,1002538,818494,313294848,72785920,49891,1005655,2026-08-02T11:36:41.687101Z
M2,1405,saturated,M2,true,128.000,90.149,299.752,356.391,222375.650,222689.627,222712.125,1002834,818754,313344000,72818688,49955,1005922,2026-08-02T11:36:41.687101Z
M2,1406,saturated,M2,true,121.000,89.427,271.202,317.897,222757.920,223008.009,223040.340,1002961,818754,313360384,72818688,49965,1006034,2026-08-02T11:36:41.687101Z
M2,1407,saturated,M2,true,147.000,83.515,315.702,368.364,223253.994,223614.953,223629.652,1003350,818950,313524224,72826880,49923,1006471,2026-08-02T11:36:41.687101Z
M2,1408,saturated,M2,true,131.000,71.787,317.293,356.945,223538.395,223983.574,224022.108,1003710,819062,313556992,72851456,49968,1006743,2026-08-02T11:36:41.687101Z
M2,1409,saturated,M2,true,147.000,81.217,287.709,325.765,224199.634,224569.312,224597.003,1003942,819235,313597952,72867840,49937,1007017,2026-08-02T11:36:41.687101Z
M2,1410,saturated,M2,true,161.000,62.369,151.949,272.893,224383.847,224634.391,224755.154,1004234,819459,313720832,72876032,49889,1007352,2026-08-02T11:36:41.687101Z
M2,1411,saturated,M2,true,205.000,61.001,273.369,358.830,225008.297,225188.360,225214.638,1004442,819459,313761792,72884224,49935,1007510,2026-08-02T11:36:41.687101Z
M2,1412,saturated,M2,true,133.000,95.626,219.911,256.657,225265.346,225583.911,225601.446,1004802,819587,313819136,72900608,49971,1007886,2026-08-02T11:36:41.687101Z
M2,1413,saturated,M2,true,58.000,197.766,658.627,743.659,225977.739,226202.227,226216.816,1005113,819792,313860096,72908800,49966,1008099,2026-08-02T11:36:41.687101Z
M2,1414,saturated,M2,true,177.000,70.657,292.306,333.463,226249.162,226635.832,226657.688,1005184,819881,313942016,72941568,49946,1008376,2026-08-02T11:36:41.687101Z
M2,1415,saturated,M2,true,104.000,88.238,270.999,317.433,226604.120,226944.804,227019.322,1005544,820018,313991168,72941568,49982,1008634,2026-08-02T11:36:41.687101Z
M2,1416,saturated,M2,true,181.000,77.398,250.158,306.145,227179.794,227418.513,227440.268,1005792,820176,314064896,72957952,49955,1008871,2026-08-02T11:36:41.687101Z
M2,1417,saturated,M2,true,288.000,50.929,87.513,117.471,227170.420,227463.728,227511.530,1006176,820266,314163200,72974336,49937,1009377,2026-08-02T11:36:41.687101Z
M2,1418,saturated,M2,true,243.000,57.947,105.087,118.966,227190.679,227466.207,227501.666,1006777,820653,314294272,73007104,49941,1009931,2026-08-02T11:36:41.687101Z
M2,1419,saturated,M2,true,277.000,53.021,87.840,110.993,227388.783,227613.652,227629.467,1007267,820901,314400768,73023488,49924,1010415,2026-08-02T11:36:41.687101Z
M2,1420,saturated,M2,true,279.000,49.189,81.122,90.532,227310.701,227610.487,227646.431,1007813,820901,314540032,73056256,49935,1011009,2026-08-02T11:36:41.687101Z
M2,1421,saturated,M2,true,245.000,56.377,96.011,121.168,227225.619,227533.677,227580.552,1008325,821321,314662912,73080832,49933,1011503,2026-08-02T11:36:41.687101Z
M2,1422,saturated,M2,true,304.000,47.184,77.045,95.522,227255.460,227522.168,227554.725,1008806,821587,314785792,73113600,49924,1012063,2026-08-02T11:36:41.687101Z
M2,1423,saturated,M2,true,293.000,46.350,107.936,132.714,227191.350,227363.958,227386.390,1009419,821837,314916864,73138176,49940,1012654,2026-08-02T11:36:41.687101Z
M2,1424,saturated,M2,true,303.000,44.946,75.845,87.696,227091.433,227378.815,227411.914,1010027,822296,315064320,73179136,49930,1013276,2026-08-02T11:36:41.687101Z
M2,1425,saturated,M2,true,214.000,60.306,145.190,199.562,227107.998,227358.358,227379.243,1010615,822596,315195392,73195520,49942,1013762,2026-08-02T11:36:41.687101Z
M2,1426,saturated,M2,true,309.000,46.104,76.170,93.138,227129.843,227366.626,227417.397,1011076,822596,315301888,73220096,49933,1014317,2026-08-02T11:36:41.687101Z
M2,1427,saturated,M2,true,264.000,49.950,112.844,142.615,226980.692,227254.656,227298.474,1011698,822965,315449344,73252864,49964,1014941,2026-08-02T11:36:41.687101Z
M2,1428,saturated,M2,true,266.000,54.891,90.677,110.757,227137.464,227396.229,227432.202,1012187,823274,315564032,73277440,49945,1015413,2026-08-02T11:36:41.687101Z
M2,1429,saturated,M2,true,276.000,49.533,79.977,96.023,227315.549,227559.833,227587.631,1012711,823656,315695104,73302016,49937,1015972,2026-08-02T11:36:41.687101Z
M2,1430,saturated,M2,true,257.000,58.658,98.082,114.509,227391.630,227625.870,227672.160,1013273,823656,315826176,73334784,49957,1016510,2026-08-02T11:36:41.687101Z
M2,1431,saturated,M2,true,272.000,49.789,99.665,137.560,227466.750,227676.773,227706.643,1013785,824070,315949056,73359360,49941,1017051,2026-08-02T11:36:41.687101Z
M2,1432,saturated,M2,true,240.000,58.300,104.111,143.923,227497.293,227723.660,227778.594,1014302,824328,316063744,73375744,49955,1017578,2026-08-02T11:36:41.687101Z
M2,1433,saturated,M2,true,246.000,60.607,95.804,116.967,227682.400,227895.962,227914.616,1014815,824718,316170240,73408512,49953,1018033,2026-08-02T11:36:41.687101Z
M2,1434,saturated,M2,true,285.000,52.270,88.346,104.233,227851.327,228082.634,228110.279,1015310,824957,316301312,73441280,49952,1018598,2026-08-02T11:36:41.687101Z
M2,1435,saturated,M2,true,199.000,66.339,189.712,262.781,228131.257,228403.264,228439.208,1015835,825239,316383232,73449472,49952,1019014,2026-08-02T11:36:41.687101Z
M2,1436,saturated,M2,true,282.000,49.691,80.484,109.649,228335.332,228555.561,228597.900,1016308,825239,316530688,73474048,49942,1019558,2026-08-02T11:36:41.687101Z
M2,1437,saturated,M2,true,245.000,57.924,99.521,142.777,228383.707,228668.501,228726.107,1016871,825576,316645376,73506816,49951,1020087,2026-08-02T11:36:41.687101Z
M2,1438,saturated,M2,true,280.000,51.841,94.963,114.919,228451.214,228690.307,228733.492,1017402,825972,316760064,73539584,49954,1020621,2026-08-02T11:36:41.687101Z
M2,1439,saturated,M2,true,257.000,56.348,89.382,103.332,228406.686,228744.972,228763.651,1017899,826251,316891136,73555968,49949,1021126,2026-08-02T11:36:41.687101Z
M2,1440,saturated,M2,true,274.000,54.602,94.671,106.338,228252.945,228493.303,228537.390,1018407,826502,317005824,73580544,49946,1021675,2026-08-02T11:36:41.687101Z
M2,1441,saturated,M2,true,298.000,48.688,81.279,93.461,228153.129,228468.583,228507.291,1018969,826915,317153280,73621504,49943,1022251,2026-08-02T11:36:41.687101Z
M2,1442,saturated,M2,true,246.000,53.757,120.171,149.762,227998.228,228195.771,228226.501,1019499,827213,317284352,73637888,49945,1022815,2026-08-02T11:36:41.687101Z
M2,1443,saturated,M2,true,265.000,49.844,111.336,150.082,227884.885,228298.003,228342.350,1020020,827213,317407232,73662464,49968,1023361,2026-08-02T11:36:41.687101Z
M2,1444,saturated,M2,true,239.000,56.456,103.546,188.306,227931.835,228144.863,228170.995,1020548,827466,317513728,73695232,49959,1023830,2026-08-02T11:36:41.687101Z
M2,1445,saturated,M2,true,156.000,82.196,273.715,309.469,228337.587,228685.002,228717.958,1020995,827717,317595648,73711616,49868,1024185,2026-08-02T11:36:41.687101Z
M2,1446,saturated,M2,true,190.000,74.100,153.119,190.997,228553.441,228801.998,228811.974,1021344,827898,317669376,73728000,49968,1024565,2026-08-02T11:36:41.687101Z
M2,1447,saturated,M2,true,286.000,49.161,90.944,151.568,228673.362,228958.858,228985.976,1021762,828075,317800448,73760768,49948,1025046,2026-08-02T11:36:41.687101Z
M2,1448,saturated,M2,true,317.000,44.777,74.801,94.375,228577.883,228831.410,228854.738,1022315,828457,317923328,73785344,49941,1025661,2026-08-02T11:36:41.687101Z
M2,1449,saturated,M2,true,310.000,45.319,73.823,82.970,228378.110,228605.405,228683.415,1022892,828769,318054400,73809920,49946,1026288,2026-08-02T11:36:41.687101Z
M2,1450,saturated,M2,true,312.000,45.907,76.283,96.033,228372.816,228600.179,228631.509,1023530,828769,318185472,73842688,49943,1026912,2026-08-02T11:36:41.687101Z
M2,1451,saturated,M2,true,311.000,46.318,74.847,94.637,228254.088,228604.756,228643.480,1024163,829233,318332928,73875456,49941,1027542,2026-08-02T11:36:41.687101Z
M2,1452,saturated,M2,true,281.000,51.322,87.089,109.279,227780.568,228095.629,228130.208,1024795,829549,318464000,73916416,49944,1028149,2026-08-02T11:36:41.687101Z
M2,1453,saturated,M2,true,299.000,45.880,84.294,97.826,227032.432,227778.782,227814.271,1025329,829853,318619648,73932800,49944,1028718,2026-08-02T11:36:41.687101Z
M2,1454,saturated,M2,true,316.000,45.366,75.079,83.954,226029.206,226275.113,226302.955,1025912,830135,318750720,73957376,49948,1029335,2026-08-02T11:36:41.687101Z
M2,1455,saturated,M2,true,199.000,65.602,201.826,297.912,225799.907,226171.720,226258.371,1026518,830438,318873600,73990144,49959,1029779,2026-08-02T11:36:41.687101Z
M2,1456,saturated,M2,true,260.000,55.967,94.208,129.909,224294.200,225304.401,225471.219,1026972,830688,318963712,74014720,49957,1030307,2026-08-02T11:36:41.687101Z
M2,1457,saturated,M2,true,118.000,77.081,270.000,304.850,221385.361,222117.349,222135.343,1027481,831073,319070208,74039296,49925,1030708,2026-08-02T11:36:41.687101Z
M2,1458,saturated,M2,true,63.000,224.092,668.657,710.450,221848.142,222148.449,222149.923,1027718,831163,319102976,74039296,49959,1030809,2026-08-02T11:36:41.687101Z
M2,1459,saturated,M2,true,176.000,71.575,144.329,192.552,221566.636,221794.800,221869.727,1027901,831163,319168512,74055680,49895,1031078,2026-08-02T11:36:41.687101Z
M2,1460,saturated,M2,true,166.000,64.508,128.995,160.838,221301.764,221493.070,221547.059,1028263,831286,319225856,74072064,49916,1031484,2026-08-02T11:36:41.687101Z
M2,1461,saturated,M2,true,133.000,86.733,474.777,575.786,221630.805,221803.852,221845.592,1028487,828445,319225856,74088448,49902,1031718,2026-08-02T11:37:42.216426Z
M2,1462,saturated,M2,true,233.000,60.070,131.853,142.137,221875.308,222134.167,222164.629,1025021,955376,319373312,74104832,49872,1032134,2026-08-02T11:37:42.216426Z
M2,1463,saturated,M2,true,262.000,50.028,105.083,145.343,221787.162,222120.446,222169.120,1025439,955613,319471616,74137600,49858,1032605,2026-08-02T11:37:42.216426Z
M2,1464,saturated,M2,true,236.000,56.918,120.804,139.886,221479.114,221706.815,221766.302,1025962,955613,319569920,74153984,49877,1033124,2026-08-02T11:37:42.216426Z
M2,1465,saturated,M2,true,176.000,77.328,213.689,267.224,221679.261,222035.958,222068.957,1026348,955988,319684608,74170368,49896,1033503,2026-08-02T11:37:42.216426Z
M2,1466,saturated,M2,true,293.000,51.642,84.509,124.713,221752.194,222029.764,222085.095,1026762,956182,319807488,74211328,49846,1034017,2026-08-02T11:37:42.216426Z
M2,1467,saturated,M2,true,232.000,55.878,117.770,165.333,220029.792,221065.061,221087.886,1027279,956578,319963136,74235904,49908,1034606,2026-08-02T11:37:42.216426Z
M2,1468,saturated,M2,true,191.000,74.084,154.166,261.625,217711.833,218204.230,218244.877,1027760,956578,320004096,74244096,49893,1034937,2026-08-02T11:37:42.216426Z
M2,1469,saturated,M2,true,282.000,48.913,88.832,109.359,217106.106,217728.586,217783.395,1028151,956813,320143360,74268672,49856,1035460,2026-08-02T11:37:42.216426Z
M2,1470,saturated,M2,true,222.000,58.705,138.467,170.781,216123.223,216432.522,216458.748,1028694,957138,320274432,74293248,49916,1036008,2026-08-02T11:37:42.216426Z
M2,1471,saturated,M2,true,216.000,65.212,130.668,194.280,214021.567,215629.312,216248.056,1029143,957421,320339968,74317824,49879,1036369,2026-08-02T11:37:42.216426Z
M2,1472,saturated,M2,true,281.000,52.427,86.119,97.542,213641.505,213894.751,213920.844,1029587,957725,320487424,74350592,49862,1036904,2026-08-02T11:37:42.216426Z
M2,1473,saturated,M2,true,198.000,61.807,174.353,211.139,213710.753,213993.033,214071.012,1030140,958006,320577536,74375168,49903,1037383,2026-08-02T11:37:42.216426Z
M2,1474,saturated,M2,true,243.000,53.337,125.871,164.508,213872.285,214086.113,214112.216,1030509,958212,320708608,74391552,49891,1037829,2026-08-02T11:37:42.216426Z
M2,1475,saturated,M2,true,145.000,88.963,272.313,279.379,214334.883,214601.921,214618.153,1030979,958212,320765952,74407936,49900,1038148,2026-08-02T11:37:42.216426Z
M2,1476,saturated,M2,true,219.000,54.992,119.883,159.916,214566.216,214765.357,214781.549,1031293,958495,320839680,74440704,49904,1038626,2026-08-02T11:37:42.216426Z
M2,1477,saturated,M2,true,221.000,60.995,240.354,298.883,214819.172,215058.998,215093.529,1031761,958718,320970752,74448896,49884,1039000,2026-08-02T11:37:42.216426Z
M2,1478,saturated,M2,true,147.000,65.952,219.837,300.897,214945.578,215309.902,215377.461,1032212,958718,321052672,74473472,49959,1039428,2026-08-02T11:37:42.216426Z
M2,1479,saturated,M2,true,110.000,127.076,375.530,509.934,215905.083,216048.268,216062.027,1032536,959182,321085440,74489856,49952,1039636,2026-08-02T11:37:42.216426Z
M2,1480,saturated,M2,true,92.000,107.852,199.216,212.591,216465.578,216761.035,216830.485,1032749,959182,321134592,74506240,49970,1039877,2026-08-02T11:37:42.216426Z
M2,1481,saturated,M2,true,82.000,123.903,388.471,708.825,217171.732,217398.600,217462.925,1032936,959361,321200128,74506240,49964,1040008,2026-08-02T11:37:42.216426Z
M2,1482,saturated,M2,true,60.000,324.122,506.479,629.272,218169.790,218575.504,218598.720,1033074,959361,321241088,74506240,49972,1040129,2026-08-02T11:37:42.216426Z
M2,1483,saturated,M2,true,165.000,62.208,236.253,273.939,218854.479,219036.796,219084.182,1033234,959458,321282048,74514432,49891,1040328,2026-08-02T11:37:42.216426Z
M2,1484,saturated,M2,true,283.000,51.386,83.228,93.447,218896.625,219173.235,219218.416,1033710,959579,321372160,74547200,49875,1040895,2026-08-02T11:37:42.216426Z
M2,1485,saturated,M2,true,165.000,71.633,266.139,321.191,219092.739,219470.644,219526.359,1034177,959846,321511424,74571776,49917,1041296,2026-08-02T11:37:42.216426Z
M2,1486,saturated,M2,true,217.000,67.713,154.312,176.482,219441.461,219736.772,219759.096,1034553,960135,321576960,74579968,49897,1041688,2026-08-02T11:37:42.216426Z
M2,1487,saturated,M2,true,224.000,65.190,128.251,169.286,219686.998,219940.431,219980.526,1034923,960135,321658880,74612736,49891,1042123,2026-08-02T11:37:42.216426Z
M2,1488,saturated,M2,true,258.000,53.962,109.882,134.830,219845.951,220118.536,220167.598,1035328,960367,321806336,74629120,49882,1042642,2026-08-02T11:37:42.216426Z
M2,1489,saturated,M2,true,284.000,51.764,85.512,95.367,220053.092,220303.934,220324.974,1035895,960720,321929216,74653696,49868,1043210,2026-08-02T11:37:42.216426Z
M2,1490,saturated,M2,true,261.000,54.687,98.847,120.261,220127.413,220413.075,220451.641,1036418,960992,322068480,74694656,49890,1043722,2026-08-02T11:37:42.216426Z
M2,1491,saturated,M2,true,270.000,52.464,82.805,97.567,220260.209,220497.911,220541.217,1036937,961267,322183168,74719232,49893,1044303,2026-08-02T11:37:42.216426Z
M2,1492,saturated,M2,true,276.000,52.678,88.690,112.140,220296.535,220533.568,220556.013,1037499,961541,322347008,74743808,49881,1044870,2026-08-02T11:37:42.216426Z
M2,1493,saturated,M2,true,267.000,53.120,94.427,111.353,220424.915,220675.436,220691.234,1037984,961807,322437120,74760192,49886,1045380,2026-08-02T11:37:42.216426Z
M2,1494,saturated,M2,true,287.000,50.348,86.340,106.218,220492.544,220735.381,220762.775,1038509,962210,322584576,74809344,49881,1045935,2026-08-02T11:37:42.216426Z
M2,1495,saturated,M2,true,200.000,65.614,154.205,227.736,220731.088,220990.539,221013.925,1039071,962500,322682880,74825728,49894,1046384,2026-08-02T11:37:42.216426Z
M2,1496,saturated,M2,true,304.000,47.713,74.507,83.864,220273.388,220671.206,220689.199,1039530,962857,322813952,74842112,49872,1046954,2026-08-02T11:37:42.216426Z
M2,1497,saturated,M2,true,208.000,68.304,141.212,160.612,219539.169,219807.821,219851.665,1040119,963004,322920448,74874880,49913,1047414,2026-08-02T11:37:42.216426Z
M2,1498,saturated,M2,true,259.000,54.758,105.471,118.316,219348.478,219637.593,219672.834,1040573,963004,323051520,74891264,49894,1047918,2026-08-02T11:37:42.216426Z
M2,1499,saturated,M2,true,270.000,50.232,83.463,103.645,219087.966,219347.451,219375.124,1041103,963346,323133440,74924032,49902,1048493,2026-08-02T11:37:42.216426Z
M2,1500,saturated,M2,true,155.000,72.234,342.203,377.776,219156.255,219556.636,219562.545,1041604,963623,323198976,74948608,49961,1048840,2026-08-02T11:37:42.216426Z
M2,1501,saturated,M2,true,190.000,59.208,110.824,146.178,219567.709,219759.841,219814.096,1041926,963834,323346432,74956800,49963,1049285,2026-08-02T11:37:42.216426Z
M2,1502,saturated,M2,true,133.000,64.165,455.327,542.065,220260.066,220510.371,220538.171,1042286,964026,323379200,74973184,49901,1049453,2026-08-02T11:37:42.216426Z
M2,1503,saturated,M2,true,170.000,67.952,219.227,248.312,220856.307,221032.260,221059.191,1042589,964203,323436544,74981376,49901,1049792,2026-08-02T11:37:42.216426Z
M2,1504,saturated,M2,true,141.000,61.448,195.643,354.135,220992.206,221282.940,221420.904,1042976,964203,323543040,75014144,49890,1050173,2026-08-02T11:37:42.216426Z
M2,1505,saturated,M2,true,10.000,471.670,1141.774,1141.774,222257.121,222587.972,222587.972,1043073,964399,323567616,75014144,49973,1050216,2026-08-02T11:37:42.216426Z
M2,1506,saturated,M2,true,137.000,110.848,1079.767,1203.540,222814.742,222987.222,223022.364,1043204,964495,323616768,75022336,49936,1050412,2026-08-02T11:37:42.216426Z
M2,1507,saturated,M2,true,196.000,72.587,161.531,208.645,223161.222,223469.759,223523.009,1043439,964592,323657728,75038720,49941,1050794,2026-08-02T11:37:42.216426Z
M2,1508,saturated,M2,true,169.000,78.363,182.691,219.487,223546.173,223966.158,223979.041,1043838,964794,323747840,75055104,49954,1051161,2026-08-02T11:37:42.216426Z
M2,1509,saturated,M2,true,211.000,74.592,117.471,146.045,223678.319,223971.320,224010.237,1044222,964977,323870720,75079680,49924,1051556,2026-08-02T11:37:42.216426Z
M2,1510,saturated,M2,true,258.000,58.512,98.788,120.544,223877.095,224142.283,224178.798,1044646,965267,323960832,75096064,49906,1052072,2026-08-02T11:37:42.216426Z
M2,1511,saturated,M2,true,296.000,48.576,80.169,107.501,224082.850,224310.573,224362.357,1045178,965524,324132864,75128832,49892,1052628,2026-08-02T11:37:42.216426Z
M2,1512,saturated,M2,true,296.000,50.187,78.915,99.129,224094.166,224330.238,224372.168,1045787,965524,324239360,75161600,49889,1053213,2026-08-02T11:37:42.216426Z
M2,1513,saturated,M2,true,236.000,56.125,86.405,98.834,224222.324,224433.101,224473.776,1046369,965974,324386816,75194368,49919,1053742,2026-08-02T11:37:42.216426Z
M2,1514,saturated,M2,true,230.000,56.441,127.711,167.357,224502.486,224822.794,224837.916,1046875,966240,324460544,75202560,49919,1054216,2026-08-02T11:37:42.216426Z
M2,1515,saturated,M2,true,110.000,112.029,429.277,488.598,225264.814,225512.055,225522.451,1047253,966470,324509696,75210752,49938,1054410,2026-08-02T11:37:42.216426Z
M2,1516,saturated,M2,true,151.000,61.316,243.042,325.827,225517.272,225888.635,225976.748,1047531,966470,324616192,75227136,49865,1054792,2026-08-02T11:37:42.216426Z
M2,1517,saturated,M2,true,136.000,91.227,289.041,428.554,226193.080,226498.270,226544.381,1047833,966673,324689920,75259904,49973,1055069,2026-08-02T11:37:42.216426Z
M2,1518,saturated,M2,true,118.000,85.826,569.607,599.566,226953.377,227082.648,227135.454,1048063,966915,324706304,75268096,49935,1055229,2026-08-02T11:37:42.216426Z
M2,1519,saturated,M2,true,252.000,53.411,125.624,148.987,227209.614,227435.765,227452.182,1048471,966915,324829184,75276288,49918,1055714,2026-08-02T11:37:42.216426Z
M2,1520,saturated,M2,true,273.000,52.827,93.852,105.552,227266.964,227502.495,227528.649,1053068,858449,324870144,75309056,49929,1056280,2026-08-02T11:38:41.561820Z
M2,1521,saturated,M2,true,163.000,78.159,196.182,250.907,227485.127,227912.765,227939.221,1053497,858870,325083136,75333632,49962,1056669,2026-08-02T11:38:41.561820Z
M2,1522,saturated,M2,true,121.000,105.296,327.792,409.762,227923.401,228491.518,228493.560,1053731,858991,325107712,75341824,49943,1056875,2026-08-02T11:38:41.561820Z
M2,1523,saturated,M2,true,73.000,116.016,298.669,315.400,228585.668,228829.685,228997.712,1053901,859141,325124096,75341824,49937,1057092,2026-08-02T11:38:41.561820Z
M2,1524,saturated,M2,true,93.000,167.929,488.085,597.452,229490.394,229833.351,229852.686,1054079,859232,325140480,75358208,49968,1057251,2026-08-02T11:38:41.561820Z
M2,1525,saturated,M2,true,166.000,93.733,195.414,233.712,229795.811,229969.457,229985.844,1054297,859358,325263360,75374592,49933,1057517,2026-08-02T11:38:41.561820Z
M2,1526,saturated,M2,true,254.000,56.104,104.547,117.093,230004.196,230230.786,230270.356,1054655,859604,325353472,75390976,49924,1058026,2026-08-02T11:38:41.561820Z
M2,1527,saturated,M2,true,240.000,58.982,105.704,134.150,230108.513,230420.392,230449.601,1055198,859604,325468160,75415552,49938,1058524,2026-08-02T11:38:41.561820Z
M2,1528,saturated,M2,true,273.000,50.952,91.182,116.208,230257.539,230496.150,230517.582,1055683,859871,325623808,75456512,49937,1059091,2026-08-02T11:38:41.561820Z
M2,1529,saturated,M2,true,267.000,55.149,100.099,122.399,230300.557,230517.217,230537.004,1056202,860260,325713920,75464704,49919,1059586,2026-08-02T11:38:41.561820Z
M2,1530,saturated,M2,true,208.000,64.525,154.811,195.123,230394.605,230725.897,230758.937,1056741,860260,325853184,75497472,49953,1060048,2026-08-02T11:38:41.561820Z
M2,1531,saturated,M2,true,210.000,54.656,202.243,238.295,230919.593,231149.450,231179.770,1057102,860650,325902336,75522048,49928,1060435,2026-08-02T11:38:41.561820Z
M2,1532,saturated,M2,true,259.000,57.468,99.370,124.483,230966.497,231199.033,231225.479,1057543,861068,326082560,75546624,49934,1060957,2026-08-02T11:38:41.561820Z
M2,1533,saturated,M2,true,269.000,51.653,99.799,115.159,230997.124,231215.893,231242.250,1058080,861068,326156288,75571200,49936,1061504,2026-08-02T11:38:41.561820Z
M2,1534,saturated,M2,true,270.000,52.297,91.936,122.894,231099.789,231328.257,231361.124,1058638,861332,326303744,75603968,49933,1062050,2026-08-02T11:38:41.561820Z
M2,1535,saturated,M2,true,164.000,69.650,269.089,352.187,231436.514,231651.962,231684.730,1059098,861600,326402048,75612160,49956,1062410,2026-08-02T11:38:41.561820Z
M2,1536,saturated,M2,true,249.000,54.432,138.343,161.989,231784.851,231989.496,232008.581,1059511,861925,326492160,75653120,49930,1062877,2026-08-02T11:38:41.561820Z
M2,1537,saturated,M2,true,292.000,50.905,85.625,99.684,231486.973,231720.929,232022.303,1060038,862286,326647808,75677696,49925,1063454,2026-08-02T11:38:41.561820Z
M2,1538,saturated,M2,true,166.000,60.244,168.708,218.120,231586.784,231836.820,231857.272,1060578,862286,326713344,75677696,49903,1063885,2026-08-02T11:38:41.561820Z
M2,1539,saturated,M2,true,126.000,85.399,448.229,466.444,232356.556,232620.968,232634.522,1060839,862582,326762496,75710464,49892,1064111,2026-08-02T11:38:41.561820Z
M2,1540,saturated,M2,true,179.000,68.166,215.229,269.946,232850.256,233045.851,233063.719,1061124,862784,326868992,75726848,49862,1064436,2026-08-02T11:38:41.561820Z
M2,1541,saturated,M2,true,220.000,68.372,111.773,136.735,233042.895,233267.924,233277.867,1061541,862784,326950912,75743232,49877,1064857,2026-08-02T11:38:41.561820Z
M2,1542,saturated,M2,true,248.000,59.792,100.729,115.815,232974.312,233190.668,233205.530,1062018,863076,327057408,75767808,49852,1065359,2026-08-02T11:38:41.561820Z
M2,1543,saturated,M2,true,166.000,61.207,160.170,178.423,233110.405,233273.968,233292.988,1062517,863304,327172096,75792384,49929,1065772,2026-08-02T11:38:41.561820Z
M2,1544,saturated,M2,true,139.000,84.073,548.995,568.108,233864.780,234014.100,234066.830,1062750,863541,327213056,75792384,49886,1065997,2026-08-02T11:38:41.561820Z
M2,1545,saturated,M2,true,134.000,99.222,271.976,316.845,234134.957,234443.670,234471.579,1063036,863745,327286784,75808768,49928,1066271,2026-08-02T11:38:41.561820Z
M2,1546,saturated,M2,true,219.000,65.761,145.140,157.436,234594.847,234856.486,234899.759,1063408,863745,327385088,75841536,49862,1066705,2026-08-02T11:38:41.561820Z
M2,1547,saturated,M2,true,136.000,65.010,244.747,252.757,234673.480,235060.074,235087.387,1063788,863971,327467008,75857920,49940,1067034,2026-08-02T11:38:41.561820Z
M2,1548,saturated,M2,true,105.000,102.673,579.505,704.185,235533.784,235787.197,235829.605,1063977,864185,327491584,75866112,49913,1067208,2026-08-02T11:38:41.561820Z
M2,1549,saturated,M2,true,234.000,55.124,136.633,237.343,235783.024,235994.521,236014.477,1064289,864359,327606272,75874304,49873,1067645,2026-08-02T11:38:41.561820Z
M2,1550,saturated,M2,true,274.000,50.589,93.833,119.702,235808.648,236024.069,236058.399,1064838,864595,327729152,75907072,49872,1068199,2026-08-02T11:38:41.561820Z
M2,1551,saturated,M2,true,257.000,52.237,96.920,116.290,235711.334,236093.464,236125.783,1065340,864595,327852032,75931648,49889,1068742,2026-08-02T11:38:41.561820Z
M2,1552,saturated,M2,true,289.000,50.930,82.793,107.741,235603.253,235830.655,235884.801,1065877,865004,327983104,75964416,49865,1069296,2026-08-02T11:38:41.561820Z
M2,1553,saturated,M2,true,257.000,56.039,88.588,118.622,235564.962,235783.069,235805.758,1066458,865270,328089600,75988992,49887,1069824,2026-08-02T11:38:41.561820Z
M2,1554,saturated,M2,true,252.000,61.017,92.309,102.796,235562.575,235773.148,235814.310,1066984,865679,328228864,76005376,49890,1070340,2026-08-02T11:38:41.561820Z
M2,1555,saturated,M2,true,147.000,76.373,269.363,311.781,235860.783,236260.746,236262.753,1067346,865930,328302592,76038144,49922,1070643,2026-08-02T11:38:41.561820Z
M2,1556,saturated,M2,true,249.000,55.952,110.774,133.467,236144.718,236369.772,236415.742,1067713,865930,328417280,76046336,49886,1071134,2026-08-02T11:38:41.561820Z
M2,1557,saturated,M2,true,248.000,59.803,96.352,114.700,236049.923,236304.754,236345.319,1068200,866193,328531968,76079104,49893,1071621,2026-08-02T11:38:41.561820Z
M2,1558,saturated,M2,true,290.000,49.575,89.096,119.242,235806.240,236023.299,236073.852,1068728,866447,328654848,76111872,49871,1072199,2026-08-02T11:38:41.561820Z
M2,1559,saturated,M2,true,264.000,55.298,90.614,110.583,235705.010,235949.389,236012.295,1069300,866860,328785920,76128256,49880,1072733,2026-08-02T11:38:41.561820Z
M2,1560,saturated,M2,true,242.000,50.606,86.689,195.303,235508.651,235703.926,235722.492,1069834,866860,328916992,76161024,49922,1073269,2026-08-02T11:38:41.561820Z
M2,1561,saturated,M2,true,266.000,54.373,111.427,244.725,235453.590,235691.081,235729.907,1070310,867271,329007104,76185600,49885,1073759,2026-08-02T11:38:41.561820Z
M2,1562,saturated,M2,true,289.000,48.818,79.552,110.625,235516.218,235743.604,235762.335,1070869,867505,329146368,76210176,49874,1074344,2026-08-02T11:38:41.561820Z
M2,1563,saturated,M2,true,287.000,49.596,86.947,109.153,235558.201,235773.502,235796.585,1071474,867779,329285632,76234752,49876,1074926,2026-08-02T11:38:41.561820Z
M2,1564,saturated,M2,true,298.000,48.387,79.929,101.717,235325.211,235750.978,235792.320,1072066,868220,329424896,76259328,49874,1075519,2026-08-02T11:38:41.561820Z
M2,1565,saturated,M2,true,185.000,70.323,155.234,173.982,235005.873,235238.561,235270.190,1072406,868512,329490432,76267520,49934,1075728,2026-08-02T11:38:41.561820Z
M2,1566,saturated,M2,true,232.000,63.233,161.104,190.144,235272.936,235549.447,235573.054,1072951,868607,329629696,76308480,49885,1076371,2026-08-02T11:38:41.561820Z
M2,1567,saturated,M2,true,224.000,64.221,123.484,142.000,235504.549,235817.541,235845.700,1073429,868927,329744384,76333056,49913,1076831,2026-08-02T11:38:41.561820Z
M2,1568,saturated,M2,true,140.000,68.139,295.595,310.963,235918.077,236181.874,236212.005,1073753,869014,329818112,76341248,49935,1077144,2026-08-02T11:38:41.561820Z
M2,1569,saturated,M2,true,206.000,63.047,277.476,352.391,236324.203,236619.813,236657.567,1074076,869284,329908224,76374016,49883,1077512,2026-08-02T11:38:41.561820Z
M2,1570,saturated,M2,true,223.000,62.346,110.926,140.805,236429.570,236700.012,236747.024,1074578,869506,330006528,76382208,49915,1077968,2026-08-02T11:38:41.561820Z
M2,1571,saturated,M2,true,164.000,80.505,142.908,246.170,236687.924,237052.963,237095.960,1074991,869719,330088448,76398592,49947,1078332,2026-08-02T11:38:41.561820Z
M2,1572,saturated,M2,true,113.000,86.171,249.190,295.229,237193.564,237446.401,237534.398,1075138,869719,330113024,76406784,49980,1078461,2026-08-02T11:38:41.561820Z
M2,1573,saturated,M2,true,130.000,93.216,584.043,623.693,237768.384,238008.045,238043.473,1075454,869870,330194944,76439552,49923,1078808,2026-08-02T11:38:41.561820Z
M2,1574,saturated,M2,true,249.000,58.258,106.658,130.361,238123.128,238359.057,238394.786,1075847,870128,330301440,76447744,49897,1079294,2026-08-02T11:38:41.561820Z
M2,1575,saturated,M2,true,155.000,73.287,286.589,331.618,238610.154,238893.469,238919.752,1076249,870128,330366976,76472320,49903,1079601,2026-08-02T11:38:41.561820Z
M2,1576,saturated,M2,true,269.000,54.049,97.628,117.221,237960.755,238822.826,238851.689,1076727,870416,330489856,76496896,49891,1080133,2026-08-02T11:38:41.561820Z
M2,1577,saturated,M2,true,245.000,54.379,112.395,152.275,236840.240,237635.497,237819.490,1077231,870674,330588160,76521472,49888,1080635,2026-08-02T11:38:41.561820Z
M2,1578,saturated,M2,true,277.000,54.775,90.894,100.583,236055.631,236284.775,236305.953,1077794,871053,330702848,76554240,49892,1081183,2026-08-02T11:38:41.561820Z
M2,1579,saturated,M2,true,262.000,52.188,90.209,110.321,235848.587,236113.502,236138.031,1078361,854638,330719232,76578816,49909,1081728,2026-08-02T11:39:40.645273Z
M2,1580,saturated,M2,true,254.000,59.884,100.233,121.992,235774.333,236027.089,236062.243,1078874,854904,330932224,76587008,49904,1082234,2026-08-02T11:39:40.645273Z
M2,1581,saturated,M2,true,199.000,76.151,153.494,195.803,235761.439,235988.922,236017.842,1079291,854904,330964992,76627968,49897,1082623,2026-08-02T11:39:40.645273Z
M2,1582,saturated,M2,true,254.000,52.757,108.591,154.379,235743.630,235970.508,236011.867,1079789,855220,331137024,76652544,49895,1083135,2026-08-02T11:39:40.645273Z
M2,1583,saturated,M2,true,253.000,56.724,93.371,113.377,235729.913,236013.238,236042.836,1080316,855606,331218944,76660736,49900,1083643,2026-08-02T11:39:40.645273Z
M2,1584,saturated,M2,true,269.000,54.681,92.754,107.467,235694.101,235959.656,236000.818,1080823,855606,331366400,76701696,49890,1084186,2026-08-02T11:39:40.645273Z
M2,1585,saturated,M2,true,198.000,60.923,189.720,272.548,235453.280,235754.505,235774.232,1081250,855988,331456512,76709888,49911,1084585,2026-08-02T11:39:40.645273Z
M2,1586,saturated,M2,true,254.000,56.668,100.791,114.293,235186.808,235537.931,235585.116,1081727,856332,331522048,76742656,49908,1085102,2026-08-02T11:39:40.645273Z
M2,1587,saturated,M2,true,277.000,54.076,85.757,122.108,234492.878,234955.957,235010.921,1082263,856583,331702272,76775424,49894,1085652,2026-08-02T11:39:40.645273Z
M2,1588,saturated,M2,true,107.000,68.552,138.344,264.736,234378.036,234565.462,234586.049,1082380,856583,331735040,76775424,49928,1085877,2026-08-02T11:39:40.645273Z
M2,1589,saturated,M2,true,131.000,110.969,612.267,673.503,235205.587,235514.575,235532.261,1082735,856863,331792384,76800000,49973,1086158,2026-08-02T11:39:40.645273Z
M2,1590,saturated,M2,true,235.000,63.732,120.943,182.308,235476.956,235816.297,235853.335,1083039,857038,331948032,76824576,49946,1086603,2026-08-02T11:39:40.645273Z
M2,1591,saturated,M2,true,271.000,51.891,89.257,101.121,235223.030,235472.091,235501.229,1083527,857383,332013568,76840960,49945,1087158,2026-08-02T11:39:40.645273Z
M2,1592,saturated,M2,true,136.000,64.830,273.533,315.974,235401.899,235701.250,235732.236,1083943,857383,332038144,76840960,49904,1087282,2026-08-02T11:39:40.645273Z
M2,1593,saturated,M2,true,89.000,86.290,636.566,716.843,236109.769,236376.857,236390.034,1084225,857611,332120064,76857344,49921,1087489,2026-08-02T11:39:40.645273Z
M2,1594,saturated,M2,true,178.000,67.958,288.353,378.664,236506.629,236741.731,236767.338,1084570,857794,332226560,76890112,49879,1087992,2026-08-02T11:39:40.645273Z
M2,1595,saturated,M2,true,110.000,122.990,337.625,402.527,237029.799,237325.375,237363.839,1084664,857794,332242944,76898304,49928,1088084,2026-08-02T11:39:40.645273Z
M2,1596,saturated,M2,true,185.000,61.982,195.283,234.973,237470.055,237726.421,237761.148,1085197,857971,332357632,76914688,49867,1088604,2026-08-02T11:39:40.645273Z
M2,1597,saturated,M2,true,149.000,78.551,158.542,181.623,237697.055,237967.644,237983.451,1085237,858149,332406784,76922880,49927,1088752,2026-08-02T11:39:40.645273Z
M2,1598,saturated,M2,true,113.000,120.556,391.051,404.885,238184.800,238531.943,238541.337,1085599,858344,332464128,76939264,49928,1088980,2026-08-02T11:39:40.645273Z
M2,1599,saturated,M2,true,162.000,94.275,256.982,341.758,238568.882,238754.683,238799.401,1085802,858344,332505088,76955648,49897,1089241,2026-08-02T11:39:40.645273Z
M2,1600,saturated,M2,true,267.000,52.845,86.827,112.375,238612.245,238827.787,238861.052,1086088,858528,332611584,76955648,49860,1089726,2026-08-02T11:39:40.645273Z
M2,1601,saturated,M2,true,218.000,64.132,146.019,174.935,238743.145,239016.357,239062.541,1086628,858828,332734464,76996608,49861,1090162,2026-08-02T11:39:40.645273Z
M2,1602,saturated,M2,true,269.000,50.148,98.277,127.347,238794.150,239049.970,239086.299,1087061,858828,332840960,77029376,49857,1090701,2026-08-02T11:39:40.645273Z
M2,1603,saturated,M2,true,261.000,54.911,88.241,137.682,238813.111,239013.636,239030.042,1087605,859174,332963840,77037568,49853,1091210,2026-08-02T11:39:40.645273Z
M2,1604,saturated,M2,true,172.000,77.371,174.668,242.139,238679.737,238888.592,238952.150,1088146,859442,333078528,77070336,49937,1091692,2026-08-02T11:39:40.645273Z
M2,1605,saturated,M2,true,109.000,114.251,260.648,282.835,238849.866,239140.152,239182.331,1088556,859705,333135872,77078528,49949,1091949,2026-08-02T11:39:40.645273Z
M2,1606,saturated,M2,true,93.000,163.544,333.528,446.065,239521.753,239901.525,239932.140,1088811,859940,333193216,77094912,49943,1092124,2026-08-02T11:39:40.645273Z
M2,1607,saturated,M2,true,229.000,54.362,273.806,383.418,240046.051,240228.509,240261.133,1089014,859940,333242368,77103104,49855,1092440,2026-08-02T11:39:40.645273Z
M2,1608,saturated,M2,true,134.000,63.545,111.468,119.177,240001.958,240273.558,240317.693,1089494,860079,333365248,77144064,49969,1092936,2026-08-02T11:39:40.645273Z
M2,1609,saturated,M2,true,109.000,141.890,451.855,496.313,240489.541,240800.224,240807.951,1089767,860308,333398016,77144064,49937,1093081,2026-08-02T11:39:40.645273Z
M2,1610,saturated,M2,true,152.000,101.163,234.338,255.903,240838.161,241098.386,241138.056,1090011,860504,333471744,77152256,49932,1093352,2026-08-02T11:39:40.645273Z
M2,1611,saturated,M2,true,257.000,54.890,112.471,163.074,240556.121,240901.074,240945.848,1090376,860504,333545472,77168640,49870,1093757,2026-08-02T11:39:40.645273Z
M2,1612,saturated,M2,true,261.000,49.866,104.684,135.042,239666.302,240209.619,240251.597,1090924,860704,333668352,77209600,49876,1094307,2026-08-02T11:39:40.645273Z
M2,1613,saturated,M2,true,292.000,48.215,83.489,114.084,239111.645,239324.008,239356.534,1091462,861107,333791232,77217792,49849,1094825,2026-08-02T11:39:40.645273Z
M2,1614,saturated,M2,true,293.000,49.262,85.633,99.834,238453.889,238775.578,238811.122,1092056,861365,333938688,77250560,49851,1095428,2026-08-02T11:39:40.645273Z
M2,1615,saturated,M2,true,174.000,59.100,290.551,309.475,238274.641,238620.445,238681.147,1092501,861365,334045184,77283328,49890,1095844,2026-08-02T11:39:40.645273Z
M2,1616,saturated,M2,true,276.000,52.028,84.677,104.088,238097.029,238417.912,238478.284,1092942,861812,334118912,77283328,49847,1096325,2026-08-02T11:39:40.645273Z
M2,1617,saturated,M2,true,275.000,50.380,89.767,103.572,237809.522,238088.352,238119.584,1093533,862107,334282752,77324288,49869,1096918,2026-08-02T11:39:40.645273Z
M2,1618,saturated,M2,true,297.000,50.740,79.900,90.819,237484.581,237806.718,237838.229,1094044,862411,334389248,77357056,49859,1097477,2026-08-02T11:39:40.645273Z
M2,1619,saturated,M2,true,280.000,50.519,87.263,96.932,236060.010,236553.368,237235.204,1094577,862411,334553088,77398016,49864,1098059,2026-08-02T11:39:40.645273Z
M2,1620,saturated,M2,true,284.000,50.488,88.486,116.478,235796.540,236045.812,236088.105,1095156,862832,334651392,77414400,49854,1098625,2026-08-02T11:39:40.645273Z
M2,1621,saturated,M2,true,273.000,54.477,91.480,106.883,233753.481,235504.301,235533.652,1095590,863254,334815232,77422592,49867,1099183,2026-08-02T11:39:40.645273Z
M2,1622,saturated,M2,true,266.000,54.852,87.032,99.864,233596.880,233839.195,233869.773,1096041,863254,334921728,77471744,49882,1099739,2026-08-02T11:39:40.645273Z
M2,1623,saturated,M2,true,196.000,53.786,336.482,407.502,233978.700,234271.832,234297.563,1096552,863673,335044608,77488128,49855,1100094,2026-08-02T11:39:40.645273Z
M2,1624,saturated,M2,true,282.000,50.748,80.487,96.547,234113.123,234350.262,234400.208,1096946,863988,335134720,77512704,49861,1100667,2026-08-02T11:39:40.645273Z
M2,1625,saturated,M2,true,196.000,62.518,256.772,293.792,234229.786,234504.720,234510.246,1097462,864416,335265792,77537280,49887,1101120,2026-08-02T11:39:40.645273Z
M2,1626,saturated,M2,true,289.000,50.369,85.256,109.197,233042.081,233643.556,233691.377,1097920,864621,335388672,77561856,49864,1101648,2026-08-02T11:39:40.645273Z
M2,1627,saturated,M2,true,289.000,50.650,87.440,104.124,232897.927,233160.280,233184.837,1098471,864621,335503360,77586432,49859,1102221,2026-08-02T11:39:40.645273Z
M2,1628,saturated,M2,true,260.000,53.760,102.134,151.501,232398.494,232937.623,232986.913,1099062,864906,335634432,77611008,49864,1102752,2026-08-02T11:39:40.645273Z
M2,1629,saturated,M2,true,291.000,50.345,78.702,94.903,230619.547,231412.940,232459.402,1099611,865316,335740928,77651968,49866,1103326,2026-08-02T11:39:40.645273Z
M2,1630,saturated,M2,true,263.000,52.482,92.588,123.358,230432.088,230634.892,230681.838,1100206,865604,335921152,77676544,49884,1103920,2026-08-02T11:39:40.645273Z
M2,1631,saturated,M2,true,229.000,66.923,118.331,151.650,230497.937,230726.232,230749.681,1100780,865889,335978496,77701120,49886,1104353,2026-08-02T11:39:40.645273Z
M2,1632,saturated,M2,true,273.000,52.755,86.866,103.183,230467.320,230760.757,230797.469,1101238,865889,336125952,77725696,49871,1104873,2026-08-02T11:39:40.645273Z
M2,1633,saturated,M2,true,256.000,57.581,107.138,125.209,230195.215,230569.340,230603.394,1101781,866242,336232448,77750272,49875,1105407,2026-08-02T11:39:40.645273Z
M2,1634,saturated,M2,true,283.000,50.608,88.881,105.482,229571.677,229847.708,230230.888,1102292,866511,336371712,77783040,49865,1105952,2026-08-02T11:39:40.645273Z
M2,1635,saturated,M2,true,187.000,64.361,281.609,342.071,229181.716,229653.974,229690.906,1102861,866769,336470016,77791232,49887,1106373,2026-08-02T11:39:40.645273Z
M2,1636,saturated,M2,true,277.000,53.134,86.625,112.736,228390.360,228713.772,228754.551,1103279,867056,336592896,77832192,49877,1106901,2026-08-02T11:39:40.645273Z
M2,1637,saturated,M2,true,279.000,51.419,89.734,108.951,227393.080,227779.933,228283.400,1103839,867382,336691200,77856768,49873,1107461,2026-08-02T11:39:40.645273Z
M2,1638,saturated,M2,true,272.000,53.298,89.270,105.030,226750.324,226955.053,226977.866,1104396,867797,336863232,77873152,49875,1108011,2026-08-02T11:39:40.645273Z
M2,1639,saturated,M2,true,274.000,52.365,85.189,101.131,225581.581,226565.674,226719.386,1104773,864791,336904192,77905920,49873,1108562,2026-08-02T11:40:40.621449Z
M2,1640,saturated,M2,true,169.000,56.757,288.898,373.912,225058.368,225224.033,225260.961,1108927,988266,337190912,77930496,49899,1108944,2026-08-02T11:40:40.621449Z
M2,1641,saturated,M2,true,237.000,54.910,151.098,205.873,224635.760,225058.844,225086.328,1109297,988547,337297408,77938688,49873,1109366,2026-08-02T11:40:40.621449Z
M2,1642,saturated,M2,true,287.000,51.641,77.622,112.186,224600.100,224836.476,224846.667,1109762,988710,337379328,77979648,49869,1109948,2026-08-02T11:40:40.621449Z
M2,1643,saturated,M2,true,280.000,52.805,82.424,102.398,224500.678,224801.662,224838.614,1110351,989089,337551360,78004224,49870,1110520,2026-08-02T11:40:40.621449Z
M2,1644,saturated,M2,true,294.000,51.812,78.874,98.875,224393.152,224622.783,224648.241,1110934,989378,337666048,78045184,49874,1111102,2026-08-02T11:40:40.621449Z
M2,1645,saturated,M2,true,197.000,62.849,158.446,266.417,224563.978,224836.251,224880.899,1111508,989668,337805312,78053376,49899,1111549,2026-08-02T11:40:40.621449Z
M2,1646,saturated,M2,true,290.000,50.888,86.651,100.276,224590.348,224858.836,224900.647,1111945,989889,337846272,78086144,49871,1112085,2026-08-02T11:40:40.621449Z
M2,1647,saturated,M2,true,287.000,50.501,81.141,100.781,224549.250,224777.473,224811.134,1112505,989889,338042880,78110720,49873,1112652,2026-08-02T11:40:40.621449Z
M2,1648,saturated,M2,true,279.000,53.109,85.193,96.974,224569.283,224808.568,224840.759,1113100,990297,338165760,78127104,49885,1113243,2026-08-02T11:40:40.621449Z
M2,1649,saturated,M2,true,255.000,57.478,95.647,115.552,224747.683,225007.463,225031.321,1113661,990733,338313216,78168064,49891,1113766,2026-08-02T11:40:40.621449Z
M2,1650,saturated,M2,true,259.000,58.886,95.322,131.552,224653.957,224882.012,224895.337,1114179,990996,338378752,78192640,49878,1114275,2026-08-02T11:40:40.621449Z
M2,1651,saturated,M2,true,268.000,53.757,92.918,100.861,224704.387,224927.987,224987.215,1114724,991242,338558976,78217216,49880,1114808,2026-08-02T11:40:40.621449Z
M2,1652,saturated,M2,true,195.000,72.212,135.053,175.688,224940.532,225165.299,225211.858,1115209,991639,338624512,78233600,49927,1115288,2026-08-02T11:40:40.621449Z
M2,1653,saturated,M2,true,276.000,51.642,81.499,90.759,225062.517,225247.150,225286.573,1115640,991639,338755584,78266368,49881,1115754,2026-08-02T11:40:40.621449Z
M2,1654,saturated,M2,true,274.000,52.617,83.437,106.609,225023.415,225227.047,225236.262,1116167,991841,338878464,78290944,49873,1116307,2026-08-02T11:40:40.621449Z
M2,1655,saturated,M2,true,185.000,70.571,206.633,252.937,225216.124,225514.814,225540.698,1116684,992252,338984960,78307328,49909,1116738,2026-08-02T11:40:40.621449Z
M2,1656,saturated,M2,true,241.000,55.251,96.214,143.263,225363.972,225578.144,225678.319,1117113,992252,339107840,78331904,49907,1117216,2026-08-02T11:40:40.621449Z
M2,1657,saturated,M2,true,266.000,54.872,103.075,151.215,225401.966,225647.920,225672.390,1117611,992579,339197952,78364672,49888,1117704,2026-08-02T11:40:40.621449Z
M2,1658,saturated,M2,true,230.000,60.198,103.651,129.361,225424.542,225627.878,225651.617,1118137,992953,339345408,78381056,49909,1118199,2026-08-02T11:40:40.621449Z
M2,1659,saturated,M2,true,254.000,56.493,93.368,110.594,225407.572,225653.516,225672.891,1118599,993206,339410944,78413824,49885,1118672,2026-08-02T11:40:40.621449Z
M2,1660,saturated,M2,true,273.000,53.954,87.432,121.784,225365.223,225668.679,225678.714,1119148,993572,339574784,78438400,49888,1119233,2026-08-02T11:40:40.621449Z
M2,1661,saturated,M2,true,241.000,60.682,99.284,116.294,225350.485,225566.922,225591.153,1119652,993711,339656704,78446592,49886,1119712,2026-08-02T11:40:40.621449Z
M2,1662,saturated,M2,true,286.000,51.317,75.071,88.605,225285.991,225509.931,225528.342,1120133,994088,339828736,78495744,49875,1120265,2026-08-02T11:40:40.621449Z
M2,1663,saturated,M2,true,233.000,55.789,97.236,135.827,225289.844,225495.775,225534.131,1120683,994088,339910656,78520320,49924,1120820,2026-08-02T11:40:40.621449Z
M2,1664,saturated,M2,true,240.000,56.281,198.248,298.742,225501.593,225751.643,225792.475,1121149,994371,340033536,78528512,49881,1121216,2026-08-02T11:40:40.621449Z
M2,1665,saturated,M2,true,169.000,81.915,195.565,206.957,225640.152,225992.731,226033.733,1121535,994706,340140032,78561280,49922,1121641,2026-08-02T11:40:40.621449Z
M2,1666,saturated,M2,true,278.000,52.031,90.360,106.072,225824.754,226080.700,226097.684,1121927,994923,340197376,78577664,49885,1122122,2026-08-02T11:40:40.621449Z
M2,1667,saturated,M2,true,275.000,53.386,91.725,114.635,225828.453,226073.691,226095.354,1122482,995156,340402176,78618624,49892,1122696,2026-08-02T11:40:40.621449Z
M2,1668,saturated,M2,true,280.000,52.091,80.899,91.733,225833.183,226093.556,226151.287,1123051,995156,340467712,78635008,49889,1123244,2026-08-02T11:40:40.621449Z
M2,1669,saturated,M2,true,265.000,56.269,93.195,106.879,225853.954,226080.181,226092.909,1123609,995571,340623360,78659584,49891,1123782,2026-08-02T11:40:40.621449Z
M2,1670,saturated,M2,true,278.000,52.652,86.940,115.595,225664.857,225884.916,225915.109,1124159,995847,340729856,78692352,49885,1124336,2026-08-02T11:40:40.621449Z
M2,1671,saturated,M2,true,265.000,56.069,88.898,113.083,225086.480,225301.323,225324.096,1124670,996255,340869120,78708736,49905,1124889,2026-08-02T11:40:40.621449Z
M2,1672,saturated,M2,true,279.000,53.767,88.936,108.530,224948.014,225152.492,225183.241,1125224,996255,340975616,78749696,49892,1125430,2026-08-02T11:40:40.621449Z
M2,1673,saturated,M2,true,269.000,54.216,80.281,100.957,224951.383,225188.044,225205.916,1125779,996661,341114880,78774272,49893,1125979,2026-08-02T11:40:40.621449Z
M2,1674,saturated,M2,true,277.000,52.231,84.548,99.619,225122.474,225367.180,225394.823,1126314,996941,341221376,78790656,49889,1126522,2026-08-02T11:40:40.621449Z
M2,1675,saturated,M2,true,181.000,61.577,303.229,346.918,225470.296,225720.568,225749.110,1126835,997348,341336064,78815232,49908,1126918,2026-08-02T11:40:40.621449Z
M2,1676,saturated,M2,true,263.000,58.660,90.206,107.397,225676.665,225941.319,225988.273,1127272,997483,341458944,78848000,49897,1127434,2026-08-02T11:40:40.621449Z
M2,1677,saturated,M2,true,271.000,53.308,87.734,138.815,225853.820,226075.917,226116.416,1127808,997673,341565440,78864384,49896,1127983,2026-08-02T11:40:40.621449Z
M2,1678,saturated,M2,true,251.000,51.350,132.775,184.723,225977.497,226222.396,226242.252,1128337,998070,341696512,78897152,49895,1128469,2026-08-02T11:40:40.621449Z
M2,1679,saturated,M2,true,281.000,52.681,87.575,102.402,226026.907,226246.392,226273.688,1128859,998319,341803008,78913536,49888,1129028,2026-08-02T11:40:40.621449Z
M2,1680,saturated,M2,true,281.000,52.954,81.951,103.319,226094.438,226344.294,226369.447,1129451,998456,341950464,78962688,49892,1129599,2026-08-02T11:40:40.621449Z
M2,1681,saturated,M2,true,290.000,50.045,81.638,94.525,226047.063,226367.039,226414.943,1129945,998597,342081536,78962688,49891,1130170,2026-08-02T11:40:40.621449Z
M2,1682,saturated,M2,true,284.000,52.341,92.300,103.577,225833.221,226052.875,226148.402,1130502,999312,342220800,79011840,49887,1130747,2026-08-02T11:40:40.621449Z
M2,1683,saturated,M2,true,281.000,51.982,83.962,93.549,224821.009,225769.937,225814.786,1131063,999312,342360064,79028224,49887,1131309,2026-08-02T11:40:40.621449Z
M2,1684,saturated,M2,true,286.000,49.459,78.468,98.789,223958.034,224276.258,224316.107,1131646,999589,342474752,79060992,49891,1131879,2026-08-02T11:40:40.621449Z
M2,1685,saturated,M2,true,197.000,60.125,217.832,277.144,223302.185,223519.329,223554.618,1132180,999873,342556672,79093760,49910,1132323,2026-08-02T11:40:40.621449Z
M2,1686,saturated,M2,true,267.000,56.734,93.489,150.353,223272.714,223529.818,223548.021,1132631,1000161,342695936,79110144,49893,1132830,2026-08-02T11:40:40.621449Z
M2,1687,saturated,M2,true,203.000,65.559,141.631,209.201,223285.867,223664.545,223702.421,1133145,1000347,342777856,79151104,49906,1133274,2026-08-02T11:40:40.621449Z
M2,1688,saturated,M2,true,274.000,52.740,82.178,104.398,223301.298,223612.483,223654.597,1133598,1000707,342925312,79159296,49890,1133796,2026-08-02T11:40:40.621449Z
M2,1689,saturated,M2,true,257.000,57.232,89.367,117.114,223003.938,223267.634,223300.688,1134128,1000963,343023616,79192064,49902,1134313,2026-08-02T11:40:40.621449Z
M2,1690,saturated,M2,true,264.000,55.067,97.082,110.976,223123.714,223354.945,223372.244,1134655,1001231,343179264,79224832,49906,1134849,2026-08-02T11:40:40.621449Z
M2,1691,saturated,M2,true,283.000,51.020,78.784,103.066,222751.915,223055.920,223102.231,1135179,1001494,343285760,79241216,49898,1135406,2026-08-02T11:40:40.621449Z
M2,1692,saturated,M2,true,270.000,53.927,91.585,102.443,222668.338,222900.027,222924.677,1135720,1001772,343425024,79273984,49902,1135962,2026-08-02T11:40:40.621449Z
M2,1693,saturated,M2,true,274.000,52.462,81.950,97.234,222565.827,222891.002,222924.839,1136287,1001772,343523328,79290368,49898,1136502,2026-08-02T11:40:40.621449Z
M2,1694,saturated,M2,true,274.000,54.339,83.789,113.796,222304.843,222542.088,222573.809,1136822,1002177,343678976,79339520,49901,1137056,2026-08-02T11:40:40.621449Z
M2,1695,saturated,M2,true,156.000,74.279,304.797,331.430,222540.097,222893.794,222914.317,1137328,1002592,343777280,79355904,49925,1137417,2026-08-02T11:40:40.621449Z
M2,1696,saturated,M2,true,221.000,62.161,143.024,206.167,222765.359,223016.259,223096.158,1137687,1002773,343818240,79372288,49906,1137832,2026-08-02T11:40:40.621449Z
M2,1697,saturated,M2,true,231.000,63.031,110.487,134.558,222559.443,222906.874,222931.763,1138136,1002976,343957504,79388672,49907,1138291,2026-08-02T11:40:40.621449Z
M2,1698,saturated,M2,true,235.000,64.013,101.118,118.488,222354.022,222706.951,222723.700,1138611,1003210,344055808,79421440,49915,1138775,2026-08-02T11:40:40.621449Z
M2,1699,saturated,M2,true,255.000,58.201,100.278,112.080,222192.788,222548.196,222590.698,1135591,897062,344096768,79446016,49905,1139263,2026-08-02T11:41:40.841844Z
M2,1700,saturated,M2,true,270.000,55.034,86.282,105.952,221908.935,222224.436,222250.603,1136060,897423,344096768,79470592,49910,1139821,2026-08-02T11:41:40.841844Z
M2,1701,saturated,M2,true,265.000,56.456,89.619,112.509,220725.276,221295.494,221337.580,1136595,897824,344285184,79486976,49905,1140348,2026-08-02T11:41:40.841844Z
M2,1702,saturated,M2,true,278.000,52.428,83.685,111.207,218594.499,219127.703,219185.955,1137115,898083,344326144,79519744,49902,1140895,2026-08-02T11:41:40.841844Z
M2,1703,saturated,M2,true,262.000,52.451,103.306,148.543,218431.620,218710.489,218746.975,1137659,898498,344563712,79560704,49921,1141457,2026-08-02T11:41:40.841844Z
M2,1704,saturated,M2,true,283.000,51.796,79.601,88.458,218090.670,218479.147,218506.111,1138191,898498,344580096,79577088,49903,1141994,2026-08-02T11:41:40.841844Z
M2,1705,saturated,M2,true,205.000,63.111,137.697,256.063,217983.782,218263.479,218376.980,1138739,898758,344752128,79601664,49921,1142426,2026-08-02T11:41:40.841844Z
M2,1706,saturated,M2,true,274.000,52.704,94.140,129.523,218000.943,218229.063,218254.364,1139165,899044,344825856,79626240,49903,1142951,2026-08-02T11:41:40.841844Z
M2,1707,saturated,M2,true,283.000,53.848,84.830,155.531,217940.428,218168.374,218213.692,1139705,899238,344981504,79650816,49906,1143524,2026-08-02T11:41:40.841844Z
M2,1708,saturated,M2,true,275.000,53.613,86.330,102.819,217927.250,218187.221,218240.084,1140245,899665,345088000,79675392,49903,1144079,2026-08-02T11:41:40.841844Z
M2,1709,saturated,M2,true,279.000,52.425,88.125,106.625,217906.974,218137.294,218172.886,1140789,899942,345235456,79699968,49907,1144640,2026-08-02T11:41:40.841844Z
M2,1710,saturated,M2,true,280.000,53.287,79.142,96.584,217815.416,218068.419,218086.569,1141365,899942,345341952,79740928,49906,1145204,2026-08-02T11:41:40.841844Z
M2,1711,saturated,M2,true,277.000,54.576,87.878,103.865,217822.481,218047.126,218072.641,1141939,900362,345505792,79773696,49911,1145765,2026-08-02T11:41:40.841844Z
M2,1712,saturated,M2,true,266.000,53.532,91.320,112.359,217824.152,218061.389,218101.379,1142508,900783,345595904,79781888,49906,1146302,2026-08-02T11:41:40.841844Z
M2,1713,saturated,M2,true,279.000,55.957,86.400,102.191,217778.492,218112.242,218151.332,1143050,901046,345710592,79814656,49910,1146850,2026-08-02T11:41:40.841844Z
M2,1714,saturated,M2,true,264.000,52.149,96.561,126.662,217680.770,217909.171,217945.631,1143607,901325,345841664,79839232,49913,1147383,2026-08-02T11:41:40.841844Z
M2,1715,saturated,M2,true,186.000,61.797,257.958,307.104,217839.368,218055.392,218077.750,1144114,901592,345931776,79863808,49913,1147781,2026-08-02T11:41:40.841844Z
M2,1716,saturated,M2,true,281.000,53.447,87.712,98.691,217809.774,218014.764,218039.530,1144576,901592,346087424,79888384,49916,1148333,2026-08-02T11:41:40.841844Z
M2,1717,saturated,M2,true,268.000,55.308,89.655,119.132,217773.856,218029.822,218069.182,1145086,901925,346161152,79912960,49917,1148863,2026-08-02T11:41:40.841844Z
M2,1718,saturated,M2,true,246.000,56.040,110.511,145.596,217461.217,217955.608,217995.106,1145626,902332,346333184,79945728,49917,1149365,2026-08-02T11:41:40.841844Z
M2,1719,saturated,M2,true,278.000,53.286,83.978,95.229,216751.201,217533.644,217553.329,1146155,902582,346415104,79953920,49916,1149919,2026-08-02T11:41:40.841844Z
M2,1720,saturated,M2,true,280.000,53.702,82.665,108.277,216104.524,216414.795,216435.576,1146694,902855,346587136,79994880,49915,1150486,2026-08-02T11:41:40.841844Z
M2,1721,saturated,M2,true,247.000,60.449,91.399,101.553,214393.950,214758.613,214906.526,1147223,903135,346669056,80027648,49919,1150977,2026-08-02T11:41:40.841844Z
M2,1722,saturated,M2,true,277.000,51.093,86.464,102.545,213895.426,214301.188,214330.367,1147719,903385,346816512,80052224,49915,1151540,2026-08-02T11:41:40.841844Z
M2,1723,saturated,M2,true,277.000,55.063,81.588,93.879,213486.666,213778.297,213810.563,1148259,903664,346931200,80068608,49922,1152104,2026-08-02T11:41:40.841844Z
M2,1724,saturated,M2,true,280.000,53.302,82.585,100.505,213375.811,213612.676,213653.814,1148805,903664,347086848,80093184,49919,1152653,2026-08-02T11:41:40.841844Z
M2,1725,saturated,M2,true,203.000,63.048,190.254,209.968,213556.327,213824.786,213845.562,1149341,904080,347168768,80134144,49926,1153078,2026-08-02T11:41:40.841844Z
M2,1726,saturated,M2,true,270.000,51.576,90.308,101.951,213730.608,213968.688,214003.722,1149781,904433,347299840,80142336,49924,1153605,2026-08-02T11:41:40.841844Z
M2,1727,saturated,M2,true,271.000,53.669,84.003,108.056,213752.319,213982.120,214018.141,1150314,904563,347389952,80175104,49923,1154164,2026-08-02T11:41:40.841844Z
M2,1728,saturated,M2,true,235.000,61.975,109.016,128.584,213482.783,213863.283,213880.949,1150855,904967,347537408,80207872,49932,1154650,2026-08-02T11:41:40.841844Z
M2,1729,saturated,M2,true,194.000,73.350,130.707,151.420,212937.508,213308.413,213347.396,1151334,905214,347635712,80216064,49948,1155066,2026-08-02T11:41:40.841844Z
M2,1730,saturated,M2,true,242.000,62.011,109.094,135.713,212728.215,213001.268,213041.463,1151694,905420,347725824,80248832,49924,1155510,2026-08-02T11:41:40.841844Z
M2,1731,saturated,M2,true,264.000,56.204,88.755,107.283,211826.809,212053.754,212087.887,1152210,905643,347865088,80281600,49924,1156049,2026-08-02T11:41:40.841844Z
M2,1732,saturated,M2,true,273.000,52.433,84.357,94.262,211893.693,212116.380,212131.752,1152721,905643,347930624,80281600,49923,1156590,2026-08-02T11:41:40.841844Z
M2,1733,saturated,M2,true,273.000,53.360,85.164,96.002,211660.311,211965.142,212005.774,1153282,906039,348069888,80322560,49922,1157136,2026-08-02T11:41:40.841844Z
M2,1734,saturated,M2,true,274.000,52.355,82.845,100.768,210046.189,210853.517,210902.960,1153838,906314,348192768,80355328,49927,1157690,2026-08-02T11:41:40.841844Z
M2,1735,saturated,M2,true,196.000,63.517,150.824,236.930,209233.603,209497.154,209530.084,1154362,906592,348282880,80379904,49941,1158112,2026-08-02T11:41:40.841844Z
M2,1736,saturated,M2,true,280.000,50.376,78.336,94.340,209287.343,209519.199,209560.070,1154787,906860,348430336,80396288,49929,1158646,2026-08-02T11:41:40.841844Z
M2,1737,saturated,M2,true,243.000,58.271,99.112,111.820,209225.022,209456.064,209536.641,1155291,907203,348512256,80420864,49936,1159150,2026-08-02T11:41:40.841844Z
M2,1738,saturated,M2,true,279.000,51.993,85.672,109.780,209285.472,209526.739,209564.822,1155811,907457,348651520,80453632,49927,1159689,2026-08-02T11:41:40.841844Z
M2,1739,saturated,M2,true,257.000,54.154,95.470,126.223,209286.213,209500.102,209533.072,1156370,907724,348766208,80470016,49927,1160211,2026-08-02T11:41:40.841844Z
M2,1740,saturated,M2,true,277.000,52.314,83.531,108.743,208881.433,209307.257,209360.573,1156916,907983,348905472,80502784,49924,1160759,2026-08-02T11:41:40.841844Z
M2,1741,saturated,M2,true,279.000,53.554,87.856,108.101,208798.013,209044.848,209066.319,1157479,907983,349020160,80535552,49929,1161326,2026-08-02T11:41:40.841844Z
M2,1742,saturated,M2,true,273.000,52.858,85.702,99.157,208749.322,208977.527,209015.134,1158048,908401,349175808,80560128,49929,1161882,2026-08-02T11:41:40.841844Z
M2,1743,saturated,M2,true,272.000,54.043,86.441,103.666,208714.301,208949.471,208972.934,1158589,908675,349274112,80584704,49933,1162421,2026-08-02T11:41:40.841844Z
M2,1744,saturated,M2,true,272.000,53.778,88.978,102.867,208360.271,208669.031,208700.824,1159138,908950,349421568,80609280,49929,1162975,2026-08-02T11:41:40.841844Z
M2,1745,saturated,M2,true,219.000,62.428,153.850,177.663,208419.865,208675.282,208702.325,1159642,909360,349519872,80642048,49927,1163409,2026-08-02T11:41:40.841844Z
M2,1746,saturated,M2,true,280.000,50.539,83.186,110.047,208474.332,208699.199,208726.118,1160149,909574,349650944,80658432,49925,1163980,2026-08-02T11:41:40.841844Z
M2,1747,saturated,M2,true,277.000,51.225,79.918,99.278,207647.585,208697.874,208748.335,1160659,909851,349773824,80691200,49929,1164533,2026-08-02T11:41:40.841844Z
M2,1748,saturated,M2,true,271.000,53.628,88.369,100.208,207137.181,207378.556,207413.379,1161231,910136,349896704,80723968,49929,1165082,2026-08-02T11:41:40.841844Z
M2,1749,saturated,M2,true,280.000,53.589,82.160,94.014,206905.436,207173.144,207211.558,1161760,910409,350011392,80756736,49932,1165645,2026-08-02T11:41:40.841844Z
M2,1750,saturated,M2,true,279.000,53.742,88.775,98.602,206583.860,207019.002,207051.102,1162337,910686,350175232,80773120,49932,1166204,2026-08-02T11:41:40.841844Z
M2,1751,saturated,M2,true,283.000,51.589,83.260,99.505,205660.612,206157.657,206214.835,1162908,910967,350265344,80789504,49932,1166762,2026-08-02T11:41:40.841844Z
M2,1752,saturated,M2,true,273.000,53.169,79.891,90.238,205172.198,205485.320,205550.617,1163476,910967,350404608,80830464,49936,1167327,2026-08-02T11:41:40.841844Z
M2,1753,saturated,M2,true,280.000,52.138,83.749,100.762,204084.166,204447.883,204501.194,1164048,911386,350535680,80863232,49926,1167890,2026-08-02T11:41:40.841844Z
M2,1754,saturated,M2,true,277.000,52.693,82.975,102.510,203933.594,204157.211,204172.413,1164613,911663,350666752,80887808,49933,1168438,2026-08-02T11:41:40.841844Z
M2,1755,saturated,M2,true,192.000,69.661,183.033,215.516,204131.197,204390.183,204408.574,1165083,911949,350781440,80896000,49943,1168842,2026-08-02T11:41:40.841844Z
M2,1756,saturated,M2,true,261.000,58.445,87.491,101.609,204212.773,204466.875,204492.258,1165520,912207,350871552,80936960,49953,1169382,2026-08-02T11:41:40.841844Z
M2,1757,saturated,M2,true,252.000,58.624,100.539,125.060,204276.665,204495.507,204516.374,1166051,912553,351010816,80961536,49946,1169878,2026-08-02T11:41:40.841844Z
M2,1758,saturated,M2,true,248.000,57.922,106.287,122.430,204348.295,204595.495,204627.522,1166560,912796,351117312,80969728,49944,1170390,2026-08-02T11:41:40.841844Z
M2,1759,saturated,M2,true,218.000,62.713,114.257,128.311,204300.872,204572.666,204606.647,1167027,897301,351191040,81010688,49959,1170849,2026-08-02T11:42:40.869143Z
M2,1760,saturated,M2,true,205.000,58.880,164.078,185.302,204112.992,204369.704,204397.187,1171632,1018948,351502336,81010688,49849,1171301,2026-08-02T11:42:40.869143Z
M2,1761,saturated,M2,true,193.000,58.360,298.810,447.319,204520.032,204754.004,204782.376,1171998,1019277,351543296,81043456,49937,1171606,2026-08-02T11:42:40.869143Z
M2,1762,saturated,M2,true,268.000,54.755,87.459,118.171,204414.411,204626.005,204687.269,1172511,1019552,351625216,81076224,49945,1172148,2026-08-02T11:42:40.869143Z
M2,1763,saturated,M2,true,268.000,56.069,88.132,104.196,204503.638,204729.699,204771.209,1173036,1019552,351813632,81084416,49939,1172679,2026-08-02T11:42:40.869143Z
M2,1764,saturated,M2,true,274.000,52.812,84.961,109.980,204461.832,204691.308,204724.080,1173613,1019965,351887360,81117184,49942,1173240,2026-08-02T11:42:40.869143Z
M2,1765,saturated,M2,true,188.000,70.059,149.957,191.991,204651.762,204909.555,204954.109,1174070,1020372,352043008,81141760,49950,1173633,2026-08-02T11:42:40.869143Z
M2,1766,saturated,M2,true,260.000,56.781,104.172,129.031,204716.773,204953.791,204987.450,1174496,1020372,352133120,81158144,49948,1174135,2026-08-02T11:42:40.869143Z
M2,1767,saturated,M2,true,266.000,54.741,93.992,116.416,204701.977,204929.822,204966.888,1175058,1020681,352239616,81190912,49942,1174674,2026-08-02T11:42:40.869143Z
M2,1768,saturated,M2,true,275.000,52.596,89.807,98.524,204830.965,205052.515,205097.246,1175603,1021087,352378880,81223680,49943,1175221,2026-08-02T11:42:40.869143Z
M2,1769,saturated,M2,true,269.000,51.342,83.079,99.130,204888.346,205111.169,205152.518,1176133,1021360,352501760,81248256,49950,1175775,2026-08-02T11:42:40.869143Z
M2,1770,saturated,M2,true,278.000,54.740,83.078,93.709,204800.568,205137.926,205176.054,1176629,1021770,352632832,81272832,49946,1176321,2026-08-02T11:42:40.869143Z
M2,1771,saturated,M2,true,269.000,54.495,84.150,101.463,204463.298,204692.220,204723.441,1177143,1021909,352739328,81313792,49947,1176868,2026-08-02T11:42:40.869143Z
M2,1772,saturated,M2,true,272.000,54.424,91.790,107.493,204161.479,204571.949,204621.322,1177670,1022182,352886784,81338368,49945,1177408,2026-08-02T11:42:40.869143Z
M2,1773,saturated,M2,true,264.000,55.338,90.349,124.936,203660.202,203878.245,203916.069,1178230,1022182,353026048,81362944,49950,1177950,2026-08-02T11:42:40.869143Z
M2,1774,saturated,M2,true,273.000,54.462,82.510,91.666,203333.258,203655.932,203693.809,1178785,1022578,353140736,81379328,49950,1178497,2026-08-02T11:42:40.869143Z
M2,1775,saturated,M2,true,209.000,64.244,159.072,187.857,203034.966,203257.909,203307.705,1179255,1022851,353239040,81420288,49951,1178916,2026-08-02T11:42:40.869143Z
M2,1776,saturated,M2,true,278.000,52.953,79.570,98.266,202110.625,202412.150,202460.397,1179731,1023204,353370112,81436672,49948,1179472,2026-08-02T11:42:40.869143Z
M2,1777,saturated,M2,true,274.000,55.778,84.138,95.053,201738.796,201955.941,201984.425,1180290,1023478,353468416,81453056,49950,1180028,2026-08-02T11:42:40.869143Z
M2,1778,saturated,M2,true,234.000,61.335,101.514,122.183,201562.792,201808.852,201856.229,1180837,1023751,353624064,81485824,49956,1180517,2026-08-02T11:42:40.869143Z
M2,1779,saturated,M2,true,257.000,58.840,97.820,111.990,201689.986,201841.324,201862.074,1181283,1023751,353705984,81518592,49952,1181015,2026-08-02T11:42:40.869143Z
M2,1780,saturated,M2,true,269.000,53.048,83.080,103.999,201663.517,201906.262,201922.235,1181814,1024121,353853440,81534976,49950,1181564,2026-08-02T11:42:40.869143Z
M2,1781,saturated,M2,true,239.000,63.681,104.623,123.533,201719.616,201979.681,202020.550,1182351,1024374,353927168,81567744,49948,1182035,2026-08-02T11:42:40.869143Z
M2,1782,saturated,M2,true,259.000,55.140,87.415,101.660,201727.441,201974.206,202008.986,1182815,1024641,354066432,81592320,49947,1182561,2026-08-02T11:42:40.869143Z
M2,1783,saturated,M2,true,266.000,53.892,80.622,91.710,201532.183,201856.505,201905.618,1183367,1025014,354181120,81616896,49947,1183100,2026-08-02T11:42:40.869143Z
M2,1784,saturated,M2,true,268.000,53.808,87.576,99.088,201430.692,201664.312,201677.850,1183908,1025279,354295808,81641472,49950,1183633,2026-08-02T11:42:40.869143Z
M2,1785,saturated,M2,true,212.000,56.407,241.968,276.348,201533.670,201822.546,201839.200,1184415,1025549,354394112,81674240,49955,1184062,2026-08-02T11:42:40.869143Z
M2,1786,saturated,M2,true,271.000,54.826,82.998,91.612,201508.839,201832.727,201869.661,1184916,1025761,354533376,81690624,49955,1184611,2026-08-02T11:42:40.869143Z
M2,1787,saturated,M2,true,275.000,53.620,82.986,96.430,201360.028,201623.791,201657.928,1185478,1026031,354639872,81707008,49953,1185159,2026-08-02T11:42:40.869143Z
M2,1788,saturated,M2,true,261.000,56.024,86.777,112.807,201277.293,201505.206,201525.964,1186005,1026031,354779136,81739776,49954,1185679,2026-08-02T11:42:40.869143Z
M2,1789,saturated,M2,true,260.000,55.630,99.747,122.996,201273.871,201502.191,201533.913,1186491,1026441,354885632,81780736,49955,1186206,2026-08-02T11:42:40.869143Z
M2,1790,saturated,M2,true,231.000,61.004,116.422,138.030,200394.120,200750.313,200783.083,1186979,1026698,355000320,81788928,49957,1186671,2026-08-02T11:42:40.869143Z
M2,1791,saturated,M2,true,254.000,57.612,102.820,122.629,200302.008,200522.924,200556.372,1187481,1027063,355131392,81813504,49960,1187188,2026-08-02T11:42:40.869143Z
M2,1792,saturated,M2,true,251.000,58.406,98.215,122.646,200210.262,200538.394,200593.086,1187964,1027321,355221504,81854464,49958,1187683,2026-08-02T11:42:40.869143Z
M2,1793,saturated,M2,true,264.000,56.307,84.614,99.792,199187.049,199744.038,199769.870,1188454,1027568,355377152,81870848,49955,1188216,2026-08-02T11:42:40.869143Z
M2,1794,saturated,M2,true,275.000,54.389,85.486,110.571,198396.703,199033.376,199059.680,1188999,1027832,355459072,81895424,49953,1188762,2026-08-02T11:42:40.869143Z
M2,1795,saturated,M2,true,199.000,63.478,183.774,238.683,198012.064,198278.796,198371.879,1189488,1028209,355606528,81928192,49961,1189178,2026-08-02T11:42:40.869143Z
M2,1796,saturated,M2,true,271.000,54.553,86.114,105.732,197100.148,197716.091,197764.180,1189963,1028209,355696640,81944576,49957,1189709,2026-08-02T11:42:40.869143Z
M2,1797,saturated,M2,true,244.000,56.369,90.330,104.323,196808.756,197066.978,197107.515,1190480,1028443,355835904,81977344,49965,1190224,2026-08-02T11:42:40.869143Z
M2,1798,saturated,M2,true,245.000,66.859,94.387,114.209,196847.126,197067.278,197119.781,1190953,1028708,355926016,82001920,49962,1190694,2026-08-02T11:42:40.869143Z
M2,1799,saturated,M2,true,267.000,55.325,87.840,104.975,196831.556,197034.978,197048.002,1191381,1028950,356057088,82026496,49961,1191230,2026-08-02T11:42:40.869143Z
M2,1800,saturated,M2,true,268.000,54.629,81.184,91.381,196765.423,197046.283,197072.504,1191909,1029194,356171776,82042880,49957,1191776,2026-08-02T11:42:40.869143Z
M2,1801,saturated,M2,true,269.000,53.061,79.453,97.799,196543.406,196993.706,197042.237,1192476,1029470,356319232,82067456,49959,1192309,2026-08-02T11:42:40.869143Z
M2,1802,saturated,M2,true,262.000,54.709,83.911,105.536,195161.308,195821.062,195864.983,1193025,1029870,356425728,82108416,49964,1192840,2026-08-02T11:42:40.869143Z
M2,1803,saturated,M2,true,235.000,58.221,111.989,140.816,194929.838,195258.865,195296.208,1193560,1030138,356548608,82124800,49961,1193318,2026-08-02T11:42:40.869143Z
M2,1804,saturated,M2,true,269.000,55.167,89.778,102.854,193951.780,194505.003,194548.938,1194057,1030369,356671488,82149376,49964,1193856,2026-08-02T11:42:40.869143Z
M2,1805,saturated,M2,true,193.000,67.030,175.798,204.006,193714.930,194044.262,194060.005,1194540,1030645,356777984,82182144,49963,1194249,2026-08-02T11:42:40.869143Z
M2,1806,saturated,M2,true,275.000,53.144,86.375,110.985,193875.492,194098.956,194135.035,1194966,1030645,356884480,82190336,49969,1194802,2026-08-02T11:42:40.869143Z
M2,1807,saturated,M2,true,260.000,58.344,92.156,110.192,193847.521,194093.916,194118.689,1195512,1030978,357007360,82223104,49965,1195321,2026-08-02T11:42:40.869143Z
M2,1808,saturated,M2,true,266.000,55.956,87.171,99.653,193960.284,194186.860,194221.940,1196051,1031241,357138432,82255872,49968,1195851,2026-08-02T11:42:40.869143Z
M2,1809,saturated,M2,true,261.000,55.156,89.047,106.888,193892.804,194269.674,194316.641,1196594,1031638,357236736,82280448,49969,1196380,2026-08-02T11:42:40.869143Z
M2,1810,saturated,M2,true,270.000,53.265,85.384,93.860,193678.536,193908.190,193943.998,1197136,1031903,357384192,82296832,49967,1196921,2026-08-02T11:42:40.869143Z
M2,1811,saturated,M2,true,267.000,55.842,88.432,103.020,193741.175,193983.693,194019.203,1197656,1032170,357490688,82337792,49970,1197461,2026-08-02T11:42:40.869143Z
M2,1812,saturated,M2,true,271.000,53.841,85.812,109.505,193786.742,194012.551,194052.778,1198215,1032439,357638144,82362368,49968,1197998,2026-08-02T11:42:40.869143Z
M2,1813,saturated,M2,true,265.000,54.450,84.347,111.691,193884.719,194108.420,194141.002,1198762,1032707,357728256,82386944,49969,1198546,2026-08-02T11:42:40.869143Z
M2,1814,saturated,M2,true,264.000,54.974,86.156,105.504,193937.223,194176.191,194191.078,1199311,1032707,357892096,82403328,49968,1199076,2026-08-02T11:42:40.869143Z
M2,1815,saturated,M2,true,180.000,74.595,219.862,303.271,194179.823,194433.312,194497.620,1199774,1033110,357965824,82444288,49969,1199428,2026-08-02T11:42:40.869143Z
M2,1816,saturated,M2,true,260.000,55.748,88.943,102.490,194348.070,194591.101,194616.624,1200220,1033417,358088704,82452480,49966,1199961,2026-08-02T11:42:40.869143Z
M2,1817,saturated,M2,true,259.000,54.971,84.524,106.194,194157.887,194585.566,194621.285,1200751,1033553,358203392,82485248,49968,1200480,2026-08-02T11:42:40.869143Z
M2,1818,saturated,M2,true,256.000,57.104,89.954,106.270,194158.016,194378.236,194399.721,1201253,1033941,358326272,82509824,49973,1200992,2026-08-02T11:42:40.869143Z
M2,1819,saturated,M2,true,257.000,58.456,88.342,110.730,194169.907,194458.484,194491.409,1197551,926452,358375424,82534400,49974,1201512,2026-08-02T11:43:40.933877Z
M2,1820,saturated,M2,true,266.000,57.052,86.483,98.236,194061.228,194286.663,194315.969,1198009,926710,358375424,82558976,49974,1202049,2026-08-02T11:43:40.933877Z
M2,1821,saturated,M2,true,247.000,55.828,102.151,131.092,194178.897,194385.581,194416.357,1198529,926977,358563840,82583552,49972,1202548,2026-08-02T11:43:40.933877Z
M2,1822,saturated,M2,true,266.000,54.848,88.931,104.308,194219.407,194445.261,194482.768,1199069,926977,358621184,82616320,49838,1203071,2026-08-02T11:43:40.933877Z
M2,1823,saturated,M2,true,246.000,59.566,97.582,129.493,194250.205,194498.374,194552.316,1199573,927356,358809600,82624512,49972,1203571,2026-08-02T11:43:40.933877Z
M2,1824,saturated,M2,true,265.000,56.104,86.966,98.702,194397.114,194607.035,194652.244,1200078,927735,358866944,82657280,49972,1204105,2026-08-02T11:43:40.933877Z
M2,1825,saturated,M2,true,197.000,62.219,239.784,260.146,194561.731,194799.922,194820.942,1200557,928001,359030784,82690048,49974,1204504,2026-08-02T11:43:40.933877Z
M2,1826,saturated,M2,true,252.000,54.943,102.739,115.204,194571.057,194786.717,194818.780,1200938,928001,359104512,82698240,49975,1205006,2026-08-02T11:43:40.933877Z
M2,1827,saturated,M2,true,268.000,56.092,92.863,102.477,194567.362,194793.311,194813.815,1201473,928313,359251968,82731008,49974,1205544,2026-08-02T11:43:40.933877Z
M2,1828,saturated,M2,true,271.000,56.420,81.652,90.437,194544.811,194778.575,194795.608,1201991,928585,359358464,82763776,49975,1206081,2026-08-02T11:43:40.933877Z
M2,1829,saturated,M2,true,264.000,53.257,84.533,99.598,194561.372,194774.641,194804.573,1202519,928987,359432192,82788352,49972,1206619,2026-08-02T11:43:40.933877Z
M2,1830,saturated,M2,true,262.000,56.360,90.351,107.500,194312.681,194502.439,194535.523,1203064,928987,359612416,82812928,49973,1207150,2026-08-02T11:43:40.933877Z
M2,1831,saturated,M2,true,270.000,54.817,84.284,97.033,194329.292,194541.936,194587.886,1203587,929385,359710720,82837504,49974,1207692,2026-08-02T11:43:40.933877Z
M2,1832,saturated,M2,true,275.000,57.806,85.678,99.829,194378.721,194591.008,194621.689,1204137,929653,359858176,82870272,49978,1208236,2026-08-02T11:43:40.933877Z
M2,1833,saturated,M2,true,265.000,55.660,86.550,98.332,194365.751,194610.085,194638.557,1204697,929919,359948288,82886656,49842,1208780,2026-08-02T11:43:40.933877Z
M2,1834,saturated,M2,true,274.000,56.052,81.614,98.105,194370.695,194601.230,194615.680,1205233,930192,360120320,82919424,49974,1209326,2026-08-02T11:43:40.933877Z
M2,1835,saturated,M2,true,201.000,60.344,234.279,298.790,194024.486,194307.925,194341.091,1205744,930603,360169472,82952192,49977,1209744,2026-08-02T11:43:40.933877Z
M2,1836,saturated,M2,true,275.000,53.667,87.603,122.432,194097.275,194333.145,194361.570,1206242,930603,360349696,82968576,49978,1210289,2026-08-02T11:43:40.933877Z
M2,1837,saturated,M2,true,270.000,56.074,91.742,108.461,194179.640,194414.621,194451.997,1206762,930943,360415232,82984960,49978,1210820,2026-08-02T11:43:40.933877Z
M2,1838,saturated,M2,true,223.000,60.816,117.843,136.216,194311.955,194622.967,194671.254,1207275,931212,360595456,83025920,49984,1211290,2026-08-02T11:43:40.933877Z
M2,1839,saturated,M2,true,268.000,56.097,85.828,99.946,194467.153,194691.149,194739.938,1207787,931575,360669184,83042304,49982,1211824,2026-08-02T11:43:40.933877Z
M2,1840,saturated,M2,true,255.000,55.100,84.436,104.020,194245.847,194509.188,194531.747,1208318,931575,360816640,83058688,49854,1212346,2026-08-02T11:43:40.933877Z
M2,1841,saturated,M2,true,248.000,58.784,94.610,105.737,194397.672,194630.669,194669.910,1208804,931974,360906752,83091456,49851,1212839,2026-08-02T11:43:40.933877Z
M2,1842,saturated,M2,true,263.000,54.116,85.245,108.080,194480.762,194705.129,194742.933,1209337,932347,361013248,83132416,49841,1213368,2026-08-02T11:43:40.933877Z
M2,1843,saturated,M2,true,264.000,56.254,90.992,100.537,194582.650,194818.174,194832.539,1209882,932347,361160704,83140608,49850,1213896,2026-08-02T11:43:40.933877Z
M2,1844,saturated,M2,true,263.000,57.869,86.310,100.023,194524.896,194754.063,194771.537,1210386,932744,361242624,83173376,49982,1214424,2026-08-02T11:43:40.933877Z
M2,1845,saturated,M2,true,188.000,70.408,253.695,288.510,194596.469,194906.350,194938.759,1210809,933139,361406464,83197952,49984,1214797,2026-08-02T11:43:40.933877Z
M2,1846,saturated,M2,true,262.000,56.008,85.100,124.504,194825.979,195047.391,195074.992,1211273,933139,361472000,83214336,49847,1215324,2026-08-02T11:43:40.933877Z
M2,1847,saturated,M2,true,263.000,56.523,91.841,116.814,194744.053,194995.505,195037.382,1211785,933454,361635840,83255296,49981,1215857,2026-08-02T11:43:40.933877Z
M2,1848,saturated,M2,true,263.000,57.344,89.085,104.022,194612.791,194847.449,194874.787,1212301,933852,361709568,83279872,49847,1216386,2026-08-02T11:43:40.933877Z
M2,1849,saturated,M2,true,264.000,57.452,90.982,109.046,194613.781,194860.857,194904.166,1212815,934120,361865216,83304448,49984,1216907,2026-08-02T11:43:40.933877Z
M2,1850,saturated,M2,true,263.000,56.770,88.798,108.691,194447.581,194836.038,194885.489,1213360,934120,361963520,83320832,49847,1217439,2026-08-02T11:43:40.933877Z
M2,1851,saturated,M2,true,253.000,58.631,98.129,112.530,194348.177,194569.146,194601.437,1213886,934506,362119168,83353600,49860,1217952,2026-08-02T11:43:40.933877Z
M2,1852,saturated,M2,true,261.000,55.134,86.225,96.739,194292.016,194554.351,194593.528,1214399,934900,362209280,83386368,49857,1218478,2026-08-02T11:43:40.933877Z
M2,1853,saturated,M2,true,272.000,56.394,85.380,100.909,194224.349,194431.085,194464.502,1214916,934900,362340352,83402752,49850,1219020,2026-08-02T11:43:40.933877Z
M2,1854,saturated,M2,true,265.000,58.057,89.839,128.271,194138.741,194359.809,194395.975,1215458,935294,362463232,83435520,49856,1219549,2026-08-02T11:43:40.933877Z
M2,1855,saturated,M2,true,192.000,64.644,235.665,281.130,194238.978,194616.877,194629.816,1215936,935565,362545152,83451904,49892,1219942,2026-08-02T11:43:40.933877Z
M2,1856,saturated,M2,true,262.000,58.859,89.528,107.389,194366.745,194563.816,194593.956,1216385,935796,362668032,83476480,49864,1220467,2026-08-02T11:43:40.933877Z
M2,1857,saturated,M2,true,186.000,61.648,250.591,289.969,194463.624,194809.828,194847.883,1216878,936150,362766336,83509248,49923,1220860,2026-08-02T11:43:40.933877Z
M2,1858,saturated,M2,true,238.000,64.101,117.099,146.233,194745.129,195024.534,195058.491,1217292,936150,362881024,83525632,49867,1221323,2026-08-02T11:43:40.933877Z
M2,1859,saturated,M2,true,245.000,60.408,103.538,138.884,194695.873,194900.403,194939.666,1217729,936455,362979328,83542016,49864,1221818,2026-08-02T11:43:40.933877Z
M2,1860,saturated,M2,true,265.000,57.779,93.882,124.407,194458.052,194905.545,194969.582,1218259,936828,363118592,83574784,49856,1222346,2026-08-02T11:43:40.933877Z
M2,1861,saturated,M2,true,263.000,55.498,86.681,98.503,194419.553,194637.186,194662.075,1218713,937084,363233280,83599360,49860,1222874,2026-08-02T11:43:40.933877Z
M2,1862,saturated,M2,true,253.000,56.555,97.160,109.082,194511.301,194738.789,194758.598,1219215,937353,363356160,83623936,49870,1223384,2026-08-02T11:43:40.933877Z
M2,1863,saturated,M2,true,243.000,61.293,102.687,111.767,194580.910,194787.805,194810.691,1219681,937353,363470848,83648512,49871,1223876,2026-08-02T11:43:40.933877Z
M2,1864,saturated,M2,true,258.000,56.086,94.326,110.681,194592.916,194810.844,194842.388,1220187,937727,363569152,83681280,49863,1224399,2026-08-02T11:43:40.933877Z
M2,1865,saturated,M2,true,188.000,70.055,196.831,256.954,194807.670,195156.805,195172.412,1220513,937980,363626496,83681280,49900,1224575,2026-08-02T11:43:40.933877Z
M2,1866,saturated,M2,true,252.000,57.136,108.754,122.409,195045.571,195263.841,195291.341,1220912,937980,363732992,83705856,49867,1225023,2026-08-02T11:43:40.933877Z
M2,1867,saturated,M2,true,260.000,52.855,96.835,131.498,195083.877,195300.123,195332.266,1221427,938298,363839488,83730432,49861,1225537,2026-08-02T11:43:40.933877Z
M2,1868,saturated,M2,true,261.000,55.217,90.237,107.354,195133.219,195369.045,195423.536,1221968,938547,363970560,83763200,49862,1226062,2026-08-02T11:43:40.933877Z
M2,1869,saturated,M2,true,259.000,57.696,94.357,105.971,195165.584,195396.278,195414.547,1222504,938937,364077056,83787776,49864,1226586,2026-08-02T11:43:40.933877Z
M2,1870,saturated,M2,true,267.000,56.985,84.764,99.438,194971.132,195402.037,195450.544,1223039,938937,364208128,83795968,49857,1227118,2026-08-02T11:43:40.933877Z
M2,1871,saturated,M2,true,248.000,57.243,89.477,104.795,194927.124,195139.006,195156.160,1223582,939330,364322816,83845120,49866,1227629,2026-08-02T11:43:40.933877Z
M2,1872,saturated,M2,true,259.000,57.256,85.405,97.342,194964.121,195193.495,195216.796,1224073,939597,364453888,83877888,49863,1228143,2026-08-02T11:43:40.933877Z
M2,1873,saturated,M2,true,253.000,56.855,88.793,110.368,194964.749,195197.918,195225.217,1224599,939973,364560384,83894272,49871,1228660,2026-08-02T11:43:40.933877Z
M2,1874,saturated,M2,true,233.000,60.341,151.571,197.960,195090.521,195293.708,195317.906,1225077,940235,364691456,83910656,49872,1229132,2026-08-02T11:43:40.933877Z
M2,1875,saturated,M2,true,153.000,79.050,211.115,249.908,195374.334,195784.605,195813.019,1225480,940235,364781568,83943424,49922,1229536,2026-08-02T11:43:40.933877Z
M2,1876,saturated,M2,true,238.000,62.417,106.440,130.590,195647.103,195870.380,195910.904,1225818,940593,364855296,83951616,49880,1229927,2026-08-02T11:43:40.933877Z
M2,1877,saturated,M2,true,238.000,61.561,102.309,118.563,195809.308,196068.231,196087.664,1226275,940866,364978176,83984384,49880,1230411,2026-08-02T11:43:40.933877Z
M2,1878,saturated,M2,true,248.000,61.467,101.145,123.577,196017.666,196261.245,196313.124,1226747,940866,365068288,84008960,49877,1230898,2026-08-02T11:43:40.933877Z
M2,1879,saturated,M2,true,240.000,62.500,103.401,121.772,196119.699,196347.803,196392.486,1227294,926338,365182976,84025344,49877,1231374,2026-08-02T11:44:40.979162Z
M2,1880,saturated,M2,true,255.000,58.157,92.162,114.286,196208.588,196436.579,196477.085,1227775,926700,365355008,84049920,49878,1231891,2026-08-02T11:44:40.979162Z
M2,1881,saturated,M2,true,259.000,55.810,88.833,100.497,196337.206,196562.229,196587.596,1228307,926956,365395968,84082688,49870,1232400,2026-08-02T11:44:40.979162Z
M2,1882,saturated,M2,true,253.000,55.882,93.719,102.797,196112.789,196355.812,196382.098,1228830,927208,365592576,84099072,49873,1232913,2026-08-02T11:44:40.979162Z
M2,1883,saturated,M2,true,261.000,59.277,94.597,103.957,196154.421,196408.646,196469.441,1229358,927465,365649920,84123648,49870,1233430,2026-08-02T11:44:40.979162Z
M2,1884,saturated,M2,true,258.000,58.189,95.046,112.754,195992.948,196216.703,196244.068,1229886,927722,365813760,84164608,49870,1233958,2026-08-02T11:44:40.979162Z
M2,1885,saturated,M2,true,184.000,75.822,232.276,262.300,196140.596,196436.152,196498.413,1230388,928118,365903872,84164608,49904,1234379,2026-08-02T11:44:40.979162Z
M2,1886,saturated,M2,true,250.000,60.287,101.911,119.093,196348.545,196582.715,196600.068,1230771,928118,365961216,84197376,49874,1234827,2026-08-02T11:44:40.979162Z
M2,1887,saturated,M2,true,239.000,63.365,106.786,113.494,196417.146,196627.038,196676.368,1231249,928296,366116864,84230144,49888,1235324,2026-08-02T11:44:40.979162Z
M2,1888,saturated,M2,true,257.000,58.893,95.547,112.304,196539.987,196755.942,196777.424,1231750,928549,366190592,84238336,49879,1235828,2026-08-02T11:44:40.979162Z
M2,1889,saturated,M2,true,254.000,59.902,96.656,104.658,196587.757,196806.227,196829.934,1232264,928918,366354432,84279296,49881,1236340,2026-08-02T11:44:40.979162Z
M2,1890,saturated,M2,true,253.000,57.521,93.079,106.335,196605.560,196836.297,196865.516,1232795,928918,366436352,84295680,49887,1236858,2026-08-02T11:44:40.979162Z
M2,1891,saturated,M2,true,251.000,57.883,99.207,133.287,196639.886,196952.662,196990.171,1233320,929299,366592000,84320256,49882,1237361,2026-08-02T11:44:40.979162Z
M2,1892,saturated,M2,true,262.000,56.031,98.019,113.982,196401.313,196682.611,196723.360,1233838,929680,366682112,84353024,49878,1237875,2026-08-02T11:44:40.979162Z
M2,1893,saturated,M2,true,262.000,58.880,96.155,111.258,196233.527,196454.007,196486.475,1234378,929680,366821376,84377600,49875,1238400,2026-08-02T11:44:40.979162Z
M2,1894,saturated,M2,true,260.000,56.404,93.871,108.995,196048.794,196299.942,196354.875,1234895,930070,366927872,84393984,49877,1238922,2026-08-02T11:44:40.979162Z
M2,1895,saturated,M2,true,198.000,61.207,196.913,266.012,196068.978,196385.590,196421.933,1235430,930324,367009792,84418560,49885,1239342,2026-08-02T11:44:40.979162Z
M2,1896,saturated,M2,true,265.000,58.606,84.742,92.650,196191.981,196403.428,196412.184,1235758,930667,367140864,84451328,49874,1239846,2026-08-02T11:44:40.979162Z
M2,1897,saturated,M2,true,260.000,56.595,89.203,102.565,196232.157,196455.728,196509.310,1236300,930918,367206400,84467712,49879,1240378,2026-08-02T11:44:40.979162Z
M2,1898,saturated,M2,true,229.000,64.301,130.327,163.727,196304.479,196572.873,196624.166,1236803,930918,367353856,84492288,49908,1240890,2026-08-02T11:44:40.979162Z
M2,1899,saturated,M2,true,264.000,56.422,88.116,102.236,196421.755,196657.647,196692.027,1237260,931314,367452160,84525056,49879,1241362,2026-08-02T11:44:40.979162Z
M2,1900,saturated,M2,true,257.000,58.725,96.420,118.053,196498.784,196718.293,196757.963,1237798,931673,367583232,84557824,49875,1241882,2026-08-02T11:44:40.979162Z
M2,1901,saturated,M2,true,261.000,56.469,91.973,98.579,196499.654,196720.765,196754.169,1238331,931673,367689728,84566016,49878,1242406,2026-08-02T11:44:40.979162Z
M2,1902,saturated,M2,true,257.000,56.032,92.617,116.921,196331.993,196569.220,196765.513,1238867,932064,367812608,84606976,49880,1242922,2026-08-02T11:44:40.979162Z
M2,1903,saturated,M2,true,255.000,57.106,94.245,127.391,196373.045,196628.689,196659.310,1239390,932326,367935488,84623360,49886,1243448,2026-08-02T11:44:40.979162Z
M2,1904,saturated,M2,true,259.000,58.589,90.476,107.309,196486.625,196716.367,196750.471,1239914,932713,368041984,84647936,49884,1243957,2026-08-02T11:44:40.979162Z
M2,1905,saturated,M2,true,195.000,65.162,244.374,290.213,196618.692,196981.585,197013.970,1240386,932713,368173056,84680704,49893,1244381,2026-08-02T11:44:40.979162Z
M2,1906,saturated,M2,true,257.000,56.891,89.993,101.528,196848.503,197058.130,197085.571,1240777,933098,368246784,84697088,49885,1244872,2026-08-02T11:44:40.979162Z
M2,1907,saturated,M2,true,250.000,58.295,99.780,117.659,196975.198,197203.316,197218.210,1241274,933422,368386048,84721664,49886,1245383,2026-08-02T11:44:40.979162Z
M2,1908,saturated,M2,true,251.000,58.658,102.094,122.513,197053.025,197275.703,197291.172,1241742,933422,368500736,84746240,49883,1245877,2026-08-02T11:44:40.979162Z
M2,1909,saturated,M2,true,258.000,56.869,99.222,121.484,197116.407,197353.652,197371.433,1242226,933803,368631808,84762624,49885,1246393,2026-08-02T11:44:40.979162Z
M2,1910,saturated,M2,true,253.000,57.974,96.124,110.689,197113.166,197363.941,197393.653,1242749,934052,368738304,84795392,49890,1246914,2026-08-02T11:44:40.979162Z
M2,1911,saturated,M2,true,246.000,60.093,89.025,115.786,197213.899,197441.130,197468.617,1243272,934309,368852992,84819968,49887,1247411,2026-08-02T11:44:40.979162Z
M2,1912,saturated,M2,true,260.000,56.491,94.831,118.110,197151.112,197465.362,197512.174,1243783,934684,368967680,84852736,49889,1247934,2026-08-02T11:44:40.979162Z
M2,1913,saturated,M2,true,261.000,57.482,92.060,115.800,197027.187,197266.305,197296.435,1244312,934684,369098752,84860928,49887,1248453,2026-08-02T11:44:40.979162Z
M2,1914,saturated,M2,true,252.000,61.483,97.786,120.867,197127.099,197362.819,197403.054,1244849,935070,369197056,84893696,49894,1248962,2026-08-02T11:44:40.979162Z
M2,1915,saturated,M2,true,190.000,70.542,195.855,209.595,197325.689,197651.381,197721.874,1245360,935462,369319936,84934656,49914,1249390,2026-08-02T11:44:40.979162Z
M2,1916,saturated,M2,true,257.000,54.627,95.435,115.117,197366.227,197590.561,197626.694,1245780,935673,369418240,84934656,49891,1249858,2026-08-02T11:44:40.979162Z
M2,1917,saturated,M2,true,235.000,60.103,115.016,138.476,197455.477,197709.124,197737.253,1246277,935906,369541120,84959232,49913,1250377,2026-08-02T11:44:40.979162Z
M2,1918,saturated,M2,true,251.000,59.504,91.396,106.019,197601.756,197823.022,197885.891,1246735,935906,369655808,85000192,49895,1250845,2026-08-02T11:44:40.979162Z
M2,1919,saturated,M2,true,242.000,60.274,107.673,127.477,197642.689,197882.160,197902.470,1247254,936268,369745920,85008384,49904,1251353,2026-08-02T11:44:40.979162Z
M2,1920,saturated,M2,true,251.000,60.755,96.599,118.487,197708.675,197936.403,197956.670,1247741,936650,369893376,85041152,49891,1251828,2026-08-02T11:44:40.979162Z
M2,1921,saturated,M2,true,238.000,58.894,100.549,122.933,197884.173,198146.083,198196.228,1248232,936885,369975296,85073920,49899,1252335,2026-08-02T11:44:40.979162Z
M2,1922,saturated,M2,true,248.000,56.736,105.550,118.736,197967.989,198198.318,198215.322,1248727,937136,370106368,85073920,49894,1252813,2026-08-02T11:44:40.979162Z
M2,1923,saturated,M2,true,258.000,56.841,89.421,101.901,197894.383,198230.963,198276.034,1249216,937136,370221056,85114880,49899,1253334,2026-08-02T11:44:40.979162Z
M2,1924,saturated,M2,true,257.000,59.365,92.174,111.005,197869.886,198086.204,198120.046,1249744,937503,370343936,85147648,49894,1253851,2026-08-02T11:44:40.979162Z
M2,1925,saturated,M2,true,190.000,71.235,187.276,204.499,197975.140,198236.060,198277.800,1250232,937893,370442240,85155840,49918,1254278,2026-08-02T11:44:40.979162Z
M2,1926,saturated,M2,true,250.000,60.390,107.104,145.425,198205.068,198435.590,198476.641,1250647,938104,370540544,85188608,49896,1254737,2026-08-02T11:44:40.979162Z
M2,1927,saturated,M2,true,258.000,58.367,96.913,117.825,198130.470,198350.355,198382.882,1251129,938334,370671616,85213184,49898,1255250,2026-08-02T11:44:40.979162Z
M2,1928,saturated,M2,true,252.000,60.556,95.892,110.650,197868.748,198088.357,198106.012,1251653,938334,370769920,85221376,49894,1255750,2026-08-02T11:44:40.979162Z
M2,1929,saturated,M2,true,259.000,57.208,96.727,114.068,197851.803,198078.769,198102.886,1252179,938715,370892800,85262336,49894,1256279,2026-08-02T11:44:40.979162Z
M2,1930,saturated,M2,true,262.000,58.146,82.006,88.981,197911.580,198124.848,198162.588,1252647,939101,371007488,85286912,49897,1256803,2026-08-02T11:44:40.979162Z
M2,1931,saturated,M2,true,255.000,58.189,85.238,101.772,197951.884,198174.521,198197.258,1253193,939101,371138560,85319680,49895,1257317,2026-08-02T11:44:40.979162Z
M2,1932,saturated,M2,true,259.000,57.572,93.041,114.160,198002.037,198218.587,198243.423,1253723,939491,371269632,85327872,49899,1257846,2026-08-02T11:44:40.979162Z
M2,1933,saturated,M2,true,260.000,58.048,89.979,106.958,197916.080,198256.798,198279.263,1254241,939751,371367936,85360640,49896,1258353,2026-08-02T11:44:40.979162Z
M2,1934,saturated,M2,true,250.000,56.175,96.931,115.968,197907.551,198121.172,198142.810,1254740,940006,371507200,85393408,49899,1258870,2026-08-02T11:44:40.979162Z
M2,1935,saturated,M2,true,194.000,67.830,204.067,226.695,198031.211,198329.059,198377.304,1255229,940394,371605504,85401600,49905,1259266,2026-08-02T11:44:40.979162Z
M2,1936,saturated,M2,true,256.000,58.213,91.419,111.144,198106.083,198346.487,198373.036,1255664,940591,371687424,85434368,49901,1259777,2026-08-02T11:44:40.979162Z
M2,1937,saturated,M2,true,233.000,60.197,101.719,119.312,198217.435,198495.979,198538.829,1256146,940591,371826688,85458944,49908,1260261,2026-08-02T11:44:40.979162Z
M2,1938,saturated,M2,true,244.000,62.811,99.956,131.385,198292.107,198517.523,198546.955,1256608,940971,371916800,85475328,49908,1260748,2026-08-02T11:44:40.979162Z
M2,1939,saturated,M2,true,242.000,62.943,98.261,118.482,198457.403,198674.479,198694.458,1257006,938851,372039680,85516288,49907,1261230,2026-08-02T11:45:41.041832Z
M2,1940,saturated,M2,true,247.000,59.263,110.087,127.737,198568.873,198778.614,198820.214,1258734,1066193,372342784,85532672,49906,1261725,2026-08-02T11:45:41.041832Z
M2,1941,saturated,M2,true,242.000,63.735,103.348,120.589,198675.325,198915.947,198965.481,1259207,1066552,372441088,85540864,49902,1262208,2026-08-02T11:45:41.041832Z
M2,1942,saturated,M2,true,258.000,56.362,97.489,111.858,198754.704,198973.086,199000.288,1259721,1066797,372547584,85581824,49907,1262725,2026-08-02T11:45:41.041832Z
M2,1943,saturated,M2,true,249.000,62.515,100.306,126.503,198835.572,199072.092,199112.023,1260212,1067048,372654080,85606400,49910,1263234,2026-08-02T11:45:41.041832Z
M2,1944,saturated,M2,true,253.000,60.335,95.459,115.524,198728.633,198953.501,198984.456,1260708,1067306,372760576,85622784,49900,1263735,2026-08-02T11:45:41.041832Z
M2,1945,saturated,M2,true,177.000,76.549,234.856,254.291,198908.710,199194.894,199199.705,1261197,1067675,372883456,85655552,49927,1264137,2026-08-02T11:45:41.041832Z
M2,1946,saturated,M2,true,243.000,61.082,114.851,128.876,199170.913,199429.698,199466.748,1261554,1067881,372973568,85655552,49909,1264587,2026-08-02T11:45:41.041832Z
M2,1947,saturated,M2,true,240.000,65.146,104.157,125.675,199303.271,199579.935,199616.702,1262047,1068105,373104640,85688320,49915,1265080,2026-08-02T11:45:41.041832Z
M2,1948,saturated,M2,true,249.000,58.069,92.861,121.291,199438.312,199674.845,199696.109,1262533,1068105,373194752,85729280,49909,1265562,2026-08-02T11:45:41.041832Z
M2,1949,saturated,M2,true,245.000,61.291,99.613,112.874,199481.797,199718.539,199773.474,1263048,1068468,373325824,85729280,49917,1266077,2026-08-02T11:45:41.041832Z
M2,1950,saturated,M2,true,256.000,58.353,92.343,113.615,199606.401,199832.780,199866.231,1263534,1068847,373424128,85770240,49909,1266573,2026-08-02T11:45:41.041832Z
M2,1951,saturated,M2,true,222.000,65.050,109.072,132.792,199769.012,200060.101,200089.275,1263978,1068847,373555200,85794816,49932,1267058,2026-08-02T11:45:41.041832Z
M2,1952,saturated,M2,true,145.000,80.578,271.504,356.149,200187.249,200576.108,200587.051,1264418,1069224,373628928,85803008,49918,1267323,2026-08-02T11:45:41.041832Z
M2,1953,saturated,M2,true,220.000,65.456,113.577,163.392,200421.305,200667.206,200678.230,1264730,1069471,373702656,85827584,49920,1267784,2026-08-02T11:45:41.041832Z
M2,1954,saturated,M2,true,194.000,73.950,160.969,185.152,200676.014,201054.127,201067.265,1265186,1069696,373825536,85843968,49938,1268205,2026-08-02T11:45:41.041832Z
M2,1955,saturated,M2,true,172.000,83.588,221.026,286.940,201006.730,201390.765,201428.858,1265594,1069902,373907456,85868544,49935,1268539,2026-08-02T11:45:41.041832Z
M2,1956,saturated,M2,true,219.000,70.065,131.032,155.849,201309.594,201559.684,201581.844,1265953,1070070,373964800,85876736,49921,1268947,2026-08-02T11:45:41.041832Z
M2,1957,saturated,M2,true,231.000,66.527,106.687,117.634,201231.805,201451.909,201511.677,1266408,1070070,374112256,85909504,49915,1269410,2026-08-02T11:45:41.041832Z
M2,1958,saturated,M2,true,225.000,69.488,106.175,127.741,201401.458,201632.121,201679.544,1266841,1070389,374185984,85934080,49926,1269873,2026-08-02T11:45:41.041832Z
M2,1959,saturated,M2,true,226.000,64.722,107.850,130.482,201427.983,201656.295,201668.392,1267308,1070736,374292480,85950464,49927,1270338,2026-08-02T11:45:41.041832Z
M2,1960,saturated,M2,true,246.000,61.766,99.074,127.241,201486.247,201748.812,201779.849,1267778,1070967,374407168,85983232,49917,1270809,2026-08-02T11:45:41.041832Z
M2,1961,saturated,M2,true,249.000,61.388,106.618,128.494,201434.403,201640.274,201666.626,1268286,1070967,374497280,86007808,49918,1271309,2026-08-02T11:45:41.041832Z
M2,1962,saturated,M2,true,250.000,61.433,101.431,116.489,201063.356,201368.173,201416.048,1268805,1071328,374628352,86016000,49918,1271820,2026-08-02T11:45:41.041832Z
M2,1963,saturated,M2,true,251.000,60.604,96.163,130.986,200973.019,201189.660,201241.004,1269320,1071707,374726656,86048768,49919,1272322,2026-08-02T11:45:41.041832Z
M2,1964,saturated,M2,true,252.000,59.455,91.909,108.603,201047.518,201307.062,201334.144,1269831,1071955,374857728,86081536,49917,1272827,2026-08-02T11:45:41.041832Z
M2,1965,saturated,M2,true,187.000,67.300,256.258,318.417,201264.964,201624.412,201637.131,1270333,1071955,374964224,86097920,49937,1273226,2026-08-02T11:45:41.041832Z
M2,1966,saturated,M2,true,247.000,62.704,93.721,107.563,201405.907,201677.162,201704.534,1270704,1072335,375029760,86122496,49918,1273692,2026-08-02T11:45:41.041832Z
M2,1967,saturated,M2,true,251.000,60.418,95.237,125.115,201237.333,201571.502,201600.030,1271197,1072639,375185408,86138880,49923,1274211,2026-08-02T11:45:41.041832Z
M2,1968,saturated,M2,true,254.000,58.551,105.031,125.127,201256.666,201538.967,201565.135,1271685,1072896,375283712,86171648,49921,1274704,2026-08-02T11:45:41.041832Z
M2,1969,saturated,M2,true,234.000,61.436,116.856,137.128,201313.148,201595.827,201608.460,1272166,1073015,375414784,86204416,49926,1275195,2026-08-02T11:45:41.041832Z
M2,1970,saturated,M2,true,241.000,61.573,96.960,108.975,201438.061,201662.812,201731.136,1272635,1073385,375504896,86220800,49927,1275681,2026-08-02T11:45:41.041832Z
M2,1971,saturated,M2,true,236.000,64.650,104.828,121.390,201569.940,201833.299,201868.000,1273086,1073628,375635968,86237184,49930,1276170,2026-08-02T11:45:41.041832Z
M2,1972,saturated,M2,true,258.000,56.760,99.069,127.271,201675.315,201923.710,201955.933,1273554,1073628,375734272,86269952,49917,1276662,2026-08-02T11:45:41.041832Z
M2,1973,saturated,M2,true,252.000,60.811,100.009,115.563,201759.648,201989.669,202026.704,1274065,1073991,375865344,86302720,49923,1277166,2026-08-02T11:45:41.041832Z
M2,1974,saturated,M2,true,242.000,61.249,100.706,128.477,201845.126,202090.591,202111.959,1274587,1074240,375988224,86310912,49928,1277668,2026-08-02T11:45:41.041832Z
M2,1975,saturated,M2,true,203.000,68.243,191.611,239.321,201969.905,202278.036,202332.018,1275067,1074492,376061952,86343680,49925,1278066,2026-08-02T11:45:41.041832Z
M2,1976,saturated,M2,true,251.000,59.078,96.942,111.949,202165.005,202391.047,202414.178,1275522,1074741,376193024,86351872,49923,1278576,2026-08-02T11:45:41.041832Z
M2,1977,saturated,M2,true,243.000,60.980,107.786,121.467,202174.530,202424.576,202443.182,1276043,1075070,376283136,86384640,49933,1279078,2026-08-02T11:45:41.041832Z
M2,1978,saturated,M2,true,252.000,58.484,97.511,107.911,202118.107,202351.266,202363.308,1276543,1075070,376422400,86417408,49922,1279575,2026-08-02T11:45:41.041832Z
M2,1979,saturated,M2,true,259.000,59.274,95.481,109.302,202214.902,202430.730,202465.276,1277069,1075440,376520704,86433792,49923,1280083,2026-08-02T11:45:41.041832Z
M2,1980,saturated,M2,true,237.000,64.077,101.673,117.636,202265.147,202493.601,202553.480,1277554,1075819,376635392,86458368,49933,1280579,2026-08-02T11:45:41.041832Z
M2,1981,saturated,M2,true,229.000,66.248,104.371,119.959,202326.989,202556.107,202585.771,1277960,1076065,376750080,86491136,49937,1281042,2026-08-02T11:45:41.041832Z
M2,1982,saturated,M2,true,235.000,62.222,112.141,125.160,202388.362,202618.265,202636.312,1278423,1076065,376856576,86491136,49933,1281511,2026-08-02T11:45:41.041832Z
M2,1983,saturated,M2,true,250.000,59.048,98.723,117.863,202424.664,202681.180,202699.334,1278925,1076410,376979456,86532096,49930,1282009,2026-08-02T11:45:41.041832Z
M2,1984,saturated,M2,true,256.000,58.877,87.155,104.125,202437.793,202655.564,202702.054,1279408,1076650,377094144,86564864,49929,1282517,2026-08-02T11:45:41.041832Z
M2,1985,saturated,M2,true,179.000,73.694,227.426,242.873,202561.312,202930.136,202963.474,1279904,1077034,377192448,86581248,49946,1282910,2026-08-02T11:45:41.041832Z
M2,1986,saturated,M2,true,254.000,60.952,106.240,118.552,202805.456,203021.459,203049.113,1280311,1077034,377298944,86597632,49928,1283385,2026-08-02T11:45:41.041832Z
M2,1987,saturated,M2,true,251.000,60.726,95.099,114.357,202853.219,203106.716,203130.006,1280818,1077339,377413632,86622208,49930,1283892,2026-08-02T11:45:41.041832Z
M2,1988,saturated,M2,true,252.000,59.424,92.609,102.919,202681.292,202920.076,202933.876,1281341,1077591,377511936,86646784,49928,1284402,2026-08-02T11:45:41.041832Z
M2,1989,saturated,M2,true,250.000,59.271,103.518,109.240,202787.545,203008.443,203035.245,1281830,1077970,377634816,86679552,49930,1284897,2026-08-02T11:45:41.041832Z
M2,1990,saturated,M2,true,249.000,60.780,104.087,119.436,202827.666,203061.340,203104.994,1282318,1077970,377757696,86712320,49935,1285412,2026-08-02T11:45:41.041832Z
M2,1991,saturated,M2,true,255.000,57.683,91.753,110.126,202892.834,203123.072,203125.673,1282831,1078347,377864192,86712320,49932,1285925,2026-08-02T11:45:41.041832Z
M2,1992,saturated,M2,true,254.000,58.140,88.547,111.591,202910.982,203142.936,203151.951,1283359,1078597,377995264,86753280,49934,1286434,2026-08-02T11:45:41.041832Z
M2,1993,saturated,M2,true,251.000,60.894,100.051,123.861,202938.358,203153.306,203190.397,1283876,1078985,378118144,86786048,49933,1286938,2026-08-02T11:45:41.041832Z
M2,1994,saturated,M2,true,256.000,58.248,97.836,119.244,202838.238,203076.521,203115.018,1284371,1079232,378232832,86810624,49937,1287453,2026-08-02T11:45:41.041832Z
M2,1995,saturated,M2,true,186.000,64.193,266.020,307.005,202913.341,203296.514,203361.296,1284806,1079232,378314752,86818816,49934,1287835,2026-08-02T11:45:41.041832Z
M2,1996,saturated,M2,true,222.000,65.299,124.958,158.107,203126.829,203416.155,203461.058,1285211,1079610,378429440,86843392,49942,1288300,2026-08-02T11:45:41.041832Z
M2,1997,saturated,M2,true,235.000,63.420,102.374,127.183,203287.269,203530.888,203575.772,1285648,1079909,378527744,86867968,49940,1288761,2026-08-02T11:45:41.041832Z
M2,1998,saturated,M2,true,236.000,64.143,103.586,116.848,203389.848,203650.962,203688.307,1286122,1079909,378634240,86892544,49937,1289229,2026-08-02T11:45:41.041832Z
M2,1999,saturated,M2,true,234.000,64.879,110.002,133.662,203350.487,203559.598,203579.806,1285289,968810,378732544,86917120,49941,1289700,2026-08-02T11:46:41.100909Z
M2,2000,saturated,M2,true,208.000,69.565,130.856,178.373,203515.395,203767.294,203802.276,1285756,969048,378732544,86933504,49940,1290118,2026-08-02T11:46:41.100909Z
M2,2001,saturated,M2,true,216.000,72.991,121.932,148.584,203737.612,203963.286,203980.559,1286184,969371,378732544,86974464,49938,1290547,2026-08-02T11:46:41.100909Z
M2,2002,saturated,M2,true,232.000,65.513,101.761,127.376,203779.510,204012.149,204044.678,1286637,969579,378920960,86982656,49941,1291015,2026-08-02T11:46:41.100909Z
M2,2003,saturated,M2,true,166.000,82.982,216.822,237.709,203868.615,204089.797,204101.997,1287050,969816,378961920,87015424,49961,1291404,2026-08-02T11:46:41.100909Z
M2,2004,saturated,M2,true,156.000,96.193,187.066,268.511,204445.491,204716.646,204749.562,1287391,970006,379035648,87015424,49952,1291690,2026-08-02T11:46:41.100909Z
M2,2005,saturated,M2,true,100.000,104.912,338.486,426.461,204782.198,205038.950,205065.242,1287720,970006,379142144,87040000,49944,1291946,2026-08-02T11:46:41.100909Z
M2,2006,saturated,M2,true,195.000,75.179,179.630,324.873,205385.064,205577.583,205629.601,1287945,970244,379191296,87048192,49946,1292264,2026-08-02T11:46:41.100909Z
M2,2007,saturated,M2,true,200.000,68.930,103.272,130.546,205566.421,205761.583,205788.502,1288353,970440,379232256,87072768,49973,1292725,2026-08-02T11:46:41.100909Z
M2,2008,saturated,M2,true,170.000,92.046,182.215,204.165,205962.963,206187.793,206241.824,1288729,970665,379396096,87080960,49949,1293029,2026-08-02T11:46:41.100909Z
M2,2009,saturated,M2,true,213.000,69.849,115.128,133.575,206229.680,206497.771,206521.595,1289132,970665,379453440,87113728,49944,1293442,2026-08-02T11:46:41.100909Z
M2,2010,saturated,M2,true,205.000,75.112,121.324,135.627,206281.072,206540.411,206574.001,1289570,970921,379551744,87130112,49957,1293874,2026-08-02T11:46:41.100909Z
M2,2011,saturated,M2,true,207.000,75.474,133.012,141.782,206482.540,206808.336,206852.765,1289963,971131,379658240,87154688,49946,1294280,2026-08-02T11:46:41.100909Z
M2,2012,saturated,M2,true,157.000,89.303,191.309,222.889,206643.411,206910.183,206958.847,1290370,971438,379723776,87162880,49958,1294611,2026-08-02T11:46:41.100909Z
M2,2013,saturated,M2,true,179.000,85.495,155.524,183.962,206935.451,207226.689,207286.232,1290703,971438,379805696,87187456,49955,1294970,2026-08-02T11:46:41.100909Z
M2,2014,saturated,M2,true,201.000,75.535,136.875,155.981,207295.843,207576.833,207599.363,1291098,971693,379904000,87195648,49961,1295369,2026-08-02T11:46:41.100909Z
M2,2015,saturated,M2,true,128.000,92.256,271.911,343.708,207616.173,207984.149,208013.870,1291411,971878,379969536,87220224,49963,1295644,2026-08-02T11:46:41.100909Z
M2,2016,saturated,M2,true,180.000,88.595,155.221,178.467,207980.740,208301.562,208333.023,1291691,972117,380035072,87236608,49949,1295987,2026-08-02T11:46:41.100909Z
M2,2017,saturated,M2,true,183.000,84.152,145.212,172.171,208264.763,208518.800,208537.802,1292042,972287,380141568,87261184,49957,1296371,2026-08-02T11:46:41.100909Z
M2,2018,saturated,M2,true,170.000,93.577,184.620,273.959,208596.322,208989.949,209011.155,1292394,972287,380207104,87269376,49964,1296715,2026-08-02T11:46:41.100909Z
M2,2019,saturated,M2,true,177.000,92.144,142.213,175.151,208997.226,209323.561,209369.799,1292705,972566,380305408,87293952,49959,1297060,2026-08-02T11:46:41.100909Z
M2,2020,saturated,M2,true,204.000,80.473,123.769,153.478,209315.714,209543.864,209577.788,1293107,972820,380379136,87302144,49948,1297453,2026-08-02T11:46:41.100909Z
M2,2021,saturated,M2,true,149.000,74.563,370.396,434.879,209726.153,210003.901,210027.341,1293442,973016,380452864,87318528,49947,1297746,2026-08-02T11:46:41.100909Z
M2,2022,saturated,M2,true,239.000,63.887,106.532,130.920,209903.770,210133.816,210184.957,1293778,973016,380559360,87343104,49947,1298222,2026-08-02T11:46:41.100909Z
M2,2023,saturated,M2,true,210.000,68.065,136.012,164.287,210083.761,210318.161,210334.219,1294261,973287,380674048,87375872,49955,1298675,2026-08-02T11:46:41.100909Z
M2,2024,saturated,M2,true,214.000,69.275,116.691,139.488,210260.276,210503.180,210536.679,1294711,973505,380747776,87384064,49965,1299121,2026-08-02T11:46:41.100909Z
M2,2025,saturated,M2,true,175.000,80.878,227.955,269.778,210542.605,210886.809,210904.100,1295131,973737,380846080,87408640,49961,1299456,2026-08-02T11:46:41.100909Z
M2,2026,saturated,M2,true,223.000,66.009,117.616,146.328,210542.123,210761.971,210792.224,1295492,974012,380936192,87416832,49955,1299896,2026-08-02T11:46:41.100909Z
M2,2027,saturated,M2,true,207.000,72.554,136.726,220.599,210647.045,210928.970,210949.816,1295980,974234,381026304,87457792,49958,1300315,2026-08-02T11:46:41.100909Z
M2,2028,saturated,M2,true,208.000,74.616,130.830,156.811,210859.066,211130.949,211162.499,1296355,974441,381132800,87474176,49954,1300723,2026-08-02T11:46:41.100909Z
M2,2029,saturated,M2,true,234.000,66.305,100.313,166.770,210992.958,211204.069,211237.651,1296737,974644,381247488,87490560,49951,1301202,2026-08-02T11:46:41.100909Z
M2,2030,saturated,M2,true,242.000,63.335,102.842,126.640,211027.263,211267.810,211290.027,1297232,974644,381337600,87523328,49953,1301693,2026-08-02T11:46:41.100909Z
M2,2031,saturated,M2,true,224.000,65.902,119.781,147.393,211160.877,211443.187,211468.135,1297694,975006,381435904,87531520,49949,1302131,2026-08-02T11:46:41.100909Z
M2,2032,saturated,M2,true,248.000,61.690,109.195,126.491,211230.210,211459.411,211527.917,1298138,975344,381542400,87564288,49951,1302626,2026-08-02T11:46:41.100909Z
M2,2033,saturated,M2,true,244.000,60.129,99.863,121.372,211315.196,211550.818,211561.439,1298643,975712,381657088,87597056,49952,1303116,2026-08-02T11:46:41.100909Z
M2,2034,saturated,M2,true,245.000,62.965,100.490,112.160,211330.540,211546.772,211592.840,1299149,975836,381755392,87613440,49954,1303617,2026-08-02T11:46:41.100909Z
M2,2035,saturated,M2,true,182.000,72.431,229.359,293.674,211520.960,211818.000,211860.945,1299639,976087,381853696,87629824,49959,1303992,2026-08-02T11:46:41.100909Z
M2,2036,saturated,M2,true,230.000,63.385,113.289,138.406,211748.042,211983.115,212003.023,1300032,976087,381935616,87654400,49957,1304452,2026-08-02T11:46:41.100909Z
M2,2037,saturated,M2,true,240.000,63.531,112.943,143.540,211559.600,211804.807,211837.163,1300546,976375,382058496,87670784,49955,1304930,2026-08-02T11:46:41.100909Z
M2,2038,saturated,M2,true,231.000,64.773,119.600,141.160,211624.962,211848.412,211918.622,1301004,976736,382181376,87703552,49962,1305403,2026-08-02T11:46:41.100909Z
M2,2039,saturated,M2,true,224.000,67.915,116.192,142.750,211790.946,212007.164,212045.183,1301447,976972,382271488,87728128,49956,1305847,2026-08-02T11:46:41.100909Z
M2,2040,saturated,M2,true,242.000,62.936,104.101,124.988,211867.059,212089.385,212125.662,1301927,962197,382394368,87744512,49957,1306332,2026-08-02T11:47:22.155633Z
M2,2041,saturated,M2,true,214.000,69.217,127.218,158.303,212048.703,212287.837,212342.873,1302411,962537,382574592,87769088,49962,1306772,2026-08-02T11:47:22.155633Z
M2,2042,saturated,M2,true,243.000,61.242,102.240,124.033,212202.355,212446.207,212465.936,1302865,962881,382607360,87785472,49958,1307247,2026-08-02T11:47:22.155633Z
M2,2043,saturated,M2,true,211.000,62.675,122.903,190.156,212265.601,212534.128,212548.401,1303317,962881,382697472,87818240,49861,1307723,2026-08-02T11:47:22.155633Z
M2,2044,saturated,M2,true,224.000,66.775,139.797,190.386,212529.586,212781.128,212824.631,1303742,963236,382844928,87842816,49958,1308130,2026-08-02T11:47:22.155633Z
M2,2045,saturated,M2,true,176.000,75.683,261.131,291.990,212723.826,212989.592,213004.889,1304177,963555,382885888,87851008,49966,1308497,2026-08-02T11:47:22.155633Z
M2,2046,saturated,M2,true,250.000,57.956,102.274,147.314,212983.449,213205.645,213265.135,1304590,963555,383041536,87883776,49959,1308980,2026-08-02T11:47:22.155633Z
M2,2047,saturated,M2,true,237.000,63.434,109.791,128.099,213077.257,213333.080,213383.870,1305074,963853,383123456,87908352,49960,1309461,2026-08-02T11:47:22.155633Z
M2,2048,saturated,M2,true,244.000,65.075,96.842,111.436,213106.155,213422.911,213462.173,1305518,964220,383238144,87924736,49961,1309949,2026-08-02T11:47:22.155633Z
M2,2049,saturated,M2,true,242.000,62.323,97.521,115.445,213045.273,213275.876,213310.050,1305974,964460,383377408,87957504,49959,1310434,2026-08-02T11:47:22.155633Z
M2,2050,saturated,M2,true,247.000,61.743,93.989,101.941,213180.339,213405.943,213436.384,1306448,964460,383475712,87973888,49957,1310934,2026-08-02T11:47:22.155633Z
M2,2051,saturated,M2,true,247.000,60.965,107.078,141.239,213209.692,213443.120,213466.476,1306932,964830,383598592,87990272,49959,1311426,2026-08-02T11:47:22.155633Z
M2,2052,saturated,M2,true,248.000,61.408,98.083,113.361,213180.356,213404.032,213443.506,1307437,965077,383696896,88031232,49959,1311924,2026-08-02T11:47:22.155633Z
M2,2053,saturated,M2,true,238.000,61.684,99.527,109.119,213284.879,213505.785,213532.470,1307931,965446,383811584,88047616,49965,1312418,2026-08-02T11:47:22.155633Z
M2,2054,saturated,M2,true,235.000,62.576,109.464,123.846,213294.131,213549.087,213583.879,1308431,965446,383918080,88072192,49967,1312889,2026-08-02T11:47:22.155633Z
M2,2055,saturated,M2,true,100.000,124.220,267.548,324.334,213690.708,213949.157,213975.299,1308808,965803,383967232,88080384,49979,1313107,2026-08-02T11:47:22.155633Z
M2,2056,saturated,M2,true,230.000,60.273,141.978,178.420,213985.442,214208.673,214244.517,1309121,965996,384073728,88104960,49964,1313549,2026-08-02T11:47:22.155633Z
M2,2057,saturated,M2,true,240.000,64.843,104.782,127.682,214119.205,214350.373,214391.847,1309548,966253,384188416,88129536,49964,1314028,2026-08-02T11:47:22.155633Z
M2,2058,saturated,M2,true,239.000,65.443,104.499,112.789,214218.601,214446.818,214476.848,1310046,966253,384303104,88145920,49964,1314517,2026-08-02T11:47:22.155633Z
M2,2059,saturated,M2,true,222.000,63.295,110.582,125.344,214225.652,214535.265,214573.789,1310490,966612,384409600,88178688,49979,1314990,2026-08-02T11:47:22.155633Z
M2,2060,saturated,M2,true,164.000,72.534,216.284,254.775,214252.335,214504.861,214534.675,1310814,966971,384491520,88195072,49899,1315351,2026-08-02T11:47:22.155633Z
M2,2061,saturated,M2,true,172.000,71.961,376.907,568.030,214785.338,214971.671,215004.746,1311162,966971,384573440,88211456,49968,1315645,2026-08-02T11:47:22.155633Z
M2,2062,saturated,M2,true,230.000,64.278,102.096,138.273,214894.298,215119.844,215164.985,1311608,967183,384663552,88227840,49970,1316111,2026-08-02T11:47:22.155633Z
M2,2063,saturated,M2,true,222.000,63.362,115.559,151.176,215028.980,215228.426,215257.833,1312086,967528,384753664,88252416,49983,1316585,2026-08-02T11:47:22.155633Z
M2,2064,saturated,M2,true,225.000,66.639,129.492,155.224,215207.340,215423.175,215449.197,1312530,967528,384876544,88285184,49853,1317009,2026-08-02T11:47:22.155633Z
M2,2065,saturated,M2,true,175.000,71.904,198.928,254.565,215337.720,215766.924,215814.751,1312997,967858,384974848,88293376,49973,1317364,2026-08-02T11:47:22.155633Z
M2,2066,saturated,M2,true,213.000,69.673,129.314,148.867,215721.369,215951.204,215986.334,1313338,968151,385032192,88317952,49972,1317785,2026-08-02T11:47:22.155633Z
M2,2067,saturated,M2,true,232.000,63.553,107.051,124.509,215803.158,216021.199,216059.581,1313819,968151,385163264,88326144,49971,1318261,2026-08-02T11:47:22.155633Z
M2,2068,saturated,M2,true,234.000,62.024,103.112,119.529,215911.548,216137.949,216171.378,1314296,968480,385253376,88367104,49971,1318725,2026-08-02T11:47:22.155633Z
M2,2069,saturated,M2,true,236.000,62.091,102.212,116.291,216027.112,216264.799,216310.950,1314786,968829,385400832,88391680,49973,1319203,2026-08-02T11:47:22.155633Z
M2,2070,saturated,M2,true,240.000,61.182,101.799,119.212,216145.101,216371.438,216389.521,1315278,969071,385499136,88408064,49973,1319688,2026-08-02T11:47:22.155633Z
M2,2071,saturated,M2,true,227.000,67.736,111.725,134.965,216148.342,216485.344,216513.904,1315748,969310,385589248,88432640,49975,1320140,2026-08-02T11:47:22.155633Z
M2,2072,saturated,M2,true,238.000,62.723,98.766,111.494,216133.356,216381.242,216404.079,1316207,969310,385712128,88457216,49857,1320617,2026-08-02T11:47:22.155633Z
M2,2073,saturated,M2,true,235.000,63.493,109.186,134.896,216216.038,216424.586,216450.824,1316692,969655,385810432,88481792,49978,1321096,2026-08-02T11:47:22.155633Z
M2,2074,saturated,M2,true,204.000,72.420,134.620,150.500,216011.940,216281.840,216491.756,1317138,970010,385925120,88506368,49887,1321526,2026-08-02T11:47:22.155633Z
M2,2075,saturated,M2,true,140.000,98.818,248.666,302.702,216297.288,216591.985,216635.599,1317459,970223,385974272,88514560,49986,1321803,2026-08-02T11:47:22.155633Z
M2,2076,saturated,M2,true,206.000,70.797,137.436,157.137,216667.293,216899.749,216952.920,1317852,970223,386080768,88539136,49981,1322207,2026-08-02T11:47:22.155633Z
M2,2077,saturated,M2,true,210.000,71.439,129.476,180.150,216788.856,217057.036,217091.206,1318264,970470,386195456,88547328,49879,1322632,2026-08-02T11:47:22.155633Z
M2,2078,saturated,M2,true,198.000,69.965,140.737,179.081,217045.190,217343.106,217360.222,1318605,970672,386252800,88580096,49985,1323035,2026-08-02T11:47:22.155633Z
M2,2079,saturated,M2,true,205.000,77.084,133.934,161.316,217234.498,217485.077,217541.635,1318948,970975,386359296,88596480,49981,1323441,2026-08-02T11:47:22.155633Z
M2,2080,saturated,M2,true,203.000,70.006,125.620,169.369,217466.169,217695.683,217702.948,1319383,971271,386465792,88621056,49867,1323860,2026-08-02T11:47:22.155633Z
M2,2081,saturated,M2,true,202.000,78.691,125.647,143.019,217657.638,217898.559,217920.029,1319747,971384,386555904,88637440,49890,1324261,2026-08-02T11:47:22.155633Z
M2,2082,saturated,M2,true,235.000,64.054,99.646,113.199,217752.356,217999.917,218031.674,1320162,971384,386662400,88653824,49980,1324732,2026-08-02T11:47:22.155633Z
M2,2083,saturated,M2,true,211.000,69.393,120.360,161.146,217808.266,218019.899,218099.711,1320607,971697,386744320,88686592,49869,1325164,2026-08-02T11:47:22.155633Z
M2,2084,saturated,M2,true,229.000,66.601,110.954,143.397,217734.756,217987.645,218027.039,1321009,971921,386875392,88686592,49982,1325619,2026-08-02T11:47:22.155633Z
M2,2085,saturated,M2,true,171.000,73.068,208.796,269.732,217996.808,218334.678,218346.909,1321443,972260,386957312,88727552,49917,1325973,2026-08-02T11:47:22.155633Z
M2,2086,saturated,M2,true,210.000,71.182,128.778,146.689,218236.758,218462.316,218503.877,1321801,972260,387039232,88743936,49869,1326388,2026-08-02T11:47:22.155633Z
M2,2087,saturated,M2,true,243.000,60.225,94.645,117.328,218395.397,218608.795,218656.494,1322260,972528,387153920,88760320,49982,1326868,2026-08-02T11:47:22.155633Z
M2,2088,saturated,M2,true,189.000,71.916,154.654,163.551,218613.084,218916.619,218940.918,1322730,972882,387235840,88784896,49895,1327260,2026-08-02T11:47:22.155633Z
M2,2089,saturated,M2,true,238.000,63.644,104.227,117.835,218735.848,218976.353,219021.683,1323151,972882,387350528,88801280,49985,1327734,2026-08-02T11:47:22.155633Z
M2,2090,saturated,M2,true,231.000,66.817,106.467,126.250,218808.737,219025.442,219045.068,1323641,973192,387465216,88834048,49873,1328200,2026-08-02T11:47:22.155633Z
M2,2091,saturated,M2,true,239.000,63.246,110.978,129.478,218910.904,219156.432,219176.811,1324107,973430,387579904,88858624,49861,1328673,2026-08-02T11:47:22.155633Z
M2,2092,saturated,M2,true,244.000,61.700,111.147,131.733,218985.599,219201.089,219234.551,1324602,973781,387702784,88875008,49989,1329167,2026-08-02T11:47:22.155633Z
M2,2093,saturated,M2,true,241.000,63.206,106.014,121.227,218938.577,219162.893,219203.124,1325066,974029,387776512,88907776,49867,1329649,2026-08-02T11:47:22.155633Z
M2,2094,saturated,M2,true,219.000,68.165,119.194,134.672,218882.575,219154.818,219177.638,1325545,974267,387915776,88915968,49876,1330105,2026-08-02T11:47:22.155633Z
M2,2095,saturated,M2,true,173.000,73.754,215.063,253.137,218713.761,219110.818,219161.490,1325993,974493,387997696,88948736,49987,1330453,2026-08-02T11:47:22.155633Z
M2,2096,saturated,M2,true,236.000,67.441,118.688,139.038,218994.563,219207.465,219252.618,1326376,974493,388096000,88973312,49866,1330920,2026-08-02T11:47:22.155633Z
M2,2097,saturated,M2,true,220.000,68.441,112.697,122.859,218996.831,219241.433,219274.339,1326860,974776,388210688,88981504,49886,1331360,2026-08-02T11:47:22.155633Z
M2,2098,saturated,M2,true,210.000,68.121,190.959,211.271,219194.199,219411.065,219452.226,1327259,975014,388259840,89014272,49867,1331777,2026-08-02T11:47:22.155633Z
M2,2099,saturated,M2,true,188.000,73.629,183.438,259.862,219354.407,219612.739,219664.481,1327671,975326,388325376,89022464,49986,1332164,2026-08-02T11:47:22.155633Z
M2,2100,saturated,M2,true,232.000,63.862,97.884,115.878,219513.640,219745.837,219798.844,1328141,975516,388481024,89047040,49870,1332623,2026-08-02T11:47:22.155633Z
M2,2101,saturated,M2,true,202.000,73.269,118.843,140.701,219660.507,219888.184,219927.070,1326445,1103298,388489216,89071616,49891,1333037,2026-08-02T11:48:22.540824Z
M2,2102,saturated,M2,true,186.000,80.615,138.931,187.648,219863.551,220159.530,220222.053,1326848,1103501,388661248,89096192,49900,1333427,2026-08-02T11:48:22.540824Z
M2,2103,saturated,M2,true,218.000,69.607,123.070,134.178,220137.824,220365.860,220400.995,1327270,1103501,388759552,89112576,49880,1333861,2026-08-02T11:48:22.540824Z
M2,2104,saturated,M2,true,242.000,64.639,105.328,117.007,220177.882,220411.172,220437.258,1327729,1103798,388890624,89128960,49874,1334338,2026-08-02T11:48:22.540824Z
M2,2105,saturated,M2,true,150.000,86.912,281.033,364.530,220491.743,220829.308,220876.964,1328105,1104031,388947968,89153536,49935,1334643,2026-08-02T11:48:22.540824Z
M2,2106,saturated,M2,true,206.000,68.697,143.993,182.657,220561.856,220788.728,220934.290,1328497,1104242,389021696,89161728,49877,1335060,2026-08-02T11:48:22.540824Z
M2,2107,saturated,M2,true,234.000,64.171,101.434,116.455,220617.162,220835.850,220862.953,1328822,1104510,389152768,89202688,49869,1335527,2026-08-02T11:48:22.540824Z
M2,2108,saturated,M2,true,214.000,63.682,145.315,193.860,220685.026,220924.126,220954.110,1329292,1104621,389226496,89219072,49870,1335958,2026-08-02T11:48:22.540824Z
M2,2109,saturated,M2,true,227.000,70.205,110.579,125.296,220805.025,221051.019,221086.007,1329754,1104955,389373952,89235456,49875,1336410,2026-08-02T11:48:22.540824Z
M2,2110,saturated,M2,true,235.000,64.352,110.888,142.045,220932.404,221170.081,221191.324,1330218,1105183,389455872,89268224,49869,1336883,2026-08-02T11:48:22.540824Z
M2,2111,saturated,M2,true,237.000,63.416,101.600,127.234,220998.095,221208.456,221256.679,1330715,1105418,389545984,89276416,49876,1337365,2026-08-02T11:48:22.540824Z
M2,2112,saturated,M2,true,231.000,66.196,114.810,139.525,221072.982,221318.817,221349.814,1331166,1105418,389677056,89309184,49878,1337823,2026-08-02T11:48:22.540824Z
M2,2113,saturated,M2,true,230.000,62.436,99.084,116.161,221134.025,221348.455,221374.761,1331602,1105772,389767168,89333760,49872,1338296,2026-08-02T11:48:22.540824Z
M2,2114,saturated,M2,true,223.000,68.669,114.967,138.479,221264.631,221508.410,221529.870,1332042,1106002,389914624,89350144,49877,1338741,2026-08-02T11:48:22.540824Z
M2,2115,saturated,M2,true,143.000,85.562,307.034,388.185,221564.426,221855.009,221872.124,1332387,1106342,389955584,89366528,49947,1339033,2026-08-02T11:48:22.540824Z
M2,2116,saturated,M2,true,220.000,67.364,115.874,155.556,221832.354,222080.881,222126.133,1332687,1106342,390045696,89382912,49874,1339477,2026-08-02T11:48:22.540824Z
M2,2117,saturated,M2,true,231.000,65.877,105.275,119.928,221900.021,222169.182,222194.534,1333130,1106591,390168576,89415680,49881,1339935,2026-08-02T11:48:22.540824Z
M2,2118,saturated,M2,true,183.000,73.084,127.498,194.110,221981.511,222260.738,222324.313,1333596,1106821,390242304,89432064,49924,1340307,2026-08-02T11:48:22.540824Z
M2,2119,saturated,M2,true,203.000,75.280,212.075,237.332,222219.554,222460.416,222512.770,1333936,1107044,390356992,89456640,49888,1340719,2026-08-02T11:48:22.540824Z
M2,2120,saturated,M2,true,220.000,69.316,119.937,147.449,222434.312,222695.907,222733.518,1334382,1107325,390447104,89473024,49893,1341159,2026-08-02T11:48:22.540824Z
M2,2121,saturated,M2,true,212.000,69.520,111.511,125.295,222541.644,222781.122,222826.334,1334778,1107545,390537216,89489408,49893,1341578,2026-08-02T11:48:22.540824Z
M2,2122,saturated,M2,true,218.000,67.054,129.830,154.358,222629.290,222877.541,222936.622,1335218,1107545,390651904,89522176,49886,1342019,2026-08-02T11:48:22.540824Z
M2,2123,saturated,M2,true,222.000,69.959,110.992,134.158,222781.944,223023.288,223068.256,1335678,1107859,390733824,89530368,49892,1342463,2026-08-02T11:48:22.540824Z
M2,2124,saturated,M2,true,217.000,67.947,119.002,150.965,223005.159,223269.749,223294.021,1336030,1108086,390791168,89554944,49881,1342673,2026-08-02T11:48:22.540824Z
M2,2125,saturated,M2,true,141.000,78.368,294.600,324.342,223235.651,223632.969,223710.392,1336567,1108411,390946816,89579520,49950,1343187,2026-08-02T11:48:22.540824Z
M2,2126,saturated,M2,true,193.000,76.737,161.593,211.277,223712.449,223956.918,223984.966,1336850,1108411,390987776,89595904,49886,1343576,2026-08-02T11:48:22.540824Z
M2,2127,saturated,M2,true,219.000,64.535,103.310,123.561,223809.707,224097.616,224129.435,1337144,1108635,391053312,89604096,49895,1343818,2026-08-02T11:48:22.540824Z
M2,2128,saturated,M2,true,209.000,74.800,124.928,145.678,223981.429,224236.251,224249.387,1337607,1108869,391159808,89636864,49900,1344242,2026-08-02T11:48:22.540824Z
M2,2129,saturated,M2,true,226.000,69.373,107.750,141.246,224063.980,224350.011,224374.216,1338011,1108869,391258112,89636864,49896,1344680,2026-08-02T11:48:22.540824Z
M2,2130,saturated,M2,true,217.000,68.339,113.831,127.121,224084.668,224327.968,224361.445,1338447,1109178,391372800,89677824,49890,1345119,2026-08-02T11:48:22.540824Z
M2,2131,saturated,M2,true,235.000,64.619,106.222,114.516,224125.682,224359.529,224407.424,1338861,1109513,391471104,89702400,49884,1345573,2026-08-02T11:48:22.540824Z
M2,2132,saturated,M2,true,218.000,70.628,110.047,128.629,224287.032,224543.101,224561.696,1339255,1109622,391561216,89710592,49891,1346021,2026-08-02T11:48:22.540824Z
M2,2133,saturated,M2,true,224.000,69.263,118.832,128.876,224404.069,224658.839,224689.279,1339694,1109962,391667712,89743360,49883,1346461,2026-08-02T11:48:22.540824Z
M2,2134,saturated,M2,true,219.000,66.631,105.845,130.967,224537.917,224763.138,224789.508,1340127,1110182,391774208,89751552,49886,1346923,2026-08-02T11:48:22.540824Z
M2,2135,saturated,M2,true,135.000,83.244,315.682,387.877,224654.446,225182.334,225219.119,1340498,1110182,391872512,89784320,49941,1347284,2026-08-02T11:48:22.540824Z
M2,2136,saturated,M2,true,172.000,83.107,201.886,252.605,225288.255,225606.520,225625.981,1340833,1110525,391929856,89784320,49898,1347543,2026-08-02T11:48:22.540824Z
M2,2137,saturated,M2,true,195.000,72.506,133.802,142.160,225494.648,225750.707,225779.402,1341152,1110720,392011776,89817088,49904,1347959,2026-08-02T11:48:22.540824Z
M2,2138,saturated,M2,true,192.000,79.899,124.170,153.457,225695.407,226019.239,226050.329,1341591,1110720,392101888,89825280,49907,1348349,2026-08-02T11:48:22.540824Z
M2,2139,saturated,M2,true,180.000,81.229,135.506,168.014,225995.379,226275.629,226295.817,1341982,1111024,392192000,89849856,49924,1348727,2026-08-02T11:48:22.540824Z
M2,2140,saturated,M2,true,189.000,79.825,168.543,206.621,226316.889,226630.457,226709.566,1342361,1111311,392257536,89858048,49906,1349079,2026-08-02T11:48:22.540824Z
M2,2141,saturated,M2,true,188.000,76.765,143.898,168.932,226623.791,226850.902,226871.012,1342729,1111311,392364032,89882624,49889,1349436,2026-08-02T11:48:22.540824Z
M2,2142,saturated,M2,true,232.000,65.986,103.797,117.085,226555.784,226854.863,226910.414,1343144,1111576,392462336,89899008,49893,1349901,2026-08-02T11:48:22.540824Z
M2,2143,saturated,M2,true,176.000,79.984,156.998,178.319,226712.908,226960.045,227017.465,1343603,1111773,392568832,89923584,49915,1350290,2026-08-02T11:48:22.540824Z
M2,2144,saturated,M2,true,210.000,70.580,115.544,135.954,226956.893,227218.005,227233.667,1343980,1112089,392642560,89939968,49896,1350680,2026-08-02T11:48:22.540824Z
M2,2145,saturated,M2,true,149.000,88.915,258.865,388.459,227062.657,227283.082,227296.076,1344407,1112089,392732672,89964544,49942,1351070,2026-08-02T11:48:22.540824Z
M2,2146,saturated,M2,true,211.000,68.233,146.351,173.433,227454.403,227721.766,227729.408,1344718,1112394,392806400,89972736,49894,1351401,2026-08-02T11:48:22.540824Z
M2,2147,saturated,M2,true,222.000,67.107,101.427,118.658,227546.290,227756.629,227777.600,1345142,1112639,392929280,90005504,49896,1351868,2026-08-02T11:48:22.540824Z
M2,2148,saturated,M2,true,225.000,70.034,116.196,132.309,227572.885,227798.999,227827.510,1345601,1112871,392994816,90030080,49892,1352302,2026-08-02T11:48:22.540824Z
M2,2149,saturated,M2,true,232.000,65.250,100.912,124.179,227671.371,227895.786,227936.402,1346076,1112871,393134080,90038272,49899,1352781,2026-08-02T11:48:22.540824Z
M2,2150,saturated,M2,true,229.000,67.100,107.113,121.264,227760.490,227958.002,228023.672,1346525,1113206,393216000,90071040,49893,1353223,2026-08-02T11:48:22.540824Z
M2,2151,saturated,M2,true,213.000,66.326,106.530,128.357,227885.490,228108.702,228139.445,1346958,1113546,393322496,90095616,49899,1353678,2026-08-02T11:48:22.540824Z
M2,2152,saturated,M2,true,240.000,64.780,101.376,112.079,227982.506,228203.043,228261.417,1347397,1113546,393437184,90103808,49897,1354135,2026-08-02T11:48:22.540824Z
M2,2153,saturated,M2,true,234.000,62.578,109.016,128.336,227993.732,228265.781,228315.746,1347893,1113881,393551872,90144768,49896,1354609,2026-08-02T11:48:22.540824Z
M2,2154,saturated,M2,true,229.000,68.203,104.661,130.579,227919.640,228151.579,228187.014,1348333,1114241,393658368,90161152,49896,1355068,2026-08-02T11:48:22.540824Z
M2,2155,saturated,M2,true,153.000,74.333,244.257,280.714,228045.337,228236.007,228308.554,1348669,1114464,393756672,90177536,49941,1355488,2026-08-02T11:48:22.540824Z
M2,2156,saturated,M2,true,196.000,72.537,150.361,186.032,228505.763,228787.321,228806.055,1349034,1114671,393822208,90193920,49911,1355797,2026-08-02T11:48:22.540824Z
M2,2157,saturated,M2,true,219.000,70.247,117.205,145.629,228605.374,228834.374,228847.117,1349442,1114671,393928704,90218496,49900,1356234,2026-08-02T11:48:22.540824Z
M2,2158,saturated,M2,true,197.000,71.141,119.811,134.417,228792.125,229050.602,229086.697,1349889,1114933,394027008,90243072,49924,1356672,2026-08-02T11:48:22.540824Z
M2,2159,saturated,M2,true,197.000,79.179,172.657,201.856,229086.999,229277.631,229310.173,1350296,1115150,394117120,90259456,49905,1357032,2026-08-02T11:48:22.540824Z
M2,2160,saturated,M2,true,213.000,72.860,116.583,150.385,229266.891,229521.044,229572.536,1350704,1115443,394207232,90284032,49900,1357456,2026-08-02T11:48:22.540824Z
M2,2161,saturated,M2,true,221.000,68.736,106.563,129.089,229469.613,229743.669,229770.271,1353225,1001352,394256384,90292224,49908,1357890,2026-08-02T11:49:22.633030Z
M2,2162,saturated,M2,true,218.000,66.785,117.710,154.378,229592.471,229810.291,229843.512,1353621,1001673,394428416,90324992,49901,1358326,2026-08-02T11:49:22.633030Z
M2,2163,saturated,M2,true,211.000,69.283,118.511,162.570,229725.650,229990.499,230001.039,1354056,1001887,394461184,90341376,49907,1358754,2026-08-02T11:49:22.633030Z
M2,2164,saturated,M2,true,215.000,67.105,110.690,149.701,229964.151,230209.490,230262.701,1354487,1002207,394518528,90365952,49910,1359194,2026-08-02T11:49:22.633030Z
M2,2165,saturated,M2,true,129.000,78.368,359.105,404.569,230092.623,230439.593,230574.327,1354899,1002428,394698752,90382336,49965,1359572,2026-08-02T11:49:22.633030Z
M2,2166,saturated,M2,true,157.000,103.277,191.560,204.799,230557.089,230790.023,230805.868,1355189,1002428,394715136,90398720,49928,1359815,2026-08-02T11:49:22.633030Z
M2,2167,saturated,M2,true,215.000,71.132,125.050,136.828,230716.814,230942.724,230987.701,1355473,1002655,394756096,90415104,49906,1360196,2026-08-02T11:49:22.633030Z
M2,2168,saturated,M2,true,218.000,69.827,118.236,130.411,230871.924,231099.384,231119.199,1355911,1002822,394928128,90431488,49904,1360632,2026-08-02T11:49:22.633030Z
M2,2169,saturated,M2,true,217.000,68.750,110.016,183.112,230946.278,231172.521,231208.405,1356366,1003142,394985472,90456064,49908,1361079,2026-08-02T11:49:22.633030Z
M2,2170,saturated,M2,true,209.000,72.563,132.070,143.614,231015.060,231254.838,231270.083,1356810,1003365,395083776,90480640,49922,1361519,2026-08-02T11:49:22.633030Z
M2,2171,saturated,M2,true,214.000,69.623,125.942,135.530,231134.874,231361.180,231416.459,1357240,1003365,395198464,90505216,49910,1361936,2026-08-02T11:49:22.633030Z
M2,2172,saturated,M2,true,193.000,71.667,153.776,182.326,231339.132,231589.324,231637.558,1357677,1003678,395255808,90513408,49915,1362339,2026-08-02T11:49:22.633030Z
M2,2173,saturated,M2,true,227.000,67.933,101.338,109.837,231480.297,231722.927,231759.353,1358096,1003992,395354112,90546176,49906,1362771,2026-08-02T11:49:22.633030Z
M2,2174,saturated,M2,true,207.000,73.531,111.929,120.554,231603.008,231817.022,231855.540,1358531,1003992,395485184,90554368,49910,1363203,2026-08-02T11:49:22.633030Z
M2,2175,saturated,M2,true,136.000,83.128,378.994,401.736,231934.622,232236.997,232253.816,1358866,1004316,395542528,90578944,49942,1363543,2026-08-02T11:49:22.633030Z
M2,2176,saturated,M2,true,191.000,74.625,170.787,267.873,232303.829,232552.484,232581.242,1359159,1004525,395591680,90603520,49909,1363852,2026-08-02T11:49:22.633030Z
M2,2177,saturated,M2,true,216.000,72.298,108.492,127.430,232503.936,232764.171,232792.357,1359575,1004744,395739136,90619904,49916,1364288,2026-08-02T11:49:22.633030Z
M2,2178,saturated,M2,true,211.000,70.091,118.783,195.497,232371.031,232592.763,232810.621,1360007,1004962,395796480,90636288,49910,1364704,2026-08-02T11:49:22.633030Z
M2,2179,saturated,M2,true,218.000,68.226,116.443,132.361,232444.243,232678.997,232708.638,1360454,1005167,395919360,90660864,49911,1365151,2026-08-02T11:49:22.633030Z
M2,2180,saturated,M2,true,218.000,70.154,111.969,134.068,232560.295,232800.811,232836.440,1360912,1005167,396025856,90685440,49917,1365587,2026-08-02T11:49:22.633030Z
M2,2181,saturated,M2,true,188.000,78.440,128.303,178.935,232685.425,232954.222,232986.214,1361334,1005495,396099584,90701824,49924,1365984,2026-08-02T11:49:22.633030Z
M2,2182,saturated,M2,true,223.000,67.900,113.019,137.111,232916.309,233181.832,233244.239,1361754,1005713,396230656,90742784,49910,1366413,2026-08-02T11:49:22.633030Z
M2,2183,saturated,M2,true,150.000,100.991,164.336,206.802,233104.657,233378.196,233434.604,1362155,1006018,396296192,90759168,49946,1366780,2026-08-02T11:49:22.633030Z
M2,2184,saturated,M2,true,173.000,85.915,176.344,226.298,233593.751,233824.919,233845.562,1362414,1006197,396345344,90775552,49914,1367071,2026-08-02T11:49:22.633030Z
M2,2185,saturated,M2,true,144.000,87.180,179.578,215.333,233835.401,234132.104,234161.023,1362670,1006197,396451840,90783744,49952,1367427,2026-08-02T11:49:22.633030Z
M2,2186,saturated,M2,true,84.000,151.334,407.708,444.396,234190.874,234700.387,234720.327,1362994,1006452,396509184,90800128,49976,1367648,2026-08-02T11:49:22.633030Z
M2,2187,saturated,M2,true,163.000,80.329,202.023,263.767,234428.834,234789.472,234862.025,1363210,1006588,396550144,90816512,49956,1367943,2026-08-02T11:49:22.633030Z
M2,2188,saturated,M2,true,186.000,82.147,165.728,262.015,234578.979,234824.309,234845.116,1363564,1006778,396632064,90832896,49929,1368269,2026-08-02T11:49:22.633030Z
M2,2189,saturated,M2,true,158.000,93.435,154.024,182.585,234766.898,234971.049,234992.455,1363938,1006940,396730368,90857472,49950,1368616,2026-08-02T11:49:22.633030Z
M2,2190,saturated,M2,true,154.000,99.384,197.704,219.646,234993.407,235199.035,235226.133,1364265,1007114,396787712,90865664,49946,1368905,2026-08-02T11:49:22.633030Z
M2,2191,saturated,M2,true,175.000,78.683,262.397,287.577,235049.279,235236.636,235273.142,1364539,1007114,396853248,90882048,49917,1369225,2026-08-02T11:49:22.633030Z
M2,2192,saturated,M2,true,217.000,71.290,115.300,129.728,235139.049,235345.593,235370.740,1364955,1007324,396967936,90890240,49921,1369653,2026-08-02T11:49:22.633030Z
M2,2193,saturated,M2,true,206.000,70.970,115.958,140.254,235238.532,235475.284,235497.234,1365376,1007521,397049856,90923008,49924,1370089,2026-08-02T11:49:22.633030Z
M2,2194,saturated,M2,true,224.000,68.572,114.419,128.533,235309.807,235534.178,235578.808,1365783,1007842,397139968,90947584,49916,1370511,2026-08-02T11:49:22.633030Z
M2,2195,saturated,M2,true,97.000,112.927,307.030,590.017,235472.287,235830.137,235933.286,1366151,1007842,397230080,90963968,49975,1370824,2026-08-02T11:49:22.633030Z
M2,2196,saturated,M2,true,180.000,77.069,220.541,265.391,236056.431,236267.132,236300.974,1366392,1008170,397303808,90972160,49919,1371074,2026-08-02T11:49:22.633030Z
M2,2197,saturated,M2,true,219.000,71.012,115.797,134.091,236135.383,236390.268,236406.810,1366811,1008335,397377536,91004928,49932,1371543,2026-08-02T11:49:22.633030Z
M2,2198,saturated,M2,true,196.000,81.332,143.550,175.985,236351.403,236654.073,236709.867,1367251,1008569,397467648,91013120,49933,1371938,2026-08-02T11:49:22.633030Z
M2,2199,saturated,M2,true,223.000,64.550,111.344,122.934,236520.308,236748.507,236771.353,1367638,1008763,397598720,91029504,49934,1372374,2026-08-02T11:49:22.633030Z
M2,2200,saturated,M2,true,216.000,73.933,114.245,133.316,236626.930,236872.898,236920.133,1368082,1008983,397680640,91070464,49927,1372799,2026-08-02T11:49:22.633030Z
M2,2201,saturated,M2,true,216.000,68.443,120.051,157.009,236764.680,237002.590,237018.521,1368527,1009194,397787136,91078656,49927,1373245,2026-08-02T11:49:22.633030Z
M2,2202,saturated,M2,true,189.000,76.901,140.861,178.049,236919.627,237139.681,237182.048,1368934,1009194,397893632,91095040,49933,1373647,2026-08-02T11:49:22.633030Z
M2,2203,saturated,M2,true,215.000,69.537,121.568,134.570,236928.408,237164.515,237203.760,1369308,1009524,397950976,91111424,49924,1374046,2026-08-02T11:49:22.633030Z
M2,2204,saturated,M2,true,228.000,65.652,111.846,126.148,237010.632,237243.598,237263.423,1369734,1009701,398065664,91144192,49920,1374495,2026-08-02T11:49:22.633030Z
M2,2205,saturated,M2,true,144.000,77.306,325.733,417.402,237301.511,237700.499,237722.488,1370130,1010037,398172160,91152384,49945,1374840,2026-08-02T11:49:22.633030Z
M2,2206,saturated,M2,true,216.000,70.962,115.312,140.720,237523.622,237747.935,237762.889,1370478,1010207,398229504,91185152,49934,1375246,2026-08-02T11:49:22.633030Z
M2,2207,saturated,M2,true,190.000,75.615,133.935,174.362,237707.700,237957.165,238040.830,1370830,1010207,398336000,91201536,49937,1375636,2026-08-02T11:49:22.633030Z
M2,2208,saturated,M2,true,203.000,76.070,116.972,125.054,237877.253,238115.231,238140.763,1371214,1010508,398426112,91217920,49933,1376036,2026-08-02T11:49:22.633030Z
M2,2209,saturated,M2,true,177.000,80.331,157.008,223.502,238115.757,238403.354,238448.242,1371616,1010802,398524416,91234304,49933,1376401,2026-08-02T11:49:22.633030Z
M2,2210,saturated,M2,true,223.000,69.043,119.520,139.450,238290.405,238526.606,238561.750,1372010,1010985,398630912,91258880,49923,1376829,2026-08-02T11:49:22.633030Z
M2,2211,saturated,M2,true,205.000,74.014,124.981,148.886,238442.988,238674.840,238706.536,1372455,1010985,398696448,91275264,49931,1377251,2026-08-02T11:49:22.633030Z
M2,2212,saturated,M2,true,221.000,69.417,122.181,167.045,238539.864,238800.128,238850.244,1372889,1011309,398802944,91299840,49925,1377682,2026-08-02T11:49:22.633030Z
M2,2213,saturated,M2,true,198.000,68.454,172.206,218.963,238748.211,239009.701,239061.754,1373321,1011622,398909440,91332608,49926,1378085,2026-08-02T11:49:22.633030Z
M2,2214,saturated,M2,true,209.000,72.887,122.664,145.629,238829.778,239113.261,239160.886,1373715,1011825,398999552,91332608,49931,1378509,2026-08-02T11:49:22.633030Z
M2,2215,saturated,M2,true,151.000,76.249,263.052,307.724,238943.463,239206.565,239238.610,1374071,1011825,399081472,91365376,49957,1378867,2026-08-02T11:49:22.633030Z
M2,2216,saturated,M2,true,215.000,70.501,127.711,184.412,239305.510,239536.754,239551.995,1374409,1012146,399171584,91373568,49934,1379247,2026-08-02T11:49:22.633030Z
M2,2217,saturated,M2,true,210.000,71.938,123.511,133.806,239457.235,239721.444,239744.093,1374841,1012400,399278080,91398144,49937,1379682,2026-08-02T11:49:22.633030Z
M2,2218,saturated,M2,true,207.000,71.900,121.966,135.560,239526.883,239756.291,239773.006,1375277,1012619,399376384,91422720,49934,1380101,2026-08-02T11:49:22.633030Z
M2,2219,saturated,M2,true,220.000,67.374,116.774,128.411,239728.769,239965.586,240009.967,1375712,1012826,399466496,91447296,49931,1380526,2026-08-02T11:49:22.633030Z
M2,2220,saturated,M2,true,191.000,75.156,118.004,141.375,239934.813,240163.934,240218.271,1376155,1013039,399548416,91463680,49938,1380930,2026-08-02T11:49:22.633030Z
M2,2221,saturated,M2,true,212.000,73.657,126.617,152.407,239993.033,240231.589,240257.322,1376606,998646,399581184,91480064,49940,1381356,2026-08-02T11:50:22.365324Z
M2,2222,saturated,M2,true,185.000,77.135,178.486,208.389,240186.280,240524.051,240557.663,1377032,998948,399785984,91496448,49940,1381723,2026-08-02T11:50:22.365324Z
M2,2223,saturated,M2,true,213.000,72.940,116.363,132.471,240388.619,240631.969,240676.571,1377374,999241,399818752,91512832,49929,1382134,2026-08-02T11:50:22.365324Z
M2,2224,saturated,M2,true,194.000,76.928,132.660,150.030,240517.259,240721.936,240789.378,1377809,999241,399933440,91545600,49945,1382547,2026-08-02T11:50:22.365324Z
M2,2225,saturated,M2,true,137.000,84.332,390.920,415.810,240827.446,241186.633,241236.503,1378121,999553,400039936,91553792,49954,1382853,2026-08-02T11:50:22.365324Z
M2,2226,saturated,M2,true,219.000,74.017,122.905,143.246,241131.083,241410.810,241437.266,1378427,999751,400072704,91586560,49940,1383251,2026-08-02T11:50:22.365324Z
M2,2227,saturated,M2,true,215.000,72.042,116.329,138.958,241044.747,241263.314,241305.762,1378871,1000002,400195584,91586560,49937,1383684,2026-08-02T11:50:22.365324Z
M2,2228,saturated,M2,true,223.000,70.372,105.376,126.072,241130.079,241363.998,241388.924,1379327,1000002,400310272,91619328,49933,1384126,2026-08-02T11:50:22.365324Z
M2,2229,saturated,M2,true,206.000,74.231,121.049,135.657,241332.123,241576.949,241608.738,1379782,1000321,400359424,91643904,49943,1384554,2026-08-02T11:50:22.365324Z
M2,2230,saturated,M2,true,223.000,69.407,111.741,124.394,241444.584,241668.904,241721.388,1380207,1000542,400523264,91660288,49934,1384989,2026-08-02T11:50:22.365324Z
M2,2231,saturated,M2,true,217.000,72.742,111.759,144.153,241566.374,241801.106,241829.975,1380682,1000865,400580608,91693056,49940,1385434,2026-08-02T11:50:22.365324Z
M2,2232,saturated,M2,true,214.000,72.021,108.341,129.831,241694.051,241935.172,241968.996,1381123,1001088,400703488,91701248,49935,1385870,2026-08-02T11:50:22.365324Z
M2,2233,saturated,M2,true,220.000,68.136,113.650,128.365,241822.755,242064.436,242105.184,1381572,1001088,400818176,91725824,49943,1386311,2026-08-02T11:50:22.365324Z
M2,2234,saturated,M2,true,215.000,69.788,116.392,146.075,241981.820,242220.872,242269.121,1381997,1001413,400859136,91742208,49939,1386746,2026-08-02T11:50:22.365324Z
M2,2235,saturated,M2,true,168.000,82.550,232.581,258.383,242204.044,242590.652,242657.534,1382410,1001741,401014784,91766784,49945,1387094,2026-08-02T11:50:22.365324Z
M2,2236,saturated,M2,true,195.000,74.905,148.720,203.989,242536.749,242780.905,242817.535,1382709,1001911,401072128,91783168,49943,1387479,2026-08-02T11:50:22.365324Z
M2,2237,saturated,M2,true,226.000,69.772,110.800,128.231,242704.219,242953.577,242980.421,1383126,1001911,401154048,91807744,49936,1387917,2026-08-02T11:50:22.365324Z
M2,2238,saturated,M2,true,198.000,70.605,136.776,167.064,242704.955,243058.521,243094.649,1383569,1002210,401301504,91832320,49943,1388336,2026-08-02T11:50:22.365324Z
M2,2239,saturated,M2,true,222.000,69.525,111.094,132.334,242734.316,242965.773,242987.576,1384007,1002431,401350656,91840512,49937,1388763,2026-08-02T11:50:22.365324Z
M2,2240,saturated,M2,true,214.000,73.031,113.740,128.902,242749.021,242992.300,243028.480,1384442,1002744,401481728,91873280,49943,1389207,2026-08-02T11:50:22.365324Z
M2,2241,saturated,M2,true,214.000,70.765,115.936,130.940,242882.642,243114.519,243161.314,1384882,1002965,401588224,91897856,49946,1389641,2026-08-02T11:50:22.365324Z
M2,2242,saturated,M2,true,205.000,72.585,113.994,134.172,242895.342,243124.880,243142.075,1385285,1002965,401629184,91914240,49949,1390056,2026-08-02T11:50:22.365324Z
M2,2243,saturated,M2,true,198.000,79.680,125.970,147.607,243034.170,243242.802,243275.806,1385698,1003284,401760256,91930624,49946,1390453,2026-08-02T11:50:22.365324Z
M2,2244,saturated,M2,true,198.000,70.877,147.802,175.493,243111.033,243345.233,243408.012,1386081,1003482,401842176,91955200,49946,1390853,2026-08-02T11:50:22.365324Z
M2,2245,saturated,M2,true,138.000,88.697,332.822,389.358,243255.160,243560.232,243606.584,1386446,1003784,401899520,91971584,49964,1391162,2026-08-02T11:50:22.365324Z
M2,2246,saturated,M2,true,217.000,72.400,141.636,150.905,243494.094,243731.576,243757.457,1386768,1003784,401973248,91979776,49941,1391556,2026-08-02T11:50:22.365324Z
M2,2247,saturated,M2,true,192.000,79.055,138.848,164.924,243437.661,243763.602,243795.116,1387085,1004021,402104320,92012544,49955,1391969,2026-08-02T11:50:22.365324Z
M2,2248,saturated,M2,true,186.000,77.943,138.505,165.249,243249.261,243468.351,243522.689,1387503,1004236,402153472,92028928,49944,1392324,2026-08-02T11:50:22.365324Z
M2,2249,saturated,M2,true,190.000,75.161,138.041,173.826,242823.404,243028.887,243081.262,1387878,1004513,402259968,92045312,49955,1392726,2026-08-02T11:50:22.365324Z
M2,2250,saturated,M2,true,214.000,71.590,110.442,120.290,242848.363,243076.127,243101.841,1388275,1004716,402366464,92061696,49943,1393135,2026-08-02T11:50:22.365324Z
M2,2251,saturated,M2,true,218.000,68.503,109.751,134.175,242565.364,242817.766,242855.302,1388713,1004716,402464768,92094464,49947,1393578,2026-08-02T11:50:22.365324Z
M2,2252,saturated,M2,true,213.000,73.919,126.733,158.420,242548.308,242781.058,242795.357,1389156,1005027,402554880,92094464,49946,1393997,2026-08-02T11:50:22.365324Z
M2,2253,saturated,M2,true,214.000,74.702,121.522,129.903,242503.664,242772.872,242799.865,1389588,1005242,402653184,92135424,49950,1394440,2026-08-02T11:50:22.365324Z
M2,2254,saturated,M2,true,203.000,73.746,125.883,148.144,242410.540,242694.514,242714.820,1390007,1005568,402751488,92151808,49941,1394838,2026-08-02T11:50:22.365324Z
M2,2255,saturated,M2,true,151.000,82.070,200.980,372.573,242374.572,242585.124,242607.941,1390453,1005764,402841600,92168192,49975,1395198,2026-08-02T11:50:22.365324Z
M2,2256,saturated,M2,true,175.000,83.507,169.962,221.743,242581.992,242782.691,242818.015,1390732,1005944,402898944,92176384,49948,1395505,2026-08-02T11:50:22.365324Z
M2,2257,saturated,M2,true,214.000,71.400,112.428,135.251,242395.131,242718.189,242746.367,1391131,1005944,403005440,92200960,49948,1395938,2026-08-02T11:50:22.365324Z
M2,2258,saturated,M2,true,185.000,80.946,165.983,185.946,242131.830,242492.025,242538.721,1391577,1006202,403079168,92233728,49959,1396322,2026-08-02T11:50:22.365324Z
M2,2259,saturated,M2,true,202.000,75.295,127.990,140.457,242044.433,242291.248,242320.048,1391921,1006416,403185664,92241920,49947,1396703,2026-08-02T11:50:22.365324Z
M2,2260,saturated,M2,true,207.000,71.399,122.230,144.452,241927.392,242184.106,242228.642,1392344,1006693,403275776,92266496,49952,1397126,2026-08-02T11:50:22.365324Z
M2,2261,saturated,M2,true,204.000,73.655,125.446,144.524,241688.480,241942.764,242011.090,1392778,1006908,403374080,92282880,49950,1397543,2026-08-02T11:50:22.365324Z
M2,2262,saturated,M2,true,223.000,67.696,112.832,135.989,241539.310,241777.310,241836.472,1393215,1006908,403488768,92307456,49946,1397986,2026-08-02T11:50:22.365324Z
M2,2263,saturated,M2,true,201.000,73.244,120.820,148.442,241364.314,241560.739,241610.059,1393637,1007227,403570688,92315648,49950,1398390,2026-08-02T11:50:22.365324Z
M2,2264,saturated,M2,true,216.000,69.662,118.232,134.984,241419.399,241665.883,241679.215,1394062,1007535,403652608,92356608,49950,1398826,2026-08-02T11:50:22.365324Z
M2,2265,saturated,M2,true,145.000,80.157,226.808,292.703,241449.854,241834.833,241941.193,1394449,1007640,403775488,92364800,49977,1399170,2026-08-02T11:50:22.365324Z
M2,2266,saturated,M2,true,207.000,72.587,151.675,208.592,241786.489,242030.869,242077.344,1394742,1007856,403841024,92389376,49953,1399535,2026-08-02T11:50:22.365324Z
M2,2267,saturated,M2,true,208.000,70.048,115.546,133.275,241703.334,241942.636,242000.330,1395107,1008102,403931136,92405760,49954,1399959,2026-08-02T11:50:22.365324Z
M2,2268,saturated,M2,true,199.000,75.759,131.552,172.673,241679.220,241933.092,241983.068,1395538,1008314,404029440,92422144,49952,1400359,2026-08-02T11:50:22.365324Z
M2,2269,saturated,M2,true,216.000,73.916,115.286,128.177,241734.241,241983.123,242024.988,1395918,1008314,404127744,92446720,49958,1400802,2026-08-02T11:50:22.365324Z
M2,2270,saturated,M2,true,210.000,73.513,124.998,154.778,241644.557,241881.687,241906.789,1396334,1008619,404242432,92463104,49954,1401209,2026-08-02T11:50:22.365324Z
M2,2271,saturated,M2,true,203.000,70.618,131.416,147.666,241727.847,242000.145,242035.754,1396742,1008935,404324352,92495872,49964,1401638,2026-08-02T11:50:22.365324Z
M2,2272,saturated,M2,true,175.000,80.034,148.858,164.834,241904.120,242161.515,242204.005,1397138,1008935,404422656,92495872,49966,1402006,2026-08-02T11:50:22.365324Z
M2,2273,saturated,M2,true,208.000,69.888,135.493,149.466,242139.728,242372.557,242386.808,1397517,1009241,404512768,92528640,49960,1402402,2026-08-02T11:50:22.365324Z
M2,2274,saturated,M2,true,203.000,77.873,125.027,145.330,242253.028,242510.595,242538.080,1397926,1009422,404594688,92536832,49962,1402808,2026-08-02T11:50:22.365324Z
M2,2275,saturated,M2,true,139.000,87.479,292.298,369.668,242433.834,242788.247,242869.472,1398279,1009631,404676608,92561408,49973,1403115,2026-08-02T11:50:22.365324Z
M2,2276,saturated,M2,true,78.000,180.922,409.870,460.280,243319.763,243596.059,243596.126,1398556,1009834,404717568,92569600,49970,1403271,2026-08-02T11:50:22.365324Z
M2,2277,saturated,M2,true,93.000,152.202,363.806,413.819,243748.497,244133.548,244150.299,1398732,1009932,404758528,92585984,49972,1403468,2026-08-02T11:50:22.365324Z
M2,2278,saturated,M2,true,213.000,73.226,139.322,246.933,244159.634,244389.913,244409.664,1398979,1010057,404840448,92610560,49959,1403861,2026-08-02T11:50:22.365324Z
M2,2279,saturated,M2,true,190.000,82.581,134.940,217.081,244256.930,244541.948,244617.757,1399394,1010255,404922368,92610560,49961,1404248,2026-08-02T11:50:22.365324Z
M2,2280,saturated,M2,true,218.000,74.627,111.494,124.665,244224.181,244449.457,244463.332,1399825,1010255,405020672,92643328,49960,1404688,2026-08-02T11:50:22.365324Z
M2,2281,saturated,M2,true,186.000,82.035,138.586,160.083,244332.804,244594.432,244634.398,1404323,1136940,405037056,92651520,49963,1405068,2026-08-02T11:51:22.387682Z
M2,2282,saturated,M2,true,217.000,74.965,112.755,137.324,244540.817,244769.493,244784.076,1404725,1137153,405225472,92676096,49957,1405486,2026-08-02T11:51:22.387682Z
M2,2283,saturated,M2,true,222.000,67.794,118.090,138.447,244593.757,244809.830,244836.914,1405175,1137451,405266432,92708864,49957,1405933,2026-08-02T11:51:22.387682Z
M2,2284,saturated,M2,true,198.000,78.525,136.046,160.962,244650.101,244910.030,244936.286,1405608,1137671,405413888,92717056,49962,1406348,2026-08-02T11:51:22.387682Z
M2,2285,saturated,M2,true,133.000,91.106,289.614,366.175,244858.335,245056.360,245067.652,1405927,1137877,405495808,92741632,49970,1406634,2026-08-02T11:51:22.387682Z
M2,2286,saturated,M2,true,201.000,75.035,136.179,169.783,245279.802,245529.570,245559.205,1406210,1137877,405520384,92749824,49960,1407012,2026-08-02T11:51:22.387682Z
M2,2287,saturated,M2,true,202.000,71.098,122.034,152.866,245291.811,245512.454,245591.003,1406621,1138103,405594112,92774400,49967,1407447,2026-08-02T11:51:22.387682Z
M2,2288,saturated,M2,true,225.000,69.511,119.777,138.448,245414.854,245645.732,245687.782,1407052,1138320,405741568,92790784,49963,1407874,2026-08-02T11:51:22.387682Z
M2,2289,saturated,M2,true,224.000,70.156,108.831,128.098,245369.130,245672.972,245694.691,1407518,1138518,405790720,92823552,49960,1408321,2026-08-02T11:51:22.387682Z
M2,2290,saturated,M2,true,226.000,68.505,113.898,127.689,245273.482,245585.057,245613.566,1407965,1138860,405979136,92839936,49961,1408784,2026-08-02T11:51:22.387682Z
M2,2291,saturated,M2,true,227.000,70.292,110.422,129.901,245161.651,245383.609,245453.366,1408438,1139089,406028288,92864512,49961,1409230,2026-08-02T11:51:22.387682Z
M2,2292,saturated,M2,true,225.000,69.623,102.498,133.057,245249.390,245478.092,245510.237,1408897,1139314,406118400,92880896,49964,1409693,2026-08-02T11:51:22.387682Z
M2,2293,saturated,M2,true,224.000,68.412,120.006,144.608,245346.416,245557.786,245596.350,1409367,1139314,406257664,92897280,49963,1410141,2026-08-02T11:51:22.387682Z
M2,2294,saturated,M2,true,229.000,65.926,113.238,123.441,245359.823,245595.264,245615.414,1409803,1139655,406306816,92938240,49964,1410602,2026-08-02T11:51:22.387682Z
M2,2295,saturated,M2,true,158.000,82.969,248.687,329.926,245484.992,245900.392,245949.815,1410220,1139995,406462464,92946432,49969,1410935,2026-08-02T11:51:22.387682Z
M2,2296,saturated,M2,true,230.000,68.737,109.130,120.468,245809.676,246023.912,246067.680,1410596,1140157,406536192,92971008,49963,1411379,2026-08-02T11:51:22.387682Z
M2,2297,saturated,M2,true,215.000,70.101,124.777,151.386,245816.771,246078.727,246126.931,1411022,1140381,406609920,92995584,49967,1411825,2026-08-02T11:51:22.387682Z
M2,2298,saturated,M2,true,213.000,73.706,117.756,135.831,245969.507,246231.773,246247.305,1411438,1140381,406740992,93003776,49966,1412253,2026-08-02T11:51:22.387682Z
M2,2299,saturated,M2,true,232.000,68.833,115.245,139.497,246100.282,246305.487,246337.943,1411893,1140702,406831104,93044736,49961,1412706,2026-08-02T11:51:22.387682Z
M2,2300,saturated,M2,true,227.000,66.810,100.375,113.810,246176.222,246397.459,246412.740,1412337,1140930,406953984,93052928,49966,1413166,2026-08-02T11:51:22.387682Z
M2,2301,saturated,M2,true,226.000,67.079,106.809,139.397,245850.217,246335.759,246393.377,1412807,1141270,407052288,93077504,49968,1413630,2026-08-02T11:51:22.387682Z
M2,2302,saturated,M2,true,226.000,71.177,112.887,137.679,245621.199,245833.739,245877.316,1413249,1141391,407134208,93102080,49970,1414078,2026-08-02T11:51:22.387682Z
M2,2303,saturated,M2,true,213.000,70.262,129.809,143.402,245692.637,245937.723,245970.611,1413711,1141724,407265280,93118464,49866,1414522,2026-08-02T11:51:22.387682Z
M2,2304,saturated,M2,true,202.000,76.495,164.675,195.667,245884.940,246103.836,246142.693,1414105,1141946,407339008,93143040,49972,1414912,2026-08-02T11:51:22.387682Z
M2,2305,saturated,M2,true,157.000,78.830,302.898,359.933,245980.746,246405.464,246448.225,1414520,1141946,407429120,93159424,49975,1415246,2026-08-02T11:51:22.387682Z
M2,2306,saturated,M2,true,218.000,71.999,123.638,140.007,246234.846,246490.039,246528.155,1414885,1142251,407535616,93192192,49974,1415676,2026-08-02T11:51:22.387682Z
M2,2307,saturated,M2,true,225.000,70.327,115.988,126.109,245799.716,245965.847,246021.480,1415356,1142520,407609344,93200384,49974,1416137,2026-08-02T11:51:22.387682Z
M2,2308,saturated,M2,true,225.000,71.031,109.151,136.129,245760.418,245984.115,246037.410,1415797,1142749,407740416,93233152,49974,1416580,2026-08-02T11:51:22.387682Z
M2,2309,saturated,M2,true,222.000,66.590,117.658,137.017,245788.929,246005.317,246050.960,1416190,1142749,407830528,93257728,49861,1417032,2026-08-02T11:51:22.387682Z
M2,2310,saturated,M2,true,222.000,72.018,103.869,119.452,245742.880,245980.016,246005.230,1416626,1143079,407928832,93274112,49857,1417478,2026-08-02T11:51:22.387682Z
M2,2311,saturated,M2,true,220.000,72.946,111.227,152.293,245541.216,245767.735,245785.952,1417067,1143301,408043520,93306880,49863,1417922,2026-08-02T11:51:22.387682Z
M2,2312,saturated,M2,true,225.000,73.744,118.026,140.683,245507.257,245717.583,245746.722,1417499,1143529,408133632,93323264,49974,1418360,2026-08-02T11:51:22.387682Z
M2,2313,saturated,M2,true,214.000,68.090,116.520,144.138,245577.826,245793.094,245817.242,1417954,1143856,408240128,93339648,49975,1418807,2026-08-02T11:51:22.387682Z
M2,2314,saturated,M2,true,206.000,72.492,163.449,207.647,245675.240,245916.272,245960.942,1418350,1143856,408338432,93364224,49973,1419214,2026-08-02T11:51:22.387682Z
M2,2315,saturated,M2,true,158.000,80.732,287.374,341.022,245793.303,245998.671,246030.079,1418772,1144172,408428544,93380608,49979,1419540,2026-08-02T11:51:22.387682Z
M2,2316,saturated,M2,true,221.000,70.653,122.338,194.026,246105.666,246335.703,246381.300,1419135,1144394,408518656,93405184,49970,1419981,2026-08-02T11:51:22.387682Z
M2,2317,saturated,M2,true,224.000,70.173,111.920,141.801,246175.009,246383.020,246409.215,1419575,1144657,408616960,93421568,49976,1420427,2026-08-02T11:51:22.387682Z
M2,2318,saturated,M2,true,201.000,74.146,143.361,183.097,246275.448,246482.098,246525.282,1420025,1144992,408698880,93454336,49974,1420830,2026-08-02T11:51:22.387682Z
M2,2319,saturated,M2,true,216.000,69.785,124.332,145.686,246293.566,246518.828,246542.626,1420432,1145085,408821760,93462528,49974,1421269,2026-08-02T11:51:22.387682Z
M2,2320,saturated,M2,true,221.000,69.143,119.293,135.963,246405.203,246637.774,246662.348,1420833,1145416,408895488,93487104,49980,1421715,2026-08-02T11:51:22.387682Z
M2,2321,saturated,M2,true,220.000,67.743,116.617,132.594,246273.957,246635.036,246698.365,1421289,1145416,409026560,93519872,49978,1422163,2026-08-02T11:51:22.387682Z
M2,2322,saturated,M2,true,223.000,69.715,114.650,131.149,246022.070,246220.074,246263.297,1421698,1145632,409124864,93528064,49865,1422607,2026-08-02T11:51:22.387682Z
M2,2323,saturated,M2,true,217.000,67.199,115.309,137.166,245913.964,246173.481,246192.155,1422149,1145855,409198592,93560832,49979,1423044,2026-08-02T11:51:22.387682Z
M2,2324,saturated,M2,true,215.000,74.053,126.704,139.035,245861.286,246078.769,246097.751,1422597,1146187,409337856,93577216,49976,1423474,2026-08-02T11:51:22.387682Z
M2,2325,saturated,M2,true,158.000,80.914,243.776,265.352,245841.388,246053.228,246207.877,1423010,1146400,409403392,93593600,49931,1423810,2026-08-02T11:51:22.387682Z
M2,2326,saturated,M2,true,208.000,74.291,129.804,154.344,246014.983,246253.696,246349.752,1423349,1146400,409468928,93601792,49863,1424220,2026-08-02T11:51:22.387682Z
M2,2327,saturated,M2,true,214.000,74.870,122.660,147.124,245974.017,246197.847,246247.827,1423783,1146653,409616384,93642752,49982,1424645,2026-08-02T11:51:22.387682Z
M2,2328,saturated,M2,true,224.000,72.863,119.582,146.703,245901.889,246119.265,246138.065,1424239,1146984,409681920,93659136,49979,1425091,2026-08-02T11:51:22.387682Z
M2,2329,saturated,M2,true,220.000,69.690,117.537,127.660,245950.329,246221.204,246264.183,1424689,1147205,409812992,93667328,49872,1425536,2026-08-02T11:51:22.387682Z
M2,2330,saturated,M2,true,216.000,68.202,119.831,135.908,245991.391,246223.070,246237.358,1425124,1147205,409903104,93708288,49872,1425977,2026-08-02T11:51:22.387682Z
M2,2331,saturated,M2,true,216.000,73.687,116.344,133.715,245920.543,246270.334,246306.544,1425544,1147531,409993216,93716480,49983,1426409,2026-08-02T11:51:22.387682Z
M2,2332,saturated,M2,true,222.000,68.561,117.466,150.585,245781.237,246006.681,246051.163,1425997,1147859,410099712,93741056,49980,1426857,2026-08-02T11:51:22.387682Z
M2,2333,saturated,M2,true,223.000,69.708,109.358,126.597,245786.513,246011.948,246068.257,1426460,1148084,410214400,93773824,49870,1427310,2026-08-02T11:51:22.387682Z
M2,2334,saturated,M2,true,228.000,68.209,110.035,136.009,245759.986,246054.032,246069.508,1426856,1148310,410296320,93782016,49983,1427755,2026-08-02T11:51:22.387682Z
M2,2335,saturated,M2,true,148.000,82.826,262.729,307.065,245737.757,245998.883,246010.407,1427254,1148310,410402816,93798400,49942,1428063,2026-08-02T11:51:22.387682Z
M2,2336,saturated,M2,true,170.000,92.314,180.329,243.962,246252.620,246470.866,246509.998,1427539,1148641,410468352,93814784,49981,1428406,2026-08-02T11:51:22.387682Z
M2,2337,saturated,M2,true,207.000,72.044,132.418,145.817,246359.420,246555.539,246584.769,1427886,1148852,410533888,93839360,49980,1428818,2026-08-02T11:51:22.387682Z
M2,2338,saturated,M2,true,219.000,71.283,123.020,147.082,246481.934,246705.026,246733.747,1428313,1149059,410681344,93855744,49873,1429252,2026-08-02T11:51:22.387682Z
M2,2339,saturated,M2,true,199.000,75.672,136.276,159.102,246682.456,246929.412,246975.053,1428758,1149276,410746880,93888512,49885,1429664,2026-08-02T11:51:22.387682Z
M2,2340,saturated,M2,true,202.000,73.249,122.455,141.423,246765.001,247012.796,247070.846,1425120,1035859,410828800,93896704,49877,1430079,2026-08-02T11:52:22.419899Z
M2,2341,saturated,M2,true,209.000,73.161,125.563,144.222,246882.775,247095.629,247131.790,1425527,1036157,411009024,93921280,49889,1430487,2026-08-02T11:52:22.419899Z
M2,2342,saturated,M2,true,211.000,69.920,125.825,141.728,246901.358,247192.376,247212.063,1425903,1036377,411049984,93937664,49880,1430909,2026-08-02T11:52:22.419899Z
M2,2343,saturated,M2,true,223.000,69.323,116.589,141.502,246747.943,246981.872,247044.894,1426373,1036579,411090944,93970432,49875,1431359,2026-08-02T11:52:22.419899Z
M2,2344,saturated,M2,true,225.000,69.684,121.883,147.438,246774.669,247071.849,247086.259,1426823,1036907,411279360,93995008,49868,1431804,2026-08-02T11:52:22.419899Z
M2,2345,saturated,M2,true,154.000,76.734,316.826,341.244,246746.624,246916.910,246933.668,1427264,1037130,411328512,93995008,49942,1432138,2026-08-02T11:52:22.419899Z
M2,2346,saturated,M2,true,179.000,82.882,163.840,190.766,247117.565,247352.814,247390.476,1427536,1037130,411369472,94027776,49886,1432489,2026-08-02T11:52:22.419899Z
M2,2347,saturated,M2,true,212.000,74.080,112.748,126.753,247110.848,247333.931,247357.609,1427956,1037367,411541504,94035968,49886,1432913,2026-08-02T11:52:22.419899Z
M2,2348,saturated,M2,true,201.000,72.671,144.445,186.731,247172.341,247430.856,247463.106,1428356,1037682,411574272,94060544,49875,1433321,2026-08-02T11:52:22.419899Z
M2,2349,saturated,M2,true,217.000,73.937,109.658,119.189,247050.376,247347.890,247390.753,1428803,1037883,411656192,94093312,49883,1433757,2026-08-02T11:52:22.419899Z
M2,2350,saturated,M2,true,226.000,70.463,114.683,128.227,247009.056,247260.944,247306.100,1429225,1038213,411820032,94109696,49991,1434208,2026-08-02T11:52:22.419899Z
M2,2351,saturated,M2,true,223.000,66.645,115.564,130.983,247065.730,247287.231,247308.489,1429643,1038213,411877376,94126080,49879,1434652,2026-08-02T11:52:22.419899Z
M2,2352,saturated,M2,true,220.000,73.564,111.271,125.411,246983.959,247309.628,247346.382,1430103,1038434,412000256,94150656,49880,1435106,2026-08-02T11:52:22.419899Z
M2,2353,saturated,M2,true,217.000,70.748,119.844,126.570,246761.685,246978.357,247001.517,1430534,1038770,412106752,94175232,49875,1435533,2026-08-02T11:52:22.419899Z
M2,2354,saturated,M2,true,222.000,71.821,118.047,142.609,246685.010,246975.710,247007.361,1430965,1038985,412155904,94191616,49876,1435982,2026-08-02T11:52:22.419899Z
M2,2355,saturated,M2,true,149.000,85.626,221.326,245.864,246824.901,247053.701,247055.441,1431403,1039209,412286976,94224384,49937,1436281,2026-08-02T11:52:22.419899Z
M2,2356,saturated,M2,true,205.000,76.087,134.733,175.158,247147.465,247366.066,247410.415,1431729,1039354,412368896,94232576,49889,1436701,2026-08-02T11:52:22.419899Z
M2,2357,saturated,M2,true,198.000,76.444,138.334,189.330,247248.737,247505.268,247532.963,1432120,1039354,412434432,94248960,49880,1437097,2026-08-02T11:52:22.419899Z
M2,2358,saturated,M2,true,216.000,71.866,131.259,144.829,247304.029,247532.358,247565.558,1432566,1039650,412565504,94281728,49878,1437536,2026-08-02T11:52:22.419899Z
M2,2359,saturated,M2,true,214.000,69.053,114.721,133.169,247395.634,247634.086,247637.074,1432996,1039868,412639232,94289920,49894,1437969,2026-08-02T11:52:22.419899Z
M2,2360,saturated,M2,true,143.000,91.822,210.325,279.945,247654.156,247892.294,247972.147,1433334,1040091,412688384,94314496,49921,1438258,2026-08-02T11:52:22.419899Z
M2,2361,saturated,M2,true,171.000,81.911,249.694,359.745,248026.759,248254.481,248297.577,1433635,1040261,412811264,94322688,49893,1438591,2026-08-02T11:52:22.419899Z
M2,2362,saturated,M2,true,214.000,72.681,109.479,128.975,248134.024,248366.121,248407.722,1434051,1040504,412893184,94355456,49882,1439027,2026-08-02T11:52:22.419899Z
M2,2363,saturated,M2,true,219.000,70.295,117.780,135.049,248028.048,248402.084,248433.749,1434478,1040724,412999680,94363648,49881,1439463,2026-08-02T11:52:22.419899Z
M2,2364,saturated,M2,true,207.000,73.352,122.861,144.481,247839.463,248071.664,248112.603,1434892,1040724,413122560,94388224,49885,1439885,2026-08-02T11:52:22.419899Z
M2,2365,saturated,M2,true,158.000,79.298,240.025,293.019,247998.147,248361.746,248413.387,1435310,1041038,413163520,94396416,49948,1440201,2026-08-02T11:52:22.419899Z
M2,2366,saturated,M2,true,188.000,79.437,166.185,190.188,248247.473,248518.550,248539.671,1435616,1041256,413253632,94429184,49890,1440581,2026-08-02T11:52:22.419899Z
M2,2367,saturated,M2,true,208.000,73.166,124.639,163.187,248231.416,248559.063,248579.436,1436020,1041496,413376512,94437376,49897,1440998,2026-08-02T11:52:22.419899Z
M2,2368,saturated,M2,true,213.000,72.135,130.907,156.239,248208.234,248434.631,248448.003,1436430,1041702,413425664,94470144,49892,1441431,2026-08-02T11:52:22.419899Z
M2,2369,saturated,M2,true,222.000,69.082,111.513,153.058,248194.758,248451.551,248495.793,1436837,1041702,413556736,94486528,49881,1441872,2026-08-02T11:52:22.419899Z
M2,2370,saturated,M2,true,219.000,70.749,109.162,128.688,248144.603,248366.602,248382.236,1437300,1042022,413663232,94502912,49886,1442324,2026-08-02T11:52:22.419899Z
M2,2371,saturated,M2,true,229.000,69.054,104.714,117.791,248092.555,248331.235,248353.953,1437744,1042251,413753344,94527488,49884,1442777,2026-08-02T11:52:22.419899Z
M2,2372,saturated,M2,true,212.000,76.163,122.293,154.011,248086.402,248323.916,248357.518,1438015,1042251,413818880,94552064,49894,1442993,2026-08-02T11:52:22.419899Z
M2,2373,saturated,M2,true,225.000,64.998,106.265,124.774,247964.569,248327.868,248350.086,1438597,1042587,413941760,94584832,49886,1443656,2026-08-02T11:52:22.419899Z
M2,2374,saturated,M2,true,216.000,73.618,120.703,140.425,247695.785,247921.068,247943.900,1439058,1042913,414089216,94609408,49882,1444097,2026-08-02T11:52:22.419899Z
M2,2375,saturated,M2,true,137.000,77.868,348.107,398.002,247747.598,248219.837,248238.084,1439321,1042913,414130176,94625792,49954,1444289,2026-08-02T11:52:22.419899Z
M2,2376,saturated,M2,true,199.000,79.485,165.411,254.555,248108.580,248342.350,248363.991,1439613,1043245,414187520,94625792,49899,1444560,2026-08-02T11:52:22.419899Z
M2,2377,saturated,M2,true,218.000,72.115,106.932,131.603,248126.602,248350.432,248377.504,1440004,1043475,414244864,94642176,49889,1444977,2026-08-02T11:52:22.419899Z
M2,2378,saturated,M2,true,196.000,73.417,125.451,163.648,248141.345,248378.356,248412.942,1440461,1043683,414384128,94674944,49916,1445432,2026-08-02T11:52:22.419899Z
M2,2379,saturated,M2,true,187.000,81.170,136.637,155.782,248245.544,248493.447,248529.617,1440820,1043990,414449664,94699520,49909,1445795,2026-08-02T11:52:22.419899Z
M2,2380,saturated,M2,true,218.000,68.731,127.295,149.012,248406.233,248659.469,248666.306,1441204,1043990,414556160,94699520,49894,1446202,2026-08-02T11:52:22.419899Z
M2,2381,saturated,M2,true,201.000,76.285,123.626,133.762,248472.285,248688.830,248700.823,1441618,1044182,414670848,94724096,49895,1446612,2026-08-02T11:52:22.419899Z
M2,2382,saturated,M2,true,226.000,70.828,109.701,123.339,248495.692,248727.182,248742.638,1442026,1044398,414728192,94748672,49890,1447048,2026-08-02T11:52:22.419899Z
M2,2383,saturated,M2,true,199.000,74.115,147.978,161.711,248609.806,248844.849,248876.602,1442475,1044713,414851072,94773248,49892,1447453,2026-08-02T11:52:22.419899Z
M2,2384,saturated,M2,true,222.000,68.011,109.974,126.542,248157.525,248516.218,248575.635,1442849,1044916,414949376,94789632,49886,1447902,2026-08-02T11:52:22.419899Z
M2,2385,saturated,M2,true,162.000,79.262,227.755,290.319,248071.237,248340.493,248377.612,1443292,1045137,415047680,94814208,49945,1448340,2026-08-02T11:52:22.419899Z
M2,2386,saturated,M2,true,211.000,72.267,118.473,146.525,248128.810,248405.807,248433.922,1443649,1045355,415121408,94830592,49896,1448663,2026-08-02T11:52:22.419899Z
M2,2387,saturated,M2,true,211.000,73.169,113.002,128.945,248020.197,248265.352,248290.158,1444076,1045355,415219712,94838784,49895,1449092,2026-08-02T11:52:22.419899Z
M2,2388,saturated,M2,true,204.000,75.141,153.443,173.007,247841.982,248045.728,248120.081,1444519,1045623,415318016,94879744,49910,1449515,2026-08-02T11:52:22.419899Z
M2,2389,saturated,M2,true,198.000,76.805,130.766,155.429,247817.194,248024.651,248047.864,1444892,1045942,415424512,94887936,49903,1449900,2026-08-02T11:52:22.419899Z
M2,2390,saturated,M2,true,209.000,74.803,129.775,159.729,247816.811,248068.814,248084.193,1445276,1045942,415506432,94912512,49900,1450317,2026-08-02T11:52:22.419899Z
M2,2391,saturated,M2,true,201.000,73.693,130.144,141.986,247867.332,248113.322,248129.190,1445708,1046231,415588352,94937088,49901,1450729,2026-08-02T11:52:22.419899Z
M2,2392,saturated,M2,true,209.000,74.821,123.679,158.659,247734.435,247972.237,247994.089,1446133,1046441,415703040,94953472,49898,1451144,2026-08-02T11:52:22.419899Z
M2,2393,saturated,M2,true,216.000,69.357,110.826,126.154,247570.870,247968.671,248007.485,1446571,1046750,415801344,94969856,49896,1451576,2026-08-02T11:52:22.419899Z
M2,2394,saturated,M2,true,223.000,73.138,107.761,121.258,247410.780,247623.406,247639.834,1446995,1046967,415875072,94994432,49894,1452021,2026-08-02T11:52:22.419899Z
M2,2395,saturated,M2,true,159.000,77.642,281.822,356.353,247535.153,247804.947,247847.030,1447431,1047301,416006144,95027200,49952,1452445,2026-08-02T11:52:22.419899Z
M2,2396,saturated,M2,true,215.000,73.877,137.185,181.632,247772.821,248010.698,248032.521,1447773,1047398,416055296,95027200,49898,1452774,2026-08-02T11:52:22.419899Z
M2,2397,saturated,M2,true,212.000,71.230,126.937,146.855,247769.921,248001.148,248028.267,1448208,1047563,416169984,95068160,49911,1453220,2026-08-02T11:52:22.419899Z
M2,2398,saturated,M2,true,220.000,72.431,117.431,140.544,247869.434,248091.447,248128.753,1448615,1047563,416268288,95076352,49900,1453642,2026-08-02T11:52:22.419899Z
M2,2399,saturated,M2,true,202.000,76.644,126.869,152.309,247917.396,248122.236,248182.494,1449033,1047883,416382976,95092736,49913,1454072,2026-08-02T11:52:22.419899Z
M2,2400,saturated,M2,true,186.000,77.695,150.777,173.057,248111.393,248348.320,248369.389,1449437,1048103,416456704,95117312,49918,1454463,2026-08-02T11:52:22.419899Z
M2,2401,saturated,M2,true,212.000,71.510,124.854,140.320,248206.960,248407.152,248437.018,1449754,1034318,416514048,95141888,49902,1454855,2026-08-02T11:53:22.689085Z
M2,2402,saturated,M2,true,223.000,71.225,114.461,136.177,248296.249,248542.467,248556.243,1450190,1034611,416702464,95158272,49897,1455293,2026-08-02T11:53:22.689085Z
M2,2403,saturated,M2,true,217.000,73.297,114.889,134.776,248219.892,248529.523,248547.770,1450642,1034611,416735232,95174656,49900,1455738,2026-08-02T11:53:22.689085Z
M2,2404,saturated,M2,true,214.000,71.391,114.911,137.795,248027.761,248308.001,248333.394,1451076,1034937,416866304,95207424,49902,1456171,2026-08-02T11:53:22.689085Z
M2,2405,saturated,M2,true,166.000,76.510,289.113,307.783,248017.633,248336.440,248367.716,1451411,1035267,416972800,95215616,49938,1456583,2026-08-02T11:53:22.689085Z
M2,2406,saturated,M2,true,207.000,75.017,131.417,156.500,248221.344,248454.563,248480.287,1451780,1035376,416997376,95248384,49904,1456924,2026-08-02T11:53:22.689085Z
M2,2407,saturated,M2,true,199.000,73.781,128.797,143.783,248222.226,248503.523,248552.061,1452196,1035640,417153024,95264768,49907,1457324,2026-08-02T11:53:22.689085Z
M2,2408,saturated,M2,true,216.000,69.982,116.746,129.472,248138.266,248380.872,248428.729,1452608,1035640,417234944,95281152,49899,1457750,2026-08-02T11:53:22.689085Z
M2,2409,saturated,M2,true,220.000,71.709,107.161,131.017,248137.792,248352.909,248402.545,1453056,1035942,417267712,95305728,49902,1458206,2026-08-02T11:53:22.689085Z
M2,2410,saturated,M2,true,217.000,69.893,120.731,131.401,248066.793,248299.602,248361.770,1453496,1036165,417415168,95322112,49904,1458644,2026-08-02T11:53:22.689085Z
M2,2411,saturated,M2,true,227.000,70.279,106.945,124.031,248078.127,248322.913,248349.196,1453897,1036386,417505280,95346688,49898,1459083,2026-08-02T11:53:22.689085Z
M2,2412,saturated,M2,true,219.000,72.437,109.547,136.352,248046.240,248260.227,248289.802,1454360,1036713,417579008,95371264,49905,1459535,2026-08-02T11:53:22.689085Z
M2,2413,saturated,M2,true,222.000,68.789,110.341,133.955,247915.220,248235.285,248266.757,1454818,1036713,417718272,95395840,49903,1459980,2026-08-02T11:53:22.689085Z
M2,2414,saturated,M2,true,221.000,74.565,120.845,136.551,247373.793,247623.148,247655.309,1455250,1037045,417783808,95412224,49900,1460414,2026-08-02T11:53:22.689085Z
M2,2415,saturated,M2,true,157.000,82.175,286.754,312.241,247388.401,247767.059,247827.934,1455677,1037270,417914880,95428608,49939,1460815,2026-08-02T11:53:22.689085Z
M2,2416,saturated,M2,true,218.000,71.622,109.833,122.666,247579.039,247786.780,247821.770,1456029,1037493,418004992,95461376,49903,1461187,2026-08-02T11:53:22.689085Z
M2,2417,saturated,M2,true,219.000,73.669,118.316,133.037,247521.470,247771.970,247794.519,1456475,1037761,418054144,95469568,49908,1461623,2026-08-02T11:53:22.689085Z
M2,2418,saturated,M2,true,208.000,71.531,113.259,140.607,247579.142,247802.874,247827.796,1456922,1037981,418217984,95502336,49908,1462051,2026-08-02T11:53:22.689085Z
M2,2419,saturated,M2,true,224.000,73.267,105.708,115.621,247477.356,247700.531,247733.577,1457355,1037981,418283520,95518720,49909,1462492,2026-08-02T11:53:22.689085Z
M2,2420,saturated,M2,true,210.000,72.063,113.666,136.204,247497.700,247712.550,247727.308,1457820,1038295,418381824,95535104,49907,1462930,2026-08-02T11:53:22.689085Z
M2,2421,saturated,M2,true,219.000,69.877,118.085,154.255,247455.491,247695.226,247727.867,1458245,1038628,418504704,95559680,49905,1463355,2026-08-02T11:53:22.689085Z
M2,2422,saturated,M2,true,200.000,73.852,164.208,198.592,247449.176,247753.196,247772.383,1458675,1038628,418553856,95584256,49902,1463759,2026-08-02T11:53:22.689085Z
M2,2423,saturated,M2,true,220.000,69.721,103.352,131.454,247089.698,247373.525,247417.681,1459109,1038949,418676736,95608832,49904,1464202,2026-08-02T11:53:22.689085Z
M2,2424,saturated,M2,true,199.000,79.099,155.522,184.257,247044.985,247270.451,247306.299,1459482,1039264,418783232,95625216,49911,1464610,2026-08-02T11:53:22.689085Z
M2,2425,saturated,M2,true,169.000,78.941,252.682,322.937,247110.192,247311.928,247328.248,1459833,1039464,418840576,95649792,49941,1465009,2026-08-02T11:53:22.689085Z
M2,2426,saturated,M2,true,211.000,74.019,127.674,143.882,247267.123,247499.959,247533.767,1460168,1039664,418971648,95649792,49912,1465366,2026-08-02T11:53:22.689085Z
M2,2427,saturated,M2,true,211.000,71.569,123.186,149.234,247312.469,247554.232,247564.738,1460593,1039664,419037184,95682560,49915,1465796,2026-08-02T11:53:22.689085Z
M2,2428,saturated,M2,true,215.000,74.025,112.162,132.058,247332.220,247568.333,247620.341,1461029,1039949,419151872,95707136,49914,1466232,2026-08-02T11:53:22.689085Z
M2,2429,saturated,M2,true,218.000,72.229,106.352,133.293,247229.268,247458.205,247470.793,1461474,1040159,419258368,95723520,49907,1466654,2026-08-02T11:53:22.689085Z
M2,2430,saturated,M2,true,216.000,71.947,111.961,130.125,247194.932,247430.017,247447.602,1461926,1040483,419332096,95756288,49908,1467098,2026-08-02T11:53:22.689085Z
M2,2431,saturated,M2,true,217.000,71.188,116.412,132.401,246771.215,247013.946,247047.411,1462372,1040703,419463168,95756288,49915,1467542,2026-08-02T11:53:22.689085Z
M2,2432,saturated,M2,true,218.000,71.998,111.291,139.908,246520.250,246888.701,246931.176,1462826,1040703,419553280,95789056,49916,1467980,2026-08-02T11:53:22.689085Z
M2,2433,saturated,M2,true,224.000,68.207,114.502,148.608,245619.651,245907.019,245947.215,1463247,1041033,419635200,95813632,49910,1468417,2026-08-02T11:53:22.689085Z
M2,2434,saturated,M2,true,221.000,67.488,109.079,128.803,245357.538,245641.963,245664.894,1463683,1041359,419774464,95838208,49913,1468869,2026-08-02T11:53:22.689085Z
M2,2435,saturated,M2,true,166.000,76.924,267.782,323.604,245140.128,245438.957,245480.216,1464051,1041694,419831808,95854592,49945,1469266,2026-08-02T11:53:22.689085Z
M2,2436,saturated,M2,true,215.000,72.699,130.952,159.236,244939.687,245321.887,245377.526,1464413,1041781,419930112,95862784,49915,1469642,2026-08-02T11:53:22.689085Z
M2,2437,saturated,M2,true,198.000,75.152,131.038,164.938,244854.715,245080.370,245092.993,1464847,1041971,420052992,95895552,49935,1470080,2026-08-02T11:53:22.689085Z
M2,2438,saturated,M2,true,151.000,96.550,167.555,211.284,245057.173,245244.920,245286.049,1465256,1041971,420102144,95903744,49942,1470403,2026-08-02T11:53:22.689085Z
M2,2439,saturated,M2,true,196.000,76.802,148.852,183.133,245266.479,245493.904,245525.185,1465580,1042268,420192256,95928320,49915,1470739,2026-08-02T11:53:22.689085Z
M2,2440,saturated,M2,true,201.000,76.620,110.134,131.059,245358.932,245578.879,245618.354,1465964,1042514,420298752,95944704,49926,1471164,2026-08-02T11:53:22.689085Z
M2,2441,saturated,M2,true,179.000,81.521,141.986,156.687,244812.815,245072.673,245254.006,1466361,1042514,420356096,95977472,49928,1471524,2026-08-02T11:53:22.689085Z
M2,2442,saturated,M2,true,211.000,73.921,125.568,147.215,244870.457,245107.694,245123.626,1466730,1042813,420478976,95977472,49918,1471931,2026-08-02T11:53:22.689085Z
M2,2443,saturated,M2,true,208.000,72.867,135.903,165.843,244832.353,245077.137,245115.716,1467170,1042998,420560896,96010240,49921,1472353,2026-08-02T11:53:22.689085Z
M2,2444,saturated,M2,true,216.000,72.010,108.087,123.893,244842.436,245087.418,245121.030,1467594,1043319,420642816,96026624,49919,1472777,2026-08-02T11:53:22.689085Z
M2,2445,saturated,M2,true,154.000,82.870,273.092,313.360,244937.011,245218.090,245240.457,1467999,1043319,420765696,96051200,49956,1473163,2026-08-02T11:53:22.689085Z
M2,2446,saturated,M2,true,207.000,70.760,108.047,177.415,245125.744,245371.541,245401.221,1468326,1043635,420831232,96059392,49918,1473513,2026-08-02T11:53:22.689085Z
M2,2447,saturated,M2,true,219.000,69.715,111.857,123.958,245169.004,245386.825,245448.098,1468778,1043895,420929536,96083968,49921,1473949,2026-08-02T11:53:22.689085Z
M2,2448,saturated,M2,true,215.000,74.092,120.912,136.557,245025.365,245276.530,245310.445,1469219,1044112,421052416,96108544,49924,1474383,2026-08-02T11:53:22.689085Z
M2,2449,saturated,M2,true,207.000,73.855,113.011,139.033,245083.720,245288.633,245322.355,1469641,1044329,421126144,96124928,49924,1474817,2026-08-02T11:53:22.689085Z
M2,2450,saturated,M2,true,210.000,73.803,115.588,133.573,245003.775,245381.075,245420.084,1470086,1044542,421216256,96157696,49919,1475225,2026-08-02T11:53:22.689085Z
M2,2451,saturated,M2,true,207.000,77.668,121.178,145.103,244840.716,245083.778,245143.730,1470507,1044542,421330944,96165888,49932,1475654,2026-08-02T11:53:22.689085Z
M2,2452,saturated,M2,true,199.000,76.840,131.756,183.366,244800.386,245049.026,245109.423,1470910,1044857,421421056,96198656,49933,1476071,2026-08-02T11:53:22.689085Z
M2,2453,saturated,M2,true,207.000,74.378,119.648,149.583,244780.697,245021.605,245048.400,1471278,1045066,421519360,96206848,49934,1476476,2026-08-02T11:53:22.689085Z
M2,2454,saturated,M2,true,203.000,76.940,120.862,133.287,244722.625,244966.272,245016.015,1471678,1045370,421593088,96231424,49923,1476876,2026-08-02T11:53:22.689085Z
M2,2455,saturated,M2,true,174.000,74.866,214.600,274.633,244719.434,245114.798,245156.775,1472044,1045370,421707776,96256000,49948,1477265,2026-08-02T11:53:22.689085Z
M2,2456,saturated,M2,true,223.000,70.467,108.807,129.852,244884.991,245112.317,245150.656,1472402,1045676,421797888,96272384,49921,1477657,2026-08-02T11:53:22.689085Z
M2,2457,saturated,M2,true,202.000,73.515,120.666,164.604,244862.982,245091.882,245134.044,1472828,1045956,421879808,96296960,49930,1478098,2026-08-02T11:53:22.689085Z
M2,2458,saturated,M2,true,218.000,72.408,111.357,128.813,244805.115,245046.981,245062.478,1473264,1046174,421994496,96313344,49924,1478516,2026-08-02T11:53:22.689085Z
M2,2459,saturated,M2,true,211.000,72.604,119.337,139.657,244770.566,244968.852,244995.485,1473679,1046384,422084608,96337920,49932,1478946,2026-08-02T11:53:22.689085Z
M2,2460,saturated,M2,true,206.000,73.430,111.584,137.493,244714.740,245104.616,245135.406,1474072,1046384,422158336,96354304,49927,1479353,2026-08-02T11:53:22.689085Z
M2,2461,saturated,M2,true,205.000,74.907,128.186,170.580,244568.053,244778.599,244793.176,1474499,1044892,422215680,96378880,49931,1479771,2026-08-02T11:54:22.633854Z
M2,2462,saturated,M2,true,212.000,75.027,122.978,154.288,244619.479,244851.672,244877.060,1474107,1175957,422551552,96403456,49927,1480201,2026-08-02T11:54:22.633854Z
M2,2463,saturated,M2,true,215.000,70.874,118.515,146.234,244573.576,244823.375,244835.262,1474505,1176270,422633472,96419840,49932,1480635,2026-08-02T11:54:22.633854Z
M2,2464,saturated,M2,true,202.000,73.748,118.834,133.165,244609.245,244867.501,244898.733,1474937,1176270,422682624,96444416,49927,1481038,2026-08-02T11:54:22.633854Z
M2,2465,saturated,M2,true,148.000,84.206,308.854,342.016,244667.102,245044.308,245084.316,1475348,1176587,422821888,96452608,49965,1481406,2026-08-02T11:54:22.633854Z
M2,2466,saturated,M2,true,178.000,83.726,162.171,218.103,244940.794,245183.662,245219.657,1475653,1176796,422862848,96477184,49953,1481741,2026-08-02T11:54:22.633854Z
M2,2467,saturated,M2,true,163.000,89.860,171.986,227.639,245090.734,245291.452,245353.790,1476028,1177036,422920192,96485376,49958,1482073,2026-08-02T11:54:22.633854Z
M2,2468,saturated,M2,true,165.000,91.760,179.275,208.081,245228.233,245432.882,245447.596,1476363,1177202,422985728,96518144,49948,1482392,2026-08-02T11:54:22.633854Z
M2,2469,saturated,M2,true,205.000,76.326,121.189,138.846,245339.175,245573.209,245585.001,1476712,1177202,423100416,96526336,49930,1482775,2026-08-02T11:54:22.633854Z
M2,2470,saturated,M2,true,213.000,73.946,129.535,147.942,245312.857,245539.007,245557.049,1477116,1177449,423174144,96550912,49933,1483197,2026-08-02T11:54:22.633854Z
M2,2471,saturated,M2,true,215.000,69.467,112.920,155.602,244927.917,245159.167,245168.623,1477554,1177761,423297024,96567296,49929,1483629,2026-08-02T11:54:22.633854Z
M2,2472,saturated,M2,true,210.000,75.456,110.997,124.697,244926.500,245141.290,245163.478,1477953,1177761,423403520,96591872,49930,1484052,2026-08-02T11:54:22.633854Z
M2,2473,saturated,M2,true,213.000,71.282,115.422,127.854,245002.413,245218.402,245233.277,1478393,1178080,423469056,96600064,49930,1484479,2026-08-02T11:54:22.633854Z
M2,2474,saturated,M2,true,216.000,67.719,113.040,135.117,244973.963,245188.488,245263.023,1478826,1178399,423600128,96641024,49929,1484910,2026-08-02T11:54:22.633854Z
M2,2475,saturated,M2,true,152.000,90.585,281.989,333.135,245028.346,245226.342,245453.365,1479212,1178613,423673856,96649216,49949,1485267,2026-08-02T11:54:22.633854Z
M2,2476,saturated,M2,true,212.000,71.268,117.389,147.252,245296.797,245534.260,245576.259,1479544,1178613,423723008,96673792,49934,1485647,2026-08-02T11:54:22.633854Z
M2,2477,saturated,M2,true,209.000,73.518,124.055,145.936,245360.396,245572.485,245593.647,1479970,1178872,423862272,96698368,49938,1486066,2026-08-02T11:54:22.633854Z
M2,2478,saturated,M2,true,211.000,73.365,111.801,129.142,245385.974,245614.339,245648.635,1480402,1179087,423944192,96706560,49932,1486489,2026-08-02T11:54:22.633854Z
M2,2479,saturated,M2,true,214.000,68.196,107.886,117.934,245376.848,245603.694,245628.548,1480845,1179399,424042496,96731136,49934,1486927,2026-08-02T11:54:22.633854Z
M2,2480,saturated,M2,true,216.000,70.211,116.044,127.913,245387.269,245626.583,245645.770,1481272,1179399,424157184,96755712,49936,1487362,2026-08-02T11:54:22.633854Z
M2,2481,saturated,M2,true,212.000,71.027,125.403,185.185,245138.983,245393.241,245437.681,1481686,1179728,424230912,96780288,49936,1487784,2026-08-02T11:54:22.633854Z
M2,2482,saturated,M2,true,209.000,72.247,107.832,140.469,245069.584,245311.488,245345.267,1482128,1179937,424345600,96796672,49935,1488215,2026-08-02T11:54:22.633854Z
M2,2483,saturated,M2,true,221.000,68.501,100.600,122.908,245099.339,245332.572,245364.346,1482575,1180258,424452096,96813056,49934,1488658,2026-08-02T11:54:22.633854Z
M2,2484,saturated,M2,true,195.000,77.477,148.403,192.069,245075.729,245351.376,245368.120,1483005,1180258,424542208,96837632,49944,1489065,2026-08-02T11:54:22.633854Z
M2,2485,saturated,M2,true,112.000,104.421,450.853,484.424,245305.983,245706.985,245722.196,1483202,1180590,424615936,96845824,49969,1489344,2026-08-02T11:54:22.633854Z
M2,2486,saturated,M2,true,176.000,91.104,148.901,168.882,245786.978,246060.242,246096.954,1483491,1180768,424681472,96870400,49951,1489640,2026-08-02T11:54:22.633854Z
M2,2487,saturated,M2,true,173.000,86.404,133.274,149.061,245919.564,246134.073,246162.928,1483845,1180971,424763392,96894976,49954,1490015,2026-08-02T11:54:22.633854Z
M2,2488,saturated,M2,true,194.000,78.645,137.311,158.482,246094.977,246302.537,246351.599,1484221,1180971,424845312,96903168,49947,1490387,2026-08-02T11:54:22.633854Z
M2,2489,saturated,M2,true,177.000,83.177,140.111,153.369,246129.505,246349.917,246385.600,1484621,1181238,424943616,96919552,49945,1490752,2026-08-02T11:54:22.633854Z
M2,2490,saturated,M2,true,206.000,70.505,120.604,132.830,246171.180,246391.144,246415.055,1484993,1181432,425009152,96935936,49941,1491147,2026-08-02T11:54:22.633854Z
M2,2491,saturated,M2,true,182.000,77.654,117.127,145.114,246158.759,246395.968,246445.189,1485413,1181611,425123840,96960512,49969,1491568,2026-08-02T11:54:22.633854Z
M2,2492,saturated,M2,true,180.000,84.719,236.791,314.592,246103.422,246304.264,246315.153,1485771,1181819,425181184,96976896,49939,1491870,2026-08-02T11:54:22.633854Z
M2,2493,saturated,M2,true,213.000,71.138,113.231,138.294,246067.046,246347.565,246362.620,1486155,1182076,425287680,97001472,49939,1492297,2026-08-02T11:54:22.633854Z
M2,2494,saturated,M2,true,200.000,71.221,134.351,178.158,246007.033,246191.147,246244.214,1486600,1182287,425394176,97026048,49950,1492727,2026-08-02T11:54:22.633854Z
M2,2495,saturated,M2,true,154.000,80.328,290.666,350.161,245928.351,246133.798,246194.929,1487016,1182287,425467904,97034240,49959,1493048,2026-08-02T11:54:22.633854Z
M2,2496,saturated,M2,true,207.000,77.196,150.178,194.503,246128.415,246343.415,246373.702,1487333,1182598,425549824,97058816,49946,1493442,2026-08-02T11:54:22.633854Z
M2,2497,saturated,M2,true,125.000,87.431,460.541,525.951,246254.217,246583.817,246617.957,1487744,1182856,425648128,97075200,49971,1493735,2026-08-02T11:54:22.633854Z
M2,2498,saturated,M2,true,191.000,83.403,142.837,174.238,246595.884,246855.900,246915.578,1488025,1183002,425705472,97091584,49950,1494078,2026-08-02T11:54:22.633854Z
M2,2499,saturated,M2,true,188.000,76.262,133.731,151.282,246707.233,246972.263,247005.334,1488382,1183274,425787392,97107968,49952,1494464,2026-08-02T11:54:22.633854Z
M2,2500,saturated,M2,true,209.000,70.905,115.471,139.936,246806.803,247037.093,247083.929,1488772,1183365,425893888,97124352,49954,1494880,2026-08-02T11:54:22.633854Z
M2,2501,saturated,M2,true,186.000,83.836,139.798,186.115,246917.078,247132.546,247156.710,1489175,1183365,425984000,97148928,49950,1495253,2026-08-02T11:54:22.633854Z
M2,2502,saturated,M2,true,207.000,72.136,112.406,138.144,246710.910,247043.149,247083.636,1489594,1183664,426049536,97165312,49948,1495669,2026-08-02T11:54:22.633854Z
M2,2503,saturated,M2,true,205.000,73.093,135.410,152.076,246492.272,246680.052,246732.570,1489999,1183967,426172416,97181696,49950,1496086,2026-08-02T11:54:22.633854Z
M2,2504,saturated,M2,true,203.000,74.543,127.262,168.028,246536.835,246771.371,246822.547,1490396,1184273,426254336,97214464,49952,1496490,2026-08-02T11:54:22.633854Z
M2,2505,saturated,M2,true,130.000,83.764,343.046,387.701,246555.293,246924.150,246959.648,1490692,1184372,426328064,97222656,49923,1496805,2026-08-02T11:54:22.633854Z
M2,2506,saturated,M2,true,185.000,84.579,178.874,293.884,246898.194,247124.561,247149.156,1490943,1184529,426418176,97239040,49954,1497120,2026-08-02T11:54:22.633854Z
M2,2507,saturated,M2,true,204.000,78.765,118.316,133.570,246865.116,247116.633,247127.013,1491298,1184529,426500096,97255424,49953,1497549,2026-08-02T11:54:22.633854Z
M2,2508,saturated,M2,true,192.000,77.058,139.063,177.598,246905.182,247165.046,247206.761,1491704,1184789,426582016,97280000,49951,1497925,2026-08-02T11:54:22.633854Z
M2,2509,saturated,M2,true,208.000,71.919,104.633,112.992,246994.807,247202.192,247271.887,1492103,1185087,426680320,97288192,49956,1498351,2026-08-02T11:54:22.633854Z
M2,2510,saturated,M2,true,205.000,79.403,125.737,139.752,247065.307,247280.818,247295.754,1492533,1185192,426762240,97329152,49952,1498753,2026-08-02T11:54:22.633854Z
M2,2511,saturated,M2,true,202.000,75.037,120.679,142.992,247052.252,247281.975,247323.591,1492959,1185398,426893312,97337344,49959,1499166,2026-08-02T11:54:22.633854Z
M2,2512,saturated,M2,true,210.000,73.075,113.946,131.811,247056.307,247329.355,247333.999,1493385,1185704,426983424,97361920,49954,1499585,2026-08-02T11:54:22.633854Z
M2,2513,saturated,M2,true,217.000,71.207,106.899,127.707,246715.551,246947.409,247010.600,1493803,1186018,427057152,97378304,49954,1500018,2026-08-02T11:54:22.633854Z
M2,2514,saturated,M2,true,211.000,71.553,120.154,130.321,246718.277,246963.568,247000.193,1494221,1186129,427180032,97402880,49954,1500441,2026-08-02T11:54:22.633854Z
M2,2515,saturated,M2,true,139.000,82.000,305.038,348.668,246775.017,247059.064,247105.510,1494642,1186444,427261952,97419264,49981,1500781,2026-08-02T11:54:22.633854Z
M2,2516,saturated,M2,true,205.000,77.284,132.753,162.977,247044.333,247271.158,247310.066,1494936,1186509,427311104,97443840,49960,1501143,2026-08-02T11:54:22.633854Z
M2,2517,saturated,M2,true,131.000,113.121,239.227,271.646,247329.003,247580.267,247588.498,1495320,1186689,427409408,97460224,49968,1501433,2026-08-02T11:54:22.633854Z
M2,2518,saturated,M2,true,190.000,76.300,135.591,190.870,247470.016,247702.834,247760.557,1495654,1186689,427483136,97476608,49963,1501792,2026-08-02T11:54:22.633854Z
M2,2519,saturated,M2,true,198.000,79.124,131.637,165.634,247532.273,247741.928,247770.417,1496067,1186917,427556864,97484800,49961,1502187,2026-08-02T11:54:22.633854Z
M2,2520,saturated,M2,true,155.000,87.744,143.932,167.041,247567.629,247827.367,247847.323,1496449,1187114,427663360,97517568,49972,1502541,2026-08-02T11:54:22.633854Z
M2,2521,saturated,M2,true,160.000,99.908,171.290,208.629,247758.725,248022.988,248109.658,1497548,1070929,427737088,97525760,49966,1502857,2026-08-02T11:55:22.993119Z
M2,2522,saturated,M2,true,144.000,97.911,177.388,187.701,247904.073,248196.655,248262.381,1497866,1070929,427737088,97542144,49984,1503167,2026-08-02T11:55:22.993119Z
M2,2523,saturated,M2,true,181.000,85.150,192.097,238.594,248263.708,248509.419,248530.343,1498163,1071165,427737088,97550336,49967,1503492,2026-08-02T11:55:22.993119Z
M2,2524,saturated,M2,true,167.000,92.905,145.986,229.148,247562.831,248219.202,248252.803,1498506,1071403,427892736,97574912,49970,1503832,2026-08-02T11:55:22.993119Z
M2,2525,saturated,M2,true,125.000,107.307,295.187,377.132,247148.093,247598.740,247621.039,1498777,1071572,427941888,97591296,49974,1504106,2026-08-02T11:55:22.993119Z
M2,2526,saturated,M2,true,143.000,100.893,207.428,300.536,247491.261,247865.756,247904.461,1499035,1071706,427958272,97599488,49972,1504382,2026-08-02T11:55:22.993119Z
M2,2527,saturated,M2,true,187.000,84.984,135.801,179.181,247653.427,247854.436,247932.440,1499303,1071706,427999232,97615872,49973,1504753,2026-08-02T11:55:22.993119Z
M2,2528,saturated,M2,true,164.000,83.587,158.856,192.105,247827.037,248025.728,248120.166,1499671,1071940,428179456,97632256,49974,1505113,2026-08-02T11:55:22.993119Z
M2,2529,saturated,M2,true,168.000,96.831,174.202,214.221,248054.273,248303.206,248315.217,1499972,1072117,428212224,97656832,49968,1505418,2026-08-02T11:55:22.993119Z
M2,2530,saturated,M2,true,177.000,81.559,133.886,157.358,248157.342,248370.937,248433.878,1500281,1072273,428236800,97665024,49967,1505786,2026-08-02T11:55:22.993119Z
M2,2531,saturated,M2,true,187.000,84.186,142.678,181.491,248346.723,248585.339,248620.859,1500664,1072450,428351488,97689600,49966,1506143,2026-08-02T11:55:22.993119Z
M2,2532,saturated,M2,true,183.000,78.941,127.919,161.438,248383.376,248665.389,248693.256,1501043,1072721,428466176,97705984,49972,1506534,2026-08-02T11:55:22.993119Z
M2,2533,saturated,M2,true,174.000,89.062,142.247,167.404,248613.216,248859.734,248904.212,1501405,1072914,428490752,97730560,49966,1506863,2026-08-02T11:55:22.993119Z
M2,2534,saturated,M2,true,189.000,82.348,142.145,165.402,248526.165,248833.883,248867.061,1501760,1073074,428605440,97730560,49975,1507250,2026-08-02T11:55:22.993119Z
M2,2535,saturated,M2,true,91.000,118.633,403.914,507.762,248483.747,249066.648,249122.733,1502127,1073074,428695552,97746944,49952,1507474,2026-08-02T11:55:22.993119Z
M2,2536,saturated,M2,true,178.000,89.018,223.084,506.953,249041.907,249327.851,249359.809,1502351,1073347,428728320,97779712,49971,1507787,2026-08-02T11:55:22.993119Z
M2,2537,saturated,M2,true,192.000,80.706,127.412,161.489,249096.014,249322.748,249339.587,1502732,1073539,428777472,97796096,49879,1508189,2026-08-02T11:55:22.993119Z
M2,2538,saturated,M2,true,197.000,81.231,131.284,150.272,249238.569,249467.905,249514.747,1503124,1073736,428941312,97804288,49969,1508575,2026-08-02T11:55:22.993119Z
M2,2539,saturated,M2,true,194.000,76.269,126.170,138.956,249369.446,249595.581,249629.523,1503530,1073736,428998656,97837056,49975,1508974,2026-08-02T11:55:22.993119Z
M2,2540,saturated,M2,true,198.000,77.973,123.617,147.831,249474.631,249740.207,249793.380,1503937,1074027,429072384,97845248,49970,1509363,2026-08-02T11:55:22.993119Z
M2,2541,saturated,M2,true,195.000,76.738,129.388,151.199,249618.923,249879.774,249924.017,1504341,1074322,429219840,97869824,49970,1509767,2026-08-02T11:55:22.993119Z
M2,2542,saturated,M2,true,198.000,74.643,129.594,142.790,249753.033,249992.825,250054.163,1504763,1074522,429268992,97886208,49972,1510157,2026-08-02T11:55:22.993119Z
M2,2543,saturated,M2,true,206.000,72.242,123.595,147.780,249845.155,250066.417,250117.065,1505153,1074716,429375488,97918976,49972,1510569,2026-08-02T11:55:22.993119Z
M2,2544,saturated,M2,true,183.000,82.720,141.935,163.229,249922.286,250181.409,250229.681,1505551,1074921,429481984,97918976,49893,1510973,2026-08-02T11:55:22.993119Z
M2,2545,saturated,M2,true,142.000,87.542,283.261,324.664,250237.145,250507.257,250569.859,1505904,1074921,429531136,97943552,49978,1511248,2026-08-02T11:55:22.993119Z
M2,2546,saturated,M2,true,204.000,77.223,126.469,184.658,250286.987,250660.136,250681.871,1506211,1075202,429596672,97959936,49877,1511638,2026-08-02T11:55:22.993119Z
M2,2547,saturated,M2,true,190.000,83.380,133.261,168.101,250289.900,250546.444,250578.906,1506637,1075355,429719552,97984512,49981,1512030,2026-08-02T11:55:22.993119Z
M2,2548,saturated,M2,true,201.000,74.703,133.932,165.208,250436.753,250682.092,250699.692,1506996,1075649,429793280,97984512,49972,1512431,2026-08-02T11:55:22.993119Z
M2,2549,saturated,M2,true,194.000,77.896,123.715,145.344,250515.558,250770.819,250823.639,1507387,1075649,429883392,98025472,49883,1512823,2026-08-02T11:55:22.993119Z
M2,2550,saturated,M2,true,202.000,75.415,123.581,144.752,250639.149,250866.375,250892.827,1507728,1075945,429989888,98041856,49972,1513226,2026-08-02T11:55:22.993119Z
M2,2551,saturated,M2,true,188.000,76.278,133.181,149.825,250766.110,250995.805,251039.033,1508102,1076241,430055424,98058240,49981,1513613,2026-08-02T11:55:22.993119Z
M2,2552,saturated,M2,true,203.000,73.522,123.108,151.592,250916.064,251196.613,251241.545,1508500,1076241,430170112,98066432,49974,1514016,2026-08-02T11:55:22.993119Z
M2,2553,saturated,M2,true,193.000,81.491,123.053,141.542,251032.460,251258.598,251329.355,1508901,1076533,430260224,98099200,49878,1514409,2026-08-02T11:55:22.993119Z
M2,2554,saturated,M2,true,204.000,77.360,131.610,140.511,251211.985,251458.211,251465.038,1509297,1076735,430342144,98115584,49980,1514812,2026-08-02T11:55:22.993119Z
M2,2555,saturated,M2,true,153.000,81.014,302.012,329.319,251231.662,251462.256,251512.718,1509707,1077031,430440448,98131968,49931,1515151,2026-08-02T11:55:22.993119Z
M2,2556,saturated,M2,true,196.000,76.530,138.602,179.421,251450.884,251707.388,251759.174,1510017,1077192,430505984,98156544,49976,1515516,2026-08-02T11:55:22.993119Z
M2,2557,saturated,M2,true,208.000,72.282,109.423,125.273,251345.086,251727.576,251770.685,1510455,1077192,430612480,98172928,49986,1515940,2026-08-02T11:55:22.993119Z
M2,2558,saturated,M2,true,179.000,80.553,135.732,175.800,251356.794,251571.142,251646.258,1510797,1077489,430710784,98189312,49887,1516302,2026-08-02T11:55:22.993119Z
M2,2559,saturated,M2,true,151.000,104.366,178.427,230.195,251689.667,252038.305,252061.326,1511137,1077683,430751744,98197504,49904,1516612,2026-08-02T11:55:22.993119Z
M2,2560,saturated,M2,true,164.000,95.372,176.840,224.823,251946.824,252208.697,252244.481,1511435,1077841,430841856,98213888,49983,1516928,2026-08-02T11:55:22.993119Z
M2,2561,saturated,M2,true,157.000,100.461,147.472,167.363,252257.372,252502.760,252532.167,1511746,1078085,430915584,98246656,49909,1517251,2026-08-02T11:55:22.993119Z
M2,2562,saturated,M2,true,147.000,104.307,165.846,202.721,252495.688,252810.396,252832.390,1512071,1078085,430989312,98246656,49979,1517558,2026-08-02T11:55:22.993119Z
M2,2563,saturated,M2,true,201.000,81.444,126.264,144.642,252742.687,252975.398,253018.728,1512421,1078320,431087616,98271232,49881,1517944,2026-08-02T11:55:22.993119Z
M2,2564,saturated,M2,true,189.000,76.503,137.856,148.852,252827.699,253132.067,253203.501,1512831,1078488,431169536,98295808,49983,1518333,2026-08-02T11:55:22.993119Z
M2,2565,saturated,M2,true,141.000,84.725,301.032,348.006,253012.064,253435.561,253470.209,1513212,1078781,431259648,98312192,49939,1518627,2026-08-02T11:55:22.993119Z
M2,2566,saturated,M2,true,189.000,80.361,133.172,148.664,253370.756,253607.175,253653.636,1513526,1079013,431316992,98312192,49983,1518998,2026-08-02T11:55:22.993119Z
M2,2567,saturated,M2,true,193.000,72.248,125.626,157.849,253511.945,253766.877,253799.884,1513902,1079204,431398912,98344960,49883,1519391,2026-08-02T11:55:22.993119Z
M2,2568,saturated,M2,true,198.000,77.323,141.768,180.686,253541.426,253775.695,253828.479,1514289,1079204,431513600,98361344,49986,1519788,2026-08-02T11:55:22.993119Z
M2,2569,saturated,M2,true,201.000,78.283,121.614,138.634,253400.921,253587.662,253614.676,1514663,1079405,431595520,98394112,49988,1520185,2026-08-02T11:55:22.993119Z
M2,2570,saturated,M2,true,197.000,79.728,131.837,150.600,253485.783,253714.675,253753.762,1515050,1079605,431669248,98410496,49882,1520578,2026-08-02T11:55:22.993119Z
M2,2571,saturated,M2,true,181.000,75.480,120.849,155.205,253630.526,253864.484,253914.147,1515464,1079799,431775744,98435072,49901,1520972,2026-08-02T11:55:22.993119Z
M2,2572,saturated,M2,true,117.000,90.669,322.755,355.964,253741.648,254009.562,254022.656,1515675,1080093,431808512,98435072,49961,1521136,2026-08-02T11:55:22.993119Z
M2,2573,saturated,M2,true,89.000,133.501,598.460,816.022,254398.424,254681.889,254708.217,1515906,1080176,431849472,98443264,49935,1521261,2026-08-02T11:55:22.993119Z
M2,2574,saturated,M2,true,123.000,116.842,342.675,436.976,254941.195,255235.601,255261.498,1516136,1080301,431923200,98459648,49912,1521626,2026-08-02T11:55:22.993119Z
M2,2575,saturated,M2,true,71.000,150.460,316.578,361.647,255447.160,255878.676,255896.111,1516395,1080463,431972352,98467840,49961,1521789,2026-08-02T11:55:22.993119Z
M2,2576,saturated,M2,true,132.000,103.172,337.407,456.620,256007.156,256278.555,256303.823,1516565,1080463,432013312,98492416,49905,1522045,2026-08-02T11:55:22.993119Z
M2,2577,saturated,M2,true,57.000,226.775,301.639,323.162,256432.979,256749.035,256896.243,1516628,1080538,432037888,98500608,49979,1522127,2026-08-02T11:55:22.993119Z
M2,2578,saturated,M2,true,66.000,306.372,585.212,615.575,257325.789,257498.056,257500.303,1516841,1080666,432070656,98500608,49977,1522257,2026-08-02T11:55:22.993119Z
M2,2579,saturated,M2,true,90.000,115.526,478.874,527.508,258047.270,258367.359,258382.916,1517009,1080730,432136192,98508800,49932,1522477,2026-08-02T11:55:22.993119Z
M2,2580,saturated,M2,true,50.000,238.529,620.376,704.552,258705.496,258911.210,258936.509,1517101,1080730,432136192,98508800,49972,1522508,2026-08-02T11:55:22.993119Z
M2,2581,saturated,M2,true,26.000,464.156,683.098,792.665,259591.383,260013.025,260022.438,1517202,1080773,432160768,98516992,49971,1522610,2026-08-02T11:55:22.993119Z
M2,2582,saturated,M2,true,64.000,201.532,627.156,811.301,260344.954,260553.724,260567.380,1517368,1080891,432185344,98516992,49939,1522769,2026-08-02T11:55:22.993119Z
M2,2583,saturated,M2,true,93.000,163.402,391.989,506.145,260815.910,261068.434,261249.890,1517553,1080972,432242688,98525184,49947,1522949,2026-08-02T11:55:22.993119Z
M2,2584,saturated,M2,true,59.000,191.539,354.462,374.000,261323.755,261866.665,261905.701,1517609,1080972,432267264,98541568,49973,1523051,2026-08-02T11:55:22.993119Z
M2,2585,saturated,M2,true,16.000,1216.753,2158.834,2158.834,263223.069,264028.209,264028.209,1517676,1067611,432275456,98541568,49949,1523113,2026-08-02T11:56:27.549899Z
M2,2586,saturated,M2,true,15.000,1103.077,2362.806,2362.806,264216.897,264340.854,264340.854,1517676,1067611,432275456,98541568,49966,1523113,2026-08-02T11:56:27.549899Z
M2,2587,saturated,M2,true,37.000,282.426,689.294,1191.035,264177.248,264460.919,264463.085,1517709,1067657,432275456,98541568,49959,1523155,2026-08-02T11:56:27.549899Z
M2,2588,saturated,M2,true,66.000,194.708,754.474,805.705,265347.491,265504.700,265519.033,1517777,1067657,432275456,98541568,49953,1523244,2026-08-02T11:56:27.549899Z
M2,2589,saturated,M2,true,161.000,91.822,149.201,188.697,265422.394,265753.462,265768.695,1517927,1067712,432275456,98557952,49926,1523519,2026-08-02T11:56:27.549899Z
M2,2590,saturated,M2,true,164.000,90.741,165.654,226.263,265733.597,265985.256,266004.749,1518224,1067827,432455680,98574336,49934,1523853,2026-08-02T11:56:27.549899Z
M2,2591,saturated,M2,true,187.000,81.636,151.282,197.884,265754.042,266035.473,266084.297,1518574,1068080,432488448,98582528,49924,1524220,2026-08-02T11:56:27.549899Z
M2,2592,saturated,M2,true,214.000,75.103,114.113,134.587,265602.190,265831.974,265849.894,1518941,1068259,432513024,98623488,49913,1524617,2026-08-02T11:56:27.549899Z
M2,2593,saturated,M2,true,212.000,71.994,123.448,147.265,265605.505,265854.515,265891.222,1519371,1068567,432717824,98631680,49915,1525052,2026-08-02T11:56:27.549899Z
M2,2594,saturated,M2,true,212.000,74.158,119.245,150.707,265682.175,265915.094,265932.515,1519811,1068778,432750592,98648064,49909,1525478,2026-08-02T11:56:27.549899Z
M2,2595,saturated,M2,true,133.000,89.572,299.617,368.258,265786.903,265981.624,266012.511,1520250,1068883,432898048,98672640,49975,1525877,2026-08-02T11:56:27.549899Z
M2,2596,saturated,M2,true,170.000,93.888,185.227,430.203,266266.937,266482.677,266531.137,1520530,1069079,432971776,98689024,49914,1526093,2026-08-02T11:56:27.549899Z
M2,2597,saturated,M2,true,211.000,72.319,111.025,152.567,266272.206,266508.575,266560.237,1520872,1069079,433004544,98705408,49919,1526518,2026-08-02T11:56:27.549899Z
M2,2598,saturated,M2,true,176.000,80.525,174.256,243.894,266435.406,266695.484,266729.652,1521292,1069297,433070080,98729984,49909,1526874,2026-08-02T11:56:27.549899Z
M2,2599,saturated,M2,true,209.000,75.049,129.179,141.732,266565.480,266800.419,266833.254,1521659,1069505,433233920,98746368,49913,1527295,2026-08-02T11:56:27.549899Z
M2,2600,saturated,M2,true,208.000,74.110,127.812,155.459,266614.931,266843.947,266902.060,1522093,1069787,433266688,98762752,49916,1527707,2026-08-02T11:56:27.549899Z
M2,2601,saturated,M2,true,201.000,77.198,129.222,148.948,266714.150,266988.088,267019.105,1522522,1069787,433397760,98787328,49922,1528129,2026-08-02T11:56:27.549899Z
M2,2602,saturated,M2,true,188.000,86.409,134.487,175.253,266687.532,267083.641,267109.913,1522926,1070098,433496064,98795520,49921,1528495,2026-08-02T11:56:27.549899Z
M2,2603,saturated,M2,true,204.000,76.164,117.341,144.103,266449.799,266662.111,266694.672,1523303,1070300,433537024,98836480,49916,1528902,2026-08-02T11:56:27.549899Z
M2,2604,saturated,M2,true,201.000,77.015,117.682,139.665,266429.396,266672.734,266686.104,1523634,1070591,433717248,98844672,49918,1529315,2026-08-02T11:56:27.549899Z
M2,2605,saturated,M2,true,137.000,93.885,383.633,412.967,266549.945,266929.945,266945.165,1524056,1070693,433758208,98869248,49970,1529693,2026-08-02T11:56:27.549899Z
M2,2606,saturated,M2,true,167.000,86.634,191.238,212.045,266974.345,267227.583,267270.246,1524322,1070891,433782784,98869248,49913,1529917,2026-08-02T11:56:27.549899Z
M2,2607,saturated,M2,true,199.000,78.397,135.631,178.465,266989.627,267247.061,267293.874,1524667,1071090,433905664,98893824,49919,1530323,2026-08-02T11:56:27.549899Z
M2,2608,saturated,M2,true,191.000,82.571,136.796,161.184,267038.645,267279.985,267301.708,1525062,1071393,433995776,98910208,49925,1530709,2026-08-02T11:56:27.549899Z
M2,2609,saturated,M2,true,208.000,76.649,122.413,135.845,267116.309,267344.194,267356.531,1525472,1071393,434044928,98942976,49920,1531127,2026-08-02T11:56:27.549899Z
M2,2610,saturated,M2,true,205.000,78.570,120.793,149.814,267105.888,267340.597,267385.420,1525874,1071590,434159616,98951168,49921,1531530,2026-08-02T11:56:27.549899Z
M2,2611,saturated,M2,true,192.000,74.935,128.864,145.596,267206.114,267420.237,267445.999,1526287,1071795,434274304,98983936,49933,1531955,2026-08-02T11:56:27.549899Z
M2,2612,saturated,M2,true,189.000,82.327,141.011,170.003,267143.187,267501.479,267531.992,1526677,1072110,434315264,98992128,49946,1532352,2026-08-02T11:56:27.549899Z
M2,2613,saturated,M2,true,204.000,81.307,152.558,181.185,267255.399,267447.944,267466.485,1527058,1072305,434454528,99016704,49919,1532719,2026-08-02T11:56:27.549899Z
M2,2614,saturated,M2,true,197.000,79.034,127.535,173.797,267079.167,267336.174,267361.101,1527472,1072484,434536448,99033088,49922,1533120,2026-08-02T11:56:27.549899Z
M2,2615,saturated,M2,true,124.000,89.776,161.498,206.139,267194.920,267420.318,267433.403,1527884,1072685,434585600,99057664,49971,1533505,2026-08-02T11:56:27.549899Z
M2,2616,saturated,M2,true,154.000,99.659,273.899,413.201,267700.994,267949.166,267953.152,1528122,1072685,434659328,99057664,49937,1533709,2026-08-02T11:56:27.549899Z
M2,2617,saturated,M2,true,212.000,72.966,114.727,133.408,267797.223,268010.045,268028.360,1528437,1072902,434741248,99090432,49924,1534103,2026-08-02T11:56:27.549899Z
M2,2618,saturated,M2,true,205.000,76.035,119.111,133.083,267844.398,268036.926,268066.167,1528851,1073065,434839552,99098624,49925,1534523,2026-08-02T11:56:27.549899Z
M2,2619,saturated,M2,true,213.000,76.809,124.284,143.961,267898.035,268156.752,268183.747,1529284,1073384,434946048,99123200,49922,1534941,2026-08-02T11:56:27.549899Z
M2,2620,saturated,M2,true,203.000,77.062,127.544,144.251,267967.331,268204.516,268238.505,1529707,1073591,435060736,99139584,49926,1535359,2026-08-02T11:56:27.549899Z
M2,2621,saturated,M2,true,207.000,76.022,128.424,148.213,268013.737,268252.209,268274.304,1530138,1073799,435134464,99164160,49924,1535775,2026-08-02T11:56:27.549899Z
M2,2622,saturated,M2,true,200.000,80.630,127.561,146.347,268090.505,268322.656,268358.512,1530542,1073799,435232768,99188736,49928,1536183,2026-08-02T11:56:27.549899Z
M2,2623,saturated,M2,true,186.000,77.721,157.563,217.916,268190.551,268463.348,268523.364,1530915,1074103,435331072,99205120,49926,1536557,2026-08-02T11:56:27.549899Z
M2,2624,saturated,M2,true,200.000,78.901,131.204,147.781,267943.619,268178.051,268350.978,1531286,1074394,435412992,99229696,49932,1536974,2026-08-02T11:56:27.549899Z
M2,2625,saturated,M2,true,155.000,87.855,246.345,313.561,268073.171,268413.743,268429.855,1531638,1074599,435494912,99237888,49968,1537352,2026-08-02T11:56:27.549899Z
M2,2626,saturated,M2,true,191.000,81.698,136.996,179.802,268240.337,268458.101,268472.492,1531958,1074788,435585024,99254272,49929,1537661,2026-08-02T11:56:27.549899Z
M2,2627,saturated,M2,true,209.000,77.577,131.330,162.358,268268.750,268535.302,268572.914,1532345,1074942,435658752,99270656,49927,1538076,2026-08-02T11:56:27.549899Z
M2,2628,saturated,M2,true,201.000,76.622,125.916,167.862,268386.997,268560.901,268573.646,1532765,1074942,435757056,99311616,49924,1538480,2026-08-02T11:56:27.549899Z
M2,2629,saturated,M2,true,205.000,77.603,120.493,137.829,267947.225,268168.654,268499.273,1533185,1075245,435863552,99311616,49928,1538897,2026-08-02T11:56:27.549899Z
M2,2630,saturated,M2,true,210.000,76.714,125.936,142.934,267878.296,268130.740,268137.158,1533626,1075456,435945472,99344384,49931,1539310,2026-08-02T11:56:27.549899Z
M2,2631,saturated,M2,true,210.000,74.182,116.794,149.769,267928.575,268143.038,268183.068,1534035,1075766,436060160,99360768,49927,1539736,2026-08-02T11:56:27.549899Z
M2,2632,saturated,M2,true,201.000,79.811,132.803,151.210,267997.867,268224.144,268263.504,1534463,1075975,436133888,99377152,49931,1540139,2026-08-02T11:56:27.549899Z
M2,2633,saturated,M2,true,202.000,77.373,138.254,160.250,267968.556,268250.107,268274.709,1534866,1076179,436248576,99401728,49927,1540550,2026-08-02T11:56:27.549899Z
M2,2634,saturated,M2,true,205.000,74.441,131.647,146.936,267733.299,268011.338,268039.980,1535299,1076179,436355072,99426304,49929,1540970,2026-08-02T11:56:27.549899Z
M2,2635,saturated,M2,true,160.000,89.021,224.375,285.174,267761.695,267955.560,267983.516,1535644,1076480,436412416,99442688,49968,1541367,2026-08-02T11:56:27.549899Z
M2,2636,saturated,M2,true,188.000,86.283,148.112,184.418,268027.914,268282.294,268292.010,1535971,1076691,436494336,99450880,49930,1541655,2026-08-02T11:56:27.549899Z
M2,2637,saturated,M2,true,174.000,81.769,151.606,182.935,268198.848,268423.837,268451.843,1536362,1076932,436592640,99483648,49945,1542034,2026-08-02T11:56:27.549899Z
M2,2638,saturated,M2,true,186.000,79.725,141.222,177.498,268294.110,268502.496,268572.410,1536738,1076932,436649984,99491840,49954,1542424,2026-08-02T11:56:27.549899Z
M2,2639,saturated,M2,true,173.000,93.019,150.473,158.972,268563.790,268831.772,268873.583,1537115,1077209,436756480,99508224,49942,1542760,2026-08-02T11:56:27.549899Z
M2,2640,saturated,M2,true,177.000,92.494,146.335,202.941,268749.763,268990.743,269024.508,1537475,1077390,436846592,99540992,49943,1543117,2026-08-02T11:56:27.549899Z
M2,2641,saturated,M2,true,193.000,87.189,143.217,206.259,268905.526,269137.293,269153.808,1537818,1077567,436903936,99557376,49936,1543485,2026-08-02T11:56:27.549899Z
M2,2642,saturated,M2,true,200.000,78.247,130.649,140.820,269009.528,269222.590,269248.025,1538277,1076295,436936704,99565568,49932,1543885,2026-08-02T11:57:23.423293Z
M2,2643,saturated,M2,true,165.000,89.135,158.521,202.888,269168.075,269395.350,269423.999,1538648,1076491,437125120,99581952,49950,1544254,2026-08-02T11:57:23.423293Z
M2,2644,saturated,M2,true,130.000,118.935,215.266,237.976,269542.931,269858.635,269901.298,1538955,1076749,437149696,99606528,49946,1544521,2026-08-02T11:57:23.423293Z
M2,2645,saturated,M2,true,112.000,92.466,314.507,395.350,269460.073,269926.288,269956.261,1539236,1076804,437174272,99614720,49990,1544825,2026-08-02T11:57:23.423293Z
M2,2646,saturated,M2,true,128.000,131.795,471.553,503.751,270067.170,270401.002,270412.959,1539483,1076804,437248000,99622912,49959,1545016,2026-08-02T11:57:23.423293Z
M2,2647,saturated,M2,true,163.000,99.558,164.356,188.763,270227.883,270498.384,270558.505,1539754,1076988,437379072,99631104,49952,1545332,2026-08-02T11:57:23.423293Z
M2,2648,saturated,M2,true,187.000,83.404,144.909,172.148,270490.776,270705.245,270730.912,1540091,1077126,437403648,99655680,49935,1545675,2026-08-02T11:57:23.423293Z
M2,2649,saturated,M2,true,188.000,84.338,130.447,153.088,270530.225,270772.670,270798.970,1540487,1077382,437460992,99680256,49942,1546067,2026-08-02T11:57:23.423293Z
M2,2650,saturated,M2,true,194.000,81.514,125.624,151.002,270518.460,270750.504,270783.599,1540864,1077576,437633024,99696640,49938,1546447,2026-08-02T11:57:23.423293Z
M2,2651,saturated,M2,true,205.000,77.601,128.257,140.691,270590.237,270842.390,270853.395,1541266,1077576,437665792,99704832,49938,1546853,2026-08-02T11:57:23.423293Z
M2,2652,saturated,M2,true,206.000,78.667,122.406,149.125,270566.788,270801.272,270819.019,1541635,1077868,437755904,99737600,49940,1547268,2026-08-02T11:57:23.423293Z
M2,2653,saturated,M2,true,198.000,78.449,120.951,139.132,270629.134,270868.653,270892.433,1542054,1078178,437895168,99745792,49935,1547670,2026-08-02T11:57:23.423293Z
M2,2654,saturated,M2,true,210.000,74.885,124.416,149.356,270668.076,270907.892,270932.997,1542449,1078376,437927936,99778560,49937,1548088,2026-08-02T11:57:23.423293Z
M2,2655,saturated,M2,true,118.000,87.220,149.753,186.813,270730.468,270981.531,270986.681,1542851,1078582,438091776,99794944,49917,1548457,2026-08-02T11:57:23.423293Z
M2,2656,saturated,M2,true,177.000,89.956,426.491,502.625,271163.378,271515.382,271557.519,1543126,1078761,438140928,99811328,49944,1548693,2026-08-02T11:57:23.423293Z
M2,2657,saturated,M2,true,203.000,80.728,121.830,149.077,271223.831,271408.220,271459.717,1543470,1078761,438173696,99819520,49936,1549087,2026-08-02T11:57:23.423293Z
M2,2658,saturated,M2,true,205.000,75.968,120.667,135.866,271149.560,271353.969,271407.049,1543872,1078975,438321152,99835904,49943,1549498,2026-08-02T11:57:23.423293Z
M2,2659,saturated,M2,true,194.000,73.826,124.265,145.688,271126.348,271336.749,271386.864,1544249,1079187,438411264,99860480,49951,1549920,2026-08-02T11:57:23.423293Z
M2,2660,saturated,M2,true,167.000,86.113,221.848,289.837,271278.448,271553.302,271620.851,1544633,1079493,438435840,99893248,49948,1550243,2026-08-02T11:57:23.423293Z
M2,2661,saturated,M2,true,175.000,81.494,198.731,219.946,271481.698,271713.481,271728.510,1544979,1079493,438575104,99893248,49939,1550592,2026-08-02T11:57:23.423293Z
M2,2662,saturated,M2,true,196.000,78.304,135.055,163.035,271546.339,271807.670,271837.189,1545315,1079726,438657024,99934208,49940,1550985,2026-08-02T11:57:23.423293Z
M2,2663,saturated,M2,true,202.000,76.795,122.465,147.269,271535.733,271756.704,271786.666,1545721,1080023,438697984,99934208,49942,1551397,2026-08-02T11:57:23.423293Z
M2,2664,saturated,M2,true,202.000,78.234,133.267,150.024,271566.850,271823.939,271840.948,1546129,1080229,438861824,99958784,49940,1551806,2026-08-02T11:57:23.423293Z
M2,2665,saturated,M2,true,158.000,81.952,256.966,320.043,271623.786,271880.560,271887.735,1546521,1080428,438919168,99983360,49980,1552191,2026-08-02T11:57:23.423293Z
M2,2666,saturated,M2,true,174.000,84.787,145.894,188.234,272072.781,272293.519,272313.084,1546842,1080618,438951936,100007936,49950,1552474,2026-08-02T11:57:23.423293Z
M2,2667,saturated,M2,true,206.000,77.887,122.237,134.650,272030.077,272363.876,272383.755,1547217,1080768,439091200,100007936,49943,1552888,2026-08-02T11:57:23.423293Z
M2,2668,saturated,M2,true,199.000,79.854,129.944,153.213,271914.334,272141.796,272178.582,1547630,1080768,439164928,100040704,49947,1553288,2026-08-02T11:57:23.423293Z
M2,2669,saturated,M2,true,189.000,82.663,164.196,218.468,272000.777,272286.030,272313.155,1548030,1081072,439222272,100048896,49950,1553662,2026-08-02T11:57:23.423293Z
M2,2670,saturated,M2,true,193.000,80.206,133.380,148.525,272107.907,272364.387,272381.600,1548424,1081358,439377920,100073472,49952,1554062,2026-08-02T11:57:23.423293Z
M2,2671,saturated,M2,true,209.000,77.049,128.481,145.684,272174.987,272438.809,272449.760,1548804,1081358,439435264,100081664,49949,1554470,2026-08-02T11:57:23.423293Z
M2,2672,saturated,M2,true,190.000,79.351,125.373,159.148,272144.905,272420.780,272467.775,1549182,1081657,439508992,100122624,49950,1554874,2026-08-02T11:57:23.423293Z
M2,2673,saturated,M2,true,209.000,76.826,132.625,151.627,272137.575,272337.332,272354.357,1549528,1081957,439640064,100139008,49946,1555280,2026-08-02T11:57:23.423293Z
M2,2674,saturated,M2,true,201.000,79.682,121.576,139.198,272121.047,272342.476,272361.383,1549952,1082158,439697408,100147200,49946,1555685,2026-08-02T11:57:23.423293Z
M2,2675,saturated,M2,true,153.000,87.237,308.456,390.786,272312.236,272494.296,272670.119,1550352,1082363,439771136,100188160,49966,1556041,2026-08-02T11:57:23.423293Z
M2,2676,saturated,M2,true,190.000,82.069,147.070,181.531,272619.398,272826.175,272847.230,1550668,1082363,439861248,100196352,49953,1556380,2026-08-02T11:57:23.423293Z
M2,2677,saturated,M2,true,202.000,78.102,131.148,168.107,272688.048,272916.246,272942.625,1551077,1082603,439959552,100212736,49947,1556779,2026-08-02T11:57:23.423293Z
M2,2678,saturated,M2,true,216.000,74.878,119.038,133.241,272589.212,272924.509,272959.615,1551504,1082905,440041472,100237312,49947,1557203,2026-08-02T11:57:23.423293Z
M2,2679,saturated,M2,true,195.000,81.986,119.353,136.132,272474.883,272692.414,272729.206,1551907,1083116,440156160,100270080,49946,1557615,2026-08-02T11:57:23.423293Z
M2,2680,saturated,M2,true,207.000,74.360,115.389,129.785,272499.044,272721.683,272733.827,1552334,1083116,440229888,100270080,49953,1558028,2026-08-02T11:57:23.423293Z
M2,2681,saturated,M2,true,203.000,76.351,126.037,138.979,272542.038,272773.357,272792.458,1552762,1083423,440336384,100302848,49951,1558437,2026-08-02T11:57:23.423293Z
M2,2682,saturated,M2,true,183.000,84.835,156.516,197.206,272649.093,272843.685,272858.835,1553186,1083627,440434688,100319232,49952,1558819,2026-08-02T11:57:23.423293Z
M2,2683,saturated,M2,true,183.000,85.420,146.052,173.786,272856.098,273088.548,273116.615,1553546,1083830,440500224,100343808,49953,1559189,2026-08-02T11:57:23.423293Z
M2,2684,saturated,M2,true,189.000,79.921,127.417,176.876,272993.220,273212.891,273242.747,1553937,1084100,440606720,100360192,49966,1559586,2026-08-02T11:57:23.423293Z
M2,2685,saturated,M2,true,144.000,90.776,248.659,292.721,273107.410,273359.613,273378.733,1554240,1084299,440696832,100384768,49980,1559907,2026-08-02T11:57:23.423293Z
M2,2686,saturated,M2,true,199.000,78.578,169.378,347.846,273538.477,273737.371,273761.667,1554563,1084458,440745984,100384768,49953,1560247,2026-08-02T11:57:23.423293Z
M2,2687,saturated,M2,true,194.000,80.048,141.642,155.550,273610.800,273824.511,273855.235,1554985,1084627,440860672,100409344,49948,1560644,2026-08-02T11:57:23.423293Z
M2,2688,saturated,M2,true,194.000,85.554,136.811,166.043,273710.109,273952.300,273999.617,1555384,1084627,440934400,100433920,49954,1561030,2026-08-02T11:57:23.423293Z
M2,2689,saturated,M2,true,202.000,77.641,122.827,162.221,273593.612,274013.742,274048.551,1555729,1084923,441016320,100458496,49952,1561440,2026-08-02T11:57:23.423293Z
M2,2690,saturated,M2,true,192.000,82.485,153.756,199.815,273582.269,273818.697,273854.013,1556123,1085221,441131008,100466688,49965,1561844,2026-08-02T11:57:23.423293Z
M2,2691,saturated,M2,true,188.000,80.711,140.078,166.594,273752.640,273991.458,274012.483,1556489,1085421,441212928,100483072,49951,1562200,2026-08-02T11:57:23.423293Z
M2,2692,saturated,M2,true,202.000,76.918,124.985,153.742,273834.502,274049.140,274064.418,1556886,1085421,441294848,100515840,49958,1562615,2026-08-02T11:57:23.423293Z
M2,2693,saturated,M2,true,201.000,81.090,131.794,159.758,273883.748,274114.317,274134.169,1557309,1085702,441401344,100524032,49955,1563017,2026-08-02T11:57:23.423293Z
M2,2694,saturated,M2,true,207.000,78.985,122.065,141.446,273978.534,274203.424,274234.996,1557713,1085904,441499648,100540416,49957,1563423,2026-08-02T11:57:23.423293Z
M2,2695,saturated,M2,true,154.000,85.598,271.634,342.225,274027.288,274256.682,274314.260,1558073,1086210,441573376,100564992,49971,1563770,2026-08-02T11:57:23.423293Z
M2,2696,saturated,M2,true,185.000,88.267,161.697,206.528,274374.660,274637.311,274672.716,1558392,1086210,441663488,100589568,49953,1564115,2026-08-02T11:57:23.423293Z
M2,2697,saturated,M2,true,191.000,85.383,122.056,138.715,274391.722,274661.073,274713.178,1558781,1086451,441737216,100597760,49961,1564507,2026-08-02T11:57:23.423293Z
M2,2698,saturated,M2,true,207.000,76.862,115.784,145.900,274522.339,274756.514,274763.771,1559184,1086746,441835520,100622336,49960,1564915,2026-08-02T11:57:23.423293Z
M2,2699,saturated,M2,true,200.000,79.898,122.835,145.689,274473.695,274694.711,274725.721,1559622,1086844,441950208,100638720,49957,1565327,2026-08-02T11:57:23.423293Z
