run_id,t_seconds,config,mitigation,antagonist_active,throughput,claim_p50,claim_p95,claim_p99,e2e_p50,e2e_p95,e2e_p99,n_dead_tup,n_live_tup,table_bytes,index_bytes,queue_depth,oldest_backend_xmin_age,last_autovacuum
M3,0,saturated,M3,false,0.000,0.000,0.000,0.000,0.000,0.000,0.000,0,0,0,0,0,0,
M3,1,saturated,M3,false,768.000,3.531,20.285,30.551,447.460,800.025,821.641,180,255,1712128,679936,24540,26,
M3,2,saturated,M3,false,1276.000,1.721,5.044,13.488,1322.611,1720.559,1761.560,1751,31999,5963776,2252800,49376,4,
M3,3,saturated,M3,false,1354.000,1.535,3.330,14.275,2238.948,2652.201,2682.602,4246,51440,6414336,2433024,49415,1,
M3,4,saturated,M3,false,1362.000,1.530,2.580,3.133,3155.952,3572.878,3618.187,7041,52833,6627328,2555904,49419,0,
M3,5,saturated,M3,false,1416.000,1.508,2.902,16.048,4137.552,4577.544,4610.690,9784,54198,6905856,2686976,49356,0,
M3,6,saturated,M3,false,1307.000,1.805,3.217,4.504,5082.449,5528.906,5576.286,12568,55552,7143424,2809856,49455,21,
M3,7,saturated,M3,false,1438.000,1.527,3.054,4.456,6090.381,6503.937,6549.075,15251,56958,7405568,2932736,49355,0,
M3,8,saturated,M3,false,1342.000,1.876,3.015,3.806,7055.630,7486.320,7524.292,18102,58296,7692288,3072000,49418,0,
M3,9,saturated,M3,false,1266.000,2.083,3.902,15.527,8051.829,8423.310,8452.333,20746,59701,7921664,3194880,49420,0,
M3,10,saturated,M3,false,1238.000,1.822,3.469,4.873,8955.104,9359.059,9405.797,23281,60969,8192000,3309568,49420,3,
M3,11,saturated,M3,false,1326.000,1.559,4.299,7.669,9861.935,10324.384,10360.611,2623,63124,8192000,3407872,49440,8,2026-08-02T19:37:32.398079Z
M3,12,saturated,M3,false,1366.000,1.327,2.586,7.347,10840.308,11271.489,11314.089,5196,64468,8192000,3489792,49397,5,2026-08-02T19:37:32.398079Z
M3,13,saturated,M3,false,1322.000,1.516,3.270,18.964,11783.912,12180.827,12230.052,7884,65791,8355840,3579904,49460,19,2026-08-02T19:37:32.398079Z
M3,14,saturated,M3,false,1224.000,1.892,5.430,10.426,12741.901,13125.617,13168.409,10501,66921,8552448,3686400,49459,4,2026-08-02T19:37:32.398079Z
M3,15,saturated,M3,false,1383.000,1.546,2.878,3.678,13642.931,14088.051,14139.288,13072,68399,8839168,3792896,49457,18,2026-08-02T19:37:32.398079Z
M3,16,saturated,M3,false,1303.000,1.820,2.900,3.303,14650.690,15071.596,15116.065,15772,69780,9035776,3923968,49437,20,2026-08-02T19:37:32.398079Z
M3,17,saturated,M3,false,1341.000,1.733,3.006,3.689,15571.696,16036.564,16082.424,18488,70808,9338880,4046848,49481,0,2026-08-02T19:37:32.398079Z
M3,18,saturated,M3,false,1111.000,1.894,7.647,68.811,16670.761,17033.712,17063.033,20897,72193,9535488,4161536,49458,19,2026-08-02T19:37:32.398079Z
M3,19,saturated,M3,false,1346.000,1.661,3.717,5.147,17557.813,17979.063,18025.295,23365,72193,9797632,4268032,49456,0,2026-08-02T19:37:32.398079Z
M3,20,saturated,M3,false,1324.000,1.687,3.033,4.259,18494.848,18931.839,18976.571,25945,73952,10027008,4399104,49480,19,2026-08-02T19:37:32.398079Z
M3,21,saturated,M3,false,1306.000,1.729,3.663,7.953,19470.661,19924.609,19954.127,28637,75293,10289152,4513792,49477,0,2026-08-02T19:37:32.398079Z
M3,22,saturated,M3,false,1376.000,1.415,2.481,9.571,20446.658,20893.451,20939.672,31260,76633,10551296,4644864,49451,18,2026-08-02T19:37:32.398079Z
M3,23,saturated,M3,false,1262.000,1.516,4.984,17.123,21435.701,21877.851,21917.045,33940,77953,10788864,4784128,49519,0,2026-08-02T19:37:32.398079Z
M3,24,saturated,M3,false,1360.000,1.612,2.355,2.618,22416.977,22843.098,22889.107,36571,79315,11042816,4898816,49460,17,2026-08-02T19:37:32.398079Z
M3,25,saturated,M3,false,1351.000,1.659,2.616,5.263,23369.256,23808.380,23851.101,39284,80597,11272192,5021696,49471,1,2026-08-02T19:37:32.398079Z
M3,26,saturated,M3,false,1363.000,1.603,2.337,3.069,24317.263,24765.393,24806.174,42010,81937,11534336,5144576,49480,20,2026-08-02T19:37:32.398079Z
M3,27,saturated,M3,false,1339.000,1.673,2.590,3.849,25293.170,25738.084,25784.965,44746,83311,11771904,5275648,49509,14,2026-08-02T19:37:32.398079Z
M3,28,saturated,M3,false,1302.000,1.705,2.598,3.082,26281.938,26699.880,26746.634,47419,84671,12017664,5398528,49519,0,2026-08-02T19:37:32.398079Z
M3,29,saturated,M3,false,1339.000,1.783,2.602,2.769,27247.311,27691.977,27737.357,50078,86011,12271616,5513216,49500,3,2026-08-02T19:37:32.398079Z
M3,30,saturated,M3,false,1260.000,1.624,2.770,3.312,28260.810,28672.135,28718.066,52714,87331,12517376,5644288,49500,11,2026-08-02T19:37:32.398079Z
M3,31,saturated,M3,false,1309.000,1.658,4.509,13.729,29213.241,29660.221,29698.797,55278,88671,12746752,5750784,49478,12,2026-08-02T19:37:32.398079Z
M3,32,saturated,M3,false,1269.000,1.661,3.718,13.195,30161.263,30620.918,30665.985,57888,89931,12992512,5873664,49520,8,2026-08-02T19:37:32.398079Z
M3,33,saturated,M3,false,1306.000,1.505,3.699,13.045,31172.713,31588.340,31632.042,60440,91240,13221888,5988352,49520,14,2026-08-02T19:37:32.398079Z
M3,34,saturated,M3,false,1321.000,1.629,3.112,5.190,32140.339,32568.410,32613.052,63082,92493,13484032,6119424,49500,0,2026-08-02T19:37:32.398079Z
M3,35,saturated,M3,false,1360.000,1.537,3.240,6.001,33097.127,33542.568,33582.467,65745,93835,13697024,6242304,49520,0,2026-08-02T19:37:32.398079Z
M3,36,saturated,M3,false,1409.000,1.531,2.548,4.338,34107.698,34520.975,34558.191,68488,95142,13967360,6365184,49479,0,2026-08-02T19:37:32.398079Z
M3,37,saturated,M3,false,1360.000,1.678,2.543,2.892,35049.074,35493.401,35530.259,71313,96516,14221312,6496256,49540,18,2026-08-02T19:37:32.398079Z
M3,38,saturated,M3,false,1324.000,1.576,2.903,4.441,36008.568,36423.269,36453.732,74037,97949,14475264,6627328,49560,0,2026-08-02T19:37:32.398079Z
M3,39,saturated,M3,false,1320.000,1.744,2.734,3.180,36911.609,37364.022,37405.873,76459,99285,14721024,6774784,49540,20,2026-08-02T19:37:32.398079Z
M3,40,saturated,M3,false,1300.000,1.856,3.068,4.110,37486.706,37730.840,37773.678,79122,100629,14983168,6889472,49591,0,2026-08-02T19:37:32.398079Z
M3,41,saturated,M3,false,1282.000,1.655,4.383,16.267,37592.302,37800.903,37831.710,81737,101949,15220736,6995968,49540,8,2026-08-02T19:37:32.398079Z
M3,42,saturated,M3,false,1220.000,1.749,3.609,5.648,37684.414,37888.004,37925.145,84268,103249,15458304,7094272,49502,0,2026-08-02T19:37:32.398079Z
M3,43,saturated,M3,false,1327.000,1.608,3.272,6.341,37696.504,37913.655,37955.273,86722,104512,15687680,7208960,49557,22,2026-08-02T19:37:32.398079Z
M3,44,saturated,M3,false,1280.000,1.875,2.859,3.640,37752.943,37983.021,38013.624,89290,105715,15958016,7331840,49580,3,2026-08-02T19:37:32.398079Z
M3,45,saturated,M3,false,1280.000,1.673,3.335,16.314,37803.463,38017.387,38063.267,91889,107078,16228352,7446528,49580,21,2026-08-02T19:37:32.398079Z
M3,46,saturated,M3,false,1360.000,1.574,2.429,3.268,37887.801,38100.559,38130.465,94482,108378,16449536,7585792,49560,7,2026-08-02T19:37:32.398079Z
M3,47,saturated,M3,false,1341.000,1.643,2.398,2.845,37852.156,38077.727,38122.456,97182,109638,16711680,7708672,49560,0,2026-08-02T19:37:32.398079Z
M3,48,saturated,M3,false,1288.000,1.777,2.999,3.693,37794.790,38012.298,38043.790,99850,110998,16973824,7823360,49558,19,2026-08-02T19:37:32.398079Z
M3,49,saturated,M3,false,1333.000,1.666,2.592,3.998,37787.441,38005.793,38035.866,102465,112339,17252352,7938048,49553,17,2026-08-02T19:37:32.398079Z
M3,50,saturated,M3,false,1341.000,1.774,2.884,3.567,37769.148,38001.318,38016.839,105161,113639,17530880,8060928,49559,12,2026-08-02T19:37:32.398079Z
M3,51,saturated,M3,false,1265.000,1.761,4.532,19.879,37826.147,38070.043,38113.195,107714,114980,17793024,8183808,49560,0,2026-08-02T19:37:32.398079Z
M3,52,saturated,M3,false,1242.000,1.678,3.284,20.232,37808.701,38048.128,38080.148,110261,116321,18006016,8298496,49600,0,2026-08-02T19:37:32.398079Z
M3,53,saturated,M3,false,1311.000,1.646,3.073,14.154,37861.485,38092.103,38134.123,112784,117586,18251776,8404992,49599,19,2026-08-02T19:37:32.398079Z
M3,54,saturated,M3,false,1313.000,1.778,2.728,3.614,37861.129,38088.210,38117.256,115404,118825,18472960,8519680,49596,0,2026-08-02T19:37:32.398079Z
M3,55,saturated,M3,false,1340.000,1.682,2.706,3.439,37870.206,38103.026,38134.464,118060,120148,18743296,8642560,49600,0,2026-08-02T19:37:32.398079Z
M3,56,saturated,M3,false,1322.000,1.789,2.701,3.052,37749.120,37922.807,37931.723,120752,121472,18972672,8765440,49600,17,2026-08-02T19:37:32.398079Z
M3,57,saturated,M3,false,1345.000,1.587,2.518,3.149,37707.831,37944.618,37960.856,123411,122814,19243008,8880128,49600,0,2026-08-02T19:37:32.398079Z
M3,58,saturated,M3,false,1402.000,1.702,2.652,3.514,37695.239,37913.239,37928.357,126156,124134,19456000,9003008,49580,4,2026-08-02T19:37:32.398079Z
M3,59,saturated,M3,false,1343.000,1.706,2.669,5.551,37645.533,37861.583,37885.048,128918,125504,19726336,9125888,49597,0,2026-08-02T19:37:32.398079Z
M3,60,saturated,M3,false,1362.000,1.581,2.985,4.293,37625.390,37840.094,37885.325,131627,126891,19963904,9240576,49593,19,2026-08-02T19:37:32.398079Z
M3,61,saturated,M3,false,1305.000,1.470,3.764,16.298,37632.052,37836.769,37852.434,134335,128242,20201472,9371648,49620,0,2026-08-02T19:37:32.398079Z
M3,62,saturated,M3,false,1331.000,1.598,5.427,15.761,37639.795,37845.124,37859.414,136992,129611,20439040,9486336,49569,33,2026-08-02T19:37:32.398079Z
M3,63,saturated,M3,false,1354.000,1.487,4.204,14.863,37633.943,37850.423,37866.556,139663,130911,20668416,9609216,49620,17,2026-08-02T19:37:32.398079Z
M3,64,saturated,M3,false,1240.000,1.664,2.462,2.958,37652.470,37902.412,37949.118,142361,132235,20905984,9723904,49640,16,2026-08-02T19:37:32.398079Z
M3,65,saturated,M3,false,1261.000,1.684,3.731,7.941,37744.049,37951.865,37979.819,144907,133596,21168128,9854976,49641,0,2026-08-02T19:37:32.398079Z
M3,66,saturated,M3,false,1320.000,1.735,2.626,3.198,37766.779,37992.148,38013.200,147464,134836,21381120,9969664,49640,10,2026-08-02T19:37:32.398079Z
M3,67,saturated,M3,false,1373.000,1.645,2.693,4.302,37763.828,37973.673,38010.065,150138,136628,21626880,10092544,49610,13,2026-08-02T19:37:32.398079Z
M3,68,saturated,M3,false,1372.000,1.575,2.700,3.769,37705.432,37933.815,37968.539,152871,138117,21880832,10207232,49599,0,2026-08-02T19:37:32.398079Z
M3,69,saturated,M3,false,1428.000,1.467,2.864,3.631,37598.764,37828.278,37887.609,155648,139482,22126592,10330112,49600,17,2026-08-02T19:37:32.398079Z
M3,70,saturated,M3,false,1322.000,1.623,3.222,3.827,37500.611,37717.597,37744.997,37,140054,22355968,10461184,49620,0,2026-08-02T19:38:32.509862Z
M3,71,saturated,M3,false,1305.000,1.549,3.334,11.384,37533.552,37740.449,37772.309,2911,141552,22511616,10551296,49620,0,2026-08-02T19:38:32.600555Z
M3,72,saturated,M3,false,1305.000,1.487,4.644,19.226,37533.956,37735.312,37762.968,5515,142857,22667264,10641408,49620,0,2026-08-02T19:38:32.600555Z
M3,73,saturated,M3,false,1345.000,1.512,3.550,17.971,37566.974,37771.107,37787.583,8201,144162,22814720,10723328,49660,18,2026-08-02T19:38:32.600555Z
M3,74,saturated,M3,false,1369.000,1.592,2.857,3.721,37577.064,37799.638,37829.794,10920,145547,22978560,10821632,49654,0,2026-08-02T19:38:32.600555Z
M3,75,saturated,M3,false,1344.000,1.612,2.370,4.188,37600.977,37825.431,37852.213,13644,146895,23134208,10919936,49640,1,2026-08-02T19:38:32.600555Z
M3,76,saturated,M3,false,1348.000,1.579,3.147,4.628,37596.588,37805.284,37821.127,699,49655,6053888,2097152,49636,20,2026-08-02T19:38:32.600555Z
M3,77,saturated,M3,false,1409.000,1.490,2.742,3.367,37528.484,37736.440,37763.079,3317,50999,6250496,2228224,49620,0,2026-08-02T19:38:32.600555Z
M3,78,saturated,M3,false,1341.000,1.689,2.579,3.075,37500.780,37710.999,37739.563,6096,52392,6553600,2359296,49660,20,2026-08-02T19:38:32.600555Z
M3,79,saturated,M3,false,1380.000,1.610,2.582,3.324,37411.088,37639.384,37659.376,8825,53773,6758400,2498560,49620,19,2026-08-02T19:38:32.600555Z
M3,80,saturated,M3,false,1363.000,1.508,2.346,2.817,37258.792,37488.571,37513.574,11606,55113,7045120,2621440,49680,20,2026-08-02T19:38:32.600555Z
M3,81,saturated,M3,false,1306.000,1.506,3.184,17.658,37295.948,37527.570,37552.622,14301,56536,7274496,2752512,49660,0,2026-08-02T19:38:32.600555Z
M3,82,saturated,M3,false,1341.000,1.453,3.886,12.243,37291.247,37519.009,37534.773,16926,57822,7512064,2875392,49664,0,2026-08-02T19:38:32.600555Z
M3,83,saturated,M3,false,1245.000,1.535,6.481,12.246,37246.350,37464.052,37508.716,19622,59419,7725056,2998272,49700,20,2026-08-02T19:38:32.600555Z
M3,84,saturated,M3,false,1318.000,1.714,2.491,2.998,37309.023,37534.828,37550.353,22150,60448,7995392,3104768,49688,2,2026-08-02T19:38:32.600555Z
M3,85,saturated,M3,false,1323.000,1.681,2.554,3.041,37333.613,37551.575,37567.724,24787,61748,8273920,3235840,49680,0,2026-08-02T19:38:32.600555Z
M3,86,saturated,M3,false,1340.000,1.706,2.582,3.037,37278.653,37501.541,37517.926,27503,63324,8478720,3375104,49700,0,2026-08-02T19:38:32.600555Z
M3,87,saturated,M3,false,1362.000,1.643,2.540,3.838,37289.415,37503.316,37518.833,30190,64429,8765440,3506176,49680,19,2026-08-02T19:38:32.600555Z
M3,88,saturated,M3,false,1342.000,1.641,2.677,3.057,37265.357,37486.002,37505.465,32920,65771,8970240,3629056,49700,1,2026-08-02T19:38:32.600555Z
M3,89,saturated,M3,false,1377.000,1.651,2.501,2.924,37204.476,37426.486,37442.304,35632,67133,9256960,3751936,49683,20,2026-08-02T19:38:32.600555Z
M3,90,saturated,M3,false,1323.000,1.672,2.552,2.871,37120.778,37349.622,37366.151,38382,68748,9502720,3874816,49700,20,2026-08-02T19:38:32.600555Z
M3,91,saturated,M3,false,1289.000,1.539,6.637,12.131,37120.195,37349.222,37386.117,41014,69833,9732096,3989504,49679,3,2026-08-02T19:38:32.600555Z
M3,92,saturated,M3,false,1382.000,1.308,2.305,24.856,37103.322,37334.041,37371.269,43676,71101,9977856,4136960,49700,15,2026-08-02T19:38:32.600555Z
M3,93,saturated,M3,false,1320.000,1.448,2.808,16.382,37124.349,37329.257,37349.560,46387,72504,10207232,4259840,49681,0,2026-08-02T19:38:32.600555Z
M3,94,saturated,M3,false,1340.000,1.667,2.376,2.641,37076.801,37309.887,37325.755,49113,73805,10461184,4390912,49720,29,2026-08-02T19:38:32.600555Z
M3,95,saturated,M3,false,1322.000,1.625,2.964,3.627,37097.591,37317.618,37349.523,51650,75184,10706944,4513792,49714,15,2026-08-02T19:38:32.600555Z
M3,96,saturated,M3,false,1358.000,1.549,2.348,2.991,37126.997,37357.729,37374.574,54336,76504,10969088,4636672,49720,20,2026-08-02T19:38:32.600555Z
M3,97,saturated,M3,false,1323.000,1.743,2.734,3.150,37149.838,37350.654,37372.815,57048,77864,11182080,4775936,49720,0,2026-08-02T19:38:32.600555Z
M3,98,saturated,M3,false,1140.000,2.009,8.083,13.958,37277.453,37527.285,37558.698,59413,79187,11444224,4915200,49740,20,2026-08-02T19:38:32.600555Z
M3,99,saturated,M3,false,1304.000,1.805,2.777,3.486,37321.510,37540.114,37556.978,61836,80987,11698176,5029888,49737,2,2026-08-02T19:38:32.600555Z
M3,100,saturated,M3,false,1219.000,1.762,3.218,5.343,37365.796,37589.259,37633.616,64312,82311,11927552,5144576,49759,16,2026-08-02T19:38:32.600555Z
M3,101,saturated,M3,false,1235.000,1.760,3.136,25.148,37487.019,37696.842,37726.689,66748,83516,12181504,5251072,49740,20,2026-08-02T19:38:32.600555Z
M3,102,saturated,M3,false,1307.000,1.494,3.199,18.928,37456.719,37664.318,37685.956,69266,84616,12394496,5357568,49720,0,2026-08-02T19:38:32.600555Z
M3,103,saturated,M3,false,1302.000,1.659,2.864,9.094,37408.488,37622.732,37656.019,71872,86054,12648448,5488640,49760,20,2026-08-02T19:38:32.600555Z
M3,104,saturated,M3,false,1342.000,1.681,2.450,4.168,37421.185,37633.967,37657.288,74529,87245,12894208,5603328,49740,0,2026-08-02T19:38:32.600555Z
M3,105,saturated,M3,false,1357.000,1.502,3.321,5.272,37421.504,37638.770,37677.608,77246,88567,13148160,5726208,49740,0,2026-08-02T19:38:32.600555Z
M3,106,saturated,M3,false,1377.000,1.623,2.540,3.314,37433.469,37641.343,37669.541,79678,89668,13402112,5857280,49738,19,2026-08-02T19:38:32.600555Z
M3,107,saturated,M3,false,1340.000,1.623,2.878,3.497,37477.455,37698.815,37735.700,82434,91043,13647872,5980160,49740,0,2026-08-02T19:38:32.600555Z
M3,108,saturated,M3,false,1341.000,1.634,2.587,3.025,37470.212,37689.003,37710.441,84993,92385,13901824,6111232,49760,21,2026-08-02T19:38:32.600555Z
M3,109,saturated,M3,false,1340.000,1.645,2.622,2.970,37445.206,37662.246,37691.999,87689,93746,14139392,6225920,49760,7,2026-08-02T19:38:32.600555Z
M3,110,saturated,M3,false,1341.000,1.672,2.569,3.228,37395.776,37615.172,37639.873,90406,95086,14376960,6348800,49759,2,2026-08-02T19:38:32.600555Z
M3,111,saturated,M3,false,1282.000,1.594,3.373,15.952,37453.694,37666.407,37690.750,93102,96427,14655488,6463488,49760,0,2026-08-02T19:38:32.600555Z
M3,112,saturated,M3,false,1321.000,1.539,2.764,11.823,37499.730,37709.370,37728.051,95672,97454,14852096,6578176,49760,0,2026-08-02T19:38:32.600555Z
M3,113,saturated,M3,false,1341.000,1.541,2.571,10.615,37507.900,37720.502,37743.796,98335,98775,15138816,6692864,49780,1,2026-08-02T19:38:32.600555Z
M3,114,saturated,M3,false,1388.000,1.649,2.648,3.726,37501.051,37719.107,37749.585,101067,100136,15360000,6815744,49736,0,2026-08-02T19:38:32.600555Z
M3,115,saturated,M3,false,1380.000,1.591,2.430,4.880,37478.704,37711.142,37727.688,103844,101480,15646720,6946816,49798,26,2026-08-02T19:38:32.600555Z
M3,116,saturated,M3,false,1363.000,1.648,2.502,4.047,37486.800,37708.362,37735.250,106612,102904,15835136,7069696,49757,0,2026-08-02T19:38:32.600555Z
M3,117,saturated,M3,false,1341.000,1.592,2.389,5.235,37482.762,37708.002,37729.803,109337,104244,16113664,7184384,49780,0,2026-08-02T19:38:32.600555Z
M3,118,saturated,M3,false,1341.000,1.707,2.556,3.495,37536.009,37752.021,37767.862,112036,105608,16343040,7290880,49778,0,2026-08-02T19:38:32.600555Z
M3,119,saturated,M3,false,1369.000,1.659,2.546,3.579,37484.336,37705.616,37751.579,114765,106948,16588800,7421952,49800,0,2026-08-02T19:38:32.600555Z
M3,120,saturated,M3,false,1342.000,1.703,2.514,3.450,37466.055,37685.484,37701.397,117509,108338,16818176,7553024,49798,12,2026-08-02T19:38:32.600555Z
M3,121,saturated,M3,false,1284.000,1.548,2.705,25.901,37438.760,37650.858,37678.971,120190,109678,17072128,7667712,49793,0,2026-08-02T19:38:32.600555Z
M3,122,saturated,M3,false,1260.000,1.655,2.571,20.489,37468.520,37681.085,37710.738,122747,110944,17268736,7782400,49800,17,2026-08-02T19:38:32.600555Z
M3,123,saturated,M3,false,1261.000,1.823,3.299,14.772,37492.283,37712.033,37731.585,125287,112479,17547264,7880704,49820,20,2026-08-02T19:38:32.600555Z
M3,124,saturated,M3,false,1160.000,2.059,5.344,23.406,37629.343,37859.538,37890.580,127738,113505,17776640,7987200,49820,22,2026-08-02T19:38:32.600555Z
M3,125,saturated,M3,false,1304.000,1.709,3.774,11.469,37692.877,37903.471,37933.267,130188,114665,18022400,8110080,49820,0,2026-08-02T19:38:32.600555Z
M3,126,saturated,M3,false,1081.000,2.055,7.155,39.556,37770.168,38106.406,38140.400,132792,116480,18243584,8216576,49840,1,2026-08-02T19:38:32.600555Z
M3,127,saturated,M3,false,1206.000,1.772,5.453,10.830,37960.615,38193.310,38207.190,134945,117581,18464768,8306688,49800,15,2026-08-02T19:38:32.600555Z
M3,128,saturated,M3,false,1116.000,1.975,6.290,17.506,38085.986,38420.695,38448.344,137325,118747,18685952,8421376,49798,3,2026-08-02T19:38:32.600555Z
M3,129,saturated,M3,false,590.000,3.081,48.413,76.456,38300.598,38554.196,38650.050,138644,118747,18776064,8462336,49715,18,2026-08-02T19:38:32.600555Z
M3,130,saturated,M3,false,706.000,4.343,44.700,97.301,39069.875,39251.452,39268.853,40,119353,18956288,8560640,49880,56,2026-08-02T19:39:32.591285Z
M3,131,saturated,M3,false,1321.000,1.473,3.806,8.515,39198.768,39439.008,39471.306,1927,121560,19070976,8642560,49865,0,2026-08-02T19:39:32.767577Z
M3,132,saturated,M3,false,1300.000,1.591,3.204,20.798,39214.821,39442.537,39463.278,4617,122866,19226624,8732672,49880,0,2026-08-02T19:39:32.767577Z
M3,133,saturated,M3,false,1275.000,1.442,3.987,12.271,39262.365,39501.131,39533.257,7186,124181,19374080,8822784,49880,21,2026-08-02T19:39:32.767577Z
M3,134,saturated,M3,false,1301.000,1.787,3.670,8.696,39307.694,39530.661,39557.342,9790,125456,19529728,8912896,49879,0,2026-08-02T19:39:32.767577Z
M3,135,saturated,M3,false,1222.000,1.688,3.923,6.940,39353.430,39594.329,39635.123,12389,126756,19677184,8994816,49900,8,2026-08-02T19:39:32.767577Z
M3,136,saturated,M3,false,981.000,2.585,8.492,9.969,39458.145,39723.794,39755.790,14772,127999,19816448,9068544,49901,20,2026-08-02T19:39:32.767577Z
M3,137,saturated,M3,false,1327.000,1.576,3.284,5.230,39650.530,39889.141,39911.276,16858,129492,19972096,9166848,49900,3,2026-08-02T19:39:32.767577Z
M3,138,saturated,M3,false,1280.000,1.758,3.491,6.322,39586.824,39802.775,39829.749,19513,130818,20283392,9289728,49900,20,2026-08-02T19:39:32.767577Z
M3,139,saturated,M3,false,1221.000,1.815,7.363,14.236,39603.396,39813.856,39857.012,22006,131842,20561920,9396224,49900,19,2026-08-02T19:39:32.767577Z
M3,140,saturated,M3,false,1280.000,1.914,3.536,4.333,39603.344,39823.461,39867.310,24557,133319,20750336,9519104,49900,13,2026-08-02T19:39:32.767577Z
M3,141,saturated,M3,false,1266.000,1.728,4.261,9.926,39547.304,39786.628,39812.038,27130,134343,21053440,9641984,49920,0,2026-08-02T19:39:32.767577Z
M3,142,saturated,M3,false,1289.000,1.679,3.385,7.339,39553.817,39778.912,39800.401,29674,135374,21241856,9773056,49920,21,2026-08-02T19:39:32.767577Z
M3,143,saturated,M3,false,1089.000,1.823,7.528,22.974,39665.570,39921.381,39962.141,32140,136663,21504000,9863168,49920,5,2026-08-02T19:39:32.767577Z
M3,144,saturated,M3,false,1345.000,1.668,2.962,3.575,39712.365,39931.380,39973.749,34525,136663,21684224,10010624,49940,0,2026-08-02T19:39:32.767577Z
M3,145,saturated,M3,false,1276.000,1.596,7.018,13.171,39786.090,40012.330,40036.545,37128,138438,21979136,10117120,49920,0,2026-08-02T19:39:32.767577Z
M3,146,saturated,M3,false,1221.000,1.619,4.035,8.056,39850.546,40102.061,40132.686,39755,139710,22183936,10240000,49920,0,2026-08-02T19:39:32.767577Z
M3,147,saturated,M3,false,1340.000,1.725,2.455,2.805,39891.308,40118.579,40147.640,42241,141053,22437888,10362880,49920,0,2026-08-02T19:39:32.767577Z
M3,148,saturated,M3,false,1300.000,1.814,2.985,4.709,39892.738,40126.682,40156.826,44945,142274,22716416,10485760,49938,0,2026-08-02T19:39:32.767577Z
M3,149,saturated,M3,false,1320.000,1.742,2.529,3.014,39936.787,40153.596,40173.552,47529,143889,22937600,10600448,49940,16,2026-08-02T19:39:32.767577Z
M3,150,saturated,M3,false,1320.000,1.674,2.573,3.900,39944.978,40168.203,40193.939,50062,145149,23232512,10731520,49940,3,2026-08-02T19:39:32.767577Z
M3,151,saturated,M3,false,1285.000,1.738,4.577,10.311,39977.417,40197.555,40231.325,34702,67088,9322496,3719168,49940,0,2026-08-02T19:39:32.767577Z
M3,152,saturated,M3,false,1305.000,1.577,4.018,22.111,39964.018,40182.440,40210.626,37317,68388,9584640,3850240,49940,0,2026-08-02T19:39:32.767577Z
M3,153,saturated,M3,false,1263.000,1.707,3.886,15.913,39998.202,40206.984,40234.401,39875,69711,9846784,3964928,49958,0,2026-08-02T19:39:32.767577Z
M3,154,saturated,M3,false,1342.000,1.730,2.962,3.721,40027.960,40243.056,40260.002,42545,70959,10076160,4104192,49944,23,2026-08-02T19:39:32.767577Z
M3,155,saturated,M3,false,1300.000,1.705,3.086,4.198,40080.173,40311.020,40355.178,45021,72303,10354688,4227072,49960,20,2026-08-02T19:39:32.767577Z
M3,156,saturated,M3,false,1181.000,1.769,4.214,7.996,40148.214,40344.278,40361.331,47805,73603,10575872,4341760,49960,19,2026-08-02T19:39:32.767577Z
M3,157,saturated,M3,false,1102.000,2.024,9.563,18.901,40303.256,40610.893,40637.669,49996,74943,10813440,4431872,49960,20,2026-08-02T19:39:32.767577Z
M3,158,saturated,M3,false,1285.000,1.621,3.166,27.097,40408.969,40651.574,40669.390,52300,76319,11034624,4571136,49617,16,2026-08-02T19:39:32.767577Z
M3,159,saturated,M3,false,1320.000,1.636,2.954,5.117,40478.456,40699.968,40715.734,54859,77233,11296768,4694016,49980,0,2026-08-02T19:39:32.767577Z
M3,160,saturated,M3,false,1362.000,1.593,2.447,3.695,40505.755,40712.336,40729.274,57560,79171,11558912,4816896,49829,0,2026-08-02T19:39:32.767577Z
M3,161,saturated,M3,false,1222.000,1.846,4.012,11.741,40534.282,40780.736,40814.538,60181,80513,11788288,4923392,49889,0,2026-08-02T19:39:32.767577Z
M3,162,saturated,M3,false,1332.000,1.481,2.574,12.619,40566.384,40801.665,40832.291,62731,81755,12058624,5054464,49980,0,2026-08-02T19:39:32.767577Z
M3,163,saturated,M3,false,1300.000,1.611,2.752,16.374,40539.927,40758.947,40815.749,65359,83087,12288000,5169152,49575,0,2026-08-02T19:39:32.767577Z
M3,164,saturated,M3,false,1240.000,1.772,3.455,5.490,40491.600,40736.111,40751.429,67980,84387,12550144,5283840,49380,19,2026-08-02T19:39:32.767577Z
M3,165,saturated,M3,false,1010.000,2.412,20.263,26.871,40462.350,40679.300,40715.501,70426,85647,12746752,5390336,49590,20,2026-08-02T19:39:32.767577Z
M3,166,saturated,M3,false,1141.000,1.725,4.063,59.824,40747.865,40999.660,41015.902,72309,85647,12951552,5488640,49340,20,2026-08-02T19:39:32.767577Z
M3,167,saturated,M3,false,1340.000,1.622,2.531,2.897,40687.931,40976.347,41019.993,74833,87138,13197312,5603328,49300,15,2026-08-02T19:39:32.767577Z
M3,168,saturated,M3,false,1280.000,1.670,2.666,2.918,40539.047,40770.518,40819.217,77510,88438,13467648,5734400,49360,0,2026-08-02T19:39:32.767577Z
M3,169,saturated,M3,false,1043.000,2.141,14.841,28.758,40500.848,40712.085,40746.486,79968,89778,13680640,5832704,49517,18,2026-08-02T19:39:32.767577Z
M3,170,saturated,M3,false,1301.000,1.619,3.286,9.644,39795.077,40629.279,40676.128,82202,90978,13910016,5939200,49356,10,2026-08-02T19:39:32.767577Z
M3,171,saturated,M3,false,1202.000,1.996,5.510,13.104,39619.540,39847.904,39903.171,84776,92612,14155776,6053888,49428,0,2026-08-02T19:39:32.767577Z
M3,172,saturated,M3,false,1281.000,1.585,3.539,8.454,39700.700,39909.551,39938.079,87247,93983,14426112,6176768,49397,20,2026-08-02T19:39:32.767577Z
M3,173,saturated,M3,false,1343.000,1.468,2.834,12.393,39653.554,39877.761,39917.704,89823,95153,14614528,6291456,49317,20,2026-08-02T19:39:32.767577Z
M3,174,saturated,M3,false,1320.000,1.724,2.795,3.272,39630.819,39843.709,39874.038,92540,96416,14909440,6406144,49355,21,2026-08-02T19:39:32.767577Z
M3,175,saturated,M3,false,1120.000,1.836,5.418,9.211,39647.726,39880.423,39946.670,95053,97908,15147008,6512640,49480,20,2026-08-02T19:39:32.767577Z
M3,176,saturated,M3,false,1340.000,1.545,2.499,3.132,39533.724,39805.204,39847.429,97447,99539,15368192,6627328,49320,19,2026-08-02T19:39:32.767577Z
M3,177,saturated,M3,false,1323.000,1.631,4.051,5.530,39449.718,39667.999,39689.409,100108,100879,15654912,6742016,49337,20,2026-08-02T19:39:32.767577Z
M3,178,saturated,M3,false,1340.000,1.601,2.366,3.083,39410.865,39633.614,39648.961,102804,100879,15884288,6856704,49332,0,2026-08-02T19:39:32.767577Z
M3,179,saturated,M3,false,1280.000,1.801,3.211,4.399,39322.258,39537.192,39557.431,105484,102363,16138240,6979584,49380,4,2026-08-02T19:39:32.767577Z
M3,180,saturated,M3,false,1102.000,1.794,8.933,15.399,39335.229,39584.982,39613.114,107909,103691,16375808,7086080,49458,0,2026-08-02T19:39:32.767577Z
M3,181,saturated,M3,false,1252.000,1.880,4.877,8.328,39479.793,39690.763,39711.105,110239,104871,16596992,7184384,49408,0,2026-08-02T19:39:32.767577Z
M3,182,saturated,M3,false,1128.000,1.868,6.568,19.636,39514.451,39749.629,39793.470,112684,106073,16834560,7290880,49495,1,2026-08-02T19:39:32.767577Z
M3,183,saturated,M3,false,1283.000,1.623,4.436,8.968,39470.174,39675.327,39732.301,115035,107543,17047552,7397376,49380,28,2026-08-02T19:39:32.767577Z
M3,184,saturated,M3,false,1280.000,1.693,3.642,17.774,39499.638,39710.267,39738.197,117642,108456,17317888,7520256,49400,0,2026-08-02T19:39:32.767577Z
M3,185,saturated,M3,false,1281.000,1.652,3.429,4.650,39475.628,39706.558,39734.919,120195,109756,17580032,7643136,49399,0,2026-08-02T19:39:32.767577Z
M3,186,saturated,M3,false,1200.000,1.758,6.057,15.080,39479.004,39700.988,39730.842,122817,111036,17784832,7741440,49520,0,2026-08-02T19:39:32.767577Z
M3,187,saturated,M3,false,1180.000,1.821,3.655,6.743,39594.942,39838.394,39866.553,125009,112357,18055168,7847936,49400,0,2026-08-02T19:39:32.767577Z
M3,188,saturated,M3,false,1240.000,1.832,3.974,5.804,39664.908,39898.737,39927.179,127579,113417,18268160,7962624,49460,20,2026-08-02T19:39:32.767577Z
M3,189,saturated,M3,false,1280.000,1.702,3.462,4.355,39698.371,39918.545,39952.535,130080,114972,18530304,8069120,49420,3,2026-08-02T19:39:32.767577Z
M3,190,saturated,M3,false,1181.000,1.756,5.278,77.092,39726.583,39990.905,40019.516,431,116343,18751488,8192000,49539,9,2026-08-02T19:40:32.771256Z
M3,191,saturated,M3,false,1349.000,1.473,3.992,6.676,39794.377,40015.140,40050.562,2984,117898,18890752,8282112,49374,0,2026-08-02T19:40:32.771256Z
M3,192,saturated,M3,false,1281.000,1.621,4.248,9.584,39793.177,39989.310,40018.729,5662,118826,19046400,8372224,49440,0,2026-08-02T19:40:32.771256Z
M3,193,saturated,M3,false,1232.000,1.584,5.887,24.977,39801.130,40009.613,40032.560,8152,120174,19193856,8462336,49456,0,2026-08-02T19:40:32.771256Z
M3,194,saturated,M3,false,1300.000,1.754,2.821,6.758,39828.383,40045.939,40077.166,10717,121422,19341312,8552448,49420,20,2026-08-02T19:40:32.771256Z
M3,195,saturated,M3,false,1360.000,1.633,2.740,3.895,39821.152,40037.451,40063.268,13397,122686,19496960,8642560,49400,9,2026-08-02T19:40:32.771256Z
M3,196,saturated,M3,false,1244.000,1.692,6.598,8.777,39811.520,40049.749,40080.422,16021,124026,19652608,8732672,49458,0,2026-08-02T19:40:32.771256Z
M3,197,saturated,M3,false,1359.000,1.629,2.645,3.392,39637.772,39892.294,39937.915,18623,125328,19841024,8822784,49416,0,2026-08-02T19:40:32.771256Z
M3,198,saturated,M3,false,1284.000,1.720,2.894,4.901,39572.282,39798.168,39826.796,21270,126630,20144128,8937472,49440,10,2026-08-02T19:40:32.771256Z
M3,199,saturated,M3,false,1283.000,1.697,4.076,12.397,39595.686,39814.638,39846.203,23841,127953,20463616,9068544,49440,20,2026-08-02T19:40:32.771256Z
M3,200,saturated,M3,false,1300.000,1.852,3.104,6.440,39628.457,39850.214,39866.901,26459,129236,20611072,9191424,49440,25,2026-08-02T19:40:32.771256Z
M3,201,saturated,M3,false,1172.000,1.911,8.045,13.963,39640.796,39843.087,39868.748,29001,130536,20930560,9306112,49553,8,2026-08-02T19:40:32.771256Z
M3,202,saturated,M3,false,1133.000,1.827,14.917,33.519,39705.025,39963.303,39992.292,29956,131818,20996096,9363456,49614,18,2026-08-02T19:40:32.771256Z
M3,203,saturated,M3,false,866.000,1.583,4.330,19.083,39832.021,40054.694,40074.001,32164,133015,21209088,9461760,49878,18,2026-08-02T19:40:32.771256Z
M3,204,saturated,M3,false,991.000,2.090,9.954,247.257,40379.026,40569.260,40599.467,34081,134143,21372928,9535488,49491,1,2026-08-02T19:40:32.771256Z
M3,205,saturated,M3,false,1386.000,1.580,2.604,4.349,40322.080,40569.694,40605.764,36236,134265,21553152,9650176,49460,13,2026-08-02T19:40:32.771256Z
M3,206,saturated,M3,false,1284.000,1.823,4.748,15.282,40000.757,40274.146,40315.190,38947,135380,21831680,9781248,49500,0,2026-08-02T19:40:32.771256Z
M3,207,saturated,M3,false,1321.000,1.695,3.561,5.997,39941.986,40169.533,40193.994,41579,136764,22036480,9904128,49445,20,2026-08-02T19:40:32.771256Z
M3,208,saturated,M3,false,1345.000,1.688,2.952,4.943,39938.990,40160.809,40192.024,44190,138048,22298624,10027008,49460,13,2026-08-02T19:40:32.771256Z
M3,209,saturated,M3,false,1323.000,1.636,4.169,6.525,39860.440,40103.140,40155.656,46890,139369,22544384,10149888,49480,29,2026-08-02T19:40:32.771256Z
M3,210,saturated,M3,false,1466.000,1.275,2.342,3.319,39625.957,39841.153,39880.217,49624,140718,22798336,10280960,49428,0,2026-08-02T19:40:32.771256Z
M3,211,saturated,M3,false,1368.000,1.413,3.844,5.572,39504.911,39747.361,39788.872,33098,66425,9068544,3604480,49440,19,2026-08-02T19:40:32.771256Z
M3,212,saturated,M3,false,1291.000,1.600,3.108,16.837,39454.820,39678.064,39705.201,35878,67871,9322496,3743744,49480,20,2026-08-02T19:40:32.771256Z
M3,213,saturated,M3,false,1270.000,1.585,3.108,20.292,39479.071,39715.335,39733.126,38399,69514,9568256,3858432,49460,0,2026-08-02T19:40:32.771256Z
M3,214,saturated,M3,false,1320.000,1.700,2.630,6.606,39508.341,39724.811,39756.419,41000,71070,9814016,3973120,49460,3,2026-08-02T19:40:32.771256Z
M3,215,saturated,M3,false,1300.000,1.742,2.740,3.165,39402.582,39630.184,39669.153,43690,72311,10059776,4104192,49480,0,2026-08-02T19:40:32.771256Z
M3,216,saturated,M3,false,1320.000,1.759,2.526,3.728,39356.853,39577.906,39607.171,46307,73395,10280960,4235264,49480,0,2026-08-02T19:40:32.771256Z
M3,217,saturated,M3,false,1340.000,1.571,2.456,4.227,39364.838,39585.681,39609.196,48985,74440,10559488,4366336,49480,20,2026-08-02T19:40:32.771256Z
M3,218,saturated,M3,false,1321.000,1.755,2.577,2.980,39369.715,39583.211,39612.342,51681,75760,10788864,4489216,49500,1,2026-08-02T19:40:32.771256Z
M3,219,saturated,M3,false,1379.000,1.645,2.820,4.960,39329.314,39555.297,39584.608,54394,77120,11067392,4644864,49480,0,2026-08-02T19:40:32.771256Z
M3,220,saturated,M3,false,1188.000,1.801,5.854,10.449,39162.641,39385.111,39420.727,57107,78460,11337728,4759552,49564,19,2026-08-02T19:40:32.771256Z
M3,221,saturated,M3,false,1031.000,1.867,19.059,30.225,39205.373,39433.046,39458.401,59516,79820,11517952,4857856,49697,0,2026-08-02T19:40:32.771256Z
M3,222,saturated,M3,false,1252.000,1.768,6.214,18.242,39335.313,39546.732,39574.892,61654,81021,11739136,4972544,49510,0,2026-08-02T19:40:32.771256Z
M3,223,saturated,M3,false,1374.000,1.454,2.668,9.252,39267.876,39486.872,39524.169,64111,82641,11943936,5087232,49520,0,2026-08-02T19:40:32.771256Z
M3,224,saturated,M3,false,1299.000,1.599,3.440,20.106,39226.910,39442.652,39460.527,66818,84024,12206080,5201920,49500,0,2026-08-02T19:40:32.771256Z
M3,225,saturated,M3,false,1014.000,1.794,14.856,49.730,39184.741,39446.442,39498.313,69463,85559,12419072,5316608,49748,0,2026-08-02T19:40:32.771256Z
M3,226,saturated,M3,false,997.000,2.621,12.648,32.716,39554.473,39778.472,39802.713,71385,86566,12591104,5414912,49619,24,2026-08-02T19:40:32.771256Z
M3,227,saturated,M3,false,1282.000,1.849,4.594,10.083,39487.055,39717.320,39754.519,73225,86566,12820480,5521408,49538,17,2026-08-02T19:40:32.771256Z
M3,228,saturated,M3,false,1362.000,1.557,2.695,3.635,39460.599,39687.947,39729.636,75745,87995,13066240,5644288,49518,18,2026-08-02T19:40:32.771256Z
M3,229,saturated,M3,false,1301.000,1.679,3.010,19.240,39392.311,39629.033,39648.920,78463,89277,13295616,5758976,49520,0,2026-08-02T19:40:32.771256Z
M3,230,saturated,M3,false,1280.000,1.683,2.722,6.562,39372.849,39586.032,39651.705,81032,90639,13549568,5873664,49540,17,2026-08-02T19:40:32.771256Z
M3,231,saturated,M3,false,1315.000,1.737,3.033,6.007,39327.831,39574.302,39616.803,83674,91960,13787136,5988352,49534,0,2026-08-02T19:40:32.771256Z
M3,232,saturated,M3,false,1308.000,1.547,2.625,16.732,39327.583,39540.138,39588.147,86302,93495,14049280,6111232,49517,18,2026-08-02T19:40:32.771256Z
M3,233,saturated,M3,false,1282.000,1.638,2.726,23.650,39300.875,39505.960,39536.224,88874,94815,14262272,6234112,49560,20,2026-08-02T19:40:32.771256Z
M3,234,saturated,M3,false,1383.000,1.575,2.512,3.912,39265.272,39484.601,39511.179,91541,95843,14524416,6348800,49518,9,2026-08-02T19:40:32.771256Z
M3,235,saturated,M3,false,1398.000,1.460,2.478,3.626,39216.714,39445.804,39474.172,94345,97146,14745600,6471680,49540,17,2026-08-02T19:40:32.771256Z
M3,236,saturated,M3,false,1390.000,1.566,2.318,3.068,39120.809,39332.525,39366.845,96984,98573,15007744,6602752,49540,22,2026-08-02T19:40:32.771256Z
M3,237,saturated,M3,false,1434.000,1.285,2.591,3.872,39050.412,39276.091,39317.531,99898,99936,15237120,6717440,49518,0,2026-08-02T19:40:32.771256Z
M3,238,saturated,M3,false,1388.000,1.372,2.795,4.219,38977.907,39207.832,39251.523,102711,101593,15515648,6856704,49547,6,2026-08-02T19:40:32.771256Z
M3,239,saturated,M3,false,1260.000,1.638,4.410,27.662,38934.725,39134.911,39164.419,105251,103017,15761408,6979584,49678,0,2026-08-02T19:40:32.771256Z
M3,240,saturated,M3,false,1300.000,1.509,4.286,6.069,38962.449,39203.092,39232.656,107828,104159,15982592,7086080,49540,0,2026-08-02T19:40:32.771256Z
M3,241,saturated,M3,false,1399.000,1.366,2.633,6.238,38801.776,39043.709,39074.943,110468,105889,16228352,7208960,49540,20,2026-08-02T19:40:32.771256Z
M3,242,saturated,M3,false,1341.000,1.435,4.778,15.893,38332.584,38819.276,38863.664,113298,107437,16498688,7331840,49529,17,2026-08-02T19:40:32.771256Z
M3,243,saturated,M3,false,1348.000,1.466,2.543,9.739,38081.606,38294.332,38319.694,115953,108767,16703488,7446528,49549,0,2026-08-02T19:40:32.771256Z
M3,244,saturated,M3,false,1402.000,1.494,2.619,3.846,38030.467,38252.127,38280.712,118711,110646,16957440,7569408,49578,0,2026-08-02T19:40:32.771256Z
M3,245,saturated,M3,false,1420.000,1.422,2.329,3.923,37928.724,38150.280,38187.725,121431,112077,17211392,7700480,49560,20,2026-08-02T19:40:32.771256Z
M3,246,saturated,M3,false,1360.000,1.561,2.634,4.318,37903.916,38123.522,38151.549,124446,113479,17457152,7815168,49561,0,2026-08-02T19:40:32.771256Z
M3,247,saturated,M3,false,1401.000,1.467,2.450,3.291,37873.862,38096.782,38122.868,127185,114839,17719296,7954432,49541,15,2026-08-02T19:40:32.771256Z
M3,248,saturated,M3,false,1377.000,1.389,2.367,4.667,37861.843,38076.079,38108.393,129994,116221,17956864,8069120,49599,0,2026-08-02T19:40:32.771256Z
M3,249,saturated,M3,false,1366.000,1.595,2.278,2.568,37878.857,38104.338,38130.303,132773,117792,18210816,8183808,49580,21,2026-08-02T19:40:32.771256Z
M3,250,saturated,M3,false,1342.000,1.569,2.955,3.965,37892.041,38114.010,38144.074,135513,119003,18440192,8314880,49565,1,2026-08-02T19:40:32.771256Z
M3,251,saturated,M3,false,1284.000,1.408,3.627,22.495,37848.648,38086.295,38102.512,2312,118505,18620416,8429568,49580,20,2026-08-02T19:41:32.720148Z
M3,252,saturated,M3,false,1365.000,1.406,2.421,14.308,37820.224,38053.416,38080.043,5056,120035,18767872,8519680,49580,3,2026-08-02T19:41:32.720148Z
M3,253,saturated,M3,false,1325.000,1.472,3.418,8.647,37824.737,38042.797,38094.991,7731,121299,18923520,8626176,49600,22,2026-08-02T19:41:32.720148Z
M3,254,saturated,M3,false,1340.000,1.699,2.290,2.810,37794.190,38014.129,38033.967,10435,122626,19079168,8716288,49600,0,2026-08-02T19:41:32.720148Z
M3,255,saturated,M3,false,1382.000,1.540,2.278,4.180,37761.476,37981.658,38001.269,13169,123990,19243008,8806400,49620,0,2026-08-02T19:41:32.720148Z
M3,256,saturated,M3,false,1334.000,1.549,2.315,2.728,37767.752,37983.900,38005.209,414,49558,6037504,2072576,49607,0,2026-08-02T19:41:32.720148Z
M3,257,saturated,M3,false,1364.000,1.602,2.133,2.377,37762.999,37983.246,38010.803,2726,50920,6193152,2203648,49580,0,2026-08-02T19:41:32.720148Z
M3,258,saturated,M3,false,1360.000,1.549,2.046,2.565,37702.297,37962.133,37992.980,5497,52278,6520832,2326528,49620,0,2026-08-02T19:41:32.720148Z
M3,259,saturated,M3,false,1363.000,1.514,2.145,2.510,37466.433,37729.925,37848.307,8123,53638,6709248,2449408,49620,20,2026-08-02T19:41:32.720148Z
M3,260,saturated,M3,false,1297.000,1.778,2.572,3.336,37332.037,37552.594,37567.390,10827,55018,7004160,2596864,49640,0,2026-08-02T19:41:32.720148Z
M3,261,saturated,M3,false,1319.000,1.429,2.349,16.400,37360.344,37589.467,37617.360,13457,56358,7225344,2711552,49600,0,2026-08-02T19:41:32.720148Z
M3,262,saturated,M3,false,1341.000,1.468,2.381,9.978,37357.577,37586.987,37611.333,16092,57678,7471104,2818048,49600,8,2026-08-02T19:41:32.720148Z
M3,263,saturated,M3,false,1260.000,1.475,5.975,14.419,37167.373,37549.007,37599.066,18733,58977,7733248,2957312,49640,0,2026-08-02T19:41:32.720148Z
M3,264,saturated,M3,false,1300.000,1.762,2.639,3.316,36928.148,37146.911,37168.783,21303,60247,7995392,3072000,49620,20,2026-08-02T19:41:32.720148Z
M3,265,saturated,M3,false,1300.000,1.711,2.832,4.071,36930.492,37143.217,37173.498,23933,62091,8257536,3203072,49640,0,2026-08-02T19:41:32.720148Z
M3,266,saturated,M3,false,1360.000,1.650,2.192,2.492,36922.044,37140.982,37163.247,26567,63153,8527872,3325952,49620,0,2026-08-02T19:41:32.720148Z
M3,267,saturated,M3,false,1360.000,1.557,2.121,2.379,36888.993,37100.760,37130.797,29290,64453,8757248,3457024,49620,0,2026-08-02T19:41:32.720148Z
M3,268,saturated,M3,false,1140.000,1.748,2.404,2.670,36882.857,37075.665,37228.551,31994,65813,9003008,3588096,49820,26,2026-08-02T19:41:32.720148Z
M3,269,saturated,M3,false,1320.000,1.526,2.735,3.312,36971.889,37188.222,37217.672,34349,67173,9248768,3686400,49660,15,2026-08-02T19:41:32.720148Z
M3,270,saturated,M3,false,1261.000,1.727,2.419,2.832,36961.547,37182.984,37229.363,36974,68314,9519104,3809280,49680,0,2026-08-02T19:41:32.720148Z
M3,271,saturated,M3,false,1300.000,1.470,5.460,11.877,37022.623,37225.702,37270.412,39534,69378,9756672,3932160,49640,0,2026-08-02T19:41:32.720148Z
M3,272,saturated,M3,false,1261.000,1.747,3.110,11.493,37093.409,37302.700,37319.014,42115,71169,10018816,4055040,49651,0,2026-08-02T19:41:32.720148Z
M3,273,saturated,M3,false,1240.000,1.631,3.273,17.014,37185.763,37406.268,37438.118,44488,71959,10264576,4186112,49680,7,2026-08-02T19:41:32.720148Z
M3,274,saturated,M3,false,1320.000,1.770,2.711,3.829,37277.526,37493.811,37524.210,47029,73160,10526720,4300800,49661,0,2026-08-02T19:41:32.720148Z
M3,275,saturated,M3,false,1316.000,1.554,2.596,8.307,37360.416,37574.917,37605.882,49649,74460,10813440,4415488,49659,20,2026-08-02T19:41:32.720148Z
M3,276,saturated,M3,false,1326.000,1.635,2.676,3.833,37397.271,37615.863,37642.159,52337,75762,11034624,4546560,49679,18,2026-08-02T19:41:32.720148Z
M3,277,saturated,M3,false,1300.000,1.643,2.772,3.873,37386.869,37628.689,37660.024,54999,77357,11304960,4669440,49680,0,2026-08-02T19:41:32.720148Z
M3,278,saturated,M3,false,1241.000,1.772,4.005,7.461,37413.098,37647.416,37676.587,57571,78422,11599872,4816896,49680,16,2026-08-02T19:41:32.720148Z
M3,279,saturated,M3,false,1300.000,1.696,2.597,3.120,37481.757,37701.198,37721.471,60124,79722,11837440,4939776,49700,0,2026-08-02T19:41:32.720148Z
M3,280,saturated,M3,false,1280.000,1.864,2.585,2.972,37502.107,37721.512,37745.452,62741,81238,12083200,5054464,49680,19,2026-08-02T19:41:32.720148Z
M3,281,saturated,M3,false,1081.000,1.304,4.796,194.134,37692.935,37958.217,37988.054,65087,82283,12296192,5152768,49660,0,2026-08-02T19:41:32.720148Z
M3,282,saturated,M3,false,1206.000,1.579,3.684,18.082,37796.681,38086.372,38114.067,67562,83579,12517376,5251072,49701,0,2026-08-02T19:41:32.720148Z
M3,283,saturated,M3,false,930.000,1.707,22.338,71.333,38136.950,38296.137,38311.831,69748,84644,12713984,5349376,49794,19,2026-08-02T19:41:32.720148Z
M3,284,saturated,M3,false,1300.000,1.651,2.540,5.829,38264.637,38479.389,38513.237,71928,85615,12926976,5455872,49700,1,2026-08-02T19:41:32.720148Z
M3,285,saturated,M3,false,1280.000,1.650,2.858,3.372,38311.372,38534.899,38574.145,74524,87440,13197312,5562368,49700,0,2026-08-02T19:41:32.720148Z
M3,286,saturated,M3,false,1104.000,1.703,6.611,10.184,38469.450,38737.380,38774.636,77030,88720,13426688,5693440,49774,34,2026-08-02T19:41:32.720148Z
M3,287,saturated,M3,false,800.000,1.921,16.665,107.595,38619.514,38879.994,38935.371,79261,89901,13639680,5791744,49550,6,2026-08-02T19:41:32.720148Z
M3,288,saturated,M3,false,994.000,1.870,8.880,163.445,39212.288,39472.460,39501.800,80636,90893,13729792,5849088,49699,0,2026-08-02T19:41:32.720148Z
M3,289,saturated,M3,false,1301.000,1.483,3.150,9.181,39287.251,39510.559,39526.848,83040,90893,13991936,5963776,49720,0,2026-08-02T19:41:32.720148Z
M3,290,saturated,M3,false,1393.000,1.454,2.211,2.802,39309.473,39534.264,39558.710,85407,92279,14254080,6078464,49682,5,2026-08-02T19:41:32.720148Z
M3,291,saturated,M3,false,1231.000,1.756,3.324,26.872,39268.222,39530.652,39561.341,88120,94283,14491648,6184960,49699,0,2026-08-02T19:41:32.720148Z
M3,292,saturated,M3,false,1343.000,1.377,2.959,10.540,39305.794,39525.455,39553.242,90675,95542,14721024,6307840,49720,3,2026-08-02T19:41:32.720148Z
M3,293,saturated,M3,false,1242.000,1.699,3.348,11.239,39366.726,39594.984,39619.513,92656,96906,14966784,6422528,49720,21,2026-08-02T19:41:32.720148Z
M3,294,saturated,M3,false,1200.000,1.735,5.267,7.706,39436.004,39699.039,39736.807,95237,98147,15204352,6537216,49760,0,2026-08-02T19:41:32.720148Z
M3,295,saturated,M3,false,1144.000,1.698,7.168,15.170,39566.547,39779.268,39825.142,97654,99388,15450112,6635520,49778,0,2026-08-02T19:41:32.720148Z
M3,296,saturated,M3,false,1359.000,1.451,2.232,2.907,39655.153,39877.409,39903.800,100017,100804,15671296,6750208,49720,6,2026-08-02T19:41:32.720148Z
M3,297,saturated,M3,false,1360.000,1.464,2.689,5.567,39640.985,39865.846,39892.265,102703,101851,15941632,6881280,49720,0,2026-08-02T19:41:32.720148Z
M3,298,saturated,M3,false,1320.000,1.670,2.342,2.933,39673.326,39902.190,39930.305,105411,103211,16187392,6995968,49720,23,2026-08-02T19:41:32.720148Z
M3,299,saturated,M3,false,1360.000,1.589,2.103,3.250,39701.540,39920.506,39949.475,108068,104531,16424960,7118848,49720,0,2026-08-02T19:41:32.720148Z
M3,300,saturated,M3,true,1400.000,1.570,2.258,2.657,39693.563,39910.284,39925.740,110784,105891,16662528,7241728,49680,0,2026-08-02T19:41:32.720148Z
M3,301,saturated,M3,true,1141.000,1.787,5.769,22.198,39698.355,39956.010,39975.464,113439,107251,17072128,7356416,49740,1645,2026-08-02T19:41:32.720148Z
M3,302,saturated,M3,true,1340.000,1.538,2.456,11.288,39722.923,39955.042,39972.333,115924,108707,17563648,7462912,49740,4352,2026-08-02T19:41:32.720148Z
M3,303,saturated,M3,true,1200.000,1.872,4.801,10.479,39754.759,39997.565,40025.259,118581,109792,18038784,7577600,49760,6777,2026-08-02T19:41:32.720148Z
M3,304,saturated,M3,true,1314.000,1.981,2.741,2.997,39770.352,39999.207,40025.152,121039,111012,18505728,7700480,49760,9383,2026-08-02T19:41:32.720148Z
M3,305,saturated,M3,true,1266.000,2.015,2.927,3.480,39786.157,40022.067,40046.626,123664,112312,18980864,7815168,49757,11949,2026-08-02T19:41:32.720148Z
M3,306,saturated,M3,true,1210.000,1.992,2.884,3.685,39849.749,40094.535,40138.589,126197,113589,19472384,7921664,49760,14375,2026-08-02T19:41:32.720148Z
M3,307,saturated,M3,true,1300.000,2.262,3.148,3.421,39931.322,40151.253,40182.886,128656,114802,19939328,8036352,49760,17021,2026-08-02T19:41:32.720148Z
M3,308,saturated,M3,true,1300.000,2.269,3.272,3.665,39961.697,40155.525,40200.846,131275,116102,20455424,8151040,49771,19627,2026-08-02T19:41:32.720148Z
M3,309,saturated,M3,true,1322.000,2.329,3.334,3.663,39837.173,40066.966,40097.039,133893,117413,20938752,8265728,49780,22277,2026-08-02T19:41:32.720148Z
M3,310,saturated,M3,true,1260.000,2.544,4.048,6.070,39847.299,40071.918,40089.084,136512,118724,21422080,8388608,49780,24850,2026-08-02T19:41:32.720148Z
M3,311,saturated,M3,true,1224.000,2.518,3.981,11.991,39878.514,40095.576,40125.382,26669,120687,21569536,8503296,49780,27309,2026-08-02T19:42:32.770795Z
M3,312,saturated,M3,true,1240.000,2.614,4.737,10.908,39919.264,40137.784,40167.073,29110,121909,21708800,8609792,49779,29766,2026-08-02T19:42:32.770795Z
M3,313,saturated,M3,true,1260.000,2.565,4.092,7.539,39891.423,40121.956,40138.773,31595,123150,21856256,8724480,49780,32312,2026-08-02T19:42:32.770795Z
M3,314,saturated,M3,true,1257.000,2.794,4.536,5.567,39913.083,40140.111,40176.038,34165,124156,22003712,8847360,49820,34878,2026-08-02T19:42:32.770795Z
M3,315,saturated,M3,true,1286.000,2.645,4.099,6.912,39964.844,40186.983,40204.344,36674,125436,22151168,8962048,49777,37371,2026-08-02T19:42:32.770795Z
M3,316,saturated,M3,true,1167.000,3.046,6.081,8.249,39976.376,40192.438,40226.320,39252,126696,22306816,9076736,49876,39940,2026-08-02T19:42:32.770795Z
M3,317,saturated,M3,true,836.000,3.662,12.559,15.768,40291.006,40513.558,40562.468,41461,127961,22421504,9150464,49951,41831,2026-08-02T19:42:32.770795Z
M3,318,saturated,M3,true,1002.000,3.958,16.039,23.377,40583.476,40813.404,40846.446,43277,128873,22708224,9232384,49801,43554,2026-08-02T19:42:32.770795Z
M3,319,saturated,M3,true,1259.000,2.631,6.299,7.724,40693.627,40916.945,40932.655,45335,129712,23109632,9347072,49780,45935,2026-08-02T19:42:32.770795Z
M3,320,saturated,M3,true,1228.000,3.218,4.654,5.138,40698.192,40919.902,40952.891,47924,130951,23609344,9469952,49816,48521,2026-08-02T19:42:32.770795Z
M3,321,saturated,M3,true,1228.000,2.949,5.333,10.450,40733.768,40975.163,41010.227,50420,132738,24002560,9584640,49793,50909,2026-08-02T19:42:32.770795Z
M3,322,saturated,M3,true,1216.000,2.905,7.142,15.675,40606.427,40838.400,40891.088,52857,133432,24461312,9699328,49800,53387,2026-08-02T19:42:32.770795Z
M3,323,saturated,M3,true,1203.000,2.943,9.227,19.885,40650.893,40863.273,40914.382,55299,134655,24895488,9814016,49805,55769,2026-08-02T19:42:32.770795Z
M3,324,saturated,M3,true,1221.000,3.520,5.377,6.548,40411.671,40632.746,40681.667,57712,135859,25362432,9936896,49820,58268,2026-08-02T19:42:32.770795Z
M3,325,saturated,M3,true,744.000,4.533,24.835,100.819,40507.093,40843.420,40867.274,60088,137099,25829376,10035200,49917,60094,2026-08-02T19:42:32.770795Z
M3,326,saturated,M3,true,1189.000,3.417,6.498,12.172,40922.691,41135.487,41168.558,61634,137937,26099712,10117120,49840,62196,2026-08-02T19:42:32.770795Z
M3,327,saturated,M3,true,1201.000,3.393,7.805,11.204,40935.030,41158.856,41194.006,64059,139307,26566656,10240000,49860,64615,2026-08-02T19:42:32.770795Z
M3,328,saturated,M3,true,1193.000,3.689,7.108,9.730,40571.444,41126.018,41155.215,66410,140255,27025408,10354688,49843,66995,2026-08-02T19:42:32.770795Z
M3,329,saturated,M3,true,1170.000,3.160,7.413,38.170,40349.267,40619.600,40656.596,68893,141438,27500544,10477568,49867,69483,2026-08-02T19:42:32.770795Z
M3,330,saturated,M3,true,845.000,3.190,32.071,75.258,40395.071,40687.408,40706.610,71194,142637,27910144,10559488,49968,71390,2026-08-02T19:42:32.770795Z
M3,331,saturated,M3,true,815.000,4.252,29.263,54.229,40998.792,41177.757,41201.424,72768,143839,28164096,10641408,49879,72757,2026-08-02T19:42:32.770795Z
M3,332,saturated,M3,true,1216.000,2.645,6.836,19.167,41216.541,41463.609,41520.012,74634,144570,28606464,10739712,49811,75044,2026-08-02T19:42:32.770795Z
M3,333,saturated,M3,true,1282.000,2.419,3.986,8.921,41230.366,41468.969,41496.162,77068,145980,29073408,10854400,49820,77625,2026-08-02T19:42:32.770795Z
M3,334,saturated,M3,true,1245.000,3.068,4.853,5.854,41263.977,41486.581,41517.198,79671,146754,29548544,10985472,49860,80195,2026-08-02T19:42:32.770795Z
M3,335,saturated,M3,true,984.000,3.097,22.730,82.084,41395.216,41664.738,41697.077,82035,148039,29900800,11083776,49880,82323,2026-08-02T19:42:32.770795Z
M3,336,saturated,M3,true,1190.000,3.062,8.243,13.468,41532.740,41745.373,41781.707,84033,149043,30359552,11190272,49840,84523,2026-08-02T19:42:32.770795Z
M3,337,saturated,M3,true,1173.000,2.998,8.174,10.340,41466.324,41703.289,41731.865,86509,150193,30826496,11313152,49917,87022,2026-08-02T19:42:32.770795Z
M3,338,saturated,M3,true,1166.000,3.361,6.243,10.632,41594.889,41842.324,41885.449,88767,151443,31260672,11419648,49880,89245,2026-08-02T19:42:32.770795Z
M3,339,saturated,M3,true,1247.000,3.188,5.012,5.971,41724.642,41949.808,41983.164,91196,152552,31711232,11542528,49847,91699,2026-08-02T19:42:32.770795Z
M3,340,saturated,M3,true,1179.000,3.541,5.478,7.153,41774.003,42010.457,42046.377,93743,154296,32186368,11657216,49880,94189,2026-08-02T19:42:32.770795Z
M3,341,saturated,M3,true,1254.000,3.105,6.056,15.753,41889.676,42117.014,42156.658,96173,155661,32653312,11763712,49852,96603,2026-08-02T19:42:32.770795Z
M3,342,saturated,M3,true,1143.000,3.303,6.036,18.267,41918.666,42153.271,42179.900,98652,156882,33062912,11870208,49931,99077,2026-08-02T19:42:32.770795Z
M3,343,saturated,M3,true,1048.000,3.145,14.030,90.725,42100.585,42297.009,42327.050,100908,157957,33513472,11960320,49935,101209,2026-08-02T19:42:32.770795Z
M3,344,saturated,M3,true,952.000,3.660,19.855,81.277,42333.703,42648.393,42675.897,102822,158484,33832960,12058624,49854,102959,2026-08-02T19:42:32.770795Z
M3,345,saturated,M3,true,1220.000,3.425,5.897,7.188,42498.138,42717.632,42750.029,104968,159998,34291712,12156928,49880,105450,2026-08-02T19:42:32.770795Z
M3,346,saturated,M3,true,1298.000,3.011,4.893,5.694,42509.896,42733.257,42764.598,107458,159998,34758656,12279808,49860,108012,2026-08-02T19:42:32.770795Z
M3,347,saturated,M3,true,1203.000,3.064,8.822,16.549,42471.752,42704.695,42719.972,110098,161241,35241984,12394496,49917,110552,2026-08-02T19:42:32.770795Z
M3,348,saturated,M3,true,1215.000,3.457,7.270,14.925,42584.709,42813.865,42831.063,112424,162553,35676160,12509184,49880,112860,2026-08-02T19:42:32.770795Z
M3,349,saturated,M3,true,1300.000,2.980,6.003,7.423,42548.923,42781.970,42825.873,115003,163719,36184064,12632064,49881,115492,2026-08-02T19:42:32.770795Z
M3,350,saturated,M3,true,1270.000,2.797,6.828,10.057,42573.003,42798.384,42824.244,117435,165012,36651008,12738560,49869,118017,2026-08-02T19:42:32.770795Z
M3,351,saturated,M3,true,1148.000,4.114,7.836,11.442,42610.775,42857.917,42907.161,120009,166890,37109760,12845056,49896,120401,2026-08-02T19:42:32.770795Z
M3,352,saturated,M3,true,1198.000,3.121,7.748,12.760,42702.943,42955.393,42998.054,122404,168063,37552128,12951552,49891,122773,2026-08-02T19:42:32.770795Z
M3,353,saturated,M3,true,1180.000,3.203,6.260,44.315,42827.359,43067.971,43087.361,124704,169252,38010880,13058048,49880,125122,2026-08-02T19:42:32.770795Z
M3,354,saturated,M3,true,1157.000,3.252,6.049,7.669,42830.160,43031.937,43133.347,127235,170427,38486016,13172736,49957,127670,2026-08-02T19:42:32.770795Z
M3,355,saturated,M3,true,1197.000,3.064,6.422,17.372,42901.302,43118.888,43151.555,129527,171651,38887424,13271040,49907,129900,2026-08-02T19:42:32.770795Z
M3,356,saturated,M3,true,1207.000,2.675,11.116,27.012,42865.494,43126.101,43167.515,132012,172800,39337984,13385728,49902,132313,2026-08-02T19:42:32.770795Z
M3,357,saturated,M3,true,1027.000,3.797,13.643,79.748,43102.289,43382.416,43410.961,133955,174010,39731200,13467648,49912,134375,2026-08-02T19:42:32.770795Z
M3,358,saturated,M3,true,1392.000,2.534,4.859,6.443,43103.416,43332.992,43366.097,136542,175043,40222720,13590528,49890,137093,2026-08-02T19:42:32.770795Z
M3,359,saturated,M3,true,1370.000,2.535,5.181,6.188,43035.644,43267.699,43288.011,139284,176413,40738816,13713408,49884,139835,2026-08-02T19:42:32.770795Z
M3,360,saturated,M3,true,1399.000,2.452,4.617,6.184,42621.942,43167.457,43205.635,142103,177777,41287680,13836288,49900,142698,2026-08-02T19:42:32.770795Z
M3,361,saturated,M3,true,1305.000,2.601,6.907,16.649,42180.164,42414.223,42432.289,144880,177777,41795584,13950976,49900,145310,2026-08-02T19:42:32.770795Z
M3,362,saturated,M3,true,1351.000,2.537,5.484,15.219,42157.779,42392.312,42414.068,147511,179901,42295296,14065664,49900,147989,2026-08-02T19:42:32.770795Z
M3,363,saturated,M3,true,1340.000,2.740,6.205,13.569,42116.745,42331.795,42366.465,150155,181201,42778624,14188544,49909,150684,2026-08-02T19:42:32.770795Z
M3,364,saturated,M3,true,1301.000,3.144,6.275,7.561,42031.265,42255.467,42281.425,152785,182490,43270144,14311424,49896,153275,2026-08-02T19:42:32.770795Z
M3,365,saturated,M3,true,1104.000,2.787,7.695,15.767,41881.175,42160.329,42188.577,155532,183813,43745280,14434304,49473,155769,2026-08-02T19:42:32.770795Z
M3,366,saturated,M3,true,1256.000,2.902,5.845,7.770,42035.364,42279.880,42316.496,157618,185167,44187648,14532608,49920,158074,2026-08-02T19:42:32.770795Z
M3,367,saturated,M3,true,1380.000,2.829,5.347,7.087,41766.595,42198.550,42244.056,160271,186221,44679168,14647296,49912,160793,2026-08-02T19:42:32.770795Z
M3,368,saturated,M3,true,1398.000,2.604,4.843,6.478,41403.335,41665.579,41704.671,163094,187549,45211648,14778368,49920,163607,2026-08-02T19:42:32.770795Z
M3,369,saturated,M3,true,1323.000,2.866,6.455,9.408,41232.082,41491.115,41526.952,165834,188949,45727744,14893056,49915,166296,2026-08-02T19:42:32.770795Z
M3,370,saturated,M3,true,1404.000,2.823,4.664,6.317,41130.463,41355.455,41395.305,169395,189076,46211072,15007744,49919,169073,2026-08-02T19:43:32.648663Z
M3,371,saturated,M3,true,1341.000,2.813,6.184,12.368,40851.433,41191.704,41226.203,171309,191159,46710784,15147008,49914,171759,2026-08-02T19:43:32.903050Z
M3,372,saturated,M3,true,1337.000,2.589,6.324,17.698,40276.247,40675.776,40709.725,174083,192548,47341568,15261696,49919,174502,2026-08-02T19:43:32.903050Z
M3,373,saturated,M3,true,1305.000,2.721,7.194,14.500,40158.001,40382.601,40426.053,176590,193938,47808512,15376384,49930,177103,2026-08-02T19:43:32.903050Z
M3,374,saturated,M3,true,1295.000,2.787,5.898,29.903,40098.884,40349.242,40386.375,179321,195138,48300032,15491072,49920,179680,2026-08-02T19:43:32.903050Z
M3,375,saturated,M3,true,1383.000,2.940,5.202,6.514,39999.456,40289.840,40336.488,181935,196564,48799744,15622144,49917,182445,2026-08-02T19:43:32.903050Z
M3,376,saturated,M3,true,1226.000,2.897,5.823,8.260,39768.431,40030.223,40063.577,184497,197820,49266688,15720448,49920,184915,2026-08-02T19:43:32.903050Z
M3,377,saturated,M3,true,1384.000,3.019,4.956,6.159,39677.522,39907.517,39949.715,187250,199298,49872896,15851520,49917,187685,2026-08-02T19:43:32.903050Z
M3,378,saturated,M3,true,1366.000,2.943,5.203,8.492,39486.418,39707.934,39739.405,190023,200704,50438144,15966208,49920,190432,2026-08-02T19:43:32.903050Z
M3,379,saturated,M3,true,1441.000,2.804,3.830,4.748,39346.254,39597.791,39638.608,192832,202078,50929664,16121856,49916,193310,2026-08-02T19:43:32.903050Z
M3,380,saturated,M3,true,1412.000,2.917,4.465,5.346,39181.701,39404.484,39433.527,195693,203469,51429376,16244736,49920,196151,2026-08-02T19:43:32.903050Z
M3,381,saturated,M3,true,1345.000,3.021,6.279,12.519,39018.820,39282.749,39302.438,198499,204898,51920896,16375808,49922,198851,2026-08-02T19:43:32.903050Z
M3,382,saturated,M3,true,875.000,4.000,11.610,64.490,38968.117,39339.211,39367.835,200859,206579,52396032,16482304,49685,200848,2026-08-02T19:43:32.903050Z
M3,383,saturated,M3,true,965.000,3.992,29.825,76.739,39077.258,39299.694,39331.497,202606,207343,52666368,16572416,49775,202665,2026-08-02T19:43:32.903050Z
M3,384,saturated,M3,true,1356.000,3.278,5.832,10.440,39017.462,39244.507,39275.205,204812,208583,53182464,16678912,49927,205264,2026-08-02T19:43:32.903050Z
M3,385,saturated,M3,true,1334.000,3.307,5.921,8.621,38932.666,39150.726,39183.730,207554,209907,53723136,16818176,49930,207952,2026-08-02T19:43:32.903050Z
M3,386,saturated,M3,true,1356.000,3.119,4.154,4.653,38861.727,39109.116,39141.880,210312,211501,54255616,16941056,49537,210766,2026-08-02T19:43:32.903050Z
M3,387,saturated,M3,true,1244.000,3.219,5.536,7.977,38842.084,39049.425,39084.312,212722,212908,54665216,17063936,49932,213154,2026-08-02T19:43:32.903050Z
M3,388,saturated,M3,true,1388.000,3.294,4.471,5.267,38739.542,38971.237,39013.050,215520,214354,55214080,17186816,49936,215950,2026-08-02T19:43:32.903050Z
M3,389,saturated,M3,true,1370.000,3.381,4.794,6.833,38639.247,38856.350,38875.301,218291,215748,55705600,17309696,49938,218701,2026-08-02T19:43:32.903050Z
M3,390,saturated,M3,true,1380.000,3.450,4.789,5.629,38522.540,38769.800,38808.384,221049,217296,56197120,17440768,49931,221453,2026-08-02T19:43:32.903050Z
M3,391,saturated,M3,true,1253.000,3.811,7.976,14.417,38413.487,38650.040,38686.448,223709,218657,56680448,17563648,49937,223989,2026-08-02T19:43:32.903050Z
M3,392,saturated,M3,true,1251.000,3.758,7.831,18.158,38320.686,38537.606,38580.215,226230,218657,57155584,17694720,49940,226490,2026-08-02T19:43:32.903050Z
M3,393,saturated,M3,true,1203.000,4.027,8.188,21.456,38357.094,38570.075,38607.214,228602,219917,57622528,17801216,49943,228916,2026-08-02T19:43:32.903050Z
M3,394,saturated,M3,true,1320.000,3.933,5.481,6.701,38239.672,38460.854,38484.929,231212,221064,58097664,17932288,49941,231559,2026-08-02T19:43:32.903050Z
M3,395,saturated,M3,true,1299.000,4.005,6.466,8.582,38063.392,38351.951,38393.025,233842,222611,58580992,18063360,49943,234159,2026-08-02T19:43:32.903050Z
M3,396,saturated,M3,true,1319.000,3.955,5.672,6.894,37956.579,38171.625,38205.768,236475,223938,59121664,18178048,49942,236808,2026-08-02T19:43:32.903050Z
M3,397,saturated,M3,true,1188.000,4.039,6.210,7.892,38065.773,38307.293,38343.629,238888,225234,59547648,18292736,49944,239187,2026-08-02T19:43:32.903050Z
M3,398,saturated,M3,true,1255.000,4.208,7.601,13.880,38165.795,38397.163,38423.425,241394,226688,60022784,18415616,49948,241706,2026-08-02T19:43:32.903050Z
M3,399,saturated,M3,true,1279.000,4.173,6.392,8.572,38282.863,38504.374,38544.604,243851,227938,60514304,18538496,49947,244280,2026-08-02T19:43:32.903050Z
M3,400,saturated,M3,true,1118.000,5.423,10.097,14.450,38328.209,38550.523,38579.554,246231,229235,60973056,18636800,49953,246554,2026-08-02T19:43:32.903050Z
M3,401,saturated,M3,true,1018.000,6.027,13.348,28.601,38525.849,38817.422,38860.147,248384,230433,61382656,18735104,49951,248574,2026-08-02T19:43:32.903050Z
M3,402,saturated,M3,true,577.000,7.966,68.918,110.932,38949.808,39139.559,39168.989,249933,231503,61636608,18817024,49695,249850,2026-08-02T19:43:32.903050Z
M3,403,saturated,M3,true,879.000,6.993,20.419,60.738,39441.749,39738.152,39776.175,251317,232107,61923328,18882560,49954,251511,2026-08-02T19:43:32.903050Z
M3,404,saturated,M3,true,1266.000,4.441,6.881,7.954,39564.331,39787.670,39826.575,253415,233589,62382080,18989056,49951,254023,2026-08-02T19:43:32.903050Z
M3,405,saturated,M3,true,1176.000,5.024,8.581,11.205,39563.819,39822.648,39860.328,255898,234737,62816256,19087360,49956,256395,2026-08-02T19:43:32.903050Z
M3,406,saturated,M3,true,1170.000,5.330,8.320,11.201,39573.824,39800.207,39840.782,258196,234737,63258624,19193856,49956,258728,2026-08-02T19:43:32.903050Z
M3,407,saturated,M3,true,1192.000,5.031,8.068,11.451,39708.435,39948.584,39990.492,260585,235972,63717376,19300352,49955,261121,2026-08-02T19:43:32.903050Z
M3,408,saturated,M3,true,1222.000,4.924,7.486,8.631,39812.699,40037.110,40064.076,263021,237678,64167936,19415040,49955,263581,2026-08-02T19:43:32.903050Z
M3,409,saturated,M3,true,1058.000,5.019,8.387,12.135,40006.095,40255.636,40292.038,265227,238891,64552960,19513344,49957,265717,2026-08-02T19:43:32.903050Z
M3,410,saturated,M3,true,1141.000,5.607,9.609,12.615,40182.405,40445.269,40489.036,267535,239964,65011712,19603456,49961,267995,2026-08-02T19:43:32.903050Z
M3,411,saturated,M3,true,1016.000,6.357,12.677,23.357,40357.687,40590.186,40624.959,269716,241192,65413120,19709952,49967,270076,2026-08-02T19:43:32.903050Z
M3,412,saturated,M3,true,1031.000,6.110,12.697,26.650,40649.345,40947.755,40986.271,271759,242470,65765376,19791872,49961,272114,2026-08-02T19:43:32.903050Z
M3,413,saturated,M3,true,1083.000,5.733,10.694,19.098,40891.564,41152.027,41190.191,273826,243241,66183168,19890176,49967,274276,2026-08-02T19:43:32.903050Z
M3,414,saturated,M3,true,1171.000,5.378,8.444,10.330,40972.793,41196.204,41216.691,276030,244582,66633728,20004864,49964,276626,2026-08-02T19:43:32.903050Z
M3,415,saturated,M3,true,1125.000,5.790,8.996,10.858,41166.593,41423.017,41463.411,278220,245751,67059712,20094976,49969,278890,2026-08-02T19:43:32.903050Z
M3,416,saturated,M3,true,1071.000,6.447,10.293,13.303,41290.583,41508.687,41538.917,280418,247136,67452928,20193280,49964,281041,2026-08-02T19:43:32.903050Z
M3,417,saturated,M3,true,1125.000,5.729,9.683,13.109,41454.434,41723.226,41760.929,282628,248256,67870720,20299776,49968,283290,2026-08-02T19:43:32.903050Z
M3,418,saturated,M3,true,1116.000,5.825,9.667,14.743,41552.722,41816.111,41855.910,284874,249332,68313088,20398080,49966,285528,2026-08-02T19:43:32.903050Z
M3,419,saturated,M3,true,1130.000,5.726,9.122,11.523,41768.354,41996.255,42036.156,287129,249332,68730880,20496384,49966,287796,2026-08-02T19:43:32.903050Z
M3,420,saturated,M3,true,1099.000,5.901,9.786,13.914,41904.230,42158.687,42198.382,289385,250495,69132288,20594688,49676,290032,2026-08-02T19:43:32.903050Z
M3,421,saturated,M3,true,998.000,6.181,12.242,45.996,42225.349,42494.430,42529.621,291298,252130,69533696,20684800,49969,292010,2026-08-02T19:43:32.903050Z
M3,422,saturated,M3,true,837.000,6.688,29.099,71.185,42542.374,42938.871,42965.076,293124,253169,69844992,20766720,49968,293696,2026-08-02T19:43:32.903050Z
M3,423,saturated,M3,true,1031.000,6.275,12.974,21.362,42881.617,43138.429,43180.952,294970,253169,70230016,20832256,49969,295755,2026-08-02T19:43:32.903050Z
M3,424,saturated,M3,true,1052.000,6.633,11.063,14.717,43167.338,43464.403,43502.620,297116,254471,70623232,20946944,49971,297880,2026-08-02T19:43:32.903050Z
M3,425,saturated,M3,true,1090.000,6.227,10.645,13.689,43328.014,43544.472,43585.348,299248,255835,71032832,21037056,49969,300052,2026-08-02T19:43:32.903050Z
M3,426,saturated,M3,true,1041.000,6.061,10.595,17.596,43231.356,43631.244,43667.280,301458,256641,71434240,21135360,49484,302270,2026-08-02T19:43:32.903050Z
M3,427,saturated,M3,true,1117.000,6.157,10.211,19.652,43117.999,43367.263,43405.328,303572,257731,71852032,21233664,49930,304395,2026-08-02T19:43:32.903050Z
M3,428,saturated,M3,true,1069.000,6.211,11.009,16.075,43286.883,43519.159,43545.455,305778,259344,72253440,21331968,49978,306543,2026-08-02T19:43:32.903050Z
M3,429,saturated,M3,true,1066.000,6.434,10.653,16.456,43498.744,43733.382,43776.874,307952,260668,72646656,21422080,49981,308689,2026-08-02T19:43:32.903050Z
M3,430,saturated,M3,true,1026.000,7.084,12.011,15.316,43766.759,43966.579,43991.026,308995,261434,73056256,21520384,49457,310760,2026-08-02T19:44:32.681903Z
M3,431,saturated,M3,true,984.000,6.712,14.844,25.221,43918.750,44084.516,44121.275,311800,257779,73367552,21602304,49979,312718,2026-08-02T19:44:33.059668Z
M3,432,saturated,M3,true,986.000,6.816,14.617,24.810,44197.011,44489.593,44527.330,313791,258253,73834496,21692416,49984,314700,2026-08-02T19:44:33.059668Z
M3,433,saturated,M3,true,963.000,6.816,13.924,32.276,44482.985,44792.974,44832.153,315693,258253,74104832,21766144,49980,316629,2026-08-02T19:44:33.059668Z
M3,434,saturated,M3,true,1019.000,6.965,12.005,18.903,44759.150,44984.168,45025.079,317713,259690,74555392,21856256,49748,318682,2026-08-02T19:44:33.059668Z
M3,435,saturated,M3,true,998.000,7.442,12.635,16.234,45022.848,45311.878,45353.192,319740,260991,74891264,21954560,49493,320683,2026-08-02T19:44:33.059668Z
M3,436,saturated,M3,true,1025.000,7.365,11.636,14.273,45295.991,45516.356,45538.057,321552,261731,75276288,22044672,49982,322722,2026-08-02T19:44:33.059668Z
M3,437,saturated,M3,true,1067.000,6.647,11.092,14.409,45470.021,45692.816,45727.676,323649,263244,75726848,22142976,49961,324867,2026-08-02T19:44:33.059668Z
M3,438,saturated,M3,true,1039.000,7.005,12.046,14.291,45662.937,45889.082,45926.181,325779,264312,76062720,22233088,49463,326957,2026-08-02T19:44:33.059668Z
M3,439,saturated,M3,true,1045.000,7.029,11.242,15.180,45756.703,45981.316,46021.465,327876,265357,76464128,22323200,49470,329054,2026-08-02T19:44:33.059668Z
M3,440,saturated,M3,true,1042.000,6.824,11.566,15.806,45915.315,46170.710,46217.032,329965,266917,76906496,22421504,49972,331145,2026-08-02T19:44:33.059668Z
M3,441,saturated,M3,true,982.000,6.943,14.467,32.790,46194.721,46477.956,46515.747,332043,267951,77242368,22511616,49979,333115,2026-08-02T19:44:33.059668Z
M3,442,saturated,M3,true,986.000,7.004,14.762,23.254,46375.067,46607.374,46646.090,334024,267951,77635584,22609920,49523,335090,2026-08-02T19:44:33.059668Z
M3,443,saturated,M3,true,916.000,8.028,15.341,30.263,46693.469,46980.277,47020.671,335945,268948,77963264,22675456,49528,336949,2026-08-02T19:44:33.059668Z
M3,444,saturated,M3,true,1025.000,7.159,12.407,15.246,46875.837,47103.425,47125.273,337741,270122,78356480,22773760,49978,338986,2026-08-02T19:44:33.059668Z
M3,445,saturated,M3,true,1013.000,7.359,12.468,16.472,47060.301,47302.373,47344.940,339718,271351,78823424,22872064,49486,341023,2026-08-02T19:44:33.059668Z
M3,446,saturated,M3,true,965.000,7.575,13.293,19.491,47279.922,47515.714,47537.460,341712,272363,79159296,22970368,49494,342958,2026-08-02T19:44:33.059668Z
M3,447,saturated,M3,true,1012.000,7.378,12.225,16.026,47501.278,47769.034,47807.323,343693,273331,79568896,23060480,49737,344985,2026-08-02T19:44:33.059668Z
M3,448,saturated,M3,true,982.000,7.621,13.206,18.050,47669.384,47903.914,47952.222,345707,274343,79880192,23150592,49500,346960,2026-08-02T19:44:33.059668Z
M3,449,saturated,M3,true,1005.000,7.422,12.596,15.262,47735.471,47957.333,47985.986,347697,275325,80322560,23240704,49488,348979,2026-08-02T19:44:33.059668Z
M3,450,saturated,M3,true,988.000,7.616,13.344,18.883,47336.274,47713.640,47753.533,349705,276830,80625664,23339008,49500,350956,2026-08-02T19:44:33.059668Z
M3,451,saturated,M3,true,792.000,9.043,24.170,38.558,47233.283,47464.853,47514.143,351602,277575,81018880,23420928,49682,352568,2026-08-02T19:44:33.059668Z
M3,452,saturated,M3,true,811.000,9.497,20.118,33.555,47643.692,47971.513,48013.420,353166,278545,81297408,23494656,49616,354200,2026-08-02T19:44:33.059668Z
M3,453,saturated,M3,true,705.000,9.672,26.498,88.469,48044.703,48456.424,48493.682,354766,278545,81551360,23568384,49668,355615,2026-08-02T19:44:33.059668Z
M3,454,saturated,M3,true,620.000,9.940,58.044,125.012,48461.155,48745.507,48783.648,356053,279304,81788928,23625728,49696,356874,2026-08-02T19:44:33.059668Z
M3,455,saturated,M3,true,831.000,9.759,18.494,24.979,48833.141,49077.331,49128.206,357402,280253,82051072,23699456,49565,358510,2026-08-02T19:44:33.059668Z
M3,456,saturated,M3,true,893.000,9.087,15.768,18.905,49147.818,49429.215,49467.085,359108,281082,82468864,23789568,49542,360300,2026-08-02T19:44:33.059668Z
M3,457,saturated,M3,true,823.000,9.958,17.273,21.765,49354.761,49631.668,49667.430,360862,282404,82731008,23863296,49599,361975,2026-08-02T19:44:33.059668Z
M3,458,saturated,M3,true,722.000,11.815,25.380,38.128,49772.215,50009.585,50030.851,362434,282801,82984960,23945216,49609,363416,2026-08-02T19:44:33.059668Z
M3,459,saturated,M3,true,784.000,10.938,19.794,25.053,50141.977,50374.204,50423.856,363886,283774,83320832,24018944,49578,364966,2026-08-02T19:44:33.059668Z
M3,460,saturated,M3,true,828.000,10.019,18.605,25.258,50331.214,50569.888,50606.263,365518,283774,83664896,24100864,49591,366644,2026-08-02T19:44:33.059668Z
M3,461,saturated,M3,true,580.000,13.980,39.780,98.679,50760.158,50970.416,51012.277,367009,284731,83910656,24158208,49746,367826,2026-08-02T19:44:33.059668Z
M3,462,saturated,M3,true,641.000,9.917,48.052,90.702,51105.310,51465.755,51505.826,368297,285722,84148224,24215552,49787,369120,2026-08-02T19:44:33.059668Z
M3,463,saturated,M3,true,818.000,9.339,20.672,45.536,51524.924,51768.530,51804.681,369621,286365,84402176,24272896,49555,370731,2026-08-02T19:44:33.059668Z
M3,464,saturated,M3,true,957.000,8.349,13.673,16.454,51646.365,51870.145,51888.354,371406,287438,84762624,24363008,49526,372640,2026-08-02T19:44:33.059668Z
M3,465,saturated,M3,true,938.000,8.353,15.062,18.740,51718.645,51965.495,52000.484,373331,288392,85114880,24444928,49546,374532,2026-08-02T19:44:33.059668Z
M3,466,saturated,M3,true,941.000,8.513,14.968,18.745,51861.798,52117.568,52160.608,375206,289331,85467136,24526848,49535,376412,2026-08-02T19:44:33.059668Z
M3,467,saturated,M3,true,935.000,8.252,15.286,20.049,52091.747,52351.346,52388.952,377097,290492,85819392,24608768,49544,378282,2026-08-02T19:44:33.059668Z
M3,468,saturated,M3,true,941.000,8.287,14.745,19.215,52262.378,52480.991,52509.347,378983,291429,86196224,24690688,49541,380169,2026-08-02T19:44:33.059668Z
M3,469,saturated,M3,true,926.000,8.485,14.782,19.775,52356.048,52602.304,52640.098,380854,292349,86548480,24788992,49533,382026,2026-08-02T19:44:33.059668Z
M3,470,saturated,M3,true,887.000,8.479,14.664,36.719,52562.485,52791.006,52830.472,382732,293296,86835200,24870912,49594,383850,2026-08-02T19:44:33.059668Z
M3,471,saturated,M3,true,749.000,10.740,22.298,63.575,52820.317,53033.478,53067.452,384367,294111,87154688,24944640,49658,385333,2026-08-02T19:44:33.059668Z
M3,472,saturated,M3,true,832.000,9.481,18.102,53.076,53132.551,53457.976,53494.181,385958,294111,87506944,25018368,49638,386989,2026-08-02T19:44:33.059668Z
M3,473,saturated,M3,true,824.000,9.296,18.575,43.371,53381.473,53660.026,53698.628,387502,294920,87752704,25083904,49557,388649,2026-08-02T19:44:33.059668Z
M3,474,saturated,M3,true,904.000,8.915,15.463,20.197,53645.088,53877.695,53897.005,389253,295664,88121344,25174016,49561,390453,2026-08-02T19:44:33.059668Z
M3,475,saturated,M3,true,882.000,9.264,17.031,22.879,53771.685,53992.690,54011.800,391052,296571,88457216,25255936,49568,392226,2026-08-02T19:44:33.059668Z
M3,476,saturated,M3,true,902.000,9.063,15.698,20.958,53766.197,54018.680,54063.426,392839,297719,88760320,25346048,49564,394040,2026-08-02T19:44:33.059668Z
M3,477,saturated,M3,true,881.000,9.350,17.287,21.863,53775.972,53997.223,54019.784,394646,298806,89145344,25411584,49568,395801,2026-08-02T19:44:33.059668Z
M3,478,saturated,M3,true,898.000,9.026,15.345,17.811,53965.761,54218.774,54249.010,396432,299684,89432064,25485312,49566,397605,2026-08-02T19:44:33.059668Z
M3,479,saturated,M3,true,870.000,9.801,16.750,20.106,54160.300,54425.920,54465.503,398215,300587,89808896,25575424,49582,399358,2026-08-02T19:44:33.059668Z
M3,480,saturated,M3,true,738.000,10.355,29.003,37.592,54310.778,54590.047,54620.380,399901,301461,90112000,25649152,49671,400845,2026-08-02T19:44:33.059668Z
M3,481,saturated,M3,true,827.000,9.414,18.945,46.033,54692.574,54943.441,54983.226,401434,302636,90374144,25714688,49625,402496,2026-08-02T19:44:33.059668Z
M3,482,saturated,M3,true,783.000,10.508,22.902,29.088,54848.948,55109.282,55166.313,402981,302636,90652672,25780224,49653,404071,2026-08-02T19:44:33.059668Z
M3,483,saturated,M3,true,813.000,9.926,20.116,34.297,55222.949,55459.697,55498.408,404606,303447,90988544,25862144,49578,405693,2026-08-02T19:44:33.059668Z
M3,484,saturated,M3,true,750.000,9.943,21.593,69.922,55477.212,55767.691,55795.561,406111,304183,91299840,25919488,49580,407202,2026-08-02T19:44:33.059668Z
M3,485,saturated,M3,true,808.000,10.101,19.152,29.112,55766.877,55979.175,55997.848,407706,304939,91561984,25993216,49616,408823,2026-08-02T19:44:33.059668Z
M3,486,saturated,M3,true,866.000,9.739,18.080,21.190,55896.033,56136.388,56176.546,409404,306182,91881472,26083328,49592,410557,2026-08-02T19:44:33.059668Z
M3,487,saturated,M3,true,865.000,9.600,16.867,20.618,56091.748,56354.899,56391.298,411155,307050,92250112,26157056,49598,412299,2026-08-02T19:44:33.059668Z
M3,488,saturated,M3,true,875.000,9.588,16.033,22.148,56212.543,56443.356,56483.416,412898,307918,92520448,26222592,49588,414049,2026-08-02T19:44:33.059668Z
M3,489,saturated,M3,true,862.000,9.541,17.545,23.033,56305.261,56519.604,56558.636,414647,308791,92897280,26312704,49593,415778,2026-08-02T19:44:33.059668Z
M3,490,saturated,M3,true,845.000,10.229,17.228,21.174,56379.085,56641.315,56678.618,416281,308720,93208576,26386432,49607,417475,2026-08-02T19:45:32.758435Z
M3,491,saturated,M3,true,755.000,11.490,21.905,29.714,56675.200,56960.723,56993.506,418012,308863,93495296,26451968,49661,418989,2026-08-02T19:45:33.121479Z
M3,492,saturated,M3,true,804.000,10.062,20.242,50.646,56817.171,57041.529,57082.329,419594,310059,93749248,26517504,49656,420604,2026-08-02T19:45:33.121479Z
M3,493,saturated,M3,true,789.000,10.635,21.549,34.705,57091.646,57361.122,57400.544,421139,310059,94109696,26591232,49606,422180,2026-08-02T19:45:33.121479Z
M3,494,saturated,M3,true,837.000,10.028,18.188,22.664,57265.609,57484.208,57505.410,422804,310793,94429184,26673152,49612,423869,2026-08-02T19:45:33.121479Z
M3,495,saturated,M3,true,837.000,10.316,17.986,20.712,57473.616,57738.283,57776.551,424503,312054,94691328,26730496,49617,425550,2026-08-02T19:45:33.121479Z
M3,496,saturated,M3,true,853.000,10.088,18.211,21.712,57706.816,57951.054,57992.285,426013,312884,95051776,26812416,49599,427254,2026-08-02T19:45:33.121479Z
M3,497,saturated,M3,true,842.000,10.302,17.731,21.697,57831.246,58095.010,58131.173,427730,313743,95379456,26894336,49610,428944,2026-08-02T19:45:33.121479Z
M3,498,saturated,M3,true,827.000,10.511,18.841,23.853,58084.121,58351.817,58384.245,429410,314840,95649792,26984448,49611,430606,2026-08-02T19:45:33.121479Z
M3,499,saturated,M3,true,842.000,10.281,18.567,22.762,58261.975,58484.143,58500.988,431088,315415,96002048,27058176,49611,432289,2026-08-02T19:45:33.121479Z
M3,500,saturated,M3,true,819.000,10.243,18.915,22.694,58427.486,58655.181,58693.874,432773,316669,96337920,27131904,49618,433944,2026-08-02T19:45:33.121479Z
M3,501,saturated,M3,true,725.000,11.445,24.843,57.128,58657.957,58947.695,58983.664,434407,316669,96591872,27205632,49724,435404,2026-08-02T19:45:33.121479Z
M3,502,saturated,M3,true,672.000,12.494,25.853,39.469,58847.918,59084.232,59117.029,435743,317496,96837632,27254784,49735,436752,2026-08-02T19:45:33.121479Z
M3,503,saturated,M3,true,286.000,17.382,146.219,385.297,59477.176,59832.453,59868.342,436336,317496,96870400,27271168,49849,437028,2026-08-02T19:45:33.121479Z
M3,504,saturated,M3,true,657.000,14.040,30.910,66.076,59896.311,60204.084,60237.279,437641,318476,97198080,27344896,49672,438642,2026-08-02T19:45:33.121479Z
M3,505,saturated,M3,true,730.000,12.466,22.942,28.902,60242.579,60458.530,60483.658,439067,319060,97484800,27402240,49665,440107,2026-08-02T19:45:33.121479Z
M3,506,saturated,M3,true,770.000,11.752,21.450,29.526,60489.705,60751.950,60788.279,440573,320038,97771520,27459584,49645,441653,2026-08-02T19:45:33.121479Z
M3,507,saturated,M3,true,793.000,11.484,20.149,24.694,60699.943,60945.473,60990.309,442151,320787,98033664,27533312,49640,443240,2026-08-02T19:45:33.121479Z
M3,508,saturated,M3,true,784.000,11.545,20.596,25.823,60855.833,61124.962,61165.468,442860,321319,98238464,27574272,49648,444029,2026-08-02T19:45:33.121479Z
M3,509,saturated,M3,true,782.000,11.369,19.245,24.973,61136.392,61401.542,61440.980,444457,321319,98500608,27639808,49655,445619,2026-08-02T19:45:33.121479Z
M3,510,saturated,M3,true,750.000,12.218,21.225,28.349,61303.824,61555.196,61596.917,446020,322497,98770944,27713536,49659,447134,2026-08-02T19:45:33.121479Z
M3,511,saturated,M3,true,656.000,13.644,27.994,68.882,61617.726,61943.494,61980.655,447542,323274,99049472,27779072,49744,448627,2026-08-02T19:45:33.121479Z
M3,512,saturated,M3,true,674.000,13.143,26.349,50.709,61916.919,62232.923,62274.701,448937,324025,99278848,27828224,49726,449943,2026-08-02T19:45:33.121479Z
M3,513,saturated,M3,true,720.000,12.612,23.004,43.711,62280.011,62492.122,62529.560,450215,325052,99540992,27893760,49651,451246,2026-08-02T19:45:33.121479Z
M3,514,saturated,M3,true,733.000,13.042,22.977,28.844,62379.869,62627.533,62662.144,451597,325699,99844096,27951104,49686,452776,2026-08-02T19:45:33.121479Z
M3,515,saturated,M3,true,726.000,12.742,22.749,27.797,62431.285,62653.755,62677.898,453014,326461,100147200,28016640,49693,454249,2026-08-02T19:45:33.121479Z
M3,516,saturated,M3,true,635.000,13.453,27.052,86.001,62376.881,62701.323,62735.358,454483,327197,100409344,28082176,49757,455682,2026-08-02T19:45:33.121479Z
M3,517,saturated,M3,true,585.000,12.966,48.356,86.980,62565.761,62786.253,62811.419,455808,327902,100638720,28131328,49773,456849,2026-08-02T19:45:33.121479Z
M3,518,saturated,M3,true,566.000,17.522,37.989,45.249,62770.028,62982.235,62995.238,457044,327902,100851712,28196864,49762,457969,2026-08-02T19:45:33.121479Z
M3,519,saturated,M3,true,676.000,14.466,24.439,28.064,63069.982,63349.390,63385.763,458148,328757,101081088,28270592,49696,459211,2026-08-02T19:45:33.121479Z
M3,520,saturated,M3,true,757.000,12.105,21.303,25.574,63246.094,63461.666,63482.552,459475,329321,101343232,28319744,49661,460647,2026-08-02T19:45:33.121479Z
M3,521,saturated,M3,true,595.000,15.436,31.881,73.207,63383.034,63685.467,63733.329,460954,330003,101605376,28393472,49769,462052,2026-08-02T19:45:33.121479Z
M3,522,saturated,M3,true,612.000,15.803,29.474,37.614,63582.564,63877.376,63918.407,462219,330757,101875712,28442624,49757,463244,2026-08-02T19:45:33.121479Z
M3,523,saturated,M3,true,370.000,19.539,105.393,113.187,63927.854,64391.170,64422.215,463396,331340,102113280,28491776,49843,464222,2026-08-02T19:45:33.121479Z
M3,524,saturated,M3,true,679.000,13.755,26.345,33.964,64267.593,64491.584,64539.938,464247,331967,102318080,28524544,49700,465251,2026-08-02T19:45:33.121479Z
M3,525,saturated,M3,true,728.000,12.650,24.095,28.002,64415.895,64648.501,64685.841,465523,332679,102563840,28598272,49687,466676,2026-08-02T19:45:33.121479Z
M3,526,saturated,M3,true,680.000,14.303,25.587,32.364,64370.612,64581.406,64619.206,466967,333396,102801408,28655616,49691,468054,2026-08-02T19:45:33.121479Z
M3,527,saturated,M3,true,692.000,13.298,25.754,33.522,64313.940,64630.591,64672.770,468357,334076,103079936,28712960,49710,469494,2026-08-02T19:45:33.121479Z
M3,528,saturated,M3,true,711.000,13.548,24.844,28.438,64339.848,64597.912,64636.385,469753,334794,103317504,28786688,49687,470855,2026-08-02T19:45:33.121479Z
M3,529,saturated,M3,true,749.000,12.698,21.511,26.480,64626.790,64887.562,64929.109,471181,335478,103571456,28844032,49676,472333,2026-08-02T19:45:33.121479Z
M3,530,saturated,M3,true,694.000,14.011,23.684,29.122,64823.464,65101.452,65137.451,472661,336214,103841792,28901376,49680,473747,2026-08-02T19:45:33.121479Z
M3,531,saturated,M3,true,633.000,14.461,30.726,56.437,65101.187,65411.638,65460.369,474076,336915,104161280,28975104,49772,475210,2026-08-02T19:45:33.121479Z
M3,532,saturated,M3,true,611.000,16.047,32.144,39.746,65462.754,65803.662,65843.077,475401,337644,104382464,29016064,49754,476373,2026-08-02T19:45:33.121479Z
M3,533,saturated,M3,true,429.000,17.880,80.023,95.518,65980.315,66396.841,66427.489,476531,338229,104546304,29073408,49785,477323,2026-08-02T19:45:33.121479Z
M3,534,saturated,M3,true,716.000,13.245,24.877,30.168,66273.863,66499.966,66537.225,477544,338694,104759296,29114368,49703,478575,2026-08-02T19:45:33.121479Z
M3,535,saturated,M3,true,692.000,13.830,25.806,32.095,66591.851,66869.979,66909.711,478933,339667,105005056,29188096,49694,479945,2026-08-02T19:45:33.121479Z
M3,536,saturated,M3,true,735.000,12.868,22.615,28.053,66764.963,66984.790,67028.895,480337,339667,105324544,29245440,49679,481399,2026-08-02T19:45:33.121479Z
M3,537,saturated,M3,true,654.000,14.870,30.844,38.733,67069.235,67363.688,67414.277,481732,340360,105578496,29319168,49716,482811,2026-08-02T19:45:33.121479Z
M3,538,saturated,M3,true,697.000,13.821,24.589,28.878,67257.218,67481.466,67516.521,483067,341095,105816064,29360128,49694,484125,2026-08-02T19:45:33.121479Z
M3,539,saturated,M3,true,511.000,14.728,32.589,184.681,67427.708,67803.505,67840.668,484467,341750,106078208,29433856,49883,485526,2026-08-02T19:45:33.121479Z
M3,540,saturated,M3,true,639.000,13.790,35.546,72.145,67725.321,67966.927,67988.198,485554,342445,106283008,29474816,49782,486606,2026-08-02T19:45:33.121479Z
M3,541,saturated,M3,true,666.000,13.592,27.231,67.084,67915.250,68169.168,68211.893,486832,343331,106528768,29523968,49745,487876,2026-08-02T19:45:33.121479Z
M3,542,saturated,M3,true,658.000,13.859,28.429,50.060,68159.735,68417.923,68457.225,488149,343964,106766336,29589504,49758,489211,2026-08-02T19:45:33.121479Z
M3,543,saturated,M3,true,680.000,14.084,28.001,36.167,68428.325,68695.478,68732.014,489472,344630,107003904,29638656,49685,490435,2026-08-02T19:45:33.121479Z
M3,544,saturated,M3,true,686.000,14.014,25.325,32.209,68672.210,68915.885,68959.139,490850,345239,107274240,29720576,49708,491864,2026-08-02T19:45:33.121479Z
M3,545,saturated,M3,true,634.000,15.157,30.484,44.729,68893.885,69217.758,69255.692,492227,346296,107536384,29761536,49720,493167,2026-08-02T19:45:33.121479Z
M3,546,saturated,M3,true,683.000,14.246,26.861,32.325,69197.617,69423.098,69455.881,493516,346593,107790336,29827072,49706,494497,2026-08-02T19:45:33.121479Z
M3,547,saturated,M3,true,720.000,13.534,23.358,27.347,69370.086,69624.797,69659.345,494893,347263,108052480,29884416,49687,495893,2026-08-02T19:45:33.121479Z
M3,548,saturated,M3,true,723.000,13.214,23.339,29.739,69607.969,69863.607,69906.857,496345,348335,108306432,29949952,49693,497370,2026-08-02T19:45:33.121479Z
M3,549,saturated,M3,true,724.000,13.361,24.587,30.034,69750.856,69973.984,70019.976,497808,348698,108593152,30015488,49697,498817,2026-08-02T19:45:33.121479Z
M3,550,saturated,M3,true,720.000,13.250,23.893,29.824,69898.346,70116.822,70153.249,499269,348698,108847104,30081024,49704,500273,2026-08-02T19:45:33.121479Z
M3,551,saturated,M3,true,640.000,14.714,29.273,71.485,70004.091,70316.377,70350.019,500347,349637,109051904,30154752,49750,501669,2026-08-02T19:46:33.266179Z
M3,552,saturated,M3,true,687.000,14.066,26.818,46.607,70191.925,70413.778,70452.726,501662,350351,109322240,30203904,49738,503012,2026-08-02T19:46:33.266179Z
M3,553,saturated,M3,true,666.000,14.462,29.260,64.277,70337.697,70557.857,70611.005,503020,350999,109568000,30269440,49708,504277,2026-08-02T19:46:33.266179Z
M3,554,saturated,M3,true,710.000,13.697,24.813,31.392,70445.015,70696.701,70736.091,504233,351686,109903872,30318592,49706,505704,2026-08-02T19:46:33.266179Z
M3,555,saturated,M3,true,691.000,14.425,25.604,30.980,70498.317,70738.089,70777.226,505592,352608,110166016,30384128,49726,507126,2026-08-02T19:46:33.266179Z
M3,556,saturated,M3,true,645.000,15.359,26.822,36.085,70693.052,70917.757,70942.956,506981,353316,110419968,30457856,49746,508464,2026-08-02T19:46:33.266179Z
M3,557,saturated,M3,true,699.000,14.174,24.442,30.371,70891.985,71145.814,71191.264,508301,354083,110682112,30498816,49716,509800,2026-08-02T19:46:33.266179Z
M3,558,saturated,M3,true,709.000,13.792,24.343,30.333,71117.604,71378.023,71414.672,509621,354752,110927872,30572544,49713,511209,2026-08-02T19:46:33.266179Z
M3,559,saturated,M3,true,701.000,14.115,24.217,28.390,71249.391,71481.308,71521.459,511055,355460,111173632,30638080,49710,512631,2026-08-02T19:46:33.266179Z
M3,560,saturated,M3,true,710.000,13.938,23.283,28.421,71463.139,71714.506,71751.506,512459,356159,111419392,30687232,49712,514040,2026-08-02T19:46:33.266179Z
M3,561,saturated,M3,true,644.000,15.293,31.105,62.149,71673.278,71895.516,71932.409,513892,356867,111665152,30760960,49771,515464,2026-08-02T19:46:33.266179Z
M3,562,saturated,M3,true,660.000,14.603,27.225,51.818,71897.335,72180.693,72223.370,515228,357576,111919104,30810112,49759,516760,2026-08-02T19:46:33.266179Z
M3,563,saturated,M3,true,615.000,15.700,29.814,35.284,72144.469,72381.414,72411.685,516537,358222,112164864,30875648,49756,517997,2026-08-02T19:46:33.266179Z
M3,564,saturated,M3,true,687.000,14.670,26.360,32.955,72294.175,72508.199,72543.693,517783,358836,112410624,30924800,49725,519295,2026-08-02T19:46:33.266179Z
M3,565,saturated,M3,true,677.000,14.761,25.806,36.725,72455.453,72674.707,72706.978,519152,359488,112680960,30998528,49726,520674,2026-08-02T19:46:33.266179Z
M3,566,saturated,M3,true,697.000,14.125,25.532,33.003,72562.115,72807.848,72845.729,520534,360169,112934912,31064064,49722,522050,2026-08-02T19:46:33.266179Z
M3,567,saturated,M3,true,688.000,14.429,27.180,33.455,72715.167,72935.672,72959.594,521920,361114,113238016,31113216,49727,523446,2026-08-02T19:46:33.266179Z
M3,568,saturated,M3,true,605.000,16.178,33.183,62.080,72929.974,73183.780,73275.933,523306,361552,113491968,31186944,49794,524794,2026-08-02T19:46:33.266179Z
M3,569,saturated,M3,true,667.000,14.762,26.362,30.932,73203.121,73418.075,73441.760,524494,362226,113713152,31227904,49731,526010,2026-08-02T19:46:33.266179Z
M3,570,saturated,M3,true,694.000,14.464,25.392,30.264,73384.519,73643.504,73676.232,525815,363165,113967104,31301632,49721,527383,2026-08-02T19:46:33.266179Z
M3,571,saturated,M3,true,648.000,14.916,29.366,43.740,73618.270,73895.677,73932.224,527129,363165,114221056,31342592,49770,528774,2026-08-02T19:46:33.266179Z
M3,572,saturated,M3,true,639.000,15.479,28.398,37.529,73788.066,74029.790,74073.012,528460,363856,114466816,31416320,49765,530048,2026-08-02T19:46:33.266179Z
M3,573,saturated,M3,true,626.000,15.683,28.212,54.604,74107.994,74390.432,74426.284,529750,364506,114704384,31457280,49738,531256,2026-08-02T19:46:33.266179Z
M3,574,saturated,M3,true,632.000,16.088,29.096,35.244,74266.669,74536.739,74574.982,531004,365145,114941952,31531008,49756,532565,2026-08-02T19:46:33.266179Z
M3,575,saturated,M3,true,624.000,16.166,29.964,37.242,74591.426,74854.068,74892.258,532256,366095,115171328,31580160,49741,533783,2026-08-02T19:46:33.266179Z
M3,576,saturated,M3,true,663.000,15.015,26.436,37.498,74754.944,75008.936,75045.241,533502,366705,115417088,31637504,49733,535101,2026-08-02T19:46:33.266179Z
M3,577,saturated,M3,true,661.000,15.110,27.640,35.238,74797.560,75025.990,75067.889,534829,366705,115654656,31694848,49738,536434,2026-08-02T19:46:33.266179Z
M3,578,saturated,M3,true,602.000,16.580,32.533,41.471,74334.587,74990.348,75022.927,536158,367688,115900416,31752192,49461,537671,2026-08-02T19:46:33.266179Z
M3,579,saturated,M3,true,646.000,15.845,29.276,35.513,74279.678,74501.775,74540.925,537390,368355,116064256,31793152,48823,538946,2026-08-02T19:46:33.266179Z
M3,580,saturated,M3,true,613.000,16.958,29.286,39.125,74423.757,74651.130,74690.676,538679,368355,116236288,31817728,48210,540234,2026-08-02T19:46:33.266179Z
M3,581,saturated,M3,true,573.000,17.757,36.984,57.686,74659.123,74898.406,74936.265,539926,368355,116391936,31858688,47634,541444,2026-08-02T19:46:33.266179Z
M3,582,saturated,M3,true,617.000,16.330,30.351,66.749,74861.308,75151.858,75188.743,541109,368355,116555776,31883264,47020,542631,2026-08-02T19:46:33.266179Z
M3,583,saturated,M3,true,611.000,16.473,30.563,40.284,75131.559,75387.273,75423.977,542343,368355,116695040,31907840,46404,543787,2026-08-02T19:46:33.266179Z
M3,584,saturated,M3,true,658.000,15.202,26.854,32.451,75283.857,75526.000,75562.917,543574,368355,116875264,31948800,45751,545087,2026-08-02T19:46:33.266179Z
M3,585,saturated,M3,true,632.000,15.881,30.034,35.547,75487.314,75738.169,75781.406,544909,368355,117039104,31981568,45121,546384,2026-08-02T19:46:33.266179Z
M3,586,saturated,M3,true,626.000,16.410,30.083,37.570,75676.640,75895.309,75928.909,546160,368355,117202944,32006144,44492,547628,2026-08-02T19:46:33.266179Z
M3,587,saturated,M3,true,624.000,16.506,28.998,36.011,75780.755,76010.300,76051.179,547433,368355,117366784,32047104,43868,548897,2026-08-02T19:46:33.266179Z
M3,588,saturated,M3,true,640.000,16.306,27.675,33.604,75835.408,76074.469,76111.796,548697,368355,117530624,32071680,43229,550146,2026-08-02T19:46:33.266179Z
M3,589,saturated,M3,true,650.000,16.079,26.390,34.427,75850.941,76069.336,76091.795,549996,368355,117694464,32112640,42580,551449,2026-08-02T19:46:33.266179Z
M3,590,saturated,M3,true,533.000,18.330,35.776,70.958,76128.632,76396.439,76430.924,551238,368355,117825536,32129024,42045,552549,2026-08-02T19:46:33.266179Z
M3,591,saturated,M3,true,571.000,18.103,31.545,65.011,76275.942,76494.052,76533.339,552365,368355,117989376,32161792,41475,553759,2026-08-02T19:46:33.266179Z
M3,592,saturated,M3,true,570.000,17.947,36.742,51.301,76514.335,76781.396,76827.575,553535,368355,118145024,32186368,40906,554926,2026-08-02T19:46:33.266179Z
M3,593,saturated,M3,true,550.000,19.081,36.056,47.473,76718.369,77011.388,77052.023,554651,368355,118251520,32219136,40352,555917,2026-08-02T19:46:33.266179Z
M3,594,saturated,M3,true,592.000,17.416,31.614,42.020,76753.167,77001.447,77040.423,555803,368355,118423552,32251904,39756,557130,2026-08-02T19:46:33.266179Z
M3,595,saturated,M3,true,615.000,17.652,29.975,36.501,76702.409,76938.919,76971.302,557003,368355,118710272,32284672,39151,558356,2026-08-02T19:46:33.266179Z
M3,596,saturated,M3,true,633.000,16.458,29.351,35.198,76695.060,76910.343,76927.535,558243,368355,118874112,32309248,38516,559598,2026-08-02T19:46:33.266179Z
M3,597,saturated,M3,true,613.000,16.636,30.104,37.419,76793.817,77066.925,77102.255,559515,368355,119037952,32333824,37902,560848,2026-08-02T19:46:33.266179Z
M3,598,saturated,M3,true,632.000,16.410,29.346,38.523,76958.242,77178.445,77196.772,560768,368355,119193600,32366592,37270,562097,2026-08-02T19:46:33.266179Z
M3,599,saturated,M3,true,633.000,16.953,28.410,32.948,76895.426,77113.916,77139.464,562035,368355,119357440,32399360,36636,563357,2026-08-02T19:46:33.266179Z
M3,600,saturated,M3,true,636.000,16.282,29.452,34.448,76602.595,77075.263,77104.658,563312,368355,119521280,32432128,35998,564635,2026-08-02T19:46:33.266179Z
M3,601,saturated,M3,true,578.000,17.170,33.911,49.856,76534.150,76821.495,76861.479,564581,368355,119685120,32464896,35418,565878,2026-08-02T19:46:33.266179Z
M3,602,saturated,M3,true,559.000,17.614,36.000,56.574,76705.786,76923.927,76950.376,565762,368355,119832576,32489472,34866,567038,2026-08-02T19:46:33.266179Z
M3,603,saturated,M3,true,576.000,17.502,34.417,60.007,76941.214,77178.166,77213.476,566844,368355,119955456,32522240,34286,568075,2026-08-02T19:46:33.266179Z
M3,604,saturated,M3,true,599.000,17.661,31.156,34.832,77110.980,77361.092,77405.993,568049,368355,120119296,32555008,33689,569302,2026-08-02T19:46:33.266179Z
M3,605,saturated,M3,true,618.000,17.015,30.103,34.933,77188.357,77413.606,77435.469,569255,368355,120299520,32587776,33071,570507,2026-08-02T19:46:33.266179Z
M3,606,saturated,M3,true,585.000,18.379,31.493,39.008,77341.548,77581.960,77626.697,570418,368355,120397824,32612352,32486,571693,2026-08-02T19:46:33.266179Z
M3,607,saturated,M3,true,613.000,17.087,29.902,35.445,77562.548,77815.118,77854.404,571629,368355,120561664,32645120,31872,572919,2026-08-02T19:46:33.266179Z
M3,608,saturated,M3,true,623.000,16.605,29.230,36.099,77674.995,77894.356,77911.535,572809,368355,120709120,32669696,31250,574144,2026-08-02T19:46:33.266179Z
M3,609,saturated,M3,true,629.000,16.985,28.627,36.142,77782.398,78024.451,78066.705,574046,368355,120872960,32702464,30624,575394,2026-08-02T19:46:33.266179Z
M3,610,saturated,M3,true,611.000,17.514,28.807,33.624,77740.939,77966.195,77993.120,575322,368355,121044992,32743424,30006,576653,2026-08-02T19:46:33.266179Z
M3,611,saturated,M3,true,530.000,19.447,34.422,60.266,77568.818,77920.820,77957.439,576741,367589,121192448,32768000,29476,577810,2026-08-02T19:47:33.204389Z
M3,612,saturated,M3,true,577.000,17.495,33.585,55.488,77685.556,77904.839,77914.648,577847,367589,121348096,32792576,28903,578949,2026-08-02T19:47:33.204389Z
M3,613,saturated,M3,true,582.000,17.418,29.861,60.694,77866.304,78102.809,78140.843,578963,367589,121511936,32825344,28321,580005,2026-08-02T19:47:33.204389Z
M3,614,saturated,M3,true,587.000,18.248,35.398,46.298,78043.383,78328.396,78370.223,580163,367589,121675776,32849920,27735,581244,2026-08-02T19:47:33.204389Z
M3,615,saturated,M3,true,570.000,19.127,31.633,40.981,78234.174,78476.345,78518.606,581328,367589,121839616,32890880,27162,582361,2026-08-02T19:47:33.204389Z
M3,616,saturated,M3,true,556.000,19.881,33.391,44.137,78379.831,78620.295,78664.816,582489,367589,121995264,32915456,26608,583515,2026-08-02T19:47:33.204389Z
M3,617,saturated,M3,true,571.000,19.242,33.594,41.588,78602.299,78863.404,78900.020,583489,367589,122109952,32940032,26035,584621,2026-08-02T19:47:33.204389Z
M3,618,saturated,M3,true,359.000,21.152,78.154,265.475,78878.931,79080.313,79144.482,584491,367589,122183680,32964608,25678,585470,2026-08-02T19:47:33.204389Z
M3,619,saturated,M3,true,467.000,21.071,51.093,68.911,79041.651,79355.646,79388.063,585421,367589,122331136,32989184,25209,586403,2026-08-02T19:47:33.204389Z
M3,620,saturated,M3,true,521.000,19.929,43.173,72.033,79273.111,79464.569,79484.473,586387,367589,122494976,33005568,24690,587415,2026-08-02T19:47:33.204389Z
M3,621,saturated,M3,true,453.000,20.968,74.570,132.641,79499.283,79867.414,79902.057,587433,367589,122634240,33030144,24239,588485,2026-08-02T19:47:33.204389Z
M3,622,saturated,M3,true,486.000,20.188,55.363,85.173,79833.366,80160.132,80206.374,588347,367589,122691584,33062912,23749,589318,2026-08-02T19:47:33.204389Z
M3,623,saturated,M3,true,410.000,23.111,70.579,97.782,80134.137,80401.920,80415.874,589226,367589,122822656,33079296,23340,590154,2026-08-02T19:47:33.204389Z
M3,624,saturated,M3,true,505.000,20.546,36.855,51.016,80449.252,80724.943,80764.950,590155,367589,122978304,33095680,22836,591109,2026-08-02T19:47:33.204389Z
M3,625,saturated,M3,true,212.000,53.897,153.544,163.123,80934.293,81383.914,81388.056,590823,367589,122994688,33128448,22625,591745,2026-08-02T19:47:33.204389Z
M3,626,saturated,M3,true,584.000,18.625,30.906,41.166,81346.193,81588.665,81633.530,591512,367589,123150336,33136640,22043,592638,2026-08-02T19:47:33.204389Z
M3,627,saturated,M3,true,568.000,19.527,32.176,40.950,81453.446,81705.803,81742.359,592488,367589,123314176,33161216,21476,593769,2026-08-02T19:47:33.204389Z
M3,628,saturated,M3,true,588.000,18.259,33.261,39.412,81617.638,81846.049,81886.155,593648,367589,123478016,33202176,20884,594946,2026-08-02T19:47:33.204389Z
M3,629,saturated,M3,true,592.000,18.091,31.764,39.205,81724.653,81960.019,82003.006,594760,367589,123625472,33234944,20296,596117,2026-08-02T19:47:33.204389Z
M3,630,saturated,M3,true,572.000,19.106,33.278,42.486,81959.813,82235.082,82272.643,595955,367589,123781120,33259520,19725,597296,2026-08-02T19:47:33.204389Z
M3,631,saturated,M3,true,535.000,19.879,40.510,58.141,82169.959,82379.393,82397.401,597044,367589,123887616,33284096,19185,598429,2026-08-02T19:47:33.204389Z
M3,632,saturated,M3,true,557.000,18.167,36.767,57.266,82408.162,82693.760,82739.267,598183,367589,124026880,33325056,18623,599555,2026-08-02T19:47:33.204389Z
M3,633,saturated,M3,true,526.000,20.586,37.728,47.928,82667.313,82908.810,82944.381,599287,367589,124149760,33333248,18102,600546,2026-08-02T19:47:33.204389Z
M3,634,saturated,M3,true,554.000,19.756,33.949,42.832,82890.035,83075.127,83114.505,600339,367589,124297216,33374208,17551,601667,2026-08-02T19:47:33.204389Z
M3,635,saturated,M3,true,376.000,23.634,92.065,128.410,83072.967,83329.819,83393.839,601400,367589,124461056,33390592,17174,602637,2026-08-02T19:47:33.204389Z
M3,636,saturated,M3,true,399.000,26.696,73.709,107.265,83674.696,83886.033,83901.933,602221,367589,124526592,33415168,16774,603358,2026-08-02T19:47:33.204389Z
M3,637,saturated,M3,true,582.000,18.771,32.032,39.039,83848.690,84072.823,84093.339,603071,367589,124641280,33439744,16193,604371,2026-08-02T19:47:33.204389Z
M3,638,saturated,M3,true,464.000,24.214,42.755,66.674,84119.770,84359.878,84381.622,604153,367589,124788736,33464320,15729,605341,2026-08-02T19:47:33.204389Z
M3,639,saturated,M3,true,486.000,23.107,38.392,46.484,84435.392,84731.755,84779.508,605064,367589,124944384,33488896,15242,606328,2026-08-02T19:47:33.204389Z
M3,640,saturated,M3,true,493.000,23.183,41.736,51.543,84724.408,84987.231,85019.586,606004,367589,125075456,33505280,14748,607306,2026-08-02T19:47:33.204389Z
M3,641,saturated,M3,true,511.000,21.259,44.472,58.093,85009.103,85310.695,85344.594,607009,367589,125173760,33538048,14238,608358,2026-08-02T19:47:33.204389Z
M3,642,saturated,M3,true,506.000,19.807,39.613,74.516,85136.510,85356.475,85381.076,608064,367589,125288448,33562624,13728,609433,2026-08-02T19:47:33.204389Z
M3,643,saturated,M3,true,500.000,22.433,43.316,51.353,85522.521,85805.052,85840.623,609049,367589,125444096,33587200,13229,610299,2026-08-02T19:47:33.204389Z
M3,644,saturated,M3,true,567.000,20.399,33.869,39.982,85721.028,85961.178,85998.636,610038,367589,125607936,33611776,12665,611406,2026-08-02T19:47:33.204389Z
M3,645,saturated,M3,true,510.000,21.877,37.335,44.990,85976.809,86248.051,86295.556,611160,367589,125755392,33644544,12156,612503,2026-08-02T19:47:33.204389Z
M3,646,saturated,M3,true,492.000,23.040,39.745,50.916,86212.429,86483.578,86524.023,612162,367589,125853696,33669120,11663,613471,2026-08-02T19:47:33.204389Z
M3,647,saturated,M3,true,515.000,21.430,38.067,47.270,86555.235,86827.279,86867.167,613155,367589,125960192,33685504,11147,614513,2026-08-02T19:47:33.204389Z
M3,648,saturated,M3,true,447.000,25.460,52.829,64.145,86888.444,87215.594,87256.838,614170,367589,126099456,33718272,10703,615369,2026-08-02T19:47:33.204389Z
M3,649,saturated,M3,true,484.000,23.011,41.410,57.048,87108.003,87329.960,87357.288,615092,367589,126255104,33742848,10218,616388,2026-08-02T19:47:33.204389Z
M3,650,saturated,M3,true,515.000,22.387,38.504,46.535,87369.391,87614.267,87655.771,616074,367589,126369792,33767424,9702,617385,2026-08-02T19:47:33.204389Z
M3,651,saturated,M3,true,481.000,21.910,45.544,84.077,87552.200,87839.652,87875.471,617115,367589,126484480,33792000,9220,618427,2026-08-02T19:47:33.204389Z
M3,652,saturated,M3,true,507.000,21.271,40.151,84.518,87738.799,87990.176,88021.471,618110,367589,126607360,33824768,8715,619432,2026-08-02T19:47:33.204389Z
M3,653,saturated,M3,true,495.000,22.103,39.508,55.263,88069.559,88322.228,88375.163,619130,367589,126754816,33841152,8221,620393,2026-08-02T19:47:33.204389Z
M3,654,saturated,M3,true,454.000,22.978,41.335,107.467,88325.068,88613.828,88646.324,620140,367589,126894080,33865728,7760,621357,2026-08-02T19:47:33.204389Z
M3,655,saturated,M3,true,350.000,22.711,47.582,276.528,88612.689,88879.183,88900.937,621083,367589,126984192,33890304,7418,622288,2026-08-02T19:47:33.204389Z
M3,656,saturated,M3,true,210.000,44.206,171.326,306.837,89355.323,89854.456,89877.819,621746,367589,127066112,33898496,7205,622684,2026-08-02T19:47:33.204389Z
M3,657,saturated,M3,true,504.000,22.244,45.623,58.887,89855.305,90183.094,90212.396,622257,367589,127139840,33914880,6700,623369,2026-08-02T19:47:33.204389Z
M3,658,saturated,M3,true,322.000,24.133,140.739,177.990,90203.609,90442.520,90464.344,623253,367589,127246336,33947648,6387,624300,2026-08-02T19:47:33.204389Z
M3,659,saturated,M3,true,292.000,32.344,119.489,132.118,90807.316,91227.765,91253.667,623852,367589,127320064,33955840,6091,624821,2026-08-02T19:47:33.204389Z
M3,660,saturated,M3,true,254.000,29.045,187.197,226.163,91280.770,91516.368,91647.940,624391,367589,127401984,33964032,5830,625444,2026-08-02T19:47:33.204389Z
M3,661,saturated,M3,true,426.000,23.833,75.945,109.921,91800.643,92099.326,92145.331,625005,367589,127492096,33980416,5413,626063,2026-08-02T19:47:33.204389Z
M3,662,saturated,M3,true,544.000,19.855,39.858,58.606,92046.614,92322.575,92358.052,625974,367589,127639552,34013184,4865,627117,2026-08-02T19:47:33.204389Z
M3,663,saturated,M3,true,546.000,19.315,36.778,44.971,92275.966,92539.726,92581.278,627054,367589,127754240,34029568,4320,628124,2026-08-02T19:47:33.204389Z
M3,664,saturated,M3,true,575.000,19.314,32.553,40.981,92449.512,92669.454,92689.384,628159,367589,127901696,34070528,3742,629282,2026-08-02T19:47:33.204389Z
M3,665,saturated,M3,true,557.000,20.227,35.865,43.901,92580.245,92802.584,92835.467,629225,367589,128057344,34095104,3186,630400,2026-08-02T19:47:33.204389Z
M3,666,saturated,M3,true,564.000,19.896,31.775,37.700,92610.411,92822.196,92847.440,630369,367589,128212992,34127872,2618,631539,2026-08-02T19:47:33.204389Z
M3,667,saturated,M3,true,310.000,26.093,136.354,226.135,92957.013,93358.607,93372.554,631362,367589,128311296,34144256,2312,632327,2026-08-02T19:47:33.204389Z
M3,668,saturated,M3,true,424.000,21.419,68.015,133.725,93334.776,93569.145,93709.600,632147,367589,128409600,34160640,1889,633224,2026-08-02T19:47:33.204389Z
M3,669,saturated,M3,true,530.000,21.263,35.709,41.558,93597.845,93804.155,93837.855,633035,367589,128548864,34193408,1355,634076,2026-08-02T19:47:33.204389Z
M3,670,saturated,M3,true,396.000,24.326,64.797,119.868,93852.203,94263.495,94300.094,634058,367589,128663552,34217984,957,635077,2026-08-02T19:47:33.204389Z
M3,671,saturated,M3,true,396.000,25.845,56.436,91.360,94218.740,94494.128,94545.344,634324,367588,128729088,34242560,568,635845,2026-08-02T19:48:33.354874Z
M3,672,saturated,M3,true,382.000,23.072,76.044,198.191,94580.992,94874.465,94891.640,635085,367582,128892928,34258944,184,636658,2026-08-02T19:48:33.354874Z
M3,673,saturated,M3,true,192.000,31.553,70.215,89.411,95241.495,95426.793,95436.549,635772,367582,128892928,34267136,0,637191,2026-08-02T19:48:33.354874Z
M3,674,saturated,M3,true,0.000,0.000,0.000,0.000,0.000,0.000,0.000,635990,367582,128892928,34267136,0,637191,2026-08-02T19:48:33.354874Z
M3,675,saturated,M3,true,0.000,0.000,0.000,0.000,0.000,0.000,0.000,635990,367582,128892928,34267136,0,637191,2026-08-02T19:48:33.354874Z
M3,676,saturated,M3,true,0.000,0.000,0.000,0.000,0.000,0.000,0.000,635990,367582,128892928,34267136,0,637191,2026-08-02T19:48:33.354874Z
M3,677,saturated,M3,true,0.000,0.000,0.000,0.000,0.000,0.000,0.000,635990,367582,128892928,34267136,0,637191,2026-08-02T19:48:33.354874Z
M3,678,saturated,M3,true,0.000,0.000,0.000,0.000,0.000,0.000,0.000,635990,367582,128892928,34267136,0,637191,2026-08-02T19:48:33.354874Z
M3,679,saturated,M3,true,0.000,0.000,0.000,0.000,0.000,0.000,0.000,635990,367582,128892928,34267136,0,637191,2026-08-02T19:48:33.354874Z
M3,680,saturated,M3,true,0.000,0.000,0.000,0.000,0.000,0.000,0.000,635990,367582,128892928,34267136,0,637191,2026-08-02T19:48:33.354874Z
M3,681,saturated,M3,true,0.000,0.000,0.000,0.000,0.000,0.000,0.000,635990,367582,128892928,34267136,0,637191,2026-08-02T19:48:33.354874Z
M3,682,saturated,M3,true,0.000,0.000,0.000,0.000,0.000,0.000,0.000,635990,367582,128892928,34267136,0,637192,2026-08-02T19:48:33.354874Z
M3,683,saturated,M3,true,0.000,0.000,0.000,0.000,0.000,0.000,0.000,635990,367582,128892928,34267136,0,637192,2026-08-02T19:48:33.354874Z
M3,684,saturated,M3,true,0.000,0.000,0.000,0.000,0.000,0.000,0.000,635990,367582,128892928,34267136,0,637192,2026-08-02T19:48:33.354874Z
M3,685,saturated,M3,true,0.000,0.000,0.000,0.000,0.000,0.000,0.000,635990,367582,128892928,34267136,0,637192,2026-08-02T19:48:33.354874Z
M3,686,saturated,M3,true,0.000,0.000,0.000,0.000,0.000,0.000,0.000,635990,367582,128892928,34267136,0,637192,2026-08-02T19:48:33.354874Z
M3,687,saturated,M3,true,0.000,0.000,0.000,0.000,0.000,0.000,0.000,635990,367582,128892928,34267136,0,637192,2026-08-02T19:48:33.354874Z
M3,688,saturated,M3,true,0.000,0.000,0.000,0.000,0.000,0.000,0.000,635990,367582,128892928,34267136,0,637192,2026-08-02T19:48:33.354874Z
M3,689,saturated,M3,true,0.000,0.000,0.000,0.000,0.000,0.000,0.000,635990,367582,128892928,34267136,0,637192,2026-08-02T19:48:33.354874Z
M3,690,saturated,M3,true,0.000,0.000,0.000,0.000,0.000,0.000,0.000,635990,367582,128892928,34267136,0,637192,2026-08-02T19:48:33.354874Z
M3,691,saturated,M3,true,0.000,0.000,0.000,0.000,0.000,0.000,0.000,635990,367582,128892928,34267136,0,637192,2026-08-02T19:48:33.354874Z
M3,692,saturated,M3,true,0.000,0.000,0.000,0.000,0.000,0.000,0.000,635990,367582,128892928,34267136,0,637192,2026-08-02T19:48:33.354874Z
M3,693,saturated,M3,true,0.000,0.000,0.000,0.000,0.000,0.000,0.000,635990,367582,128892928,34267136,0,637192,2026-08-02T19:48:33.354874Z
M3,694,saturated,M3,true,0.000,0.000,0.000,0.000,0.000,0.000,0.000,635990,367582,128892928,34267136,0,637192,2026-08-02T19:48:33.354874Z
M3,695,saturated,M3,true,0.000,0.000,0.000,0.000,0.000,0.000,0.000,635990,367582,128892928,34267136,0,637192,2026-08-02T19:48:33.354874Z
M3,696,saturated,M3,true,0.000,0.000,0.000,0.000,0.000,0.000,0.000,635990,367582,128892928,34267136,0,637192,2026-08-02T19:48:33.354874Z
M3,697,saturated,M3,true,0.000,0.000,0.000,0.000,0.000,0.000,0.000,635990,367582,128892928,34267136,0,637192,2026-08-02T19:48:33.354874Z
M3,698,saturated,M3,true,0.000,0.000,0.000,0.000,0.000,0.000,0.000,635990,367582,128892928,34267136,0,637192,2026-08-02T19:48:33.354874Z
M3,699,saturated,M3,true,0.000,0.000,0.000,0.000,0.000,0.000,0.000,635990,367582,128892928,34267136,0,637193,2026-08-02T19:48:33.354874Z
M3,700,saturated,M3,true,0.000,0.000,0.000,0.000,0.000,0.000,0.000,635990,367582,128892928,34267136,0,637193,2026-08-02T19:48:33.354874Z
M3,701,saturated,M3,true,0.000,0.000,0.000,0.000,0.000,0.000,0.000,635990,367582,128892928,34267136,0,637193,2026-08-02T19:48:33.354874Z
M3,702,saturated,M3,true,0.000,0.000,0.000,0.000,0.000,0.000,0.000,635990,367582,128892928,34267136,0,637193,2026-08-02T19:48:33.354874Z
M3,703,saturated,M3,true,0.000,0.000,0.000,0.000,0.000,0.000,0.000,635990,367582,128892928,34267136,0,637193,2026-08-02T19:48:33.354874Z
M3,704,saturated,M3,true,0.000,0.000,0.000,0.000,0.000,0.000,0.000,635990,367582,128892928,34267136,0,637193,2026-08-02T19:48:33.354874Z
M3,705,saturated,M3,true,0.000,0.000,0.000,0.000,0.000,0.000,0.000,635990,367582,128892928,34267136,0,637193,2026-08-02T19:48:33.354874Z
M3,706,saturated,M3,true,0.000,0.000,0.000,0.000,0.000,0.000,0.000,635990,367582,128892928,34267136,0,637193,2026-08-02T19:48:33.354874Z
M3,707,saturated,M3,true,0.000,0.000,0.000,0.000,0.000,0.000,0.000,635990,367582,128892928,34267136,0,637193,2026-08-02T19:48:33.354874Z
M3,708,saturated,M3,true,0.000,0.000,0.000,0.000,0.000,0.000,0.000,635990,367582,128892928,34267136,0,637193,2026-08-02T19:48:33.354874Z
M3,709,saturated,M3,true,0.000,0.000,0.000,0.000,0.000,0.000,0.000,635990,367582,128892928,34267136,0,637193,2026-08-02T19:48:33.354874Z
M3,710,saturated,M3,true,0.000,0.000,0.000,0.000,0.000,0.000,0.000,635990,367582,128892928,34267136,0,637193,2026-08-02T19:48:33.354874Z
M3,711,saturated,M3,true,0.000,0.000,0.000,0.000,0.000,0.000,0.000,635990,367582,128892928,34267136,0,637193,2026-08-02T19:48:33.354874Z
M3,712,saturated,M3,true,0.000,0.000,0.000,0.000,0.000,0.000,0.000,635990,367582,128892928,34267136,0,637193,2026-08-02T19:48:33.354874Z
M3,713,saturated,M3,true,0.000,0.000,0.000,0.000,0.000,0.000,0.000,635990,367582,128892928,34267136,0,637193,2026-08-02T19:48:33.354874Z
M3,714,saturated,M3,true,0.000,0.000,0.000,0.000,0.000,0.000,0.000,635990,367582,128892928,34267136,0,637193,2026-08-02T19:48:33.354874Z
M3,715,saturated,M3,true,0.000,0.000,0.000,0.000,0.000,0.000,0.000,635990,367582,128892928,34267136,0,637194,2026-08-02T19:48:33.354874Z
M3,716,saturated,M3,true,0.000,0.000,0.000,0.000,0.000,0.000,0.000,635990,367582,128892928,34267136,0,637194,2026-08-02T19:48:33.354874Z
M3,717,saturated,M3,true,0.000,0.000,0.000,0.000,0.000,0.000,0.000,635990,367582,128892928,34267136,0,637194,2026-08-02T19:48:33.354874Z
M3,718,saturated,M3,true,0.000,0.000,0.000,0.000,0.000,0.000,0.000,635990,367582,128892928,34267136,0,637194,2026-08-02T19:48:33.354874Z
M3,719,saturated,M3,true,0.000,0.000,0.000,0.000,0.000,0.000,0.000,635990,367582,128892928,34267136,0,637194,2026-08-02T19:48:33.354874Z
M3,720,saturated,M3,true,0.000,0.000,0.000,0.000,0.000,0.000,0.000,635990,367582,128892928,34267136,0,637194,2026-08-02T19:48:33.354874Z
M3,721,saturated,M3,true,0.000,0.000,0.000,0.000,0.000,0.000,0.000,635990,367582,128892928,34267136,0,637194,2026-08-02T19:48:33.354874Z
M3,722,saturated,M3,true,0.000,0.000,0.000,0.000,0.000,0.000,0.000,635990,367582,128892928,34267136,0,637194,2026-08-02T19:48:33.354874Z
M3,723,saturated,M3,true,0.000,0.000,0.000,0.000,0.000,0.000,0.000,635990,367582,128892928,34267136,0,637194,2026-08-02T19:48:33.354874Z
M3,724,saturated,M3,true,0.000,0.000,0.000,0.000,0.000,0.000,0.000,635990,367582,128892928,34267136,0,637194,2026-08-02T19:48:33.354874Z
M3,725,saturated,M3,true,0.000,0.000,0.000,0.000,0.000,0.000,0.000,635990,367582,128892928,34267136,0,637194,2026-08-02T19:48:33.354874Z
M3,726,saturated,M3,true,0.000,0.000,0.000,0.000,0.000,0.000,0.000,635990,367582,128892928,34267136,0,637194,2026-08-02T19:48:33.354874Z
M3,727,saturated,M3,true,0.000,0.000,0.000,0.000,0.000,0.000,0.000,635990,367582,128892928,34267136,0,637194,2026-08-02T19:48:33.354874Z
M3,728,saturated,M3,true,0.000,0.000,0.000,0.000,0.000,0.000,0.000,635990,367582,128892928,34267136,0,637194,2026-08-02T19:48:33.354874Z
M3,729,saturated,M3,true,0.000,0.000,0.000,0.000,0.000,0.000,0.000,635990,367582,128892928,34267136,0,637194,2026-08-02T19:48:33.354874Z
M3,730,saturated,M3,true,0.000,0.000,0.000,0.000,0.000,0.000,0.000,635990,367582,128892928,34267136,0,637194,2026-08-02T19:48:33.354874Z
M3,731,saturated,M3,true,0.000,0.000,0.000,0.000,0.000,0.000,0.000,635990,367579,128892928,34267136,0,637194,2026-08-02T19:49:33.287412Z
M3,732,saturated,M3,true,0.000,0.000,0.000,0.000,0.000,0.000,0.000,635816,367562,128892928,34267136,0,637195,2026-08-02T19:49:33.468507Z
M3,733,saturated,M3,true,0.000,0.000,0.000,0.000,0.000,0.000,0.000,635816,367562,128892928,34267136,0,637195,2026-08-02T19:49:33.468507Z
M3,734,saturated,M3,true,0.000,0.000,0.000,0.000,0.000,0.000,0.000,635816,367562,128892928,34267136,0,637195,2026-08-02T19:49:33.468507Z
M3,735,saturated,M3,true,0.000,0.000,0.000,0.000,0.000,0.000,0.000,635816,367562,128892928,34267136,0,637195,2026-08-02T19:49:33.468507Z
M3,736,saturated,M3,true,0.000,0.000,0.000,0.000,0.000,0.000,0.000,635816,367562,128892928,34267136,0,637195,2026-08-02T19:49:33.468507Z
M3,737,saturated,M3,true,0.000,0.000,0.000,0.000,0.000,0.000,0.000,635816,367562,128892928,34267136,0,637195,2026-08-02T19:49:33.468507Z
M3,738,saturated,M3,true,0.000,0.000,0.000,0.000,0.000,0.000,0.000,635816,367562,128892928,34267136,0,637195,2026-08-02T19:49:33.468507Z
M3,739,saturated,M3,true,0.000,0.000,0.000,0.000,0.000,0.000,0.000,635816,367562,128892928,34267136,0,637195,2026-08-02T19:49:33.468507Z
M3,740,saturated,M3,true,0.000,0.000,0.000,0.000,0.000,0.000,0.000,635816,367562,128892928,34267136,0,637195,2026-08-02T19:49:33.468507Z
M3,741,saturated,M3,true,0.000,0.000,0.000,0.000,0.000,0.000,0.000,635816,367562,128892928,34267136,0,637195,2026-08-02T19:49:33.468507Z
M3,742,saturated,M3,true,0.000,0.000,0.000,0.000,0.000,0.000,0.000,635816,367562,128892928,34267136,0,637195,2026-08-02T19:49:33.468507Z
M3,743,saturated,M3,true,0.000,0.000,0.000,0.000,0.000,0.000,0.000,635816,367562,128892928,34267136,0,637195,2026-08-02T19:49:33.468507Z
M3,744,saturated,M3,true,0.000,0.000,0.000,0.000,0.000,0.000,0.000,635816,367562,128892928,34267136,0,637195,2026-08-02T19:49:33.468507Z
M3,745,saturated,M3,true,0.000,0.000,0.000,0.000,0.000,0.000,0.000,635816,367562,128892928,34267136,0,637195,2026-08-02T19:49:33.468507Z
M3,746,saturated,M3,true,0.000,0.000,0.000,0.000,0.000,0.000,0.000,635816,367562,128892928,34267136,0,637195,2026-08-02T19:49:33.468507Z
M3,747,saturated,M3,true,0.000,0.000,0.000,0.000,0.000,0.000,0.000,635816,367562,128892928,34267136,0,637195,2026-08-02T19:49:33.468507Z
M3,748,saturated,M3,true,0.000,0.000,0.000,0.000,0.000,0.000,0.000,635816,367562,128892928,34267136,0,637196,2026-08-02T19:49:33.468507Z
M3,749,saturated,M3,true,0.000,0.000,0.000,0.000,0.000,0.000,0.000,635816,367562,128892928,34267136,0,637196,2026-08-02T19:49:33.468507Z
M3,750,saturated,M3,true,0.000,0.000,0.000,0.000,0.000,0.000,0.000,635816,367562,128892928,34267136,0,637196,2026-08-02T19:49:33.468507Z
M3,751,saturated,M3,true,0.000,0.000,0.000,0.000,0.000,0.000,0.000,635816,367562,128892928,34267136,0,637196,2026-08-02T19:49:33.468507Z
M3,752,saturated,M3,true,0.000,0.000,0.000,0.000,0.000,0.000,0.000,635816,367562,128892928,34267136,0,637196,2026-08-02T19:49:33.468507Z
M3,753,saturated,M3,true,0.000,0.000,0.000,0.000,0.000,0.000,0.000,635816,367562,128892928,34267136,0,637196,2026-08-02T19:49:33.468507Z
M3,754,saturated,M3,true,0.000,0.000,0.000,0.000,0.000,0.000,0.000,635816,367562,128892928,34267136,0,637196,2026-08-02T19:49:33.468507Z
M3,755,saturated,M3,true,0.000,0.000,0.000,0.000,0.000,0.000,0.000,635816,367562,128892928,34267136,0,637196,2026-08-02T19:49:33.468507Z
M3,756,saturated,M3,true,0.000,0.000,0.000,0.000,0.000,0.000,0.000,635816,367562,128892928,34267136,0,637196,2026-08-02T19:49:33.468507Z
M3,757,saturated,M3,true,0.000,0.000,0.000,0.000,0.000,0.000,0.000,635816,367562,128892928,34267136,0,637196,2026-08-02T19:49:33.468507Z
M3,758,saturated,M3,true,0.000,0.000,0.000,0.000,0.000,0.000,0.000,635816,367562,128892928,34267136,0,637196,2026-08-02T19:49:33.468507Z
M3,759,saturated,M3,true,0.000,0.000,0.000,0.000,0.000,0.000,0.000,635816,367562,128892928,34267136,0,637196,2026-08-02T19:49:33.468507Z
M3,760,saturated,M3,true,0.000,0.000,0.000,0.000,0.000,0.000,0.000,635816,367562,128892928,34267136,0,637196,2026-08-02T19:49:33.468507Z
M3,761,saturated,M3,true,0.000,0.000,0.000,0.000,0.000,0.000,0.000,635816,367562,128892928,34267136,0,637196,2026-08-02T19:49:33.468507Z
M3,762,saturated,M3,true,0.000,0.000,0.000,0.000,0.000,0.000,0.000,635816,367562,128892928,34267136,0,637196,2026-08-02T19:49:33.468507Z
M3,763,saturated,M3,true,0.000,0.000,0.000,0.000,0.000,0.000,0.000,635816,367562,128892928,34267136,0,637196,2026-08-02T19:49:33.468507Z
M3,764,saturated,M3,true,0.000,0.000,0.000,0.000,0.000,0.000,0.000,635816,367562,128892928,34267136,0,637196,2026-08-02T19:49:33.468507Z
M3,765,saturated,M3,true,0.000,0.000,0.000,0.000,0.000,0.000,0.000,635816,367562,128892928,34267136,0,637197,2026-08-02T19:49:33.468507Z
M3,766,saturated,M3,true,0.000,0.000,0.000,0.000,0.000,0.000,0.000,635816,367562,128892928,34267136,0,637197,2026-08-02T19:49:33.468507Z
M3,767,saturated,M3,true,0.000,0.000,0.000,0.000,0.000,0.000,0.000,635816,367562,128892928,34267136,0,637197,2026-08-02T19:49:33.468507Z
M3,768,saturated,M3,true,0.000,0.000,0.000,0.000,0.000,0.000,0.000,635816,367562,128892928,34267136,0,637197,2026-08-02T19:49:33.468507Z
M3,769,saturated,M3,true,0.000,0.000,0.000,0.000,0.000,0.000,0.000,635816,367562,128892928,34267136,0,637197,2026-08-02T19:49:33.468507Z
M3,770,saturated,M3,true,0.000,0.000,0.000,0.000,0.000,0.000,0.000,635816,367562,128892928,34267136,0,637197,2026-08-02T19:49:33.468507Z
M3,771,saturated,M3,true,0.000,0.000,0.000,0.000,0.000,0.000,0.000,635816,367562,128892928,34267136,0,637197,2026-08-02T19:49:33.468507Z
M3,772,saturated,M3,true,0.000,0.000,0.000,0.000,0.000,0.000,0.000,635816,367562,128892928,34267136,0,637197,2026-08-02T19:49:33.468507Z
M3,773,saturated,M3,true,0.000,0.000,0.000,0.000,0.000,0.000,0.000,635816,367562,128892928,34267136,0,637197,2026-08-02T19:49:33.468507Z
M3,774,saturated,M3,true,0.000,0.000,0.000,0.000,0.000,0.000,0.000,635816,367562,128892928,34267136,0,637197,2026-08-02T19:49:33.468507Z
M3,775,saturated,M3,true,0.000,0.000,0.000,0.000,0.000,0.000,0.000,635816,367562,128892928,34267136,0,637197,2026-08-02T19:49:33.468507Z
M3,776,saturated,M3,true,0.000,0.000,0.000,0.000,0.000,0.000,0.000,635816,367562,128892928,34267136,0,637197,2026-08-02T19:49:33.468507Z
M3,777,saturated,M3,true,0.000,0.000,0.000,0.000,0.000,0.000,0.000,635816,367562,128892928,34267136,0,637197,2026-08-02T19:49:33.468507Z
M3,778,saturated,M3,true,0.000,0.000,0.000,0.000,0.000,0.000,0.000,635816,367562,128892928,34267136,0,637197,2026-08-02T19:49:33.468507Z
M3,779,saturated,M3,true,0.000,0.000,0.000,0.000,0.000,0.000,0.000,635816,367562,128892928,34267136,0,637197,2026-08-02T19:49:33.468507Z
M3,780,saturated,M3,true,0.000,0.000,0.000,0.000,0.000,0.000,0.000,635816,367562,128892928,34267136,0,637197,2026-08-02T19:49:33.468507Z
M3,781,saturated,M3,true,0.000,0.000,0.000,0.000,0.000,0.000,0.000,635816,367562,128892928,34267136,0,637198,2026-08-02T19:49:33.468507Z
M3,782,saturated,M3,true,0.000,0.000,0.000,0.000,0.000,0.000,0.000,635816,367562,128892928,34267136,0,637198,2026-08-02T19:49:33.468507Z
M3,783,saturated,M3,true,0.000,0.000,0.000,0.000,0.000,0.000,0.000,635816,367562,128892928,34267136,0,637198,2026-08-02T19:49:33.468507Z
M3,784,saturated,M3,true,0.000,0.000,0.000,0.000,0.000,0.000,0.000,635816,367562,128892928,34267136,0,637198,2026-08-02T19:49:33.468507Z
M3,785,saturated,M3,true,0.000,0.000,0.000,0.000,0.000,0.000,0.000,635816,367562,128892928,34267136,0,637198,2026-08-02T19:49:33.468507Z
M3,786,saturated,M3,true,0.000,0.000,0.000,0.000,0.000,0.000,0.000,635816,367562,128892928,34267136,0,637198,2026-08-02T19:49:33.468507Z
M3,787,saturated,M3,true,0.000,0.000,0.000,0.000,0.000,0.000,0.000,635816,367562,128892928,34267136,0,637198,2026-08-02T19:49:33.468507Z
M3,788,saturated,M3,true,0.000,0.000,0.000,0.000,0.000,0.000,0.000,635816,367562,128892928,34267136,0,637198,2026-08-02T19:49:33.468507Z
M3,789,saturated,M3,true,0.000,0.000,0.000,0.000,0.000,0.000,0.000,635816,367562,128892928,34267136,0,637198,2026-08-02T19:49:33.468507Z
M3,790,saturated,M3,true,0.000,0.000,0.000,0.000,0.000,0.000,0.000,635816,367562,128892928,34267136,0,637198,2026-08-02T19:49:33.468507Z
M3,791,saturated,M3,true,0.000,0.000,0.000,0.000,0.000,0.000,0.000,635816,367562,128892928,34267136,0,637199,2026-08-02T19:50:33.398549Z
M3,792,saturated,M3,true,0.000,0.000,0.000,0.000,0.000,0.000,0.000,635816,367562,128892928,34267136,0,637199,2026-08-02T19:50:33.398549Z
M3,793,saturated,M3,true,0.000,0.000,0.000,0.000,0.000,0.000,0.000,635816,367562,128892928,34267136,0,637199,2026-08-02T19:50:33.398549Z
M3,794,saturated,M3,true,0.000,0.000,0.000,0.000,0.000,0.000,0.000,635816,367562,128892928,34267136,0,637199,2026-08-02T19:50:33.398549Z
M3,795,saturated,M3,true,0.000,0.000,0.000,0.000,0.000,0.000,0.000,635816,367562,128892928,34267136,0,637199,2026-08-02T19:50:33.398549Z
M3,796,saturated,M3,true,0.000,0.000,0.000,0.000,0.000,0.000,0.000,635816,367562,128892928,34267136,0,637199,2026-08-02T19:50:33.398549Z
M3,797,saturated,M3,true,0.000,0.000,0.000,0.000,0.000,0.000,0.000,635816,367562,128892928,34267136,0,637199,2026-08-02T19:50:33.398549Z
M3,798,saturated,M3,true,0.000,0.000,0.000,0.000,0.000,0.000,0.000,635816,367562,128892928,34267136,0,637199,2026-08-02T19:50:33.398549Z
M3,799,saturated,M3,true,0.000,0.000,0.000,0.000,0.000,0.000,0.000,635816,367562,128892928,34267136,0,637199,2026-08-02T19:50:33.398549Z
M3,800,saturated,M3,true,0.000,0.000,0.000,0.000,0.000,0.000,0.000,635816,367562,128892928,34267136,0,637199,2026-08-02T19:50:33.398549Z
M3,801,saturated,M3,true,0.000,0.000,0.000,0.000,0.000,0.000,0.000,635816,367562,128892928,34267136,0,637199,2026-08-02T19:50:33.398549Z
M3,802,saturated,M3,true,0.000,0.000,0.000,0.000,0.000,0.000,0.000,635816,367562,128892928,34267136,0,637199,2026-08-02T19:50:33.398549Z
M3,803,saturated,M3,true,0.000,0.000,0.000,0.000,0.000,0.000,0.000,635816,367562,128892928,34267136,0,637199,2026-08-02T19:50:33.398549Z
M3,804,saturated,M3,true,0.000,0.000,0.000,0.000,0.000,0.000,0.000,635816,367562,128892928,34267136,0,637199,2026-08-02T19:50:33.398549Z
M3,805,saturated,M3,true,0.000,0.000,0.000,0.000,0.000,0.000,0.000,635816,367562,128892928,34267136,0,637199,2026-08-02T19:50:33.398549Z
M3,806,saturated,M3,true,0.000,0.000,0.000,0.000,0.000,0.000,0.000,635816,367562,128892928,34267136,0,637199,2026-08-02T19:50:33.398549Z
M3,807,saturated,M3,true,0.000,0.000,0.000,0.000,0.000,0.000,0.000,635816,367562,128892928,34267136,0,637200,2026-08-02T19:50:33.398549Z
M3,808,saturated,M3,true,0.000,0.000,0.000,0.000,0.000,0.000,0.000,635816,367562,128892928,34267136,0,637200,2026-08-02T19:50:33.398549Z
M3,809,saturated,M3,true,0.000,0.000,0.000,0.000,0.000,0.000,0.000,635816,367562,128892928,34267136,0,637200,2026-08-02T19:50:33.398549Z
M3,810,saturated,M3,true,0.000,0.000,0.000,0.000,0.000,0.000,0.000,635816,367562,128892928,34267136,0,637200,2026-08-02T19:50:33.398549Z
M3,811,saturated,M3,true,0.000,0.000,0.000,0.000,0.000,0.000,0.000,635816,367562,128892928,34267136,0,637200,2026-08-02T19:50:33.398549Z
M3,812,saturated,M3,true,0.000,0.000,0.000,0.000,0.000,0.000,0.000,635816,367562,128892928,34267136,0,637200,2026-08-02T19:50:33.398549Z
M3,813,saturated,M3,true,0.000,0.000,0.000,0.000,0.000,0.000,0.000,635816,367562,128892928,34267136,0,637200,2026-08-02T19:50:33.398549Z
M3,814,saturated,M3,true,0.000,0.000,0.000,0.000,0.000,0.000,0.000,635816,367562,128892928,34267136,0,637200,2026-08-02T19:50:33.398549Z
M3,815,saturated,M3,true,0.000,0.000,0.000,0.000,0.000,0.000,0.000,635816,367562,128892928,34267136,0,637200,2026-08-02T19:50:33.398549Z
M3,816,saturated,M3,true,0.000,0.000,0.000,0.000,0.000,0.000,0.000,635816,367562,128892928,34267136,0,637200,2026-08-02T19:50:33.398549Z
M3,817,saturated,M3,true,0.000,0.000,0.000,0.000,0.000,0.000,0.000,635816,367562,128892928,34267136,0,637200,2026-08-02T19:50:33.398549Z
M3,818,saturated,M3,true,0.000,0.000,0.000,0.000,0.000,0.000,0.000,635816,367562,128892928,34267136,0,637200,2026-08-02T19:50:33.398549Z
M3,819,saturated,M3,true,0.000,0.000,0.000,0.000,0.000,0.000,0.000,635816,367562,128892928,34267136,0,637200,2026-08-02T19:50:33.398549Z
M3,820,saturated,M3,true,0.000,0.000,0.000,0.000,0.000,0.000,0.000,635816,367562,128892928,34267136,0,637200,2026-08-02T19:50:33.398549Z
M3,821,saturated,M3,true,0.000,0.000,0.000,0.000,0.000,0.000,0.000,635816,367562,128892928,34267136,0,637200,2026-08-02T19:50:33.398549Z
M3,822,saturated,M3,true,0.000,0.000,0.000,0.000,0.000,0.000,0.000,635816,367562,128892928,34267136,0,637200,2026-08-02T19:50:33.398549Z
M3,823,saturated,M3,true,0.000,0.000,0.000,0.000,0.000,0.000,0.000,635816,367562,128892928,34267136,0,637200,2026-08-02T19:50:33.398549Z
M3,824,saturated,M3,true,0.000,0.000,0.000,0.000,0.000,0.000,0.000,635816,367562,128892928,34267136,0,637201,2026-08-02T19:50:33.398549Z
M3,825,saturated,M3,true,0.000,0.000,0.000,0.000,0.000,0.000,0.000,635816,367562,128892928,34267136,0,637201,2026-08-02T19:50:33.398549Z
M3,826,saturated,M3,true,0.000,0.000,0.000,0.000,0.000,0.000,0.000,635816,367562,128892928,34267136,0,637201,2026-08-02T19:50:33.398549Z
M3,827,saturated,M3,true,0.000,0.000,0.000,0.000,0.000,0.000,0.000,635816,367562,128892928,34267136,0,637201,2026-08-02T19:50:33.398549Z
M3,828,saturated,M3,true,0.000,0.000,0.000,0.000,0.000,0.000,0.000,635816,367562,128892928,34267136,0,637201,2026-08-02T19:50:33.398549Z
M3,829,saturated,M3,true,0.000,0.000,0.000,0.000,0.000,0.000,0.000,635816,367562,128892928,34267136,0,637201,2026-08-02T19:50:33.398549Z
M3,830,saturated,M3,true,0.000,0.000,0.000,0.000,0.000,0.000,0.000,635816,367562,128892928,34267136,0,637201,2026-08-02T19:50:33.398549Z
M3,831,saturated,M3,true,0.000,0.000,0.000,0.000,0.000,0.000,0.000,635816,367562,128892928,34267136,0,637201,2026-08-02T19:50:33.398549Z
M3,832,saturated,M3,true,0.000,0.000,0.000,0.000,0.000,0.000,0.000,635816,367562,128892928,34267136,0,637201,2026-08-02T19:50:33.398549Z
M3,833,saturated,M3,true,0.000,0.000,0.000,0.000,0.000,0.000,0.000,635816,367562,128892928,34267136,0,637201,2026-08-02T19:50:33.398549Z
M3,834,saturated,M3,true,0.000,0.000,0.000,0.000,0.000,0.000,0.000,635816,367562,128892928,34267136,0,637201,2026-08-02T19:50:33.398549Z
M3,835,saturated,M3,true,0.000,0.000,0.000,0.000,0.000,0.000,0.000,635816,367562,128892928,34267136,0,637201,2026-08-02T19:50:33.398549Z
M3,836,saturated,M3,true,0.000,0.000,0.000,0.000,0.000,0.000,0.000,635816,367562,128892928,34267136,0,637201,2026-08-02T19:50:33.398549Z
M3,837,saturated,M3,true,0.000,0.000,0.000,0.000,0.000,0.000,0.000,635816,367562,128892928,34267136,0,637201,2026-08-02T19:50:33.398549Z
M3,838,saturated,M3,true,0.000,0.000,0.000,0.000,0.000,0.000,0.000,635816,367562,128892928,34267136,0,637201,2026-08-02T19:50:33.398549Z
M3,839,saturated,M3,true,0.000,0.000,0.000,0.000,0.000,0.000,0.000,635816,367562,128892928,34267136,0,637201,2026-08-02T19:50:33.398549Z
M3,840,saturated,M3,true,0.000,0.000,0.000,0.000,0.000,0.000,0.000,635816,367562,128892928,34267136,0,637202,2026-08-02T19:50:33.398549Z
M3,841,saturated,M3,true,0.000,0.000,0.000,0.000,0.000,0.000,0.000,635816,367562,128892928,34267136,0,637202,2026-08-02T19:50:33.398549Z
M3,842,saturated,M3,true,0.000,0.000,0.000,0.000,0.000,0.000,0.000,635816,367562,128892928,34267136,0,637202,2026-08-02T19:50:33.398549Z
M3,843,saturated,M3,true,0.000,0.000,0.000,0.000,0.000,0.000,0.000,635816,367562,128892928,34267136,0,637202,2026-08-02T19:50:33.398549Z
M3,844,saturated,M3,true,0.000,0.000,0.000,0.000,0.000,0.000,0.000,635816,367562,128892928,34267136,0,637202,2026-08-02T19:50:33.398549Z
M3,845,saturated,M3,true,0.000,0.000,0.000,0.000,0.000,0.000,0.000,635816,367562,128892928,34267136,0,637202,2026-08-02T19:50:33.398549Z
M3,846,saturated,M3,true,0.000,0.000,0.000,0.000,0.000,0.000,0.000,635816,367562,128892928,34267136,0,637202,2026-08-02T19:50:33.398549Z
M3,847,saturated,M3,true,0.000,0.000,0.000,0.000,0.000,0.000,0.000,635816,367562,128892928,34267136,0,637202,2026-08-02T19:50:33.398549Z
M3,848,saturated,M3,true,0.000,0.000,0.000,0.000,0.000,0.000,0.000,635816,367562,128892928,34267136,0,637202,2026-08-02T19:50:33.398549Z
M3,849,saturated,M3,true,0.000,0.000,0.000,0.000,0.000,0.000,0.000,635816,367562,128892928,34267136,0,637202,2026-08-02T19:50:33.398549Z
M3,850,saturated,M3,true,0.000,0.000,0.000,0.000,0.000,0.000,0.000,635816,367562,128892928,34267136,0,637202,2026-08-02T19:50:33.398549Z
M3,851,saturated,M3,true,0.000,0.000,0.000,0.000,0.000,0.000,0.000,635816,367562,128892928,34267136,0,637202,2026-08-02T19:51:33.502204Z
M3,852,saturated,M3,true,0.000,0.000,0.000,0.000,0.000,0.000,0.000,635816,367562,128892928,34267136,0,637202,2026-08-02T19:51:33.502204Z
M3,853,saturated,M3,true,0.000,0.000,0.000,0.000,0.000,0.000,0.000,635816,367562,128892928,34267136,0,637202,2026-08-02T19:51:33.502204Z
M3,854,saturated,M3,true,0.000,0.000,0.000,0.000,0.000,0.000,0.000,635816,367562,128892928,34267136,0,637202,2026-08-02T19:51:33.502204Z
M3,855,saturated,M3,true,0.000,0.000,0.000,0.000,0.000,0.000,0.000,635816,367562,128892928,34267136,0,637202,2026-08-02T19:51:33.502204Z
M3,856,saturated,M3,true,0.000,0.000,0.000,0.000,0.000,0.000,0.000,635816,367562,128892928,34267136,0,637202,2026-08-02T19:51:33.502204Z
M3,857,saturated,M3,true,0.000,0.000,0.000,0.000,0.000,0.000,0.000,635816,367562,128892928,34267136,0,637203,2026-08-02T19:51:33.502204Z
M3,858,saturated,M3,true,0.000,0.000,0.000,0.000,0.000,0.000,0.000,635816,367562,128892928,34267136,0,637203,2026-08-02T19:51:33.502204Z
M3,859,saturated,M3,true,0.000,0.000,0.000,0.000,0.000,0.000,0.000,635816,367562,128892928,34267136,0,637203,2026-08-02T19:51:33.502204Z
M3,860,saturated,M3,true,0.000,0.000,0.000,0.000,0.000,0.000,0.000,635816,367562,128892928,34267136,0,637203,2026-08-02T19:51:33.502204Z
M3,861,saturated,M3,true,0.000,0.000,0.000,0.000,0.000,0.000,0.000,635816,367562,128892928,34267136,0,637203,2026-08-02T19:51:33.502204Z
M3,862,saturated,M3,true,0.000,0.000,0.000,0.000,0.000,0.000,0.000,635816,367562,128892928,34267136,0,637203,2026-08-02T19:51:33.502204Z
M3,863,saturated,M3,true,0.000,0.000,0.000,0.000,0.000,0.000,0.000,635816,367562,128892928,34267136,0,637203,2026-08-02T19:51:33.502204Z
M3,864,saturated,M3,true,0.000,0.000,0.000,0.000,0.000,0.000,0.000,635816,367562,128892928,34267136,0,637203,2026-08-02T19:51:33.502204Z
M3,865,saturated,M3,true,0.000,0.000,0.000,0.000,0.000,0.000,0.000,635816,367562,128892928,34267136,0,637203,2026-08-02T19:51:33.502204Z
M3,866,saturated,M3,true,0.000,0.000,0.000,0.000,0.000,0.000,0.000,635816,367562,128892928,34267136,0,637203,2026-08-02T19:51:33.502204Z
M3,867,saturated,M3,true,0.000,0.000,0.000,0.000,0.000,0.000,0.000,635816,367562,128892928,34267136,0,637203,2026-08-02T19:51:33.502204Z
M3,868,saturated,M3,true,0.000,0.000,0.000,0.000,0.000,0.000,0.000,635816,367562,128892928,34267136,0,637203,2026-08-02T19:51:33.502204Z
M3,869,saturated,M3,true,0.000,0.000,0.000,0.000,0.000,0.000,0.000,635816,367562,128892928,34267136,0,637203,2026-08-02T19:51:33.502204Z
M3,870,saturated,M3,true,0.000,0.000,0.000,0.000,0.000,0.000,0.000,635816,367562,128892928,34267136,0,637203,2026-08-02T19:51:33.502204Z
M3,871,saturated,M3,true,0.000,0.000,0.000,0.000,0.000,0.000,0.000,635816,367562,128892928,34267136,0,637203,2026-08-02T19:51:33.502204Z
M3,872,saturated,M3,true,0.000,0.000,0.000,0.000,0.000,0.000,0.000,635816,367562,128892928,34267136,0,637203,2026-08-02T19:51:33.502204Z
M3,873,saturated,M3,true,0.000,0.000,0.000,0.000,0.000,0.000,0.000,635816,367562,128892928,34267136,0,637204,2026-08-02T19:51:33.502204Z
M3,874,saturated,M3,true,0.000,0.000,0.000,0.000,0.000,0.000,0.000,635816,367562,128892928,34267136,0,637204,2026-08-02T19:51:33.502204Z
M3,875,saturated,M3,true,0.000,0.000,0.000,0.000,0.000,0.000,0.000,635816,367562,128892928,34267136,0,637204,2026-08-02T19:51:33.502204Z
M3,876,saturated,M3,true,0.000,0.000,0.000,0.000,0.000,0.000,0.000,635816,367562,128892928,34267136,0,637204,2026-08-02T19:51:33.502204Z
M3,877,saturated,M3,true,0.000,0.000,0.000,0.000,0.000,0.000,0.000,635816,367562,128892928,34267136,0,637204,2026-08-02T19:51:33.502204Z
M3,878,saturated,M3,true,0.000,0.000,0.000,0.000,0.000,0.000,0.000,635816,367562,128892928,34267136,0,637204,2026-08-02T19:51:33.502204Z
M3,879,saturated,M3,true,0.000,0.000,0.000,0.000,0.000,0.000,0.000,635816,367562,128892928,34267136,0,637204,2026-08-02T19:51:33.502204Z
M3,880,saturated,M3,true,0.000,0.000,0.000,0.000,0.000,0.000,0.000,635816,367562,128892928,34267136,0,637204,2026-08-02T19:51:33.502204Z
M3,881,saturated,M3,true,0.000,0.000,0.000,0.000,0.000,0.000,0.000,635816,367562,128892928,34267136,0,637204,2026-08-02T19:51:33.502204Z
M3,882,saturated,M3,true,0.000,0.000,0.000,0.000,0.000,0.000,0.000,635816,367562,128892928,34267136,0,637204,2026-08-02T19:51:33.502204Z
M3,883,saturated,M3,true,0.000,0.000,0.000,0.000,0.000,0.000,0.000,635816,367562,128892928,34267136,0,637204,2026-08-02T19:51:33.502204Z
M3,884,saturated,M3,true,0.000,0.000,0.000,0.000,0.000,0.000,0.000,635816,367562,128892928,34267136,0,637204,2026-08-02T19:51:33.502204Z
M3,885,saturated,M3,true,0.000,0.000,0.000,0.000,0.000,0.000,0.000,635816,367562,128892928,34267136,0,637204,2026-08-02T19:51:33.502204Z
M3,886,saturated,M3,true,0.000,0.000,0.000,0.000,0.000,0.000,0.000,635816,367562,128892928,34267136,0,637204,2026-08-02T19:51:33.502204Z
M3,887,saturated,M3,true,0.000,0.000,0.000,0.000,0.000,0.000,0.000,635816,367562,128892928,34267136,0,637204,2026-08-02T19:51:33.502204Z
M3,888,saturated,M3,true,0.000,0.000,0.000,0.000,0.000,0.000,0.000,635816,367562,128892928,34267136,0,637204,2026-08-02T19:51:33.502204Z
M3,889,saturated,M3,true,0.000,0.000,0.000,0.000,0.000,0.000,0.000,635816,367562,128892928,34267136,0,637204,2026-08-02T19:51:33.502204Z
M3,890,saturated,M3,true,0.000,0.000,0.000,0.000,0.000,0.000,0.000,635816,367562,128892928,34267136,0,637205,2026-08-02T19:51:33.502204Z
M3,891,saturated,M3,true,0.000,0.000,0.000,0.000,0.000,0.000,0.000,635816,367562,128892928,34267136,0,637205,2026-08-02T19:51:33.502204Z
M3,892,saturated,M3,true,0.000,0.000,0.000,0.000,0.000,0.000,0.000,635816,367562,128892928,34267136,0,637205,2026-08-02T19:51:33.502204Z
M3,893,saturated,M3,true,0.000,0.000,0.000,0.000,0.000,0.000,0.000,635816,367562,128892928,34267136,0,637205,2026-08-02T19:51:33.502204Z
M3,894,saturated,M3,true,0.000,0.000,0.000,0.000,0.000,0.000,0.000,635816,367562,128892928,34267136,0,637205,2026-08-02T19:51:33.502204Z
M3,895,saturated,M3,true,0.000,0.000,0.000,0.000,0.000,0.000,0.000,635816,367562,128892928,34267136,0,637205,2026-08-02T19:51:33.502204Z
M3,896,saturated,M3,true,0.000,0.000,0.000,0.000,0.000,0.000,0.000,635816,367562,128892928,34267136,0,637205,2026-08-02T19:51:33.502204Z
M3,897,saturated,M3,true,0.000,0.000,0.000,0.000,0.000,0.000,0.000,635816,367562,128892928,34267136,0,637205,2026-08-02T19:51:33.502204Z
M3,898,saturated,M3,true,0.000,0.000,0.000,0.000,0.000,0.000,0.000,635816,367562,128892928,34267136,0,637205,2026-08-02T19:51:33.502204Z
M3,899,saturated,M3,true,0.000,0.000,0.000,0.000,0.000,0.000,0.000,635816,367562,128892928,34267136,0,637205,2026-08-02T19:51:33.502204Z
M3,900,saturated,M3,true,0.000,0.000,0.000,0.000,0.000,0.000,0.000,635816,367562,128892928,34267136,0,637205,2026-08-02T19:51:33.502204Z
M3,901,saturated,M3,true,0.000,0.000,0.000,0.000,0.000,0.000,0.000,635816,367562,128892928,34267136,0,637205,2026-08-02T19:51:33.502204Z
M3,902,saturated,M3,true,0.000,0.000,0.000,0.000,0.000,0.000,0.000,635816,367562,128892928,34267136,0,637205,2026-08-02T19:51:33.502204Z
M3,903,saturated,M3,true,0.000,0.000,0.000,0.000,0.000,0.000,0.000,635816,367562,128892928,34267136,0,637205,2026-08-02T19:51:33.502204Z
M3,904,saturated,M3,true,0.000,0.000,0.000,0.000,0.000,0.000,0.000,635816,367562,128892928,34267136,0,637205,2026-08-02T19:51:33.502204Z
M3,905,saturated,M3,true,0.000,0.000,0.000,0.000,0.000,0.000,0.000,635816,367562,128892928,34267136,0,637205,2026-08-02T19:51:33.502204Z
M3,906,saturated,M3,true,0.000,0.000,0.000,0.000,0.000,0.000,0.000,635816,367562,128892928,34267136,0,637206,2026-08-02T19:51:33.502204Z
M3,907,saturated,M3,true,0.000,0.000,0.000,0.000,0.000,0.000,0.000,635816,367562,128892928,34267136,0,637206,2026-08-02T19:51:33.502204Z
M3,908,saturated,M3,true,0.000,0.000,0.000,0.000,0.000,0.000,0.000,635816,367562,128892928,34267136,0,637206,2026-08-02T19:51:33.502204Z
M3,909,saturated,M3,true,0.000,0.000,0.000,0.000,0.000,0.000,0.000,635816,367562,128892928,34267136,0,637206,2026-08-02T19:51:33.502204Z
M3,910,saturated,M3,true,0.000,0.000,0.000,0.000,0.000,0.000,0.000,635816,367562,128892928,34267136,0,637206,2026-08-02T19:51:33.502204Z
M3,911,saturated,M3,true,0.000,0.000,0.000,0.000,0.000,0.000,0.000,635816,367562,128892928,34267136,0,637206,2026-08-02T19:52:33.356957Z
M3,912,saturated,M3,true,0.000,0.000,0.000,0.000,0.000,0.000,0.000,635816,367562,128892928,34267136,0,637206,2026-08-02T19:52:33.356957Z
M3,913,saturated,M3,true,0.000,0.000,0.000,0.000,0.000,0.000,0.000,635816,367562,128892928,34267136,0,637206,2026-08-02T19:52:33.356957Z
M3,914,saturated,M3,true,0.000,0.000,0.000,0.000,0.000,0.000,0.000,635816,367562,128892928,34267136,0,637206,2026-08-02T19:52:33.356957Z
M3,915,saturated,M3,true,0.000,0.000,0.000,0.000,0.000,0.000,0.000,635816,367562,128892928,34267136,0,637206,2026-08-02T19:52:33.356957Z
M3,916,saturated,M3,true,0.000,0.000,0.000,0.000,0.000,0.000,0.000,635816,367562,128892928,34267136,0,637206,2026-08-02T19:52:33.356957Z
M3,917,saturated,M3,true,0.000,0.000,0.000,0.000,0.000,0.000,0.000,635816,367562,128892928,34267136,0,637206,2026-08-02T19:52:33.356957Z
M3,918,saturated,M3,true,0.000,0.000,0.000,0.000,0.000,0.000,0.000,635816,367562,128892928,34267136,0,637206,2026-08-02T19:52:33.356957Z
M3,919,saturated,M3,true,0.000,0.000,0.000,0.000,0.000,0.000,0.000,635816,367562,128892928,34267136,0,637206,2026-08-02T19:52:33.356957Z
M3,920,saturated,M3,true,0.000,0.000,0.000,0.000,0.000,0.000,0.000,635816,367562,128892928,34267136,0,637206,2026-08-02T19:52:33.356957Z
M3,921,saturated,M3,true,0.000,0.000,0.000,0.000,0.000,0.000,0.000,635816,367562,128892928,34267136,0,637206,2026-08-02T19:52:33.356957Z
M3,922,saturated,M3,true,0.000,0.000,0.000,0.000,0.000,0.000,0.000,635816,367562,128892928,34267136,0,637206,2026-08-02T19:52:33.356957Z
M3,923,saturated,M3,true,0.000,0.000,0.000,0.000,0.000,0.000,0.000,635816,367562,128892928,34267136,0,637207,2026-08-02T19:52:33.356957Z
M3,924,saturated,M3,true,0.000,0.000,0.000,0.000,0.000,0.000,0.000,635816,367562,128892928,34267136,0,637207,2026-08-02T19:52:33.356957Z
M3,925,saturated,M3,true,0.000,0.000,0.000,0.000,0.000,0.000,0.000,635816,367562,128892928,34267136,0,637207,2026-08-02T19:52:33.356957Z
M3,926,saturated,M3,true,0.000,0.000,0.000,0.000,0.000,0.000,0.000,635816,367562,128892928,34267136,0,637207,2026-08-02T19:52:33.356957Z
M3,927,saturated,M3,true,0.000,0.000,0.000,0.000,0.000,0.000,0.000,635816,367562,128892928,34267136,0,637207,2026-08-02T19:52:33.356957Z
M3,928,saturated,M3,true,0.000,0.000,0.000,0.000,0.000,0.000,0.000,635816,367562,128892928,34267136,0,637207,2026-08-02T19:52:33.356957Z
M3,929,saturated,M3,true,0.000,0.000,0.000,0.000,0.000,0.000,0.000,635816,367562,128892928,34267136,0,637207,2026-08-02T19:52:33.356957Z
M3,930,saturated,M3,true,0.000,0.000,0.000,0.000,0.000,0.000,0.000,635816,367562,128892928,34267136,0,637207,2026-08-02T19:52:33.356957Z
M3,931,saturated,M3,true,0.000,0.000,0.000,0.000,0.000,0.000,0.000,635816,367562,128892928,34267136,0,637207,2026-08-02T19:52:33.356957Z
M3,932,saturated,M3,true,0.000,0.000,0.000,0.000,0.000,0.000,0.000,635816,367562,128892928,34267136,0,637207,2026-08-02T19:52:33.356957Z
M3,933,saturated,M3,true,0.000,0.000,0.000,0.000,0.000,0.000,0.000,635816,367562,128892928,34267136,0,637207,2026-08-02T19:52:33.356957Z
M3,934,saturated,M3,true,0.000,0.000,0.000,0.000,0.000,0.000,0.000,635816,367562,128892928,34267136,0,637207,2026-08-02T19:52:33.356957Z
M3,935,saturated,M3,true,0.000,0.000,0.000,0.000,0.000,0.000,0.000,635816,367562,128892928,34267136,0,637207,2026-08-02T19:52:33.356957Z
M3,936,saturated,M3,true,0.000,0.000,0.000,0.000,0.000,0.000,0.000,635816,367562,128892928,34267136,0,637207,2026-08-02T19:52:33.356957Z
M3,937,saturated,M3,true,0.000,0.000,0.000,0.000,0.000,0.000,0.000,635816,367562,128892928,34267136,0,637207,2026-08-02T19:52:33.356957Z
M3,938,saturated,M3,true,0.000,0.000,0.000,0.000,0.000,0.000,0.000,635816,367562,128892928,34267136,0,637207,2026-08-02T19:52:33.356957Z
M3,939,saturated,M3,true,0.000,0.000,0.000,0.000,0.000,0.000,0.000,635816,367562,128892928,34267136,0,637208,2026-08-02T19:52:33.356957Z
M3,940,saturated,M3,true,0.000,0.000,0.000,0.000,0.000,0.000,0.000,635816,367562,128892928,34267136,0,637208,2026-08-02T19:52:33.356957Z
M3,941,saturated,M3,true,0.000,0.000,0.000,0.000,0.000,0.000,0.000,635816,367562,128892928,34267136,0,637208,2026-08-02T19:52:33.356957Z
M3,942,saturated,M3,true,0.000,0.000,0.000,0.000,0.000,0.000,0.000,635816,367562,128892928,34267136,0,637208,2026-08-02T19:52:33.356957Z
M3,943,saturated,M3,true,0.000,0.000,0.000,0.000,0.000,0.000,0.000,635816,367562,128892928,34267136,0,637208,2026-08-02T19:52:33.356957Z
M3,944,saturated,M3,true,0.000,0.000,0.000,0.000,0.000,0.000,0.000,635816,367562,128892928,34267136,0,637208,2026-08-02T19:52:33.356957Z
M3,945,saturated,M3,true,0.000,0.000,0.000,0.000,0.000,0.000,0.000,635816,367562,128892928,34267136,0,637208,2026-08-02T19:52:33.356957Z
M3,946,saturated,M3,true,0.000,0.000,0.000,0.000,0.000,0.000,0.000,635816,367562,128892928,34267136,0,637208,2026-08-02T19:52:33.356957Z
M3,947,saturated,M3,true,0.000,0.000,0.000,0.000,0.000,0.000,0.000,635816,367562,128892928,34267136,0,637208,2026-08-02T19:52:33.356957Z
M3,948,saturated,M3,true,0.000,0.000,0.000,0.000,0.000,0.000,0.000,635816,367562,128892928,34267136,0,637208,2026-08-02T19:52:33.356957Z
M3,949,saturated,M3,true,0.000,0.000,0.000,0.000,0.000,0.000,0.000,635816,367562,128892928,34267136,0,637208,2026-08-02T19:52:33.356957Z
M3,950,saturated,M3,true,0.000,0.000,0.000,0.000,0.000,0.000,0.000,635816,367562,128892928,34267136,0,637208,2026-08-02T19:52:33.356957Z
M3,951,saturated,M3,true,0.000,0.000,0.000,0.000,0.000,0.000,0.000,635816,367562,128892928,34267136,0,637208,2026-08-02T19:52:33.356957Z
M3,952,saturated,M3,true,0.000,0.000,0.000,0.000,0.000,0.000,0.000,635816,367562,128892928,34267136,0,637208,2026-08-02T19:52:33.356957Z
M3,953,saturated,M3,true,0.000,0.000,0.000,0.000,0.000,0.000,0.000,635816,367562,128892928,34267136,0,637208,2026-08-02T19:52:33.356957Z
M3,954,saturated,M3,true,0.000,0.000,0.000,0.000,0.000,0.000,0.000,635816,367562,128892928,34267136,0,637208,2026-08-02T19:52:33.356957Z
M3,955,saturated,M3,true,0.000,0.000,0.000,0.000,0.000,0.000,0.000,635816,367562,128892928,34267136,0,637208,2026-08-02T19:52:33.356957Z
M3,956,saturated,M3,true,0.000,0.000,0.000,0.000,0.000,0.000,0.000,635816,367562,128892928,34267136,0,637209,2026-08-02T19:52:33.356957Z
M3,957,saturated,M3,true,0.000,0.000,0.000,0.000,0.000,0.000,0.000,635816,367562,128892928,34267136,0,637209,2026-08-02T19:52:33.356957Z
M3,958,saturated,M3,true,0.000,0.000,0.000,0.000,0.000,0.000,0.000,635816,367562,128892928,34267136,0,637209,2026-08-02T19:52:33.356957Z
M3,959,saturated,M3,true,0.000,0.000,0.000,0.000,0.000,0.000,0.000,635816,367562,128892928,34267136,0,637209,2026-08-02T19:52:33.356957Z
M3,960,saturated,M3,true,0.000,0.000,0.000,0.000,0.000,0.000,0.000,635816,367562,128892928,34267136,0,637209,2026-08-02T19:52:33.356957Z
M3,961,saturated,M3,true,0.000,0.000,0.000,0.000,0.000,0.000,0.000,635816,367562,128892928,34267136,0,637209,2026-08-02T19:52:33.356957Z
M3,962,saturated,M3,true,0.000,0.000,0.000,0.000,0.000,0.000,0.000,635816,367562,128892928,34267136,0,637209,2026-08-02T19:52:33.356957Z
M3,963,saturated,M3,true,0.000,0.000,0.000,0.000,0.000,0.000,0.000,635816,367562,128892928,34267136,0,637209,2026-08-02T19:52:33.356957Z
M3,964,saturated,M3,true,0.000,0.000,0.000,0.000,0.000,0.000,0.000,635816,367562,128892928,34267136,0,637209,2026-08-02T19:52:33.356957Z
M3,965,saturated,M3,true,0.000,0.000,0.000,0.000,0.000,0.000,0.000,635816,367562,128892928,34267136,0,637209,2026-08-02T19:52:33.356957Z
M3,966,saturated,M3,true,0.000,0.000,0.000,0.000,0.000,0.000,0.000,635816,367562,128892928,34267136,0,637209,2026-08-02T19:52:33.356957Z
M3,967,saturated,M3,true,0.000,0.000,0.000,0.000,0.000,0.000,0.000,635816,367562,128892928,34267136,0,637209,2026-08-02T19:52:33.356957Z
M3,968,saturated,M3,true,0.000,0.000,0.000,0.000,0.000,0.000,0.000,635816,367562,128892928,34267136,0,637209,2026-08-02T19:52:33.356957Z
M3,969,saturated,M3,true,0.000,0.000,0.000,0.000,0.000,0.000,0.000,635816,367562,128892928,34267136,0,637209,2026-08-02T19:52:33.356957Z
M3,970,saturated,M3,true,0.000,0.000,0.000,0.000,0.000,0.000,0.000,635816,367562,128892928,34267136,0,637209,2026-08-02T19:52:33.356957Z
M3,971,saturated,M3,true,0.000,0.000,0.000,0.000,0.000,0.000,0.000,635816,367562,128892928,34267136,0,637209,2026-08-02T19:53:33.593195Z
M3,972,saturated,M3,true,0.000,0.000,0.000,0.000,0.000,0.000,0.000,635816,367562,128892928,34267136,0,637210,2026-08-02T19:53:33.593195Z
M3,973,saturated,M3,true,0.000,0.000,0.000,0.000,0.000,0.000,0.000,635816,367562,128892928,34267136,0,637210,2026-08-02T19:53:33.593195Z
M3,974,saturated,M3,true,0.000,0.000,0.000,0.000,0.000,0.000,0.000,635816,367562,128892928,34267136,0,637210,2026-08-02T19:53:33.593195Z
M3,975,saturated,M3,true,0.000,0.000,0.000,0.000,0.000,0.000,0.000,635816,367562,128892928,34267136,0,637210,2026-08-02T19:53:33.593195Z
M3,976,saturated,M3,true,0.000,0.000,0.000,0.000,0.000,0.000,0.000,635816,367562,128892928,34267136,0,637210,2026-08-02T19:53:33.593195Z
M3,977,saturated,M3,true,0.000,0.000,0.000,0.000,0.000,0.000,0.000,635816,367562,128892928,34267136,0,637210,2026-08-02T19:53:33.593195Z
M3,978,saturated,M3,true,0.000,0.000,0.000,0.000,0.000,0.000,0.000,635816,367562,128892928,34267136,0,637210,2026-08-02T19:53:33.593195Z
M3,979,saturated,M3,true,0.000,0.000,0.000,0.000,0.000,0.000,0.000,635816,367562,128892928,34267136,0,637210,2026-08-02T19:53:33.593195Z
M3,980,saturated,M3,true,0.000,0.000,0.000,0.000,0.000,0.000,0.000,635816,367562,128892928,34267136,0,637210,2026-08-02T19:53:33.593195Z
M3,981,saturated,M3,true,0.000,0.000,0.000,0.000,0.000,0.000,0.000,635816,367562,128892928,34267136,0,637210,2026-08-02T19:53:33.593195Z
M3,982,saturated,M3,true,0.000,0.000,0.000,0.000,0.000,0.000,0.000,635816,367562,128892928,34267136,0,637210,2026-08-02T19:53:33.593195Z
M3,983,saturated,M3,true,0.000,0.000,0.000,0.000,0.000,0.000,0.000,635816,367562,128892928,34267136,0,637210,2026-08-02T19:53:33.593195Z
M3,984,saturated,M3,true,0.000,0.000,0.000,0.000,0.000,0.000,0.000,635816,367562,128892928,34267136,0,637210,2026-08-02T19:53:33.593195Z
M3,985,saturated,M3,true,0.000,0.000,0.000,0.000,0.000,0.000,0.000,635816,367562,128892928,34267136,0,637210,2026-08-02T19:53:33.593195Z
M3,986,saturated,M3,true,0.000,0.000,0.000,0.000,0.000,0.000,0.000,635816,367562,128892928,34267136,0,637210,2026-08-02T19:53:33.593195Z
M3,987,saturated,M3,true,0.000,0.000,0.000,0.000,0.000,0.000,0.000,635816,367562,128892928,34267136,0,637210,2026-08-02T19:53:33.593195Z
M3,988,saturated,M3,true,0.000,0.000,0.000,0.000,0.000,0.000,0.000,635816,367562,128892928,34267136,0,637210,2026-08-02T19:53:33.593195Z
M3,989,saturated,M3,true,0.000,0.000,0.000,0.000,0.000,0.000,0.000,635816,367562,128892928,34267136,0,637211,2026-08-02T19:53:33.593195Z
M3,990,saturated,M3,true,0.000,0.000,0.000,0.000,0.000,0.000,0.000,635816,367562,128892928,34267136,0,637211,2026-08-02T19:53:33.593195Z
M3,991,saturated,M3,true,0.000,0.000,0.000,0.000,0.000,0.000,0.000,635816,367562,128892928,34267136,0,637211,2026-08-02T19:53:33.593195Z
M3,992,saturated,M3,true,0.000,0.000,0.000,0.000,0.000,0.000,0.000,635816,367562,128892928,34267136,0,637211,2026-08-02T19:53:33.593195Z
M3,993,saturated,M3,true,0.000,0.000,0.000,0.000,0.000,0.000,0.000,635816,367562,128892928,34267136,0,637211,2026-08-02T19:53:33.593195Z
M3,994,saturated,M3,true,0.000,0.000,0.000,0.000,0.000,0.000,0.000,635816,367562,128892928,34267136,0,637211,2026-08-02T19:53:33.593195Z
M3,995,saturated,M3,true,0.000,0.000,0.000,0.000,0.000,0.000,0.000,635816,367562,128892928,34267136,0,637211,2026-08-02T19:53:33.593195Z
M3,996,saturated,M3,true,0.000,0.000,0.000,0.000,0.000,0.000,0.000,635816,367562,128892928,34267136,0,637211,2026-08-02T19:53:33.593195Z
M3,997,saturated,M3,true,0.000,0.000,0.000,0.000,0.000,0.000,0.000,635816,367562,128892928,34267136,0,637211,2026-08-02T19:53:33.593195Z
M3,998,saturated,M3,true,0.000,0.000,0.000,0.000,0.000,0.000,0.000,635816,367562,128892928,34267136,0,637211,2026-08-02T19:53:33.593195Z
M3,999,saturated,M3,true,0.000,0.000,0.000,0.000,0.000,0.000,0.000,635816,367562,128892928,34267136,0,637211,2026-08-02T19:53:33.593195Z
M3,1000,saturated,M3,true,0.000,0.000,0.000,0.000,0.000,0.000,0.000,635816,367562,128892928,34267136,0,637211,2026-08-02T19:53:33.593195Z
M3,1001,saturated,M3,true,0.000,0.000,0.000,0.000,0.000,0.000,0.000,635816,367562,128892928,34267136,0,637211,2026-08-02T19:53:33.593195Z
M3,1002,saturated,M3,true,0.000,0.000,0.000,0.000,0.000,0.000,0.000,635816,367562,128892928,34267136,0,637211,2026-08-02T19:53:33.593195Z
M3,1003,saturated,M3,true,0.000,0.000,0.000,0.000,0.000,0.000,0.000,635816,367562,128892928,34267136,0,637211,2026-08-02T19:53:33.593195Z
M3,1004,saturated,M3,true,0.000,0.000,0.000,0.000,0.000,0.000,0.000,635816,367562,128892928,34267136,0,637211,2026-08-02T19:53:33.593195Z
M3,1005,saturated,M3,true,0.000,0.000,0.000,0.000,0.000,0.000,0.000,635816,367562,128892928,34267136,0,637212,2026-08-02T19:53:33.593195Z
M3,1006,saturated,M3,true,0.000,0.000,0.000,0.000,0.000,0.000,0.000,635816,367562,128892928,34267136,0,637212,2026-08-02T19:53:33.593195Z
M3,1007,saturated,M3,true,0.000,0.000,0.000,0.000,0.000,0.000,0.000,635816,367562,128892928,34267136,0,637212,2026-08-02T19:53:33.593195Z
M3,1008,saturated,M3,true,0.000,0.000,0.000,0.000,0.000,0.000,0.000,635816,367562,128892928,34267136,0,637212,2026-08-02T19:53:33.593195Z
M3,1009,saturated,M3,true,0.000,0.000,0.000,0.000,0.000,0.000,0.000,635816,367562,128892928,34267136,0,637212,2026-08-02T19:53:33.593195Z
M3,1010,saturated,M3,true,0.000,0.000,0.000,0.000,0.000,0.000,0.000,635816,367562,128892928,34267136,0,637212,2026-08-02T19:53:33.593195Z
M3,1011,saturated,M3,true,0.000,0.000,0.000,0.000,0.000,0.000,0.000,635816,367562,128892928,34267136,0,637212,2026-08-02T19:53:33.593195Z
M3,1012,saturated,M3,true,0.000,0.000,0.000,0.000,0.000,0.000,0.000,635816,367562,128892928,34267136,0,637212,2026-08-02T19:53:33.593195Z
M3,1013,saturated,M3,true,0.000,0.000,0.000,0.000,0.000,0.000,0.000,635816,367562,128892928,34267136,0,637212,2026-08-02T19:53:33.593195Z
M3,1014,saturated,M3,true,0.000,0.000,0.000,0.000,0.000,0.000,0.000,635816,367562,128892928,34267136,0,637212,2026-08-02T19:53:33.593195Z
M3,1015,saturated,M3,true,0.000,0.000,0.000,0.000,0.000,0.000,0.000,635816,367562,128892928,34267136,0,637212,2026-08-02T19:53:33.593195Z
M3,1016,saturated,M3,true,0.000,0.000,0.000,0.000,0.000,0.000,0.000,635816,367562,128892928,34267136,0,637212,2026-08-02T19:53:33.593195Z
M3,1017,saturated,M3,true,0.000,0.000,0.000,0.000,0.000,0.000,0.000,635816,367562,128892928,34267136,0,637212,2026-08-02T19:53:33.593195Z
M3,1018,saturated,M3,true,0.000,0.000,0.000,0.000,0.000,0.000,0.000,635816,367562,128892928,34267136,0,637212,2026-08-02T19:53:33.593195Z
M3,1019,saturated,M3,true,0.000,0.000,0.000,0.000,0.000,0.000,0.000,635816,367562,128892928,34267136,0,637212,2026-08-02T19:53:33.593195Z
M3,1020,saturated,M3,true,0.000,0.000,0.000,0.000,0.000,0.000,0.000,635816,367562,128892928,34267136,0,637212,2026-08-02T19:53:33.593195Z
M3,1021,saturated,M3,true,0.000,0.000,0.000,0.000,0.000,0.000,0.000,635816,367562,128892928,34267136,0,637212,2026-08-02T19:53:33.593195Z
M3,1022,saturated,M3,true,0.000,0.000,0.000,0.000,0.000,0.000,0.000,635816,367562,128892928,34267136,0,637213,2026-08-02T19:53:33.593195Z
M3,1023,saturated,M3,true,0.000,0.000,0.000,0.000,0.000,0.000,0.000,635816,367562,128892928,34267136,0,637213,2026-08-02T19:53:33.593195Z
M3,1024,saturated,M3,true,0.000,0.000,0.000,0.000,0.000,0.000,0.000,635816,367562,128892928,34267136,0,637213,2026-08-02T19:53:33.593195Z
M3,1025,saturated,M3,true,0.000,0.000,0.000,0.000,0.000,0.000,0.000,635816,367562,128892928,34267136,0,637213,2026-08-02T19:53:33.593195Z
M3,1026,saturated,M3,true,0.000,0.000,0.000,0.000,0.000,0.000,0.000,635816,367562,128892928,34267136,0,637213,2026-08-02T19:53:33.593195Z
M3,1027,saturated,M3,true,0.000,0.000,0.000,0.000,0.000,0.000,0.000,635816,367562,128892928,34267136,0,637213,2026-08-02T19:53:33.593195Z
M3,1028,saturated,M3,true,0.000,0.000,0.000,0.000,0.000,0.000,0.000,635816,367562,128892928,34267136,0,637213,2026-08-02T19:53:33.593195Z
M3,1029,saturated,M3,true,0.000,0.000,0.000,0.000,0.000,0.000,0.000,635816,367562,128892928,34267136,0,637213,2026-08-02T19:53:33.593195Z
M3,1030,saturated,M3,true,0.000,0.000,0.000,0.000,0.000,0.000,0.000,635816,367562,128892928,34267136,0,637213,2026-08-02T19:53:33.593195Z
M3,1031,saturated,M3,true,0.000,0.000,0.000,0.000,0.000,0.000,0.000,635816,367562,128892928,34267136,0,637213,2026-08-02T19:54:33.574434Z
M3,1032,saturated,M3,true,0.000,0.000,0.000,0.000,0.000,0.000,0.000,635816,367562,128892928,34267136,0,637213,2026-08-02T19:54:33.574434Z
M3,1033,saturated,M3,true,0.000,0.000,0.000,0.000,0.000,0.000,0.000,635816,367562,128892928,34267136,0,637213,2026-08-02T19:54:33.574434Z
M3,1034,saturated,M3,true,0.000,0.000,0.000,0.000,0.000,0.000,0.000,635816,367562,128892928,34267136,0,637213,2026-08-02T19:54:33.574434Z
M3,1035,saturated,M3,true,0.000,0.000,0.000,0.000,0.000,0.000,0.000,635816,367562,128892928,34267136,0,637213,2026-08-02T19:54:33.574434Z
M3,1036,saturated,M3,true,0.000,0.000,0.000,0.000,0.000,0.000,0.000,635816,367562,128892928,34267136,0,637213,2026-08-02T19:54:33.574434Z
M3,1037,saturated,M3,true,0.000,0.000,0.000,0.000,0.000,0.000,0.000,635816,367562,128892928,34267136,0,637213,2026-08-02T19:54:33.574434Z
M3,1038,saturated,M3,true,0.000,0.000,0.000,0.000,0.000,0.000,0.000,635816,367562,128892928,34267136,0,637214,2026-08-02T19:54:33.574434Z
M3,1039,saturated,M3,true,0.000,0.000,0.000,0.000,0.000,0.000,0.000,635816,367562,128892928,34267136,0,637214,2026-08-02T19:54:33.574434Z
M3,1040,saturated,M3,true,0.000,0.000,0.000,0.000,0.000,0.000,0.000,635816,367562,128892928,34267136,0,637214,2026-08-02T19:54:33.574434Z
M3,1041,saturated,M3,true,0.000,0.000,0.000,0.000,0.000,0.000,0.000,635816,367562,128892928,34267136,0,637214,2026-08-02T19:54:33.574434Z
M3,1042,saturated,M3,true,0.000,0.000,0.000,0.000,0.000,0.000,0.000,635816,367562,128892928,34267136,0,637214,2026-08-02T19:54:33.574434Z
M3,1043,saturated,M3,true,0.000,0.000,0.000,0.000,0.000,0.000,0.000,635816,367562,128892928,34267136,0,637214,2026-08-02T19:54:33.574434Z
M3,1044,saturated,M3,true,0.000,0.000,0.000,0.000,0.000,0.000,0.000,635816,367562,128892928,34267136,0,637214,2026-08-02T19:54:33.574434Z
M3,1045,saturated,M3,true,0.000,0.000,0.000,0.000,0.000,0.000,0.000,635816,367562,128892928,34267136,0,637214,2026-08-02T19:54:33.574434Z
M3,1046,saturated,M3,true,0.000,0.000,0.000,0.000,0.000,0.000,0.000,635816,367562,128892928,34267136,0,637214,2026-08-02T19:54:33.574434Z
M3,1047,saturated,M3,true,0.000,0.000,0.000,0.000,0.000,0.000,0.000,635816,367562,128892928,34267136,0,637214,2026-08-02T19:54:33.574434Z
M3,1048,saturated,M3,true,0.000,0.000,0.000,0.000,0.000,0.000,0.000,635816,367562,128892928,34267136,0,637214,2026-08-02T19:54:33.574434Z
M3,1049,saturated,M3,true,0.000,0.000,0.000,0.000,0.000,0.000,0.000,635816,367562,128892928,34267136,0,637214,2026-08-02T19:54:33.574434Z
M3,1050,saturated,M3,true,0.000,0.000,0.000,0.000,0.000,0.000,0.000,635816,367562,128892928,34267136,0,637214,2026-08-02T19:54:33.574434Z
M3,1051,saturated,M3,true,0.000,0.000,0.000,0.000,0.000,0.000,0.000,635816,367562,128892928,34267136,0,637214,2026-08-02T19:54:33.574434Z
M3,1052,saturated,M3,true,0.000,0.000,0.000,0.000,0.000,0.000,0.000,635816,367562,128892928,34267136,0,637214,2026-08-02T19:54:33.574434Z
M3,1053,saturated,M3,true,0.000,0.000,0.000,0.000,0.000,0.000,0.000,635816,367562,128892928,34267136,0,637214,2026-08-02T19:54:33.574434Z
M3,1054,saturated,M3,true,0.000,0.000,0.000,0.000,0.000,0.000,0.000,635816,367562,128892928,34267136,0,637214,2026-08-02T19:54:33.574434Z
M3,1055,saturated,M3,true,0.000,0.000,0.000,0.000,0.000,0.000,0.000,635816,367562,128892928,34267136,0,637215,2026-08-02T19:54:33.574434Z
M3,1056,saturated,M3,true,0.000,0.000,0.000,0.000,0.000,0.000,0.000,635816,367562,128892928,34267136,0,637215,2026-08-02T19:54:33.574434Z
M3,1057,saturated,M3,true,0.000,0.000,0.000,0.000,0.000,0.000,0.000,635816,367562,128892928,34267136,0,637215,2026-08-02T19:54:33.574434Z
M3,1058,saturated,M3,true,0.000,0.000,0.000,0.000,0.000,0.000,0.000,635816,367562,128892928,34267136,0,637215,2026-08-02T19:54:33.574434Z
M3,1059,saturated,M3,true,0.000,0.000,0.000,0.000,0.000,0.000,0.000,635816,367562,128892928,34267136,0,637215,2026-08-02T19:54:33.574434Z
M3,1060,saturated,M3,true,0.000,0.000,0.000,0.000,0.000,0.000,0.000,635816,367562,128892928,34267136,0,637215,2026-08-02T19:54:33.574434Z
M3,1061,saturated,M3,true,0.000,0.000,0.000,0.000,0.000,0.000,0.000,635816,367562,128892928,34267136,0,637215,2026-08-02T19:54:33.574434Z
M3,1062,saturated,M3,true,0.000,0.000,0.000,0.000,0.000,0.000,0.000,635816,367562,128892928,34267136,0,637215,2026-08-02T19:54:33.574434Z
M3,1063,saturated,M3,true,0.000,0.000,0.000,0.000,0.000,0.000,0.000,635816,367562,128892928,34267136,0,637215,2026-08-02T19:54:33.574434Z
M3,1064,saturated,M3,true,0.000,0.000,0.000,0.000,0.000,0.000,0.000,635816,367562,128892928,34267136,0,637215,2026-08-02T19:54:33.574434Z
M3,1065,saturated,M3,true,0.000,0.000,0.000,0.000,0.000,0.000,0.000,635816,367562,128892928,34267136,0,637215,2026-08-02T19:54:33.574434Z
M3,1066,saturated,M3,true,0.000,0.000,0.000,0.000,0.000,0.000,0.000,635816,367562,128892928,34267136,0,637215,2026-08-02T19:54:33.574434Z
M3,1067,saturated,M3,true,0.000,0.000,0.000,0.000,0.000,0.000,0.000,635816,367562,128892928,34267136,0,637215,2026-08-02T19:54:33.574434Z
M3,1068,saturated,M3,true,0.000,0.000,0.000,0.000,0.000,0.000,0.000,635816,367562,128892928,34267136,0,637215,2026-08-02T19:54:33.574434Z
M3,1069,saturated,M3,true,0.000,0.000,0.000,0.000,0.000,0.000,0.000,635816,367562,128892928,34267136,0,637215,2026-08-02T19:54:33.574434Z
M3,1070,saturated,M3,true,0.000,0.000,0.000,0.000,0.000,0.000,0.000,635816,367562,128892928,34267136,0,637215,2026-08-02T19:54:33.574434Z
M3,1071,saturated,M3,true,0.000,0.000,0.000,0.000,0.000,0.000,0.000,635816,367562,128892928,34267136,0,637216,2026-08-02T19:54:33.574434Z
M3,1072,saturated,M3,true,0.000,0.000,0.000,0.000,0.000,0.000,0.000,635816,367562,128892928,34267136,0,637216,2026-08-02T19:54:33.574434Z
M3,1073,saturated,M3,true,0.000,0.000,0.000,0.000,0.000,0.000,0.000,635816,367562,128892928,34267136,0,637216,2026-08-02T19:54:33.574434Z
M3,1074,saturated,M3,true,0.000,0.000,0.000,0.000,0.000,0.000,0.000,635816,367562,128892928,34267136,0,637216,2026-08-02T19:54:33.574434Z
M3,1075,saturated,M3,true,0.000,0.000,0.000,0.000,0.000,0.000,0.000,635816,367562,128892928,34267136,0,637216,2026-08-02T19:54:33.574434Z
M3,1076,saturated,M3,true,0.000,0.000,0.000,0.000,0.000,0.000,0.000,635816,367562,128892928,34267136,0,637216,2026-08-02T19:54:33.574434Z
M3,1077,saturated,M3,true,0.000,0.000,0.000,0.000,0.000,0.000,0.000,635816,367562,128892928,34267136,0,637216,2026-08-02T19:54:33.574434Z
M3,1078,saturated,M3,true,0.000,0.000,0.000,0.000,0.000,0.000,0.000,635816,367562,128892928,34267136,0,637216,2026-08-02T19:54:33.574434Z
M3,1079,saturated,M3,true,0.000,0.000,0.000,0.000,0.000,0.000,0.000,635816,367562,128892928,34267136,0,637216,2026-08-02T19:54:33.574434Z
M3,1080,saturated,M3,true,0.000,0.000,0.000,0.000,0.000,0.000,0.000,635816,367562,128892928,34267136,0,637216,2026-08-02T19:54:33.574434Z
M3,1081,saturated,M3,true,0.000,0.000,0.000,0.000,0.000,0.000,0.000,635816,367562,128892928,34267136,0,637216,2026-08-02T19:54:33.574434Z
M3,1082,saturated,M3,true,0.000,0.000,0.000,0.000,0.000,0.000,0.000,635816,367562,128892928,34267136,0,637216,2026-08-02T19:54:33.574434Z
M3,1083,saturated,M3,true,0.000,0.000,0.000,0.000,0.000,0.000,0.000,635816,367562,128892928,34267136,0,637216,2026-08-02T19:54:33.574434Z
M3,1084,saturated,M3,true,0.000,0.000,0.000,0.000,0.000,0.000,0.000,635816,367562,128892928,34267136,0,637216,2026-08-02T19:54:33.574434Z
M3,1085,saturated,M3,true,0.000,0.000,0.000,0.000,0.000,0.000,0.000,635816,367562,128892928,34267136,0,637216,2026-08-02T19:54:33.574434Z
M3,1086,saturated,M3,true,0.000,0.000,0.000,0.000,0.000,0.000,0.000,635816,367562,128892928,34267136,0,637216,2026-08-02T19:54:33.574434Z
M3,1087,saturated,M3,true,0.000,0.000,0.000,0.000,0.000,0.000,0.000,635816,367562,128892928,34267136,0,637216,2026-08-02T19:54:33.574434Z
M3,1088,saturated,M3,true,0.000,0.000,0.000,0.000,0.000,0.000,0.000,635816,367562,128892928,34267136,0,637217,2026-08-02T19:54:33.574434Z
M3,1089,saturated,M3,true,0.000,0.000,0.000,0.000,0.000,0.000,0.000,635816,367562,128892928,34267136,0,637217,2026-08-02T19:54:33.574434Z
M3,1090,saturated,M3,true,0.000,0.000,0.000,0.000,0.000,0.000,0.000,635816,367562,128892928,34267136,0,637218,2026-08-02T19:54:33.574434Z
M3,1091,saturated,M3,true,0.000,0.000,0.000,0.000,0.000,0.000,0.000,635816,367562,128892928,34267136,0,637218,2026-08-02T19:55:33.254332Z
M3,1092,saturated,M3,true,0.000,0.000,0.000,0.000,0.000,0.000,0.000,635816,367562,128892928,34267136,0,637218,2026-08-02T19:55:33.823951Z
M3,1093,saturated,M3,true,0.000,0.000,0.000,0.000,0.000,0.000,0.000,635816,367562,128892928,34267136,0,637218,2026-08-02T19:55:33.823951Z
M3,1094,saturated,M3,true,0.000,0.000,0.000,0.000,0.000,0.000,0.000,635816,367562,128892928,34267136,0,637218,2026-08-02T19:55:33.823951Z
M3,1095,saturated,M3,true,0.000,0.000,0.000,0.000,0.000,0.000,0.000,635816,367562,128892928,34267136,0,637218,2026-08-02T19:55:33.823951Z
M3,1096,saturated,M3,true,0.000,0.000,0.000,0.000,0.000,0.000,0.000,635816,367562,128892928,34267136,0,637218,2026-08-02T19:55:33.823951Z
M3,1097,saturated,M3,true,0.000,0.000,0.000,0.000,0.000,0.000,0.000,635816,367562,128892928,34267136,0,637218,2026-08-02T19:55:33.823951Z
M3,1098,saturated,M3,true,0.000,0.000,0.000,0.000,0.000,0.000,0.000,635816,367562,128892928,34267136,0,637218,2026-08-02T19:55:33.823951Z
M3,1099,saturated,M3,true,0.000,0.000,0.000,0.000,0.000,0.000,0.000,635816,367562,128892928,34267136,0,637218,2026-08-02T19:55:33.823951Z
M3,1100,saturated,M3,true,0.000,0.000,0.000,0.000,0.000,0.000,0.000,635816,367562,128892928,34267136,0,637218,2026-08-02T19:55:33.823951Z
M3,1101,saturated,M3,true,0.000,0.000,0.000,0.000,0.000,0.000,0.000,635816,367562,128892928,34267136,0,637218,2026-08-02T19:55:33.823951Z
M3,1102,saturated,M3,true,0.000,0.000,0.000,0.000,0.000,0.000,0.000,635816,367562,128892928,34267136,0,637218,2026-08-02T19:55:33.823951Z
M3,1103,saturated,M3,true,0.000,0.000,0.000,0.000,0.000,0.000,0.000,635816,367562,128892928,34267136,0,637218,2026-08-02T19:55:33.823951Z
M3,1104,saturated,M3,true,0.000,0.000,0.000,0.000,0.000,0.000,0.000,635816,367562,128892928,34267136,0,637218,2026-08-02T19:55:33.823951Z
M3,1105,saturated,M3,true,0.000,0.000,0.000,0.000,0.000,0.000,0.000,635816,367562,128892928,34267136,0,637218,2026-08-02T19:55:33.823951Z
M3,1106,saturated,M3,true,0.000,0.000,0.000,0.000,0.000,0.000,0.000,635816,367562,128892928,34267136,0,637218,2026-08-02T19:55:33.823951Z
M3,1107,saturated,M3,true,0.000,0.000,0.000,0.000,0.000,0.000,0.000,635816,367562,128892928,34267136,0,637219,2026-08-02T19:55:33.823951Z
M3,1108,saturated,M3,true,0.000,0.000,0.000,0.000,0.000,0.000,0.000,635816,367562,128892928,34267136,0,637219,2026-08-02T19:55:33.823951Z
M3,1109,saturated,M3,true,0.000,0.000,0.000,0.000,0.000,0.000,0.000,635816,367562,128892928,34267136,0,637219,2026-08-02T19:55:33.823951Z
M3,1110,saturated,M3,true,0.000,0.000,0.000,0.000,0.000,0.000,0.000,635816,367562,128892928,34267136,0,637219,2026-08-02T19:55:33.823951Z
M3,1111,saturated,M3,true,0.000,0.000,0.000,0.000,0.000,0.000,0.000,635816,367562,128892928,34267136,0,637219,2026-08-02T19:55:33.823951Z
M3,1112,saturated,M3,true,0.000,0.000,0.000,0.000,0.000,0.000,0.000,635816,367562,128892928,34267136,0,637219,2026-08-02T19:55:33.823951Z
M3,1113,saturated,M3,true,0.000,0.000,0.000,0.000,0.000,0.000,0.000,635816,367562,128892928,34267136,0,637219,2026-08-02T19:55:33.823951Z
M3,1114,saturated,M3,true,0.000,0.000,0.000,0.000,0.000,0.000,0.000,635816,367562,128892928,34267136,0,637219,2026-08-02T19:55:33.823951Z
M3,1115,saturated,M3,true,0.000,0.000,0.000,0.000,0.000,0.000,0.000,635816,367562,128892928,34267136,0,637219,2026-08-02T19:55:33.823951Z
M3,1116,saturated,M3,true,0.000,0.000,0.000,0.000,0.000,0.000,0.000,635816,367562,128892928,34267136,0,637219,2026-08-02T19:55:33.823951Z
M3,1117,saturated,M3,true,0.000,0.000,0.000,0.000,0.000,0.000,0.000,635816,367562,128892928,34267136,0,637219,2026-08-02T19:55:33.823951Z
M3,1118,saturated,M3,true,0.000,0.000,0.000,0.000,0.000,0.000,0.000,635816,367562,128892928,34267136,0,637219,2026-08-02T19:55:33.823951Z
M3,1119,saturated,M3,true,0.000,0.000,0.000,0.000,0.000,0.000,0.000,635816,367562,128892928,34267136,0,637219,2026-08-02T19:55:33.823951Z
M3,1120,saturated,M3,true,0.000,0.000,0.000,0.000,0.000,0.000,0.000,635816,367562,128892928,34267136,0,637219,2026-08-02T19:55:33.823951Z
M3,1121,saturated,M3,true,0.000,0.000,0.000,0.000,0.000,0.000,0.000,635816,367562,128892928,34267136,0,637219,2026-08-02T19:55:33.823951Z
M3,1122,saturated,M3,true,0.000,0.000,0.000,0.000,0.000,0.000,0.000,635816,367562,128892928,34267136,0,637219,2026-08-02T19:55:33.823951Z
M3,1123,saturated,M3,true,0.000,0.000,0.000,0.000,0.000,0.000,0.000,635816,367562,128892928,34267136,0,637220,2026-08-02T19:55:33.823951Z
M3,1124,saturated,M3,true,0.000,0.000,0.000,0.000,0.000,0.000,0.000,635816,367562,128892928,34267136,0,637220,2026-08-02T19:55:33.823951Z
M3,1125,saturated,M3,true,0.000,0.000,0.000,0.000,0.000,0.000,0.000,635816,367562,128892928,34267136,0,637220,2026-08-02T19:55:33.823951Z
M3,1126,saturated,M3,true,0.000,0.000,0.000,0.000,0.000,0.000,0.000,635816,367562,128892928,34267136,0,637220,2026-08-02T19:55:33.823951Z
M3,1127,saturated,M3,true,0.000,0.000,0.000,0.000,0.000,0.000,0.000,635816,367562,128892928,34267136,0,637220,2026-08-02T19:55:33.823951Z
M3,1128,saturated,M3,true,0.000,0.000,0.000,0.000,0.000,0.000,0.000,635816,367562,128892928,34267136,0,637220,2026-08-02T19:55:33.823951Z
M3,1129,saturated,M3,true,0.000,0.000,0.000,0.000,0.000,0.000,0.000,635816,367562,128892928,34267136,0,637220,2026-08-02T19:55:33.823951Z
M3,1130,saturated,M3,true,0.000,0.000,0.000,0.000,0.000,0.000,0.000,635816,367562,128892928,34267136,0,637220,2026-08-02T19:55:33.823951Z
M3,1131,saturated,M3,true,0.000,0.000,0.000,0.000,0.000,0.000,0.000,635816,367562,128892928,34267136,0,637220,2026-08-02T19:55:33.823951Z
M3,1132,saturated,M3,true,0.000,0.000,0.000,0.000,0.000,0.000,0.000,635816,367562,128892928,34267136,0,637220,2026-08-02T19:55:33.823951Z
M3,1133,saturated,M3,true,0.000,0.000,0.000,0.000,0.000,0.000,0.000,635816,367562,128892928,34267136,0,637220,2026-08-02T19:55:33.823951Z
M3,1134,saturated,M3,true,0.000,0.000,0.000,0.000,0.000,0.000,0.000,635816,367562,128892928,34267136,0,637220,2026-08-02T19:55:33.823951Z
M3,1135,saturated,M3,true,0.000,0.000,0.000,0.000,0.000,0.000,0.000,635816,367562,128892928,34267136,0,637220,2026-08-02T19:55:33.823951Z
M3,1136,saturated,M3,true,0.000,0.000,0.000,0.000,0.000,0.000,0.000,635816,367562,128892928,34267136,0,637220,2026-08-02T19:55:33.823951Z
M3,1137,saturated,M3,true,0.000,0.000,0.000,0.000,0.000,0.000,0.000,635816,367562,128892928,34267136,0,637220,2026-08-02T19:55:33.823951Z
M3,1138,saturated,M3,true,0.000,0.000,0.000,0.000,0.000,0.000,0.000,635816,367562,128892928,34267136,0,637220,2026-08-02T19:55:33.823951Z
M3,1139,saturated,M3,true,0.000,0.000,0.000,0.000,0.000,0.000,0.000,635816,367562,128892928,34267136,0,637220,2026-08-02T19:55:33.823951Z
M3,1140,saturated,M3,true,0.000,0.000,0.000,0.000,0.000,0.000,0.000,635816,367562,128892928,34267136,0,637221,2026-08-02T19:55:33.823951Z
M3,1141,saturated,M3,true,0.000,0.000,0.000,0.000,0.000,0.000,0.000,635816,367562,128892928,34267136,0,637221,2026-08-02T19:55:33.823951Z
M3,1142,saturated,M3,true,0.000,0.000,0.000,0.000,0.000,0.000,0.000,635816,367562,128892928,34267136,0,637221,2026-08-02T19:55:33.823951Z
M3,1143,saturated,M3,true,0.000,0.000,0.000,0.000,0.000,0.000,0.000,635816,367562,128892928,34267136,0,637221,2026-08-02T19:55:33.823951Z
M3,1144,saturated,M3,true,0.000,0.000,0.000,0.000,0.000,0.000,0.000,635816,367562,128892928,34267136,0,637221,2026-08-02T19:55:33.823951Z
M3,1145,saturated,M3,true,0.000,0.000,0.000,0.000,0.000,0.000,0.000,635816,367562,128892928,34267136,0,637221,2026-08-02T19:55:33.823951Z
M3,1146,saturated,M3,true,0.000,0.000,0.000,0.000,0.000,0.000,0.000,635816,367562,128892928,34267136,0,637221,2026-08-02T19:55:33.823951Z
M3,1147,saturated,M3,true,0.000,0.000,0.000,0.000,0.000,0.000,0.000,635816,367562,128892928,34267136,0,637221,2026-08-02T19:55:33.823951Z
M3,1148,saturated,M3,true,0.000,0.000,0.000,0.000,0.000,0.000,0.000,635816,367562,128892928,34267136,0,637221,2026-08-02T19:55:33.823951Z
M3,1149,saturated,M3,true,0.000,0.000,0.000,0.000,0.000,0.000,0.000,635816,367562,128892928,34267136,0,637221,2026-08-02T19:55:33.823951Z
M3,1150,saturated,M3,true,0.000,0.000,0.000,0.000,0.000,0.000,0.000,635816,367562,128892928,34267136,0,637221,2026-08-02T19:55:33.823951Z
M3,1151,saturated,M3,true,0.000,0.000,0.000,0.000,0.000,0.000,0.000,635816,367562,128892928,34267136,0,637221,2026-08-02T19:56:33.329894Z
M3,1152,saturated,M3,true,0.000,0.000,0.000,0.000,0.000,0.000,0.000,635816,367562,128892928,34267136,0,637221,2026-08-02T19:56:33.647431Z
M3,1153,saturated,M3,true,0.000,0.000,0.000,0.000,0.000,0.000,0.000,635816,367562,128892928,34267136,0,637221,2026-08-02T19:56:33.647431Z
M3,1154,saturated,M3,true,0.000,0.000,0.000,0.000,0.000,0.000,0.000,635816,367562,128892928,34267136,0,637221,2026-08-02T19:56:33.647431Z
M3,1155,saturated,M3,true,0.000,0.000,0.000,0.000,0.000,0.000,0.000,635816,367562,128892928,34267136,0,637221,2026-08-02T19:56:33.647431Z
M3,1156,saturated,M3,true,0.000,0.000,0.000,0.000,0.000,0.000,0.000,635816,367562,128892928,34267136,0,637222,2026-08-02T19:56:33.647431Z
M3,1157,saturated,M3,true,0.000,0.000,0.000,0.000,0.000,0.000,0.000,635816,367562,128892928,34267136,0,637222,2026-08-02T19:56:33.647431Z
M3,1158,saturated,M3,true,0.000,0.000,0.000,0.000,0.000,0.000,0.000,635816,367562,128892928,34267136,0,637222,2026-08-02T19:56:33.647431Z
M3,1159,saturated,M3,true,0.000,0.000,0.000,0.000,0.000,0.000,0.000,635816,367562,128892928,34267136,0,637222,2026-08-02T19:56:33.647431Z
M3,1160,saturated,M3,true,0.000,0.000,0.000,0.000,0.000,0.000,0.000,635816,367562,128892928,34267136,0,637222,2026-08-02T19:56:33.647431Z
M3,1161,saturated,M3,true,0.000,0.000,0.000,0.000,0.000,0.000,0.000,635816,367562,128892928,34267136,0,637222,2026-08-02T19:56:33.647431Z
M3,1162,saturated,M3,true,0.000,0.000,0.000,0.000,0.000,0.000,0.000,635816,367562,128892928,34267136,0,637222,2026-08-02T19:56:33.647431Z
M3,1163,saturated,M3,true,0.000,0.000,0.000,0.000,0.000,0.000,0.000,635816,367562,128892928,34267136,0,637222,2026-08-02T19:56:33.647431Z
M3,1164,saturated,M3,true,0.000,0.000,0.000,0.000,0.000,0.000,0.000,635816,367562,128892928,34267136,0,637222,2026-08-02T19:56:33.647431Z
M3,1165,saturated,M3,true,0.000,0.000,0.000,0.000,0.000,0.000,0.000,635816,367562,128892928,34267136,0,637222,2026-08-02T19:56:33.647431Z
M3,1166,saturated,M3,true,0.000,0.000,0.000,0.000,0.000,0.000,0.000,635816,367562,128892928,34267136,0,637222,2026-08-02T19:56:33.647431Z
M3,1167,saturated,M3,true,0.000,0.000,0.000,0.000,0.000,0.000,0.000,635816,367562,128892928,34267136,0,637222,2026-08-02T19:56:33.647431Z
M3,1168,saturated,M3,true,0.000,0.000,0.000,0.000,0.000,0.000,0.000,635816,367562,128892928,34267136,0,637222,2026-08-02T19:56:33.647431Z
M3,1169,saturated,M3,true,0.000,0.000,0.000,0.000,0.000,0.000,0.000,635816,367562,128892928,34267136,0,637222,2026-08-02T19:56:33.647431Z
M3,1170,saturated,M3,true,0.000,0.000,0.000,0.000,0.000,0.000,0.000,635816,367562,128892928,34267136,0,637222,2026-08-02T19:56:33.647431Z
M3,1171,saturated,M3,true,0.000,0.000,0.000,0.000,0.000,0.000,0.000,635816,367562,128892928,34267136,0,637222,2026-08-02T19:56:33.647431Z
M3,1172,saturated,M3,true,0.000,0.000,0.000,0.000,0.000,0.000,0.000,635816,367562,128892928,34267136,0,637222,2026-08-02T19:56:33.647431Z
M3,1173,saturated,M3,true,0.000,0.000,0.000,0.000,0.000,0.000,0.000,635816,367562,128892928,34267136,0,637223,2026-08-02T19:56:33.647431Z
M3,1174,saturated,M3,true,0.000,0.000,0.000,0.000,0.000,0.000,0.000,635816,367562,128892928,34267136,0,637223,2026-08-02T19:56:33.647431Z
M3,1175,saturated,M3,true,0.000,0.000,0.000,0.000,0.000,0.000,0.000,635816,367562,128892928,34267136,0,637223,2026-08-02T19:56:33.647431Z
M3,1176,saturated,M3,true,0.000,0.000,0.000,0.000,0.000,0.000,0.000,635816,367562,128892928,34267136,0,637223,2026-08-02T19:56:33.647431Z
M3,1177,saturated,M3,true,0.000,0.000,0.000,0.000,0.000,0.000,0.000,635816,367562,128892928,34267136,0,637223,2026-08-02T19:56:33.647431Z
M3,1178,saturated,M3,true,0.000,0.000,0.000,0.000,0.000,0.000,0.000,635816,367562,128892928,34267136,0,637223,2026-08-02T19:56:33.647431Z
M3,1179,saturated,M3,true,0.000,0.000,0.000,0.000,0.000,0.000,0.000,635816,367562,128892928,34267136,0,637223,2026-08-02T19:56:33.647431Z
M3,1180,saturated,M3,true,0.000,0.000,0.000,0.000,0.000,0.000,0.000,635816,367562,128892928,34267136,0,637223,2026-08-02T19:56:33.647431Z
M3,1181,saturated,M3,true,0.000,0.000,0.000,0.000,0.000,0.000,0.000,635816,367562,128892928,34267136,0,637223,2026-08-02T19:56:33.647431Z
M3,1182,saturated,M3,true,0.000,0.000,0.000,0.000,0.000,0.000,0.000,635816,367562,128892928,34267136,0,637223,2026-08-02T19:56:33.647431Z
M3,1183,saturated,M3,true,0.000,0.000,0.000,0.000,0.000,0.000,0.000,635816,367562,128892928,34267136,0,637223,2026-08-02T19:56:33.647431Z
M3,1184,saturated,M3,true,0.000,0.000,0.000,0.000,0.000,0.000,0.000,635816,367562,128892928,34267136,0,637223,2026-08-02T19:56:33.647431Z
M3,1185,saturated,M3,true,0.000,0.000,0.000,0.000,0.000,0.000,0.000,635816,367562,128892928,34267136,0,637223,2026-08-02T19:56:33.647431Z
M3,1186,saturated,M3,true,0.000,0.000,0.000,0.000,0.000,0.000,0.000,635816,367562,128892928,34267136,0,637223,2026-08-02T19:56:33.647431Z
M3,1187,saturated,M3,true,0.000,0.000,0.000,0.000,0.000,0.000,0.000,635816,367562,128892928,34267136,0,637223,2026-08-02T19:56:33.647431Z
M3,1188,saturated,M3,true,0.000,0.000,0.000,0.000,0.000,0.000,0.000,635816,367562,128892928,34267136,0,637223,2026-08-02T19:56:33.647431Z
M3,1189,saturated,M3,true,0.000,0.000,0.000,0.000,0.000,0.000,0.000,635816,367562,128892928,34267136,0,637224,2026-08-02T19:56:33.647431Z
M3,1190,saturated,M3,true,0.000,0.000,0.000,0.000,0.000,0.000,0.000,635816,367562,128892928,34267136,0,637224,2026-08-02T19:56:33.647431Z
M3,1191,saturated,M3,true,0.000,0.000,0.000,0.000,0.000,0.000,0.000,635816,367562,128892928,34267136,0,637224,2026-08-02T19:56:33.647431Z
M3,1192,saturated,M3,true,0.000,0.000,0.000,0.000,0.000,0.000,0.000,635816,367562,128892928,34267136,0,637224,2026-08-02T19:56:33.647431Z
M3,1193,saturated,M3,true,0.000,0.000,0.000,0.000,0.000,0.000,0.000,635816,367562,128892928,34267136,0,637224,2026-08-02T19:56:33.647431Z
M3,1194,saturated,M3,true,0.000,0.000,0.000,0.000,0.000,0.000,0.000,635816,367562,128892928,34267136,0,637224,2026-08-02T19:56:33.647431Z
M3,1195,saturated,M3,true,0.000,0.000,0.000,0.000,0.000,0.000,0.000,635816,367562,128892928,34267136,0,637224,2026-08-02T19:56:33.647431Z
M3,1196,saturated,M3,true,0.000,0.000,0.000,0.000,0.000,0.000,0.000,635816,367562,128892928,34267136,0,637224,2026-08-02T19:56:33.647431Z
M3,1197,saturated,M3,true,0.000,0.000,0.000,0.000,0.000,0.000,0.000,635816,367562,128892928,34267136,0,637224,2026-08-02T19:56:33.647431Z
M3,1198,saturated,M3,true,0.000,0.000,0.000,0.000,0.000,0.000,0.000,635816,367562,128892928,34267136,0,637224,2026-08-02T19:56:33.647431Z
M3,1199,saturated,M3,true,0.000,0.000,0.000,0.000,0.000,0.000,0.000,635816,367562,128892928,34267136,0,637224,2026-08-02T19:56:33.647431Z
M3,1200,saturated,M3,true,0.000,0.000,0.000,0.000,0.000,0.000,0.000,635816,367562,128892928,34267136,0,637224,2026-08-02T19:56:33.647431Z
M3,1201,saturated,M3,true,0.000,0.000,0.000,0.000,0.000,0.000,0.000,635816,367562,128892928,34267136,0,637224,2026-08-02T19:56:33.647431Z
M3,1202,saturated,M3,true,0.000,0.000,0.000,0.000,0.000,0.000,0.000,635816,367562,128892928,34267136,0,637224,2026-08-02T19:56:33.647431Z
M3,1203,saturated,M3,true,0.000,0.000,0.000,0.000,0.000,0.000,0.000,635816,367562,128892928,34267136,0,637224,2026-08-02T19:56:33.647431Z
M3,1204,saturated,M3,true,0.000,0.000,0.000,0.000,0.000,0.000,0.000,635816,367562,128892928,34267136,0,637224,2026-08-02T19:56:33.647431Z
M3,1205,saturated,M3,true,0.000,0.000,0.000,0.000,0.000,0.000,0.000,635816,367562,128892928,34267136,0,637224,2026-08-02T19:56:33.647431Z
M3,1206,saturated,M3,true,0.000,0.000,0.000,0.000,0.000,0.000,0.000,635816,367562,128892928,34267136,0,637225,2026-08-02T19:56:33.647431Z
M3,1207,saturated,M3,true,0.000,0.000,0.000,0.000,0.000,0.000,0.000,635816,367562,128892928,34267136,0,637225,2026-08-02T19:56:33.647431Z
M3,1208,saturated,M3,true,0.000,0.000,0.000,0.000,0.000,0.000,0.000,635816,367562,128892928,34267136,0,637225,2026-08-02T19:56:33.647431Z
M3,1209,saturated,M3,true,0.000,0.000,0.000,0.000,0.000,0.000,0.000,635816,367562,128892928,34267136,0,637225,2026-08-02T19:56:33.647431Z
M3,1210,saturated,M3,true,0.000,0.000,0.000,0.000,0.000,0.000,0.000,635816,367562,128892928,34267136,0,637225,2026-08-02T19:56:33.647431Z
M3,1211,saturated,M3,true,0.000,0.000,0.000,0.000,0.000,0.000,0.000,635816,367562,128892928,34267136,0,637225,2026-08-02T19:57:33.409079Z
M3,1212,saturated,M3,true,0.000,0.000,0.000,0.000,0.000,0.000,0.000,635816,367562,128892928,34267136,0,637225,2026-08-02T19:57:33.959020Z
M3,1213,saturated,M3,true,0.000,0.000,0.000,0.000,0.000,0.000,0.000,635816,367562,128892928,34267136,0,637225,2026-08-02T19:57:33.959020Z
M3,1214,saturated,M3,true,0.000,0.000,0.000,0.000,0.000,0.000,0.000,635816,367562,128892928,34267136,0,637225,2026-08-02T19:57:33.959020Z
M3,1215,saturated,M3,true,0.000,0.000,0.000,0.000,0.000,0.000,0.000,635816,367562,128892928,34267136,0,637225,2026-08-02T19:57:33.959020Z
M3,1216,saturated,M3,true,0.000,0.000,0.000,0.000,0.000,0.000,0.000,635816,367562,128892928,34267136,0,637225,2026-08-02T19:57:33.959020Z
M3,1217,saturated,M3,true,0.000,0.000,0.000,0.000,0.000,0.000,0.000,635816,367562,128892928,34267136,0,637225,2026-08-02T19:57:33.959020Z
M3,1218,saturated,M3,true,0.000,0.000,0.000,0.000,0.000,0.000,0.000,635816,367562,128892928,34267136,0,637225,2026-08-02T19:57:33.959020Z
M3,1219,saturated,M3,true,0.000,0.000,0.000,0.000,0.000,0.000,0.000,635816,367562,128892928,34267136,0,637225,2026-08-02T19:57:33.959020Z
M3,1220,saturated,M3,true,0.000,0.000,0.000,0.000,0.000,0.000,0.000,635816,367562,128892928,34267136,0,637225,2026-08-02T19:57:33.959020Z
M3,1221,saturated,M3,true,0.000,0.000,0.000,0.000,0.000,0.000,0.000,635816,367562,128892928,34267136,0,637225,2026-08-02T19:57:33.959020Z
M3,1222,saturated,M3,true,0.000,0.000,0.000,0.000,0.000,0.000,0.000,635816,367562,128892928,34267136,0,637226,2026-08-02T19:57:33.959020Z
M3,1223,saturated,M3,true,0.000,0.000,0.000,0.000,0.000,0.000,0.000,635816,367562,128892928,34267136,0,637226,2026-08-02T19:57:33.959020Z
M3,1224,saturated,M3,true,0.000,0.000,0.000,0.000,0.000,0.000,0.000,635816,367562,128892928,34267136,0,637226,2026-08-02T19:57:33.959020Z
M3,1225,saturated,M3,true,0.000,0.000,0.000,0.000,0.000,0.000,0.000,635816,367562,128892928,34267136,0,637226,2026-08-02T19:57:33.959020Z
M3,1226,saturated,M3,true,0.000,0.000,0.000,0.000,0.000,0.000,0.000,635816,367562,128892928,34267136,0,637226,2026-08-02T19:57:33.959020Z
M3,1227,saturated,M3,true,0.000,0.000,0.000,0.000,0.000,0.000,0.000,635816,367562,128892928,34267136,0,637226,2026-08-02T19:57:33.959020Z
M3,1228,saturated,M3,true,0.000,0.000,0.000,0.000,0.000,0.000,0.000,635816,367562,128892928,34267136,0,637226,2026-08-02T19:57:33.959020Z
M3,1229,saturated,M3,true,0.000,0.000,0.000,0.000,0.000,0.000,0.000,635816,367562,128892928,34267136,0,637226,2026-08-02T19:57:33.959020Z
M3,1230,saturated,M3,true,0.000,0.000,0.000,0.000,0.000,0.000,0.000,635816,367562,128892928,34267136,0,637226,2026-08-02T19:57:33.959020Z
M3,1231,saturated,M3,true,0.000,0.000,0.000,0.000,0.000,0.000,0.000,635816,367562,128892928,34267136,0,637226,2026-08-02T19:57:33.959020Z
M3,1232,saturated,M3,true,0.000,0.000,0.000,0.000,0.000,0.000,0.000,635816,367562,128892928,34267136,0,637226,2026-08-02T19:57:33.959020Z
M3,1233,saturated,M3,true,0.000,0.000,0.000,0.000,0.000,0.000,0.000,635816,367562,128892928,34267136,0,637226,2026-08-02T19:57:33.959020Z
M3,1234,saturated,M3,true,0.000,0.000,0.000,0.000,0.000,0.000,0.000,635816,367562,128892928,34267136,0,637226,2026-08-02T19:57:33.959020Z
M3,1235,saturated,M3,true,0.000,0.000,0.000,0.000,0.000,0.000,0.000,635816,367562,128892928,34267136,0,637226,2026-08-02T19:57:33.959020Z
M3,1236,saturated,M3,true,0.000,0.000,0.000,0.000,0.000,0.000,0.000,635816,367562,128892928,34267136,0,637226,2026-08-02T19:57:33.959020Z
M3,1237,saturated,M3,true,0.000,0.000,0.000,0.000,0.000,0.000,0.000,635816,367562,128892928,34267136,0,637226,2026-08-02T19:57:33.959020Z
M3,1238,saturated,M3,true,0.000,0.000,0.000,0.000,0.000,0.000,0.000,635816,367562,128892928,34267136,0,637226,2026-08-02T19:57:33.959020Z
M3,1239,saturated,M3,true,0.000,0.000,0.000,0.000,0.000,0.000,0.000,635816,367562,128892928,34267136,0,637227,2026-08-02T19:57:33.959020Z
M3,1240,saturated,M3,true,0.000,0.000,0.000,0.000,0.000,0.000,0.000,635816,367562,128892928,34267136,0,637227,2026-08-02T19:57:33.959020Z
M3,1241,saturated,M3,true,0.000,0.000,0.000,0.000,0.000,0.000,0.000,635816,367562,128892928,34267136,0,637227,2026-08-02T19:57:33.959020Z
M3,1242,saturated,M3,true,0.000,0.000,0.000,0.000,0.000,0.000,0.000,635816,367562,128892928,34267136,0,637227,2026-08-02T19:57:33.959020Z
M3,1243,saturated,M3,true,0.000,0.000,0.000,0.000,0.000,0.000,0.000,635816,367562,128892928,34267136,0,637227,2026-08-02T19:57:33.959020Z
M3,1244,saturated,M3,true,0.000,0.000,0.000,0.000,0.000,0.000,0.000,635816,367562,128892928,34267136,0,637227,2026-08-02T19:57:33.959020Z
M3,1245,saturated,M3,true,0.000,0.000,0.000,0.000,0.000,0.000,0.000,635816,367562,128892928,34267136,0,637227,2026-08-02T19:57:33.959020Z
M3,1246,saturated,M3,true,0.000,0.000,0.000,0.000,0.000,0.000,0.000,635816,367562,128892928,34267136,0,637227,2026-08-02T19:57:33.959020Z
M3,1247,saturated,M3,true,0.000,0.000,0.000,0.000,0.000,0.000,0.000,635816,367562,128892928,34267136,0,637227,2026-08-02T19:57:33.959020Z
M3,1248,saturated,M3,true,0.000,0.000,0.000,0.000,0.000,0.000,0.000,635816,367562,128892928,34267136,0,637227,2026-08-02T19:57:33.959020Z
M3,1249,saturated,M3,true,0.000,0.000,0.000,0.000,0.000,0.000,0.000,635816,367562,128892928,34267136,0,637227,2026-08-02T19:57:33.959020Z
M3,1250,saturated,M3,true,0.000,0.000,0.000,0.000,0.000,0.000,0.000,635816,367562,128892928,34267136,0,637227,2026-08-02T19:57:33.959020Z
M3,1251,saturated,M3,true,0.000,0.000,0.000,0.000,0.000,0.000,0.000,635816,367562,128892928,34267136,0,637227,2026-08-02T19:57:33.959020Z
M3,1252,saturated,M3,true,0.000,0.000,0.000,0.000,0.000,0.000,0.000,635816,367562,128892928,34267136,0,637227,2026-08-02T19:57:33.959020Z
M3,1253,saturated,M3,true,0.000,0.000,0.000,0.000,0.000,0.000,0.000,635816,367562,128892928,34267136,0,637227,2026-08-02T19:57:33.959020Z
M3,1254,saturated,M3,true,0.000,0.000,0.000,0.000,0.000,0.000,0.000,635816,367562,128892928,34267136,0,637227,2026-08-02T19:57:33.959020Z
M3,1255,saturated,M3,true,0.000,0.000,0.000,0.000,0.000,0.000,0.000,635816,367562,128892928,34267136,0,637228,2026-08-02T19:57:33.959020Z
M3,1256,saturated,M3,true,0.000,0.000,0.000,0.000,0.000,0.000,0.000,635816,367562,128892928,34267136,0,637228,2026-08-02T19:57:33.959020Z
M3,1257,saturated,M3,true,0.000,0.000,0.000,0.000,0.000,0.000,0.000,635816,367562,128892928,34267136,0,637228,2026-08-02T19:57:33.959020Z
M3,1258,saturated,M3,true,0.000,0.000,0.000,0.000,0.000,0.000,0.000,635816,367562,128892928,34267136,0,637228,2026-08-02T19:57:33.959020Z
M3,1259,saturated,M3,true,0.000,0.000,0.000,0.000,0.000,0.000,0.000,635816,367562,128892928,34267136,0,637228,2026-08-02T19:57:33.959020Z
M3,1260,saturated,M3,true,0.000,0.000,0.000,0.000,0.000,0.000,0.000,635816,367562,128892928,34267136,0,637228,2026-08-02T19:57:33.959020Z
M3,1261,saturated,M3,true,0.000,0.000,0.000,0.000,0.000,0.000,0.000,635816,367562,128892928,34267136,0,637228,2026-08-02T19:57:33.959020Z
M3,1262,saturated,M3,true,0.000,0.000,0.000,0.000,0.000,0.000,0.000,635816,367562,128892928,34267136,0,637228,2026-08-02T19:57:33.959020Z
M3,1263,saturated,M3,true,0.000,0.000,0.000,0.000,0.000,0.000,0.000,635816,367562,128892928,34267136,0,637228,2026-08-02T19:57:33.959020Z
M3,1264,saturated,M3,true,0.000,0.000,0.000,0.000,0.000,0.000,0.000,635816,367562,128892928,34267136,0,637228,2026-08-02T19:57:33.959020Z
M3,1265,saturated,M3,true,0.000,0.000,0.000,0.000,0.000,0.000,0.000,635816,367562,128892928,34267136,0,637228,2026-08-02T19:57:33.959020Z
M3,1266,saturated,M3,true,0.000,0.000,0.000,0.000,0.000,0.000,0.000,635816,367562,128892928,34267136,0,637228,2026-08-02T19:57:33.959020Z
M3,1267,saturated,M3,true,0.000,0.000,0.000,0.000,0.000,0.000,0.000,635816,367562,128892928,34267136,0,637228,2026-08-02T19:57:33.959020Z
M3,1268,saturated,M3,true,0.000,0.000,0.000,0.000,0.000,0.000,0.000,635816,367562,128892928,34267136,0,637228,2026-08-02T19:57:33.959020Z
M3,1269,saturated,M3,true,0.000,0.000,0.000,0.000,0.000,0.000,0.000,635816,367562,128892928,34267136,0,637228,2026-08-02T19:57:33.959020Z
M3,1270,saturated,M3,true,0.000,0.000,0.000,0.000,0.000,0.000,0.000,635816,367562,128892928,34267136,0,637228,2026-08-02T19:57:33.959020Z
M3,1271,saturated,M3,true,0.000,0.000,0.000,0.000,0.000,0.000,0.000,635816,367562,128892928,34267136,0,637228,2026-08-02T19:58:33.430167Z
M3,1272,saturated,M3,true,0.000,0.000,0.000,0.000,0.000,0.000,0.000,635816,367562,128892928,34267136,0,637229,2026-08-02T19:58:34.251509Z
M3,1273,saturated,M3,true,0.000,0.000,0.000,0.000,0.000,0.000,0.000,635816,367562,128892928,34267136,0,637229,2026-08-02T19:58:34.251509Z
M3,1274,saturated,M3,true,0.000,0.000,0.000,0.000,0.000,0.000,0.000,635816,367562,128892928,34267136,0,637229,2026-08-02T19:58:34.251509Z
M3,1275,saturated,M3,true,0.000,0.000,0.000,0.000,0.000,0.000,0.000,635816,367562,128892928,34267136,0,637229,2026-08-02T19:58:34.251509Z
M3,1276,saturated,M3,true,0.000,0.000,0.000,0.000,0.000,0.000,0.000,635816,367562,128892928,34267136,0,637229,2026-08-02T19:58:34.251509Z
M3,1277,saturated,M3,true,0.000,0.000,0.000,0.000,0.000,0.000,0.000,635816,367562,128892928,34267136,0,637229,2026-08-02T19:58:34.251509Z
M3,1278,saturated,M3,true,0.000,0.000,0.000,0.000,0.000,0.000,0.000,635816,367562,128892928,34267136,0,637229,2026-08-02T19:58:34.251509Z
M3,1279,saturated,M3,true,0.000,0.000,0.000,0.000,0.000,0.000,0.000,635816,367562,128892928,34267136,0,637229,2026-08-02T19:58:34.251509Z
M3,1280,saturated,M3,true,0.000,0.000,0.000,0.000,0.000,0.000,0.000,635816,367562,128892928,34267136,0,637229,2026-08-02T19:58:34.251509Z
M3,1281,saturated,M3,true,0.000,0.000,0.000,0.000,0.000,0.000,0.000,635816,367562,128892928,34267136,0,637229,2026-08-02T19:58:34.251509Z
M3,1282,saturated,M3,true,0.000,0.000,0.000,0.000,0.000,0.000,0.000,635816,367562,128892928,34267136,0,637229,2026-08-02T19:58:34.251509Z
M3,1283,saturated,M3,true,0.000,0.000,0.000,0.000,0.000,0.000,0.000,635816,367562,128892928,34267136,0,637229,2026-08-02T19:58:34.251509Z
M3,1284,saturated,M3,true,0.000,0.000,0.000,0.000,0.000,0.000,0.000,635816,367562,128892928,34267136,0,637229,2026-08-02T19:58:34.251509Z
M3,1285,saturated,M3,true,0.000,0.000,0.000,0.000,0.000,0.000,0.000,635816,367562,128892928,34267136,0,637229,2026-08-02T19:58:34.251509Z
M3,1286,saturated,M3,true,0.000,0.000,0.000,0.000,0.000,0.000,0.000,635816,367562,128892928,34267136,0,637229,2026-08-02T19:58:34.251509Z
M3,1287,saturated,M3,true,0.000,0.000,0.000,0.000,0.000,0.000,0.000,635816,367562,128892928,34267136,0,637229,2026-08-02T19:58:34.251509Z
M3,1288,saturated,M3,true,0.000,0.000,0.000,0.000,0.000,0.000,0.000,635816,367562,128892928,34267136,0,637230,2026-08-02T19:58:34.251509Z
M3,1289,saturated,M3,true,0.000,0.000,0.000,0.000,0.000,0.000,0.000,635816,367562,128892928,34267136,0,637230,2026-08-02T19:58:34.251509Z
M3,1290,saturated,M3,true,0.000,0.000,0.000,0.000,0.000,0.000,0.000,635816,367562,128892928,34267136,0,637230,2026-08-02T19:58:34.251509Z
M3,1291,saturated,M3,true,0.000,0.000,0.000,0.000,0.000,0.000,0.000,635816,367562,128892928,34267136,0,637230,2026-08-02T19:58:34.251509Z
M3,1292,saturated,M3,true,0.000,0.000,0.000,0.000,0.000,0.000,0.000,635816,367562,128892928,34267136,0,637230,2026-08-02T19:58:34.251509Z
M3,1293,saturated,M3,true,0.000,0.000,0.000,0.000,0.000,0.000,0.000,635816,367562,128892928,34267136,0,637230,2026-08-02T19:58:34.251509Z
M3,1294,saturated,M3,true,0.000,0.000,0.000,0.000,0.000,0.000,0.000,635816,367562,128892928,34267136,0,637230,2026-08-02T19:58:34.251509Z
M3,1295,saturated,M3,true,0.000,0.000,0.000,0.000,0.000,0.000,0.000,635816,367562,128892928,34267136,0,637230,2026-08-02T19:58:34.251509Z
M3,1296,saturated,M3,true,0.000,0.000,0.000,0.000,0.000,0.000,0.000,635816,367562,128892928,34267136,0,637230,2026-08-02T19:58:34.251509Z
M3,1297,saturated,M3,true,0.000,0.000,0.000,0.000,0.000,0.000,0.000,635816,367562,128892928,34267136,0,637230,2026-08-02T19:58:34.251509Z
M3,1298,saturated,M3,true,0.000,0.000,0.000,0.000,0.000,0.000,0.000,635816,367562,128892928,34267136,0,637230,2026-08-02T19:58:34.251509Z
M3,1299,saturated,M3,true,0.000,0.000,0.000,0.000,0.000,0.000,0.000,635816,367562,128892928,34267136,0,637230,2026-08-02T19:58:34.251509Z
M3,1300,saturated,M3,true,0.000,0.000,0.000,0.000,0.000,0.000,0.000,635816,367562,128892928,34267136,0,637230,2026-08-02T19:58:34.251509Z
M3,1301,saturated,M3,true,0.000,0.000,0.000,0.000,0.000,0.000,0.000,635816,367562,128892928,34267136,0,637230,2026-08-02T19:58:34.251509Z
M3,1302,saturated,M3,true,0.000,0.000,0.000,0.000,0.000,0.000,0.000,635816,367562,128892928,34267136,0,637230,2026-08-02T19:58:34.251509Z
M3,1303,saturated,M3,true,0.000,0.000,0.000,0.000,0.000,0.000,0.000,635816,367562,128892928,34267136,0,637230,2026-08-02T19:58:34.251509Z
M3,1304,saturated,M3,true,0.000,0.000,0.000,0.000,0.000,0.000,0.000,635816,367562,128892928,34267136,0,637230,2026-08-02T19:58:34.251509Z
M3,1305,saturated,M3,true,0.000,0.000,0.000,0.000,0.000,0.000,0.000,635816,367562,128892928,34267136,0,637231,2026-08-02T19:58:34.251509Z
M3,1306,saturated,M3,true,0.000,0.000,0.000,0.000,0.000,0.000,0.000,635816,367562,128892928,34267136,0,637231,2026-08-02T19:58:34.251509Z
M3,1307,saturated,M3,true,0.000,0.000,0.000,0.000,0.000,0.000,0.000,635816,367562,128892928,34267136,0,637231,2026-08-02T19:58:34.251509Z
M3,1308,saturated,M3,true,0.000,0.000,0.000,0.000,0.000,0.000,0.000,635816,367562,128892928,34267136,0,637231,2026-08-02T19:58:34.251509Z
M3,1309,saturated,M3,true,0.000,0.000,0.000,0.000,0.000,0.000,0.000,635816,367562,128892928,34267136,0,637231,2026-08-02T19:58:34.251509Z
M3,1310,saturated,M3,true,0.000,0.000,0.000,0.000,0.000,0.000,0.000,635816,367562,128892928,34267136,0,637231,2026-08-02T19:58:34.251509Z
M3,1311,saturated,M3,true,0.000,0.000,0.000,0.000,0.000,0.000,0.000,635816,367562,128892928,34267136,0,637231,2026-08-02T19:58:34.251509Z
M3,1312,saturated,M3,true,0.000,0.000,0.000,0.000,0.000,0.000,0.000,635816,367562,128892928,34267136,0,637231,2026-08-02T19:58:34.251509Z
M3,1313,saturated,M3,true,0.000,0.000,0.000,0.000,0.000,0.000,0.000,635816,367562,128892928,34267136,0,637231,2026-08-02T19:58:34.251509Z
M3,1314,saturated,M3,true,0.000,0.000,0.000,0.000,0.000,0.000,0.000,635816,367562,128892928,34267136,0,637231,2026-08-02T19:58:34.251509Z
M3,1315,saturated,M3,true,0.000,0.000,0.000,0.000,0.000,0.000,0.000,635816,367562,128892928,34267136,0,637231,2026-08-02T19:58:34.251509Z
M3,1316,saturated,M3,true,0.000,0.000,0.000,0.000,0.000,0.000,0.000,635816,367562,128892928,34267136,0,637231,2026-08-02T19:58:34.251509Z
M3,1317,saturated,M3,true,0.000,0.000,0.000,0.000,0.000,0.000,0.000,635816,367562,128892928,34267136,0,637231,2026-08-02T19:58:34.251509Z
M3,1318,saturated,M3,true,0.000,0.000,0.000,0.000,0.000,0.000,0.000,635816,367562,128892928,34267136,0,637231,2026-08-02T19:58:34.251509Z
M3,1319,saturated,M3,true,0.000,0.000,0.000,0.000,0.000,0.000,0.000,635816,367562,128892928,34267136,0,637231,2026-08-02T19:58:34.251509Z
M3,1320,saturated,M3,true,0.000,0.000,0.000,0.000,0.000,0.000,0.000,635816,367562,128892928,34267136,0,637231,2026-08-02T19:58:34.251509Z
M3,1321,saturated,M3,true,0.000,0.000,0.000,0.000,0.000,0.000,0.000,635816,367562,128892928,34267136,0,637232,2026-08-02T19:58:34.251509Z
M3,1322,saturated,M3,true,0.000,0.000,0.000,0.000,0.000,0.000,0.000,635816,367562,128892928,34267136,0,637232,2026-08-02T19:58:34.251509Z
M3,1323,saturated,M3,true,0.000,0.000,0.000,0.000,0.000,0.000,0.000,635816,367562,128892928,34267136,0,637232,2026-08-02T19:58:34.251509Z
M3,1324,saturated,M3,true,0.000,0.000,0.000,0.000,0.000,0.000,0.000,635816,367562,128892928,34267136,0,637232,2026-08-02T19:58:34.251509Z
M3,1325,saturated,M3,true,0.000,0.000,0.000,0.000,0.000,0.000,0.000,635816,367562,128892928,34267136,0,637232,2026-08-02T19:58:34.251509Z
M3,1326,saturated,M3,true,0.000,0.000,0.000,0.000,0.000,0.000,0.000,635816,367562,128892928,34267136,0,637232,2026-08-02T19:58:34.251509Z
M3,1327,saturated,M3,true,0.000,0.000,0.000,0.000,0.000,0.000,0.000,635816,367562,128892928,34267136,0,637232,2026-08-02T19:58:34.251509Z
M3,1328,saturated,M3,true,0.000,0.000,0.000,0.000,0.000,0.000,0.000,635816,367562,128892928,34267136,0,637232,2026-08-02T19:58:34.251509Z
M3,1329,saturated,M3,true,0.000,0.000,0.000,0.000,0.000,0.000,0.000,635816,367562,128892928,34267136,0,637232,2026-08-02T19:58:34.251509Z
M3,1330,saturated,M3,true,0.000,0.000,0.000,0.000,0.000,0.000,0.000,635816,367562,128892928,34267136,0,637232,2026-08-02T19:58:34.251509Z
M3,1331,saturated,M3,true,0.000,0.000,0.000,0.000,0.000,0.000,0.000,635816,367562,128892928,34267136,0,637232,2026-08-02T19:59:33.600408Z
M3,1332,saturated,M3,true,0.000,0.000,0.000,0.000,0.000,0.000,0.000,635816,367562,128892928,34267136,0,637232,2026-08-02T19:59:33.675387Z
M3,1333,saturated,M3,true,0.000,0.000,0.000,0.000,0.000,0.000,0.000,635816,367562,128892928,34267136,0,637232,2026-08-02T19:59:33.675387Z
M3,1334,saturated,M3,true,0.000,0.000,0.000,0.000,0.000,0.000,0.000,635816,367562,128892928,34267136,0,637232,2026-08-02T19:59:33.675387Z
M3,1335,saturated,M3,true,0.000,0.000,0.000,0.000,0.000,0.000,0.000,635816,367562,128892928,34267136,0,637232,2026-08-02T19:59:33.675387Z
M3,1336,saturated,M3,true,0.000,0.000,0.000,0.000,0.000,0.000,0.000,635816,367562,128892928,34267136,0,637232,2026-08-02T19:59:33.675387Z
M3,1337,saturated,M3,true,0.000,0.000,0.000,0.000,0.000,0.000,0.000,635816,367562,128892928,34267136,0,637232,2026-08-02T19:59:33.675387Z
M3,1338,saturated,M3,true,0.000,0.000,0.000,0.000,0.000,0.000,0.000,635816,367562,128892928,34267136,0,637233,2026-08-02T19:59:33.675387Z
M3,1339,saturated,M3,true,0.000,0.000,0.000,0.000,0.000,0.000,0.000,635816,367562,128892928,34267136,0,637233,2026-08-02T19:59:33.675387Z
M3,1340,saturated,M3,true,0.000,0.000,0.000,0.000,0.000,0.000,0.000,635816,367562,128892928,34267136,0,637233,2026-08-02T19:59:33.675387Z
M3,1341,saturated,M3,true,0.000,0.000,0.000,0.000,0.000,0.000,0.000,635816,367562,128892928,34267136,0,637233,2026-08-02T19:59:33.675387Z
M3,1342,saturated,M3,true,0.000,0.000,0.000,0.000,0.000,0.000,0.000,635816,367562,128892928,34267136,0,637233,2026-08-02T19:59:33.675387Z
M3,1343,saturated,M3,true,0.000,0.000,0.000,0.000,0.000,0.000,0.000,635816,367562,128892928,34267136,0,637233,2026-08-02T19:59:33.675387Z
M3,1344,saturated,M3,true,0.000,0.000,0.000,0.000,0.000,0.000,0.000,635816,367562,128892928,34267136,0,637233,2026-08-02T19:59:33.675387Z
M3,1345,saturated,M3,true,0.000,0.000,0.000,0.000,0.000,0.000,0.000,635816,367562,128892928,34267136,0,637233,2026-08-02T19:59:33.675387Z
M3,1346,saturated,M3,true,0.000,0.000,0.000,0.000,0.000,0.000,0.000,635816,367562,128892928,34267136,0,637233,2026-08-02T19:59:33.675387Z
M3,1347,saturated,M3,true,0.000,0.000,0.000,0.000,0.000,0.000,0.000,635816,367562,128892928,34267136,0,637233,2026-08-02T19:59:33.675387Z
M3,1348,saturated,M3,true,0.000,0.000,0.000,0.000,0.000,0.000,0.000,635816,367562,128892928,34267136,0,637233,2026-08-02T19:59:33.675387Z
M3,1349,saturated,M3,true,0.000,0.000,0.000,0.000,0.000,0.000,0.000,635816,367562,128892928,34267136,0,637233,2026-08-02T19:59:33.675387Z
M3,1350,saturated,M3,true,0.000,0.000,0.000,0.000,0.000,0.000,0.000,635816,367562,128892928,34267136,0,637233,2026-08-02T19:59:33.675387Z
M3,1351,saturated,M3,true,0.000,0.000,0.000,0.000,0.000,0.000,0.000,635816,367562,128892928,34267136,0,637233,2026-08-02T19:59:33.675387Z
M3,1352,saturated,M3,true,0.000,0.000,0.000,0.000,0.000,0.000,0.000,635816,367562,128892928,34267136,0,637233,2026-08-02T19:59:33.675387Z
M3,1353,saturated,M3,true,0.000,0.000,0.000,0.000,0.000,0.000,0.000,635816,367562,128892928,34267136,0,637233,2026-08-02T19:59:33.675387Z
M3,1354,saturated,M3,true,0.000,0.000,0.000,0.000,0.000,0.000,0.000,635816,367562,128892928,34267136,0,637234,2026-08-02T19:59:33.675387Z
M3,1355,saturated,M3,true,0.000,0.000,0.000,0.000,0.000,0.000,0.000,635816,367562,128892928,34267136,0,637234,2026-08-02T19:59:33.675387Z
M3,1356,saturated,M3,true,0.000,0.000,0.000,0.000,0.000,0.000,0.000,635816,367562,128892928,34267136,0,637234,2026-08-02T19:59:33.675387Z
M3,1357,saturated,M3,true,0.000,0.000,0.000,0.000,0.000,0.000,0.000,635816,367562,128892928,34267136,0,637234,2026-08-02T19:59:33.675387Z
M3,1358,saturated,M3,true,0.000,0.000,0.000,0.000,0.000,0.000,0.000,635816,367562,128892928,34267136,0,637234,2026-08-02T19:59:33.675387Z
M3,1359,saturated,M3,true,0.000,0.000,0.000,0.000,0.000,0.000,0.000,635816,367562,128892928,34267136,0,637234,2026-08-02T19:59:33.675387Z
M3,1360,saturated,M3,true,0.000,0.000,0.000,0.000,0.000,0.000,0.000,635816,367562,128892928,34267136,0,637234,2026-08-02T19:59:33.675387Z
M3,1361,saturated,M3,true,0.000,0.000,0.000,0.000,0.000,0.000,0.000,635816,367562,128892928,34267136,0,637234,2026-08-02T19:59:33.675387Z
M3,1362,saturated,M3,true,0.000,0.000,0.000,0.000,0.000,0.000,0.000,635816,367562,128892928,34267136,0,637234,2026-08-02T19:59:33.675387Z
M3,1363,saturated,M3,true,0.000,0.000,0.000,0.000,0.000,0.000,0.000,635816,367562,128892928,34267136,0,637234,2026-08-02T19:59:33.675387Z
M3,1364,saturated,M3,true,0.000,0.000,0.000,0.000,0.000,0.000,0.000,635816,367562,128892928,34267136,0,637234,2026-08-02T19:59:33.675387Z
M3,1365,saturated,M3,true,0.000,0.000,0.000,0.000,0.000,0.000,0.000,635816,367562,128892928,34267136,0,637234,2026-08-02T19:59:33.675387Z
M3,1366,saturated,M3,true,0.000,0.000,0.000,0.000,0.000,0.000,0.000,635816,367562,128892928,34267136,0,637234,2026-08-02T19:59:33.675387Z
M3,1367,saturated,M3,true,0.000,0.000,0.000,0.000,0.000,0.000,0.000,635816,367562,128892928,34267136,0,637234,2026-08-02T19:59:33.675387Z
M3,1368,saturated,M3,true,0.000,0.000,0.000,0.000,0.000,0.000,0.000,635816,367562,128892928,34267136,0,637234,2026-08-02T19:59:33.675387Z
M3,1369,saturated,M3,true,0.000,0.000,0.000,0.000,0.000,0.000,0.000,635816,367562,128892928,34267136,0,637234,2026-08-02T19:59:33.675387Z
M3,1370,saturated,M3,true,0.000,0.000,0.000,0.000,0.000,0.000,0.000,635816,367562,128892928,34267136,0,637234,2026-08-02T19:59:33.675387Z
M3,1371,saturated,M3,true,0.000,0.000,0.000,0.000,0.000,0.000,0.000,635816,367562,128892928,34267136,0,637235,2026-08-02T19:59:33.675387Z
M3,1372,saturated,M3,true,0.000,0.000,0.000,0.000,0.000,0.000,0.000,635816,367562,128892928,34267136,0,637235,2026-08-02T19:59:33.675387Z
M3,1373,saturated,M3,true,0.000,0.000,0.000,0.000,0.000,0.000,0.000,635816,367562,128892928,34267136,0,637235,2026-08-02T19:59:33.675387Z
M3,1374,saturated,M3,true,0.000,0.000,0.000,0.000,0.000,0.000,0.000,635816,367562,128892928,34267136,0,637235,2026-08-02T19:59:33.675387Z
M3,1375,saturated,M3,true,0.000,0.000,0.000,0.000,0.000,0.000,0.000,635816,367562,128892928,34267136,0,637235,2026-08-02T19:59:33.675387Z
M3,1376,saturated,M3,true,0.000,0.000,0.000,0.000,0.000,0.000,0.000,635816,367562,128892928,34267136,0,637235,2026-08-02T19:59:33.675387Z
M3,1377,saturated,M3,true,0.000,0.000,0.000,0.000,0.000,0.000,0.000,635816,367562,128892928,34267136,0,637235,2026-08-02T19:59:33.675387Z
M3,1378,saturated,M3,true,0.000,0.000,0.000,0.000,0.000,0.000,0.000,635816,367562,128892928,34267136,0,637235,2026-08-02T19:59:33.675387Z
M3,1379,saturated,M3,true,0.000,0.000,0.000,0.000,0.000,0.000,0.000,635816,367562,128892928,34267136,0,637235,2026-08-02T19:59:33.675387Z
M3,1380,saturated,M3,true,0.000,0.000,0.000,0.000,0.000,0.000,0.000,635816,367562,128892928,34267136,0,637235,2026-08-02T19:59:33.675387Z
M3,1381,saturated,M3,true,0.000,0.000,0.000,0.000,0.000,0.000,0.000,635816,367562,128892928,34267136,0,637235,2026-08-02T19:59:33.675387Z
M3,1382,saturated,M3,true,0.000,0.000,0.000,0.000,0.000,0.000,0.000,635816,367562,128892928,34267136,0,637235,2026-08-02T19:59:33.675387Z
M3,1383,saturated,M3,true,0.000,0.000,0.000,0.000,0.000,0.000,0.000,635816,367562,128892928,34267136,0,637235,2026-08-02T19:59:33.675387Z
M3,1384,saturated,M3,true,0.000,0.000,0.000,0.000,0.000,0.000,0.000,635816,367562,128892928,34267136,0,637235,2026-08-02T19:59:33.675387Z
M3,1385,saturated,M3,true,0.000,0.000,0.000,0.000,0.000,0.000,0.000,635816,367562,128892928,34267136,0,637235,2026-08-02T19:59:33.675387Z
M3,1386,saturated,M3,true,0.000,0.000,0.000,0.000,0.000,0.000,0.000,635816,367562,128892928,34267136,0,637235,2026-08-02T19:59:33.675387Z
M3,1387,saturated,M3,true,0.000,0.000,0.000,0.000,0.000,0.000,0.000,635816,367562,128892928,34267136,0,637236,2026-08-02T19:59:33.675387Z
M3,1388,saturated,M3,true,0.000,0.000,0.000,0.000,0.000,0.000,0.000,635816,367562,128892928,34267136,0,637236,2026-08-02T19:59:33.675387Z
M3,1389,saturated,M3,true,0.000,0.000,0.000,0.000,0.000,0.000,0.000,635816,367562,128892928,34267136,0,637236,2026-08-02T19:59:33.675387Z
M3,1390,saturated,M3,true,0.000,0.000,0.000,0.000,0.000,0.000,0.000,635816,367562,128892928,34267136,0,637237,2026-08-02T19:59:33.675387Z
M3,1391,saturated,M3,true,0.000,0.000,0.000,0.000,0.000,0.000,0.000,635816,367562,128892928,34267136,0,637237,2026-08-02T20:00:33.639683Z
M3,1392,saturated,M3,true,0.000,0.000,0.000,0.000,0.000,0.000,0.000,635816,367562,128892928,34267136,0,637237,2026-08-02T20:00:33.736988Z
M3,1393,saturated,M3,true,0.000,0.000,0.000,0.000,0.000,0.000,0.000,635816,367562,128892928,34267136,0,637237,2026-08-02T20:00:33.736988Z
M3,1394,saturated,M3,true,0.000,0.000,0.000,0.000,0.000,0.000,0.000,635816,367562,128892928,34267136,0,637237,2026-08-02T20:00:33.736988Z
M3,1395,saturated,M3,true,0.000,0.000,0.000,0.000,0.000,0.000,0.000,635816,367562,128892928,34267136,0,637237,2026-08-02T20:00:33.736988Z
M3,1396,saturated,M3,true,0.000,0.000,0.000,0.000,0.000,0.000,0.000,635816,367562,128892928,34267136,0,637237,2026-08-02T20:00:33.736988Z
M3,1397,saturated,M3,true,0.000,0.000,0.000,0.000,0.000,0.000,0.000,635816,367562,128892928,34267136,0,637237,2026-08-02T20:00:33.736988Z
M3,1398,saturated,M3,true,0.000,0.000,0.000,0.000,0.000,0.000,0.000,635816,367562,128892928,34267136,0,637237,2026-08-02T20:00:33.736988Z
M3,1399,saturated,M3,true,0.000,0.000,0.000,0.000,0.000,0.000,0.000,635816,367562,128892928,34267136,0,637237,2026-08-02T20:00:33.736988Z
M3,1400,saturated,M3,true,0.000,0.000,0.000,0.000,0.000,0.000,0.000,635816,367562,128892928,34267136,0,637237,2026-08-02T20:00:33.736988Z
M3,1401,saturated,M3,true,0.000,0.000,0.000,0.000,0.000,0.000,0.000,635816,367562,128892928,34267136,0,637237,2026-08-02T20:00:33.736988Z
M3,1402,saturated,M3,true,0.000,0.000,0.000,0.000,0.000,0.000,0.000,635816,367562,128892928,34267136,0,637237,2026-08-02T20:00:33.736988Z
M3,1403,saturated,M3,true,0.000,0.000,0.000,0.000,0.000,0.000,0.000,635816,367562,128892928,34267136,0,637237,2026-08-02T20:00:33.736988Z
M3,1404,saturated,M3,true,0.000,0.000,0.000,0.000,0.000,0.000,0.000,635816,367562,128892928,34267136,0,637237,2026-08-02T20:00:33.736988Z
M3,1405,saturated,M3,true,0.000,0.000,0.000,0.000,0.000,0.000,0.000,635816,367562,128892928,34267136,0,637237,2026-08-02T20:00:33.736988Z
M3,1406,saturated,M3,true,0.000,0.000,0.000,0.000,0.000,0.000,0.000,635816,367562,128892928,34267136,0,637237,2026-08-02T20:00:33.736988Z
M3,1407,saturated,M3,true,0.000,0.000,0.000,0.000,0.000,0.000,0.000,635816,367562,128892928,34267136,0,637238,2026-08-02T20:00:33.736988Z
M3,1408,saturated,M3,true,0.000,0.000,0.000,0.000,0.000,0.000,0.000,635816,367562,128892928,34267136,0,637238,2026-08-02T20:00:33.736988Z
M3,1409,saturated,M3,true,0.000,0.000,0.000,0.000,0.000,0.000,0.000,635816,367562,128892928,34267136,0,637238,2026-08-02T20:00:33.736988Z
M3,1410,saturated,M3,true,0.000,0.000,0.000,0.000,0.000,0.000,0.000,635816,367562,128892928,34267136,0,637238,2026-08-02T20:00:33.736988Z
M3,1411,saturated,M3,true,0.000,0.000,0.000,0.000,0.000,0.000,0.000,635816,367562,128892928,34267136,0,637238,2026-08-02T20:00:33.736988Z
M3,1412,saturated,M3,true,0.000,0.000,0.000,0.000,0.000,0.000,0.000,635816,367562,128892928,34267136,0,637238,2026-08-02T20:00:33.736988Z
M3,1413,saturated,M3,true,0.000,0.000,0.000,0.000,0.000,0.000,0.000,635816,367562,128892928,34267136,0,637238,2026-08-02T20:00:33.736988Z
M3,1414,saturated,M3,true,0.000,0.000,0.000,0.000,0.000,0.000,0.000,635816,367562,128892928,34267136,0,637238,2026-08-02T20:00:33.736988Z
M3,1415,saturated,M3,true,0.000,0.000,0.000,0.000,0.000,0.000,0.000,635816,367562,128892928,34267136,0,637238,2026-08-02T20:00:33.736988Z
M3,1416,saturated,M3,true,0.000,0.000,0.000,0.000,0.000,0.000,0.000,635816,367562,128892928,34267136,0,637238,2026-08-02T20:00:33.736988Z
M3,1417,saturated,M3,true,0.000,0.000,0.000,0.000,0.000,0.000,0.000,635816,367562,128892928,34267136,0,637238,2026-08-02T20:00:33.736988Z
M3,1418,saturated,M3,true,0.000,0.000,0.000,0.000,0.000,0.000,0.000,635816,367562,128892928,34267136,0,637238,2026-08-02T20:00:33.736988Z
M3,1419,saturated,M3,true,0.000,0.000,0.000,0.000,0.000,0.000,0.000,635816,367562,128892928,34267136,0,637238,2026-08-02T20:00:33.736988Z
M3,1420,saturated,M3,true,0.000,0.000,0.000,0.000,0.000,0.000,0.000,635816,367562,128892928,34267136,0,637238,2026-08-02T20:00:33.736988Z
M3,1421,saturated,M3,true,0.000,0.000,0.000,0.000,0.000,0.000,0.000,635816,367562,128892928,34267136,0,637238,2026-08-02T20:00:33.736988Z
M3,1422,saturated,M3,true,0.000,0.000,0.000,0.000,0.000,0.000,0.000,635816,367562,128892928,34267136,0,637238,2026-08-02T20:00:33.736988Z
M3,1423,saturated,M3,true,0.000,0.000,0.000,0.000,0.000,0.000,0.000,635816,367562,128892928,34267136,0,637239,2026-08-02T20:00:33.736988Z
M3,1424,saturated,M3,true,0.000,0.000,0.000,0.000,0.000,0.000,0.000,635816,367562,128892928,34267136,0,637239,2026-08-02T20:00:33.736988Z
M3,1425,saturated,M3,true,0.000,0.000,0.000,0.000,0.000,0.000,0.000,635816,367562,128892928,34267136,0,637239,2026-08-02T20:00:33.736988Z
M3,1426,saturated,M3,true,0.000,0.000,0.000,0.000,0.000,0.000,0.000,635816,367562,128892928,34267136,0,637239,2026-08-02T20:00:33.736988Z
M3,1427,saturated,M3,true,0.000,0.000,0.000,0.000,0.000,0.000,0.000,635816,367562,128892928,34267136,0,637239,2026-08-02T20:00:33.736988Z
M3,1428,saturated,M3,true,0.000,0.000,0.000,0.000,0.000,0.000,0.000,635816,367562,128892928,34267136,0,637239,2026-08-02T20:00:33.736988Z
M3,1429,saturated,M3,true,0.000,0.000,0.000,0.000,0.000,0.000,0.000,635816,367562,128892928,34267136,0,637239,2026-08-02T20:00:33.736988Z
M3,1430,saturated,M3,true,0.000,0.000,0.000,0.000,0.000,0.000,0.000,635816,367562,128892928,34267136,0,637239,2026-08-02T20:00:33.736988Z
M3,1431,saturated,M3,true,0.000,0.000,0.000,0.000,0.000,0.000,0.000,635816,367562,128892928,34267136,0,637239,2026-08-02T20:00:33.736988Z
M3,1432,saturated,M3,true,0.000,0.000,0.000,0.000,0.000,0.000,0.000,635816,367562,128892928,34267136,0,637239,2026-08-02T20:00:33.736988Z
M3,1433,saturated,M3,true,0.000,0.000,0.000,0.000,0.000,0.000,0.000,635816,367562,128892928,34267136,0,637239,2026-08-02T20:00:33.736988Z
M3,1434,saturated,M3,true,0.000,0.000,0.000,0.000,0.000,0.000,0.000,635816,367562,128892928,34267136,0,637239,2026-08-02T20:00:33.736988Z
M3,1435,saturated,M3,true,0.000,0.000,0.000,0.000,0.000,0.000,0.000,635816,367562,128892928,34267136,0,637239,2026-08-02T20:00:33.736988Z
M3,1436,saturated,M3,true,0.000,0.000,0.000,0.000,0.000,0.000,0.000,635816,367562,128892928,34267136,0,637239,2026-08-02T20:00:33.736988Z
M3,1437,saturated,M3,true,0.000,0.000,0.000,0.000,0.000,0.000,0.000,635816,367562,128892928,34267136,0,637239,2026-08-02T20:00:33.736988Z
M3,1438,saturated,M3,true,0.000,0.000,0.000,0.000,0.000,0.000,0.000,635816,367562,128892928,34267136,0,637239,2026-08-02T20:00:33.736988Z
M3,1439,saturated,M3,true,0.000,0.000,0.000,0.000,0.000,0.000,0.000,635816,367562,128892928,34267136,0,637239,2026-08-02T20:00:33.736988Z
M3,1440,saturated,M3,true,0.000,0.000,0.000,0.000,0.000,0.000,0.000,635816,367562,128892928,34267136,0,637240,2026-08-02T20:00:33.736988Z
M3,1441,saturated,M3,true,0.000,0.000,0.000,0.000,0.000,0.000,0.000,635816,367562,128892928,34267136,0,637240,2026-08-02T20:00:33.736988Z
M3,1442,saturated,M3,true,0.000,0.000,0.000,0.000,0.000,0.000,0.000,635816,367562,128892928,34267136,0,637240,2026-08-02T20:00:33.736988Z
M3,1443,saturated,M3,true,0.000,0.000,0.000,0.000,0.000,0.000,0.000,635816,367562,128892928,34267136,0,637240,2026-08-02T20:00:33.736988Z
M3,1444,saturated,M3,true,0.000,0.000,0.000,0.000,0.000,0.000,0.000,635816,367562,128892928,34267136,0,637240,2026-08-02T20:00:33.736988Z
M3,1445,saturated,M3,true,0.000,0.000,0.000,0.000,0.000,0.000,0.000,635816,367562,128892928,34267136,0,637240,2026-08-02T20:00:33.736988Z
M3,1446,saturated,M3,true,0.000,0.000,0.000,0.000,0.000,0.000,0.000,635816,367562,128892928,34267136,0,637240,2026-08-02T20:00:33.736988Z
M3,1447,saturated,M3,true,0.000,0.000,0.000,0.000,0.000,0.000,0.000,635816,367562,128892928,34267136,0,637240,2026-08-02T20:00:33.736988Z
M3,1448,saturated,M3,true,0.000,0.000,0.000,0.000,0.000,0.000,0.000,635816,367562,128892928,34267136,0,637240,2026-08-02T20:00:33.736988Z
M3,1449,saturated,M3,true,0.000,0.000,0.000,0.000,0.000,0.000,0.000,635816,367562,128892928,34267136,0,637240,2026-08-02T20:00:33.736988Z
M3,1450,saturated,M3,true,0.000,0.000,0.000,0.000,0.000,0.000,0.000,635816,367562,128892928,34267136,0,637240,2026-08-02T20:00:33.736988Z
M3,1451,saturated,M3,true,0.000,0.000,0.000,0.000,0.000,0.000,0.000,635816,367562,128892928,34267136,0,637240,2026-08-02T20:01:33.714415Z
M3,1452,saturated,M3,true,0.000,0.000,0.000,0.000,0.000,0.000,0.000,635816,367562,128892928,34267136,0,637240,2026-08-02T20:01:33.714415Z
M3,1453,saturated,M3,true,0.000,0.000,0.000,0.000,0.000,0.000,0.000,635816,367562,128892928,34267136,0,637240,2026-08-02T20:01:33.714415Z
M3,1454,saturated,M3,true,0.000,0.000,0.000,0.000,0.000,0.000,0.000,635816,367562,128892928,34267136,0,637240,2026-08-02T20:01:33.714415Z
M3,1455,saturated,M3,true,0.000,0.000,0.000,0.000,0.000,0.000,0.000,635816,367562,128892928,34267136,0,637240,2026-08-02T20:01:33.714415Z
M3,1456,saturated,M3,true,0.000,0.000,0.000,0.000,0.000,0.000,0.000,635816,367562,128892928,34267136,0,637241,2026-08-02T20:01:33.714415Z
M3,1457,saturated,M3,true,0.000,0.000,0.000,0.000,0.000,0.000,0.000,635816,367562,128892928,34267136,0,637241,2026-08-02T20:01:33.714415Z
M3,1458,saturated,M3,true,0.000,0.000,0.000,0.000,0.000,0.000,0.000,635816,367562,128892928,34267136,0,637241,2026-08-02T20:01:33.714415Z
M3,1459,saturated,M3,true,0.000,0.000,0.000,0.000,0.000,0.000,0.000,635816,367562,128892928,34267136,0,637241,2026-08-02T20:01:33.714415Z
M3,1460,saturated,M3,true,0.000,0.000,0.000,0.000,0.000,0.000,0.000,635816,367562,128892928,34267136,0,637241,2026-08-02T20:01:33.714415Z
M3,1461,saturated,M3,true,0.000,0.000,0.000,0.000,0.000,0.000,0.000,635816,367562,128892928,34267136,0,637241,2026-08-02T20:01:33.714415Z
M3,1462,saturated,M3,true,0.000,0.000,0.000,0.000,0.000,0.000,0.000,635816,367562,128892928,34267136,0,637241,2026-08-02T20:01:33.714415Z
M3,1463,saturated,M3,true,0.000,0.000,0.000,0.000,0.000,0.000,0.000,635816,367562,128892928,34267136,0,637241,2026-08-02T20:01:33.714415Z
M3,1464,saturated,M3,true,0.000,0.000,0.000,0.000,0.000,0.000,0.000,635816,367562,128892928,34267136,0,637241,2026-08-02T20:01:33.714415Z
M3,1465,saturated,M3,true,0.000,0.000,0.000,0.000,0.000,0.000,0.000,635816,367562,128892928,34267136,0,637241,2026-08-02T20:01:33.714415Z
M3,1466,saturated,M3,true,0.000,0.000,0.000,0.000,0.000,0.000,0.000,635816,367562,128892928,34267136,0,637241,2026-08-02T20:01:33.714415Z
M3,1467,saturated,M3,true,0.000,0.000,0.000,0.000,0.000,0.000,0.000,635816,367562,128892928,34267136,0,637241,2026-08-02T20:01:33.714415Z
M3,1468,saturated,M3,true,0.000,0.000,0.000,0.000,0.000,0.000,0.000,635816,367562,128892928,34267136,0,637241,2026-08-02T20:01:33.714415Z
M3,1469,saturated,M3,true,0.000,0.000,0.000,0.000,0.000,0.000,0.000,635816,367562,128892928,34267136,0,637241,2026-08-02T20:01:33.714415Z
M3,1470,saturated,M3,true,0.000,0.000,0.000,0.000,0.000,0.000,0.000,635816,367562,128892928,34267136,0,637241,2026-08-02T20:01:33.714415Z
M3,1471,saturated,M3,true,0.000,0.000,0.000,0.000,0.000,0.000,0.000,635816,367562,128892928,34267136,0,637241,2026-08-02T20:01:33.714415Z
M3,1472,saturated,M3,true,0.000,0.000,0.000,0.000,0.000,0.000,0.000,635816,367562,128892928,34267136,0,637241,2026-08-02T20:01:33.714415Z
M3,1473,saturated,M3,true,0.000,0.000,0.000,0.000,0.000,0.000,0.000,635816,367562,128892928,34267136,0,637242,2026-08-02T20:01:33.714415Z
M3,1474,saturated,M3,true,0.000,0.000,0.000,0.000,0.000,0.000,0.000,635816,367562,128892928,34267136,0,637242,2026-08-02T20:01:33.714415Z
M3,1475,saturated,M3,true,0.000,0.000,0.000,0.000,0.000,0.000,0.000,635816,367562,128892928,34267136,0,637242,2026-08-02T20:01:33.714415Z
M3,1476,saturated,M3,true,0.000,0.000,0.000,0.000,0.000,0.000,0.000,635816,367562,128892928,34267136,0,637242,2026-08-02T20:01:33.714415Z
M3,1477,saturated,M3,true,0.000,0.000,0.000,0.000,0.000,0.000,0.000,635816,367562,128892928,34267136,0,637242,2026-08-02T20:01:33.714415Z
M3,1478,saturated,M3,true,0.000,0.000,0.000,0.000,0.000,0.000,0.000,635816,367562,128892928,34267136,0,637242,2026-08-02T20:01:33.714415Z
M3,1479,saturated,M3,true,0.000,0.000,0.000,0.000,0.000,0.000,0.000,635816,367562,128892928,34267136,0,637242,2026-08-02T20:01:33.714415Z
M3,1480,saturated,M3,true,0.000,0.000,0.000,0.000,0.000,0.000,0.000,635816,367562,128892928,34267136,0,637242,2026-08-02T20:01:33.714415Z
M3,1481,saturated,M3,true,0.000,0.000,0.000,0.000,0.000,0.000,0.000,635816,367562,128892928,34267136,0,637242,2026-08-02T20:01:33.714415Z
M3,1482,saturated,M3,true,0.000,0.000,0.000,0.000,0.000,0.000,0.000,635816,367562,128892928,34267136,0,637242,2026-08-02T20:01:33.714415Z
M3,1483,saturated,M3,true,0.000,0.000,0.000,0.000,0.000,0.000,0.000,635816,367562,128892928,34267136,0,637242,2026-08-02T20:01:33.714415Z
M3,1484,saturated,M3,true,0.000,0.000,0.000,0.000,0.000,0.000,0.000,635816,367562,128892928,34267136,0,637242,2026-08-02T20:01:33.714415Z
M3,1485,saturated,M3,true,0.000,0.000,0.000,0.000,0.000,0.000,0.000,635816,367562,128892928,34267136,0,637242,2026-08-02T20:01:33.714415Z
M3,1486,saturated,M3,true,0.000,0.000,0.000,0.000,0.000,0.000,0.000,635816,367562,128892928,34267136,0,637242,2026-08-02T20:01:33.714415Z
M3,1487,saturated,M3,true,0.000,0.000,0.000,0.000,0.000,0.000,0.000,635816,367562,128892928,34267136,0,637242,2026-08-02T20:01:33.714415Z
M3,1488,saturated,M3,true,0.000,0.000,0.000,0.000,0.000,0.000,0.000,635816,367562,128892928,34267136,0,637242,2026-08-02T20:01:33.714415Z
M3,1489,saturated,M3,true,0.000,0.000,0.000,0.000,0.000,0.000,0.000,635816,367562,128892928,34267136,0,637243,2026-08-02T20:01:33.714415Z
M3,1490,saturated,M3,true,0.000,0.000,0.000,0.000,0.000,0.000,0.000,635816,367562,128892928,34267136,0,637243,2026-08-02T20:01:33.714415Z
M3,1491,saturated,M3,true,0.000,0.000,0.000,0.000,0.000,0.000,0.000,635816,367562,128892928,34267136,0,637243,2026-08-02T20:01:33.714415Z
M3,1492,saturated,M3,true,0.000,0.000,0.000,0.000,0.000,0.000,0.000,635816,367562,128892928,34267136,0,637243,2026-08-02T20:01:33.714415Z
M3,1493,saturated,M3,true,0.000,0.000,0.000,0.000,0.000,0.000,0.000,635816,367562,128892928,34267136,0,637243,2026-08-02T20:01:33.714415Z
M3,1494,saturated,M3,true,0.000,0.000,0.000,0.000,0.000,0.000,0.000,635816,367562,128892928,34267136,0,637243,2026-08-02T20:01:33.714415Z
M3,1495,saturated,M3,true,0.000,0.000,0.000,0.000,0.000,0.000,0.000,635816,367562,128892928,34267136,0,637243,2026-08-02T20:01:33.714415Z
M3,1496,saturated,M3,true,0.000,0.000,0.000,0.000,0.000,0.000,0.000,635816,367562,128892928,34267136,0,637243,2026-08-02T20:01:33.714415Z
M3,1497,saturated,M3,true,0.000,0.000,0.000,0.000,0.000,0.000,0.000,635816,367562,128892928,34267136,0,637243,2026-08-02T20:01:33.714415Z
M3,1498,saturated,M3,true,0.000,0.000,0.000,0.000,0.000,0.000,0.000,635816,367562,128892928,34267136,0,637243,2026-08-02T20:01:33.714415Z
M3,1499,saturated,M3,true,0.000,0.000,0.000,0.000,0.000,0.000,0.000,635816,367562,128892928,34267136,0,637243,2026-08-02T20:01:33.714415Z
M3,1500,saturated,M3,true,0.000,0.000,0.000,0.000,0.000,0.000,0.000,635816,367562,128892928,34267136,0,637243,2026-08-02T20:01:33.714415Z
M3,1501,saturated,M3,true,0.000,0.000,0.000,0.000,0.000,0.000,0.000,635816,367562,128892928,34267136,0,637243,2026-08-02T20:01:33.714415Z
M3,1502,saturated,M3,true,0.000,0.000,0.000,0.000,0.000,0.000,0.000,635816,367562,128892928,34267136,0,637243,2026-08-02T20:01:33.714415Z
M3,1503,saturated,M3,true,0.000,0.000,0.000,0.000,0.000,0.000,0.000,635816,367562,128892928,34267136,0,637243,2026-08-02T20:01:33.714415Z
M3,1504,saturated,M3,true,0.000,0.000,0.000,0.000,0.000,0.000,0.000,635816,367562,128892928,34267136,0,637243,2026-08-02T20:01:33.714415Z
M3,1505,saturated,M3,true,0.000,0.000,0.000,0.000,0.000,0.000,0.000,635816,367562,128892928,34267136,0,637243,2026-08-02T20:01:33.714415Z
M3,1506,saturated,M3,true,0.000,0.000,0.000,0.000,0.000,0.000,0.000,635816,367562,128892928,34267136,0,637244,2026-08-02T20:01:33.714415Z
M3,1507,saturated,M3,true,0.000,0.000,0.000,0.000,0.000,0.000,0.000,635816,367562,128892928,34267136,0,637244,2026-08-02T20:01:33.714415Z
M3,1508,saturated,M3,true,0.000,0.000,0.000,0.000,0.000,0.000,0.000,635816,367562,128892928,34267136,0,637244,2026-08-02T20:01:33.714415Z
M3,1509,saturated,M3,true,0.000,0.000,0.000,0.000,0.000,0.000,0.000,635816,367562,128892928,34267136,0,637244,2026-08-02T20:01:33.714415Z
M3,1510,saturated,M3,true,0.000,0.000,0.000,0.000,0.000,0.000,0.000,635816,367562,128892928,34267136,0,637244,2026-08-02T20:01:33.714415Z
M3,1511,saturated,M3,true,0.000,0.000,0.000,0.000,0.000,0.000,0.000,635816,367562,128892928,34267136,0,637244,2026-08-02T20:02:33.741274Z
M3,1512,saturated,M3,true,0.000,0.000,0.000,0.000,0.000,0.000,0.000,635816,367562,128892928,34267136,0,637244,2026-08-02T20:02:33.741274Z
M3,1513,saturated,M3,true,0.000,0.000,0.000,0.000,0.000,0.000,0.000,635816,367562,128892928,34267136,0,637244,2026-08-02T20:02:33.741274Z
M3,1514,saturated,M3,true,0.000,0.000,0.000,0.000,0.000,0.000,0.000,635816,367562,128892928,34267136,0,637244,2026-08-02T20:02:33.741274Z
M3,1515,saturated,M3,true,0.000,0.000,0.000,0.000,0.000,0.000,0.000,635816,367562,128892928,34267136,0,637244,2026-08-02T20:02:33.741274Z
M3,1516,saturated,M3,true,0.000,0.000,0.000,0.000,0.000,0.000,0.000,635816,367562,128892928,34267136,0,637244,2026-08-02T20:02:33.741274Z
M3,1517,saturated,M3,true,0.000,0.000,0.000,0.000,0.000,0.000,0.000,635816,367562,128892928,34267136,0,637244,2026-08-02T20:02:33.741274Z
M3,1518,saturated,M3,true,0.000,0.000,0.000,0.000,0.000,0.000,0.000,635816,367562,128892928,34267136,0,637244,2026-08-02T20:02:33.741274Z
M3,1519,saturated,M3,true,0.000,0.000,0.000,0.000,0.000,0.000,0.000,635816,367562,128892928,34267136,0,637244,2026-08-02T20:02:33.741274Z
M3,1520,saturated,M3,true,0.000,0.000,0.000,0.000,0.000,0.000,0.000,635816,367562,128892928,34267136,0,637244,2026-08-02T20:02:33.741274Z
M3,1521,saturated,M3,true,0.000,0.000,0.000,0.000,0.000,0.000,0.000,635816,367562,128892928,34267136,0,637244,2026-08-02T20:02:33.741274Z
M3,1522,saturated,M3,true,0.000,0.000,0.000,0.000,0.000,0.000,0.000,635816,367562,128892928,34267136,0,637245,2026-08-02T20:02:33.741274Z
M3,1523,saturated,M3,true,0.000,0.000,0.000,0.000,0.000,0.000,0.000,635816,367562,128892928,34267136,0,637245,2026-08-02T20:02:33.741274Z
M3,1524,saturated,M3,true,0.000,0.000,0.000,0.000,0.000,0.000,0.000,635816,367562,128892928,34267136,0,637245,2026-08-02T20:02:33.741274Z
M3,1525,saturated,M3,true,0.000,0.000,0.000,0.000,0.000,0.000,0.000,635816,367562,128892928,34267136,0,637245,2026-08-02T20:02:33.741274Z
M3,1526,saturated,M3,true,0.000,0.000,0.000,0.000,0.000,0.000,0.000,635816,367562,128892928,34267136,0,637245,2026-08-02T20:02:33.741274Z
M3,1527,saturated,M3,true,0.000,0.000,0.000,0.000,0.000,0.000,0.000,635816,367562,128892928,34267136,0,637245,2026-08-02T20:02:33.741274Z
M3,1528,saturated,M3,true,0.000,0.000,0.000,0.000,0.000,0.000,0.000,635816,367562,128892928,34267136,0,637245,2026-08-02T20:02:33.741274Z
M3,1529,saturated,M3,true,0.000,0.000,0.000,0.000,0.000,0.000,0.000,635816,367562,128892928,34267136,0,637245,2026-08-02T20:02:33.741274Z
M3,1530,saturated,M3,true,0.000,0.000,0.000,0.000,0.000,0.000,0.000,635816,367562,128892928,34267136,0,637245,2026-08-02T20:02:33.741274Z
M3,1531,saturated,M3,true,0.000,0.000,0.000,0.000,0.000,0.000,0.000,635816,367562,128892928,34267136,0,637245,2026-08-02T20:02:33.741274Z
M3,1532,saturated,M3,true,0.000,0.000,0.000,0.000,0.000,0.000,0.000,635816,367562,128892928,34267136,0,637245,2026-08-02T20:02:33.741274Z
M3,1533,saturated,M3,true,0.000,0.000,0.000,0.000,0.000,0.000,0.000,635816,367562,128892928,34267136,0,637245,2026-08-02T20:02:33.741274Z
M3,1534,saturated,M3,true,0.000,0.000,0.000,0.000,0.000,0.000,0.000,635816,367562,128892928,34267136,0,637245,2026-08-02T20:02:33.741274Z
M3,1535,saturated,M3,true,0.000,0.000,0.000,0.000,0.000,0.000,0.000,635816,367562,128892928,34267136,0,637245,2026-08-02T20:02:33.741274Z
M3,1536,saturated,M3,true,0.000,0.000,0.000,0.000,0.000,0.000,0.000,635816,367562,128892928,34267136,0,637245,2026-08-02T20:02:33.741274Z
M3,1537,saturated,M3,true,0.000,0.000,0.000,0.000,0.000,0.000,0.000,635816,367562,128892928,34267136,0,637245,2026-08-02T20:02:33.741274Z
M3,1538,saturated,M3,true,0.000,0.000,0.000,0.000,0.000,0.000,0.000,635816,367562,128892928,34267136,0,637245,2026-08-02T20:02:33.741274Z
M3,1539,saturated,M3,true,0.000,0.000,0.000,0.000,0.000,0.000,0.000,635816,367562,128892928,34267136,0,637246,2026-08-02T20:02:33.741274Z
M3,1540,saturated,M3,true,0.000,0.000,0.000,0.000,0.000,0.000,0.000,635816,367562,128892928,34267136,0,637246,2026-08-02T20:02:33.741274Z
M3,1541,saturated,M3,true,0.000,0.000,0.000,0.000,0.000,0.000,0.000,635816,367562,128892928,34267136,0,637246,2026-08-02T20:02:33.741274Z
M3,1542,saturated,M3,true,0.000,0.000,0.000,0.000,0.000,0.000,0.000,635816,367562,128892928,34267136,0,637246,2026-08-02T20:02:33.741274Z
M3,1543,saturated,M3,true,0.000,0.000,0.000,0.000,0.000,0.000,0.000,635816,367562,128892928,34267136,0,637246,2026-08-02T20:02:33.741274Z
M3,1544,saturated,M3,true,0.000,0.000,0.000,0.000,0.000,0.000,0.000,635816,367562,128892928,34267136,0,637246,2026-08-02T20:02:33.741274Z
M3,1545,saturated,M3,true,0.000,0.000,0.000,0.000,0.000,0.000,0.000,635816,367562,128892928,34267136,0,637246,2026-08-02T20:02:33.741274Z
M3,1546,saturated,M3,true,0.000,0.000,0.000,0.000,0.000,0.000,0.000,635816,367562,128892928,34267136,0,637246,2026-08-02T20:02:33.741274Z
M3,1547,saturated,M3,true,0.000,0.000,0.000,0.000,0.000,0.000,0.000,635816,367562,128892928,34267136,0,637246,2026-08-02T20:02:33.741274Z
M3,1548,saturated,M3,true,0.000,0.000,0.000,0.000,0.000,0.000,0.000,635816,367562,128892928,34267136,0,637246,2026-08-02T20:02:33.741274Z
M3,1549,saturated,M3,true,0.000,0.000,0.000,0.000,0.000,0.000,0.000,635816,367562,128892928,34267136,0,637246,2026-08-02T20:02:33.741274Z
M3,1550,saturated,M3,true,0.000,0.000,0.000,0.000,0.000,0.000,0.000,635816,367562,128892928,34267136,0,637246,2026-08-02T20:02:33.741274Z
M3,1551,saturated,M3,true,0.000,0.000,0.000,0.000,0.000,0.000,0.000,635816,367562,128892928,34267136,0,637246,2026-08-02T20:02:33.741274Z
M3,1552,saturated,M3,true,0.000,0.000,0.000,0.000,0.000,0.000,0.000,635816,367562,128892928,34267136,0,637246,2026-08-02T20:02:33.741274Z
M3,1553,saturated,M3,true,0.000,0.000,0.000,0.000,0.000,0.000,0.000,635816,367562,128892928,34267136,0,637246,2026-08-02T20:02:33.741274Z
M3,1554,saturated,M3,true,0.000,0.000,0.000,0.000,0.000,0.000,0.000,635816,367562,128892928,34267136,0,637246,2026-08-02T20:02:33.741274Z
M3,1555,saturated,M3,true,0.000,0.000,0.000,0.000,0.000,0.000,0.000,635816,367562,128892928,34267136,0,637246,2026-08-02T20:02:33.741274Z
M3,1556,saturated,M3,true,0.000,0.000,0.000,0.000,0.000,0.000,0.000,635816,367562,128892928,34267136,0,637247,2026-08-02T20:02:33.741274Z
M3,1557,saturated,M3,true,0.000,0.000,0.000,0.000,0.000,0.000,0.000,635816,367562,128892928,34267136,0,637247,2026-08-02T20:02:33.741274Z
M3,1558,saturated,M3,true,0.000,0.000,0.000,0.000,0.000,0.000,0.000,635816,367562,128892928,34267136,0,637247,2026-08-02T20:02:33.741274Z
M3,1559,saturated,M3,true,0.000,0.000,0.000,0.000,0.000,0.000,0.000,635816,367562,128892928,34267136,0,637247,2026-08-02T20:02:33.741274Z
M3,1560,saturated,M3,true,0.000,0.000,0.000,0.000,0.000,0.000,0.000,635816,367562,128892928,34267136,0,637247,2026-08-02T20:02:33.741274Z
M3,1561,saturated,M3,true,0.000,0.000,0.000,0.000,0.000,0.000,0.000,635816,367562,128892928,34267136,0,637247,2026-08-02T20:02:33.741274Z
M3,1562,saturated,M3,true,0.000,0.000,0.000,0.000,0.000,0.000,0.000,635816,367562,128892928,34267136,0,637247,2026-08-02T20:02:33.741274Z
M3,1563,saturated,M3,true,0.000,0.000,0.000,0.000,0.000,0.000,0.000,635816,367562,128892928,34267136,0,637247,2026-08-02T20:02:33.741274Z
M3,1564,saturated,M3,true,0.000,0.000,0.000,0.000,0.000,0.000,0.000,635816,367562,128892928,34267136,0,637247,2026-08-02T20:02:33.741274Z
M3,1565,saturated,M3,true,0.000,0.000,0.000,0.000,0.000,0.000,0.000,635816,367562,128892928,34267136,0,637247,2026-08-02T20:02:33.741274Z
M3,1566,saturated,M3,true,0.000,0.000,0.000,0.000,0.000,0.000,0.000,635816,367562,128892928,34267136,0,637247,2026-08-02T20:02:33.741274Z
M3,1567,saturated,M3,true,0.000,0.000,0.000,0.000,0.000,0.000,0.000,635816,367562,128892928,34267136,0,637247,2026-08-02T20:02:33.741274Z
M3,1568,saturated,M3,true,0.000,0.000,0.000,0.000,0.000,0.000,0.000,635816,367562,128892928,34267136,0,637247,2026-08-02T20:02:33.741274Z
M3,1569,saturated,M3,true,0.000,0.000,0.000,0.000,0.000,0.000,0.000,635816,367562,128892928,34267136,0,637247,2026-08-02T20:02:33.741274Z
M3,1570,saturated,M3,true,0.000,0.000,0.000,0.000,0.000,0.000,0.000,635816,367562,128892928,34267136,0,637247,2026-08-02T20:02:33.741274Z
M3,1571,saturated,M3,true,0.000,0.000,0.000,0.000,0.000,0.000,0.000,635816,367562,128892928,34267136,0,637247,2026-08-02T20:03:33.334004Z
M3,1572,saturated,M3,true,0.000,0.000,0.000,0.000,0.000,0.000,0.000,635816,367562,128892928,34267136,0,637248,2026-08-02T20:03:33.764268Z
M3,1573,saturated,M3,true,0.000,0.000,0.000,0.000,0.000,0.000,0.000,635816,367562,128892928,34267136,0,637248,2026-08-02T20:03:33.764268Z
M3,1574,saturated,M3,true,0.000,0.000,0.000,0.000,0.000,0.000,0.000,635816,367562,128892928,34267136,0,637248,2026-08-02T20:03:33.764268Z
M3,1575,saturated,M3,true,0.000,0.000,0.000,0.000,0.000,0.000,0.000,635816,367562,128892928,34267136,0,637248,2026-08-02T20:03:33.764268Z
M3,1576,saturated,M3,true,0.000,0.000,0.000,0.000,0.000,0.000,0.000,635816,367562,128892928,34267136,0,637248,2026-08-02T20:03:33.764268Z
M3,1577,saturated,M3,true,0.000,0.000,0.000,0.000,0.000,0.000,0.000,635816,367562,128892928,34267136,0,637248,2026-08-02T20:03:33.764268Z
M3,1578,saturated,M3,true,0.000,0.000,0.000,0.000,0.000,0.000,0.000,635816,367562,128892928,34267136,0,637248,2026-08-02T20:03:33.764268Z
M3,1579,saturated,M3,true,0.000,0.000,0.000,0.000,0.000,0.000,0.000,635816,367562,128892928,34267136,0,637248,2026-08-02T20:03:33.764268Z
M3,1580,saturated,M3,true,0.000,0.000,0.000,0.000,0.000,0.000,0.000,635816,367562,128892928,34267136,0,637248,2026-08-02T20:03:33.764268Z
M3,1581,saturated,M3,true,0.000,0.000,0.000,0.000,0.000,0.000,0.000,635816,367562,128892928,34267136,0,637248,2026-08-02T20:03:33.764268Z
M3,1582,saturated,M3,true,0.000,0.000,0.000,0.000,0.000,0.000,0.000,635816,367562,128892928,34267136,0,637248,2026-08-02T20:03:33.764268Z
M3,1583,saturated,M3,true,0.000,0.000,0.000,0.000,0.000,0.000,0.000,635816,367562,128892928,34267136,0,637248,2026-08-02T20:03:33.764268Z
M3,1584,saturated,M3,true,0.000,0.000,0.000,0.000,0.000,0.000,0.000,635816,367562,128892928,34267136,0,637248,2026-08-02T20:03:33.764268Z
M3,1585,saturated,M3,true,0.000,0.000,0.000,0.000,0.000,0.000,0.000,635816,367562,128892928,34267136,0,637248,2026-08-02T20:03:33.764268Z
M3,1586,saturated,M3,true,0.000,0.000,0.000,0.000,0.000,0.000,0.000,635816,367562,128892928,34267136,0,637248,2026-08-02T20:03:33.764268Z
M3,1587,saturated,M3,true,0.000,0.000,0.000,0.000,0.000,0.000,0.000,635816,367562,128892928,34267136,0,637248,2026-08-02T20:03:33.764268Z
M3,1588,saturated,M3,true,0.000,0.000,0.000,0.000,0.000,0.000,0.000,635816,367562,128892928,34267136,0,637248,2026-08-02T20:03:33.764268Z
M3,1589,saturated,M3,true,0.000,0.000,0.000,0.000,0.000,0.000,0.000,635816,367562,128892928,34267136,0,637249,2026-08-02T20:03:33.764268Z
M3,1590,saturated,M3,true,0.000,0.000,0.000,0.000,0.000,0.000,0.000,635816,367562,128892928,34267136,0,637249,2026-08-02T20:03:33.764268Z
M3,1591,saturated,M3,true,0.000,0.000,0.000,0.000,0.000,0.000,0.000,635816,367562,128892928,34267136,0,637249,2026-08-02T20:03:33.764268Z
M3,1592,saturated,M3,true,0.000,0.000,0.000,0.000,0.000,0.000,0.000,635816,367562,128892928,34267136,0,637249,2026-08-02T20:03:33.764268Z
M3,1593,saturated,M3,true,0.000,0.000,0.000,0.000,0.000,0.000,0.000,635816,367562,128892928,34267136,0,637249,2026-08-02T20:03:33.764268Z
M3,1594,saturated,M3,true,0.000,0.000,0.000,0.000,0.000,0.000,0.000,635816,367562,128892928,34267136,0,637249,2026-08-02T20:03:33.764268Z
M3,1595,saturated,M3,true,0.000,0.000,0.000,0.000,0.000,0.000,0.000,635816,367562,128892928,34267136,0,637249,2026-08-02T20:03:33.764268Z
M3,1596,saturated,M3,true,0.000,0.000,0.000,0.000,0.000,0.000,0.000,635816,367562,128892928,34267136,0,637249,2026-08-02T20:03:33.764268Z
M3,1597,saturated,M3,true,0.000,0.000,0.000,0.000,0.000,0.000,0.000,635816,367562,128892928,34267136,0,637249,2026-08-02T20:03:33.764268Z
M3,1598,saturated,M3,true,0.000,0.000,0.000,0.000,0.000,0.000,0.000,635816,367562,128892928,34267136,0,637249,2026-08-02T20:03:33.764268Z
M3,1599,saturated,M3,true,0.000,0.000,0.000,0.000,0.000,0.000,0.000,635816,367562,128892928,34267136,0,637249,2026-08-02T20:03:33.764268Z
M3,1600,saturated,M3,true,0.000,0.000,0.000,0.000,0.000,0.000,0.000,635816,367562,128892928,34267136,0,637249,2026-08-02T20:03:33.764268Z
M3,1601,saturated,M3,true,0.000,0.000,0.000,0.000,0.000,0.000,0.000,635816,367562,128892928,34267136,0,637249,2026-08-02T20:03:33.764268Z
M3,1602,saturated,M3,true,0.000,0.000,0.000,0.000,0.000,0.000,0.000,635816,367562,128892928,34267136,0,637249,2026-08-02T20:03:33.764268Z
M3,1603,saturated,M3,true,0.000,0.000,0.000,0.000,0.000,0.000,0.000,635816,367562,128892928,34267136,0,637249,2026-08-02T20:03:33.764268Z
M3,1604,saturated,M3,true,0.000,0.000,0.000,0.000,0.000,0.000,0.000,635816,367562,128892928,34267136,0,637249,2026-08-02T20:03:33.764268Z
M3,1605,saturated,M3,true,0.000,0.000,0.000,0.000,0.000,0.000,0.000,635816,367562,128892928,34267136,0,637250,2026-08-02T20:03:33.764268Z
M3,1606,saturated,M3,true,0.000,0.000,0.000,0.000,0.000,0.000,0.000,635816,367562,128892928,34267136,0,637250,2026-08-02T20:03:33.764268Z
M3,1607,saturated,M3,true,0.000,0.000,0.000,0.000,0.000,0.000,0.000,635816,367562,128892928,34267136,0,637250,2026-08-02T20:03:33.764268Z
M3,1608,saturated,M3,true,0.000,0.000,0.000,0.000,0.000,0.000,0.000,635816,367562,128892928,34267136,0,637250,2026-08-02T20:03:33.764268Z
M3,1609,saturated,M3,true,0.000,0.000,0.000,0.000,0.000,0.000,0.000,635816,367562,128892928,34267136,0,637250,2026-08-02T20:03:33.764268Z
M3,1610,saturated,M3,true,0.000,0.000,0.000,0.000,0.000,0.000,0.000,635816,367562,128892928,34267136,0,637250,2026-08-02T20:03:33.764268Z
M3,1611,saturated,M3,true,0.000,0.000,0.000,0.000,0.000,0.000,0.000,635816,367562,128892928,34267136,0,637250,2026-08-02T20:03:33.764268Z
M3,1612,saturated,M3,true,0.000,0.000,0.000,0.000,0.000,0.000,0.000,635816,367562,128892928,34267136,0,637250,2026-08-02T20:03:33.764268Z
M3,1613,saturated,M3,true,0.000,0.000,0.000,0.000,0.000,0.000,0.000,635816,367562,128892928,34267136,0,637250,2026-08-02T20:03:33.764268Z
M3,1614,saturated,M3,true,0.000,0.000,0.000,0.000,0.000,0.000,0.000,635816,367562,128892928,34267136,0,637250,2026-08-02T20:03:33.764268Z
M3,1615,saturated,M3,true,0.000,0.000,0.000,0.000,0.000,0.000,0.000,635816,367562,128892928,34267136,0,637250,2026-08-02T20:03:33.764268Z
M3,1616,saturated,M3,true,0.000,0.000,0.000,0.000,0.000,0.000,0.000,635816,367562,128892928,34267136,0,637250,2026-08-02T20:03:33.764268Z
M3,1617,saturated,M3,true,0.000,0.000,0.000,0.000,0.000,0.000,0.000,635816,367562,128892928,34267136,0,637250,2026-08-02T20:03:33.764268Z
M3,1618,saturated,M3,true,0.000,0.000,0.000,0.000,0.000,0.000,0.000,635816,367562,128892928,34267136,0,637250,2026-08-02T20:03:33.764268Z
M3,1619,saturated,M3,true,0.000,0.000,0.000,0.000,0.000,0.000,0.000,635816,367562,128892928,34267136,0,637250,2026-08-02T20:03:33.764268Z
M3,1620,saturated,M3,true,0.000,0.000,0.000,0.000,0.000,0.000,0.000,635816,367562,128892928,34267136,0,637250,2026-08-02T20:03:33.764268Z
M3,1621,saturated,M3,true,0.000,0.000,0.000,0.000,0.000,0.000,0.000,635816,367562,128892928,34267136,0,637250,2026-08-02T20:03:33.764268Z
M3,1622,saturated,M3,true,0.000,0.000,0.000,0.000,0.000,0.000,0.000,635816,367562,128892928,34267136,0,637251,2026-08-02T20:03:33.764268Z
M3,1623,saturated,M3,true,0.000,0.000,0.000,0.000,0.000,0.000,0.000,635816,367562,128892928,34267136,0,637251,2026-08-02T20:03:33.764268Z
M3,1624,saturated,M3,true,0.000,0.000,0.000,0.000,0.000,0.000,0.000,635816,367562,128892928,34267136,0,637251,2026-08-02T20:03:33.764268Z
M3,1625,saturated,M3,true,0.000,0.000,0.000,0.000,0.000,0.000,0.000,635816,367562,128892928,34267136,0,637251,2026-08-02T20:03:33.764268Z
M3,1626,saturated,M3,true,0.000,0.000,0.000,0.000,0.000,0.000,0.000,635816,367562,128892928,34267136,0,637251,2026-08-02T20:03:33.764268Z
M3,1627,saturated,M3,true,0.000,0.000,0.000,0.000,0.000,0.000,0.000,635816,367562,128892928,34267136,0,637251,2026-08-02T20:03:33.764268Z
M3,1628,saturated,M3,true,0.000,0.000,0.000,0.000,0.000,0.000,0.000,635816,367562,128892928,34267136,0,637251,2026-08-02T20:03:33.764268Z
M3,1629,saturated,M3,true,0.000,0.000,0.000,0.000,0.000,0.000,0.000,635816,367562,128892928,34267136,0,637251,2026-08-02T20:03:33.764268Z
M3,1630,saturated,M3,true,0.000,0.000,0.000,0.000,0.000,0.000,0.000,635816,367562,128892928,34267136,0,637251,2026-08-02T20:03:33.764268Z
M3,1631,saturated,M3,true,0.000,0.000,0.000,0.000,0.000,0.000,0.000,635816,367562,128892928,34267136,0,637251,2026-08-02T20:04:33.342028Z
M3,1632,saturated,M3,true,0.000,0.000,0.000,0.000,0.000,0.000,0.000,635816,367562,128892928,34267136,0,637251,2026-08-02T20:04:33.753580Z
M3,1633,saturated,M3,true,0.000,0.000,0.000,0.000,0.000,0.000,0.000,635816,367562,128892928,34267136,0,637251,2026-08-02T20:04:33.753580Z
M3,1634,saturated,M3,true,0.000,0.000,0.000,0.000,0.000,0.000,0.000,635816,367562,128892928,34267136,0,637251,2026-08-02T20:04:33.753580Z
M3,1635,saturated,M3,true,0.000,0.000,0.000,0.000,0.000,0.000,0.000,635816,367562,128892928,34267136,0,637251,2026-08-02T20:04:33.753580Z
M3,1636,saturated,M3,true,0.000,0.000,0.000,0.000,0.000,0.000,0.000,635816,367562,128892928,34267136,0,637251,2026-08-02T20:04:33.753580Z
M3,1637,saturated,M3,true,0.000,0.000,0.000,0.000,0.000,0.000,0.000,635816,367562,128892928,34267136,0,637251,2026-08-02T20:04:33.753580Z
M3,1638,saturated,M3,true,0.000,0.000,0.000,0.000,0.000,0.000,0.000,635816,367562,128892928,34267136,0,637252,2026-08-02T20:04:33.753580Z
M3,1639,saturated,M3,true,0.000,0.000,0.000,0.000,0.000,0.000,0.000,635816,367562,128892928,34267136,0,637252,2026-08-02T20:04:33.753580Z
M3,1640,saturated,M3,true,0.000,0.000,0.000,0.000,0.000,0.000,0.000,635816,367562,128892928,34267136,0,637252,2026-08-02T20:04:33.753580Z
M3,1641,saturated,M3,true,0.000,0.000,0.000,0.000,0.000,0.000,0.000,635816,367562,128892928,34267136,0,637252,2026-08-02T20:04:33.753580Z
M3,1642,saturated,M3,true,0.000,0.000,0.000,0.000,0.000,0.000,0.000,635816,367562,128892928,34267136,0,637252,2026-08-02T20:04:33.753580Z
M3,1643,saturated,M3,true,0.000,0.000,0.000,0.000,0.000,0.000,0.000,635816,367562,128892928,34267136,0,637252,2026-08-02T20:04:33.753580Z
M3,1644,saturated,M3,true,0.000,0.000,0.000,0.000,0.000,0.000,0.000,635816,367562,128892928,34267136,0,637252,2026-08-02T20:04:33.753580Z
M3,1645,saturated,M3,true,0.000,0.000,0.000,0.000,0.000,0.000,0.000,635816,367562,128892928,34267136,0,637252,2026-08-02T20:04:33.753580Z
M3,1646,saturated,M3,true,0.000,0.000,0.000,0.000,0.000,0.000,0.000,635816,367562,128892928,34267136,0,637252,2026-08-02T20:04:33.753580Z
M3,1647,saturated,M3,true,0.000,0.000,0.000,0.000,0.000,0.000,0.000,635816,367562,128892928,34267136,0,637252,2026-08-02T20:04:33.753580Z
M3,1648,saturated,M3,true,0.000,0.000,0.000,0.000,0.000,0.000,0.000,635816,367562,128892928,34267136,0,637252,2026-08-02T20:04:33.753580Z
M3,1649,saturated,M3,true,0.000,0.000,0.000,0.000,0.000,0.000,0.000,635816,367562,128892928,34267136,0,637252,2026-08-02T20:04:33.753580Z
M3,1650,saturated,M3,true,0.000,0.000,0.000,0.000,0.000,0.000,0.000,635816,367562,128892928,34267136,0,637252,2026-08-02T20:04:33.753580Z
M3,1651,saturated,M3,true,0.000,0.000,0.000,0.000,0.000,0.000,0.000,635816,367562,128892928,34267136,0,637252,2026-08-02T20:04:33.753580Z
M3,1652,saturated,M3,true,0.000,0.000,0.000,0.000,0.000,0.000,0.000,635816,367562,128892928,34267136,0,637252,2026-08-02T20:04:33.753580Z
M3,1653,saturated,M3,true,0.000,0.000,0.000,0.000,0.000,0.000,0.000,635816,367562,128892928,34267136,0,637252,2026-08-02T20:04:33.753580Z
M3,1654,saturated,M3,true,0.000,0.000,0.000,0.000,0.000,0.000,0.000,635816,367562,128892928,34267136,0,637252,2026-08-02T20:04:33.753580Z
M3,1655,saturated,M3,true,0.000,0.000,0.000,0.000,0.000,0.000,0.000,635816,367562,128892928,34267136,0,637253,2026-08-02T20:04:33.753580Z
M3,1656,saturated,M3,true,0.000,0.000,0.000,0.000,0.000,0.000,0.000,635816,367562,128892928,34267136,0,637253,2026-08-02T20:04:33.753580Z
M3,1657,saturated,M3,true,0.000,0.000,0.000,0.000,0.000,0.000,0.000,635816,367562,128892928,34267136,0,637253,2026-08-02T20:04:33.753580Z
M3,1658,saturated,M3,true,0.000,0.000,0.000,0.000,0.000,0.000,0.000,635816,367562,128892928,34267136,0,637253,2026-08-02T20:04:33.753580Z
M3,1659,saturated,M3,true,0.000,0.000,0.000,0.000,0.000,0.000,0.000,635816,367562,128892928,34267136,0,637253,2026-08-02T20:04:33.753580Z
M3,1660,saturated,M3,true,0.000,0.000,0.000,0.000,0.000,0.000,0.000,635816,367562,128892928,34267136,0,637253,2026-08-02T20:04:33.753580Z
M3,1661,saturated,M3,true,0.000,0.000,0.000,0.000,0.000,0.000,0.000,635816,367562,128892928,34267136,0,637253,2026-08-02T20:04:33.753580Z
M3,1662,saturated,M3,true,0.000,0.000,0.000,0.000,0.000,0.000,0.000,635816,367562,128892928,34267136,0,637253,2026-08-02T20:04:33.753580Z
M3,1663,saturated,M3,true,0.000,0.000,0.000,0.000,0.000,0.000,0.000,635816,367562,128892928,34267136,0,637253,2026-08-02T20:04:33.753580Z
M3,1664,saturated,M3,true,0.000,0.000,0.000,0.000,0.000,0.000,0.000,635816,367562,128892928,34267136,0,637253,2026-08-02T20:04:33.753580Z
M3,1665,saturated,M3,true,0.000,0.000,0.000,0.000,0.000,0.000,0.000,635816,367562,128892928,34267136,0,637253,2026-08-02T20:04:33.753580Z
M3,1666,saturated,M3,true,0.000,0.000,0.000,0.000,0.000,0.000,0.000,635816,367562,128892928,34267136,0,637253,2026-08-02T20:04:33.753580Z
M3,1667,saturated,M3,true,0.000,0.000,0.000,0.000,0.000,0.000,0.000,635816,367562,128892928,34267136,0,637253,2026-08-02T20:04:33.753580Z
M3,1668,saturated,M3,true,0.000,0.000,0.000,0.000,0.000,0.000,0.000,635816,367562,128892928,34267136,0,637253,2026-08-02T20:04:33.753580Z
M3,1669,saturated,M3,true,0.000,0.000,0.000,0.000,0.000,0.000,0.000,635816,367562,128892928,34267136,0,637253,2026-08-02T20:04:33.753580Z
M3,1670,saturated,M3,true,0.000,0.000,0.000,0.000,0.000,0.000,0.000,635816,367562,128892928,34267136,0,637253,2026-08-02T20:04:33.753580Z
M3,1671,saturated,M3,true,0.000,0.000,0.000,0.000,0.000,0.000,0.000,635816,367562,128892928,34267136,0,637254,2026-08-02T20:04:33.753580Z
M3,1672,saturated,M3,true,0.000,0.000,0.000,0.000,0.000,0.000,0.000,635816,367562,128892928,34267136,0,637254,2026-08-02T20:04:33.753580Z
M3,1673,saturated,M3,true,0.000,0.000,0.000,0.000,0.000,0.000,0.000,635816,367562,128892928,34267136,0,637254,2026-08-02T20:04:33.753580Z
M3,1674,saturated,M3,true,0.000,0.000,0.000,0.000,0.000,0.000,0.000,635816,367562,128892928,34267136,0,637254,2026-08-02T20:04:33.753580Z
M3,1675,saturated,M3,true,0.000,0.000,0.000,0.000,0.000,0.000,0.000,635816,367562,128892928,34267136,0,637254,2026-08-02T20:04:33.753580Z
M3,1676,saturated,M3,true,0.000,0.000,0.000,0.000,0.000,0.000,0.000,635816,367562,128892928,34267136,0,637254,2026-08-02T20:04:33.753580Z
M3,1677,saturated,M3,true,0.000,0.000,0.000,0.000,0.000,0.000,0.000,635816,367562,128892928,34267136,0,637254,2026-08-02T20:04:33.753580Z
M3,1678,saturated,M3,true,0.000,0.000,0.000,0.000,0.000,0.000,0.000,635816,367562,128892928,34267136,0,637254,2026-08-02T20:04:33.753580Z
M3,1679,saturated,M3,true,0.000,0.000,0.000,0.000,0.000,0.000,0.000,635816,367562,128892928,34267136,0,637254,2026-08-02T20:04:33.753580Z
M3,1680,saturated,M3,true,0.000,0.000,0.000,0.000,0.000,0.000,0.000,635816,367562,128892928,34267136,0,637254,2026-08-02T20:04:33.753580Z
M3,1681,saturated,M3,true,0.000,0.000,0.000,0.000,0.000,0.000,0.000,635816,367562,128892928,34267136,0,637254,2026-08-02T20:04:33.753580Z
M3,1682,saturated,M3,true,0.000,0.000,0.000,0.000,0.000,0.000,0.000,635816,367562,128892928,34267136,0,637254,2026-08-02T20:04:33.753580Z
M3,1683,saturated,M3,true,0.000,0.000,0.000,0.000,0.000,0.000,0.000,635816,367562,128892928,34267136,0,637254,2026-08-02T20:04:33.753580Z
M3,1684,saturated,M3,true,0.000,0.000,0.000,0.000,0.000,0.000,0.000,635816,367562,128892928,34267136,0,637254,2026-08-02T20:04:33.753580Z
M3,1685,saturated,M3,true,0.000,0.000,0.000,0.000,0.000,0.000,0.000,635816,367562,128892928,34267136,0,637254,2026-08-02T20:04:33.753580Z
M3,1686,saturated,M3,true,0.000,0.000,0.000,0.000,0.000,0.000,0.000,635816,367562,128892928,34267136,0,637254,2026-08-02T20:04:33.753580Z
M3,1687,saturated,M3,true,0.000,0.000,0.000,0.000,0.000,0.000,0.000,635816,367562,128892928,34267136,0,637254,2026-08-02T20:04:33.753580Z
M3,1688,saturated,M3,true,0.000,0.000,0.000,0.000,0.000,0.000,0.000,635816,367562,128892928,34267136,0,637255,2026-08-02T20:04:33.753580Z
M3,1689,saturated,M3,true,0.000,0.000,0.000,0.000,0.000,0.000,0.000,635816,367562,128892928,34267136,0,637255,2026-08-02T20:04:33.753580Z
M3,1690,saturated,M3,true,0.000,0.000,0.000,0.000,0.000,0.000,0.000,635816,367562,128892928,34267136,0,637255,2026-08-02T20:04:33.753580Z
M3,1691,saturated,M3,true,0.000,0.000,0.000,0.000,0.000,0.000,0.000,635816,367562,128892928,34267136,0,637256,2026-08-02T20:05:33.463970Z
M3,1692,saturated,M3,true,0.000,0.000,0.000,0.000,0.000,0.000,0.000,635816,367562,128892928,34267136,0,637256,2026-08-02T20:05:33.743415Z
M3,1693,saturated,M3,true,0.000,0.000,0.000,0.000,0.000,0.000,0.000,635816,367562,128892928,34267136,0,637256,2026-08-02T20:05:33.743415Z
M3,1694,saturated,M3,true,0.000,0.000,0.000,0.000,0.000,0.000,0.000,635816,367562,128892928,34267136,0,637256,2026-08-02T20:05:33.743415Z
M3,1695,saturated,M3,true,0.000,0.000,0.000,0.000,0.000,0.000,0.000,635816,367562,128892928,34267136,0,637256,2026-08-02T20:05:33.743415Z
M3,1696,saturated,M3,true,0.000,0.000,0.000,0.000,0.000,0.000,0.000,635816,367562,128892928,34267136,0,637256,2026-08-02T20:05:33.743415Z
M3,1697,saturated,M3,true,0.000,0.000,0.000,0.000,0.000,0.000,0.000,635816,367562,128892928,34267136,0,637256,2026-08-02T20:05:33.743415Z
M3,1698,saturated,M3,true,0.000,0.000,0.000,0.000,0.000,0.000,0.000,635816,367562,128892928,34267136,0,637256,2026-08-02T20:05:33.743415Z
M3,1699,saturated,M3,true,0.000,0.000,0.000,0.000,0.000,0.000,0.000,635816,367562,128892928,34267136,0,637256,2026-08-02T20:05:33.743415Z
M3,1700,saturated,M3,true,0.000,0.000,0.000,0.000,0.000,0.000,0.000,635816,367562,128892928,34267136,0,637256,2026-08-02T20:05:33.743415Z
M3,1701,saturated,M3,true,0.000,0.000,0.000,0.000,0.000,0.000,0.000,635816,367562,128892928,34267136,0,637256,2026-08-02T20:05:33.743415Z
M3,1702,saturated,M3,true,0.000,0.000,0.000,0.000,0.000,0.000,0.000,635816,367562,128892928,34267136,0,637256,2026-08-02T20:05:33.743415Z
M3,1703,saturated,M3,true,0.000,0.000,0.000,0.000,0.000,0.000,0.000,635816,367562,128892928,34267136,0,637256,2026-08-02T20:05:33.743415Z
M3,1704,saturated,M3,true,0.000,0.000,0.000,0.000,0.000,0.000,0.000,635816,367562,128892928,34267136,0,637256,2026-08-02T20:05:33.743415Z
M3,1705,saturated,M3,true,0.000,0.000,0.000,0.000,0.000,0.000,0.000,635816,367562,128892928,34267136,0,637256,2026-08-02T20:05:33.743415Z
M3,1706,saturated,M3,true,0.000,0.000,0.000,0.000,0.000,0.000,0.000,635816,367562,128892928,34267136,0,637256,2026-08-02T20:05:33.743415Z
M3,1707,saturated,M3,true,0.000,0.000,0.000,0.000,0.000,0.000,0.000,635816,367562,128892928,34267136,0,637257,2026-08-02T20:05:33.743415Z
M3,1708,saturated,M3,true,0.000,0.000,0.000,0.000,0.000,0.000,0.000,635816,367562,128892928,34267136,0,637257,2026-08-02T20:05:33.743415Z
M3,1709,saturated,M3,true,0.000,0.000,0.000,0.000,0.000,0.000,0.000,635816,367562,128892928,34267136,0,637257,2026-08-02T20:05:33.743415Z
M3,1710,saturated,M3,true,0.000,0.000,0.000,0.000,0.000,0.000,0.000,635816,367562,128892928,34267136,0,637257,2026-08-02T20:05:33.743415Z
M3,1711,saturated,M3,true,0.000,0.000,0.000,0.000,0.000,0.000,0.000,635816,367562,128892928,34267136,0,637257,2026-08-02T20:05:33.743415Z
M3,1712,saturated,M3,true,0.000,0.000,0.000,0.000,0.000,0.000,0.000,635816,367562,128892928,34267136,0,637257,2026-08-02T20:05:33.743415Z
M3,1713,saturated,M3,true,0.000,0.000,0.000,0.000,0.000,0.000,0.000,635816,367562,128892928,34267136,0,637257,2026-08-02T20:05:33.743415Z
M3,1714,saturated,M3,true,0.000,0.000,0.000,0.000,0.000,0.000,0.000,635816,367562,128892928,34267136,0,637257,2026-08-02T20:05:33.743415Z
M3,1715,saturated,M3,true,0.000,0.000,0.000,0.000,0.000,0.000,0.000,635816,367562,128892928,34267136,0,637257,2026-08-02T20:05:33.743415Z
M3,1716,saturated,M3,true,0.000,0.000,0.000,0.000,0.000,0.000,0.000,635816,367562,128892928,34267136,0,637257,2026-08-02T20:05:33.743415Z
M3,1717,saturated,M3,true,0.000,0.000,0.000,0.000,0.000,0.000,0.000,635816,367562,128892928,34267136,0,637257,2026-08-02T20:05:33.743415Z
M3,1718,saturated,M3,true,0.000,0.000,0.000,0.000,0.000,0.000,0.000,635816,367562,128892928,34267136,0,637257,2026-08-02T20:05:33.743415Z
M3,1719,saturated,M3,true,0.000,0.000,0.000,0.000,0.000,0.000,0.000,635816,367562,128892928,34267136,0,637257,2026-08-02T20:05:33.743415Z
M3,1720,saturated,M3,true,0.000,0.000,0.000,0.000,0.000,0.000,0.000,635816,367562,128892928,34267136,0,637257,2026-08-02T20:05:33.743415Z
M3,1721,saturated,M3,true,0.000,0.000,0.000,0.000,0.000,0.000,0.000,635816,367562,128892928,34267136,0,637257,2026-08-02T20:05:33.743415Z
M3,1722,saturated,M3,true,0.000,0.000,0.000,0.000,0.000,0.000,0.000,635816,367562,128892928,34267136,0,637257,2026-08-02T20:05:33.743415Z
M3,1723,saturated,M3,true,0.000,0.000,0.000,0.000,0.000,0.000,0.000,635816,367562,128892928,34267136,0,637257,2026-08-02T20:05:33.743415Z
M3,1724,saturated,M3,true,0.000,0.000,0.000,0.000,0.000,0.000,0.000,635816,367562,128892928,34267136,0,637258,2026-08-02T20:05:33.743415Z
M3,1725,saturated,M3,true,0.000,0.000,0.000,0.000,0.000,0.000,0.000,635816,367562,128892928,34267136,0,637258,2026-08-02T20:05:33.743415Z
M3,1726,saturated,M3,true,0.000,0.000,0.000,0.000,0.000,0.000,0.000,635816,367562,128892928,34267136,0,637258,2026-08-02T20:05:33.743415Z
M3,1727,saturated,M3,true,0.000,0.000,0.000,0.000,0.000,0.000,0.000,635816,367562,128892928,34267136,0,637258,2026-08-02T20:05:33.743415Z
M3,1728,saturated,M3,true,0.000,0.000,0.000,0.000,0.000,0.000,0.000,635816,367562,128892928,34267136,0,637258,2026-08-02T20:05:33.743415Z
M3,1729,saturated,M3,true,0.000,0.000,0.000,0.000,0.000,0.000,0.000,635816,367562,128892928,34267136,0,637258,2026-08-02T20:05:33.743415Z
M3,1730,saturated,M3,true,0.000,0.000,0.000,0.000,0.000,0.000,0.000,635816,367562,128892928,34267136,0,637258,2026-08-02T20:05:33.743415Z
M3,1731,saturated,M3,true,0.000,0.000,0.000,0.000,0.000,0.000,0.000,635816,367562,128892928,34267136,0,637258,2026-08-02T20:05:33.743415Z
M3,1732,saturated,M3,true,0.000,0.000,0.000,0.000,0.000,0.000,0.000,635816,367562,128892928,34267136,0,637258,2026-08-02T20:05:33.743415Z
M3,1733,saturated,M3,true,0.000,0.000,0.000,0.000,0.000,0.000,0.000,635816,367562,128892928,34267136,0,637258,2026-08-02T20:05:33.743415Z
M3,1734,saturated,M3,true,0.000,0.000,0.000,0.000,0.000,0.000,0.000,635816,367562,128892928,34267136,0,637258,2026-08-02T20:05:33.743415Z
M3,1735,saturated,M3,true,0.000,0.000,0.000,0.000,0.000,0.000,0.000,635816,367562,128892928,34267136,0,637258,2026-08-02T20:05:33.743415Z
M3,1736,saturated,M3,true,0.000,0.000,0.000,0.000,0.000,0.000,0.000,635816,367562,128892928,34267136,0,637258,2026-08-02T20:05:33.743415Z
M3,1737,saturated,M3,true,0.000,0.000,0.000,0.000,0.000,0.000,0.000,635816,367562,128892928,34267136,0,637258,2026-08-02T20:05:33.743415Z
M3,1738,saturated,M3,true,0.000,0.000,0.000,0.000,0.000,0.000,0.000,635816,367562,128892928,34267136,0,637258,2026-08-02T20:05:33.743415Z
M3,1739,saturated,M3,true,0.000,0.000,0.000,0.000,0.000,0.000,0.000,635816,367562,128892928,34267136,0,637258,2026-08-02T20:05:33.743415Z
M3,1740,saturated,M3,true,0.000,0.000,0.000,0.000,0.000,0.000,0.000,635816,367562,128892928,34267136,0,637259,2026-08-02T20:05:33.743415Z
M3,1741,saturated,M3,true,0.000,0.000,0.000,0.000,0.000,0.000,0.000,635816,367562,128892928,34267136,0,637259,2026-08-02T20:05:33.743415Z
M3,1742,saturated,M3,true,0.000,0.000,0.000,0.000,0.000,0.000,0.000,635816,367562,128892928,34267136,0,637259,2026-08-02T20:05:33.743415Z
M3,1743,saturated,M3,true,0.000,0.000,0.000,0.000,0.000,0.000,0.000,635816,367562,128892928,34267136,0,637259,2026-08-02T20:05:33.743415Z
M3,1744,saturated,M3,true,0.000,0.000,0.000,0.000,0.000,0.000,0.000,635816,367562,128892928,34267136,0,637259,2026-08-02T20:05:33.743415Z
M3,1745,saturated,M3,true,0.000,0.000,0.000,0.000,0.000,0.000,0.000,635816,367562,128892928,34267136,0,637259,2026-08-02T20:05:33.743415Z
M3,1746,saturated,M3,true,0.000,0.000,0.000,0.000,0.000,0.000,0.000,635816,367562,128892928,34267136,0,637259,2026-08-02T20:05:33.743415Z
M3,1747,saturated,M3,true,0.000,0.000,0.000,0.000,0.000,0.000,0.000,635816,367562,128892928,34267136,0,637259,2026-08-02T20:05:33.743415Z
M3,1748,saturated,M3,true,0.000,0.000,0.000,0.000,0.000,0.000,0.000,635816,367562,128892928,34267136,0,637259,2026-08-02T20:05:33.743415Z
M3,1749,saturated,M3,true,0.000,0.000,0.000,0.000,0.000,0.000,0.000,635816,367562,128892928,34267136,0,637259,2026-08-02T20:05:33.743415Z
M3,1750,saturated,M3,true,0.000,0.000,0.000,0.000,0.000,0.000,0.000,635816,367562,128892928,34267136,0,637259,2026-08-02T20:05:33.743415Z
M3,1751,saturated,M3,true,0.000,0.000,0.000,0.000,0.000,0.000,0.000,635816,367562,128892928,34267136,0,637259,2026-08-02T20:06:33.474575Z
M3,1752,saturated,M3,true,0.000,0.000,0.000,0.000,0.000,0.000,0.000,635816,367562,128892928,34267136,0,637259,2026-08-02T20:06:33.963401Z
M3,1753,saturated,M3,true,0.000,0.000,0.000,0.000,0.000,0.000,0.000,635816,367562,128892928,34267136,0,637259,2026-08-02T20:06:33.963401Z
M3,1754,saturated,M3,true,0.000,0.000,0.000,0.000,0.000,0.000,0.000,635816,367562,128892928,34267136,0,637259,2026-08-02T20:06:33.963401Z
M3,1755,saturated,M3,true,0.000,0.000,0.000,0.000,0.000,0.000,0.000,635816,367562,128892928,34267136,0,637259,2026-08-02T20:06:33.963401Z
M3,1756,saturated,M3,true,0.000,0.000,0.000,0.000,0.000,0.000,0.000,635816,367562,128892928,34267136,0,637259,2026-08-02T20:06:33.963401Z
M3,1757,saturated,M3,true,0.000,0.000,0.000,0.000,0.000,0.000,0.000,635816,367562,128892928,34267136,0,637260,2026-08-02T20:06:33.963401Z
M3,1758,saturated,M3,true,0.000,0.000,0.000,0.000,0.000,0.000,0.000,635816,367562,128892928,34267136,0,637260,2026-08-02T20:06:33.963401Z
M3,1759,saturated,M3,true,0.000,0.000,0.000,0.000,0.000,0.000,0.000,635816,367562,128892928,34267136,0,637260,2026-08-02T20:06:33.963401Z
M3,1760,saturated,M3,true,0.000,0.000,0.000,0.000,0.000,0.000,0.000,635816,367562,128892928,34267136,0,637260,2026-08-02T20:06:33.963401Z
M3,1761,saturated,M3,true,0.000,0.000,0.000,0.000,0.000,0.000,0.000,635816,367562,128892928,34267136,0,637260,2026-08-02T20:06:33.963401Z
M3,1762,saturated,M3,true,0.000,0.000,0.000,0.000,0.000,0.000,0.000,635816,367562,128892928,34267136,0,637260,2026-08-02T20:06:33.963401Z
M3,1763,saturated,M3,true,0.000,0.000,0.000,0.000,0.000,0.000,0.000,635816,367562,128892928,34267136,0,637260,2026-08-02T20:06:33.963401Z
M3,1764,saturated,M3,true,0.000,0.000,0.000,0.000,0.000,0.000,0.000,635816,367562,128892928,34267136,0,637260,2026-08-02T20:06:33.963401Z
M3,1765,saturated,M3,true,0.000,0.000,0.000,0.000,0.000,0.000,0.000,635816,367562,128892928,34267136,0,637260,2026-08-02T20:06:33.963401Z
M3,1766,saturated,M3,true,0.000,0.000,0.000,0.000,0.000,0.000,0.000,635816,367562,128892928,34267136,0,637260,2026-08-02T20:06:33.963401Z
M3,1767,saturated,M3,true,0.000,0.000,0.000,0.000,0.000,0.000,0.000,635816,367562,128892928,34267136,0,637260,2026-08-02T20:06:33.963401Z
M3,1768,saturated,M3,true,0.000,0.000,0.000,0.000,0.000,0.000,0.000,635816,367562,128892928,34267136,0,637260,2026-08-02T20:06:33.963401Z
M3,1769,saturated,M3,true,0.000,0.000,0.000,0.000,0.000,0.000,0.000,635816,367562,128892928,34267136,0,637260,2026-08-02T20:06:33.963401Z
M3,1770,saturated,M3,true,0.000,0.000,0.000,0.000,0.000,0.000,0.000,635816,367562,128892928,34267136,0,637260,2026-08-02T20:06:33.963401Z
M3,1771,saturated,M3,true,0.000,0.000,0.000,0.000,0.000,0.000,0.000,635816,367562,128892928,34267136,0,637260,2026-08-02T20:06:33.963401Z
M3,1772,saturated,M3,true,0.000,0.000,0.000,0.000,0.000,0.000,0.000,635816,367562,128892928,34267136,0,637260,2026-08-02T20:06:33.963401Z
M3,1773,saturated,M3,true,0.000,0.000,0.000,0.000,0.000,0.000,0.000,635816,367562,128892928,34267136,0,637261,2026-08-02T20:06:33.963401Z
M3,1774,saturated,M3,true,0.000,0.000,0.000,0.000,0.000,0.000,0.000,635816,367562,128892928,34267136,0,637261,2026-08-02T20:06:33.963401Z
M3,1775,saturated,M3,true,0.000,0.000,0.000,0.000,0.000,0.000,0.000,635816,367562,128892928,34267136,0,637261,2026-08-02T20:06:33.963401Z
M3,1776,saturated,M3,true,0.000,0.000,0.000,0.000,0.000,0.000,0.000,635816,367562,128892928,34267136,0,637261,2026-08-02T20:06:33.963401Z
M3,1777,saturated,M3,true,0.000,0.000,0.000,0.000,0.000,0.000,0.000,635816,367562,128892928,34267136,0,637261,2026-08-02T20:06:33.963401Z
M3,1778,saturated,M3,true,0.000,0.000,0.000,0.000,0.000,0.000,0.000,635816,367562,128892928,34267136,0,637261,2026-08-02T20:06:33.963401Z
M3,1779,saturated,M3,true,0.000,0.000,0.000,0.000,0.000,0.000,0.000,635816,367562,128892928,34267136,0,637261,2026-08-02T20:06:33.963401Z
M3,1780,saturated,M3,true,0.000,0.000,0.000,0.000,0.000,0.000,0.000,635816,367562,128892928,34267136,0,637261,2026-08-02T20:06:33.963401Z
M3,1781,saturated,M3,true,0.000,0.000,0.000,0.000,0.000,0.000,0.000,635816,367562,128892928,34267136,0,637261,2026-08-02T20:06:33.963401Z
M3,1782,saturated,M3,true,0.000,0.000,0.000,0.000,0.000,0.000,0.000,635816,367562,128892928,34267136,0,637261,2026-08-02T20:06:33.963401Z
M3,1783,saturated,M3,true,0.000,0.000,0.000,0.000,0.000,0.000,0.000,635816,367562,128892928,34267136,0,637261,2026-08-02T20:06:33.963401Z
M3,1784,saturated,M3,true,0.000,0.000,0.000,0.000,0.000,0.000,0.000,635816,367562,128892928,34267136,0,637261,2026-08-02T20:06:33.963401Z
M3,1785,saturated,M3,true,0.000,0.000,0.000,0.000,0.000,0.000,0.000,635816,367562,128892928,34267136,0,637261,2026-08-02T20:06:33.963401Z
M3,1786,saturated,M3,true,0.000,0.000,0.000,0.000,0.000,0.000,0.000,635816,367562,128892928,34267136,0,637261,2026-08-02T20:06:33.963401Z
M3,1787,saturated,M3,true,0.000,0.000,0.000,0.000,0.000,0.000,0.000,635816,367562,128892928,34267136,0,637261,2026-08-02T20:06:33.963401Z
M3,1788,saturated,M3,true,0.000,0.000,0.000,0.000,0.000,0.000,0.000,635816,367562,128892928,34267136,0,637261,2026-08-02T20:06:33.963401Z
M3,1789,saturated,M3,true,0.000,0.000,0.000,0.000,0.000,0.000,0.000,635816,367562,128892928,34267136,0,637261,2026-08-02T20:06:33.963401Z
M3,1790,saturated,M3,true,0.000,0.000,0.000,0.000,0.000,0.000,0.000,635816,367562,128892928,34267136,0,637262,2026-08-02T20:06:33.963401Z
M3,1791,saturated,M3,true,0.000,0.000,0.000,0.000,0.000,0.000,0.000,635816,367562,128892928,34267136,0,637262,2026-08-02T20:06:33.963401Z
M3,1792,saturated,M3,true,0.000,0.000,0.000,0.000,0.000,0.000,0.000,635816,367562,128892928,34267136,0,637262,2026-08-02T20:06:33.963401Z
M3,1793,saturated,M3,true,0.000,0.000,0.000,0.000,0.000,0.000,0.000,635816,367562,128892928,34267136,0,637262,2026-08-02T20:06:33.963401Z
M3,1794,saturated,M3,true,0.000,0.000,0.000,0.000,0.000,0.000,0.000,635816,367562,128892928,34267136,0,637262,2026-08-02T20:06:33.963401Z
M3,1795,saturated,M3,true,0.000,0.000,0.000,0.000,0.000,0.000,0.000,635816,367562,128892928,34267136,0,637262,2026-08-02T20:06:33.963401Z
M3,1796,saturated,M3,true,0.000,0.000,0.000,0.000,0.000,0.000,0.000,635816,367562,128892928,34267136,0,637262,2026-08-02T20:06:33.963401Z
M3,1797,saturated,M3,true,0.000,0.000,0.000,0.000,0.000,0.000,0.000,635816,367562,128892928,34267136,0,637262,2026-08-02T20:06:33.963401Z
M3,1798,saturated,M3,true,0.000,0.000,0.000,0.000,0.000,0.000,0.000,635816,367562,128892928,34267136,0,637262,2026-08-02T20:06:33.963401Z
M3,1799,saturated,M3,true,0.000,0.000,0.000,0.000,0.000,0.000,0.000,635816,367562,128892928,34267136,0,637262,2026-08-02T20:06:33.963401Z
M3,1800,saturated,M3,true,0.000,0.000,0.000,0.000,0.000,0.000,0.000,635816,367562,128892928,34267136,0,637262,2026-08-02T20:06:33.963401Z
M3,1801,saturated,M3,true,0.000,0.000,0.000,0.000,0.000,0.000,0.000,635816,367562,128892928,34267136,0,637262,2026-08-02T20:06:33.963401Z
M3,1802,saturated,M3,true,0.000,0.000,0.000,0.000,0.000,0.000,0.000,635816,367562,128892928,34267136,0,637262,2026-08-02T20:06:33.963401Z
M3,1803,saturated,M3,true,0.000,0.000,0.000,0.000,0.000,0.000,0.000,635816,367562,128892928,34267136,0,637262,2026-08-02T20:06:33.963401Z
M3,1804,saturated,M3,true,0.000,0.000,0.000,0.000,0.000,0.000,0.000,635816,367562,128892928,34267136,0,637262,2026-08-02T20:06:33.963401Z
M3,1805,saturated,M3,true,0.000,0.000,0.000,0.000,0.000,0.000,0.000,635816,367562,128892928,34267136,0,637262,2026-08-02T20:06:33.963401Z
M3,1806,saturated,M3,true,0.000,0.000,0.000,0.000,0.000,0.000,0.000,635816,367562,128892928,34267136,0,637263,2026-08-02T20:06:33.963401Z
M3,1807,saturated,M3,true,0.000,0.000,0.000,0.000,0.000,0.000,0.000,635816,367562,128892928,34267136,0,637263,2026-08-02T20:06:33.963401Z
M3,1808,saturated,M3,true,0.000,0.000,0.000,0.000,0.000,0.000,0.000,635816,367562,128892928,34267136,0,637263,2026-08-02T20:06:33.963401Z
M3,1809,saturated,M3,true,0.000,0.000,0.000,0.000,0.000,0.000,0.000,635816,367562,128892928,34267136,0,637263,2026-08-02T20:06:33.963401Z
M3,1810,saturated,M3,true,0.000,0.000,0.000,0.000,0.000,0.000,0.000,635816,367562,128892928,34267136,0,637263,2026-08-02T20:06:33.963401Z
M3,1811,saturated,M3,true,0.000,0.000,0.000,0.000,0.000,0.000,0.000,635816,367562,128892928,34267136,0,637263,2026-08-02T20:07:33.476694Z
M3,1812,saturated,M3,true,0.000,0.000,0.000,0.000,0.000,0.000,0.000,635816,367562,128892928,34267136,0,637263,2026-08-02T20:07:33.881524Z
M3,1813,saturated,M3,true,0.000,0.000,0.000,0.000,0.000,0.000,0.000,635816,367562,128892928,34267136,0,637263,2026-08-02T20:07:33.881524Z
M3,1814,saturated,M3,true,0.000,0.000,0.000,0.000,0.000,0.000,0.000,635816,367562,128892928,34267136,0,637263,2026-08-02T20:07:33.881524Z
M3,1815,saturated,M3,true,0.000,0.000,0.000,0.000,0.000,0.000,0.000,635816,367562,128892928,34267136,0,637263,2026-08-02T20:07:33.881524Z
M3,1816,saturated,M3,true,0.000,0.000,0.000,0.000,0.000,0.000,0.000,635816,367562,128892928,34267136,0,637263,2026-08-02T20:07:33.881524Z
M3,1817,saturated,M3,true,0.000,0.000,0.000,0.000,0.000,0.000,0.000,635816,367562,128892928,34267136,0,637263,2026-08-02T20:07:33.881524Z
M3,1818,saturated,M3,true,0.000,0.000,0.000,0.000,0.000,0.000,0.000,635816,367562,128892928,34267136,0,637263,2026-08-02T20:07:33.881524Z
M3,1819,saturated,M3,true,0.000,0.000,0.000,0.000,0.000,0.000,0.000,635816,367562,128892928,34267136,0,637263,2026-08-02T20:07:33.881524Z
M3,1820,saturated,M3,true,0.000,0.000,0.000,0.000,0.000,0.000,0.000,635816,367562,128892928,34267136,0,637263,2026-08-02T20:07:33.881524Z
M3,1821,saturated,M3,true,0.000,0.000,0.000,0.000,0.000,0.000,0.000,635816,367562,128892928,34267136,0,637263,2026-08-02T20:07:33.881524Z
M3,1822,saturated,M3,true,0.000,0.000,0.000,0.000,0.000,0.000,0.000,635816,367562,128892928,34267136,0,637263,2026-08-02T20:07:33.881524Z
M3,1823,saturated,M3,true,0.000,0.000,0.000,0.000,0.000,0.000,0.000,635816,367562,128892928,34267136,0,637264,2026-08-02T20:07:33.881524Z
M3,1824,saturated,M3,true,0.000,0.000,0.000,0.000,0.000,0.000,0.000,635816,367562,128892928,34267136,0,637264,2026-08-02T20:07:33.881524Z
M3,1825,saturated,M3,true,0.000,0.000,0.000,0.000,0.000,0.000,0.000,635816,367562,128892928,34267136,0,637264,2026-08-02T20:07:33.881524Z
M3,1826,saturated,M3,true,0.000,0.000,0.000,0.000,0.000,0.000,0.000,635816,367562,128892928,34267136,0,637264,2026-08-02T20:07:33.881524Z
M3,1827,saturated,M3,true,0.000,0.000,0.000,0.000,0.000,0.000,0.000,635816,367562,128892928,34267136,0,637264,2026-08-02T20:07:33.881524Z
M3,1828,saturated,M3,true,0.000,0.000,0.000,0.000,0.000,0.000,0.000,635816,367562,128892928,34267136,0,637264,2026-08-02T20:07:33.881524Z
M3,1829,saturated,M3,true,0.000,0.000,0.000,0.000,0.000,0.000,0.000,635816,367562,128892928,34267136,0,637264,2026-08-02T20:07:33.881524Z
M3,1830,saturated,M3,true,0.000,0.000,0.000,0.000,0.000,0.000,0.000,635816,367562,128892928,34267136,0,637264,2026-08-02T20:07:33.881524Z
M3,1831,saturated,M3,true,0.000,0.000,0.000,0.000,0.000,0.000,0.000,635816,367562,128892928,34267136,0,637264,2026-08-02T20:07:33.881524Z
M3,1832,saturated,M3,true,0.000,0.000,0.000,0.000,0.000,0.000,0.000,635816,367562,128892928,34267136,0,637264,2026-08-02T20:07:33.881524Z
M3,1833,saturated,M3,true,0.000,0.000,0.000,0.000,0.000,0.000,0.000,635816,367562,128892928,34267136,0,637264,2026-08-02T20:07:33.881524Z
M3,1834,saturated,M3,true,0.000,0.000,0.000,0.000,0.000,0.000,0.000,635816,367562,128892928,34267136,0,637264,2026-08-02T20:07:33.881524Z
M3,1835,saturated,M3,true,0.000,0.000,0.000,0.000,0.000,0.000,0.000,635816,367562,128892928,34267136,0,637264,2026-08-02T20:07:33.881524Z
M3,1836,saturated,M3,true,0.000,0.000,0.000,0.000,0.000,0.000,0.000,635816,367562,128892928,34267136,0,637264,2026-08-02T20:07:33.881524Z
M3,1837,saturated,M3,true,0.000,0.000,0.000,0.000,0.000,0.000,0.000,635816,367562,128892928,34267136,0,637264,2026-08-02T20:07:33.881524Z
M3,1838,saturated,M3,true,0.000,0.000,0.000,0.000,0.000,0.000,0.000,635816,367562,128892928,34267136,0,637264,2026-08-02T20:07:33.881524Z
M3,1839,saturated,M3,true,0.000,0.000,0.000,0.000,0.000,0.000,0.000,635816,367562,128892928,34267136,0,637265,2026-08-02T20:07:33.881524Z
M3,1840,saturated,M3,true,0.000,0.000,0.000,0.000,0.000,0.000,0.000,635816,367562,128892928,34267136,0,637265,2026-08-02T20:07:33.881524Z
M3,1841,saturated,M3,true,0.000,0.000,0.000,0.000,0.000,0.000,0.000,635816,367562,128892928,34267136,0,637265,2026-08-02T20:07:33.881524Z
M3,1842,saturated,M3,true,0.000,0.000,0.000,0.000,0.000,0.000,0.000,635816,367562,128892928,34267136,0,637265,2026-08-02T20:07:33.881524Z
M3,1843,saturated,M3,true,0.000,0.000,0.000,0.000,0.000,0.000,0.000,635816,367562,128892928,34267136,0,637265,2026-08-02T20:07:33.881524Z
M3,1844,saturated,M3,true,0.000,0.000,0.000,0.000,0.000,0.000,0.000,635816,367562,128892928,34267136,0,637265,2026-08-02T20:07:33.881524Z
M3,1845,saturated,M3,true,0.000,0.000,0.000,0.000,0.000,0.000,0.000,635816,367562,128892928,34267136,0,637265,2026-08-02T20:07:33.881524Z
M3,1846,saturated,M3,true,0.000,0.000,0.000,0.000,0.000,0.000,0.000,635816,367562,128892928,34267136,0,637265,2026-08-02T20:07:33.881524Z
M3,1847,saturated,M3,true,0.000,0.000,0.000,0.000,0.000,0.000,0.000,635816,367562,128892928,34267136,0,637265,2026-08-02T20:07:33.881524Z
M3,1848,saturated,M3,true,0.000,0.000,0.000,0.000,0.000,0.000,0.000,635816,367562,128892928,34267136,0,637265,2026-08-02T20:07:33.881524Z
M3,1849,saturated,M3,true,0.000,0.000,0.000,0.000,0.000,0.000,0.000,635816,367562,128892928,34267136,0,637265,2026-08-02T20:07:33.881524Z
M3,1850,saturated,M3,true,0.000,0.000,0.000,0.000,0.000,0.000,0.000,635816,367562,128892928,34267136,0,637265,2026-08-02T20:07:33.881524Z
M3,1851,saturated,M3,true,0.000,0.000,0.000,0.000,0.000,0.000,0.000,635816,367562,128892928,34267136,0,637265,2026-08-02T20:07:33.881524Z
M3,1852,saturated,M3,true,0.000,0.000,0.000,0.000,0.000,0.000,0.000,635816,367562,128892928,34267136,0,637265,2026-08-02T20:07:33.881524Z
M3,1853,saturated,M3,true,0.000,0.000,0.000,0.000,0.000,0.000,0.000,635816,367562,128892928,34267136,0,637265,2026-08-02T20:07:33.881524Z
M3,1854,saturated,M3,true,0.000,0.000,0.000,0.000,0.000,0.000,0.000,635816,367562,128892928,34267136,0,637265,2026-08-02T20:07:33.881524Z
M3,1855,saturated,M3,true,0.000,0.000,0.000,0.000,0.000,0.000,0.000,635816,367562,128892928,34267136,0,637265,2026-08-02T20:07:33.881524Z
M3,1856,saturated,M3,true,0.000,0.000,0.000,0.000,0.000,0.000,0.000,635816,367562,128892928,34267136,0,637266,2026-08-02T20:07:33.881524Z
M3,1857,saturated,M3,true,0.000,0.000,0.000,0.000,0.000,0.000,0.000,635816,367562,128892928,34267136,0,637266,2026-08-02T20:07:33.881524Z
M3,1858,saturated,M3,true,0.000,0.000,0.000,0.000,0.000,0.000,0.000,635816,367562,128892928,34267136,0,637266,2026-08-02T20:07:33.881524Z
M3,1859,saturated,M3,true,0.000,0.000,0.000,0.000,0.000,0.000,0.000,635816,367562,128892928,34267136,0,637266,2026-08-02T20:07:33.881524Z
M3,1860,saturated,M3,true,0.000,0.000,0.000,0.000,0.000,0.000,0.000,635816,367562,128892928,34267136,0,637266,2026-08-02T20:07:33.881524Z
M3,1861,saturated,M3,true,0.000,0.000,0.000,0.000,0.000,0.000,0.000,635816,367562,128892928,34267136,0,637266,2026-08-02T20:07:33.881524Z
M3,1862,saturated,M3,true,0.000,0.000,0.000,0.000,0.000,0.000,0.000,635816,367562,128892928,34267136,0,637266,2026-08-02T20:07:33.881524Z
M3,1863,saturated,M3,true,0.000,0.000,0.000,0.000,0.000,0.000,0.000,635816,367562,128892928,34267136,0,637266,2026-08-02T20:07:33.881524Z
M3,1864,saturated,M3,true,0.000,0.000,0.000,0.000,0.000,0.000,0.000,635816,367562,128892928,34267136,0,637266,2026-08-02T20:07:33.881524Z
M3,1865,saturated,M3,true,0.000,0.000,0.000,0.000,0.000,0.000,0.000,635816,367562,128892928,34267136,0,637266,2026-08-02T20:07:33.881524Z
M3,1866,saturated,M3,true,0.000,0.000,0.000,0.000,0.000,0.000,0.000,635816,367562,128892928,34267136,0,637266,2026-08-02T20:07:33.881524Z
M3,1867,saturated,M3,true,0.000,0.000,0.000,0.000,0.000,0.000,0.000,635816,367562,128892928,34267136,0,637266,2026-08-02T20:07:33.881524Z
M3,1868,saturated,M3,true,0.000,0.000,0.000,0.000,0.000,0.000,0.000,635816,367562,128892928,34267136,0,637266,2026-08-02T20:07:33.881524Z
M3,1869,saturated,M3,true,0.000,0.000,0.000,0.000,0.000,0.000,0.000,635816,367562,128892928,34267136,0,637266,2026-08-02T20:07:33.881524Z
M3,1870,saturated,M3,true,0.000,0.000,0.000,0.000,0.000,0.000,0.000,635816,367562,128892928,34267136,0,637266,2026-08-02T20:07:33.881524Z
M3,1871,saturated,M3,true,0.000,0.000,0.000,0.000,0.000,0.000,0.000,635816,367562,128892928,34267136,0,637266,2026-08-02T20:08:33.606389Z
M3,1872,saturated,M3,true,0.000,0.000,0.000,0.000,0.000,0.000,0.000,635816,367562,128892928,34267136,0,637267,2026-08-02T20:08:33.877961Z
M3,1873,saturated,M3,true,0.000,0.000,0.000,0.000,0.000,0.000,0.000,635816,367562,128892928,34267136,0,637267,2026-08-02T20:08:33.877961Z
M3,1874,saturated,M3,true,0.000,0.000,0.000,0.000,0.000,0.000,0.000,635816,367562,128892928,34267136,0,637267,2026-08-02T20:08:33.877961Z
M3,1875,saturated,M3,true,0.000,0.000,0.000,0.000,0.000,0.000,0.000,635816,367562,128892928,34267136,0,637267,2026-08-02T20:08:33.877961Z
M3,1876,saturated,M3,true,0.000,0.000,0.000,0.000,0.000,0.000,0.000,635816,367562,128892928,34267136,0,637267,2026-08-02T20:08:33.877961Z
M3,1877,saturated,M3,true,0.000,0.000,0.000,0.000,0.000,0.000,0.000,635816,367562,128892928,34267136,0,637267,2026-08-02T20:08:33.877961Z
M3,1878,saturated,M3,true,0.000,0.000,0.000,0.000,0.000,0.000,0.000,635816,367562,128892928,34267136,0,637267,2026-08-02T20:08:33.877961Z
M3,1879,saturated,M3,true,0.000,0.000,0.000,0.000,0.000,0.000,0.000,635816,367562,128892928,34267136,0,637267,2026-08-02T20:08:33.877961Z
M3,1880,saturated,M3,true,0.000,0.000,0.000,0.000,0.000,0.000,0.000,635816,367562,128892928,34267136,0,637267,2026-08-02T20:08:33.877961Z
M3,1881,saturated,M3,true,0.000,0.000,0.000,0.000,0.000,0.000,0.000,635816,367562,128892928,34267136,0,637267,2026-08-02T20:08:33.877961Z
M3,1882,saturated,M3,true,0.000,0.000,0.000,0.000,0.000,0.000,0.000,635816,367562,128892928,34267136,0,637267,2026-08-02T20:08:33.877961Z
M3,1883,saturated,M3,true,0.000,0.000,0.000,0.000,0.000,0.000,0.000,635816,367562,128892928,34267136,0,637267,2026-08-02T20:08:33.877961Z
M3,1884,saturated,M3,true,0.000,0.000,0.000,0.000,0.000,0.000,0.000,635816,367562,128892928,34267136,0,637267,2026-08-02T20:08:33.877961Z
M3,1885,saturated,M3,true,0.000,0.000,0.000,0.000,0.000,0.000,0.000,635816,367562,128892928,34267136,0,637267,2026-08-02T20:08:33.877961Z
M3,1886,saturated,M3,true,0.000,0.000,0.000,0.000,0.000,0.000,0.000,635816,367562,128892928,34267136,0,637267,2026-08-02T20:08:33.877961Z
M3,1887,saturated,M3,true,0.000,0.000,0.000,0.000,0.000,0.000,0.000,635816,367562,128892928,34267136,0,637267,2026-08-02T20:08:33.877961Z
M3,1888,saturated,M3,true,0.000,0.000,0.000,0.000,0.000,0.000,0.000,635816,367562,128892928,34267136,0,637267,2026-08-02T20:08:33.877961Z
M3,1889,saturated,M3,true,0.000,0.000,0.000,0.000,0.000,0.000,0.000,635816,367562,128892928,34267136,0,637268,2026-08-02T20:08:33.877961Z
M3,1890,saturated,M3,true,0.000,0.000,0.000,0.000,0.000,0.000,0.000,635816,367562,128892928,34267136,0,637268,2026-08-02T20:08:33.877961Z
M3,1891,saturated,M3,true,0.000,0.000,0.000,0.000,0.000,0.000,0.000,635816,367562,128892928,34267136,0,637268,2026-08-02T20:08:33.877961Z
M3,1892,saturated,M3,true,0.000,0.000,0.000,0.000,0.000,0.000,0.000,635816,367562,128892928,34267136,0,637268,2026-08-02T20:08:33.877961Z
M3,1893,saturated,M3,true,0.000,0.000,0.000,0.000,0.000,0.000,0.000,635816,367562,128892928,34267136,0,637268,2026-08-02T20:08:33.877961Z
M3,1894,saturated,M3,true,0.000,0.000,0.000,0.000,0.000,0.000,0.000,635816,367562,128892928,34267136,0,637268,2026-08-02T20:08:33.877961Z
M3,1895,saturated,M3,true,0.000,0.000,0.000,0.000,0.000,0.000,0.000,635816,367562,128892928,34267136,0,637268,2026-08-02T20:08:33.877961Z
M3,1896,saturated,M3,true,0.000,0.000,0.000,0.000,0.000,0.000,0.000,635816,367562,128892928,34267136,0,637268,2026-08-02T20:08:33.877961Z
M3,1897,saturated,M3,true,0.000,0.000,0.000,0.000,0.000,0.000,0.000,635816,367562,128892928,34267136,0,637268,2026-08-02T20:08:33.877961Z
M3,1898,saturated,M3,true,0.000,0.000,0.000,0.000,0.000,0.000,0.000,635816,367562,128892928,34267136,0,637268,2026-08-02T20:08:33.877961Z
M3,1899,saturated,M3,true,0.000,0.000,0.000,0.000,0.000,0.000,0.000,635816,367562,128892928,34267136,0,637268,2026-08-02T20:08:33.877961Z
M3,1900,saturated,M3,true,0.000,0.000,0.000,0.000,0.000,0.000,0.000,635816,367562,128892928,34267136,0,637268,2026-08-02T20:08:33.877961Z
M3,1901,saturated,M3,true,0.000,0.000,0.000,0.000,0.000,0.000,0.000,635816,367562,128892928,34267136,0,637268,2026-08-02T20:08:33.877961Z
M3,1902,saturated,M3,true,0.000,0.000,0.000,0.000,0.000,0.000,0.000,635816,367562,128892928,34267136,0,637268,2026-08-02T20:08:33.877961Z
M3,1903,saturated,M3,true,0.000,0.000,0.000,0.000,0.000,0.000,0.000,635816,367562,128892928,34267136,0,637268,2026-08-02T20:08:33.877961Z
M3,1904,saturated,M3,true,0.000,0.000,0.000,0.000,0.000,0.000,0.000,635816,367562,128892928,34267136,0,637268,2026-08-02T20:08:33.877961Z
M3,1905,saturated,M3,true,0.000,0.000,0.000,0.000,0.000,0.000,0.000,635816,367562,128892928,34267136,0,637269,2026-08-02T20:08:33.877961Z
M3,1906,saturated,M3,true,0.000,0.000,0.000,0.000,0.000,0.000,0.000,635816,367562,128892928,34267136,0,637269,2026-08-02T20:08:33.877961Z
M3,1907,saturated,M3,true,0.000,0.000,0.000,0.000,0.000,0.000,0.000,635816,367562,128892928,34267136,0,637269,2026-08-02T20:08:33.877961Z
M3,1908,saturated,M3,true,0.000,0.000,0.000,0.000,0.000,0.000,0.000,635816,367562,128892928,34267136,0,637269,2026-08-02T20:08:33.877961Z
M3,1909,saturated,M3,true,0.000,0.000,0.000,0.000,0.000,0.000,0.000,635816,367562,128892928,34267136,0,637269,2026-08-02T20:08:33.877961Z
M3,1910,saturated,M3,true,0.000,0.000,0.000,0.000,0.000,0.000,0.000,635816,367562,128892928,34267136,0,637269,2026-08-02T20:08:33.877961Z
M3,1911,saturated,M3,true,0.000,0.000,0.000,0.000,0.000,0.000,0.000,635816,367562,128892928,34267136,0,637269,2026-08-02T20:08:33.877961Z
M3,1912,saturated,M3,true,0.000,0.000,0.000,0.000,0.000,0.000,0.000,635816,367562,128892928,34267136,0,637269,2026-08-02T20:08:33.877961Z
M3,1913,saturated,M3,true,0.000,0.000,0.000,0.000,0.000,0.000,0.000,635816,367562,128892928,34267136,0,637269,2026-08-02T20:08:33.877961Z
M3,1914,saturated,M3,true,0.000,0.000,0.000,0.000,0.000,0.000,0.000,635816,367562,128892928,34267136,0,637269,2026-08-02T20:08:33.877961Z
M3,1915,saturated,M3,true,0.000,0.000,0.000,0.000,0.000,0.000,0.000,635816,367562,128892928,34267136,0,637269,2026-08-02T20:08:33.877961Z
M3,1916,saturated,M3,true,0.000,0.000,0.000,0.000,0.000,0.000,0.000,635816,367562,128892928,34267136,0,637269,2026-08-02T20:08:33.877961Z
M3,1917,saturated,M3,true,0.000,0.000,0.000,0.000,0.000,0.000,0.000,635816,367562,128892928,34267136,0,637269,2026-08-02T20:08:33.877961Z
M3,1918,saturated,M3,true,0.000,0.000,0.000,0.000,0.000,0.000,0.000,635816,367562,128892928,34267136,0,637269,2026-08-02T20:08:33.877961Z
M3,1919,saturated,M3,true,0.000,0.000,0.000,0.000,0.000,0.000,0.000,635816,367562,128892928,34267136,0,637269,2026-08-02T20:08:33.877961Z
M3,1920,saturated,M3,true,0.000,0.000,0.000,0.000,0.000,0.000,0.000,635816,367562,128892928,34267136,0,637269,2026-08-02T20:08:33.877961Z
M3,1921,saturated,M3,true,0.000,0.000,0.000,0.000,0.000,0.000,0.000,635816,367562,128892928,34267136,0,637269,2026-08-02T20:08:33.877961Z
M3,1922,saturated,M3,true,0.000,0.000,0.000,0.000,0.000,0.000,0.000,635816,367562,128892928,34267136,0,637270,2026-08-02T20:08:33.877961Z
M3,1923,saturated,M3,true,0.000,0.000,0.000,0.000,0.000,0.000,0.000,635816,367562,128892928,34267136,0,637270,2026-08-02T20:08:33.877961Z
M3,1924,saturated,M3,true,0.000,0.000,0.000,0.000,0.000,0.000,0.000,635816,367562,128892928,34267136,0,637270,2026-08-02T20:08:33.877961Z
M3,1925,saturated,M3,true,0.000,0.000,0.000,0.000,0.000,0.000,0.000,635816,367562,128892928,34267136,0,637270,2026-08-02T20:08:33.877961Z
M3,1926,saturated,M3,true,0.000,0.000,0.000,0.000,0.000,0.000,0.000,635816,367562,128892928,34267136,0,637270,2026-08-02T20:08:33.877961Z
M3,1927,saturated,M3,true,0.000,0.000,0.000,0.000,0.000,0.000,0.000,635816,367562,128892928,34267136,0,637270,2026-08-02T20:08:33.877961Z
M3,1928,saturated,M3,true,0.000,0.000,0.000,0.000,0.000,0.000,0.000,635816,367562,128892928,34267136,0,637270,2026-08-02T20:08:33.877961Z
M3,1929,saturated,M3,true,0.000,0.000,0.000,0.000,0.000,0.000,0.000,635816,367562,128892928,34267136,0,637270,2026-08-02T20:08:33.877961Z
M3,1930,saturated,M3,true,0.000,0.000,0.000,0.000,0.000,0.000,0.000,635816,367562,128892928,34267136,0,637270,2026-08-02T20:08:33.877961Z
M3,1931,saturated,M3,true,0.000,0.000,0.000,0.000,0.000,0.000,0.000,635816,367562,128892928,34267136,0,637270,2026-08-02T20:09:33.692035Z
M3,1932,saturated,M3,true,0.000,0.000,0.000,0.000,0.000,0.000,0.000,635816,367562,128892928,34267136,0,637270,2026-08-02T20:09:33.879095Z
M3,1933,saturated,M3,true,0.000,0.000,0.000,0.000,0.000,0.000,0.000,635816,367562,128892928,34267136,0,637270,2026-08-02T20:09:33.879095Z
M3,1934,saturated,M3,true,0.000,0.000,0.000,0.000,0.000,0.000,0.000,635816,367562,128892928,34267136,0,637270,2026-08-02T20:09:33.879095Z
M3,1935,saturated,M3,true,0.000,0.000,0.000,0.000,0.000,0.000,0.000,635816,367562,128892928,34267136,0,637270,2026-08-02T20:09:33.879095Z
M3,1936,saturated,M3,true,0.000,0.000,0.000,0.000,0.000,0.000,0.000,635816,367562,128892928,34267136,0,637270,2026-08-02T20:09:33.879095Z
M3,1937,saturated,M3,true,0.000,0.000,0.000,0.000,0.000,0.000,0.000,635816,367562,128892928,34267136,0,637270,2026-08-02T20:09:33.879095Z
M3,1938,saturated,M3,true,0.000,0.000,0.000,0.000,0.000,0.000,0.000,635816,367562,128892928,34267136,0,637271,2026-08-02T20:09:33.879095Z
M3,1939,saturated,M3,true,0.000,0.000,0.000,0.000,0.000,0.000,0.000,635816,367562,128892928,34267136,0,637271,2026-08-02T20:09:33.879095Z
M3,1940,saturated,M3,true,0.000,0.000,0.000,0.000,0.000,0.000,0.000,635816,367562,128892928,34267136,0,637271,2026-08-02T20:09:33.879095Z
M3,1941,saturated,M3,true,0.000,0.000,0.000,0.000,0.000,0.000,0.000,635816,367562,128892928,34267136,0,637271,2026-08-02T20:09:33.879095Z
M3,1942,saturated,M3,true,0.000,0.000,0.000,0.000,0.000,0.000,0.000,635816,367562,128892928,34267136,0,637271,2026-08-02T20:09:33.879095Z
M3,1943,saturated,M3,true,0.000,0.000,0.000,0.000,0.000,0.000,0.000,635816,367562,128892928,34267136,0,637271,2026-08-02T20:09:33.879095Z
M3,1944,saturated,M3,true,0.000,0.000,0.000,0.000,0.000,0.000,0.000,635816,367562,128892928,34267136,0,637271,2026-08-02T20:09:33.879095Z
M3,1945,saturated,M3,true,0.000,0.000,0.000,0.000,0.000,0.000,0.000,635816,367562,128892928,34267136,0,637271,2026-08-02T20:09:33.879095Z
M3,1946,saturated,M3,true,0.000,0.000,0.000,0.000,0.000,0.000,0.000,635816,367562,128892928,34267136,0,637271,2026-08-02T20:09:33.879095Z
M3,1947,saturated,M3,true,0.000,0.000,0.000,0.000,0.000,0.000,0.000,635816,367562,128892928,34267136,0,637271,2026-08-02T20:09:33.879095Z
M3,1948,saturated,M3,true,0.000,0.000,0.000,0.000,0.000,0.000,0.000,635816,367562,128892928,34267136,0,637271,2026-08-02T20:09:33.879095Z
M3,1949,saturated,M3,true,0.000,0.000,0.000,0.000,0.000,0.000,0.000,635816,367562,128892928,34267136,0,637271,2026-08-02T20:09:33.879095Z
M3,1950,saturated,M3,true,0.000,0.000,0.000,0.000,0.000,0.000,0.000,635816,367562,128892928,34267136,0,637271,2026-08-02T20:09:33.879095Z
M3,1951,saturated,M3,true,0.000,0.000,0.000,0.000,0.000,0.000,0.000,635816,367562,128892928,34267136,0,637271,2026-08-02T20:09:33.879095Z
M3,1952,saturated,M3,true,0.000,0.000,0.000,0.000,0.000,0.000,0.000,635816,367562,128892928,34267136,0,637271,2026-08-02T20:09:33.879095Z
M3,1953,saturated,M3,true,0.000,0.000,0.000,0.000,0.000,0.000,0.000,635816,367562,128892928,34267136,0,637271,2026-08-02T20:09:33.879095Z
M3,1954,saturated,M3,true,0.000,0.000,0.000,0.000,0.000,0.000,0.000,635816,367562,128892928,34267136,0,637271,2026-08-02T20:09:33.879095Z
M3,1955,saturated,M3,true,0.000,0.000,0.000,0.000,0.000,0.000,0.000,635816,367562,128892928,34267136,0,637272,2026-08-02T20:09:33.879095Z
M3,1956,saturated,M3,true,0.000,0.000,0.000,0.000,0.000,0.000,0.000,635816,367562,128892928,34267136,0,637272,2026-08-02T20:09:33.879095Z
M3,1957,saturated,M3,true,0.000,0.000,0.000,0.000,0.000,0.000,0.000,635816,367562,128892928,34267136,0,637272,2026-08-02T20:09:33.879095Z
M3,1958,saturated,M3,true,0.000,0.000,0.000,0.000,0.000,0.000,0.000,635816,367562,128892928,34267136,0,637272,2026-08-02T20:09:33.879095Z
M3,1959,saturated,M3,true,0.000,0.000,0.000,0.000,0.000,0.000,0.000,635816,367562,128892928,34267136,0,637272,2026-08-02T20:09:33.879095Z
M3,1960,saturated,M3,true,0.000,0.000,0.000,0.000,0.000,0.000,0.000,635816,367562,128892928,34267136,0,637272,2026-08-02T20:09:33.879095Z
M3,1961,saturated,M3,true,0.000,0.000,0.000,0.000,0.000,0.000,0.000,635816,367562,128892928,34267136,0,637272,2026-08-02T20:09:33.879095Z
M3,1962,saturated,M3,true,0.000,0.000,0.000,0.000,0.000,0.000,0.000,635816,367562,128892928,34267136,0,637272,2026-08-02T20:09:33.879095Z
M3,1963,saturated,M3,true,0.000,0.000,0.000,0.000,0.000,0.000,0.000,635816,367562,128892928,34267136,0,637272,2026-08-02T20:09:33.879095Z
M3,1964,saturated,M3,true,0.000,0.000,0.000,0.000,0.000,0.000,0.000,635816,367562,128892928,34267136,0,637272,2026-08-02T20:09:33.879095Z
M3,1965,saturated,M3,true,0.000,0.000,0.000,0.000,0.000,0.000,0.000,635816,367562,128892928,34267136,0,637272,2026-08-02T20:09:33.879095Z
M3,1966,saturated,M3,true,0.000,0.000,0.000,0.000,0.000,0.000,0.000,635816,367562,128892928,34267136,0,637272,2026-08-02T20:09:33.879095Z
M3,1967,saturated,M3,true,0.000,0.000,0.000,0.000,0.000,0.000,0.000,635816,367562,128892928,34267136,0,637272,2026-08-02T20:09:33.879095Z
M3,1968,saturated,M3,true,0.000,0.000,0.000,0.000,0.000,0.000,0.000,635816,367562,128892928,34267136,0,637272,2026-08-02T20:09:33.879095Z
M3,1969,saturated,M3,true,0.000,0.000,0.000,0.000,0.000,0.000,0.000,635816,367562,128892928,34267136,0,637272,2026-08-02T20:09:33.879095Z
M3,1970,saturated,M3,true,0.000,0.000,0.000,0.000,0.000,0.000,0.000,635816,367562,128892928,34267136,0,637272,2026-08-02T20:09:33.879095Z
M3,1971,saturated,M3,true,0.000,0.000,0.000,0.000,0.000,0.000,0.000,635816,367562,128892928,34267136,0,637273,2026-08-02T20:09:33.879095Z
M3,1972,saturated,M3,true,0.000,0.000,0.000,0.000,0.000,0.000,0.000,635816,367562,128892928,34267136,0,637273,2026-08-02T20:09:33.879095Z
M3,1973,saturated,M3,true,0.000,0.000,0.000,0.000,0.000,0.000,0.000,635816,367562,128892928,34267136,0,637273,2026-08-02T20:09:33.879095Z
M3,1974,saturated,M3,true,0.000,0.000,0.000,0.000,0.000,0.000,0.000,635816,367562,128892928,34267136,0,637273,2026-08-02T20:09:33.879095Z
M3,1975,saturated,M3,true,0.000,0.000,0.000,0.000,0.000,0.000,0.000,635816,367562,128892928,34267136,0,637273,2026-08-02T20:09:33.879095Z
M3,1976,saturated,M3,true,0.000,0.000,0.000,0.000,0.000,0.000,0.000,635816,367562,128892928,34267136,0,637273,2026-08-02T20:09:33.879095Z
M3,1977,saturated,M3,true,0.000,0.000,0.000,0.000,0.000,0.000,0.000,635816,367562,128892928,34267136,0,637273,2026-08-02T20:09:33.879095Z
M3,1978,saturated,M3,true,0.000,0.000,0.000,0.000,0.000,0.000,0.000,635816,367562,128892928,34267136,0,637273,2026-08-02T20:09:33.879095Z
M3,1979,saturated,M3,true,0.000,0.000,0.000,0.000,0.000,0.000,0.000,635816,367562,128892928,34267136,0,637273,2026-08-02T20:09:33.879095Z
M3,1980,saturated,M3,true,0.000,0.000,0.000,0.000,0.000,0.000,0.000,635816,367562,128892928,34267136,0,637273,2026-08-02T20:09:33.879095Z
M3,1981,saturated,M3,true,0.000,0.000,0.000,0.000,0.000,0.000,0.000,635816,367562,128892928,34267136,0,637273,2026-08-02T20:09:33.879095Z
M3,1982,saturated,M3,true,0.000,0.000,0.000,0.000,0.000,0.000,0.000,635816,367562,128892928,34267136,0,637273,2026-08-02T20:09:33.879095Z
M3,1983,saturated,M3,true,0.000,0.000,0.000,0.000,0.000,0.000,0.000,635816,367562,128892928,34267136,0,637273,2026-08-02T20:09:33.879095Z
M3,1984,saturated,M3,true,0.000,0.000,0.000,0.000,0.000,0.000,0.000,635816,367562,128892928,34267136,0,637273,2026-08-02T20:09:33.879095Z
M3,1985,saturated,M3,true,0.000,0.000,0.000,0.000,0.000,0.000,0.000,635816,367562,128892928,34267136,0,637273,2026-08-02T20:09:33.879095Z
M3,1986,saturated,M3,true,0.000,0.000,0.000,0.000,0.000,0.000,0.000,635816,367562,128892928,34267136,0,637273,2026-08-02T20:09:33.879095Z
M3,1987,saturated,M3,true,0.000,0.000,0.000,0.000,0.000,0.000,0.000,635816,367562,128892928,34267136,0,637273,2026-08-02T20:09:33.879095Z
M3,1988,saturated,M3,true,0.000,0.000,0.000,0.000,0.000,0.000,0.000,635816,367562,128892928,34267136,0,637274,2026-08-02T20:09:33.879095Z
M3,1989,saturated,M3,true,0.000,0.000,0.000,0.000,0.000,0.000,0.000,635816,367562,128892928,34267136,0,637274,2026-08-02T20:09:33.879095Z
M3,1990,saturated,M3,true,0.000,0.000,0.000,0.000,0.000,0.000,0.000,635816,367562,128892928,34267136,0,637274,2026-08-02T20:09:33.879095Z
M3,1991,saturated,M3,true,0.000,0.000,0.000,0.000,0.000,0.000,0.000,635816,367562,128892928,34267136,0,637275,2026-08-02T20:10:33.699221Z
M3,1992,saturated,M3,true,0.000,0.000,0.000,0.000,0.000,0.000,0.000,635816,367562,128892928,34267136,0,637275,2026-08-02T20:10:33.874658Z
M3,1993,saturated,M3,true,0.000,0.000,0.000,0.000,0.000,0.000,0.000,635816,367562,128892928,34267136,0,637275,2026-08-02T20:10:33.874658Z
M3,1994,saturated,M3,true,0.000,0.000,0.000,0.000,0.000,0.000,0.000,635816,367562,128892928,34267136,0,637275,2026-08-02T20:10:33.874658Z
M3,1995,saturated,M3,true,0.000,0.000,0.000,0.000,0.000,0.000,0.000,635816,367562,128892928,34267136,0,637275,2026-08-02T20:10:33.874658Z
M3,1996,saturated,M3,true,0.000,0.000,0.000,0.000,0.000,0.000,0.000,635816,367562,128892928,34267136,0,637275,2026-08-02T20:10:33.874658Z
M3,1997,saturated,M3,true,0.000,0.000,0.000,0.000,0.000,0.000,0.000,635816,367562,128892928,34267136,0,637275,2026-08-02T20:10:33.874658Z
M3,1998,saturated,M3,true,0.000,0.000,0.000,0.000,0.000,0.000,0.000,635816,367562,128892928,34267136,0,637275,2026-08-02T20:10:33.874658Z
M3,1999,saturated,M3,true,0.000,0.000,0.000,0.000,0.000,0.000,0.000,635816,367562,128892928,34267136,0,637275,2026-08-02T20:10:33.874658Z
M3,2000,saturated,M3,true,0.000,0.000,0.000,0.000,0.000,0.000,0.000,635816,367562,128892928,34267136,0,637275,2026-08-02T20:10:33.874658Z
M3,2001,saturated,M3,true,0.000,0.000,0.000,0.000,0.000,0.000,0.000,635816,367562,128892928,34267136,0,637275,2026-08-02T20:10:33.874658Z
M3,2002,saturated,M3,true,0.000,0.000,0.000,0.000,0.000,0.000,0.000,635816,367562,128892928,34267136,0,637275,2026-08-02T20:10:33.874658Z
M3,2003,saturated,M3,true,0.000,0.000,0.000,0.000,0.000,0.000,0.000,635816,367562,128892928,34267136,0,637275,2026-08-02T20:10:33.874658Z
M3,2004,saturated,M3,true,0.000,0.000,0.000,0.000,0.000,0.000,0.000,635816,367562,128892928,34267136,0,637275,2026-08-02T20:10:33.874658Z
M3,2005,saturated,M3,true,0.000,0.000,0.000,0.000,0.000,0.000,0.000,635816,367562,128892928,34267136,0,637275,2026-08-02T20:10:33.874658Z
M3,2006,saturated,M3,true,0.000,0.000,0.000,0.000,0.000,0.000,0.000,635816,367562,128892928,34267136,0,637275,2026-08-02T20:10:33.874658Z
M3,2007,saturated,M3,true,0.000,0.000,0.000,0.000,0.000,0.000,0.000,635816,367562,128892928,34267136,0,637276,2026-08-02T20:10:33.874658Z
M3,2008,saturated,M3,true,0.000,0.000,0.000,0.000,0.000,0.000,0.000,635816,367562,128892928,34267136,0,637276,2026-08-02T20:10:33.874658Z
M3,2009,saturated,M3,true,0.000,0.000,0.000,0.000,0.000,0.000,0.000,635816,367562,128892928,34267136,0,637276,2026-08-02T20:10:33.874658Z
M3,2010,saturated,M3,true,0.000,0.000,0.000,0.000,0.000,0.000,0.000,635816,367562,128892928,34267136,0,637276,2026-08-02T20:10:33.874658Z
M3,2011,saturated,M3,true,0.000,0.000,0.000,0.000,0.000,0.000,0.000,635816,367562,128892928,34267136,0,637276,2026-08-02T20:10:33.874658Z
M3,2012,saturated,M3,true,0.000,0.000,0.000,0.000,0.000,0.000,0.000,635816,367562,128892928,34267136,0,637276,2026-08-02T20:10:33.874658Z
M3,2013,saturated,M3,true,0.000,0.000,0.000,0.000,0.000,0.000,0.000,635816,367562,128892928,34267136,0,637276,2026-08-02T20:10:33.874658Z
M3,2014,saturated,M3,true,0.000,0.000,0.000,0.000,0.000,0.000,0.000,635816,367562,128892928,34267136,0,637276,2026-08-02T20:10:33.874658Z
M3,2015,saturated,M3,true,0.000,0.000,0.000,0.000,0.000,0.000,0.000,635816,367562,128892928,34267136,0,637276,2026-08-02T20:10:33.874658Z
M3,2016,saturated,M3,true,0.000,0.000,0.000,0.000,0.000,0.000,0.000,635816,367562,128892928,34267136,0,637276,2026-08-02T20:10:33.874658Z
M3,2017,saturated,M3,true,0.000,0.000,0.000,0.000,0.000,0.000,0.000,635816,367562,128892928,34267136,0,637276,2026-08-02T20:10:33.874658Z
M3,2018,saturated,M3,true,0.000,0.000,0.000,0.000,0.000,0.000,0.000,635816,367562,128892928,34267136,0,637276,2026-08-02T20:10:33.874658Z
M3,2019,saturated,M3,true,0.000,0.000,0.000,0.000,0.000,0.000,0.000,635816,367562,128892928,34267136,0,637276,2026-08-02T20:10:33.874658Z
M3,2020,saturated,M3,true,0.000,0.000,0.000,0.000,0.000,0.000,0.000,635816,367562,128892928,34267136,0,637276,2026-08-02T20:10:33.874658Z
M3,2021,saturated,M3,true,0.000,0.000,0.000,0.000,0.000,0.000,0.000,635816,367562,128892928,34267136,0,637276,2026-08-02T20:10:33.874658Z
M3,2022,saturated,M3,true,0.000,0.000,0.000,0.000,0.000,0.000,0.000,635816,367562,128892928,34267136,0,637276,2026-08-02T20:10:33.874658Z
M3,2023,saturated,M3,true,0.000,0.000,0.000,0.000,0.000,0.000,0.000,635816,367562,128892928,34267136,0,637276,2026-08-02T20:10:33.874658Z
M3,2024,saturated,M3,true,0.000,0.000,0.000,0.000,0.000,0.000,0.000,635816,367562,128892928,34267136,0,637277,2026-08-02T20:10:33.874658Z
M3,2025,saturated,M3,true,0.000,0.000,0.000,0.000,0.000,0.000,0.000,635816,367562,128892928,34267136,0,637277,2026-08-02T20:10:33.874658Z
M3,2026,saturated,M3,true,0.000,0.000,0.000,0.000,0.000,0.000,0.000,635816,367562,128892928,34267136,0,637277,2026-08-02T20:10:33.874658Z
M3,2027,saturated,M3,true,0.000,0.000,0.000,0.000,0.000,0.000,0.000,635816,367562,128892928,34267136,0,637277,2026-08-02T20:10:33.874658Z
M3,2028,saturated,M3,true,0.000,0.000,0.000,0.000,0.000,0.000,0.000,635816,367562,128892928,34267136,0,637277,2026-08-02T20:10:33.874658Z
M3,2029,saturated,M3,true,0.000,0.000,0.000,0.000,0.000,0.000,0.000,635816,367562,128892928,34267136,0,637277,2026-08-02T20:10:33.874658Z
M3,2030,saturated,M3,true,0.000,0.000,0.000,0.000,0.000,0.000,0.000,635816,367562,128892928,34267136,0,637277,2026-08-02T20:10:33.874658Z
M3,2031,saturated,M3,true,0.000,0.000,0.000,0.000,0.000,0.000,0.000,635816,367562,128892928,34267136,0,637277,2026-08-02T20:10:33.874658Z
M3,2032,saturated,M3,true,0.000,0.000,0.000,0.000,0.000,0.000,0.000,635816,367562,128892928,34267136,0,637277,2026-08-02T20:10:33.874658Z
M3,2033,saturated,M3,true,0.000,0.000,0.000,0.000,0.000,0.000,0.000,635816,367562,128892928,34267136,0,637277,2026-08-02T20:10:33.874658Z
M3,2034,saturated,M3,true,0.000,0.000,0.000,0.000,0.000,0.000,0.000,635816,367562,128892928,34267136,0,637277,2026-08-02T20:10:33.874658Z
M3,2035,saturated,M3,true,0.000,0.000,0.000,0.000,0.000,0.000,0.000,635816,367562,128892928,34267136,0,637277,2026-08-02T20:10:33.874658Z
M3,2036,saturated,M3,true,0.000,0.000,0.000,0.000,0.000,0.000,0.000,635816,367562,128892928,34267136,0,637277,2026-08-02T20:10:33.874658Z
M3,2037,saturated,M3,true,0.000,0.000,0.000,0.000,0.000,0.000,0.000,635816,367562,128892928,34267136,0,637277,2026-08-02T20:10:33.874658Z
M3,2038,saturated,M3,true,0.000,0.000,0.000,0.000,0.000,0.000,0.000,635816,367562,128892928,34267136,0,637277,2026-08-02T20:10:33.874658Z
M3,2039,saturated,M3,true,0.000,0.000,0.000,0.000,0.000,0.000,0.000,635816,367562,128892928,34267136,0,637277,2026-08-02T20:10:33.874658Z
M3,2040,saturated,M3,true,0.000,0.000,0.000,0.000,0.000,0.000,0.000,635816,367562,128892928,34267136,0,637278,2026-08-02T20:10:33.874658Z
M3,2041,saturated,M3,true,0.000,0.000,0.000,0.000,0.000,0.000,0.000,635816,367562,128892928,34267136,0,637278,2026-08-02T20:10:33.874658Z
M3,2042,saturated,M3,true,0.000,0.000,0.000,0.000,0.000,0.000,0.000,635816,367562,128892928,34267136,0,637278,2026-08-02T20:10:33.874658Z
M3,2043,saturated,M3,true,0.000,0.000,0.000,0.000,0.000,0.000,0.000,635816,367562,128892928,34267136,0,637278,2026-08-02T20:10:33.874658Z
M3,2044,saturated,M3,true,0.000,0.000,0.000,0.000,0.000,0.000,0.000,635816,367562,128892928,34267136,0,637278,2026-08-02T20:10:33.874658Z
M3,2045,saturated,M3,true,0.000,0.000,0.000,0.000,0.000,0.000,0.000,635816,367562,128892928,34267136,0,637278,2026-08-02T20:10:33.874658Z
M3,2046,saturated,M3,true,0.000,0.000,0.000,0.000,0.000,0.000,0.000,635816,367562,128892928,34267136,0,637278,2026-08-02T20:10:33.874658Z
M3,2047,saturated,M3,true,0.000,0.000,0.000,0.000,0.000,0.000,0.000,635816,367562,128892928,34267136,0,637278,2026-08-02T20:10:33.874658Z
M3,2048,saturated,M3,true,0.000,0.000,0.000,0.000,0.000,0.000,0.000,635816,367562,128892928,34267136,0,637278,2026-08-02T20:10:33.874658Z
M3,2049,saturated,M3,true,0.000,0.000,0.000,0.000,0.000,0.000,0.000,635816,367562,128892928,34267136,0,637278,2026-08-02T20:10:33.874658Z
M3,2050,saturated,M3,true,0.000,0.000,0.000,0.000,0.000,0.000,0.000,635816,367562,128892928,34267136,0,637278,2026-08-02T20:10:33.874658Z
M3,2051,saturated,M3,true,0.000,0.000,0.000,0.000,0.000,0.000,0.000,635816,367562,128892928,34267136,0,637278,2026-08-02T20:11:33.724236Z
M3,2052,saturated,M3,true,0.000,0.000,0.000,0.000,0.000,0.000,0.000,635816,367562,128892928,34267136,0,637278,2026-08-02T20:11:34.006606Z
M3,2053,saturated,M3,true,0.000,0.000,0.000,0.000,0.000,0.000,0.000,635816,367562,128892928,34267136,0,637278,2026-08-02T20:11:34.006606Z
M3,2054,saturated,M3,true,0.000,0.000,0.000,0.000,0.000,0.000,0.000,635816,367562,128892928,34267136,0,637278,2026-08-02T20:11:34.006606Z
M3,2055,saturated,M3,true,0.000,0.000,0.000,0.000,0.000,0.000,0.000,635816,367562,128892928,34267136,0,637278,2026-08-02T20:11:34.006606Z
M3,2056,saturated,M3,true,0.000,0.000,0.000,0.000,0.000,0.000,0.000,635816,367562,128892928,34267136,0,637278,2026-08-02T20:11:34.006606Z
M3,2057,saturated,M3,true,0.000,0.000,0.000,0.000,0.000,0.000,0.000,635816,367562,128892928,34267136,0,637279,2026-08-02T20:11:34.006606Z
M3,2058,saturated,M3,true,0.000,0.000,0.000,0.000,0.000,0.000,0.000,635816,367562,128892928,34267136,0,637279,2026-08-02T20:11:34.006606Z
M3,2059,saturated,M3,true,0.000,0.000,0.000,0.000,0.000,0.000,0.000,635816,367562,128892928,34267136,0,637279,2026-08-02T20:11:34.006606Z
M3,2060,saturated,M3,true,0.000,0.000,0.000,0.000,0.000,0.000,0.000,635816,367562,128892928,34267136,0,637279,2026-08-02T20:11:34.006606Z
M3,2061,saturated,M3,true,0.000,0.000,0.000,0.000,0.000,0.000,0.000,635816,367562,128892928,34267136,0,637279,2026-08-02T20:11:34.006606Z
M3,2062,saturated,M3,true,0.000,0.000,0.000,0.000,0.000,0.000,0.000,635816,367562,128892928,34267136,0,637279,2026-08-02T20:11:34.006606Z
M3,2063,saturated,M3,true,0.000,0.000,0.000,0.000,0.000,0.000,0.000,635816,367562,128892928,34267136,0,637279,2026-08-02T20:11:34.006606Z
M3,2064,saturated,M3,true,0.000,0.000,0.000,0.000,0.000,0.000,0.000,635816,367562,128892928,34267136,0,637279,2026-08-02T20:11:34.006606Z
M3,2065,saturated,M3,true,0.000,0.000,0.000,0.000,0.000,0.000,0.000,635816,367562,128892928,34267136,0,637279,2026-08-02T20:11:34.006606Z
M3,2066,saturated,M3,true,0.000,0.000,0.000,0.000,0.000,0.000,0.000,635816,367562,128892928,34267136,0,637279,2026-08-02T20:11:34.006606Z
M3,2067,saturated,M3,true,0.000,0.000,0.000,0.000,0.000,0.000,0.000,635816,367562,128892928,34267136,0,637279,2026-08-02T20:11:34.006606Z
M3,2068,saturated,M3,true,0.000,0.000,0.000,0.000,0.000,0.000,0.000,635816,367562,128892928,34267136,0,637279,2026-08-02T20:11:34.006606Z
M3,2069,saturated,M3,true,0.000,0.000,0.000,0.000,0.000,0.000,0.000,635816,367562,128892928,34267136,0,637279,2026-08-02T20:11:34.006606Z
M3,2070,saturated,M3,true,0.000,0.000,0.000,0.000,0.000,0.000,0.000,635816,367562,128892928,34267136,0,637279,2026-08-02T20:11:34.006606Z
M3,2071,saturated,M3,true,0.000,0.000,0.000,0.000,0.000,0.000,0.000,635816,367562,128892928,34267136,0,637279,2026-08-02T20:11:34.006606Z
M3,2072,saturated,M3,true,0.000,0.000,0.000,0.000,0.000,0.000,0.000,635816,367562,128892928,34267136,0,637279,2026-08-02T20:11:34.006606Z
M3,2073,saturated,M3,true,0.000,0.000,0.000,0.000,0.000,0.000,0.000,635816,367562,128892928,34267136,0,637280,2026-08-02T20:11:34.006606Z
M3,2074,saturated,M3,true,0.000,0.000,0.000,0.000,0.000,0.000,0.000,635816,367562,128892928,34267136,0,637280,2026-08-02T20:11:34.006606Z
M3,2075,saturated,M3,true,0.000,0.000,0.000,0.000,0.000,0.000,0.000,635816,367562,128892928,34267136,0,637280,2026-08-02T20:11:34.006606Z
M3,2076,saturated,M3,true,0.000,0.000,0.000,0.000,0.000,0.000,0.000,635816,367562,128892928,34267136,0,637280,2026-08-02T20:11:34.006606Z
M3,2077,saturated,M3,true,0.000,0.000,0.000,0.000,0.000,0.000,0.000,635816,367562,128892928,34267136,0,637280,2026-08-02T20:11:34.006606Z
M3,2078,saturated,M3,true,0.000,0.000,0.000,0.000,0.000,0.000,0.000,635816,367562,128892928,34267136,0,637280,2026-08-02T20:11:34.006606Z
M3,2079,saturated,M3,true,0.000,0.000,0.000,0.000,0.000,0.000,0.000,635816,367562,128892928,34267136,0,637280,2026-08-02T20:11:34.006606Z
M3,2080,saturated,M3,true,0.000,0.000,0.000,0.000,0.000,0.000,0.000,635816,367562,128892928,34267136,0,637280,2026-08-02T20:11:34.006606Z
M3,2081,saturated,M3,true,0.000,0.000,0.000,0.000,0.000,0.000,0.000,635816,367562,128892928,34267136,0,637280,2026-08-02T20:11:34.006606Z
M3,2082,saturated,M3,true,0.000,0.000,0.000,0.000,0.000,0.000,0.000,635816,367562,128892928,34267136,0,637280,2026-08-02T20:11:34.006606Z
M3,2083,saturated,M3,true,0.000,0.000,0.000,0.000,0.000,0.000,0.000,635816,367562,128892928,34267136,0,637280,2026-08-02T20:11:34.006606Z
M3,2084,saturated,M3,true,0.000,0.000,0.000,0.000,0.000,0.000,0.000,635816,367562,128892928,34267136,0,637280,2026-08-02T20:11:34.006606Z
M3,2085,saturated,M3,true,0.000,0.000,0.000,0.000,0.000,0.000,0.000,635816,367562,128892928,34267136,0,637280,2026-08-02T20:11:34.006606Z
M3,2086,saturated,M3,true,0.000,0.000,0.000,0.000,0.000,0.000,0.000,635816,367562,128892928,34267136,0,637280,2026-08-02T20:11:34.006606Z
M3,2087,saturated,M3,true,0.000,0.000,0.000,0.000,0.000,0.000,0.000,635816,367562,128892928,34267136,0,637280,2026-08-02T20:11:34.006606Z
M3,2088,saturated,M3,true,0.000,0.000,0.000,0.000,0.000,0.000,0.000,635816,367562,128892928,34267136,0,637280,2026-08-02T20:11:34.006606Z
M3,2089,saturated,M3,true,0.000,0.000,0.000,0.000,0.000,0.000,0.000,635816,367562,128892928,34267136,0,637280,2026-08-02T20:11:34.006606Z
M3,2090,saturated,M3,true,0.000,0.000,0.000,0.000,0.000,0.000,0.000,635816,367562,128892928,34267136,0,637281,2026-08-02T20:11:34.006606Z
M3,2091,saturated,M3,true,0.000,0.000,0.000,0.000,0.000,0.000,0.000,635816,367562,128892928,34267136,0,637281,2026-08-02T20:11:34.006606Z
M3,2092,saturated,M3,true,0.000,0.000,0.000,0.000,0.000,0.000,0.000,635816,367562,128892928,34267136,0,637281,2026-08-02T20:11:34.006606Z
M3,2093,saturated,M3,true,0.000,0.000,0.000,0.000,0.000,0.000,0.000,635816,367562,128892928,34267136,0,637281,2026-08-02T20:11:34.006606Z
M3,2094,saturated,M3,true,0.000,0.000,0.000,0.000,0.000,0.000,0.000,635816,367562,128892928,34267136,0,637281,2026-08-02T20:11:34.006606Z
M3,2095,saturated,M3,true,0.000,0.000,0.000,0.000,0.000,0.000,0.000,635816,367562,128892928,34267136,0,637281,2026-08-02T20:11:34.006606Z
M3,2096,saturated,M3,true,0.000,0.000,0.000,0.000,0.000,0.000,0.000,635816,367562,128892928,34267136,0,637281,2026-08-02T20:11:34.006606Z
M3,2097,saturated,M3,true,0.000,0.000,0.000,0.000,0.000,0.000,0.000,635816,367562,128892928,34267136,0,637281,2026-08-02T20:11:34.006606Z
M3,2098,saturated,M3,true,0.000,0.000,0.000,0.000,0.000,0.000,0.000,635816,367562,128892928,34267136,0,637281,2026-08-02T20:11:34.006606Z
M3,2099,saturated,M3,true,0.000,0.000,0.000,0.000,0.000,0.000,0.000,635816,367562,128892928,34267136,0,637281,2026-08-02T20:11:34.006606Z
M3,2100,saturated,M3,true,0.000,0.000,0.000,0.000,0.000,0.000,0.000,635816,367562,128892928,34267136,0,637281,2026-08-02T20:11:34.006606Z
M3,2101,saturated,M3,true,0.000,0.000,0.000,0.000,0.000,0.000,0.000,635816,367562,128892928,34267136,0,637281,2026-08-02T20:11:34.006606Z
M3,2102,saturated,M3,true,0.000,0.000,0.000,0.000,0.000,0.000,0.000,635816,367562,128892928,34267136,0,637281,2026-08-02T20:11:34.006606Z
M3,2103,saturated,M3,true,0.000,0.000,0.000,0.000,0.000,0.000,0.000,635816,367562,128892928,34267136,0,637281,2026-08-02T20:11:34.006606Z
M3,2104,saturated,M3,true,0.000,0.000,0.000,0.000,0.000,0.000,0.000,635816,367562,128892928,34267136,0,637281,2026-08-02T20:11:34.006606Z
M3,2105,saturated,M3,true,0.000,0.000,0.000,0.000,0.000,0.000,0.000,635816,367562,128892928,34267136,0,637281,2026-08-02T20:11:34.006606Z
M3,2106,saturated,M3,true,0.000,0.000,0.000,0.000,0.000,0.000,0.000,635816,367562,128892928,34267136,0,637281,2026-08-02T20:11:34.006606Z
M3,2107,saturated,M3,true,0.000,0.000,0.000,0.000,0.000,0.000,0.000,635816,367562,128892928,34267136,0,637282,2026-08-02T20:11:34.006606Z
M3,2108,saturated,M3,true,0.000,0.000,0.000,0.000,0.000,0.000,0.000,635816,367562,128892928,34267136,0,637282,2026-08-02T20:11:34.006606Z
M3,2109,saturated,M3,true,0.000,0.000,0.000,0.000,0.000,0.000,0.000,635816,367562,128892928,34267136,0,637282,2026-08-02T20:11:34.006606Z
M3,2110,saturated,M3,true,0.000,0.000,0.000,0.000,0.000,0.000,0.000,635816,367562,128892928,34267136,0,637282,2026-08-02T20:11:34.006606Z
M3,2111,saturated,M3,true,0.000,0.000,0.000,0.000,0.000,0.000,0.000,635816,367562,128892928,34267136,0,637282,2026-08-02T20:11:34.006606Z
M3,2112,saturated,M3,true,0.000,0.000,0.000,0.000,0.000,0.000,0.000,635816,367562,128892928,34267136,0,637282,2026-08-02T20:12:34.283242Z
M3,2113,saturated,M3,true,0.000,0.000,0.000,0.000,0.000,0.000,0.000,635816,367562,128892928,34267136,0,637282,2026-08-02T20:12:34.283242Z
M3,2114,saturated,M3,true,0.000,0.000,0.000,0.000,0.000,0.000,0.000,635816,367562,128892928,34267136,0,637282,2026-08-02T20:12:34.283242Z
M3,2115,saturated,M3,true,0.000,0.000,0.000,0.000,0.000,0.000,0.000,635816,367562,128892928,34267136,0,637282,2026-08-02T20:12:34.283242Z
M3,2116,saturated,M3,true,0.000,0.000,0.000,0.000,0.000,0.000,0.000,635816,367562,128892928,34267136,0,637282,2026-08-02T20:12:34.283242Z
M3,2117,saturated,M3,true,0.000,0.000,0.000,0.000,0.000,0.000,0.000,635816,367562,128892928,34267136,0,637282,2026-08-02T20:12:34.283242Z
M3,2118,saturated,M3,true,0.000,0.000,0.000,0.000,0.000,0.000,0.000,635816,367562,128892928,34267136,0,637282,2026-08-02T20:12:34.283242Z
M3,2119,saturated,M3,true,0.000,0.000,0.000,0.000,0.000,0.000,0.000,635816,367562,128892928,34267136,0,637282,2026-08-02T20:12:34.283242Z
M3,2120,saturated,M3,true,0.000,0.000,0.000,0.000,0.000,0.000,0.000,635816,367562,128892928,34267136,0,637282,2026-08-02T20:12:34.283242Z
M3,2121,saturated,M3,true,0.000,0.000,0.000,0.000,0.000,0.000,0.000,635816,367562,128892928,34267136,0,637282,2026-08-02T20:12:34.283242Z
M3,2122,saturated,M3,true,0.000,0.000,0.000,0.000,0.000,0.000,0.000,635816,367562,128892928,34267136,0,637282,2026-08-02T20:12:34.283242Z
M3,2123,saturated,M3,true,0.000,0.000,0.000,0.000,0.000,0.000,0.000,635816,367562,128892928,34267136,0,637283,2026-08-02T20:12:34.283242Z
M3,2124,saturated,M3,true,0.000,0.000,0.000,0.000,0.000,0.000,0.000,635816,367562,128892928,34267136,0,637283,2026-08-02T20:12:34.283242Z
M3,2125,saturated,M3,true,0.000,0.000,0.000,0.000,0.000,0.000,0.000,635816,367562,128892928,34267136,0,637283,2026-08-02T20:12:34.283242Z
M3,2126,saturated,M3,true,0.000,0.000,0.000,0.000,0.000,0.000,0.000,635816,367562,128892928,34267136,0,637283,2026-08-02T20:12:34.283242Z
M3,2127,saturated,M3,true,0.000,0.000,0.000,0.000,0.000,0.000,0.000,635816,367562,128892928,34267136,0,637283,2026-08-02T20:12:34.283242Z
M3,2128,saturated,M3,true,0.000,0.000,0.000,0.000,0.000,0.000,0.000,635816,367562,128892928,34267136,0,637283,2026-08-02T20:12:34.283242Z
M3,2129,saturated,M3,true,0.000,0.000,0.000,0.000,0.000,0.000,0.000,635816,367562,128892928,34267136,0,637283,2026-08-02T20:12:34.283242Z
M3,2130,saturated,M3,true,0.000,0.000,0.000,0.000,0.000,0.000,0.000,635816,367562,128892928,34267136,0,637283,2026-08-02T20:12:34.283242Z
M3,2131,saturated,M3,true,0.000,0.000,0.000,0.000,0.000,0.000,0.000,635816,367562,128892928,34267136,0,637283,2026-08-02T20:12:34.283242Z
M3,2132,saturated,M3,true,0.000,0.000,0.000,0.000,0.000,0.000,0.000,635816,367562,128892928,34267136,0,637283,2026-08-02T20:12:34.283242Z
M3,2133,saturated,M3,true,0.000,0.000,0.000,0.000,0.000,0.000,0.000,635816,367562,128892928,34267136,0,637283,2026-08-02T20:12:34.283242Z
M3,2134,saturated,M3,true,0.000,0.000,0.000,0.000,0.000,0.000,0.000,635816,367562,128892928,34267136,0,637283,2026-08-02T20:12:34.283242Z
M3,2135,saturated,M3,true,0.000,0.000,0.000,0.000,0.000,0.000,0.000,635816,367562,128892928,34267136,0,637283,2026-08-02T20:12:34.283242Z
M3,2136,saturated,M3,true,0.000,0.000,0.000,0.000,0.000,0.000,0.000,635816,367562,128892928,34267136,0,637283,2026-08-02T20:12:34.283242Z
M3,2137,saturated,M3,true,0.000,0.000,0.000,0.000,0.000,0.000,0.000,635816,367562,128892928,34267136,0,637283,2026-08-02T20:12:34.283242Z
M3,2138,saturated,M3,true,0.000,0.000,0.000,0.000,0.000,0.000,0.000,635816,367562,128892928,34267136,0,637283,2026-08-02T20:12:34.283242Z
M3,2139,saturated,M3,true,0.000,0.000,0.000,0.000,0.000,0.000,0.000,635816,367562,128892928,34267136,0,637283,2026-08-02T20:12:34.283242Z
M3,2140,saturated,M3,true,0.000,0.000,0.000,0.000,0.000,0.000,0.000,635816,367562,128892928,34267136,0,637284,2026-08-02T20:12:34.283242Z
M3,2141,saturated,M3,true,0.000,0.000,0.000,0.000,0.000,0.000,0.000,635816,367562,128892928,34267136,0,637284,2026-08-02T20:12:34.283242Z
M3,2142,saturated,M3,true,0.000,0.000,0.000,0.000,0.000,0.000,0.000,635816,367562,128892928,34267136,0,637284,2026-08-02T20:12:34.283242Z
M3,2143,saturated,M3,true,0.000,0.000,0.000,0.000,0.000,0.000,0.000,635816,367562,128892928,34267136,0,637284,2026-08-02T20:12:34.283242Z
M3,2144,saturated,M3,true,0.000,0.000,0.000,0.000,0.000,0.000,0.000,635816,367562,128892928,34267136,0,637284,2026-08-02T20:12:34.283242Z
M3,2145,saturated,M3,true,0.000,0.000,0.000,0.000,0.000,0.000,0.000,635816,367562,128892928,34267136,0,637284,2026-08-02T20:12:34.283242Z
M3,2146,saturated,M3,true,0.000,0.000,0.000,0.000,0.000,0.000,0.000,635816,367562,128892928,34267136,0,637284,2026-08-02T20:12:34.283242Z
M3,2147,saturated,M3,true,0.000,0.000,0.000,0.000,0.000,0.000,0.000,635816,367562,128892928,34267136,0,637284,2026-08-02T20:12:34.283242Z
M3,2148,saturated,M3,true,0.000,0.000,0.000,0.000,0.000,0.000,0.000,635816,367562,128892928,34267136,0,637284,2026-08-02T20:12:34.283242Z
M3,2149,saturated,M3,true,0.000,0.000,0.000,0.000,0.000,0.000,0.000,635816,367562,128892928,34267136,0,637284,2026-08-02T20:12:34.283242Z
M3,2150,saturated,M3,true,0.000,0.000,0.000,0.000,0.000,0.000,0.000,635816,367562,128892928,34267136,0,637284,2026-08-02T20:12:34.283242Z
M3,2151,saturated,M3,true,0.000,0.000,0.000,0.000,0.000,0.000,0.000,635816,367562,128892928,34267136,0,637284,2026-08-02T20:12:34.283242Z
M3,2152,saturated,M3,true,0.000,0.000,0.000,0.000,0.000,0.000,0.000,635816,367562,128892928,34267136,0,637284,2026-08-02T20:12:34.283242Z
M3,2153,saturated,M3,true,0.000,0.000,0.000,0.000,0.000,0.000,0.000,635816,367562,128892928,34267136,0,637284,2026-08-02T20:12:34.283242Z
M3,2154,saturated,M3,true,0.000,0.000,0.000,0.000,0.000,0.000,0.000,635816,367562,128892928,34267136,0,637284,2026-08-02T20:12:34.283242Z
M3,2155,saturated,M3,true,0.000,0.000,0.000,0.000,0.000,0.000,0.000,635816,367562,128892928,34267136,0,637284,2026-08-02T20:12:34.283242Z
M3,2156,saturated,M3,true,0.000,0.000,0.000,0.000,0.000,0.000,0.000,635816,367562,128892928,34267136,0,637285,2026-08-02T20:12:34.283242Z
M3,2157,saturated,M3,true,0.000,0.000,0.000,0.000,0.000,0.000,0.000,635816,367562,128892928,34267136,0,637285,2026-08-02T20:12:34.283242Z
M3,2158,saturated,M3,true,0.000,0.000,0.000,0.000,0.000,0.000,0.000,635816,367562,128892928,34267136,0,637285,2026-08-02T20:12:34.283242Z
M3,2159,saturated,M3,true,0.000,0.000,0.000,0.000,0.000,0.000,0.000,635816,367562,128892928,34267136,0,637285,2026-08-02T20:12:34.283242Z
M3,2160,saturated,M3,true,0.000,0.000,0.000,0.000,0.000,0.000,0.000,635816,367562,128892928,34267136,0,637285,2026-08-02T20:12:34.283242Z
M3,2161,saturated,M3,true,0.000,0.000,0.000,0.000,0.000,0.000,0.000,635816,367562,128892928,34267136,0,637285,2026-08-02T20:12:34.283242Z
M3,2162,saturated,M3,true,0.000,0.000,0.000,0.000,0.000,0.000,0.000,635816,367562,128892928,34267136,0,637285,2026-08-02T20:12:34.283242Z
M3,2163,saturated,M3,true,0.000,0.000,0.000,0.000,0.000,0.000,0.000,635816,367562,128892928,34267136,0,637285,2026-08-02T20:12:34.283242Z
M3,2164,saturated,M3,true,0.000,0.000,0.000,0.000,0.000,0.000,0.000,635816,367562,128892928,34267136,0,637285,2026-08-02T20:12:34.283242Z
M3,2165,saturated,M3,true,0.000,0.000,0.000,0.000,0.000,0.000,0.000,635816,367562,128892928,34267136,0,637285,2026-08-02T20:12:34.283242Z
M3,2166,saturated,M3,true,0.000,0.000,0.000,0.000,0.000,0.000,0.000,635816,367562,128892928,34267136,0,637285,2026-08-02T20:12:34.283242Z
M3,2167,saturated,M3,true,0.000,0.000,0.000,0.000,0.000,0.000,0.000,635816,367562,128892928,34267136,0,637285,2026-08-02T20:12:34.283242Z
M3,2168,saturated,M3,true,0.000,0.000,0.000,0.000,0.000,0.000,0.000,635816,367562,128892928,34267136,0,637285,2026-08-02T20:12:34.283242Z
M3,2169,saturated,M3,true,0.000,0.000,0.000,0.000,0.000,0.000,0.000,635816,367562,128892928,34267136,0,637285,2026-08-02T20:12:34.283242Z
M3,2170,saturated,M3,true,0.000,0.000,0.000,0.000,0.000,0.000,0.000,635816,367562,128892928,34267136,0,637285,2026-08-02T20:12:34.283242Z
M3,2171,saturated,M3,true,0.000,0.000,0.000,0.000,0.000,0.000,0.000,635816,367562,128892928,34267136,0,637285,2026-08-02T20:12:34.283242Z
M3,2172,saturated,M3,true,0.000,0.000,0.000,0.000,0.000,0.000,0.000,635816,367562,128892928,34267136,0,637285,2026-08-02T20:13:33.985995Z
M3,2173,saturated,M3,true,0.000,0.000,0.000,0.000,0.000,0.000,0.000,635816,367562,128892928,34267136,0,637286,2026-08-02T20:13:33.985995Z
M3,2174,saturated,M3,true,0.000,0.000,0.000,0.000,0.000,0.000,0.000,635816,367562,128892928,34267136,0,637286,2026-08-02T20:13:33.985995Z
M3,2175,saturated,M3,true,0.000,0.000,0.000,0.000,0.000,0.000,0.000,635816,367562,128892928,34267136,0,637286,2026-08-02T20:13:33.985995Z
M3,2176,saturated,M3,true,0.000,0.000,0.000,0.000,0.000,0.000,0.000,635816,367562,128892928,34267136,0,637286,2026-08-02T20:13:33.985995Z
M3,2177,saturated,M3,true,0.000,0.000,0.000,0.000,0.000,0.000,0.000,635816,367562,128892928,34267136,0,637286,2026-08-02T20:13:33.985995Z
M3,2178,saturated,M3,true,0.000,0.000,0.000,0.000,0.000,0.000,0.000,635816,367562,128892928,34267136,0,637286,2026-08-02T20:13:33.985995Z
M3,2179,saturated,M3,true,0.000,0.000,0.000,0.000,0.000,0.000,0.000,635816,367562,128892928,34267136,0,637286,2026-08-02T20:13:33.985995Z
M3,2180,saturated,M3,true,0.000,0.000,0.000,0.000,0.000,0.000,0.000,635816,367562,128892928,34267136,0,637286,2026-08-02T20:13:33.985995Z
M3,2181,saturated,M3,true,0.000,0.000,0.000,0.000,0.000,0.000,0.000,635816,367562,128892928,34267136,0,637286,2026-08-02T20:13:33.985995Z
M3,2182,saturated,M3,true,0.000,0.000,0.000,0.000,0.000,0.000,0.000,635816,367562,128892928,34267136,0,637286,2026-08-02T20:13:33.985995Z
M3,2183,saturated,M3,true,0.000,0.000,0.000,0.000,0.000,0.000,0.000,635816,367562,128892928,34267136,0,637286,2026-08-02T20:13:33.985995Z
M3,2184,saturated,M3,true,0.000,0.000,0.000,0.000,0.000,0.000,0.000,635816,367562,128892928,34267136,0,637286,2026-08-02T20:13:33.985995Z
M3,2185,saturated,M3,true,0.000,0.000,0.000,0.000,0.000,0.000,0.000,635816,367562,128892928,34267136,0,637286,2026-08-02T20:13:33.985995Z
M3,2186,saturated,M3,true,0.000,0.000,0.000,0.000,0.000,0.000,0.000,635816,367562,128892928,34267136,0,637286,2026-08-02T20:13:33.985995Z
M3,2187,saturated,M3,true,0.000,0.000,0.000,0.000,0.000,0.000,0.000,635816,367562,128892928,34267136,0,637286,2026-08-02T20:13:33.985995Z
M3,2188,saturated,M3,true,0.000,0.000,0.000,0.000,0.000,0.000,0.000,635816,367562,128892928,34267136,0,637286,2026-08-02T20:13:33.985995Z
M3,2189,saturated,M3,true,0.000,0.000,0.000,0.000,0.000,0.000,0.000,635816,367562,128892928,34267136,0,637287,2026-08-02T20:13:33.985995Z
M3,2190,saturated,M3,true,0.000,0.000,0.000,0.000,0.000,0.000,0.000,635816,367562,128892928,34267136,0,637287,2026-08-02T20:13:33.985995Z
M3,2191,saturated,M3,true,0.000,0.000,0.000,0.000,0.000,0.000,0.000,635816,367562,128892928,34267136,0,637287,2026-08-02T20:13:33.985995Z
M3,2192,saturated,M3,true,0.000,0.000,0.000,0.000,0.000,0.000,0.000,635816,367562,128892928,34267136,0,637287,2026-08-02T20:13:33.985995Z
M3,2193,saturated,M3,true,0.000,0.000,0.000,0.000,0.000,0.000,0.000,635816,367562,128892928,34267136,0,637287,2026-08-02T20:13:33.985995Z
M3,2194,saturated,M3,true,0.000,0.000,0.000,0.000,0.000,0.000,0.000,635816,367562,128892928,34267136,0,637287,2026-08-02T20:13:33.985995Z
M3,2195,saturated,M3,true,0.000,0.000,0.000,0.000,0.000,0.000,0.000,635816,367562,128892928,34267136,0,637287,2026-08-02T20:13:33.985995Z
M3,2196,saturated,M3,true,0.000,0.000,0.000,0.000,0.000,0.000,0.000,635816,367562,128892928,34267136,0,637287,2026-08-02T20:13:33.985995Z
M3,2197,saturated,M3,true,0.000,0.000,0.000,0.000,0.000,0.000,0.000,635816,367562,128892928,34267136,0,637287,2026-08-02T20:13:33.985995Z
M3,2198,saturated,M3,true,0.000,0.000,0.000,0.000,0.000,0.000,0.000,635816,367562,128892928,34267136,0,637287,2026-08-02T20:13:33.985995Z
M3,2199,saturated,M3,true,0.000,0.000,0.000,0.000,0.000,0.000,0.000,635816,367562,128892928,34267136,0,637287,2026-08-02T20:13:33.985995Z
M3,2200,saturated,M3,true,0.000,0.000,0.000,0.000,0.000,0.000,0.000,635816,367562,128892928,34267136,0,637287,2026-08-02T20:13:33.985995Z
M3,2201,saturated,M3,true,0.000,0.000,0.000,0.000,0.000,0.000,0.000,635816,367562,128892928,34267136,0,637287,2026-08-02T20:13:33.985995Z
M3,2202,saturated,M3,true,0.000,0.000,0.000,0.000,0.000,0.000,0.000,635816,367562,128892928,34267136,0,637287,2026-08-02T20:13:33.985995Z
M3,2203,saturated,M3,true,0.000,0.000,0.000,0.000,0.000,0.000,0.000,635816,367562,128892928,34267136,0,637287,2026-08-02T20:13:33.985995Z
M3,2204,saturated,M3,true,0.000,0.000,0.000,0.000,0.000,0.000,0.000,635816,367562,128892928,34267136,0,637287,2026-08-02T20:13:33.985995Z
M3,2205,saturated,M3,true,0.000,0.000,0.000,0.000,0.000,0.000,0.000,635816,367562,128892928,34267136,0,637287,2026-08-02T20:13:33.985995Z
M3,2206,saturated,M3,true,0.000,0.000,0.000,0.000,0.000,0.000,0.000,635816,367562,128892928,34267136,0,637288,2026-08-02T20:13:33.985995Z
M3,2207,saturated,M3,true,0.000,0.000,0.000,0.000,0.000,0.000,0.000,635816,367562,128892928,34267136,0,637288,2026-08-02T20:13:33.985995Z
M3,2208,saturated,M3,true,0.000,0.000,0.000,0.000,0.000,0.000,0.000,635816,367562,128892928,34267136,0,637288,2026-08-02T20:13:33.985995Z
M3,2209,saturated,M3,true,0.000,0.000,0.000,0.000,0.000,0.000,0.000,635816,367562,128892928,34267136,0,637288,2026-08-02T20:13:33.985995Z
M3,2210,saturated,M3,true,0.000,0.000,0.000,0.000,0.000,0.000,0.000,635816,367562,128892928,34267136,0,637288,2026-08-02T20:13:33.985995Z
M3,2211,saturated,M3,true,0.000,0.000,0.000,0.000,0.000,0.000,0.000,635816,367562,128892928,34267136,0,637288,2026-08-02T20:13:33.985995Z
M3,2212,saturated,M3,true,0.000,0.000,0.000,0.000,0.000,0.000,0.000,635816,367562,128892928,34267136,0,637288,2026-08-02T20:13:33.985995Z
M3,2213,saturated,M3,true,0.000,0.000,0.000,0.000,0.000,0.000,0.000,635816,367562,128892928,34267136,0,637288,2026-08-02T20:13:33.985995Z
M3,2214,saturated,M3,true,0.000,0.000,0.000,0.000,0.000,0.000,0.000,635816,367562,128892928,34267136,0,637288,2026-08-02T20:13:33.985995Z
M3,2215,saturated,M3,true,0.000,0.000,0.000,0.000,0.000,0.000,0.000,635816,367562,128892928,34267136,0,637288,2026-08-02T20:13:33.985995Z
M3,2216,saturated,M3,true,0.000,0.000,0.000,0.000,0.000,0.000,0.000,635816,367562,128892928,34267136,0,637288,2026-08-02T20:13:33.985995Z
M3,2217,saturated,M3,true,0.000,0.000,0.000,0.000,0.000,0.000,0.000,635816,367562,128892928,34267136,0,637288,2026-08-02T20:13:33.985995Z
M3,2218,saturated,M3,true,0.000,0.000,0.000,0.000,0.000,0.000,0.000,635816,367562,128892928,34267136,0,637288,2026-08-02T20:13:33.985995Z
M3,2219,saturated,M3,true,0.000,0.000,0.000,0.000,0.000,0.000,0.000,635816,367562,128892928,34267136,0,637288,2026-08-02T20:13:33.985995Z
M3,2220,saturated,M3,true,0.000,0.000,0.000,0.000,0.000,0.000,0.000,635816,367562,128892928,34267136,0,637288,2026-08-02T20:13:33.985995Z
M3,2221,saturated,M3,true,0.000,0.000,0.000,0.000,0.000,0.000,0.000,635816,367562,128892928,34267136,0,637288,2026-08-02T20:13:33.985995Z
M3,2222,saturated,M3,true,0.000,0.000,0.000,0.000,0.000,0.000,0.000,635816,367562,128892928,34267136,0,637289,2026-08-02T20:13:33.985995Z
M3,2223,saturated,M3,true,0.000,0.000,0.000,0.000,0.000,0.000,0.000,635816,367562,128892928,34267136,0,637289,2026-08-02T20:13:33.985995Z
M3,2224,saturated,M3,true,0.000,0.000,0.000,0.000,0.000,0.000,0.000,635816,367562,128892928,34267136,0,637289,2026-08-02T20:13:33.985995Z
M3,2225,saturated,M3,true,0.000,0.000,0.000,0.000,0.000,0.000,0.000,635816,367562,128892928,34267136,0,637289,2026-08-02T20:13:33.985995Z
M3,2226,saturated,M3,true,0.000,0.000,0.000,0.000,0.000,0.000,0.000,635816,367562,128892928,34267136,0,637289,2026-08-02T20:13:33.985995Z
M3,2227,saturated,M3,true,0.000,0.000,0.000,0.000,0.000,0.000,0.000,635816,367562,128892928,34267136,0,637289,2026-08-02T20:13:33.985995Z
M3,2228,saturated,M3,true,0.000,0.000,0.000,0.000,0.000,0.000,0.000,635816,367562,128892928,34267136,0,637289,2026-08-02T20:13:33.985995Z
M3,2229,saturated,M3,true,0.000,0.000,0.000,0.000,0.000,0.000,0.000,635816,367562,128892928,34267136,0,637289,2026-08-02T20:13:33.985995Z
M3,2230,saturated,M3,true,0.000,0.000,0.000,0.000,0.000,0.000,0.000,635816,367562,128892928,34267136,0,637289,2026-08-02T20:13:33.985995Z
M3,2231,saturated,M3,true,0.000,0.000,0.000,0.000,0.000,0.000,0.000,635816,367562,128892928,34267136,0,637289,2026-08-02T20:13:33.985995Z
M3,2232,saturated,M3,true,0.000,0.000,0.000,0.000,0.000,0.000,0.000,635816,367562,128892928,34267136,0,637289,2026-08-02T20:14:33.978669Z
M3,2233,saturated,M3,true,0.000,0.000,0.000,0.000,0.000,0.000,0.000,635816,367562,128892928,34267136,0,637289,2026-08-02T20:14:33.978669Z
M3,2234,saturated,M3,true,0.000,0.000,0.000,0.000,0.000,0.000,0.000,635816,367562,128892928,34267136,0,637289,2026-08-02T20:14:33.978669Z
M3,2235,saturated,M3,true,0.000,0.000,0.000,0.000,0.000,0.000,0.000,635816,367562,128892928,34267136,0,637289,2026-08-02T20:14:33.978669Z
M3,2236,saturated,M3,true,0.000,0.000,0.000,0.000,0.000,0.000,0.000,635816,367562,128892928,34267136,0,637289,2026-08-02T20:14:33.978669Z
M3,2237,saturated,M3,true,0.000,0.000,0.000,0.000,0.000,0.000,0.000,635816,367562,128892928,34267136,0,637289,2026-08-02T20:14:33.978669Z
M3,2238,saturated,M3,true,0.000,0.000,0.000,0.000,0.000,0.000,0.000,635816,367562,128892928,34267136,0,637289,2026-08-02T20:14:33.978669Z
M3,2239,saturated,M3,true,0.000,0.000,0.000,0.000,0.000,0.000,0.000,635816,367562,128892928,34267136,0,637290,2026-08-02T20:14:33.978669Z
M3,2240,saturated,M3,true,0.000,0.000,0.000,0.000,0.000,0.000,0.000,635816,367562,128892928,34267136,0,637290,2026-08-02T20:14:33.978669Z
M3,2241,saturated,M3,true,0.000,0.000,0.000,0.000,0.000,0.000,0.000,635816,367562,128892928,34267136,0,637290,2026-08-02T20:14:33.978669Z
M3,2242,saturated,M3,true,0.000,0.000,0.000,0.000,0.000,0.000,0.000,635816,367562,128892928,34267136,0,637290,2026-08-02T20:14:33.978669Z
M3,2243,saturated,M3,true,0.000,0.000,0.000,0.000,0.000,0.000,0.000,635816,367562,128892928,34267136,0,637290,2026-08-02T20:14:33.978669Z
M3,2244,saturated,M3,true,0.000,0.000,0.000,0.000,0.000,0.000,0.000,635816,367562,128892928,34267136,0,637290,2026-08-02T20:14:33.978669Z
M3,2245,saturated,M3,true,0.000,0.000,0.000,0.000,0.000,0.000,0.000,635816,367562,128892928,34267136,0,637290,2026-08-02T20:14:33.978669Z
M3,2246,saturated,M3,true,0.000,0.000,0.000,0.000,0.000,0.000,0.000,635816,367562,128892928,34267136,0,637290,2026-08-02T20:14:33.978669Z
M3,2247,saturated,M3,true,0.000,0.000,0.000,0.000,0.000,0.000,0.000,635816,367562,128892928,34267136,0,637290,2026-08-02T20:14:33.978669Z
M3,2248,saturated,M3,true,0.000,0.000,0.000,0.000,0.000,0.000,0.000,635816,367562,128892928,34267136,0,637290,2026-08-02T20:14:33.978669Z
M3,2249,saturated,M3,true,0.000,0.000,0.000,0.000,0.000,0.000,0.000,635816,367562,128892928,34267136,0,637290,2026-08-02T20:14:33.978669Z
M3,2250,saturated,M3,true,0.000,0.000,0.000,0.000,0.000,0.000,0.000,635816,367562,128892928,34267136,0,637290,2026-08-02T20:14:33.978669Z
M3,2251,saturated,M3,true,0.000,0.000,0.000,0.000,0.000,0.000,0.000,635816,367562,128892928,34267136,0,637290,2026-08-02T20:14:33.978669Z
M3,2252,saturated,M3,true,0.000,0.000,0.000,0.000,0.000,0.000,0.000,635816,367562,128892928,34267136,0,637290,2026-08-02T20:14:33.978669Z
M3,2253,saturated,M3,true,0.000,0.000,0.000,0.000,0.000,0.000,0.000,635816,367562,128892928,34267136,0,637290,2026-08-02T20:14:33.978669Z
M3,2254,saturated,M3,true,0.000,0.000,0.000,0.000,0.000,0.000,0.000,635816,367562,128892928,34267136,0,637290,2026-08-02T20:14:33.978669Z
M3,2255,saturated,M3,true,0.000,0.000,0.000,0.000,0.000,0.000,0.000,635816,367562,128892928,34267136,0,637291,2026-08-02T20:14:33.978669Z
M3,2256,saturated,M3,true,0.000,0.000,0.000,0.000,0.000,0.000,0.000,635816,367562,128892928,34267136,0,637291,2026-08-02T20:14:33.978669Z
M3,2257,saturated,M3,true,0.000,0.000,0.000,0.000,0.000,0.000,0.000,635816,367562,128892928,34267136,0,637291,2026-08-02T20:14:33.978669Z
M3,2258,saturated,M3,true,0.000,0.000,0.000,0.000,0.000,0.000,0.000,635816,367562,128892928,34267136,0,637291,2026-08-02T20:14:33.978669Z
M3,2259,saturated,M3,true,0.000,0.000,0.000,0.000,0.000,0.000,0.000,635816,367562,128892928,34267136,0,637291,2026-08-02T20:14:33.978669Z
M3,2260,saturated,M3,true,0.000,0.000,0.000,0.000,0.000,0.000,0.000,635816,367562,128892928,34267136,0,637291,2026-08-02T20:14:33.978669Z
M3,2261,saturated,M3,true,0.000,0.000,0.000,0.000,0.000,0.000,0.000,635816,367562,128892928,34267136,0,637291,2026-08-02T20:14:33.978669Z
M3,2262,saturated,M3,true,0.000,0.000,0.000,0.000,0.000,0.000,0.000,635816,367562,128892928,34267136,0,637291,2026-08-02T20:14:33.978669Z
M3,2263,saturated,M3,true,0.000,0.000,0.000,0.000,0.000,0.000,0.000,635816,367562,128892928,34267136,0,637291,2026-08-02T20:14:33.978669Z
M3,2264,saturated,M3,true,0.000,0.000,0.000,0.000,0.000,0.000,0.000,635816,367562,128892928,34267136,0,637291,2026-08-02T20:14:33.978669Z
M3,2265,saturated,M3,true,0.000,0.000,0.000,0.000,0.000,0.000,0.000,635816,367562,128892928,34267136,0,637291,2026-08-02T20:14:33.978669Z
M3,2266,saturated,M3,true,0.000,0.000,0.000,0.000,0.000,0.000,0.000,635816,367562,128892928,34267136,0,637291,2026-08-02T20:14:33.978669Z
M3,2267,saturated,M3,true,0.000,0.000,0.000,0.000,0.000,0.000,0.000,635816,367562,128892928,34267136,0,637291,2026-08-02T20:14:33.978669Z
M3,2268,saturated,M3,true,0.000,0.000,0.000,0.000,0.000,0.000,0.000,635816,367562,128892928,34267136,0,637291,2026-08-02T20:14:33.978669Z
M3,2269,saturated,M3,true,0.000,0.000,0.000,0.000,0.000,0.000,0.000,635816,367562,128892928,34267136,0,637291,2026-08-02T20:14:33.978669Z
M3,2270,saturated,M3,true,0.000,0.000,0.000,0.000,0.000,0.000,0.000,635816,367562,128892928,34267136,0,637291,2026-08-02T20:14:33.978669Z
M3,2271,saturated,M3,true,0.000,0.000,0.000,0.000,0.000,0.000,0.000,635816,367562,128892928,34267136,0,637291,2026-08-02T20:14:33.978669Z
M3,2272,saturated,M3,true,0.000,0.000,0.000,0.000,0.000,0.000,0.000,635816,367562,128892928,34267136,0,637292,2026-08-02T20:14:33.978669Z
M3,2273,saturated,M3,true,0.000,0.000,0.000,0.000,0.000,0.000,0.000,635816,367562,128892928,34267136,0,637292,2026-08-02T20:14:33.978669Z
M3,2274,saturated,M3,true,0.000,0.000,0.000,0.000,0.000,0.000,0.000,635816,367562,128892928,34267136,0,637292,2026-08-02T20:14:33.978669Z
M3,2275,saturated,M3,true,0.000,0.000,0.000,0.000,0.000,0.000,0.000,635816,367562,128892928,34267136,0,637292,2026-08-02T20:14:33.978669Z
M3,2276,saturated,M3,true,0.000,0.000,0.000,0.000,0.000,0.000,0.000,635816,367562,128892928,34267136,0,637292,2026-08-02T20:14:33.978669Z
M3,2277,saturated,M3,true,0.000,0.000,0.000,0.000,0.000,0.000,0.000,635816,367562,128892928,34267136,0,637292,2026-08-02T20:14:33.978669Z
M3,2278,saturated,M3,true,0.000,0.000,0.000,0.000,0.000,0.000,0.000,635816,367562,128892928,34267136,0,637292,2026-08-02T20:14:33.978669Z
M3,2279,saturated,M3,true,0.000,0.000,0.000,0.000,0.000,0.000,0.000,635816,367562,128892928,34267136,0,637292,2026-08-02T20:14:33.978669Z
M3,2280,saturated,M3,true,0.000,0.000,0.000,0.000,0.000,0.000,0.000,635816,367562,128892928,34267136,0,637292,2026-08-02T20:14:33.978669Z
M3,2281,saturated,M3,true,0.000,0.000,0.000,0.000,0.000,0.000,0.000,635816,367562,128892928,34267136,0,637292,2026-08-02T20:14:33.978669Z
M3,2282,saturated,M3,true,0.000,0.000,0.000,0.000,0.000,0.000,0.000,635816,367562,128892928,34267136,0,637292,2026-08-02T20:14:33.978669Z
M3,2283,saturated,M3,true,0.000,0.000,0.000,0.000,0.000,0.000,0.000,635816,367562,128892928,34267136,0,637292,2026-08-02T20:14:33.978669Z
M3,2284,saturated,M3,true,0.000,0.000,0.000,0.000,0.000,0.000,0.000,635816,367562,128892928,34267136,0,637292,2026-08-02T20:14:33.978669Z
M3,2285,saturated,M3,true,0.000,0.000,0.000,0.000,0.000,0.000,0.000,635816,367562,128892928,34267136,0,637292,2026-08-02T20:14:33.978669Z
M3,2286,saturated,M3,true,0.000,0.000,0.000,0.000,0.000,0.000,0.000,635816,367562,128892928,34267136,0,637292,2026-08-02T20:14:33.978669Z
M3,2287,saturated,M3,true,0.000,0.000,0.000,0.000,0.000,0.000,0.000,635816,367562,128892928,34267136,0,637292,2026-08-02T20:14:33.978669Z
M3,2288,saturated,M3,true,0.000,0.000,0.000,0.000,0.000,0.000,0.000,635816,367562,128892928,34267136,0,637293,2026-08-02T20:14:33.978669Z
M3,2289,saturated,M3,true,0.000,0.000,0.000,0.000,0.000,0.000,0.000,635816,367562,128892928,34267136,0,637293,2026-08-02T20:14:33.978669Z
M3,2290,saturated,M3,true,0.000,0.000,0.000,0.000,0.000,0.000,0.000,635816,367562,128892928,34267136,0,637293,2026-08-02T20:14:33.978669Z
M3,2291,saturated,M3,true,0.000,0.000,0.000,0.000,0.000,0.000,0.000,635816,367562,128892928,34267136,0,637294,2026-08-02T20:14:33.978669Z
M3,2292,saturated,M3,true,0.000,0.000,0.000,0.000,0.000,0.000,0.000,635816,367562,128892928,34267136,0,637294,2026-08-02T20:15:34.143967Z
M3,2293,saturated,M3,true,0.000,0.000,0.000,0.000,0.000,0.000,0.000,635816,367562,128892928,34267136,0,637294,2026-08-02T20:15:34.143967Z
M3,2294,saturated,M3,true,0.000,0.000,0.000,0.000,0.000,0.000,0.000,635816,367562,128892928,34267136,0,637294,2026-08-02T20:15:34.143967Z
M3,2295,saturated,M3,true,0.000,0.000,0.000,0.000,0.000,0.000,0.000,635816,367562,128892928,34267136,0,637294,2026-08-02T20:15:34.143967Z
M3,2296,saturated,M3,true,0.000,0.000,0.000,0.000,0.000,0.000,0.000,635816,367562,128892928,34267136,0,637294,2026-08-02T20:15:34.143967Z
M3,2297,saturated,M3,true,0.000,0.000,0.000,0.000,0.000,0.000,0.000,635816,367562,128892928,34267136,0,637294,2026-08-02T20:15:34.143967Z
M3,2298,saturated,M3,true,0.000,0.000,0.000,0.000,0.000,0.000,0.000,635816,367562,128892928,34267136,0,637294,2026-08-02T20:15:34.143967Z
M3,2299,saturated,M3,true,0.000,0.000,0.000,0.000,0.000,0.000,0.000,635816,367562,128892928,34267136,0,637294,2026-08-02T20:15:34.143967Z
M3,2300,saturated,M3,true,0.000,0.000,0.000,0.000,0.000,0.000,0.000,635816,367562,128892928,34267136,0,637294,2026-08-02T20:15:34.143967Z
M3,2301,saturated,M3,true,0.000,0.000,0.000,0.000,0.000,0.000,0.000,635816,367562,128892928,34267136,0,637294,2026-08-02T20:15:34.143967Z
M3,2302,saturated,M3,true,0.000,0.000,0.000,0.000,0.000,0.000,0.000,635816,367562,128892928,34267136,0,637294,2026-08-02T20:15:34.143967Z
M3,2303,saturated,M3,true,0.000,0.000,0.000,0.000,0.000,0.000,0.000,635816,367562,128892928,34267136,0,637294,2026-08-02T20:15:34.143967Z
M3,2304,saturated,M3,true,0.000,0.000,0.000,0.000,0.000,0.000,0.000,635816,367562,128892928,34267136,0,637294,2026-08-02T20:15:34.143967Z
M3,2305,saturated,M3,true,0.000,0.000,0.000,0.000,0.000,0.000,0.000,635816,367562,128892928,34267136,0,637294,2026-08-02T20:15:34.143967Z
M3,2306,saturated,M3,true,0.000,0.000,0.000,0.000,0.000,0.000,0.000,635816,367562,128892928,34267136,0,637294,2026-08-02T20:15:34.143967Z
M3,2307,saturated,M3,true,0.000,0.000,0.000,0.000,0.000,0.000,0.000,635816,367562,128892928,34267136,0,637295,2026-08-02T20:15:34.143967Z
M3,2308,saturated,M3,true,0.000,0.000,0.000,0.000,0.000,0.000,0.000,635816,367562,128892928,34267136,0,637295,2026-08-02T20:15:34.143967Z
M3,2309,saturated,M3,true,0.000,0.000,0.000,0.000,0.000,0.000,0.000,635816,367562,128892928,34267136,0,637295,2026-08-02T20:15:34.143967Z
M3,2310,saturated,M3,true,0.000,0.000,0.000,0.000,0.000,0.000,0.000,635816,367562,128892928,34267136,0,637295,2026-08-02T20:15:34.143967Z
M3,2311,saturated,M3,true,0.000,0.000,0.000,0.000,0.000,0.000,0.000,635816,367562,128892928,34267136,0,637295,2026-08-02T20:15:34.143967Z
M3,2312,saturated,M3,true,0.000,0.000,0.000,0.000,0.000,0.000,0.000,635816,367562,128892928,34267136,0,637295,2026-08-02T20:15:34.143967Z
M3,2313,saturated,M3,true,0.000,0.000,0.000,0.000,0.000,0.000,0.000,635816,367562,128892928,34267136,0,637295,2026-08-02T20:15:34.143967Z
M3,2314,saturated,M3,true,0.000,0.000,0.000,0.000,0.000,0.000,0.000,635816,367562,128892928,34267136,0,637295,2026-08-02T20:15:34.143967Z
M3,2315,saturated,M3,true,0.000,0.000,0.000,0.000,0.000,0.000,0.000,635816,367562,128892928,34267136,0,637295,2026-08-02T20:15:34.143967Z
M3,2316,saturated,M3,true,0.000,0.000,0.000,0.000,0.000,0.000,0.000,635816,367562,128892928,34267136,0,637295,2026-08-02T20:15:34.143967Z
M3,2317,saturated,M3,true,0.000,0.000,0.000,0.000,0.000,0.000,0.000,635816,367562,128892928,34267136,0,637295,2026-08-02T20:15:34.143967Z
M3,2318,saturated,M3,true,0.000,0.000,0.000,0.000,0.000,0.000,0.000,635816,367562,128892928,34267136,0,637295,2026-08-02T20:15:34.143967Z
M3,2319,saturated,M3,true,0.000,0.000,0.000,0.000,0.000,0.000,0.000,635816,367562,128892928,34267136,0,637295,2026-08-02T20:15:34.143967Z
M3,2320,saturated,M3,true,0.000,0.000,0.000,0.000,0.000,0.000,0.000,635816,367562,128892928,34267136,0,637295,2026-08-02T20:15:34.143967Z
M3,2321,saturated,M3,true,0.000,0.000,0.000,0.000,0.000,0.000,0.000,635816,367562,128892928,34267136,0,637295,2026-08-02T20:15:34.143967Z
M3,2322,saturated,M3,true,0.000,0.000,0.000,0.000,0.000,0.000,0.000,635816,367562,128892928,34267136,0,637295,2026-08-02T20:15:34.143967Z
M3,2323,saturated,M3,true,0.000,0.000,0.000,0.000,0.000,0.000,0.000,635816,367562,128892928,34267136,0,637295,2026-08-02T20:15:34.143967Z
M3,2324,saturated,M3,true,0.000,0.000,0.000,0.000,0.000,0.000,0.000,635816,367562,128892928,34267136,0,637296,2026-08-02T20:15:34.143967Z
M3,2325,saturated,M3,true,0.000,0.000,0.000,0.000,0.000,0.000,0.000,635816,367562,128892928,34267136,0,637296,2026-08-02T20:15:34.143967Z
M3,2326,saturated,M3,true,0.000,0.000,0.000,0.000,0.000,0.000,0.000,635816,367562,128892928,34267136,0,637296,2026-08-02T20:15:34.143967Z
M3,2327,saturated,M3,true,0.000,0.000,0.000,0.000,0.000,0.000,0.000,635816,367562,128892928,34267136,0,637296,2026-08-02T20:15:34.143967Z
M3,2328,saturated,M3,true,0.000,0.000,0.000,0.000,0.000,0.000,0.000,635816,367562,128892928,34267136,0,637296,2026-08-02T20:15:34.143967Z
M3,2329,saturated,M3,true,0.000,0.000,0.000,0.000,0.000,0.000,0.000,635816,367562,128892928,34267136,0,637296,2026-08-02T20:15:34.143967Z
M3,2330,saturated,M3,true,0.000,0.000,0.000,0.000,0.000,0.000,0.000,635816,367562,128892928,34267136,0,637296,2026-08-02T20:15:34.143967Z
M3,2331,saturated,M3,true,0.000,0.000,0.000,0.000,0.000,0.000,0.000,635816,367562,128892928,34267136,0,637296,2026-08-02T20:15:34.143967Z
M3,2332,saturated,M3,true,0.000,0.000,0.000,0.000,0.000,0.000,0.000,635816,367562,128892928,34267136,0,637296,2026-08-02T20:15:34.143967Z
M3,2333,saturated,M3,true,0.000,0.000,0.000,0.000,0.000,0.000,0.000,635816,367562,128892928,34267136,0,637296,2026-08-02T20:15:34.143967Z
M3,2334,saturated,M3,true,0.000,0.000,0.000,0.000,0.000,0.000,0.000,635816,367562,128892928,34267136,0,637296,2026-08-02T20:15:34.143967Z
M3,2335,saturated,M3,true,0.000,0.000,0.000,0.000,0.000,0.000,0.000,635816,367562,128892928,34267136,0,637296,2026-08-02T20:15:34.143967Z
M3,2336,saturated,M3,true,0.000,0.000,0.000,0.000,0.000,0.000,0.000,635816,367562,128892928,34267136,0,637296,2026-08-02T20:15:34.143967Z
M3,2337,saturated,M3,true,0.000,0.000,0.000,0.000,0.000,0.000,0.000,635816,367562,128892928,34267136,0,637296,2026-08-02T20:15:34.143967Z
M3,2338,saturated,M3,true,0.000,0.000,0.000,0.000,0.000,0.000,0.000,635816,367562,128892928,34267136,0,637296,2026-08-02T20:15:34.143967Z
M3,2339,saturated,M3,true,0.000,0.000,0.000,0.000,0.000,0.000,0.000,635816,367562,128892928,34267136,0,637296,2026-08-02T20:15:34.143967Z
M3,2340,saturated,M3,true,0.000,0.000,0.000,0.000,0.000,0.000,0.000,635816,367562,128892928,34267136,0,637297,2026-08-02T20:15:34.143967Z
M3,2341,saturated,M3,true,0.000,0.000,0.000,0.000,0.000,0.000,0.000,635816,367562,128892928,34267136,0,637297,2026-08-02T20:15:34.143967Z
M3,2342,saturated,M3,true,0.000,0.000,0.000,0.000,0.000,0.000,0.000,635816,367562,128892928,34267136,0,637297,2026-08-02T20:15:34.143967Z
M3,2343,saturated,M3,true,0.000,0.000,0.000,0.000,0.000,0.000,0.000,635816,367562,128892928,34267136,0,637297,2026-08-02T20:15:34.143967Z
M3,2344,saturated,M3,true,0.000,0.000,0.000,0.000,0.000,0.000,0.000,635816,367562,128892928,34267136,0,637297,2026-08-02T20:15:34.143967Z
M3,2345,saturated,M3,true,0.000,0.000,0.000,0.000,0.000,0.000,0.000,635816,367562,128892928,34267136,0,637297,2026-08-02T20:15:34.143967Z
M3,2346,saturated,M3,true,0.000,0.000,0.000,0.000,0.000,0.000,0.000,635816,367562,128892928,34267136,0,637297,2026-08-02T20:15:34.143967Z
M3,2347,saturated,M3,true,0.000,0.000,0.000,0.000,0.000,0.000,0.000,635816,367562,128892928,34267136,0,637297,2026-08-02T20:15:34.143967Z
M3,2348,saturated,M3,true,0.000,0.000,0.000,0.000,0.000,0.000,0.000,635816,367562,128892928,34267136,0,637297,2026-08-02T20:15:34.143967Z
M3,2349,saturated,M3,true,0.000,0.000,0.000,0.000,0.000,0.000,0.000,635816,367562,128892928,34267136,0,637297,2026-08-02T20:15:34.143967Z
M3,2350,saturated,M3,true,0.000,0.000,0.000,0.000,0.000,0.000,0.000,635816,367562,128892928,34267136,0,637297,2026-08-02T20:15:34.143967Z
M3,2351,saturated,M3,true,0.000,0.000,0.000,0.000,0.000,0.000,0.000,635816,367562,128892928,34267136,0,637297,2026-08-02T20:16:33.487454Z
M3,2352,saturated,M3,true,0.000,0.000,0.000,0.000,0.000,0.000,0.000,635816,367562,128892928,34267136,0,637297,2026-08-02T20:16:34.017146Z
M3,2353,saturated,M3,true,0.000,0.000,0.000,0.000,0.000,0.000,0.000,635816,367562,128892928,34267136,0,637297,2026-08-02T20:16:34.017146Z
M3,2354,saturated,M3,true,0.000,0.000,0.000,0.000,0.000,0.000,0.000,635816,367562,128892928,34267136,0,637297,2026-08-02T20:16:34.017146Z
M3,2355,saturated,M3,true,0.000,0.000,0.000,0.000,0.000,0.000,0.000,635816,367562,128892928,34267136,0,637297,2026-08-02T20:16:34.017146Z
M3,2356,saturated,M3,true,0.000,0.000,0.000,0.000,0.000,0.000,0.000,635816,367562,128892928,34267136,0,637297,2026-08-02T20:16:34.017146Z
M3,2357,saturated,M3,true,0.000,0.000,0.000,0.000,0.000,0.000,0.000,635816,367562,128892928,34267136,0,637298,2026-08-02T20:16:34.017146Z
M3,2358,saturated,M3,true,0.000,0.000,0.000,0.000,0.000,0.000,0.000,635816,367562,128892928,34267136,0,637298,2026-08-02T20:16:34.017146Z
M3,2359,saturated,M3,true,0.000,0.000,0.000,0.000,0.000,0.000,0.000,635816,367562,128892928,34267136,0,637298,2026-08-02T20:16:34.017146Z
M3,2360,saturated,M3,true,0.000,0.000,0.000,0.000,0.000,0.000,0.000,635816,367562,128892928,34267136,0,637298,2026-08-02T20:16:34.017146Z
M3,2361,saturated,M3,true,0.000,0.000,0.000,0.000,0.000,0.000,0.000,635816,367562,128892928,34267136,0,637298,2026-08-02T20:16:34.017146Z
M3,2362,saturated,M3,true,0.000,0.000,0.000,0.000,0.000,0.000,0.000,635816,367562,128892928,34267136,0,637298,2026-08-02T20:16:34.017146Z
M3,2363,saturated,M3,true,0.000,0.000,0.000,0.000,0.000,0.000,0.000,635816,367562,128892928,34267136,0,637298,2026-08-02T20:16:34.017146Z
M3,2364,saturated,M3,true,0.000,0.000,0.000,0.000,0.000,0.000,0.000,635816,367562,128892928,34267136,0,637298,2026-08-02T20:16:34.017146Z
M3,2365,saturated,M3,true,0.000,0.000,0.000,0.000,0.000,0.000,0.000,635816,367562,128892928,34267136,0,637298,2026-08-02T20:16:34.017146Z
M3,2366,saturated,M3,true,0.000,0.000,0.000,0.000,0.000,0.000,0.000,635816,367562,128892928,34267136,0,637298,2026-08-02T20:16:34.017146Z
M3,2367,saturated,M3,true,0.000,0.000,0.000,0.000,0.000,0.000,0.000,635816,367562,128892928,34267136,0,637298,2026-08-02T20:16:34.017146Z
M3,2368,saturated,M3,true,0.000,0.000,0.000,0.000,0.000,0.000,0.000,635816,367562,128892928,34267136,0,637298,2026-08-02T20:16:34.017146Z
M3,2369,saturated,M3,true,0.000,0.000,0.000,0.000,0.000,0.000,0.000,635816,367562,128892928,34267136,0,637298,2026-08-02T20:16:34.017146Z
M3,2370,saturated,M3,true,0.000,0.000,0.000,0.000,0.000,0.000,0.000,635816,367562,128892928,34267136,0,637298,2026-08-02T20:16:34.017146Z
M3,2371,saturated,M3,true,0.000,0.000,0.000,0.000,0.000,0.000,0.000,635816,367562,128892928,34267136,0,637298,2026-08-02T20:16:34.017146Z
M3,2372,saturated,M3,true,0.000,0.000,0.000,0.000,0.000,0.000,0.000,635816,367562,128892928,34267136,0,637298,2026-08-02T20:16:34.017146Z
M3,2373,saturated,M3,true,0.000,0.000,0.000,0.000,0.000,0.000,0.000,635816,367562,128892928,34267136,0,637299,2026-08-02T20:16:34.017146Z
M3,2374,saturated,M3,true,0.000,0.000,0.000,0.000,0.000,0.000,0.000,635816,367562,128892928,34267136,0,637299,2026-08-02T20:16:34.017146Z
M3,2375,saturated,M3,true,0.000,0.000,0.000,0.000,0.000,0.000,0.000,635816,367562,128892928,34267136,0,637299,2026-08-02T20:16:34.017146Z
M3,2376,saturated,M3,true,0.000,0.000,0.000,0.000,0.000,0.000,0.000,635816,367562,128892928,34267136,0,637299,2026-08-02T20:16:34.017146Z
M3,2377,saturated,M3,true,0.000,0.000,0.000,0.000,0.000,0.000,0.000,635816,367562,128892928,34267136,0,637299,2026-08-02T20:16:34.017146Z
M3,2378,saturated,M3,true,0.000,0.000,0.000,0.000,0.000,0.000,0.000,635816,367562,128892928,34267136,0,637299,2026-08-02T20:16:34.017146Z
M3,2379,saturated,M3,true,0.000,0.000,0.000,0.000,0.000,0.000,0.000,635816,367562,128892928,34267136,0,637299,2026-08-02T20:16:34.017146Z
M3,2380,saturated,M3,true,0.000,0.000,0.000,0.000,0.000,0.000,0.000,635816,367562,128892928,34267136,0,637299,2026-08-02T20:16:34.017146Z
M3,2381,saturated,M3,true,0.000,0.000,0.000,0.000,0.000,0.000,0.000,635816,367562,128892928,34267136,0,637299,2026-08-02T20:16:34.017146Z
M3,2382,saturated,M3,true,0.000,0.000,0.000,0.000,0.000,0.000,0.000,635816,367562,128892928,34267136,0,637299,2026-08-02T20:16:34.017146Z
M3,2383,saturated,M3,true,0.000,0.000,0.000,0.000,0.000,0.000,0.000,635816,367562,128892928,34267136,0,637299,2026-08-02T20:16:34.017146Z
M3,2384,saturated,M3,true,0.000,0.000,0.000,0.000,0.000,0.000,0.000,635816,367562,128892928,34267136,0,637299,2026-08-02T20:16:34.017146Z
M3,2385,saturated,M3,true,0.000,0.000,0.000,0.000,0.000,0.000,0.000,635816,367562,128892928,34267136,0,637299,2026-08-02T20:16:34.017146Z
M3,2386,saturated,M3,true,0.000,0.000,0.000,0.000,0.000,0.000,0.000,635816,367562,128892928,34267136,0,637299,2026-08-02T20:16:34.017146Z
M3,2387,saturated,M3,true,0.000,0.000,0.000,0.000,0.000,0.000,0.000,635816,367562,128892928,34267136,0,637299,2026-08-02T20:16:34.017146Z
M3,2388,saturated,M3,true,0.000,0.000,0.000,0.000,0.000,0.000,0.000,635816,367562,128892928,34267136,0,637299,2026-08-02T20:16:34.017146Z
M3,2389,saturated,M3,true,0.000,0.000,0.000,0.000,0.000,0.000,0.000,635816,367562,128892928,34267136,0,637299,2026-08-02T20:16:34.017146Z
M3,2390,saturated,M3,true,0.000,0.000,0.000,0.000,0.000,0.000,0.000,635816,367562,128892928,34267136,0,637300,2026-08-02T20:16:34.017146Z
M3,2391,saturated,M3,true,0.000,0.000,0.000,0.000,0.000,0.000,0.000,635816,367562,128892928,34267136,0,637300,2026-08-02T20:16:34.017146Z
M3,2392,saturated,M3,true,0.000,0.000,0.000,0.000,0.000,0.000,0.000,635816,367562,128892928,34267136,0,637300,2026-08-02T20:16:34.017146Z
M3,2393,saturated,M3,true,0.000,0.000,0.000,0.000,0.000,0.000,0.000,635816,367562,128892928,34267136,0,637300,2026-08-02T20:16:34.017146Z
M3,2394,saturated,M3,true,0.000,0.000,0.000,0.000,0.000,0.000,0.000,635816,367562,128892928,34267136,0,637300,2026-08-02T20:16:34.017146Z
M3,2395,saturated,M3,true,0.000,0.000,0.000,0.000,0.000,0.000,0.000,635816,367562,128892928,34267136,0,637300,2026-08-02T20:16:34.017146Z
M3,2396,saturated,M3,true,0.000,0.000,0.000,0.000,0.000,0.000,0.000,635816,367562,128892928,34267136,0,637300,2026-08-02T20:16:34.017146Z
M3,2397,saturated,M3,true,0.000,0.000,0.000,0.000,0.000,0.000,0.000,635816,367562,128892928,34267136,0,637300,2026-08-02T20:16:34.017146Z
M3,2398,saturated,M3,true,0.000,0.000,0.000,0.000,0.000,0.000,0.000,635816,367562,128892928,34267136,0,637300,2026-08-02T20:16:34.017146Z
M3,2399,saturated,M3,true,0.000,0.000,0.000,0.000,0.000,0.000,0.000,635816,367562,128892928,34267136,0,637300,2026-08-02T20:16:34.017146Z
M3,2400,saturated,M3,true,0.000,0.000,0.000,0.000,0.000,0.000,0.000,635816,367562,128892928,34267136,0,637300,2026-08-02T20:16:34.017146Z
M3,2401,saturated,M3,true,0.000,0.000,0.000,0.000,0.000,0.000,0.000,635816,367562,128892928,34267136,0,637300,2026-08-02T20:16:34.017146Z
M3,2402,saturated,M3,true,0.000,0.000,0.000,0.000,0.000,0.000,0.000,635816,367562,128892928,34267136,0,637300,2026-08-02T20:16:34.017146Z
M3,2403,saturated,M3,true,0.000,0.000,0.000,0.000,0.000,0.000,0.000,635816,367562,128892928,34267136,0,637300,2026-08-02T20:16:34.017146Z
M3,2404,saturated,M3,true,0.000,0.000,0.000,0.000,0.000,0.000,0.000,635816,367562,128892928,34267136,0,637300,2026-08-02T20:16:34.017146Z
M3,2405,saturated,M3,true,0.000,0.000,0.000,0.000,0.000,0.000,0.000,635816,367562,128892928,34267136,0,637300,2026-08-02T20:16:34.017146Z
M3,2406,saturated,M3,true,0.000,0.000,0.000,0.000,0.000,0.000,0.000,635816,367562,128892928,34267136,0,637301,2026-08-02T20:16:34.017146Z
M3,2407,saturated,M3,true,0.000,0.000,0.000,0.000,0.000,0.000,0.000,635816,367562,128892928,34267136,0,637301,2026-08-02T20:16:34.017146Z
M3,2408,saturated,M3,true,0.000,0.000,0.000,0.000,0.000,0.000,0.000,635816,367562,128892928,34267136,0,637301,2026-08-02T20:16:34.017146Z
M3,2409,saturated,M3,true,0.000,0.000,0.000,0.000,0.000,0.000,0.000,635816,367562,128892928,34267136,0,637301,2026-08-02T20:16:34.017146Z
M3,2410,saturated,M3,true,0.000,0.000,0.000,0.000,0.000,0.000,0.000,635816,367562,128892928,34267136,0,637301,2026-08-02T20:16:34.017146Z
M3,2411,saturated,M3,true,0.000,0.000,0.000,0.000,0.000,0.000,0.000,635816,367562,128892928,34267136,0,637301,2026-08-02T20:17:33.567642Z
M3,2412,saturated,M3,true,0.000,0.000,0.000,0.000,0.000,0.000,0.000,635816,367562,128892928,34267136,0,637301,2026-08-02T20:17:34.003098Z
M3,2413,saturated,M3,true,0.000,0.000,0.000,0.000,0.000,0.000,0.000,635816,367562,128892928,34267136,0,637301,2026-08-02T20:17:34.003098Z
M3,2414,saturated,M3,true,0.000,0.000,0.000,0.000,0.000,0.000,0.000,635816,367562,128892928,34267136,0,637301,2026-08-02T20:17:34.003098Z
M3,2415,saturated,M3,true,0.000,0.000,0.000,0.000,0.000,0.000,0.000,635816,367562,128892928,34267136,0,637301,2026-08-02T20:17:34.003098Z
M3,2416,saturated,M3,true,0.000,0.000,0.000,0.000,0.000,0.000,0.000,635816,367562,128892928,34267136,0,637301,2026-08-02T20:17:34.003098Z
M3,2417,saturated,M3,true,0.000,0.000,0.000,0.000,0.000,0.000,0.000,635816,367562,128892928,34267136,0,637301,2026-08-02T20:17:34.003098Z
M3,2418,saturated,M3,true,0.000,0.000,0.000,0.000,0.000,0.000,0.000,635816,367562,128892928,34267136,0,637301,2026-08-02T20:17:34.003098Z
M3,2419,saturated,M3,true,0.000,0.000,0.000,0.000,0.000,0.000,0.000,635816,367562,128892928,34267136,0,637301,2026-08-02T20:17:34.003098Z
M3,2420,saturated,M3,true,0.000,0.000,0.000,0.000,0.000,0.000,0.000,635816,367562,128892928,34267136,0,637301,2026-08-02T20:17:34.003098Z
M3,2421,saturated,M3,true,0.000,0.000,0.000,0.000,0.000,0.000,0.000,635816,367562,128892928,34267136,0,637301,2026-08-02T20:17:34.003098Z
M3,2422,saturated,M3,true,0.000,0.000,0.000,0.000,0.000,0.000,0.000,635816,367562,128892928,34267136,0,637301,2026-08-02T20:17:34.003098Z
M3,2423,saturated,M3,true,0.000,0.000,0.000,0.000,0.000,0.000,0.000,635816,367562,128892928,34267136,0,637302,2026-08-02T20:17:34.003098Z
M3,2424,saturated,M3,true,0.000,0.000,0.000,0.000,0.000,0.000,0.000,635816,367562,128892928,34267136,0,637302,2026-08-02T20:17:34.003098Z
M3,2425,saturated,M3,true,0.000,0.000,0.000,0.000,0.000,0.000,0.000,635816,367562,128892928,34267136,0,637302,2026-08-02T20:17:34.003098Z
M3,2426,saturated,M3,true,0.000,0.000,0.000,0.000,0.000,0.000,0.000,635816,367562,128892928,34267136,0,637302,2026-08-02T20:17:34.003098Z
M3,2427,saturated,M3,true,0.000,0.000,0.000,0.000,0.000,0.000,0.000,635816,367562,128892928,34267136,0,637302,2026-08-02T20:17:34.003098Z
M3,2428,saturated,M3,true,0.000,0.000,0.000,0.000,0.000,0.000,0.000,635816,367562,128892928,34267136,0,637302,2026-08-02T20:17:34.003098Z
M3,2429,saturated,M3,true,0.000,0.000,0.000,0.000,0.000,0.000,0.000,635816,367562,128892928,34267136,0,637302,2026-08-02T20:17:34.003098Z
M3,2430,saturated,M3,true,0.000,0.000,0.000,0.000,0.000,0.000,0.000,635816,367562,128892928,34267136,0,637302,2026-08-02T20:17:34.003098Z
M3,2431,saturated,M3,true,0.000,0.000,0.000,0.000,0.000,0.000,0.000,635816,367562,128892928,34267136,0,637302,2026-08-02T20:17:34.003098Z
M3,2432,saturated,M3,true,0.000,0.000,0.000,0.000,0.000,0.000,0.000,635816,367562,128892928,34267136,0,637302,2026-08-02T20:17:34.003098Z
M3,2433,saturated,M3,true,0.000,0.000,0.000,0.000,0.000,0.000,0.000,635816,367562,128892928,34267136,0,637302,2026-08-02T20:17:34.003098Z
M3,2434,saturated,M3,true,0.000,0.000,0.000,0.000,0.000,0.000,0.000,635816,367562,128892928,34267136,0,637302,2026-08-02T20:17:34.003098Z
M3,2435,saturated,M3,true,0.000,0.000,0.000,0.000,0.000,0.000,0.000,635816,367562,128892928,34267136,0,637302,2026-08-02T20:17:34.003098Z
M3,2436,saturated,M3,true,0.000,0.000,0.000,0.000,0.000,0.000,0.000,635816,367562,128892928,34267136,0,637302,2026-08-02T20:17:34.003098Z
M3,2437,saturated,M3,true,0.000,0.000,0.000,0.000,0.000,0.000,0.000,635816,367562,128892928,34267136,0,637302,2026-08-02T20:17:34.003098Z
M3,2438,saturated,M3,true,0.000,0.000,0.000,0.000,0.000,0.000,0.000,635816,367562,128892928,34267136,0,637302,2026-08-02T20:17:34.003098Z
M3,2439,saturated,M3,true,0.000,0.000,0.000,0.000,0.000,0.000,0.000,635816,367562,128892928,34267136,0,637303,2026-08-02T20:17:34.003098Z
M3,2440,saturated,M3,true,0.000,0.000,0.000,0.000,0.000,0.000,0.000,635816,367562,128892928,34267136,0,637303,2026-08-02T20:17:34.003098Z
M3,2441,saturated,M3,true,0.000,0.000,0.000,0.000,0.000,0.000,0.000,635816,367562,128892928,34267136,0,637303,2026-08-02T20:17:34.003098Z
M3,2442,saturated,M3,true,0.000,0.000,0.000,0.000,0.000,0.000,0.000,635816,367562,128892928,34267136,0,637303,2026-08-02T20:17:34.003098Z
M3,2443,saturated,M3,true,0.000,0.000,0.000,0.000,0.000,0.000,0.000,635816,367562,128892928,34267136,0,637303,2026-08-02T20:17:34.003098Z
M3,2444,saturated,M3,true,0.000,0.000,0.000,0.000,0.000,0.000,0.000,635816,367562,128892928,34267136,0,637303,2026-08-02T20:17:34.003098Z
M3,2445,saturated,M3,true,0.000,0.000,0.000,0.000,0.000,0.000,0.000,635816,367562,128892928,34267136,0,637303,2026-08-02T20:17:34.003098Z
M3,2446,saturated,M3,true,0.000,0.000,0.000,0.000,0.000,0.000,0.000,635816,367562,128892928,34267136,0,637303,2026-08-02T20:17:34.003098Z
M3,2447,saturated,M3,true,0.000,0.000,0.000,0.000,0.000,0.000,0.000,635816,367562,128892928,34267136,0,637303,2026-08-02T20:17:34.003098Z
M3,2448,saturated,M3,true,0.000,0.000,0.000,0.000,0.000,0.000,0.000,635816,367562,128892928,34267136,0,637303,2026-08-02T20:17:34.003098Z
M3,2449,saturated,M3,true,0.000,0.000,0.000,0.000,0.000,0.000,0.000,635816,367562,128892928,34267136,0,637303,2026-08-02T20:17:34.003098Z
M3,2450,saturated,M3,true,0.000,0.000,0.000,0.000,0.000,0.000,0.000,635816,367562,128892928,34267136,0,637303,2026-08-02T20:17:34.003098Z
M3,2451,saturated,M3,true,0.000,0.000,0.000,0.000,0.000,0.000,0.000,635816,367562,128892928,34267136,0,637303,2026-08-02T20:17:34.003098Z
M3,2452,saturated,M3,true,0.000,0.000,0.000,0.000,0.000,0.000,0.000,635816,367562,128892928,34267136,0,637303,2026-08-02T20:17:34.003098Z
M3,2453,saturated,M3,true,0.000,0.000,0.000,0.000,0.000,0.000,0.000,635816,367562,128892928,34267136,0,637303,2026-08-02T20:17:34.003098Z
M3,2454,saturated,M3,true,0.000,0.000,0.000,0.000,0.000,0.000,0.000,635816,367562,128892928,34267136,0,637303,2026-08-02T20:17:34.003098Z
M3,2455,saturated,M3,true,0.000,0.000,0.000,0.000,0.000,0.000,0.000,635816,367562,128892928,34267136,0,637303,2026-08-02T20:17:34.003098Z
M3,2456,saturated,M3,true,0.000,0.000,0.000,0.000,0.000,0.000,0.000,635816,367562,128892928,34267136,0,637304,2026-08-02T20:17:34.003098Z
M3,2457,saturated,M3,true,0.000,0.000,0.000,0.000,0.000,0.000,0.000,635816,367562,128892928,34267136,0,637304,2026-08-02T20:17:34.003098Z
M3,2458,saturated,M3,true,0.000,0.000,0.000,0.000,0.000,0.000,0.000,635816,367562,128892928,34267136,0,637304,2026-08-02T20:17:34.003098Z
M3,2459,saturated,M3,true,0.000,0.000,0.000,0.000,0.000,0.000,0.000,635816,367562,128892928,34267136,0,637304,2026-08-02T20:17:34.003098Z
M3,2460,saturated,M3,true,0.000,0.000,0.000,0.000,0.000,0.000,0.000,635816,367562,128892928,34267136,0,637304,2026-08-02T20:17:34.003098Z
M3,2461,saturated,M3,true,0.000,0.000,0.000,0.000,0.000,0.000,0.000,635816,367562,128892928,34267136,0,637304,2026-08-02T20:17:34.003098Z
M3,2462,saturated,M3,true,0.000,0.000,0.000,0.000,0.000,0.000,0.000,635816,367562,128892928,34267136,0,637304,2026-08-02T20:17:34.003098Z
M3,2463,saturated,M3,true,0.000,0.000,0.000,0.000,0.000,0.000,0.000,635816,367562,128892928,34267136,0,637304,2026-08-02T20:17:34.003098Z
M3,2464,saturated,M3,true,0.000,0.000,0.000,0.000,0.000,0.000,0.000,635816,367562,128892928,34267136,0,637304,2026-08-02T20:17:34.003098Z
M3,2465,saturated,M3,true,0.000,0.000,0.000,0.000,0.000,0.000,0.000,635816,367562,128892928,34267136,0,637304,2026-08-02T20:17:34.003098Z
M3,2466,saturated,M3,true,0.000,0.000,0.000,0.000,0.000,0.000,0.000,635816,367562,128892928,34267136,0,637304,2026-08-02T20:17:34.003098Z
M3,2467,saturated,M3,true,0.000,0.000,0.000,0.000,0.000,0.000,0.000,635816,367562,128892928,34267136,0,637304,2026-08-02T20:17:34.003098Z
M3,2468,saturated,M3,true,0.000,0.000,0.000,0.000,0.000,0.000,0.000,635816,367562,128892928,34267136,0,637304,2026-08-02T20:17:34.003098Z
M3,2469,saturated,M3,true,0.000,0.000,0.000,0.000,0.000,0.000,0.000,635816,367562,128892928,34267136,0,637304,2026-08-02T20:17:34.003098Z
M3,2470,saturated,M3,true,0.000,0.000,0.000,0.000,0.000,0.000,0.000,635816,367562,128892928,34267136,0,637304,2026-08-02T20:17:34.003098Z
M3,2471,saturated,M3,true,0.000,0.000,0.000,0.000,0.000,0.000,0.000,635816,367562,128892928,34267136,0,637304,2026-08-02T20:18:33.564381Z
M3,2472,saturated,M3,true,0.000,0.000,0.000,0.000,0.000,0.000,0.000,635816,367562,128892928,34267136,0,637305,2026-08-02T20:18:33.973079Z
M3,2473,saturated,M3,true,0.000,0.000,0.000,0.000,0.000,0.000,0.000,635816,367562,128892928,34267136,0,637305,2026-08-02T20:18:33.973079Z
M3,2474,saturated,M3,true,0.000,0.000,0.000,0.000,0.000,0.000,0.000,635816,367562,128892928,34267136,0,637305,2026-08-02T20:18:33.973079Z
M3,2475,saturated,M3,true,0.000,0.000,0.000,0.000,0.000,0.000,0.000,635816,367562,128892928,34267136,0,637305,2026-08-02T20:18:33.973079Z
M3,2476,saturated,M3,true,0.000,0.000,0.000,0.000,0.000,0.000,0.000,635816,367562,128892928,34267136,0,637305,2026-08-02T20:18:33.973079Z
M3,2477,saturated,M3,true,0.000,0.000,0.000,0.000,0.000,0.000,0.000,635816,367562,128892928,34267136,0,637305,2026-08-02T20:18:33.973079Z
M3,2478,saturated,M3,true,0.000,0.000,0.000,0.000,0.000,0.000,0.000,635816,367562,128892928,34267136,0,637305,2026-08-02T20:18:33.973079Z
M3,2479,saturated,M3,true,0.000,0.000,0.000,0.000,0.000,0.000,0.000,635816,367562,128892928,34267136,0,637305,2026-08-02T20:18:33.973079Z
M3,2480,saturated,M3,true,0.000,0.000,0.000,0.000,0.000,0.000,0.000,635816,367562,128892928,34267136,0,637305,2026-08-02T20:18:33.973079Z
M3,2481,saturated,M3,true,0.000,0.000,0.000,0.000,0.000,0.000,0.000,635816,367562,128892928,34267136,0,637305,2026-08-02T20:18:33.973079Z
M3,2482,saturated,M3,true,0.000,0.000,0.000,0.000,0.000,0.000,0.000,635816,367562,128892928,34267136,0,637305,2026-08-02T20:18:33.973079Z
M3,2483,saturated,M3,true,0.000,0.000,0.000,0.000,0.000,0.000,0.000,635816,367562,128892928,34267136,0,637305,2026-08-02T20:18:33.973079Z
M3,2484,saturated,M3,true,0.000,0.000,0.000,0.000,0.000,0.000,0.000,635816,367562,128892928,34267136,0,637305,2026-08-02T20:18:33.973079Z
M3,2485,saturated,M3,true,0.000,0.000,0.000,0.000,0.000,0.000,0.000,635816,367562,128892928,34267136,0,637305,2026-08-02T20:18:33.973079Z
M3,2486,saturated,M3,true,0.000,0.000,0.000,0.000,0.000,0.000,0.000,635816,367562,128892928,34267136,0,637305,2026-08-02T20:18:33.973079Z
M3,2487,saturated,M3,true,0.000,0.000,0.000,0.000,0.000,0.000,0.000,635816,367562,128892928,34267136,0,637305,2026-08-02T20:18:33.973079Z
M3,2488,saturated,M3,true,0.000,0.000,0.000,0.000,0.000,0.000,0.000,635816,367562,128892928,34267136,0,637305,2026-08-02T20:18:33.973079Z
M3,2489,saturated,M3,true,0.000,0.000,0.000,0.000,0.000,0.000,0.000,635816,367562,128892928,34267136,0,637306,2026-08-02T20:18:33.973079Z
M3,2490,saturated,M3,true,0.000,0.000,0.000,0.000,0.000,0.000,0.000,635816,367562,128892928,34267136,0,637306,2026-08-02T20:18:33.973079Z
M3,2491,saturated,M3,true,0.000,0.000,0.000,0.000,0.000,0.000,0.000,635816,367562,128892928,34267136,0,637306,2026-08-02T20:18:33.973079Z
M3,2492,saturated,M3,true,0.000,0.000,0.000,0.000,0.000,0.000,0.000,635816,367562,128892928,34267136,0,637306,2026-08-02T20:18:33.973079Z
M3,2493,saturated,M3,true,0.000,0.000,0.000,0.000,0.000,0.000,0.000,635816,367562,128892928,34267136,0,637306,2026-08-02T20:18:33.973079Z
M3,2494,saturated,M3,true,0.000,0.000,0.000,0.000,0.000,0.000,0.000,635816,367562,128892928,34267136,0,637306,2026-08-02T20:18:33.973079Z
M3,2495,saturated,M3,true,0.000,0.000,0.000,0.000,0.000,0.000,0.000,635816,367562,128892928,34267136,0,637306,2026-08-02T20:18:33.973079Z
M3,2496,saturated,M3,true,0.000,0.000,0.000,0.000,0.000,0.000,0.000,635816,367562,128892928,34267136,0,637306,2026-08-02T20:18:33.973079Z
M3,2497,saturated,M3,true,0.000,0.000,0.000,0.000,0.000,0.000,0.000,635816,367562,128892928,34267136,0,637306,2026-08-02T20:18:33.973079Z
M3,2498,saturated,M3,true,0.000,0.000,0.000,0.000,0.000,0.000,0.000,635816,367562,128892928,34267136,0,637306,2026-08-02T20:18:33.973079Z
M3,2499,saturated,M3,true,0.000,0.000,0.000,0.000,0.000,0.000,0.000,635816,367562,128892928,34267136,0,637306,2026-08-02T20:18:33.973079Z
M3,2500,saturated,M3,true,0.000,0.000,0.000,0.000,0.000,0.000,0.000,635816,367562,128892928,34267136,0,637306,2026-08-02T20:18:33.973079Z
M3,2501,saturated,M3,true,0.000,0.000,0.000,0.000,0.000,0.000,0.000,635816,367562,128892928,34267136,0,637306,2026-08-02T20:18:33.973079Z
M3,2502,saturated,M3,true,0.000,0.000,0.000,0.000,0.000,0.000,0.000,635816,367562,128892928,34267136,0,637306,2026-08-02T20:18:33.973079Z
M3,2503,saturated,M3,true,0.000,0.000,0.000,0.000,0.000,0.000,0.000,635816,367562,128892928,34267136,0,637306,2026-08-02T20:18:33.973079Z
M3,2504,saturated,M3,true,0.000,0.000,0.000,0.000,0.000,0.000,0.000,635816,367562,128892928,34267136,0,637306,2026-08-02T20:18:33.973079Z
M3,2505,saturated,M3,true,0.000,0.000,0.000,0.000,0.000,0.000,0.000,635816,367562,128892928,34267136,0,637307,2026-08-02T20:18:33.973079Z
M3,2506,saturated,M3,true,0.000,0.000,0.000,0.000,0.000,0.000,0.000,635816,367562,128892928,34267136,0,637307,2026-08-02T20:18:33.973079Z
M3,2507,saturated,M3,true,0.000,0.000,0.000,0.000,0.000,0.000,0.000,635816,367562,128892928,34267136,0,637307,2026-08-02T20:18:33.973079Z
M3,2508,saturated,M3,true,0.000,0.000,0.000,0.000,0.000,0.000,0.000,635816,367562,128892928,34267136,0,637307,2026-08-02T20:18:33.973079Z
M3,2509,saturated,M3,true,0.000,0.000,0.000,0.000,0.000,0.000,0.000,635816,367562,128892928,34267136,0,637307,2026-08-02T20:18:33.973079Z
M3,2510,saturated,M3,true,0.000,0.000,0.000,0.000,0.000,0.000,0.000,635816,367562,128892928,34267136,0,637307,2026-08-02T20:18:33.973079Z
M3,2511,saturated,M3,true,0.000,0.000,0.000,0.000,0.000,0.000,0.000,635816,367562,128892928,34267136,0,637307,2026-08-02T20:18:33.973079Z
M3,2512,saturated,M3,true,0.000,0.000,0.000,0.000,0.000,0.000,0.000,635816,367562,128892928,34267136,0,637307,2026-08-02T20:18:33.973079Z
M3,2513,saturated,M3,true,0.000,0.000,0.000,0.000,0.000,0.000,0.000,635816,367562,128892928,34267136,0,637307,2026-08-02T20:18:33.973079Z
M3,2514,saturated,M3,true,0.000,0.000,0.000,0.000,0.000,0.000,0.000,635816,367562,128892928,34267136,0,637307,2026-08-02T20:18:33.973079Z
M3,2515,saturated,M3,true,0.000,0.000,0.000,0.000,0.000,0.000,0.000,635816,367562,128892928,34267136,0,637307,2026-08-02T20:18:33.973079Z
M3,2516,saturated,M3,true,0.000,0.000,0.000,0.000,0.000,0.000,0.000,635816,367562,128892928,34267136,0,637307,2026-08-02T20:18:33.973079Z
M3,2517,saturated,M3,true,0.000,0.000,0.000,0.000,0.000,0.000,0.000,635816,367562,128892928,34267136,0,637307,2026-08-02T20:18:33.973079Z
M3,2518,saturated,M3,true,0.000,0.000,0.000,0.000,0.000,0.000,0.000,635816,367562,128892928,34267136,0,637307,2026-08-02T20:18:33.973079Z
M3,2519,saturated,M3,true,0.000,0.000,0.000,0.000,0.000,0.000,0.000,635816,367562,128892928,34267136,0,637307,2026-08-02T20:18:33.973079Z
M3,2520,saturated,M3,true,0.000,0.000,0.000,0.000,0.000,0.000,0.000,635816,367562,128892928,34267136,0,637307,2026-08-02T20:18:33.973079Z
M3,2521,saturated,M3,true,0.000,0.000,0.000,0.000,0.000,0.000,0.000,635816,367562,128892928,34267136,0,637307,2026-08-02T20:18:33.973079Z
M3,2522,saturated,M3,true,0.000,0.000,0.000,0.000,0.000,0.000,0.000,635816,367562,128892928,34267136,0,637308,2026-08-02T20:18:33.973079Z
M3,2523,saturated,M3,true,0.000,0.000,0.000,0.000,0.000,0.000,0.000,635816,367562,128892928,34267136,0,637308,2026-08-02T20:18:33.973079Z
M3,2524,saturated,M3,true,0.000,0.000,0.000,0.000,0.000,0.000,0.000,635816,367562,128892928,34267136,0,637308,2026-08-02T20:18:33.973079Z
M3,2525,saturated,M3,true,0.000,0.000,0.000,0.000,0.000,0.000,0.000,635816,367562,128892928,34267136,0,637308,2026-08-02T20:18:33.973079Z
M3,2526,saturated,M3,true,0.000,0.000,0.000,0.000,0.000,0.000,0.000,635816,367562,128892928,34267136,0,637308,2026-08-02T20:18:33.973079Z
M3,2527,saturated,M3,true,0.000,0.000,0.000,0.000,0.000,0.000,0.000,635816,367562,128892928,34267136,0,637308,2026-08-02T20:18:33.973079Z
M3,2528,saturated,M3,true,0.000,0.000,0.000,0.000,0.000,0.000,0.000,635816,367562,128892928,34267136,0,637308,2026-08-02T20:18:33.973079Z
M3,2529,saturated,M3,true,0.000,0.000,0.000,0.000,0.000,0.000,0.000,635816,367562,128892928,34267136,0,637308,2026-08-02T20:18:33.973079Z
M3,2530,saturated,M3,true,0.000,0.000,0.000,0.000,0.000,0.000,0.000,635816,367562,128892928,34267136,0,637308,2026-08-02T20:18:33.973079Z
M3,2531,saturated,M3,true,0.000,0.000,0.000,0.000,0.000,0.000,0.000,635816,367562,128892928,34267136,0,637308,2026-08-02T20:19:33.721719Z
M3,2532,saturated,M3,true,0.000,0.000,0.000,0.000,0.000,0.000,0.000,635816,367562,128892928,34267136,0,637308,2026-08-02T20:19:33.983767Z
M3,2533,saturated,M3,true,0.000,0.000,0.000,0.000,0.000,0.000,0.000,635816,367562,128892928,34267136,0,637308,2026-08-02T20:19:33.983767Z
M3,2534,saturated,M3,true,0.000,0.000,0.000,0.000,0.000,0.000,0.000,635816,367562,128892928,34267136,0,637308,2026-08-02T20:19:33.983767Z
M3,2535,saturated,M3,true,0.000,0.000,0.000,0.000,0.000,0.000,0.000,635816,367562,128892928,34267136,0,637308,2026-08-02T20:19:33.983767Z
M3,2536,saturated,M3,true,0.000,0.000,0.000,0.000,0.000,0.000,0.000,635816,367562,128892928,34267136,0,637308,2026-08-02T20:19:33.983767Z
M3,2537,saturated,M3,true,0.000,0.000,0.000,0.000,0.000,0.000,0.000,635816,367562,128892928,34267136,0,637308,2026-08-02T20:19:33.983767Z
M3,2538,saturated,M3,true,0.000,0.000,0.000,0.000,0.000,0.000,0.000,635816,367562,128892928,34267136,0,637309,2026-08-02T20:19:33.983767Z
M3,2539,saturated,M3,true,0.000,0.000,0.000,0.000,0.000,0.000,0.000,635816,367562,128892928,34267136,0,637309,2026-08-02T20:19:33.983767Z
M3,2540,saturated,M3,true,0.000,0.000,0.000,0.000,0.000,0.000,0.000,635816,367562,128892928,34267136,0,637309,2026-08-02T20:19:33.983767Z
M3,2541,saturated,M3,true,0.000,0.000,0.000,0.000,0.000,0.000,0.000,635816,367562,128892928,34267136,0,637309,2026-08-02T20:19:33.983767Z
M3,2542,saturated,M3,true,0.000,0.000,0.000,0.000,0.000,0.000,0.000,635816,367562,128892928,34267136,0,637309,2026-08-02T20:19:33.983767Z
M3,2543,saturated,M3,true,0.000,0.000,0.000,0.000,0.000,0.000,0.000,635816,367562,128892928,34267136,0,637309,2026-08-02T20:19:33.983767Z
M3,2544,saturated,M3,true,0.000,0.000,0.000,0.000,0.000,0.000,0.000,635816,367562,128892928,34267136,0,637309,2026-08-02T20:19:33.983767Z
M3,2545,saturated,M3,true,0.000,0.000,0.000,0.000,0.000,0.000,0.000,635816,367562,128892928,34267136,0,637309,2026-08-02T20:19:33.983767Z
M3,2546,saturated,M3,true,0.000,0.000,0.000,0.000,0.000,0.000,0.000,635816,367562,128892928,34267136,0,637309,2026-08-02T20:19:33.983767Z
M3,2547,saturated,M3,true,0.000,0.000,0.000,0.000,0.000,0.000,0.000,635816,367562,128892928,34267136,0,637309,2026-08-02T20:19:33.983767Z
M3,2548,saturated,M3,true,0.000,0.000,0.000,0.000,0.000,0.000,0.000,635816,367562,128892928,34267136,0,637309,2026-08-02T20:19:33.983767Z
M3,2549,saturated,M3,true,0.000,0.000,0.000,0.000,0.000,0.000,0.000,635816,367562,128892928,34267136,0,637309,2026-08-02T20:19:33.983767Z
M3,2550,saturated,M3,true,0.000,0.000,0.000,0.000,0.000,0.000,0.000,635816,367562,128892928,34267136,0,637309,2026-08-02T20:19:33.983767Z
M3,2551,saturated,M3,true,0.000,0.000,0.000,0.000,0.000,0.000,0.000,635816,367562,128892928,34267136,0,637309,2026-08-02T20:19:33.983767Z
M3,2552,saturated,M3,true,0.000,0.000,0.000,0.000,0.000,0.000,0.000,635816,367562,128892928,34267136,0,637309,2026-08-02T20:19:33.983767Z
M3,2553,saturated,M3,true,0.000,0.000,0.000,0.000,0.000,0.000,0.000,635816,367562,128892928,34267136,0,637309,2026-08-02T20:19:33.983767Z
M3,2554,saturated,M3,true,0.000,0.000,0.000,0.000,0.000,0.000,0.000,635816,367562,128892928,34267136,0,637309,2026-08-02T20:19:33.983767Z
M3,2555,saturated,M3,true,0.000,0.000,0.000,0.000,0.000,0.000,0.000,635816,367562,128892928,34267136,0,637310,2026-08-02T20:19:33.983767Z
M3,2556,saturated,M3,true,0.000,0.000,0.000,0.000,0.000,0.000,0.000,635816,367562,128892928,34267136,0,637310,2026-08-02T20:19:33.983767Z
M3,2557,saturated,M3,true,0.000,0.000,0.000,0.000,0.000,0.000,0.000,635816,367562,128892928,34267136,0,637310,2026-08-02T20:19:33.983767Z
M3,2558,saturated,M3,true,0.000,0.000,0.000,0.000,0.000,0.000,0.000,635816,367562,128892928,34267136,0,637310,2026-08-02T20:19:33.983767Z
M3,2559,saturated,M3,true,0.000,0.000,0.000,0.000,0.000,0.000,0.000,635816,367562,128892928,34267136,0,637310,2026-08-02T20:19:33.983767Z
M3,2560,saturated,M3,true,0.000,0.000,0.000,0.000,0.000,0.000,0.000,635816,367562,128892928,34267136,0,637310,2026-08-02T20:19:33.983767Z
M3,2561,saturated,M3,true,0.000,0.000,0.000,0.000,0.000,0.000,0.000,635816,367562,128892928,34267136,0,637310,2026-08-02T20:19:33.983767Z
M3,2562,saturated,M3,true,0.000,0.000,0.000,0.000,0.000,0.000,0.000,635816,367562,128892928,34267136,0,637310,2026-08-02T20:19:33.983767Z
M3,2563,saturated,M3,true,0.000,0.000,0.000,0.000,0.000,0.000,0.000,635816,367562,128892928,34267136,0,637310,2026-08-02T20:19:33.983767Z
M3,2564,saturated,M3,true,0.000,0.000,0.000,0.000,0.000,0.000,0.000,635816,367562,128892928,34267136,0,637310,2026-08-02T20:19:33.983767Z
M3,2565,saturated,M3,true,0.000,0.000,0.000,0.000,0.000,0.000,0.000,635816,367562,128892928,34267136,0,637310,2026-08-02T20:19:33.983767Z
M3,2566,saturated,M3,true,0.000,0.000,0.000,0.000,0.000,0.000,0.000,635816,367562,128892928,34267136,0,637310,2026-08-02T20:19:33.983767Z
M3,2567,saturated,M3,true,0.000,0.000,0.000,0.000,0.000,0.000,0.000,635816,367562,128892928,34267136,0,637310,2026-08-02T20:19:33.983767Z
M3,2568,saturated,M3,true,0.000,0.000,0.000,0.000,0.000,0.000,0.000,635816,367562,128892928,34267136,0,637310,2026-08-02T20:19:33.983767Z
M3,2569,saturated,M3,true,0.000,0.000,0.000,0.000,0.000,0.000,0.000,635816,367562,128892928,34267136,0,637310,2026-08-02T20:19:33.983767Z
M3,2570,saturated,M3,true,0.000,0.000,0.000,0.000,0.000,0.000,0.000,635816,367562,128892928,34267136,0,637310,2026-08-02T20:19:33.983767Z
M3,2571,saturated,M3,true,0.000,0.000,0.000,0.000,0.000,0.000,0.000,635816,367562,128892928,34267136,0,637311,2026-08-02T20:19:33.983767Z
M3,2572,saturated,M3,true,0.000,0.000,0.000,0.000,0.000,0.000,0.000,635816,367562,128892928,34267136,0,637311,2026-08-02T20:19:33.983767Z
M3,2573,saturated,M3,true,0.000,0.000,0.000,0.000,0.000,0.000,0.000,635816,367562,128892928,34267136,0,637311,2026-08-02T20:19:33.983767Z
M3,2574,saturated,M3,true,0.000,0.000,0.000,0.000,0.000,0.000,0.000,635816,367562,128892928,34267136,0,637311,2026-08-02T20:19:33.983767Z
M3,2575,saturated,M3,true,0.000,0.000,0.000,0.000,0.000,0.000,0.000,635816,367562,128892928,34267136,0,637311,2026-08-02T20:19:33.983767Z
M3,2576,saturated,M3,true,0.000,0.000,0.000,0.000,0.000,0.000,0.000,635816,367562,128892928,34267136,0,637311,2026-08-02T20:19:33.983767Z
M3,2577,saturated,M3,true,0.000,0.000,0.000,0.000,0.000,0.000,0.000,635816,367562,128892928,34267136,0,637311,2026-08-02T20:19:33.983767Z
M3,2578,saturated,M3,true,0.000,0.000,0.000,0.000,0.000,0.000,0.000,635816,367562,128892928,34267136,0,637311,2026-08-02T20:19:33.983767Z
M3,2579,saturated,M3,true,0.000,0.000,0.000,0.000,0.000,0.000,0.000,635816,367562,128892928,34267136,0,637311,2026-08-02T20:19:33.983767Z
M3,2580,saturated,M3,true,0.000,0.000,0.000,0.000,0.000,0.000,0.000,635816,367562,128892928,34267136,0,637311,2026-08-02T20:19:33.983767Z
M3,2581,saturated,M3,true,0.000,0.000,0.000,0.000,0.000,0.000,0.000,635816,367562,128892928,34267136,0,637311,2026-08-02T20:19:33.983767Z
M3,2582,saturated,M3,true,0.000,0.000,0.000,0.000,0.000,0.000,0.000,635816,367562,128892928,34267136,0,637311,2026-08-02T20:19:33.983767Z
M3,2583,saturated,M3,true,0.000,0.000,0.000,0.000,0.000,0.000,0.000,635816,367562,128892928,34267136,0,637311,2026-08-02T20:19:33.983767Z
M3,2584,saturated,M3,true,0.000,0.000,0.000,0.000,0.000,0.000,0.000,635816,367562,128892928,34267136,0,637311,2026-08-02T20:19:33.983767Z
M3,2585,saturated,M3,true,0.000,0.000,0.000,0.000,0.000,0.000,0.000,635816,367562,128892928,34267136,0,637311,2026-08-02T20:19:33.983767Z
M3,2586,saturated,M3,true,0.000,0.000,0.000,0.000,0.000,0.000,0.000,635816,367562,128892928,34267136,0,637311,2026-08-02T20:19:33.983767Z
M3,2587,saturated,M3,true,0.000,0.000,0.000,0.000,0.000,0.000,0.000,635816,367562,128892928,34267136,0,637311,2026-08-02T20:19:33.983767Z
M3,2588,saturated,M3,true,0.000,0.000,0.000,0.000,0.000,0.000,0.000,635816,367562,128892928,34267136,0,637312,2026-08-02T20:19:33.983767Z
M3,2589,saturated,M3,true,0.000,0.000,0.000,0.000,0.000,0.000,0.000,635816,367562,128892928,34267136,0,637312,2026-08-02T20:19:33.983767Z
M3,2590,saturated,M3,true,0.000,0.000,0.000,0.000,0.000,0.000,0.000,635816,367562,128892928,34267136,0,637313,2026-08-02T20:19:33.983767Z
M3,2591,saturated,M3,true,0.000,0.000,0.000,0.000,0.000,0.000,0.000,635816,367562,128892928,34267136,0,637313,2026-08-02T20:20:33.705253Z
M3,2592,saturated,M3,true,0.000,0.000,0.000,0.000,0.000,0.000,0.000,635816,367562,128892928,34267136,0,637313,2026-08-02T20:20:34.126892Z
M3,2593,saturated,M3,true,0.000,0.000,0.000,0.000,0.000,0.000,0.000,635816,367562,128892928,34267136,0,637313,2026-08-02T20:20:34.126892Z
M3,2594,saturated,M3,true,0.000,0.000,0.000,0.000,0.000,0.000,0.000,635816,367562,128892928,34267136,0,637313,2026-08-02T20:20:34.126892Z
M3,2595,saturated,M3,true,0.000,0.000,0.000,0.000,0.000,0.000,0.000,635816,367562,128892928,34267136,0,637313,2026-08-02T20:20:34.126892Z
M3,2596,saturated,M3,true,0.000,0.000,0.000,0.000,0.000,0.000,0.000,635816,367562,128892928,34267136,0,637313,2026-08-02T20:20:34.126892Z
M3,2597,saturated,M3,true,0.000,0.000,0.000,0.000,0.000,0.000,0.000,635816,367562,128892928,34267136,0,637313,2026-08-02T20:20:34.126892Z
M3,2598,saturated,M3,true,0.000,0.000,0.000,0.000,0.000,0.000,0.000,635816,367562,128892928,34267136,0,637313,2026-08-02T20:20:34.126892Z
M3,2599,saturated,M3,true,0.000,0.000,0.000,0.000,0.000,0.000,0.000,635816,367562,128892928,34267136,0,637313,2026-08-02T20:20:34.126892Z
M3,2600,saturated,M3,true,0.000,0.000,0.000,0.000,0.000,0.000,0.000,635816,367562,128892928,34267136,0,637313,2026-08-02T20:20:34.126892Z
M3,2601,saturated,M3,true,0.000,0.000,0.000,0.000,0.000,0.000,0.000,635816,367562,128892928,34267136,0,637313,2026-08-02T20:20:34.126892Z
M3,2602,saturated,M3,true,0.000,0.000,0.000,0.000,0.000,0.000,0.000,635816,367562,128892928,34267136,0,637313,2026-08-02T20:20:34.126892Z
M3,2603,saturated,M3,true,0.000,0.000,0.000,0.000,0.000,0.000,0.000,635816,367562,128892928,34267136,0,637313,2026-08-02T20:20:34.126892Z
M3,2604,saturated,M3,true,0.000,0.000,0.000,0.000,0.000,0.000,0.000,635816,367562,128892928,34267136,0,637313,2026-08-02T20:20:34.126892Z
M3,2605,saturated,M3,true,0.000,0.000,0.000,0.000,0.000,0.000,0.000,635816,367562,128892928,34267136,0,637313,2026-08-02T20:20:34.126892Z
M3,2606,saturated,M3,true,0.000,0.000,0.000,0.000,0.000,0.000,0.000,635816,367562,128892928,34267136,0,637314,2026-08-02T20:20:34.126892Z
M3,2607,saturated,M3,true,0.000,0.000,0.000,0.000,0.000,0.000,0.000,635816,367562,128892928,34267136,0,637314,2026-08-02T20:20:34.126892Z
M3,2608,saturated,M3,true,0.000,0.000,0.000,0.000,0.000,0.000,0.000,635816,367562,128892928,34267136,0,637314,2026-08-02T20:20:34.126892Z
M3,2609,saturated,M3,true,0.000,0.000,0.000,0.000,0.000,0.000,0.000,635816,367562,128892928,34267136,0,637314,2026-08-02T20:20:34.126892Z
M3,2610,saturated,M3,true,0.000,0.000,0.000,0.000,0.000,0.000,0.000,635816,367562,128892928,34267136,0,637314,2026-08-02T20:20:34.126892Z
M3,2611,saturated,M3,true,0.000,0.000,0.000,0.000,0.000,0.000,0.000,635816,367562,128892928,34267136,0,637314,2026-08-02T20:20:34.126892Z
M3,2612,saturated,M3,true,0.000,0.000,0.000,0.000,0.000,0.000,0.000,635816,367562,128892928,34267136,0,637314,2026-08-02T20:20:34.126892Z
M3,2613,saturated,M3,true,0.000,0.000,0.000,0.000,0.000,0.000,0.000,635816,367562,128892928,34267136,0,637314,2026-08-02T20:20:34.126892Z
M3,2614,saturated,M3,true,0.000,0.000,0.000,0.000,0.000,0.000,0.000,635816,367562,128892928,34267136,0,637314,2026-08-02T20:20:34.126892Z
M3,2615,saturated,M3,true,0.000,0.000,0.000,0.000,0.000,0.000,0.000,635816,367562,128892928,34267136,0,637314,2026-08-02T20:20:34.126892Z
M3,2616,saturated,M3,true,0.000,0.000,0.000,0.000,0.000,0.000,0.000,635816,367562,128892928,34267136,0,637314,2026-08-02T20:20:34.126892Z
M3,2617,saturated,M3,true,0.000,0.000,0.000,0.000,0.000,0.000,0.000,635816,367562,128892928,34267136,0,637314,2026-08-02T20:20:34.126892Z
M3,2618,saturated,M3,true,0.000,0.000,0.000,0.000,0.000,0.000,0.000,635816,367562,128892928,34267136,0,637314,2026-08-02T20:20:34.126892Z
M3,2619,saturated,M3,true,0.000,0.000,0.000,0.000,0.000,0.000,0.000,635816,367562,128892928,34267136,0,637314,2026-08-02T20:20:34.126892Z
M3,2620,saturated,M3,true,0.000,0.000,0.000,0.000,0.000,0.000,0.000,635816,367562,128892928,34267136,0,637314,2026-08-02T20:20:34.126892Z
M3,2621,saturated,M3,true,0.000,0.000,0.000,0.000,0.000,0.000,0.000,635816,367562,128892928,34267136,0,637314,2026-08-02T20:20:34.126892Z
M3,2622,saturated,M3,true,0.000,0.000,0.000,0.000,0.000,0.000,0.000,635816,367562,128892928,34267136,0,637314,2026-08-02T20:20:34.126892Z
M3,2623,saturated,M3,true,0.000,0.000,0.000,0.000,0.000,0.000,0.000,635816,367562,128892928,34267136,0,637315,2026-08-02T20:20:34.126892Z
M3,2624,saturated,M3,true,0.000,0.000,0.000,0.000,0.000,0.000,0.000,635816,367562,128892928,34267136,0,637315,2026-08-02T20:20:34.126892Z
M3,2625,saturated,M3,true,0.000,0.000,0.000,0.000,0.000,0.000,0.000,635816,367562,128892928,34267136,0,637315,2026-08-02T20:20:34.126892Z
M3,2626,saturated,M3,true,0.000,0.000,0.000,0.000,0.000,0.000,0.000,635816,367562,128892928,34267136,0,637315,2026-08-02T20:20:34.126892Z
M3,2627,saturated,M3,true,0.000,0.000,0.000,0.000,0.000,0.000,0.000,635816,367562,128892928,34267136,0,637315,2026-08-02T20:20:34.126892Z
M3,2628,saturated,M3,true,0.000,0.000,0.000,0.000,0.000,0.000,0.000,635816,367562,128892928,34267136,0,637315,2026-08-02T20:20:34.126892Z
M3,2629,saturated,M3,true,0.000,0.000,0.000,0.000,0.000,0.000,0.000,635816,367562,128892928,34267136,0,637315,2026-08-02T20:20:34.126892Z
M3,2630,saturated,M3,true,0.000,0.000,0.000,0.000,0.000,0.000,0.000,635816,367562,128892928,34267136,0,637315,2026-08-02T20:20:34.126892Z
M3,2631,saturated,M3,true,0.000,0.000,0.000,0.000,0.000,0.000,0.000,635816,367562,128892928,34267136,0,637315,2026-08-02T20:20:34.126892Z
M3,2632,saturated,M3,true,0.000,0.000,0.000,0.000,0.000,0.000,0.000,635816,367562,128892928,34267136,0,637315,2026-08-02T20:20:34.126892Z
M3,2633,saturated,M3,true,0.000,0.000,0.000,0.000,0.000,0.000,0.000,635816,367562,128892928,34267136,0,637315,2026-08-02T20:20:34.126892Z
M3,2634,saturated,M3,true,0.000,0.000,0.000,0.000,0.000,0.000,0.000,635816,367562,128892928,34267136,0,637315,2026-08-02T20:20:34.126892Z
M3,2635,saturated,M3,true,0.000,0.000,0.000,0.000,0.000,0.000,0.000,635816,367562,128892928,34267136,0,637315,2026-08-02T20:20:34.126892Z
M3,2636,saturated,M3,true,0.000,0.000,0.000,0.000,0.000,0.000,0.000,635816,367562,128892928,34267136,0,637315,2026-08-02T20:20:34.126892Z
M3,2637,saturated,M3,true,0.000,0.000,0.000,0.000,0.000,0.000,0.000,635816,367562,128892928,34267136,0,637315,2026-08-02T20:20:34.126892Z
M3,2638,saturated,M3,true,0.000,0.000,0.000,0.000,0.000,0.000,0.000,635816,367562,128892928,34267136,0,637315,2026-08-02T20:20:34.126892Z
M3,2639,saturated,M3,true,0.000,0.000,0.000,0.000,0.000,0.000,0.000,635816,367562,128892928,34267136,0,637315,2026-08-02T20:20:34.126892Z
M3,2640,saturated,M3,true,0.000,0.000,0.000,0.000,0.000,0.000,0.000,635816,367562,128892928,34267136,0,637316,2026-08-02T20:20:34.126892Z
M3,2641,saturated,M3,true,0.000,0.000,0.000,0.000,0.000,0.000,0.000,635816,367562,128892928,34267136,0,637316,2026-08-02T20:20:34.126892Z
M3,2642,saturated,M3,true,0.000,0.000,0.000,0.000,0.000,0.000,0.000,635816,367562,128892928,34267136,0,637316,2026-08-02T20:20:34.126892Z
M3,2643,saturated,M3,true,0.000,0.000,0.000,0.000,0.000,0.000,0.000,635816,367562,128892928,34267136,0,637316,2026-08-02T20:20:34.126892Z
M3,2644,saturated,M3,true,0.000,0.000,0.000,0.000,0.000,0.000,0.000,635816,367562,128892928,34267136,0,637316,2026-08-02T20:20:34.126892Z
M3,2645,saturated,M3,true,0.000,0.000,0.000,0.000,0.000,0.000,0.000,635816,367562,128892928,34267136,0,637316,2026-08-02T20:20:34.126892Z
M3,2646,saturated,M3,true,0.000,0.000,0.000,0.000,0.000,0.000,0.000,635816,367562,128892928,34267136,0,637316,2026-08-02T20:20:34.126892Z
M3,2647,saturated,M3,true,0.000,0.000,0.000,0.000,0.000,0.000,0.000,635816,367562,128892928,34267136,0,637316,2026-08-02T20:20:34.126892Z
M3,2648,saturated,M3,true,0.000,0.000,0.000,0.000,0.000,0.000,0.000,635816,367562,128892928,34267136,0,637316,2026-08-02T20:20:34.126892Z
M3,2649,saturated,M3,true,0.000,0.000,0.000,0.000,0.000,0.000,0.000,635816,367562,128892928,34267136,0,637316,2026-08-02T20:20:34.126892Z
M3,2650,saturated,M3,true,0.000,0.000,0.000,0.000,0.000,0.000,0.000,635816,367562,128892928,34267136,0,637316,2026-08-02T20:20:34.126892Z
M3,2651,saturated,M3,true,0.000,0.000,0.000,0.000,0.000,0.000,0.000,635816,367562,128892928,34267136,0,637316,2026-08-02T20:20:34.126892Z
M3,2652,saturated,M3,true,0.000,0.000,0.000,0.000,0.000,0.000,0.000,635816,367562,128892928,34267136,0,637316,2026-08-02T20:21:34.122904Z
M3,2653,saturated,M3,true,0.000,0.000,0.000,0.000,0.000,0.000,0.000,635816,367562,128892928,34267136,0,637316,2026-08-02T20:21:34.122904Z
M3,2654,saturated,M3,true,0.000,0.000,0.000,0.000,0.000,0.000,0.000,635816,367562,128892928,34267136,0,637316,2026-08-02T20:21:34.122904Z
M3,2655,saturated,M3,true,0.000,0.000,0.000,0.000,0.000,0.000,0.000,635816,367562,128892928,34267136,0,637316,2026-08-02T20:21:34.122904Z
M3,2656,saturated,M3,true,0.000,0.000,0.000,0.000,0.000,0.000,0.000,635816,367562,128892928,34267136,0,637317,2026-08-02T20:21:34.122904Z
M3,2657,saturated,M3,true,0.000,0.000,0.000,0.000,0.000,0.000,0.000,635816,367562,128892928,34267136,0,637317,2026-08-02T20:21:34.122904Z
M3,2658,saturated,M3,true,0.000,0.000,0.000,0.000,0.000,0.000,0.000,635816,367562,128892928,34267136,0,637317,2026-08-02T20:21:34.122904Z
M3,2659,saturated,M3,true,0.000,0.000,0.000,0.000,0.000,0.000,0.000,635816,367562,128892928,34267136,0,637317,2026-08-02T20:21:34.122904Z
M3,2660,saturated,M3,true,0.000,0.000,0.000,0.000,0.000,0.000,0.000,635816,367562,128892928,34267136,0,637317,2026-08-02T20:21:34.122904Z
M3,2661,saturated,M3,true,0.000,0.000,0.000,0.000,0.000,0.000,0.000,635816,367562,128892928,34267136,0,637317,2026-08-02T20:21:34.122904Z
M3,2662,saturated,M3,true,0.000,0.000,0.000,0.000,0.000,0.000,0.000,635816,367562,128892928,34267136,0,637317,2026-08-02T20:21:34.122904Z
M3,2663,saturated,M3,true,0.000,0.000,0.000,0.000,0.000,0.000,0.000,635816,367562,128892928,34267136,0,637317,2026-08-02T20:21:34.122904Z
M3,2664,saturated,M3,true,0.000,0.000,0.000,0.000,0.000,0.000,0.000,635816,367562,128892928,34267136,0,637317,2026-08-02T20:21:34.122904Z
M3,2665,saturated,M3,true,0.000,0.000,0.000,0.000,0.000,0.000,0.000,635816,367562,128892928,34267136,0,637317,2026-08-02T20:21:34.122904Z
M3,2666,saturated,M3,true,0.000,0.000,0.000,0.000,0.000,0.000,0.000,635816,367562,128892928,34267136,0,637317,2026-08-02T20:21:34.122904Z
M3,2667,saturated,M3,true,0.000,0.000,0.000,0.000,0.000,0.000,0.000,635816,367562,128892928,34267136,0,637317,2026-08-02T20:21:34.122904Z
M3,2668,saturated,M3,true,0.000,0.000,0.000,0.000,0.000,0.000,0.000,635816,367562,128892928,34267136,0,637317,2026-08-02T20:21:34.122904Z
M3,2669,saturated,M3,true,0.000,0.000,0.000,0.000,0.000,0.000,0.000,635816,367562,128892928,34267136,0,637317,2026-08-02T20:21:34.122904Z
M3,2670,saturated,M3,true,0.000,0.000,0.000,0.000,0.000,0.000,0.000,635816,367562,128892928,34267136,0,637317,2026-08-02T20:21:34.122904Z
M3,2671,saturated,M3,true,0.000,0.000,0.000,0.000,0.000,0.000,0.000,635816,367562,128892928,34267136,0,637317,2026-08-02T20:21:34.122904Z
M3,2672,saturated,M3,true,0.000,0.000,0.000,0.000,0.000,0.000,0.000,635816,367562,128892928,34267136,0,637317,2026-08-02T20:21:34.122904Z
M3,2673,saturated,M3,true,0.000,0.000,0.000,0.000,0.000,0.000,0.000,635816,367562,128892928,34267136,0,637318,2026-08-02T20:21:34.122904Z
M3,2674,saturated,M3,true,0.000,0.000,0.000,0.000,0.000,0.000,0.000,635816,367562,128892928,34267136,0,637318,2026-08-02T20:21:34.122904Z
M3,2675,saturated,M3,true,0.000,0.000,0.000,0.000,0.000,0.000,0.000,635816,367562,128892928,34267136,0,637318,2026-08-02T20:21:34.122904Z
M3,2676,saturated,M3,true,0.000,0.000,0.000,0.000,0.000,0.000,0.000,635816,367562,128892928,34267136,0,637318,2026-08-02T20:21:34.122904Z
M3,2677,saturated,M3,true,0.000,0.000,0.000,0.000,0.000,0.000,0.000,635816,367562,128892928,34267136,0,637318,2026-08-02T20:21:34.122904Z
M3,2678,saturated,M3,true,0.000,0.000,0.000,0.000,0.000,0.000,0.000,635816,367562,128892928,34267136,0,637318,2026-08-02T20:21:34.122904Z
M3,2679,saturated,M3,true,0.000,0.000,0.000,0.000,0.000,0.000,0.000,635816,367562,128892928,34267136,0,637318,2026-08-02T20:21:34.122904Z
M3,2680,saturated,M3,true,0.000,0.000,0.000,0.000,0.000,0.000,0.000,635816,367562,128892928,34267136,0,637318,2026-08-02T20:21:34.122904Z
M3,2681,saturated,M3,true,0.000,0.000,0.000,0.000,0.000,0.000,0.000,635816,367562,128892928,34267136,0,637318,2026-08-02T20:21:34.122904Z
M3,2682,saturated,M3,true,0.000,0.000,0.000,0.000,0.000,0.000,0.000,635816,367562,128892928,34267136,0,637318,2026-08-02T20:21:34.122904Z
M3,2683,saturated,M3,true,0.000,0.000,0.000,0.000,0.000,0.000,0.000,635816,367562,128892928,34267136,0,637318,2026-08-02T20:21:34.122904Z
M3,2684,saturated,M3,true,0.000,0.000,0.000,0.000,0.000,0.000,0.000,635816,367562,128892928,34267136,0,637318,2026-08-02T20:21:34.122904Z
M3,2685,saturated,M3,true,0.000,0.000,0.000,0.000,0.000,0.000,0.000,635816,367562,128892928,34267136,0,637318,2026-08-02T20:21:34.122904Z
M3,2686,saturated,M3,true,0.000,0.000,0.000,0.000,0.000,0.000,0.000,635816,367562,128892928,34267136,0,637318,2026-08-02T20:21:34.122904Z
M3,2687,saturated,M3,true,0.000,0.000,0.000,0.000,0.000,0.000,0.000,635816,367562,128892928,34267136,0,637318,2026-08-02T20:21:34.122904Z
M3,2688,saturated,M3,true,0.000,0.000,0.000,0.000,0.000,0.000,0.000,635816,367562,128892928,34267136,0,637318,2026-08-02T20:21:34.122904Z
M3,2689,saturated,M3,true,0.000,0.000,0.000,0.000,0.000,0.000,0.000,635816,367562,128892928,34267136,0,637319,2026-08-02T20:21:34.122904Z
M3,2690,saturated,M3,true,0.000,0.000,0.000,0.000,0.000,0.000,0.000,635816,367562,128892928,34267136,0,637319,2026-08-02T20:21:34.122904Z
M3,2691,saturated,M3,true,0.000,0.000,0.000,0.000,0.000,0.000,0.000,635816,367562,128892928,34267136,0,637319,2026-08-02T20:21:34.122904Z
M3,2692,saturated,M3,true,0.000,0.000,0.000,0.000,0.000,0.000,0.000,635816,367562,128892928,34267136,0,637319,2026-08-02T20:21:34.122904Z
M3,2693,saturated,M3,true,0.000,0.000,0.000,0.000,0.000,0.000,0.000,635816,367562,128892928,34267136,0,637319,2026-08-02T20:21:34.122904Z
M3,2694,saturated,M3,true,0.000,0.000,0.000,0.000,0.000,0.000,0.000,635816,367562,128892928,34267136,0,637319,2026-08-02T20:21:34.122904Z
M3,2695,saturated,M3,true,0.000,0.000,0.000,0.000,0.000,0.000,0.000,635816,367562,128892928,34267136,0,637319,2026-08-02T20:21:34.122904Z
M3,2696,saturated,M3,true,0.000,0.000,0.000,0.000,0.000,0.000,0.000,635816,367562,128892928,34267136,0,637319,2026-08-02T20:21:34.122904Z
M3,2697,saturated,M3,true,0.000,0.000,0.000,0.000,0.000,0.000,0.000,635816,367562,128892928,34267136,0,637319,2026-08-02T20:21:34.122904Z
M3,2698,saturated,M3,true,0.000,0.000,0.000,0.000,0.000,0.000,0.000,635816,367562,128892928,34267136,0,637319,2026-08-02T20:21:34.122904Z
M3,2699,saturated,M3,true,0.000,0.000,0.000,0.000,0.000,0.000,0.000,635816,367562,128892928,34267136,0,637319,2026-08-02T20:21:34.122904Z
