run_id,t_seconds,config,mitigation,antagonist_active,throughput,claim_p50,claim_p95,claim_p99,e2e_p50,e2e_p95,e2e_p99,n_dead_tup,n_live_tup,table_bytes,index_bytes,queue_depth,oldest_backend_xmin_age,last_autovacuum
M3,0,saturated,M3,false,0.000,0.000,0.000,0.000,0.000,0.000,0.000,0,0,0,81920,0,0,
M3,1,saturated,M3,false,1378.000,1.290,3.089,9.506,486.139,909.877,955.366,87,50639,6053888,2285568,49261,0,
M3,2,saturated,M3,false,1318.000,1.689,4.728,13.522,1476.330,1898.755,1943.715,3720,51378,6324224,2424832,49313,0,
M3,3,saturated,M3,false,1433.000,1.596,2.429,3.029,2420.968,2884.678,2929.602,6601,52696,6553600,2547712,49320,20,
M3,4,saturated,M3,false,1380.000,1.672,2.475,3.132,3430.392,3879.425,3921.153,9390,54109,6832128,2670592,49320,20,
M3,5,saturated,M3,false,1402.000,1.557,2.666,3.012,4390.238,4857.246,4898.826,12256,55489,7102464,2801664,49320,13,
M3,6,saturated,M3,false,1306.000,1.646,3.959,16.854,5445.438,5844.823,5884.091,14921,56911,7323648,2924544,49282,0,
M3,7,saturated,M3,false,1385.000,1.470,2.313,6.645,6381.043,6829.245,6869.146,17615,58215,7593984,3055616,49320,4,
M3,8,saturated,M3,false,1243.000,1.411,8.835,18.924,7301.830,7819.291,7856.379,20430,59602,7823360,3186688,49474,2,
M3,9,saturated,M3,false,1404.000,1.505,2.388,17.809,8350.463,8797.839,8843.692,22958,60848,8044544,3293184,49290,15,
M3,10,saturated,M3,false,1389.000,1.631,2.851,4.090,9336.384,9781.202,9822.954,24503,60848,8175616,3358720,49281,0,
M3,11,saturated,M3,false,1104.000,1.669,11.917,29.833,10429.084,10794.359,10822.366,27199,62259,8396800,3473408,49558,0,
M3,12,saturated,M3,false,1440.000,1.447,2.432,2.922,11318.183,11763.586,11807.191,29563,63658,8634368,3588096,49280,0,
M3,13,saturated,M3,false,1365.000,1.764,2.796,5.676,12299.017,12757.881,12802.104,33532,66202,8994816,3784704,49313,0,
M3,14,saturated,M3,false,1382.000,1.635,2.371,12.824,13309.470,13741.591,13786.749,35176,66202,9125888,3833856,49318,0,
M3,15,saturated,M3,false,1381.000,1.802,2.650,3.264,14294.116,14727.917,14770.463,37951,67822,9363456,3964928,49312,4,
M3,16,saturated,M3,false,1382.000,1.643,2.653,3.663,15267.111,15713.273,15762.528,40736,69467,9625600,4104192,49318,0,
M3,17,saturated,M3,false,1360.000,1.767,2.835,5.939,16248.676,16686.193,16732.858,43483,70860,9854976,4227072,49320,0,
M3,18,saturated,M3,false,862.000,1.887,21.161,82.600,17048.527,17536.676,17728.687,46088,71967,10149888,4341760,49369,20,
M3,19,saturated,M3,false,1133.000,1.626,9.277,39.276,18325.207,18685.984,18717.551,47991,73847,10305536,4431872,49959,0,
M3,20,saturated,M3,false,1390.000,1.498,3.449,13.467,19229.905,19657.445,19699.755,50134,73967,10493952,4530176,49329,15,
M3,21,saturated,M3,false,1281.000,1.468,2.819,4.861,20151.377,20642.987,20690.434,52947,75340,10723328,4653056,49339,20,
M3,22,saturated,M3,false,1320.000,1.378,2.980,4.329,21177.539,21628.976,21680.964,55559,76732,11001856,4775936,49320,2,
M3,23,saturated,M3,false,1315.000,1.831,3.469,3.977,22175.548,22634.610,22667.603,58213,78269,11206656,4907008,49328,13,
M3,24,saturated,M3,false,1299.000,2.010,3.720,12.862,23178.391,23614.923,23664.394,60812,79334,11493376,5029888,49371,20,
M3,25,saturated,M3,false,1320.000,1.871,3.089,3.418,24137.434,24606.224,24648.672,63440,80658,11714560,5152768,49320,19,
M3,26,saturated,M3,false,1279.000,2.045,5.417,9.756,25151.193,25594.392,25635.275,66086,81947,11984896,5267456,49361,0,
M3,27,saturated,M3,false,1306.000,1.643,4.502,12.617,26179.565,26585.775,26631.160,68647,83269,12214272,5390336,49413,18,
M3,28,saturated,M3,false,1032.000,1.860,15.601,89.792,27028.286,27575.235,27612.561,71242,85153,12460032,5513216,49320,0,
M3,29,saturated,M3,false,1244.000,1.750,4.075,7.990,28089.692,28568.805,28611.557,73523,86633,12632064,5611520,49340,18,
M3,30,saturated,M3,false,1429.000,1.551,2.674,6.656,29094.700,29555.052,29599.996,75983,87548,12861440,5734400,49259,0,
M3,31,saturated,M3,false,1341.000,1.719,2.485,3.260,30093.001,30540.561,30583.231,78747,88889,13123584,5865472,49320,5,
M3,32,saturated,M3,false,1340.000,1.792,3.107,6.831,31111.943,31541.016,31585.454,81443,90257,13361152,5980160,49360,1,
M3,33,saturated,M3,false,1329.000,1.829,2.871,3.954,32093.240,32527.627,32558.575,84120,91558,13590528,6111232,49340,0,
M3,34,saturated,M3,false,1479.000,1.424,2.224,2.711,33079.703,33516.069,33561.104,86879,92920,13852672,6250496,49278,0,
M3,35,saturated,M3,false,1323.000,1.713,3.590,5.850,34093.475,34498.577,34545.346,89734,94326,14090240,6381568,49364,7,
M3,36,saturated,M3,false,1340.000,1.928,2.532,2.906,35046.083,35498.071,35537.992,92459,95702,14344192,6496256,49340,18,
M3,37,saturated,M3,false,1305.000,1.973,3.238,3.673,36033.105,36470.184,36519.604,95152,97069,14581760,6619136,49340,0,
M3,38,saturated,M3,false,1183.000,1.820,11.057,32.677,36951.184,37464.851,37518.091,97840,98409,14868480,6733824,49279,0,
M3,39,saturated,M3,false,1340.000,1.670,3.300,8.220,37787.202,38003.823,38048.295,100113,99774,15040512,6823936,49335,17,
M3,40,saturated,M3,false,1332.000,1.586,2.542,14.613,37856.313,38074.187,38089.887,102687,100887,15327232,6955008,49360,0,
M3,41,saturated,M3,false,1351.000,1.686,2.689,3.594,37856.174,38091.864,38123.113,105405,102207,15515648,7069696,49337,0,
M3,42,saturated,M3,false,1337.000,1.922,2.936,3.969,37892.393,38106.661,38129.994,108140,103576,15777792,7184384,49329,25,
M3,43,saturated,M3,false,1252.000,1.875,6.923,14.090,37991.754,38227.951,38257.604,110784,104956,16039936,7299072,49436,14,
M3,44,saturated,M3,false,1303.000,1.822,3.710,6.195,38016.180,38229.142,38272.294,113364,106437,16269312,7421952,49340,1,
M3,45,saturated,M3,false,1064.000,1.826,6.317,19.003,38221.291,38482.127,38499.999,115810,107785,16490496,7520256,49639,0,
M3,46,saturated,M3,false,1380.000,1.751,2.513,3.716,38269.552,38496.359,38519.889,118152,107785,16695296,7643136,49320,37,
M3,47,saturated,M3,false,1360.000,1.826,2.649,3.186,38194.770,38437.024,38518.329,120936,109236,16965632,7757824,49340,11,
M3,48,saturated,M3,false,1117.000,1.923,12.294,48.075,38259.940,38462.370,38479.163,123645,110636,17170432,7872512,49354,19,
M3,49,saturated,M3,false,1368.000,1.650,2.961,6.519,38424.841,38641.349,38670.217,125942,111976,17408000,7979008,49340,26,
M3,50,saturated,M3,false,1289.000,1.642,4.383,29.053,38272.179,38480.645,38507.604,128598,113101,17629184,8093696,49416,0,
M3,51,saturated,M3,false,1360.000,1.680,2.978,10.181,38324.402,38539.854,38564.991,131116,114486,17874944,8208384,49300,0,
M3,52,saturated,M3,false,1400.000,1.611,3.117,3.693,38308.079,38531.292,38556.629,133899,115750,18096128,8323072,49280,0,
M3,53,saturated,M3,false,1443.000,1.610,2.503,2.866,38286.507,38512.211,38527.885,136722,117130,18350080,8462336,49257,0,
M3,54,saturated,M3,false,1381.000,1.690,2.502,2.870,38268.645,38498.696,38520.688,139569,118530,18595840,8585216,49319,0,
M3,55,saturated,M3,false,1420.000,1.674,2.616,3.803,38247.894,38482.277,38496.621,142379,119973,18849792,8699904,49300,0,
M3,56,saturated,M3,false,1320.000,1.799,2.468,2.798,38237.646,38458.191,38488.997,145182,121374,19079168,8830976,49340,0,
M3,57,saturated,M3,false,1420.000,1.621,2.407,4.047,37901.173,38295.001,38335.303,147913,122774,19341312,8945664,49280,0,
M3,58,saturated,M3,false,1145.000,1.722,6.990,56.698,37671.264,37928.098,37957.167,150764,124114,19578880,9093120,49292,12,
M3,59,saturated,M3,false,1420.000,1.375,2.563,4.274,37823.824,38060.178,38086.893,31,125541,19767296,9232384,49280,43,2026-08-04T08:24:25.629715Z
M3,60,saturated,M3,false,1379.000,1.588,2.970,4.090,37761.051,37979.145,38003.591,2759,127104,19931136,9322496,49339,19,2026-08-04T08:24:25.711536Z
M3,61,saturated,M3,false,1325.000,1.677,3.067,7.275,37713.659,37938.192,37953.128,5397,128524,20094976,9428992,49340,19,2026-08-04T08:24:25.711536Z
M3,62,saturated,M3,false,1341.000,1.656,2.389,3.062,37663.100,37890.146,37907.819,8180,129886,20250624,9527296,49320,0,2026-08-04T08:24:25.711536Z
M3,63,saturated,M3,false,1362.000,1.739,2.753,6.736,37634.466,37863.393,37892.337,10897,131228,20406272,9617408,49306,1,2026-08-04T08:24:25.711536Z
M3,64,saturated,M3,false,1282.000,1.763,4.854,8.672,37649.185,37859.395,37880.803,13588,132574,20561920,9723904,49329,11,2026-08-04T08:24:25.711536Z
M3,65,saturated,M3,false,1382.000,1.662,2.362,2.987,37571.299,37791.706,37816.983,16219,133891,20717568,9814016,49298,0,2026-08-04T08:24:25.711536Z
M3,66,saturated,M3,false,1409.000,1.520,2.275,4.558,37443.999,37770.777,37815.860,18970,135213,20881408,9904128,49340,1,2026-08-04T08:24:25.711536Z
M3,67,saturated,M3,false,1333.000,1.612,2.312,2.845,37247.171,37480.924,37506.793,21782,136615,21045248,10002432,49351,2,2026-08-04T08:24:25.711536Z
M3,68,saturated,M3,false,1067.000,1.714,16.645,29.006,37360.360,37558.389,37666.944,24469,138033,21200896,10092544,49380,0,2026-08-04T08:24:25.711536Z
M3,69,saturated,M3,false,1342.000,1.610,2.576,6.047,37486.273,37701.140,37730.323,26640,139344,21323776,10174464,49318,17,2026-08-04T08:24:25.711536Z
M3,70,saturated,M3,false,1335.000,1.753,2.535,3.674,37489.551,37711.498,37742.427,29248,141126,21479424,10264576,49338,15,2026-08-04T08:24:25.711536Z
M3,71,saturated,M3,false,1341.000,1.650,2.691,6.519,37492.807,37716.070,37735.859,31778,142684,21798912,10362880,49317,25,2026-08-04T08:24:25.711536Z
M3,72,saturated,M3,false,1402.000,1.563,2.351,3.178,37526.025,37754.206,37783.140,34228,143789,21979136,10493952,49274,15,2026-08-04T08:24:25.711536Z
M3,73,saturated,M3,false,1342.000,1.776,2.666,4.901,37535.924,37755.525,37773.718,37021,145184,22265856,10616832,49340,0,2026-08-04T08:24:25.711536Z
M3,74,saturated,M3,false,1365.000,1.676,2.378,2.962,37521.762,37756.347,37771.273,39718,146524,22462464,10756096,49296,21,2026-08-04T08:24:25.711536Z
M3,75,saturated,M3,false,1340.000,1.714,2.444,5.405,37503.663,37731.086,37760.773,42458,147903,22749184,10878976,49320,0,2026-08-04T08:24:25.711536Z
M3,76,saturated,M3,false,1394.000,1.569,2.420,3.780,37436.742,37714.521,37757.211,45159,149251,22953984,11001856,49288,0,2026-08-04T08:24:25.711536Z
M3,77,saturated,M3,false,1360.000,1.670,2.544,3.013,37303.288,37528.510,37548.935,47963,150879,23240704,11141120,49340,0,2026-08-04T08:24:25.711536Z
M3,78,saturated,M3,false,1124.000,1.804,10.455,43.485,37335.627,37523.886,37617.165,50695,152005,23437312,11264000,49359,9,2026-08-04T08:24:25.711536Z
M3,79,saturated,M3,false,1342.000,1.439,5.139,15.275,37485.339,37699.852,37743.336,13,153108,23674880,11362304,49358,40,2026-08-04T08:24:45.676018Z
M3,80,saturated,M3,false,1346.000,1.551,2.475,5.095,37486.352,37705.364,37721.435,2676,154026,23674880,11485184,49314,20,2026-08-04T08:24:45.676018Z
M3,81,saturated,M3,false,1374.000,1.655,2.421,2.954,37390.623,37611.151,37638.033,5420,155412,23674880,11608064,49320,0,2026-08-04T08:24:45.676018Z
M3,82,saturated,M3,false,1406.000,1.555,2.227,3.165,37304.656,37574.429,37619.773,8161,156772,24018944,11747328,49280,5,2026-08-04T08:24:45.676018Z
M3,83,saturated,M3,false,1368.000,1.653,2.301,2.908,37101.551,37313.825,37343.114,10983,158172,24240128,11886592,49320,0,2026-08-04T08:24:45.676018Z
M3,84,saturated,M3,false,1340.000,1.692,2.648,3.808,37125.900,37347.555,37376.800,13720,159532,24469504,12009472,49320,8,2026-08-04T08:24:45.676018Z
M3,85,saturated,M3,false,1404.000,1.651,2.268,2.601,37074.421,37306.229,37344.247,16463,160900,24698880,12132352,49276,0,2026-08-04T08:24:45.676018Z
M3,86,saturated,M3,false,1360.000,1.688,2.538,3.140,36898.339,37118.594,37149.124,19264,162304,24969216,12271616,49308,8,2026-08-04T08:24:45.676018Z
M3,87,saturated,M3,false,1362.000,1.671,2.256,2.658,36882.968,37118.776,37161.035,22022,163676,25182208,12394496,49320,19,2026-08-04T08:24:45.676018Z
M3,88,saturated,M3,false,1194.000,1.571,6.701,48.479,36865.717,37080.423,37231.615,24634,165024,25444352,12525568,49323,6,2026-08-04T08:24:45.676018Z
M3,89,saturated,M3,false,1361.000,1.620,2.305,6.047,36995.125,37215.923,37247.165,27097,166403,25649152,12640256,49340,15,2026-08-04T08:24:45.676018Z
M3,90,saturated,M3,false,1362.000,1.616,2.381,4.230,37033.491,37255.801,37285.656,29788,167581,25894912,12771328,49320,2,2026-08-04T08:24:45.676018Z
M3,91,saturated,M3,false,1280.000,1.779,2.678,3.397,37120.374,37332.398,37352.036,32526,168941,26107904,12886016,49360,0,2026-08-04T08:24:45.676018Z
M3,92,saturated,M3,false,1365.000,1.704,2.542,7.019,37157.773,37377.083,37392.369,35146,170263,26353664,13000704,49340,7,2026-08-04T08:24:45.676018Z
M3,93,saturated,M3,false,1342.000,1.691,2.304,3.172,37167.247,37387.068,37406.899,37844,171839,26607616,13148160,49320,0,2026-08-04T08:24:45.676018Z
M3,94,saturated,M3,false,1380.000,1.675,2.493,2.778,37168.430,37393.241,37407.985,40598,172970,26845184,13287424,49320,0,2026-08-04T08:24:45.676018Z
M3,95,saturated,M3,false,1334.000,1.711,2.389,2.606,37196.164,37429.394,37451.887,43335,174330,27074560,13418496,49321,1,2026-08-04T08:24:45.676018Z
M3,96,saturated,M3,false,1326.000,1.775,2.588,3.065,37153.150,37433.258,37464.529,46021,175689,27328512,13541376,49340,0,2026-08-04T08:24:45.676018Z
M3,97,saturated,M3,false,1380.000,1.609,2.270,2.636,37114.824,37337.443,37364.559,48695,177010,27549696,13664256,49320,27,2026-08-04T08:24:45.676018Z
M3,98,saturated,M3,false,1142.000,1.660,10.084,32.079,37187.864,37364.309,37381.689,51442,178370,27811840,13787136,49420,8,2026-08-04T08:24:45.676018Z
M3,99,saturated,M3,false,1400.000,1.431,2.142,3.573,37237.836,37464.898,37496.154,53774,179770,27983872,13893632,49280,0,2026-08-04T08:24:45.676018Z
M3,100,saturated,M3,false,1360.000,1.698,2.420,5.249,37229.906,37442.066,37461.405,56588,180952,28246016,14008320,49320,0,2026-08-04T08:24:45.676018Z
M3,101,saturated,M3,false,1340.000,1.659,2.358,2.627,37196.267,37430.884,37460.309,59305,182292,28467200,14131200,49320,16,2026-08-04T08:24:45.676018Z
M3,102,saturated,M3,false,1340.000,1.678,2.395,2.693,37162.470,37395.930,37425.052,62037,183652,28729344,14254080,49320,0,2026-08-04T08:24:45.676018Z
M3,103,saturated,M3,false,1360.000,1.672,2.248,2.597,37204.002,37425.620,37456.001,64734,185012,28950528,14385152,49320,0,2026-08-04T08:24:45.676018Z
M3,104,saturated,M3,false,1360.000,1.669,2.353,2.766,37220.603,37452.537,37495.683,67435,186352,29212672,14499840,49320,0,2026-08-04T08:24:45.676018Z
M3,105,saturated,M3,false,1336.000,1.712,3.062,4.629,37206.208,37447.393,37461.558,70165,187712,29425664,14614528,49340,19,2026-08-04T08:24:45.676018Z
M3,106,saturated,M3,false,1306.000,1.841,2.659,5.340,37105.068,37320.563,37366.558,72842,189054,29687808,14737408,49340,3,2026-08-04T08:24:45.676018Z
M3,107,saturated,M3,false,1360.000,1.685,2.366,2.705,37025.450,37254.483,37269.922,75500,190374,29908992,14860288,49320,10,2026-08-04T08:24:45.676018Z
M3,108,saturated,M3,false,1162.000,1.767,6.603,93.312,37054.781,37317.029,37349.150,78110,191734,30154752,14983168,49418,19,2026-08-04T08:24:45.676018Z
M3,109,saturated,M3,false,1324.000,1.624,3.242,3.888,37178.040,37401.220,37432.818,80413,193094,30367744,15081472,49336,21,2026-08-04T08:24:45.676018Z
M3,110,saturated,M3,false,1360.000,1.767,2.681,3.149,37206.051,37429.935,37450.278,83134,194220,30597120,15204352,49320,13,2026-08-04T08:24:45.676018Z
M3,111,saturated,M3,false,1360.000,1.645,2.570,3.053,37189.069,37417.636,37438.274,85886,195600,30859264,15319040,49340,19,2026-08-04T08:24:45.676018Z
M3,112,saturated,M3,false,1320.000,1.745,2.706,6.058,37213.944,37431.374,37449.651,88588,196960,31096832,15433728,49360,20,2026-08-04T08:24:45.676018Z
M3,113,saturated,M3,false,1364.000,1.675,2.371,5.486,37217.653,37441.720,37469.871,91246,198280,31334400,15556608,49317,1,2026-08-04T08:24:45.676018Z
M3,114,saturated,M3,false,1342.000,1.729,2.467,3.236,37256.433,37481.046,37515.698,93842,199643,31563776,15687680,49328,8,2026-08-04T08:24:45.676018Z
M3,115,saturated,M3,false,1318.000,1.694,2.530,2.812,37248.778,37491.064,37521.135,96685,201252,31801344,15802368,49360,18,2026-08-04T08:24:45.676018Z
M3,116,saturated,M3,false,1340.000,1.798,2.517,3.012,37202.767,37410.086,37455.793,99342,202324,32063488,15917056,49340,18,2026-08-04T08:24:45.676018Z
M3,117,saturated,M3,false,1347.000,1.669,2.589,4.068,37116.555,37337.480,37366.434,102024,203644,32333824,16039936,49313,0,2026-08-04T08:24:45.676018Z
M3,118,saturated,M3,false,962.000,1.690,23.046,61.286,37112.844,37352.847,37366.158,104764,205011,32604160,16154624,49432,14,2026-08-04T08:24:45.676018Z
M3,119,saturated,M3,false,1365.000,1.504,3.067,6.118,37406.431,37631.595,37659.998,106757,206371,32768000,16244736,49291,11,2026-08-04T08:24:45.676018Z
M3,120,saturated,M3,false,1380.000,1.644,2.589,3.329,37421.772,37653.660,37682.866,109486,207358,32989184,16375808,49300,0,2026-08-04T08:24:45.676018Z
M3,121,saturated,M3,false,1304.000,1.572,2.736,5.307,37440.514,37654.431,37680.806,112239,116329,17440768,8183808,49322,19,2026-08-04T08:24:45.676018Z
M3,122,saturated,M3,false,1342.000,1.607,3.218,34.308,37496.979,37721.073,37746.626,114838,117417,17661952,8298496,49320,15,2026-08-04T08:24:45.676018Z
M3,123,saturated,M3,false,1312.000,1.721,2.558,9.147,37548.578,37766.881,37789.570,117531,118679,17883136,8421376,49319,0,2026-08-04T08:24:45.676018Z
M3,124,saturated,M3,false,1329.000,1.790,2.919,3.566,37582.632,37797.088,37812.219,120188,120040,18137088,8527872,49346,19,2026-08-04T08:24:45.676018Z
M3,125,saturated,M3,false,1364.000,1.607,2.678,4.942,37569.424,37789.542,37806.181,122894,121340,18382848,8642560,49320,9,2026-08-04T08:24:45.676018Z
M3,126,saturated,M3,false,1381.000,1.645,2.251,5.322,37499.251,37672.314,37820.160,125628,122720,18620416,8773632,49312,12,2026-08-04T08:24:45.676018Z
M3,127,saturated,M3,false,1301.000,1.545,4.117,24.638,37433.412,37669.766,37698.297,128406,124092,18849792,8904704,49399,14,2026-08-04T08:24:45.676018Z
M3,128,saturated,M3,false,1163.000,1.755,12.365,23.218,37491.341,37752.103,37782.245,131030,125405,19079168,9019392,49438,19,2026-08-04T08:24:45.676018Z
M3,129,saturated,M3,false,1401.000,1.422,2.269,3.370,37567.607,37795.982,37821.738,133392,126765,19292160,9117696,49320,19,2026-08-04T08:24:45.676018Z
M3,130,saturated,M3,false,1360.000,1.713,2.313,2.743,37529.944,37749.666,37778.352,136188,127969,19529728,9248768,49320,0,2026-08-04T08:24:45.676018Z
M3,131,saturated,M3,false,1400.000,1.598,2.460,2.904,37516.248,37737.614,37783.211,138925,129350,19808256,9355264,49300,18,2026-08-04T08:24:45.676018Z
M3,132,saturated,M3,false,1380.000,1.556,2.224,2.899,37480.670,37705.495,37729.746,141755,130730,20094976,9494528,49320,18,2026-08-04T08:24:45.676018Z
M3,133,saturated,M3,false,1381.000,1.618,2.427,6.067,37469.297,37686.832,37733.038,144497,132130,20316160,9633792,49300,2,2026-08-04T08:24:45.676018Z
M3,134,saturated,M3,false,1382.000,1.692,2.313,2.773,37415.233,37644.085,37665.373,147302,133510,20578304,9756672,49297,0,2026-08-04T08:24:45.676018Z
M3,135,saturated,M3,false,1360.000,1.655,2.428,4.824,37433.358,37640.904,37671.233,150029,134913,20815872,9887744,49300,0,2026-08-04T08:24:45.676018Z
M3,136,saturated,M3,false,1427.000,1.539,2.179,3.046,37325.741,37543.412,37575.260,152836,136273,21061632,10018816,49293,0,2026-08-04T08:24:45.676018Z
M3,137,saturated,M3,false,1362.000,1.710,2.643,3.856,37262.881,37490.623,37509.027,155624,137680,21299200,10149888,49298,0,2026-08-04T08:24:45.676018Z
M3,138,saturated,M3,false,1151.000,1.678,11.894,22.195,37287.569,37562.068,37623.573,158380,139318,21536768,10264576,49480,9,2026-08-04T08:24:45.676018Z
M3,139,saturated,M3,false,1381.000,1.442,2.312,3.657,37391.853,37616.397,37636.108,167,140639,21749760,10395648,49300,0,2026-08-04T08:25:45.733888Z
M3,140,saturated,M3,false,1320.000,1.694,2.473,3.628,37397.602,37601.765,37623.101,2922,141797,21749760,10518528,49340,18,2026-08-04T08:25:45.733888Z
M3,141,saturated,M3,false,1380.000,1.575,2.391,3.091,37381.094,37606.665,37621.311,5621,143137,21880832,10649600,49281,0,2026-08-04T08:25:45.733888Z
M3,142,saturated,M3,false,1340.000,1.661,2.478,4.312,37368.742,37595.805,37625.136,8400,144517,22102016,10772480,49351,17,2026-08-04T08:25:45.733888Z
M3,143,saturated,M3,false,1340.000,1.665,2.262,2.600,37366.211,37598.705,37619.157,11082,145857,22355968,10895360,49340,31,2026-08-04T08:25:45.733888Z
M3,144,saturated,M3,false,1320.000,1.802,2.386,3.364,37369.772,37600.475,37630.571,13760,147197,22577152,11018240,49340,8,2026-08-04T08:25:45.733888Z
M3,145,saturated,M3,false,1362.000,1.575,2.210,2.515,37376.928,37591.096,37616.666,16464,148517,22839296,11149312,49313,0,2026-08-04T08:25:45.733888Z
M3,146,saturated,M3,false,1301.000,1.730,2.682,17.363,37293.457,37546.868,37575.502,19135,149899,23060480,11280384,49337,15,2026-08-04T08:25:45.733888Z
M3,147,saturated,M3,false,1360.000,1.637,2.399,2.798,37260.404,37480.436,37504.763,21773,151183,23298048,11411456,49320,19,2026-08-04T08:25:45.733888Z
M3,148,saturated,M3,false,1080.000,1.888,16.243,28.825,37334.977,37691.951,37725.054,24481,152796,23535616,11526144,49509,19,2026-08-04T08:25:45.733888Z
M3,149,saturated,M3,false,1353.000,1.542,3.903,7.347,37490.139,37697.493,37712.992,26672,152796,23715840,11632640,49320,0,2026-08-04T08:25:45.733888Z
M3,150,saturated,M3,false,1336.000,1.642,2.375,5.823,37450.832,37672.079,37685.965,29423,154293,23986176,11755520,49347,2,2026-08-04T08:25:45.733888Z
M3,151,saturated,M3,false,1360.000,1.592,2.111,2.556,37455.249,37672.419,37693.937,32132,155676,24207360,11878400,49320,0,2026-08-04T08:25:45.733888Z
M3,152,saturated,M3,false,1382.000,1.625,2.289,2.570,37433.463,37653.396,37678.152,34911,157009,24469504,12042240,49299,16,2026-08-04T08:25:45.733888Z
M3,153,saturated,M3,false,1406.000,1.641,2.387,2.736,37382.421,37601.443,37632.083,37665,158389,24698880,12165120,49293,0,2026-08-04T08:25:45.733888Z
M3,154,saturated,M3,false,1361.000,1.582,2.293,6.861,37336.021,37563.294,37577.959,40485,159770,24961024,12304384,49319,0,2026-08-04T08:25:45.733888Z
M3,155,saturated,M3,false,1292.000,1.547,4.781,8.118,37427.323,37630.538,37654.789,43032,161177,25157632,12427264,49280,17,2026-08-04T08:25:45.733888Z
M3,156,saturated,M3,false,1340.000,1.717,2.348,3.966,37224.565,37411.112,37455.282,45801,162430,25427968,12541952,49340,0,2026-08-04T08:25:45.733888Z
M3,157,saturated,M3,false,1382.000,1.544,2.316,15.168,37105.203,37337.791,37366.941,48547,163830,25681920,12681216,49318,0,2026-08-04T08:25:45.733888Z
M3,158,saturated,M3,false,1123.000,1.743,9.332,39.988,37160.475,37346.538,37370.487,51247,165210,25903104,12787712,49558,17,2026-08-04T08:25:45.733888Z
M3,159,saturated,M3,false,1340.000,1.628,2.688,4.738,37249.444,37468.319,37513.582,53556,166572,26140672,12886016,49340,30,2026-08-04T08:25:45.733888Z
M3,160,saturated,M3,false,1380.000,1.623,2.267,5.569,37223.502,37440.766,37468.561,56264,167695,26345472,13008896,49314,17,2026-08-04T08:25:45.733888Z
M3,161,saturated,M3,false,1360.000,1.658,2.434,3.053,37200.173,37419.553,37442.506,59019,169035,26615808,13131776,49320,1,2026-08-04T08:25:45.733888Z
M3,162,saturated,M3,false,1385.000,1.449,2.309,2.811,37149.619,37384.089,37399.199,61791,170671,26828800,13262848,49321,17,2026-08-04T08:25:45.733888Z
M3,163,saturated,M3,false,1305.000,1.690,2.508,3.234,37143.497,37379.064,37409.724,64395,171801,27107328,13385728,49294,20,2026-08-04T08:25:45.733888Z
M3,164,saturated,M3,false,1327.000,1.615,4.062,6.060,37234.070,37452.330,37468.599,67115,173415,27312128,13500416,49380,9,2026-08-04T08:25:45.733888Z
M3,165,saturated,M3,false,1431.000,1.557,2.368,3.261,37154.682,37389.034,37415.807,69749,174781,27557888,13615104,49233,0,2026-08-04T08:25:45.733888Z
M3,166,saturated,M3,false,1357.000,1.680,2.271,6.137,37088.801,37291.146,37336.785,72696,176027,27803648,13754368,49316,21,2026-08-04T08:25:45.733888Z
M3,167,saturated,M3,false,1365.000,1.621,2.299,2.696,37025.026,37257.791,37274.383,75299,177475,28065792,13869056,49409,1,2026-08-04T08:25:45.733888Z
M3,168,saturated,M3,false,1206.000,1.619,10.087,25.459,37061.751,37255.346,37280.501,78018,178950,28262400,13975552,49367,6,2026-08-04T08:25:45.733888Z
M3,169,saturated,M3,false,1340.000,1.712,2.743,6.094,37176.685,37408.800,37436.984,80444,179858,28524544,14106624,49338,1,2026-08-04T08:25:45.733888Z
M3,170,saturated,M3,false,1380.000,1.707,2.808,3.705,37194.487,37420.322,37437.507,83188,181542,28745728,14213120,49247,2,2026-08-04T08:25:45.733888Z
M3,171,saturated,M3,false,1368.000,1.613,2.344,2.767,37201.767,37430.400,37447.866,85928,182715,29016064,14344192,49347,0,2026-08-04T08:25:45.733888Z
M3,172,saturated,M3,false,1360.000,1.739,2.538,2.963,37208.445,37435.246,37466.700,88705,184202,29237248,14458880,49339,0,2026-08-04T08:25:45.733888Z
M3,173,saturated,M3,false,1396.000,1.696,2.731,3.047,37216.239,37443.530,37466.746,91429,185554,29507584,14581760,49253,21,2026-08-04T08:25:45.733888Z
M3,174,saturated,M3,false,1311.000,1.731,2.622,2.973,37242.224,37463.479,37482.076,94198,186849,29736960,14696448,49346,0,2026-08-04T08:25:45.733888Z
M3,175,saturated,M3,false,1363.000,1.641,2.428,10.440,37266.287,37489.734,37511.408,96911,188512,30007296,14819328,49373,0,2026-08-04T08:25:45.733888Z
M3,176,saturated,M3,false,1352.000,1.758,2.548,3.038,37194.584,37455.519,37486.796,99646,190020,30212096,14934016,49259,16,2026-08-04T08:25:45.733888Z
M3,177,saturated,M3,false,1391.000,1.622,2.442,3.518,37125.361,37352.477,37374.279,102350,191355,30523392,15073280,49328,0,2026-08-04T08:25:45.733888Z
M3,178,saturated,M3,false,1222.000,1.653,7.985,22.598,37099.655,37298.097,37315.879,105133,192789,30785536,15187968,49447,0,2026-08-04T08:25:45.733888Z
M3,179,saturated,M3,false,1340.000,1.629,2.628,5.826,37217.419,37429.545,37459.843,107463,194144,30998528,15294464,49343,14,2026-08-04T08:25:45.733888Z
M3,180,saturated,M3,false,1366.000,1.729,2.621,3.436,37200.446,37426.733,37444.277,110153,195247,31227904,15409152,49202,18,2026-08-04T08:25:45.733888Z
M3,181,saturated,M3,false,1280.000,1.690,2.913,5.276,37200.404,37412.872,37435.431,113007,116621,17629184,8232960,49429,32,2026-08-04T08:25:45.733888Z
M3,182,saturated,M3,false,1381.000,1.566,2.356,2.865,37198.387,37414.486,37441.058,115531,118128,17809408,8339456,49349,1,2026-08-04T08:25:45.733888Z
M3,183,saturated,M3,false,1379.000,1.616,2.782,4.017,37166.783,37406.883,37454.090,118298,119477,18046976,8445952,49143,17,2026-08-04T08:25:45.733888Z
M3,184,saturated,M3,false,1380.000,1.575,2.211,5.560,37127.073,37344.863,37361.576,121074,121193,18325504,8585216,49446,18,2026-08-04T08:25:45.733888Z
M3,185,saturated,M3,false,1366.000,1.704,2.487,5.733,37089.884,37326.778,37352.055,123857,122523,18554880,8708096,49345,21,2026-08-04T08:25:45.733888Z
M3,186,saturated,M3,false,1337.000,1.724,2.485,2.858,37013.871,37272.445,37305.251,126539,123601,18784256,8822784,49187,22,2026-08-04T08:25:45.733888Z
M3,187,saturated,M3,false,1326.000,1.802,2.553,2.928,36928.407,37154.002,37174.887,129234,124788,19030016,8937472,49468,16,2026-08-04T08:25:45.733888Z
M3,188,saturated,M3,false,1177.000,1.823,9.372,25.747,36944.689,37159.409,37180.621,131872,126286,19283968,9060352,49483,4,2026-08-04T08:25:45.733888Z
M3,189,saturated,M3,false,1301.000,1.736,3.084,7.378,37063.569,37271.789,37295.924,134333,127601,19464192,9158656,49225,22,2026-08-04T08:25:45.733888Z
M3,190,saturated,M3,false,1291.000,1.738,2.928,12.022,37162.540,37390.578,37412.754,136834,128534,19726336,9289728,49401,1,2026-08-04T08:25:45.733888Z
M3,191,saturated,M3,false,1300.000,1.693,2.893,6.332,37251.112,37467.956,37496.730,139433,130042,20070400,9404416,49413,20,2026-08-04T08:25:45.733888Z
M3,192,saturated,M3,false,1380.000,1.750,2.469,2.990,37219.967,37455.390,37496.810,142134,131165,20242432,9510912,49164,1,2026-08-04T08:25:45.733888Z
M3,193,saturated,M3,false,1341.000,1.764,3.097,3.438,37195.805,37413.152,37441.842,144919,132495,20545536,9666560,49382,19,2026-08-04T08:25:45.733888Z
M3,194,saturated,M3,false,1383.000,1.594,2.710,3.194,37198.239,37405.614,37427.008,147658,134125,20766720,9805824,49391,20,2026-08-04T08:25:45.733888Z
M3,195,saturated,M3,false,1340.000,1.791,2.840,4.545,37210.101,37435.456,37452.121,150366,135526,20987904,9912320,49205,19,2026-08-04T08:25:45.733888Z
M3,196,saturated,M3,false,1385.000,1.644,2.505,3.769,37025.660,37249.747,37268.872,153129,136877,21250048,10051584,49357,13,2026-08-04T08:25:45.733888Z
M3,197,saturated,M3,false,1340.000,1.801,2.503,2.849,37014.430,37244.715,37262.381,155851,138448,21504000,10174464,49418,3,2026-08-04T08:25:45.733888Z
M3,198,saturated,M3,false,1125.000,1.665,10.714,32.152,37078.598,37275.128,37314.656,158428,139636,21725184,10297344,49401,24,2026-08-04T08:25:45.733888Z
M3,199,saturated,M3,false,1360.000,1.492,2.753,5.237,37210.001,37435.586,37458.728,1052,140800,21938176,10452992,49356,2,2026-08-04T08:26:45.748727Z
M3,200,saturated,M3,false,1281.000,1.809,2.723,3.662,37252.956,37471.392,37506.766,3708,141976,21938176,10534912,49277,1,2026-08-04T08:26:45.748727Z
M3,201,saturated,M3,false,1285.000,1.696,5.572,8.880,37326.221,37544.706,37574.108,6269,143815,21946368,10625024,49459,19,2026-08-04T08:26:45.748727Z
M3,202,saturated,M3,false,1340.000,1.697,2.729,3.904,37270.345,37502.739,37534.539,8922,144992,22249472,10698752,49278,0,2026-08-04T08:26:45.748727Z
M3,203,saturated,M3,false,1340.000,1.673,2.385,3.941,37312.284,37529.452,37576.580,11624,146086,22454272,10780672,49231,9,2026-08-04T08:26:45.748727Z
M3,204,saturated,M3,false,1347.000,1.766,2.585,3.209,37415.711,37642.735,37672.212,14295,147863,22749184,10903552,49470,0,2026-08-04T08:26:45.748727Z
M3,205,saturated,M3,false,1360.000,1.710,2.578,2.918,37341.306,37636.120,37669.776,17069,147863,22937600,11026432,49255,4,2026-08-04T08:26:45.748727Z
M3,206,saturated,M3,false,1340.000,1.737,3.652,4.468,37315.440,37524.359,37545.210,19731,149269,23216128,11157504,49275,0,2026-08-04T08:26:45.748727Z
M3,207,saturated,M3,false,1360.000,1.656,2.914,5.314,37229.578,37451.216,37475.437,22467,150631,23478272,11296768,49430,6,2026-08-04T08:26:45.748727Z
M3,208,saturated,M3,false,1140.000,1.860,12.614,35.009,37310.248,37588.172,37629.321,25029,152146,23699456,11395072,49469,2,2026-08-04T08:26:45.748727Z
M3,209,saturated,M3,false,1247.000,1.788,2.905,9.051,37480.596,37714.443,37745.235,27440,153331,23945216,11517952,49316,8,2026-08-04T08:26:45.748727Z
M3,210,saturated,M3,false,1380.000,1.663,2.468,2.881,37515.484,37730.428,37772.409,30055,154478,24141824,11632640,49251,8,2026-08-04T08:26:45.748727Z
M3,211,saturated,M3,false,1380.000,1.541,2.420,3.900,37481.694,37705.693,37719.646,32797,155737,24412160,11780096,49372,0,2026-08-04T08:26:45.748727Z
M3,212,saturated,M3,false,1326.000,1.645,2.368,2.856,37542.268,37777.460,37815.033,33480,157255,24518656,11845632,49309,1,2026-08-04T08:26:45.748727Z
M3,213,saturated,M3,false,1359.000,1.585,2.707,20.216,37553.433,37779.314,37819.600,38079,158560,24879104,12042240,49291,0,2026-08-04T08:26:45.748727Z
M3,214,saturated,M3,false,1364.000,1.613,2.337,2.949,37481.254,37703.112,37734.539,40837,160579,25116672,12189696,49336,0,2026-08-04T08:26:45.748727Z
M3,215,saturated,M3,false,1342.000,1.641,2.729,4.825,37539.506,37752.404,37772.725,43575,161960,25378816,12320768,49331,1,2026-08-04T08:26:45.748727Z
M3,216,saturated,M3,false,1379.000,1.672,2.654,3.388,37525.971,37756.994,37784.555,46329,163277,25583616,12435456,49273,1,2026-08-04T08:26:45.748727Z
M3,217,saturated,M3,false,1323.000,1.757,2.749,3.140,37380.635,37639.615,37679.921,49032,164662,25862144,12558336,49393,1,2026-08-04T08:26:45.748727Z
M3,218,saturated,M3,false,1151.000,1.715,8.961,27.526,37383.580,37614.819,37645.570,51580,166060,26066944,12664832,49520,1,2026-08-04T08:26:45.748727Z
M3,219,saturated,M3,false,1347.000,1.504,2.843,5.001,37653.346,37869.715,37908.270,54067,167283,26288128,12779520,49249,0,2026-08-04T08:26:45.748727Z
M3,220,saturated,M3,false,1380.000,1.714,2.526,3.580,37538.534,37781.213,37827.423,56762,168590,26501120,12894208,49211,0,2026-08-04T08:26:45.748727Z
M3,221,saturated,M3,false,1325.000,1.653,2.757,3.106,37477.604,37726.026,37771.726,59536,170190,26804224,13033472,49504,0,2026-08-04T08:26:45.748727Z
M3,222,saturated,M3,false,1380.000,1.578,2.647,3.524,37696.662,37915.537,37943.489,62221,171607,27017216,13139968,49263,0,2026-08-04T08:26:45.748727Z
M3,223,saturated,M3,false,1387.000,1.612,2.492,3.754,37560.388,37820.133,37862.395,64975,172391,27238400,13271040,49142,0,2026-08-04T08:26:45.748727Z
M3,224,saturated,M3,false,1388.000,1.595,2.513,2.968,37495.375,37730.239,37772.681,67767,173996,27516928,13402112,49480,1,2026-08-04T08:26:45.748727Z
M3,225,saturated,M3,false,1261.000,1.808,3.045,4.830,37652.952,37869.497,37912.133,70308,175524,27746304,13516800,49390,1,2026-08-04T08:26:45.748727Z
M3,226,saturated,M3,false,1319.000,1.842,3.071,3.948,37535.258,37778.409,37821.160,72852,176554,27983872,13623296,49190,1,2026-08-04T08:26:45.748727Z
M3,227,saturated,M3,false,1342.000,1.741,2.786,3.415,37366.078,37598.085,37614.418,73519,176554,28114944,13688832,49419,1,2026-08-04T08:26:45.748727Z
M3,228,saturated,M3,false,1128.000,1.825,6.924,36.526,37513.538,37703.901,37747.048,76334,177924,28385280,13819904,49488,21,2026-08-04T08:26:45.748727Z
M3,229,saturated,M3,false,1419.000,1.457,2.868,4.092,37527.093,37791.253,37829.628,80692,180557,28672000,13967360,49414,11,2026-08-04T08:26:45.748727Z
M3,230,saturated,M3,false,1380.000,1.555,2.284,2.671,37366.750,37598.415,37615.261,81413,180557,28737536,14016512,48956,0,2026-08-04T08:26:45.748727Z
M3,231,saturated,M3,false,1340.000,1.708,2.528,6.318,37560.609,37796.005,37837.335,84227,181539,29081600,14163968,49581,12,2026-08-04T08:26:45.748727Z
M3,232,saturated,M3,false,1337.000,1.755,2.801,4.385,37514.624,37746.594,37794.901,86920,183484,29278208,14286848,49443,1,2026-08-04T08:26:45.748727Z
M3,233,saturated,M3,false,1343.000,1.615,2.836,3.275,37427.942,37665.954,37712.902,89593,184747,29507584,14393344,48956,20,2026-08-04T08:26:45.748727Z
M3,234,saturated,M3,false,1243.000,1.993,3.486,11.312,37632.986,37884.031,37915.840,92296,185559,29769728,14532608,49601,0,2026-08-04T08:26:45.748727Z
M3,235,saturated,M3,false,1281.000,1.747,2.979,3.899,37652.073,37887.159,37921.029,94852,187504,30031872,14647296,49559,14,2026-08-04T08:26:45.748727Z
M3,236,saturated,M3,false,1355.000,1.548,2.977,4.439,37602.170,37810.321,37835.042,97447,188670,30171136,14729216,48913,1,2026-08-04T08:26:45.748727Z
M3,237,saturated,M3,false,1323.000,1.923,3.465,4.544,37492.819,37716.898,37763.867,100133,189366,30498816,14876672,49491,0,2026-08-04T08:26:45.748727Z
M3,238,saturated,M3,false,1088.000,1.873,10.912,22.311,37526.967,37725.479,37840.088,102783,191315,30769152,15007744,49632,14,2026-08-04T08:26:45.748727Z
M3,239,saturated,M3,false,1428.000,1.406,2.569,4.878,37676.355,37903.157,37947.192,105164,192720,30941184,15081472,49070,0,2026-08-04T08:26:45.748727Z
M3,240,saturated,M3,false,1355.000,1.671,2.583,8.975,37492.541,37713.997,37757.280,107835,193343,31195136,15228928,49198,21,2026-08-04T08:26:45.748727Z
M3,241,saturated,M3,false,1280.000,1.732,3.281,4.972,37542.439,37801.894,37846.493,110584,114902,17506304,8028160,49726,14,2026-08-04T08:26:45.748727Z
M3,242,saturated,M3,false,1400.000,1.632,2.409,3.134,37642.485,37871.986,37910.971,113225,117209,17670144,8126464,49076,19,2026-08-04T08:26:45.748727Z
M3,243,saturated,M3,false,1350.000,1.640,2.486,3.102,37486.628,37711.707,37743.719,115997,117961,17915904,8241152,49118,1,2026-08-04T08:26:45.748727Z
M3,244,saturated,M3,false,1330.000,1.700,2.501,3.255,37556.518,37798.573,37841.473,118707,120011,18243584,8388608,49786,21,2026-08-04T08:26:45.748727Z
M3,245,saturated,M3,false,1360.000,1.724,2.489,2.943,37618.753,37843.471,37875.014,121391,121288,18382848,8470528,49096,0,2026-08-04T08:26:45.748727Z
M3,246,saturated,M3,false,1300.000,1.604,2.403,3.041,37519.538,37757.715,37795.984,124066,121981,18620416,8593408,49118,0,2026-08-04T08:26:45.748727Z
M3,247,saturated,M3,false,1342.000,1.694,2.516,2.821,37330.776,37596.163,37633.473,126603,124031,18939904,8749056,49784,21,2026-08-04T08:26:45.748727Z
M3,248,saturated,M3,false,1066.000,2.013,22.898,35.361,37411.260,37631.158,37663.008,129317,125278,19103744,8847360,49104,20,2026-08-04T08:26:45.748727Z
M3,249,saturated,M3,false,1287.000,1.605,4.741,6.531,37671.346,37894.900,37923.753,131605,126005,19324928,8945664,49339,1,2026-08-04T08:26:45.748727Z
M3,250,saturated,M3,false,1323.000,1.744,2.955,3.629,37641.493,37893.391,37920.845,134096,127751,19595264,9068544,49587,1,2026-08-04T08:26:45.748727Z
M3,251,saturated,M3,false,1368.000,1.635,3.012,6.081,37680.738,37892.407,37919.244,136722,128961,19791872,9150464,49071,1,2026-08-04T08:26:45.748727Z
M3,252,saturated,M3,false,1328.000,1.805,2.696,11.713,37695.654,37919.885,37947.305,139431,129898,20119552,9297920,49310,7,2026-08-04T08:26:45.748727Z
M3,253,saturated,M3,false,1253.000,1.890,7.736,20.875,37776.215,37988.606,38016.431,142080,131782,20332544,9428992,49718,1,2026-08-04T08:26:45.748727Z
M3,254,saturated,M3,false,1281.000,2.057,3.097,4.151,37774.733,37985.086,38008.228,144655,131782,20553728,9519104,49070,15,2026-08-04T08:26:45.748727Z
M3,255,saturated,M3,false,1259.000,2.125,3.687,4.760,37866.587,38110.310,38141.447,147249,133144,20815872,9650176,49312,9,2026-08-04T08:26:45.748727Z
M3,256,saturated,M3,false,1254.000,1.721,4.601,53.586,37904.734,38141.545,38181.296,149776,134646,21094400,9789440,49627,0,2026-08-04T08:26:45.748727Z
M3,257,saturated,M3,false,1280.000,1.761,3.864,8.864,37833.033,38132.873,38174.308,152316,136387,21250048,9879552,49147,12,2026-08-04T08:26:45.748727Z
M3,258,saturated,M3,false,689.000,3.013,27.779,49.131,37870.035,38329.509,38501.507,154806,137015,21504000,10002432,49464,1,2026-08-04T08:26:45.748727Z
M3,259,saturated,M3,false,911.000,1.998,14.239,169.100,38631.373,38941.174,38970.617,156240,138454,21676032,10092544,50410,283,2026-08-04T08:26:45.748727Z
M3,260,saturated,M3,false,1302.000,1.570,3.988,7.951,38822.060,39054.824,39092.305,1887,140486,21692416,10158080,49147,7,2026-08-04T08:27:45.773683Z
M3,261,saturated,M3,false,1346.000,1.727,3.365,4.997,38679.946,39028.014,39070.830,4539,140486,21692416,10231808,48871,0,2026-08-04T08:27:45.773683Z
M3,262,saturated,M3,false,1405.000,1.216,3.321,13.086,38672.816,38918.349,38962.982,7301,141825,22003712,10354688,49921,1,2026-08-04T08:27:45.773683Z
M3,263,saturated,M3,false,1160.000,1.851,4.824,11.020,38841.379,39175.917,39225.646,10093,144256,22061056,10412032,49177,16,2026-08-04T08:27:45.773683Z
M3,264,saturated,M3,false,929.000,2.183,35.959,55.322,39246.102,39408.425,39437.841,12273,144842,22331392,10493952,49376,11,2026-08-04T08:27:45.773683Z
M3,265,saturated,M3,false,1307.000,1.695,3.630,6.063,39066.514,39279.724,39322.898,14303,145947,22552576,10625024,49794,0,2026-08-04T08:27:45.773683Z
M3,266,saturated,M3,false,1179.000,1.974,4.799,16.982,39215.087,39460.391,39490.779,16932,147708,22700032,10690560,48968,1,2026-08-04T08:27:45.773683Z
M3,267,saturated,M3,false,906.000,2.248,24.619,89.320,39622.348,39924.656,39950.620,19101,148650,22953984,10821632,49797,1,2026-08-04T08:27:45.773683Z
M3,268,saturated,M3,false,909.000,2.698,24.060,46.167,39738.329,39995.063,40024.317,21073,148650,23134208,10919936,49824,18,2026-08-04T08:27:45.773683Z
M3,269,saturated,M3,false,1330.000,1.679,3.678,5.956,39654.997,40046.349,40080.301,23068,150581,23240704,10985472,48867,0,2026-08-04T08:27:45.773683Z
M3,270,saturated,M3,false,1363.000,1.625,2.895,3.460,39764.202,39985.511,40002.698,25679,151641,23527424,11124736,49349,20,2026-08-04T08:27:45.773683Z
M3,271,saturated,M3,false,1340.000,1.509,3.015,4.740,40058.985,40316.964,40359.359,28424,154294,23838720,11280384,49720,18,2026-08-04T08:27:45.773683Z
M3,272,saturated,M3,false,1300.000,1.867,2.936,4.066,39727.743,40128.598,40161.911,31123,154294,23969792,11370496,48950,1,2026-08-04T08:27:45.773683Z
M3,273,saturated,M3,false,1122.000,1.875,5.270,25.405,39730.206,39968.036,39999.319,33751,155078,24272896,11517952,49370,14,2026-08-04T08:27:45.773683Z
M3,274,saturated,M3,false,1215.000,1.848,5.490,8.531,40252.099,40446.232,40473.990,36025,156819,24518656,11640832,50004,16,2026-08-04T08:27:45.773683Z
M3,275,saturated,M3,false,1343.000,1.653,3.716,6.871,40078.101,40625.066,40664.302,38428,158252,24608768,11722752,48719,20,2026-08-04T08:27:45.773683Z
M3,276,saturated,M3,false,1290.000,1.736,2.856,4.247,39788.480,40027.001,40083.475,41130,158507,24911872,11886592,49278,7,2026-08-04T08:27:45.773683Z
M3,277,saturated,M3,false,1295.000,1.942,2.896,3.369,40192.122,40410.913,40453.600,43759,160386,25264128,12034048,50058,18,2026-08-04T08:27:45.773683Z
M3,278,saturated,M3,false,1207.000,1.645,10.018,24.808,40226.427,40573.412,40599.621,46407,162240,25337856,12099584,48702,0,2026-08-04T08:27:45.773683Z
M3,279,saturated,M3,false,1384.000,1.557,2.546,3.308,39786.476,40007.394,40051.123,48809,162240,25608192,12230656,49414,20,2026-08-04T08:27:45.773683Z
M3,280,saturated,M3,false,1282.000,1.565,5.184,32.923,40071.494,40402.393,40453.723,51509,164374,25960448,12369920,49878,19,2026-08-04T08:27:45.773683Z
M3,281,saturated,M3,false,1029.000,2.011,10.470,14.219,40430.621,40752.287,40776.997,53930,165996,26017792,12435456,48987,17,2026-08-04T08:27:45.773683Z
M3,282,saturated,M3,false,1040.000,2.316,12.208,16.597,40320.731,40697.564,40736.856,56121,166373,26312704,12558336,49607,22,2026-08-04T08:27:45.773683Z
M3,283,saturated,M3,false,1323.000,1.749,2.974,6.011,40300.944,40590.665,40632.098,58357,168042,26525696,12656640,49646,18,2026-08-04T08:27:45.773683Z
M3,284,saturated,M3,false,1360.000,1.667,2.552,3.689,40701.612,40929.553,40947.698,61038,169408,26664960,12754944,48703,0,2026-08-04T08:27:45.773683Z
M3,285,saturated,M3,false,1303.000,1.732,5.775,8.732,40634.066,41066.713,41110.292,63717,170732,27000832,12902400,49648,14,2026-08-04T08:27:45.773683Z
M3,286,saturated,M3,false,1249.000,1.946,3.888,5.300,40327.175,40593.276,40622.538,66170,173015,27246592,13008896,49746,6,2026-08-04T08:27:45.773683Z
M3,287,saturated,M3,false,1231.000,1.929,2.846,3.393,40770.638,41028.607,41080.242,68722,173366,27377664,13082624,48732,13,2026-08-04T08:27:45.773683Z
M3,288,saturated,M3,false,1093.000,2.059,10.796,47.763,41005.206,41263.439,41294.444,71220,174771,27738112,13230080,49642,0,2026-08-04T08:27:45.773683Z
M3,289,saturated,M3,false,1223.000,2.022,6.598,18.468,40636.322,40875.000,40939.127,73387,176769,27967488,13336576,49930,0,2026-08-04T08:27:45.773683Z
M3,290,saturated,M3,false,1245.000,1.893,3.186,6.403,40891.706,41189.366,41232.866,75865,176942,28057600,13418496,48775,21,2026-08-04T08:27:45.773683Z
M3,291,saturated,M3,false,1384.000,1.524,3.473,5.597,40831.124,41210.569,41238.376,78383,177889,28385280,13549568,49348,4,2026-08-04T08:27:45.773683Z
M3,292,saturated,M3,false,1360.000,1.705,2.469,2.832,40630.886,40884.848,40929.072,81174,180271,28663808,13688832,49777,1,2026-08-04T08:27:45.773683Z
M3,293,saturated,M3,false,1328.000,1.673,4.138,6.959,40837.132,41140.971,41171.159,83927,181086,28827648,13770752,48827,8,2026-08-04T08:27:45.773683Z
M3,294,saturated,M3,false,1280.000,1.939,3.137,4.518,40824.826,41146.560,41190.774,86587,182069,29106176,13910016,49448,19,2026-08-04T08:27:45.773683Z
M3,295,saturated,M3,false,1003.000,2.303,7.870,11.013,40631.655,40894.557,40925.450,88925,184327,29401088,14024704,50020,22,2026-08-04T08:27:45.773683Z
M3,296,saturated,M3,false,1229.000,1.807,4.097,20.839,41080.732,41373.166,41419.083,91079,184691,29491200,14082048,48944,15,2026-08-04T08:27:45.773683Z
M3,297,saturated,M3,false,1314.000,1.643,3.642,6.047,41133.618,41448.069,41496.881,93669,184691,29736960,14213120,49098,18,2026-08-04T08:27:45.773683Z
M3,298,saturated,M3,false,1083.000,1.415,17.770,41.951,40659.824,40960.467,40991.111,96340,186418,30072832,14360576,49935,6,2026-08-04T08:27:45.773683Z
M3,299,saturated,M3,false,1340.000,1.608,3.439,5.188,41074.814,41286.257,41329.901,98508,188658,30179328,14434304,49215,0,2026-08-04T08:27:45.773683Z
M3,300,saturated,M3,true,1352.000,1.895,2.855,3.419,39951.300,41208.063,41343.435,101165,189128,30384128,14540800,48830,1,2026-08-04T08:27:45.773683Z
M3,301,saturated,M3,true,89.000,2.071,3.621,3.852,40001.479,40030.194,40031.160,101165,189128,30384128,14540800,48830,1,2026-08-04T08:27:45.773683Z
M3,302,saturated,M3,true,0.000,0.000,0.000,0.000,0.000,0.000,0.000,101165,189128,30384128,14540800,48830,1,2026-08-04T08:27:45.773683Z
M3,303,saturated,M3,true,1121.000,1.863,4.462,7.525,42101.075,42372.359,42403.841,103398,191190,30941184,14696448,50293,1529,2026-08-04T08:27:45.773683Z
M3,304,saturated,M3,true,1242.000,2.187,3.638,5.772,42556.934,42821.321,42867.492,105960,192323,31293440,14778368,49359,4114,2026-08-04T08:27:45.773683Z
M3,305,saturated,M3,true,1343.000,1.982,2.887,44.872,42705.028,43079.302,43109.378,108406,193586,31760384,14909440,49335,6608,2026-08-04T08:27:45.773683Z
M3,306,saturated,M3,true,1310.000,2.257,3.293,4.226,42149.263,42311.954,42327.078,111130,194833,32284672,15024128,49343,9333,2026-08-04T08:27:45.773683Z
M3,307,saturated,M3,true,1342.000,2.016,3.020,7.654,42334.302,42548.409,42582.666,113830,196187,32792576,15138816,49319,12025,2026-08-04T08:27:45.773683Z
M3,308,saturated,M3,true,1148.000,2.308,11.617,24.618,41608.862,41848.746,41877.293,116502,197542,33292288,15253504,49300,14715,2026-08-04T08:27:45.773683Z
M3,309,saturated,M3,true,1281.000,2.404,3.792,10.795,42057.985,42345.163,42386.682,118669,198885,33710080,15351808,49360,16890,2026-08-04T08:27:45.773683Z
M3,310,saturated,M3,true,1413.000,2.140,3.131,3.465,41184.913,42502.103,42548.025,121409,199970,34234368,15466496,49280,19656,2026-08-04T08:27:45.773683Z
M3,311,saturated,M3,true,1135.000,2.548,8.059,15.753,41592.657,41929.393,41959.585,124254,201350,34701312,15581184,49529,22039,2026-08-04T08:27:45.773683Z
M3,312,saturated,M3,true,1259.000,2.668,6.420,9.415,42029.221,42337.547,42367.940,126492,202527,35160064,15687680,49370,24577,2026-08-04T08:27:45.773683Z
M3,313,saturated,M3,true,1334.000,2.758,4.442,5.238,41742.215,42337.139,42387.088,129068,203800,35635200,15802368,49354,27158,2026-08-04T08:27:45.773683Z
M3,314,saturated,M3,true,1365.000,2.219,4.163,10.684,41680.418,42010.471,42046.363,131774,205345,36159488,15933440,49349,29911,2026-08-04T08:27:45.773683Z
M3,315,saturated,M3,true,1040.000,3.342,6.048,8.671,42073.496,42521.930,42550.541,134416,206446,36585472,16031744,49601,32030,2026-08-04T08:27:45.773683Z
M3,316,saturated,M3,true,1334.000,2.596,4.178,4.743,41410.979,42467.935,42509.836,136597,207516,37150720,16138240,49338,34712,2026-08-04T08:27:45.773683Z
M3,317,saturated,M3,true,1307.000,2.852,4.479,7.558,41544.647,41909.636,41960.377,139319,208847,37642240,16261120,49341,37387,2026-08-04T08:27:45.773683Z
M3,318,saturated,M3,true,1098.000,3.183,13.172,20.707,42061.128,42571.945,42598.642,141870,210190,38117376,16384000,49364,39945,2026-08-04T08:27:45.773683Z
M3,319,saturated,M3,true,1353.000,2.333,4.959,6.860,42254.030,42665.460,42695.631,40984,210270,38559744,16498688,49325,42231,2026-08-04T08:28:45.634817Z
M3,320,saturated,M3,true,1344.000,1.986,4.339,17.018,41645.953,42060.596,42099.825,44759,212159,38985728,16629760,49310,44902,2026-08-04T08:28:45.728765Z
M3,321,saturated,M3,true,1381.000,2.118,4.599,6.526,42036.587,42425.843,42475.519,47742,212159,39624704,16752640,49316,47758,2026-08-04T08:28:45.728765Z
M3,322,saturated,M3,true,1371.000,2.490,4.210,4.927,41466.262,42361.996,42399.118,50437,214257,40124416,16875520,49320,50449,2026-08-04T08:28:45.728765Z
M3,323,saturated,M3,true,1314.000,2.629,5.083,6.068,41448.020,41734.657,41775.447,53166,215602,40591360,17006592,49324,53146,2026-08-04T08:28:45.728765Z
M3,324,saturated,M3,true,1360.000,2.353,4.846,5.906,41560.035,41865.981,41909.770,55903,216962,41123840,17137664,49302,55915,2026-08-04T08:28:45.728765Z
M3,325,saturated,M3,true,1462.000,1.933,3.920,5.690,40932.044,41185.352,41218.339,58614,218574,41615360,17268736,49301,58687,2026-08-04T08:28:45.728765Z
M3,326,saturated,M3,true,1061.000,2.486,13.368,20.407,41397.228,41729.752,41759.452,61611,219699,42106880,17391616,49450,61184,2026-08-04T08:28:45.728765Z
M3,327,saturated,M3,true,1255.000,2.248,8.480,59.046,41867.054,42165.648,42196.959,63170,221090,42590208,17506304,49678,63364,2026-08-04T08:28:45.728765Z
M3,328,saturated,M3,true,1190.000,2.286,11.692,29.260,40947.568,41197.031,41231.772,66067,222328,42975232,17604608,48739,66267,2026-08-04T08:28:45.728765Z
M3,329,saturated,M3,true,1326.000,2.652,5.995,8.191,41502.709,41825.762,41864.357,68359,222905,43548672,17752064,49786,68436,2026-08-04T08:28:45.728765Z
M3,330,saturated,M3,true,1438.000,2.047,4.361,5.712,41693.973,42025.161,42059.629,71127,225833,44007424,17858560,49398,71259,2026-08-04T08:28:45.728765Z
M3,331,saturated,M3,true,1381.000,2.381,5.162,7.078,40701.100,41044.051,41081.540,74077,226208,44457984,17965056,48674,74176,2026-08-04T08:28:45.728765Z
M3,332,saturated,M3,true,1408.000,2.290,4.498,5.647,41129.528,41496.083,41532.971,76802,228057,45129728,18145280,49871,76960,2026-08-04T08:28:45.728765Z
M3,333,saturated,M3,true,1168.000,2.821,10.652,19.404,41174.299,41551.043,41592.134,79663,230019,45563904,18251776,49515,79443,2026-08-04T08:28:45.728765Z
M3,334,saturated,M3,true,1181.000,3.102,8.685,12.433,40820.825,41062.528,41081.150,81824,230368,45948928,18350080,48877,81847,2026-08-04T08:28:45.728765Z
M3,335,saturated,M3,true,1390.000,2.268,5.482,6.919,41294.192,41539.342,41571.956,84339,231811,46514176,18497536,49698,84371,2026-08-04T08:28:45.728765Z
M3,336,saturated,M3,true,1451.000,1.966,3.869,5.807,41304.392,41697.661,41733.281,87205,233736,46997504,18628608,49298,87296,2026-08-04T08:28:45.728765Z
M3,337,saturated,M3,true,1354.000,2.486,6.665,10.450,40385.346,40643.146,40692.396,90117,234548,47505408,18726912,48886,90148,2026-08-04T08:28:45.728765Z
M3,338,saturated,M3,true,1062.000,2.963,16.104,39.549,40880.376,41164.325,41190.970,92786,236386,48095232,18874368,49852,92795,2026-08-04T08:28:45.728765Z
M3,339,saturated,M3,true,1115.000,3.940,11.617,17.205,41301.217,41609.675,41651.638,94836,236386,48447488,18956288,49672,94688,2026-08-04T08:28:45.728765Z
M3,340,saturated,M3,true,1394.000,2.569,4.755,6.105,40399.019,40627.568,40664.590,97196,237781,48816128,19030016,48723,97230,2026-08-04T08:28:45.728765Z
M3,341,saturated,M3,true,1381.000,2.460,5.241,8.675,40694.911,41042.490,41078.960,99955,239277,49430528,19202048,49514,100058,2026-08-04T08:28:45.728765Z
M3,342,saturated,M3,true,1243.000,3.336,7.554,11.562,39203.975,39637.262,39675.121,102710,241601,49938432,19324928,49785,102571,2026-08-04T08:28:45.728765Z
M3,343,saturated,M3,true,1247.000,2.638,6.595,31.623,38671.301,38910.725,38930.561,105291,242148,50323456,19406848,48768,105311,2026-08-04T08:28:45.728765Z
M3,344,saturated,M3,true,1354.000,2.794,4.956,8.726,38727.179,38950.610,38971.034,107674,243189,50872320,19546112,49559,107683,2026-08-04T08:28:45.728765Z
M3,345,saturated,M3,true,1390.000,2.395,5.086,7.453,38673.260,38886.287,38915.055,110522,245614,51437568,19677184,49567,110567,2026-08-04T08:28:45.728765Z
M3,346,saturated,M3,true,1380.000,2.612,5.019,6.925,38649.838,38872.868,38916.980,113245,245614,51879936,19759104,48800,113292,2026-08-04T08:28:45.728765Z
M3,347,saturated,M3,true,1304.000,2.859,6.288,17.998,38569.828,38829.286,38867.053,116028,246460,52469760,19922944,49557,116022,2026-08-04T08:28:45.728765Z
M3,348,saturated,M3,true,1008.000,2.885,18.015,90.654,38539.082,38706.483,38725.521,118616,248579,52961280,20029440,49735,118590,2026-08-04T08:28:45.728765Z
M3,349,saturated,M3,true,742.000,6.781,22.449,41.360,38928.334,39242.883,39269.571,120252,249801,53166080,20078592,49366,119912,2026-08-04T08:28:45.728765Z
M3,350,saturated,M3,true,993.000,3.866,25.986,86.774,39422.926,39671.148,39711.675,121741,250774,53477376,20152320,49682,121457,2026-08-04T08:28:45.728765Z
M3,351,saturated,M3,true,1258.000,3.123,6.094,8.282,39337.184,39567.066,39586.966,124128,250774,53895168,20258816,49109,124043,2026-08-04T08:28:45.728765Z
M3,352,saturated,M3,true,1237.000,2.853,6.190,44.741,39322.480,39569.179,39594.510,126694,252129,54394880,20381696,49255,126637,2026-08-04T08:28:45.728765Z
M3,353,saturated,M3,true,1061.000,4.194,16.083,24.249,39552.936,39823.059,39852.884,128758,253826,54878208,20496384,49986,128590,2026-08-04T08:28:45.728765Z
M3,354,saturated,M3,true,1316.000,2.946,6.177,8.732,39616.431,39838.896,39862.790,131284,255228,55246848,20578304,48892,131214,2026-08-04T08:28:45.728765Z
M3,355,saturated,M3,true,1189.000,3.843,8.703,12.324,39469.032,39698.862,39728.560,133840,255959,55754752,20684800,49235,133704,2026-08-04T08:28:45.728765Z
M3,356,saturated,M3,true,1151.000,4.298,8.441,18.575,39637.184,39870.101,39909.925,136120,258310,56279040,20832256,50129,135935,2026-08-04T08:28:45.728765Z
M3,357,saturated,M3,true,1269.000,3.411,6.786,8.920,39686.147,39901.082,39921.878,138608,258310,56614912,20897792,48906,138481,2026-08-04T08:28:45.728765Z
M3,358,saturated,M3,true,952.000,3.821,22.571,62.500,39689.734,39934.279,40039.924,141151,258868,57122816,21012480,49247,140960,2026-08-04T08:28:45.728765Z
M3,359,saturated,M3,true,1218.000,3.714,8.791,16.284,39841.877,40091.956,40126.064,142953,260664,57573376,21143552,50324,142812,2026-08-04T08:28:45.728765Z
M3,360,saturated,M3,true,1279.000,3.429,5.935,8.517,39919.477,40125.293,40166.612,145585,260664,57909248,21209088,49016,145422,2026-08-04T08:28:45.728765Z
M3,361,saturated,M3,true,1237.000,3.787,6.872,10.005,40047.568,40264.480,40299.305,148105,262440,58400768,21323776,49083,147918,2026-08-04T08:28:45.728765Z
M3,362,saturated,M3,true,821.000,6.122,28.126,63.056,40326.785,40514.023,40538.390,150228,264011,58867712,21446656,50420,149683,2026-08-04T08:28:45.728765Z
M3,363,saturated,M3,true,142.000,5.708,18.466,27.201,40603.793,40713.868,40714.742,150228,264011,58867712,21446656,50420,149683,2026-08-04T08:28:45.728765Z
M3,364,saturated,M3,true,0.000,0.000,0.000,0.000,0.000,0.000,0.000,150228,264011,58867712,21446656,50420,149683,2026-08-04T08:28:45.728765Z
M3,365,saturated,M3,true,818.000,5.103,17.164,2017.110,42730.772,42966.210,42999.423,151488,264011,59162624,21504000,49680,151515,2026-08-04T08:28:45.728765Z
M3,366,saturated,M3,true,859.000,6.558,17.568,37.446,42957.937,43267.681,43299.292,153465,266097,59449344,21561344,49403,153356,2026-08-04T08:28:45.728765Z
M3,367,saturated,M3,true,651.000,9.135,39.361,58.934,43474.602,43833.573,43859.186,155052,266992,59727872,21643264,49726,154699,2026-08-04T08:28:45.728765Z
M3,368,saturated,M3,true,851.000,4.452,12.707,28.062,43694.224,43944.020,43972.768,156651,267969,60104704,21733376,49408,156867,2026-08-04T08:28:45.728765Z
M3,369,saturated,M3,true,935.000,5.182,15.332,162.270,44325.355,44498.697,44529.278,158056,268746,60350464,21782528,49498,158113,2026-08-04T08:28:45.728765Z
M3,370,saturated,M3,true,1153.000,4.229,9.351,13.294,44404.523,44647.271,44685.827,160298,269962,60801024,21880832,49404,160491,2026-08-04T08:28:45.728765Z
M3,371,saturated,M3,true,1170.000,4.445,7.636,10.711,44537.804,44837.141,44874.230,162609,271155,61243392,21979136,49410,162780,2026-08-04T08:28:45.728765Z
M3,372,saturated,M3,true,638.000,10.087,36.952,81.297,44103.378,44303.549,44347.968,164533,272300,61554688,22061056,49675,164279,2026-08-04T08:28:45.728765Z
M3,373,saturated,M3,true,970.000,5.822,16.013,24.518,44578.070,44767.694,44787.097,166006,272300,61849600,22142976,49468,166071,2026-08-04T08:28:45.728765Z
M3,374,saturated,M3,true,1080.000,5.040,10.628,17.096,45189.261,45507.258,45544.440,168105,273404,62251008,22233088,49460,168182,2026-08-04T08:28:45.728765Z
M3,375,saturated,M3,true,776.000,6.889,29.765,70.444,45587.133,45895.885,45944.607,170356,274449,62595072,22331392,49652,170040,2026-08-04T08:28:45.728765Z
M3,376,saturated,M3,true,588.000,7.598,45.320,163.083,45532.048,45765.564,45785.942,171452,275560,62816256,22372352,49843,171056,2026-08-04T08:28:45.728765Z
M3,377,saturated,M3,true,895.000,7.223,17.402,21.982,45881.268,46231.925,46274.987,172956,276413,63152128,22446080,49535,172859,2026-08-04T08:28:45.728765Z
M3,378,saturated,M3,true,691.000,8.792,29.961,81.040,46560.170,46839.671,46865.842,174781,277306,63463424,22519808,49587,174596,2026-08-04T08:28:45.728765Z
M3,379,saturated,M3,true,979.000,5.603,12.168,25.978,47322.826,47700.634,47748.951,175164,270963,63815680,22585344,49499,176193,2026-08-04T08:29:45.783784Z
M3,380,saturated,M3,true,1065.000,5.288,11.229,28.067,47779.777,48076.312,48117.166,177184,270963,64151552,22683648,49424,178302,2026-08-04T08:29:45.783784Z
M3,381,saturated,M3,true,1087.000,5.316,9.555,12.503,47075.259,47303.195,47336.013,179348,272201,64651264,22765568,49466,180397,2026-08-04T08:29:45.783784Z
M3,382,saturated,M3,true,1157.000,4.775,8.311,9.410,47454.231,47722.281,47762.354,181607,273549,65110016,22863872,49418,182728,2026-08-04T08:29:45.783784Z
M3,383,saturated,M3,true,1115.000,5.281,9.465,11.437,47948.386,48233.826,48271.502,183939,274657,65511424,22978560,49458,184971,2026-08-04T08:29:45.783784Z
M3,384,saturated,M3,true,1153.000,4.746,8.088,9.705,47705.151,48042.272,48293.659,186150,276100,65970176,23085056,49432,187254,2026-08-04T08:29:45.783784Z
M3,385,saturated,M3,true,1135.000,4.879,8.487,9.892,47855.600,48221.513,48258.149,188470,277237,66428928,23191552,49435,189544,2026-08-04T08:29:45.783784Z
M3,386,saturated,M3,true,1141.000,4.851,8.517,10.862,48353.228,48714.623,48756.233,190728,278385,66797568,23306240,49433,191825,2026-08-04T08:29:45.783784Z
M3,387,saturated,M3,true,1144.000,4.949,8.344,11.173,48614.992,48893.987,48933.297,193048,279521,67248128,23420928,49428,194132,2026-08-04T08:29:45.783784Z
M3,388,saturated,M3,true,955.000,5.285,11.761,52.622,47799.884,48223.257,48258.794,195355,280924,67649536,23519232,49476,196359,2026-08-04T08:29:45.783784Z
M3,389,saturated,M3,true,1121.000,5.125,9.047,13.407,48320.957,48723.827,48761.673,197239,281933,68050944,23625728,49437,198311,2026-08-04T08:29:45.783784Z
M3,390,saturated,M3,true,1126.000,5.233,8.490,10.709,48881.250,49215.697,49256.699,199515,283007,68452352,23724032,49431,200579,2026-08-04T08:29:45.783784Z
M3,391,saturated,M3,true,1116.000,5.272,8.682,10.555,49011.114,49362.654,49401.923,201773,283007,68886528,23830528,49444,202815,2026-08-04T08:29:45.783784Z
M3,392,saturated,M3,true,1102.000,5.523,9.409,10.976,48537.495,48752.776,48776.662,204007,284440,69312512,23928832,49446,205050,2026-08-04T08:29:45.783784Z
M3,393,saturated,M3,true,1105.000,5.380,9.339,11.287,49109.334,49387.075,49428.775,206232,285812,69705728,24043520,49445,207264,2026-08-04T08:29:45.783784Z
M3,394,saturated,M3,true,1046.000,5.648,11.765,18.015,49603.433,49882.763,49919.487,208348,286959,70131712,24158208,49510,209351,2026-08-04T08:29:45.783784Z
M3,395,saturated,M3,true,1094.000,5.483,9.256,10.698,49172.675,49784.366,49822.554,210560,288258,70524928,24256512,49445,211574,2026-08-04T08:29:45.783784Z
M3,396,saturated,M3,true,1069.000,5.858,10.152,12.725,49501.637,49721.621,49758.805,212703,289368,70926336,24354816,49463,213704,2026-08-04T08:29:45.783784Z
M3,397,saturated,M3,true,1082.000,5.611,9.480,12.197,50053.712,50274.710,50314.804,214886,290682,71327744,24444928,49456,215883,2026-08-04T08:29:45.783784Z
M3,398,saturated,M3,true,857.000,6.197,18.411,84.019,50454.366,50724.811,50754.185,217045,291766,71761920,24543232,49490,217993,2026-08-04T08:29:45.783784Z
M3,399,saturated,M3,true,965.000,6.885,14.803,19.860,50001.054,50790.662,50832.580,218678,291766,72040448,24608768,49459,219687,2026-08-04T08:29:45.783784Z
M3,400,saturated,M3,true,997.000,6.428,14.516,21.769,50041.825,50280.306,50315.849,220575,292862,72425472,24707072,49476,221540,2026-08-04T08:29:45.783784Z
M3,401,saturated,M3,true,1042.000,6.134,10.710,12.507,49781.045,50005.075,50028.193,222703,293803,72802304,24797184,49463,223671,2026-08-04T08:29:45.783784Z
M3,402,saturated,M3,true,1057.000,6.136,10.307,12.545,50082.758,50337.219,50379.148,224800,295113,73211904,24895488,49471,225759,2026-08-04T08:29:45.783784Z
M3,403,saturated,M3,true,1050.000,6.140,10.382,11.977,50527.313,50747.985,50778.392,226928,296160,73613312,24985600,49471,227890,2026-08-04T08:29:45.783784Z
M3,404,saturated,M3,true,978.000,6.164,11.875,36.182,50203.190,50933.442,50973.962,228992,297226,73990144,25083904,49543,229849,2026-08-04T08:29:45.783784Z
M3,405,saturated,M3,true,1041.000,6.325,10.799,12.602,50235.839,50691.453,50738.066,231053,298216,74383360,25174016,49475,231963,2026-08-04T08:29:45.783784Z
M3,406,saturated,M3,true,1032.000,6.390,10.971,14.458,50772.702,51213.786,51254.144,233098,299256,74768384,25272320,49483,234002,2026-08-04T08:29:45.783784Z
M3,407,saturated,M3,true,1046.000,6.302,10.591,12.722,51357.193,51651.431,51688.042,235192,300288,75161600,25346048,49479,236107,2026-08-04T08:29:45.783784Z
M3,408,saturated,M3,true,838.000,6.903,14.905,117.347,50460.879,50720.136,50758.398,237244,301590,75513856,25444352,49512,238090,2026-08-04T08:29:45.783784Z
M3,409,saturated,M3,true,897.000,7.575,19.274,26.724,51195.132,51528.569,51560.063,238712,302588,75800576,25518080,49554,239609,2026-08-04T08:29:45.783784Z
M3,410,saturated,M3,true,951.000,7.171,11.563,14.184,51666.505,52015.458,52059.399,240720,303580,76201984,25591808,49506,241599,2026-08-04T08:29:45.783784Z
M3,411,saturated,M3,true,987.000,6.863,12.214,45.987,52209.902,52600.771,52643.597,242624,304530,76546048,25690112,49503,243509,2026-08-04T08:29:45.783784Z
M3,412,saturated,M3,true,988.000,6.842,11.920,16.708,51391.822,51713.748,51750.819,244588,304530,76922880,25763840,49489,245464,2026-08-04T08:29:45.783784Z
M3,413,saturated,M3,true,973.000,6.870,12.150,19.913,51876.529,52205.087,52238.945,246562,305748,77299712,25845760,49537,247426,2026-08-04T08:29:45.783784Z
M3,414,saturated,M3,true,1015.000,6.732,11.055,14.154,52512.902,52729.696,52750.496,248589,306982,77651968,25935872,49503,249445,2026-08-04T08:29:45.783784Z
M3,415,saturated,M3,true,935.000,7.624,14.953,20.930,52776.444,53116.665,53153.315,250599,307991,78045184,26025984,49501,251457,2026-08-04T08:29:45.783784Z
M3,416,saturated,M3,true,991.000,7.194,12.451,15.231,49829.245,50079.034,50114.872,252489,308748,78381056,26124288,49505,253341,2026-08-04T08:29:45.783784Z
M3,417,saturated,M3,true,979.000,7.323,11.683,14.037,49648.289,49948.368,49985.964,254458,310186,78774272,26189824,49515,255304,2026-08-04T08:29:45.783784Z
M3,418,saturated,M3,true,791.000,7.687,27.566,68.960,49536.513,49754.295,49787.513,256420,311406,79118336,26271744,49547,257216,2026-08-04T08:29:45.783784Z
M3,419,saturated,M3,true,887.000,8.356,16.026,21.836,49529.186,49764.303,49802.849,257878,312154,79413248,26345472,49538,258718,2026-08-04T08:29:45.783784Z
M3,420,saturated,M3,true,795.000,8.396,16.776,103.229,49875.003,50178.838,50209.855,259490,312871,79724544,26419200,49687,260284,2026-08-04T08:29:45.783784Z
M3,421,saturated,M3,true,613.000,9.261,44.604,126.250,50133.912,50424.545,50580.020,261210,312871,80027648,26484736,49610,261878,2026-08-04T08:29:45.783784Z
M3,422,saturated,M3,true,409.000,21.414,55.222,99.291,50740.389,51139.004,51216.904,262011,314048,80183296,26525696,49735,262682,2026-08-04T08:29:45.783784Z
M3,423,saturated,M3,true,671.000,11.608,32.589,64.340,51292.638,51527.596,51560.273,263023,314781,80371712,26574848,49657,263748,2026-08-04T08:29:45.783784Z
M3,424,saturated,M3,true,790.000,8.866,25.952,38.652,51207.727,51405.514,51443.060,264650,315379,80707584,26664960,49576,265432,2026-08-04T08:29:45.783784Z
M3,425,saturated,M3,true,82.000,15.080,47.271,81.545,51275.354,51403.939,51406.464,264650,315379,80707584,26664960,49576,265432,2026-08-04T08:29:45.783784Z
M3,426,saturated,M3,true,0.000,0.000,0.000,0.000,0.000,0.000,0.000,264650,315379,80707584,26664960,49576,265432,2026-08-04T08:29:45.783784Z
M3,427,saturated,M3,true,673.000,8.644,21.879,56.556,53514.361,53680.905,53700.471,265453,316213,81027072,26738688,50135,266791,2026-08-04T08:29:45.783784Z
M3,428,saturated,M3,true,439.000,11.439,54.791,66.372,53589.451,53924.285,54101.347,267104,316213,81199104,26779648,49495,268131,2026-08-04T08:29:45.783784Z
M3,429,saturated,M3,true,329.000,24.650,142.469,265.256,54556.642,54777.629,54794.316,267745,316806,81313792,26828800,50035,268589,2026-08-04T08:29:45.783784Z
M3,430,saturated,M3,true,204.000,32.792,135.194,206.256,55281.884,55633.010,55712.520,268378,317836,81461248,26845184,50062,269157,2026-08-04T08:29:45.783784Z
M3,431,saturated,M3,true,302.000,18.429,118.139,169.362,56206.517,56491.348,56549.452,268794,317836,81485824,26869760,49848,269540,2026-08-04T08:29:45.783784Z
M3,432,saturated,M3,true,614.000,13.348,32.693,43.425,56428.771,56611.695,56634.153,269703,317874,81666048,26894336,49661,270734,2026-08-04T08:29:45.783784Z
M3,433,saturated,M3,true,813.000,9.027,18.848,36.131,56182.229,56393.140,56430.004,271056,318281,81903616,26959872,49931,272204,2026-08-04T08:29:45.783784Z
M3,434,saturated,M3,true,900.000,8.039,14.914,23.199,56231.570,56453.350,56473.316,272766,319131,82190336,27025408,49550,273974,2026-08-04T08:29:45.783784Z
M3,435,saturated,M3,true,925.000,7.730,13.771,24.308,56081.689,56286.606,56326.886,274658,320063,82591744,27107328,49578,275859,2026-08-04T08:29:45.783784Z
M3,436,saturated,M3,true,895.000,8.118,17.501,24.056,56031.881,56254.478,56272.067,276535,321343,82935808,27197440,49206,277770,2026-08-04T08:29:45.783784Z
M3,437,saturated,M3,true,932.000,8.142,13.203,15.860,56226.413,56459.791,56499.558,278325,322598,83329024,27295744,49605,279530,2026-08-04T08:29:45.783784Z
M3,438,saturated,M3,true,574.000,8.556,31.824,205.618,56346.166,56609.797,56658.153,280100,323020,83591168,27361280,49227,281141,2026-08-04T08:29:45.783784Z
M3,439,saturated,M3,true,346.000,28.540,110.157,190.944,57291.566,57682.522,57700.142,280657,320781,83795968,27426816,50565,281629,2026-08-04T08:30:45.952107Z
M3,440,saturated,M3,true,806.000,9.199,17.497,32.294,57598.000,57894.853,57929.972,282089,320799,84017152,27459584,49872,283032,2026-08-04T08:30:46.065411Z
M3,441,saturated,M3,true,805.000,9.936,20.386,25.186,57908.799,58155.146,58204.690,283858,321604,84246528,27508736,49180,284714,2026-08-04T08:30:46.065411Z
M3,442,saturated,M3,true,857.000,8.942,16.274,21.270,58153.760,58418.242,58457.131,285429,322421,84664320,27607040,50100,286366,2026-08-04T08:30:46.065411Z
M3,443,saturated,M3,true,712.000,10.935,27.027,41.600,58459.476,58689.354,58712.070,287030,322421,84926464,27680768,49594,287935,2026-08-04T08:30:46.065411Z
M3,444,saturated,M3,true,703.000,10.662,24.591,42.488,58895.850,59116.586,59146.801,288389,323775,85139456,27738112,49571,289316,2026-08-04T08:30:46.065411Z
M3,445,saturated,M3,true,796.000,9.853,19.273,85.533,59177.365,59483.056,59518.409,289919,325097,85434368,27811840,49642,290840,2026-08-04T08:30:46.065411Z
M3,446,saturated,M3,true,887.000,8.836,14.606,17.479,59465.964,59680.974,59702.632,291633,325526,85786624,27869184,49400,292557,2026-08-04T08:30:46.065411Z
M3,447,saturated,M3,true,900.000,8.511,14.582,18.318,59663.142,59931.409,59967.831,293469,326390,86089728,27959296,49646,294360,2026-08-04T08:30:46.065411Z
M3,448,saturated,M3,true,715.000,9.022,24.249,139.161,59853.307,60125.514,60162.548,295248,327289,86433792,28041216,49153,296140,2026-08-04T08:30:46.065411Z
M3,449,saturated,M3,true,796.000,9.820,20.931,30.106,60218.655,60433.138,60468.293,296523,328445,86745088,28123136,50126,297421,2026-08-04T08:30:46.065411Z
M3,450,saturated,M3,true,903.000,8.728,15.104,17.647,60410.616,60653.191,60685.771,298302,328445,87023616,28172288,49538,299205,2026-08-04T08:30:46.065411Z
M3,451,saturated,M3,true,825.000,9.355,15.948,22.370,60560.794,60841.670,60877.319,300104,329098,87285760,28254208,49559,300982,2026-08-04T08:30:46.065411Z
M3,452,saturated,M3,true,702.000,11.924,29.309,38.262,60967.467,61179.101,61199.436,301557,330060,87572480,28327936,49634,302349,2026-08-04T08:30:46.065411Z
M3,453,saturated,M3,true,664.000,10.806,25.771,117.153,61405.229,61661.456,61694.106,302807,330999,87842816,28377088,49868,303663,2026-08-04T08:30:46.065411Z
M3,454,saturated,M3,true,773.000,9.715,23.642,34.102,61697.669,61998.308,62028.430,304271,331876,88195072,28459008,49573,305218,2026-08-04T08:30:46.065411Z
M3,455,saturated,M3,true,786.000,10.828,18.439,22.695,61967.753,62187.579,62214.886,305912,332610,88555520,28557312,49602,306814,2026-08-04T08:30:46.065411Z
M3,456,saturated,M3,true,808.000,9.931,18.698,27.188,62270.444,62547.397,62578.666,307485,333440,88858624,28622848,49588,308408,2026-08-04T08:30:46.065411Z
M3,457,saturated,M3,true,842.000,9.284,15.648,20.178,62438.736,62660.696,62682.573,309200,334378,89120768,28696576,49559,310141,2026-08-04T08:30:46.065411Z
M3,458,saturated,M3,true,646.000,9.607,32.051,195.641,62726.563,63130.603,63189.667,310880,334378,89489408,28770304,49237,311717,2026-08-04T08:30:46.065411Z
M3,459,saturated,M3,true,278.000,28.177,100.015,121.432,63222.135,63572.094,63688.595,311662,335500,89694208,28844032,50110,312295,2026-08-04T08:30:46.065411Z
M3,460,saturated,M3,true,601.000,13.878,45.051,65.941,63938.698,64177.618,64195.563,312475,335500,89890816,28884992,50069,313342,2026-08-04T08:30:46.065411Z
M3,461,saturated,M3,true,763.000,11.311,19.932,26.572,64363.523,64646.538,64684.512,313840,335500,90054656,28917760,49597,314704,2026-08-04T08:30:46.065411Z
M3,462,saturated,M3,true,790.000,10.450,18.758,24.865,64540.241,64829.783,64862.338,315443,336902,90308608,28983296,49208,316312,2026-08-04T08:30:46.065411Z
M3,463,saturated,M3,true,825.000,10.158,17.176,21.348,64811.622,65021.641,65050.185,317151,337779,90701824,29073408,49968,317978,2026-08-04T08:30:46.065411Z
M3,464,saturated,M3,true,746.000,10.832,21.099,39.034,64880.874,65134.790,65175.681,318690,339375,90972160,29147136,49654,319472,2026-08-04T08:30:46.065411Z
M3,465,saturated,M3,true,533.000,15.135,35.725,42.653,65196.238,65450.155,65470.601,320013,339549,91185152,29196288,49362,320757,2026-08-04T08:30:46.065411Z
M3,466,saturated,M3,true,362.000,25.018,88.147,178.546,65893.529,66167.809,66184.602,320739,340805,91406336,29261824,50379,321325,2026-08-04T08:30:46.065411Z
M3,467,saturated,M3,true,745.000,11.601,20.854,26.650,66188.273,66500.842,66533.733,322059,340805,91594752,29302784,49776,322790,2026-08-04T08:30:46.065411Z
M3,468,saturated,M3,true,577.000,11.498,21.956,112.345,66404.649,66708.900,66728.987,323597,341321,91832320,29351936,49296,324230,2026-08-04T08:30:46.065411Z
M3,469,saturated,M3,true,563.000,16.767,42.133,137.077,67074.971,67347.425,67400.231,324420,342402,92094464,29417472,50409,325099,2026-08-04T08:30:46.065411Z
M3,470,saturated,M3,true,720.000,12.544,21.657,27.225,67419.155,67637.060,67679.083,325836,342402,92282880,29466624,49693,326537,2026-08-04T08:30:46.065411Z
M3,471,saturated,M3,true,701.000,12.169,23.802,43.502,67807.049,68113.094,68143.299,327135,343099,92504064,29515776,49312,327901,2026-08-04T08:30:46.065411Z
M3,472,saturated,M3,true,696.000,12.268,24.992,40.415,68065.945,68359.654,68388.989,328567,344290,92839936,29605888,49922,329325,2026-08-04T08:30:46.065411Z
M3,473,saturated,M3,true,673.000,12.886,25.333,56.299,68409.660,68649.342,68683.704,329904,345207,93069312,29655040,49741,330656,2026-08-04T08:30:46.065411Z
M3,474,saturated,M3,true,652.000,13.151,27.976,36.720,68722.703,69071.403,69107.099,331369,345462,93323264,29696000,49297,332089,2026-08-04T08:30:46.065411Z
M3,475,saturated,M3,true,661.000,13.392,27.989,47.151,69068.768,69338.961,69387.219,332649,346343,93642752,29777920,49982,333356,2026-08-04T08:30:46.065411Z
M3,476,saturated,M3,true,760.000,11.649,20.376,23.892,69404.954,69634.082,69679.224,334104,346343,93863936,29851648,49622,334857,2026-08-04T08:30:46.065411Z
M3,477,saturated,M3,true,711.000,12.790,22.034,28.291,69710.228,70023.883,70061.377,335523,347180,94101504,29876224,49302,336254,2026-08-04T08:30:46.065411Z
M3,478,saturated,M3,true,501.000,13.030,26.224,40.767,69927.747,70239.666,70274.247,336940,348524,94445568,29974528,49642,337567,2026-08-04T08:30:46.065411Z
M3,479,saturated,M3,true,559.000,17.036,55.706,196.743,70575.977,70882.166,70924.032,337753,348524,94593024,30007296,49979,338431,2026-08-04T08:30:46.065411Z
M3,480,saturated,M3,true,675.000,13.472,27.097,33.237,70722.346,70983.303,71045.013,339076,349325,94765056,30040064,49323,339811,2026-08-04T08:30:46.065411Z
M3,481,saturated,M3,true,661.000,12.393,30.117,51.655,70958.334,71197.704,71235.289,340481,349939,95068160,30113792,49643,341195,2026-08-04T08:30:46.065411Z
M3,482,saturated,M3,true,683.000,12.648,22.893,57.614,71328.871,71640.035,71673.148,341404,351300,95363072,30187520,50038,342498,2026-08-04T08:30:46.065411Z
M3,483,saturated,M3,true,750.000,11.260,21.527,30.542,71537.373,71835.518,71869.296,342791,351300,95551488,30220288,49298,343951,2026-08-04T08:30:46.065411Z
M3,484,saturated,M3,true,800.000,10.936,17.258,21.170,71803.829,72053.448,72099.388,344242,351402,95846400,30302208,49548,345528,2026-08-04T08:30:46.065411Z
M3,485,saturated,M3,true,815.000,10.378,18.435,22.971,71973.914,72196.874,72237.972,345927,352692,96231424,30392320,49937,347150,2026-08-04T08:30:46.065411Z
M3,486,saturated,M3,true,783.000,10.713,19.918,28.063,72143.603,72399.217,72437.024,347589,353637,96444416,30425088,49189,348800,2026-08-04T08:30:46.065411Z
M3,487,saturated,M3,true,171.000,10.831,17.461,20.506,72294.973,72386.373,72396.774,347589,353637,96444416,30425088,49189,348800,2026-08-04T08:30:46.065411Z
M3,488,saturated,M3,true,0.000,0.000,0.000,0.000,0.000,0.000,0.000,347589,353637,96444416,30425088,49189,348800,2026-08-04T08:30:46.065411Z
M3,489,saturated,M3,true,647.000,9.976,18.257,42.976,74459.602,74643.748,74677.386,348893,354430,96894976,30547968,50547,350223,2026-08-04T08:30:46.065411Z
M3,490,saturated,M3,true,717.000,11.981,22.136,37.044,74519.469,74792.810,74832.928,350543,354430,97067008,30588928,49775,351807,2026-08-04T08:30:46.065411Z
M3,491,saturated,M3,true,736.000,10.991,21.255,40.674,74870.365,75143.512,75181.454,351957,355797,97255424,30629888,49322,353133,2026-08-04T08:30:46.065411Z
M3,492,saturated,M3,true,779.000,10.406,18.787,29.531,75031.810,75291.158,75329.962,353380,356848,97615872,30720000,49784,354711,2026-08-04T08:30:46.065411Z
M3,493,saturated,M3,true,730.000,11.980,22.195,27.103,75297.596,75597.407,75636.293,355032,356848,97918976,30793728,49742,356223,2026-08-04T08:30:46.065411Z
M3,494,saturated,M3,true,781.000,10.908,18.870,23.615,75398.337,75638.121,75675.736,356494,357970,98131968,30826496,49225,357753,2026-08-04T08:30:46.065411Z
M3,495,saturated,M3,true,813.000,10.523,17.376,21.396,75421.644,75640.261,75659.859,358074,359389,98508800,30932992,49840,359379,2026-08-04T08:30:46.065411Z
M3,496,saturated,M3,true,811.000,10.555,18.330,20.691,75411.890,75662.916,75708.156,359706,359389,98795520,30990336,49716,361004,2026-08-04T08:30:46.065411Z
M3,497,saturated,M3,true,811.000,10.223,17.119,20.486,75192.643,75542.370,75581.669,361348,360341,99041280,31039488,49174,362653,2026-08-04T08:30:46.065411Z
M3,498,saturated,M3,true,607.000,12.166,24.371,186.173,74628.588,74826.854,74859.515,362917,361571,99450880,31137792,49964,364186,2026-08-04T08:30:46.065411Z
M3,499,saturated,M3,true,708.000,12.329,26.461,42.567,74892.641,75119.923,75155.491,364113,361654,99639296,31186944,49921,365280,2026-08-04T08:31:45.874754Z
M3,500,saturated,M3,true,776.000,11.209,19.480,24.381,73564.587,74939.216,74975.122,365302,362743,99860480,31236096,49201,366900,2026-08-04T08:31:46.028851Z
M3,501,saturated,M3,true,714.000,12.204,23.377,35.344,72450.071,73803.377,73839.531,366828,363555,100171776,31326208,49751,368373,2026-08-04T08:31:46.028851Z
M3,502,saturated,M3,true,761.000,11.857,19.775,22.941,72461.512,72842.080,72882.206,368301,365029,100442112,31391744,49943,369830,2026-08-04T08:31:46.028851Z
M3,503,saturated,M3,true,764.000,11.502,19.083,21.574,70066.061,70292.948,70333.084,369796,365029,100655104,31424512,49497,371364,2026-08-04T08:31:46.028851Z
M3,504,saturated,M3,true,757.000,11.703,19.618,25.057,70216.762,70622.958,70654.442,371345,365341,101040128,31490048,49408,372891,2026-08-04T08:31:46.028851Z
M3,505,saturated,M3,true,695.000,12.217,21.648,43.314,70166.862,70456.390,70491.201,372848,366275,101367808,31588352,50015,374283,2026-08-04T08:31:46.028851Z
M3,506,saturated,M3,true,753.000,12.286,20.588,23.725,70569.262,70830.326,70867.798,374264,367579,101564416,31645696,49521,375790,2026-08-04T08:31:46.028851Z
M3,507,saturated,M3,true,747.000,12.414,21.684,25.954,70773.234,71036.765,71079.836,375793,367930,101793792,31694848,49348,377290,2026-08-04T08:31:46.028851Z
M3,508,saturated,M3,true,538.000,14.043,39.894,94.698,71122.532,71549.804,71707.834,377267,369423,102121472,31776768,50085,378681,2026-08-04T08:31:46.028851Z
M3,509,saturated,M3,true,685.000,13.521,29.127,84.961,71317.752,71938.015,71980.320,378278,369423,102318080,31834112,49804,379729,2026-08-04T08:31:46.028851Z
M3,510,saturated,M3,true,564.000,17.538,34.308,45.671,71581.536,71832.917,71863.260,379599,369831,102506496,31858688,49433,380878,2026-08-04T08:31:46.028851Z
M3,511,saturated,M3,true,721.000,12.003,21.574,25.617,72134.564,72461.784,72490.999,380868,370785,102793216,31932416,49769,382347,2026-08-04T08:31:46.028851Z
M3,512,saturated,M3,true,705.000,13.274,23.370,28.251,71111.304,72478.767,72507.088,382317,370785,103038976,31997952,49739,383734,2026-08-04T08:31:46.028851Z
M3,513,saturated,M3,true,504.000,17.685,46.957,58.473,71233.454,71659.354,71709.501,383685,371898,103243776,32038912,49554,384954,2026-08-04T08:31:46.028851Z
M3,514,saturated,M3,true,738.000,12.559,21.475,26.294,71979.235,72202.032,72221.890,384773,372159,103407616,32071680,48896,386221,2026-08-04T08:31:46.028851Z
M3,515,saturated,M3,true,761.000,11.981,20.181,24.513,72289.570,72737.853,72776.325,386291,372159,103628800,32112640,48134,387739,2026-08-04T08:31:46.028851Z
M3,516,saturated,M3,true,747.000,12.159,20.845,25.470,71766.202,72144.367,72185.700,387796,372159,103841792,32161792,47389,389230,2026-08-04T08:31:46.028851Z
M3,517,saturated,M3,true,692.000,13.438,23.064,30.392,71820.277,72244.881,72293.760,389334,372159,104046592,32186368,46670,390677,2026-08-04T08:31:46.028851Z
M3,518,saturated,M3,true,550.000,12.991,25.794,127.389,71729.889,71972.355,72224.570,390665,372159,104226816,32227328,46341,392063,2026-08-04T08:31:46.028851Z
M3,519,saturated,M3,true,600.000,15.466,38.864,78.379,72298.362,72683.452,72719.275,391635,372159,104325120,32251904,45522,392981,2026-08-04T08:31:46.028851Z
M3,520,saturated,M3,true,729.000,12.438,21.705,27.965,72443.441,72673.477,72754.075,393032,372159,104529920,32292864,44794,394425,2026-08-04T08:31:46.028851Z
M3,521,saturated,M3,true,638.000,15.549,27.133,33.691,72573.857,72844.113,72867.142,394420,372159,104701952,32317440,44137,395748,2026-08-04T08:31:46.028851Z
M3,522,saturated,M3,true,689.000,13.618,24.511,36.351,73253.802,73654.509,73691.838,395690,372159,104865792,32358400,43483,397061,2026-08-04T08:31:46.028851Z
M3,523,saturated,M3,true,725.000,12.543,21.812,25.199,72981.654,73659.404,73718.481,397190,372159,105046016,32391168,42734,398553,2026-08-04T08:31:46.028851Z
M3,524,saturated,M3,true,677.000,14.119,24.650,29.200,72978.503,73204.331,73221.719,398546,372159,105209856,32423936,42065,399890,2026-08-04T08:31:46.028851Z
M3,525,saturated,M3,true,733.000,12.543,21.725,25.482,73158.757,73403.647,73443.961,399976,372159,105381888,32473088,41345,401327,2026-08-04T08:31:46.028851Z
M3,526,saturated,M3,true,709.000,13.027,23.644,30.905,73132.423,73345.712,73360.869,401443,372159,105701376,32514048,40625,402770,2026-08-04T08:31:46.028851Z
M3,527,saturated,M3,true,690.000,13.746,23.550,28.148,73420.519,73789.138,73833.852,402841,372159,105865216,32538624,39942,404133,2026-08-04T08:31:46.028851Z
M3,528,saturated,M3,true,547.000,13.376,24.210,91.288,73116.142,73365.464,73396.946,404297,372159,106037248,32571392,39264,405549,2026-08-04T08:31:46.028851Z
M3,529,saturated,M3,true,511.000,17.691,66.162,164.969,73622.988,73897.295,73923.898,405137,372159,106053632,32595968,38868,406313,2026-08-04T08:31:46.028851Z
M3,530,saturated,M3,true,679.000,14.200,25.034,31.569,73825.505,74061.149,74107.131,406467,372159,106225664,32628736,38176,407681,2026-08-04T08:31:46.028851Z
M3,531,saturated,M3,true,671.000,14.210,26.280,33.001,74007.498,74217.248,74245.742,407740,372159,106397696,32669696,37530,408962,2026-08-04T08:31:46.028851Z
M3,532,saturated,M3,true,701.000,13.498,22.604,27.342,74146.265,74449.282,74489.810,409154,372159,106659840,32694272,36824,410374,2026-08-04T08:31:46.028851Z
M3,533,saturated,M3,true,721.000,12.844,21.519,26.126,74297.106,74598.918,74639.443,410589,372159,106831872,32735232,36101,411822,2026-08-04T08:31:46.028851Z
M3,534,saturated,M3,true,663.000,14.557,26.650,33.501,74835.609,75088.687,75132.059,411994,372159,107028480,32776192,35422,413192,2026-08-04T08:31:46.028851Z
M3,535,saturated,M3,true,662.000,14.914,24.627,31.463,73547.579,75272.712,75309.683,413327,372159,107192320,32800768,34754,414520,2026-08-04T08:31:46.028851Z
M3,536,saturated,M3,true,682.000,14.081,23.157,28.708,73719.734,74044.329,74088.601,414666,372159,107356160,32841728,34076,415864,2026-08-04T08:31:46.028851Z
M3,537,saturated,M3,true,701.000,13.763,23.668,28.404,74207.912,74640.335,74687.076,416044,372159,107520000,32866304,33395,417234,2026-08-04T08:31:46.028851Z
M3,538,saturated,M3,true,477.000,16.128,56.315,142.406,74655.449,75090.591,75169.577,417316,372159,107683840,32907264,32805,418466,2026-08-04T08:31:46.028851Z
M3,539,saturated,M3,true,651.000,15.045,31.046,71.200,74480.884,75507.583,75554.127,418326,372159,107839488,32931840,32262,419497,2026-08-04T08:31:46.028851Z
M3,540,saturated,M3,true,715.000,13.198,22.665,26.326,74598.057,74931.255,74971.208,419757,372159,108011520,32964608,31548,420922,2026-08-04T08:31:46.028851Z
M3,541,saturated,M3,true,623.000,15.910,29.025,33.964,75086.323,75414.013,75454.003,421105,372159,108175360,33005568,30898,422228,2026-08-04T08:31:46.028851Z
M3,542,saturated,M3,true,693.000,13.532,24.216,29.806,73870.059,74071.560,75236.433,422424,372159,108339200,33038336,30231,423566,2026-08-04T08:31:46.028851Z
M3,543,saturated,M3,true,693.000,14.026,24.566,27.849,74230.470,74630.334,74652.168,423835,372159,108511232,33071104,29529,424957,2026-08-04T08:31:46.028851Z
M3,544,saturated,M3,true,706.000,13.406,22.442,27.565,74541.528,74853.796,74892.594,425242,372159,108683264,33112064,28825,426364,2026-08-04T08:31:46.028851Z
M3,545,saturated,M3,true,706.000,13.520,22.351,27.912,73662.845,74048.808,74086.711,426670,372159,108871680,33153024,28119,427778,2026-08-04T08:31:46.028851Z
M3,546,saturated,M3,true,717.000,13.301,22.917,28.131,74128.279,74503.029,74538.690,428108,372159,109092864,33177600,27403,429202,2026-08-04T08:31:46.028851Z
M3,547,saturated,M3,true,632.000,15.604,27.142,36.655,74237.323,74607.000,74641.074,429478,372159,109264896,33218560,26746,430539,2026-08-04T08:31:46.028851Z
M3,548,saturated,M3,true,547.000,16.009,38.465,113.040,73647.148,74128.074,74154.208,430743,372159,109428736,33251328,26148,431788,2026-08-04T08:31:46.028851Z
M3,549,saturated,M3,true,124.000,19.208,34.818,39.900,74225.726,74324.894,74337.144,430743,372159,109428736,33251328,26148,431788,2026-08-04T08:31:46.028851Z
M3,550,saturated,M3,true,0.000,0.000,0.000,0.000,0.000,0.000,0.000,430743,372159,109428736,33251328,26148,431788,2026-08-04T08:31:46.028851Z
M3,551,saturated,M3,true,552.000,13.638,27.836,42.931,76302.999,76646.454,76675.150,431211,372159,109535232,33267712,25584,432847,2026-08-04T08:31:46.028851Z
M3,552,saturated,M3,true,730.000,12.813,21.169,24.451,76547.760,76834.078,76863.656,432647,372159,109756416,33316864,24851,434305,2026-08-04T08:31:46.028851Z
M3,553,saturated,M3,true,717.000,12.980,24.652,29.731,75803.237,76130.682,76173.438,434115,372159,109961216,33349632,24138,435746,2026-08-04T08:31:46.028851Z
M3,554,saturated,M3,true,714.000,13.018,23.162,29.137,76293.659,76638.781,76673.741,435560,372159,110141440,33390592,23421,437180,2026-08-04T08:31:46.028851Z
M3,555,saturated,M3,true,625.000,15.858,28.623,35.435,76632.036,76849.703,76872.491,436987,372159,110305280,33415168,22772,438496,2026-08-04T08:31:46.028851Z
M3,556,saturated,M3,true,700.000,13.824,22.573,26.881,75358.276,75628.493,75666.509,438241,372159,110477312,33456128,22091,439851,2026-08-04T08:31:46.028851Z
M3,557,saturated,M3,true,683.000,13.936,24.715,30.187,75828.886,76113.713,76158.395,439660,372159,110641152,33488896,21396,441229,2026-08-04T08:31:46.028851Z
M3,558,saturated,M3,true,576.000,14.345,34.260,109.110,76272.895,76583.246,76639.421,441026,372159,110804992,33521664,20722,442610,2026-08-04T08:31:46.028851Z
M3,559,saturated,M3,true,592.000,16.760,34.631,48.134,75478.483,75730.359,75777.545,442422,370510,110936064,33554432,20234,443556,2026-08-04T08:32:46.011791Z
M3,560,saturated,M3,true,646.000,14.656,27.574,38.123,75982.376,76247.608,76285.982,443680,370510,111099904,33579008,19546,444948,2026-08-04T08:32:46.241050Z
M3,561,saturated,M3,true,656.000,15.178,29.244,39.482,76605.117,76950.883,76991.347,444918,370510,111263744,33619968,18931,446165,2026-08-04T08:32:46.241050Z
M3,562,saturated,M3,true,671.000,14.383,24.514,27.442,76266.520,77122.705,77167.475,446298,370510,111427584,33644544,18260,447514,2026-08-04T08:32:46.241050Z
M3,563,saturated,M3,true,635.000,15.675,26.608,32.263,76177.653,76413.600,76450.710,447654,370510,111591424,33677312,17611,448820,2026-08-04T08:32:46.241050Z
M3,564,saturated,M3,true,598.000,16.840,30.201,44.079,75207.816,75694.262,75739.766,448929,370510,111755264,33701888,16998,450050,2026-08-04T08:32:46.241050Z
M3,565,saturated,M3,true,502.000,21.150,40.790,52.859,76252.326,76686.942,76721.300,450042,370510,111919104,33734656,16484,451087,2026-08-04T08:32:46.241050Z
M3,566,saturated,M3,true,417.000,21.791,57.528,108.506,75340.212,76856.370,76883.365,450906,370510,112082944,33759232,16090,451879,2026-08-04T08:32:46.241050Z
M3,567,saturated,M3,true,622.000,15.926,27.392,32.852,75619.007,75930.387,75970.139,451965,370510,112246784,33792000,15466,453117,2026-08-04T08:32:46.241050Z
M3,568,saturated,M3,true,530.000,16.115,33.002,131.372,76143.128,76510.026,76674.379,453253,370510,112410624,33824768,14836,454404,2026-08-04T08:32:46.241050Z
M3,569,saturated,M3,true,558.000,18.534,38.416,50.778,76694.075,77059.767,77097.147,454194,370510,112459776,33841152,14377,455309,2026-08-04T08:32:46.241050Z
M3,570,saturated,M3,true,576.000,17.184,33.822,51.393,76168.015,76903.804,76935.109,455438,370510,112590848,33865728,13802,456453,2026-08-04T08:32:46.241050Z
M3,571,saturated,M3,true,504.000,20.299,39.475,54.839,76699.166,77093.861,77129.302,456480,370510,112746496,33898496,13266,457520,2026-08-04T08:32:46.241050Z
M3,572,saturated,M3,true,449.000,23.078,48.022,62.646,77185.855,77692.582,77729.518,457500,370510,112910336,33923072,12804,458470,2026-08-04T08:32:46.241050Z
M3,573,saturated,M3,true,275.000,23.337,66.350,367.848,77987.079,78701.313,78704.370,458389,370510,112959488,33939456,12503,459078,2026-08-04T08:32:46.241050Z
M3,574,saturated,M3,true,227.000,38.877,120.702,145.191,78854.252,79170.809,79215.986,458762,370510,113074176,33947648,12266,459545,2026-08-04T08:32:46.241050Z
M3,575,saturated,M3,true,489.000,18.566,67.056,98.691,79630.535,79922.675,79941.112,459437,370510,113131520,33972224,11859,460348,2026-08-04T08:32:46.241050Z
M3,576,saturated,M3,true,605.000,16.891,29.209,40.979,78931.576,79177.697,79221.660,460740,370510,113287168,33996800,11225,461620,2026-08-04T08:32:46.241050Z
M3,577,saturated,M3,true,619.000,16.226,29.394,40.163,79526.406,79758.974,79790.593,461798,370510,113442816,34029568,10629,462803,2026-08-04T08:32:46.241050Z
M3,578,saturated,M3,true,442.000,19.491,37.482,182.839,80133.105,80479.626,80685.043,462747,370510,113582080,34062336,10078,463929,2026-08-04T08:32:46.241050Z
M3,579,saturated,M3,true,429.000,25.417,73.948,152.410,80862.450,81063.879,81097.698,463603,370510,113729536,34070528,9735,464592,2026-08-04T08:32:46.241050Z
M3,580,saturated,M3,true,554.000,18.260,34.820,57.546,80186.061,81372.484,81409.156,464615,370510,113852416,34103296,9181,465702,2026-08-04T08:32:46.241050Z
M3,581,saturated,M3,true,562.000,18.224,33.734,42.273,80440.465,80665.124,80706.559,465676,370510,113958912,34127872,8621,466824,2026-08-04T08:32:46.241050Z
M3,582,saturated,M3,true,506.000,21.052,38.679,54.018,81184.790,81583.676,81626.944,466793,370510,114089984,34160640,8101,467871,2026-08-04T08:32:46.241050Z
M3,583,saturated,M3,true,476.000,21.020,46.563,61.539,81791.090,82181.179,82201.087,467736,370510,114229248,34177024,7631,468812,2026-08-04T08:32:46.241050Z
M3,584,saturated,M3,true,588.000,18.591,33.621,42.986,82199.523,82442.859,82459.450,468831,370510,114393088,34209792,7066,469935,2026-08-04T08:32:46.241050Z
M3,585,saturated,M3,true,592.000,17.657,29.026,34.701,81466.367,81697.559,81724.254,470051,370510,114556928,34242560,6445,471184,2026-08-04T08:32:46.241050Z
M3,586,saturated,M3,true,584.000,17.732,34.315,40.942,81945.326,82175.416,82211.991,471185,370510,114720768,34275328,5889,472287,2026-08-04T08:32:46.241050Z
M3,587,saturated,M3,true,518.000,17.042,45.371,95.071,82503.377,82717.673,82743.009,472421,370510,114860032,34299904,5344,473396,2026-08-04T08:32:46.241050Z
M3,588,saturated,M3,true,499.000,17.164,49.786,93.361,83025.243,83331.886,83363.805,473383,370510,114999296,34332672,4780,474529,2026-08-04T08:32:46.241050Z
M3,589,saturated,M3,true,413.000,21.296,98.661,207.193,82980.529,83788.466,83812.473,474158,370510,115048448,34340864,4458,475147,2026-08-04T08:32:46.241050Z
M3,590,saturated,M3,true,620.000,16.445,28.899,32.624,82987.625,83223.641,83254.345,475253,370510,115212288,34373632,3818,476424,2026-08-04T08:32:46.241050Z
M3,591,saturated,M3,true,579.000,18.370,32.730,40.454,83658.414,84013.197,84052.680,476437,370510,115376128,34406400,3255,477557,2026-08-04T08:32:46.241050Z
M3,592,saturated,M3,true,565.000,18.657,31.652,37.305,84219.843,84645.338,84678.506,477598,370510,115539968,34430976,2684,478693,2026-08-04T08:32:46.241050Z
M3,593,saturated,M3,true,629.000,16.100,28.122,35.131,83357.168,84586.088,84618.792,478803,370510,115703808,34455552,2057,479946,2026-08-04T08:32:46.241050Z
M3,594,saturated,M3,true,587.000,17.979,30.005,36.397,83505.847,83745.891,83786.776,480032,370510,115859456,34488320,1470,481123,2026-08-04T08:32:46.241050Z
M3,595,saturated,M3,true,610.000,16.629,30.358,39.205,83959.088,84181.493,84202.729,481199,370510,116023296,34521088,848,482371,2026-08-04T08:32:46.241050Z
M3,596,saturated,M3,true,575.000,18.458,31.277,40.499,84073.006,84370.254,84406.057,482335,370510,116170752,34545664,283,483496,2026-08-04T08:32:46.241050Z
M3,597,saturated,M3,true,183.000,19.874,37.131,46.962,83892.070,84060.994,84080.749,483260,370510,116219904,34578432,0,484092,2026-08-04T08:32:46.241050Z
M3,598,saturated,M3,true,0.000,0.000,0.000,0.000,0.000,0.000,0.000,483417,370510,116219904,34578432,0,484092,2026-08-04T08:32:46.241050Z
M3,599,saturated,M3,true,0.000,0.000,0.000,0.000,0.000,0.000,0.000,483417,370510,116219904,34578432,0,484093,2026-08-04T08:32:46.241050Z
M3,600,saturated,M3,true,0.000,0.000,0.000,0.000,0.000,0.000,0.000,483417,370510,116219904,34578432,0,484093,2026-08-04T08:32:46.241050Z
M3,601,saturated,M3,true,0.000,0.000,0.000,0.000,0.000,0.000,0.000,483417,370510,116219904,34578432,0,484093,2026-08-04T08:32:46.241050Z
M3,602,saturated,M3,true,0.000,0.000,0.000,0.000,0.000,0.000,0.000,483417,370510,116219904,34578432,0,484093,2026-08-04T08:32:46.241050Z
M3,603,saturated,M3,true,0.000,0.000,0.000,0.000,0.000,0.000,0.000,483417,370510,116219904,34578432,0,484093,2026-08-04T08:32:46.241050Z
M3,604,saturated,M3,true,0.000,0.000,0.000,0.000,0.000,0.000,0.000,483417,370510,116219904,34578432,0,484093,2026-08-04T08:32:46.241050Z
M3,605,saturated,M3,true,0.000,0.000,0.000,0.000,0.000,0.000,0.000,483417,370510,116219904,34578432,0,484093,2026-08-04T08:32:46.241050Z
M3,606,saturated,M3,true,0.000,0.000,0.000,0.000,0.000,0.000,0.000,483417,370510,116219904,34578432,0,484093,2026-08-04T08:32:46.241050Z
M3,607,saturated,M3,true,0.000,0.000,0.000,0.000,0.000,0.000,0.000,483417,370510,116219904,34578432,0,484093,2026-08-04T08:32:46.241050Z
M3,608,saturated,M3,true,0.000,0.000,0.000,0.000,0.000,0.000,0.000,483417,370510,116219904,34578432,0,484093,2026-08-04T08:32:46.241050Z
M3,609,saturated,M3,true,0.000,0.000,0.000,0.000,0.000,0.000,0.000,483417,370510,116219904,34578432,0,484093,2026-08-04T08:32:46.241050Z
M3,610,saturated,M3,true,0.000,0.000,0.000,0.000,0.000,0.000,0.000,483417,370510,116219904,34578432,0,484093,2026-08-04T08:32:46.241050Z
M3,611,saturated,M3,true,0.000,0.000,0.000,0.000,0.000,0.000,0.000,483417,370510,116219904,34578432,0,484093,2026-08-04T08:32:46.241050Z
M3,612,saturated,M3,true,0.000,0.000,0.000,0.000,0.000,0.000,0.000,483417,370510,116219904,34578432,0,484093,2026-08-04T08:32:46.241050Z
M3,613,saturated,M3,true,0.000,0.000,0.000,0.000,0.000,0.000,0.000,483417,370510,116219904,34578432,0,484094,2026-08-04T08:32:46.241050Z
M3,614,saturated,M3,true,0.000,0.000,0.000,0.000,0.000,0.000,0.000,483417,370510,116219904,34578432,0,484094,2026-08-04T08:32:46.241050Z
M3,615,saturated,M3,true,0.000,0.000,0.000,0.000,0.000,0.000,0.000,483417,370510,116219904,34578432,0,484094,2026-08-04T08:32:46.241050Z
M3,616,saturated,M3,true,0.000,0.000,0.000,0.000,0.000,0.000,0.000,483417,370510,116219904,34578432,0,484094,2026-08-04T08:32:46.241050Z
M3,617,saturated,M3,true,0.000,0.000,0.000,0.000,0.000,0.000,0.000,483417,370510,116219904,34578432,0,484095,2026-08-04T08:32:46.241050Z
M3,618,saturated,M3,true,0.000,0.000,0.000,0.000,0.000,0.000,0.000,483417,370510,116219904,34578432,0,484095,2026-08-04T08:32:46.241050Z
M3,619,saturated,M3,true,0.000,0.000,0.000,0.000,0.000,0.000,0.000,483134,370261,116219904,34578432,0,484096,2026-08-04T08:33:46.047558Z
M3,620,saturated,M3,true,0.000,0.000,0.000,0.000,0.000,0.000,0.000,483134,370261,116219904,34578432,0,484096,2026-08-04T08:33:46.170268Z
M3,621,saturated,M3,true,0.000,0.000,0.000,0.000,0.000,0.000,0.000,483134,370261,116219904,34578432,0,484096,2026-08-04T08:33:46.170268Z
M3,622,saturated,M3,true,0.000,0.000,0.000,0.000,0.000,0.000,0.000,483134,370261,116219904,34578432,0,484096,2026-08-04T08:33:46.170268Z
M3,623,saturated,M3,true,0.000,0.000,0.000,0.000,0.000,0.000,0.000,483134,370261,116219904,34578432,0,484096,2026-08-04T08:33:46.170268Z
M3,624,saturated,M3,true,0.000,0.000,0.000,0.000,0.000,0.000,0.000,483134,370261,116219904,34578432,0,484096,2026-08-04T08:33:46.170268Z
M3,625,saturated,M3,true,0.000,0.000,0.000,0.000,0.000,0.000,0.000,483134,370261,116219904,34578432,0,484096,2026-08-04T08:33:46.170268Z
M3,626,saturated,M3,true,0.000,0.000,0.000,0.000,0.000,0.000,0.000,483134,370261,116219904,34578432,0,484096,2026-08-04T08:33:46.170268Z
M3,627,saturated,M3,true,0.000,0.000,0.000,0.000,0.000,0.000,0.000,483134,370261,116219904,34578432,0,484096,2026-08-04T08:33:46.170268Z
M3,628,saturated,M3,true,0.000,0.000,0.000,0.000,0.000,0.000,0.000,483134,370261,116219904,34578432,0,484096,2026-08-04T08:33:46.170268Z
M3,629,saturated,M3,true,0.000,0.000,0.000,0.000,0.000,0.000,0.000,483134,370261,116219904,34578432,0,484096,2026-08-04T08:33:46.170268Z
M3,630,saturated,M3,true,0.000,0.000,0.000,0.000,0.000,0.000,0.000,483134,370261,116219904,34578432,0,484096,2026-08-04T08:33:46.170268Z
M3,631,saturated,M3,true,0.000,0.000,0.000,0.000,0.000,0.000,0.000,483134,370261,116219904,34578432,0,484096,2026-08-04T08:33:46.170268Z
M3,632,saturated,M3,true,0.000,0.000,0.000,0.000,0.000,0.000,0.000,483134,370261,116219904,34578432,0,484096,2026-08-04T08:33:46.170268Z
M3,633,saturated,M3,true,0.000,0.000,0.000,0.000,0.000,0.000,0.000,483134,370261,116219904,34578432,0,484096,2026-08-04T08:33:46.170268Z
M3,634,saturated,M3,true,0.000,0.000,0.000,0.000,0.000,0.000,0.000,483134,370261,116219904,34578432,0,484097,2026-08-04T08:33:46.170268Z
M3,635,saturated,M3,true,0.000,0.000,0.000,0.000,0.000,0.000,0.000,483134,370261,116219904,34578432,0,484097,2026-08-04T08:33:46.170268Z
M3,636,saturated,M3,true,0.000,0.000,0.000,0.000,0.000,0.000,0.000,483134,370261,116219904,34578432,0,484097,2026-08-04T08:33:46.170268Z
M3,637,saturated,M3,true,0.000,0.000,0.000,0.000,0.000,0.000,0.000,483134,370261,116219904,34578432,0,484097,2026-08-04T08:33:46.170268Z
M3,638,saturated,M3,true,0.000,0.000,0.000,0.000,0.000,0.000,0.000,483134,370261,116219904,34578432,0,484097,2026-08-04T08:33:46.170268Z
M3,639,saturated,M3,true,0.000,0.000,0.000,0.000,0.000,0.000,0.000,483134,370261,116219904,34578432,0,484097,2026-08-04T08:33:46.170268Z
M3,640,saturated,M3,true,0.000,0.000,0.000,0.000,0.000,0.000,0.000,483134,370261,116219904,34578432,0,484097,2026-08-04T08:33:46.170268Z
M3,641,saturated,M3,true,0.000,0.000,0.000,0.000,0.000,0.000,0.000,483134,370261,116219904,34578432,0,484097,2026-08-04T08:33:46.170268Z
M3,642,saturated,M3,true,0.000,0.000,0.000,0.000,0.000,0.000,0.000,483134,370261,116219904,34578432,0,484097,2026-08-04T08:33:46.170268Z
M3,643,saturated,M3,true,0.000,0.000,0.000,0.000,0.000,0.000,0.000,483134,370261,116219904,34578432,0,484097,2026-08-04T08:33:46.170268Z
M3,644,saturated,M3,true,0.000,0.000,0.000,0.000,0.000,0.000,0.000,483134,370261,116219904,34578432,0,484097,2026-08-04T08:33:46.170268Z
M3,645,saturated,M3,true,0.000,0.000,0.000,0.000,0.000,0.000,0.000,483134,370261,116219904,34578432,0,484097,2026-08-04T08:33:46.170268Z
M3,646,saturated,M3,true,0.000,0.000,0.000,0.000,0.000,0.000,0.000,483134,370261,116219904,34578432,0,484097,2026-08-04T08:33:46.170268Z
M3,647,saturated,M3,true,0.000,0.000,0.000,0.000,0.000,0.000,0.000,483134,370261,116219904,34578432,0,484097,2026-08-04T08:33:46.170268Z
M3,648,saturated,M3,true,0.000,0.000,0.000,0.000,0.000,0.000,0.000,483134,370261,116219904,34578432,0,484097,2026-08-04T08:33:46.170268Z
M3,649,saturated,M3,true,0.000,0.000,0.000,0.000,0.000,0.000,0.000,483134,370261,116219904,34578432,0,484097,2026-08-04T08:33:46.170268Z
M3,650,saturated,M3,true,0.000,0.000,0.000,0.000,0.000,0.000,0.000,483134,370261,116219904,34578432,0,484098,2026-08-04T08:33:46.170268Z
M3,651,saturated,M3,true,0.000,0.000,0.000,0.000,0.000,0.000,0.000,483134,370261,116219904,34578432,0,484098,2026-08-04T08:33:46.170268Z
M3,652,saturated,M3,true,0.000,0.000,0.000,0.000,0.000,0.000,0.000,483134,370261,116219904,34578432,0,484098,2026-08-04T08:33:46.170268Z
M3,653,saturated,M3,true,0.000,0.000,0.000,0.000,0.000,0.000,0.000,483134,370261,116219904,34578432,0,484098,2026-08-04T08:33:46.170268Z
M3,654,saturated,M3,true,0.000,0.000,0.000,0.000,0.000,0.000,0.000,483134,370261,116219904,34578432,0,484098,2026-08-04T08:33:46.170268Z
M3,655,saturated,M3,true,0.000,0.000,0.000,0.000,0.000,0.000,0.000,483134,370261,116219904,34578432,0,484098,2026-08-04T08:33:46.170268Z
M3,656,saturated,M3,true,0.000,0.000,0.000,0.000,0.000,0.000,0.000,483134,370261,116219904,34578432,0,484098,2026-08-04T08:33:46.170268Z
M3,657,saturated,M3,true,0.000,0.000,0.000,0.000,0.000,0.000,0.000,483134,370261,116219904,34578432,0,484098,2026-08-04T08:33:46.170268Z
M3,658,saturated,M3,true,0.000,0.000,0.000,0.000,0.000,0.000,0.000,483134,370261,116219904,34578432,0,484098,2026-08-04T08:33:46.170268Z
M3,659,saturated,M3,true,0.000,0.000,0.000,0.000,0.000,0.000,0.000,483134,370261,116219904,34578432,0,484098,2026-08-04T08:33:46.170268Z
M3,660,saturated,M3,true,0.000,0.000,0.000,0.000,0.000,0.000,0.000,483134,370261,116219904,34578432,0,484098,2026-08-04T08:33:46.170268Z
M3,661,saturated,M3,true,0.000,0.000,0.000,0.000,0.000,0.000,0.000,483134,370261,116219904,34578432,0,484098,2026-08-04T08:33:46.170268Z
M3,662,saturated,M3,true,0.000,0.000,0.000,0.000,0.000,0.000,0.000,483134,370261,116219904,34578432,0,484098,2026-08-04T08:33:46.170268Z
M3,663,saturated,M3,true,0.000,0.000,0.000,0.000,0.000,0.000,0.000,483134,370261,116219904,34578432,0,484098,2026-08-04T08:33:46.170268Z
M3,664,saturated,M3,true,0.000,0.000,0.000,0.000,0.000,0.000,0.000,483134,370261,116219904,34578432,0,484098,2026-08-04T08:33:46.170268Z
M3,665,saturated,M3,true,0.000,0.000,0.000,0.000,0.000,0.000,0.000,483134,370261,116219904,34578432,0,484098,2026-08-04T08:33:46.170268Z
M3,666,saturated,M3,true,0.000,0.000,0.000,0.000,0.000,0.000,0.000,483134,370261,116219904,34578432,0,484098,2026-08-04T08:33:46.170268Z
M3,667,saturated,M3,true,0.000,0.000,0.000,0.000,0.000,0.000,0.000,483134,370261,116219904,34578432,0,484099,2026-08-04T08:33:46.170268Z
M3,668,saturated,M3,true,0.000,0.000,0.000,0.000,0.000,0.000,0.000,483134,370261,116219904,34578432,0,484099,2026-08-04T08:33:46.170268Z
M3,669,saturated,M3,true,0.000,0.000,0.000,0.000,0.000,0.000,0.000,483134,370261,116219904,34578432,0,484099,2026-08-04T08:33:46.170268Z
M3,670,saturated,M3,true,0.000,0.000,0.000,0.000,0.000,0.000,0.000,483134,370261,116219904,34578432,0,484099,2026-08-04T08:33:46.170268Z
M3,671,saturated,M3,true,0.000,0.000,0.000,0.000,0.000,0.000,0.000,483134,370261,116219904,34578432,0,484099,2026-08-04T08:33:46.170268Z
M3,672,saturated,M3,true,0.000,0.000,0.000,0.000,0.000,0.000,0.000,483134,370261,116219904,34578432,0,484099,2026-08-04T08:33:46.170268Z
M3,673,saturated,M3,true,0.000,0.000,0.000,0.000,0.000,0.000,0.000,483134,370261,116219904,34578432,0,484099,2026-08-04T08:33:46.170268Z
M3,674,saturated,M3,true,0.000,0.000,0.000,0.000,0.000,0.000,0.000,483134,370261,116219904,34578432,0,484099,2026-08-04T08:33:46.170268Z
M3,675,saturated,M3,true,0.000,0.000,0.000,0.000,0.000,0.000,0.000,483134,370261,116219904,34578432,0,484099,2026-08-04T08:33:46.170268Z
M3,676,saturated,M3,true,0.000,0.000,0.000,0.000,0.000,0.000,0.000,483134,370261,116219904,34578432,0,484099,2026-08-04T08:33:46.170268Z
M3,677,saturated,M3,true,0.000,0.000,0.000,0.000,0.000,0.000,0.000,483134,370261,116219904,34578432,0,484099,2026-08-04T08:33:46.170268Z
M3,678,saturated,M3,true,0.000,0.000,0.000,0.000,0.000,0.000,0.000,483134,370261,116219904,34578432,0,484099,2026-08-04T08:33:46.170268Z
M3,679,saturated,M3,true,0.000,0.000,0.000,0.000,0.000,0.000,0.000,483134,370261,116219904,34578432,0,484099,2026-08-04T08:33:46.170268Z
M3,680,saturated,M3,true,0.000,0.000,0.000,0.000,0.000,0.000,0.000,483134,370261,116219904,34578432,0,484099,2026-08-04T08:33:46.170268Z
M3,681,saturated,M3,true,0.000,0.000,0.000,0.000,0.000,0.000,0.000,483134,370261,116219904,34578432,0,484099,2026-08-04T08:33:46.170268Z
M3,682,saturated,M3,true,0.000,0.000,0.000,0.000,0.000,0.000,0.000,483134,370261,116219904,34578432,0,484099,2026-08-04T08:33:46.170268Z
M3,683,saturated,M3,true,0.000,0.000,0.000,0.000,0.000,0.000,0.000,483134,370261,116219904,34578432,0,484099,2026-08-04T08:33:46.170268Z
M3,684,saturated,M3,true,0.000,0.000,0.000,0.000,0.000,0.000,0.000,483134,370261,116219904,34578432,0,484099,2026-08-04T08:33:46.170268Z
M3,685,saturated,M3,true,0.000,0.000,0.000,0.000,0.000,0.000,0.000,483134,370261,116219904,34578432,0,484099,2026-08-04T08:33:46.170268Z
M3,686,saturated,M3,true,0.000,0.000,0.000,0.000,0.000,0.000,0.000,483134,370261,116219904,34578432,0,484099,2026-08-04T08:33:46.170268Z
M3,687,saturated,M3,true,0.000,0.000,0.000,0.000,0.000,0.000,0.000,483134,370261,116219904,34578432,0,484099,2026-08-04T08:33:46.170268Z
M3,688,saturated,M3,true,0.000,0.000,0.000,0.000,0.000,0.000,0.000,483134,370261,116219904,34578432,0,484099,2026-08-04T08:33:46.170268Z
M3,689,saturated,M3,true,0.000,0.000,0.000,0.000,0.000,0.000,0.000,483134,370261,116219904,34578432,0,484099,2026-08-04T08:33:46.170268Z
M3,690,saturated,M3,true,0.000,0.000,0.000,0.000,0.000,0.000,0.000,483134,370261,116219904,34578432,0,484099,2026-08-04T08:33:46.170268Z
M3,691,saturated,M3,true,0.000,0.000,0.000,0.000,0.000,0.000,0.000,483134,370261,116219904,34578432,0,484099,2026-08-04T08:33:46.170268Z
M3,692,saturated,M3,true,0.000,0.000,0.000,0.000,0.000,0.000,0.000,483134,370261,116219904,34578432,0,484099,2026-08-04T08:33:46.170268Z
M3,693,saturated,M3,true,0.000,0.000,0.000,0.000,0.000,0.000,0.000,483134,370261,116219904,34578432,0,484099,2026-08-04T08:33:46.170268Z
M3,694,saturated,M3,true,0.000,0.000,0.000,0.000,0.000,0.000,0.000,483134,370261,116219904,34578432,0,484099,2026-08-04T08:33:46.170268Z
M3,695,saturated,M3,true,0.000,0.000,0.000,0.000,0.000,0.000,0.000,483134,370261,116219904,34578432,0,484099,2026-08-04T08:33:46.170268Z
M3,696,saturated,M3,true,0.000,0.000,0.000,0.000,0.000,0.000,0.000,483134,370261,116219904,34578432,0,484099,2026-08-04T08:33:46.170268Z
M3,697,saturated,M3,true,0.000,0.000,0.000,0.000,0.000,0.000,0.000,483134,370261,116219904,34578432,0,484099,2026-08-04T08:33:46.170268Z
M3,698,saturated,M3,true,0.000,0.000,0.000,0.000,0.000,0.000,0.000,483134,370261,116219904,34578432,0,484099,2026-08-04T08:33:46.170268Z
M3,699,saturated,M3,true,0.000,0.000,0.000,0.000,0.000,0.000,0.000,483134,370261,116219904,34578432,0,484099,2026-08-04T08:33:46.170268Z
M3,700,saturated,M3,true,0.000,0.000,0.000,0.000,0.000,0.000,0.000,483134,370261,116219904,34578432,0,484099,2026-08-04T08:33:46.170268Z
M3,701,saturated,M3,true,0.000,0.000,0.000,0.000,0.000,0.000,0.000,483134,370261,116219904,34578432,0,484099,2026-08-04T08:33:46.170268Z
M3,702,saturated,M3,true,0.000,0.000,0.000,0.000,0.000,0.000,0.000,483134,370261,116219904,34578432,0,484099,2026-08-04T08:33:46.170268Z
M3,703,saturated,M3,true,0.000,0.000,0.000,0.000,0.000,0.000,0.000,483134,370261,116219904,34578432,0,484099,2026-08-04T08:33:46.170268Z
M3,704,saturated,M3,true,0.000,0.000,0.000,0.000,0.000,0.000,0.000,483134,370261,116219904,34578432,0,484099,2026-08-04T08:33:46.170268Z
M3,705,saturated,M3,true,0.000,0.000,0.000,0.000,0.000,0.000,0.000,483134,370261,116219904,34578432,0,484099,2026-08-04T08:33:46.170268Z
M3,706,saturated,M3,true,0.000,0.000,0.000,0.000,0.000,0.000,0.000,483134,370261,116219904,34578432,0,484099,2026-08-04T08:33:46.170268Z
M3,707,saturated,M3,true,0.000,0.000,0.000,0.000,0.000,0.000,0.000,483134,370261,116219904,34578432,0,484099,2026-08-04T08:33:46.170268Z
M3,708,saturated,M3,true,0.000,0.000,0.000,0.000,0.000,0.000,0.000,483134,370261,116219904,34578432,0,484099,2026-08-04T08:33:46.170268Z
M3,709,saturated,M3,true,0.000,0.000,0.000,0.000,0.000,0.000,0.000,483134,370261,116219904,34578432,0,484099,2026-08-04T08:33:46.170268Z
M3,710,saturated,M3,true,0.000,0.000,0.000,0.000,0.000,0.000,0.000,483134,370261,116219904,34578432,0,484099,2026-08-04T08:33:46.170268Z
M3,711,saturated,M3,true,0.000,0.000,0.000,0.000,0.000,0.000,0.000,483134,370261,116219904,34578432,0,484099,2026-08-04T08:33:46.170268Z
M3,712,saturated,M3,true,0.000,0.000,0.000,0.000,0.000,0.000,0.000,483134,370261,116219904,34578432,0,484099,2026-08-04T08:33:46.170268Z
M3,713,saturated,M3,true,0.000,0.000,0.000,0.000,0.000,0.000,0.000,483134,370261,116219904,34578432,0,484099,2026-08-04T08:33:46.170268Z
M3,714,saturated,M3,true,0.000,0.000,0.000,0.000,0.000,0.000,0.000,483134,370261,116219904,34578432,0,484099,2026-08-04T08:33:46.170268Z
M3,715,saturated,M3,true,0.000,0.000,0.000,0.000,0.000,0.000,0.000,483134,370261,116219904,34578432,0,484099,2026-08-04T08:33:46.170268Z
M3,716,saturated,M3,true,0.000,0.000,0.000,0.000,0.000,0.000,0.000,483134,370261,116219904,34578432,0,484099,2026-08-04T08:33:46.170268Z
M3,717,saturated,M3,true,0.000,0.000,0.000,0.000,0.000,0.000,0.000,483134,370261,116219904,34578432,0,484099,2026-08-04T08:33:46.170268Z
M3,718,saturated,M3,true,0.000,0.000,0.000,0.000,0.000,0.000,0.000,483134,370261,116219904,34578432,0,484099,2026-08-04T08:33:46.170268Z
M3,719,saturated,M3,true,0.000,0.000,0.000,0.000,0.000,0.000,0.000,483134,370261,116219904,34578432,0,484099,2026-08-04T08:33:46.170268Z
M3,720,saturated,M3,true,0.000,0.000,0.000,0.000,0.000,0.000,0.000,483134,370261,116219904,34578432,0,484099,2026-08-04T08:33:46.170268Z
M3,721,saturated,M3,true,0.000,0.000,0.000,0.000,0.000,0.000,0.000,483134,370261,116219904,34578432,0,484099,2026-08-04T08:33:46.170268Z
M3,722,saturated,M3,true,0.000,0.000,0.000,0.000,0.000,0.000,0.000,483134,370261,116219904,34578432,0,484099,2026-08-04T08:33:46.170268Z
M3,723,saturated,M3,true,0.000,0.000,0.000,0.000,0.000,0.000,0.000,483134,370261,116219904,34578432,0,484099,2026-08-04T08:33:46.170268Z
M3,724,saturated,M3,true,0.000,0.000,0.000,0.000,0.000,0.000,0.000,483134,370261,116219904,34578432,0,484099,2026-08-04T08:33:46.170268Z
M3,725,saturated,M3,true,0.000,0.000,0.000,0.000,0.000,0.000,0.000,483134,370261,116219904,34578432,0,484099,2026-08-04T08:33:46.170268Z
M3,726,saturated,M3,true,0.000,0.000,0.000,0.000,0.000,0.000,0.000,483134,370261,116219904,34578432,0,484099,2026-08-04T08:33:46.170268Z
M3,727,saturated,M3,true,0.000,0.000,0.000,0.000,0.000,0.000,0.000,483134,370261,116219904,34578432,0,484099,2026-08-04T08:33:46.170268Z
M3,728,saturated,M3,true,0.000,0.000,0.000,0.000,0.000,0.000,0.000,483134,370261,116219904,34578432,0,484099,2026-08-04T08:33:46.170268Z
M3,729,saturated,M3,true,0.000,0.000,0.000,0.000,0.000,0.000,0.000,483134,370261,116219904,34578432,0,484099,2026-08-04T08:33:46.170268Z
M3,730,saturated,M3,true,0.000,0.000,0.000,0.000,0.000,0.000,0.000,483134,370261,116219904,34578432,0,484099,2026-08-04T08:33:46.170268Z
M3,731,saturated,M3,true,0.000,0.000,0.000,0.000,0.000,0.000,0.000,483134,370261,116219904,34578432,0,484099,2026-08-04T08:33:46.170268Z
M3,732,saturated,M3,true,0.000,0.000,0.000,0.000,0.000,0.000,0.000,483134,370261,116219904,34578432,0,484099,2026-08-04T08:33:46.170268Z
M3,733,saturated,M3,true,0.000,0.000,0.000,0.000,0.000,0.000,0.000,483134,370261,116219904,34578432,0,484099,2026-08-04T08:33:46.170268Z
M3,734,saturated,M3,true,0.000,0.000,0.000,0.000,0.000,0.000,0.000,483134,370261,116219904,34578432,0,484099,2026-08-04T08:33:46.170268Z
M3,735,saturated,M3,true,0.000,0.000,0.000,0.000,0.000,0.000,0.000,483134,370261,116219904,34578432,0,484099,2026-08-04T08:33:46.170268Z
M3,736,saturated,M3,true,0.000,0.000,0.000,0.000,0.000,0.000,0.000,483134,370261,116219904,34578432,0,484099,2026-08-04T08:33:46.170268Z
M3,737,saturated,M3,true,0.000,0.000,0.000,0.000,0.000,0.000,0.000,483134,370261,116219904,34578432,0,484099,2026-08-04T08:33:46.170268Z
M3,738,saturated,M3,true,0.000,0.000,0.000,0.000,0.000,0.000,0.000,483134,370261,116219904,34578432,0,484099,2026-08-04T08:33:46.170268Z
M3,739,saturated,M3,true,0.000,0.000,0.000,0.000,0.000,0.000,0.000,483134,370261,116219904,34578432,0,484099,2026-08-04T08:33:46.170268Z
M3,740,saturated,M3,true,0.000,0.000,0.000,0.000,0.000,0.000,0.000,483134,370261,116219904,34578432,0,484099,2026-08-04T08:33:46.170268Z
M3,741,saturated,M3,true,0.000,0.000,0.000,0.000,0.000,0.000,0.000,483134,370261,116219904,34578432,0,484099,2026-08-04T08:33:46.170268Z
M3,742,saturated,M3,true,0.000,0.000,0.000,0.000,0.000,0.000,0.000,483134,370261,116219904,34578432,0,484099,2026-08-04T08:33:46.170268Z
M3,743,saturated,M3,true,0.000,0.000,0.000,0.000,0.000,0.000,0.000,483134,370261,116219904,34578432,0,484099,2026-08-04T08:33:46.170268Z
M3,744,saturated,M3,true,0.000,0.000,0.000,0.000,0.000,0.000,0.000,483134,370261,116219904,34578432,0,484099,2026-08-04T08:33:46.170268Z
M3,745,saturated,M3,true,0.000,0.000,0.000,0.000,0.000,0.000,0.000,483134,370261,116219904,34578432,0,484099,2026-08-04T08:33:46.170268Z
M3,746,saturated,M3,true,0.000,0.000,0.000,0.000,0.000,0.000,0.000,483134,370261,116219904,34578432,0,484099,2026-08-04T08:33:46.170268Z
M3,747,saturated,M3,true,0.000,0.000,0.000,0.000,0.000,0.000,0.000,483134,370261,116219904,34578432,0,484099,2026-08-04T08:33:46.170268Z
M3,748,saturated,M3,true,0.000,0.000,0.000,0.000,0.000,0.000,0.000,483134,370261,116219904,34578432,0,484099,2026-08-04T08:33:46.170268Z
M3,749,saturated,M3,true,0.000,0.000,0.000,0.000,0.000,0.000,0.000,483134,370261,116219904,34578432,0,484099,2026-08-04T08:33:46.170268Z
M3,750,saturated,M3,true,0.000,0.000,0.000,0.000,0.000,0.000,0.000,483134,370261,116219904,34578432,0,484099,2026-08-04T08:33:46.170268Z
M3,751,saturated,M3,true,0.000,0.000,0.000,0.000,0.000,0.000,0.000,483134,370261,116219904,34578432,0,484099,2026-08-04T08:33:46.170268Z
M3,752,saturated,M3,true,0.000,0.000,0.000,0.000,0.000,0.000,0.000,483134,370261,116219904,34578432,0,484099,2026-08-04T08:33:46.170268Z
M3,753,saturated,M3,true,0.000,0.000,0.000,0.000,0.000,0.000,0.000,483134,370261,116219904,34578432,0,484099,2026-08-04T08:33:46.170268Z
M3,754,saturated,M3,true,0.000,0.000,0.000,0.000,0.000,0.000,0.000,483134,370261,116219904,34578432,0,484099,2026-08-04T08:33:46.170268Z
M3,755,saturated,M3,true,0.000,0.000,0.000,0.000,0.000,0.000,0.000,483134,370261,116219904,34578432,0,484099,2026-08-04T08:33:46.170268Z
M3,756,saturated,M3,true,0.000,0.000,0.000,0.000,0.000,0.000,0.000,483134,370261,116219904,34578432,0,484099,2026-08-04T08:33:46.170268Z
M3,757,saturated,M3,true,0.000,0.000,0.000,0.000,0.000,0.000,0.000,483134,370261,116219904,34578432,0,484099,2026-08-04T08:33:46.170268Z
M3,758,saturated,M3,true,0.000,0.000,0.000,0.000,0.000,0.000,0.000,483134,370261,116219904,34578432,0,484099,2026-08-04T08:33:46.170268Z
M3,759,saturated,M3,true,0.000,0.000,0.000,0.000,0.000,0.000,0.000,483134,370261,116219904,34578432,0,484099,2026-08-04T08:33:46.170268Z
M3,760,saturated,M3,true,0.000,0.000,0.000,0.000,0.000,0.000,0.000,483134,370261,116219904,34578432,0,484099,2026-08-04T08:33:46.170268Z
M3,761,saturated,M3,true,0.000,0.000,0.000,0.000,0.000,0.000,0.000,483134,370261,116219904,34578432,0,484099,2026-08-04T08:33:46.170268Z
M3,762,saturated,M3,true,0.000,0.000,0.000,0.000,0.000,0.000,0.000,483134,370261,116219904,34578432,0,484099,2026-08-04T08:33:46.170268Z
M3,763,saturated,M3,true,0.000,0.000,0.000,0.000,0.000,0.000,0.000,483134,370261,116219904,34578432,0,484099,2026-08-04T08:33:46.170268Z
M3,764,saturated,M3,true,0.000,0.000,0.000,0.000,0.000,0.000,0.000,483134,370261,116219904,34578432,0,484099,2026-08-04T08:33:46.170268Z
M3,765,saturated,M3,true,0.000,0.000,0.000,0.000,0.000,0.000,0.000,483134,370261,116219904,34578432,0,484099,2026-08-04T08:33:46.170268Z
M3,766,saturated,M3,true,0.000,0.000,0.000,0.000,0.000,0.000,0.000,483134,370261,116219904,34578432,0,484099,2026-08-04T08:33:46.170268Z
M3,767,saturated,M3,true,0.000,0.000,0.000,0.000,0.000,0.000,0.000,483134,370261,116219904,34578432,0,484099,2026-08-04T08:33:46.170268Z
M3,768,saturated,M3,true,0.000,0.000,0.000,0.000,0.000,0.000,0.000,483134,370261,116219904,34578432,0,484099,2026-08-04T08:33:46.170268Z
M3,769,saturated,M3,true,0.000,0.000,0.000,0.000,0.000,0.000,0.000,483134,370261,116219904,34578432,0,484099,2026-08-04T08:33:46.170268Z
M3,770,saturated,M3,true,0.000,0.000,0.000,0.000,0.000,0.000,0.000,483134,370261,116219904,34578432,0,484099,2026-08-04T08:33:46.170268Z
M3,771,saturated,M3,true,0.000,0.000,0.000,0.000,0.000,0.000,0.000,483134,370261,116219904,34578432,0,484099,2026-08-04T08:33:46.170268Z
M3,772,saturated,M3,true,0.000,0.000,0.000,0.000,0.000,0.000,0.000,483134,370261,116219904,34578432,0,484099,2026-08-04T08:33:46.170268Z
M3,773,saturated,M3,true,0.000,0.000,0.000,0.000,0.000,0.000,0.000,483134,370261,116219904,34578432,0,484099,2026-08-04T08:33:46.170268Z
M3,774,saturated,M3,true,0.000,0.000,0.000,0.000,0.000,0.000,0.000,483134,370261,116219904,34578432,0,484099,2026-08-04T08:33:46.170268Z
M3,775,saturated,M3,true,0.000,0.000,0.000,0.000,0.000,0.000,0.000,483134,370261,116219904,34578432,0,484099,2026-08-04T08:33:46.170268Z
M3,776,saturated,M3,true,0.000,0.000,0.000,0.000,0.000,0.000,0.000,483134,370261,116219904,34578432,0,484099,2026-08-04T08:33:46.170268Z
M3,777,saturated,M3,true,0.000,0.000,0.000,0.000,0.000,0.000,0.000,483134,370261,116219904,34578432,0,484099,2026-08-04T08:33:46.170268Z
M3,778,saturated,M3,true,0.000,0.000,0.000,0.000,0.000,0.000,0.000,483134,370261,116219904,34578432,0,484099,2026-08-04T08:33:46.170268Z
M3,779,saturated,M3,true,0.000,0.000,0.000,0.000,0.000,0.000,0.000,483134,370261,116219904,34578432,0,484099,2026-08-04T08:33:46.170268Z
M3,780,saturated,M3,true,0.000,0.000,0.000,0.000,0.000,0.000,0.000,483134,370261,116219904,34578432,0,484099,2026-08-04T08:33:46.170268Z
M3,781,saturated,M3,true,0.000,0.000,0.000,0.000,0.000,0.000,0.000,483134,370261,116219904,34578432,0,484099,2026-08-04T08:33:46.170268Z
M3,782,saturated,M3,true,0.000,0.000,0.000,0.000,0.000,0.000,0.000,483134,370261,116219904,34578432,0,484099,2026-08-04T08:33:46.170268Z
M3,783,saturated,M3,true,0.000,0.000,0.000,0.000,0.000,0.000,0.000,483134,370261,116219904,34578432,0,484099,2026-08-04T08:33:46.170268Z
M3,784,saturated,M3,true,0.000,0.000,0.000,0.000,0.000,0.000,0.000,483134,370261,116219904,34578432,0,484099,2026-08-04T08:33:46.170268Z
M3,785,saturated,M3,true,0.000,0.000,0.000,0.000,0.000,0.000,0.000,483134,370261,116219904,34578432,0,484099,2026-08-04T08:33:46.170268Z
M3,786,saturated,M3,true,0.000,0.000,0.000,0.000,0.000,0.000,0.000,483134,370261,116219904,34578432,0,484099,2026-08-04T08:33:46.170268Z
M3,787,saturated,M3,true,0.000,0.000,0.000,0.000,0.000,0.000,0.000,483134,370261,116219904,34578432,0,484099,2026-08-04T08:33:46.170268Z
M3,788,saturated,M3,true,0.000,0.000,0.000,0.000,0.000,0.000,0.000,483134,370261,116219904,34578432,0,484099,2026-08-04T08:33:46.170268Z
M3,789,saturated,M3,true,0.000,0.000,0.000,0.000,0.000,0.000,0.000,483134,370261,116219904,34578432,0,484099,2026-08-04T08:33:46.170268Z
M3,790,saturated,M3,true,0.000,0.000,0.000,0.000,0.000,0.000,0.000,483134,370261,116219904,34578432,0,484099,2026-08-04T08:33:46.170268Z
M3,791,saturated,M3,true,0.000,0.000,0.000,0.000,0.000,0.000,0.000,483134,370261,116219904,34578432,0,484099,2026-08-04T08:33:46.170268Z
M3,792,saturated,M3,true,0.000,0.000,0.000,0.000,0.000,0.000,0.000,483134,370261,116219904,34578432,0,484099,2026-08-04T08:33:46.170268Z
M3,793,saturated,M3,true,0.000,0.000,0.000,0.000,0.000,0.000,0.000,483134,370261,116219904,34578432,0,484099,2026-08-04T08:33:46.170268Z
M3,794,saturated,M3,true,0.000,0.000,0.000,0.000,0.000,0.000,0.000,483134,370261,116219904,34578432,0,484099,2026-08-04T08:33:46.170268Z
M3,795,saturated,M3,true,0.000,0.000,0.000,0.000,0.000,0.000,0.000,483134,370261,116219904,34578432,0,484099,2026-08-04T08:33:46.170268Z
M3,796,saturated,M3,true,0.000,0.000,0.000,0.000,0.000,0.000,0.000,483134,370261,116219904,34578432,0,484099,2026-08-04T08:33:46.170268Z
M3,797,saturated,M3,true,0.000,0.000,0.000,0.000,0.000,0.000,0.000,483134,370261,116219904,34578432,0,484099,2026-08-04T08:33:46.170268Z
M3,798,saturated,M3,true,0.000,0.000,0.000,0.000,0.000,0.000,0.000,483134,370261,116219904,34578432,0,484099,2026-08-04T08:33:46.170268Z
M3,799,saturated,M3,true,0.000,0.000,0.000,0.000,0.000,0.000,0.000,483134,370261,116219904,34578432,0,484099,2026-08-04T08:33:46.170268Z
M3,800,saturated,M3,true,0.000,0.000,0.000,0.000,0.000,0.000,0.000,483134,370261,116219904,34578432,0,484099,2026-08-04T08:33:46.170268Z
M3,801,saturated,M3,true,0.000,0.000,0.000,0.000,0.000,0.000,0.000,483134,370261,116219904,34578432,0,484099,2026-08-04T08:33:46.170268Z
M3,802,saturated,M3,true,0.000,0.000,0.000,0.000,0.000,0.000,0.000,483134,370261,116219904,34578432,0,484099,2026-08-04T08:33:46.170268Z
M3,803,saturated,M3,true,0.000,0.000,0.000,0.000,0.000,0.000,0.000,483134,370261,116219904,34578432,0,484099,2026-08-04T08:33:46.170268Z
M3,804,saturated,M3,true,0.000,0.000,0.000,0.000,0.000,0.000,0.000,483134,370261,116219904,34578432,0,484099,2026-08-04T08:33:46.170268Z
M3,805,saturated,M3,true,0.000,0.000,0.000,0.000,0.000,0.000,0.000,483134,370261,116219904,34578432,0,484099,2026-08-04T08:33:46.170268Z
M3,806,saturated,M3,true,0.000,0.000,0.000,0.000,0.000,0.000,0.000,483134,370261,116219904,34578432,0,484099,2026-08-04T08:33:46.170268Z
M3,807,saturated,M3,true,0.000,0.000,0.000,0.000,0.000,0.000,0.000,483134,370261,116219904,34578432,0,484099,2026-08-04T08:33:46.170268Z
M3,808,saturated,M3,true,0.000,0.000,0.000,0.000,0.000,0.000,0.000,483134,370261,116219904,34578432,0,484099,2026-08-04T08:33:46.170268Z
M3,809,saturated,M3,true,0.000,0.000,0.000,0.000,0.000,0.000,0.000,483134,370261,116219904,34578432,0,484099,2026-08-04T08:33:46.170268Z
M3,810,saturated,M3,true,0.000,0.000,0.000,0.000,0.000,0.000,0.000,483134,370261,116219904,34578432,0,484099,2026-08-04T08:33:46.170268Z
M3,811,saturated,M3,true,0.000,0.000,0.000,0.000,0.000,0.000,0.000,483134,370261,116219904,34578432,0,484099,2026-08-04T08:33:46.170268Z
M3,812,saturated,M3,true,0.000,0.000,0.000,0.000,0.000,0.000,0.000,483134,370261,116219904,34578432,0,484099,2026-08-04T08:33:46.170268Z
M3,813,saturated,M3,true,0.000,0.000,0.000,0.000,0.000,0.000,0.000,483134,370261,116219904,34578432,0,484099,2026-08-04T08:33:46.170268Z
M3,814,saturated,M3,true,0.000,0.000,0.000,0.000,0.000,0.000,0.000,483134,370261,116219904,34578432,0,484099,2026-08-04T08:33:46.170268Z
M3,815,saturated,M3,true,0.000,0.000,0.000,0.000,0.000,0.000,0.000,483134,370261,116219904,34578432,0,484099,2026-08-04T08:33:46.170268Z
M3,816,saturated,M3,true,0.000,0.000,0.000,0.000,0.000,0.000,0.000,483134,370261,116219904,34578432,0,484099,2026-08-04T08:33:46.170268Z
M3,817,saturated,M3,true,0.000,0.000,0.000,0.000,0.000,0.000,0.000,483134,370261,116219904,34578432,0,484099,2026-08-04T08:33:46.170268Z
M3,818,saturated,M3,true,0.000,0.000,0.000,0.000,0.000,0.000,0.000,483134,370261,116219904,34578432,0,484099,2026-08-04T08:33:46.170268Z
M3,819,saturated,M3,true,0.000,0.000,0.000,0.000,0.000,0.000,0.000,483134,370261,116219904,34578432,0,484099,2026-08-04T08:33:46.170268Z
M3,820,saturated,M3,true,0.000,0.000,0.000,0.000,0.000,0.000,0.000,483134,370261,116219904,34578432,0,484099,2026-08-04T08:33:46.170268Z
M3,821,saturated,M3,true,0.000,0.000,0.000,0.000,0.000,0.000,0.000,483134,370261,116219904,34578432,0,484099,2026-08-04T08:33:46.170268Z
M3,822,saturated,M3,true,0.000,0.000,0.000,0.000,0.000,0.000,0.000,483134,370261,116219904,34578432,0,484099,2026-08-04T08:33:46.170268Z
M3,823,saturated,M3,true,0.000,0.000,0.000,0.000,0.000,0.000,0.000,483134,370261,116219904,34578432,0,484099,2026-08-04T08:33:46.170268Z
M3,824,saturated,M3,true,0.000,0.000,0.000,0.000,0.000,0.000,0.000,483134,370261,116219904,34578432,0,484099,2026-08-04T08:33:46.170268Z
M3,825,saturated,M3,true,0.000,0.000,0.000,0.000,0.000,0.000,0.000,483134,370261,116219904,34578432,0,484099,2026-08-04T08:33:46.170268Z
M3,826,saturated,M3,true,0.000,0.000,0.000,0.000,0.000,0.000,0.000,483134,370261,116219904,34578432,0,484099,2026-08-04T08:33:46.170268Z
M3,827,saturated,M3,true,0.000,0.000,0.000,0.000,0.000,0.000,0.000,483134,370261,116219904,34578432,0,484099,2026-08-04T08:33:46.170268Z
M3,828,saturated,M3,true,0.000,0.000,0.000,0.000,0.000,0.000,0.000,483134,370261,116219904,34578432,0,484099,2026-08-04T08:33:46.170268Z
M3,829,saturated,M3,true,0.000,0.000,0.000,0.000,0.000,0.000,0.000,483134,370261,116219904,34578432,0,484099,2026-08-04T08:33:46.170268Z
M3,830,saturated,M3,true,0.000,0.000,0.000,0.000,0.000,0.000,0.000,483134,370261,116219904,34578432,0,484099,2026-08-04T08:33:46.170268Z
M3,831,saturated,M3,true,0.000,0.000,0.000,0.000,0.000,0.000,0.000,483134,370261,116219904,34578432,0,484099,2026-08-04T08:33:46.170268Z
M3,832,saturated,M3,true,0.000,0.000,0.000,0.000,0.000,0.000,0.000,483134,370261,116219904,34578432,0,484099,2026-08-04T08:33:46.170268Z
M3,833,saturated,M3,true,0.000,0.000,0.000,0.000,0.000,0.000,0.000,483134,370261,116219904,34578432,0,484099,2026-08-04T08:33:46.170268Z
M3,834,saturated,M3,true,0.000,0.000,0.000,0.000,0.000,0.000,0.000,483134,370261,116219904,34578432,0,484099,2026-08-04T08:33:46.170268Z
M3,835,saturated,M3,true,0.000,0.000,0.000,0.000,0.000,0.000,0.000,483134,370261,116219904,34578432,0,484099,2026-08-04T08:33:46.170268Z
M3,836,saturated,M3,true,0.000,0.000,0.000,0.000,0.000,0.000,0.000,483134,370261,116219904,34578432,0,484099,2026-08-04T08:33:46.170268Z
M3,837,saturated,M3,true,0.000,0.000,0.000,0.000,0.000,0.000,0.000,483134,370261,116219904,34578432,0,484099,2026-08-04T08:33:46.170268Z
M3,838,saturated,M3,true,0.000,0.000,0.000,0.000,0.000,0.000,0.000,483134,370261,116219904,34578432,0,484099,2026-08-04T08:33:46.170268Z
M3,839,saturated,M3,true,0.000,0.000,0.000,0.000,0.000,0.000,0.000,483134,370261,116219904,34578432,0,484099,2026-08-04T08:33:46.170268Z
M3,840,saturated,M3,true,0.000,0.000,0.000,0.000,0.000,0.000,0.000,483134,370261,116219904,34578432,0,484099,2026-08-04T08:33:46.170268Z
M3,841,saturated,M3,true,0.000,0.000,0.000,0.000,0.000,0.000,0.000,483134,370261,116219904,34578432,0,484099,2026-08-04T08:33:46.170268Z
M3,842,saturated,M3,true,0.000,0.000,0.000,0.000,0.000,0.000,0.000,483134,370261,116219904,34578432,0,484099,2026-08-04T08:33:46.170268Z
M3,843,saturated,M3,true,0.000,0.000,0.000,0.000,0.000,0.000,0.000,483134,370261,116219904,34578432,0,484099,2026-08-04T08:33:46.170268Z
M3,844,saturated,M3,true,0.000,0.000,0.000,0.000,0.000,0.000,0.000,483134,370261,116219904,34578432,0,484099,2026-08-04T08:33:46.170268Z
M3,845,saturated,M3,true,0.000,0.000,0.000,0.000,0.000,0.000,0.000,483134,370261,116219904,34578432,0,484099,2026-08-04T08:33:46.170268Z
M3,846,saturated,M3,true,0.000,0.000,0.000,0.000,0.000,0.000,0.000,483134,370261,116219904,34578432,0,484099,2026-08-04T08:33:46.170268Z
M3,847,saturated,M3,true,0.000,0.000,0.000,0.000,0.000,0.000,0.000,483134,370261,116219904,34578432,0,484099,2026-08-04T08:33:46.170268Z
M3,848,saturated,M3,true,0.000,0.000,0.000,0.000,0.000,0.000,0.000,483134,370261,116219904,34578432,0,484099,2026-08-04T08:33:46.170268Z
M3,849,saturated,M3,true,0.000,0.000,0.000,0.000,0.000,0.000,0.000,483134,370261,116219904,34578432,0,484099,2026-08-04T08:33:46.170268Z
M3,850,saturated,M3,true,0.000,0.000,0.000,0.000,0.000,0.000,0.000,483134,370261,116219904,34578432,0,484099,2026-08-04T08:33:46.170268Z
M3,851,saturated,M3,true,0.000,0.000,0.000,0.000,0.000,0.000,0.000,483134,370261,116219904,34578432,0,484099,2026-08-04T08:33:46.170268Z
M3,852,saturated,M3,true,0.000,0.000,0.000,0.000,0.000,0.000,0.000,483134,370261,116219904,34578432,0,484099,2026-08-04T08:33:46.170268Z
M3,853,saturated,M3,true,0.000,0.000,0.000,0.000,0.000,0.000,0.000,483134,370261,116219904,34578432,0,484099,2026-08-04T08:33:46.170268Z
M3,854,saturated,M3,true,0.000,0.000,0.000,0.000,0.000,0.000,0.000,483134,370261,116219904,34578432,0,484099,2026-08-04T08:33:46.170268Z
M3,855,saturated,M3,true,0.000,0.000,0.000,0.000,0.000,0.000,0.000,483134,370261,116219904,34578432,0,484099,2026-08-04T08:33:46.170268Z
M3,856,saturated,M3,true,0.000,0.000,0.000,0.000,0.000,0.000,0.000,483134,370261,116219904,34578432,0,484099,2026-08-04T08:33:46.170268Z
M3,857,saturated,M3,true,0.000,0.000,0.000,0.000,0.000,0.000,0.000,483134,370261,116219904,34578432,0,484099,2026-08-04T08:33:46.170268Z
M3,858,saturated,M3,true,0.000,0.000,0.000,0.000,0.000,0.000,0.000,483134,370261,116219904,34578432,0,484099,2026-08-04T08:33:46.170268Z
M3,859,saturated,M3,true,0.000,0.000,0.000,0.000,0.000,0.000,0.000,483134,370261,116219904,34578432,0,484099,2026-08-04T08:33:46.170268Z
M3,860,saturated,M3,true,0.000,0.000,0.000,0.000,0.000,0.000,0.000,483134,370261,116219904,34578432,0,484099,2026-08-04T08:33:46.170268Z
M3,861,saturated,M3,true,0.000,0.000,0.000,0.000,0.000,0.000,0.000,483134,370261,116219904,34578432,0,484099,2026-08-04T08:33:46.170268Z
M3,862,saturated,M3,true,0.000,0.000,0.000,0.000,0.000,0.000,0.000,483134,370261,116219904,34578432,0,484099,2026-08-04T08:33:46.170268Z
M3,863,saturated,M3,true,0.000,0.000,0.000,0.000,0.000,0.000,0.000,483134,370261,116219904,34578432,0,484099,2026-08-04T08:33:46.170268Z
M3,864,saturated,M3,true,0.000,0.000,0.000,0.000,0.000,0.000,0.000,483134,370261,116219904,34578432,0,484099,2026-08-04T08:33:46.170268Z
M3,865,saturated,M3,true,0.000,0.000,0.000,0.000,0.000,0.000,0.000,483134,370261,116219904,34578432,0,484099,2026-08-04T08:33:46.170268Z
M3,866,saturated,M3,true,0.000,0.000,0.000,0.000,0.000,0.000,0.000,483134,370261,116219904,34578432,0,484099,2026-08-04T08:33:46.170268Z
M3,867,saturated,M3,true,0.000,0.000,0.000,0.000,0.000,0.000,0.000,483134,370261,116219904,34578432,0,484099,2026-08-04T08:33:46.170268Z
M3,868,saturated,M3,true,0.000,0.000,0.000,0.000,0.000,0.000,0.000,483134,370261,116219904,34578432,0,484099,2026-08-04T08:33:46.170268Z
M3,869,saturated,M3,true,0.000,0.000,0.000,0.000,0.000,0.000,0.000,483134,370261,116219904,34578432,0,484099,2026-08-04T08:33:46.170268Z
M3,870,saturated,M3,true,0.000,0.000,0.000,0.000,0.000,0.000,0.000,483134,370261,116219904,34578432,0,484099,2026-08-04T08:33:46.170268Z
M3,871,saturated,M3,true,0.000,0.000,0.000,0.000,0.000,0.000,0.000,483134,370261,116219904,34578432,0,484099,2026-08-04T08:33:46.170268Z
M3,872,saturated,M3,true,0.000,0.000,0.000,0.000,0.000,0.000,0.000,483134,370261,116219904,34578432,0,484099,2026-08-04T08:33:46.170268Z
M3,873,saturated,M3,true,0.000,0.000,0.000,0.000,0.000,0.000,0.000,483134,370261,116219904,34578432,0,484099,2026-08-04T08:33:46.170268Z
M3,874,saturated,M3,true,0.000,0.000,0.000,0.000,0.000,0.000,0.000,483134,370261,116219904,34578432,0,484099,2026-08-04T08:33:46.170268Z
M3,875,saturated,M3,true,0.000,0.000,0.000,0.000,0.000,0.000,0.000,483134,370261,116219904,34578432,0,484099,2026-08-04T08:33:46.170268Z
M3,876,saturated,M3,true,0.000,0.000,0.000,0.000,0.000,0.000,0.000,483134,370261,116219904,34578432,0,484099,2026-08-04T08:33:46.170268Z
M3,877,saturated,M3,true,0.000,0.000,0.000,0.000,0.000,0.000,0.000,483134,370261,116219904,34578432,0,484099,2026-08-04T08:33:46.170268Z
M3,878,saturated,M3,true,0.000,0.000,0.000,0.000,0.000,0.000,0.000,483134,370261,116219904,34578432,0,484099,2026-08-04T08:33:46.170268Z
M3,879,saturated,M3,true,0.000,0.000,0.000,0.000,0.000,0.000,0.000,483134,370261,116219904,34578432,0,484099,2026-08-04T08:33:46.170268Z
M3,880,saturated,M3,true,0.000,0.000,0.000,0.000,0.000,0.000,0.000,483134,370261,116219904,34578432,0,484099,2026-08-04T08:33:46.170268Z
M3,881,saturated,M3,true,0.000,0.000,0.000,0.000,0.000,0.000,0.000,483134,370261,116219904,34578432,0,484099,2026-08-04T08:33:46.170268Z
M3,882,saturated,M3,true,0.000,0.000,0.000,0.000,0.000,0.000,0.000,483134,370261,116219904,34578432,0,484099,2026-08-04T08:33:46.170268Z
M3,883,saturated,M3,true,0.000,0.000,0.000,0.000,0.000,0.000,0.000,483134,370261,116219904,34578432,0,484099,2026-08-04T08:33:46.170268Z
M3,884,saturated,M3,true,0.000,0.000,0.000,0.000,0.000,0.000,0.000,483134,370261,116219904,34578432,0,484099,2026-08-04T08:33:46.170268Z
M3,885,saturated,M3,true,0.000,0.000,0.000,0.000,0.000,0.000,0.000,483134,370261,116219904,34578432,0,484099,2026-08-04T08:33:46.170268Z
M3,886,saturated,M3,true,0.000,0.000,0.000,0.000,0.000,0.000,0.000,483134,370261,116219904,34578432,0,484099,2026-08-04T08:33:46.170268Z
M3,887,saturated,M3,true,0.000,0.000,0.000,0.000,0.000,0.000,0.000,483134,370261,116219904,34578432,0,484099,2026-08-04T08:33:46.170268Z
M3,888,saturated,M3,true,0.000,0.000,0.000,0.000,0.000,0.000,0.000,483134,370261,116219904,34578432,0,484099,2026-08-04T08:33:46.170268Z
M3,889,saturated,M3,true,0.000,0.000,0.000,0.000,0.000,0.000,0.000,483134,370261,116219904,34578432,0,484099,2026-08-04T08:33:46.170268Z
M3,890,saturated,M3,true,0.000,0.000,0.000,0.000,0.000,0.000,0.000,483134,370261,116219904,34578432,0,484099,2026-08-04T08:33:46.170268Z
M3,891,saturated,M3,true,0.000,0.000,0.000,0.000,0.000,0.000,0.000,483134,370261,116219904,34578432,0,484099,2026-08-04T08:33:46.170268Z
M3,892,saturated,M3,true,0.000,0.000,0.000,0.000,0.000,0.000,0.000,483134,370261,116219904,34578432,0,484099,2026-08-04T08:33:46.170268Z
M3,893,saturated,M3,true,0.000,0.000,0.000,0.000,0.000,0.000,0.000,483134,370261,116219904,34578432,0,484099,2026-08-04T08:33:46.170268Z
M3,894,saturated,M3,true,0.000,0.000,0.000,0.000,0.000,0.000,0.000,483134,370261,116219904,34578432,0,484099,2026-08-04T08:33:46.170268Z
M3,895,saturated,M3,true,0.000,0.000,0.000,0.000,0.000,0.000,0.000,483134,370261,116219904,34578432,0,484099,2026-08-04T08:33:46.170268Z
M3,896,saturated,M3,true,0.000,0.000,0.000,0.000,0.000,0.000,0.000,483134,370261,116219904,34578432,0,484099,2026-08-04T08:33:46.170268Z
M3,897,saturated,M3,true,0.000,0.000,0.000,0.000,0.000,0.000,0.000,483134,370261,116219904,34578432,0,484099,2026-08-04T08:33:46.170268Z
M3,898,saturated,M3,true,0.000,0.000,0.000,0.000,0.000,0.000,0.000,483134,370261,116219904,34578432,0,484099,2026-08-04T08:33:46.170268Z
M3,899,saturated,M3,true,0.000,0.000,0.000,0.000,0.000,0.000,0.000,483134,370261,116219904,34578432,0,484099,2026-08-04T08:33:46.170268Z
M3,900,saturated,M3,true,0.000,0.000,0.000,0.000,0.000,0.000,0.000,483134,370261,116219904,34578432,0,484099,2026-08-04T08:33:46.170268Z
M3,901,saturated,M3,true,0.000,0.000,0.000,0.000,0.000,0.000,0.000,483134,370261,116219904,34578432,0,484099,2026-08-04T08:33:46.170268Z
M3,902,saturated,M3,true,0.000,0.000,0.000,0.000,0.000,0.000,0.000,483134,370261,116219904,34578432,0,484099,2026-08-04T08:33:46.170268Z
M3,903,saturated,M3,true,0.000,0.000,0.000,0.000,0.000,0.000,0.000,483134,370261,116219904,34578432,0,484099,2026-08-04T08:33:46.170268Z
M3,904,saturated,M3,true,0.000,0.000,0.000,0.000,0.000,0.000,0.000,483134,370261,116219904,34578432,0,484099,2026-08-04T08:33:46.170268Z
M3,905,saturated,M3,true,0.000,0.000,0.000,0.000,0.000,0.000,0.000,483134,370261,116219904,34578432,0,484099,2026-08-04T08:33:46.170268Z
M3,906,saturated,M3,true,0.000,0.000,0.000,0.000,0.000,0.000,0.000,483134,370261,116219904,34578432,0,484099,2026-08-04T08:33:46.170268Z
M3,907,saturated,M3,true,0.000,0.000,0.000,0.000,0.000,0.000,0.000,483134,370261,116219904,34578432,0,484099,2026-08-04T08:33:46.170268Z
M3,908,saturated,M3,true,0.000,0.000,0.000,0.000,0.000,0.000,0.000,483134,370261,116219904,34578432,0,484099,2026-08-04T08:33:46.170268Z
M3,909,saturated,M3,true,0.000,0.000,0.000,0.000,0.000,0.000,0.000,483134,370261,116219904,34578432,0,484099,2026-08-04T08:33:46.170268Z
M3,910,saturated,M3,true,0.000,0.000,0.000,0.000,0.000,0.000,0.000,483134,370261,116219904,34578432,0,484099,2026-08-04T08:33:46.170268Z
M3,911,saturated,M3,true,0.000,0.000,0.000,0.000,0.000,0.000,0.000,483134,370261,116219904,34578432,0,484099,2026-08-04T08:33:46.170268Z
M3,912,saturated,M3,true,0.000,0.000,0.000,0.000,0.000,0.000,0.000,483134,370261,116219904,34578432,0,484099,2026-08-04T08:33:46.170268Z
M3,913,saturated,M3,true,0.000,0.000,0.000,0.000,0.000,0.000,0.000,483134,370261,116219904,34578432,0,484099,2026-08-04T08:33:46.170268Z
M3,914,saturated,M3,true,0.000,0.000,0.000,0.000,0.000,0.000,0.000,483134,370261,116219904,34578432,0,484099,2026-08-04T08:33:46.170268Z
M3,915,saturated,M3,true,0.000,0.000,0.000,0.000,0.000,0.000,0.000,483134,370261,116219904,34578432,0,484099,2026-08-04T08:33:46.170268Z
M3,916,saturated,M3,true,0.000,0.000,0.000,0.000,0.000,0.000,0.000,483134,370261,116219904,34578432,0,484099,2026-08-04T08:33:46.170268Z
M3,917,saturated,M3,true,0.000,0.000,0.000,0.000,0.000,0.000,0.000,483134,370261,116219904,34578432,0,484099,2026-08-04T08:33:46.170268Z
M3,918,saturated,M3,true,0.000,0.000,0.000,0.000,0.000,0.000,0.000,483134,370261,116219904,34578432,0,484099,2026-08-04T08:33:46.170268Z
M3,919,saturated,M3,true,0.000,0.000,0.000,0.000,0.000,0.000,0.000,483134,370261,116219904,34578432,0,484099,2026-08-04T08:33:46.170268Z
M3,920,saturated,M3,true,0.000,0.000,0.000,0.000,0.000,0.000,0.000,483134,370261,116219904,34578432,0,484099,2026-08-04T08:33:46.170268Z
M3,921,saturated,M3,true,0.000,0.000,0.000,0.000,0.000,0.000,0.000,483134,370261,116219904,34578432,0,484099,2026-08-04T08:33:46.170268Z
M3,922,saturated,M3,true,0.000,0.000,0.000,0.000,0.000,0.000,0.000,483134,370261,116219904,34578432,0,484099,2026-08-04T08:33:46.170268Z
M3,923,saturated,M3,true,0.000,0.000,0.000,0.000,0.000,0.000,0.000,483134,370261,116219904,34578432,0,484099,2026-08-04T08:33:46.170268Z
M3,924,saturated,M3,true,0.000,0.000,0.000,0.000,0.000,0.000,0.000,483134,370261,116219904,34578432,0,484099,2026-08-04T08:33:46.170268Z
M3,925,saturated,M3,true,0.000,0.000,0.000,0.000,0.000,0.000,0.000,483134,370261,116219904,34578432,0,484099,2026-08-04T08:33:46.170268Z
M3,926,saturated,M3,true,0.000,0.000,0.000,0.000,0.000,0.000,0.000,483134,370261,116219904,34578432,0,484099,2026-08-04T08:33:46.170268Z
M3,927,saturated,M3,true,0.000,0.000,0.000,0.000,0.000,0.000,0.000,483134,370261,116219904,34578432,0,484099,2026-08-04T08:33:46.170268Z
M3,928,saturated,M3,true,0.000,0.000,0.000,0.000,0.000,0.000,0.000,483134,370261,116219904,34578432,0,484099,2026-08-04T08:33:46.170268Z
M3,929,saturated,M3,true,0.000,0.000,0.000,0.000,0.000,0.000,0.000,483134,370261,116219904,34578432,0,484099,2026-08-04T08:33:46.170268Z
M3,930,saturated,M3,true,0.000,0.000,0.000,0.000,0.000,0.000,0.000,483134,370261,116219904,34578432,0,484099,2026-08-04T08:33:46.170268Z
M3,931,saturated,M3,true,0.000,0.000,0.000,0.000,0.000,0.000,0.000,483134,370261,116219904,34578432,0,484099,2026-08-04T08:33:46.170268Z
M3,932,saturated,M3,true,0.000,0.000,0.000,0.000,0.000,0.000,0.000,483134,370261,116219904,34578432,0,484099,2026-08-04T08:33:46.170268Z
M3,933,saturated,M3,true,0.000,0.000,0.000,0.000,0.000,0.000,0.000,483134,370261,116219904,34578432,0,484099,2026-08-04T08:33:46.170268Z
M3,934,saturated,M3,true,0.000,0.000,0.000,0.000,0.000,0.000,0.000,483134,370261,116219904,34578432,0,484099,2026-08-04T08:33:46.170268Z
M3,935,saturated,M3,true,0.000,0.000,0.000,0.000,0.000,0.000,0.000,483134,370261,116219904,34578432,0,484099,2026-08-04T08:33:46.170268Z
M3,936,saturated,M3,true,0.000,0.000,0.000,0.000,0.000,0.000,0.000,483134,370261,116219904,34578432,0,484099,2026-08-04T08:33:46.170268Z
M3,937,saturated,M3,true,0.000,0.000,0.000,0.000,0.000,0.000,0.000,483134,370261,116219904,34578432,0,484099,2026-08-04T08:33:46.170268Z
M3,938,saturated,M3,true,0.000,0.000,0.000,0.000,0.000,0.000,0.000,483134,370261,116219904,34578432,0,484099,2026-08-04T08:33:46.170268Z
M3,939,saturated,M3,true,0.000,0.000,0.000,0.000,0.000,0.000,0.000,483134,370261,116219904,34578432,0,484099,2026-08-04T08:33:46.170268Z
M3,940,saturated,M3,true,0.000,0.000,0.000,0.000,0.000,0.000,0.000,483134,370261,116219904,34578432,0,484099,2026-08-04T08:33:46.170268Z
M3,941,saturated,M3,true,0.000,0.000,0.000,0.000,0.000,0.000,0.000,483134,370261,116219904,34578432,0,484099,2026-08-04T08:33:46.170268Z
M3,942,saturated,M3,true,0.000,0.000,0.000,0.000,0.000,0.000,0.000,483134,370261,116219904,34578432,0,484099,2026-08-04T08:33:46.170268Z
M3,943,saturated,M3,true,0.000,0.000,0.000,0.000,0.000,0.000,0.000,483134,370261,116219904,34578432,0,484099,2026-08-04T08:33:46.170268Z
M3,944,saturated,M3,true,0.000,0.000,0.000,0.000,0.000,0.000,0.000,483134,370261,116219904,34578432,0,484099,2026-08-04T08:33:46.170268Z
M3,945,saturated,M3,true,0.000,0.000,0.000,0.000,0.000,0.000,0.000,483134,370261,116219904,34578432,0,484099,2026-08-04T08:33:46.170268Z
M3,946,saturated,M3,true,0.000,0.000,0.000,0.000,0.000,0.000,0.000,483134,370261,116219904,34578432,0,484099,2026-08-04T08:33:46.170268Z
M3,947,saturated,M3,true,0.000,0.000,0.000,0.000,0.000,0.000,0.000,483134,370261,116219904,34578432,0,484099,2026-08-04T08:33:46.170268Z
M3,948,saturated,M3,true,0.000,0.000,0.000,0.000,0.000,0.000,0.000,483134,370261,116219904,34578432,0,484099,2026-08-04T08:33:46.170268Z
M3,949,saturated,M3,true,0.000,0.000,0.000,0.000,0.000,0.000,0.000,483134,370261,116219904,34578432,0,484099,2026-08-04T08:33:46.170268Z
M3,950,saturated,M3,true,0.000,0.000,0.000,0.000,0.000,0.000,0.000,483134,370261,116219904,34578432,0,484099,2026-08-04T08:33:46.170268Z
M3,951,saturated,M3,true,0.000,0.000,0.000,0.000,0.000,0.000,0.000,483134,370261,116219904,34578432,0,484099,2026-08-04T08:33:46.170268Z
M3,952,saturated,M3,true,0.000,0.000,0.000,0.000,0.000,0.000,0.000,483134,370261,116219904,34578432,0,484099,2026-08-04T08:33:46.170268Z
M3,953,saturated,M3,true,0.000,0.000,0.000,0.000,0.000,0.000,0.000,483134,370261,116219904,34578432,0,484099,2026-08-04T08:33:46.170268Z
M3,954,saturated,M3,true,0.000,0.000,0.000,0.000,0.000,0.000,0.000,483134,370261,116219904,34578432,0,484099,2026-08-04T08:33:46.170268Z
M3,955,saturated,M3,true,0.000,0.000,0.000,0.000,0.000,0.000,0.000,483134,370261,116219904,34578432,0,484099,2026-08-04T08:33:46.170268Z
M3,956,saturated,M3,true,0.000,0.000,0.000,0.000,0.000,0.000,0.000,483134,370261,116219904,34578432,0,484099,2026-08-04T08:33:46.170268Z
M3,957,saturated,M3,true,0.000,0.000,0.000,0.000,0.000,0.000,0.000,483134,370261,116219904,34578432,0,484099,2026-08-04T08:33:46.170268Z
M3,958,saturated,M3,true,0.000,0.000,0.000,0.000,0.000,0.000,0.000,483134,370261,116219904,34578432,0,484099,2026-08-04T08:33:46.170268Z
M3,959,saturated,M3,true,0.000,0.000,0.000,0.000,0.000,0.000,0.000,483134,370261,116219904,34578432,0,484099,2026-08-04T08:33:46.170268Z
M3,960,saturated,M3,true,0.000,0.000,0.000,0.000,0.000,0.000,0.000,483134,370261,116219904,34578432,0,484099,2026-08-04T08:33:46.170268Z
M3,961,saturated,M3,true,0.000,0.000,0.000,0.000,0.000,0.000,0.000,483134,370261,116219904,34578432,0,484099,2026-08-04T08:33:46.170268Z
M3,962,saturated,M3,true,0.000,0.000,0.000,0.000,0.000,0.000,0.000,483134,370261,116219904,34578432,0,484099,2026-08-04T08:33:46.170268Z
M3,963,saturated,M3,true,0.000,0.000,0.000,0.000,0.000,0.000,0.000,483134,370261,116219904,34578432,0,484099,2026-08-04T08:33:46.170268Z
M3,964,saturated,M3,true,0.000,0.000,0.000,0.000,0.000,0.000,0.000,483134,370261,116219904,34578432,0,484099,2026-08-04T08:33:46.170268Z
M3,965,saturated,M3,true,0.000,0.000,0.000,0.000,0.000,0.000,0.000,483134,370261,116219904,34578432,0,484099,2026-08-04T08:33:46.170268Z
M3,966,saturated,M3,true,0.000,0.000,0.000,0.000,0.000,0.000,0.000,483134,370261,116219904,34578432,0,484099,2026-08-04T08:33:46.170268Z
M3,967,saturated,M3,true,0.000,0.000,0.000,0.000,0.000,0.000,0.000,483134,370261,116219904,34578432,0,484099,2026-08-04T08:33:46.170268Z
M3,968,saturated,M3,true,0.000,0.000,0.000,0.000,0.000,0.000,0.000,483134,370261,116219904,34578432,0,484099,2026-08-04T08:33:46.170268Z
M3,969,saturated,M3,true,0.000,0.000,0.000,0.000,0.000,0.000,0.000,483134,370261,116219904,34578432,0,484099,2026-08-04T08:33:46.170268Z
M3,970,saturated,M3,true,0.000,0.000,0.000,0.000,0.000,0.000,0.000,483134,370261,116219904,34578432,0,484099,2026-08-04T08:33:46.170268Z
M3,971,saturated,M3,true,0.000,0.000,0.000,0.000,0.000,0.000,0.000,483134,370261,116219904,34578432,0,484099,2026-08-04T08:33:46.170268Z
M3,972,saturated,M3,true,0.000,0.000,0.000,0.000,0.000,0.000,0.000,483134,370261,116219904,34578432,0,484099,2026-08-04T08:33:46.170268Z
M3,973,saturated,M3,true,0.000,0.000,0.000,0.000,0.000,0.000,0.000,483134,370261,116219904,34578432,0,484099,2026-08-04T08:33:46.170268Z
M3,974,saturated,M3,true,0.000,0.000,0.000,0.000,0.000,0.000,0.000,483134,370261,116219904,34578432,0,484099,2026-08-04T08:33:46.170268Z
M3,975,saturated,M3,true,0.000,0.000,0.000,0.000,0.000,0.000,0.000,483134,370261,116219904,34578432,0,484099,2026-08-04T08:33:46.170268Z
M3,976,saturated,M3,true,0.000,0.000,0.000,0.000,0.000,0.000,0.000,483134,370261,116219904,34578432,0,484099,2026-08-04T08:33:46.170268Z
M3,977,saturated,M3,true,0.000,0.000,0.000,0.000,0.000,0.000,0.000,483134,370261,116219904,34578432,0,484099,2026-08-04T08:33:46.170268Z
M3,978,saturated,M3,true,0.000,0.000,0.000,0.000,0.000,0.000,0.000,483134,370261,116219904,34578432,0,484099,2026-08-04T08:33:46.170268Z
M3,979,saturated,M3,true,0.000,0.000,0.000,0.000,0.000,0.000,0.000,483134,370261,116219904,34578432,0,484099,2026-08-04T08:33:46.170268Z
M3,980,saturated,M3,true,0.000,0.000,0.000,0.000,0.000,0.000,0.000,483134,370261,116219904,34578432,0,484099,2026-08-04T08:33:46.170268Z
M3,981,saturated,M3,true,0.000,0.000,0.000,0.000,0.000,0.000,0.000,483134,370261,116219904,34578432,0,484099,2026-08-04T08:33:46.170268Z
M3,982,saturated,M3,true,0.000,0.000,0.000,0.000,0.000,0.000,0.000,483134,370261,116219904,34578432,0,484099,2026-08-04T08:33:46.170268Z
M3,983,saturated,M3,true,0.000,0.000,0.000,0.000,0.000,0.000,0.000,483134,370261,116219904,34578432,0,484099,2026-08-04T08:33:46.170268Z
M3,984,saturated,M3,true,0.000,0.000,0.000,0.000,0.000,0.000,0.000,483134,370261,116219904,34578432,0,484099,2026-08-04T08:33:46.170268Z
M3,985,saturated,M3,true,0.000,0.000,0.000,0.000,0.000,0.000,0.000,483134,370261,116219904,34578432,0,484099,2026-08-04T08:33:46.170268Z
M3,986,saturated,M3,true,0.000,0.000,0.000,0.000,0.000,0.000,0.000,483134,370261,116219904,34578432,0,484099,2026-08-04T08:33:46.170268Z
M3,987,saturated,M3,true,0.000,0.000,0.000,0.000,0.000,0.000,0.000,483134,370261,116219904,34578432,0,484099,2026-08-04T08:33:46.170268Z
M3,988,saturated,M3,true,0.000,0.000,0.000,0.000,0.000,0.000,0.000,483134,370261,116219904,34578432,0,484099,2026-08-04T08:33:46.170268Z
M3,989,saturated,M3,true,0.000,0.000,0.000,0.000,0.000,0.000,0.000,483134,370261,116219904,34578432,0,484099,2026-08-04T08:33:46.170268Z
M3,990,saturated,M3,true,0.000,0.000,0.000,0.000,0.000,0.000,0.000,483134,370261,116219904,34578432,0,484099,2026-08-04T08:33:46.170268Z
M3,991,saturated,M3,true,0.000,0.000,0.000,0.000,0.000,0.000,0.000,483134,370261,116219904,34578432,0,484099,2026-08-04T08:33:46.170268Z
M3,992,saturated,M3,true,0.000,0.000,0.000,0.000,0.000,0.000,0.000,483134,370261,116219904,34578432,0,484099,2026-08-04T08:33:46.170268Z
M3,993,saturated,M3,true,0.000,0.000,0.000,0.000,0.000,0.000,0.000,483134,370261,116219904,34578432,0,484099,2026-08-04T08:33:46.170268Z
M3,994,saturated,M3,true,0.000,0.000,0.000,0.000,0.000,0.000,0.000,483134,370261,116219904,34578432,0,484099,2026-08-04T08:33:46.170268Z
M3,995,saturated,M3,true,0.000,0.000,0.000,0.000,0.000,0.000,0.000,483134,370261,116219904,34578432,0,484099,2026-08-04T08:33:46.170268Z
M3,996,saturated,M3,true,0.000,0.000,0.000,0.000,0.000,0.000,0.000,483134,370261,116219904,34578432,0,484099,2026-08-04T08:33:46.170268Z
M3,997,saturated,M3,true,0.000,0.000,0.000,0.000,0.000,0.000,0.000,483134,370261,116219904,34578432,0,484099,2026-08-04T08:33:46.170268Z
M3,998,saturated,M3,true,0.000,0.000,0.000,0.000,0.000,0.000,0.000,483134,370261,116219904,34578432,0,484099,2026-08-04T08:33:46.170268Z
M3,999,saturated,M3,true,0.000,0.000,0.000,0.000,0.000,0.000,0.000,483134,370261,116219904,34578432,0,484099,2026-08-04T08:33:46.170268Z
M3,1000,saturated,M3,true,0.000,0.000,0.000,0.000,0.000,0.000,0.000,483134,370261,116219904,34578432,0,484099,2026-08-04T08:33:46.170268Z
M3,1001,saturated,M3,true,0.000,0.000,0.000,0.000,0.000,0.000,0.000,483134,370261,116219904,34578432,0,484099,2026-08-04T08:33:46.170268Z
M3,1002,saturated,M3,true,0.000,0.000,0.000,0.000,0.000,0.000,0.000,483134,370261,116219904,34578432,0,484099,2026-08-04T08:33:46.170268Z
M3,1003,saturated,M3,true,0.000,0.000,0.000,0.000,0.000,0.000,0.000,483134,370261,116219904,34578432,0,484099,2026-08-04T08:33:46.170268Z
M3,1004,saturated,M3,true,0.000,0.000,0.000,0.000,0.000,0.000,0.000,483134,370261,116219904,34578432,0,484099,2026-08-04T08:33:46.170268Z
M3,1005,saturated,M3,true,0.000,0.000,0.000,0.000,0.000,0.000,0.000,483134,370261,116219904,34578432,0,484099,2026-08-04T08:33:46.170268Z
M3,1006,saturated,M3,true,0.000,0.000,0.000,0.000,0.000,0.000,0.000,483134,370261,116219904,34578432,0,484099,2026-08-04T08:33:46.170268Z
M3,1007,saturated,M3,true,0.000,0.000,0.000,0.000,0.000,0.000,0.000,483134,370261,116219904,34578432,0,484099,2026-08-04T08:33:46.170268Z
M3,1008,saturated,M3,true,0.000,0.000,0.000,0.000,0.000,0.000,0.000,483134,370261,116219904,34578432,0,484099,2026-08-04T08:33:46.170268Z
M3,1009,saturated,M3,true,0.000,0.000,0.000,0.000,0.000,0.000,0.000,483134,370261,116219904,34578432,0,484099,2026-08-04T08:33:46.170268Z
M3,1010,saturated,M3,true,0.000,0.000,0.000,0.000,0.000,0.000,0.000,483134,370261,116219904,34578432,0,484099,2026-08-04T08:33:46.170268Z
M3,1011,saturated,M3,true,0.000,0.000,0.000,0.000,0.000,0.000,0.000,483134,370261,116219904,34578432,0,484099,2026-08-04T08:33:46.170268Z
M3,1012,saturated,M3,true,0.000,0.000,0.000,0.000,0.000,0.000,0.000,483134,370261,116219904,34578432,0,484099,2026-08-04T08:33:46.170268Z
M3,1013,saturated,M3,true,0.000,0.000,0.000,0.000,0.000,0.000,0.000,483134,370261,116219904,34578432,0,484099,2026-08-04T08:33:46.170268Z
M3,1014,saturated,M3,true,0.000,0.000,0.000,0.000,0.000,0.000,0.000,483134,370261,116219904,34578432,0,484099,2026-08-04T08:33:46.170268Z
M3,1015,saturated,M3,true,0.000,0.000,0.000,0.000,0.000,0.000,0.000,483134,370261,116219904,34578432,0,484099,2026-08-04T08:33:46.170268Z
M3,1016,saturated,M3,true,0.000,0.000,0.000,0.000,0.000,0.000,0.000,483134,370261,116219904,34578432,0,484099,2026-08-04T08:33:46.170268Z
M3,1017,saturated,M3,true,0.000,0.000,0.000,0.000,0.000,0.000,0.000,483134,370261,116219904,34578432,0,484099,2026-08-04T08:33:46.170268Z
M3,1018,saturated,M3,true,0.000,0.000,0.000,0.000,0.000,0.000,0.000,483134,370261,116219904,34578432,0,484099,2026-08-04T08:33:46.170268Z
M3,1019,saturated,M3,true,0.000,0.000,0.000,0.000,0.000,0.000,0.000,483134,370261,116219904,34578432,0,484099,2026-08-04T08:33:46.170268Z
M3,1020,saturated,M3,true,0.000,0.000,0.000,0.000,0.000,0.000,0.000,483134,370261,116219904,34578432,0,484099,2026-08-04T08:33:46.170268Z
M3,1021,saturated,M3,true,0.000,0.000,0.000,0.000,0.000,0.000,0.000,483134,370261,116219904,34578432,0,484099,2026-08-04T08:33:46.170268Z
M3,1022,saturated,M3,true,0.000,0.000,0.000,0.000,0.000,0.000,0.000,483134,370261,116219904,34578432,0,484099,2026-08-04T08:33:46.170268Z
M3,1023,saturated,M3,true,0.000,0.000,0.000,0.000,0.000,0.000,0.000,483134,370261,116219904,34578432,0,484099,2026-08-04T08:33:46.170268Z
M3,1024,saturated,M3,true,0.000,0.000,0.000,0.000,0.000,0.000,0.000,483134,370261,116219904,34578432,0,484099,2026-08-04T08:33:46.170268Z
M3,1025,saturated,M3,true,0.000,0.000,0.000,0.000,0.000,0.000,0.000,483134,370261,116219904,34578432,0,484099,2026-08-04T08:33:46.170268Z
M3,1026,saturated,M3,true,0.000,0.000,0.000,0.000,0.000,0.000,0.000,483134,370261,116219904,34578432,0,484099,2026-08-04T08:33:46.170268Z
M3,1027,saturated,M3,true,0.000,0.000,0.000,0.000,0.000,0.000,0.000,483134,370261,116219904,34578432,0,484099,2026-08-04T08:33:46.170268Z
M3,1028,saturated,M3,true,0.000,0.000,0.000,0.000,0.000,0.000,0.000,483134,370261,116219904,34578432,0,484099,2026-08-04T08:33:46.170268Z
M3,1029,saturated,M3,true,0.000,0.000,0.000,0.000,0.000,0.000,0.000,483134,370261,116219904,34578432,0,484099,2026-08-04T08:33:46.170268Z
M3,1030,saturated,M3,true,0.000,0.000,0.000,0.000,0.000,0.000,0.000,483134,370261,116219904,34578432,0,484099,2026-08-04T08:33:46.170268Z
M3,1031,saturated,M3,true,0.000,0.000,0.000,0.000,0.000,0.000,0.000,483134,370261,116219904,34578432,0,484099,2026-08-04T08:33:46.170268Z
M3,1032,saturated,M3,true,0.000,0.000,0.000,0.000,0.000,0.000,0.000,483134,370261,116219904,34578432,0,484099,2026-08-04T08:33:46.170268Z
M3,1033,saturated,M3,true,0.000,0.000,0.000,0.000,0.000,0.000,0.000,483134,370261,116219904,34578432,0,484099,2026-08-04T08:33:46.170268Z
M3,1034,saturated,M3,true,0.000,0.000,0.000,0.000,0.000,0.000,0.000,483134,370261,116219904,34578432,0,484099,2026-08-04T08:33:46.170268Z
M3,1035,saturated,M3,true,0.000,0.000,0.000,0.000,0.000,0.000,0.000,483134,370261,116219904,34578432,0,484099,2026-08-04T08:33:46.170268Z
M3,1036,saturated,M3,true,0.000,0.000,0.000,0.000,0.000,0.000,0.000,483134,370261,116219904,34578432,0,484099,2026-08-04T08:33:46.170268Z
M3,1037,saturated,M3,true,0.000,0.000,0.000,0.000,0.000,0.000,0.000,483134,370261,116219904,34578432,0,484099,2026-08-04T08:33:46.170268Z
M3,1038,saturated,M3,true,0.000,0.000,0.000,0.000,0.000,0.000,0.000,483134,370261,116219904,34578432,0,484099,2026-08-04T08:33:46.170268Z
M3,1039,saturated,M3,true,0.000,0.000,0.000,0.000,0.000,0.000,0.000,483134,370261,116219904,34578432,0,484099,2026-08-04T08:33:46.170268Z
M3,1040,saturated,M3,true,0.000,0.000,0.000,0.000,0.000,0.000,0.000,483134,370261,116219904,34578432,0,484099,2026-08-04T08:33:46.170268Z
M3,1041,saturated,M3,true,0.000,0.000,0.000,0.000,0.000,0.000,0.000,483134,370261,116219904,34578432,0,484099,2026-08-04T08:33:46.170268Z
M3,1042,saturated,M3,true,0.000,0.000,0.000,0.000,0.000,0.000,0.000,483134,370261,116219904,34578432,0,484099,2026-08-04T08:33:46.170268Z
M3,1043,saturated,M3,true,0.000,0.000,0.000,0.000,0.000,0.000,0.000,483134,370261,116219904,34578432,0,484099,2026-08-04T08:33:46.170268Z
M3,1044,saturated,M3,true,0.000,0.000,0.000,0.000,0.000,0.000,0.000,483134,370261,116219904,34578432,0,484099,2026-08-04T08:33:46.170268Z
M3,1045,saturated,M3,true,0.000,0.000,0.000,0.000,0.000,0.000,0.000,483134,370261,116219904,34578432,0,484099,2026-08-04T08:33:46.170268Z
M3,1046,saturated,M3,true,0.000,0.000,0.000,0.000,0.000,0.000,0.000,483134,370261,116219904,34578432,0,484099,2026-08-04T08:33:46.170268Z
M3,1047,saturated,M3,true,0.000,0.000,0.000,0.000,0.000,0.000,0.000,483134,370261,116219904,34578432,0,484099,2026-08-04T08:33:46.170268Z
M3,1048,saturated,M3,true,0.000,0.000,0.000,0.000,0.000,0.000,0.000,483134,370261,116219904,34578432,0,484099,2026-08-04T08:33:46.170268Z
M3,1049,saturated,M3,true,0.000,0.000,0.000,0.000,0.000,0.000,0.000,483134,370261,116219904,34578432,0,484099,2026-08-04T08:33:46.170268Z
M3,1050,saturated,M3,true,0.000,0.000,0.000,0.000,0.000,0.000,0.000,483134,370261,116219904,34578432,0,484099,2026-08-04T08:33:46.170268Z
M3,1051,saturated,M3,true,0.000,0.000,0.000,0.000,0.000,0.000,0.000,483134,370261,116219904,34578432,0,484099,2026-08-04T08:33:46.170268Z
M3,1052,saturated,M3,true,0.000,0.000,0.000,0.000,0.000,0.000,0.000,483134,370261,116219904,34578432,0,484099,2026-08-04T08:33:46.170268Z
M3,1053,saturated,M3,true,0.000,0.000,0.000,0.000,0.000,0.000,0.000,483134,370261,116219904,34578432,0,484099,2026-08-04T08:33:46.170268Z
M3,1054,saturated,M3,true,0.000,0.000,0.000,0.000,0.000,0.000,0.000,483134,370261,116219904,34578432,0,484099,2026-08-04T08:33:46.170268Z
M3,1055,saturated,M3,true,0.000,0.000,0.000,0.000,0.000,0.000,0.000,483134,370261,116219904,34578432,0,484099,2026-08-04T08:33:46.170268Z
M3,1056,saturated,M3,true,0.000,0.000,0.000,0.000,0.000,0.000,0.000,483134,370261,116219904,34578432,0,484099,2026-08-04T08:33:46.170268Z
M3,1057,saturated,M3,true,0.000,0.000,0.000,0.000,0.000,0.000,0.000,483134,370261,116219904,34578432,0,484099,2026-08-04T08:33:46.170268Z
M3,1058,saturated,M3,true,0.000,0.000,0.000,0.000,0.000,0.000,0.000,483134,370261,116219904,34578432,0,484099,2026-08-04T08:33:46.170268Z
M3,1059,saturated,M3,true,0.000,0.000,0.000,0.000,0.000,0.000,0.000,483134,370261,116219904,34578432,0,484099,2026-08-04T08:33:46.170268Z
M3,1060,saturated,M3,true,0.000,0.000,0.000,0.000,0.000,0.000,0.000,483134,370261,116219904,34578432,0,484099,2026-08-04T08:33:46.170268Z
M3,1061,saturated,M3,true,0.000,0.000,0.000,0.000,0.000,0.000,0.000,483134,370261,116219904,34578432,0,484099,2026-08-04T08:33:46.170268Z
M3,1062,saturated,M3,true,0.000,0.000,0.000,0.000,0.000,0.000,0.000,483134,370261,116219904,34578432,0,484099,2026-08-04T08:33:46.170268Z
M3,1063,saturated,M3,true,0.000,0.000,0.000,0.000,0.000,0.000,0.000,483134,370261,116219904,34578432,0,484099,2026-08-04T08:33:46.170268Z
M3,1064,saturated,M3,true,0.000,0.000,0.000,0.000,0.000,0.000,0.000,483134,370261,116219904,34578432,0,484099,2026-08-04T08:33:46.170268Z
M3,1065,saturated,M3,true,0.000,0.000,0.000,0.000,0.000,0.000,0.000,483134,370261,116219904,34578432,0,484099,2026-08-04T08:33:46.170268Z
M3,1066,saturated,M3,true,0.000,0.000,0.000,0.000,0.000,0.000,0.000,483134,370261,116219904,34578432,0,484099,2026-08-04T08:33:46.170268Z
M3,1067,saturated,M3,true,0.000,0.000,0.000,0.000,0.000,0.000,0.000,483134,370261,116219904,34578432,0,484099,2026-08-04T08:33:46.170268Z
M3,1068,saturated,M3,true,0.000,0.000,0.000,0.000,0.000,0.000,0.000,483134,370261,116219904,34578432,0,484099,2026-08-04T08:33:46.170268Z
M3,1069,saturated,M3,true,0.000,0.000,0.000,0.000,0.000,0.000,0.000,483134,370261,116219904,34578432,0,484099,2026-08-04T08:33:46.170268Z
M3,1070,saturated,M3,true,0.000,0.000,0.000,0.000,0.000,0.000,0.000,483134,370261,116219904,34578432,0,484099,2026-08-04T08:33:46.170268Z
M3,1071,saturated,M3,true,0.000,0.000,0.000,0.000,0.000,0.000,0.000,483134,370261,116219904,34578432,0,484099,2026-08-04T08:33:46.170268Z
M3,1072,saturated,M3,true,0.000,0.000,0.000,0.000,0.000,0.000,0.000,483134,370261,116219904,34578432,0,484099,2026-08-04T08:33:46.170268Z
M3,1073,saturated,M3,true,0.000,0.000,0.000,0.000,0.000,0.000,0.000,483134,370261,116219904,34578432,0,484099,2026-08-04T08:33:46.170268Z
M3,1074,saturated,M3,true,0.000,0.000,0.000,0.000,0.000,0.000,0.000,483134,370261,116219904,34578432,0,484099,2026-08-04T08:33:46.170268Z
M3,1075,saturated,M3,true,0.000,0.000,0.000,0.000,0.000,0.000,0.000,483134,370261,116219904,34578432,0,484099,2026-08-04T08:33:46.170268Z
M3,1076,saturated,M3,true,0.000,0.000,0.000,0.000,0.000,0.000,0.000,483134,370261,116219904,34578432,0,484099,2026-08-04T08:33:46.170268Z
M3,1077,saturated,M3,true,0.000,0.000,0.000,0.000,0.000,0.000,0.000,483134,370261,116219904,34578432,0,484099,2026-08-04T08:33:46.170268Z
M3,1078,saturated,M3,true,0.000,0.000,0.000,0.000,0.000,0.000,0.000,483134,370261,116219904,34578432,0,484099,2026-08-04T08:33:46.170268Z
M3,1079,saturated,M3,true,0.000,0.000,0.000,0.000,0.000,0.000,0.000,483134,370261,116219904,34578432,0,484099,2026-08-04T08:33:46.170268Z
M3,1080,saturated,M3,true,0.000,0.000,0.000,0.000,0.000,0.000,0.000,483134,370261,116219904,34578432,0,484099,2026-08-04T08:33:46.170268Z
M3,1081,saturated,M3,true,0.000,0.000,0.000,0.000,0.000,0.000,0.000,483134,370261,116219904,34578432,0,484099,2026-08-04T08:33:46.170268Z
M3,1082,saturated,M3,true,0.000,0.000,0.000,0.000,0.000,0.000,0.000,483134,370261,116219904,34578432,0,484099,2026-08-04T08:33:46.170268Z
M3,1083,saturated,M3,true,0.000,0.000,0.000,0.000,0.000,0.000,0.000,483134,370261,116219904,34578432,0,484099,2026-08-04T08:33:46.170268Z
M3,1084,saturated,M3,true,0.000,0.000,0.000,0.000,0.000,0.000,0.000,483134,370261,116219904,34578432,0,484099,2026-08-04T08:33:46.170268Z
M3,1085,saturated,M3,true,0.000,0.000,0.000,0.000,0.000,0.000,0.000,483134,370261,116219904,34578432,0,484099,2026-08-04T08:33:46.170268Z
M3,1086,saturated,M3,true,0.000,0.000,0.000,0.000,0.000,0.000,0.000,483134,370261,116219904,34578432,0,484099,2026-08-04T08:33:46.170268Z
M3,1087,saturated,M3,true,0.000,0.000,0.000,0.000,0.000,0.000,0.000,483134,370261,116219904,34578432,0,484099,2026-08-04T08:33:46.170268Z
M3,1088,saturated,M3,true,0.000,0.000,0.000,0.000,0.000,0.000,0.000,483134,370261,116219904,34578432,0,484099,2026-08-04T08:33:46.170268Z
M3,1089,saturated,M3,true,0.000,0.000,0.000,0.000,0.000,0.000,0.000,483134,370261,116219904,34578432,0,484099,2026-08-04T08:33:46.170268Z
M3,1090,saturated,M3,true,0.000,0.000,0.000,0.000,0.000,0.000,0.000,483134,370261,116219904,34578432,0,484099,2026-08-04T08:33:46.170268Z
M3,1091,saturated,M3,true,0.000,0.000,0.000,0.000,0.000,0.000,0.000,483134,370261,116219904,34578432,0,484099,2026-08-04T08:33:46.170268Z
M3,1092,saturated,M3,true,0.000,0.000,0.000,0.000,0.000,0.000,0.000,483134,370261,116219904,34578432,0,484099,2026-08-04T08:33:46.170268Z
M3,1093,saturated,M3,true,0.000,0.000,0.000,0.000,0.000,0.000,0.000,483134,370261,116219904,34578432,0,484099,2026-08-04T08:33:46.170268Z
M3,1094,saturated,M3,true,0.000,0.000,0.000,0.000,0.000,0.000,0.000,483134,370261,116219904,34578432,0,484099,2026-08-04T08:33:46.170268Z
M3,1095,saturated,M3,true,0.000,0.000,0.000,0.000,0.000,0.000,0.000,483134,370261,116219904,34578432,0,484099,2026-08-04T08:33:46.170268Z
M3,1096,saturated,M3,true,0.000,0.000,0.000,0.000,0.000,0.000,0.000,483134,370261,116219904,34578432,0,484099,2026-08-04T08:33:46.170268Z
M3,1097,saturated,M3,true,0.000,0.000,0.000,0.000,0.000,0.000,0.000,483134,370261,116219904,34578432,0,484099,2026-08-04T08:33:46.170268Z
M3,1098,saturated,M3,true,0.000,0.000,0.000,0.000,0.000,0.000,0.000,483134,370261,116219904,34578432,0,484099,2026-08-04T08:33:46.170268Z
M3,1099,saturated,M3,true,0.000,0.000,0.000,0.000,0.000,0.000,0.000,483134,370261,116219904,34578432,0,484099,2026-08-04T08:33:46.170268Z
M3,1100,saturated,M3,true,0.000,0.000,0.000,0.000,0.000,0.000,0.000,483134,370261,116219904,34578432,0,484099,2026-08-04T08:33:46.170268Z
M3,1101,saturated,M3,true,0.000,0.000,0.000,0.000,0.000,0.000,0.000,483134,370261,116219904,34578432,0,484099,2026-08-04T08:33:46.170268Z
M3,1102,saturated,M3,true,0.000,0.000,0.000,0.000,0.000,0.000,0.000,483134,370261,116219904,34578432,0,484099,2026-08-04T08:33:46.170268Z
M3,1103,saturated,M3,true,0.000,0.000,0.000,0.000,0.000,0.000,0.000,483134,370261,116219904,34578432,0,484099,2026-08-04T08:33:46.170268Z
M3,1104,saturated,M3,true,0.000,0.000,0.000,0.000,0.000,0.000,0.000,483134,370261,116219904,34578432,0,484099,2026-08-04T08:33:46.170268Z
M3,1105,saturated,M3,true,0.000,0.000,0.000,0.000,0.000,0.000,0.000,483134,370261,116219904,34578432,0,484099,2026-08-04T08:33:46.170268Z
M3,1106,saturated,M3,true,0.000,0.000,0.000,0.000,0.000,0.000,0.000,483134,370261,116219904,34578432,0,484099,2026-08-04T08:33:46.170268Z
M3,1107,saturated,M3,true,0.000,0.000,0.000,0.000,0.000,0.000,0.000,483134,370261,116219904,34578432,0,484099,2026-08-04T08:33:46.170268Z
M3,1108,saturated,M3,true,0.000,0.000,0.000,0.000,0.000,0.000,0.000,483134,370261,116219904,34578432,0,484099,2026-08-04T08:33:46.170268Z
M3,1109,saturated,M3,true,0.000,0.000,0.000,0.000,0.000,0.000,0.000,483134,370261,116219904,34578432,0,484099,2026-08-04T08:33:46.170268Z
M3,1110,saturated,M3,true,0.000,0.000,0.000,0.000,0.000,0.000,0.000,483134,370261,116219904,34578432,0,484099,2026-08-04T08:33:46.170268Z
M3,1111,saturated,M3,true,0.000,0.000,0.000,0.000,0.000,0.000,0.000,483134,370261,116219904,34578432,0,484099,2026-08-04T08:33:46.170268Z
M3,1112,saturated,M3,true,0.000,0.000,0.000,0.000,0.000,0.000,0.000,483134,370261,116219904,34578432,0,484099,2026-08-04T08:33:46.170268Z
M3,1113,saturated,M3,true,0.000,0.000,0.000,0.000,0.000,0.000,0.000,483134,370261,116219904,34578432,0,484099,2026-08-04T08:33:46.170268Z
M3,1114,saturated,M3,true,0.000,0.000,0.000,0.000,0.000,0.000,0.000,483134,370261,116219904,34578432,0,484099,2026-08-04T08:33:46.170268Z
M3,1115,saturated,M3,true,0.000,0.000,0.000,0.000,0.000,0.000,0.000,483134,370261,116219904,34578432,0,484099,2026-08-04T08:33:46.170268Z
M3,1116,saturated,M3,true,0.000,0.000,0.000,0.000,0.000,0.000,0.000,483134,370261,116219904,34578432,0,484099,2026-08-04T08:33:46.170268Z
M3,1117,saturated,M3,true,0.000,0.000,0.000,0.000,0.000,0.000,0.000,483134,370261,116219904,34578432,0,484099,2026-08-04T08:33:46.170268Z
M3,1118,saturated,M3,true,0.000,0.000,0.000,0.000,0.000,0.000,0.000,483134,370261,116219904,34578432,0,484099,2026-08-04T08:33:46.170268Z
M3,1119,saturated,M3,true,0.000,0.000,0.000,0.000,0.000,0.000,0.000,483134,370261,116219904,34578432,0,484099,2026-08-04T08:33:46.170268Z
M3,1120,saturated,M3,true,0.000,0.000,0.000,0.000,0.000,0.000,0.000,483134,370261,116219904,34578432,0,484099,2026-08-04T08:33:46.170268Z
M3,1121,saturated,M3,true,0.000,0.000,0.000,0.000,0.000,0.000,0.000,483134,370261,116219904,34578432,0,484099,2026-08-04T08:33:46.170268Z
M3,1122,saturated,M3,true,0.000,0.000,0.000,0.000,0.000,0.000,0.000,483134,370261,116219904,34578432,0,484099,2026-08-04T08:33:46.170268Z
M3,1123,saturated,M3,true,0.000,0.000,0.000,0.000,0.000,0.000,0.000,483134,370261,116219904,34578432,0,484099,2026-08-04T08:33:46.170268Z
M3,1124,saturated,M3,true,0.000,0.000,0.000,0.000,0.000,0.000,0.000,483134,370261,116219904,34578432,0,484099,2026-08-04T08:33:46.170268Z
M3,1125,saturated,M3,true,0.000,0.000,0.000,0.000,0.000,0.000,0.000,483134,370261,116219904,34578432,0,484099,2026-08-04T08:33:46.170268Z
M3,1126,saturated,M3,true,0.000,0.000,0.000,0.000,0.000,0.000,0.000,483134,370261,116219904,34578432,0,484099,2026-08-04T08:33:46.170268Z
M3,1127,saturated,M3,true,0.000,0.000,0.000,0.000,0.000,0.000,0.000,483134,370261,116219904,34578432,0,484099,2026-08-04T08:33:46.170268Z
M3,1128,saturated,M3,true,0.000,0.000,0.000,0.000,0.000,0.000,0.000,483134,370261,116219904,34578432,0,484099,2026-08-04T08:33:46.170268Z
M3,1129,saturated,M3,true,0.000,0.000,0.000,0.000,0.000,0.000,0.000,483134,370261,116219904,34578432,0,484099,2026-08-04T08:33:46.170268Z
M3,1130,saturated,M3,true,0.000,0.000,0.000,0.000,0.000,0.000,0.000,483134,370261,116219904,34578432,0,484099,2026-08-04T08:33:46.170268Z
M3,1131,saturated,M3,true,0.000,0.000,0.000,0.000,0.000,0.000,0.000,483134,370261,116219904,34578432,0,484099,2026-08-04T08:33:46.170268Z
M3,1132,saturated,M3,true,0.000,0.000,0.000,0.000,0.000,0.000,0.000,483134,370261,116219904,34578432,0,484099,2026-08-04T08:33:46.170268Z
M3,1133,saturated,M3,true,0.000,0.000,0.000,0.000,0.000,0.000,0.000,483134,370261,116219904,34578432,0,484099,2026-08-04T08:33:46.170268Z
M3,1134,saturated,M3,true,0.000,0.000,0.000,0.000,0.000,0.000,0.000,483134,370261,116219904,34578432,0,484099,2026-08-04T08:33:46.170268Z
M3,1135,saturated,M3,true,0.000,0.000,0.000,0.000,0.000,0.000,0.000,483134,370261,116219904,34578432,0,484099,2026-08-04T08:33:46.170268Z
M3,1136,saturated,M3,true,0.000,0.000,0.000,0.000,0.000,0.000,0.000,483134,370261,116219904,34578432,0,484099,2026-08-04T08:33:46.170268Z
M3,1137,saturated,M3,true,0.000,0.000,0.000,0.000,0.000,0.000,0.000,483134,370261,116219904,34578432,0,484099,2026-08-04T08:33:46.170268Z
M3,1138,saturated,M3,true,0.000,0.000,0.000,0.000,0.000,0.000,0.000,483134,370261,116219904,34578432,0,484099,2026-08-04T08:33:46.170268Z
M3,1139,saturated,M3,true,0.000,0.000,0.000,0.000,0.000,0.000,0.000,483134,370261,116219904,34578432,0,484099,2026-08-04T08:33:46.170268Z
M3,1140,saturated,M3,true,0.000,0.000,0.000,0.000,0.000,0.000,0.000,483134,370261,116219904,34578432,0,484099,2026-08-04T08:33:46.170268Z
M3,1141,saturated,M3,true,0.000,0.000,0.000,0.000,0.000,0.000,0.000,483134,370261,116219904,34578432,0,484099,2026-08-04T08:33:46.170268Z
M3,1142,saturated,M3,true,0.000,0.000,0.000,0.000,0.000,0.000,0.000,483134,370261,116219904,34578432,0,484099,2026-08-04T08:33:46.170268Z
M3,1143,saturated,M3,true,0.000,0.000,0.000,0.000,0.000,0.000,0.000,483134,370261,116219904,34578432,0,484099,2026-08-04T08:33:46.170268Z
M3,1144,saturated,M3,true,0.000,0.000,0.000,0.000,0.000,0.000,0.000,483134,370261,116219904,34578432,0,484099,2026-08-04T08:33:46.170268Z
M3,1145,saturated,M3,true,0.000,0.000,0.000,0.000,0.000,0.000,0.000,483134,370261,116219904,34578432,0,484099,2026-08-04T08:33:46.170268Z
M3,1146,saturated,M3,true,0.000,0.000,0.000,0.000,0.000,0.000,0.000,483134,370261,116219904,34578432,0,484099,2026-08-04T08:33:46.170268Z
M3,1147,saturated,M3,true,0.000,0.000,0.000,0.000,0.000,0.000,0.000,483134,370261,116219904,34578432,0,484099,2026-08-04T08:33:46.170268Z
M3,1148,saturated,M3,true,0.000,0.000,0.000,0.000,0.000,0.000,0.000,483134,370261,116219904,34578432,0,484099,2026-08-04T08:33:46.170268Z
M3,1149,saturated,M3,true,0.000,0.000,0.000,0.000,0.000,0.000,0.000,483134,370261,116219904,34578432,0,484099,2026-08-04T08:33:46.170268Z
M3,1150,saturated,M3,true,0.000,0.000,0.000,0.000,0.000,0.000,0.000,483134,370261,116219904,34578432,0,484099,2026-08-04T08:33:46.170268Z
M3,1151,saturated,M3,true,0.000,0.000,0.000,0.000,0.000,0.000,0.000,483134,370261,116219904,34578432,0,484099,2026-08-04T08:33:46.170268Z
M3,1152,saturated,M3,true,0.000,0.000,0.000,0.000,0.000,0.000,0.000,483134,370261,116219904,34578432,0,484099,2026-08-04T08:33:46.170268Z
M3,1153,saturated,M3,true,0.000,0.000,0.000,0.000,0.000,0.000,0.000,483134,370261,116219904,34578432,0,484099,2026-08-04T08:33:46.170268Z
M3,1154,saturated,M3,true,0.000,0.000,0.000,0.000,0.000,0.000,0.000,483134,370261,116219904,34578432,0,484099,2026-08-04T08:33:46.170268Z
M3,1155,saturated,M3,true,0.000,0.000,0.000,0.000,0.000,0.000,0.000,483134,370261,116219904,34578432,0,484099,2026-08-04T08:33:46.170268Z
M3,1156,saturated,M3,true,0.000,0.000,0.000,0.000,0.000,0.000,0.000,483134,370261,116219904,34578432,0,484099,2026-08-04T08:33:46.170268Z
M3,1157,saturated,M3,true,0.000,0.000,0.000,0.000,0.000,0.000,0.000,483134,370261,116219904,34578432,0,484099,2026-08-04T08:33:46.170268Z
M3,1158,saturated,M3,true,0.000,0.000,0.000,0.000,0.000,0.000,0.000,483134,370261,116219904,34578432,0,484099,2026-08-04T08:33:46.170268Z
M3,1159,saturated,M3,true,0.000,0.000,0.000,0.000,0.000,0.000,0.000,483134,370261,116219904,34578432,0,484099,2026-08-04T08:33:46.170268Z
M3,1160,saturated,M3,true,0.000,0.000,0.000,0.000,0.000,0.000,0.000,483134,370261,116219904,34578432,0,484099,2026-08-04T08:33:46.170268Z
M3,1161,saturated,M3,true,0.000,0.000,0.000,0.000,0.000,0.000,0.000,483134,370261,116219904,34578432,0,484099,2026-08-04T08:33:46.170268Z
M3,1162,saturated,M3,true,0.000,0.000,0.000,0.000,0.000,0.000,0.000,483134,370261,116219904,34578432,0,484099,2026-08-04T08:33:46.170268Z
M3,1163,saturated,M3,true,0.000,0.000,0.000,0.000,0.000,0.000,0.000,483134,370261,116219904,34578432,0,484099,2026-08-04T08:33:46.170268Z
M3,1164,saturated,M3,true,0.000,0.000,0.000,0.000,0.000,0.000,0.000,483134,370261,116219904,34578432,0,484099,2026-08-04T08:33:46.170268Z
M3,1165,saturated,M3,true,0.000,0.000,0.000,0.000,0.000,0.000,0.000,483134,370261,116219904,34578432,0,484099,2026-08-04T08:33:46.170268Z
M3,1166,saturated,M3,true,0.000,0.000,0.000,0.000,0.000,0.000,0.000,483134,370261,116219904,34578432,0,484099,2026-08-04T08:33:46.170268Z
M3,1167,saturated,M3,true,0.000,0.000,0.000,0.000,0.000,0.000,0.000,483134,370261,116219904,34578432,0,484099,2026-08-04T08:33:46.170268Z
M3,1168,saturated,M3,true,0.000,0.000,0.000,0.000,0.000,0.000,0.000,483134,370261,116219904,34578432,0,484099,2026-08-04T08:33:46.170268Z
M3,1169,saturated,M3,true,0.000,0.000,0.000,0.000,0.000,0.000,0.000,483134,370261,116219904,34578432,0,484099,2026-08-04T08:33:46.170268Z
M3,1170,saturated,M3,true,0.000,0.000,0.000,0.000,0.000,0.000,0.000,483134,370261,116219904,34578432,0,484099,2026-08-04T08:33:46.170268Z
M3,1171,saturated,M3,true,0.000,0.000,0.000,0.000,0.000,0.000,0.000,483134,370261,116219904,34578432,0,484099,2026-08-04T08:33:46.170268Z
M3,1172,saturated,M3,true,0.000,0.000,0.000,0.000,0.000,0.000,0.000,483134,370261,116219904,34578432,0,484099,2026-08-04T08:33:46.170268Z
M3,1173,saturated,M3,true,0.000,0.000,0.000,0.000,0.000,0.000,0.000,483134,370261,116219904,34578432,0,484099,2026-08-04T08:33:46.170268Z
M3,1174,saturated,M3,true,0.000,0.000,0.000,0.000,0.000,0.000,0.000,483134,370261,116219904,34578432,0,484099,2026-08-04T08:33:46.170268Z
M3,1175,saturated,M3,true,0.000,0.000,0.000,0.000,0.000,0.000,0.000,483134,370261,116219904,34578432,0,484099,2026-08-04T08:33:46.170268Z
M3,1176,saturated,M3,true,0.000,0.000,0.000,0.000,0.000,0.000,0.000,483134,370261,116219904,34578432,0,484099,2026-08-04T08:33:46.170268Z
M3,1177,saturated,M3,true,0.000,0.000,0.000,0.000,0.000,0.000,0.000,483134,370261,116219904,34578432,0,484099,2026-08-04T08:33:46.170268Z
M3,1178,saturated,M3,true,0.000,0.000,0.000,0.000,0.000,0.000,0.000,483134,370261,116219904,34578432,0,484099,2026-08-04T08:33:46.170268Z
M3,1179,saturated,M3,true,0.000,0.000,0.000,0.000,0.000,0.000,0.000,483134,370261,116219904,34578432,0,484099,2026-08-04T08:33:46.170268Z
M3,1180,saturated,M3,true,0.000,0.000,0.000,0.000,0.000,0.000,0.000,483134,370261,116219904,34578432,0,484099,2026-08-04T08:33:46.170268Z
M3,1181,saturated,M3,true,0.000,0.000,0.000,0.000,0.000,0.000,0.000,483134,370261,116219904,34578432,0,484099,2026-08-04T08:33:46.170268Z
M3,1182,saturated,M3,true,0.000,0.000,0.000,0.000,0.000,0.000,0.000,483134,370261,116219904,34578432,0,484099,2026-08-04T08:33:46.170268Z
M3,1183,saturated,M3,true,0.000,0.000,0.000,0.000,0.000,0.000,0.000,483134,370261,116219904,34578432,0,484099,2026-08-04T08:33:46.170268Z
M3,1184,saturated,M3,true,0.000,0.000,0.000,0.000,0.000,0.000,0.000,483134,370261,116219904,34578432,0,484099,2026-08-04T08:33:46.170268Z
M3,1185,saturated,M3,true,0.000,0.000,0.000,0.000,0.000,0.000,0.000,483134,370261,116219904,34578432,0,484099,2026-08-04T08:33:46.170268Z
M3,1186,saturated,M3,true,0.000,0.000,0.000,0.000,0.000,0.000,0.000,483134,370261,116219904,34578432,0,484099,2026-08-04T08:33:46.170268Z
M3,1187,saturated,M3,true,0.000,0.000,0.000,0.000,0.000,0.000,0.000,483134,370261,116219904,34578432,0,484099,2026-08-04T08:33:46.170268Z
M3,1188,saturated,M3,true,0.000,0.000,0.000,0.000,0.000,0.000,0.000,483134,370261,116219904,34578432,0,484099,2026-08-04T08:33:46.170268Z
M3,1189,saturated,M3,true,0.000,0.000,0.000,0.000,0.000,0.000,0.000,483134,370261,116219904,34578432,0,484099,2026-08-04T08:33:46.170268Z
M3,1190,saturated,M3,true,0.000,0.000,0.000,0.000,0.000,0.000,0.000,483134,370261,116219904,34578432,0,484099,2026-08-04T08:33:46.170268Z
M3,1191,saturated,M3,true,0.000,0.000,0.000,0.000,0.000,0.000,0.000,483134,370261,116219904,34578432,0,484099,2026-08-04T08:33:46.170268Z
M3,1192,saturated,M3,true,0.000,0.000,0.000,0.000,0.000,0.000,0.000,483134,370261,116219904,34578432,0,484099,2026-08-04T08:33:46.170268Z
M3,1193,saturated,M3,true,0.000,0.000,0.000,0.000,0.000,0.000,0.000,483134,370261,116219904,34578432,0,484099,2026-08-04T08:33:46.170268Z
M3,1194,saturated,M3,true,0.000,0.000,0.000,0.000,0.000,0.000,0.000,483134,370261,116219904,34578432,0,484099,2026-08-04T08:33:46.170268Z
M3,1195,saturated,M3,true,0.000,0.000,0.000,0.000,0.000,0.000,0.000,483134,370261,116219904,34578432,0,484099,2026-08-04T08:33:46.170268Z
M3,1196,saturated,M3,true,0.000,0.000,0.000,0.000,0.000,0.000,0.000,483134,370261,116219904,34578432,0,484099,2026-08-04T08:33:46.170268Z
M3,1197,saturated,M3,true,0.000,0.000,0.000,0.000,0.000,0.000,0.000,483134,370261,116219904,34578432,0,484099,2026-08-04T08:33:46.170268Z
M3,1198,saturated,M3,true,0.000,0.000,0.000,0.000,0.000,0.000,0.000,483134,370261,116219904,34578432,0,484099,2026-08-04T08:33:46.170268Z
M3,1199,saturated,M3,true,0.000,0.000,0.000,0.000,0.000,0.000,0.000,483134,370261,116219904,34578432,0,484099,2026-08-04T08:33:46.170268Z
M3,1200,saturated,M3,true,0.000,0.000,0.000,0.000,0.000,0.000,0.000,483134,370261,116219904,34578432,0,484099,2026-08-04T08:33:46.170268Z
M3,1201,saturated,M3,true,0.000,0.000,0.000,0.000,0.000,0.000,0.000,483134,370261,116219904,34578432,0,484099,2026-08-04T08:33:46.170268Z
M3,1202,saturated,M3,true,0.000,0.000,0.000,0.000,0.000,0.000,0.000,483134,370261,116219904,34578432,0,484099,2026-08-04T08:33:46.170268Z
M3,1203,saturated,M3,true,0.000,0.000,0.000,0.000,0.000,0.000,0.000,483134,370261,116219904,34578432,0,484099,2026-08-04T08:33:46.170268Z
M3,1204,saturated,M3,true,0.000,0.000,0.000,0.000,0.000,0.000,0.000,483134,370261,116219904,34578432,0,484099,2026-08-04T08:33:46.170268Z
M3,1205,saturated,M3,true,0.000,0.000,0.000,0.000,0.000,0.000,0.000,483134,370261,116219904,34578432,0,484099,2026-08-04T08:33:46.170268Z
M3,1206,saturated,M3,true,0.000,0.000,0.000,0.000,0.000,0.000,0.000,483134,370261,116219904,34578432,0,484099,2026-08-04T08:33:46.170268Z
M3,1207,saturated,M3,true,0.000,0.000,0.000,0.000,0.000,0.000,0.000,483134,370261,116219904,34578432,0,484099,2026-08-04T08:33:46.170268Z
M3,1208,saturated,M3,true,0.000,0.000,0.000,0.000,0.000,0.000,0.000,483134,370261,116219904,34578432,0,484099,2026-08-04T08:33:46.170268Z
M3,1209,saturated,M3,true,0.000,0.000,0.000,0.000,0.000,0.000,0.000,483134,370261,116219904,34578432,0,484099,2026-08-04T08:33:46.170268Z
M3,1210,saturated,M3,true,0.000,0.000,0.000,0.000,0.000,0.000,0.000,483134,370261,116219904,34578432,0,484099,2026-08-04T08:33:46.170268Z
M3,1211,saturated,M3,true,0.000,0.000,0.000,0.000,0.000,0.000,0.000,483134,370261,116219904,34578432,0,484099,2026-08-04T08:33:46.170268Z
M3,1212,saturated,M3,true,0.000,0.000,0.000,0.000,0.000,0.000,0.000,483134,370261,116219904,34578432,0,484099,2026-08-04T08:33:46.170268Z
M3,1213,saturated,M3,true,0.000,0.000,0.000,0.000,0.000,0.000,0.000,483134,370261,116219904,34578432,0,484099,2026-08-04T08:33:46.170268Z
M3,1214,saturated,M3,true,0.000,0.000,0.000,0.000,0.000,0.000,0.000,483134,370261,116219904,34578432,0,484099,2026-08-04T08:33:46.170268Z
M3,1215,saturated,M3,true,0.000,0.000,0.000,0.000,0.000,0.000,0.000,483134,370261,116219904,34578432,0,484099,2026-08-04T08:33:46.170268Z
M3,1216,saturated,M3,true,0.000,0.000,0.000,0.000,0.000,0.000,0.000,483134,370261,116219904,34578432,0,484099,2026-08-04T08:33:46.170268Z
M3,1217,saturated,M3,true,0.000,0.000,0.000,0.000,0.000,0.000,0.000,483134,370261,116219904,34578432,0,484099,2026-08-04T08:33:46.170268Z
M3,1218,saturated,M3,true,0.000,0.000,0.000,0.000,0.000,0.000,0.000,483134,370261,116219904,34578432,0,484099,2026-08-04T08:33:46.170268Z
M3,1219,saturated,M3,true,0.000,0.000,0.000,0.000,0.000,0.000,0.000,483134,370261,116219904,34578432,0,484099,2026-08-04T08:33:46.170268Z
M3,1220,saturated,M3,true,0.000,0.000,0.000,0.000,0.000,0.000,0.000,483134,370261,116219904,34578432,0,484099,2026-08-04T08:33:46.170268Z
M3,1221,saturated,M3,true,0.000,0.000,0.000,0.000,0.000,0.000,0.000,483134,370261,116219904,34578432,0,484099,2026-08-04T08:33:46.170268Z
M3,1222,saturated,M3,true,0.000,0.000,0.000,0.000,0.000,0.000,0.000,483134,370261,116219904,34578432,0,484099,2026-08-04T08:33:46.170268Z
M3,1223,saturated,M3,true,0.000,0.000,0.000,0.000,0.000,0.000,0.000,483134,370261,116219904,34578432,0,484099,2026-08-04T08:33:46.170268Z
M3,1224,saturated,M3,true,0.000,0.000,0.000,0.000,0.000,0.000,0.000,483134,370261,116219904,34578432,0,484099,2026-08-04T08:33:46.170268Z
M3,1225,saturated,M3,true,0.000,0.000,0.000,0.000,0.000,0.000,0.000,483134,370261,116219904,34578432,0,484099,2026-08-04T08:33:46.170268Z
M3,1226,saturated,M3,true,0.000,0.000,0.000,0.000,0.000,0.000,0.000,483134,370261,116219904,34578432,0,484099,2026-08-04T08:33:46.170268Z
M3,1227,saturated,M3,true,0.000,0.000,0.000,0.000,0.000,0.000,0.000,483134,370261,116219904,34578432,0,484099,2026-08-04T08:33:46.170268Z
M3,1228,saturated,M3,true,0.000,0.000,0.000,0.000,0.000,0.000,0.000,483134,370261,116219904,34578432,0,484099,2026-08-04T08:33:46.170268Z
M3,1229,saturated,M3,true,0.000,0.000,0.000,0.000,0.000,0.000,0.000,483134,370261,116219904,34578432,0,484099,2026-08-04T08:33:46.170268Z
M3,1230,saturated,M3,true,0.000,0.000,0.000,0.000,0.000,0.000,0.000,483134,370261,116219904,34578432,0,484099,2026-08-04T08:33:46.170268Z
M3,1231,saturated,M3,true,0.000,0.000,0.000,0.000,0.000,0.000,0.000,483134,370261,116219904,34578432,0,484099,2026-08-04T08:33:46.170268Z
M3,1232,saturated,M3,true,0.000,0.000,0.000,0.000,0.000,0.000,0.000,483134,370261,116219904,34578432,0,484099,2026-08-04T08:33:46.170268Z
M3,1233,saturated,M3,true,0.000,0.000,0.000,0.000,0.000,0.000,0.000,483134,370261,116219904,34578432,0,484099,2026-08-04T08:33:46.170268Z
M3,1234,saturated,M3,true,0.000,0.000,0.000,0.000,0.000,0.000,0.000,483134,370261,116219904,34578432,0,484099,2026-08-04T08:33:46.170268Z
M3,1235,saturated,M3,true,0.000,0.000,0.000,0.000,0.000,0.000,0.000,483134,370261,116219904,34578432,0,484099,2026-08-04T08:33:46.170268Z
M3,1236,saturated,M3,true,0.000,0.000,0.000,0.000,0.000,0.000,0.000,483134,370261,116219904,34578432,0,484099,2026-08-04T08:33:46.170268Z
M3,1237,saturated,M3,true,0.000,0.000,0.000,0.000,0.000,0.000,0.000,483134,370261,116219904,34578432,0,484099,2026-08-04T08:33:46.170268Z
M3,1238,saturated,M3,true,0.000,0.000,0.000,0.000,0.000,0.000,0.000,483134,370261,116219904,34578432,0,484099,2026-08-04T08:33:46.170268Z
M3,1239,saturated,M3,true,0.000,0.000,0.000,0.000,0.000,0.000,0.000,483134,370261,116219904,34578432,0,484099,2026-08-04T08:33:46.170268Z
M3,1240,saturated,M3,true,0.000,0.000,0.000,0.000,0.000,0.000,0.000,483134,370261,116219904,34578432,0,484099,2026-08-04T08:33:46.170268Z
M3,1241,saturated,M3,true,0.000,0.000,0.000,0.000,0.000,0.000,0.000,483134,370261,116219904,34578432,0,484099,2026-08-04T08:33:46.170268Z
M3,1242,saturated,M3,true,0.000,0.000,0.000,0.000,0.000,0.000,0.000,483134,370261,116219904,34578432,0,484099,2026-08-04T08:33:46.170268Z
M3,1243,saturated,M3,true,0.000,0.000,0.000,0.000,0.000,0.000,0.000,483134,370261,116219904,34578432,0,484099,2026-08-04T08:33:46.170268Z
M3,1244,saturated,M3,true,0.000,0.000,0.000,0.000,0.000,0.000,0.000,483134,370261,116219904,34578432,0,484099,2026-08-04T08:33:46.170268Z
M3,1245,saturated,M3,true,0.000,0.000,0.000,0.000,0.000,0.000,0.000,483134,370261,116219904,34578432,0,484099,2026-08-04T08:33:46.170268Z
M3,1246,saturated,M3,true,0.000,0.000,0.000,0.000,0.000,0.000,0.000,483134,370261,116219904,34578432,0,484099,2026-08-04T08:33:46.170268Z
M3,1247,saturated,M3,true,0.000,0.000,0.000,0.000,0.000,0.000,0.000,483134,370261,116219904,34578432,0,484099,2026-08-04T08:33:46.170268Z
M3,1248,saturated,M3,true,0.000,0.000,0.000,0.000,0.000,0.000,0.000,483134,370261,116219904,34578432,0,484099,2026-08-04T08:33:46.170268Z
M3,1249,saturated,M3,true,0.000,0.000,0.000,0.000,0.000,0.000,0.000,483134,370261,116219904,34578432,0,484099,2026-08-04T08:33:46.170268Z
M3,1250,saturated,M3,true,0.000,0.000,0.000,0.000,0.000,0.000,0.000,483134,370261,116219904,34578432,0,484099,2026-08-04T08:33:46.170268Z
M3,1251,saturated,M3,true,0.000,0.000,0.000,0.000,0.000,0.000,0.000,483134,370261,116219904,34578432,0,484099,2026-08-04T08:33:46.170268Z
M3,1252,saturated,M3,true,0.000,0.000,0.000,0.000,0.000,0.000,0.000,483134,370261,116219904,34578432,0,484099,2026-08-04T08:33:46.170268Z
M3,1253,saturated,M3,true,0.000,0.000,0.000,0.000,0.000,0.000,0.000,483134,370261,116219904,34578432,0,484099,2026-08-04T08:33:46.170268Z
M3,1254,saturated,M3,true,0.000,0.000,0.000,0.000,0.000,0.000,0.000,483134,370261,116219904,34578432,0,484099,2026-08-04T08:33:46.170268Z
M3,1255,saturated,M3,true,0.000,0.000,0.000,0.000,0.000,0.000,0.000,483134,370261,116219904,34578432,0,484099,2026-08-04T08:33:46.170268Z
M3,1256,saturated,M3,true,0.000,0.000,0.000,0.000,0.000,0.000,0.000,483134,370261,116219904,34578432,0,484099,2026-08-04T08:33:46.170268Z
M3,1257,saturated,M3,true,0.000,0.000,0.000,0.000,0.000,0.000,0.000,483134,370261,116219904,34578432,0,484099,2026-08-04T08:33:46.170268Z
M3,1258,saturated,M3,true,0.000,0.000,0.000,0.000,0.000,0.000,0.000,483134,370261,116219904,34578432,0,484099,2026-08-04T08:33:46.170268Z
M3,1259,saturated,M3,true,0.000,0.000,0.000,0.000,0.000,0.000,0.000,483134,370261,116219904,34578432,0,484099,2026-08-04T08:33:46.170268Z
M3,1260,saturated,M3,true,0.000,0.000,0.000,0.000,0.000,0.000,0.000,483134,370261,116219904,34578432,0,484099,2026-08-04T08:33:46.170268Z
M3,1261,saturated,M3,true,0.000,0.000,0.000,0.000,0.000,0.000,0.000,483134,370261,116219904,34578432,0,484099,2026-08-04T08:33:46.170268Z
M3,1262,saturated,M3,true,0.000,0.000,0.000,0.000,0.000,0.000,0.000,483134,370261,116219904,34578432,0,484099,2026-08-04T08:33:46.170268Z
M3,1263,saturated,M3,true,0.000,0.000,0.000,0.000,0.000,0.000,0.000,483134,370261,116219904,34578432,0,484099,2026-08-04T08:33:46.170268Z
M3,1264,saturated,M3,true,0.000,0.000,0.000,0.000,0.000,0.000,0.000,483134,370261,116219904,34578432,0,484099,2026-08-04T08:33:46.170268Z
M3,1265,saturated,M3,true,0.000,0.000,0.000,0.000,0.000,0.000,0.000,483134,370261,116219904,34578432,0,484099,2026-08-04T08:33:46.170268Z
M3,1266,saturated,M3,true,0.000,0.000,0.000,0.000,0.000,0.000,0.000,483134,370261,116219904,34578432,0,484099,2026-08-04T08:33:46.170268Z
M3,1267,saturated,M3,true,0.000,0.000,0.000,0.000,0.000,0.000,0.000,483134,370261,116219904,34578432,0,484099,2026-08-04T08:33:46.170268Z
M3,1268,saturated,M3,true,0.000,0.000,0.000,0.000,0.000,0.000,0.000,483134,370261,116219904,34578432,0,484099,2026-08-04T08:33:46.170268Z
M3,1269,saturated,M3,true,0.000,0.000,0.000,0.000,0.000,0.000,0.000,483134,370261,116219904,34578432,0,484099,2026-08-04T08:33:46.170268Z
M3,1270,saturated,M3,true,0.000,0.000,0.000,0.000,0.000,0.000,0.000,483134,370261,116219904,34578432,0,484099,2026-08-04T08:33:46.170268Z
M3,1271,saturated,M3,true,0.000,0.000,0.000,0.000,0.000,0.000,0.000,483134,370261,116219904,34578432,0,484099,2026-08-04T08:33:46.170268Z
M3,1272,saturated,M3,true,0.000,0.000,0.000,0.000,0.000,0.000,0.000,483134,370261,116219904,34578432,0,484099,2026-08-04T08:33:46.170268Z
M3,1273,saturated,M3,true,0.000,0.000,0.000,0.000,0.000,0.000,0.000,483134,370261,116219904,34578432,0,484099,2026-08-04T08:33:46.170268Z
M3,1274,saturated,M3,true,0.000,0.000,0.000,0.000,0.000,0.000,0.000,483134,370261,116219904,34578432,0,484099,2026-08-04T08:33:46.170268Z
M3,1275,saturated,M3,true,0.000,0.000,0.000,0.000,0.000,0.000,0.000,483134,370261,116219904,34578432,0,484099,2026-08-04T08:33:46.170268Z
M3,1276,saturated,M3,true,0.000,0.000,0.000,0.000,0.000,0.000,0.000,483134,370261,116219904,34578432,0,484099,2026-08-04T08:33:46.170268Z
M3,1277,saturated,M3,true,0.000,0.000,0.000,0.000,0.000,0.000,0.000,483134,370261,116219904,34578432,0,484099,2026-08-04T08:33:46.170268Z
M3,1278,saturated,M3,true,0.000,0.000,0.000,0.000,0.000,0.000,0.000,483134,370261,116219904,34578432,0,484099,2026-08-04T08:33:46.170268Z
M3,1279,saturated,M3,true,0.000,0.000,0.000,0.000,0.000,0.000,0.000,483134,370261,116219904,34578432,0,484099,2026-08-04T08:33:46.170268Z
M3,1280,saturated,M3,true,0.000,0.000,0.000,0.000,0.000,0.000,0.000,483134,370261,116219904,34578432,0,484099,2026-08-04T08:33:46.170268Z
M3,1281,saturated,M3,true,0.000,0.000,0.000,0.000,0.000,0.000,0.000,483134,370261,116219904,34578432,0,484099,2026-08-04T08:33:46.170268Z
M3,1282,saturated,M3,true,0.000,0.000,0.000,0.000,0.000,0.000,0.000,483134,370261,116219904,34578432,0,484099,2026-08-04T08:33:46.170268Z
M3,1283,saturated,M3,true,0.000,0.000,0.000,0.000,0.000,0.000,0.000,483134,370261,116219904,34578432,0,484099,2026-08-04T08:33:46.170268Z
M3,1284,saturated,M3,true,0.000,0.000,0.000,0.000,0.000,0.000,0.000,483134,370261,116219904,34578432,0,484099,2026-08-04T08:33:46.170268Z
M3,1285,saturated,M3,true,0.000,0.000,0.000,0.000,0.000,0.000,0.000,483134,370261,116219904,34578432,0,484099,2026-08-04T08:33:46.170268Z
M3,1286,saturated,M3,true,0.000,0.000,0.000,0.000,0.000,0.000,0.000,483134,370261,116219904,34578432,0,484099,2026-08-04T08:33:46.170268Z
M3,1287,saturated,M3,true,0.000,0.000,0.000,0.000,0.000,0.000,0.000,483134,370261,116219904,34578432,0,484099,2026-08-04T08:33:46.170268Z
M3,1288,saturated,M3,true,0.000,0.000,0.000,0.000,0.000,0.000,0.000,483134,370261,116219904,34578432,0,484099,2026-08-04T08:33:46.170268Z
M3,1289,saturated,M3,true,0.000,0.000,0.000,0.000,0.000,0.000,0.000,483134,370261,116219904,34578432,0,484099,2026-08-04T08:33:46.170268Z
M3,1290,saturated,M3,true,0.000,0.000,0.000,0.000,0.000,0.000,0.000,483134,370261,116219904,34578432,0,484099,2026-08-04T08:33:46.170268Z
M3,1291,saturated,M3,true,0.000,0.000,0.000,0.000,0.000,0.000,0.000,483134,370261,116219904,34578432,0,484099,2026-08-04T08:33:46.170268Z
M3,1292,saturated,M3,true,0.000,0.000,0.000,0.000,0.000,0.000,0.000,483134,370261,116219904,34578432,0,484099,2026-08-04T08:33:46.170268Z
M3,1293,saturated,M3,true,0.000,0.000,0.000,0.000,0.000,0.000,0.000,483134,370261,116219904,34578432,0,484099,2026-08-04T08:33:46.170268Z
M3,1294,saturated,M3,true,0.000,0.000,0.000,0.000,0.000,0.000,0.000,483134,370261,116219904,34578432,0,484099,2026-08-04T08:33:46.170268Z
M3,1295,saturated,M3,true,0.000,0.000,0.000,0.000,0.000,0.000,0.000,483134,370261,116219904,34578432,0,484099,2026-08-04T08:33:46.170268Z
M3,1296,saturated,M3,true,0.000,0.000,0.000,0.000,0.000,0.000,0.000,483134,370261,116219904,34578432,0,484099,2026-08-04T08:33:46.170268Z
M3,1297,saturated,M3,true,0.000,0.000,0.000,0.000,0.000,0.000,0.000,483134,370261,116219904,34578432,0,484099,2026-08-04T08:33:46.170268Z
M3,1298,saturated,M3,true,0.000,0.000,0.000,0.000,0.000,0.000,0.000,483134,370261,116219904,34578432,0,484099,2026-08-04T08:33:46.170268Z
M3,1299,saturated,M3,true,0.000,0.000,0.000,0.000,0.000,0.000,0.000,483134,370261,116219904,34578432,0,484099,2026-08-04T08:33:46.170268Z
M3,1300,saturated,M3,true,0.000,0.000,0.000,0.000,0.000,0.000,0.000,483134,370261,116219904,34578432,0,484099,2026-08-04T08:33:46.170268Z
M3,1301,saturated,M3,true,0.000,0.000,0.000,0.000,0.000,0.000,0.000,483134,370261,116219904,34578432,0,484099,2026-08-04T08:33:46.170268Z
M3,1302,saturated,M3,true,0.000,0.000,0.000,0.000,0.000,0.000,0.000,483134,370261,116219904,34578432,0,484099,2026-08-04T08:33:46.170268Z
M3,1303,saturated,M3,true,0.000,0.000,0.000,0.000,0.000,0.000,0.000,483134,370261,116219904,34578432,0,484099,2026-08-04T08:33:46.170268Z
M3,1304,saturated,M3,true,0.000,0.000,0.000,0.000,0.000,0.000,0.000,483134,370261,116219904,34578432,0,484099,2026-08-04T08:33:46.170268Z
M3,1305,saturated,M3,true,0.000,0.000,0.000,0.000,0.000,0.000,0.000,483134,370261,116219904,34578432,0,484099,2026-08-04T08:33:46.170268Z
M3,1306,saturated,M3,true,0.000,0.000,0.000,0.000,0.000,0.000,0.000,483134,370261,116219904,34578432,0,484099,2026-08-04T08:33:46.170268Z
M3,1307,saturated,M3,true,0.000,0.000,0.000,0.000,0.000,0.000,0.000,483134,370261,116219904,34578432,0,484099,2026-08-04T08:33:46.170268Z
M3,1308,saturated,M3,true,0.000,0.000,0.000,0.000,0.000,0.000,0.000,483134,370261,116219904,34578432,0,484099,2026-08-04T08:33:46.170268Z
M3,1309,saturated,M3,true,0.000,0.000,0.000,0.000,0.000,0.000,0.000,483134,370261,116219904,34578432,0,484099,2026-08-04T08:33:46.170268Z
M3,1310,saturated,M3,true,0.000,0.000,0.000,0.000,0.000,0.000,0.000,483134,370261,116219904,34578432,0,484099,2026-08-04T08:33:46.170268Z
M3,1311,saturated,M3,true,0.000,0.000,0.000,0.000,0.000,0.000,0.000,483134,370261,116219904,34578432,0,484099,2026-08-04T08:33:46.170268Z
M3,1312,saturated,M3,true,0.000,0.000,0.000,0.000,0.000,0.000,0.000,483134,370261,116219904,34578432,0,484099,2026-08-04T08:33:46.170268Z
M3,1313,saturated,M3,true,0.000,0.000,0.000,0.000,0.000,0.000,0.000,483134,370261,116219904,34578432,0,484099,2026-08-04T08:33:46.170268Z
M3,1314,saturated,M3,true,0.000,0.000,0.000,0.000,0.000,0.000,0.000,483134,370261,116219904,34578432,0,484099,2026-08-04T08:33:46.170268Z
M3,1315,saturated,M3,true,0.000,0.000,0.000,0.000,0.000,0.000,0.000,483134,370261,116219904,34578432,0,484099,2026-08-04T08:33:46.170268Z
M3,1316,saturated,M3,true,0.000,0.000,0.000,0.000,0.000,0.000,0.000,483134,370261,116219904,34578432,0,484099,2026-08-04T08:33:46.170268Z
M3,1317,saturated,M3,true,0.000,0.000,0.000,0.000,0.000,0.000,0.000,483134,370261,116219904,34578432,0,484099,2026-08-04T08:33:46.170268Z
M3,1318,saturated,M3,true,0.000,0.000,0.000,0.000,0.000,0.000,0.000,483134,370261,116219904,34578432,0,484099,2026-08-04T08:33:46.170268Z
M3,1319,saturated,M3,true,0.000,0.000,0.000,0.000,0.000,0.000,0.000,483134,370261,116219904,34578432,0,484099,2026-08-04T08:33:46.170268Z
M3,1320,saturated,M3,true,0.000,0.000,0.000,0.000,0.000,0.000,0.000,483134,370261,116219904,34578432,0,484099,2026-08-04T08:33:46.170268Z
M3,1321,saturated,M3,true,0.000,0.000,0.000,0.000,0.000,0.000,0.000,483134,370261,116219904,34578432,0,484099,2026-08-04T08:33:46.170268Z
M3,1322,saturated,M3,true,0.000,0.000,0.000,0.000,0.000,0.000,0.000,483134,370261,116219904,34578432,0,484099,2026-08-04T08:33:46.170268Z
M3,1323,saturated,M3,true,0.000,0.000,0.000,0.000,0.000,0.000,0.000,483134,370261,116219904,34578432,0,484099,2026-08-04T08:33:46.170268Z
M3,1324,saturated,M3,true,0.000,0.000,0.000,0.000,0.000,0.000,0.000,483134,370261,116219904,34578432,0,484099,2026-08-04T08:33:46.170268Z
M3,1325,saturated,M3,true,0.000,0.000,0.000,0.000,0.000,0.000,0.000,483134,370261,116219904,34578432,0,484099,2026-08-04T08:33:46.170268Z
M3,1326,saturated,M3,true,0.000,0.000,0.000,0.000,0.000,0.000,0.000,483134,370261,116219904,34578432,0,484099,2026-08-04T08:33:46.170268Z
M3,1327,saturated,M3,true,0.000,0.000,0.000,0.000,0.000,0.000,0.000,483134,370261,116219904,34578432,0,484099,2026-08-04T08:33:46.170268Z
M3,1328,saturated,M3,true,0.000,0.000,0.000,0.000,0.000,0.000,0.000,483134,370261,116219904,34578432,0,484099,2026-08-04T08:33:46.170268Z
M3,1329,saturated,M3,true,0.000,0.000,0.000,0.000,0.000,0.000,0.000,483134,370261,116219904,34578432,0,484099,2026-08-04T08:33:46.170268Z
M3,1330,saturated,M3,true,0.000,0.000,0.000,0.000,0.000,0.000,0.000,483134,370261,116219904,34578432,0,484099,2026-08-04T08:33:46.170268Z
M3,1331,saturated,M3,true,0.000,0.000,0.000,0.000,0.000,0.000,0.000,483134,370261,116219904,34578432,0,484099,2026-08-04T08:33:46.170268Z
M3,1332,saturated,M3,true,0.000,0.000,0.000,0.000,0.000,0.000,0.000,483134,370261,116219904,34578432,0,484099,2026-08-04T08:33:46.170268Z
M3,1333,saturated,M3,true,0.000,0.000,0.000,0.000,0.000,0.000,0.000,483134,370261,116219904,34578432,0,484099,2026-08-04T08:33:46.170268Z
M3,1334,saturated,M3,true,0.000,0.000,0.000,0.000,0.000,0.000,0.000,483134,370261,116219904,34578432,0,484099,2026-08-04T08:33:46.170268Z
M3,1335,saturated,M3,true,0.000,0.000,0.000,0.000,0.000,0.000,0.000,483134,370261,116219904,34578432,0,484099,2026-08-04T08:33:46.170268Z
M3,1336,saturated,M3,true,0.000,0.000,0.000,0.000,0.000,0.000,0.000,483134,370261,116219904,34578432,0,484099,2026-08-04T08:33:46.170268Z
M3,1337,saturated,M3,true,0.000,0.000,0.000,0.000,0.000,0.000,0.000,483134,370261,116219904,34578432,0,484099,2026-08-04T08:33:46.170268Z
M3,1338,saturated,M3,true,0.000,0.000,0.000,0.000,0.000,0.000,0.000,483134,370261,116219904,34578432,0,484099,2026-08-04T08:33:46.170268Z
M3,1339,saturated,M3,true,0.000,0.000,0.000,0.000,0.000,0.000,0.000,483134,370261,116219904,34578432,0,484099,2026-08-04T08:33:46.170268Z
M3,1340,saturated,M3,true,0.000,0.000,0.000,0.000,0.000,0.000,0.000,483134,370261,116219904,34578432,0,484099,2026-08-04T08:33:46.170268Z
M3,1341,saturated,M3,true,0.000,0.000,0.000,0.000,0.000,0.000,0.000,483134,370261,116219904,34578432,0,484099,2026-08-04T08:33:46.170268Z
M3,1342,saturated,M3,true,0.000,0.000,0.000,0.000,0.000,0.000,0.000,483134,370261,116219904,34578432,0,484099,2026-08-04T08:33:46.170268Z
M3,1343,saturated,M3,true,0.000,0.000,0.000,0.000,0.000,0.000,0.000,483134,370261,116219904,34578432,0,484099,2026-08-04T08:33:46.170268Z
M3,1344,saturated,M3,true,0.000,0.000,0.000,0.000,0.000,0.000,0.000,483134,370261,116219904,34578432,0,484099,2026-08-04T08:33:46.170268Z
M3,1345,saturated,M3,true,0.000,0.000,0.000,0.000,0.000,0.000,0.000,483134,370261,116219904,34578432,0,484099,2026-08-04T08:33:46.170268Z
M3,1346,saturated,M3,true,0.000,0.000,0.000,0.000,0.000,0.000,0.000,483134,370261,116219904,34578432,0,484099,2026-08-04T08:33:46.170268Z
M3,1347,saturated,M3,true,0.000,0.000,0.000,0.000,0.000,0.000,0.000,483134,370261,116219904,34578432,0,484099,2026-08-04T08:33:46.170268Z
M3,1348,saturated,M3,true,0.000,0.000,0.000,0.000,0.000,0.000,0.000,483134,370261,116219904,34578432,0,484099,2026-08-04T08:33:46.170268Z
M3,1349,saturated,M3,true,0.000,0.000,0.000,0.000,0.000,0.000,0.000,483134,370261,116219904,34578432,0,484099,2026-08-04T08:33:46.170268Z
M3,1350,saturated,M3,true,0.000,0.000,0.000,0.000,0.000,0.000,0.000,483134,370261,116219904,34578432,0,484099,2026-08-04T08:33:46.170268Z
M3,1351,saturated,M3,true,0.000,0.000,0.000,0.000,0.000,0.000,0.000,483134,370261,116219904,34578432,0,484099,2026-08-04T08:33:46.170268Z
M3,1352,saturated,M3,true,0.000,0.000,0.000,0.000,0.000,0.000,0.000,483134,370261,116219904,34578432,0,484099,2026-08-04T08:33:46.170268Z
M3,1353,saturated,M3,true,0.000,0.000,0.000,0.000,0.000,0.000,0.000,483134,370261,116219904,34578432,0,484099,2026-08-04T08:33:46.170268Z
M3,1354,saturated,M3,true,0.000,0.000,0.000,0.000,0.000,0.000,0.000,483134,370261,116219904,34578432,0,484099,2026-08-04T08:33:46.170268Z
M3,1355,saturated,M3,true,0.000,0.000,0.000,0.000,0.000,0.000,0.000,483134,370261,116219904,34578432,0,484099,2026-08-04T08:33:46.170268Z
M3,1356,saturated,M3,true,0.000,0.000,0.000,0.000,0.000,0.000,0.000,483134,370261,116219904,34578432,0,484099,2026-08-04T08:33:46.170268Z
M3,1357,saturated,M3,true,0.000,0.000,0.000,0.000,0.000,0.000,0.000,483134,370261,116219904,34578432,0,484099,2026-08-04T08:33:46.170268Z
M3,1358,saturated,M3,true,0.000,0.000,0.000,0.000,0.000,0.000,0.000,483134,370261,116219904,34578432,0,484099,2026-08-04T08:33:46.170268Z
M3,1359,saturated,M3,true,0.000,0.000,0.000,0.000,0.000,0.000,0.000,483134,370261,116219904,34578432,0,484099,2026-08-04T08:33:46.170268Z
M3,1360,saturated,M3,true,0.000,0.000,0.000,0.000,0.000,0.000,0.000,483134,370261,116219904,34578432,0,484099,2026-08-04T08:33:46.170268Z
M3,1361,saturated,M3,true,0.000,0.000,0.000,0.000,0.000,0.000,0.000,483134,370261,116219904,34578432,0,484099,2026-08-04T08:33:46.170268Z
M3,1362,saturated,M3,true,0.000,0.000,0.000,0.000,0.000,0.000,0.000,483134,370261,116219904,34578432,0,484099,2026-08-04T08:33:46.170268Z
M3,1363,saturated,M3,true,0.000,0.000,0.000,0.000,0.000,0.000,0.000,483134,370261,116219904,34578432,0,484099,2026-08-04T08:33:46.170268Z
M3,1364,saturated,M3,true,0.000,0.000,0.000,0.000,0.000,0.000,0.000,483134,370261,116219904,34578432,0,484099,2026-08-04T08:33:46.170268Z
M3,1365,saturated,M3,true,0.000,0.000,0.000,0.000,0.000,0.000,0.000,483134,370261,116219904,34578432,0,484099,2026-08-04T08:33:46.170268Z
M3,1366,saturated,M3,true,0.000,0.000,0.000,0.000,0.000,0.000,0.000,483134,370261,116219904,34578432,0,484099,2026-08-04T08:33:46.170268Z
M3,1367,saturated,M3,true,0.000,0.000,0.000,0.000,0.000,0.000,0.000,483134,370261,116219904,34578432,0,484099,2026-08-04T08:33:46.170268Z
M3,1368,saturated,M3,true,0.000,0.000,0.000,0.000,0.000,0.000,0.000,483134,370261,116219904,34578432,0,484099,2026-08-04T08:33:46.170268Z
M3,1369,saturated,M3,true,0.000,0.000,0.000,0.000,0.000,0.000,0.000,483134,370261,116219904,34578432,0,484099,2026-08-04T08:33:46.170268Z
M3,1370,saturated,M3,true,0.000,0.000,0.000,0.000,0.000,0.000,0.000,483134,370261,116219904,34578432,0,484099,2026-08-04T08:33:46.170268Z
M3,1371,saturated,M3,true,0.000,0.000,0.000,0.000,0.000,0.000,0.000,483134,370261,116219904,34578432,0,484099,2026-08-04T08:33:46.170268Z
M3,1372,saturated,M3,true,0.000,0.000,0.000,0.000,0.000,0.000,0.000,483134,370261,116219904,34578432,0,484099,2026-08-04T08:33:46.170268Z
M3,1373,saturated,M3,true,0.000,0.000,0.000,0.000,0.000,0.000,0.000,483134,370261,116219904,34578432,0,484099,2026-08-04T08:33:46.170268Z
M3,1374,saturated,M3,true,0.000,0.000,0.000,0.000,0.000,0.000,0.000,483134,370261,116219904,34578432,0,484099,2026-08-04T08:33:46.170268Z
M3,1375,saturated,M3,true,0.000,0.000,0.000,0.000,0.000,0.000,0.000,483134,370261,116219904,34578432,0,484099,2026-08-04T08:33:46.170268Z
M3,1376,saturated,M3,true,0.000,0.000,0.000,0.000,0.000,0.000,0.000,483134,370261,116219904,34578432,0,484099,2026-08-04T08:33:46.170268Z
M3,1377,saturated,M3,true,0.000,0.000,0.000,0.000,0.000,0.000,0.000,483134,370261,116219904,34578432,0,484099,2026-08-04T08:33:46.170268Z
M3,1378,saturated,M3,true,0.000,0.000,0.000,0.000,0.000,0.000,0.000,483134,370261,116219904,34578432,0,484099,2026-08-04T08:33:46.170268Z
M3,1379,saturated,M3,true,0.000,0.000,0.000,0.000,0.000,0.000,0.000,483134,370261,116219904,34578432,0,484099,2026-08-04T08:33:46.170268Z
M3,1380,saturated,M3,true,0.000,0.000,0.000,0.000,0.000,0.000,0.000,483134,370261,116219904,34578432,0,484099,2026-08-04T08:33:46.170268Z
M3,1381,saturated,M3,true,0.000,0.000,0.000,0.000,0.000,0.000,0.000,483134,370261,116219904,34578432,0,484099,2026-08-04T08:33:46.170268Z
M3,1382,saturated,M3,true,0.000,0.000,0.000,0.000,0.000,0.000,0.000,483134,370261,116219904,34578432,0,484099,2026-08-04T08:33:46.170268Z
M3,1383,saturated,M3,true,0.000,0.000,0.000,0.000,0.000,0.000,0.000,483134,370261,116219904,34578432,0,484099,2026-08-04T08:33:46.170268Z
M3,1384,saturated,M3,true,0.000,0.000,0.000,0.000,0.000,0.000,0.000,483134,370261,116219904,34578432,0,484099,2026-08-04T08:33:46.170268Z
M3,1385,saturated,M3,true,0.000,0.000,0.000,0.000,0.000,0.000,0.000,483134,370261,116219904,34578432,0,484099,2026-08-04T08:33:46.170268Z
M3,1386,saturated,M3,true,0.000,0.000,0.000,0.000,0.000,0.000,0.000,483134,370261,116219904,34578432,0,484099,2026-08-04T08:33:46.170268Z
M3,1387,saturated,M3,true,0.000,0.000,0.000,0.000,0.000,0.000,0.000,483134,370261,116219904,34578432,0,484099,2026-08-04T08:33:46.170268Z
M3,1388,saturated,M3,true,0.000,0.000,0.000,0.000,0.000,0.000,0.000,483134,370261,116219904,34578432,0,484099,2026-08-04T08:33:46.170268Z
M3,1389,saturated,M3,true,0.000,0.000,0.000,0.000,0.000,0.000,0.000,483134,370261,116219904,34578432,0,484099,2026-08-04T08:33:46.170268Z
M3,1390,saturated,M3,true,0.000,0.000,0.000,0.000,0.000,0.000,0.000,483134,370261,116219904,34578432,0,484099,2026-08-04T08:33:46.170268Z
M3,1391,saturated,M3,true,0.000,0.000,0.000,0.000,0.000,0.000,0.000,483134,370261,116219904,34578432,0,484099,2026-08-04T08:33:46.170268Z
M3,1392,saturated,M3,true,0.000,0.000,0.000,0.000,0.000,0.000,0.000,483134,370261,116219904,34578432,0,484099,2026-08-04T08:33:46.170268Z
M3,1393,saturated,M3,true,0.000,0.000,0.000,0.000,0.000,0.000,0.000,483134,370261,116219904,34578432,0,484099,2026-08-04T08:33:46.170268Z
M3,1394,saturated,M3,true,0.000,0.000,0.000,0.000,0.000,0.000,0.000,483134,370261,116219904,34578432,0,484099,2026-08-04T08:33:46.170268Z
M3,1395,saturated,M3,true,0.000,0.000,0.000,0.000,0.000,0.000,0.000,483134,370261,116219904,34578432,0,484099,2026-08-04T08:33:46.170268Z
M3,1396,saturated,M3,true,0.000,0.000,0.000,0.000,0.000,0.000,0.000,483134,370261,116219904,34578432,0,484099,2026-08-04T08:33:46.170268Z
M3,1397,saturated,M3,true,0.000,0.000,0.000,0.000,0.000,0.000,0.000,483134,370261,116219904,34578432,0,484099,2026-08-04T08:33:46.170268Z
M3,1398,saturated,M3,true,0.000,0.000,0.000,0.000,0.000,0.000,0.000,483134,370261,116219904,34578432,0,484099,2026-08-04T08:33:46.170268Z
M3,1399,saturated,M3,true,0.000,0.000,0.000,0.000,0.000,0.000,0.000,483134,370261,116219904,34578432,0,484099,2026-08-04T08:33:46.170268Z
M3,1400,saturated,M3,true,0.000,0.000,0.000,0.000,0.000,0.000,0.000,483134,370261,116219904,34578432,0,484099,2026-08-04T08:33:46.170268Z
M3,1401,saturated,M3,true,0.000,0.000,0.000,0.000,0.000,0.000,0.000,483134,370261,116219904,34578432,0,484099,2026-08-04T08:33:46.170268Z
M3,1402,saturated,M3,true,0.000,0.000,0.000,0.000,0.000,0.000,0.000,483134,370261,116219904,34578432,0,484099,2026-08-04T08:33:46.170268Z
M3,1403,saturated,M3,true,0.000,0.000,0.000,0.000,0.000,0.000,0.000,483134,370261,116219904,34578432,0,484099,2026-08-04T08:33:46.170268Z
M3,1404,saturated,M3,true,0.000,0.000,0.000,0.000,0.000,0.000,0.000,483134,370261,116219904,34578432,0,484099,2026-08-04T08:33:46.170268Z
M3,1405,saturated,M3,true,0.000,0.000,0.000,0.000,0.000,0.000,0.000,483134,370261,116219904,34578432,0,484099,2026-08-04T08:33:46.170268Z
M3,1406,saturated,M3,true,0.000,0.000,0.000,0.000,0.000,0.000,0.000,483134,370261,116219904,34578432,0,484099,2026-08-04T08:33:46.170268Z
M3,1407,saturated,M3,true,0.000,0.000,0.000,0.000,0.000,0.000,0.000,483134,370261,116219904,34578432,0,484099,2026-08-04T08:33:46.170268Z
M3,1408,saturated,M3,true,0.000,0.000,0.000,0.000,0.000,0.000,0.000,483134,370261,116219904,34578432,0,484099,2026-08-04T08:33:46.170268Z
M3,1409,saturated,M3,true,0.000,0.000,0.000,0.000,0.000,0.000,0.000,483134,370261,116219904,34578432,0,484099,2026-08-04T08:33:46.170268Z
M3,1410,saturated,M3,true,0.000,0.000,0.000,0.000,0.000,0.000,0.000,483134,370261,116219904,34578432,0,484099,2026-08-04T08:33:46.170268Z
M3,1411,saturated,M3,true,0.000,0.000,0.000,0.000,0.000,0.000,0.000,483134,370261,116219904,34578432,0,484099,2026-08-04T08:33:46.170268Z
M3,1412,saturated,M3,true,0.000,0.000,0.000,0.000,0.000,0.000,0.000,483134,370261,116219904,34578432,0,484099,2026-08-04T08:33:46.170268Z
M3,1413,saturated,M3,true,0.000,0.000,0.000,0.000,0.000,0.000,0.000,483134,370261,116219904,34578432,0,484099,2026-08-04T08:33:46.170268Z
M3,1414,saturated,M3,true,0.000,0.000,0.000,0.000,0.000,0.000,0.000,483134,370261,116219904,34578432,0,484099,2026-08-04T08:33:46.170268Z
M3,1415,saturated,M3,true,0.000,0.000,0.000,0.000,0.000,0.000,0.000,483134,370261,116219904,34578432,0,484099,2026-08-04T08:33:46.170268Z
M3,1416,saturated,M3,true,0.000,0.000,0.000,0.000,0.000,0.000,0.000,483134,370261,116219904,34578432,0,484099,2026-08-04T08:33:46.170268Z
M3,1417,saturated,M3,true,0.000,0.000,0.000,0.000,0.000,0.000,0.000,483134,370261,116219904,34578432,0,484099,2026-08-04T08:33:46.170268Z
M3,1418,saturated,M3,true,0.000,0.000,0.000,0.000,0.000,0.000,0.000,483134,370261,116219904,34578432,0,484099,2026-08-04T08:33:46.170268Z
M3,1419,saturated,M3,true,0.000,0.000,0.000,0.000,0.000,0.000,0.000,483134,370261,116219904,34578432,0,484099,2026-08-04T08:33:46.170268Z
M3,1420,saturated,M3,true,0.000,0.000,0.000,0.000,0.000,0.000,0.000,483134,370261,116219904,34578432,0,484099,2026-08-04T08:33:46.170268Z
M3,1421,saturated,M3,true,0.000,0.000,0.000,0.000,0.000,0.000,0.000,483134,370261,116219904,34578432,0,484099,2026-08-04T08:33:46.170268Z
M3,1422,saturated,M3,true,0.000,0.000,0.000,0.000,0.000,0.000,0.000,483134,370261,116219904,34578432,0,484099,2026-08-04T08:33:46.170268Z
M3,1423,saturated,M3,true,0.000,0.000,0.000,0.000,0.000,0.000,0.000,483134,370261,116219904,34578432,0,484099,2026-08-04T08:33:46.170268Z
M3,1424,saturated,M3,true,0.000,0.000,0.000,0.000,0.000,0.000,0.000,483134,370261,116219904,34578432,0,484099,2026-08-04T08:33:46.170268Z
M3,1425,saturated,M3,true,0.000,0.000,0.000,0.000,0.000,0.000,0.000,483134,370261,116219904,34578432,0,484099,2026-08-04T08:33:46.170268Z
M3,1426,saturated,M3,true,0.000,0.000,0.000,0.000,0.000,0.000,0.000,483134,370261,116219904,34578432,0,484099,2026-08-04T08:33:46.170268Z
M3,1427,saturated,M3,true,0.000,0.000,0.000,0.000,0.000,0.000,0.000,483134,370261,116219904,34578432,0,484099,2026-08-04T08:33:46.170268Z
M3,1428,saturated,M3,true,0.000,0.000,0.000,0.000,0.000,0.000,0.000,483134,370261,116219904,34578432,0,484099,2026-08-04T08:33:46.170268Z
M3,1429,saturated,M3,true,0.000,0.000,0.000,0.000,0.000,0.000,0.000,483134,370261,116219904,34578432,0,484099,2026-08-04T08:33:46.170268Z
M3,1430,saturated,M3,true,0.000,0.000,0.000,0.000,0.000,0.000,0.000,483134,370261,116219904,34578432,0,484099,2026-08-04T08:33:46.170268Z
M3,1431,saturated,M3,true,0.000,0.000,0.000,0.000,0.000,0.000,0.000,483134,370261,116219904,34578432,0,484099,2026-08-04T08:33:46.170268Z
M3,1432,saturated,M3,true,0.000,0.000,0.000,0.000,0.000,0.000,0.000,483134,370261,116219904,34578432,0,484099,2026-08-04T08:33:46.170268Z
M3,1433,saturated,M3,true,0.000,0.000,0.000,0.000,0.000,0.000,0.000,483134,370261,116219904,34578432,0,484099,2026-08-04T08:33:46.170268Z
M3,1434,saturated,M3,true,0.000,0.000,0.000,0.000,0.000,0.000,0.000,483134,370261,116219904,34578432,0,484099,2026-08-04T08:33:46.170268Z
M3,1435,saturated,M3,true,0.000,0.000,0.000,0.000,0.000,0.000,0.000,483134,370261,116219904,34578432,0,484099,2026-08-04T08:33:46.170268Z
M3,1436,saturated,M3,true,0.000,0.000,0.000,0.000,0.000,0.000,0.000,483134,370261,116219904,34578432,0,484099,2026-08-04T08:33:46.170268Z
M3,1437,saturated,M3,true,0.000,0.000,0.000,0.000,0.000,0.000,0.000,483134,370261,116219904,34578432,0,484099,2026-08-04T08:33:46.170268Z
M3,1438,saturated,M3,true,0.000,0.000,0.000,0.000,0.000,0.000,0.000,483134,370261,116219904,34578432,0,484099,2026-08-04T08:33:46.170268Z
M3,1439,saturated,M3,true,0.000,0.000,0.000,0.000,0.000,0.000,0.000,483134,370261,116219904,34578432,0,484099,2026-08-04T08:33:46.170268Z
M3,1440,saturated,M3,true,0.000,0.000,0.000,0.000,0.000,0.000,0.000,483134,370261,116219904,34578432,0,484099,2026-08-04T08:33:46.170268Z
M3,1441,saturated,M3,true,0.000,0.000,0.000,0.000,0.000,0.000,0.000,483134,370261,116219904,34578432,0,484099,2026-08-04T08:33:46.170268Z
M3,1442,saturated,M3,true,0.000,0.000,0.000,0.000,0.000,0.000,0.000,483134,370261,116219904,34578432,0,484099,2026-08-04T08:33:46.170268Z
M3,1443,saturated,M3,true,0.000,0.000,0.000,0.000,0.000,0.000,0.000,483134,370261,116219904,34578432,0,484099,2026-08-04T08:33:46.170268Z
M3,1444,saturated,M3,true,0.000,0.000,0.000,0.000,0.000,0.000,0.000,483134,370261,116219904,34578432,0,484099,2026-08-04T08:33:46.170268Z
M3,1445,saturated,M3,true,0.000,0.000,0.000,0.000,0.000,0.000,0.000,483134,370261,116219904,34578432,0,484099,2026-08-04T08:33:46.170268Z
M3,1446,saturated,M3,true,0.000,0.000,0.000,0.000,0.000,0.000,0.000,483134,370261,116219904,34578432,0,484099,2026-08-04T08:33:46.170268Z
M3,1447,saturated,M3,true,0.000,0.000,0.000,0.000,0.000,0.000,0.000,483134,370261,116219904,34578432,0,484099,2026-08-04T08:33:46.170268Z
M3,1448,saturated,M3,true,0.000,0.000,0.000,0.000,0.000,0.000,0.000,483134,370261,116219904,34578432,0,484099,2026-08-04T08:33:46.170268Z
M3,1449,saturated,M3,true,0.000,0.000,0.000,0.000,0.000,0.000,0.000,483134,370261,116219904,34578432,0,484099,2026-08-04T08:33:46.170268Z
M3,1450,saturated,M3,true,0.000,0.000,0.000,0.000,0.000,0.000,0.000,483134,370261,116219904,34578432,0,484099,2026-08-04T08:33:46.170268Z
M3,1451,saturated,M3,true,0.000,0.000,0.000,0.000,0.000,0.000,0.000,483134,370261,116219904,34578432,0,484099,2026-08-04T08:33:46.170268Z
M3,1452,saturated,M3,true,0.000,0.000,0.000,0.000,0.000,0.000,0.000,483134,370261,116219904,34578432,0,484099,2026-08-04T08:33:46.170268Z
M3,1453,saturated,M3,true,0.000,0.000,0.000,0.000,0.000,0.000,0.000,483134,370261,116219904,34578432,0,484099,2026-08-04T08:33:46.170268Z
M3,1454,saturated,M3,true,0.000,0.000,0.000,0.000,0.000,0.000,0.000,483134,370261,116219904,34578432,0,484099,2026-08-04T08:33:46.170268Z
M3,1455,saturated,M3,true,0.000,0.000,0.000,0.000,0.000,0.000,0.000,483134,370261,116219904,34578432,0,484099,2026-08-04T08:33:46.170268Z
M3,1456,saturated,M3,true,0.000,0.000,0.000,0.000,0.000,0.000,0.000,483134,370261,116219904,34578432,0,484099,2026-08-04T08:33:46.170268Z
M3,1457,saturated,M3,true,0.000,0.000,0.000,0.000,0.000,0.000,0.000,483134,370261,116219904,34578432,0,484099,2026-08-04T08:33:46.170268Z
M3,1458,saturated,M3,true,0.000,0.000,0.000,0.000,0.000,0.000,0.000,483134,370261,116219904,34578432,0,484099,2026-08-04T08:33:46.170268Z
M3,1459,saturated,M3,true,0.000,0.000,0.000,0.000,0.000,0.000,0.000,483134,370261,116219904,34578432,0,484099,2026-08-04T08:33:46.170268Z
M3,1460,saturated,M3,true,0.000,0.000,0.000,0.000,0.000,0.000,0.000,483134,370261,116219904,34578432,0,484099,2026-08-04T08:33:46.170268Z
M3,1461,saturated,M3,true,0.000,0.000,0.000,0.000,0.000,0.000,0.000,483134,370261,116219904,34578432,0,484099,2026-08-04T08:33:46.170268Z
M3,1462,saturated,M3,true,0.000,0.000,0.000,0.000,0.000,0.000,0.000,483134,370261,116219904,34578432,0,484099,2026-08-04T08:33:46.170268Z
M3,1463,saturated,M3,true,0.000,0.000,0.000,0.000,0.000,0.000,0.000,483134,370261,116219904,34578432,0,484099,2026-08-04T08:33:46.170268Z
M3,1464,saturated,M3,true,0.000,0.000,0.000,0.000,0.000,0.000,0.000,483134,370261,116219904,34578432,0,484099,2026-08-04T08:33:46.170268Z
M3,1465,saturated,M3,true,0.000,0.000,0.000,0.000,0.000,0.000,0.000,483134,370261,116219904,34578432,0,484099,2026-08-04T08:33:46.170268Z
M3,1466,saturated,M3,true,0.000,0.000,0.000,0.000,0.000,0.000,0.000,483134,370261,116219904,34578432,0,484099,2026-08-04T08:33:46.170268Z
M3,1467,saturated,M3,true,0.000,0.000,0.000,0.000,0.000,0.000,0.000,483134,370261,116219904,34578432,0,484099,2026-08-04T08:33:46.170268Z
M3,1468,saturated,M3,true,0.000,0.000,0.000,0.000,0.000,0.000,0.000,483134,370261,116219904,34578432,0,484099,2026-08-04T08:33:46.170268Z
M3,1469,saturated,M3,true,0.000,0.000,0.000,0.000,0.000,0.000,0.000,483134,370261,116219904,34578432,0,484099,2026-08-04T08:33:46.170268Z
M3,1470,saturated,M3,true,0.000,0.000,0.000,0.000,0.000,0.000,0.000,483134,370261,116219904,34578432,0,484099,2026-08-04T08:33:46.170268Z
M3,1471,saturated,M3,true,0.000,0.000,0.000,0.000,0.000,0.000,0.000,483134,370261,116219904,34578432,0,484099,2026-08-04T08:33:46.170268Z
M3,1472,saturated,M3,true,0.000,0.000,0.000,0.000,0.000,0.000,0.000,483134,370261,116219904,34578432,0,484099,2026-08-04T08:33:46.170268Z
M3,1473,saturated,M3,true,0.000,0.000,0.000,0.000,0.000,0.000,0.000,483134,370261,116219904,34578432,0,484099,2026-08-04T08:33:46.170268Z
M3,1474,saturated,M3,true,0.000,0.000,0.000,0.000,0.000,0.000,0.000,483134,370261,116219904,34578432,0,484099,2026-08-04T08:33:46.170268Z
M3,1475,saturated,M3,true,0.000,0.000,0.000,0.000,0.000,0.000,0.000,483134,370261,116219904,34578432,0,484099,2026-08-04T08:33:46.170268Z
M3,1476,saturated,M3,true,0.000,0.000,0.000,0.000,0.000,0.000,0.000,483134,370261,116219904,34578432,0,484099,2026-08-04T08:33:46.170268Z
M3,1477,saturated,M3,true,0.000,0.000,0.000,0.000,0.000,0.000,0.000,483134,370261,116219904,34578432,0,484099,2026-08-04T08:33:46.170268Z
M3,1478,saturated,M3,true,0.000,0.000,0.000,0.000,0.000,0.000,0.000,483134,370261,116219904,34578432,0,484099,2026-08-04T08:33:46.170268Z
M3,1479,saturated,M3,true,0.000,0.000,0.000,0.000,0.000,0.000,0.000,483134,370261,116219904,34578432,0,484099,2026-08-04T08:33:46.170268Z
M3,1480,saturated,M3,true,0.000,0.000,0.000,0.000,0.000,0.000,0.000,483134,370261,116219904,34578432,0,484099,2026-08-04T08:33:46.170268Z
M3,1481,saturated,M3,true,0.000,0.000,0.000,0.000,0.000,0.000,0.000,483134,370261,116219904,34578432,0,484099,2026-08-04T08:33:46.170268Z
M3,1482,saturated,M3,true,0.000,0.000,0.000,0.000,0.000,0.000,0.000,483134,370261,116219904,34578432,0,484099,2026-08-04T08:33:46.170268Z
M3,1483,saturated,M3,true,0.000,0.000,0.000,0.000,0.000,0.000,0.000,483134,370261,116219904,34578432,0,484099,2026-08-04T08:33:46.170268Z
M3,1484,saturated,M3,true,0.000,0.000,0.000,0.000,0.000,0.000,0.000,483134,370261,116219904,34578432,0,484099,2026-08-04T08:33:46.170268Z
M3,1485,saturated,M3,true,0.000,0.000,0.000,0.000,0.000,0.000,0.000,483134,370261,116219904,34578432,0,484099,2026-08-04T08:33:46.170268Z
M3,1486,saturated,M3,true,0.000,0.000,0.000,0.000,0.000,0.000,0.000,483134,370261,116219904,34578432,0,484099,2026-08-04T08:33:46.170268Z
M3,1487,saturated,M3,true,0.000,0.000,0.000,0.000,0.000,0.000,0.000,483134,370261,116219904,34578432,0,484099,2026-08-04T08:33:46.170268Z
M3,1488,saturated,M3,true,0.000,0.000,0.000,0.000,0.000,0.000,0.000,483134,370261,116219904,34578432,0,484099,2026-08-04T08:33:46.170268Z
M3,1489,saturated,M3,true,0.000,0.000,0.000,0.000,0.000,0.000,0.000,483134,370261,116219904,34578432,0,484099,2026-08-04T08:33:46.170268Z
M3,1490,saturated,M3,true,0.000,0.000,0.000,0.000,0.000,0.000,0.000,483134,370261,116219904,34578432,0,484099,2026-08-04T08:33:46.170268Z
M3,1491,saturated,M3,true,0.000,0.000,0.000,0.000,0.000,0.000,0.000,483134,370261,116219904,34578432,0,484099,2026-08-04T08:33:46.170268Z
M3,1492,saturated,M3,true,0.000,0.000,0.000,0.000,0.000,0.000,0.000,483134,370261,116219904,34578432,0,484099,2026-08-04T08:33:46.170268Z
M3,1493,saturated,M3,true,0.000,0.000,0.000,0.000,0.000,0.000,0.000,483134,370261,116219904,34578432,0,484099,2026-08-04T08:33:46.170268Z
M3,1494,saturated,M3,true,0.000,0.000,0.000,0.000,0.000,0.000,0.000,483134,370261,116219904,34578432,0,484099,2026-08-04T08:33:46.170268Z
M3,1495,saturated,M3,true,0.000,0.000,0.000,0.000,0.000,0.000,0.000,483134,370261,116219904,34578432,0,484099,2026-08-04T08:33:46.170268Z
M3,1496,saturated,M3,true,0.000,0.000,0.000,0.000,0.000,0.000,0.000,483134,370261,116219904,34578432,0,484099,2026-08-04T08:33:46.170268Z
M3,1497,saturated,M3,true,0.000,0.000,0.000,0.000,0.000,0.000,0.000,483134,370261,116219904,34578432,0,484099,2026-08-04T08:33:46.170268Z
M3,1498,saturated,M3,true,0.000,0.000,0.000,0.000,0.000,0.000,0.000,483134,370261,116219904,34578432,0,484099,2026-08-04T08:33:46.170268Z
M3,1499,saturated,M3,true,0.000,0.000,0.000,0.000,0.000,0.000,0.000,483134,370261,116219904,34578432,0,484099,2026-08-04T08:33:46.170268Z
M3,1500,saturated,M3,true,0.000,0.000,0.000,0.000,0.000,0.000,0.000,483134,370261,116219904,34578432,0,484099,2026-08-04T08:33:46.170268Z
M3,1501,saturated,M3,true,0.000,0.000,0.000,0.000,0.000,0.000,0.000,483134,370261,116219904,34578432,0,484099,2026-08-04T08:33:46.170268Z
M3,1502,saturated,M3,true,0.000,0.000,0.000,0.000,0.000,0.000,0.000,483134,370261,116219904,34578432,0,484099,2026-08-04T08:33:46.170268Z
M3,1503,saturated,M3,true,0.000,0.000,0.000,0.000,0.000,0.000,0.000,483134,370261,116219904,34578432,0,484099,2026-08-04T08:33:46.170268Z
M3,1504,saturated,M3,true,0.000,0.000,0.000,0.000,0.000,0.000,0.000,483134,370261,116219904,34578432,0,484099,2026-08-04T08:33:46.170268Z
M3,1505,saturated,M3,true,0.000,0.000,0.000,0.000,0.000,0.000,0.000,483134,370261,116219904,34578432,0,484099,2026-08-04T08:33:46.170268Z
M3,1506,saturated,M3,true,0.000,0.000,0.000,0.000,0.000,0.000,0.000,483134,370261,116219904,34578432,0,484099,2026-08-04T08:33:46.170268Z
M3,1507,saturated,M3,true,0.000,0.000,0.000,0.000,0.000,0.000,0.000,483134,370261,116219904,34578432,0,484099,2026-08-04T08:33:46.170268Z
M3,1508,saturated,M3,true,0.000,0.000,0.000,0.000,0.000,0.000,0.000,483134,370261,116219904,34578432,0,484099,2026-08-04T08:33:46.170268Z
M3,1509,saturated,M3,true,0.000,0.000,0.000,0.000,0.000,0.000,0.000,483134,370261,116219904,34578432,0,484099,2026-08-04T08:33:46.170268Z
M3,1510,saturated,M3,true,0.000,0.000,0.000,0.000,0.000,0.000,0.000,483134,370261,116219904,34578432,0,484099,2026-08-04T08:33:46.170268Z
M3,1511,saturated,M3,true,0.000,0.000,0.000,0.000,0.000,0.000,0.000,483134,370261,116219904,34578432,0,484099,2026-08-04T08:33:46.170268Z
M3,1512,saturated,M3,true,0.000,0.000,0.000,0.000,0.000,0.000,0.000,483134,370261,116219904,34578432,0,484099,2026-08-04T08:33:46.170268Z
M3,1513,saturated,M3,true,0.000,0.000,0.000,0.000,0.000,0.000,0.000,483134,370261,116219904,34578432,0,484099,2026-08-04T08:33:46.170268Z
M3,1514,saturated,M3,true,0.000,0.000,0.000,0.000,0.000,0.000,0.000,483134,370261,116219904,34578432,0,484099,2026-08-04T08:33:46.170268Z
M3,1515,saturated,M3,true,0.000,0.000,0.000,0.000,0.000,0.000,0.000,483134,370261,116219904,34578432,0,484099,2026-08-04T08:33:46.170268Z
M3,1516,saturated,M3,true,0.000,0.000,0.000,0.000,0.000,0.000,0.000,483134,370261,116219904,34578432,0,484099,2026-08-04T08:33:46.170268Z
M3,1517,saturated,M3,true,0.000,0.000,0.000,0.000,0.000,0.000,0.000,483134,370261,116219904,34578432,0,484099,2026-08-04T08:33:46.170268Z
M3,1518,saturated,M3,true,0.000,0.000,0.000,0.000,0.000,0.000,0.000,483134,370261,116219904,34578432,0,484099,2026-08-04T08:33:46.170268Z
M3,1519,saturated,M3,true,0.000,0.000,0.000,0.000,0.000,0.000,0.000,483134,370261,116219904,34578432,0,484099,2026-08-04T08:33:46.170268Z
M3,1520,saturated,M3,true,0.000,0.000,0.000,0.000,0.000,0.000,0.000,483134,370261,116219904,34578432,0,484099,2026-08-04T08:33:46.170268Z
M3,1521,saturated,M3,true,0.000,0.000,0.000,0.000,0.000,0.000,0.000,483134,370261,116219904,34578432,0,484099,2026-08-04T08:33:46.170268Z
M3,1522,saturated,M3,true,0.000,0.000,0.000,0.000,0.000,0.000,0.000,483134,370261,116219904,34578432,0,484099,2026-08-04T08:33:46.170268Z
M3,1523,saturated,M3,true,0.000,0.000,0.000,0.000,0.000,0.000,0.000,483134,370261,116219904,34578432,0,484099,2026-08-04T08:33:46.170268Z
M3,1524,saturated,M3,true,0.000,0.000,0.000,0.000,0.000,0.000,0.000,483134,370261,116219904,34578432,0,484099,2026-08-04T08:33:46.170268Z
M3,1525,saturated,M3,true,0.000,0.000,0.000,0.000,0.000,0.000,0.000,483134,370261,116219904,34578432,0,484099,2026-08-04T08:33:46.170268Z
M3,1526,saturated,M3,true,0.000,0.000,0.000,0.000,0.000,0.000,0.000,483134,370261,116219904,34578432,0,484099,2026-08-04T08:33:46.170268Z
M3,1527,saturated,M3,true,0.000,0.000,0.000,0.000,0.000,0.000,0.000,483134,370261,116219904,34578432,0,484099,2026-08-04T08:33:46.170268Z
M3,1528,saturated,M3,true,0.000,0.000,0.000,0.000,0.000,0.000,0.000,483134,370261,116219904,34578432,0,484099,2026-08-04T08:33:46.170268Z
M3,1529,saturated,M3,true,0.000,0.000,0.000,0.000,0.000,0.000,0.000,483134,370261,116219904,34578432,0,484099,2026-08-04T08:33:46.170268Z
M3,1530,saturated,M3,true,0.000,0.000,0.000,0.000,0.000,0.000,0.000,483134,370261,116219904,34578432,0,484099,2026-08-04T08:33:46.170268Z
M3,1531,saturated,M3,true,0.000,0.000,0.000,0.000,0.000,0.000,0.000,483134,370261,116219904,34578432,0,484099,2026-08-04T08:33:46.170268Z
M3,1532,saturated,M3,true,0.000,0.000,0.000,0.000,0.000,0.000,0.000,483134,370261,116219904,34578432,0,484099,2026-08-04T08:33:46.170268Z
M3,1533,saturated,M3,true,0.000,0.000,0.000,0.000,0.000,0.000,0.000,483134,370261,116219904,34578432,0,484099,2026-08-04T08:33:46.170268Z
M3,1534,saturated,M3,true,0.000,0.000,0.000,0.000,0.000,0.000,0.000,483134,370261,116219904,34578432,0,484099,2026-08-04T08:33:46.170268Z
M3,1535,saturated,M3,true,0.000,0.000,0.000,0.000,0.000,0.000,0.000,483134,370261,116219904,34578432,0,484099,2026-08-04T08:33:46.170268Z
M3,1536,saturated,M3,true,0.000,0.000,0.000,0.000,0.000,0.000,0.000,483134,370261,116219904,34578432,0,484099,2026-08-04T08:33:46.170268Z
M3,1537,saturated,M3,true,0.000,0.000,0.000,0.000,0.000,0.000,0.000,483134,370261,116219904,34578432,0,484099,2026-08-04T08:33:46.170268Z
M3,1538,saturated,M3,true,0.000,0.000,0.000,0.000,0.000,0.000,0.000,483134,370261,116219904,34578432,0,484099,2026-08-04T08:33:46.170268Z
M3,1539,saturated,M3,true,0.000,0.000,0.000,0.000,0.000,0.000,0.000,483134,370261,116219904,34578432,0,484099,2026-08-04T08:33:46.170268Z
M3,1540,saturated,M3,true,0.000,0.000,0.000,0.000,0.000,0.000,0.000,483134,370261,116219904,34578432,0,484099,2026-08-04T08:33:46.170268Z
M3,1541,saturated,M3,true,0.000,0.000,0.000,0.000,0.000,0.000,0.000,483134,370261,116219904,34578432,0,484099,2026-08-04T08:33:46.170268Z
M3,1542,saturated,M3,true,0.000,0.000,0.000,0.000,0.000,0.000,0.000,483134,370261,116219904,34578432,0,484099,2026-08-04T08:33:46.170268Z
M3,1543,saturated,M3,true,0.000,0.000,0.000,0.000,0.000,0.000,0.000,483134,370261,116219904,34578432,0,484099,2026-08-04T08:33:46.170268Z
M3,1544,saturated,M3,true,0.000,0.000,0.000,0.000,0.000,0.000,0.000,483134,370261,116219904,34578432,0,484099,2026-08-04T08:33:46.170268Z
M3,1545,saturated,M3,true,0.000,0.000,0.000,0.000,0.000,0.000,0.000,483134,370261,116219904,34578432,0,484099,2026-08-04T08:33:46.170268Z
M3,1546,saturated,M3,true,0.000,0.000,0.000,0.000,0.000,0.000,0.000,483134,370261,116219904,34578432,0,484099,2026-08-04T08:33:46.170268Z
M3,1547,saturated,M3,true,0.000,0.000,0.000,0.000,0.000,0.000,0.000,483134,370261,116219904,34578432,0,484099,2026-08-04T08:33:46.170268Z
M3,1548,saturated,M3,true,0.000,0.000,0.000,0.000,0.000,0.000,0.000,483134,370261,116219904,34578432,0,484099,2026-08-04T08:33:46.170268Z
M3,1549,saturated,M3,true,0.000,0.000,0.000,0.000,0.000,0.000,0.000,483134,370261,116219904,34578432,0,484099,2026-08-04T08:33:46.170268Z
M3,1550,saturated,M3,true,0.000,0.000,0.000,0.000,0.000,0.000,0.000,483134,370261,116219904,34578432,0,484099,2026-08-04T08:33:46.170268Z
M3,1551,saturated,M3,true,0.000,0.000,0.000,0.000,0.000,0.000,0.000,483134,370261,116219904,34578432,0,484099,2026-08-04T08:33:46.170268Z
M3,1552,saturated,M3,true,0.000,0.000,0.000,0.000,0.000,0.000,0.000,483134,370261,116219904,34578432,0,484099,2026-08-04T08:33:46.170268Z
M3,1553,saturated,M3,true,0.000,0.000,0.000,0.000,0.000,0.000,0.000,483134,370261,116219904,34578432,0,484099,2026-08-04T08:33:46.170268Z
M3,1554,saturated,M3,true,0.000,0.000,0.000,0.000,0.000,0.000,0.000,483134,370261,116219904,34578432,0,484099,2026-08-04T08:33:46.170268Z
M3,1555,saturated,M3,true,0.000,0.000,0.000,0.000,0.000,0.000,0.000,483134,370261,116219904,34578432,0,484099,2026-08-04T08:33:46.170268Z
M3,1556,saturated,M3,true,0.000,0.000,0.000,0.000,0.000,0.000,0.000,483134,370261,116219904,34578432,0,484099,2026-08-04T08:33:46.170268Z
M3,1557,saturated,M3,true,0.000,0.000,0.000,0.000,0.000,0.000,0.000,483134,370261,116219904,34578432,0,484099,2026-08-04T08:33:46.170268Z
M3,1558,saturated,M3,true,0.000,0.000,0.000,0.000,0.000,0.000,0.000,483134,370261,116219904,34578432,0,484099,2026-08-04T08:33:46.170268Z
M3,1559,saturated,M3,true,0.000,0.000,0.000,0.000,0.000,0.000,0.000,483134,370261,116219904,34578432,0,484099,2026-08-04T08:33:46.170268Z
M3,1560,saturated,M3,true,0.000,0.000,0.000,0.000,0.000,0.000,0.000,483134,370261,116219904,34578432,0,484099,2026-08-04T08:33:46.170268Z
M3,1561,saturated,M3,true,0.000,0.000,0.000,0.000,0.000,0.000,0.000,483134,370261,116219904,34578432,0,484099,2026-08-04T08:33:46.170268Z
M3,1562,saturated,M3,true,0.000,0.000,0.000,0.000,0.000,0.000,0.000,483134,370261,116219904,34578432,0,484099,2026-08-04T08:33:46.170268Z
M3,1563,saturated,M3,true,0.000,0.000,0.000,0.000,0.000,0.000,0.000,483134,370261,116219904,34578432,0,484099,2026-08-04T08:33:46.170268Z
M3,1564,saturated,M3,true,0.000,0.000,0.000,0.000,0.000,0.000,0.000,483134,370261,116219904,34578432,0,484099,2026-08-04T08:33:46.170268Z
M3,1565,saturated,M3,true,0.000,0.000,0.000,0.000,0.000,0.000,0.000,483134,370261,116219904,34578432,0,484099,2026-08-04T08:33:46.170268Z
M3,1566,saturated,M3,true,0.000,0.000,0.000,0.000,0.000,0.000,0.000,483134,370261,116219904,34578432,0,484099,2026-08-04T08:33:46.170268Z
M3,1567,saturated,M3,true,0.000,0.000,0.000,0.000,0.000,0.000,0.000,483134,370261,116219904,34578432,0,484099,2026-08-04T08:33:46.170268Z
M3,1568,saturated,M3,true,0.000,0.000,0.000,0.000,0.000,0.000,0.000,483134,370261,116219904,34578432,0,484099,2026-08-04T08:33:46.170268Z
M3,1569,saturated,M3,true,0.000,0.000,0.000,0.000,0.000,0.000,0.000,483134,370261,116219904,34578432,0,484099,2026-08-04T08:33:46.170268Z
M3,1570,saturated,M3,true,0.000,0.000,0.000,0.000,0.000,0.000,0.000,483134,370261,116219904,34578432,0,484099,2026-08-04T08:33:46.170268Z
M3,1571,saturated,M3,true,0.000,0.000,0.000,0.000,0.000,0.000,0.000,483134,370261,116219904,34578432,0,484099,2026-08-04T08:33:46.170268Z
M3,1572,saturated,M3,true,0.000,0.000,0.000,0.000,0.000,0.000,0.000,483134,370261,116219904,34578432,0,484099,2026-08-04T08:33:46.170268Z
M3,1573,saturated,M3,true,0.000,0.000,0.000,0.000,0.000,0.000,0.000,483134,370261,116219904,34578432,0,484099,2026-08-04T08:33:46.170268Z
M3,1574,saturated,M3,true,0.000,0.000,0.000,0.000,0.000,0.000,0.000,483134,370261,116219904,34578432,0,484099,2026-08-04T08:33:46.170268Z
M3,1575,saturated,M3,true,0.000,0.000,0.000,0.000,0.000,0.000,0.000,483134,370261,116219904,34578432,0,484099,2026-08-04T08:33:46.170268Z
M3,1576,saturated,M3,true,0.000,0.000,0.000,0.000,0.000,0.000,0.000,483134,370261,116219904,34578432,0,484099,2026-08-04T08:33:46.170268Z
M3,1577,saturated,M3,true,0.000,0.000,0.000,0.000,0.000,0.000,0.000,483134,370261,116219904,34578432,0,484099,2026-08-04T08:33:46.170268Z
M3,1578,saturated,M3,true,0.000,0.000,0.000,0.000,0.000,0.000,0.000,483134,370261,116219904,34578432,0,484099,2026-08-04T08:33:46.170268Z
M3,1579,saturated,M3,true,0.000,0.000,0.000,0.000,0.000,0.000,0.000,483134,370261,116219904,34578432,0,484099,2026-08-04T08:33:46.170268Z
M3,1580,saturated,M3,true,0.000,0.000,0.000,0.000,0.000,0.000,0.000,483134,370261,116219904,34578432,0,484099,2026-08-04T08:33:46.170268Z
M3,1581,saturated,M3,true,0.000,0.000,0.000,0.000,0.000,0.000,0.000,483134,370261,116219904,34578432,0,484099,2026-08-04T08:33:46.170268Z
M3,1582,saturated,M3,true,0.000,0.000,0.000,0.000,0.000,0.000,0.000,483134,370261,116219904,34578432,0,484099,2026-08-04T08:33:46.170268Z
M3,1583,saturated,M3,true,0.000,0.000,0.000,0.000,0.000,0.000,0.000,483134,370261,116219904,34578432,0,484099,2026-08-04T08:33:46.170268Z
M3,1584,saturated,M3,true,0.000,0.000,0.000,0.000,0.000,0.000,0.000,483134,370261,116219904,34578432,0,484099,2026-08-04T08:33:46.170268Z
M3,1585,saturated,M3,true,0.000,0.000,0.000,0.000,0.000,0.000,0.000,483134,370261,116219904,34578432,0,484099,2026-08-04T08:33:46.170268Z
M3,1586,saturated,M3,true,0.000,0.000,0.000,0.000,0.000,0.000,0.000,483134,370261,116219904,34578432,0,484099,2026-08-04T08:33:46.170268Z
M3,1587,saturated,M3,true,0.000,0.000,0.000,0.000,0.000,0.000,0.000,483134,370261,116219904,34578432,0,484099,2026-08-04T08:33:46.170268Z
M3,1588,saturated,M3,true,0.000,0.000,0.000,0.000,0.000,0.000,0.000,483134,370261,116219904,34578432,0,484099,2026-08-04T08:33:46.170268Z
M3,1589,saturated,M3,true,0.000,0.000,0.000,0.000,0.000,0.000,0.000,483134,370261,116219904,34578432,0,484099,2026-08-04T08:33:46.170268Z
M3,1590,saturated,M3,true,0.000,0.000,0.000,0.000,0.000,0.000,0.000,483134,370261,116219904,34578432,0,484099,2026-08-04T08:33:46.170268Z
M3,1591,saturated,M3,true,0.000,0.000,0.000,0.000,0.000,0.000,0.000,483134,370261,116219904,34578432,0,484099,2026-08-04T08:33:46.170268Z
M3,1592,saturated,M3,true,0.000,0.000,0.000,0.000,0.000,0.000,0.000,483134,370261,116219904,34578432,0,484099,2026-08-04T08:33:46.170268Z
M3,1593,saturated,M3,true,0.000,0.000,0.000,0.000,0.000,0.000,0.000,483134,370261,116219904,34578432,0,484099,2026-08-04T08:33:46.170268Z
M3,1594,saturated,M3,true,0.000,0.000,0.000,0.000,0.000,0.000,0.000,483134,370261,116219904,34578432,0,484099,2026-08-04T08:33:46.170268Z
M3,1595,saturated,M3,true,0.000,0.000,0.000,0.000,0.000,0.000,0.000,483134,370261,116219904,34578432,0,484099,2026-08-04T08:33:46.170268Z
M3,1596,saturated,M3,true,0.000,0.000,0.000,0.000,0.000,0.000,0.000,483134,370261,116219904,34578432,0,484099,2026-08-04T08:33:46.170268Z
M3,1597,saturated,M3,true,0.000,0.000,0.000,0.000,0.000,0.000,0.000,483134,370261,116219904,34578432,0,484099,2026-08-04T08:33:46.170268Z
M3,1598,saturated,M3,true,0.000,0.000,0.000,0.000,0.000,0.000,0.000,483134,370261,116219904,34578432,0,484099,2026-08-04T08:33:46.170268Z
M3,1599,saturated,M3,true,0.000,0.000,0.000,0.000,0.000,0.000,0.000,483134,370261,116219904,34578432,0,484099,2026-08-04T08:33:46.170268Z
M3,1600,saturated,M3,true,0.000,0.000,0.000,0.000,0.000,0.000,0.000,483134,370261,116219904,34578432,0,484099,2026-08-04T08:33:46.170268Z
M3,1601,saturated,M3,true,0.000,0.000,0.000,0.000,0.000,0.000,0.000,483134,370261,116219904,34578432,0,484099,2026-08-04T08:33:46.170268Z
M3,1602,saturated,M3,true,0.000,0.000,0.000,0.000,0.000,0.000,0.000,483134,370261,116219904,34578432,0,484099,2026-08-04T08:33:46.170268Z
M3,1603,saturated,M3,true,0.000,0.000,0.000,0.000,0.000,0.000,0.000,483134,370261,116219904,34578432,0,484099,2026-08-04T08:33:46.170268Z
M3,1604,saturated,M3,true,0.000,0.000,0.000,0.000,0.000,0.000,0.000,483134,370261,116219904,34578432,0,484099,2026-08-04T08:33:46.170268Z
M3,1605,saturated,M3,true,0.000,0.000,0.000,0.000,0.000,0.000,0.000,483134,370261,116219904,34578432,0,484099,2026-08-04T08:33:46.170268Z
M3,1606,saturated,M3,true,0.000,0.000,0.000,0.000,0.000,0.000,0.000,483134,370261,116219904,34578432,0,484099,2026-08-04T08:33:46.170268Z
M3,1607,saturated,M3,true,0.000,0.000,0.000,0.000,0.000,0.000,0.000,483134,370261,116219904,34578432,0,484099,2026-08-04T08:33:46.170268Z
M3,1608,saturated,M3,true,0.000,0.000,0.000,0.000,0.000,0.000,0.000,483134,370261,116219904,34578432,0,484099,2026-08-04T08:33:46.170268Z
M3,1609,saturated,M3,true,0.000,0.000,0.000,0.000,0.000,0.000,0.000,483134,370261,116219904,34578432,0,484099,2026-08-04T08:33:46.170268Z
M3,1610,saturated,M3,true,0.000,0.000,0.000,0.000,0.000,0.000,0.000,483134,370261,116219904,34578432,0,484099,2026-08-04T08:33:46.170268Z
M3,1611,saturated,M3,true,0.000,0.000,0.000,0.000,0.000,0.000,0.000,483134,370261,116219904,34578432,0,484099,2026-08-04T08:33:46.170268Z
M3,1612,saturated,M3,true,0.000,0.000,0.000,0.000,0.000,0.000,0.000,483134,370261,116219904,34578432,0,484099,2026-08-04T08:33:46.170268Z
M3,1613,saturated,M3,true,0.000,0.000,0.000,0.000,0.000,0.000,0.000,483134,370261,116219904,34578432,0,484099,2026-08-04T08:33:46.170268Z
M3,1614,saturated,M3,true,0.000,0.000,0.000,0.000,0.000,0.000,0.000,483134,370261,116219904,34578432,0,484099,2026-08-04T08:33:46.170268Z
M3,1615,saturated,M3,true,0.000,0.000,0.000,0.000,0.000,0.000,0.000,483134,370261,116219904,34578432,0,484099,2026-08-04T08:33:46.170268Z
M3,1616,saturated,M3,true,0.000,0.000,0.000,0.000,0.000,0.000,0.000,483134,370261,116219904,34578432,0,484099,2026-08-04T08:33:46.170268Z
M3,1617,saturated,M3,true,0.000,0.000,0.000,0.000,0.000,0.000,0.000,483134,370261,116219904,34578432,0,484099,2026-08-04T08:33:46.170268Z
M3,1618,saturated,M3,true,0.000,0.000,0.000,0.000,0.000,0.000,0.000,483134,370261,116219904,34578432,0,484099,2026-08-04T08:33:46.170268Z
M3,1619,saturated,M3,true,0.000,0.000,0.000,0.000,0.000,0.000,0.000,483134,370261,116219904,34578432,0,484099,2026-08-04T08:33:46.170268Z
M3,1620,saturated,M3,true,0.000,0.000,0.000,0.000,0.000,0.000,0.000,483134,370261,116219904,34578432,0,484099,2026-08-04T08:33:46.170268Z
M3,1621,saturated,M3,true,0.000,0.000,0.000,0.000,0.000,0.000,0.000,483134,370261,116219904,34578432,0,484099,2026-08-04T08:33:46.170268Z
M3,1622,saturated,M3,true,0.000,0.000,0.000,0.000,0.000,0.000,0.000,483134,370261,116219904,34578432,0,484099,2026-08-04T08:33:46.170268Z
M3,1623,saturated,M3,true,0.000,0.000,0.000,0.000,0.000,0.000,0.000,483134,370261,116219904,34578432,0,484099,2026-08-04T08:33:46.170268Z
M3,1624,saturated,M3,true,0.000,0.000,0.000,0.000,0.000,0.000,0.000,483134,370261,116219904,34578432,0,484099,2026-08-04T08:33:46.170268Z
M3,1625,saturated,M3,true,0.000,0.000,0.000,0.000,0.000,0.000,0.000,483134,370261,116219904,34578432,0,484099,2026-08-04T08:33:46.170268Z
M3,1626,saturated,M3,true,0.000,0.000,0.000,0.000,0.000,0.000,0.000,483134,370261,116219904,34578432,0,484099,2026-08-04T08:33:46.170268Z
M3,1627,saturated,M3,true,0.000,0.000,0.000,0.000,0.000,0.000,0.000,483134,370261,116219904,34578432,0,484099,2026-08-04T08:33:46.170268Z
M3,1628,saturated,M3,true,0.000,0.000,0.000,0.000,0.000,0.000,0.000,483134,370261,116219904,34578432,0,484099,2026-08-04T08:33:46.170268Z
M3,1629,saturated,M3,true,0.000,0.000,0.000,0.000,0.000,0.000,0.000,483134,370261,116219904,34578432,0,484099,2026-08-04T08:33:46.170268Z
M3,1630,saturated,M3,true,0.000,0.000,0.000,0.000,0.000,0.000,0.000,483134,370261,116219904,34578432,0,484099,2026-08-04T08:33:46.170268Z
M3,1631,saturated,M3,true,0.000,0.000,0.000,0.000,0.000,0.000,0.000,483134,370261,116219904,34578432,0,484099,2026-08-04T08:33:46.170268Z
M3,1632,saturated,M3,true,0.000,0.000,0.000,0.000,0.000,0.000,0.000,483134,370261,116219904,34578432,0,484099,2026-08-04T08:33:46.170268Z
M3,1633,saturated,M3,true,0.000,0.000,0.000,0.000,0.000,0.000,0.000,483134,370261,116219904,34578432,0,484099,2026-08-04T08:33:46.170268Z
M3,1634,saturated,M3,true,0.000,0.000,0.000,0.000,0.000,0.000,0.000,483134,370261,116219904,34578432,0,484099,2026-08-04T08:33:46.170268Z
M3,1635,saturated,M3,true,0.000,0.000,0.000,0.000,0.000,0.000,0.000,483134,370261,116219904,34578432,0,484099,2026-08-04T08:33:46.170268Z
M3,1636,saturated,M3,true,0.000,0.000,0.000,0.000,0.000,0.000,0.000,483134,370261,116219904,34578432,0,484099,2026-08-04T08:33:46.170268Z
M3,1637,saturated,M3,true,0.000,0.000,0.000,0.000,0.000,0.000,0.000,483134,370261,116219904,34578432,0,484099,2026-08-04T08:33:46.170268Z
M3,1638,saturated,M3,true,0.000,0.000,0.000,0.000,0.000,0.000,0.000,483134,370261,116219904,34578432,0,484099,2026-08-04T08:33:46.170268Z
M3,1639,saturated,M3,true,0.000,0.000,0.000,0.000,0.000,0.000,0.000,483134,370261,116219904,34578432,0,484099,2026-08-04T08:33:46.170268Z
M3,1640,saturated,M3,true,0.000,0.000,0.000,0.000,0.000,0.000,0.000,483134,370261,116219904,34578432,0,484099,2026-08-04T08:33:46.170268Z
M3,1641,saturated,M3,true,0.000,0.000,0.000,0.000,0.000,0.000,0.000,483134,370261,116219904,34578432,0,484099,2026-08-04T08:33:46.170268Z
M3,1642,saturated,M3,true,0.000,0.000,0.000,0.000,0.000,0.000,0.000,483134,370261,116219904,34578432,0,484099,2026-08-04T08:33:46.170268Z
M3,1643,saturated,M3,true,0.000,0.000,0.000,0.000,0.000,0.000,0.000,483134,370261,116219904,34578432,0,484099,2026-08-04T08:33:46.170268Z
M3,1644,saturated,M3,true,0.000,0.000,0.000,0.000,0.000,0.000,0.000,483134,370261,116219904,34578432,0,484099,2026-08-04T08:33:46.170268Z
M3,1645,saturated,M3,true,0.000,0.000,0.000,0.000,0.000,0.000,0.000,483134,370261,116219904,34578432,0,484099,2026-08-04T08:33:46.170268Z
M3,1646,saturated,M3,true,0.000,0.000,0.000,0.000,0.000,0.000,0.000,483134,370261,116219904,34578432,0,484099,2026-08-04T08:33:46.170268Z
M3,1647,saturated,M3,true,0.000,0.000,0.000,0.000,0.000,0.000,0.000,483134,370261,116219904,34578432,0,484099,2026-08-04T08:33:46.170268Z
M3,1648,saturated,M3,true,0.000,0.000,0.000,0.000,0.000,0.000,0.000,483134,370261,116219904,34578432,0,484099,2026-08-04T08:33:46.170268Z
M3,1649,saturated,M3,true,0.000,0.000,0.000,0.000,0.000,0.000,0.000,483134,370261,116219904,34578432,0,484099,2026-08-04T08:33:46.170268Z
M3,1650,saturated,M3,true,0.000,0.000,0.000,0.000,0.000,0.000,0.000,483134,370261,116219904,34578432,0,484099,2026-08-04T08:33:46.170268Z
M3,1651,saturated,M3,true,0.000,0.000,0.000,0.000,0.000,0.000,0.000,483134,370261,116219904,34578432,0,484099,2026-08-04T08:33:46.170268Z
M3,1652,saturated,M3,true,0.000,0.000,0.000,0.000,0.000,0.000,0.000,483134,370261,116219904,34578432,0,484099,2026-08-04T08:33:46.170268Z
M3,1653,saturated,M3,true,0.000,0.000,0.000,0.000,0.000,0.000,0.000,483134,370261,116219904,34578432,0,484099,2026-08-04T08:33:46.170268Z
M3,1654,saturated,M3,true,0.000,0.000,0.000,0.000,0.000,0.000,0.000,483134,370261,116219904,34578432,0,484099,2026-08-04T08:33:46.170268Z
M3,1655,saturated,M3,true,0.000,0.000,0.000,0.000,0.000,0.000,0.000,483134,370261,116219904,34578432,0,484099,2026-08-04T08:33:46.170268Z
M3,1656,saturated,M3,true,0.000,0.000,0.000,0.000,0.000,0.000,0.000,483134,370261,116219904,34578432,0,484099,2026-08-04T08:33:46.170268Z
M3,1657,saturated,M3,true,0.000,0.000,0.000,0.000,0.000,0.000,0.000,483134,370261,116219904,34578432,0,484099,2026-08-04T08:33:46.170268Z
M3,1658,saturated,M3,true,0.000,0.000,0.000,0.000,0.000,0.000,0.000,483134,370261,116219904,34578432,0,484099,2026-08-04T08:33:46.170268Z
M3,1659,saturated,M3,true,0.000,0.000,0.000,0.000,0.000,0.000,0.000,483134,370261,116219904,34578432,0,484099,2026-08-04T08:33:46.170268Z
M3,1660,saturated,M3,true,0.000,0.000,0.000,0.000,0.000,0.000,0.000,483134,370261,116219904,34578432,0,484099,2026-08-04T08:33:46.170268Z
M3,1661,saturated,M3,true,0.000,0.000,0.000,0.000,0.000,0.000,0.000,483134,370261,116219904,34578432,0,484099,2026-08-04T08:33:46.170268Z
M3,1662,saturated,M3,true,0.000,0.000,0.000,0.000,0.000,0.000,0.000,483134,370261,116219904,34578432,0,484099,2026-08-04T08:33:46.170268Z
M3,1663,saturated,M3,true,0.000,0.000,0.000,0.000,0.000,0.000,0.000,483134,370261,116219904,34578432,0,484099,2026-08-04T08:33:46.170268Z
M3,1664,saturated,M3,true,0.000,0.000,0.000,0.000,0.000,0.000,0.000,483134,370261,116219904,34578432,0,484099,2026-08-04T08:33:46.170268Z
M3,1665,saturated,M3,true,0.000,0.000,0.000,0.000,0.000,0.000,0.000,483134,370261,116219904,34578432,0,484099,2026-08-04T08:33:46.170268Z
M3,1666,saturated,M3,true,0.000,0.000,0.000,0.000,0.000,0.000,0.000,483134,370261,116219904,34578432,0,484099,2026-08-04T08:33:46.170268Z
M3,1667,saturated,M3,true,0.000,0.000,0.000,0.000,0.000,0.000,0.000,483134,370261,116219904,34578432,0,484099,2026-08-04T08:33:46.170268Z
M3,1668,saturated,M3,true,0.000,0.000,0.000,0.000,0.000,0.000,0.000,483134,370261,116219904,34578432,0,484099,2026-08-04T08:33:46.170268Z
M3,1669,saturated,M3,true,0.000,0.000,0.000,0.000,0.000,0.000,0.000,483134,370261,116219904,34578432,0,484099,2026-08-04T08:33:46.170268Z
M3,1670,saturated,M3,true,0.000,0.000,0.000,0.000,0.000,0.000,0.000,483134,370261,116219904,34578432,0,484099,2026-08-04T08:33:46.170268Z
M3,1671,saturated,M3,true,0.000,0.000,0.000,0.000,0.000,0.000,0.000,483134,370261,116219904,34578432,0,484099,2026-08-04T08:33:46.170268Z
M3,1672,saturated,M3,true,0.000,0.000,0.000,0.000,0.000,0.000,0.000,483134,370261,116219904,34578432,0,484099,2026-08-04T08:33:46.170268Z
M3,1673,saturated,M3,true,0.000,0.000,0.000,0.000,0.000,0.000,0.000,483134,370261,116219904,34578432,0,484099,2026-08-04T08:33:46.170268Z
M3,1674,saturated,M3,true,0.000,0.000,0.000,0.000,0.000,0.000,0.000,483134,370261,116219904,34578432,0,484099,2026-08-04T08:33:46.170268Z
M3,1675,saturated,M3,true,0.000,0.000,0.000,0.000,0.000,0.000,0.000,483134,370261,116219904,34578432,0,484099,2026-08-04T08:33:46.170268Z
M3,1676,saturated,M3,true,0.000,0.000,0.000,0.000,0.000,0.000,0.000,483134,370261,116219904,34578432,0,484099,2026-08-04T08:33:46.170268Z
M3,1677,saturated,M3,true,0.000,0.000,0.000,0.000,0.000,0.000,0.000,483134,370261,116219904,34578432,0,484099,2026-08-04T08:33:46.170268Z
M3,1678,saturated,M3,true,0.000,0.000,0.000,0.000,0.000,0.000,0.000,483134,370261,116219904,34578432,0,484099,2026-08-04T08:33:46.170268Z
M3,1679,saturated,M3,true,0.000,0.000,0.000,0.000,0.000,0.000,0.000,483134,370261,116219904,34578432,0,484099,2026-08-04T08:33:46.170268Z
M3,1680,saturated,M3,true,0.000,0.000,0.000,0.000,0.000,0.000,0.000,483134,370261,116219904,34578432,0,484099,2026-08-04T08:33:46.170268Z
M3,1681,saturated,M3,true,0.000,0.000,0.000,0.000,0.000,0.000,0.000,483134,370261,116219904,34578432,0,484099,2026-08-04T08:33:46.170268Z
M3,1682,saturated,M3,true,0.000,0.000,0.000,0.000,0.000,0.000,0.000,483134,370261,116219904,34578432,0,484099,2026-08-04T08:33:46.170268Z
M3,1683,saturated,M3,true,0.000,0.000,0.000,0.000,0.000,0.000,0.000,483134,370261,116219904,34578432,0,484099,2026-08-04T08:33:46.170268Z
M3,1684,saturated,M3,true,0.000,0.000,0.000,0.000,0.000,0.000,0.000,483134,370261,116219904,34578432,0,484099,2026-08-04T08:33:46.170268Z
M3,1685,saturated,M3,true,0.000,0.000,0.000,0.000,0.000,0.000,0.000,483134,370261,116219904,34578432,0,484099,2026-08-04T08:33:46.170268Z
M3,1686,saturated,M3,true,0.000,0.000,0.000,0.000,0.000,0.000,0.000,483134,370261,116219904,34578432,0,484099,2026-08-04T08:33:46.170268Z
M3,1687,saturated,M3,true,0.000,0.000,0.000,0.000,0.000,0.000,0.000,483134,370261,116219904,34578432,0,484099,2026-08-04T08:33:46.170268Z
M3,1688,saturated,M3,true,0.000,0.000,0.000,0.000,0.000,0.000,0.000,483134,370261,116219904,34578432,0,484099,2026-08-04T08:33:46.170268Z
M3,1689,saturated,M3,true,0.000,0.000,0.000,0.000,0.000,0.000,0.000,483134,370261,116219904,34578432,0,484099,2026-08-04T08:33:46.170268Z
M3,1690,saturated,M3,true,0.000,0.000,0.000,0.000,0.000,0.000,0.000,483134,370261,116219904,34578432,0,484099,2026-08-04T08:33:46.170268Z
M3,1691,saturated,M3,true,0.000,0.000,0.000,0.000,0.000,0.000,0.000,483134,370261,116219904,34578432,0,484099,2026-08-04T08:33:46.170268Z
M3,1692,saturated,M3,true,0.000,0.000,0.000,0.000,0.000,0.000,0.000,483134,370261,116219904,34578432,0,484099,2026-08-04T08:33:46.170268Z
M3,1693,saturated,M3,true,0.000,0.000,0.000,0.000,0.000,0.000,0.000,483134,370261,116219904,34578432,0,484099,2026-08-04T08:33:46.170268Z
M3,1694,saturated,M3,true,0.000,0.000,0.000,0.000,0.000,0.000,0.000,483134,370261,116219904,34578432,0,484099,2026-08-04T08:33:46.170268Z
M3,1695,saturated,M3,true,0.000,0.000,0.000,0.000,0.000,0.000,0.000,483134,370261,116219904,34578432,0,484099,2026-08-04T08:33:46.170268Z
M3,1696,saturated,M3,true,0.000,0.000,0.000,0.000,0.000,0.000,0.000,483134,370261,116219904,34578432,0,484099,2026-08-04T08:33:46.170268Z
M3,1697,saturated,M3,true,0.000,0.000,0.000,0.000,0.000,0.000,0.000,483134,370261,116219904,34578432,0,484099,2026-08-04T08:33:46.170268Z
M3,1698,saturated,M3,true,0.000,0.000,0.000,0.000,0.000,0.000,0.000,483134,370261,116219904,34578432,0,484099,2026-08-04T08:33:46.170268Z
M3,1699,saturated,M3,true,0.000,0.000,0.000,0.000,0.000,0.000,0.000,483134,370261,116219904,34578432,0,484099,2026-08-04T08:33:46.170268Z
M3,1700,saturated,M3,true,0.000,0.000,0.000,0.000,0.000,0.000,0.000,483134,370261,116219904,34578432,0,484099,2026-08-04T08:33:46.170268Z
M3,1701,saturated,M3,true,0.000,0.000,0.000,0.000,0.000,0.000,0.000,483134,370261,116219904,34578432,0,484099,2026-08-04T08:33:46.170268Z
M3,1702,saturated,M3,true,0.000,0.000,0.000,0.000,0.000,0.000,0.000,483134,370261,116219904,34578432,0,484099,2026-08-04T08:33:46.170268Z
M3,1703,saturated,M3,true,0.000,0.000,0.000,0.000,0.000,0.000,0.000,483134,370261,116219904,34578432,0,484099,2026-08-04T08:33:46.170268Z
M3,1704,saturated,M3,true,0.000,0.000,0.000,0.000,0.000,0.000,0.000,483134,370261,116219904,34578432,0,484099,2026-08-04T08:33:46.170268Z
M3,1705,saturated,M3,true,0.000,0.000,0.000,0.000,0.000,0.000,0.000,483134,370261,116219904,34578432,0,484099,2026-08-04T08:33:46.170268Z
M3,1706,saturated,M3,true,0.000,0.000,0.000,0.000,0.000,0.000,0.000,483134,370261,116219904,34578432,0,484099,2026-08-04T08:33:46.170268Z
M3,1707,saturated,M3,true,0.000,0.000,0.000,0.000,0.000,0.000,0.000,483134,370261,116219904,34578432,0,484099,2026-08-04T08:33:46.170268Z
M3,1708,saturated,M3,true,0.000,0.000,0.000,0.000,0.000,0.000,0.000,483134,370261,116219904,34578432,0,484099,2026-08-04T08:33:46.170268Z
M3,1709,saturated,M3,true,0.000,0.000,0.000,0.000,0.000,0.000,0.000,483134,370261,116219904,34578432,0,484099,2026-08-04T08:33:46.170268Z
M3,1710,saturated,M3,true,0.000,0.000,0.000,0.000,0.000,0.000,0.000,483134,370261,116219904,34578432,0,484099,2026-08-04T08:33:46.170268Z
M3,1711,saturated,M3,true,0.000,0.000,0.000,0.000,0.000,0.000,0.000,483134,370261,116219904,34578432,0,484099,2026-08-04T08:33:46.170268Z
M3,1712,saturated,M3,true,0.000,0.000,0.000,0.000,0.000,0.000,0.000,483134,370261,116219904,34578432,0,484099,2026-08-04T08:33:46.170268Z
M3,1713,saturated,M3,true,0.000,0.000,0.000,0.000,0.000,0.000,0.000,483134,370261,116219904,34578432,0,484099,2026-08-04T08:33:46.170268Z
M3,1714,saturated,M3,true,0.000,0.000,0.000,0.000,0.000,0.000,0.000,483134,370261,116219904,34578432,0,484099,2026-08-04T08:33:46.170268Z
M3,1715,saturated,M3,true,0.000,0.000,0.000,0.000,0.000,0.000,0.000,483134,370261,116219904,34578432,0,484099,2026-08-04T08:33:46.170268Z
M3,1716,saturated,M3,true,0.000,0.000,0.000,0.000,0.000,0.000,0.000,483134,370261,116219904,34578432,0,484099,2026-08-04T08:33:46.170268Z
M3,1717,saturated,M3,true,0.000,0.000,0.000,0.000,0.000,0.000,0.000,483134,370261,116219904,34578432,0,484099,2026-08-04T08:33:46.170268Z
M3,1718,saturated,M3,true,0.000,0.000,0.000,0.000,0.000,0.000,0.000,483134,370261,116219904,34578432,0,484099,2026-08-04T08:33:46.170268Z
M3,1719,saturated,M3,true,0.000,0.000,0.000,0.000,0.000,0.000,0.000,483134,370261,116219904,34578432,0,484099,2026-08-04T08:33:46.170268Z
M3,1720,saturated,M3,true,0.000,0.000,0.000,0.000,0.000,0.000,0.000,483134,370261,116219904,34578432,0,484099,2026-08-04T08:33:46.170268Z
M3,1721,saturated,M3,true,0.000,0.000,0.000,0.000,0.000,0.000,0.000,483134,370261,116219904,34578432,0,484099,2026-08-04T08:33:46.170268Z
M3,1722,saturated,M3,true,0.000,0.000,0.000,0.000,0.000,0.000,0.000,483134,370261,116219904,34578432,0,484099,2026-08-04T08:33:46.170268Z
M3,1723,saturated,M3,true,0.000,0.000,0.000,0.000,0.000,0.000,0.000,483134,370261,116219904,34578432,0,484099,2026-08-04T08:33:46.170268Z
M3,1724,saturated,M3,true,0.000,0.000,0.000,0.000,0.000,0.000,0.000,483134,370261,116219904,34578432,0,484099,2026-08-04T08:33:46.170268Z
M3,1725,saturated,M3,true,0.000,0.000,0.000,0.000,0.000,0.000,0.000,483134,370261,116219904,34578432,0,484099,2026-08-04T08:33:46.170268Z
M3,1726,saturated,M3,true,0.000,0.000,0.000,0.000,0.000,0.000,0.000,483134,370261,116219904,34578432,0,484099,2026-08-04T08:33:46.170268Z
M3,1727,saturated,M3,true,0.000,0.000,0.000,0.000,0.000,0.000,0.000,483134,370261,116219904,34578432,0,484099,2026-08-04T08:33:46.170268Z
M3,1728,saturated,M3,true,0.000,0.000,0.000,0.000,0.000,0.000,0.000,483134,370261,116219904,34578432,0,484099,2026-08-04T08:33:46.170268Z
M3,1729,saturated,M3,true,0.000,0.000,0.000,0.000,0.000,0.000,0.000,483134,370261,116219904,34578432,0,484099,2026-08-04T08:33:46.170268Z
M3,1730,saturated,M3,true,0.000,0.000,0.000,0.000,0.000,0.000,0.000,483134,370261,116219904,34578432,0,484099,2026-08-04T08:33:46.170268Z
M3,1731,saturated,M3,true,0.000,0.000,0.000,0.000,0.000,0.000,0.000,483134,370261,116219904,34578432,0,484099,2026-08-04T08:33:46.170268Z
M3,1732,saturated,M3,true,0.000,0.000,0.000,0.000,0.000,0.000,0.000,483134,370261,116219904,34578432,0,484099,2026-08-04T08:33:46.170268Z
M3,1733,saturated,M3,true,0.000,0.000,0.000,0.000,0.000,0.000,0.000,483134,370261,116219904,34578432,0,484099,2026-08-04T08:33:46.170268Z
M3,1734,saturated,M3,true,0.000,0.000,0.000,0.000,0.000,0.000,0.000,483134,370261,116219904,34578432,0,484099,2026-08-04T08:33:46.170268Z
M3,1735,saturated,M3,true,0.000,0.000,0.000,0.000,0.000,0.000,0.000,483134,370261,116219904,34578432,0,484099,2026-08-04T08:33:46.170268Z
M3,1736,saturated,M3,true,0.000,0.000,0.000,0.000,0.000,0.000,0.000,483134,370261,116219904,34578432,0,484099,2026-08-04T08:33:46.170268Z
M3,1737,saturated,M3,true,0.000,0.000,0.000,0.000,0.000,0.000,0.000,483134,370261,116219904,34578432,0,484099,2026-08-04T08:33:46.170268Z
M3,1738,saturated,M3,true,0.000,0.000,0.000,0.000,0.000,0.000,0.000,483134,370261,116219904,34578432,0,484099,2026-08-04T08:33:46.170268Z
M3,1739,saturated,M3,true,0.000,0.000,0.000,0.000,0.000,0.000,0.000,483134,370261,116219904,34578432,0,484099,2026-08-04T08:33:46.170268Z
M3,1740,saturated,M3,true,0.000,0.000,0.000,0.000,0.000,0.000,0.000,483134,370261,116219904,34578432,0,484099,2026-08-04T08:33:46.170268Z
M3,1741,saturated,M3,true,0.000,0.000,0.000,0.000,0.000,0.000,0.000,483134,370261,116219904,34578432,0,484099,2026-08-04T08:33:46.170268Z
M3,1742,saturated,M3,true,0.000,0.000,0.000,0.000,0.000,0.000,0.000,483134,370261,116219904,34578432,0,484099,2026-08-04T08:33:46.170268Z
M3,1743,saturated,M3,true,0.000,0.000,0.000,0.000,0.000,0.000,0.000,483134,370261,116219904,34578432,0,484099,2026-08-04T08:33:46.170268Z
M3,1744,saturated,M3,true,0.000,0.000,0.000,0.000,0.000,0.000,0.000,483134,370261,116219904,34578432,0,484099,2026-08-04T08:33:46.170268Z
M3,1745,saturated,M3,true,0.000,0.000,0.000,0.000,0.000,0.000,0.000,483134,370261,116219904,34578432,0,484099,2026-08-04T08:33:46.170268Z
M3,1746,saturated,M3,true,0.000,0.000,0.000,0.000,0.000,0.000,0.000,483134,370261,116219904,34578432,0,484099,2026-08-04T08:33:46.170268Z
M3,1747,saturated,M3,true,0.000,0.000,0.000,0.000,0.000,0.000,0.000,483134,370261,116219904,34578432,0,484099,2026-08-04T08:33:46.170268Z
M3,1748,saturated,M3,true,0.000,0.000,0.000,0.000,0.000,0.000,0.000,483134,370261,116219904,34578432,0,484099,2026-08-04T08:33:46.170268Z
M3,1749,saturated,M3,true,0.000,0.000,0.000,0.000,0.000,0.000,0.000,483134,370261,116219904,34578432,0,484099,2026-08-04T08:33:46.170268Z
M3,1750,saturated,M3,true,0.000,0.000,0.000,0.000,0.000,0.000,0.000,483134,370261,116219904,34578432,0,484099,2026-08-04T08:33:46.170268Z
M3,1751,saturated,M3,true,0.000,0.000,0.000,0.000,0.000,0.000,0.000,483134,370261,116219904,34578432,0,484099,2026-08-04T08:33:46.170268Z
M3,1752,saturated,M3,true,0.000,0.000,0.000,0.000,0.000,0.000,0.000,483134,370261,116219904,34578432,0,484099,2026-08-04T08:33:46.170268Z
M3,1753,saturated,M3,true,0.000,0.000,0.000,0.000,0.000,0.000,0.000,483134,370261,116219904,34578432,0,484099,2026-08-04T08:33:46.170268Z
M3,1754,saturated,M3,true,0.000,0.000,0.000,0.000,0.000,0.000,0.000,483134,370261,116219904,34578432,0,484099,2026-08-04T08:33:46.170268Z
M3,1755,saturated,M3,true,0.000,0.000,0.000,0.000,0.000,0.000,0.000,483134,370261,116219904,34578432,0,484099,2026-08-04T08:33:46.170268Z
M3,1756,saturated,M3,true,0.000,0.000,0.000,0.000,0.000,0.000,0.000,483134,370261,116219904,34578432,0,484099,2026-08-04T08:33:46.170268Z
M3,1757,saturated,M3,true,0.000,0.000,0.000,0.000,0.000,0.000,0.000,483134,370261,116219904,34578432,0,484099,2026-08-04T08:33:46.170268Z
M3,1758,saturated,M3,true,0.000,0.000,0.000,0.000,0.000,0.000,0.000,483134,370261,116219904,34578432,0,484099,2026-08-04T08:33:46.170268Z
M3,1759,saturated,M3,true,0.000,0.000,0.000,0.000,0.000,0.000,0.000,483134,370261,116219904,34578432,0,484099,2026-08-04T08:33:46.170268Z
M3,1760,saturated,M3,true,0.000,0.000,0.000,0.000,0.000,0.000,0.000,483134,370261,116219904,34578432,0,484099,2026-08-04T08:33:46.170268Z
M3,1761,saturated,M3,true,0.000,0.000,0.000,0.000,0.000,0.000,0.000,483134,370261,116219904,34578432,0,484099,2026-08-04T08:33:46.170268Z
M3,1762,saturated,M3,true,0.000,0.000,0.000,0.000,0.000,0.000,0.000,483134,370261,116219904,34578432,0,484099,2026-08-04T08:33:46.170268Z
M3,1763,saturated,M3,true,0.000,0.000,0.000,0.000,0.000,0.000,0.000,483134,370261,116219904,34578432,0,484099,2026-08-04T08:33:46.170268Z
M3,1764,saturated,M3,true,0.000,0.000,0.000,0.000,0.000,0.000,0.000,483134,370261,116219904,34578432,0,484099,2026-08-04T08:33:46.170268Z
M3,1765,saturated,M3,true,0.000,0.000,0.000,0.000,0.000,0.000,0.000,483134,370261,116219904,34578432,0,484099,2026-08-04T08:33:46.170268Z
M3,1766,saturated,M3,true,0.000,0.000,0.000,0.000,0.000,0.000,0.000,483134,370261,116219904,34578432,0,484099,2026-08-04T08:33:46.170268Z
M3,1767,saturated,M3,true,0.000,0.000,0.000,0.000,0.000,0.000,0.000,483134,370261,116219904,34578432,0,484099,2026-08-04T08:33:46.170268Z
M3,1768,saturated,M3,true,0.000,0.000,0.000,0.000,0.000,0.000,0.000,483134,370261,116219904,34578432,0,484099,2026-08-04T08:33:46.170268Z
M3,1769,saturated,M3,true,0.000,0.000,0.000,0.000,0.000,0.000,0.000,483134,370261,116219904,34578432,0,484099,2026-08-04T08:33:46.170268Z
M3,1770,saturated,M3,true,0.000,0.000,0.000,0.000,0.000,0.000,0.000,483134,370261,116219904,34578432,0,484099,2026-08-04T08:33:46.170268Z
M3,1771,saturated,M3,true,0.000,0.000,0.000,0.000,0.000,0.000,0.000,483134,370261,116219904,34578432,0,484099,2026-08-04T08:33:46.170268Z
M3,1772,saturated,M3,true,0.000,0.000,0.000,0.000,0.000,0.000,0.000,483134,370261,116219904,34578432,0,484099,2026-08-04T08:33:46.170268Z
M3,1773,saturated,M3,true,0.000,0.000,0.000,0.000,0.000,0.000,0.000,483134,370261,116219904,34578432,0,484099,2026-08-04T08:33:46.170268Z
M3,1774,saturated,M3,true,0.000,0.000,0.000,0.000,0.000,0.000,0.000,483134,370261,116219904,34578432,0,484099,2026-08-04T08:33:46.170268Z
M3,1775,saturated,M3,true,0.000,0.000,0.000,0.000,0.000,0.000,0.000,483134,370261,116219904,34578432,0,484099,2026-08-04T08:33:46.170268Z
M3,1776,saturated,M3,true,0.000,0.000,0.000,0.000,0.000,0.000,0.000,483134,370261,116219904,34578432,0,484099,2026-08-04T08:33:46.170268Z
M3,1777,saturated,M3,true,0.000,0.000,0.000,0.000,0.000,0.000,0.000,483134,370261,116219904,34578432,0,484099,2026-08-04T08:33:46.170268Z
M3,1778,saturated,M3,true,0.000,0.000,0.000,0.000,0.000,0.000,0.000,483134,370261,116219904,34578432,0,484099,2026-08-04T08:33:46.170268Z
M3,1779,saturated,M3,true,0.000,0.000,0.000,0.000,0.000,0.000,0.000,483134,370261,116219904,34578432,0,484099,2026-08-04T08:33:46.170268Z
M3,1780,saturated,M3,true,0.000,0.000,0.000,0.000,0.000,0.000,0.000,483134,370261,116219904,34578432,0,484099,2026-08-04T08:33:46.170268Z
M3,1781,saturated,M3,true,0.000,0.000,0.000,0.000,0.000,0.000,0.000,483134,370261,116219904,34578432,0,484099,2026-08-04T08:33:46.170268Z
M3,1782,saturated,M3,true,0.000,0.000,0.000,0.000,0.000,0.000,0.000,483134,370261,116219904,34578432,0,484099,2026-08-04T08:33:46.170268Z
M3,1783,saturated,M3,true,0.000,0.000,0.000,0.000,0.000,0.000,0.000,483134,370261,116219904,34578432,0,484099,2026-08-04T08:33:46.170268Z
M3,1784,saturated,M3,true,0.000,0.000,0.000,0.000,0.000,0.000,0.000,483134,370261,116219904,34578432,0,484099,2026-08-04T08:33:46.170268Z
M3,1785,saturated,M3,true,0.000,0.000,0.000,0.000,0.000,0.000,0.000,483134,370261,116219904,34578432,0,484099,2026-08-04T08:33:46.170268Z
M3,1786,saturated,M3,true,0.000,0.000,0.000,0.000,0.000,0.000,0.000,483134,370261,116219904,34578432,0,484099,2026-08-04T08:33:46.170268Z
M3,1787,saturated,M3,true,0.000,0.000,0.000,0.000,0.000,0.000,0.000,483134,370261,116219904,34578432,0,484099,2026-08-04T08:33:46.170268Z
M3,1788,saturated,M3,true,0.000,0.000,0.000,0.000,0.000,0.000,0.000,483134,370261,116219904,34578432,0,484099,2026-08-04T08:33:46.170268Z
M3,1789,saturated,M3,true,0.000,0.000,0.000,0.000,0.000,0.000,0.000,483134,370261,116219904,34578432,0,484099,2026-08-04T08:33:46.170268Z
M3,1790,saturated,M3,true,0.000,0.000,0.000,0.000,0.000,0.000,0.000,483134,370261,116219904,34578432,0,484099,2026-08-04T08:33:46.170268Z
M3,1791,saturated,M3,true,0.000,0.000,0.000,0.000,0.000,0.000,0.000,483134,370261,116219904,34578432,0,484099,2026-08-04T08:33:46.170268Z
M3,1792,saturated,M3,true,0.000,0.000,0.000,0.000,0.000,0.000,0.000,483134,370261,116219904,34578432,0,484099,2026-08-04T08:33:46.170268Z
M3,1793,saturated,M3,true,0.000,0.000,0.000,0.000,0.000,0.000,0.000,483134,370261,116219904,34578432,0,484099,2026-08-04T08:33:46.170268Z
M3,1794,saturated,M3,true,0.000,0.000,0.000,0.000,0.000,0.000,0.000,483134,370261,116219904,34578432,0,484099,2026-08-04T08:33:46.170268Z
M3,1795,saturated,M3,true,0.000,0.000,0.000,0.000,0.000,0.000,0.000,483134,370261,116219904,34578432,0,484099,2026-08-04T08:33:46.170268Z
M3,1796,saturated,M3,true,0.000,0.000,0.000,0.000,0.000,0.000,0.000,483134,370261,116219904,34578432,0,484099,2026-08-04T08:33:46.170268Z
M3,1797,saturated,M3,true,0.000,0.000,0.000,0.000,0.000,0.000,0.000,483134,370261,116219904,34578432,0,484099,2026-08-04T08:33:46.170268Z
M3,1798,saturated,M3,true,0.000,0.000,0.000,0.000,0.000,0.000,0.000,483134,370261,116219904,34578432,0,484099,2026-08-04T08:33:46.170268Z
M3,1799,saturated,M3,true,0.000,0.000,0.000,0.000,0.000,0.000,0.000,483134,370261,116219904,34578432,0,484099,2026-08-04T08:33:46.170268Z
M3,1800,saturated,M3,true,0.000,0.000,0.000,0.000,0.000,0.000,0.000,483134,370261,116219904,34578432,0,484099,2026-08-04T08:33:46.170268Z
M3,1801,saturated,M3,true,0.000,0.000,0.000,0.000,0.000,0.000,0.000,483134,370261,116219904,34578432,0,484099,2026-08-04T08:33:46.170268Z
M3,1802,saturated,M3,true,0.000,0.000,0.000,0.000,0.000,0.000,0.000,483134,370261,116219904,34578432,0,484099,2026-08-04T08:33:46.170268Z
M3,1803,saturated,M3,true,0.000,0.000,0.000,0.000,0.000,0.000,0.000,483134,370261,116219904,34578432,0,484099,2026-08-04T08:33:46.170268Z
M3,1804,saturated,M3,true,0.000,0.000,0.000,0.000,0.000,0.000,0.000,483134,370261,116219904,34578432,0,484099,2026-08-04T08:33:46.170268Z
M3,1805,saturated,M3,true,0.000,0.000,0.000,0.000,0.000,0.000,0.000,483134,370261,116219904,34578432,0,484099,2026-08-04T08:33:46.170268Z
M3,1806,saturated,M3,true,0.000,0.000,0.000,0.000,0.000,0.000,0.000,483134,370261,116219904,34578432,0,484099,2026-08-04T08:33:46.170268Z
M3,1807,saturated,M3,true,0.000,0.000,0.000,0.000,0.000,0.000,0.000,483134,370261,116219904,34578432,0,484099,2026-08-04T08:33:46.170268Z
M3,1808,saturated,M3,true,0.000,0.000,0.000,0.000,0.000,0.000,0.000,483134,370261,116219904,34578432,0,484099,2026-08-04T08:33:46.170268Z
M3,1809,saturated,M3,true,0.000,0.000,0.000,0.000,0.000,0.000,0.000,483134,370261,116219904,34578432,0,484099,2026-08-04T08:33:46.170268Z
M3,1810,saturated,M3,true,0.000,0.000,0.000,0.000,0.000,0.000,0.000,483134,370261,116219904,34578432,0,484099,2026-08-04T08:33:46.170268Z
M3,1811,saturated,M3,true,0.000,0.000,0.000,0.000,0.000,0.000,0.000,483134,370261,116219904,34578432,0,484099,2026-08-04T08:33:46.170268Z
M3,1812,saturated,M3,true,0.000,0.000,0.000,0.000,0.000,0.000,0.000,483134,370261,116219904,34578432,0,484099,2026-08-04T08:33:46.170268Z
M3,1813,saturated,M3,true,0.000,0.000,0.000,0.000,0.000,0.000,0.000,483134,370261,116219904,34578432,0,484099,2026-08-04T08:33:46.170268Z
M3,1814,saturated,M3,true,0.000,0.000,0.000,0.000,0.000,0.000,0.000,483134,370261,116219904,34578432,0,484099,2026-08-04T08:33:46.170268Z
M3,1815,saturated,M3,true,0.000,0.000,0.000,0.000,0.000,0.000,0.000,483134,370261,116219904,34578432,0,484099,2026-08-04T08:33:46.170268Z
M3,1816,saturated,M3,true,0.000,0.000,0.000,0.000,0.000,0.000,0.000,483134,370261,116219904,34578432,0,484099,2026-08-04T08:33:46.170268Z
M3,1817,saturated,M3,true,0.000,0.000,0.000,0.000,0.000,0.000,0.000,483134,370261,116219904,34578432,0,484099,2026-08-04T08:33:46.170268Z
M3,1818,saturated,M3,true,0.000,0.000,0.000,0.000,0.000,0.000,0.000,483134,370261,116219904,34578432,0,484099,2026-08-04T08:33:46.170268Z
M3,1819,saturated,M3,true,0.000,0.000,0.000,0.000,0.000,0.000,0.000,483134,370261,116219904,34578432,0,484099,2026-08-04T08:33:46.170268Z
M3,1820,saturated,M3,true,0.000,0.000,0.000,0.000,0.000,0.000,0.000,483134,370261,116219904,34578432,0,484099,2026-08-04T08:33:46.170268Z
M3,1821,saturated,M3,true,0.000,0.000,0.000,0.000,0.000,0.000,0.000,483134,370261,116219904,34578432,0,484099,2026-08-04T08:33:46.170268Z
M3,1822,saturated,M3,true,0.000,0.000,0.000,0.000,0.000,0.000,0.000,483134,370261,116219904,34578432,0,484099,2026-08-04T08:33:46.170268Z
M3,1823,saturated,M3,true,0.000,0.000,0.000,0.000,0.000,0.000,0.000,483134,370261,116219904,34578432,0,484099,2026-08-04T08:33:46.170268Z
M3,1824,saturated,M3,true,0.000,0.000,0.000,0.000,0.000,0.000,0.000,483134,370261,116219904,34578432,0,484099,2026-08-04T08:33:46.170268Z
M3,1825,saturated,M3,true,0.000,0.000,0.000,0.000,0.000,0.000,0.000,483134,370261,116219904,34578432,0,484099,2026-08-04T08:33:46.170268Z
M3,1826,saturated,M3,true,0.000,0.000,0.000,0.000,0.000,0.000,0.000,483134,370261,116219904,34578432,0,484099,2026-08-04T08:33:46.170268Z
M3,1827,saturated,M3,true,0.000,0.000,0.000,0.000,0.000,0.000,0.000,483134,370261,116219904,34578432,0,484099,2026-08-04T08:33:46.170268Z
M3,1828,saturated,M3,true,0.000,0.000,0.000,0.000,0.000,0.000,0.000,483134,370261,116219904,34578432,0,484099,2026-08-04T08:33:46.170268Z
M3,1829,saturated,M3,true,0.000,0.000,0.000,0.000,0.000,0.000,0.000,483134,370261,116219904,34578432,0,484099,2026-08-04T08:33:46.170268Z
M3,1830,saturated,M3,true,0.000,0.000,0.000,0.000,0.000,0.000,0.000,483134,370261,116219904,34578432,0,484099,2026-08-04T08:33:46.170268Z
M3,1831,saturated,M3,true,0.000,0.000,0.000,0.000,0.000,0.000,0.000,483134,370261,116219904,34578432,0,484099,2026-08-04T08:33:46.170268Z
M3,1832,saturated,M3,true,0.000,0.000,0.000,0.000,0.000,0.000,0.000,483134,370261,116219904,34578432,0,484099,2026-08-04T08:33:46.170268Z
M3,1833,saturated,M3,true,0.000,0.000,0.000,0.000,0.000,0.000,0.000,483134,370261,116219904,34578432,0,484099,2026-08-04T08:33:46.170268Z
M3,1834,saturated,M3,true,0.000,0.000,0.000,0.000,0.000,0.000,0.000,483134,370261,116219904,34578432,0,484099,2026-08-04T08:33:46.170268Z
M3,1835,saturated,M3,true,0.000,0.000,0.000,0.000,0.000,0.000,0.000,483134,370261,116219904,34578432,0,484099,2026-08-04T08:33:46.170268Z
M3,1836,saturated,M3,true,0.000,0.000,0.000,0.000,0.000,0.000,0.000,483134,370261,116219904,34578432,0,484099,2026-08-04T08:33:46.170268Z
M3,1837,saturated,M3,true,0.000,0.000,0.000,0.000,0.000,0.000,0.000,483134,370261,116219904,34578432,0,484099,2026-08-04T08:33:46.170268Z
M3,1838,saturated,M3,true,0.000,0.000,0.000,0.000,0.000,0.000,0.000,483134,370261,116219904,34578432,0,484099,2026-08-04T08:33:46.170268Z
M3,1839,saturated,M3,true,0.000,0.000,0.000,0.000,0.000,0.000,0.000,483134,370261,116219904,34578432,0,484099,2026-08-04T08:33:46.170268Z
M3,1840,saturated,M3,true,0.000,0.000,0.000,0.000,0.000,0.000,0.000,483134,370261,116219904,34578432,0,484099,2026-08-04T08:33:46.170268Z
M3,1841,saturated,M3,true,0.000,0.000,0.000,0.000,0.000,0.000,0.000,483134,370261,116219904,34578432,0,484099,2026-08-04T08:33:46.170268Z
M3,1842,saturated,M3,true,0.000,0.000,0.000,0.000,0.000,0.000,0.000,483134,370261,116219904,34578432,0,484099,2026-08-04T08:33:46.170268Z
M3,1843,saturated,M3,true,0.000,0.000,0.000,0.000,0.000,0.000,0.000,483134,370261,116219904,34578432,0,484099,2026-08-04T08:33:46.170268Z
M3,1844,saturated,M3,true,0.000,0.000,0.000,0.000,0.000,0.000,0.000,483134,370261,116219904,34578432,0,484099,2026-08-04T08:33:46.170268Z
M3,1845,saturated,M3,true,0.000,0.000,0.000,0.000,0.000,0.000,0.000,483134,370261,116219904,34578432,0,484099,2026-08-04T08:33:46.170268Z
M3,1846,saturated,M3,true,0.000,0.000,0.000,0.000,0.000,0.000,0.000,483134,370261,116219904,34578432,0,484099,2026-08-04T08:33:46.170268Z
M3,1847,saturated,M3,true,0.000,0.000,0.000,0.000,0.000,0.000,0.000,483134,370261,116219904,34578432,0,484099,2026-08-04T08:33:46.170268Z
M3,1848,saturated,M3,true,0.000,0.000,0.000,0.000,0.000,0.000,0.000,483134,370261,116219904,34578432,0,484099,2026-08-04T08:33:46.170268Z
M3,1849,saturated,M3,true,0.000,0.000,0.000,0.000,0.000,0.000,0.000,483134,370261,116219904,34578432,0,484099,2026-08-04T08:33:46.170268Z
M3,1850,saturated,M3,true,0.000,0.000,0.000,0.000,0.000,0.000,0.000,483134,370261,116219904,34578432,0,484099,2026-08-04T08:33:46.170268Z
M3,1851,saturated,M3,true,0.000,0.000,0.000,0.000,0.000,0.000,0.000,483134,370261,116219904,34578432,0,484099,2026-08-04T08:33:46.170268Z
M3,1852,saturated,M3,true,0.000,0.000,0.000,0.000,0.000,0.000,0.000,483134,370261,116219904,34578432,0,484099,2026-08-04T08:33:46.170268Z
M3,1853,saturated,M3,true,0.000,0.000,0.000,0.000,0.000,0.000,0.000,483134,370261,116219904,34578432,0,484099,2026-08-04T08:33:46.170268Z
M3,1854,saturated,M3,true,0.000,0.000,0.000,0.000,0.000,0.000,0.000,483134,370261,116219904,34578432,0,484099,2026-08-04T08:33:46.170268Z
M3,1855,saturated,M3,true,0.000,0.000,0.000,0.000,0.000,0.000,0.000,483134,370261,116219904,34578432,0,484099,2026-08-04T08:33:46.170268Z
M3,1856,saturated,M3,true,0.000,0.000,0.000,0.000,0.000,0.000,0.000,483134,370261,116219904,34578432,0,484099,2026-08-04T08:33:46.170268Z
M3,1857,saturated,M3,true,0.000,0.000,0.000,0.000,0.000,0.000,0.000,483134,370261,116219904,34578432,0,484099,2026-08-04T08:33:46.170268Z
M3,1858,saturated,M3,true,0.000,0.000,0.000,0.000,0.000,0.000,0.000,483134,370261,116219904,34578432,0,484099,2026-08-04T08:33:46.170268Z
M3,1859,saturated,M3,true,0.000,0.000,0.000,0.000,0.000,0.000,0.000,483134,370261,116219904,34578432,0,484099,2026-08-04T08:33:46.170268Z
M3,1860,saturated,M3,true,0.000,0.000,0.000,0.000,0.000,0.000,0.000,483134,370261,116219904,34578432,0,484099,2026-08-04T08:33:46.170268Z
M3,1861,saturated,M3,true,0.000,0.000,0.000,0.000,0.000,0.000,0.000,483134,370261,116219904,34578432,0,484099,2026-08-04T08:33:46.170268Z
M3,1862,saturated,M3,true,0.000,0.000,0.000,0.000,0.000,0.000,0.000,483134,370261,116219904,34578432,0,484099,2026-08-04T08:33:46.170268Z
M3,1863,saturated,M3,true,0.000,0.000,0.000,0.000,0.000,0.000,0.000,483134,370261,116219904,34578432,0,484099,2026-08-04T08:33:46.170268Z
M3,1864,saturated,M3,true,0.000,0.000,0.000,0.000,0.000,0.000,0.000,483134,370261,116219904,34578432,0,484099,2026-08-04T08:33:46.170268Z
M3,1865,saturated,M3,true,0.000,0.000,0.000,0.000,0.000,0.000,0.000,483134,370261,116219904,34578432,0,484099,2026-08-04T08:33:46.170268Z
M3,1866,saturated,M3,true,0.000,0.000,0.000,0.000,0.000,0.000,0.000,483134,370261,116219904,34578432,0,484099,2026-08-04T08:33:46.170268Z
M3,1867,saturated,M3,true,0.000,0.000,0.000,0.000,0.000,0.000,0.000,483134,370261,116219904,34578432,0,484099,2026-08-04T08:33:46.170268Z
M3,1868,saturated,M3,true,0.000,0.000,0.000,0.000,0.000,0.000,0.000,483134,370261,116219904,34578432,0,484099,2026-08-04T08:33:46.170268Z
M3,1869,saturated,M3,true,0.000,0.000,0.000,0.000,0.000,0.000,0.000,483134,370261,116219904,34578432,0,484099,2026-08-04T08:33:46.170268Z
M3,1870,saturated,M3,true,0.000,0.000,0.000,0.000,0.000,0.000,0.000,483134,370261,116219904,34578432,0,484099,2026-08-04T08:33:46.170268Z
M3,1871,saturated,M3,true,0.000,0.000,0.000,0.000,0.000,0.000,0.000,483134,370261,116219904,34578432,0,484099,2026-08-04T08:33:46.170268Z
M3,1872,saturated,M3,true,0.000,0.000,0.000,0.000,0.000,0.000,0.000,483134,370261,116219904,34578432,0,484099,2026-08-04T08:33:46.170268Z
M3,1873,saturated,M3,true,0.000,0.000,0.000,0.000,0.000,0.000,0.000,483134,370261,116219904,34578432,0,484099,2026-08-04T08:33:46.170268Z
M3,1874,saturated,M3,true,0.000,0.000,0.000,0.000,0.000,0.000,0.000,483134,370261,116219904,34578432,0,484099,2026-08-04T08:33:46.170268Z
M3,1875,saturated,M3,true,0.000,0.000,0.000,0.000,0.000,0.000,0.000,483134,370261,116219904,34578432,0,484099,2026-08-04T08:33:46.170268Z
M3,1876,saturated,M3,true,0.000,0.000,0.000,0.000,0.000,0.000,0.000,483134,370261,116219904,34578432,0,484099,2026-08-04T08:33:46.170268Z
M3,1877,saturated,M3,true,0.000,0.000,0.000,0.000,0.000,0.000,0.000,483134,370261,116219904,34578432,0,484099,2026-08-04T08:33:46.170268Z
M3,1878,saturated,M3,true,0.000,0.000,0.000,0.000,0.000,0.000,0.000,483134,370261,116219904,34578432,0,484099,2026-08-04T08:33:46.170268Z
M3,1879,saturated,M3,true,0.000,0.000,0.000,0.000,0.000,0.000,0.000,483134,370261,116219904,34578432,0,484099,2026-08-04T08:33:46.170268Z
M3,1880,saturated,M3,true,0.000,0.000,0.000,0.000,0.000,0.000,0.000,483134,370261,116219904,34578432,0,484099,2026-08-04T08:33:46.170268Z
M3,1881,saturated,M3,true,0.000,0.000,0.000,0.000,0.000,0.000,0.000,483134,370261,116219904,34578432,0,484099,2026-08-04T08:33:46.170268Z
M3,1882,saturated,M3,true,0.000,0.000,0.000,0.000,0.000,0.000,0.000,483134,370261,116219904,34578432,0,484099,2026-08-04T08:33:46.170268Z
M3,1883,saturated,M3,true,0.000,0.000,0.000,0.000,0.000,0.000,0.000,483134,370261,116219904,34578432,0,484099,2026-08-04T08:33:46.170268Z
M3,1884,saturated,M3,true,0.000,0.000,0.000,0.000,0.000,0.000,0.000,483134,370261,116219904,34578432,0,484099,2026-08-04T08:33:46.170268Z
M3,1885,saturated,M3,true,0.000,0.000,0.000,0.000,0.000,0.000,0.000,483134,370261,116219904,34578432,0,484099,2026-08-04T08:33:46.170268Z
M3,1886,saturated,M3,true,0.000,0.000,0.000,0.000,0.000,0.000,0.000,483134,370261,116219904,34578432,0,484099,2026-08-04T08:33:46.170268Z
M3,1887,saturated,M3,true,0.000,0.000,0.000,0.000,0.000,0.000,0.000,483134,370261,116219904,34578432,0,484099,2026-08-04T08:33:46.170268Z
M3,1888,saturated,M3,true,0.000,0.000,0.000,0.000,0.000,0.000,0.000,483134,370261,116219904,34578432,0,484099,2026-08-04T08:33:46.170268Z
M3,1889,saturated,M3,true,0.000,0.000,0.000,0.000,0.000,0.000,0.000,483134,370261,116219904,34578432,0,484099,2026-08-04T08:33:46.170268Z
M3,1890,saturated,M3,true,0.000,0.000,0.000,0.000,0.000,0.000,0.000,483134,370261,116219904,34578432,0,484099,2026-08-04T08:33:46.170268Z
M3,1891,saturated,M3,true,0.000,0.000,0.000,0.000,0.000,0.000,0.000,483134,370261,116219904,34578432,0,484099,2026-08-04T08:33:46.170268Z
M3,1892,saturated,M3,true,0.000,0.000,0.000,0.000,0.000,0.000,0.000,483134,370261,116219904,34578432,0,484099,2026-08-04T08:33:46.170268Z
M3,1893,saturated,M3,true,0.000,0.000,0.000,0.000,0.000,0.000,0.000,483134,370261,116219904,34578432,0,484099,2026-08-04T08:33:46.170268Z
M3,1894,saturated,M3,true,0.000,0.000,0.000,0.000,0.000,0.000,0.000,483134,370261,116219904,34578432,0,484099,2026-08-04T08:33:46.170268Z
M3,1895,saturated,M3,true,0.000,0.000,0.000,0.000,0.000,0.000,0.000,483134,370261,116219904,34578432,0,484099,2026-08-04T08:33:46.170268Z
M3,1896,saturated,M3,true,0.000,0.000,0.000,0.000,0.000,0.000,0.000,483134,370261,116219904,34578432,0,484099,2026-08-04T08:33:46.170268Z
M3,1897,saturated,M3,true,0.000,0.000,0.000,0.000,0.000,0.000,0.000,483134,370261,116219904,34578432,0,484099,2026-08-04T08:33:46.170268Z
M3,1898,saturated,M3,true,0.000,0.000,0.000,0.000,0.000,0.000,0.000,483134,370261,116219904,34578432,0,484099,2026-08-04T08:33:46.170268Z
M3,1899,saturated,M3,true,0.000,0.000,0.000,0.000,0.000,0.000,0.000,483134,370261,116219904,34578432,0,484099,2026-08-04T08:33:46.170268Z
M3,1900,saturated,M3,true,0.000,0.000,0.000,0.000,0.000,0.000,0.000,483134,370261,116219904,34578432,0,484099,2026-08-04T08:33:46.170268Z
M3,1901,saturated,M3,true,0.000,0.000,0.000,0.000,0.000,0.000,0.000,483134,370261,116219904,34578432,0,484099,2026-08-04T08:33:46.170268Z
M3,1902,saturated,M3,true,0.000,0.000,0.000,0.000,0.000,0.000,0.000,483134,370261,116219904,34578432,0,484099,2026-08-04T08:33:46.170268Z
M3,1903,saturated,M3,true,0.000,0.000,0.000,0.000,0.000,0.000,0.000,483134,370261,116219904,34578432,0,484099,2026-08-04T08:33:46.170268Z
M3,1904,saturated,M3,true,0.000,0.000,0.000,0.000,0.000,0.000,0.000,483134,370261,116219904,34578432,0,484099,2026-08-04T08:33:46.170268Z
M3,1905,saturated,M3,true,0.000,0.000,0.000,0.000,0.000,0.000,0.000,483134,370261,116219904,34578432,0,484099,2026-08-04T08:33:46.170268Z
M3,1906,saturated,M3,true,0.000,0.000,0.000,0.000,0.000,0.000,0.000,483134,370261,116219904,34578432,0,484099,2026-08-04T08:33:46.170268Z
M3,1907,saturated,M3,true,0.000,0.000,0.000,0.000,0.000,0.000,0.000,483134,370261,116219904,34578432,0,484099,2026-08-04T08:33:46.170268Z
M3,1908,saturated,M3,true,0.000,0.000,0.000,0.000,0.000,0.000,0.000,483134,370261,116219904,34578432,0,484099,2026-08-04T08:33:46.170268Z
M3,1909,saturated,M3,true,0.000,0.000,0.000,0.000,0.000,0.000,0.000,483134,370261,116219904,34578432,0,484099,2026-08-04T08:33:46.170268Z
M3,1910,saturated,M3,true,0.000,0.000,0.000,0.000,0.000,0.000,0.000,483134,370261,116219904,34578432,0,484099,2026-08-04T08:33:46.170268Z
M3,1911,saturated,M3,true,0.000,0.000,0.000,0.000,0.000,0.000,0.000,483134,370261,116219904,34578432,0,484099,2026-08-04T08:33:46.170268Z
M3,1912,saturated,M3,true,0.000,0.000,0.000,0.000,0.000,0.000,0.000,483134,370261,116219904,34578432,0,484099,2026-08-04T08:33:46.170268Z
M3,1913,saturated,M3,true,0.000,0.000,0.000,0.000,0.000,0.000,0.000,483134,370261,116219904,34578432,0,484099,2026-08-04T08:33:46.170268Z
M3,1914,saturated,M3,true,0.000,0.000,0.000,0.000,0.000,0.000,0.000,483134,370261,116219904,34578432,0,484099,2026-08-04T08:33:46.170268Z
M3,1915,saturated,M3,true,0.000,0.000,0.000,0.000,0.000,0.000,0.000,483134,370261,116219904,34578432,0,484099,2026-08-04T08:33:46.170268Z
M3,1916,saturated,M3,true,0.000,0.000,0.000,0.000,0.000,0.000,0.000,483134,370261,116219904,34578432,0,484099,2026-08-04T08:33:46.170268Z
M3,1917,saturated,M3,true,0.000,0.000,0.000,0.000,0.000,0.000,0.000,483134,370261,116219904,34578432,0,484099,2026-08-04T08:33:46.170268Z
M3,1918,saturated,M3,true,0.000,0.000,0.000,0.000,0.000,0.000,0.000,483134,370261,116219904,34578432,0,484099,2026-08-04T08:33:46.170268Z
M3,1919,saturated,M3,true,0.000,0.000,0.000,0.000,0.000,0.000,0.000,483134,370261,116219904,34578432,0,484099,2026-08-04T08:33:46.170268Z
M3,1920,saturated,M3,true,0.000,0.000,0.000,0.000,0.000,0.000,0.000,483134,370261,116219904,34578432,0,484099,2026-08-04T08:33:46.170268Z
M3,1921,saturated,M3,true,0.000,0.000,0.000,0.000,0.000,0.000,0.000,483134,370261,116219904,34578432,0,484099,2026-08-04T08:33:46.170268Z
M3,1922,saturated,M3,true,0.000,0.000,0.000,0.000,0.000,0.000,0.000,483134,370261,116219904,34578432,0,484099,2026-08-04T08:33:46.170268Z
M3,1923,saturated,M3,true,0.000,0.000,0.000,0.000,0.000,0.000,0.000,483134,370261,116219904,34578432,0,484099,2026-08-04T08:33:46.170268Z
M3,1924,saturated,M3,true,0.000,0.000,0.000,0.000,0.000,0.000,0.000,483134,370261,116219904,34578432,0,484099,2026-08-04T08:33:46.170268Z
M3,1925,saturated,M3,true,0.000,0.000,0.000,0.000,0.000,0.000,0.000,483134,370261,116219904,34578432,0,484099,2026-08-04T08:33:46.170268Z
M3,1926,saturated,M3,true,0.000,0.000,0.000,0.000,0.000,0.000,0.000,483134,370261,116219904,34578432,0,484099,2026-08-04T08:33:46.170268Z
M3,1927,saturated,M3,true,0.000,0.000,0.000,0.000,0.000,0.000,0.000,483134,370261,116219904,34578432,0,484099,2026-08-04T08:33:46.170268Z
M3,1928,saturated,M3,true,0.000,0.000,0.000,0.000,0.000,0.000,0.000,483134,370261,116219904,34578432,0,484099,2026-08-04T08:33:46.170268Z
M3,1929,saturated,M3,true,0.000,0.000,0.000,0.000,0.000,0.000,0.000,483134,370261,116219904,34578432,0,484099,2026-08-04T08:33:46.170268Z
M3,1930,saturated,M3,true,0.000,0.000,0.000,0.000,0.000,0.000,0.000,483134,370261,116219904,34578432,0,484099,2026-08-04T08:33:46.170268Z
M3,1931,saturated,M3,true,0.000,0.000,0.000,0.000,0.000,0.000,0.000,483134,370261,116219904,34578432,0,484099,2026-08-04T08:33:46.170268Z
M3,1932,saturated,M3,true,0.000,0.000,0.000,0.000,0.000,0.000,0.000,483134,370261,116219904,34578432,0,484099,2026-08-04T08:33:46.170268Z
M3,1933,saturated,M3,true,0.000,0.000,0.000,0.000,0.000,0.000,0.000,483134,370261,116219904,34578432,0,484099,2026-08-04T08:33:46.170268Z
M3,1934,saturated,M3,true,0.000,0.000,0.000,0.000,0.000,0.000,0.000,483134,370261,116219904,34578432,0,484099,2026-08-04T08:33:46.170268Z
M3,1935,saturated,M3,true,0.000,0.000,0.000,0.000,0.000,0.000,0.000,483134,370261,116219904,34578432,0,484099,2026-08-04T08:33:46.170268Z
M3,1936,saturated,M3,true,0.000,0.000,0.000,0.000,0.000,0.000,0.000,483134,370261,116219904,34578432,0,484099,2026-08-04T08:33:46.170268Z
M3,1937,saturated,M3,true,0.000,0.000,0.000,0.000,0.000,0.000,0.000,483134,370261,116219904,34578432,0,484099,2026-08-04T08:33:46.170268Z
M3,1938,saturated,M3,true,0.000,0.000,0.000,0.000,0.000,0.000,0.000,483134,370261,116219904,34578432,0,484099,2026-08-04T08:33:46.170268Z
M3,1939,saturated,M3,true,0.000,0.000,0.000,0.000,0.000,0.000,0.000,483134,370261,116219904,34578432,0,484099,2026-08-04T08:33:46.170268Z
M3,1940,saturated,M3,true,0.000,0.000,0.000,0.000,0.000,0.000,0.000,483134,370261,116219904,34578432,0,484099,2026-08-04T08:33:46.170268Z
M3,1941,saturated,M3,true,0.000,0.000,0.000,0.000,0.000,0.000,0.000,483134,370261,116219904,34578432,0,484099,2026-08-04T08:33:46.170268Z
M3,1942,saturated,M3,true,0.000,0.000,0.000,0.000,0.000,0.000,0.000,483134,370261,116219904,34578432,0,484099,2026-08-04T08:33:46.170268Z
M3,1943,saturated,M3,true,0.000,0.000,0.000,0.000,0.000,0.000,0.000,483134,370261,116219904,34578432,0,484099,2026-08-04T08:33:46.170268Z
M3,1944,saturated,M3,true,0.000,0.000,0.000,0.000,0.000,0.000,0.000,483134,370261,116219904,34578432,0,484099,2026-08-04T08:33:46.170268Z
M3,1945,saturated,M3,true,0.000,0.000,0.000,0.000,0.000,0.000,0.000,483134,370261,116219904,34578432,0,484099,2026-08-04T08:33:46.170268Z
M3,1946,saturated,M3,true,0.000,0.000,0.000,0.000,0.000,0.000,0.000,483134,370261,116219904,34578432,0,484099,2026-08-04T08:33:46.170268Z
M3,1947,saturated,M3,true,0.000,0.000,0.000,0.000,0.000,0.000,0.000,483134,370261,116219904,34578432,0,484099,2026-08-04T08:33:46.170268Z
M3,1948,saturated,M3,true,0.000,0.000,0.000,0.000,0.000,0.000,0.000,483134,370261,116219904,34578432,0,484099,2026-08-04T08:33:46.170268Z
M3,1949,saturated,M3,true,0.000,0.000,0.000,0.000,0.000,0.000,0.000,483134,370261,116219904,34578432,0,484099,2026-08-04T08:33:46.170268Z
M3,1950,saturated,M3,true,0.000,0.000,0.000,0.000,0.000,0.000,0.000,483134,370261,116219904,34578432,0,484099,2026-08-04T08:33:46.170268Z
M3,1951,saturated,M3,true,0.000,0.000,0.000,0.000,0.000,0.000,0.000,483134,370261,116219904,34578432,0,484099,2026-08-04T08:33:46.170268Z
M3,1952,saturated,M3,true,0.000,0.000,0.000,0.000,0.000,0.000,0.000,483134,370261,116219904,34578432,0,484099,2026-08-04T08:33:46.170268Z
M3,1953,saturated,M3,true,0.000,0.000,0.000,0.000,0.000,0.000,0.000,483134,370261,116219904,34578432,0,484099,2026-08-04T08:33:46.170268Z
M3,1954,saturated,M3,true,0.000,0.000,0.000,0.000,0.000,0.000,0.000,483134,370261,116219904,34578432,0,484099,2026-08-04T08:33:46.170268Z
M3,1955,saturated,M3,true,0.000,0.000,0.000,0.000,0.000,0.000,0.000,483134,370261,116219904,34578432,0,484099,2026-08-04T08:33:46.170268Z
M3,1956,saturated,M3,true,0.000,0.000,0.000,0.000,0.000,0.000,0.000,483134,370261,116219904,34578432,0,484099,2026-08-04T08:33:46.170268Z
M3,1957,saturated,M3,true,0.000,0.000,0.000,0.000,0.000,0.000,0.000,483134,370261,116219904,34578432,0,484099,2026-08-04T08:33:46.170268Z
M3,1958,saturated,M3,true,0.000,0.000,0.000,0.000,0.000,0.000,0.000,483134,370261,116219904,34578432,0,484099,2026-08-04T08:33:46.170268Z
M3,1959,saturated,M3,true,0.000,0.000,0.000,0.000,0.000,0.000,0.000,483134,370261,116219904,34578432,0,484099,2026-08-04T08:33:46.170268Z
M3,1960,saturated,M3,true,0.000,0.000,0.000,0.000,0.000,0.000,0.000,483134,370261,116219904,34578432,0,484099,2026-08-04T08:33:46.170268Z
M3,1961,saturated,M3,true,0.000,0.000,0.000,0.000,0.000,0.000,0.000,483134,370261,116219904,34578432,0,484099,2026-08-04T08:33:46.170268Z
M3,1962,saturated,M3,true,0.000,0.000,0.000,0.000,0.000,0.000,0.000,483134,370261,116219904,34578432,0,484099,2026-08-04T08:33:46.170268Z
M3,1963,saturated,M3,true,0.000,0.000,0.000,0.000,0.000,0.000,0.000,483134,370261,116219904,34578432,0,484099,2026-08-04T08:33:46.170268Z
M3,1964,saturated,M3,true,0.000,0.000,0.000,0.000,0.000,0.000,0.000,483134,370261,116219904,34578432,0,484099,2026-08-04T08:33:46.170268Z
M3,1965,saturated,M3,true,0.000,0.000,0.000,0.000,0.000,0.000,0.000,483134,370261,116219904,34578432,0,484099,2026-08-04T08:33:46.170268Z
M3,1966,saturated,M3,true,0.000,0.000,0.000,0.000,0.000,0.000,0.000,483134,370261,116219904,34578432,0,484099,2026-08-04T08:33:46.170268Z
M3,1967,saturated,M3,true,0.000,0.000,0.000,0.000,0.000,0.000,0.000,483134,370261,116219904,34578432,0,484099,2026-08-04T08:33:46.170268Z
M3,1968,saturated,M3,true,0.000,0.000,0.000,0.000,0.000,0.000,0.000,483134,370261,116219904,34578432,0,484099,2026-08-04T08:33:46.170268Z
M3,1969,saturated,M3,true,0.000,0.000,0.000,0.000,0.000,0.000,0.000,483134,370261,116219904,34578432,0,484099,2026-08-04T08:33:46.170268Z
M3,1970,saturated,M3,true,0.000,0.000,0.000,0.000,0.000,0.000,0.000,483134,370261,116219904,34578432,0,484099,2026-08-04T08:33:46.170268Z
M3,1971,saturated,M3,true,0.000,0.000,0.000,0.000,0.000,0.000,0.000,483134,370261,116219904,34578432,0,484099,2026-08-04T08:33:46.170268Z
M3,1972,saturated,M3,true,0.000,0.000,0.000,0.000,0.000,0.000,0.000,483134,370261,116219904,34578432,0,484099,2026-08-04T08:33:46.170268Z
M3,1973,saturated,M3,true,0.000,0.000,0.000,0.000,0.000,0.000,0.000,483134,370261,116219904,34578432,0,484099,2026-08-04T08:33:46.170268Z
M3,1974,saturated,M3,true,0.000,0.000,0.000,0.000,0.000,0.000,0.000,483134,370261,116219904,34578432,0,484099,2026-08-04T08:33:46.170268Z
M3,1975,saturated,M3,true,0.000,0.000,0.000,0.000,0.000,0.000,0.000,483134,370261,116219904,34578432,0,484099,2026-08-04T08:33:46.170268Z
M3,1976,saturated,M3,true,0.000,0.000,0.000,0.000,0.000,0.000,0.000,483134,370261,116219904,34578432,0,484099,2026-08-04T08:33:46.170268Z
M3,1977,saturated,M3,true,0.000,0.000,0.000,0.000,0.000,0.000,0.000,483134,370261,116219904,34578432,0,484099,2026-08-04T08:33:46.170268Z
M3,1978,saturated,M3,true,0.000,0.000,0.000,0.000,0.000,0.000,0.000,483134,370261,116219904,34578432,0,484099,2026-08-04T08:33:46.170268Z
M3,1979,saturated,M3,true,0.000,0.000,0.000,0.000,0.000,0.000,0.000,483134,370261,116219904,34578432,0,484099,2026-08-04T08:33:46.170268Z
M3,1980,saturated,M3,true,0.000,0.000,0.000,0.000,0.000,0.000,0.000,483134,370261,116219904,34578432,0,484099,2026-08-04T08:33:46.170268Z
M3,1981,saturated,M3,true,0.000,0.000,0.000,0.000,0.000,0.000,0.000,483134,370261,116219904,34578432,0,484099,2026-08-04T08:33:46.170268Z
M3,1982,saturated,M3,true,0.000,0.000,0.000,0.000,0.000,0.000,0.000,483134,370261,116219904,34578432,0,484099,2026-08-04T08:33:46.170268Z
M3,1983,saturated,M3,true,0.000,0.000,0.000,0.000,0.000,0.000,0.000,483134,370261,116219904,34578432,0,484099,2026-08-04T08:33:46.170268Z
M3,1984,saturated,M3,true,0.000,0.000,0.000,0.000,0.000,0.000,0.000,483134,370261,116219904,34578432,0,484099,2026-08-04T08:33:46.170268Z
M3,1985,saturated,M3,true,0.000,0.000,0.000,0.000,0.000,0.000,0.000,483134,370261,116219904,34578432,0,484099,2026-08-04T08:33:46.170268Z
M3,1986,saturated,M3,true,0.000,0.000,0.000,0.000,0.000,0.000,0.000,483134,370261,116219904,34578432,0,484099,2026-08-04T08:33:46.170268Z
M3,1987,saturated,M3,true,0.000,0.000,0.000,0.000,0.000,0.000,0.000,483134,370261,116219904,34578432,0,484099,2026-08-04T08:33:46.170268Z
M3,1988,saturated,M3,true,0.000,0.000,0.000,0.000,0.000,0.000,0.000,483134,370261,116219904,34578432,0,484099,2026-08-04T08:33:46.170268Z
M3,1989,saturated,M3,true,0.000,0.000,0.000,0.000,0.000,0.000,0.000,483134,370261,116219904,34578432,0,484099,2026-08-04T08:33:46.170268Z
M3,1990,saturated,M3,true,0.000,0.000,0.000,0.000,0.000,0.000,0.000,483134,370261,116219904,34578432,0,484099,2026-08-04T08:33:46.170268Z
M3,1991,saturated,M3,true,0.000,0.000,0.000,0.000,0.000,0.000,0.000,483134,370261,116219904,34578432,0,484099,2026-08-04T08:33:46.170268Z
M3,1992,saturated,M3,true,0.000,0.000,0.000,0.000,0.000,0.000,0.000,483134,370261,116219904,34578432,0,484099,2026-08-04T08:33:46.170268Z
M3,1993,saturated,M3,true,0.000,0.000,0.000,0.000,0.000,0.000,0.000,483134,370261,116219904,34578432,0,484099,2026-08-04T08:33:46.170268Z
M3,1994,saturated,M3,true,0.000,0.000,0.000,0.000,0.000,0.000,0.000,483134,370261,116219904,34578432,0,484099,2026-08-04T08:33:46.170268Z
M3,1995,saturated,M3,true,0.000,0.000,0.000,0.000,0.000,0.000,0.000,483134,370261,116219904,34578432,0,484099,2026-08-04T08:33:46.170268Z
M3,1996,saturated,M3,true,0.000,0.000,0.000,0.000,0.000,0.000,0.000,483134,370261,116219904,34578432,0,484099,2026-08-04T08:33:46.170268Z
M3,1997,saturated,M3,true,0.000,0.000,0.000,0.000,0.000,0.000,0.000,483134,370261,116219904,34578432,0,484099,2026-08-04T08:33:46.170268Z
M3,1998,saturated,M3,true,0.000,0.000,0.000,0.000,0.000,0.000,0.000,483134,370261,116219904,34578432,0,484099,2026-08-04T08:33:46.170268Z
M3,1999,saturated,M3,true,0.000,0.000,0.000,0.000,0.000,0.000,0.000,483134,370261,116219904,34578432,0,484099,2026-08-04T08:33:46.170268Z
M3,2000,saturated,M3,true,0.000,0.000,0.000,0.000,0.000,0.000,0.000,483134,370261,116219904,34578432,0,484099,2026-08-04T08:33:46.170268Z
M3,2001,saturated,M3,true,0.000,0.000,0.000,0.000,0.000,0.000,0.000,483134,370261,116219904,34578432,0,484099,2026-08-04T08:33:46.170268Z
M3,2002,saturated,M3,true,0.000,0.000,0.000,0.000,0.000,0.000,0.000,483134,370261,116219904,34578432,0,484099,2026-08-04T08:33:46.170268Z
M3,2003,saturated,M3,true,0.000,0.000,0.000,0.000,0.000,0.000,0.000,483134,370261,116219904,34578432,0,484099,2026-08-04T08:33:46.170268Z
M3,2004,saturated,M3,true,0.000,0.000,0.000,0.000,0.000,0.000,0.000,483134,370261,116219904,34578432,0,484099,2026-08-04T08:33:46.170268Z
M3,2005,saturated,M3,true,0.000,0.000,0.000,0.000,0.000,0.000,0.000,483134,370261,116219904,34578432,0,484099,2026-08-04T08:33:46.170268Z
M3,2006,saturated,M3,true,0.000,0.000,0.000,0.000,0.000,0.000,0.000,483134,370261,116219904,34578432,0,484099,2026-08-04T08:33:46.170268Z
M3,2007,saturated,M3,true,0.000,0.000,0.000,0.000,0.000,0.000,0.000,483134,370261,116219904,34578432,0,484099,2026-08-04T08:33:46.170268Z
M3,2008,saturated,M3,true,0.000,0.000,0.000,0.000,0.000,0.000,0.000,483134,370261,116219904,34578432,0,484099,2026-08-04T08:33:46.170268Z
M3,2009,saturated,M3,true,0.000,0.000,0.000,0.000,0.000,0.000,0.000,483134,370261,116219904,34578432,0,484099,2026-08-04T08:33:46.170268Z
M3,2010,saturated,M3,true,0.000,0.000,0.000,0.000,0.000,0.000,0.000,483134,370261,116219904,34578432,0,484099,2026-08-04T08:33:46.170268Z
M3,2011,saturated,M3,true,0.000,0.000,0.000,0.000,0.000,0.000,0.000,483134,370261,116219904,34578432,0,484099,2026-08-04T08:33:46.170268Z
M3,2012,saturated,M3,true,0.000,0.000,0.000,0.000,0.000,0.000,0.000,483134,370261,116219904,34578432,0,484099,2026-08-04T08:33:46.170268Z
M3,2013,saturated,M3,true,0.000,0.000,0.000,0.000,0.000,0.000,0.000,483134,370261,116219904,34578432,0,484099,2026-08-04T08:33:46.170268Z
M3,2014,saturated,M3,true,0.000,0.000,0.000,0.000,0.000,0.000,0.000,483134,370261,116219904,34578432,0,484099,2026-08-04T08:33:46.170268Z
M3,2015,saturated,M3,true,0.000,0.000,0.000,0.000,0.000,0.000,0.000,483134,370261,116219904,34578432,0,484099,2026-08-04T08:33:46.170268Z
M3,2016,saturated,M3,true,0.000,0.000,0.000,0.000,0.000,0.000,0.000,483134,370261,116219904,34578432,0,484099,2026-08-04T08:33:46.170268Z
M3,2017,saturated,M3,true,0.000,0.000,0.000,0.000,0.000,0.000,0.000,483134,370261,116219904,34578432,0,484099,2026-08-04T08:33:46.170268Z
M3,2018,saturated,M3,true,0.000,0.000,0.000,0.000,0.000,0.000,0.000,483134,370261,116219904,34578432,0,484099,2026-08-04T08:33:46.170268Z
M3,2019,saturated,M3,true,0.000,0.000,0.000,0.000,0.000,0.000,0.000,483134,370261,116219904,34578432,0,484099,2026-08-04T08:33:46.170268Z
M3,2020,saturated,M3,true,0.000,0.000,0.000,0.000,0.000,0.000,0.000,483134,370261,116219904,34578432,0,484099,2026-08-04T08:33:46.170268Z
M3,2021,saturated,M3,true,0.000,0.000,0.000,0.000,0.000,0.000,0.000,483134,370261,116219904,34578432,0,484099,2026-08-04T08:33:46.170268Z
M3,2022,saturated,M3,true,0.000,0.000,0.000,0.000,0.000,0.000,0.000,483134,370261,116219904,34578432,0,484099,2026-08-04T08:33:46.170268Z
M3,2023,saturated,M3,true,0.000,0.000,0.000,0.000,0.000,0.000,0.000,483134,370261,116219904,34578432,0,484099,2026-08-04T08:33:46.170268Z
M3,2024,saturated,M3,true,0.000,0.000,0.000,0.000,0.000,0.000,0.000,483134,370261,116219904,34578432,0,484099,2026-08-04T08:33:46.170268Z
M3,2025,saturated,M3,true,0.000,0.000,0.000,0.000,0.000,0.000,0.000,483134,370261,116219904,34578432,0,484099,2026-08-04T08:33:46.170268Z
M3,2026,saturated,M3,true,0.000,0.000,0.000,0.000,0.000,0.000,0.000,483134,370261,116219904,34578432,0,484099,2026-08-04T08:33:46.170268Z
M3,2027,saturated,M3,true,0.000,0.000,0.000,0.000,0.000,0.000,0.000,483134,370261,116219904,34578432,0,484099,2026-08-04T08:33:46.170268Z
M3,2028,saturated,M3,true,0.000,0.000,0.000,0.000,0.000,0.000,0.000,483134,370261,116219904,34578432,0,484099,2026-08-04T08:33:46.170268Z
M3,2029,saturated,M3,true,0.000,0.000,0.000,0.000,0.000,0.000,0.000,483134,370261,116219904,34578432,0,484099,2026-08-04T08:33:46.170268Z
M3,2030,saturated,M3,true,0.000,0.000,0.000,0.000,0.000,0.000,0.000,483134,370261,116219904,34578432,0,484099,2026-08-04T08:33:46.170268Z
M3,2031,saturated,M3,true,0.000,0.000,0.000,0.000,0.000,0.000,0.000,483134,370261,116219904,34578432,0,484099,2026-08-04T08:33:46.170268Z
M3,2032,saturated,M3,true,0.000,0.000,0.000,0.000,0.000,0.000,0.000,483134,370261,116219904,34578432,0,484099,2026-08-04T08:33:46.170268Z
M3,2033,saturated,M3,true,0.000,0.000,0.000,0.000,0.000,0.000,0.000,483134,370261,116219904,34578432,0,484099,2026-08-04T08:33:46.170268Z
M3,2034,saturated,M3,true,0.000,0.000,0.000,0.000,0.000,0.000,0.000,483134,370261,116219904,34578432,0,484099,2026-08-04T08:33:46.170268Z
M3,2035,saturated,M3,true,0.000,0.000,0.000,0.000,0.000,0.000,0.000,483134,370261,116219904,34578432,0,484099,2026-08-04T08:33:46.170268Z
M3,2036,saturated,M3,true,0.000,0.000,0.000,0.000,0.000,0.000,0.000,483134,370261,116219904,34578432,0,484099,2026-08-04T08:33:46.170268Z
M3,2037,saturated,M3,true,0.000,0.000,0.000,0.000,0.000,0.000,0.000,483134,370261,116219904,34578432,0,484099,2026-08-04T08:33:46.170268Z
M3,2038,saturated,M3,true,0.000,0.000,0.000,0.000,0.000,0.000,0.000,483134,370261,116219904,34578432,0,484099,2026-08-04T08:33:46.170268Z
M3,2039,saturated,M3,true,0.000,0.000,0.000,0.000,0.000,0.000,0.000,483134,370261,116219904,34578432,0,484099,2026-08-04T08:33:46.170268Z
M3,2040,saturated,M3,true,0.000,0.000,0.000,0.000,0.000,0.000,0.000,483134,370261,116219904,34578432,0,484099,2026-08-04T08:33:46.170268Z
M3,2041,saturated,M3,true,0.000,0.000,0.000,0.000,0.000,0.000,0.000,483134,370261,116219904,34578432,0,484099,2026-08-04T08:33:46.170268Z
M3,2042,saturated,M3,true,0.000,0.000,0.000,0.000,0.000,0.000,0.000,483134,370261,116219904,34578432,0,484099,2026-08-04T08:33:46.170268Z
M3,2043,saturated,M3,true,0.000,0.000,0.000,0.000,0.000,0.000,0.000,483134,370261,116219904,34578432,0,484099,2026-08-04T08:33:46.170268Z
M3,2044,saturated,M3,true,0.000,0.000,0.000,0.000,0.000,0.000,0.000,483134,370261,116219904,34578432,0,484099,2026-08-04T08:33:46.170268Z
M3,2045,saturated,M3,true,0.000,0.000,0.000,0.000,0.000,0.000,0.000,483134,370261,116219904,34578432,0,484099,2026-08-04T08:33:46.170268Z
M3,2046,saturated,M3,true,0.000,0.000,0.000,0.000,0.000,0.000,0.000,483134,370261,116219904,34578432,0,484099,2026-08-04T08:33:46.170268Z
M3,2047,saturated,M3,true,0.000,0.000,0.000,0.000,0.000,0.000,0.000,483134,370261,116219904,34578432,0,484099,2026-08-04T08:33:46.170268Z
M3,2048,saturated,M3,true,0.000,0.000,0.000,0.000,0.000,0.000,0.000,483134,370261,116219904,34578432,0,484099,2026-08-04T08:33:46.170268Z
M3,2049,saturated,M3,true,0.000,0.000,0.000,0.000,0.000,0.000,0.000,483134,370261,116219904,34578432,0,484099,2026-08-04T08:33:46.170268Z
M3,2050,saturated,M3,true,0.000,0.000,0.000,0.000,0.000,0.000,0.000,483134,370261,116219904,34578432,0,484099,2026-08-04T08:33:46.170268Z
M3,2051,saturated,M3,true,0.000,0.000,0.000,0.000,0.000,0.000,0.000,483134,370261,116219904,34578432,0,484099,2026-08-04T08:33:46.170268Z
M3,2052,saturated,M3,true,0.000,0.000,0.000,0.000,0.000,0.000,0.000,483134,370261,116219904,34578432,0,484099,2026-08-04T08:33:46.170268Z
M3,2053,saturated,M3,true,0.000,0.000,0.000,0.000,0.000,0.000,0.000,483134,370261,116219904,34578432,0,484099,2026-08-04T08:33:46.170268Z
M3,2054,saturated,M3,true,0.000,0.000,0.000,0.000,0.000,0.000,0.000,483134,370261,116219904,34578432,0,484099,2026-08-04T08:33:46.170268Z
M3,2055,saturated,M3,true,0.000,0.000,0.000,0.000,0.000,0.000,0.000,483134,370261,116219904,34578432,0,484099,2026-08-04T08:33:46.170268Z
M3,2056,saturated,M3,true,0.000,0.000,0.000,0.000,0.000,0.000,0.000,483134,370261,116219904,34578432,0,484099,2026-08-04T08:33:46.170268Z
M3,2057,saturated,M3,true,0.000,0.000,0.000,0.000,0.000,0.000,0.000,483134,370261,116219904,34578432,0,484099,2026-08-04T08:33:46.170268Z
M3,2058,saturated,M3,true,0.000,0.000,0.000,0.000,0.000,0.000,0.000,483134,370261,116219904,34578432,0,484099,2026-08-04T08:33:46.170268Z
M3,2059,saturated,M3,true,0.000,0.000,0.000,0.000,0.000,0.000,0.000,483134,370261,116219904,34578432,0,484099,2026-08-04T08:33:46.170268Z
M3,2060,saturated,M3,true,0.000,0.000,0.000,0.000,0.000,0.000,0.000,483134,370261,116219904,34578432,0,484099,2026-08-04T08:33:46.170268Z
M3,2061,saturated,M3,true,0.000,0.000,0.000,0.000,0.000,0.000,0.000,483134,370261,116219904,34578432,0,484099,2026-08-04T08:33:46.170268Z
M3,2062,saturated,M3,true,0.000,0.000,0.000,0.000,0.000,0.000,0.000,483134,370261,116219904,34578432,0,484099,2026-08-04T08:33:46.170268Z
M3,2063,saturated,M3,true,0.000,0.000,0.000,0.000,0.000,0.000,0.000,483134,370261,116219904,34578432,0,484099,2026-08-04T08:33:46.170268Z
M3,2064,saturated,M3,true,0.000,0.000,0.000,0.000,0.000,0.000,0.000,483134,370261,116219904,34578432,0,484099,2026-08-04T08:33:46.170268Z
M3,2065,saturated,M3,true,0.000,0.000,0.000,0.000,0.000,0.000,0.000,483134,370261,116219904,34578432,0,484099,2026-08-04T08:33:46.170268Z
M3,2066,saturated,M3,true,0.000,0.000,0.000,0.000,0.000,0.000,0.000,483134,370261,116219904,34578432,0,484099,2026-08-04T08:33:46.170268Z
M3,2067,saturated,M3,true,0.000,0.000,0.000,0.000,0.000,0.000,0.000,483134,370261,116219904,34578432,0,484099,2026-08-04T08:33:46.170268Z
M3,2068,saturated,M3,true,0.000,0.000,0.000,0.000,0.000,0.000,0.000,483134,370261,116219904,34578432,0,484099,2026-08-04T08:33:46.170268Z
M3,2069,saturated,M3,true,0.000,0.000,0.000,0.000,0.000,0.000,0.000,483134,370261,116219904,34578432,0,484099,2026-08-04T08:33:46.170268Z
M3,2070,saturated,M3,true,0.000,0.000,0.000,0.000,0.000,0.000,0.000,483134,370261,116219904,34578432,0,484099,2026-08-04T08:33:46.170268Z
M3,2071,saturated,M3,true,0.000,0.000,0.000,0.000,0.000,0.000,0.000,483134,370261,116219904,34578432,0,484099,2026-08-04T08:33:46.170268Z
M3,2072,saturated,M3,true,0.000,0.000,0.000,0.000,0.000,0.000,0.000,483134,370261,116219904,34578432,0,484099,2026-08-04T08:33:46.170268Z
M3,2073,saturated,M3,true,0.000,0.000,0.000,0.000,0.000,0.000,0.000,483134,370261,116219904,34578432,0,484099,2026-08-04T08:33:46.170268Z
M3,2074,saturated,M3,true,0.000,0.000,0.000,0.000,0.000,0.000,0.000,483134,370261,116219904,34578432,0,484099,2026-08-04T08:33:46.170268Z
M3,2075,saturated,M3,true,0.000,0.000,0.000,0.000,0.000,0.000,0.000,483134,370261,116219904,34578432,0,484099,2026-08-04T08:33:46.170268Z
M3,2076,saturated,M3,true,0.000,0.000,0.000,0.000,0.000,0.000,0.000,483134,370261,116219904,34578432,0,484099,2026-08-04T08:33:46.170268Z
M3,2077,saturated,M3,true,0.000,0.000,0.000,0.000,0.000,0.000,0.000,483134,370261,116219904,34578432,0,484099,2026-08-04T08:33:46.170268Z
M3,2078,saturated,M3,true,0.000,0.000,0.000,0.000,0.000,0.000,0.000,483134,370261,116219904,34578432,0,484099,2026-08-04T08:33:46.170268Z
M3,2079,saturated,M3,true,0.000,0.000,0.000,0.000,0.000,0.000,0.000,483134,370261,116219904,34578432,0,484099,2026-08-04T08:33:46.170268Z
M3,2080,saturated,M3,true,0.000,0.000,0.000,0.000,0.000,0.000,0.000,483134,370261,116219904,34578432,0,484099,2026-08-04T08:33:46.170268Z
M3,2081,saturated,M3,true,0.000,0.000,0.000,0.000,0.000,0.000,0.000,483134,370261,116219904,34578432,0,484099,2026-08-04T08:33:46.170268Z
M3,2082,saturated,M3,true,0.000,0.000,0.000,0.000,0.000,0.000,0.000,483134,370261,116219904,34578432,0,484099,2026-08-04T08:33:46.170268Z
M3,2083,saturated,M3,true,0.000,0.000,0.000,0.000,0.000,0.000,0.000,483134,370261,116219904,34578432,0,484099,2026-08-04T08:33:46.170268Z
M3,2084,saturated,M3,true,0.000,0.000,0.000,0.000,0.000,0.000,0.000,483134,370261,116219904,34578432,0,484099,2026-08-04T08:33:46.170268Z
M3,2085,saturated,M3,true,0.000,0.000,0.000,0.000,0.000,0.000,0.000,483134,370261,116219904,34578432,0,484099,2026-08-04T08:33:46.170268Z
M3,2086,saturated,M3,true,0.000,0.000,0.000,0.000,0.000,0.000,0.000,483134,370261,116219904,34578432,0,484099,2026-08-04T08:33:46.170268Z
M3,2087,saturated,M3,true,0.000,0.000,0.000,0.000,0.000,0.000,0.000,483134,370261,116219904,34578432,0,484099,2026-08-04T08:33:46.170268Z
M3,2088,saturated,M3,true,0.000,0.000,0.000,0.000,0.000,0.000,0.000,483134,370261,116219904,34578432,0,484099,2026-08-04T08:33:46.170268Z
M3,2089,saturated,M3,true,0.000,0.000,0.000,0.000,0.000,0.000,0.000,483134,370261,116219904,34578432,0,484099,2026-08-04T08:33:46.170268Z
M3,2090,saturated,M3,true,0.000,0.000,0.000,0.000,0.000,0.000,0.000,483134,370261,116219904,34578432,0,484099,2026-08-04T08:33:46.170268Z
M3,2091,saturated,M3,true,0.000,0.000,0.000,0.000,0.000,0.000,0.000,483134,370261,116219904,34578432,0,484099,2026-08-04T08:33:46.170268Z
M3,2092,saturated,M3,true,0.000,0.000,0.000,0.000,0.000,0.000,0.000,483134,370261,116219904,34578432,0,484099,2026-08-04T08:33:46.170268Z
M3,2093,saturated,M3,true,0.000,0.000,0.000,0.000,0.000,0.000,0.000,483134,370261,116219904,34578432,0,484099,2026-08-04T08:33:46.170268Z
M3,2094,saturated,M3,true,0.000,0.000,0.000,0.000,0.000,0.000,0.000,483134,370261,116219904,34578432,0,484099,2026-08-04T08:33:46.170268Z
M3,2095,saturated,M3,true,0.000,0.000,0.000,0.000,0.000,0.000,0.000,483134,370261,116219904,34578432,0,484099,2026-08-04T08:33:46.170268Z
M3,2096,saturated,M3,true,0.000,0.000,0.000,0.000,0.000,0.000,0.000,483134,370261,116219904,34578432,0,484099,2026-08-04T08:33:46.170268Z
M3,2097,saturated,M3,true,0.000,0.000,0.000,0.000,0.000,0.000,0.000,483134,370261,116219904,34578432,0,484099,2026-08-04T08:33:46.170268Z
M3,2098,saturated,M3,true,0.000,0.000,0.000,0.000,0.000,0.000,0.000,483134,370261,116219904,34578432,0,484099,2026-08-04T08:33:46.170268Z
M3,2099,saturated,M3,true,0.000,0.000,0.000,0.000,0.000,0.000,0.000,483134,370261,116219904,34578432,0,484099,2026-08-04T08:33:46.170268Z
M3,2100,saturated,M3,true,0.000,0.000,0.000,0.000,0.000,0.000,0.000,483134,370261,116219904,34578432,0,484099,2026-08-04T08:33:46.170268Z
M3,2101,saturated,M3,true,0.000,0.000,0.000,0.000,0.000,0.000,0.000,483134,370261,116219904,34578432,0,484099,2026-08-04T08:33:46.170268Z
M3,2102,saturated,M3,true,0.000,0.000,0.000,0.000,0.000,0.000,0.000,483134,370261,116219904,34578432,0,484099,2026-08-04T08:33:46.170268Z
M3,2103,saturated,M3,true,0.000,0.000,0.000,0.000,0.000,0.000,0.000,483134,370261,116219904,34578432,0,484099,2026-08-04T08:33:46.170268Z
M3,2104,saturated,M3,true,0.000,0.000,0.000,0.000,0.000,0.000,0.000,483134,370261,116219904,34578432,0,484099,2026-08-04T08:33:46.170268Z
M3,2105,saturated,M3,true,0.000,0.000,0.000,0.000,0.000,0.000,0.000,483134,370261,116219904,34578432,0,484099,2026-08-04T08:33:46.170268Z
M3,2106,saturated,M3,true,0.000,0.000,0.000,0.000,0.000,0.000,0.000,483134,370261,116219904,34578432,0,484099,2026-08-04T08:33:46.170268Z
M3,2107,saturated,M3,true,0.000,0.000,0.000,0.000,0.000,0.000,0.000,483134,370261,116219904,34578432,0,484099,2026-08-04T08:33:46.170268Z
M3,2108,saturated,M3,true,0.000,0.000,0.000,0.000,0.000,0.000,0.000,483134,370261,116219904,34578432,0,484099,2026-08-04T08:33:46.170268Z
M3,2109,saturated,M3,true,0.000,0.000,0.000,0.000,0.000,0.000,0.000,483134,370261,116219904,34578432,0,484099,2026-08-04T08:33:46.170268Z
M3,2110,saturated,M3,true,0.000,0.000,0.000,0.000,0.000,0.000,0.000,483134,370261,116219904,34578432,0,484099,2026-08-04T08:33:46.170268Z
M3,2111,saturated,M3,true,0.000,0.000,0.000,0.000,0.000,0.000,0.000,483134,370261,116219904,34578432,0,484099,2026-08-04T08:33:46.170268Z
M3,2112,saturated,M3,true,0.000,0.000,0.000,0.000,0.000,0.000,0.000,483134,370261,116219904,34578432,0,484099,2026-08-04T08:33:46.170268Z
M3,2113,saturated,M3,true,0.000,0.000,0.000,0.000,0.000,0.000,0.000,483134,370261,116219904,34578432,0,484099,2026-08-04T08:33:46.170268Z
M3,2114,saturated,M3,true,0.000,0.000,0.000,0.000,0.000,0.000,0.000,483134,370261,116219904,34578432,0,484099,2026-08-04T08:33:46.170268Z
M3,2115,saturated,M3,true,0.000,0.000,0.000,0.000,0.000,0.000,0.000,483134,370261,116219904,34578432,0,484099,2026-08-04T08:33:46.170268Z
M3,2116,saturated,M3,true,0.000,0.000,0.000,0.000,0.000,0.000,0.000,483134,370261,116219904,34578432,0,484099,2026-08-04T08:33:46.170268Z
M3,2117,saturated,M3,true,0.000,0.000,0.000,0.000,0.000,0.000,0.000,483134,370261,116219904,34578432,0,484099,2026-08-04T08:33:46.170268Z
M3,2118,saturated,M3,true,0.000,0.000,0.000,0.000,0.000,0.000,0.000,483134,370261,116219904,34578432,0,484099,2026-08-04T08:33:46.170268Z
M3,2119,saturated,M3,true,0.000,0.000,0.000,0.000,0.000,0.000,0.000,483134,370261,116219904,34578432,0,484099,2026-08-04T08:33:46.170268Z
M3,2120,saturated,M3,true,0.000,0.000,0.000,0.000,0.000,0.000,0.000,483134,370261,116219904,34578432,0,484099,2026-08-04T08:33:46.170268Z
M3,2121,saturated,M3,true,0.000,0.000,0.000,0.000,0.000,0.000,0.000,483134,370261,116219904,34578432,0,484099,2026-08-04T08:33:46.170268Z
M3,2122,saturated,M3,true,0.000,0.000,0.000,0.000,0.000,0.000,0.000,483134,370261,116219904,34578432,0,484099,2026-08-04T08:33:46.170268Z
M3,2123,saturated,M3,true,0.000,0.000,0.000,0.000,0.000,0.000,0.000,483134,370261,116219904,34578432,0,484099,2026-08-04T08:33:46.170268Z
M3,2124,saturated,M3,true,0.000,0.000,0.000,0.000,0.000,0.000,0.000,483134,370261,116219904,34578432,0,484099,2026-08-04T08:33:46.170268Z
M3,2125,saturated,M3,true,0.000,0.000,0.000,0.000,0.000,0.000,0.000,483134,370261,116219904,34578432,0,484099,2026-08-04T08:33:46.170268Z
M3,2126,saturated,M3,true,0.000,0.000,0.000,0.000,0.000,0.000,0.000,483134,370261,116219904,34578432,0,484099,2026-08-04T08:33:46.170268Z
M3,2127,saturated,M3,true,0.000,0.000,0.000,0.000,0.000,0.000,0.000,483134,370261,116219904,34578432,0,484099,2026-08-04T08:33:46.170268Z
M3,2128,saturated,M3,true,0.000,0.000,0.000,0.000,0.000,0.000,0.000,483134,370261,116219904,34578432,0,484099,2026-08-04T08:33:46.170268Z
M3,2129,saturated,M3,true,0.000,0.000,0.000,0.000,0.000,0.000,0.000,483134,370261,116219904,34578432,0,484099,2026-08-04T08:33:46.170268Z
M3,2130,saturated,M3,true,0.000,0.000,0.000,0.000,0.000,0.000,0.000,483134,370261,116219904,34578432,0,484099,2026-08-04T08:33:46.170268Z
M3,2131,saturated,M3,true,0.000,0.000,0.000,0.000,0.000,0.000,0.000,483134,370261,116219904,34578432,0,484099,2026-08-04T08:33:46.170268Z
M3,2132,saturated,M3,true,0.000,0.000,0.000,0.000,0.000,0.000,0.000,483134,370261,116219904,34578432,0,484099,2026-08-04T08:33:46.170268Z
M3,2133,saturated,M3,true,0.000,0.000,0.000,0.000,0.000,0.000,0.000,483134,370261,116219904,34578432,0,484099,2026-08-04T08:33:46.170268Z
M3,2134,saturated,M3,true,0.000,0.000,0.000,0.000,0.000,0.000,0.000,483134,370261,116219904,34578432,0,484099,2026-08-04T08:33:46.170268Z
M3,2135,saturated,M3,true,0.000,0.000,0.000,0.000,0.000,0.000,0.000,483134,370261,116219904,34578432,0,484099,2026-08-04T08:33:46.170268Z
M3,2136,saturated,M3,true,0.000,0.000,0.000,0.000,0.000,0.000,0.000,483134,370261,116219904,34578432,0,484099,2026-08-04T08:33:46.170268Z
M3,2137,saturated,M3,true,0.000,0.000,0.000,0.000,0.000,0.000,0.000,483134,370261,116219904,34578432,0,484099,2026-08-04T08:33:46.170268Z
M3,2138,saturated,M3,true,0.000,0.000,0.000,0.000,0.000,0.000,0.000,483134,370261,116219904,34578432,0,484099,2026-08-04T08:33:46.170268Z
M3,2139,saturated,M3,true,0.000,0.000,0.000,0.000,0.000,0.000,0.000,483134,370261,116219904,34578432,0,484099,2026-08-04T08:33:46.170268Z
M3,2140,saturated,M3,true,0.000,0.000,0.000,0.000,0.000,0.000,0.000,483134,370261,116219904,34578432,0,484099,2026-08-04T08:33:46.170268Z
M3,2141,saturated,M3,true,0.000,0.000,0.000,0.000,0.000,0.000,0.000,483134,370261,116219904,34578432,0,484099,2026-08-04T08:33:46.170268Z
M3,2142,saturated,M3,true,0.000,0.000,0.000,0.000,0.000,0.000,0.000,483134,370261,116219904,34578432,0,484099,2026-08-04T08:33:46.170268Z
M3,2143,saturated,M3,true,0.000,0.000,0.000,0.000,0.000,0.000,0.000,483134,370261,116219904,34578432,0,484099,2026-08-04T08:33:46.170268Z
M3,2144,saturated,M3,true,0.000,0.000,0.000,0.000,0.000,0.000,0.000,483134,370261,116219904,34578432,0,484099,2026-08-04T08:33:46.170268Z
M3,2145,saturated,M3,true,0.000,0.000,0.000,0.000,0.000,0.000,0.000,483134,370261,116219904,34578432,0,484099,2026-08-04T08:33:46.170268Z
M3,2146,saturated,M3,true,0.000,0.000,0.000,0.000,0.000,0.000,0.000,483134,370261,116219904,34578432,0,484099,2026-08-04T08:33:46.170268Z
M3,2147,saturated,M3,true,0.000,0.000,0.000,0.000,0.000,0.000,0.000,483134,370261,116219904,34578432,0,484099,2026-08-04T08:33:46.170268Z
M3,2148,saturated,M3,true,0.000,0.000,0.000,0.000,0.000,0.000,0.000,483134,370261,116219904,34578432,0,484099,2026-08-04T08:33:46.170268Z
M3,2149,saturated,M3,true,0.000,0.000,0.000,0.000,0.000,0.000,0.000,483134,370261,116219904,34578432,0,484099,2026-08-04T08:33:46.170268Z
M3,2150,saturated,M3,true,0.000,0.000,0.000,0.000,0.000,0.000,0.000,483134,370261,116219904,34578432,0,484099,2026-08-04T08:33:46.170268Z
M3,2151,saturated,M3,true,0.000,0.000,0.000,0.000,0.000,0.000,0.000,483134,370261,116219904,34578432,0,484099,2026-08-04T08:33:46.170268Z
M3,2152,saturated,M3,true,0.000,0.000,0.000,0.000,0.000,0.000,0.000,483134,370261,116219904,34578432,0,484099,2026-08-04T08:33:46.170268Z
M3,2153,saturated,M3,true,0.000,0.000,0.000,0.000,0.000,0.000,0.000,483134,370261,116219904,34578432,0,484099,2026-08-04T08:33:46.170268Z
M3,2154,saturated,M3,true,0.000,0.000,0.000,0.000,0.000,0.000,0.000,483134,370261,116219904,34578432,0,484099,2026-08-04T08:33:46.170268Z
M3,2155,saturated,M3,true,0.000,0.000,0.000,0.000,0.000,0.000,0.000,483134,370261,116219904,34578432,0,484099,2026-08-04T08:33:46.170268Z
M3,2156,saturated,M3,true,0.000,0.000,0.000,0.000,0.000,0.000,0.000,483134,370261,116219904,34578432,0,484099,2026-08-04T08:33:46.170268Z
M3,2157,saturated,M3,true,0.000,0.000,0.000,0.000,0.000,0.000,0.000,483134,370261,116219904,34578432,0,484099,2026-08-04T08:33:46.170268Z
M3,2158,saturated,M3,true,0.000,0.000,0.000,0.000,0.000,0.000,0.000,483134,370261,116219904,34578432,0,484099,2026-08-04T08:33:46.170268Z
M3,2159,saturated,M3,true,0.000,0.000,0.000,0.000,0.000,0.000,0.000,483134,370261,116219904,34578432,0,484099,2026-08-04T08:33:46.170268Z
M3,2160,saturated,M3,true,0.000,0.000,0.000,0.000,0.000,0.000,0.000,483134,370261,116219904,34578432,0,484099,2026-08-04T08:33:46.170268Z
M3,2161,saturated,M3,true,0.000,0.000,0.000,0.000,0.000,0.000,0.000,483134,370261,116219904,34578432,0,484099,2026-08-04T08:33:46.170268Z
M3,2162,saturated,M3,true,0.000,0.000,0.000,0.000,0.000,0.000,0.000,483134,370261,116219904,34578432,0,484099,2026-08-04T08:33:46.170268Z
M3,2163,saturated,M3,true,0.000,0.000,0.000,0.000,0.000,0.000,0.000,483134,370261,116219904,34578432,0,484099,2026-08-04T08:33:46.170268Z
M3,2164,saturated,M3,true,0.000,0.000,0.000,0.000,0.000,0.000,0.000,483134,370261,116219904,34578432,0,484099,2026-08-04T08:33:46.170268Z
M3,2165,saturated,M3,true,0.000,0.000,0.000,0.000,0.000,0.000,0.000,483134,370261,116219904,34578432,0,484099,2026-08-04T08:33:46.170268Z
M3,2166,saturated,M3,true,0.000,0.000,0.000,0.000,0.000,0.000,0.000,483134,370261,116219904,34578432,0,484099,2026-08-04T08:33:46.170268Z
M3,2167,saturated,M3,true,0.000,0.000,0.000,0.000,0.000,0.000,0.000,483134,370261,116219904,34578432,0,484099,2026-08-04T08:33:46.170268Z
M3,2168,saturated,M3,true,0.000,0.000,0.000,0.000,0.000,0.000,0.000,483134,370261,116219904,34578432,0,484099,2026-08-04T08:33:46.170268Z
M3,2169,saturated,M3,true,0.000,0.000,0.000,0.000,0.000,0.000,0.000,483134,370261,116219904,34578432,0,484099,2026-08-04T08:33:46.170268Z
M3,2170,saturated,M3,true,0.000,0.000,0.000,0.000,0.000,0.000,0.000,483134,370261,116219904,34578432,0,484099,2026-08-04T08:33:46.170268Z
M3,2171,saturated,M3,true,0.000,0.000,0.000,0.000,0.000,0.000,0.000,483134,370261,116219904,34578432,0,484099,2026-08-04T08:33:46.170268Z
M3,2172,saturated,M3,true,0.000,0.000,0.000,0.000,0.000,0.000,0.000,483134,370261,116219904,34578432,0,484099,2026-08-04T08:33:46.170268Z
M3,2173,saturated,M3,true,0.000,0.000,0.000,0.000,0.000,0.000,0.000,483134,370261,116219904,34578432,0,484099,2026-08-04T08:33:46.170268Z
M3,2174,saturated,M3,true,0.000,0.000,0.000,0.000,0.000,0.000,0.000,483134,370261,116219904,34578432,0,484099,2026-08-04T08:33:46.170268Z
M3,2175,saturated,M3,true,0.000,0.000,0.000,0.000,0.000,0.000,0.000,483134,370261,116219904,34578432,0,484099,2026-08-04T08:33:46.170268Z
M3,2176,saturated,M3,true,0.000,0.000,0.000,0.000,0.000,0.000,0.000,483134,370261,116219904,34578432,0,484099,2026-08-04T08:33:46.170268Z
M3,2177,saturated,M3,true,0.000,0.000,0.000,0.000,0.000,0.000,0.000,483134,370261,116219904,34578432,0,484099,2026-08-04T08:33:46.170268Z
M3,2178,saturated,M3,true,0.000,0.000,0.000,0.000,0.000,0.000,0.000,483134,370261,116219904,34578432,0,484099,2026-08-04T08:33:46.170268Z
M3,2179,saturated,M3,true,0.000,0.000,0.000,0.000,0.000,0.000,0.000,483134,370261,116219904,34578432,0,484099,2026-08-04T08:33:46.170268Z
M3,2180,saturated,M3,true,0.000,0.000,0.000,0.000,0.000,0.000,0.000,483134,370261,116219904,34578432,0,484099,2026-08-04T08:33:46.170268Z
M3,2181,saturated,M3,true,0.000,0.000,0.000,0.000,0.000,0.000,0.000,483134,370261,116219904,34578432,0,484099,2026-08-04T08:33:46.170268Z
M3,2182,saturated,M3,true,0.000,0.000,0.000,0.000,0.000,0.000,0.000,483134,370261,116219904,34578432,0,484099,2026-08-04T08:33:46.170268Z
M3,2183,saturated,M3,true,0.000,0.000,0.000,0.000,0.000,0.000,0.000,483134,370261,116219904,34578432,0,484099,2026-08-04T08:33:46.170268Z
M3,2184,saturated,M3,true,0.000,0.000,0.000,0.000,0.000,0.000,0.000,483134,370261,116219904,34578432,0,484099,2026-08-04T08:33:46.170268Z
M3,2185,saturated,M3,true,0.000,0.000,0.000,0.000,0.000,0.000,0.000,483134,370261,116219904,34578432,0,484099,2026-08-04T08:33:46.170268Z
M3,2186,saturated,M3,true,0.000,0.000,0.000,0.000,0.000,0.000,0.000,483134,370261,116219904,34578432,0,484099,2026-08-04T08:33:46.170268Z
M3,2187,saturated,M3,true,0.000,0.000,0.000,0.000,0.000,0.000,0.000,483134,370261,116219904,34578432,0,484099,2026-08-04T08:33:46.170268Z
M3,2188,saturated,M3,true,0.000,0.000,0.000,0.000,0.000,0.000,0.000,483134,370261,116219904,34578432,0,484099,2026-08-04T08:33:46.170268Z
M3,2189,saturated,M3,true,0.000,0.000,0.000,0.000,0.000,0.000,0.000,483134,370261,116219904,34578432,0,484099,2026-08-04T08:33:46.170268Z
M3,2190,saturated,M3,true,0.000,0.000,0.000,0.000,0.000,0.000,0.000,483134,370261,116219904,34578432,0,484099,2026-08-04T08:33:46.170268Z
M3,2191,saturated,M3,true,0.000,0.000,0.000,0.000,0.000,0.000,0.000,483134,370261,116219904,34578432,0,484099,2026-08-04T08:33:46.170268Z
M3,2192,saturated,M3,true,0.000,0.000,0.000,0.000,0.000,0.000,0.000,483134,370261,116219904,34578432,0,484099,2026-08-04T08:33:46.170268Z
M3,2193,saturated,M3,true,0.000,0.000,0.000,0.000,0.000,0.000,0.000,483134,370261,116219904,34578432,0,484099,2026-08-04T08:33:46.170268Z
M3,2194,saturated,M3,true,0.000,0.000,0.000,0.000,0.000,0.000,0.000,483134,370261,116219904,34578432,0,484099,2026-08-04T08:33:46.170268Z
M3,2195,saturated,M3,true,0.000,0.000,0.000,0.000,0.000,0.000,0.000,483134,370261,116219904,34578432,0,484099,2026-08-04T08:33:46.170268Z
M3,2196,saturated,M3,true,0.000,0.000,0.000,0.000,0.000,0.000,0.000,483134,370261,116219904,34578432,0,484099,2026-08-04T08:33:46.170268Z
M3,2197,saturated,M3,true,0.000,0.000,0.000,0.000,0.000,0.000,0.000,483134,370261,116219904,34578432,0,484099,2026-08-04T08:33:46.170268Z
M3,2198,saturated,M3,true,0.000,0.000,0.000,0.000,0.000,0.000,0.000,483134,370261,116219904,34578432,0,484099,2026-08-04T08:33:46.170268Z
M3,2199,saturated,M3,true,0.000,0.000,0.000,0.000,0.000,0.000,0.000,483134,370261,116219904,34578432,0,484099,2026-08-04T08:33:46.170268Z
M3,2200,saturated,M3,true,0.000,0.000,0.000,0.000,0.000,0.000,0.000,483134,370261,116219904,34578432,0,484099,2026-08-04T08:33:46.170268Z
M3,2201,saturated,M3,true,0.000,0.000,0.000,0.000,0.000,0.000,0.000,483134,370261,116219904,34578432,0,484099,2026-08-04T08:33:46.170268Z
M3,2202,saturated,M3,true,0.000,0.000,0.000,0.000,0.000,0.000,0.000,483134,370261,116219904,34578432,0,484099,2026-08-04T08:33:46.170268Z
M3,2203,saturated,M3,true,0.000,0.000,0.000,0.000,0.000,0.000,0.000,483134,370261,116219904,34578432,0,484099,2026-08-04T08:33:46.170268Z
M3,2204,saturated,M3,true,0.000,0.000,0.000,0.000,0.000,0.000,0.000,483134,370261,116219904,34578432,0,484099,2026-08-04T08:33:46.170268Z
M3,2205,saturated,M3,true,0.000,0.000,0.000,0.000,0.000,0.000,0.000,483134,370261,116219904,34578432,0,484099,2026-08-04T08:33:46.170268Z
M3,2206,saturated,M3,true,0.000,0.000,0.000,0.000,0.000,0.000,0.000,483134,370261,116219904,34578432,0,484099,2026-08-04T08:33:46.170268Z
M3,2207,saturated,M3,true,0.000,0.000,0.000,0.000,0.000,0.000,0.000,483134,370261,116219904,34578432,0,484099,2026-08-04T08:33:46.170268Z
M3,2208,saturated,M3,true,0.000,0.000,0.000,0.000,0.000,0.000,0.000,483134,370261,116219904,34578432,0,484099,2026-08-04T08:33:46.170268Z
M3,2209,saturated,M3,true,0.000,0.000,0.000,0.000,0.000,0.000,0.000,483134,370261,116219904,34578432,0,484099,2026-08-04T08:33:46.170268Z
M3,2210,saturated,M3,true,0.000,0.000,0.000,0.000,0.000,0.000,0.000,483134,370261,116219904,34578432,0,484099,2026-08-04T08:33:46.170268Z
M3,2211,saturated,M3,true,0.000,0.000,0.000,0.000,0.000,0.000,0.000,483134,370261,116219904,34578432,0,484099,2026-08-04T08:33:46.170268Z
M3,2212,saturated,M3,true,0.000,0.000,0.000,0.000,0.000,0.000,0.000,483134,370261,116219904,34578432,0,484099,2026-08-04T08:33:46.170268Z
M3,2213,saturated,M3,true,0.000,0.000,0.000,0.000,0.000,0.000,0.000,483134,370261,116219904,34578432,0,484099,2026-08-04T08:33:46.170268Z
M3,2214,saturated,M3,true,0.000,0.000,0.000,0.000,0.000,0.000,0.000,483134,370261,116219904,34578432,0,484099,2026-08-04T08:33:46.170268Z
M3,2215,saturated,M3,true,0.000,0.000,0.000,0.000,0.000,0.000,0.000,483134,370261,116219904,34578432,0,484099,2026-08-04T08:33:46.170268Z
M3,2216,saturated,M3,true,0.000,0.000,0.000,0.000,0.000,0.000,0.000,483134,370261,116219904,34578432,0,484099,2026-08-04T08:33:46.170268Z
M3,2217,saturated,M3,true,0.000,0.000,0.000,0.000,0.000,0.000,0.000,483134,370261,116219904,34578432,0,484099,2026-08-04T08:33:46.170268Z
M3,2218,saturated,M3,true,0.000,0.000,0.000,0.000,0.000,0.000,0.000,483134,370261,116219904,34578432,0,484099,2026-08-04T08:33:46.170268Z
M3,2219,saturated,M3,true,0.000,0.000,0.000,0.000,0.000,0.000,0.000,483134,370261,116219904,34578432,0,484099,2026-08-04T08:33:46.170268Z
M3,2220,saturated,M3,true,0.000,0.000,0.000,0.000,0.000,0.000,0.000,483134,370261,116219904,34578432,0,484099,2026-08-04T08:33:46.170268Z
M3,2221,saturated,M3,true,0.000,0.000,0.000,0.000,0.000,0.000,0.000,483134,370261,116219904,34578432,0,484099,2026-08-04T08:33:46.170268Z
M3,2222,saturated,M3,true,0.000,0.000,0.000,0.000,0.000,0.000,0.000,483134,370261,116219904,34578432,0,484099,2026-08-04T08:33:46.170268Z
M3,2223,saturated,M3,true,0.000,0.000,0.000,0.000,0.000,0.000,0.000,483134,370261,116219904,34578432,0,484099,2026-08-04T08:33:46.170268Z
M3,2224,saturated,M3,true,0.000,0.000,0.000,0.000,0.000,0.000,0.000,483134,370261,116219904,34578432,0,484099,2026-08-04T08:33:46.170268Z
M3,2225,saturated,M3,true,0.000,0.000,0.000,0.000,0.000,0.000,0.000,483134,370261,116219904,34578432,0,484099,2026-08-04T08:33:46.170268Z
M3,2226,saturated,M3,true,0.000,0.000,0.000,0.000,0.000,0.000,0.000,483134,370261,116219904,34578432,0,484099,2026-08-04T08:33:46.170268Z
M3,2227,saturated,M3,true,0.000,0.000,0.000,0.000,0.000,0.000,0.000,483134,370261,116219904,34578432,0,484099,2026-08-04T08:33:46.170268Z
M3,2228,saturated,M3,true,0.000,0.000,0.000,0.000,0.000,0.000,0.000,483134,370261,116219904,34578432,0,484099,2026-08-04T08:33:46.170268Z
M3,2229,saturated,M3,true,0.000,0.000,0.000,0.000,0.000,0.000,0.000,483134,370261,116219904,34578432,0,484099,2026-08-04T08:33:46.170268Z
M3,2230,saturated,M3,true,0.000,0.000,0.000,0.000,0.000,0.000,0.000,483134,370261,116219904,34578432,0,484099,2026-08-04T08:33:46.170268Z
M3,2231,saturated,M3,true,0.000,0.000,0.000,0.000,0.000,0.000,0.000,483134,370261,116219904,34578432,0,484099,2026-08-04T08:33:46.170268Z
M3,2232,saturated,M3,true,0.000,0.000,0.000,0.000,0.000,0.000,0.000,483134,370261,116219904,34578432,0,484099,2026-08-04T08:33:46.170268Z
M3,2233,saturated,M3,true,0.000,0.000,0.000,0.000,0.000,0.000,0.000,483134,370261,116219904,34578432,0,484099,2026-08-04T08:33:46.170268Z
M3,2234,saturated,M3,true,0.000,0.000,0.000,0.000,0.000,0.000,0.000,483134,370261,116219904,34578432,0,484099,2026-08-04T08:33:46.170268Z
M3,2235,saturated,M3,true,0.000,0.000,0.000,0.000,0.000,0.000,0.000,483134,370261,116219904,34578432,0,484099,2026-08-04T08:33:46.170268Z
M3,2236,saturated,M3,true,0.000,0.000,0.000,0.000,0.000,0.000,0.000,483134,370261,116219904,34578432,0,484099,2026-08-04T08:33:46.170268Z
M3,2237,saturated,M3,true,0.000,0.000,0.000,0.000,0.000,0.000,0.000,483134,370261,116219904,34578432,0,484099,2026-08-04T08:33:46.170268Z
M3,2238,saturated,M3,true,0.000,0.000,0.000,0.000,0.000,0.000,0.000,483134,370261,116219904,34578432,0,484099,2026-08-04T08:33:46.170268Z
M3,2239,saturated,M3,true,0.000,0.000,0.000,0.000,0.000,0.000,0.000,483134,370261,116219904,34578432,0,484099,2026-08-04T08:33:46.170268Z
M3,2240,saturated,M3,true,0.000,0.000,0.000,0.000,0.000,0.000,0.000,483134,370261,116219904,34578432,0,484099,2026-08-04T08:33:46.170268Z
M3,2241,saturated,M3,true,0.000,0.000,0.000,0.000,0.000,0.000,0.000,483134,370261,116219904,34578432,0,484099,2026-08-04T08:33:46.170268Z
M3,2242,saturated,M3,true,0.000,0.000,0.000,0.000,0.000,0.000,0.000,483134,370261,116219904,34578432,0,484099,2026-08-04T08:33:46.170268Z
M3,2243,saturated,M3,true,0.000,0.000,0.000,0.000,0.000,0.000,0.000,483134,370261,116219904,34578432,0,484099,2026-08-04T08:33:46.170268Z
M3,2244,saturated,M3,true,0.000,0.000,0.000,0.000,0.000,0.000,0.000,483134,370261,116219904,34578432,0,484099,2026-08-04T08:33:46.170268Z
M3,2245,saturated,M3,true,0.000,0.000,0.000,0.000,0.000,0.000,0.000,483134,370261,116219904,34578432,0,484099,2026-08-04T08:33:46.170268Z
M3,2246,saturated,M3,true,0.000,0.000,0.000,0.000,0.000,0.000,0.000,483134,370261,116219904,34578432,0,484099,2026-08-04T08:33:46.170268Z
M3,2247,saturated,M3,true,0.000,0.000,0.000,0.000,0.000,0.000,0.000,483134,370261,116219904,34578432,0,484099,2026-08-04T08:33:46.170268Z
M3,2248,saturated,M3,true,0.000,0.000,0.000,0.000,0.000,0.000,0.000,483134,370261,116219904,34578432,0,484099,2026-08-04T08:33:46.170268Z
M3,2249,saturated,M3,true,0.000,0.000,0.000,0.000,0.000,0.000,0.000,483134,370261,116219904,34578432,0,484099,2026-08-04T08:33:46.170268Z
M3,2250,saturated,M3,true,0.000,0.000,0.000,0.000,0.000,0.000,0.000,483134,370261,116219904,34578432,0,484099,2026-08-04T08:33:46.170268Z
M3,2251,saturated,M3,true,0.000,0.000,0.000,0.000,0.000,0.000,0.000,483134,370261,116219904,34578432,0,484099,2026-08-04T08:33:46.170268Z
M3,2252,saturated,M3,true,0.000,0.000,0.000,0.000,0.000,0.000,0.000,483134,370261,116219904,34578432,0,484099,2026-08-04T08:33:46.170268Z
M3,2253,saturated,M3,true,0.000,0.000,0.000,0.000,0.000,0.000,0.000,483134,370261,116219904,34578432,0,484099,2026-08-04T08:33:46.170268Z
M3,2254,saturated,M3,true,0.000,0.000,0.000,0.000,0.000,0.000,0.000,483134,370261,116219904,34578432,0,484099,2026-08-04T08:33:46.170268Z
M3,2255,saturated,M3,true,0.000,0.000,0.000,0.000,0.000,0.000,0.000,483134,370261,116219904,34578432,0,484099,2026-08-04T08:33:46.170268Z
M3,2256,saturated,M3,true,0.000,0.000,0.000,0.000,0.000,0.000,0.000,483134,370261,116219904,34578432,0,484099,2026-08-04T08:33:46.170268Z
M3,2257,saturated,M3,true,0.000,0.000,0.000,0.000,0.000,0.000,0.000,483134,370261,116219904,34578432,0,484099,2026-08-04T08:33:46.170268Z
M3,2258,saturated,M3,true,0.000,0.000,0.000,0.000,0.000,0.000,0.000,483134,370261,116219904,34578432,0,484099,2026-08-04T08:33:46.170268Z
M3,2259,saturated,M3,true,0.000,0.000,0.000,0.000,0.000,0.000,0.000,483134,370261,116219904,34578432,0,484099,2026-08-04T08:33:46.170268Z
M3,2260,saturated,M3,true,0.000,0.000,0.000,0.000,0.000,0.000,0.000,483134,370261,116219904,34578432,0,484099,2026-08-04T08:33:46.170268Z
M3,2261,saturated,M3,true,0.000,0.000,0.000,0.000,0.000,0.000,0.000,483134,370261,116219904,34578432,0,484099,2026-08-04T08:33:46.170268Z
M3,2262,saturated,M3,true,0.000,0.000,0.000,0.000,0.000,0.000,0.000,483134,370261,116219904,34578432,0,484099,2026-08-04T08:33:46.170268Z
M3,2263,saturated,M3,true,0.000,0.000,0.000,0.000,0.000,0.000,0.000,483134,370261,116219904,34578432,0,484099,2026-08-04T08:33:46.170268Z
M3,2264,saturated,M3,true,0.000,0.000,0.000,0.000,0.000,0.000,0.000,483134,370261,116219904,34578432,0,484099,2026-08-04T08:33:46.170268Z
M3,2265,saturated,M3,true,0.000,0.000,0.000,0.000,0.000,0.000,0.000,483134,370261,116219904,34578432,0,484099,2026-08-04T08:33:46.170268Z
M3,2266,saturated,M3,true,0.000,0.000,0.000,0.000,0.000,0.000,0.000,483134,370261,116219904,34578432,0,484099,2026-08-04T08:33:46.170268Z
M3,2267,saturated,M3,true,0.000,0.000,0.000,0.000,0.000,0.000,0.000,483134,370261,116219904,34578432,0,484099,2026-08-04T08:33:46.170268Z
M3,2268,saturated,M3,true,0.000,0.000,0.000,0.000,0.000,0.000,0.000,483134,370261,116219904,34578432,0,484099,2026-08-04T08:33:46.170268Z
M3,2269,saturated,M3,true,0.000,0.000,0.000,0.000,0.000,0.000,0.000,483134,370261,116219904,34578432,0,484099,2026-08-04T08:33:46.170268Z
M3,2270,saturated,M3,true,0.000,0.000,0.000,0.000,0.000,0.000,0.000,483134,370261,116219904,34578432,0,484099,2026-08-04T08:33:46.170268Z
M3,2271,saturated,M3,true,0.000,0.000,0.000,0.000,0.000,0.000,0.000,483134,370261,116219904,34578432,0,484099,2026-08-04T08:33:46.170268Z
M3,2272,saturated,M3,true,0.000,0.000,0.000,0.000,0.000,0.000,0.000,483134,370261,116219904,34578432,0,484099,2026-08-04T08:33:46.170268Z
M3,2273,saturated,M3,true,0.000,0.000,0.000,0.000,0.000,0.000,0.000,483134,370261,116219904,34578432,0,484099,2026-08-04T08:33:46.170268Z
M3,2274,saturated,M3,true,0.000,0.000,0.000,0.000,0.000,0.000,0.000,483134,370261,116219904,34578432,0,484099,2026-08-04T08:33:46.170268Z
M3,2275,saturated,M3,true,0.000,0.000,0.000,0.000,0.000,0.000,0.000,483134,370261,116219904,34578432,0,484099,2026-08-04T08:33:46.170268Z
M3,2276,saturated,M3,true,0.000,0.000,0.000,0.000,0.000,0.000,0.000,483134,370261,116219904,34578432,0,484099,2026-08-04T08:33:46.170268Z
M3,2277,saturated,M3,true,0.000,0.000,0.000,0.000,0.000,0.000,0.000,483134,370261,116219904,34578432,0,484099,2026-08-04T08:33:46.170268Z
M3,2278,saturated,M3,true,0.000,0.000,0.000,0.000,0.000,0.000,0.000,483134,370261,116219904,34578432,0,484099,2026-08-04T08:33:46.170268Z
M3,2279,saturated,M3,true,0.000,0.000,0.000,0.000,0.000,0.000,0.000,483134,370261,116219904,34578432,0,484099,2026-08-04T08:33:46.170268Z
M3,2280,saturated,M3,true,0.000,0.000,0.000,0.000,0.000,0.000,0.000,483134,370261,116219904,34578432,0,484099,2026-08-04T08:33:46.170268Z
M3,2281,saturated,M3,true,0.000,0.000,0.000,0.000,0.000,0.000,0.000,483134,370261,116219904,34578432,0,484099,2026-08-04T08:33:46.170268Z
M3,2282,saturated,M3,true,0.000,0.000,0.000,0.000,0.000,0.000,0.000,483134,370261,116219904,34578432,0,484099,2026-08-04T08:33:46.170268Z
M3,2283,saturated,M3,true,0.000,0.000,0.000,0.000,0.000,0.000,0.000,483134,370261,116219904,34578432,0,484099,2026-08-04T08:33:46.170268Z
M3,2284,saturated,M3,true,0.000,0.000,0.000,0.000,0.000,0.000,0.000,483134,370261,116219904,34578432,0,484099,2026-08-04T08:33:46.170268Z
M3,2285,saturated,M3,true,0.000,0.000,0.000,0.000,0.000,0.000,0.000,483134,370261,116219904,34578432,0,484099,2026-08-04T08:33:46.170268Z
M3,2286,saturated,M3,true,0.000,0.000,0.000,0.000,0.000,0.000,0.000,483134,370261,116219904,34578432,0,484099,2026-08-04T08:33:46.170268Z
M3,2287,saturated,M3,true,0.000,0.000,0.000,0.000,0.000,0.000,0.000,483134,370261,116219904,34578432,0,484099,2026-08-04T08:33:46.170268Z
M3,2288,saturated,M3,true,0.000,0.000,0.000,0.000,0.000,0.000,0.000,483134,370261,116219904,34578432,0,484099,2026-08-04T08:33:46.170268Z
M3,2289,saturated,M3,true,0.000,0.000,0.000,0.000,0.000,0.000,0.000,483134,370261,116219904,34578432,0,484099,2026-08-04T08:33:46.170268Z
M3,2290,saturated,M3,true,0.000,0.000,0.000,0.000,0.000,0.000,0.000,483134,370261,116219904,34578432,0,484099,2026-08-04T08:33:46.170268Z
M3,2291,saturated,M3,true,0.000,0.000,0.000,0.000,0.000,0.000,0.000,483134,370261,116219904,34578432,0,484099,2026-08-04T08:33:46.170268Z
M3,2292,saturated,M3,true,0.000,0.000,0.000,0.000,0.000,0.000,0.000,483134,370261,116219904,34578432,0,484099,2026-08-04T08:33:46.170268Z
M3,2293,saturated,M3,true,0.000,0.000,0.000,0.000,0.000,0.000,0.000,483134,370261,116219904,34578432,0,484099,2026-08-04T08:33:46.170268Z
M3,2294,saturated,M3,true,0.000,0.000,0.000,0.000,0.000,0.000,0.000,483134,370261,116219904,34578432,0,484099,2026-08-04T08:33:46.170268Z
M3,2295,saturated,M3,true,0.000,0.000,0.000,0.000,0.000,0.000,0.000,483134,370261,116219904,34578432,0,484099,2026-08-04T08:33:46.170268Z
M3,2296,saturated,M3,true,0.000,0.000,0.000,0.000,0.000,0.000,0.000,483134,370261,116219904,34578432,0,484099,2026-08-04T08:33:46.170268Z
M3,2297,saturated,M3,true,0.000,0.000,0.000,0.000,0.000,0.000,0.000,483134,370261,116219904,34578432,0,484099,2026-08-04T08:33:46.170268Z
M3,2298,saturated,M3,true,0.000,0.000,0.000,0.000,0.000,0.000,0.000,483134,370261,116219904,34578432,0,484099,2026-08-04T08:33:46.170268Z
M3,2299,saturated,M3,true,0.000,0.000,0.000,0.000,0.000,0.000,0.000,483134,370261,116219904,34578432,0,484099,2026-08-04T08:33:46.170268Z
M3,2300,saturated,M3,true,0.000,0.000,0.000,0.000,0.000,0.000,0.000,483134,370261,116219904,34578432,0,484099,2026-08-04T08:33:46.170268Z
M3,2301,saturated,M3,true,0.000,0.000,0.000,0.000,0.000,0.000,0.000,483134,370261,116219904,34578432,0,484099,2026-08-04T08:33:46.170268Z
M3,2302,saturated,M3,true,0.000,0.000,0.000,0.000,0.000,0.000,0.000,483134,370261,116219904,34578432,0,484099,2026-08-04T08:33:46.170268Z
M3,2303,saturated,M3,true,0.000,0.000,0.000,0.000,0.000,0.000,0.000,483134,370261,116219904,34578432,0,484099,2026-08-04T08:33:46.170268Z
M3,2304,saturated,M3,true,0.000,0.000,0.000,0.000,0.000,0.000,0.000,483134,370261,116219904,34578432,0,484099,2026-08-04T08:33:46.170268Z
M3,2305,saturated,M3,true,0.000,0.000,0.000,0.000,0.000,0.000,0.000,483134,370261,116219904,34578432,0,484099,2026-08-04T08:33:46.170268Z
M3,2306,saturated,M3,true,0.000,0.000,0.000,0.000,0.000,0.000,0.000,483134,370261,116219904,34578432,0,484099,2026-08-04T08:33:46.170268Z
M3,2307,saturated,M3,true,0.000,0.000,0.000,0.000,0.000,0.000,0.000,483134,370261,116219904,34578432,0,484099,2026-08-04T08:33:46.170268Z
M3,2308,saturated,M3,true,0.000,0.000,0.000,0.000,0.000,0.000,0.000,483134,370261,116219904,34578432,0,484099,2026-08-04T08:33:46.170268Z
M3,2309,saturated,M3,true,0.000,0.000,0.000,0.000,0.000,0.000,0.000,483134,370261,116219904,34578432,0,484099,2026-08-04T08:33:46.170268Z
M3,2310,saturated,M3,true,0.000,0.000,0.000,0.000,0.000,0.000,0.000,483134,370261,116219904,34578432,0,484099,2026-08-04T08:33:46.170268Z
M3,2311,saturated,M3,true,0.000,0.000,0.000,0.000,0.000,0.000,0.000,483134,370261,116219904,34578432,0,484099,2026-08-04T08:33:46.170268Z
M3,2312,saturated,M3,true,0.000,0.000,0.000,0.000,0.000,0.000,0.000,483134,370261,116219904,34578432,0,484099,2026-08-04T08:33:46.170268Z
M3,2313,saturated,M3,true,0.000,0.000,0.000,0.000,0.000,0.000,0.000,483134,370261,116219904,34578432,0,484099,2026-08-04T08:33:46.170268Z
M3,2314,saturated,M3,true,0.000,0.000,0.000,0.000,0.000,0.000,0.000,483134,370261,116219904,34578432,0,484099,2026-08-04T08:33:46.170268Z
M3,2315,saturated,M3,true,0.000,0.000,0.000,0.000,0.000,0.000,0.000,483134,370261,116219904,34578432,0,484099,2026-08-04T08:33:46.170268Z
M3,2316,saturated,M3,true,0.000,0.000,0.000,0.000,0.000,0.000,0.000,483134,370261,116219904,34578432,0,484099,2026-08-04T08:33:46.170268Z
M3,2317,saturated,M3,true,0.000,0.000,0.000,0.000,0.000,0.000,0.000,483134,370261,116219904,34578432,0,484099,2026-08-04T08:33:46.170268Z
M3,2318,saturated,M3,true,0.000,0.000,0.000,0.000,0.000,0.000,0.000,483134,370261,116219904,34578432,0,484099,2026-08-04T08:33:46.170268Z
M3,2319,saturated,M3,true,0.000,0.000,0.000,0.000,0.000,0.000,0.000,483134,370261,116219904,34578432,0,484099,2026-08-04T08:33:46.170268Z
M3,2320,saturated,M3,true,0.000,0.000,0.000,0.000,0.000,0.000,0.000,483134,370261,116219904,34578432,0,484099,2026-08-04T08:33:46.170268Z
M3,2321,saturated,M3,true,0.000,0.000,0.000,0.000,0.000,0.000,0.000,483134,370261,116219904,34578432,0,484099,2026-08-04T08:33:46.170268Z
M3,2322,saturated,M3,true,0.000,0.000,0.000,0.000,0.000,0.000,0.000,483134,370261,116219904,34578432,0,484099,2026-08-04T08:33:46.170268Z
M3,2323,saturated,M3,true,0.000,0.000,0.000,0.000,0.000,0.000,0.000,483134,370261,116219904,34578432,0,484099,2026-08-04T08:33:46.170268Z
M3,2324,saturated,M3,true,0.000,0.000,0.000,0.000,0.000,0.000,0.000,483134,370261,116219904,34578432,0,484099,2026-08-04T08:33:46.170268Z
M3,2325,saturated,M3,true,0.000,0.000,0.000,0.000,0.000,0.000,0.000,483134,370261,116219904,34578432,0,484099,2026-08-04T08:33:46.170268Z
M3,2326,saturated,M3,true,0.000,0.000,0.000,0.000,0.000,0.000,0.000,483134,370261,116219904,34578432,0,484099,2026-08-04T08:33:46.170268Z
M3,2327,saturated,M3,true,0.000,0.000,0.000,0.000,0.000,0.000,0.000,483134,370261,116219904,34578432,0,484099,2026-08-04T08:33:46.170268Z
M3,2328,saturated,M3,true,0.000,0.000,0.000,0.000,0.000,0.000,0.000,483134,370261,116219904,34578432,0,484099,2026-08-04T08:33:46.170268Z
M3,2329,saturated,M3,true,0.000,0.000,0.000,0.000,0.000,0.000,0.000,483134,370261,116219904,34578432,0,484099,2026-08-04T08:33:46.170268Z
M3,2330,saturated,M3,true,0.000,0.000,0.000,0.000,0.000,0.000,0.000,483134,370261,116219904,34578432,0,484099,2026-08-04T08:33:46.170268Z
M3,2331,saturated,M3,true,0.000,0.000,0.000,0.000,0.000,0.000,0.000,483134,370261,116219904,34578432,0,484099,2026-08-04T08:33:46.170268Z
M3,2332,saturated,M3,true,0.000,0.000,0.000,0.000,0.000,0.000,0.000,483134,370261,116219904,34578432,0,484099,2026-08-04T08:33:46.170268Z
M3,2333,saturated,M3,true,0.000,0.000,0.000,0.000,0.000,0.000,0.000,483134,370261,116219904,34578432,0,484099,2026-08-04T08:33:46.170268Z
M3,2334,saturated,M3,true,0.000,0.000,0.000,0.000,0.000,0.000,0.000,483134,370261,116219904,34578432,0,484099,2026-08-04T08:33:46.170268Z
M3,2335,saturated,M3,true,0.000,0.000,0.000,0.000,0.000,0.000,0.000,483134,370261,116219904,34578432,0,484099,2026-08-04T08:33:46.170268Z
M3,2336,saturated,M3,true,0.000,0.000,0.000,0.000,0.000,0.000,0.000,483134,370261,116219904,34578432,0,484099,2026-08-04T08:33:46.170268Z
M3,2337,saturated,M3,true,0.000,0.000,0.000,0.000,0.000,0.000,0.000,483134,370261,116219904,34578432,0,484099,2026-08-04T08:33:46.170268Z
M3,2338,saturated,M3,true,0.000,0.000,0.000,0.000,0.000,0.000,0.000,483134,370261,116219904,34578432,0,484099,2026-08-04T08:33:46.170268Z
M3,2339,saturated,M3,true,0.000,0.000,0.000,0.000,0.000,0.000,0.000,483134,370261,116219904,34578432,0,484099,2026-08-04T08:33:46.170268Z
M3,2340,saturated,M3,true,0.000,0.000,0.000,0.000,0.000,0.000,0.000,483134,370261,116219904,34578432,0,484099,2026-08-04T08:33:46.170268Z
M3,2341,saturated,M3,true,0.000,0.000,0.000,0.000,0.000,0.000,0.000,483134,370261,116219904,34578432,0,484099,2026-08-04T08:33:46.170268Z
M3,2342,saturated,M3,true,0.000,0.000,0.000,0.000,0.000,0.000,0.000,483134,370261,116219904,34578432,0,484099,2026-08-04T08:33:46.170268Z
M3,2343,saturated,M3,true,0.000,0.000,0.000,0.000,0.000,0.000,0.000,483134,370261,116219904,34578432,0,484099,2026-08-04T08:33:46.170268Z
M3,2344,saturated,M3,true,0.000,0.000,0.000,0.000,0.000,0.000,0.000,483134,370261,116219904,34578432,0,484099,2026-08-04T08:33:46.170268Z
M3,2345,saturated,M3,true,0.000,0.000,0.000,0.000,0.000,0.000,0.000,483134,370261,116219904,34578432,0,484099,2026-08-04T08:33:46.170268Z
M3,2346,saturated,M3,true,0.000,0.000,0.000,0.000,0.000,0.000,0.000,483134,370261,116219904,34578432,0,484099,2026-08-04T08:33:46.170268Z
M3,2347,saturated,M3,true,0.000,0.000,0.000,0.000,0.000,0.000,0.000,483134,370261,116219904,34578432,0,484099,2026-08-04T08:33:46.170268Z
M3,2348,saturated,M3,true,0.000,0.000,0.000,0.000,0.000,0.000,0.000,483134,370261,116219904,34578432,0,484099,2026-08-04T08:33:46.170268Z
M3,2349,saturated,M3,true,0.000,0.000,0.000,0.000,0.000,0.000,0.000,483134,370261,116219904,34578432,0,484099,2026-08-04T08:33:46.170268Z
M3,2350,saturated,M3,true,0.000,0.000,0.000,0.000,0.000,0.000,0.000,483134,370261,116219904,34578432,0,484099,2026-08-04T08:33:46.170268Z
M3,2351,saturated,M3,true,0.000,0.000,0.000,0.000,0.000,0.000,0.000,483134,370261,116219904,34578432,0,484099,2026-08-04T08:33:46.170268Z
M3,2352,saturated,M3,true,0.000,0.000,0.000,0.000,0.000,0.000,0.000,483134,370261,116219904,34578432,0,484099,2026-08-04T08:33:46.170268Z
M3,2353,saturated,M3,true,0.000,0.000,0.000,0.000,0.000,0.000,0.000,483134,370261,116219904,34578432,0,484099,2026-08-04T08:33:46.170268Z
M3,2354,saturated,M3,true,0.000,0.000,0.000,0.000,0.000,0.000,0.000,483134,370261,116219904,34578432,0,484099,2026-08-04T08:33:46.170268Z
M3,2355,saturated,M3,true,0.000,0.000,0.000,0.000,0.000,0.000,0.000,483134,370261,116219904,34578432,0,484099,2026-08-04T08:33:46.170268Z
M3,2356,saturated,M3,true,0.000,0.000,0.000,0.000,0.000,0.000,0.000,483134,370261,116219904,34578432,0,484099,2026-08-04T08:33:46.170268Z
M3,2357,saturated,M3,true,0.000,0.000,0.000,0.000,0.000,0.000,0.000,483134,370261,116219904,34578432,0,484099,2026-08-04T08:33:46.170268Z
M3,2358,saturated,M3,true,0.000,0.000,0.000,0.000,0.000,0.000,0.000,483134,370261,116219904,34578432,0,484099,2026-08-04T08:33:46.170268Z
M3,2359,saturated,M3,true,0.000,0.000,0.000,0.000,0.000,0.000,0.000,483134,370261,116219904,34578432,0,484099,2026-08-04T08:33:46.170268Z
M3,2360,saturated,M3,true,0.000,0.000,0.000,0.000,0.000,0.000,0.000,483134,370261,116219904,34578432,0,484099,2026-08-04T08:33:46.170268Z
M3,2361,saturated,M3,true,0.000,0.000,0.000,0.000,0.000,0.000,0.000,483134,370261,116219904,34578432,0,484099,2026-08-04T08:33:46.170268Z
M3,2362,saturated,M3,true,0.000,0.000,0.000,0.000,0.000,0.000,0.000,483134,370261,116219904,34578432,0,484099,2026-08-04T08:33:46.170268Z
M3,2363,saturated,M3,true,0.000,0.000,0.000,0.000,0.000,0.000,0.000,483134,370261,116219904,34578432,0,484099,2026-08-04T08:33:46.170268Z
M3,2364,saturated,M3,true,0.000,0.000,0.000,0.000,0.000,0.000,0.000,483134,370261,116219904,34578432,0,484099,2026-08-04T08:33:46.170268Z
M3,2365,saturated,M3,true,0.000,0.000,0.000,0.000,0.000,0.000,0.000,483134,370261,116219904,34578432,0,484099,2026-08-04T08:33:46.170268Z
M3,2366,saturated,M3,true,0.000,0.000,0.000,0.000,0.000,0.000,0.000,483134,370261,116219904,34578432,0,484099,2026-08-04T08:33:46.170268Z
M3,2367,saturated,M3,true,0.000,0.000,0.000,0.000,0.000,0.000,0.000,483134,370261,116219904,34578432,0,484099,2026-08-04T08:33:46.170268Z
M3,2368,saturated,M3,true,0.000,0.000,0.000,0.000,0.000,0.000,0.000,483134,370261,116219904,34578432,0,484099,2026-08-04T08:33:46.170268Z
M3,2369,saturated,M3,true,0.000,0.000,0.000,0.000,0.000,0.000,0.000,483134,370261,116219904,34578432,0,484099,2026-08-04T08:33:46.170268Z
M3,2370,saturated,M3,true,0.000,0.000,0.000,0.000,0.000,0.000,0.000,483134,370261,116219904,34578432,0,484099,2026-08-04T08:33:46.170268Z
M3,2371,saturated,M3,true,0.000,0.000,0.000,0.000,0.000,0.000,0.000,483134,370261,116219904,34578432,0,484099,2026-08-04T08:33:46.170268Z
M3,2372,saturated,M3,true,0.000,0.000,0.000,0.000,0.000,0.000,0.000,483134,370261,116219904,34578432,0,484099,2026-08-04T08:33:46.170268Z
M3,2373,saturated,M3,true,0.000,0.000,0.000,0.000,0.000,0.000,0.000,483134,370261,116219904,34578432,0,484099,2026-08-04T08:33:46.170268Z
M3,2374,saturated,M3,true,0.000,0.000,0.000,0.000,0.000,0.000,0.000,483134,370261,116219904,34578432,0,484099,2026-08-04T08:33:46.170268Z
M3,2375,saturated,M3,true,0.000,0.000,0.000,0.000,0.000,0.000,0.000,483134,370261,116219904,34578432,0,484099,2026-08-04T08:33:46.170268Z
M3,2376,saturated,M3,true,0.000,0.000,0.000,0.000,0.000,0.000,0.000,483134,370261,116219904,34578432,0,484099,2026-08-04T08:33:46.170268Z
M3,2377,saturated,M3,true,0.000,0.000,0.000,0.000,0.000,0.000,0.000,483134,370261,116219904,34578432,0,484099,2026-08-04T08:33:46.170268Z
M3,2378,saturated,M3,true,0.000,0.000,0.000,0.000,0.000,0.000,0.000,483134,370261,116219904,34578432,0,484099,2026-08-04T08:33:46.170268Z
M3,2379,saturated,M3,true,0.000,0.000,0.000,0.000,0.000,0.000,0.000,483134,370261,116219904,34578432,0,484099,2026-08-04T08:33:46.170268Z
M3,2380,saturated,M3,true,0.000,0.000,0.000,0.000,0.000,0.000,0.000,483134,370261,116219904,34578432,0,484099,2026-08-04T08:33:46.170268Z
M3,2381,saturated,M3,true,0.000,0.000,0.000,0.000,0.000,0.000,0.000,483134,370261,116219904,34578432,0,484099,2026-08-04T08:33:46.170268Z
M3,2382,saturated,M3,true,0.000,0.000,0.000,0.000,0.000,0.000,0.000,483134,370261,116219904,34578432,0,484099,2026-08-04T08:33:46.170268Z
M3,2383,saturated,M3,true,0.000,0.000,0.000,0.000,0.000,0.000,0.000,483134,370261,116219904,34578432,0,484099,2026-08-04T08:33:46.170268Z
M3,2384,saturated,M3,true,0.000,0.000,0.000,0.000,0.000,0.000,0.000,483134,370261,116219904,34578432,0,484099,2026-08-04T08:33:46.170268Z
M3,2385,saturated,M3,true,0.000,0.000,0.000,0.000,0.000,0.000,0.000,483134,370261,116219904,34578432,0,484099,2026-08-04T08:33:46.170268Z
M3,2386,saturated,M3,true,0.000,0.000,0.000,0.000,0.000,0.000,0.000,483134,370261,116219904,34578432,0,484099,2026-08-04T08:33:46.170268Z
M3,2387,saturated,M3,true,0.000,0.000,0.000,0.000,0.000,0.000,0.000,483134,370261,116219904,34578432,0,484099,2026-08-04T08:33:46.170268Z
M3,2388,saturated,M3,true,0.000,0.000,0.000,0.000,0.000,0.000,0.000,483134,370261,116219904,34578432,0,484099,2026-08-04T08:33:46.170268Z
M3,2389,saturated,M3,true,0.000,0.000,0.000,0.000,0.000,0.000,0.000,483134,370261,116219904,34578432,0,484099,2026-08-04T08:33:46.170268Z
M3,2390,saturated,M3,true,0.000,0.000,0.000,0.000,0.000,0.000,0.000,483134,370261,116219904,34578432,0,484099,2026-08-04T08:33:46.170268Z
M3,2391,saturated,M3,true,0.000,0.000,0.000,0.000,0.000,0.000,0.000,483134,370261,116219904,34578432,0,484099,2026-08-04T08:33:46.170268Z
M3,2392,saturated,M3,true,0.000,0.000,0.000,0.000,0.000,0.000,0.000,483134,370261,116219904,34578432,0,484099,2026-08-04T08:33:46.170268Z
M3,2393,saturated,M3,true,0.000,0.000,0.000,0.000,0.000,0.000,0.000,483134,370261,116219904,34578432,0,484099,2026-08-04T08:33:46.170268Z
M3,2394,saturated,M3,true,0.000,0.000,0.000,0.000,0.000,0.000,0.000,483134,370261,116219904,34578432,0,484099,2026-08-04T08:33:46.170268Z
M3,2395,saturated,M3,true,0.000,0.000,0.000,0.000,0.000,0.000,0.000,483134,370261,116219904,34578432,0,484099,2026-08-04T08:33:46.170268Z
M3,2396,saturated,M3,true,0.000,0.000,0.000,0.000,0.000,0.000,0.000,483134,370261,116219904,34578432,0,484099,2026-08-04T08:33:46.170268Z
M3,2397,saturated,M3,true,0.000,0.000,0.000,0.000,0.000,0.000,0.000,483134,370261,116219904,34578432,0,484099,2026-08-04T08:33:46.170268Z
M3,2398,saturated,M3,true,0.000,0.000,0.000,0.000,0.000,0.000,0.000,483134,370261,116219904,34578432,0,484099,2026-08-04T08:33:46.170268Z
M3,2399,saturated,M3,true,0.000,0.000,0.000,0.000,0.000,0.000,0.000,483134,370261,116219904,34578432,0,484099,2026-08-04T08:33:46.170268Z
M3,2400,saturated,M3,true,0.000,0.000,0.000,0.000,0.000,0.000,0.000,483134,370261,116219904,34578432,0,484099,2026-08-04T08:33:46.170268Z
M3,2401,saturated,M3,true,0.000,0.000,0.000,0.000,0.000,0.000,0.000,483134,370261,116219904,34578432,0,484099,2026-08-04T08:33:46.170268Z
M3,2402,saturated,M3,true,0.000,0.000,0.000,0.000,0.000,0.000,0.000,483134,370261,116219904,34578432,0,484099,2026-08-04T08:33:46.170268Z
M3,2403,saturated,M3,true,0.000,0.000,0.000,0.000,0.000,0.000,0.000,483134,370261,116219904,34578432,0,484099,2026-08-04T08:33:46.170268Z
M3,2404,saturated,M3,true,0.000,0.000,0.000,0.000,0.000,0.000,0.000,483134,370261,116219904,34578432,0,484099,2026-08-04T08:33:46.170268Z
M3,2405,saturated,M3,true,0.000,0.000,0.000,0.000,0.000,0.000,0.000,483134,370261,116219904,34578432,0,484099,2026-08-04T08:33:46.170268Z
M3,2406,saturated,M3,true,0.000,0.000,0.000,0.000,0.000,0.000,0.000,483134,370261,116219904,34578432,0,484099,2026-08-04T08:33:46.170268Z
M3,2407,saturated,M3,true,0.000,0.000,0.000,0.000,0.000,0.000,0.000,483134,370261,116219904,34578432,0,484099,2026-08-04T08:33:46.170268Z
M3,2408,saturated,M3,true,0.000,0.000,0.000,0.000,0.000,0.000,0.000,483134,370261,116219904,34578432,0,484099,2026-08-04T08:33:46.170268Z
M3,2409,saturated,M3,true,0.000,0.000,0.000,0.000,0.000,0.000,0.000,483134,370261,116219904,34578432,0,484099,2026-08-04T08:33:46.170268Z
M3,2410,saturated,M3,true,0.000,0.000,0.000,0.000,0.000,0.000,0.000,483134,370261,116219904,34578432,0,484099,2026-08-04T08:33:46.170268Z
M3,2411,saturated,M3,true,0.000,0.000,0.000,0.000,0.000,0.000,0.000,483134,370261,116219904,34578432,0,484099,2026-08-04T08:33:46.170268Z
M3,2412,saturated,M3,true,0.000,0.000,0.000,0.000,0.000,0.000,0.000,483134,370261,116219904,34578432,0,484099,2026-08-04T08:33:46.170268Z
M3,2413,saturated,M3,true,0.000,0.000,0.000,0.000,0.000,0.000,0.000,483134,370261,116219904,34578432,0,484099,2026-08-04T08:33:46.170268Z
M3,2414,saturated,M3,true,0.000,0.000,0.000,0.000,0.000,0.000,0.000,483134,370261,116219904,34578432,0,484099,2026-08-04T08:33:46.170268Z
M3,2415,saturated,M3,true,0.000,0.000,0.000,0.000,0.000,0.000,0.000,483134,370261,116219904,34578432,0,484099,2026-08-04T08:33:46.170268Z
M3,2416,saturated,M3,true,0.000,0.000,0.000,0.000,0.000,0.000,0.000,483134,370261,116219904,34578432,0,484099,2026-08-04T08:33:46.170268Z
M3,2417,saturated,M3,true,0.000,0.000,0.000,0.000,0.000,0.000,0.000,483134,370261,116219904,34578432,0,484099,2026-08-04T08:33:46.170268Z
M3,2418,saturated,M3,true,0.000,0.000,0.000,0.000,0.000,0.000,0.000,483134,370261,116219904,34578432,0,484099,2026-08-04T08:33:46.170268Z
M3,2419,saturated,M3,true,0.000,0.000,0.000,0.000,0.000,0.000,0.000,483134,370261,116219904,34578432,0,484099,2026-08-04T08:33:46.170268Z
M3,2420,saturated,M3,true,0.000,0.000,0.000,0.000,0.000,0.000,0.000,483134,370261,116219904,34578432,0,484099,2026-08-04T08:33:46.170268Z
M3,2421,saturated,M3,true,0.000,0.000,0.000,0.000,0.000,0.000,0.000,483134,370261,116219904,34578432,0,484099,2026-08-04T08:33:46.170268Z
M3,2422,saturated,M3,true,0.000,0.000,0.000,0.000,0.000,0.000,0.000,483134,370261,116219904,34578432,0,484099,2026-08-04T08:33:46.170268Z
M3,2423,saturated,M3,true,0.000,0.000,0.000,0.000,0.000,0.000,0.000,483134,370261,116219904,34578432,0,484099,2026-08-04T08:33:46.170268Z
M3,2424,saturated,M3,true,0.000,0.000,0.000,0.000,0.000,0.000,0.000,483134,370261,116219904,34578432,0,484099,2026-08-04T08:33:46.170268Z
M3,2425,saturated,M3,true,0.000,0.000,0.000,0.000,0.000,0.000,0.000,483134,370261,116219904,34578432,0,484099,2026-08-04T08:33:46.170268Z
M3,2426,saturated,M3,true,0.000,0.000,0.000,0.000,0.000,0.000,0.000,483134,370261,116219904,34578432,0,484099,2026-08-04T08:33:46.170268Z
M3,2427,saturated,M3,true,0.000,0.000,0.000,0.000,0.000,0.000,0.000,483134,370261,116219904,34578432,0,484099,2026-08-04T08:33:46.170268Z
M3,2428,saturated,M3,true,0.000,0.000,0.000,0.000,0.000,0.000,0.000,483134,370261,116219904,34578432,0,484099,2026-08-04T08:33:46.170268Z
M3,2429,saturated,M3,true,0.000,0.000,0.000,0.000,0.000,0.000,0.000,483134,370261,116219904,34578432,0,484099,2026-08-04T08:33:46.170268Z
M3,2430,saturated,M3,true,0.000,0.000,0.000,0.000,0.000,0.000,0.000,483134,370261,116219904,34578432,0,484099,2026-08-04T08:33:46.170268Z
M3,2431,saturated,M3,true,0.000,0.000,0.000,0.000,0.000,0.000,0.000,483134,370261,116219904,34578432,0,484099,2026-08-04T08:33:46.170268Z
M3,2432,saturated,M3,true,0.000,0.000,0.000,0.000,0.000,0.000,0.000,483134,370261,116219904,34578432,0,484099,2026-08-04T08:33:46.170268Z
M3,2433,saturated,M3,true,0.000,0.000,0.000,0.000,0.000,0.000,0.000,483134,370261,116219904,34578432,0,484099,2026-08-04T08:33:46.170268Z
M3,2434,saturated,M3,true,0.000,0.000,0.000,0.000,0.000,0.000,0.000,483134,370261,116219904,34578432,0,484099,2026-08-04T08:33:46.170268Z
M3,2435,saturated,M3,true,0.000,0.000,0.000,0.000,0.000,0.000,0.000,483134,370261,116219904,34578432,0,484099,2026-08-04T08:33:46.170268Z
M3,2436,saturated,M3,true,0.000,0.000,0.000,0.000,0.000,0.000,0.000,483134,370261,116219904,34578432,0,484099,2026-08-04T08:33:46.170268Z
M3,2437,saturated,M3,true,0.000,0.000,0.000,0.000,0.000,0.000,0.000,483134,370261,116219904,34578432,0,484099,2026-08-04T08:33:46.170268Z
M3,2438,saturated,M3,true,0.000,0.000,0.000,0.000,0.000,0.000,0.000,483134,370261,116219904,34578432,0,484099,2026-08-04T08:33:46.170268Z
M3,2439,saturated,M3,true,0.000,0.000,0.000,0.000,0.000,0.000,0.000,483134,370261,116219904,34578432,0,484099,2026-08-04T08:33:46.170268Z
M3,2440,saturated,M3,true,0.000,0.000,0.000,0.000,0.000,0.000,0.000,483134,370261,116219904,34578432,0,484099,2026-08-04T08:33:46.170268Z
M3,2441,saturated,M3,true,0.000,0.000,0.000,0.000,0.000,0.000,0.000,483134,370261,116219904,34578432,0,484099,2026-08-04T08:33:46.170268Z
M3,2442,saturated,M3,true,0.000,0.000,0.000,0.000,0.000,0.000,0.000,483134,370261,116219904,34578432,0,484099,2026-08-04T08:33:46.170268Z
M3,2443,saturated,M3,true,0.000,0.000,0.000,0.000,0.000,0.000,0.000,483134,370261,116219904,34578432,0,484099,2026-08-04T08:33:46.170268Z
M3,2444,saturated,M3,true,0.000,0.000,0.000,0.000,0.000,0.000,0.000,483134,370261,116219904,34578432,0,484099,2026-08-04T08:33:46.170268Z
M3,2445,saturated,M3,true,0.000,0.000,0.000,0.000,0.000,0.000,0.000,483134,370261,116219904,34578432,0,484099,2026-08-04T08:33:46.170268Z
M3,2446,saturated,M3,true,0.000,0.000,0.000,0.000,0.000,0.000,0.000,483134,370261,116219904,34578432,0,484099,2026-08-04T08:33:46.170268Z
M3,2447,saturated,M3,true,0.000,0.000,0.000,0.000,0.000,0.000,0.000,483134,370261,116219904,34578432,0,484099,2026-08-04T08:33:46.170268Z
M3,2448,saturated,M3,true,0.000,0.000,0.000,0.000,0.000,0.000,0.000,483134,370261,116219904,34578432,0,484099,2026-08-04T08:33:46.170268Z
M3,2449,saturated,M3,true,0.000,0.000,0.000,0.000,0.000,0.000,0.000,483134,370261,116219904,34578432,0,484099,2026-08-04T08:33:46.170268Z
M3,2450,saturated,M3,true,0.000,0.000,0.000,0.000,0.000,0.000,0.000,483134,370261,116219904,34578432,0,484099,2026-08-04T08:33:46.170268Z
M3,2451,saturated,M3,true,0.000,0.000,0.000,0.000,0.000,0.000,0.000,483134,370261,116219904,34578432,0,484099,2026-08-04T08:33:46.170268Z
M3,2452,saturated,M3,true,0.000,0.000,0.000,0.000,0.000,0.000,0.000,483134,370261,116219904,34578432,0,484099,2026-08-04T08:33:46.170268Z
M3,2453,saturated,M3,true,0.000,0.000,0.000,0.000,0.000,0.000,0.000,483134,370261,116219904,34578432,0,484099,2026-08-04T08:33:46.170268Z
M3,2454,saturated,M3,true,0.000,0.000,0.000,0.000,0.000,0.000,0.000,483134,370261,116219904,34578432,0,484099,2026-08-04T08:33:46.170268Z
M3,2455,saturated,M3,true,0.000,0.000,0.000,0.000,0.000,0.000,0.000,483134,370261,116219904,34578432,0,484099,2026-08-04T08:33:46.170268Z
M3,2456,saturated,M3,true,0.000,0.000,0.000,0.000,0.000,0.000,0.000,483134,370261,116219904,34578432,0,484099,2026-08-04T08:33:46.170268Z
M3,2457,saturated,M3,true,0.000,0.000,0.000,0.000,0.000,0.000,0.000,483134,370261,116219904,34578432,0,484099,2026-08-04T08:33:46.170268Z
M3,2458,saturated,M3,true,0.000,0.000,0.000,0.000,0.000,0.000,0.000,483134,370261,116219904,34578432,0,484099,2026-08-04T08:33:46.170268Z
M3,2459,saturated,M3,true,0.000,0.000,0.000,0.000,0.000,0.000,0.000,483134,370261,116219904,34578432,0,484099,2026-08-04T08:33:46.170268Z
M3,2460,saturated,M3,true,0.000,0.000,0.000,0.000,0.000,0.000,0.000,483134,370261,116219904,34578432,0,484099,2026-08-04T08:33:46.170268Z
M3,2461,saturated,M3,true,0.000,0.000,0.000,0.000,0.000,0.000,0.000,483134,370261,116219904,34578432,0,484099,2026-08-04T08:33:46.170268Z
M3,2462,saturated,M3,true,0.000,0.000,0.000,0.000,0.000,0.000,0.000,483134,370261,116219904,34578432,0,484099,2026-08-04T08:33:46.170268Z
M3,2463,saturated,M3,true,0.000,0.000,0.000,0.000,0.000,0.000,0.000,483134,370261,116219904,34578432,0,484099,2026-08-04T08:33:46.170268Z
M3,2464,saturated,M3,true,0.000,0.000,0.000,0.000,0.000,0.000,0.000,483134,370261,116219904,34578432,0,484099,2026-08-04T08:33:46.170268Z
M3,2465,saturated,M3,true,0.000,0.000,0.000,0.000,0.000,0.000,0.000,483134,370261,116219904,34578432,0,484099,2026-08-04T08:33:46.170268Z
M3,2466,saturated,M3,true,0.000,0.000,0.000,0.000,0.000,0.000,0.000,483134,370261,116219904,34578432,0,484099,2026-08-04T08:33:46.170268Z
M3,2467,saturated,M3,true,0.000,0.000,0.000,0.000,0.000,0.000,0.000,483134,370261,116219904,34578432,0,484099,2026-08-04T08:33:46.170268Z
M3,2468,saturated,M3,true,0.000,0.000,0.000,0.000,0.000,0.000,0.000,483134,370261,116219904,34578432,0,484099,2026-08-04T08:33:46.170268Z
M3,2469,saturated,M3,true,0.000,0.000,0.000,0.000,0.000,0.000,0.000,483134,370261,116219904,34578432,0,484099,2026-08-04T08:33:46.170268Z
M3,2470,saturated,M3,true,0.000,0.000,0.000,0.000,0.000,0.000,0.000,483134,370261,116219904,34578432,0,484099,2026-08-04T08:33:46.170268Z
M3,2471,saturated,M3,true,0.000,0.000,0.000,0.000,0.000,0.000,0.000,483134,370261,116219904,34578432,0,484099,2026-08-04T08:33:46.170268Z
M3,2472,saturated,M3,true,0.000,0.000,0.000,0.000,0.000,0.000,0.000,483134,370261,116219904,34578432,0,484099,2026-08-04T08:33:46.170268Z
M3,2473,saturated,M3,true,0.000,0.000,0.000,0.000,0.000,0.000,0.000,483134,370261,116219904,34578432,0,484099,2026-08-04T08:33:46.170268Z
M3,2474,saturated,M3,true,0.000,0.000,0.000,0.000,0.000,0.000,0.000,483134,370261,116219904,34578432,0,484099,2026-08-04T08:33:46.170268Z
M3,2475,saturated,M3,true,0.000,0.000,0.000,0.000,0.000,0.000,0.000,483134,370261,116219904,34578432,0,484099,2026-08-04T08:33:46.170268Z
M3,2476,saturated,M3,true,0.000,0.000,0.000,0.000,0.000,0.000,0.000,483134,370261,116219904,34578432,0,484099,2026-08-04T08:33:46.170268Z
M3,2477,saturated,M3,true,0.000,0.000,0.000,0.000,0.000,0.000,0.000,483134,370261,116219904,34578432,0,484099,2026-08-04T08:33:46.170268Z
M3,2478,saturated,M3,true,0.000,0.000,0.000,0.000,0.000,0.000,0.000,483134,370261,116219904,34578432,0,484099,2026-08-04T08:33:46.170268Z
M3,2479,saturated,M3,true,0.000,0.000,0.000,0.000,0.000,0.000,0.000,483134,370261,116219904,34578432,0,484099,2026-08-04T08:33:46.170268Z
M3,2480,saturated,M3,true,0.000,0.000,0.000,0.000,0.000,0.000,0.000,483134,370261,116219904,34578432,0,484099,2026-08-04T08:33:46.170268Z
M3,2481,saturated,M3,true,0.000,0.000,0.000,0.000,0.000,0.000,0.000,483134,370261,116219904,34578432,0,484099,2026-08-04T08:33:46.170268Z
M3,2482,saturated,M3,true,0.000,0.000,0.000,0.000,0.000,0.000,0.000,483134,370261,116219904,34578432,0,484099,2026-08-04T08:33:46.170268Z
M3,2483,saturated,M3,true,0.000,0.000,0.000,0.000,0.000,0.000,0.000,483134,370261,116219904,34578432,0,484099,2026-08-04T08:33:46.170268Z
M3,2484,saturated,M3,true,0.000,0.000,0.000,0.000,0.000,0.000,0.000,483134,370261,116219904,34578432,0,484099,2026-08-04T08:33:46.170268Z
M3,2485,saturated,M3,true,0.000,0.000,0.000,0.000,0.000,0.000,0.000,483134,370261,116219904,34578432,0,484099,2026-08-04T08:33:46.170268Z
M3,2486,saturated,M3,true,0.000,0.000,0.000,0.000,0.000,0.000,0.000,483134,370261,116219904,34578432,0,484099,2026-08-04T08:33:46.170268Z
M3,2487,saturated,M3,true,0.000,0.000,0.000,0.000,0.000,0.000,0.000,483134,370261,116219904,34578432,0,484099,2026-08-04T08:33:46.170268Z
M3,2488,saturated,M3,true,0.000,0.000,0.000,0.000,0.000,0.000,0.000,483134,370261,116219904,34578432,0,484099,2026-08-04T08:33:46.170268Z
M3,2489,saturated,M3,true,0.000,0.000,0.000,0.000,0.000,0.000,0.000,483134,370261,116219904,34578432,0,484099,2026-08-04T08:33:46.170268Z
M3,2490,saturated,M3,true,0.000,0.000,0.000,0.000,0.000,0.000,0.000,483134,370261,116219904,34578432,0,484099,2026-08-04T08:33:46.170268Z
M3,2491,saturated,M3,true,0.000,0.000,0.000,0.000,0.000,0.000,0.000,483134,370261,116219904,34578432,0,484099,2026-08-04T08:33:46.170268Z
M3,2492,saturated,M3,true,0.000,0.000,0.000,0.000,0.000,0.000,0.000,483134,370261,116219904,34578432,0,484099,2026-08-04T08:33:46.170268Z
M3,2493,saturated,M3,true,0.000,0.000,0.000,0.000,0.000,0.000,0.000,483134,370261,116219904,34578432,0,484099,2026-08-04T08:33:46.170268Z
M3,2494,saturated,M3,true,0.000,0.000,0.000,0.000,0.000,0.000,0.000,483134,370261,116219904,34578432,0,484099,2026-08-04T08:33:46.170268Z
M3,2495,saturated,M3,true,0.000,0.000,0.000,0.000,0.000,0.000,0.000,483134,370261,116219904,34578432,0,484099,2026-08-04T08:33:46.170268Z
M3,2496,saturated,M3,true,0.000,0.000,0.000,0.000,0.000,0.000,0.000,483134,370261,116219904,34578432,0,484099,2026-08-04T08:33:46.170268Z
M3,2497,saturated,M3,true,0.000,0.000,0.000,0.000,0.000,0.000,0.000,483134,370261,116219904,34578432,0,484099,2026-08-04T08:33:46.170268Z
M3,2498,saturated,M3,true,0.000,0.000,0.000,0.000,0.000,0.000,0.000,483134,370261,116219904,34578432,0,484099,2026-08-04T08:33:46.170268Z
M3,2499,saturated,M3,true,0.000,0.000,0.000,0.000,0.000,0.000,0.000,483134,370261,116219904,34578432,0,484099,2026-08-04T08:33:46.170268Z
M3,2500,saturated,M3,true,0.000,0.000,0.000,0.000,0.000,0.000,0.000,483134,370261,116219904,34578432,0,484099,2026-08-04T08:33:46.170268Z
M3,2501,saturated,M3,true,0.000,0.000,0.000,0.000,0.000,0.000,0.000,483134,370261,116219904,34578432,0,484099,2026-08-04T08:33:46.170268Z
M3,2502,saturated,M3,true,0.000,0.000,0.000,0.000,0.000,0.000,0.000,483134,370261,116219904,34578432,0,484099,2026-08-04T08:33:46.170268Z
M3,2503,saturated,M3,true,0.000,0.000,0.000,0.000,0.000,0.000,0.000,483134,370261,116219904,34578432,0,484099,2026-08-04T08:33:46.170268Z
M3,2504,saturated,M3,true,0.000,0.000,0.000,0.000,0.000,0.000,0.000,483134,370261,116219904,34578432,0,484099,2026-08-04T08:33:46.170268Z
M3,2505,saturated,M3,true,0.000,0.000,0.000,0.000,0.000,0.000,0.000,483134,370261,116219904,34578432,0,484099,2026-08-04T08:33:46.170268Z
M3,2506,saturated,M3,true,0.000,0.000,0.000,0.000,0.000,0.000,0.000,483134,370261,116219904,34578432,0,484099,2026-08-04T08:33:46.170268Z
M3,2507,saturated,M3,true,0.000,0.000,0.000,0.000,0.000,0.000,0.000,483134,370261,116219904,34578432,0,484099,2026-08-04T08:33:46.170268Z
M3,2508,saturated,M3,true,0.000,0.000,0.000,0.000,0.000,0.000,0.000,483134,370261,116219904,34578432,0,484099,2026-08-04T08:33:46.170268Z
M3,2509,saturated,M3,true,0.000,0.000,0.000,0.000,0.000,0.000,0.000,483134,370261,116219904,34578432,0,484099,2026-08-04T08:33:46.170268Z
M3,2510,saturated,M3,true,0.000,0.000,0.000,0.000,0.000,0.000,0.000,483134,370261,116219904,34578432,0,484099,2026-08-04T08:33:46.170268Z
M3,2511,saturated,M3,true,0.000,0.000,0.000,0.000,0.000,0.000,0.000,483134,370261,116219904,34578432,0,484099,2026-08-04T08:33:46.170268Z
M3,2512,saturated,M3,true,0.000,0.000,0.000,0.000,0.000,0.000,0.000,483134,370261,116219904,34578432,0,484099,2026-08-04T08:33:46.170268Z
M3,2513,saturated,M3,true,0.000,0.000,0.000,0.000,0.000,0.000,0.000,483134,370261,116219904,34578432,0,484099,2026-08-04T08:33:46.170268Z
M3,2514,saturated,M3,true,0.000,0.000,0.000,0.000,0.000,0.000,0.000,483134,370261,116219904,34578432,0,484099,2026-08-04T08:33:46.170268Z
M3,2515,saturated,M3,true,0.000,0.000,0.000,0.000,0.000,0.000,0.000,483134,370261,116219904,34578432,0,484099,2026-08-04T08:33:46.170268Z
M3,2516,saturated,M3,true,0.000,0.000,0.000,0.000,0.000,0.000,0.000,483134,370261,116219904,34578432,0,484099,2026-08-04T08:33:46.170268Z
M3,2517,saturated,M3,true,0.000,0.000,0.000,0.000,0.000,0.000,0.000,483134,370261,116219904,34578432,0,484099,2026-08-04T08:33:46.170268Z
M3,2518,saturated,M3,true,0.000,0.000,0.000,0.000,0.000,0.000,0.000,483134,370261,116219904,34578432,0,484099,2026-08-04T08:33:46.170268Z
M3,2519,saturated,M3,true,0.000,0.000,0.000,0.000,0.000,0.000,0.000,483134,370261,116219904,34578432,0,484099,2026-08-04T08:33:46.170268Z
M3,2520,saturated,M3,true,0.000,0.000,0.000,0.000,0.000,0.000,0.000,483134,370261,116219904,34578432,0,484099,2026-08-04T08:33:46.170268Z
M3,2521,saturated,M3,true,0.000,0.000,0.000,0.000,0.000,0.000,0.000,483134,370261,116219904,34578432,0,484099,2026-08-04T08:33:46.170268Z
M3,2522,saturated,M3,true,0.000,0.000,0.000,0.000,0.000,0.000,0.000,483134,370261,116219904,34578432,0,484099,2026-08-04T08:33:46.170268Z
M3,2523,saturated,M3,true,0.000,0.000,0.000,0.000,0.000,0.000,0.000,483134,370261,116219904,34578432,0,484099,2026-08-04T08:33:46.170268Z
M3,2524,saturated,M3,true,0.000,0.000,0.000,0.000,0.000,0.000,0.000,483134,370261,116219904,34578432,0,484099,2026-08-04T08:33:46.170268Z
M3,2525,saturated,M3,true,0.000,0.000,0.000,0.000,0.000,0.000,0.000,483134,370261,116219904,34578432,0,484099,2026-08-04T08:33:46.170268Z
M3,2526,saturated,M3,true,0.000,0.000,0.000,0.000,0.000,0.000,0.000,483134,370261,116219904,34578432,0,484099,2026-08-04T08:33:46.170268Z
M3,2527,saturated,M3,true,0.000,0.000,0.000,0.000,0.000,0.000,0.000,483134,370261,116219904,34578432,0,484099,2026-08-04T08:33:46.170268Z
M3,2528,saturated,M3,true,0.000,0.000,0.000,0.000,0.000,0.000,0.000,483134,370261,116219904,34578432,0,484099,2026-08-04T08:33:46.170268Z
M3,2529,saturated,M3,true,0.000,0.000,0.000,0.000,0.000,0.000,0.000,483134,370261,116219904,34578432,0,484099,2026-08-04T08:33:46.170268Z
M3,2530,saturated,M3,true,0.000,0.000,0.000,0.000,0.000,0.000,0.000,483134,370261,116219904,34578432,0,484099,2026-08-04T08:33:46.170268Z
M3,2531,saturated,M3,true,0.000,0.000,0.000,0.000,0.000,0.000,0.000,483134,370261,116219904,34578432,0,484099,2026-08-04T08:33:46.170268Z
M3,2532,saturated,M3,true,0.000,0.000,0.000,0.000,0.000,0.000,0.000,483134,370261,116219904,34578432,0,484099,2026-08-04T08:33:46.170268Z
M3,2533,saturated,M3,true,0.000,0.000,0.000,0.000,0.000,0.000,0.000,483134,370261,116219904,34578432,0,484099,2026-08-04T08:33:46.170268Z
M3,2534,saturated,M3,true,0.000,0.000,0.000,0.000,0.000,0.000,0.000,483134,370261,116219904,34578432,0,484099,2026-08-04T08:33:46.170268Z
M3,2535,saturated,M3,true,0.000,0.000,0.000,0.000,0.000,0.000,0.000,483134,370261,116219904,34578432,0,484099,2026-08-04T08:33:46.170268Z
M3,2536,saturated,M3,true,0.000,0.000,0.000,0.000,0.000,0.000,0.000,483134,370261,116219904,34578432,0,484099,2026-08-04T08:33:46.170268Z
M3,2537,saturated,M3,true,0.000,0.000,0.000,0.000,0.000,0.000,0.000,483134,370261,116219904,34578432,0,484099,2026-08-04T08:33:46.170268Z
M3,2538,saturated,M3,true,0.000,0.000,0.000,0.000,0.000,0.000,0.000,483134,370261,116219904,34578432,0,484099,2026-08-04T08:33:46.170268Z
M3,2539,saturated,M3,true,0.000,0.000,0.000,0.000,0.000,0.000,0.000,483134,370261,116219904,34578432,0,484099,2026-08-04T08:33:46.170268Z
M3,2540,saturated,M3,true,0.000,0.000,0.000,0.000,0.000,0.000,0.000,483134,370261,116219904,34578432,0,484099,2026-08-04T08:33:46.170268Z
M3,2541,saturated,M3,true,0.000,0.000,0.000,0.000,0.000,0.000,0.000,483134,370261,116219904,34578432,0,484099,2026-08-04T08:33:46.170268Z
M3,2542,saturated,M3,true,0.000,0.000,0.000,0.000,0.000,0.000,0.000,483134,370261,116219904,34578432,0,484099,2026-08-04T08:33:46.170268Z
M3,2543,saturated,M3,true,0.000,0.000,0.000,0.000,0.000,0.000,0.000,483134,370261,116219904,34578432,0,484099,2026-08-04T08:33:46.170268Z
M3,2544,saturated,M3,true,0.000,0.000,0.000,0.000,0.000,0.000,0.000,483134,370261,116219904,34578432,0,484099,2026-08-04T08:33:46.170268Z
M3,2545,saturated,M3,true,0.000,0.000,0.000,0.000,0.000,0.000,0.000,483134,370261,116219904,34578432,0,484099,2026-08-04T08:33:46.170268Z
M3,2546,saturated,M3,true,0.000,0.000,0.000,0.000,0.000,0.000,0.000,483134,370261,116219904,34578432,0,484099,2026-08-04T08:33:46.170268Z
M3,2547,saturated,M3,true,0.000,0.000,0.000,0.000,0.000,0.000,0.000,483134,370261,116219904,34578432,0,484099,2026-08-04T08:33:46.170268Z
M3,2548,saturated,M3,true,0.000,0.000,0.000,0.000,0.000,0.000,0.000,483134,370261,116219904,34578432,0,484099,2026-08-04T08:33:46.170268Z
M3,2549,saturated,M3,true,0.000,0.000,0.000,0.000,0.000,0.000,0.000,483134,370261,116219904,34578432,0,484099,2026-08-04T08:33:46.170268Z
M3,2550,saturated,M3,true,0.000,0.000,0.000,0.000,0.000,0.000,0.000,483134,370261,116219904,34578432,0,484099,2026-08-04T08:33:46.170268Z
M3,2551,saturated,M3,true,0.000,0.000,0.000,0.000,0.000,0.000,0.000,483134,370261,116219904,34578432,0,484099,2026-08-04T08:33:46.170268Z
M3,2552,saturated,M3,true,0.000,0.000,0.000,0.000,0.000,0.000,0.000,483134,370261,116219904,34578432,0,484099,2026-08-04T08:33:46.170268Z
M3,2553,saturated,M3,true,0.000,0.000,0.000,0.000,0.000,0.000,0.000,483134,370261,116219904,34578432,0,484099,2026-08-04T08:33:46.170268Z
M3,2554,saturated,M3,true,0.000,0.000,0.000,0.000,0.000,0.000,0.000,483134,370261,116219904,34578432,0,484099,2026-08-04T08:33:46.170268Z
M3,2555,saturated,M3,true,0.000,0.000,0.000,0.000,0.000,0.000,0.000,483134,370261,116219904,34578432,0,484099,2026-08-04T08:33:46.170268Z
M3,2556,saturated,M3,true,0.000,0.000,0.000,0.000,0.000,0.000,0.000,483134,370261,116219904,34578432,0,484099,2026-08-04T08:33:46.170268Z
M3,2557,saturated,M3,true,0.000,0.000,0.000,0.000,0.000,0.000,0.000,483134,370261,116219904,34578432,0,484099,2026-08-04T08:33:46.170268Z
M3,2558,saturated,M3,true,0.000,0.000,0.000,0.000,0.000,0.000,0.000,483134,370261,116219904,34578432,0,484099,2026-08-04T08:33:46.170268Z
M3,2559,saturated,M3,true,0.000,0.000,0.000,0.000,0.000,0.000,0.000,483134,370261,116219904,34578432,0,484099,2026-08-04T08:33:46.170268Z
M3,2560,saturated,M3,true,0.000,0.000,0.000,0.000,0.000,0.000,0.000,483134,370261,116219904,34578432,0,484099,2026-08-04T08:33:46.170268Z
M3,2561,saturated,M3,true,0.000,0.000,0.000,0.000,0.000,0.000,0.000,483134,370261,116219904,34578432,0,484099,2026-08-04T08:33:46.170268Z
M3,2562,saturated,M3,true,0.000,0.000,0.000,0.000,0.000,0.000,0.000,483134,370261,116219904,34578432,0,484099,2026-08-04T08:33:46.170268Z
M3,2563,saturated,M3,true,0.000,0.000,0.000,0.000,0.000,0.000,0.000,483134,370261,116219904,34578432,0,484099,2026-08-04T08:33:46.170268Z
M3,2564,saturated,M3,true,0.000,0.000,0.000,0.000,0.000,0.000,0.000,483134,370261,116219904,34578432,0,484099,2026-08-04T08:33:46.170268Z
M3,2565,saturated,M3,true,0.000,0.000,0.000,0.000,0.000,0.000,0.000,483134,370261,116219904,34578432,0,484099,2026-08-04T08:33:46.170268Z
M3,2566,saturated,M3,true,0.000,0.000,0.000,0.000,0.000,0.000,0.000,483134,370261,116219904,34578432,0,484099,2026-08-04T08:33:46.170268Z
M3,2567,saturated,M3,true,0.000,0.000,0.000,0.000,0.000,0.000,0.000,483134,370261,116219904,34578432,0,484099,2026-08-04T08:33:46.170268Z
M3,2568,saturated,M3,true,0.000,0.000,0.000,0.000,0.000,0.000,0.000,483134,370261,116219904,34578432,0,484099,2026-08-04T08:33:46.170268Z
M3,2569,saturated,M3,true,0.000,0.000,0.000,0.000,0.000,0.000,0.000,483134,370261,116219904,34578432,0,484099,2026-08-04T08:33:46.170268Z
M3,2570,saturated,M3,true,0.000,0.000,0.000,0.000,0.000,0.000,0.000,483134,370261,116219904,34578432,0,484099,2026-08-04T08:33:46.170268Z
M3,2571,saturated,M3,true,0.000,0.000,0.000,0.000,0.000,0.000,0.000,483134,370261,116219904,34578432,0,484099,2026-08-04T08:33:46.170268Z
M3,2572,saturated,M3,true,0.000,0.000,0.000,0.000,0.000,0.000,0.000,483134,370261,116219904,34578432,0,484099,2026-08-04T08:33:46.170268Z
M3,2573,saturated,M3,true,0.000,0.000,0.000,0.000,0.000,0.000,0.000,483134,370261,116219904,34578432,0,484099,2026-08-04T08:33:46.170268Z
M3,2574,saturated,M3,true,0.000,0.000,0.000,0.000,0.000,0.000,0.000,483134,370261,116219904,34578432,0,484099,2026-08-04T08:33:46.170268Z
M3,2575,saturated,M3,true,0.000,0.000,0.000,0.000,0.000,0.000,0.000,483134,370261,116219904,34578432,0,484099,2026-08-04T08:33:46.170268Z
M3,2576,saturated,M3,true,0.000,0.000,0.000,0.000,0.000,0.000,0.000,483134,370261,116219904,34578432,0,484099,2026-08-04T08:33:46.170268Z
M3,2577,saturated,M3,true,0.000,0.000,0.000,0.000,0.000,0.000,0.000,483134,370261,116219904,34578432,0,484099,2026-08-04T08:33:46.170268Z
M3,2578,saturated,M3,true,0.000,0.000,0.000,0.000,0.000,0.000,0.000,483134,370261,116219904,34578432,0,484099,2026-08-04T08:33:46.170268Z
M3,2579,saturated,M3,true,0.000,0.000,0.000,0.000,0.000,0.000,0.000,483134,370261,116219904,34578432,0,484099,2026-08-04T08:33:46.170268Z
M3,2580,saturated,M3,true,0.000,0.000,0.000,0.000,0.000,0.000,0.000,483134,370261,116219904,34578432,0,484099,2026-08-04T08:33:46.170268Z
M3,2581,saturated,M3,true,0.000,0.000,0.000,0.000,0.000,0.000,0.000,483134,370261,116219904,34578432,0,484099,2026-08-04T08:33:46.170268Z
M3,2582,saturated,M3,true,0.000,0.000,0.000,0.000,0.000,0.000,0.000,483134,370261,116219904,34578432,0,484099,2026-08-04T08:33:46.170268Z
M3,2583,saturated,M3,true,0.000,0.000,0.000,0.000,0.000,0.000,0.000,483134,370261,116219904,34578432,0,484099,2026-08-04T08:33:46.170268Z
M3,2584,saturated,M3,true,0.000,0.000,0.000,0.000,0.000,0.000,0.000,483134,370261,116219904,34578432,0,484099,2026-08-04T08:33:46.170268Z
M3,2585,saturated,M3,true,0.000,0.000,0.000,0.000,0.000,0.000,0.000,483134,370261,116219904,34578432,0,484099,2026-08-04T08:33:46.170268Z
M3,2586,saturated,M3,true,0.000,0.000,0.000,0.000,0.000,0.000,0.000,483134,370261,116219904,34578432,0,484099,2026-08-04T08:33:46.170268Z
M3,2587,saturated,M3,true,0.000,0.000,0.000,0.000,0.000,0.000,0.000,483134,370261,116219904,34578432,0,484099,2026-08-04T08:33:46.170268Z
M3,2588,saturated,M3,true,0.000,0.000,0.000,0.000,0.000,0.000,0.000,483134,370261,116219904,34578432,0,484099,2026-08-04T08:33:46.170268Z
M3,2589,saturated,M3,true,0.000,0.000,0.000,0.000,0.000,0.000,0.000,483134,370261,116219904,34578432,0,484099,2026-08-04T08:33:46.170268Z
M3,2590,saturated,M3,true,0.000,0.000,0.000,0.000,0.000,0.000,0.000,483134,370261,116219904,34578432,0,484099,2026-08-04T08:33:46.170268Z
M3,2591,saturated,M3,true,0.000,0.000,0.000,0.000,0.000,0.000,0.000,483134,370261,116219904,34578432,0,484099,2026-08-04T08:33:46.170268Z
M3,2592,saturated,M3,true,0.000,0.000,0.000,0.000,0.000,0.000,0.000,483134,370261,116219904,34578432,0,484099,2026-08-04T08:33:46.170268Z
M3,2593,saturated,M3,true,0.000,0.000,0.000,0.000,0.000,0.000,0.000,483134,370261,116219904,34578432,0,484099,2026-08-04T08:33:46.170268Z
M3,2594,saturated,M3,true,0.000,0.000,0.000,0.000,0.000,0.000,0.000,483134,370261,116219904,34578432,0,484099,2026-08-04T08:33:46.170268Z
M3,2595,saturated,M3,true,0.000,0.000,0.000,0.000,0.000,0.000,0.000,483134,370261,116219904,34578432,0,484099,2026-08-04T08:33:46.170268Z
M3,2596,saturated,M3,true,0.000,0.000,0.000,0.000,0.000,0.000,0.000,483134,370261,116219904,34578432,0,484099,2026-08-04T08:33:46.170268Z
M3,2597,saturated,M3,true,0.000,0.000,0.000,0.000,0.000,0.000,0.000,483134,370261,116219904,34578432,0,484099,2026-08-04T08:33:46.170268Z
M3,2598,saturated,M3,true,0.000,0.000,0.000,0.000,0.000,0.000,0.000,483134,370261,116219904,34578432,0,484099,2026-08-04T08:33:46.170268Z
M3,2599,saturated,M3,true,0.000,0.000,0.000,0.000,0.000,0.000,0.000,483134,370261,116219904,34578432,0,484099,2026-08-04T08:33:46.170268Z
M3,2600,saturated,M3,true,0.000,0.000,0.000,0.000,0.000,0.000,0.000,483134,370261,116219904,34578432,0,484099,2026-08-04T08:33:46.170268Z
M3,2601,saturated,M3,true,0.000,0.000,0.000,0.000,0.000,0.000,0.000,483134,370261,116219904,34578432,0,484099,2026-08-04T08:33:46.170268Z
M3,2602,saturated,M3,true,0.000,0.000,0.000,0.000,0.000,0.000,0.000,483134,370261,116219904,34578432,0,484099,2026-08-04T08:33:46.170268Z
M3,2603,saturated,M3,true,0.000,0.000,0.000,0.000,0.000,0.000,0.000,483134,370261,116219904,34578432,0,484099,2026-08-04T08:33:46.170268Z
M3,2604,saturated,M3,true,0.000,0.000,0.000,0.000,0.000,0.000,0.000,483134,370261,116219904,34578432,0,484099,2026-08-04T08:33:46.170268Z
M3,2605,saturated,M3,true,0.000,0.000,0.000,0.000,0.000,0.000,0.000,483134,370261,116219904,34578432,0,484099,2026-08-04T08:33:46.170268Z
M3,2606,saturated,M3,true,0.000,0.000,0.000,0.000,0.000,0.000,0.000,483134,370261,116219904,34578432,0,484099,2026-08-04T08:33:46.170268Z
M3,2607,saturated,M3,true,0.000,0.000,0.000,0.000,0.000,0.000,0.000,483134,370261,116219904,34578432,0,484099,2026-08-04T08:33:46.170268Z
M3,2608,saturated,M3,true,0.000,0.000,0.000,0.000,0.000,0.000,0.000,483134,370261,116219904,34578432,0,484099,2026-08-04T08:33:46.170268Z
M3,2609,saturated,M3,true,0.000,0.000,0.000,0.000,0.000,0.000,0.000,483134,370261,116219904,34578432,0,484099,2026-08-04T08:33:46.170268Z
M3,2610,saturated,M3,true,0.000,0.000,0.000,0.000,0.000,0.000,0.000,483134,370261,116219904,34578432,0,484099,2026-08-04T08:33:46.170268Z
M3,2611,saturated,M3,true,0.000,0.000,0.000,0.000,0.000,0.000,0.000,483134,370261,116219904,34578432,0,484099,2026-08-04T08:33:46.170268Z
M3,2612,saturated,M3,true,0.000,0.000,0.000,0.000,0.000,0.000,0.000,483134,370261,116219904,34578432,0,484099,2026-08-04T08:33:46.170268Z
M3,2613,saturated,M3,true,0.000,0.000,0.000,0.000,0.000,0.000,0.000,483134,370261,116219904,34578432,0,484099,2026-08-04T08:33:46.170268Z
M3,2614,saturated,M3,true,0.000,0.000,0.000,0.000,0.000,0.000,0.000,483134,370261,116219904,34578432,0,484099,2026-08-04T08:33:46.170268Z
M3,2615,saturated,M3,true,0.000,0.000,0.000,0.000,0.000,0.000,0.000,483134,370261,116219904,34578432,0,484099,2026-08-04T08:33:46.170268Z
M3,2616,saturated,M3,true,0.000,0.000,0.000,0.000,0.000,0.000,0.000,483134,370261,116219904,34578432,0,484099,2026-08-04T08:33:46.170268Z
M3,2617,saturated,M3,true,0.000,0.000,0.000,0.000,0.000,0.000,0.000,483134,370261,116219904,34578432,0,484099,2026-08-04T08:33:46.170268Z
M3,2618,saturated,M3,true,0.000,0.000,0.000,0.000,0.000,0.000,0.000,483134,370261,116219904,34578432,0,484099,2026-08-04T08:33:46.170268Z
M3,2619,saturated,M3,true,0.000,0.000,0.000,0.000,0.000,0.000,0.000,483134,370261,116219904,34578432,0,484099,2026-08-04T08:33:46.170268Z
M3,2620,saturated,M3,true,0.000,0.000,0.000,0.000,0.000,0.000,0.000,483134,370261,116219904,34578432,0,484099,2026-08-04T08:33:46.170268Z
M3,2621,saturated,M3,true,0.000,0.000,0.000,0.000,0.000,0.000,0.000,483134,370261,116219904,34578432,0,484099,2026-08-04T08:33:46.170268Z
M3,2622,saturated,M3,true,0.000,0.000,0.000,0.000,0.000,0.000,0.000,483134,370261,116219904,34578432,0,484099,2026-08-04T08:33:46.170268Z
M3,2623,saturated,M3,true,0.000,0.000,0.000,0.000,0.000,0.000,0.000,483134,370261,116219904,34578432,0,484099,2026-08-04T08:33:46.170268Z
M3,2624,saturated,M3,true,0.000,0.000,0.000,0.000,0.000,0.000,0.000,483134,370261,116219904,34578432,0,484099,2026-08-04T08:33:46.170268Z
M3,2625,saturated,M3,true,0.000,0.000,0.000,0.000,0.000,0.000,0.000,483134,370261,116219904,34578432,0,484099,2026-08-04T08:33:46.170268Z
M3,2626,saturated,M3,true,0.000,0.000,0.000,0.000,0.000,0.000,0.000,483134,370261,116219904,34578432,0,484099,2026-08-04T08:33:46.170268Z
M3,2627,saturated,M3,true,0.000,0.000,0.000,0.000,0.000,0.000,0.000,483134,370261,116219904,34578432,0,484099,2026-08-04T08:33:46.170268Z
M3,2628,saturated,M3,true,0.000,0.000,0.000,0.000,0.000,0.000,0.000,483134,370261,116219904,34578432,0,484099,2026-08-04T08:33:46.170268Z
M3,2629,saturated,M3,true,0.000,0.000,0.000,0.000,0.000,0.000,0.000,483134,370261,116219904,34578432,0,484099,2026-08-04T08:33:46.170268Z
M3,2630,saturated,M3,true,0.000,0.000,0.000,0.000,0.000,0.000,0.000,483134,370261,116219904,34578432,0,484099,2026-08-04T08:33:46.170268Z
M3,2631,saturated,M3,true,0.000,0.000,0.000,0.000,0.000,0.000,0.000,483134,370261,116219904,34578432,0,484099,2026-08-04T08:33:46.170268Z
M3,2632,saturated,M3,true,0.000,0.000,0.000,0.000,0.000,0.000,0.000,483134,370261,116219904,34578432,0,484099,2026-08-04T08:33:46.170268Z
M3,2633,saturated,M3,true,0.000,0.000,0.000,0.000,0.000,0.000,0.000,483134,370261,116219904,34578432,0,484099,2026-08-04T08:33:46.170268Z
M3,2634,saturated,M3,true,0.000,0.000,0.000,0.000,0.000,0.000,0.000,483134,370261,116219904,34578432,0,484099,2026-08-04T08:33:46.170268Z
M3,2635,saturated,M3,true,0.000,0.000,0.000,0.000,0.000,0.000,0.000,483134,370261,116219904,34578432,0,484099,2026-08-04T08:33:46.170268Z
M3,2636,saturated,M3,true,0.000,0.000,0.000,0.000,0.000,0.000,0.000,483134,370261,116219904,34578432,0,484099,2026-08-04T08:33:46.170268Z
M3,2637,saturated,M3,true,0.000,0.000,0.000,0.000,0.000,0.000,0.000,483134,370261,116219904,34578432,0,484099,2026-08-04T08:33:46.170268Z
M3,2638,saturated,M3,true,0.000,0.000,0.000,0.000,0.000,0.000,0.000,483134,370261,116219904,34578432,0,484099,2026-08-04T08:33:46.170268Z
M3,2639,saturated,M3,true,0.000,0.000,0.000,0.000,0.000,0.000,0.000,483134,370261,116219904,34578432,0,484099,2026-08-04T08:33:46.170268Z
M3,2640,saturated,M3,true,0.000,0.000,0.000,0.000,0.000,0.000,0.000,483134,370261,116219904,34578432,0,484099,2026-08-04T08:33:46.170268Z
M3,2641,saturated,M3,true,0.000,0.000,0.000,0.000,0.000,0.000,0.000,483134,370261,116219904,34578432,0,484099,2026-08-04T08:33:46.170268Z
M3,2642,saturated,M3,true,0.000,0.000,0.000,0.000,0.000,0.000,0.000,483134,370261,116219904,34578432,0,484099,2026-08-04T08:33:46.170268Z
M3,2643,saturated,M3,true,0.000,0.000,0.000,0.000,0.000,0.000,0.000,483134,370261,116219904,34578432,0,484099,2026-08-04T08:33:46.170268Z
M3,2644,saturated,M3,true,0.000,0.000,0.000,0.000,0.000,0.000,0.000,483134,370261,116219904,34578432,0,484099,2026-08-04T08:33:46.170268Z
M3,2645,saturated,M3,true,0.000,0.000,0.000,0.000,0.000,0.000,0.000,483134,370261,116219904,34578432,0,484099,2026-08-04T08:33:46.170268Z
M3,2646,saturated,M3,true,0.000,0.000,0.000,0.000,0.000,0.000,0.000,483134,370261,116219904,34578432,0,484099,2026-08-04T08:33:46.170268Z
M3,2647,saturated,M3,true,0.000,0.000,0.000,0.000,0.000,0.000,0.000,483134,370261,116219904,34578432,0,484099,2026-08-04T08:33:46.170268Z
M3,2648,saturated,M3,true,0.000,0.000,0.000,0.000,0.000,0.000,0.000,483134,370261,116219904,34578432,0,484099,2026-08-04T08:33:46.170268Z
M3,2649,saturated,M3,true,0.000,0.000,0.000,0.000,0.000,0.000,0.000,483134,370261,116219904,34578432,0,484099,2026-08-04T08:33:46.170268Z
M3,2650,saturated,M3,true,0.000,0.000,0.000,0.000,0.000,0.000,0.000,483134,370261,116219904,34578432,0,484099,2026-08-04T08:33:46.170268Z
M3,2651,saturated,M3,true,0.000,0.000,0.000,0.000,0.000,0.000,0.000,483134,370261,116219904,34578432,0,484099,2026-08-04T08:33:46.170268Z
M3,2652,saturated,M3,true,0.000,0.000,0.000,0.000,0.000,0.000,0.000,483134,370261,116219904,34578432,0,484099,2026-08-04T08:33:46.170268Z
M3,2653,saturated,M3,true,0.000,0.000,0.000,0.000,0.000,0.000,0.000,483134,370261,116219904,34578432,0,484099,2026-08-04T08:33:46.170268Z
M3,2654,saturated,M3,true,0.000,0.000,0.000,0.000,0.000,0.000,0.000,483134,370261,116219904,34578432,0,484099,2026-08-04T08:33:46.170268Z
M3,2655,saturated,M3,true,0.000,0.000,0.000,0.000,0.000,0.000,0.000,483134,370261,116219904,34578432,0,484099,2026-08-04T08:33:46.170268Z
M3,2656,saturated,M3,true,0.000,0.000,0.000,0.000,0.000,0.000,0.000,483134,370261,116219904,34578432,0,484099,2026-08-04T08:33:46.170268Z
M3,2657,saturated,M3,true,0.000,0.000,0.000,0.000,0.000,0.000,0.000,483134,370261,116219904,34578432,0,484099,2026-08-04T08:33:46.170268Z
M3,2658,saturated,M3,true,0.000,0.000,0.000,0.000,0.000,0.000,0.000,483134,370261,116219904,34578432,0,484099,2026-08-04T08:33:46.170268Z
M3,2659,saturated,M3,true,0.000,0.000,0.000,0.000,0.000,0.000,0.000,483134,370261,116219904,34578432,0,484099,2026-08-04T08:33:46.170268Z
M3,2660,saturated,M3,true,0.000,0.000,0.000,0.000,0.000,0.000,0.000,483134,370261,116219904,34578432,0,484099,2026-08-04T08:33:46.170268Z
M3,2661,saturated,M3,true,0.000,0.000,0.000,0.000,0.000,0.000,0.000,483134,370261,116219904,34578432,0,484099,2026-08-04T08:33:46.170268Z
M3,2662,saturated,M3,true,0.000,0.000,0.000,0.000,0.000,0.000,0.000,483134,370261,116219904,34578432,0,484099,2026-08-04T08:33:46.170268Z
M3,2663,saturated,M3,true,0.000,0.000,0.000,0.000,0.000,0.000,0.000,483134,370261,116219904,34578432,0,484099,2026-08-04T08:33:46.170268Z
M3,2664,saturated,M3,true,0.000,0.000,0.000,0.000,0.000,0.000,0.000,483134,370261,116219904,34578432,0,484099,2026-08-04T08:33:46.170268Z
M3,2665,saturated,M3,true,0.000,0.000,0.000,0.000,0.000,0.000,0.000,483134,370261,116219904,34578432,0,484099,2026-08-04T08:33:46.170268Z
M3,2666,saturated,M3,true,0.000,0.000,0.000,0.000,0.000,0.000,0.000,483134,370261,116219904,34578432,0,484099,2026-08-04T08:33:46.170268Z
M3,2667,saturated,M3,true,0.000,0.000,0.000,0.000,0.000,0.000,0.000,483134,370261,116219904,34578432,0,484099,2026-08-04T08:33:46.170268Z
M3,2668,saturated,M3,true,0.000,0.000,0.000,0.000,0.000,0.000,0.000,483134,370261,116219904,34578432,0,484099,2026-08-04T08:33:46.170268Z
M3,2669,saturated,M3,true,0.000,0.000,0.000,0.000,0.000,0.000,0.000,483134,370261,116219904,34578432,0,484099,2026-08-04T08:33:46.170268Z
M3,2670,saturated,M3,true,0.000,0.000,0.000,0.000,0.000,0.000,0.000,483134,370261,116219904,34578432,0,484099,2026-08-04T08:33:46.170268Z
M3,2671,saturated,M3,true,0.000,0.000,0.000,0.000,0.000,0.000,0.000,483134,370261,116219904,34578432,0,484099,2026-08-04T08:33:46.170268Z
M3,2672,saturated,M3,true,0.000,0.000,0.000,0.000,0.000,0.000,0.000,483134,370261,116219904,34578432,0,484099,2026-08-04T08:33:46.170268Z
M3,2673,saturated,M3,true,0.000,0.000,0.000,0.000,0.000,0.000,0.000,483134,370261,116219904,34578432,0,484099,2026-08-04T08:33:46.170268Z
M3,2674,saturated,M3,true,0.000,0.000,0.000,0.000,0.000,0.000,0.000,483134,370261,116219904,34578432,0,484099,2026-08-04T08:33:46.170268Z
M3,2675,saturated,M3,true,0.000,0.000,0.000,0.000,0.000,0.000,0.000,483134,370261,116219904,34578432,0,484099,2026-08-04T08:33:46.170268Z
M3,2676,saturated,M3,true,0.000,0.000,0.000,0.000,0.000,0.000,0.000,483134,370261,116219904,34578432,0,484099,2026-08-04T08:33:46.170268Z
M3,2677,saturated,M3,true,0.000,0.000,0.000,0.000,0.000,0.000,0.000,483134,370261,116219904,34578432,0,484099,2026-08-04T08:33:46.170268Z
M3,2678,saturated,M3,true,0.000,0.000,0.000,0.000,0.000,0.000,0.000,483134,370261,116219904,34578432,0,484099,2026-08-04T08:33:46.170268Z
M3,2679,saturated,M3,true,0.000,0.000,0.000,0.000,0.000,0.000,0.000,483134,370261,116219904,34578432,0,484099,2026-08-04T08:33:46.170268Z
M3,2680,saturated,M3,true,0.000,0.000,0.000,0.000,0.000,0.000,0.000,483134,370261,116219904,34578432,0,484099,2026-08-04T08:33:46.170268Z
M3,2681,saturated,M3,true,0.000,0.000,0.000,0.000,0.000,0.000,0.000,483134,370261,116219904,34578432,0,484099,2026-08-04T08:33:46.170268Z
M3,2682,saturated,M3,true,0.000,0.000,0.000,0.000,0.000,0.000,0.000,483134,370261,116219904,34578432,0,484099,2026-08-04T08:33:46.170268Z
M3,2683,saturated,M3,true,0.000,0.000,0.000,0.000,0.000,0.000,0.000,483134,370261,116219904,34578432,0,484099,2026-08-04T08:33:46.170268Z
M3,2684,saturated,M3,true,0.000,0.000,0.000,0.000,0.000,0.000,0.000,483134,370261,116219904,34578432,0,484099,2026-08-04T08:33:46.170268Z
M3,2685,saturated,M3,true,0.000,0.000,0.000,0.000,0.000,0.000,0.000,483134,370261,116219904,34578432,0,484099,2026-08-04T08:33:46.170268Z
M3,2686,saturated,M3,true,0.000,0.000,0.000,0.000,0.000,0.000,0.000,483134,370261,116219904,34578432,0,484099,2026-08-04T08:33:46.170268Z
M3,2687,saturated,M3,true,0.000,0.000,0.000,0.000,0.000,0.000,0.000,483134,370261,116219904,34578432,0,484099,2026-08-04T08:33:46.170268Z
M3,2688,saturated,M3,true,0.000,0.000,0.000,0.000,0.000,0.000,0.000,483134,370261,116219904,34578432,0,484099,2026-08-04T08:33:46.170268Z
M3,2689,saturated,M3,true,0.000,0.000,0.000,0.000,0.000,0.000,0.000,483134,370261,116219904,34578432,0,484099,2026-08-04T08:33:46.170268Z
M3,2690,saturated,M3,true,0.000,0.000,0.000,0.000,0.000,0.000,0.000,483134,370261,116219904,34578432,0,484099,2026-08-04T08:33:46.170268Z
M3,2691,saturated,M3,true,0.000,0.000,0.000,0.000,0.000,0.000,0.000,483134,370261,116219904,34578432,0,484099,2026-08-04T08:33:46.170268Z
M3,2692,saturated,M3,true,0.000,0.000,0.000,0.000,0.000,0.000,0.000,483134,370261,116219904,34578432,0,484099,2026-08-04T08:33:46.170268Z
M3,2693,saturated,M3,true,0.000,0.000,0.000,0.000,0.000,0.000,0.000,483134,370261,116219904,34578432,0,484099,2026-08-04T08:33:46.170268Z
M3,2694,saturated,M3,true,0.000,0.000,0.000,0.000,0.000,0.000,0.000,483134,370261,116219904,34578432,0,484099,2026-08-04T08:33:46.170268Z
M3,2695,saturated,M3,true,0.000,0.000,0.000,0.000,0.000,0.000,0.000,483134,370261,116219904,34578432,0,484099,2026-08-04T08:33:46.170268Z
M3,2696,saturated,M3,true,0.000,0.000,0.000,0.000,0.000,0.000,0.000,483134,370261,116219904,34578432,0,484099,2026-08-04T08:33:46.170268Z
M3,2697,saturated,M3,true,0.000,0.000,0.000,0.000,0.000,0.000,0.000,483134,370261,116219904,34578432,0,484099,2026-08-04T08:33:46.170268Z
M3,2698,saturated,M3,true,0.000,0.000,0.000,0.000,0.000,0.000,0.000,483134,370261,116219904,34578432,0,484099,2026-08-04T08:33:46.170268Z
M3,2699,saturated,M3,true,0.000,0.000,0.000,0.000,0.000,0.000,0.000,483134,370261,116219904,34578432,0,484099,2026-08-04T08:33:46.170268Z
