t_seconds,wall_clock,probe_kind,query_ms,row_count
0,2026-08-04T08:23:27.067556Z,fast,5,22
0,2026-08-04T08:23:27.072816Z,slow,4,7
0,2026-08-04T08:23:27.553686Z,fast,0,0
1,2026-08-04T08:23:28.053246Z,fast,1,0
1,2026-08-04T08:23:28.553892Z,fast,5,68
2,2026-08-04T08:23:29.053725Z,slow,2,22
2,2026-08-04T08:23:29.053740Z,fast,2,21
2,2026-08-04T08:23:29.553159Z,fast,2,120
3,2026-08-04T08:23:30.053483Z,fast,3,142
3,2026-08-04T08:23:30.553300Z,fast,0,0
4,2026-08-04T08:23:31.053211Z,fast,1,32
4,2026-08-04T08:23:31.053211Z,slow,5,221
4,2026-08-04T08:23:31.555629Z,fast,3,228
5,2026-08-04T08:23:32.054225Z,fast,1,27
5,2026-08-04T08:23:32.552862Z,fast,2,40
6,2026-08-04T08:23:33.054104Z,fast,0,1
6,2026-08-04T08:23:33.054103Z,slow,1,0
6,2026-08-04T08:23:33.553432Z,fast,0,0
7,2026-08-04T08:23:34.054165Z,fast,0,0
7,2026-08-04T08:23:34.554123Z,fast,0,0
8,2026-08-04T08:23:35.053027Z,fast,1,24
8,2026-08-04T08:23:35.053024Z,slow,1,0
8,2026-08-04T08:23:35.553282Z,fast,0,36
9,2026-08-04T08:23:36.053232Z,fast,1,12
9,2026-08-04T08:23:36.553149Z,fast,0,12
10,2026-08-04T08:23:37.052861Z,fast,4,272
10,2026-08-04T08:23:37.052861Z,slow,5,277
10,2026-08-04T08:23:37.553230Z,fast,1,21
11,2026-08-04T08:23:38.052810Z,fast,2,25
11,2026-08-04T08:23:38.553985Z,fast,1,21
12,2026-08-04T08:23:39.055605Z,fast,1,37
12,2026-08-04T08:23:39.055596Z,slow,3,178
12,2026-08-04T08:23:39.552699Z,fast,3,167
13,2026-08-04T08:23:40.054567Z,fast,0,0
13,2026-08-04T08:23:40.554344Z,fast,0,0
14,2026-08-04T08:23:41.054043Z,fast,4,252
14,2026-08-04T08:23:41.054041Z,slow,5,251
14,2026-08-04T08:23:41.552889Z,fast,3,157
15,2026-08-04T08:23:42.053609Z,fast,3,227
15,2026-08-04T08:23:42.552849Z,fast,0,24
16,2026-08-04T08:23:43.053448Z,slow,1,9
16,2026-08-04T08:23:43.053449Z,fast,1,9
16,2026-08-04T08:23:43.555315Z,fast,1,59
17,2026-08-04T08:23:44.053432Z,fast,0,0
17,2026-08-04T08:23:44.552879Z,fast,0,0
18,2026-08-04T08:23:45.052963Z,fast,17,207
18,2026-08-04T08:23:45.052970Z,slow,37,271
18,2026-08-04T08:23:45.552778Z,fast,3,111
19,2026-08-04T08:23:46.053517Z,fast,0,0
19,2026-08-04T08:23:46.553653Z,fast,1,13
20,2026-08-04T08:23:47.056030Z,fast,2,39
20,2026-08-04T08:23:47.056030Z,slow,6,260
20,2026-08-04T08:23:47.556024Z,fast,35,260
21,2026-08-04T08:23:48.054582Z,fast,6,259
21,2026-08-04T08:23:48.553739Z,fast,0,0
22,2026-08-04T08:23:49.054759Z,slow,2,86
22,2026-08-04T08:23:49.054758Z,fast,3,187
22,2026-08-04T08:23:49.553518Z,fast,2,126
23,2026-08-04T08:23:50.052514Z,fast,2,155
23,2026-08-04T08:23:50.554136Z,fast,0,0
24,2026-08-04T08:23:51.052540Z,fast,2,201
24,2026-08-04T08:23:51.052534Z,slow,4,201
24,2026-08-04T08:23:51.554602Z,fast,0,0
25,2026-08-04T08:23:52.054094Z,fast,0,0
25,2026-08-04T08:23:52.552626Z,fast,9,245
26,2026-08-04T08:23:53.053400Z,fast,1,7
26,2026-08-04T08:23:53.053400Z,slow,1,9
26,2026-08-04T08:23:53.554002Z,fast,10,0
27,2026-08-04T08:23:54.053455Z,fast,0,0
27,2026-08-04T08:23:54.553222Z,fast,0,0
28,2026-08-04T08:23:55.052798Z,slow,2,97
28,2026-08-04T08:23:55.052855Z,fast,3,164
28,2026-08-04T08:23:55.552578Z,fast,1,144
29,2026-08-04T08:23:56.052359Z,fast,0,0
29,2026-08-04T08:23:56.552680Z,fast,2,179
30,2026-08-04T08:23:57.053561Z,fast,1,9
30,2026-08-04T08:23:57.053571Z,slow,1,9
30,2026-08-04T08:23:57.552408Z,fast,0,0
31,2026-08-04T08:23:58.054372Z,fast,0,0
31,2026-08-04T08:23:58.552347Z,fast,0,0
32,2026-08-04T08:23:59.054207Z,fast,3,249
32,2026-08-04T08:23:59.054194Z,slow,4,250
32,2026-08-04T08:23:59.553977Z,fast,2,86
33,2026-08-04T08:24:00.052305Z,fast,3,265
33,2026-08-04T08:24:00.552716Z,fast,3,231
34,2026-08-04T08:24:01.052333Z,fast,3,163
34,2026-08-04T08:24:01.052333Z,slow,3,162
34,2026-08-04T08:24:01.552980Z,fast,0,0
35,2026-08-04T08:24:02.053514Z,fast,0,0
35,2026-08-04T08:24:02.552533Z,fast,2,112
36,2026-08-04T08:24:03.052548Z,slow,2,57
36,2026-08-04T08:24:03.052548Z,fast,2,174
36,2026-08-04T08:24:03.552929Z,fast,0,0
37,2026-08-04T08:24:04.053188Z,fast,0,0
37,2026-08-04T08:24:04.553451Z,fast,0,41
38,2026-08-04T08:24:05.053582Z,fast,8,275
38,2026-08-04T08:24:05.053638Z,slow,8,278
38,2026-08-04T08:24:05.553165Z,fast,0,0
39,2026-08-04T08:24:06.054600Z,fast,2,247
39,2026-08-04T08:24:06.554376Z,fast,1,145
40,2026-08-04T08:24:07.052249Z,slow,6,207
40,2026-08-04T08:24:07.052249Z,fast,6,195
40,2026-08-04T08:24:07.552304Z,fast,0,0
41,2026-08-04T08:24:08.052380Z,fast,0,0
41,2026-08-04T08:24:08.553064Z,fast,0,0
42,2026-08-04T08:24:09.052108Z,fast,1,22
42,2026-08-04T08:24:09.052108Z,slow,1,21
42,2026-08-04T08:24:09.552339Z,fast,6,141
43,2026-08-04T08:24:10.052871Z,fast,0,0
43,2026-08-04T08:24:10.552468Z,fast,8,250
44,2026-08-04T08:24:11.053560Z,fast,4,289
44,2026-08-04T08:24:11.053522Z,slow,10,291
44,2026-08-04T08:24:11.552966Z,fast,1,0
45,2026-08-04T08:24:12.052322Z,fast,1,144
45,2026-08-04T08:24:12.554788Z,fast,1,13
46,2026-08-04T08:24:13.053824Z,fast,1,72
46,2026-08-04T08:24:13.053806Z,slow,2,130
46,2026-08-04T08:24:13.555150Z,fast,2,119
47,2026-08-04T08:24:14.052355Z,fast,0,0
47,2026-08-04T08:24:14.554213Z,fast,0,0
48,2026-08-04T08:24:15.055018Z,slow,6,200
48,2026-08-04T08:24:15.055019Z,fast,6,255
48,2026-08-04T08:24:15.552163Z,fast,3,338
49,2026-08-04T08:24:16.052301Z,fast,0,0
49,2026-08-04T08:24:16.554646Z,fast,1,13
50,2026-08-04T08:24:17.052750Z,fast,1,7
50,2026-08-04T08:24:17.052750Z,slow,1,9
50,2026-08-04T08:24:17.554844Z,fast,3,244
51,2026-08-04T08:24:18.053999Z,fast,0,0
51,2026-08-04T08:24:18.552321Z,fast,0,0
52,2026-08-04T08:24:19.053123Z,fast,1,7
52,2026-08-04T08:24:19.053126Z,slow,1,9
52,2026-08-04T08:24:19.552243Z,fast,0,0
53,2026-08-04T08:24:20.052210Z,fast,0,0
53,2026-08-04T08:24:20.553491Z,fast,1,14
54,2026-08-04T08:24:21.052029Z,fast,3,271
54,2026-08-04T08:24:21.052029Z,slow,3,274
54,2026-08-04T08:24:21.552038Z,fast,1,64
55,2026-08-04T08:24:22.052160Z,fast,0,0
55,2026-08-04T08:24:22.553172Z,fast,2,149
56,2026-08-04T08:24:23.052614Z,fast,0,9
56,2026-08-04T08:24:23.052614Z,slow,1,9
56,2026-08-04T08:24:23.552401Z,fast,0,0
57,2026-08-04T08:24:24.053580Z,fast,0,0
57,2026-08-04T08:24:24.553158Z,fast,1,102
58,2026-08-04T08:24:25.052225Z,fast,0,8
58,2026-08-04T08:24:25.052224Z,slow,0,9
58,2026-08-04T08:24:25.553548Z,fast,0,4
59,2026-08-04T08:24:26.052322Z,fast,0,0
59,2026-08-04T08:24:26.552019Z,fast,0,0
60,2026-08-04T08:24:27.053102Z,slow,2,77
60,2026-08-04T08:24:27.053102Z,fast,2,77
60,2026-08-04T08:24:27.552222Z,fast,3,356
61,2026-08-04T08:24:28.052729Z,fast,2,226
61,2026-08-04T08:24:28.552239Z,fast,3,426
62,2026-08-04T08:24:29.054497Z,fast,1,24
62,2026-08-04T08:24:29.054492Z,slow,1,23
62,2026-08-04T08:24:29.552671Z,fast,1,0
63,2026-08-04T08:24:30.052766Z,fast,0,0
63,2026-08-04T08:24:30.551964Z,fast,0,0
64,2026-08-04T08:24:31.052031Z,fast,1,7
64,2026-08-04T08:24:31.052031Z,slow,1,9
64,2026-08-04T08:24:31.553362Z,fast,0,0
65,2026-08-04T08:24:32.052772Z,fast,0,0
65,2026-08-04T08:24:32.552844Z,fast,0,0
66,2026-08-04T08:24:33.051791Z,slow,1,32
66,2026-08-04T08:24:33.051801Z,fast,1,32
66,2026-08-04T08:24:33.551803Z,fast,3,363
67,2026-08-04T08:24:34.051935Z,fast,3,387
67,2026-08-04T08:24:34.552377Z,fast,3,300
68,2026-08-04T08:24:35.052830Z,fast,2,213
68,2026-08-04T08:24:35.052830Z,slow,3,105
68,2026-08-04T08:24:35.551999Z,fast,0,0
69,2026-08-04T08:24:36.054724Z,fast,1,78
69,2026-08-04T08:24:36.553498Z,fast,3,197
70,2026-08-04T08:24:37.051802Z,fast,4,437
70,2026-08-04T08:24:37.051802Z,slow,7,436
70,2026-08-04T08:24:37.551714Z,fast,2,339
71,2026-08-04T08:24:38.051909Z,fast,1,88
71,2026-08-04T08:24:38.551797Z,fast,2,263
72,2026-08-04T08:24:39.051788Z,slow,0,0
72,2026-08-04T08:24:39.051790Z,fast,0,0
72,2026-08-04T08:24:39.554526Z,fast,3,270
73,2026-08-04T08:24:40.052712Z,fast,0,0
73,2026-08-04T08:24:40.551684Z,fast,0,0
74,2026-08-04T08:24:41.052373Z,fast,1,7
74,2026-08-04T08:24:41.052373Z,slow,1,9
74,2026-08-04T08:24:41.553513Z,fast,0,0
75,2026-08-04T08:24:42.052667Z,fast,0,0
75,2026-08-04T08:24:42.552575Z,fast,4,0
76,2026-08-04T08:24:43.051703Z,slow,0,36
76,2026-08-04T08:24:43.051703Z,fast,0,35
76,2026-08-04T08:24:43.553120Z,fast,0,16
77,2026-08-04T08:24:44.051948Z,fast,0,0
77,2026-08-04T08:24:44.551523Z,fast,3,369
78,2026-08-04T08:24:45.051529Z,fast,4,280
78,2026-08-04T08:24:45.051509Z,slow,6,317
78,2026-08-04T08:24:45.552518Z,fast,3,456
79,2026-08-04T08:24:46.052977Z,fast,0,0
79,2026-08-04T08:24:46.551722Z,fast,2,151
80,2026-08-04T08:24:47.053956Z,fast,2,195
80,2026-08-04T08:24:47.053944Z,slow,4,275
80,2026-08-04T08:24:47.554386Z,fast,1,48
81,2026-08-04T08:24:48.052714Z,fast,4,438
81,2026-08-04T08:24:48.551700Z,fast,0,0
82,2026-08-04T08:24:49.051553Z,fast,0,8
82,2026-08-04T08:24:49.051553Z,slow,0,9
82,2026-08-04T08:24:49.552536Z,fast,0,0
83,2026-08-04T08:24:50.052371Z,fast,0,0
83,2026-08-04T08:24:50.552454Z,fast,0,0
84,2026-08-04T08:24:51.052367Z,fast,2,273
84,2026-08-04T08:24:51.052367Z,slow,7,419
84,2026-08-04T08:24:51.552691Z,fast,1,44
85,2026-08-04T08:24:52.051597Z,fast,2,143
85,2026-08-04T08:24:52.552523Z,fast,1,38
86,2026-08-04T08:24:53.051686Z,fast,1,9
86,2026-08-04T08:24:53.051686Z,slow,1,9
86,2026-08-04T08:24:53.552595Z,fast,0,0
87,2026-08-04T08:24:54.053600Z,fast,0,0
87,2026-08-04T08:24:54.552662Z,fast,0,0
88,2026-08-04T08:24:55.051535Z,fast,4,308
88,2026-08-04T08:24:55.051535Z,slow,11,387
88,2026-08-04T08:24:55.551560Z,fast,4,406
89,2026-08-04T08:24:56.051335Z,fast,2,183
89,2026-08-04T08:24:56.551384Z,fast,3,423
90,2026-08-04T08:24:57.052510Z,fast,0,9
90,2026-08-04T08:24:57.052510Z,slow,0,7
90,2026-08-04T08:24:57.553086Z,fast,5,147
91,2026-08-04T08:24:58.052597Z,fast,0,0
91,2026-08-04T08:24:58.552890Z,fast,2,92
92,2026-08-04T08:24:59.052034Z,fast,2,223
92,2026-08-04T08:24:59.052028Z,slow,4,217
92,2026-08-04T08:24:59.552691Z,fast,2,138
93,2026-08-04T08:25:00.053138Z,fast,0,0
93,2026-08-04T08:25:00.552334Z,fast,0,0
94,2026-08-04T08:25:01.051299Z,slow,0,9
94,2026-08-04T08:25:01.051299Z,fast,0,9
94,2026-08-04T08:25:01.552295Z,fast,2,212
95,2026-08-04T08:25:02.054327Z,fast,2,183
95,2026-08-04T08:25:02.553778Z,fast,1,96
96,2026-08-04T08:25:03.051901Z,slow,1,148
96,2026-08-04T08:25:03.051903Z,fast,1,183
96,2026-08-04T08:25:03.551598Z,fast,0,0
97,2026-08-04T08:25:04.051240Z,fast,1,0
97,2026-08-04T08:25:04.551375Z,fast,0,0
98,2026-08-04T08:25:05.052370Z,slow,1,6
98,2026-08-04T08:25:05.052370Z,fast,1,9
98,2026-08-04T08:25:05.551294Z,fast,1,101
99,2026-08-04T08:25:06.052836Z,fast,0,0
99,2026-08-04T08:25:06.554185Z,fast,2,252
100,2026-08-04T08:25:07.051155Z,slow,3,86
100,2026-08-04T08:25:07.051155Z,fast,3,419
100,2026-08-04T08:25:07.551347Z,fast,3,277
101,2026-08-04T08:25:08.051304Z,fast,1,85
101,2026-08-04T08:25:08.552182Z,fast,2,110
102,2026-08-04T08:25:09.053522Z,fast,3,308
102,2026-08-04T08:25:09.053507Z,slow,5,308
102,2026-08-04T08:25:09.551168Z,fast,3,215
103,2026-08-04T08:25:10.051142Z,fast,2,195
103,2026-08-04T08:25:10.551487Z,fast,3,299
104,2026-08-04T08:25:11.051384Z,slow,1,65
104,2026-08-04T08:25:11.051385Z,fast,1,87
104,2026-08-04T08:25:11.552538Z,fast,0,0
105,2026-08-04T08:25:12.051120Z,fast,3,371
105,2026-08-04T08:25:12.551213Z,fast,2,233
106,2026-08-04T08:25:13.051604Z,fast,2,289
106,2026-08-04T08:25:13.051621Z,slow,3,289
106,2026-08-04T08:25:13.553005Z,fast,0,0
107,2026-08-04T08:25:14.052042Z,fast,0,0
107,2026-08-04T08:25:14.552301Z,fast,0,0
108,2026-08-04T08:25:15.051531Z,slow,1,54
108,2026-08-04T08:25:15.051531Z,fast,2,273
108,2026-08-04T08:25:15.552964Z,fast,0,0
109,2026-08-04T08:25:16.050904Z,fast,2,158
109,2026-08-04T08:25:16.553801Z,fast,4,403
110,2026-08-04T08:25:17.052872Z,fast,0,9
110,2026-08-04T08:25:17.052872Z,slow,0,9
110,2026-08-04T08:25:17.551971Z,fast,0,0
111,2026-08-04T08:25:18.053240Z,fast,0,0
111,2026-08-04T08:25:18.553176Z,fast,0,0
112,2026-08-04T08:25:19.052845Z,fast,0,9
112,2026-08-04T08:25:19.052840Z,slow,1,9
112,2026-08-04T08:25:19.552455Z,fast,0,0
113,2026-08-04T08:25:20.053047Z,fast,1,69
113,2026-08-04T08:25:20.551490Z,fast,2,78
114,2026-08-04T08:25:21.050868Z,fast,1,31
114,2026-08-04T08:25:21.050861Z,slow,1,32
114,2026-08-04T08:25:21.550976Z,fast,4,419
115,2026-08-04T08:25:22.053003Z,fast,4,429
115,2026-08-04T08:25:22.551856Z,fast,0,0
116,2026-08-04T08:25:23.051060Z,slow,2,148
116,2026-08-04T08:25:23.051100Z,fast,2,253
116,2026-08-04T08:25:23.551795Z,fast,0,0
117,2026-08-04T08:25:24.050844Z,fast,0,0
117,2026-08-04T08:25:24.550858Z,fast,2,188
118,2026-08-04T08:25:25.051254Z,fast,2,86
118,2026-08-04T08:25:25.051259Z,slow,2,60
118,2026-08-04T08:25:25.550960Z,fast,1,87
119,2026-08-04T08:25:26.053382Z,fast,2,192
119,2026-08-04T08:25:26.550799Z,fast,0,0
120,2026-08-04T08:25:27.051531Z,fast,4,429
120,2026-08-04T08:25:27.051519Z,slow,5,374
120,2026-08-04T08:25:27.550796Z,fast,0,0
121,2026-08-04T08:25:28.054518Z,fast,10,290
121,2026-08-04T08:25:28.550756Z,fast,0,0
122,2026-08-04T08:25:29.050981Z,slow,5,281
122,2026-08-04T08:25:29.050968Z,fast,5,428
122,2026-08-04T08:25:29.553452Z,fast,3,299
123,2026-08-04T08:25:30.052697Z,fast,2,153
123,2026-08-04T08:25:30.552653Z,fast,0,0
124,2026-08-04T08:25:31.050900Z,fast,0,9
124,2026-08-04T08:25:31.050900Z,slow,1,9
124,2026-08-04T08:25:31.552022Z,fast,4,429
125,2026-08-04T08:25:32.050916Z,fast,0,0
125,2026-08-04T08:25:32.551884Z,fast,6,382
126,2026-08-04T08:25:33.052640Z,fast,1,9
126,2026-08-04T08:25:33.052648Z,slow,1,9
126,2026-08-04T08:25:33.551930Z,fast,0,0
127,2026-08-04T08:25:34.053073Z,fast,1,0
127,2026-08-04T08:25:34.552457Z,fast,4,356
128,2026-08-04T08:25:35.051242Z,fast,1,7
128,2026-08-04T08:25:35.051240Z,slow,2,9
128,2026-08-04T08:25:35.552223Z,fast,2,69
129,2026-08-04T08:25:36.051780Z,fast,3,368
129,2026-08-04T08:25:36.551513Z,fast,0,0
130,2026-08-04T08:25:37.052678Z,fast,1,9
130,2026-08-04T08:25:37.052680Z,slow,1,9
130,2026-08-04T08:25:37.551693Z,fast,0,0
131,2026-08-04T08:25:38.050709Z,fast,1,112
131,2026-08-04T08:25:38.550627Z,fast,0,0
132,2026-08-04T08:25:39.051602Z,slow,0,9
132,2026-08-04T08:25:39.051605Z,fast,0,9
132,2026-08-04T08:25:39.550964Z,fast,1,66
133,2026-08-04T08:25:40.050692Z,fast,0,16
133,2026-08-04T08:25:40.551296Z,fast,0,0
134,2026-08-04T08:25:41.051620Z,fast,1,9
134,2026-08-04T08:25:41.051631Z,slow,1,9
134,2026-08-04T08:25:41.550481Z,fast,3,390
135,2026-08-04T08:25:42.051930Z,fast,0,0
135,2026-08-04T08:25:42.552452Z,fast,0,0
136,2026-08-04T08:25:43.051713Z,slow,0,9
136,2026-08-04T08:25:43.051713Z,fast,0,9
136,2026-08-04T08:25:43.552312Z,fast,0,0
137,2026-08-04T08:25:44.052329Z,fast,0,0
137,2026-08-04T08:25:44.551422Z,fast,1,39
138,2026-08-04T08:25:45.050428Z,slow,0,9
138,2026-08-04T08:25:45.050434Z,fast,0,7
138,2026-08-04T08:25:45.551391Z,fast,3,151
139,2026-08-04T08:25:46.050528Z,fast,3,24
139,2026-08-04T08:25:46.552215Z,fast,0,0
140,2026-08-04T08:25:47.052408Z,fast,0,1
140,2026-08-04T08:25:47.052406Z,slow,2,23
140,2026-08-04T08:25:47.550355Z,fast,0,0
141,2026-08-04T08:25:48.050413Z,fast,0,0
141,2026-08-04T08:25:48.550741Z,fast,1,66
142,2026-08-04T08:25:49.052783Z,fast,1,9
142,2026-08-04T08:25:49.052783Z,slow,1,9
142,2026-08-04T08:25:49.551387Z,fast,0,0
143,2026-08-04T08:25:50.051506Z,fast,0,0
143,2026-08-04T08:25:50.552071Z,fast,0,0
144,2026-08-04T08:25:51.050772Z,fast,1,9
144,2026-08-04T08:25:51.050767Z,slow,1,8
144,2026-08-04T08:25:51.550347Z,fast,0,0
145,2026-08-04T08:25:52.050580Z,fast,5,437
145,2026-08-04T08:25:52.550508Z,fast,1,52
146,2026-08-04T08:25:53.052188Z,slow,1,9
146,2026-08-04T08:25:53.052189Z,fast,1,9
146,2026-08-04T08:25:53.550483Z,fast,0,0
147,2026-08-04T08:25:54.050380Z,fast,3,425
147,2026-08-04T08:25:54.550348Z,fast,0,0
148,2026-08-04T08:25:55.050390Z,fast,6,346
148,2026-08-04T08:25:55.050374Z,slow,6,0
148,2026-08-04T08:25:55.552105Z,fast,5,371
149,2026-08-04T08:25:56.052004Z,fast,0,0
149,2026-08-04T08:25:56.551065Z,fast,2,196
150,2026-08-04T08:25:57.051658Z,fast,1,9
150,2026-08-04T08:25:57.051658Z,slow,1,9
150,2026-08-04T08:25:57.551276Z,fast,0,0
151,2026-08-04T08:25:58.052674Z,fast,1,60
151,2026-08-04T08:25:58.552226Z,fast,2,203
152,2026-08-04T08:25:59.052Z,fast,3,255
152,2026-08-04T08:25:59.052Z,slow,6,255
152,2026-08-04T08:25:59.550210Z,fast,2,316
153,2026-08-04T08:26:00.051053Z,fast,0,0
153,2026-08-04T08:26:00.552818Z,fast,2,178
154,2026-08-04T08:26:01.056452Z,fast,52,293
154,2026-08-04T08:26:01.056381Z,slow,61,469
154,2026-08-04T08:26:01.550677Z,fast,0,0
155,2026-08-04T08:26:02.051066Z,fast,0,0
155,2026-08-04T08:26:02.550437Z,fast,3,245
156,2026-08-04T08:26:03.050070Z,fast,4,344
156,2026-08-04T08:26:03.050069Z,slow,6,330
156,2026-08-04T08:26:03.552118Z,fast,0,22
157,2026-08-04T08:26:04.050077Z,fast,2,304
157,2026-08-04T08:26:04.552785Z,fast,3,248
158,2026-08-04T08:26:05.052505Z,slow,0,0
158,2026-08-04T08:26:05.052505Z,fast,0,0
158,2026-08-04T08:26:05.550755Z,fast,0,0
159,2026-08-04T08:26:06.051333Z,fast,0,0
159,2026-08-04T08:26:06.552743Z,fast,4,318
160,2026-08-04T08:26:07.050276Z,fast,3,305
160,2026-08-04T08:26:07.050263Z,slow,4,350
160,2026-08-04T08:26:07.550547Z,fast,0,0
161,2026-08-04T08:26:08.051799Z,fast,0,0
161,2026-08-04T08:26:08.552813Z,fast,0,0
162,2026-08-04T08:26:09.050466Z,fast,4,481
162,2026-08-04T08:26:09.050466Z,slow,14,339
162,2026-08-04T08:26:09.550187Z,fast,3,239
163,2026-08-04T08:26:10.050395Z,fast,9,437
163,2026-08-04T08:26:10.552119Z,fast,0,0
164,2026-08-04T08:26:11.050233Z,fast,4,446
164,2026-08-04T08:26:11.050234Z,slow,4,462
164,2026-08-04T08:26:11.550260Z,fast,0,0
165,2026-08-04T08:26:12.051930Z,fast,0,0
165,2026-08-04T08:26:12.550023Z,fast,0,0
166,2026-08-04T08:26:13.050159Z,fast,1,115
166,2026-08-04T08:26:13.050137Z,slow,2,120
166,2026-08-04T08:26:13.550748Z,fast,2,86
167,2026-08-04T08:26:14.049830Z,fast,2,164
167,2026-08-04T08:26:14.550038Z,fast,0,0
168,2026-08-04T08:26:15.050069Z,fast,3,248
168,2026-08-04T08:26:15.050069Z,slow,3,268
168,2026-08-04T08:26:15.551430Z,fast,2,224
169,2026-08-04T08:26:16.050117Z,fast,0,0
169,2026-08-04T08:26:16.550389Z,fast,2,194
170,2026-08-04T08:26:17.050051Z,fast,2,58
170,2026-08-04T08:26:17.050051Z,slow,3,131
170,2026-08-04T08:26:17.551074Z,fast,3,340
171,2026-08-04T08:26:18.051531Z,fast,0,0
171,2026-08-04T08:26:18.550228Z,fast,1,66
172,2026-08-04T08:26:19.050732Z,fast,0,8
172,2026-08-04T08:26:19.050732Z,slow,0,9
172,2026-08-04T08:26:19.550558Z,fast,0,0
173,2026-08-04T08:26:20.049929Z,fast,3,294
173,2026-08-04T08:26:20.550419Z,fast,0,0
174,2026-08-04T08:26:21.049790Z,fast,0,9
174,2026-08-04T08:26:21.049790Z,slow,0,9
174,2026-08-04T08:26:21.551124Z,fast,0,0
175,2026-08-04T08:26:22.050792Z,fast,2,286
175,2026-08-04T08:26:22.550121Z,fast,3,280
176,2026-08-04T08:26:23.049700Z,slow,2,108
176,2026-08-04T08:26:23.049700Z,fast,4,458
176,2026-08-04T08:26:23.551069Z,fast,0,0
177,2026-08-04T08:26:24.050211Z,fast,1,48
177,2026-08-04T08:26:24.550718Z,fast,0,0
178,2026-08-04T08:26:25.050993Z,slow,5,28
178,2026-08-04T08:26:25.050944Z,fast,7,28
178,2026-08-04T08:26:25.551587Z,fast,7,436
179,2026-08-04T08:26:26.050878Z,fast,0,0
179,2026-08-04T08:26:26.550491Z,fast,0,0
180,2026-08-04T08:26:27.049626Z,fast,3,320
180,2026-08-04T08:26:27.049625Z,slow,4,246
180,2026-08-04T08:26:27.550018Z,fast,0,0
181,2026-08-04T08:26:28.051357Z,fast,0,0
181,2026-08-04T08:26:28.551481Z,fast,0,0
182,2026-08-04T08:26:29.050446Z,slow,1,31
182,2026-08-04T08:26:29.050464Z,fast,1,29
182,2026-08-04T08:26:29.552141Z,fast,1,101
183,2026-08-04T08:26:30.050456Z,fast,0,0
183,2026-08-04T08:26:30.550820Z,fast,0,0
184,2026-08-04T08:26:31.049783Z,slow,0,9
184,2026-08-04T08:26:31.049775Z,fast,0,9
184,2026-08-04T08:26:31.550236Z,fast,0,0
185,2026-08-04T08:26:32.050428Z,fast,0,0
185,2026-08-04T08:26:32.549991Z,fast,0,0
186,2026-08-04T08:26:33.050327Z,fast,0,9
186,2026-08-04T08:26:33.050324Z,slow,1,9
186,2026-08-04T08:26:33.550667Z,fast,0,0
187,2026-08-04T08:26:34.050439Z,fast,0,0
187,2026-08-04T08:26:34.549471Z,fast,0,0
188,2026-08-04T08:26:35.049504Z,fast,2,22
188,2026-08-04T08:26:35.049504Z,slow,2,32
188,2026-08-04T08:26:35.551759Z,fast,2,136
189,2026-08-04T08:26:36.049607Z,fast,3,284
189,2026-08-04T08:26:36.550475Z,fast,0,0
190,2026-08-04T08:26:37.049815Z,fast,4,440
190,2026-08-04T08:26:37.049746Z,slow,5,440
190,2026-08-04T08:26:37.550567Z,fast,0,0
191,2026-08-04T08:26:38.050259Z,fast,0,0
191,2026-08-04T08:26:38.550428Z,fast,0,0
192,2026-08-04T08:26:39.049425Z,slow,3,140
192,2026-08-04T08:26:39.049423Z,fast,3,399
192,2026-08-04T08:26:39.549836Z,fast,0,0
193,2026-08-04T08:26:40.050188Z,fast,0,0
193,2026-08-04T08:26:40.549322Z,fast,4,367
194,2026-08-04T08:26:41.049402Z,fast,3,225
194,2026-08-04T08:26:41.049402Z,slow,7,466
194,2026-08-04T08:26:41.549482Z,fast,7,455
195,2026-08-04T08:26:42.050184Z,fast,0,0
195,2026-08-04T08:26:42.549795Z,fast,0,0
196,2026-08-04T08:26:43.049295Z,fast,5,205
196,2026-08-04T08:26:43.049293Z,slow,5,244
196,2026-08-04T08:26:43.550175Z,fast,0,0
197,2026-08-04T08:26:44.050321Z,fast,0,0
197,2026-08-04T08:26:44.549542Z,fast,2,161
198,2026-08-04T08:26:45.049997Z,slow,1,9
198,2026-08-04T08:26:45.049998Z,fast,1,9
198,2026-08-04T08:26:45.552503Z,fast,2,217
199,2026-08-04T08:26:46.051076Z,fast,0,0
199,2026-08-04T08:26:46.550689Z,fast,1,0
200,2026-08-04T08:26:47.052167Z,fast,5,443
200,2026-08-04T08:26:47.052167Z,slow,5,241
200,2026-08-04T08:26:47.550722Z,fast,4,288
201,2026-08-04T08:26:48.050879Z,fast,0,0
201,2026-08-04T08:26:48.549188Z,fast,2,92
202,2026-08-04T08:26:49.049995Z,slow,0,0
202,2026-08-04T08:26:49.049998Z,fast,0,0
202,2026-08-04T08:26:49.550210Z,fast,0,0
203,2026-08-04T08:26:50.050836Z,fast,3,405
203,2026-08-04T08:26:50.550906Z,fast,0,0
204,2026-08-04T08:26:51.050018Z,fast,1,76
204,2026-08-04T08:26:51.050025Z,slow,2,166
204,2026-08-04T08:26:51.551586Z,fast,0,0
205,2026-08-04T08:26:52.049518Z,fast,4,460
205,2026-08-04T08:26:52.549130Z,fast,4,432
206,2026-08-04T08:26:53.050235Z,fast,1,9
206,2026-08-04T08:26:53.050206Z,slow,1,9
206,2026-08-04T08:26:53.550076Z,fast,0,0
207,2026-08-04T08:26:54.049767Z,fast,0,0
207,2026-08-04T08:26:54.550525Z,fast,0,0
208,2026-08-04T08:26:55.050558Z,slow,2,140
208,2026-08-04T08:26:55.050558Z,fast,3,133
208,2026-08-04T08:26:55.549192Z,fast,3,345
209,2026-08-04T08:26:56.049127Z,fast,1,61
209,2026-08-04T08:26:56.549372Z,fast,0,0
210,2026-08-04T08:26:57.049566Z,fast,3,318
210,2026-08-04T08:26:57.049566Z,slow,4,317
210,2026-08-04T08:26:57.550792Z,fast,0,0
211,2026-08-04T08:26:58.049267Z,fast,4,287
211,2026-08-04T08:26:58.549142Z,fast,3,311
212,2026-08-04T08:26:59.052981Z,fast,4,122
212,2026-08-04T08:26:59.052912Z,slow,7,185
212,2026-08-04T08:26:59.549272Z,fast,0,0
213,2026-08-04T08:27:00.048963Z,fast,2,224
213,2026-08-04T08:27:00.549331Z,fast,1,28
214,2026-08-04T08:27:01.051049Z,slow,1,81
214,2026-08-04T08:27:01.051049Z,fast,2,183
214,2026-08-04T08:27:01.550189Z,fast,0,0
215,2026-08-04T08:27:02.051192Z,fast,0,0
215,2026-08-04T08:27:02.549729Z,fast,0,0
216,2026-08-04T08:27:03.048922Z,fast,1,9
216,2026-08-04T08:27:03.048922Z,slow,1,31
216,2026-08-04T08:27:03.551483Z,fast,0,0
217,2026-08-04T08:27:04.050299Z,fast,0,0
217,2026-08-04T08:27:04.550508Z,fast,0,0
218,2026-08-04T08:27:05.049558Z,slow,1,7
218,2026-08-04T08:27:05.049558Z,fast,1,9
218,2026-08-04T08:27:05.548864Z,fast,3,409
219,2026-08-04T08:27:06.051704Z,fast,3,273
219,2026-08-04T08:27:06.549643Z,fast,0,0
220,2026-08-04T08:27:07.050320Z,fast,0,7
220,2026-08-04T08:27:07.050329Z,slow,0,9
220,2026-08-04T08:27:07.551011Z,fast,0,0
221,2026-08-04T08:27:08.049134Z,fast,0,0
221,2026-08-04T08:27:08.550252Z,fast,0,0
222,2026-08-04T08:27:09.050703Z,slow,1,9
222,2026-08-04T08:27:09.050705Z,fast,0,9
222,2026-08-04T08:27:09.548796Z,fast,4,435
223,2026-08-04T08:27:10.051523Z,fast,2,103
223,2026-08-04T08:27:10.550441Z,fast,0,0
224,2026-08-04T08:27:11.049607Z,fast,0,9
224,2026-08-04T08:27:11.049568Z,slow,0,9
224,2026-08-04T08:27:11.548736Z,fast,0,0
225,2026-08-04T08:27:12.048867Z,fast,3,8
225,2026-08-04T08:27:12.548722Z,fast,3,35
226,2026-08-04T08:27:13.049445Z,fast,1,14
226,2026-08-04T08:27:13.049465Z,slow,1,12
226,2026-08-04T08:27:13.548740Z,fast,1,14
227,2026-08-04T08:27:14.049451Z,fast,1,28
227,2026-08-04T08:27:14.548979Z,fast,4,447
228,2026-08-04T08:27:15.050454Z,fast,0,17
228,2026-08-04T08:27:15.050454Z,slow,0,26
228,2026-08-04T08:27:15.550315Z,fast,0,0
229,2026-08-04T08:27:16.049418Z,fast,1,82
229,2026-08-04T08:27:16.548825Z,fast,0,0
230,2026-08-04T08:27:17.050532Z,fast,1,31
230,2026-08-04T08:27:17.050527Z,slow,1,31
230,2026-08-04T08:27:17.548766Z,fast,4,365
231,2026-08-04T08:27:18.049463Z,fast,0,0
231,2026-08-04T08:27:18.548857Z,fast,2,253
232,2026-08-04T08:27:19.048697Z,fast,0,9
232,2026-08-04T08:27:19.048699Z,slow,0,9
232,2026-08-04T08:27:19.557954Z,fast,3,365
233,2026-08-04T08:27:20.049564Z,fast,0,0
233,2026-08-04T08:27:20.548749Z,fast,4,318
234,2026-08-04T08:27:21.049950Z,fast,1,61
234,2026-08-04T08:27:21.049939Z,slow,2,82
234,2026-08-04T08:27:21.548699Z,fast,1,45
235,2026-08-04T08:27:22.049517Z,fast,33,336
235,2026-08-04T08:27:22.548533Z,fast,0,0
236,2026-08-04T08:27:23.049986Z,fast,3,247
236,2026-08-04T08:27:23.049996Z,slow,6,423
236,2026-08-04T08:27:23.548550Z,fast,1,77
237,2026-08-04T08:27:24.049868Z,fast,2,180
237,2026-08-04T08:27:24.549514Z,fast,0,0
238,2026-08-04T08:27:25.048638Z,fast,0,7
238,2026-08-04T08:27:25.048638Z,slow,0,9
238,2026-08-04T08:27:25.549558Z,fast,0,0
239,2026-08-04T08:27:26.049661Z,fast,0,0
239,2026-08-04T08:27:26.548701Z,fast,2,137
240,2026-08-04T08:27:27.049687Z,fast,1,21
240,2026-08-04T08:27:27.049681Z,slow,1,73
240,2026-08-04T08:27:27.548719Z,fast,1,48
241,2026-08-04T08:27:28.048724Z,fast,3,373
241,2026-08-04T08:27:28.550380Z,fast,0,0
242,2026-08-04T08:27:29.048475Z,fast,0,7
242,2026-08-04T08:27:29.048475Z,slow,0,9
242,2026-08-04T08:27:29.548774Z,fast,0,0
243,2026-08-04T08:27:30.050314Z,fast,3,265
243,2026-08-04T08:27:30.548763Z,fast,0,0
244,2026-08-04T08:27:31.051735Z,fast,4,377
244,2026-08-04T08:27:31.051736Z,slow,4,225
244,2026-08-04T08:27:31.548605Z,fast,0,0
245,2026-08-04T08:27:32.048917Z,fast,1,28
245,2026-08-04T08:27:32.549848Z,fast,0,0
246,2026-08-04T08:27:33.049367Z,slow,0,9
246,2026-08-04T08:27:33.049367Z,fast,0,9
246,2026-08-04T08:27:33.549159Z,fast,2,160
247,2026-08-04T08:27:34.049386Z,fast,0,0
247,2026-08-04T08:27:34.551157Z,fast,4,457
248,2026-08-04T08:27:35.050024Z,slow,0,9
248,2026-08-04T08:27:35.050024Z,fast,0,9
248,2026-08-04T08:27:35.550122Z,fast,1,71
249,2026-08-04T08:27:36.049126Z,fast,4,241
249,2026-08-04T08:27:36.548779Z,fast,3,194
250,2026-08-04T08:27:37.049127Z,slow,1,124
250,2026-08-04T08:27:37.049122Z,fast,2,121
250,2026-08-04T08:27:37.550100Z,fast,2,80
251,2026-08-04T08:27:38.048286Z,fast,0,23
251,2026-08-04T08:27:38.548428Z,fast,2,179
252,2026-08-04T08:27:39.050183Z,fast,1,29
252,2026-08-04T08:27:39.050185Z,slow,1,32
252,2026-08-04T08:27:39.549850Z,fast,0,0
253,2026-08-04T08:27:40.049433Z,fast,0,0
253,2026-08-04T08:27:40.548784Z,fast,0,0
254,2026-08-04T08:27:41.048344Z,fast,4,329
254,2026-08-04T08:27:41.048351Z,slow,7,366
254,2026-08-04T08:27:41.548244Z,fast,6,205
255,2026-08-04T08:27:42.049020Z,fast,2,168
255,2026-08-04T08:27:42.548670Z,fast,1,140
256,2026-08-04T08:27:43.049600Z,fast,1,9
256,2026-08-04T08:27:43.049600Z,slow,1,9
256,2026-08-04T08:27:43.550797Z,fast,0,0
257,2026-08-04T08:27:44.050773Z,fast,2,67
257,2026-08-04T08:27:44.550462Z,fast,1,0
258,2026-08-04T08:27:45.052541Z,fast,113,381
258,2026-08-04T08:27:45.052537Z,slow,121,412
258,2026-08-04T08:27:45.548231Z,fast,2,95
259,2026-08-04T08:27:46.050763Z,fast,0,0
259,2026-08-04T08:27:46.548239Z,fast,2,160
260,2026-08-04T08:27:47.048395Z,fast,4,333
260,2026-08-04T08:27:47.048402Z,slow,8,479
260,2026-08-04T08:27:47.548171Z,fast,2,226
261,2026-08-04T08:27:48.050243Z,fast,1,22
261,2026-08-04T08:27:48.548551Z,fast,1,0
262,2026-08-04T08:27:49.048707Z,slow,1,9
262,2026-08-04T08:27:49.048707Z,fast,1,7
262,2026-08-04T08:27:49.548932Z,fast,0,0
263,2026-08-04T08:27:50.048337Z,fast,14,22
263,2026-08-04T08:27:50.548841Z,fast,1,0
264,2026-08-04T08:27:51.048605Z,fast,0,8
264,2026-08-04T08:27:51.048602Z,slow,0,9
264,2026-08-04T08:27:51.550325Z,fast,0,0
265,2026-08-04T08:27:52.051217Z,fast,1,22
265,2026-08-04T08:27:52.548121Z,fast,4,154
266,2026-08-04T08:27:53.050097Z,slow,0,9
266,2026-08-04T08:27:53.050099Z,fast,0,9
266,2026-08-04T08:27:53.556331Z,fast,9,46
267,2026-08-04T08:27:54.050312Z,fast,2,89
267,2026-08-04T08:27:54.549877Z,fast,1,0
268,2026-08-04T08:27:55.048022Z,slow,2,55
268,2026-08-04T08:27:55.048018Z,fast,3,107
268,2026-08-04T08:27:55.549316Z,fast,0,0
269,2026-08-04T08:27:56.048010Z,fast,2,113
269,2026-08-04T08:27:56.547958Z,fast,2,393
270,2026-08-04T08:27:57.047934Z,fast,1,54
270,2026-08-04T08:27:57.047948Z,slow,1,54
270,2026-08-04T08:27:57.548609Z,fast,0,0
271,2026-08-04T08:27:58.050835Z,fast,4,437
271,2026-08-04T08:27:58.547942Z,fast,3,323
272,2026-08-04T08:27:59.049584Z,fast,1,8
272,2026-08-04T08:27:59.049584Z,slow,1,9
272,2026-08-04T08:27:59.548723Z,fast,3,309
273,2026-08-04T08:28:00.053462Z,fast,27,330
273,2026-08-04T08:28:00.547886Z,fast,11,165
274,2026-08-04T08:28:01.047851Z,fast,0,5
274,2026-08-04T08:28:01.047867Z,slow,1,9
274,2026-08-04T08:28:01.548233Z,fast,2,224
275,2026-08-04T08:28:02.048444Z,fast,0,0
275,2026-08-04T08:28:02.548986Z,fast,0,0
276,2026-08-04T08:28:03.048416Z,fast,3,110
276,2026-08-04T08:28:03.048409Z,slow,3,116
276,2026-08-04T08:28:03.550752Z,fast,1,44
277,2026-08-04T08:28:04.049273Z,fast,0,0
277,2026-08-04T08:28:04.548092Z,fast,1,0
278,2026-08-04T08:28:05.049819Z,fast,1,9
278,2026-08-04T08:28:05.049817Z,slow,1,8
278,2026-08-04T08:28:05.550144Z,fast,0,0
279,2026-08-04T08:28:06.049319Z,fast,0,0
279,2026-08-04T08:28:06.549373Z,fast,0,0
280,2026-08-04T08:28:07.048944Z,fast,0,5
280,2026-08-04T08:28:07.048946Z,slow,1,9
280,2026-08-04T08:28:07.547914Z,fast,4,189
281,2026-08-04T08:28:08.050066Z,fast,18,437
281,2026-08-04T08:28:08.548431Z,fast,10,168
282,2026-08-04T08:28:09.048976Z,fast,8,469
282,2026-08-04T08:28:09.048943Z,slow,14,469
282,2026-08-04T08:28:09.547786Z,fast,3,365
283,2026-08-04T08:28:10.048498Z,fast,3,396
283,2026-08-04T08:28:10.548694Z,fast,0,0
284,2026-08-04T08:28:11.048056Z,fast,1,7
284,2026-08-04T08:28:11.048056Z,slow,1,9
284,2026-08-04T08:28:11.548762Z,fast,0,0
285,2026-08-04T08:28:12.047973Z,fast,12,478
285,2026-08-04T08:28:12.548976Z,fast,1,66
286,2026-08-04T08:28:13.047693Z,slow,3,280
286,2026-08-04T08:28:13.047685Z,fast,4,391
286,2026-08-04T08:28:13.549776Z,fast,4,428
287,2026-08-04T08:28:14.049047Z,fast,4,210
287,2026-08-04T08:28:14.547682Z,fast,3,201
288,2026-08-04T08:28:15.047795Z,fast,2,67
288,2026-08-04T08:28:15.047795Z,slow,2,78
288,2026-08-04T08:28:15.548362Z,fast,0,0
289,2026-08-04T08:28:16.047618Z,fast,3,46
289,2026-08-04T08:28:16.547864Z,fast,3,336
290,2026-08-04T08:28:17.047581Z,fast,1,9
290,2026-08-04T08:28:17.047581Z,slow,1,9
290,2026-08-04T08:28:17.548728Z,fast,0,0
291,2026-08-04T08:28:18.047544Z,fast,1,46
291,2026-08-04T08:28:18.547729Z,fast,4,407
292,2026-08-04T08:28:19.047768Z,slow,1,9
292,2026-08-04T08:28:19.047858Z,fast,0,9
292,2026-08-04T08:28:19.547629Z,fast,3,211
293,2026-08-04T08:28:20.049464Z,fast,0,0
293,2026-08-04T08:28:20.549655Z,fast,0,0
294,2026-08-04T08:28:21.047842Z,fast,1,78
294,2026-08-04T08:28:21.047814Z,slow,8,511
294,2026-08-04T08:28:21.548090Z,fast,2,45
295,2026-08-04T08:28:22.047691Z,fast,4,364
295,2026-08-04T08:28:22.547669Z,fast,0,0
296,2026-08-04T08:28:23.049368Z,slow,1,9
296,2026-08-04T08:28:23.049351Z,fast,1,7
296,2026-08-04T08:28:23.550408Z,fast,4,308
297,2026-08-04T08:28:24.047454Z,fast,1,22
297,2026-08-04T08:28:24.549171Z,fast,3,252
298,2026-08-04T08:28:25.048488Z,fast,1,8
298,2026-08-04T08:28:25.048490Z,slow,1,9
298,2026-08-04T08:28:25.548272Z,fast,0,0
299,2026-08-04T08:28:26.047365Z,fast,3,195
299,2026-08-04T08:28:26.547389Z,fast,2,164
300,2026-08-04T08:28:27.049466Z,fast,4,339
300,2026-08-04T08:28:27.049466Z,slow,6,443
300,2026-08-04T08:28:27.548347Z,fast,3,91
301,2026-08-04T08:28:28.052349Z,fast,3,91
301,2026-08-04T08:28:28.551278Z,fast,2,91
302,2026-08-04T08:28:29.048744Z,fast,3,100
302,2026-08-04T08:28:29.048908Z,slow,5,100
302,2026-08-04T08:28:29.549648Z,fast,5,294
303,2026-08-04T08:28:30.049791Z,fast,1,22
303,2026-08-04T08:28:30.549627Z,fast,2,353
304,2026-08-04T08:28:31.049060Z,fast,5,45
304,2026-08-04T08:28:31.049148Z,slow,5,54
304,2026-08-04T08:28:31.547418Z,fast,0,22
305,2026-08-04T08:28:32.047410Z,fast,3,267
305,2026-08-04T08:28:32.547941Z,fast,1,44
306,2026-08-04T08:28:33.048070Z,slow,2,115
306,2026-08-04T08:28:33.048072Z,fast,2,187
306,2026-08-04T08:28:33.547772Z,fast,0,44
307,2026-08-04T08:28:34.047469Z,fast,0,22
307,2026-08-04T08:28:34.548820Z,fast,0,22
308,2026-08-04T08:28:35.047789Z,fast,1,31
308,2026-08-04T08:28:35.047789Z,slow,1,30
308,2026-08-04T08:28:35.550183Z,fast,3,335
309,2026-08-04T08:28:36.049756Z,fast,1,158
309,2026-08-04T08:28:36.549276Z,fast,0,22
310,2026-08-04T08:28:37.047196Z,fast,1,54
310,2026-08-04T08:28:37.047196Z,slow,1,54
310,2026-08-04T08:28:37.795308Z,fast,1,22
311,2026-08-04T08:28:38.293530Z,fast,1,94
311,2026-08-04T08:28:38.793963Z,fast,2,81
312,2026-08-04T08:28:39.294228Z,fast,0,29
312,2026-08-04T08:28:39.294225Z,slow,1,31
312,2026-08-04T08:28:39.794419Z,fast,0,44
313,2026-08-04T08:28:40.294227Z,fast,1,76
313,2026-08-04T08:28:40.793443Z,fast,2,105
314,2026-08-04T08:28:41.294069Z,fast,2,88
314,2026-08-04T08:28:41.294062Z,slow,2,190
314,2026-08-04T08:28:41.795837Z,fast,137,482
315,2026-08-04T08:28:42.293482Z,fast,1,229
315,2026-08-04T08:28:42.794552Z,fast,2,320
316,2026-08-04T08:28:43.294171Z,fast,0,74
316,2026-08-04T08:28:43.294171Z,slow,1,89
316,2026-08-04T08:28:43.794599Z,fast,0,22
317,2026-08-04T08:28:44.293938Z,fast,1,44
317,2026-08-04T08:28:44.796252Z,fast,2,114
318,2026-08-04T08:28:45.293482Z,slow,6,237
318,2026-08-04T08:28:45.293482Z,fast,10,484
318,2026-08-04T08:28:45.794186Z,fast,4,107
319,2026-08-04T08:28:46.295489Z,fast,3,290
319,2026-08-04T08:28:46.794100Z,fast,0,22
320,2026-08-04T08:28:47.294444Z,fast,0,29
320,2026-08-04T08:28:47.294453Z,slow,0,31
320,2026-08-04T08:28:47.793683Z,fast,1,88
321,2026-08-04T08:28:48.293688Z,fast,0,88
321,2026-08-04T08:28:48.794135Z,fast,0,22
322,2026-08-04T08:28:49.293777Z,slow,5,351
322,2026-08-04T08:28:49.293777Z,fast,6,389
322,2026-08-04T08:28:49.794220Z,fast,1,22
323,2026-08-04T08:28:50.294511Z,fast,1,78
323,2026-08-04T08:28:50.793856Z,fast,2,132
324,2026-08-04T08:28:51.293680Z,fast,2,157
324,2026-08-04T08:28:51.293681Z,slow,4,154
324,2026-08-04T08:28:51.793708Z,fast,2,100
325,2026-08-04T08:28:52.294592Z,fast,0,22
325,2026-08-04T08:28:52.795463Z,fast,0,22
326,2026-08-04T08:28:53.293944Z,fast,11,309
326,2026-08-04T08:28:53.293944Z,slow,11,305
326,2026-08-04T08:28:53.794147Z,fast,1,155
327,2026-08-04T08:28:54.295258Z,fast,1,114
327,2026-08-04T08:28:54.794448Z,fast,1,102
328,2026-08-04T08:28:55.293828Z,slow,6,212
328,2026-08-04T08:28:55.293796Z,fast,6,249
328,2026-08-04T08:28:55.794853Z,fast,0,44
329,2026-08-04T08:28:56.294100Z,fast,1,50
329,2026-08-04T08:28:56.793883Z,fast,1,137
330,2026-08-04T08:28:57.294355Z,slow,1,79
330,2026-08-04T08:28:57.294356Z,fast,1,111
330,2026-08-04T08:28:57.795575Z,fast,0,22
331,2026-08-04T08:28:58.294365Z,fast,1,76
331,2026-08-04T08:28:58.793948Z,fast,1,158
332,2026-08-04T08:28:59.294395Z,fast,0,38
332,2026-08-04T08:28:59.294395Z,slow,0,38
332,2026-08-04T08:28:59.793926Z,fast,1,76
333,2026-08-04T08:29:00.294259Z,fast,4,272
333,2026-08-04T08:29:00.793975Z,fast,1,91
334,2026-08-04T08:29:01.294093Z,fast,3,248
334,2026-08-04T08:29:01.294164Z,slow,4,246
334,2026-08-04T08:29:01.794101Z,fast,2,181
335,2026-08-04T08:29:02.294302Z,fast,2,89
335,2026-08-04T08:29:02.794045Z,fast,3,170
336,2026-08-04T08:29:03.294461Z,fast,3,213
336,2026-08-04T08:29:03.294459Z,slow,3,215
336,2026-08-04T08:29:03.794041Z,fast,1,197
337,2026-08-04T08:29:04.294156Z,fast,2,130
337,2026-08-04T08:29:04.794101Z,fast,1,154
338,2026-08-04T08:29:05.294372Z,slow,10,268
338,2026-08-04T08:29:05.294367Z,fast,10,268
338,2026-08-04T08:29:05.794198Z,fast,16,517
339,2026-08-04T08:29:06.294127Z,fast,0,50
339,2026-08-04T08:29:06.794148Z,fast,1,136
340,2026-08-04T08:29:07.294209Z,fast,1,135
340,2026-08-04T08:29:07.294209Z,slow,1,133
340,2026-08-04T08:29:07.794167Z,fast,2,87
341,2026-08-04T08:29:08.294401Z,fast,1,242
341,2026-08-04T08:29:08.794488Z,fast,5,157
342,2026-08-04T08:29:09.294369Z,fast,2,140
342,2026-08-04T08:29:09.294331Z,slow,2,142
342,2026-08-04T08:29:09.794240Z,fast,1,72
343,2026-08-04T08:29:10.294492Z,fast,4,162
343,2026-08-04T08:29:10.794260Z,fast,2,157
344,2026-08-04T08:29:11.294466Z,fast,1,57
344,2026-08-04T08:29:11.294466Z,slow,1,58
344,2026-08-04T08:29:11.794320Z,fast,2,197
345,2026-08-04T08:29:12.294301Z,fast,1,115
345,2026-08-04T08:29:12.794488Z,fast,1,103
346,2026-08-04T08:29:13.294485Z,fast,2,139
346,2026-08-04T08:29:13.294444Z,slow,2,139
346,2026-08-04T08:29:13.794660Z,fast,2,88
347,2026-08-04T08:29:14.294396Z,fast,1,180
347,2026-08-04T08:29:14.794579Z,fast,1,149
348,2026-08-04T08:29:15.294549Z,fast,10,356
348,2026-08-04T08:29:15.294549Z,slow,12,344
348,2026-08-04T08:29:15.794544Z,fast,1,49
349,2026-08-04T08:29:16.295106Z,fast,25,245
349,2026-08-04T08:29:16.794440Z,fast,3,56
350,2026-08-04T08:29:17.295183Z,fast,3,112
350,2026-08-04T08:29:17.295190Z,slow,4,127
350,2026-08-04T08:29:17.794504Z,fast,1,71
351,2026-08-04T08:29:18.294502Z,fast,4,316
351,2026-08-04T08:29:18.794509Z,fast,2,79
352,2026-08-04T08:29:19.297282Z,slow,15,515
352,2026-08-04T08:29:19.297328Z,fast,16,512
352,2026-08-04T08:29:19.794554Z,fast,2,150
353,2026-08-04T08:29:20.295015Z,fast,2,174
353,2026-08-04T08:29:20.794613Z,fast,1,150
354,2026-08-04T08:29:21.295040Z,fast,1,22
354,2026-08-04T08:29:21.295634Z,slow,2,158
354,2026-08-04T08:29:21.795005Z,fast,2,203
355,2026-08-04T08:29:22.295084Z,fast,2,159
355,2026-08-04T08:29:22.794803Z,fast,2,207
356,2026-08-04T08:29:23.294623Z,fast,3,204
356,2026-08-04T08:29:23.294623Z,slow,4,206
356,2026-08-04T08:29:23.794814Z,fast,1,90
357,2026-08-04T08:29:24.295010Z,fast,3,183
357,2026-08-04T08:29:24.795402Z,fast,1,72
358,2026-08-04T08:29:25.295009Z,fast,6,329
358,2026-08-04T08:29:25.294999Z,slow,8,329
358,2026-08-04T08:29:25.794816Z,fast,3,157
359,2026-08-04T08:29:26.294868Z,fast,2,193
359,2026-08-04T08:29:26.794739Z,fast,0,46
360,2026-08-04T08:29:27.294823Z,fast,2,199
360,2026-08-04T08:29:27.294823Z,slow,2,199
360,2026-08-04T08:29:27.795250Z,fast,1,117
361,2026-08-04T08:29:28.295047Z,fast,4,278
361,2026-08-04T08:29:28.794859Z,fast,6,154
362,2026-08-04T08:29:29.294847Z,fast,3,251
362,2026-08-04T08:29:29.294860Z,slow,5,140
362,2026-08-04T08:29:29.799875Z,fast,6,78
363,2026-08-04T08:29:30.298642Z,fast,3,78
363,2026-08-04T08:29:30.799132Z,fast,4,78
364,2026-08-04T08:29:31.299923Z,fast,4,86
364,2026-08-04T08:29:31.299905Z,slow,4,87
364,2026-08-04T08:29:31.794901Z,fast,2,45
365,2026-08-04T08:29:32.294964Z,fast,2,192
365,2026-08-04T08:29:32.796082Z,fast,2,269
366,2026-08-04T08:29:33.297976Z,fast,11,377
366,2026-08-04T08:29:33.297982Z,slow,18,471
366,2026-08-04T08:29:33.799977Z,fast,7,245
367,2026-08-04T08:29:34.295073Z,fast,7,363
367,2026-08-04T08:29:34.795031Z,fast,1,114
368,2026-08-04T08:29:35.299139Z,fast,101,322
368,2026-08-04T08:29:35.299084Z,slow,107,448
368,2026-08-04T08:29:35.795046Z,fast,4,185
369,2026-08-04T08:29:36.295102Z,fast,1,76
369,2026-08-04T08:29:36.795632Z,fast,1,171
370,2026-08-04T08:29:37.295056Z,fast,1,125
370,2026-08-04T08:29:37.295056Z,slow,2,126
370,2026-08-04T08:29:37.795136Z,fast,4,159
371,2026-08-04T08:29:38.295362Z,fast,6,308
371,2026-08-04T08:29:38.795153Z,fast,27,266
372,2026-08-04T08:29:39.295348Z,fast,3,103
372,2026-08-04T08:29:39.295350Z,slow,3,112
372,2026-08-04T08:29:39.795307Z,fast,6,181
373,2026-08-04T08:29:40.295716Z,fast,6,227
373,2026-08-04T08:29:40.795666Z,fast,2,284
374,2026-08-04T08:29:41.295550Z,fast,3,166
374,2026-08-04T08:29:41.295548Z,slow,4,168
374,2026-08-04T08:29:41.800507Z,fast,60,254
375,2026-08-04T08:29:42.296100Z,fast,7,337
375,2026-08-04T08:29:42.799058Z,fast,20,220
376,2026-08-04T08:29:43.295620Z,fast,2,83
376,2026-08-04T08:29:43.295636Z,slow,3,85
376,2026-08-04T08:29:43.795958Z,fast,3,209
377,2026-08-04T08:29:44.295371Z,fast,5,294
377,2026-08-04T08:29:44.795292Z,fast,1,98
378,2026-08-04T08:29:45.295317Z,slow,15,179
378,2026-08-04T08:29:45.295324Z,fast,15,193
378,2026-08-04T08:29:45.795991Z,fast,5,272
379,2026-08-04T08:29:46.298948Z,fast,18,399
379,2026-08-04T08:29:46.795543Z,fast,1,139
380,2026-08-04T08:29:47.295431Z,fast,5,157
380,2026-08-04T08:29:47.295450Z,slow,5,167
380,2026-08-04T08:29:47.795365Z,fast,6,324
381,2026-08-04T08:29:48.296107Z,fast,4,254
381,2026-08-04T08:29:48.795644Z,fast,4,105
382,2026-08-04T08:29:49.296226Z,slow,5,159
382,2026-08-04T08:29:49.296227Z,fast,5,218
382,2026-08-04T08:29:49.796153Z,fast,8,230
383,2026-08-04T08:29:50.295434Z,fast,1,155
383,2026-08-04T08:29:50.795595Z,fast,5,153
384,2026-08-04T08:29:51.295489Z,fast,2,213
384,2026-08-04T08:29:51.295489Z,slow,2,213
384,2026-08-04T08:29:51.795937Z,fast,2,184
385,2026-08-04T08:29:52.295515Z,fast,1,171
385,2026-08-04T08:29:52.795914Z,fast,2,184
386,2026-08-04T08:29:53.295702Z,fast,3,170
386,2026-08-04T08:29:53.295702Z,slow,3,201
386,2026-08-04T08:29:53.795621Z,fast,1,130
387,2026-08-04T08:29:54.295581Z,fast,2,183
387,2026-08-04T08:29:54.795768Z,fast,3,149
388,2026-08-04T08:29:55.295602Z,slow,4,99
388,2026-08-04T08:29:55.295602Z,fast,11,130
388,2026-08-04T08:29:55.795926Z,fast,2,157
389,2026-08-04T08:29:56.295609Z,fast,1,103
389,2026-08-04T08:29:56.795625Z,fast,3,44
390,2026-08-04T08:29:57.295655Z,fast,1,162
390,2026-08-04T08:29:57.295655Z,slow,2,162
390,2026-08-04T08:29:57.795980Z,fast,3,270
391,2026-08-04T08:29:58.295742Z,fast,2,207
391,2026-08-04T08:29:58.796455Z,fast,2,129
392,2026-08-04T08:29:59.295762Z,slow,2,167
392,2026-08-04T08:29:59.295762Z,fast,3,190
392,2026-08-04T08:29:59.795905Z,fast,2,201
393,2026-08-04T08:30:00.295911Z,fast,4,144
393,2026-08-04T08:30:00.795855Z,fast,4,181
394,2026-08-04T08:30:01.295799Z,fast,2,219
394,2026-08-04T08:30:01.295797Z,slow,3,219
394,2026-08-04T08:30:01.795807Z,fast,3,76
395,2026-08-04T08:30:02.295929Z,fast,2,181
395,2026-08-04T08:30:02.795984Z,fast,2,123
396,2026-08-04T08:30:03.296233Z,fast,1,92
396,2026-08-04T08:30:03.296233Z,slow,1,173
396,2026-08-04T08:30:03.795920Z,fast,1,163
397,2026-08-04T08:30:04.295903Z,fast,1,130
397,2026-08-04T08:30:04.795867Z,fast,2,240
398,2026-08-04T08:30:05.296062Z,fast,3,202
398,2026-08-04T08:30:05.296065Z,slow,4,140
398,2026-08-04T08:30:05.795981Z,fast,4,252
399,2026-08-04T08:30:06.296781Z,fast,7,219
399,2026-08-04T08:30:06.796090Z,fast,5,71
400,2026-08-04T08:30:07.295959Z,slow,3,141
400,2026-08-04T08:30:07.295959Z,fast,3,136
400,2026-08-04T08:30:07.795968Z,fast,3,193
401,2026-08-04T08:30:08.296153Z,fast,4,146
401,2026-08-04T08:30:08.796218Z,fast,1,183
402,2026-08-04T08:30:09.296032Z,fast,2,263
402,2026-08-04T08:30:09.296032Z,slow,3,255
402,2026-08-04T08:30:09.796014Z,fast,1,230
403,2026-08-04T08:30:10.296090Z,fast,4,126
403,2026-08-04T08:30:10.797540Z,fast,6,293
404,2026-08-04T08:30:11.297090Z,fast,2,211
404,2026-08-04T08:30:11.297078Z,slow,2,213
404,2026-08-04T08:30:11.798102Z,fast,1,181
405,2026-08-04T08:30:12.296189Z,fast,4,260
405,2026-08-04T08:30:12.797140Z,fast,2,206
406,2026-08-04T08:30:13.296659Z,fast,1,188
406,2026-08-04T08:30:13.296660Z,slow,4,213
406,2026-08-04T08:30:13.796308Z,fast,4,130
407,2026-08-04T08:30:14.296544Z,fast,3,158
407,2026-08-04T08:30:14.796223Z,fast,2,185
408,2026-08-04T08:30:15.296395Z,fast,5,291
408,2026-08-04T08:30:15.296395Z,slow,5,349
408,2026-08-04T08:30:15.796372Z,fast,2,211
409,2026-08-04T08:30:16.296575Z,fast,3,254
409,2026-08-04T08:30:16.796272Z,fast,3,262
410,2026-08-04T08:30:17.297150Z,fast,7,499
410,2026-08-04T08:30:17.297149Z,slow,19,500
410,2026-08-04T08:30:17.798039Z,fast,1,182
411,2026-08-04T08:30:18.296713Z,fast,3,184
411,2026-08-04T08:30:18.796987Z,fast,2,206
412,2026-08-04T08:30:19.296913Z,slow,2,214
412,2026-08-04T08:30:19.296913Z,fast,2,220
412,2026-08-04T08:30:19.796322Z,fast,3,219
413,2026-08-04T08:30:20.296837Z,fast,5,202
413,2026-08-04T08:30:20.796354Z,fast,2,277
414,2026-08-04T08:30:21.296970Z,fast,1,146
414,2026-08-04T08:30:21.296970Z,slow,3,171
414,2026-08-04T08:30:21.796644Z,fast,3,174
415,2026-08-04T08:30:22.296857Z,fast,6,196
415,2026-08-04T08:30:22.796652Z,fast,4,225
416,2026-08-04T08:30:23.296443Z,fast,4,225
416,2026-08-04T08:30:23.296442Z,slow,4,225
416,2026-08-04T08:30:23.796444Z,fast,8,81
417,2026-08-04T08:30:24.296605Z,fast,3,238
417,2026-08-04T08:30:24.796647Z,fast,2,239
418,2026-08-04T08:30:25.296690Z,fast,3,263
418,2026-08-04T08:30:25.296694Z,slow,20,267
418,2026-08-04T08:30:25.796513Z,fast,2,266
419,2026-08-04T08:30:26.296502Z,fast,2,263
419,2026-08-04T08:30:26.797340Z,fast,14,431
420,2026-08-04T08:30:27.297617Z,fast,5,250
420,2026-08-04T08:30:27.297611Z,slow,5,250
420,2026-08-04T08:30:27.796793Z,fast,5,252
421,2026-08-04T08:30:28.297727Z,fast,15,267
421,2026-08-04T08:30:28.796590Z,fast,5,222
422,2026-08-04T08:30:29.296855Z,slow,8,349
422,2026-08-04T08:30:29.296847Z,fast,43,353
422,2026-08-04T08:30:29.799164Z,fast,7,348
423,2026-08-04T08:30:30.296670Z,fast,1,137
423,2026-08-04T08:30:30.796944Z,fast,1,179
424,2026-08-04T08:30:31.297254Z,fast,9,439
424,2026-08-04T08:30:31.297266Z,slow,11,421
424,2026-08-04T08:30:31.799025Z,fast,2,80
425,2026-08-04T08:30:32.300721Z,fast,3,80
425,2026-08-04T08:30:32.801323Z,fast,15,80
426,2026-08-04T08:30:33.297576Z,fast,4,87
426,2026-08-04T08:30:33.297362Z,slow,5,89
426,2026-08-04T08:30:33.797003Z,fast,7,154
427,2026-08-04T08:30:34.296747Z,fast,2,286
427,2026-08-04T08:30:34.798681Z,fast,4,241
428,2026-08-04T08:30:35.297845Z,fast,43,325
428,2026-08-04T08:30:35.297841Z,slow,54,289
428,2026-08-04T08:30:35.797122Z,fast,8,307
429,2026-08-04T08:30:36.335738Z,fast,26,361
429,2026-08-04T08:30:36.797077Z,fast,25,332
430,2026-08-04T08:30:37.302064Z,fast,114,337
430,2026-08-04T08:30:37.302869Z,slow,133,500
430,2026-08-04T08:30:37.798521Z,fast,21,470
431,2026-08-04T08:30:38.296891Z,fast,3,231
431,2026-08-04T08:30:38.797218Z,fast,9,239
432,2026-08-04T08:30:39.297409Z,fast,6,230
432,2026-08-04T08:30:39.297401Z,slow,6,239
432,2026-08-04T08:30:39.797409Z,fast,6,430
433,2026-08-04T08:30:40.297016Z,fast,6,304
433,2026-08-04T08:30:40.797397Z,fast,2,184
434,2026-08-04T08:30:41.297161Z,fast,2,212
434,2026-08-04T08:30:41.297161Z,slow,2,212
434,2026-08-04T08:30:41.796991Z,fast,3,289
435,2026-08-04T08:30:42.297053Z,fast,3,257
435,2026-08-04T08:30:42.797255Z,fast,4,251
436,2026-08-04T08:30:43.297234Z,fast,7,221
436,2026-08-04T08:30:43.297234Z,slow,8,246
436,2026-08-04T08:30:43.797276Z,fast,2,246
437,2026-08-04T08:30:44.297084Z,fast,2,296
437,2026-08-04T08:30:44.798087Z,fast,7,266
438,2026-08-04T08:30:45.297634Z,fast,20,443
438,2026-08-04T08:30:45.297406Z,slow,24,366
438,2026-08-04T08:30:45.797150Z,fast,7,536
439,2026-08-04T08:30:46.297259Z,fast,7,363
439,2026-08-04T08:30:46.797631Z,fast,1,103
440,2026-08-04T08:30:47.297392Z,fast,6,192
440,2026-08-04T08:30:47.297392Z,slow,6,183
440,2026-08-04T08:30:47.797169Z,fast,7,317
441,2026-08-04T08:30:48.297603Z,fast,16,212
441,2026-08-04T08:30:48.797270Z,fast,6,359
442,2026-08-04T08:30:49.297552Z,fast,7,268
442,2026-08-04T08:30:49.297553Z,slow,7,276
442,2026-08-04T08:30:49.797284Z,fast,4,173
443,2026-08-04T08:30:50.300304Z,fast,7,359
443,2026-08-04T08:30:50.797529Z,fast,3,289
444,2026-08-04T08:30:51.300597Z,fast,35,556
444,2026-08-04T08:30:51.300577Z,slow,36,544
444,2026-08-04T08:30:51.797462Z,fast,7,279
445,2026-08-04T08:30:52.297652Z,fast,4,207
445,2026-08-04T08:30:52.797329Z,fast,3,284
446,2026-08-04T08:30:53.298429Z,slow,3,234
446,2026-08-04T08:30:53.298500Z,fast,6,234
446,2026-08-04T08:30:53.797783Z,fast,8,238
447,2026-08-04T08:30:54.297573Z,fast,5,175
447,2026-08-04T08:30:54.798088Z,fast,7,267
448,2026-08-04T08:30:55.297450Z,fast,10,340
448,2026-08-04T08:30:55.297451Z,slow,29,370
448,2026-08-04T08:30:55.797735Z,fast,4,309
449,2026-08-04T08:30:56.297704Z,fast,6,425
449,2026-08-04T08:30:56.797586Z,fast,10,351
450,2026-08-04T08:30:57.297715Z,fast,4,268
450,2026-08-04T08:30:57.297715Z,slow,4,270
450,2026-08-04T08:30:57.798386Z,fast,9,307
451,2026-08-04T08:30:58.298043Z,fast,26,452
451,2026-08-04T08:30:58.798014Z,fast,14,228
452,2026-08-04T08:30:59.297578Z,fast,9,304
452,2026-08-04T08:30:59.297580Z,slow,23,313
452,2026-08-04T08:30:59.797678Z,fast,6,238
453,2026-08-04T08:31:00.297595Z,fast,4,231
453,2026-08-04T08:31:00.797560Z,fast,6,195
454,2026-08-04T08:31:01.297886Z,fast,5,240
454,2026-08-04T08:31:01.297927Z,slow,5,241
454,2026-08-04T08:31:01.797700Z,fast,3,246
455,2026-08-04T08:31:02.297724Z,fast,7,261
455,2026-08-04T08:31:02.797682Z,fast,4,315
456,2026-08-04T08:31:03.297865Z,fast,5,367
456,2026-08-04T08:31:03.297835Z,slow,5,367
456,2026-08-04T08:31:03.797688Z,fast,4,342
457,2026-08-04T08:31:04.297806Z,fast,21,513
457,2026-08-04T08:31:04.797765Z,fast,2,344
458,2026-08-04T08:31:05.298193Z,fast,9,366
458,2026-08-04T08:31:05.298194Z,slow,11,401
458,2026-08-04T08:31:05.798551Z,fast,13,467
459,2026-08-04T08:31:06.298076Z,fast,14,153
459,2026-08-04T08:31:06.797822Z,fast,4,311
460,2026-08-04T08:31:07.299145Z,fast,11,321
460,2026-08-04T08:31:07.299155Z,slow,17,288
460,2026-08-04T08:31:07.797869Z,fast,2,331
461,2026-08-04T08:31:08.297777Z,fast,3,207
461,2026-08-04T08:31:08.797890Z,fast,8,391
462,2026-08-04T08:31:09.297858Z,fast,6,132
462,2026-08-04T08:31:09.297858Z,slow,6,173
462,2026-08-04T08:31:09.798776Z,fast,5,308
463,2026-08-04T08:31:10.297875Z,fast,5,211
463,2026-08-04T08:31:10.797987Z,fast,5,412
464,2026-08-04T08:31:11.298105Z,slow,20,162
464,2026-08-04T08:31:11.298263Z,fast,20,162
464,2026-08-04T08:31:11.798186Z,fast,3,267
465,2026-08-04T08:31:12.299871Z,fast,26,381
465,2026-08-04T08:31:12.798186Z,fast,106,511
466,2026-08-04T08:31:13.298458Z,fast,8,328
466,2026-08-04T08:31:13.298464Z,slow,12,360
466,2026-08-04T08:31:13.798400Z,fast,11,420
467,2026-08-04T08:31:14.297978Z,fast,5,255
467,2026-08-04T08:31:14.799113Z,fast,2,152
468,2026-08-04T08:31:15.298232Z,fast,16,371
468,2026-08-04T08:31:15.298232Z,slow,24,390
468,2026-08-04T08:31:15.799887Z,fast,6,294
469,2026-08-04T08:31:16.298026Z,fast,7,238
469,2026-08-04T08:31:16.798303Z,fast,4,368
470,2026-08-04T08:31:17.298454Z,fast,4,243
470,2026-08-04T08:31:17.298462Z,slow,5,157
470,2026-08-04T08:31:17.798203Z,fast,5,292
471,2026-08-04T08:31:18.298065Z,fast,3,285
471,2026-08-04T08:31:18.798107Z,fast,4,255
472,2026-08-04T08:31:19.298227Z,fast,4,376
472,2026-08-04T08:31:19.298226Z,slow,5,376
472,2026-08-04T08:31:19.799069Z,fast,3,260
473,2026-08-04T08:31:20.298126Z,fast,7,333
473,2026-08-04T08:31:20.798506Z,fast,4,229
474,2026-08-04T08:31:21.303251Z,fast,8,211
474,2026-08-04T08:31:21.303115Z,slow,48,211
474,2026-08-04T08:31:21.798446Z,fast,8,266
475,2026-08-04T08:31:22.298223Z,fast,4,180
475,2026-08-04T08:31:22.798327Z,fast,2,238
476,2026-08-04T08:31:23.298261Z,fast,15,321
476,2026-08-04T08:31:23.298261Z,slow,19,331
476,2026-08-04T08:31:23.798419Z,fast,5,184
477,2026-08-04T08:31:24.298297Z,fast,9,315
477,2026-08-04T08:31:24.798309Z,fast,5,228
478,2026-08-04T08:31:25.302678Z,fast,10,344
478,2026-08-04T08:31:25.302685Z,slow,21,398
478,2026-08-04T08:31:25.798550Z,fast,11,395
479,2026-08-04T08:31:26.298838Z,fast,6,365
479,2026-08-04T08:31:26.798493Z,fast,6,309
480,2026-08-04T08:31:27.298609Z,fast,6,253
480,2026-08-04T08:31:27.298610Z,slow,8,322
480,2026-08-04T08:31:27.799356Z,fast,3,184
481,2026-08-04T08:31:28.299401Z,fast,3,314
481,2026-08-04T08:31:28.798847Z,fast,9,269
482,2026-08-04T08:31:29.300263Z,slow,10,315
482,2026-08-04T08:31:29.300266Z,fast,10,258
482,2026-08-04T08:31:29.798531Z,fast,3,248
483,2026-08-04T08:31:30.298456Z,fast,6,414
483,2026-08-04T08:31:30.798598Z,fast,2,291
484,2026-08-04T08:31:31.298525Z,fast,3,249
484,2026-08-04T08:31:31.298530Z,slow,3,232
484,2026-08-04T08:31:31.798649Z,fast,2,130
485,2026-08-04T08:31:32.298487Z,fast,4,184
485,2026-08-04T08:31:32.798923Z,fast,3,281
486,2026-08-04T08:31:33.299168Z,slow,5,292
486,2026-08-04T08:31:33.299169Z,fast,6,301
486,2026-08-04T08:31:33.803608Z,fast,3,80
487,2026-08-04T08:31:34.298669Z,fast,2,80
487,2026-08-04T08:31:34.803186Z,fast,4,80
488,2026-08-04T08:31:35.301067Z,fast,1,88
488,2026-08-04T08:31:35.301067Z,slow,1,89
488,2026-08-04T08:31:35.798848Z,fast,1,177
489,2026-08-04T08:31:36.298998Z,fast,4,264
489,2026-08-04T08:31:36.799139Z,fast,4,230
490,2026-08-04T08:31:37.298966Z,fast,4,265
490,2026-08-04T08:31:37.298965Z,slow,8,287
490,2026-08-04T08:31:37.800319Z,fast,5,210
491,2026-08-04T08:31:38.298710Z,fast,9,206
491,2026-08-04T08:31:38.799216Z,fast,5,204
492,2026-08-04T08:31:39.299624Z,fast,3,266
492,2026-08-04T08:31:39.299663Z,slow,6,295
492,2026-08-04T08:31:39.798802Z,fast,11,292
493,2026-08-04T08:31:40.299117Z,fast,5,267
493,2026-08-04T08:31:40.798795Z,fast,2,233
494,2026-08-04T08:31:41.299546Z,fast,4,167
494,2026-08-04T08:31:41.299507Z,slow,4,260
494,2026-08-04T08:31:41.799051Z,fast,4,292
495,2026-08-04T08:31:42.298912Z,fast,3,361
495,2026-08-04T08:31:42.798853Z,fast,5,368
496,2026-08-04T08:31:43.298889Z,fast,8,303
496,2026-08-04T08:31:43.298881Z,slow,8,262
496,2026-08-04T08:31:43.799070Z,fast,7,301
497,2026-08-04T08:31:44.298937Z,fast,5,386
497,2026-08-04T08:31:44.800408Z,fast,6,307
498,2026-08-04T08:31:45.298978Z,fast,12,384
498,2026-08-04T08:31:45.298951Z,slow,18,338
498,2026-08-04T08:31:45.799133Z,fast,6,323
499,2026-08-04T08:31:46.299919Z,fast,8,393
499,2026-08-04T08:31:46.798930Z,fast,2,238
500,2026-08-04T08:31:47.299636Z,fast,11,455
500,2026-08-04T08:31:47.299621Z,slow,11,444
500,2026-08-04T08:31:47.799011Z,fast,2,272
501,2026-08-04T08:31:48.299270Z,fast,4,257
501,2026-08-04T08:31:48.800103Z,fast,7,264
502,2026-08-04T08:31:49.299110Z,fast,7,296
502,2026-08-04T08:31:49.299109Z,slow,16,296
502,2026-08-04T08:31:49.799299Z,fast,5,249
503,2026-08-04T08:31:50.299031Z,fast,5,231
503,2026-08-04T08:31:50.799651Z,fast,2,229
504,2026-08-04T08:31:51.299407Z,slow,10,380
504,2026-08-04T08:31:51.299431Z,fast,10,333
504,2026-08-04T08:31:51.799815Z,fast,44,353
505,2026-08-04T08:31:52.299459Z,fast,7,230
505,2026-08-04T08:31:52.799354Z,fast,3,146
506,2026-08-04T08:31:53.299218Z,fast,3,280
506,2026-08-04T08:31:53.299232Z,slow,6,241
506,2026-08-04T08:31:53.799242Z,fast,8,345
507,2026-08-04T08:31:54.299313Z,fast,3,280
507,2026-08-04T08:31:54.799517Z,fast,6,279
508,2026-08-04T08:31:55.299218Z,slow,9,264
508,2026-08-04T08:31:55.299216Z,fast,15,265
508,2026-08-04T08:31:55.799537Z,fast,6,200
509,2026-08-04T08:31:56.299392Z,fast,4,289
509,2026-08-04T08:31:56.799235Z,fast,16,130
510,2026-08-04T08:31:57.299546Z,slow,4,289
510,2026-08-04T08:31:57.299565Z,fast,6,301
510,2026-08-04T08:31:57.799761Z,fast,5,184
511,2026-08-04T08:31:58.299883Z,fast,15,98
511,2026-08-04T08:31:58.800584Z,fast,9,369
512,2026-08-04T08:31:59.299379Z,fast,16,262
512,2026-08-04T08:31:59.299377Z,slow,16,262
512,2026-08-04T08:31:59.801758Z,fast,11,186
513,2026-08-04T08:32:00.303029Z,fast,2,179
513,2026-08-04T08:32:00.799367Z,fast,4,317
514,2026-08-04T08:32:01.299736Z,fast,4,275
514,2026-08-04T08:32:01.299707Z,slow,8,279
514,2026-08-04T08:32:01.799580Z,fast,7,343
515,2026-08-04T08:32:02.299880Z,fast,4,314
515,2026-08-04T08:32:02.799465Z,fast,8,342
516,2026-08-04T08:32:03.299481Z,fast,7,366
516,2026-08-04T08:32:03.299488Z,slow,7,399
516,2026-08-04T08:32:03.799614Z,fast,11,342
517,2026-08-04T08:32:04.300380Z,fast,7,323
517,2026-08-04T08:32:04.800045Z,fast,2,369
518,2026-08-04T08:32:05.299980Z,fast,25,472
518,2026-08-04T08:32:05.299979Z,slow,29,369
518,2026-08-04T08:32:05.800022Z,fast,3,399
519,2026-08-04T08:32:06.299914Z,fast,12,320
519,2026-08-04T08:32:06.799983Z,fast,2,173
520,2026-08-04T08:32:07.300195Z,fast,6,368
520,2026-08-04T08:32:07.300243Z,slow,6,328
520,2026-08-04T08:32:07.799809Z,fast,6,346
521,2026-08-04T08:32:08.300071Z,fast,8,368
521,2026-08-04T08:32:08.799692Z,fast,8,265
522,2026-08-04T08:32:09.301064Z,fast,6,217
522,2026-08-04T08:32:09.301058Z,slow,6,255
522,2026-08-04T08:32:09.799761Z,fast,7,371
523,2026-08-04T08:32:10.299703Z,fast,6,295
523,2026-08-04T08:32:10.799771Z,fast,8,261
524,2026-08-04T08:32:11.299914Z,fast,6,283
524,2026-08-04T08:32:11.299904Z,slow,7,266
524,2026-08-04T08:32:11.799691Z,fast,2,240
525,2026-08-04T08:32:12.300323Z,fast,6,239
525,2026-08-04T08:32:12.800684Z,fast,4,343
526,2026-08-04T08:32:13.300544Z,slow,5,206
526,2026-08-04T08:32:13.300537Z,fast,5,291
526,2026-08-04T08:32:13.799856Z,fast,14,361
527,2026-08-04T08:32:14.299831Z,fast,7,361
527,2026-08-04T08:32:14.799992Z,fast,9,292
528,2026-08-04T08:32:15.300578Z,slow,31,570
528,2026-08-04T08:32:15.300579Z,fast,35,561
528,2026-08-04T08:32:15.799808Z,fast,3,239
529,2026-08-04T08:32:16.299992Z,fast,6,314
529,2026-08-04T08:32:16.800853Z,fast,2,385
530,2026-08-04T08:32:17.300037Z,fast,11,508
530,2026-08-04T08:32:17.300037Z,slow,21,516
530,2026-08-04T08:32:17.800614Z,fast,2,451
531,2026-08-04T08:32:18.300241Z,fast,4,292
531,2026-08-04T08:32:18.800694Z,fast,10,293
532,2026-08-04T08:32:19.300023Z,slow,7,375
532,2026-08-04T08:32:19.299942Z,fast,8,438
532,2026-08-04T08:32:19.800150Z,fast,5,185
533,2026-08-04T08:32:20.300055Z,fast,3,383
533,2026-08-04T08:32:20.801284Z,fast,4,265
534,2026-08-04T08:32:21.300557Z,fast,6,319
534,2026-08-04T08:32:21.300571Z,slow,11,407
534,2026-08-04T08:32:21.800226Z,fast,3,309
535,2026-08-04T08:32:22.300043Z,fast,5,366
535,2026-08-04T08:32:22.800858Z,fast,3,157
536,2026-08-04T08:32:23.300916Z,fast,7,339
536,2026-08-04T08:32:23.300913Z,slow,10,400
536,2026-08-04T08:32:23.800699Z,fast,3,393
537,2026-08-04T08:32:24.300706Z,fast,10,289
537,2026-08-04T08:32:24.802656Z,fast,28,519
538,2026-08-04T08:32:25.303593Z,fast,10,355
538,2026-08-04T08:32:25.303593Z,slow,32,423
538,2026-08-04T08:32:25.800381Z,fast,6,363
539,2026-08-04T08:32:26.300524Z,fast,1,158
539,2026-08-04T08:32:26.800389Z,fast,6,200
540,2026-08-04T08:32:27.300471Z,slow,11,319
540,2026-08-04T08:32:27.300471Z,fast,12,293
540,2026-08-04T08:32:27.800195Z,fast,11,344
541,2026-08-04T08:32:28.300761Z,fast,5,381
541,2026-08-04T08:32:28.801652Z,fast,6,306
542,2026-08-04T08:32:29.300555Z,fast,2,216
542,2026-08-04T08:32:29.300541Z,slow,3,216
542,2026-08-04T08:32:29.800377Z,fast,3,407
543,2026-08-04T08:32:30.300952Z,fast,4,344
543,2026-08-04T08:32:30.800711Z,fast,2,359
544,2026-08-04T08:32:31.300699Z,slow,9,218
544,2026-08-04T08:32:31.300701Z,fast,9,220
544,2026-08-04T08:32:31.800304Z,fast,6,281
545,2026-08-04T08:32:32.300580Z,fast,4,234
545,2026-08-04T08:32:32.801319Z,fast,3,239
546,2026-08-04T08:32:33.301106Z,slow,4,292
546,2026-08-04T08:32:33.301091Z,fast,8,301
546,2026-08-04T08:32:33.801445Z,fast,6,252
547,2026-08-04T08:32:34.300737Z,fast,6,421
547,2026-08-04T08:32:34.800607Z,fast,5,284
548,2026-08-04T08:32:35.302012Z,fast,4,366
548,2026-08-04T08:32:35.302012Z,slow,6,294
548,2026-08-04T08:32:35.804871Z,fast,6,80
549,2026-08-04T08:32:36.304666Z,fast,4,80
549,2026-08-04T08:32:36.802764Z,fast,8,80
550,2026-08-04T08:32:37.302794Z,fast,5,87
550,2026-08-04T08:32:37.302786Z,slow,7,89
550,2026-08-04T08:32:37.800746Z,fast,3,304
551,2026-08-04T08:32:38.300519Z,fast,3,355
551,2026-08-04T08:32:38.801404Z,fast,4,307
552,2026-08-04T08:32:39.300763Z,fast,4,320
552,2026-08-04T08:32:39.300762Z,slow,8,354
552,2026-08-04T08:32:39.800749Z,fast,5,180
553,2026-08-04T08:32:40.300784Z,fast,13,233
553,2026-08-04T08:32:40.800738Z,fast,4,302
554,2026-08-04T08:32:41.300742Z,fast,6,273
554,2026-08-04T08:32:41.300742Z,slow,6,261
554,2026-08-04T08:32:41.801133Z,fast,12,338
555,2026-08-04T08:32:42.300764Z,fast,6,258
555,2026-08-04T08:32:42.801109Z,fast,4,224
556,2026-08-04T08:32:43.300838Z,slow,5,300
556,2026-08-04T08:32:43.300836Z,fast,8,346
556,2026-08-04T08:32:43.800830Z,fast,2,222
557,2026-08-04T08:32:44.300864Z,fast,12,246
557,2026-08-04T08:32:44.800904Z,fast,6,374
558,2026-08-04T08:32:45.301041Z,fast,5,242
558,2026-08-04T08:32:45.301041Z,slow,11,240
558,2026-08-04T08:32:45.801094Z,fast,16,448
559,2026-08-04T08:32:46.301195Z,fast,9,308
559,2026-08-04T08:32:46.800870Z,fast,7,149
560,2026-08-04T08:32:47.300777Z,fast,8,392
560,2026-08-04T08:32:47.300774Z,slow,10,333
560,2026-08-04T08:32:47.800775Z,fast,4,309
561,2026-08-04T08:32:48.301770Z,fast,7,292
561,2026-08-04T08:32:48.801764Z,fast,3,238
562,2026-08-04T08:32:49.300898Z,fast,9,297
562,2026-08-04T08:32:49.300907Z,slow,10,253
562,2026-08-04T08:32:49.801082Z,fast,3,167
563,2026-08-04T08:32:50.301291Z,fast,10,440
563,2026-08-04T08:32:50.801184Z,fast,7,184
564,2026-08-04T08:32:51.301499Z,fast,9,428
564,2026-08-04T08:32:51.301498Z,slow,10,412
564,2026-08-04T08:32:51.801790Z,fast,8,367
565,2026-08-04T08:32:52.302496Z,fast,3,260
565,2026-08-04T08:32:52.805939Z,fast,11,334
566,2026-08-04T08:32:53.301419Z,slow,10,383
566,2026-08-04T08:32:53.301418Z,fast,11,348
566,2026-08-04T08:32:53.801649Z,fast,7,265
567,2026-08-04T08:32:54.301358Z,fast,3,212
567,2026-08-04T08:32:54.801296Z,fast,4,343
568,2026-08-04T08:32:55.302584Z,fast,7,389
568,2026-08-04T08:32:55.302588Z,slow,18,393
568,2026-08-04T08:32:55.802166Z,fast,11,241
569,2026-08-04T08:32:56.302626Z,fast,8,321
569,2026-08-04T08:32:56.803375Z,fast,5,445
570,2026-08-04T08:32:57.301965Z,fast,7,333
570,2026-08-04T08:32:57.301966Z,slow,7,337
570,2026-08-04T08:32:57.803067Z,fast,12,245
571,2026-08-04T08:32:58.301492Z,fast,3,314
571,2026-08-04T08:32:58.801143Z,fast,11,390
572,2026-08-04T08:32:59.301299Z,fast,10,243
572,2026-08-04T08:32:59.301299Z,slow,10,342
572,2026-08-04T08:32:59.808999Z,fast,248,524
573,2026-08-04T08:33:00.301782Z,fast,44,498
573,2026-08-04T08:33:00.801214Z,fast,14,324
574,2026-08-04T08:33:01.302690Z,slow,13,493
574,2026-08-04T08:33:01.302760Z,fast,17,447
574,2026-08-04T08:33:01.802098Z,fast,4,185
575,2026-08-04T08:33:02.301193Z,fast,3,346
575,2026-08-04T08:33:02.801991Z,fast,7,355
576,2026-08-04T08:33:03.302169Z,slow,6,337
576,2026-08-04T08:33:03.302168Z,fast,9,265
576,2026-08-04T08:33:03.801668Z,fast,9,369
577,2026-08-04T08:33:04.302628Z,fast,2,240
577,2026-08-04T08:33:04.801472Z,fast,5,411
578,2026-08-04T08:33:05.304017Z,fast,29,510
578,2026-08-04T08:33:05.304014Z,slow,30,514
578,2026-08-04T08:33:05.801444Z,fast,13,346
579,2026-08-04T08:33:06.301333Z,fast,11,253
579,2026-08-04T08:33:06.801468Z,fast,2,313
580,2026-08-04T08:33:07.302026Z,fast,6,257
580,2026-08-04T08:33:07.302032Z,slow,9,238
580,2026-08-04T08:33:07.802579Z,fast,4,130
581,2026-08-04T08:33:08.302057Z,fast,2,280
581,2026-08-04T08:33:08.801893Z,fast,2,184
582,2026-08-04T08:33:09.301725Z,fast,15,353
582,2026-08-04T08:33:09.301725Z,slow,16,412
582,2026-08-04T08:33:09.801428Z,fast,5,323
583,2026-08-04T08:33:10.303298Z,fast,14,423
583,2026-08-04T08:33:10.801441Z,fast,15,345
584,2026-08-04T08:33:11.302072Z,fast,5,437
584,2026-08-04T08:33:11.302073Z,slow,9,427
584,2026-08-04T08:33:11.801508Z,fast,5,307
585,2026-08-04T08:33:12.301690Z,fast,3,418
585,2026-08-04T08:33:12.802399Z,fast,3,319
586,2026-08-04T08:33:13.302338Z,slow,10,354
586,2026-08-04T08:33:13.302405Z,fast,11,355
586,2026-08-04T08:33:13.801523Z,fast,3,185
587,2026-08-04T08:33:14.301943Z,fast,3,179
587,2026-08-04T08:33:14.802572Z,fast,6,401
588,2026-08-04T08:33:15.303036Z,slow,90,388
588,2026-08-04T08:33:15.303036Z,fast,152,532
588,2026-08-04T08:33:15.802380Z,fast,5,369
589,2026-08-04T08:33:16.301656Z,fast,4,342
589,2026-08-04T08:33:16.802195Z,fast,2,217
590,2026-08-04T08:33:17.301806Z,fast,6,370
590,2026-08-04T08:33:17.301806Z,slow,7,360
590,2026-08-04T08:33:17.802773Z,fast,6,371
591,2026-08-04T08:33:18.301715Z,fast,5,371
591,2026-08-04T08:33:18.802350Z,fast,6,284
592,2026-08-04T08:33:19.302525Z,fast,3,285
592,2026-08-04T08:33:19.302522Z,slow,5,315
592,2026-08-04T08:33:19.802232Z,fast,12,367
593,2026-08-04T08:33:20.302740Z,fast,7,365
593,2026-08-04T08:33:20.802164Z,fast,12,432
594,2026-08-04T08:33:21.302161Z,slow,8,292
594,2026-08-04T08:33:21.302157Z,fast,9,187
594,2026-08-04T08:33:21.801825Z,fast,7,319
595,2026-08-04T08:33:22.301971Z,fast,2,354
595,2026-08-04T08:33:22.802041Z,fast,6,238
596,2026-08-04T08:33:23.301997Z,fast,7,450
596,2026-08-04T08:33:23.301997Z,slow,7,442
596,2026-08-04T08:33:23.802134Z,fast,23,211
597,2026-08-04T08:33:24.302201Z,fast,2,346
597,2026-08-04T08:33:24.804293Z,fast,5,238
598,2026-08-04T08:33:25.302669Z,fast,22,449
598,2026-08-04T08:33:25.302647Z,slow,32,440
598,2026-08-04T08:33:25.802913Z,fast,3,319
599,2026-08-04T08:33:26.302465Z,fast,6,481
599,2026-08-04T08:33:26.803445Z,fast,10,346
600,2026-08-04T08:33:27.301934Z,fast,5,409
600,2026-08-04T08:33:27.301934Z,slow,5,400
600,2026-08-04T08:33:27.802431Z,fast,10,319
601,2026-08-04T08:33:28.301975Z,fast,7,386
601,2026-08-04T08:33:28.802051Z,fast,3,346
602,2026-08-04T08:33:29.302279Z,slow,9,307
602,2026-08-04T08:33:29.302279Z,fast,14,373
602,2026-08-04T08:33:29.802055Z,fast,6,373
603,2026-08-04T08:33:30.302474Z,fast,3,211
603,2026-08-04T08:33:30.802246Z,fast,3,265
604,2026-08-04T08:33:31.302562Z,slow,7,355
604,2026-08-04T08:33:31.302553Z,fast,9,337
604,2026-08-04T08:33:31.802548Z,fast,11,238
605,2026-08-04T08:33:32.302329Z,fast,4,321
605,2026-08-04T08:33:32.802539Z,fast,10,292
606,2026-08-04T08:33:33.302557Z,slow,4,319
606,2026-08-04T08:33:33.302560Z,fast,6,346
606,2026-08-04T08:33:33.802443Z,fast,15,346
607,2026-08-04T08:33:34.302641Z,fast,3,265
607,2026-08-04T08:33:34.802207Z,fast,6,373
608,2026-08-04T08:33:35.302188Z,fast,13,382
608,2026-08-04T08:33:35.302201Z,slow,26,355
608,2026-08-04T08:33:35.804857Z,fast,40,346
609,2026-08-04T08:33:36.302304Z,fast,11,235
609,2026-08-04T08:33:36.802253Z,fast,9,265
610,2026-08-04T08:33:37.302270Z,slow,7,373
610,2026-08-04T08:33:37.302268Z,fast,9,319
610,2026-08-04T08:33:37.807321Z,fast,4,80
611,2026-08-04T08:33:38.307241Z,fast,3,80
611,2026-08-04T08:33:38.806811Z,fast,4,80
612,2026-08-04T08:33:39.305677Z,fast,5,89
612,2026-08-04T08:33:39.305674Z,slow,6,89
612,2026-08-04T08:33:39.802966Z,fast,8,400
613,2026-08-04T08:33:40.303032Z,fast,3,319
613,2026-08-04T08:33:40.802938Z,fast,5,394
614,2026-08-04T08:33:41.302821Z,fast,5,373
614,2026-08-04T08:33:41.302807Z,slow,32,400
614,2026-08-04T08:33:41.803035Z,fast,10,319
615,2026-08-04T08:33:42.302438Z,fast,9,427
615,2026-08-04T08:33:42.802424Z,fast,3,373
616,2026-08-04T08:33:43.302514Z,fast,4,319
616,2026-08-04T08:33:43.302541Z,slow,5,328
616,2026-08-04T08:33:43.802496Z,fast,3,292
617,2026-08-04T08:33:44.302530Z,fast,8,373
617,2026-08-04T08:33:44.802499Z,fast,5,319
618,2026-08-04T08:33:45.302882Z,slow,17,454
618,2026-08-04T08:33:45.302882Z,fast,22,436
618,2026-08-04T08:33:45.802813Z,fast,4,381
619,2026-08-04T08:33:46.303653Z,fast,8,238
619,2026-08-04T08:33:46.803028Z,fast,8,346
620,2026-08-04T08:33:47.302652Z,slow,7,274
620,2026-08-04T08:33:47.302648Z,fast,7,274
620,2026-08-04T08:33:47.802655Z,fast,23,265
621,2026-08-04T08:33:48.303388Z,fast,12,211
621,2026-08-04T08:33:48.802790Z,fast,4,319
622,2026-08-04T08:33:49.303072Z,slow,5,292
622,2026-08-04T08:33:49.303061Z,fast,6,238
622,2026-08-04T08:33:49.802618Z,fast,7,319
623,2026-08-04T08:33:50.302808Z,fast,3,319
623,2026-08-04T08:33:50.803242Z,fast,14,346
624,2026-08-04T08:33:51.302899Z,fast,3,292
624,2026-08-04T08:33:51.302898Z,slow,15,346
624,2026-08-04T08:33:51.802865Z,fast,23,238
625,2026-08-04T08:33:52.302682Z,fast,3,265
625,2026-08-04T08:33:52.803094Z,fast,9,292
626,2026-08-04T08:33:53.303210Z,slow,8,318
626,2026-08-04T08:33:53.303212Z,fast,8,317
626,2026-08-04T08:33:53.803428Z,fast,6,319
627,2026-08-04T08:33:54.303112Z,fast,14,265
627,2026-08-04T08:33:54.803297Z,fast,21,292
628,2026-08-04T08:33:55.304076Z,fast,9,319
628,2026-08-04T08:33:55.304084Z,slow,16,320
628,2026-08-04T08:33:55.802798Z,fast,18,400
629,2026-08-04T08:33:56.303083Z,fast,5,211
629,2026-08-04T08:33:56.803665Z,fast,2,400
630,2026-08-04T08:33:57.302986Z,fast,4,300
630,2026-08-04T08:33:57.302989Z,slow,5,301
630,2026-08-04T08:33:57.803117Z,fast,4,292
631,2026-08-04T08:33:58.303130Z,fast,5,292
631,2026-08-04T08:33:58.802898Z,fast,15,373
632,2026-08-04T08:33:59.303317Z,fast,4,373
632,2026-08-04T08:33:59.303317Z,slow,5,292
632,2026-08-04T08:33:59.803375Z,fast,11,346
633,2026-08-04T08:34:00.303032Z,fast,14,319
633,2026-08-04T08:34:00.803590Z,fast,10,346
634,2026-08-04T08:34:01.303606Z,fast,9,355
634,2026-08-04T08:34:01.303544Z,slow,10,346
634,2026-08-04T08:34:01.803070Z,fast,6,292
635,2026-08-04T08:34:02.303171Z,fast,2,238
635,2026-08-04T08:34:02.803863Z,fast,18,148
636,2026-08-04T08:34:03.303067Z,fast,13,346
636,2026-08-04T08:34:03.303033Z,slow,15,400
636,2026-08-04T08:34:03.803024Z,fast,4,211
637,2026-08-04T08:34:04.304036Z,fast,12,265
637,2026-08-04T08:34:04.803080Z,fast,6,238
638,2026-08-04T08:34:05.303739Z,fast,9,461
638,2026-08-04T08:34:05.303740Z,slow,10,373
638,2026-08-04T08:34:05.803301Z,fast,6,343
639,2026-08-04T08:34:06.303444Z,fast,11,373
639,2026-08-04T08:34:06.803344Z,fast,7,400
640,2026-08-04T08:34:07.303239Z,fast,6,299
640,2026-08-04T08:34:07.303253Z,slow,6,301
640,2026-08-04T08:34:07.803406Z,fast,4,282
641,2026-08-04T08:34:08.303210Z,fast,5,298
641,2026-08-04T08:34:08.803783Z,fast,14,265
642,2026-08-04T08:34:09.303756Z,fast,24,312
642,2026-08-04T08:34:09.303693Z,slow,26,346
642,2026-08-04T08:34:09.803692Z,fast,11,265
643,2026-08-04T08:34:10.303431Z,fast,5,292
643,2026-08-04T08:34:10.803282Z,fast,8,373
644,2026-08-04T08:34:11.303440Z,fast,2,328
644,2026-08-04T08:34:11.303441Z,slow,2,327
644,2026-08-04T08:34:11.805066Z,fast,52,292
645,2026-08-04T08:34:12.303474Z,fast,14,211
645,2026-08-04T08:34:12.803682Z,fast,7,292
646,2026-08-04T08:34:13.303465Z,fast,1,292
646,2026-08-04T08:34:13.303463Z,slow,24,319
646,2026-08-04T08:34:13.803854Z,fast,12,211
647,2026-08-04T08:34:14.303492Z,fast,7,292
647,2026-08-04T08:34:14.803451Z,fast,2,346
648,2026-08-04T08:34:15.303948Z,fast,24,432
648,2026-08-04T08:34:15.303948Z,slow,26,400
648,2026-08-04T08:34:15.803611Z,fast,15,346
649,2026-08-04T08:34:16.303533Z,fast,106,346
649,2026-08-04T08:34:16.804149Z,fast,64,263
650,2026-08-04T08:34:17.303945Z,fast,3,137
650,2026-08-04T08:34:17.303945Z,slow,9,139
650,2026-08-04T08:34:17.803951Z,fast,2,373
651,2026-08-04T08:34:18.304001Z,fast,34,238
651,2026-08-04T08:34:18.805160Z,fast,4,265
652,2026-08-04T08:34:19.305203Z,fast,3,184
652,2026-08-04T08:34:19.305203Z,slow,3,130
652,2026-08-04T08:34:19.803736Z,fast,4,292
653,2026-08-04T08:34:20.303832Z,fast,6,346
653,2026-08-04T08:34:20.803593Z,fast,10,319
654,2026-08-04T08:34:21.303680Z,fast,5,247
654,2026-08-04T08:34:21.303683Z,slow,6,238
654,2026-08-04T08:34:21.805101Z,fast,7,373
655,2026-08-04T08:34:22.303777Z,fast,4,319
655,2026-08-04T08:34:22.803631Z,fast,5,292
656,2026-08-04T08:34:23.303794Z,slow,7,280
656,2026-08-04T08:34:23.303798Z,fast,8,292
656,2026-08-04T08:34:23.803679Z,fast,9,292
657,2026-08-04T08:34:24.304039Z,fast,3,265
657,2026-08-04T08:34:24.803715Z,fast,11,292
658,2026-08-04T08:34:25.303777Z,fast,18,397
658,2026-08-04T08:34:25.303774Z,slow,53,508
658,2026-08-04T08:34:25.803748Z,fast,4,454
659,2026-08-04T08:34:26.303983Z,fast,30,400
659,2026-08-04T08:34:26.804020Z,fast,5,361
660,2026-08-04T08:34:27.304522Z,slow,5,292
660,2026-08-04T08:34:27.304522Z,fast,7,323
660,2026-08-04T08:34:27.804588Z,fast,4,400
661,2026-08-04T08:34:28.304397Z,fast,14,319
661,2026-08-04T08:34:28.804248Z,fast,4,184
662,2026-08-04T08:34:29.304370Z,fast,6,319
662,2026-08-04T08:34:29.304344Z,slow,15,301
662,2026-08-04T08:34:29.804224Z,fast,26,505
663,2026-08-04T08:34:30.304351Z,fast,4,346
663,2026-08-04T08:34:30.803899Z,fast,4,289
664,2026-08-04T08:34:31.303935Z,fast,2,237
664,2026-08-04T08:34:31.303948Z,slow,8,249
664,2026-08-04T08:34:31.804131Z,fast,3,292
665,2026-08-04T08:34:32.304149Z,fast,3,238
665,2026-08-04T08:34:32.804219Z,fast,3,238
666,2026-08-04T08:34:33.304545Z,fast,9,301
666,2026-08-04T08:34:33.304480Z,slow,10,300
666,2026-08-04T08:34:33.804535Z,fast,16,319
667,2026-08-04T08:34:34.304606Z,fast,3,292
667,2026-08-04T08:34:34.804527Z,fast,5,373
668,2026-08-04T08:34:35.304042Z,fast,4,373
668,2026-08-04T08:34:35.304037Z,slow,27,469
668,2026-08-04T08:34:35.804503Z,fast,9,400
669,2026-08-04T08:34:36.305004Z,fast,7,292
669,2026-08-04T08:34:36.804920Z,fast,9,292
670,2026-08-04T08:34:37.304194Z,fast,7,301
670,2026-08-04T08:34:37.304205Z,slow,8,299
670,2026-08-04T08:34:37.804242Z,fast,5,292
671,2026-08-04T08:34:38.304247Z,fast,10,299
671,2026-08-04T08:34:38.804280Z,fast,10,346
672,2026-08-04T08:34:39.304279Z,slow,3,292
672,2026-08-04T08:34:39.304278Z,fast,9,319
672,2026-08-04T08:34:39.809164Z,fast,4,80
673,2026-08-04T08:34:40.305298Z,fast,3,80
673,2026-08-04T08:34:40.807033Z,fast,3,80
674,2026-08-04T08:34:41.307315Z,fast,5,89
674,2026-08-04T08:34:41.307315Z,slow,5,89
674,2026-08-04T08:34:41.807800Z,fast,3,76
675,2026-08-04T08:34:42.309236Z,fast,2,76
675,2026-08-04T08:34:42.809074Z,fast,2,76
676,2026-08-04T08:34:43.304902Z,fast,10,84
676,2026-08-04T08:34:43.304902Z,slow,15,85
676,2026-08-04T08:34:43.807673Z,fast,10,76
677,2026-08-04T08:34:44.307056Z,fast,3,76
677,2026-08-04T08:34:44.809454Z,fast,3,76
678,2026-08-04T08:34:45.305418Z,fast,22,85
678,2026-08-04T08:34:45.305620Z,slow,22,83
678,2026-08-04T08:34:45.806179Z,fast,4,80
679,2026-08-04T08:34:46.306513Z,fast,4,76
679,2026-08-04T08:34:46.807518Z,fast,3,76
680,2026-08-04T08:34:47.307515Z,fast,3,83
680,2026-08-04T08:34:47.307515Z,slow,4,85
680,2026-08-04T08:34:47.807227Z,fast,27,76
681,2026-08-04T08:34:48.309464Z,fast,4,76
681,2026-08-04T08:34:48.805097Z,fast,3,76
682,2026-08-04T08:34:49.309567Z,fast,5,85
682,2026-08-04T08:34:49.309535Z,slow,5,85
682,2026-08-04T08:34:49.806801Z,fast,6,76
683,2026-08-04T08:34:50.308522Z,fast,4,76
683,2026-08-04T08:34:50.806058Z,fast,4,76
684,2026-08-04T08:34:51.308487Z,fast,3,83
684,2026-08-04T08:34:51.308472Z,slow,4,85
684,2026-08-04T08:34:51.808969Z,fast,15,76
685,2026-08-04T08:34:52.309588Z,fast,3,76
685,2026-08-04T08:34:52.804595Z,fast,4,76
686,2026-08-04T08:34:53.305221Z,fast,5,83
686,2026-08-04T08:34:53.305178Z,slow,5,85
686,2026-08-04T08:34:53.807647Z,fast,6,76
687,2026-08-04T08:34:54.309052Z,fast,4,76
687,2026-08-04T08:34:54.809584Z,fast,4,76
688,2026-08-04T08:34:55.305604Z,slow,7,83
688,2026-08-04T08:34:55.305604Z,fast,7,85
688,2026-08-04T08:34:55.806044Z,fast,2,76
689,2026-08-04T08:34:56.305892Z,fast,4,76
689,2026-08-04T08:34:56.809240Z,fast,4,76
690,2026-08-04T08:34:57.307034Z,fast,1,84
690,2026-08-04T08:34:57.307027Z,slow,1,85
690,2026-08-04T08:34:57.809700Z,fast,3,76
691,2026-08-04T08:34:58.308027Z,fast,4,76
691,2026-08-04T08:34:58.809279Z,fast,3,76
692,2026-08-04T08:34:59.307992Z,fast,5,83
692,2026-08-04T08:34:59.307987Z,slow,6,85
692,2026-08-04T08:34:59.806128Z,fast,3,76
693,2026-08-04T08:35:00.309813Z,fast,4,76
693,2026-08-04T08:35:00.805353Z,fast,4,76
694,2026-08-04T08:35:01.309171Z,slow,3,85
694,2026-08-04T08:35:01.309171Z,fast,3,85
694,2026-08-04T08:35:01.806763Z,fast,3,76
695,2026-08-04T08:35:02.308059Z,fast,2,76
695,2026-08-04T08:35:02.809407Z,fast,3,76
696,2026-08-04T08:35:03.306850Z,fast,3,85
696,2026-08-04T08:35:03.306850Z,slow,3,85
696,2026-08-04T08:35:03.808594Z,fast,3,76
697,2026-08-04T08:35:04.308147Z,fast,3,76
697,2026-08-04T08:35:04.808699Z,fast,3,76
698,2026-08-04T08:35:05.306253Z,fast,2,85
698,2026-08-04T08:35:05.306252Z,slow,2,85
698,2026-08-04T08:35:05.809946Z,fast,3,76
699,2026-08-04T08:35:06.309955Z,fast,3,76
699,2026-08-04T08:35:06.809571Z,fast,4,76
700,2026-08-04T08:35:07.310027Z,fast,2,85
700,2026-08-04T08:35:07.310027Z,slow,2,83
700,2026-08-04T08:35:07.808636Z,fast,2,76
701,2026-08-04T08:35:08.308535Z,fast,2,76
701,2026-08-04T08:35:08.805179Z,fast,5,76
702,2026-08-04T08:35:09.306114Z,fast,5,85
702,2026-08-04T08:35:09.306090Z,slow,5,85
702,2026-08-04T08:35:09.808333Z,fast,3,76
703,2026-08-04T08:35:10.305560Z,fast,2,76
703,2026-08-04T08:35:10.809693Z,fast,4,76
704,2026-08-04T08:35:11.306084Z,fast,4,85
704,2026-08-04T08:35:11.306081Z,slow,5,85
704,2026-08-04T08:35:11.810133Z,fast,4,76
705,2026-08-04T08:35:12.308387Z,fast,5,76
705,2026-08-04T08:35:12.806005Z,fast,4,76
706,2026-08-04T08:35:13.308071Z,fast,7,85
706,2026-08-04T08:35:13.308071Z,slow,7,85
706,2026-08-04T08:35:13.807696Z,fast,4,76
707,2026-08-04T08:35:14.308460Z,fast,4,76
707,2026-08-04T08:35:14.809778Z,fast,4,76
708,2026-08-04T08:35:15.308414Z,slow,24,84
708,2026-08-04T08:35:15.308413Z,fast,24,85
708,2026-08-04T08:35:15.809010Z,fast,2,76
709,2026-08-04T08:35:16.306398Z,fast,4,76
709,2026-08-04T08:35:16.807902Z,fast,6,76
710,2026-08-04T08:35:17.305975Z,fast,4,83
710,2026-08-04T08:35:17.306062Z,slow,6,85
710,2026-08-04T08:35:17.808038Z,fast,4,76
711,2026-08-04T08:35:18.310132Z,fast,4,76
711,2026-08-04T08:35:18.809948Z,fast,5,76
712,2026-08-04T08:35:19.306184Z,fast,5,85
712,2026-08-04T08:35:19.306183Z,slow,6,85
712,2026-08-04T08:35:19.806330Z,fast,5,76
713,2026-08-04T08:35:20.305508Z,fast,3,76
713,2026-08-04T08:35:20.805871Z,fast,4,76
714,2026-08-04T08:35:21.308111Z,fast,5,85
714,2026-08-04T08:35:21.308111Z,slow,5,85
714,2026-08-04T08:35:21.810534Z,fast,4,76
715,2026-08-04T08:35:22.308800Z,fast,4,76
715,2026-08-04T08:35:22.810181Z,fast,5,76
716,2026-08-04T08:35:23.306638Z,fast,3,85
716,2026-08-04T08:35:23.306623Z,slow,4,85
716,2026-08-04T08:35:23.808954Z,fast,4,76
717,2026-08-04T08:35:24.309930Z,fast,5,76
717,2026-08-04T08:35:24.810562Z,fast,1,76
718,2026-08-04T08:35:25.309476Z,fast,3,85
718,2026-08-04T08:35:25.309472Z,slow,3,85
718,2026-08-04T08:35:25.808498Z,fast,3,76
719,2026-08-04T08:35:26.308825Z,fast,5,76
719,2026-08-04T08:35:26.810597Z,fast,2,76
720,2026-08-04T08:35:27.310635Z,fast,5,85
720,2026-08-04T08:35:27.310633Z,slow,6,85
720,2026-08-04T08:35:27.810209Z,fast,4,76
721,2026-08-04T08:35:28.308350Z,fast,1,76
721,2026-08-04T08:35:28.808630Z,fast,3,76
722,2026-08-04T08:35:29.310682Z,fast,5,83
722,2026-08-04T08:35:29.310681Z,slow,5,85
722,2026-08-04T08:35:29.809492Z,fast,4,76
723,2026-08-04T08:35:30.308934Z,fast,4,76
723,2026-08-04T08:35:30.810314Z,fast,4,76
724,2026-08-04T08:35:31.310263Z,fast,5,85
724,2026-08-04T08:35:31.310255Z,slow,6,85
724,2026-08-04T08:35:31.808006Z,fast,3,76
725,2026-08-04T08:35:32.306319Z,fast,4,76
725,2026-08-04T08:35:32.810774Z,fast,3,76
726,2026-08-04T08:35:33.306464Z,slow,6,85
726,2026-08-04T08:35:33.306565Z,fast,6,85
726,2026-08-04T08:35:33.810574Z,fast,3,76
727,2026-08-04T08:35:34.309260Z,fast,5,76
727,2026-08-04T08:35:34.806057Z,fast,7,76
728,2026-08-04T08:35:35.307449Z,fast,5,85
728,2026-08-04T08:35:35.308889Z,slow,6,84
728,2026-08-04T08:35:35.810714Z,fast,5,76
729,2026-08-04T08:35:36.308566Z,fast,3,76
729,2026-08-04T08:35:36.810890Z,fast,3,76
730,2026-08-04T08:35:37.308086Z,fast,4,85
730,2026-08-04T08:35:37.308083Z,slow,4,85
730,2026-08-04T08:35:37.810933Z,fast,5,76
731,2026-08-04T08:35:38.309219Z,fast,4,76
731,2026-08-04T08:35:38.810562Z,fast,4,76
732,2026-08-04T08:35:39.311332Z,fast,8,85
732,2026-08-04T08:35:39.310935Z,slow,9,85
732,2026-08-04T08:35:39.806108Z,fast,4,76
733,2026-08-04T08:35:40.308901Z,fast,4,76
733,2026-08-04T08:35:40.808133Z,fast,4,76
734,2026-08-04T08:35:41.310091Z,fast,2,85
734,2026-08-04T08:35:41.310058Z,slow,3,85
734,2026-08-04T08:35:41.807987Z,fast,3,76
735,2026-08-04T08:35:42.308692Z,fast,3,76
735,2026-08-04T08:35:42.810665Z,fast,4,76
736,2026-08-04T08:35:43.309592Z,fast,3,83
736,2026-08-04T08:35:43.309590Z,slow,4,85
736,2026-08-04T08:35:43.809042Z,fast,5,76
737,2026-08-04T08:35:44.309879Z,fast,3,76
737,2026-08-04T08:35:44.808800Z,fast,4,76
738,2026-08-04T08:35:45.306708Z,slow,2,85
738,2026-08-04T08:35:45.306714Z,fast,2,85
738,2026-08-04T08:35:45.809700Z,fast,2,80
739,2026-08-04T08:35:46.310974Z,fast,4,76
739,2026-08-04T08:35:46.810794Z,fast,4,76
740,2026-08-04T08:35:47.309856Z,fast,4,84
740,2026-08-04T08:35:47.309805Z,slow,5,85
740,2026-08-04T08:35:47.809822Z,fast,3,76
741,2026-08-04T08:35:48.310139Z,fast,3,76
741,2026-08-04T08:35:48.811215Z,fast,2,76
742,2026-08-04T08:35:49.307589Z,fast,5,83
742,2026-08-04T08:35:49.307458Z,slow,6,85
742,2026-08-04T08:35:49.811292Z,fast,3,76
743,2026-08-04T08:35:50.309568Z,fast,3,76
743,2026-08-04T08:35:50.810891Z,fast,4,76
744,2026-08-04T08:35:51.310992Z,fast,4,84
744,2026-08-04T08:35:51.310984Z,slow,6,85
744,2026-08-04T08:35:51.807484Z,fast,3,76
745,2026-08-04T08:35:52.307023Z,fast,2,76
745,2026-08-04T08:35:52.807824Z,fast,4,76
746,2026-08-04T08:35:53.310253Z,fast,6,84
746,2026-08-04T08:35:53.310255Z,slow,7,85
746,2026-08-04T08:35:53.807876Z,fast,6,76
747,2026-08-04T08:35:54.311419Z,fast,4,76
747,2026-08-04T08:35:54.811445Z,fast,4,76
748,2026-08-04T08:35:55.308938Z,fast,3,85
748,2026-08-04T08:35:55.308918Z,slow,3,85
748,2026-08-04T08:35:55.810217Z,fast,3,76
749,2026-08-04T08:35:56.310085Z,fast,3,76
749,2026-08-04T08:35:56.806884Z,fast,5,76
750,2026-08-04T08:35:57.310360Z,slow,25,85
750,2026-08-04T08:35:57.310364Z,fast,25,83
750,2026-08-04T08:35:57.810355Z,fast,3,76
751,2026-08-04T08:35:58.311107Z,fast,3,76
751,2026-08-04T08:35:58.811177Z,fast,4,76
752,2026-08-04T08:35:59.311604Z,fast,4,83
752,2026-08-04T08:35:59.311597Z,slow,6,85
752,2026-08-04T08:35:59.811533Z,fast,1,76
753,2026-08-04T08:36:00.311600Z,fast,2,76
753,2026-08-04T08:36:00.809438Z,fast,3,76
754,2026-08-04T08:36:01.310139Z,slow,4,85
754,2026-08-04T08:36:01.310139Z,fast,4,85
754,2026-08-04T08:36:01.810137Z,fast,2,76
755,2026-08-04T08:36:02.307143Z,fast,3,76
755,2026-08-04T08:36:02.811320Z,fast,4,76
756,2026-08-04T08:36:03.306980Z,fast,6,85
756,2026-08-04T08:36:03.306956Z,slow,7,85
756,2026-08-04T08:36:03.811472Z,fast,3,76
757,2026-08-04T08:36:04.309306Z,fast,9,76
757,2026-08-04T08:36:04.811737Z,fast,3,76
758,2026-08-04T08:36:05.309460Z,fast,3,85
758,2026-08-04T08:36:05.309457Z,slow,4,85
758,2026-08-04T08:36:05.810908Z,fast,1,76
759,2026-08-04T08:36:06.312883Z,fast,6,76
759,2026-08-04T08:36:06.811523Z,fast,5,76
760,2026-08-04T08:36:07.311388Z,fast,4,83
760,2026-08-04T08:36:07.311396Z,slow,6,85
760,2026-08-04T08:36:07.809418Z,fast,4,76
761,2026-08-04T08:36:08.309502Z,fast,5,76
761,2026-08-04T08:36:08.811911Z,fast,5,76
762,2026-08-04T08:36:09.310583Z,fast,5,83
762,2026-08-04T08:36:09.310374Z,slow,6,85
762,2026-08-04T08:36:09.811900Z,fast,4,76
763,2026-08-04T08:36:10.310806Z,fast,3,76
763,2026-08-04T08:36:10.811699Z,fast,3,76
764,2026-08-04T08:36:11.311942Z,fast,3,84
764,2026-08-04T08:36:11.311941Z,slow,5,85
764,2026-08-04T08:36:11.811008Z,fast,4,76
765,2026-08-04T08:36:12.309177Z,fast,4,76
765,2026-08-04T08:36:12.811952Z,fast,4,76
766,2026-08-04T08:36:13.307692Z,fast,4,85
766,2026-08-04T08:36:13.307652Z,slow,4,85
766,2026-08-04T08:36:13.809176Z,fast,3,76
767,2026-08-04T08:36:14.310318Z,fast,3,76
767,2026-08-04T08:36:14.811670Z,fast,3,76
768,2026-08-04T08:36:15.307336Z,fast,8,85
768,2026-08-04T08:36:15.307325Z,slow,9,85
768,2026-08-04T08:36:15.808277Z,fast,2,76
769,2026-08-04T08:36:16.308609Z,fast,2,76
769,2026-08-04T08:36:16.809681Z,fast,4,76
770,2026-08-04T08:36:17.309713Z,fast,5,83
770,2026-08-04T08:36:17.309713Z,slow,6,85
770,2026-08-04T08:36:17.809151Z,fast,4,76
771,2026-08-04T08:36:18.312157Z,fast,2,76
771,2026-08-04T08:36:18.811796Z,fast,4,76
772,2026-08-04T08:36:19.311663Z,fast,5,85
772,2026-08-04T08:36:19.311661Z,slow,6,85
772,2026-08-04T08:36:19.810486Z,fast,4,76
773,2026-08-04T08:36:20.308206Z,fast,3,76
773,2026-08-04T08:36:20.810910Z,fast,8,76
774,2026-08-04T08:36:21.312234Z,fast,5,83
774,2026-08-04T08:36:21.312226Z,slow,6,85
774,2026-08-04T08:36:21.809190Z,fast,3,76
775,2026-08-04T08:36:22.310563Z,fast,4,76
775,2026-08-04T08:36:22.811959Z,fast,5,76
776,2026-08-04T08:36:23.312303Z,fast,4,85
776,2026-08-04T08:36:23.312303Z,slow,5,85
776,2026-08-04T08:36:23.809604Z,fast,3,76
777,2026-08-04T08:36:24.309907Z,fast,4,76
777,2026-08-04T08:36:24.808742Z,fast,1,76
778,2026-08-04T08:36:25.308976Z,fast,9,85
778,2026-08-04T08:36:25.308975Z,slow,9,85
778,2026-08-04T08:36:25.809369Z,fast,2,76
779,2026-08-04T08:36:26.310707Z,fast,5,76
779,2026-08-04T08:36:26.812048Z,fast,4,76
780,2026-08-04T08:36:27.311426Z,fast,4,85
780,2026-08-04T08:36:27.311381Z,slow,5,85
780,2026-08-04T08:36:27.811172Z,fast,3,76
781,2026-08-04T08:36:28.312408Z,fast,2,76
781,2026-08-04T08:36:28.810984Z,fast,4,76
782,2026-08-04T08:36:29.308201Z,slow,4,83
782,2026-08-04T08:36:29.308201Z,fast,4,85
782,2026-08-04T08:36:29.811632Z,fast,5,76
783,2026-08-04T08:36:30.310862Z,fast,4,76
783,2026-08-04T08:36:30.812142Z,fast,4,76
784,2026-08-04T08:36:31.310404Z,fast,4,84
784,2026-08-04T08:36:31.310406Z,slow,5,85
784,2026-08-04T08:36:31.810943Z,fast,2,76
785,2026-08-04T08:36:32.310354Z,fast,2,76
785,2026-08-04T08:36:32.810979Z,fast,3,76
786,2026-08-04T08:36:33.310930Z,fast,4,85
786,2026-08-04T08:36:33.310923Z,slow,5,85
786,2026-08-04T08:36:33.809712Z,fast,3,76
787,2026-08-04T08:36:34.311927Z,fast,4,76
787,2026-08-04T08:36:34.812296Z,fast,1,76
788,2026-08-04T08:36:35.307786Z,fast,11,76
788,2026-08-04T08:36:35.307783Z,slow,11,85
788,2026-08-04T08:36:35.807741Z,fast,5,76
789,2026-08-04T08:36:36.310506Z,fast,3,76
789,2026-08-04T08:36:36.813147Z,fast,6,76
790,2026-08-04T08:36:37.311124Z,slow,4,85
790,2026-08-04T08:36:37.311143Z,fast,4,85
790,2026-08-04T08:36:37.811022Z,fast,4,76
791,2026-08-04T08:36:38.311039Z,fast,3,76
791,2026-08-04T08:36:38.808004Z,fast,4,76
792,2026-08-04T08:36:39.312430Z,fast,5,85
792,2026-08-04T08:36:39.312434Z,slow,5,85
792,2026-08-04T08:36:39.810099Z,fast,3,76
793,2026-08-04T08:36:40.311561Z,fast,3,76
793,2026-08-04T08:36:40.810287Z,fast,5,76
794,2026-08-04T08:36:41.310586Z,fast,4,85
794,2026-08-04T08:36:41.310568Z,slow,5,85
794,2026-08-04T08:36:41.812846Z,fast,4,76
795,2026-08-04T08:36:42.311962Z,fast,4,76
795,2026-08-04T08:36:42.812669Z,fast,4,76
796,2026-08-04T08:36:43.312925Z,fast,5,83
796,2026-08-04T08:36:43.312925Z,slow,5,85
796,2026-08-04T08:36:43.811315Z,fast,4,76
797,2026-08-04T08:36:44.312926Z,fast,3,76
797,2026-08-04T08:36:44.811335Z,fast,4,76
798,2026-08-04T08:36:45.311352Z,slow,2,85
798,2026-08-04T08:36:45.311371Z,fast,2,84
798,2026-08-04T08:36:45.810014Z,fast,5,80
799,2026-08-04T08:36:46.311566Z,fast,4,76
799,2026-08-04T08:36:46.812680Z,fast,3,76
800,2026-08-04T08:36:47.311482Z,fast,4,85
800,2026-08-04T08:36:47.311440Z,slow,5,85
800,2026-08-04T08:36:47.811455Z,fast,3,76
801,2026-08-04T08:36:48.309203Z,fast,3,76
801,2026-08-04T08:36:48.808946Z,fast,4,76
802,2026-08-04T08:36:49.311559Z,slow,3,85
802,2026-08-04T08:36:49.311559Z,fast,3,85
802,2026-08-04T08:36:49.813093Z,fast,4,76
803,2026-08-04T08:36:50.309539Z,fast,4,76
803,2026-08-04T08:36:50.812816Z,fast,3,76
804,2026-08-04T08:36:51.310889Z,fast,2,85
804,2026-08-04T08:36:51.310889Z,slow,2,85
804,2026-08-04T08:36:51.809296Z,fast,5,76
805,2026-08-04T08:36:52.312669Z,fast,5,76
805,2026-08-04T08:36:52.812391Z,fast,3,76
806,2026-08-04T08:36:53.310622Z,fast,4,85
806,2026-08-04T08:36:53.310620Z,slow,4,85
806,2026-08-04T08:36:53.813206Z,fast,3,76
807,2026-08-04T08:36:54.310692Z,fast,4,76
807,2026-08-04T08:36:54.813253Z,fast,3,76
808,2026-08-04T08:36:55.310635Z,fast,1,85
808,2026-08-04T08:36:55.310635Z,slow,1,85
808,2026-08-04T08:36:55.809937Z,fast,4,76
809,2026-08-04T08:36:56.311647Z,fast,3,76
809,2026-08-04T08:36:56.811787Z,fast,4,76
810,2026-08-04T08:36:57.313284Z,fast,1,85
810,2026-08-04T08:36:57.313274Z,slow,1,85
810,2026-08-04T08:36:57.810381Z,fast,3,76
811,2026-08-04T08:36:58.311723Z,fast,4,76
811,2026-08-04T08:36:58.813072Z,fast,3,76
812,2026-08-04T08:36:59.311948Z,fast,4,85
812,2026-08-04T08:36:59.311948Z,slow,5,85
812,2026-08-04T08:36:59.813380Z,fast,5,76
813,2026-08-04T08:37:00.312053Z,fast,3,76
813,2026-08-04T08:37:00.810881Z,fast,4,76
814,2026-08-04T08:37:01.310661Z,fast,6,85
814,2026-08-04T08:37:01.310661Z,slow,7,84
814,2026-08-04T08:37:01.813462Z,fast,4,76
815,2026-08-04T08:37:02.311930Z,fast,4,76
815,2026-08-04T08:37:02.813210Z,fast,3,76
816,2026-08-04T08:37:03.312272Z,fast,4,85
816,2026-08-04T08:37:03.312271Z,slow,4,85
816,2026-08-04T08:37:03.810946Z,fast,3,76
817,2026-08-04T08:37:04.310970Z,fast,4,76
817,2026-08-04T08:37:04.811037Z,fast,4,76
818,2026-08-04T08:37:05.308836Z,fast,4,85
818,2026-08-04T08:37:05.308834Z,slow,4,85
818,2026-08-04T08:37:05.812013Z,fast,4,76
819,2026-08-04T08:37:06.312073Z,fast,4,76
819,2026-08-04T08:37:06.813317Z,fast,3,76
820,2026-08-04T08:37:07.311996Z,fast,1,85
820,2026-08-04T08:37:07.311994Z,slow,1,85
820,2026-08-04T08:37:07.811983Z,fast,4,76
821,2026-08-04T08:37:08.311088Z,fast,4,76
821,2026-08-04T08:37:08.813668Z,fast,4,76
822,2026-08-04T08:37:09.312111Z,fast,5,85
822,2026-08-04T08:37:09.312109Z,slow,5,85
822,2026-08-04T08:37:09.813572Z,fast,4,76
823,2026-08-04T08:37:10.313243Z,fast,4,76
823,2026-08-04T08:37:10.813455Z,fast,3,76
824,2026-08-04T08:37:11.312047Z,fast,4,85
824,2026-08-04T08:37:11.312041Z,slow,5,85
824,2026-08-04T08:37:11.812267Z,fast,2,76
825,2026-08-04T08:37:12.313710Z,fast,4,76
825,2026-08-04T08:37:12.812760Z,fast,2,76
826,2026-08-04T08:37:13.310035Z,fast,4,85
826,2026-08-04T08:37:13.310025Z,slow,5,85
826,2026-08-04T08:37:13.811220Z,fast,2,76
827,2026-08-04T08:37:14.313185Z,fast,3,76
827,2026-08-04T08:37:14.813837Z,fast,4,76
828,2026-08-04T08:37:15.309440Z,fast,3,85
828,2026-08-04T08:37:15.309616Z,slow,4,85
828,2026-08-04T08:37:15.813179Z,fast,3,76
829,2026-08-04T08:37:16.313816Z,fast,1,76
829,2026-08-04T08:37:16.812612Z,fast,5,76
830,2026-08-04T08:37:17.313933Z,fast,4,83
830,2026-08-04T08:37:17.313940Z,slow,4,85
830,2026-08-04T08:37:17.811337Z,fast,4,76
831,2026-08-04T08:37:18.313410Z,fast,3,76
831,2026-08-04T08:37:18.813763Z,fast,3,76
832,2026-08-04T08:37:19.313295Z,fast,4,85
832,2026-08-04T08:37:19.313294Z,slow,6,85
832,2026-08-04T08:37:19.812899Z,fast,5,76
833,2026-08-04T08:37:20.309642Z,fast,3,76
833,2026-08-04T08:37:20.814034Z,fast,3,76
834,2026-08-04T08:37:21.311444Z,fast,5,85
834,2026-08-04T08:37:21.311446Z,slow,5,85
834,2026-08-04T08:37:21.812817Z,fast,4,76
835,2026-08-04T08:37:22.313814Z,fast,4,76
835,2026-08-04T08:37:22.810495Z,fast,3,76
836,2026-08-04T08:37:23.311151Z,fast,5,85
836,2026-08-04T08:37:23.311146Z,slow,5,85
836,2026-08-04T08:37:23.811537Z,fast,3,76
837,2026-08-04T08:37:24.311567Z,fast,4,76
837,2026-08-04T08:37:24.811563Z,fast,2,76
838,2026-08-04T08:37:25.311753Z,fast,2,85
838,2026-08-04T08:37:25.311753Z,slow,2,85
838,2026-08-04T08:37:25.812943Z,fast,1,76
839,2026-08-04T08:37:26.312622Z,fast,3,76
839,2026-08-04T08:37:26.813953Z,fast,4,76
840,2026-08-04T08:37:27.312524Z,fast,4,83
840,2026-08-04T08:37:27.312491Z,slow,5,85
840,2026-08-04T08:37:27.812577Z,fast,4,76
841,2026-08-04T08:37:28.311662Z,fast,1,76
841,2026-08-04T08:37:28.809268Z,fast,4,76
842,2026-08-04T08:37:29.310117Z,fast,3,85
842,2026-08-04T08:37:29.310116Z,slow,4,84
842,2026-08-04T08:37:29.811407Z,fast,4,76
843,2026-08-04T08:37:30.314308Z,fast,1,76
843,2026-08-04T08:37:30.814307Z,fast,3,76
844,2026-08-04T08:37:31.314387Z,fast,3,83
844,2026-08-04T08:37:31.314394Z,slow,5,85
844,2026-08-04T08:37:31.811744Z,fast,3,76
845,2026-08-04T08:37:32.312177Z,fast,4,76
845,2026-08-04T08:37:32.814388Z,fast,3,76
846,2026-08-04T08:37:33.312594Z,fast,3,85
846,2026-08-04T08:37:33.312517Z,slow,3,85
846,2026-08-04T08:37:33.811771Z,fast,4,76
847,2026-08-04T08:37:34.313248Z,fast,5,76
847,2026-08-04T08:37:34.814194Z,fast,4,76
848,2026-08-04T08:37:35.309823Z,fast,5,85
848,2026-08-04T08:37:35.309823Z,slow,6,85
848,2026-08-04T08:37:35.811803Z,fast,4,76
849,2026-08-04T08:37:36.311792Z,fast,4,76
849,2026-08-04T08:37:36.812102Z,fast,3,76
850,2026-08-04T08:37:37.313543Z,slow,6,85
850,2026-08-04T08:37:37.313571Z,fast,6,85
850,2026-08-04T08:37:37.812111Z,fast,3,76
851,2026-08-04T08:37:38.313050Z,fast,3,76
851,2026-08-04T08:37:38.814562Z,fast,4,76
852,2026-08-04T08:37:39.314623Z,fast,4,83
852,2026-08-04T08:37:39.314601Z,slow,6,85
852,2026-08-04T08:37:39.812749Z,fast,3,76
853,2026-08-04T08:37:40.314592Z,fast,4,76
853,2026-08-04T08:37:40.814604Z,fast,2,76
854,2026-08-04T08:37:41.313149Z,fast,6,84
854,2026-08-04T08:37:41.313149Z,slow,6,85
854,2026-08-04T08:37:41.813317Z,fast,5,76
855,2026-08-04T08:37:42.313377Z,fast,6,76
855,2026-08-04T08:37:42.814413Z,fast,3,76
856,2026-08-04T08:37:43.312024Z,fast,4,83
856,2026-08-04T08:37:43.312024Z,slow,5,85
856,2026-08-04T08:37:43.810342Z,fast,3,76
857,2026-08-04T08:37:44.312966Z,fast,6,76
857,2026-08-04T08:37:44.812899Z,fast,2,76
858,2026-08-04T08:37:45.313992Z,fast,15,85
858,2026-08-04T08:37:45.313992Z,slow,16,85
858,2026-08-04T08:37:45.809820Z,fast,2,80
859,2026-08-04T08:37:46.314853Z,fast,5,76
859,2026-08-04T08:37:46.809946Z,fast,1,76
860,2026-08-04T08:37:47.312135Z,fast,8,83
860,2026-08-04T08:37:47.312143Z,slow,12,85
860,2026-08-04T08:37:47.813587Z,fast,1,76
861,2026-08-04T08:37:48.311674Z,fast,3,76
861,2026-08-04T08:37:48.811685Z,fast,3,76
862,2026-08-04T08:37:49.314709Z,fast,5,85
862,2026-08-04T08:37:49.314709Z,slow,5,85
862,2026-08-04T08:37:49.813614Z,fast,7,76
863,2026-08-04T08:37:50.313347Z,fast,6,76
863,2026-08-04T08:37:50.814686Z,fast,4,76
864,2026-08-04T08:37:51.314913Z,fast,3,84
864,2026-08-04T08:37:51.314890Z,slow,4,85
864,2026-08-04T08:37:51.814081Z,fast,5,76
865,2026-08-04T08:37:52.312720Z,fast,2,76
865,2026-08-04T08:37:52.810390Z,fast,3,76
866,2026-08-04T08:37:53.311827Z,fast,2,76
866,2026-08-04T08:37:53.311800Z,slow,2,85
866,2026-08-04T08:37:53.810152Z,fast,2,76
867,2026-08-04T08:37:54.313455Z,fast,3,76
867,2026-08-04T08:37:54.814793Z,fast,3,76
868,2026-08-04T08:37:55.310282Z,slow,12,85
868,2026-08-04T08:37:55.310334Z,fast,12,85
868,2026-08-04T08:37:55.811082Z,fast,2,76
869,2026-08-04T08:37:56.312425Z,fast,4,76
869,2026-08-04T08:37:56.814034Z,fast,4,76
870,2026-08-04T08:37:57.313887Z,fast,4,83
870,2026-08-04T08:37:57.313896Z,slow,5,85
870,2026-08-04T08:37:57.814354Z,fast,4,76
871,2026-08-04T08:37:58.315156Z,fast,4,76
871,2026-08-04T08:37:58.814969Z,fast,3,76
872,2026-08-04T08:37:59.314980Z,fast,5,84
872,2026-08-04T08:37:59.314978Z,slow,6,85
872,2026-08-04T08:37:59.811363Z,fast,3,76
873,2026-08-04T08:38:00.313681Z,fast,5,76
873,2026-08-04T08:38:00.813754Z,fast,4,76
874,2026-08-04T08:38:01.312435Z,fast,2,85
874,2026-08-04T08:38:01.312435Z,slow,2,85
874,2026-08-04T08:38:01.812237Z,fast,4,76
875,2026-08-04T08:38:02.313747Z,fast,3,76
875,2026-08-04T08:38:02.815096Z,fast,4,76
876,2026-08-04T08:38:03.313374Z,fast,2,83
876,2026-08-04T08:38:03.313377Z,slow,3,85
876,2026-08-04T08:38:03.814271Z,fast,4,76
877,2026-08-04T08:38:04.313998Z,fast,3,76
877,2026-08-04T08:38:04.812514Z,fast,3,76
878,2026-08-04T08:38:05.312637Z,slow,17,85
878,2026-08-04T08:38:05.312637Z,fast,17,83
878,2026-08-04T08:38:05.812583Z,fast,4,76
879,2026-08-04T08:38:06.313125Z,fast,6,76
879,2026-08-04T08:38:06.815321Z,fast,3,76
880,2026-08-04T08:38:07.315418Z,fast,4,83
880,2026-08-04T08:38:07.315475Z,slow,7,85
880,2026-08-04T08:38:07.811691Z,fast,4,76
881,2026-08-04T08:38:08.311514Z,fast,7,76
881,2026-08-04T08:38:08.815445Z,fast,3,76
882,2026-08-04T08:38:09.311316Z,slow,8,85
882,2026-08-04T08:38:09.311295Z,fast,8,84
882,2026-08-04T08:38:09.815195Z,fast,3,76
883,2026-08-04T08:38:10.312333Z,fast,5,76
883,2026-08-04T08:38:10.815306Z,fast,4,76
884,2026-08-04T08:38:11.310841Z,fast,5,83
884,2026-08-04T08:38:11.310854Z,slow,7,85
884,2026-08-04T08:38:11.814740Z,fast,6,76
885,2026-08-04T08:38:12.315632Z,fast,10,76
885,2026-08-04T08:38:12.815565Z,fast,4,76
886,2026-08-04T08:38:13.311827Z,fast,6,85
886,2026-08-04T08:38:13.311556Z,slow,7,83
886,2026-08-04T08:38:13.812753Z,fast,4,76
887,2026-08-04T08:38:14.314227Z,fast,6,76
887,2026-08-04T08:38:14.815463Z,fast,4,76
888,2026-08-04T08:38:15.312206Z,fast,4,85
888,2026-08-04T08:38:15.312204Z,slow,5,85
888,2026-08-04T08:38:15.815496Z,fast,1,76
889,2026-08-04T08:38:16.315621Z,fast,1,76
889,2026-08-04T08:38:16.815319Z,fast,3,76
890,2026-08-04T08:38:17.311702Z,fast,5,84
890,2026-08-04T08:38:17.311743Z,slow,8,85
890,2026-08-04T08:38:17.813416Z,fast,2,76
891,2026-08-04T08:38:18.314199Z,fast,2,76
891,2026-08-04T08:38:18.815527Z,fast,3,76
892,2026-08-04T08:38:19.314799Z,fast,6,84
892,2026-08-04T08:38:19.314799Z,slow,7,85
892,2026-08-04T08:38:19.815327Z,fast,2,76
893,2026-08-04T08:38:20.312670Z,fast,3,76
893,2026-08-04T08:38:20.815816Z,fast,4,76
894,2026-08-04T08:38:21.313111Z,fast,4,85
894,2026-08-04T08:38:21.313096Z,slow,4,85
894,2026-08-04T08:38:21.813943Z,fast,3,76
895,2026-08-04T08:38:22.315555Z,fast,3,76
895,2026-08-04T08:38:22.815690Z,fast,3,76
896,2026-08-04T08:38:23.315854Z,fast,4,85
896,2026-08-04T08:38:23.315854Z,slow,5,84
896,2026-08-04T08:38:23.813261Z,fast,3,76
897,2026-08-04T08:38:24.313764Z,fast,4,76
897,2026-08-04T08:38:24.812783Z,fast,1,76
898,2026-08-04T08:38:25.314145Z,slow,11,84
898,2026-08-04T08:38:25.314143Z,fast,11,85
898,2026-08-04T08:38:25.813106Z,fast,3,76
899,2026-08-04T08:38:26.315005Z,fast,5,76
899,2026-08-04T08:38:26.815827Z,fast,4,76
900,2026-08-04T08:38:27.315487Z,fast,6,85
900,2026-08-04T08:38:27.315486Z,slow,7,85
900,2026-08-04T08:38:27.816016Z,fast,3,76
901,2026-08-04T08:38:28.314395Z,fast,2,76
901,2026-08-04T08:38:28.813785Z,fast,4,76
902,2026-08-04T08:38:29.314189Z,fast,5,84
902,2026-08-04T08:38:29.314158Z,slow,6,85
902,2026-08-04T08:38:29.814290Z,fast,5,76
903,2026-08-04T08:38:30.314617Z,fast,4,76
903,2026-08-04T08:38:30.814305Z,fast,4,76
904,2026-08-04T08:38:31.312154Z,fast,5,85
904,2026-08-04T08:38:31.312154Z,slow,6,85
904,2026-08-04T08:38:31.816160Z,fast,4,76
905,2026-08-04T08:38:32.313884Z,fast,4,76
905,2026-08-04T08:38:32.814400Z,fast,4,76
906,2026-08-04T08:38:33.313967Z,fast,4,85
906,2026-08-04T08:38:33.313902Z,slow,4,85
906,2026-08-04T08:38:33.813531Z,fast,3,76
907,2026-08-04T08:38:34.314774Z,fast,4,76
907,2026-08-04T08:38:34.816075Z,fast,3,76
908,2026-08-04T08:38:35.311956Z,slow,20,85
908,2026-08-04T08:38:35.312019Z,fast,20,84
908,2026-08-04T08:38:35.813243Z,fast,2,76
909,2026-08-04T08:38:36.311805Z,fast,2,76
909,2026-08-04T08:38:36.815113Z,fast,5,76
910,2026-08-04T08:38:37.313858Z,fast,4,83
910,2026-08-04T08:38:37.313858Z,slow,4,85
910,2026-08-04T08:38:37.812241Z,fast,15,76
911,2026-08-04T08:38:38.314760Z,fast,13,76
911,2026-08-04T08:38:38.816212Z,fast,4,76
912,2026-08-04T08:38:39.316388Z,fast,4,83
912,2026-08-04T08:38:39.316381Z,slow,6,85
912,2026-08-04T08:38:39.814635Z,fast,3,76
913,2026-08-04T08:38:40.314539Z,fast,5,76
913,2026-08-04T08:38:40.814646Z,fast,4,76
914,2026-08-04T08:38:41.315326Z,fast,5,85
914,2026-08-04T08:38:41.315320Z,slow,5,85
914,2026-08-04T08:38:41.811879Z,fast,4,76
915,2026-08-04T08:38:42.314981Z,fast,4,76
915,2026-08-04T08:38:42.816344Z,fast,4,76
916,2026-08-04T08:38:43.315720Z,fast,5,84
916,2026-08-04T08:38:43.315721Z,slow,6,85
916,2026-08-04T08:38:43.816508Z,fast,4,76
917,2026-08-04T08:38:44.316218Z,fast,4,76
917,2026-08-04T08:38:44.816541Z,fast,4,76
918,2026-08-04T08:38:45.312407Z,fast,12,85
918,2026-08-04T08:38:45.312365Z,slow,13,85
918,2026-08-04T08:38:45.813730Z,fast,2,80
919,2026-08-04T08:38:46.316566Z,fast,4,76
919,2026-08-04T08:38:46.816454Z,fast,4,76
920,2026-08-04T08:38:47.315758Z,fast,10,83
920,2026-08-04T08:38:47.315758Z,slow,11,85
920,2026-08-04T08:38:47.813223Z,fast,4,76
921,2026-08-04T08:38:48.315980Z,fast,4,76
921,2026-08-04T08:38:48.813079Z,fast,8,76
922,2026-08-04T08:38:49.313816Z,fast,4,85
922,2026-08-04T08:38:49.313811Z,slow,4,85
922,2026-08-04T08:38:49.816701Z,fast,4,76
923,2026-08-04T08:38:50.315282Z,fast,4,76
923,2026-08-04T08:38:50.815415Z,fast,4,76
924,2026-08-04T08:38:51.315123Z,fast,5,85
924,2026-08-04T08:38:51.315141Z,slow,6,85
924,2026-08-04T08:38:51.815703Z,fast,3,76
925,2026-08-04T08:38:52.316753Z,fast,4,76
925,2026-08-04T08:38:52.815581Z,fast,3,76
926,2026-08-04T08:38:53.314930Z,slow,4,85
926,2026-08-04T08:38:53.314930Z,fast,4,85
926,2026-08-04T08:38:53.814174Z,fast,3,76
927,2026-08-04T08:38:54.316791Z,fast,2,76
927,2026-08-04T08:38:54.816725Z,fast,2,76
928,2026-08-04T08:38:55.313968Z,fast,15,85
928,2026-08-04T08:38:55.313968Z,slow,17,84
928,2026-08-04T08:38:55.815006Z,fast,4,76
929,2026-08-04T08:38:56.312127Z,fast,3,76
929,2026-08-04T08:38:56.813599Z,fast,4,76
930,2026-08-04T08:38:57.316903Z,fast,4,85
930,2026-08-04T08:38:57.316903Z,slow,4,85
930,2026-08-04T08:38:57.814684Z,fast,4,76
931,2026-08-04T08:38:58.316423Z,fast,2,76
931,2026-08-04T08:38:58.816859Z,fast,4,76
932,2026-08-04T08:38:59.315401Z,fast,4,85
932,2026-08-04T08:38:59.315395Z,slow,5,85
932,2026-08-04T08:38:59.816998Z,fast,4,76
933,2026-08-04T08:39:00.317007Z,fast,4,76
933,2026-08-04T08:39:00.812255Z,fast,3,76
934,2026-08-04T08:39:01.314946Z,slow,5,85
934,2026-08-04T08:39:01.314946Z,fast,5,85
934,2026-08-04T08:39:01.815712Z,fast,4,76
935,2026-08-04T08:39:02.316447Z,fast,4,76
935,2026-08-04T08:39:02.816972Z,fast,4,76
936,2026-08-04T08:39:03.315217Z,fast,5,85
936,2026-08-04T08:39:03.315233Z,slow,6,85
936,2026-08-04T08:39:03.817112Z,fast,4,76
937,2026-08-04T08:39:04.313842Z,fast,4,76
937,2026-08-04T08:39:04.813855Z,fast,4,76
938,2026-08-04T08:39:05.314367Z,slow,36,83
938,2026-08-04T08:39:05.314367Z,fast,36,85
938,2026-08-04T08:39:05.814457Z,fast,4,76
939,2026-08-04T08:39:06.315749Z,fast,3,76
939,2026-08-04T08:39:06.817102Z,fast,5,76
940,2026-08-04T08:39:07.316883Z,fast,3,85
940,2026-08-04T08:39:07.316882Z,slow,3,85
940,2026-08-04T08:39:07.814372Z,fast,3,76
941,2026-08-04T08:39:08.316274Z,fast,3,76
941,2026-08-04T08:39:08.812685Z,fast,4,76
942,2026-08-04T08:39:09.317284Z,fast,4,83
942,2026-08-04T08:39:09.317285Z,slow,5,85
942,2026-08-04T08:39:09.815444Z,fast,4,76
943,2026-08-04T08:39:10.315409Z,fast,4,76
943,2026-08-04T08:39:10.817188Z,fast,4,76
944,2026-08-04T08:39:11.315390Z,fast,2,85
944,2026-08-04T08:39:11.315387Z,slow,2,85
944,2026-08-04T08:39:11.814312Z,fast,4,76
945,2026-08-04T08:39:12.315425Z,fast,3,76
945,2026-08-04T08:39:12.815491Z,fast,3,76
946,2026-08-04T08:39:13.316532Z,fast,2,83
946,2026-08-04T08:39:13.316532Z,slow,3,85
946,2026-08-04T08:39:13.815478Z,fast,4,76
947,2026-08-04T08:39:14.316145Z,fast,3,76
947,2026-08-04T08:39:14.817349Z,fast,4,76
948,2026-08-04T08:39:15.315714Z,slow,31,76
948,2026-08-04T08:39:15.315714Z,fast,31,85
948,2026-08-04T08:39:15.817669Z,fast,5,76
949,2026-08-04T08:39:16.317490Z,fast,4,76
949,2026-08-04T08:39:16.815601Z,fast,2,76
950,2026-08-04T08:39:17.314946Z,fast,4,83
950,2026-08-04T08:39:17.314947Z,slow,5,85
950,2026-08-04T08:39:17.815271Z,fast,7,76
951,2026-08-04T08:39:18.317560Z,fast,5,76
951,2026-08-04T08:39:18.817523Z,fast,4,76
952,2026-08-04T08:39:19.315464Z,fast,8,83
952,2026-08-04T08:39:19.315454Z,slow,9,85
952,2026-08-04T08:39:19.815137Z,fast,2,76
953,2026-08-04T08:39:20.315176Z,fast,3,76
953,2026-08-04T08:39:20.816887Z,fast,5,76
954,2026-08-04T08:39:21.313370Z,slow,3,84
954,2026-08-04T08:39:21.313378Z,fast,3,85
954,2026-08-04T08:39:21.816059Z,fast,2,76
955,2026-08-04T08:39:22.316327Z,fast,5,76
955,2026-08-04T08:39:22.817619Z,fast,5,76
956,2026-08-04T08:39:23.316451Z,fast,7,83
956,2026-08-04T08:39:23.316451Z,slow,8,85
956,2026-08-04T08:39:23.814485Z,fast,29,76
957,2026-08-04T08:39:24.313776Z,fast,2,76
957,2026-08-04T08:39:24.816636Z,fast,1,76
958,2026-08-04T08:39:25.317200Z,fast,23,76
958,2026-08-04T08:39:25.317222Z,slow,25,76
958,2026-08-04T08:39:25.815433Z,fast,1,76
959,2026-08-04T08:39:26.312871Z,fast,3,76
959,2026-08-04T08:39:26.815708Z,fast,3,76
960,2026-08-04T08:39:27.317782Z,fast,3,84
960,2026-08-04T08:39:27.317783Z,slow,4,85
960,2026-08-04T08:39:27.815366Z,fast,1,76
961,2026-08-04T08:39:28.313246Z,fast,1,76
961,2026-08-04T08:39:28.814383Z,fast,3,76
962,2026-08-04T08:39:29.316273Z,fast,5,85
962,2026-08-04T08:39:29.316274Z,slow,5,85
962,2026-08-04T08:39:29.815142Z,fast,2,76
963,2026-08-04T08:39:30.316458Z,fast,2,76
963,2026-08-04T08:39:30.817831Z,fast,3,76
964,2026-08-04T08:39:31.314938Z,fast,3,85
964,2026-08-04T08:39:31.314937Z,slow,5,85
964,2026-08-04T08:39:31.815821Z,fast,2,76
965,2026-08-04T08:39:32.314305Z,fast,2,76
965,2026-08-04T08:39:32.813582Z,fast,5,76
966,2026-08-04T08:39:33.313586Z,fast,4,85
966,2026-08-04T08:39:33.313585Z,slow,4,85
966,2026-08-04T08:39:33.817814Z,fast,4,76
967,2026-08-04T08:39:34.316634Z,fast,4,76
967,2026-08-04T08:39:34.817984Z,fast,4,76
968,2026-08-04T08:39:35.315345Z,slow,6,85
968,2026-08-04T08:39:35.315354Z,fast,7,85
968,2026-08-04T08:39:35.816419Z,fast,3,76
969,2026-08-04T08:39:36.315393Z,fast,2,76
969,2026-08-04T08:39:36.818148Z,fast,4,76
970,2026-08-04T08:39:37.315464Z,slow,3,85
970,2026-08-04T08:39:37.315464Z,fast,3,85
970,2026-08-04T08:39:37.815968Z,fast,4,76
971,2026-08-04T08:39:38.316768Z,fast,2,76
971,2026-08-04T08:39:38.815728Z,fast,4,76
972,2026-08-04T08:39:39.318198Z,fast,4,85
972,2026-08-04T08:39:39.318196Z,slow,5,85
972,2026-08-04T08:39:39.816231Z,fast,4,76
973,2026-08-04T08:39:40.316520Z,fast,3,76
973,2026-08-04T08:39:40.815167Z,fast,6,76
974,2026-08-04T08:39:41.315313Z,slow,4,85
974,2026-08-04T08:39:41.315313Z,fast,4,85
974,2026-08-04T08:39:41.815617Z,fast,4,76
975,2026-08-04T08:39:42.316864Z,fast,3,76
975,2026-08-04T08:39:42.816324Z,fast,4,76
976,2026-08-04T08:39:43.315376Z,fast,3,85
976,2026-08-04T08:39:43.315385Z,slow,5,85
976,2026-08-04T08:39:43.818027Z,fast,3,76
977,2026-08-04T08:39:44.317085Z,fast,2,76
977,2026-08-04T08:39:44.818341Z,fast,2,76
978,2026-08-04T08:39:45.316408Z,slow,22,85
978,2026-08-04T08:39:45.316460Z,fast,22,85
978,2026-08-04T08:39:45.815671Z,fast,2,80
979,2026-08-04T08:39:46.316968Z,fast,1,76
979,2026-08-04T08:39:46.815383Z,fast,3,76
980,2026-08-04T08:39:47.316611Z,fast,4,83
980,2026-08-04T08:39:47.316612Z,slow,5,85
980,2026-08-04T08:39:47.815807Z,fast,3,76
981,2026-08-04T08:39:48.316806Z,fast,3,76
981,2026-08-04T08:39:48.818434Z,fast,3,76
982,2026-08-04T08:39:49.318430Z,fast,2,85
982,2026-08-04T08:39:49.318432Z,slow,2,85
982,2026-08-04T08:39:49.818125Z,fast,7,76
983,2026-08-04T08:39:50.315511Z,fast,3,76
983,2026-08-04T08:39:50.818540Z,fast,7,76
984,2026-08-04T08:39:51.318262Z,fast,4,77
984,2026-08-04T08:39:51.318287Z,slow,7,85
984,2026-08-04T08:39:51.818641Z,fast,15,76
985,2026-08-04T08:39:52.318530Z,fast,2,76
985,2026-08-04T08:39:52.813981Z,fast,3,76
986,2026-08-04T08:39:53.314649Z,fast,5,85
986,2026-08-04T08:39:53.314588Z,slow,6,85
986,2026-08-04T08:39:53.816320Z,fast,2,76
987,2026-08-04T08:39:54.317229Z,fast,2,76
987,2026-08-04T08:39:54.818582Z,fast,3,76
988,2026-08-04T08:39:55.315640Z,fast,16,85
988,2026-08-04T08:39:55.315658Z,slow,18,83
988,2026-08-04T08:39:55.817844Z,fast,2,76
989,2026-08-04T08:39:56.316588Z,fast,3,76
989,2026-08-04T08:39:56.818663Z,fast,3,76
990,2026-08-04T08:39:57.314646Z,fast,2,85
990,2026-08-04T08:39:57.314644Z,slow,3,85
990,2026-08-04T08:39:57.816179Z,fast,3,76
991,2026-08-04T08:39:58.318787Z,fast,4,76
991,2026-08-04T08:39:58.815077Z,fast,2,76
992,2026-08-04T08:39:59.313878Z,fast,5,81
992,2026-08-04T08:39:59.313877Z,slow,8,85
992,2026-08-04T08:39:59.818766Z,fast,3,76
993,2026-08-04T08:40:00.315751Z,fast,4,76
993,2026-08-04T08:40:00.817108Z,fast,2,76
994,2026-08-04T08:40:01.314808Z,slow,5,85
994,2026-08-04T08:40:01.314806Z,fast,6,85
994,2026-08-04T08:40:01.816507Z,fast,2,76
995,2026-08-04T08:40:02.318820Z,fast,3,76
995,2026-08-04T08:40:02.818230Z,fast,2,76
996,2026-08-04T08:40:03.315874Z,fast,5,85
996,2026-08-04T08:40:03.315861Z,slow,6,84
996,2026-08-04T08:40:03.816406Z,fast,3,76
997,2026-08-04T08:40:04.314600Z,fast,3,76
997,2026-08-04T08:40:04.818899Z,fast,3,76
998,2026-08-04T08:40:05.315320Z,fast,27,76
998,2026-08-04T08:40:05.315399Z,slow,29,76
998,2026-08-04T08:40:05.817665Z,fast,1,76
999,2026-08-04T08:40:06.317610Z,fast,2,76
999,2026-08-04T08:40:06.818982Z,fast,5,76
1000,2026-08-04T08:40:07.315970Z,fast,2,84
1000,2026-08-04T08:40:07.315963Z,slow,3,85
1000,2026-08-04T08:40:07.819024Z,fast,3,76
1001,2026-08-04T08:40:08.315975Z,fast,1,76
1001,2026-08-04T08:40:08.819048Z,fast,3,76
1002,2026-08-04T08:40:09.315150Z,fast,5,85
1002,2026-08-04T08:40:09.315086Z,slow,5,85
1002,2026-08-04T08:40:09.816399Z,fast,4,76
1003,2026-08-04T08:40:10.316073Z,fast,4,76
1003,2026-08-04T08:40:10.819112Z,fast,4,76
1004,2026-08-04T08:40:11.319122Z,fast,4,84
1004,2026-08-04T08:40:11.319113Z,slow,4,85
1004,2026-08-04T08:40:11.818514Z,fast,3,76
1005,2026-08-04T08:40:12.314225Z,fast,2,76
1005,2026-08-04T08:40:12.819163Z,fast,3,76
1006,2026-08-04T08:40:13.315752Z,fast,3,85
1006,2026-08-04T08:40:13.315578Z,slow,3,85
1006,2026-08-04T08:40:13.816494Z,fast,2,76
1007,2026-08-04T08:40:14.317834Z,fast,7,76
1007,2026-08-04T08:40:14.817241Z,fast,3,76
1008,2026-08-04T08:40:15.316589Z,slow,10,76
1008,2026-08-04T08:40:15.316642Z,fast,18,76
1008,2026-08-04T08:40:15.818132Z,fast,5,76
1009,2026-08-04T08:40:16.318304Z,fast,2,76
1009,2026-08-04T08:40:16.815967Z,fast,4,76
1010,2026-08-04T08:40:17.315400Z,fast,4,83
1010,2026-08-04T08:40:17.315443Z,slow,5,85
1010,2026-08-04T08:40:17.816695Z,fast,4,76
1011,2026-08-04T08:40:18.318026Z,fast,3,76
1011,2026-08-04T08:40:18.819372Z,fast,3,76
1012,2026-08-04T08:40:19.314741Z,fast,1,85
1012,2026-08-04T08:40:19.314741Z,slow,2,85
1012,2026-08-04T08:40:19.814763Z,fast,4,76
1013,2026-08-04T08:40:20.318968Z,fast,5,76
1013,2026-08-04T08:40:20.816366Z,fast,4,76
1014,2026-08-04T08:40:21.317470Z,slow,4,84
1014,2026-08-04T08:40:21.317470Z,fast,4,85
1014,2026-08-04T08:40:21.816403Z,fast,4,76
1015,2026-08-04T08:40:22.318147Z,fast,5,76
1015,2026-08-04T08:40:22.817034Z,fast,7,76
1016,2026-08-04T08:40:23.319488Z,fast,7,83
1016,2026-08-04T08:40:23.319497Z,slow,7,85
1016,2026-08-04T08:40:23.816418Z,fast,4,76
1017,2026-08-04T08:40:24.319031Z,fast,4,76
1017,2026-08-04T08:40:24.818985Z,fast,1,76
1018,2026-08-04T08:40:25.314735Z,fast,36,85
1018,2026-08-04T08:40:25.314763Z,slow,46,76
1018,2026-08-04T08:40:25.817441Z,fast,1,76
1019,2026-08-04T08:40:26.318259Z,fast,2,76
1019,2026-08-04T08:40:26.816359Z,fast,5,76
1020,2026-08-04T08:40:27.316039Z,fast,4,81
1020,2026-08-04T08:40:27.316023Z,slow,8,85
1020,2026-08-04T08:40:27.818405Z,fast,16,76
1021,2026-08-04T08:40:28.319588Z,fast,2,76
1021,2026-08-04T08:40:28.815133Z,fast,9,76
1022,2026-08-04T08:40:29.315662Z,fast,2,84
1022,2026-08-04T08:40:29.315667Z,slow,2,85
1022,2026-08-04T08:40:29.817127Z,fast,8,76
1023,2026-08-04T08:40:30.318614Z,fast,5,76
1023,2026-08-04T08:40:30.816294Z,fast,3,76
1024,2026-08-04T08:40:31.314769Z,fast,3,81
1024,2026-08-04T08:40:31.314767Z,slow,10,76
1024,2026-08-04T08:40:31.819110Z,fast,2,76
1025,2026-08-04T08:40:32.316070Z,fast,3,76
1025,2026-08-04T08:40:32.817129Z,fast,4,76
1026,2026-08-04T08:40:33.319784Z,fast,4,85
1026,2026-08-04T08:40:33.319947Z,slow,4,85
1026,2026-08-04T08:40:33.818792Z,fast,4,76
1027,2026-08-04T08:40:34.318541Z,fast,6,76
1027,2026-08-04T08:40:34.819817Z,fast,3,76
1028,2026-08-04T08:40:35.317681Z,fast,16,76
1028,2026-08-04T08:40:35.317715Z,slow,27,76
1028,2026-08-04T08:40:35.817727Z,fast,3,76
1029,2026-08-04T08:40:36.319543Z,fast,5,76
1029,2026-08-04T08:40:36.814881Z,fast,3,76
1030,2026-08-04T08:40:37.317475Z,fast,3,83
1030,2026-08-04T08:40:37.317479Z,slow,6,85
1030,2026-08-04T08:40:37.819271Z,fast,4,76
1031,2026-08-04T08:40:38.318587Z,fast,4,76
1031,2026-08-04T08:40:38.817796Z,fast,3,76
1032,2026-08-04T08:40:39.315772Z,fast,3,85
1032,2026-08-04T08:40:39.315797Z,slow,4,85
1032,2026-08-04T08:40:39.823038Z,fast,7,76
1033,2026-08-04T08:40:40.319998Z,fast,3,76
1033,2026-08-04T08:40:40.826859Z,fast,4,76
1034,2026-08-04T08:40:41.316013Z,fast,2,84
1034,2026-08-04T08:40:41.316008Z,slow,3,85
1034,2026-08-04T08:40:41.817406Z,fast,4,76
1035,2026-08-04T08:40:42.316368Z,fast,4,76
1035,2026-08-04T08:40:42.819704Z,fast,3,76
1036,2026-08-04T08:40:43.318676Z,fast,7,83
1036,2026-08-04T08:40:43.318644Z,slow,9,85
1036,2026-08-04T08:40:43.816298Z,fast,4,76
1037,2026-08-04T08:40:44.317897Z,fast,5,76
1037,2026-08-04T08:40:44.818872Z,fast,3,76
1038,2026-08-04T08:40:45.315318Z,fast,26,85
1038,2026-08-04T08:40:45.315318Z,slow,28,85
1038,2026-08-04T08:40:45.818989Z,fast,163,80
1039,2026-08-04T08:40:46.317080Z,fast,2,76
1039,2026-08-04T08:40:46.817607Z,fast,6,76
1040,2026-08-04T08:40:47.317604Z,fast,4,84
1040,2026-08-04T08:40:47.317588Z,slow,5,85
1040,2026-08-04T08:40:47.819338Z,fast,3,76
1041,2026-08-04T08:40:48.320226Z,fast,3,76
1041,2026-08-04T08:40:48.817145Z,fast,3,76
1042,2026-08-04T08:40:49.317157Z,fast,5,83
1042,2026-08-04T08:40:49.317161Z,slow,5,85
1042,2026-08-04T08:40:49.817784Z,fast,4,76
1043,2026-08-04T08:40:50.318096Z,fast,1,76
1043,2026-08-04T08:40:50.818623Z,fast,3,76
1044,2026-08-04T08:40:51.318483Z,fast,8,85
1044,2026-08-04T08:40:51.318483Z,slow,8,85
1044,2026-08-04T08:40:51.820350Z,fast,11,76
1045,2026-08-04T08:40:52.316948Z,fast,3,76
1045,2026-08-04T08:40:52.819263Z,fast,5,76
1046,2026-08-04T08:40:53.320391Z,fast,4,85
1046,2026-08-04T08:40:53.320391Z,slow,5,85
1046,2026-08-04T08:40:53.817248Z,fast,4,76
1047,2026-08-04T08:40:54.319190Z,fast,3,76
1047,2026-08-04T08:40:54.819569Z,fast,4,76
1048,2026-08-04T08:40:55.315796Z,fast,50,76
1048,2026-08-04T08:40:55.315758Z,slow,59,85
1048,2026-08-04T08:40:55.817876Z,fast,4,76
1049,2026-08-04T08:40:56.317343Z,fast,5,76
1049,2026-08-04T08:40:56.820372Z,fast,5,76
1050,2026-08-04T08:40:57.318670Z,fast,4,85
1050,2026-08-04T08:40:57.318670Z,slow,4,85
1050,2026-08-04T08:40:57.818008Z,fast,4,76
1051,2026-08-04T08:40:58.319620Z,fast,3,76
1051,2026-08-04T08:40:58.819576Z,fast,2,76
1052,2026-08-04T08:40:59.318418Z,fast,5,83
1052,2026-08-04T08:40:59.318377Z,slow,7,85
1052,2026-08-04T08:40:59.818353Z,fast,4,76
1053,2026-08-04T08:41:00.319079Z,fast,4,76
1053,2026-08-04T08:41:00.818423Z,fast,4,76
1054,2026-08-04T08:41:01.318389Z,slow,3,85
1054,2026-08-04T08:41:01.318417Z,fast,3,85
1054,2026-08-04T08:41:01.819073Z,fast,5,76
1055,2026-08-04T08:41:02.319392Z,fast,3,76
1055,2026-08-04T08:41:02.819212Z,fast,3,76
1056,2026-08-04T08:41:03.317401Z,fast,4,85
1056,2026-08-04T08:41:03.317441Z,slow,5,85
1056,2026-08-04T08:41:03.820731Z,fast,4,76
1057,2026-08-04T08:41:04.318382Z,fast,3,76
1057,2026-08-04T08:41:04.818989Z,fast,2,76
1058,2026-08-04T08:41:05.316986Z,fast,16,76
1058,2026-08-04T08:41:05.316950Z,slow,17,76
1058,2026-08-04T08:41:05.818182Z,fast,4,76
1059,2026-08-04T08:41:06.319508Z,fast,4,76
1059,2026-08-04T08:41:06.819181Z,fast,2,76
1060,2026-08-04T08:41:07.316587Z,fast,3,85
1060,2026-08-04T08:41:07.316586Z,slow,3,85
1060,2026-08-04T08:41:07.820819Z,fast,3,76
1061,2026-08-04T08:41:08.320271Z,fast,3,76
1061,2026-08-04T08:41:08.819848Z,fast,3,76
1062,2026-08-04T08:41:09.320002Z,fast,4,85
1062,2026-08-04T08:41:09.320002Z,slow,4,85
1062,2026-08-04T08:41:09.818655Z,fast,4,76
1063,2026-08-04T08:41:10.319671Z,fast,5,76
1063,2026-08-04T08:41:10.819025Z,fast,4,76
1064,2026-08-04T08:41:11.317789Z,fast,4,85
1064,2026-08-04T08:41:11.317789Z,slow,5,85
1064,2026-08-04T08:41:11.820544Z,fast,4,76
1065,2026-08-04T08:41:12.320502Z,fast,4,76
1065,2026-08-04T08:41:12.820975Z,fast,5,76
1066,2026-08-04T08:41:13.318818Z,fast,4,85
1066,2026-08-04T08:41:13.318818Z,slow,4,85
1066,2026-08-04T08:41:13.817874Z,fast,5,76
1067,2026-08-04T08:41:14.321061Z,fast,4,76
1067,2026-08-04T08:41:14.817833Z,fast,6,76
1068,2026-08-04T08:41:15.316317Z,slow,12,85
1068,2026-08-04T08:41:15.316320Z,fast,12,78
1068,2026-08-04T08:41:15.820052Z,fast,5,76
1069,2026-08-04T08:41:16.318734Z,fast,3,76
1069,2026-08-04T08:41:16.817928Z,fast,3,76
1070,2026-08-04T08:41:17.321068Z,fast,3,83
1070,2026-08-04T08:41:17.321075Z,slow,3,85
1070,2026-08-04T08:41:17.818574Z,fast,5,76
1071,2026-08-04T08:41:18.318885Z,fast,4,76
1071,2026-08-04T08:41:18.818935Z,fast,4,76
1072,2026-08-04T08:41:19.317987Z,fast,6,85
1072,2026-08-04T08:41:19.317981Z,slow,6,85
1072,2026-08-04T08:41:19.819801Z,fast,4,76
1073,2026-08-04T08:41:20.318043Z,fast,4,76
1073,2026-08-04T08:41:20.818098Z,fast,3,76
1074,2026-08-04T08:41:21.321212Z,fast,4,85
1074,2026-08-04T08:41:21.321212Z,slow,4,85
1074,2026-08-04T08:41:21.818074Z,fast,4,76
1075,2026-08-04T08:41:22.320963Z,fast,4,76
1075,2026-08-04T08:41:22.820801Z,fast,3,76
1076,2026-08-04T08:41:23.321323Z,fast,2,85
1076,2026-08-04T08:41:23.321323Z,slow,2,85
1076,2026-08-04T08:41:23.820611Z,fast,4,76
1077,2026-08-04T08:41:24.319426Z,fast,14,76
1077,2026-08-04T08:41:24.817995Z,fast,1,76
1078,2026-08-04T08:41:25.317483Z,fast,17,85
1078,2026-08-04T08:41:25.317435Z,slow,17,85
1078,2026-08-04T08:41:25.820321Z,fast,1,76
1079,2026-08-04T08:41:26.320146Z,fast,5,76
1079,2026-08-04T08:41:26.818166Z,fast,3,76
1080,2026-08-04T08:41:27.321409Z,fast,4,85
1080,2026-08-04T08:41:27.321407Z,slow,6,85
1080,2026-08-04T08:41:27.820277Z,fast,4,76
1081,2026-08-04T08:41:28.318559Z,fast,1,76
1081,2026-08-04T08:41:28.819575Z,fast,4,76
1082,2026-08-04T08:41:29.321161Z,fast,3,85
1082,2026-08-04T08:41:29.321160Z,slow,3,85
1082,2026-08-04T08:41:29.816940Z,fast,4,76
1083,2026-08-04T08:41:30.320212Z,fast,3,76
1083,2026-08-04T08:41:30.818330Z,fast,4,76
1084,2026-08-04T08:41:31.321379Z,fast,5,85
1084,2026-08-04T08:41:31.321379Z,slow,6,85
1084,2026-08-04T08:41:31.817973Z,fast,4,76
1085,2026-08-04T08:41:32.321283Z,fast,4,76
1085,2026-08-04T08:41:32.821580Z,fast,3,76
1086,2026-08-04T08:41:33.318592Z,slow,4,83
1086,2026-08-04T08:41:33.318592Z,fast,4,85
1086,2026-08-04T08:41:33.820708Z,fast,3,76
1087,2026-08-04T08:41:34.320405Z,fast,6,76
1087,2026-08-04T08:41:34.818288Z,fast,4,76
1088,2026-08-04T08:41:35.316872Z,fast,39,83
1088,2026-08-04T08:41:35.316770Z,slow,41,85
1088,2026-08-04T08:41:35.821739Z,fast,5,76
1089,2026-08-04T08:41:36.319618Z,fast,6,76
1089,2026-08-04T08:41:36.821713Z,fast,3,76
1090,2026-08-04T08:41:37.318623Z,fast,7,83
1090,2026-08-04T08:41:37.318623Z,slow,8,85
1090,2026-08-04T08:41:37.819278Z,fast,3,76
1091,2026-08-04T08:41:38.320897Z,fast,3,76
1091,2026-08-04T08:41:38.820297Z,fast,3,76
1092,2026-08-04T08:41:39.317016Z,fast,2,85
1092,2026-08-04T08:41:39.317003Z,slow,3,85
1092,2026-08-04T08:41:39.821806Z,fast,4,76
1093,2026-08-04T08:41:40.317918Z,fast,3,76
1093,2026-08-04T08:41:40.819371Z,fast,3,76
1094,2026-08-04T08:41:41.318619Z,slow,6,85
1094,2026-08-04T08:41:41.318619Z,fast,6,85
1094,2026-08-04T08:41:41.819790Z,fast,1,76
1095,2026-08-04T08:41:42.320675Z,fast,3,76
1095,2026-08-04T08:41:42.818563Z,fast,3,76
1096,2026-08-04T08:41:43.321841Z,fast,3,84
1096,2026-08-04T08:41:43.321843Z,slow,4,85
1096,2026-08-04T08:41:43.821878Z,fast,2,76
1097,2026-08-04T08:41:44.320023Z,fast,3,76
1097,2026-08-04T08:41:44.819713Z,fast,5,76
1098,2026-08-04T08:41:45.319592Z,fast,17,76
1098,2026-08-04T08:41:45.319566Z,slow,22,76
1098,2026-08-04T08:41:45.818824Z,fast,4,80
1099,2026-08-04T08:41:46.320778Z,fast,5,80
1099,2026-08-04T08:41:46.820736Z,fast,4,76
1100,2026-08-04T08:41:47.318738Z,fast,3,83
1100,2026-08-04T08:41:47.318740Z,slow,6,85
1100,2026-08-04T08:41:47.822003Z,fast,3,76
1101,2026-08-04T08:41:48.317444Z,fast,4,76
1101,2026-08-04T08:41:48.819701Z,fast,4,76
1102,2026-08-04T08:41:49.320813Z,fast,5,85
1102,2026-08-04T08:41:49.320791Z,slow,5,85
1102,2026-08-04T08:41:49.818783Z,fast,4,76
1103,2026-08-04T08:41:50.320913Z,fast,4,76
1103,2026-08-04T08:41:50.822117Z,fast,3,76
1104,2026-08-04T08:41:51.319412Z,fast,6,85
1104,2026-08-04T08:41:51.319404Z,slow,7,85
1104,2026-08-04T08:41:51.819935Z,fast,6,76
1105,2026-08-04T08:41:52.322140Z,fast,4,76
1105,2026-08-04T08:41:52.822204Z,fast,4,76
1106,2026-08-04T08:41:53.321601Z,slow,4,85
1106,2026-08-04T08:41:53.321607Z,fast,5,85
1106,2026-08-04T08:41:53.818975Z,fast,5,76
1107,2026-08-04T08:41:54.321015Z,fast,3,76
1107,2026-08-04T08:41:54.820999Z,fast,3,76
1108,2026-08-04T08:41:55.321337Z,slow,14,83
1108,2026-08-04T08:41:55.321395Z,fast,13,85
1108,2026-08-04T08:41:55.822326Z,fast,2,76
1109,2026-08-04T08:41:56.322332Z,fast,3,76
1109,2026-08-04T08:41:56.817672Z,fast,4,76
1110,2026-08-04T08:41:57.322244Z,fast,5,83
1110,2026-08-04T08:41:57.322270Z,slow,7,85
1110,2026-08-04T08:41:57.819774Z,fast,2,76
1111,2026-08-04T08:41:58.321184Z,fast,2,76
1111,2026-08-04T08:41:58.819116Z,fast,5,76
1112,2026-08-04T08:41:59.322375Z,fast,3,85
1112,2026-08-04T08:41:59.322373Z,slow,4,85
1112,2026-08-04T08:41:59.819789Z,fast,3,76
1113,2026-08-04T08:42:00.319226Z,fast,2,76
1113,2026-08-04T08:42:00.820053Z,fast,4,76
1114,2026-08-04T08:42:01.319378Z,fast,6,85
1114,2026-08-04T08:42:01.319378Z,slow,7,85
1114,2026-08-04T08:42:01.819940Z,fast,3,76
1115,2026-08-04T08:42:02.322613Z,fast,5,76
1115,2026-08-04T08:42:02.820746Z,fast,3,76
1116,2026-08-04T08:42:03.319872Z,fast,5,85
1116,2026-08-04T08:42:03.319846Z,slow,5,85
1116,2026-08-04T08:42:03.819669Z,fast,3,76
1117,2026-08-04T08:42:04.322078Z,fast,5,76
1117,2026-08-04T08:42:04.820618Z,fast,3,76
1118,2026-08-04T08:42:05.319923Z,fast,23,83
1118,2026-08-04T08:42:05.319931Z,slow,29,85
1118,2026-08-04T08:42:05.822576Z,fast,2,76
1119,2026-08-04T08:42:06.321438Z,fast,10,76
1119,2026-08-04T08:42:06.822699Z,fast,3,76
1120,2026-08-04T08:42:07.321518Z,fast,13,85
1120,2026-08-04T08:42:07.321614Z,slow,17,85
1120,2026-08-04T08:42:07.822544Z,fast,22,76
1121,2026-08-04T08:42:08.319365Z,fast,3,76
1121,2026-08-04T08:42:08.820725Z,fast,6,76
1122,2026-08-04T08:42:09.321818Z,fast,6,83
1122,2026-08-04T08:42:09.321800Z,slow,6,85
1122,2026-08-04T08:42:09.819891Z,fast,5,76
1123,2026-08-04T08:42:10.321532Z,fast,3,76
1123,2026-08-04T08:42:10.817905Z,fast,2,76
1124,2026-08-04T08:42:11.320889Z,fast,4,82
1124,2026-08-04T08:42:11.320893Z,slow,6,85
1124,2026-08-04T08:42:11.819406Z,fast,3,76
1125,2026-08-04T08:42:12.322766Z,fast,4,76
1125,2026-08-04T08:42:12.819372Z,fast,6,76
1126,2026-08-04T08:42:13.322773Z,fast,3,85
1126,2026-08-04T08:42:13.322772Z,slow,3,85
1126,2026-08-04T08:42:13.821240Z,fast,5,76
1127,2026-08-04T08:42:14.321641Z,fast,4,76
1127,2026-08-04T08:42:14.821045Z,fast,4,76
1128,2026-08-04T08:42:15.319816Z,fast,12,84
1128,2026-08-04T08:42:15.319817Z,slow,14,85
1128,2026-08-04T08:42:15.822277Z,fast,3,76
1129,2026-08-04T08:42:16.320576Z,fast,3,76
1129,2026-08-04T08:42:16.819554Z,fast,3,76
1130,2026-08-04T08:42:17.321505Z,fast,4,78
1130,2026-08-04T08:42:17.321500Z,slow,6,85
1130,2026-08-04T08:42:17.822896Z,fast,3,76
1131,2026-08-04T08:42:18.322124Z,fast,5,76
1131,2026-08-04T08:42:18.817990Z,fast,3,76
1132,2026-08-04T08:42:19.317978Z,fast,4,84
1132,2026-08-04T08:42:19.317969Z,slow,5,85
1132,2026-08-04T08:42:19.820196Z,fast,3,76
1133,2026-08-04T08:42:20.318989Z,fast,4,76
1133,2026-08-04T08:42:20.818411Z,fast,3,76
1134,2026-08-04T08:42:21.323045Z,slow,4,85
1134,2026-08-04T08:42:21.323045Z,fast,4,84
1134,2026-08-04T08:42:21.820569Z,fast,3,76
1135,2026-08-04T08:42:22.321905Z,fast,3,76
1135,2026-08-04T08:42:22.819916Z,fast,2,76
1136,2026-08-04T08:42:23.320199Z,fast,4,85
1136,2026-08-04T08:42:23.320199Z,slow,5,85
1136,2026-08-04T08:42:23.819697Z,fast,4,76
1137,2026-08-04T08:42:24.320681Z,fast,3,76
1137,2026-08-04T08:42:24.820680Z,fast,1,76
1138,2026-08-04T08:42:25.319347Z,slow,7,85
1138,2026-08-04T08:42:25.319347Z,fast,7,85
1138,2026-08-04T08:42:25.820936Z,fast,1,76
1139,2026-08-04T08:42:26.322027Z,fast,5,76
1139,2026-08-04T08:42:26.819886Z,fast,4,76
1140,2026-08-04T08:42:27.322060Z,fast,2,83
1140,2026-08-04T08:42:27.322048Z,slow,2,85
1140,2026-08-04T08:42:27.819390Z,fast,4,76
1141,2026-08-04T08:42:28.320811Z,fast,1,76
1141,2026-08-04T08:42:28.821726Z,fast,3,76
1142,2026-08-04T08:42:29.321917Z,fast,3,85
1142,2026-08-04T08:42:29.321917Z,slow,4,83
1142,2026-08-04T08:42:29.822162Z,fast,3,76
1143,2026-08-04T08:42:30.322122Z,fast,2,76
1143,2026-08-04T08:42:30.821426Z,fast,4,76
1144,2026-08-04T08:42:31.319268Z,fast,4,84
1144,2026-08-04T08:42:31.319269Z,slow,5,85
1144,2026-08-04T08:42:31.822255Z,fast,4,76
1145,2026-08-04T08:42:32.321879Z,fast,3,76
1145,2026-08-04T08:42:32.823398Z,fast,5,76
1146,2026-08-04T08:42:33.319742Z,fast,3,84
1146,2026-08-04T08:42:33.319646Z,slow,3,85
1146,2026-08-04T08:42:33.820954Z,fast,3,76
1147,2026-08-04T08:42:34.320104Z,fast,3,76
1147,2026-08-04T08:42:34.820493Z,fast,4,76
1148,2026-08-04T08:42:35.320044Z,fast,13,84
1148,2026-08-04T08:42:35.320043Z,slow,16,85
1148,2026-08-04T08:42:35.822269Z,fast,3,76
1149,2026-08-04T08:42:36.321278Z,fast,4,76
1149,2026-08-04T08:42:36.822047Z,fast,4,76
1150,2026-08-04T08:42:37.320171Z,fast,3,83
1150,2026-08-04T08:42:37.320175Z,slow,4,85
1150,2026-08-04T08:42:37.823472Z,fast,6,76
1151,2026-08-04T08:42:38.323229Z,fast,6,76
1151,2026-08-04T08:42:38.819665Z,fast,3,76
1152,2026-08-04T08:42:39.321124Z,fast,6,84
1152,2026-08-04T08:42:39.321125Z,slow,8,85
1152,2026-08-04T08:42:39.823569Z,fast,3,76
1153,2026-08-04T08:42:40.320227Z,fast,4,76
1153,2026-08-04T08:42:40.822134Z,fast,4,76
1154,2026-08-04T08:42:41.321062Z,fast,5,84
1154,2026-08-04T08:42:41.321069Z,slow,5,85
1154,2026-08-04T08:42:41.822403Z,fast,4,76
1155,2026-08-04T08:42:42.319319Z,fast,1,76
1155,2026-08-04T08:42:42.823120Z,fast,4,76
1156,2026-08-04T08:42:43.319459Z,fast,3,83
1156,2026-08-04T08:42:43.319459Z,slow,5,85
1156,2026-08-04T08:42:43.820740Z,fast,3,76
1157,2026-08-04T08:42:44.323722Z,fast,4,76
1157,2026-08-04T08:42:44.818923Z,fast,2,76
1158,2026-08-04T08:42:45.321356Z,fast,8,85
1158,2026-08-04T08:42:45.321361Z,slow,9,85
1158,2026-08-04T08:42:45.821694Z,fast,5,80
1159,2026-08-04T08:42:46.321238Z,fast,3,76
1159,2026-08-04T08:42:46.822174Z,fast,4,76
1160,2026-08-04T08:42:47.322128Z,fast,5,79
1160,2026-08-04T08:42:47.322130Z,slow,8,85
1160,2026-08-04T08:42:47.823835Z,fast,4,76
1161,2026-08-04T08:42:48.320279Z,fast,4,76
1161,2026-08-04T08:42:48.821098Z,fast,6,76
1162,2026-08-04T08:42:49.323146Z,fast,4,85
1162,2026-08-04T08:42:49.323145Z,slow,6,85
1162,2026-08-04T08:42:49.823830Z,fast,2,76
1163,2026-08-04T08:42:50.322902Z,fast,5,76
1163,2026-08-04T08:42:50.821801Z,fast,4,76
1164,2026-08-04T08:42:51.324593Z,fast,21,83
1164,2026-08-04T08:42:51.324592Z,slow,21,76
1164,2026-08-04T08:42:51.825729Z,fast,7,76
1165,2026-08-04T08:42:52.323629Z,fast,3,76
1165,2026-08-04T08:42:52.821605Z,fast,5,76
1166,2026-08-04T08:42:53.321658Z,fast,5,85
1166,2026-08-04T08:42:53.321656Z,slow,5,85
1166,2026-08-04T08:42:53.822377Z,fast,3,76
1167,2026-08-04T08:42:54.323045Z,fast,3,76
1167,2026-08-04T08:42:54.824033Z,fast,5,76
1168,2026-08-04T08:42:55.321668Z,fast,6,84
1168,2026-08-04T08:42:55.321668Z,slow,6,85
1168,2026-08-04T08:42:55.820482Z,fast,4,76
1169,2026-08-04T08:42:56.321815Z,fast,2,76
1169,2026-08-04T08:42:56.821439Z,fast,2,76
1170,2026-08-04T08:42:57.319794Z,fast,3,83
1170,2026-08-04T08:42:57.319795Z,slow,3,85
1170,2026-08-04T08:42:57.821729Z,fast,3,76
1171,2026-08-04T08:42:58.319989Z,fast,1,76
1171,2026-08-04T08:42:58.821111Z,fast,6,76
1172,2026-08-04T08:42:59.322590Z,slow,7,85
1172,2026-08-04T08:42:59.322593Z,fast,7,85
1172,2026-08-04T08:42:59.821402Z,fast,3,76
1173,2026-08-04T08:43:00.321796Z,fast,2,76
1173,2026-08-04T08:43:00.823678Z,fast,4,76
1174,2026-08-04T08:43:01.322333Z,fast,4,85
1174,2026-08-04T08:43:01.322327Z,slow,5,85
1174,2026-08-04T08:43:01.823149Z,fast,7,76
1175,2026-08-04T08:43:02.324274Z,fast,5,76
1175,2026-08-04T08:43:02.821861Z,fast,6,76
1176,2026-08-04T08:43:03.320689Z,slow,5,85
1176,2026-08-04T08:43:03.320718Z,fast,5,85
1176,2026-08-04T08:43:03.821837Z,fast,4,76
1177,2026-08-04T08:43:04.320878Z,fast,3,76
1177,2026-08-04T08:43:04.823786Z,fast,3,76
1178,2026-08-04T08:43:05.321016Z,fast,11,85
1178,2026-08-04T08:43:05.321016Z,slow,11,84
1178,2026-08-04T08:43:05.822200Z,fast,4,76
1179,2026-08-04T08:43:06.323359Z,fast,4,76
1179,2026-08-04T08:43:06.823873Z,fast,2,76
1180,2026-08-04T08:43:07.323887Z,fast,5,85
1180,2026-08-04T08:43:07.323857Z,slow,6,85
1180,2026-08-04T08:43:07.823129Z,fast,3,76
1181,2026-08-04T08:43:08.324109Z,fast,3,76
1181,2026-08-04T08:43:08.821901Z,fast,2,76
1182,2026-08-04T08:43:09.323304Z,fast,3,85
1182,2026-08-04T08:43:09.323304Z,slow,3,85
1182,2026-08-04T08:43:09.822091Z,fast,3,76
1183,2026-08-04T08:43:10.322057Z,fast,4,76
1183,2026-08-04T08:43:10.820798Z,fast,3,76
1184,2026-08-04T08:43:11.320383Z,fast,4,83
1184,2026-08-04T08:43:11.320396Z,slow,5,85
1184,2026-08-04T08:43:11.822043Z,fast,3,76
1185,2026-08-04T08:43:12.321231Z,fast,4,76
1185,2026-08-04T08:43:12.822398Z,fast,2,76
1186,2026-08-04T08:43:13.322153Z,fast,3,85
1186,2026-08-04T08:43:13.322149Z,slow,4,85
1186,2026-08-04T08:43:13.822255Z,fast,3,76
1187,2026-08-04T08:43:14.323626Z,fast,2,76
1187,2026-08-04T08:43:14.821126Z,fast,3,76
1188,2026-08-04T08:43:15.319794Z,fast,7,85
1188,2026-08-04T08:43:15.319790Z,slow,8,83
1188,2026-08-04T08:43:15.822116Z,fast,1,76
1189,2026-08-04T08:43:16.322503Z,fast,2,76
1189,2026-08-04T08:43:16.823089Z,fast,1,76
1190,2026-08-04T08:43:17.323986Z,fast,4,85
1190,2026-08-04T08:43:17.323986Z,slow,4,85
1190,2026-08-04T08:43:17.822352Z,fast,4,76
1191,2026-08-04T08:43:18.323572Z,fast,2,76
1191,2026-08-04T08:43:18.821819Z,fast,2,76
1192,2026-08-04T08:43:19.324747Z,fast,3,85
1192,2026-08-04T08:43:19.324743Z,slow,3,85
1192,2026-08-04T08:43:19.823970Z,fast,4,76
1193,2026-08-04T08:43:20.323644Z,fast,2,76
1193,2026-08-04T08:43:20.822288Z,fast,3,76
1194,2026-08-04T08:43:21.322371Z,fast,3,85
1194,2026-08-04T08:43:21.322359Z,slow,3,85
1194,2026-08-04T08:43:21.823440Z,fast,2,76
1195,2026-08-04T08:43:22.324448Z,fast,6,76
1195,2026-08-04T08:43:22.820196Z,fast,4,76
1196,2026-08-04T08:43:23.323632Z,slow,5,85
1196,2026-08-04T08:43:23.323669Z,fast,5,85
1196,2026-08-04T08:43:23.823108Z,fast,3,76
1197,2026-08-04T08:43:24.321907Z,fast,3,76
1197,2026-08-04T08:43:24.822375Z,fast,1,76
1198,2026-08-04T08:43:25.321572Z,fast,12,83
1198,2026-08-04T08:43:25.321628Z,slow,12,85
1198,2026-08-04T08:43:25.822387Z,fast,1,76
1199,2026-08-04T08:43:26.324969Z,fast,4,76
1199,2026-08-04T08:43:26.823519Z,fast,4,76
1200,2026-08-04T08:43:27.322653Z,fast,5,85
1200,2026-08-04T08:43:27.322648Z,slow,6,85
1200,2026-08-04T08:43:27.821541Z,fast,4,76
1201,2026-08-04T08:43:28.325043Z,fast,1,76
1201,2026-08-04T08:43:28.823986Z,fast,4,76
1202,2026-08-04T08:43:29.322626Z,fast,5,85
1202,2026-08-04T08:43:29.322614Z,slow,5,85
1202,2026-08-04T08:43:29.821580Z,fast,4,76
1203,2026-08-04T08:43:30.321633Z,fast,4,76
1203,2026-08-04T08:43:30.822601Z,fast,4,76
1204,2026-08-04T08:43:31.323390Z,fast,3,85
1204,2026-08-04T08:43:31.323391Z,slow,5,85
1204,2026-08-04T08:43:31.825176Z,fast,4,76
1205,2026-08-04T08:43:32.324414Z,fast,5,76
1205,2026-08-04T08:43:32.825186Z,fast,3,76
1206,2026-08-04T08:43:33.324525Z,fast,3,85
1206,2026-08-04T08:43:33.324490Z,slow,3,85
1206,2026-08-04T08:43:33.821821Z,fast,4,76
1207,2026-08-04T08:43:34.321126Z,fast,4,76
1207,2026-08-04T08:43:34.824353Z,fast,4,76
1208,2026-08-04T08:43:35.323634Z,fast,8,83
1208,2026-08-04T08:43:35.323635Z,slow,9,85
1208,2026-08-04T08:43:35.825282Z,fast,5,76
1209,2026-08-04T08:43:36.322985Z,fast,4,76
1209,2026-08-04T08:43:36.823707Z,fast,3,76
1210,2026-08-04T08:43:37.322935Z,fast,2,85
1210,2026-08-04T08:43:37.322862Z,slow,2,85
1210,2026-08-04T08:43:37.823528Z,fast,3,76
1211,2026-08-04T08:43:38.324409Z,fast,4,76
1211,2026-08-04T08:43:38.822930Z,fast,4,76
1212,2026-08-04T08:43:39.322733Z,fast,4,85
1212,2026-08-04T08:43:39.322732Z,slow,4,85
1212,2026-08-04T08:43:39.823096Z,fast,3,76
1213,2026-08-04T08:43:40.321851Z,fast,4,76
1213,2026-08-04T08:43:40.823093Z,fast,3,76
1214,2026-08-04T08:43:41.324819Z,fast,4,85
1214,2026-08-04T08:43:41.324820Z,slow,4,85
1214,2026-08-04T08:43:41.825460Z,fast,3,76
1215,2026-08-04T08:43:42.324485Z,fast,4,76
1215,2026-08-04T08:43:42.821932Z,fast,4,76
1216,2026-08-04T08:43:43.322860Z,fast,4,85
1216,2026-08-04T08:43:43.322860Z,slow,5,85
1216,2026-08-04T08:43:43.824511Z,fast,4,76
1217,2026-08-04T08:43:44.322935Z,fast,4,76
1217,2026-08-04T08:43:44.824695Z,fast,4,76
1218,2026-08-04T08:43:45.321013Z,fast,5,85
1218,2026-08-04T08:43:45.321008Z,slow,5,83
1218,2026-08-04T08:43:45.825608Z,fast,2,80
1219,2026-08-04T08:43:46.324568Z,fast,3,80
1219,2026-08-04T08:43:46.825508Z,fast,3,76
1220,2026-08-04T08:43:47.325628Z,fast,3,85
1220,2026-08-04T08:43:47.325605Z,slow,3,85
1220,2026-08-04T08:43:47.822291Z,fast,3,76
1221,2026-08-04T08:43:48.325644Z,fast,4,76
1221,2026-08-04T08:43:48.825819Z,fast,5,76
1222,2026-08-04T08:43:49.325666Z,slow,4,85
1222,2026-08-04T08:43:49.325669Z,fast,4,85
1222,2026-08-04T08:43:49.823384Z,fast,4,76
1223,2026-08-04T08:43:50.324704Z,fast,4,76
1223,2026-08-04T08:43:50.822442Z,fast,5,76
1224,2026-08-04T08:43:51.323162Z,fast,5,84
1224,2026-08-04T08:43:51.323156Z,slow,6,85
1224,2026-08-04T08:43:51.825744Z,fast,4,76
1225,2026-08-04T08:43:52.323064Z,fast,4,76
1225,2026-08-04T08:43:52.824780Z,fast,5,76
1226,2026-08-04T08:43:53.324360Z,fast,4,85
1226,2026-08-04T08:43:53.324361Z,slow,4,85
1226,2026-08-04T08:43:53.823779Z,fast,2,76
1227,2026-08-04T08:43:54.324839Z,fast,3,76
1227,2026-08-04T08:43:54.822242Z,fast,5,76
1228,2026-08-04T08:43:55.323212Z,fast,7,85
1228,2026-08-04T08:43:55.323205Z,slow,7,85
1228,2026-08-04T08:43:55.823645Z,fast,1,76
1229,2026-08-04T08:43:56.322323Z,fast,4,76
1229,2026-08-04T08:43:56.821035Z,fast,4,76
1230,2026-08-04T08:43:57.323927Z,fast,4,85
1230,2026-08-04T08:43:57.323925Z,slow,4,85
1230,2026-08-04T08:43:57.823798Z,fast,4,76
1231,2026-08-04T08:43:58.322321Z,fast,4,76
1231,2026-08-04T08:43:58.825043Z,fast,4,76
1232,2026-08-04T08:43:59.323381Z,fast,4,85
1232,2026-08-04T08:43:59.323338Z,slow,5,85
1232,2026-08-04T08:43:59.826036Z,fast,7,76
1233,2026-08-04T08:44:00.323492Z,fast,4,76
1233,2026-08-04T08:44:00.823825Z,fast,4,76
1234,2026-08-04T08:44:01.323468Z,fast,6,83
1234,2026-08-04T08:44:01.323468Z,slow,8,85
1234,2026-08-04T08:44:01.823769Z,fast,4,76
1235,2026-08-04T08:44:02.325054Z,fast,4,76
1235,2026-08-04T08:44:02.825628Z,fast,4,76
1236,2026-08-04T08:44:03.324250Z,fast,4,83
1236,2026-08-04T08:44:03.324248Z,slow,6,85
1236,2026-08-04T08:44:03.822152Z,fast,2,76
1237,2026-08-04T08:44:04.322729Z,fast,2,76
1237,2026-08-04T08:44:04.821470Z,fast,5,76
1238,2026-08-04T08:44:05.324166Z,fast,3,84
1238,2026-08-04T08:44:05.324148Z,slow,3,85
1238,2026-08-04T08:44:05.821247Z,fast,12,76
1239,2026-08-04T08:44:06.325187Z,fast,5,76
1239,2026-08-04T08:44:06.825738Z,fast,3,76
1240,2026-08-04T08:44:07.322587Z,fast,3,85
1240,2026-08-04T08:44:07.322575Z,slow,3,85
1240,2026-08-04T08:44:07.823569Z,fast,2,76
1241,2026-08-04T08:44:08.324140Z,fast,3,76
1241,2026-08-04T08:44:08.825763Z,fast,2,76
1242,2026-08-04T08:44:09.323001Z,slow,4,85
1242,2026-08-04T08:44:09.323001Z,fast,4,85
1242,2026-08-04T08:44:09.824014Z,fast,4,76
1243,2026-08-04T08:44:10.325308Z,fast,2,76
1243,2026-08-04T08:44:10.823610Z,fast,3,76
1244,2026-08-04T08:44:11.322108Z,fast,3,85
1244,2026-08-04T08:44:11.322108Z,slow,4,85
1244,2026-08-04T08:44:11.822765Z,fast,5,76
1245,2026-08-04T08:44:12.323709Z,fast,3,76
1245,2026-08-04T08:44:12.822760Z,fast,3,76
1246,2026-08-04T08:44:13.322821Z,fast,3,85
1246,2026-08-04T08:44:13.322821Z,slow,3,85
1246,2026-08-04T08:44:13.825198Z,fast,3,76
1247,2026-08-04T08:44:14.325485Z,fast,3,76
1247,2026-08-04T08:44:14.826395Z,fast,4,76
1248,2026-08-04T08:44:15.324512Z,fast,3,85
1248,2026-08-04T08:44:15.324512Z,slow,5,85
1248,2026-08-04T08:44:15.821625Z,fast,1,76
1249,2026-08-04T08:44:16.324111Z,fast,3,76
1249,2026-08-04T08:44:16.821840Z,fast,5,76
1250,2026-08-04T08:44:17.326518Z,fast,5,77
1250,2026-08-04T08:44:17.326558Z,slow,7,85
1250,2026-08-04T08:44:17.824225Z,fast,14,76
1251,2026-08-04T08:44:18.325579Z,fast,5,76
1251,2026-08-04T08:44:18.822297Z,fast,9,76
1252,2026-08-04T08:44:19.325560Z,fast,4,84
1252,2026-08-04T08:44:19.325540Z,slow,5,85
1252,2026-08-04T08:44:19.825686Z,fast,4,76
1253,2026-08-04T08:44:20.326054Z,fast,4,76
1253,2026-08-04T08:44:20.821720Z,fast,5,76
1254,2026-08-04T08:44:21.324666Z,fast,5,83
1254,2026-08-04T08:44:21.324661Z,slow,5,85
1254,2026-08-04T08:44:21.824472Z,fast,5,76
1255,2026-08-04T08:44:22.325713Z,fast,4,76
1255,2026-08-04T08:44:22.823503Z,fast,5,76
1256,2026-08-04T08:44:23.326064Z,fast,4,85
1256,2026-08-04T08:44:23.326053Z,slow,4,85
1256,2026-08-04T08:44:23.826706Z,fast,4,76
1257,2026-08-04T08:44:24.322014Z,fast,3,76
1257,2026-08-04T08:44:24.821739Z,fast,2,76
1258,2026-08-04T08:44:25.325029Z,slow,5,85
1258,2026-08-04T08:44:25.325050Z,fast,6,83
1258,2026-08-04T08:44:25.824594Z,fast,5,76
1259,2026-08-04T08:44:26.323285Z,fast,5,76
1259,2026-08-04T08:44:26.822025Z,fast,1,76
1260,2026-08-04T08:44:27.326856Z,fast,9,85
1260,2026-08-04T08:44:27.326847Z,slow,10,85
1260,2026-08-04T08:44:27.825179Z,fast,3,76
1261,2026-08-04T08:44:28.326098Z,fast,3,76
1261,2026-08-04T08:44:28.826856Z,fast,2,76
1262,2026-08-04T08:44:29.323312Z,fast,3,85
1262,2026-08-04T08:44:29.323284Z,slow,4,85
1262,2026-08-04T08:44:29.824710Z,fast,4,76
1263,2026-08-04T08:44:30.326523Z,fast,4,76
1263,2026-08-04T08:44:30.826789Z,fast,4,76
1264,2026-08-04T08:44:31.323349Z,slow,8,85
1264,2026-08-04T08:44:31.323349Z,fast,8,85
1264,2026-08-04T08:44:31.826938Z,fast,5,76
1265,2026-08-04T08:44:32.322118Z,fast,4,76
1265,2026-08-04T08:44:32.823316Z,fast,3,76
1266,2026-08-04T08:44:33.323414Z,fast,5,84
1266,2026-08-04T08:44:33.323406Z,slow,5,85
1266,2026-08-04T08:44:33.826468Z,fast,4,76
1267,2026-08-04T08:44:34.326084Z,fast,4,76
1267,2026-08-04T08:44:34.822876Z,fast,3,76
1268,2026-08-04T08:44:35.325391Z,fast,4,84
1268,2026-08-04T08:44:35.325377Z,slow,5,85
1268,2026-08-04T08:44:35.826805Z,fast,3,76
1269,2026-08-04T08:44:36.323985Z,fast,5,76
1269,2026-08-04T08:44:36.822244Z,fast,11,76
1270,2026-08-04T08:44:37.327172Z,fast,6,83
1270,2026-08-04T08:44:37.327172Z,slow,7,85
1270,2026-08-04T08:44:37.826244Z,fast,3,76
1271,2026-08-04T08:44:38.324223Z,fast,3,76
1271,2026-08-04T08:44:38.825238Z,fast,3,76
1272,2026-08-04T08:44:39.326799Z,fast,2,84
1272,2026-08-04T08:44:39.326804Z,slow,3,85
1272,2026-08-04T08:44:39.827282Z,fast,2,76
1273,2026-08-04T08:44:40.326082Z,fast,4,76
1273,2026-08-04T08:44:40.826837Z,fast,3,76
1274,2026-08-04T08:44:41.323678Z,fast,3,83
1274,2026-08-04T08:44:41.323653Z,slow,4,85
1274,2026-08-04T08:44:41.827239Z,fast,3,76
1275,2026-08-04T08:44:42.324541Z,fast,2,76
1275,2026-08-04T08:44:42.822790Z,fast,2,76
1276,2026-08-04T08:44:43.326960Z,fast,4,85
1276,2026-08-04T08:44:43.326951Z,slow,6,85
1276,2026-08-04T08:44:43.825215Z,fast,4,76
1277,2026-08-04T08:44:44.322437Z,fast,3,76
1277,2026-08-04T08:44:44.822408Z,fast,4,76
1278,2026-08-04T08:44:45.323772Z,fast,3,83
1278,2026-08-04T08:44:45.323776Z,slow,4,85
1278,2026-08-04T08:44:45.826908Z,fast,3,76
1279,2026-08-04T08:44:46.326640Z,fast,1,80
1279,2026-08-04T08:44:46.824981Z,fast,7,76
1280,2026-08-04T08:44:47.323855Z,fast,9,83
1280,2026-08-04T08:44:47.324057Z,slow,11,76
1280,2026-08-04T08:44:47.825962Z,fast,2,76
1281,2026-08-04T08:44:48.325438Z,fast,4,76
1281,2026-08-04T08:44:48.822562Z,fast,4,76
1282,2026-08-04T08:44:49.323857Z,fast,3,85
1282,2026-08-04T08:44:49.323857Z,slow,4,85
1282,2026-08-04T08:44:49.825227Z,fast,3,76
1283,2026-08-04T08:44:50.322839Z,fast,7,76
1283,2026-08-04T08:44:50.823097Z,fast,2,76
1284,2026-08-04T08:44:51.326976Z,fast,5,84
1284,2026-08-04T08:44:51.326964Z,slow,6,85
1284,2026-08-04T08:44:51.824467Z,fast,3,76
1285,2026-08-04T08:44:52.325799Z,fast,8,76
1285,2026-08-04T08:44:52.822781Z,fast,2,76
1286,2026-08-04T08:44:53.326525Z,fast,3,76
1286,2026-08-04T08:44:53.326522Z,slow,5,85
1286,2026-08-04T08:44:53.826535Z,fast,3,76
1287,2026-08-04T08:44:54.327600Z,fast,4,76
1287,2026-08-04T08:44:54.823286Z,fast,4,76
1288,2026-08-04T08:44:55.327622Z,fast,6,85
1288,2026-08-04T08:44:55.327623Z,slow,7,85
1288,2026-08-04T08:44:55.822842Z,fast,2,76
1289,2026-08-04T08:44:56.322911Z,fast,7,76
1289,2026-08-04T08:44:56.824700Z,fast,3,76
1290,2026-08-04T08:44:57.324198Z,slow,11,85
1290,2026-08-04T08:44:57.324442Z,fast,11,84
1290,2026-08-04T08:44:57.825508Z,fast,4,76
1291,2026-08-04T08:44:58.326782Z,fast,2,76
1291,2026-08-04T08:44:58.824494Z,fast,1,76
1292,2026-08-04T08:44:59.325229Z,fast,8,85
1292,2026-08-04T08:44:59.325228Z,slow,9,85
1292,2026-08-04T08:44:59.823886Z,fast,3,76
1293,2026-08-04T08:45:00.326572Z,fast,4,76
1293,2026-08-04T08:45:00.826909Z,fast,3,76
1294,2026-08-04T08:45:01.324287Z,fast,4,85
1294,2026-08-04T08:45:01.324277Z,slow,4,85
1294,2026-08-04T08:45:01.827215Z,fast,3,76
1295,2026-08-04T08:45:02.327233Z,fast,2,76
1295,2026-08-04T08:45:02.826617Z,fast,3,76
1296,2026-08-04T08:45:03.324075Z,fast,5,85
1296,2026-08-04T08:45:03.324075Z,slow,8,85
1296,2026-08-04T08:45:03.827905Z,fast,3,76
1297,2026-08-04T08:45:04.325617Z,fast,4,76
1297,2026-08-04T08:45:04.824923Z,fast,4,76
1298,2026-08-04T08:45:05.325033Z,fast,4,85
1298,2026-08-04T08:45:05.325027Z,slow,4,85
1298,2026-08-04T08:45:05.825748Z,fast,1,76
1299,2026-08-04T08:45:06.327083Z,fast,4,76
1299,2026-08-04T08:45:06.825783Z,fast,3,76
1300,2026-08-04T08:45:07.327010Z,fast,2,85
1300,2026-08-04T08:45:07.326985Z,slow,4,85
1300,2026-08-04T08:45:07.824929Z,fast,2,76
1301,2026-08-04T08:45:08.325291Z,fast,2,76
1301,2026-08-04T08:45:08.825538Z,fast,2,76
1302,2026-08-04T08:45:09.324650Z,fast,32,76
1302,2026-08-04T08:45:09.335263Z,slow,40,76
1302,2026-08-04T08:45:09.828100Z,fast,4,76
1303,2026-08-04T08:45:10.327215Z,fast,3,76
1303,2026-08-04T08:45:10.826026Z,fast,4,76
1304,2026-08-04T08:45:11.328154Z,fast,3,85
1304,2026-08-04T08:45:11.328137Z,slow,4,85
1304,2026-08-04T08:45:11.827919Z,fast,4,76
1305,2026-08-04T08:45:12.324007Z,fast,3,76
1305,2026-08-04T08:45:12.823297Z,fast,3,76
1306,2026-08-04T08:45:13.324402Z,slow,7,85
1306,2026-08-04T08:45:13.324402Z,fast,7,85
1306,2026-08-04T08:45:13.824244Z,fast,4,76
1307,2026-08-04T08:45:14.328197Z,fast,4,76
1307,2026-08-04T08:45:14.824456Z,fast,4,76
1308,2026-08-04T08:45:15.324880Z,fast,3,85
1308,2026-08-04T08:45:15.324847Z,slow,4,85
1308,2026-08-04T08:45:15.825368Z,fast,3,76
1309,2026-08-04T08:45:16.326477Z,fast,3,76
1309,2026-08-04T08:45:16.827942Z,fast,3,76
1310,2026-08-04T08:45:17.326715Z,fast,3,77
1310,2026-08-04T08:45:17.326723Z,slow,5,85
1310,2026-08-04T08:45:17.826738Z,fast,3,76
1311,2026-08-04T08:45:18.323443Z,fast,3,76
1311,2026-08-04T08:45:18.824734Z,fast,9,76
1312,2026-08-04T08:45:19.325761Z,fast,3,85
1312,2026-08-04T08:45:19.325571Z,slow,4,85
1312,2026-08-04T08:45:19.825514Z,fast,3,76
1313,2026-08-04T08:45:20.325672Z,fast,3,76
1313,2026-08-04T08:45:20.825521Z,fast,3,76
1314,2026-08-04T08:45:21.327170Z,fast,4,85
1314,2026-08-04T08:45:21.327162Z,slow,5,85
1314,2026-08-04T08:45:21.826630Z,fast,3,76
1315,2026-08-04T08:45:22.327584Z,fast,2,76
1315,2026-08-04T08:45:22.827227Z,fast,2,76
1316,2026-08-04T08:45:23.327249Z,fast,3,85
1316,2026-08-04T08:45:23.327239Z,slow,4,85
1316,2026-08-04T08:45:23.827539Z,fast,3,76
1317,2026-08-04T08:45:24.325250Z,fast,4,76
1317,2026-08-04T08:45:24.824941Z,fast,3,76
1318,2026-08-04T08:45:25.328547Z,fast,3,85
1318,2026-08-04T08:45:25.328542Z,slow,3,85
1318,2026-08-04T08:45:25.824067Z,fast,1,76
1319,2026-08-04T08:45:26.324956Z,fast,4,76
1319,2026-08-04T08:45:26.826548Z,fast,2,76
1320,2026-08-04T08:45:27.325739Z,fast,6,85
1320,2026-08-04T08:45:27.325730Z,slow,6,85
1320,2026-08-04T08:45:27.827238Z,fast,3,76
1321,2026-08-04T08:45:28.328685Z,fast,2,76
1321,2026-08-04T08:45:28.823838Z,fast,10,76
1322,2026-08-04T08:45:29.323859Z,slow,5,85
1322,2026-08-04T08:45:29.323868Z,fast,5,85
1322,2026-08-04T08:45:29.826710Z,fast,2,76
1323,2026-08-04T08:45:30.325210Z,fast,4,76
1323,2026-08-04T08:45:30.824186Z,fast,2,76
1324,2026-08-04T08:45:31.324202Z,fast,5,83
1324,2026-08-04T08:45:31.324210Z,slow,6,85
1324,2026-08-04T08:45:31.828718Z,fast,3,76
1325,2026-08-04T08:45:32.328744Z,fast,3,76
1325,2026-08-04T08:45:32.824930Z,fast,3,76
1326,2026-08-04T08:45:33.328797Z,slow,8,85
1326,2026-08-04T08:45:33.328797Z,fast,8,85
1326,2026-08-04T08:45:33.828584Z,fast,3,76
1327,2026-08-04T08:45:34.327987Z,fast,3,76
1327,2026-08-04T08:45:34.827358Z,fast,3,76
1328,2026-08-04T08:45:35.328145Z,fast,5,85
1328,2026-08-04T08:45:35.328145Z,slow,6,85
1328,2026-08-04T08:45:35.824396Z,fast,4,76
1329,2026-08-04T08:45:36.327502Z,fast,4,76
1329,2026-08-04T08:45:36.825455Z,fast,2,76
1330,2026-08-04T08:45:37.326571Z,fast,5,83
1330,2026-08-04T08:45:37.326575Z,slow,7,85
1330,2026-08-04T08:45:37.825205Z,fast,2,76
1331,2026-08-04T08:45:38.323960Z,fast,3,76
1331,2026-08-04T08:45:38.828917Z,fast,3,76
1332,2026-08-04T08:45:39.329011Z,fast,3,85
1332,2026-08-04T08:45:39.328959Z,slow,4,85
1332,2026-08-04T08:45:39.825342Z,fast,3,76
1333,2026-08-04T08:45:40.326784Z,fast,3,76
1333,2026-08-04T08:45:40.824136Z,fast,2,76
1334,2026-08-04T08:45:41.326694Z,fast,2,84
1334,2026-08-04T08:45:41.326694Z,slow,3,85
1334,2026-08-04T08:45:41.826883Z,fast,4,76
1335,2026-08-04T08:45:42.325442Z,fast,4,76
1335,2026-08-04T08:45:42.827325Z,fast,3,76
1336,2026-08-04T08:45:43.327097Z,fast,2,85
1336,2026-08-04T08:45:43.327097Z,slow,4,85
1336,2026-08-04T08:45:43.829101Z,fast,4,76
1337,2026-08-04T08:45:44.327888Z,fast,4,76
1337,2026-08-04T08:45:44.826689Z,fast,3,76
1338,2026-08-04T08:45:45.329214Z,fast,3,84
1338,2026-08-04T08:45:45.329148Z,slow,5,85
1338,2026-08-04T08:45:45.829160Z,fast,2,76
1339,2026-08-04T08:45:46.327891Z,fast,5,80
1339,2026-08-04T08:45:46.827946Z,fast,4,76
1340,2026-08-04T08:45:47.324895Z,fast,4,85
1340,2026-08-04T08:45:47.324891Z,slow,4,85
1340,2026-08-04T08:45:47.824711Z,fast,4,76
1341,2026-08-04T08:45:48.328293Z,fast,3,76
1341,2026-08-04T08:45:48.825081Z,fast,3,76
1342,2026-08-04T08:45:49.325392Z,fast,3,85
1342,2026-08-04T08:45:49.325385Z,slow,3,85
1342,2026-08-04T08:45:49.824277Z,fast,3,76
1343,2026-08-04T08:45:50.328463Z,fast,4,76
1343,2026-08-04T08:45:50.829345Z,fast,4,76
1344,2026-08-04T08:45:51.327762Z,fast,4,85
1344,2026-08-04T08:45:51.327728Z,slow,5,85
1344,2026-08-04T08:45:51.825443Z,fast,3,76
1345,2026-08-04T08:45:52.327179Z,fast,3,76
1345,2026-08-04T08:45:52.824591Z,fast,4,76
1346,2026-08-04T08:45:53.326538Z,fast,4,85
1346,2026-08-04T08:45:53.326531Z,slow,4,85
1346,2026-08-04T08:45:53.828137Z,fast,2,76
1347,2026-08-04T08:45:54.328600Z,fast,4,76
1347,2026-08-04T08:45:54.828232Z,fast,2,76
1348,2026-08-04T08:45:55.326988Z,fast,11,83
1348,2026-08-04T08:45:55.326950Z,slow,12,85
1348,2026-08-04T08:45:55.827921Z,fast,1,76
1349,2026-08-04T08:45:56.328695Z,fast,5,76
1349,2026-08-04T08:45:56.825573Z,fast,2,76
1350,2026-08-04T08:45:57.326058Z,fast,2,82
1350,2026-08-04T08:45:57.326018Z,slow,3,85
1350,2026-08-04T08:45:57.827277Z,fast,2,76
1351,2026-08-04T08:45:58.328246Z,fast,4,76
1351,2026-08-04T08:45:58.828675Z,fast,4,76
1352,2026-08-04T08:45:59.329372Z,fast,4,83
1352,2026-08-04T08:45:59.329362Z,slow,5,85
1352,2026-08-04T08:45:59.826442Z,fast,6,76
1353,2026-08-04T08:46:00.324979Z,fast,6,76
1353,2026-08-04T08:46:00.825750Z,fast,6,76
1354,2026-08-04T08:46:01.329736Z,fast,4,83
1354,2026-08-04T08:46:01.329754Z,slow,5,85
1354,2026-08-04T08:46:01.825564Z,fast,4,76
1355,2026-08-04T08:46:02.328865Z,fast,5,76
1355,2026-08-04T08:46:02.828431Z,fast,4,76
1356,2026-08-04T08:46:03.328418Z,fast,3,85
1356,2026-08-04T08:46:03.328393Z,slow,4,85
1356,2026-08-04T08:46:03.829690Z,fast,3,76
1357,2026-08-04T08:46:04.326882Z,fast,3,76
1357,2026-08-04T08:46:04.829709Z,fast,3,76
1358,2026-08-04T08:46:05.326911Z,fast,4,85
1358,2026-08-04T08:46:05.326904Z,slow,4,85
1358,2026-08-04T08:46:05.827685Z,fast,1,76
1359,2026-08-04T08:46:06.328993Z,fast,6,76
1359,2026-08-04T08:46:06.826269Z,fast,5,76
1360,2026-08-04T08:46:07.328164Z,fast,9,84
1360,2026-08-04T08:46:07.328164Z,slow,10,85
1360,2026-08-04T08:46:07.827283Z,fast,8,76
1361,2026-08-04T08:46:08.325159Z,fast,4,76
1361,2026-08-04T08:46:08.829845Z,fast,2,76
1362,2026-08-04T08:46:09.329996Z,fast,9,83
1362,2026-08-04T08:46:09.330002Z,slow,10,85
1362,2026-08-04T08:46:09.827913Z,fast,8,76
1363,2026-08-04T08:46:10.328654Z,fast,1,76
1363,2026-08-04T08:46:10.827983Z,fast,4,76
1364,2026-08-04T08:46:11.328960Z,fast,6,83
1364,2026-08-04T08:46:11.328979Z,slow,7,85
1364,2026-08-04T08:46:11.826101Z,fast,3,76
1365,2026-08-04T08:46:12.327365Z,fast,3,76
1365,2026-08-04T08:46:12.829961Z,fast,3,76
1366,2026-08-04T08:46:13.326164Z,slow,4,85
1366,2026-08-04T08:46:13.326204Z,fast,4,85
1366,2026-08-04T08:46:13.829446Z,fast,3,76
1367,2026-08-04T08:46:14.329243Z,fast,3,76
1367,2026-08-04T08:46:14.829555Z,fast,3,76
1368,2026-08-04T08:46:15.325100Z,fast,3,85
1368,2026-08-04T08:46:15.325073Z,slow,3,85
1368,2026-08-04T08:46:15.828441Z,fast,90,76
1369,2026-08-04T08:46:16.327023Z,fast,2,76
1369,2026-08-04T08:46:16.827958Z,fast,2,76
1370,2026-08-04T08:46:17.328223Z,fast,6,81
1370,2026-08-04T08:46:17.328234Z,slow,8,76
1370,2026-08-04T08:46:17.828135Z,fast,5,76
1371,2026-08-04T08:46:18.328675Z,fast,4,76
1371,2026-08-04T08:46:18.828135Z,fast,6,76
1372,2026-08-04T08:46:19.330186Z,fast,4,85
1372,2026-08-04T08:46:19.330151Z,slow,5,85
1372,2026-08-04T08:46:19.827198Z,fast,2,76
1373,2026-08-04T08:46:20.327906Z,fast,2,76
1373,2026-08-04T08:46:20.828749Z,fast,40,76
1374,2026-08-04T08:46:21.326330Z,slow,3,84
1374,2026-08-04T08:46:21.326332Z,fast,4,85
1374,2026-08-04T08:46:21.827230Z,fast,3,76
1375,2026-08-04T08:46:22.326926Z,fast,4,76
1375,2026-08-04T08:46:22.827264Z,fast,1,76
1376,2026-08-04T08:46:23.329257Z,fast,3,85
1376,2026-08-04T08:46:23.329257Z,slow,4,85
1376,2026-08-04T08:46:23.826044Z,fast,2,76
1377,2026-08-04T08:46:24.327324Z,fast,5,76
1377,2026-08-04T08:46:24.827258Z,fast,1,76
1378,2026-08-04T08:46:25.326648Z,fast,3,85
1378,2026-08-04T08:46:25.326647Z,slow,3,85
1378,2026-08-04T08:46:25.825518Z,fast,1,76
1379,2026-08-04T08:46:26.325558Z,fast,2,76
1379,2026-08-04T08:46:26.830645Z,fast,4,76
1380,2026-08-04T08:46:27.327702Z,fast,5,83
1380,2026-08-04T08:46:27.327698Z,slow,7,85
1380,2026-08-04T08:46:27.829929Z,fast,6,76
1381,2026-08-04T08:46:28.329696Z,fast,1,76
1381,2026-08-04T08:46:28.825740Z,fast,4,76
1382,2026-08-04T08:46:29.326438Z,fast,4,85
1382,2026-08-04T08:46:29.326431Z,slow,4,84
1382,2026-08-04T08:46:29.827785Z,fast,4,76
1383,2026-08-04T08:46:30.331065Z,fast,34,76
1383,2026-08-04T08:46:30.827781Z,fast,4,76
1384,2026-08-04T08:46:31.326672Z,fast,5,84
1384,2026-08-04T08:46:31.326651Z,slow,6,85
1384,2026-08-04T08:46:31.829429Z,fast,4,76
1385,2026-08-04T08:46:32.330574Z,fast,4,76
1385,2026-08-04T08:46:32.825844Z,fast,4,76
1386,2026-08-04T08:46:33.329510Z,fast,5,85
1386,2026-08-04T08:46:33.329510Z,slow,5,85
1386,2026-08-04T08:46:33.828646Z,fast,4,76
1387,2026-08-04T08:46:34.329878Z,fast,4,76
1387,2026-08-04T08:46:34.827895Z,fast,4,76
1388,2026-08-04T08:46:35.326676Z,fast,2,85
1388,2026-08-04T08:46:35.326658Z,slow,3,85
1388,2026-08-04T08:46:35.826563Z,fast,3,76
1389,2026-08-04T08:46:36.327203Z,fast,4,76
1389,2026-08-04T08:46:36.834047Z,fast,6,76
1390,2026-08-04T08:46:37.330224Z,slow,3,85
1390,2026-08-04T08:46:37.330236Z,fast,4,84
1390,2026-08-04T08:46:37.829741Z,fast,3,76
1391,2026-08-04T08:46:38.330012Z,fast,4,76
1391,2026-08-04T08:46:38.829998Z,fast,1,76
1392,2026-08-04T08:46:39.328728Z,fast,2,83
1392,2026-08-04T08:46:39.328733Z,slow,2,85
1392,2026-08-04T08:46:39.830803Z,fast,4,76
1393,2026-08-04T08:46:40.328167Z,fast,4,76
1393,2026-08-04T08:46:40.828124Z,fast,4,76
1394,2026-08-04T08:46:41.326695Z,fast,6,85
1394,2026-08-04T08:46:41.326695Z,slow,6,85
1394,2026-08-04T08:46:41.828486Z,fast,4,76
1395,2026-08-04T08:46:42.330113Z,fast,4,76
1395,2026-08-04T08:46:42.827384Z,fast,4,76
1396,2026-08-04T08:46:43.328021Z,fast,6,85
1396,2026-08-04T08:46:43.328020Z,slow,8,85
1396,2026-08-04T08:46:43.826367Z,fast,3,76
1397,2026-08-04T08:46:44.327986Z,fast,4,76
1397,2026-08-04T08:46:44.828454Z,fast,4,76
1398,2026-08-04T08:46:45.327600Z,fast,4,84
1398,2026-08-04T08:46:45.327593Z,slow,4,85
1398,2026-08-04T08:46:45.829520Z,fast,1,76
1399,2026-08-04T08:46:46.329253Z,fast,5,80
1399,2026-08-04T08:46:46.827240Z,fast,4,76
1400,2026-08-04T08:46:47.327682Z,fast,4,85
1400,2026-08-04T08:46:47.327682Z,slow,5,85
1400,2026-08-04T08:46:47.831037Z,fast,4,76
1401,2026-08-04T08:46:48.329793Z,fast,4,76
1401,2026-08-04T08:46:48.826344Z,fast,4,76
1402,2026-08-04T08:46:49.330586Z,slow,4,85
1402,2026-08-04T08:46:49.330594Z,fast,4,85
1402,2026-08-04T08:46:49.830214Z,fast,4,76
1403,2026-08-04T08:46:50.327749Z,fast,4,76
1403,2026-08-04T08:46:50.828417Z,fast,3,76
1404,2026-08-04T08:46:51.329262Z,fast,5,85
1404,2026-08-04T08:46:51.329269Z,slow,6,85
1404,2026-08-04T08:46:51.828436Z,fast,4,76
1405,2026-08-04T08:46:52.326464Z,fast,4,76
1405,2026-08-04T08:46:52.827514Z,fast,4,76
1406,2026-08-04T08:46:53.326711Z,fast,4,85
1406,2026-08-04T08:46:53.326709Z,slow,4,85
1406,2026-08-04T08:46:53.826379Z,fast,3,76
1407,2026-08-04T08:46:54.330511Z,fast,4,76
1407,2026-08-04T08:46:54.830779Z,fast,4,76
1408,2026-08-04T08:46:55.331268Z,fast,4,85
1408,2026-08-04T08:46:55.331258Z,slow,5,85
1408,2026-08-04T08:46:55.828576Z,fast,1,76
1409,2026-08-04T08:46:56.327233Z,fast,4,76
1409,2026-08-04T08:46:56.826600Z,fast,4,76
1410,2026-08-04T08:46:57.329415Z,fast,5,85
1410,2026-08-04T08:46:57.329414Z,slow,6,85
1410,2026-08-04T08:46:57.831162Z,fast,2,76
1411,2026-08-04T08:46:58.331074Z,fast,2,76
1411,2026-08-04T08:46:58.831171Z,fast,4,76
1412,2026-08-04T08:46:59.327851Z,fast,3,85
1412,2026-08-04T08:46:59.327846Z,slow,4,85
1412,2026-08-04T08:46:59.830888Z,fast,5,76
1413,2026-08-04T08:47:00.331351Z,fast,2,76
1413,2026-08-04T08:47:00.831447Z,fast,5,76
1414,2026-08-04T08:47:01.327068Z,fast,4,85
1414,2026-08-04T08:47:01.327065Z,slow,4,85
1414,2026-08-04T08:47:01.831439Z,fast,5,76
1415,2026-08-04T08:47:02.338093Z,fast,7,76
1415,2026-08-04T08:47:02.830783Z,fast,4,76
1416,2026-08-04T08:47:03.331498Z,fast,5,84
1416,2026-08-04T08:47:03.331489Z,slow,6,85
1416,2026-08-04T08:47:03.828747Z,fast,3,76
1417,2026-08-04T08:47:04.330410Z,fast,4,76
1417,2026-08-04T08:47:04.828584Z,fast,4,76
1418,2026-08-04T08:47:05.328131Z,fast,2,85
1418,2026-08-04T08:47:05.328131Z,slow,2,85
1418,2026-08-04T08:47:05.830246Z,fast,1,76
1419,2026-08-04T08:47:06.330293Z,fast,4,76
1419,2026-08-04T08:47:06.829611Z,fast,1,76
1420,2026-08-04T08:47:07.328426Z,fast,2,83
1420,2026-08-04T08:47:07.328425Z,slow,3,85
1420,2026-08-04T08:47:07.827980Z,fast,5,76
1421,2026-08-04T08:47:08.326789Z,fast,3,76
1421,2026-08-04T08:47:08.830601Z,fast,3,76
1422,2026-08-04T08:47:09.331484Z,fast,4,85
1422,2026-08-04T08:47:09.331458Z,slow,4,85
1422,2026-08-04T08:47:09.828500Z,fast,4,76
1423,2026-08-04T08:47:10.330977Z,fast,3,76
1423,2026-08-04T08:47:10.827187Z,fast,2,76
1424,2026-08-04T08:47:11.328810Z,fast,3,84
1424,2026-08-04T08:47:11.328810Z,slow,4,85
1424,2026-08-04T08:47:11.828074Z,fast,3,76
1425,2026-08-04T08:47:12.331435Z,fast,3,76
1425,2026-08-04T08:47:12.830056Z,fast,3,76
1426,2026-08-04T08:47:13.328548Z,fast,3,84
1426,2026-08-04T08:47:13.328547Z,slow,3,85
1426,2026-08-04T08:47:13.829926Z,fast,3,76
1427,2026-08-04T08:47:14.328659Z,fast,2,76
1427,2026-08-04T08:47:14.830819Z,fast,5,76
1428,2026-08-04T08:47:15.331846Z,fast,4,85
1428,2026-08-04T08:47:15.331935Z,slow,5,85
1428,2026-08-04T08:47:15.831293Z,fast,1,76
1429,2026-08-04T08:47:16.331897Z,fast,5,76
1429,2026-08-04T08:47:16.827228Z,fast,3,76
1430,2026-08-04T08:47:17.331830Z,fast,4,83
1430,2026-08-04T08:47:17.331829Z,slow,4,85
1430,2026-08-04T08:47:17.830640Z,fast,4,76
1431,2026-08-04T08:47:18.330849Z,fast,4,76
1431,2026-08-04T08:47:18.831939Z,fast,4,76
1432,2026-08-04T08:47:19.328352Z,fast,2,85
1432,2026-08-04T08:47:19.328349Z,slow,3,85
1432,2026-08-04T08:47:19.832489Z,fast,3,76
1433,2026-08-04T08:47:20.327746Z,fast,2,76
1433,2026-08-04T08:47:20.831997Z,fast,3,76
1434,2026-08-04T08:47:21.329491Z,fast,25,85
1434,2026-08-04T08:47:21.329083Z,slow,25,85
1434,2026-08-04T08:47:21.831191Z,fast,7,76
1435,2026-08-04T08:47:22.332042Z,fast,6,76
1435,2026-08-04T08:47:22.829129Z,fast,4,76
1436,2026-08-04T08:47:23.330324Z,fast,4,83
1436,2026-08-04T08:47:23.330304Z,slow,6,85
1436,2026-08-04T08:47:23.827725Z,fast,4,76
1437,2026-08-04T08:47:24.331781Z,fast,5,76
1437,2026-08-04T08:47:24.830907Z,fast,40,76
1438,2026-08-04T08:47:25.328579Z,slow,5,83
1438,2026-08-04T08:47:25.328585Z,fast,7,85
1438,2026-08-04T08:47:25.830105Z,fast,1,76
1439,2026-08-04T08:47:26.331501Z,fast,3,76
1439,2026-08-04T08:47:26.827683Z,fast,17,76
1440,2026-08-04T08:47:27.327405Z,fast,5,83
1440,2026-08-04T08:47:27.327445Z,slow,6,85
1440,2026-08-04T08:47:27.828112Z,fast,3,76
1441,2026-08-04T08:47:28.330208Z,fast,4,76
1441,2026-08-04T08:47:28.827275Z,fast,3,76
1442,2026-08-04T08:47:29.327919Z,slow,5,84
1442,2026-08-04T08:47:29.327934Z,fast,5,85
1442,2026-08-04T08:47:29.831088Z,fast,6,76
1443,2026-08-04T08:47:30.332299Z,fast,6,76
1443,2026-08-04T08:47:30.830631Z,fast,4,76
1444,2026-08-04T08:47:31.328780Z,fast,3,83
1444,2026-08-04T08:47:31.328787Z,slow,7,85
1444,2026-08-04T08:47:31.832334Z,fast,4,76
1445,2026-08-04T08:47:32.329394Z,fast,4,76
1445,2026-08-04T08:47:32.827760Z,fast,3,76
1446,2026-08-04T08:47:33.330478Z,fast,5,76
1446,2026-08-04T08:47:33.330488Z,slow,5,85
1446,2026-08-04T08:47:33.832019Z,fast,11,76
1447,2026-08-04T08:47:34.332408Z,fast,3,76
1447,2026-08-04T08:47:34.829603Z,fast,2,76
1448,2026-08-04T08:47:35.327504Z,fast,4,85
1448,2026-08-04T08:47:35.327501Z,slow,4,85
1448,2026-08-04T08:47:35.832429Z,fast,1,76
1449,2026-08-04T08:47:36.330596Z,fast,2,76
1449,2026-08-04T08:47:36.827857Z,fast,4,76
1450,2026-08-04T08:47:37.331382Z,slow,4,85
1450,2026-08-04T08:47:37.331382Z,fast,4,85
1450,2026-08-04T08:47:37.831299Z,fast,3,76
1451,2026-08-04T08:47:38.329302Z,fast,4,76
1451,2026-08-04T08:47:38.831310Z,fast,4,76
1452,2026-08-04T08:47:39.331323Z,fast,5,85
1452,2026-08-04T08:47:39.331296Z,slow,6,85
1452,2026-08-04T08:47:39.828933Z,fast,3,76
1453,2026-08-04T08:47:40.330709Z,fast,6,76
1453,2026-08-04T08:47:40.829690Z,fast,5,76
1454,2026-08-04T08:47:41.328182Z,fast,5,83
1454,2026-08-04T08:47:41.328259Z,slow,6,85
1454,2026-08-04T08:47:41.830662Z,fast,4,76
1455,2026-08-04T08:47:42.332009Z,fast,4,76
1455,2026-08-04T08:47:42.832711Z,fast,7,76
1456,2026-08-04T08:47:43.329979Z,fast,4,85
1456,2026-08-04T08:47:43.329969Z,slow,5,85
1456,2026-08-04T08:47:43.832768Z,fast,3,76
1457,2026-08-04T08:47:44.328990Z,fast,4,76
1457,2026-08-04T08:47:44.828828Z,fast,3,76
1458,2026-08-04T08:47:45.332819Z,fast,3,85
1458,2026-08-04T08:47:45.332819Z,slow,3,85
1458,2026-08-04T08:47:45.832091Z,fast,1,76
1459,2026-08-04T08:47:46.329309Z,fast,2,80
1459,2026-08-04T08:47:46.830098Z,fast,4,76
1460,2026-08-04T08:47:47.332818Z,fast,3,84
1460,2026-08-04T08:47:47.332815Z,slow,5,85
1460,2026-08-04T08:47:47.829159Z,fast,2,76
1461,2026-08-04T08:47:48.330925Z,fast,4,76
1461,2026-08-04T08:47:48.833185Z,fast,2,76
1462,2026-08-04T08:47:49.332184Z,fast,6,85
1462,2026-08-04T08:47:49.332184Z,slow,6,85
1462,2026-08-04T08:47:49.833939Z,fast,1,76
1463,2026-08-04T08:47:50.334417Z,fast,4,76
1463,2026-08-04T08:47:50.833957Z,fast,3,76
1464,2026-08-04T08:47:51.334287Z,fast,3,83
1464,2026-08-04T08:47:51.334287Z,slow,5,85
1464,2026-08-04T08:47:51.834052Z,fast,3,76
1465,2026-08-04T08:47:52.337153Z,fast,4,76
1465,2026-08-04T08:47:52.837558Z,fast,4,76
1466,2026-08-04T08:47:53.341021Z,fast,4,79
1466,2026-08-04T08:47:53.341033Z,slow,6,85
1466,2026-08-04T08:47:53.838722Z,fast,3,76
1467,2026-08-04T08:47:54.342162Z,fast,5,76
1467,2026-08-04T08:47:54.838953Z,fast,4,76
1468,2026-08-04T08:47:55.341410Z,fast,5,84
1468,2026-08-04T08:47:55.341374Z,slow,7,85
1468,2026-08-04T08:47:55.841173Z,fast,2,76
1469,2026-08-04T08:47:56.343898Z,fast,3,76
1469,2026-08-04T08:47:56.846696Z,fast,4,76
1470,2026-08-04T08:47:57.347412Z,fast,5,84
1470,2026-08-04T08:47:57.347412Z,slow,5,85
1470,2026-08-04T08:47:57.846160Z,fast,3,76
1471,2026-08-04T08:47:58.348747Z,fast,5,76
1471,2026-08-04T08:47:58.849350Z,fast,2,76
1472,2026-08-04T08:47:59.350010Z,fast,4,83
1472,2026-08-04T08:47:59.349998Z,slow,6,85
1472,2026-08-04T08:47:59.846078Z,fast,3,76
1473,2026-08-04T08:48:00.351244Z,fast,4,76
1473,2026-08-04T08:48:00.851786Z,fast,3,76
1474,2026-08-04T08:48:01.352330Z,fast,4,84
1474,2026-08-04T08:48:01.352317Z,slow,4,85
1474,2026-08-04T08:48:01.851067Z,fast,4,76
1475,2026-08-04T08:48:02.350791Z,fast,4,76
1475,2026-08-04T08:48:02.853611Z,fast,4,76
1476,2026-08-04T08:48:03.354601Z,fast,5,85
1476,2026-08-04T08:48:03.354472Z,slow,7,85
1476,2026-08-04T08:48:03.851215Z,fast,2,76
1477,2026-08-04T08:48:04.354298Z,fast,3,76
1477,2026-08-04T08:48:04.854946Z,fast,3,76
1478,2026-08-04T08:48:05.353930Z,fast,3,85
1478,2026-08-04T08:48:05.353941Z,slow,3,85
1478,2026-08-04T08:48:05.856574Z,fast,1,76
1479,2026-08-04T08:48:06.356892Z,fast,1,76
1479,2026-08-04T08:48:06.852645Z,fast,4,76
1480,2026-08-04T08:48:07.357754Z,fast,4,83
1480,2026-08-04T08:48:07.357739Z,slow,5,85
1480,2026-08-04T08:48:07.854902Z,fast,5,76
1481,2026-08-04T08:48:08.357413Z,fast,2,76
1481,2026-08-04T08:48:08.857010Z,fast,4,76
1482,2026-08-04T08:48:09.356967Z,fast,6,85
1482,2026-08-04T08:48:09.356967Z,slow,6,85
1482,2026-08-04T08:48:09.856298Z,fast,2,76
1483,2026-08-04T08:48:10.359788Z,fast,3,76
1483,2026-08-04T08:48:10.860116Z,fast,3,76
1484,2026-08-04T08:48:11.360429Z,fast,4,85
1484,2026-08-04T08:48:11.360429Z,slow,6,85
1484,2026-08-04T08:48:11.856461Z,fast,4,76
1485,2026-08-04T08:48:12.358032Z,fast,3,76
1485,2026-08-04T08:48:12.856656Z,fast,4,76
1486,2026-08-04T08:48:13.361683Z,fast,3,85
1486,2026-08-04T08:48:13.361502Z,slow,4,85
1486,2026-08-04T08:48:13.861061Z,fast,3,76
1487,2026-08-04T08:48:14.359172Z,fast,2,76
1487,2026-08-04T08:48:14.859780Z,fast,3,76
1488,2026-08-04T08:48:15.358405Z,fast,3,84
1488,2026-08-04T08:48:15.358396Z,slow,4,85
1488,2026-08-04T08:48:15.859502Z,fast,2,76
1489,2026-08-04T08:48:16.358974Z,fast,3,76
1489,2026-08-04T08:48:16.863156Z,fast,3,76
1490,2026-08-04T08:48:17.360140Z,fast,5,85
1490,2026-08-04T08:48:17.360134Z,slow,5,85
1490,2026-08-04T08:48:17.861594Z,fast,2,76
1491,2026-08-04T08:48:18.361868Z,fast,4,76
1491,2026-08-04T08:48:18.859430Z,fast,3,76
1492,2026-08-04T08:48:19.364150Z,fast,3,85
1492,2026-08-04T08:48:19.364127Z,slow,3,85
1492,2026-08-04T08:48:19.864239Z,fast,4,76
1493,2026-08-04T08:48:20.361418Z,fast,3,76
1493,2026-08-04T08:48:20.863116Z,fast,5,76
1494,2026-08-04T08:48:21.360572Z,slow,4,85
1494,2026-08-04T08:48:21.360575Z,fast,4,85
1494,2026-08-04T08:48:21.861985Z,fast,3,76
1495,2026-08-04T08:48:22.364543Z,fast,4,76
1495,2026-08-04T08:48:22.865187Z,fast,2,76
1496,2026-08-04T08:48:23.360993Z,fast,3,85
1496,2026-08-04T08:48:23.360990Z,slow,4,85
1496,2026-08-04T08:48:23.865506Z,fast,4,76
1497,2026-08-04T08:48:24.365269Z,fast,3,76
1497,2026-08-04T08:48:24.862510Z,fast,1,76
1498,2026-08-04T08:48:25.362710Z,fast,4,85
1498,2026-08-04T08:48:25.362696Z,slow,4,85
1498,2026-08-04T08:48:25.862763Z,fast,2,76
1499,2026-08-04T08:48:26.365486Z,fast,3,76
1499,2026-08-04T08:48:26.866121Z,fast,2,76
1500,2026-08-04T08:48:27.366437Z,fast,5,83
1500,2026-08-04T08:48:27.366440Z,slow,7,85
1500,2026-08-04T08:48:27.862462Z,fast,3,76
1501,2026-08-04T08:48:28.366657Z,fast,1,76
1501,2026-08-04T08:48:28.864941Z,fast,3,76
1502,2026-08-04T08:48:29.366843Z,slow,4,83
1502,2026-08-04T08:48:29.366847Z,fast,4,85
1502,2026-08-04T08:48:29.864506Z,fast,3,76
1503,2026-08-04T08:48:30.364623Z,fast,3,76
1503,2026-08-04T08:48:30.863917Z,fast,4,76
1504,2026-08-04T08:48:31.367290Z,fast,4,85
1504,2026-08-04T08:48:31.367266Z,slow,5,85
1504,2026-08-04T08:48:31.866197Z,fast,3,76
1505,2026-08-04T08:48:32.364512Z,fast,4,76
1505,2026-08-04T08:48:32.862977Z,fast,4,76
1506,2026-08-04T08:48:33.365421Z,fast,4,84
1506,2026-08-04T08:48:33.365418Z,slow,5,85
1506,2026-08-04T08:48:33.867669Z,fast,3,76
1507,2026-08-04T08:48:34.367719Z,fast,3,76
1507,2026-08-04T08:48:34.866617Z,fast,3,76
1508,2026-08-04T08:48:35.368039Z,fast,5,85
1508,2026-08-04T08:48:35.368039Z,slow,6,85
1508,2026-08-04T08:48:35.864652Z,fast,2,76
1509,2026-08-04T08:48:36.364654Z,fast,4,76
1509,2026-08-04T08:48:36.868908Z,fast,3,76
1510,2026-08-04T08:48:37.365511Z,slow,5,85
1510,2026-08-04T08:48:37.365513Z,fast,5,83
1510,2026-08-04T08:48:37.865676Z,fast,2,76
1511,2026-08-04T08:48:38.367759Z,fast,3,76
1511,2026-08-04T08:48:38.868205Z,fast,4,76
1512,2026-08-04T08:48:39.365193Z,fast,4,84
1512,2026-08-04T08:48:39.365193Z,slow,5,85
1512,2026-08-04T08:48:39.868367Z,fast,5,76
1513,2026-08-04T08:48:40.364424Z,fast,2,76
1513,2026-08-04T08:48:40.867344Z,fast,4,76
1514,2026-08-04T08:48:41.365345Z,fast,2,85
1514,2026-08-04T08:48:41.365339Z,slow,2,85
1514,2026-08-04T08:48:41.864052Z,fast,2,76
1515,2026-08-04T08:48:42.368723Z,fast,6,76
1515,2026-08-04T08:48:42.863832Z,fast,4,76
1516,2026-08-04T08:48:43.368723Z,fast,2,83
1516,2026-08-04T08:48:43.368717Z,slow,4,85
1516,2026-08-04T08:48:43.867658Z,fast,4,76
1517,2026-08-04T08:48:44.365523Z,fast,3,76
1517,2026-08-04T08:48:44.868933Z,fast,4,76
1518,2026-08-04T08:48:45.369694Z,fast,7,84
1518,2026-08-04T08:48:45.369694Z,slow,7,85
1518,2026-08-04T08:48:45.867773Z,fast,1,76
1519,2026-08-04T08:48:46.368562Z,fast,1,80
1519,2026-08-04T08:48:46.868031Z,fast,4,76
1520,2026-08-04T08:48:47.368433Z,fast,4,83
1520,2026-08-04T08:48:47.368354Z,slow,6,85
1520,2026-08-04T08:48:47.869080Z,fast,5,76
1521,2026-08-04T08:48:48.367089Z,fast,2,76
1521,2026-08-04T08:48:48.868206Z,fast,1,76
1522,2026-08-04T08:48:49.364533Z,fast,3,85
1522,2026-08-04T08:48:49.364533Z,slow,3,85
1522,2026-08-04T08:48:49.866492Z,fast,3,76
1523,2026-08-04T08:48:50.365167Z,fast,2,76
1523,2026-08-04T08:48:50.868373Z,fast,6,76
1524,2026-08-04T08:48:51.365876Z,fast,3,85
1524,2026-08-04T08:48:51.365808Z,slow,3,85
1524,2026-08-04T08:48:51.869579Z,fast,4,76
1525,2026-08-04T08:48:52.365610Z,fast,4,76
1525,2026-08-04T08:48:52.869670Z,fast,5,76
1526,2026-08-04T08:48:53.368658Z,fast,4,85
1526,2026-08-04T08:48:53.368658Z,slow,4,85
1526,2026-08-04T08:48:53.868128Z,fast,4,76
1527,2026-08-04T08:48:54.365510Z,fast,3,76
1527,2026-08-04T08:48:54.865894Z,fast,4,76
1528,2026-08-04T08:48:55.365994Z,fast,6,85
1528,2026-08-04T08:48:55.365974Z,slow,7,85
1528,2026-08-04T08:48:55.866377Z,fast,1,76
1529,2026-08-04T08:48:56.367831Z,fast,3,76
1529,2026-08-04T08:48:56.869746Z,fast,4,76
1530,2026-08-04T08:48:57.366089Z,fast,4,84
1530,2026-08-04T08:48:57.366039Z,slow,4,85
1530,2026-08-04T08:48:57.869854Z,fast,4,76
1531,2026-08-04T08:48:58.369843Z,fast,4,76
1531,2026-08-04T08:48:58.868008Z,fast,3,76
1532,2026-08-04T08:48:59.365721Z,fast,4,84
1532,2026-08-04T08:48:59.365715Z,slow,5,85
1532,2026-08-04T08:48:59.870080Z,fast,2,76
1533,2026-08-04T08:49:00.367108Z,fast,5,76
1533,2026-08-04T08:49:00.867995Z,fast,4,76
1534,2026-08-04T08:49:01.370186Z,fast,3,85
1534,2026-08-04T08:49:01.370178Z,slow,4,85
1534,2026-08-04T08:49:01.870044Z,fast,3,76
1535,2026-08-04T08:49:02.370542Z,fast,2,76
1535,2026-08-04T08:49:02.868839Z,fast,4,76
1536,2026-08-04T08:49:03.367330Z,fast,4,85
1536,2026-08-04T08:49:03.367319Z,slow,5,85
1536,2026-08-04T08:49:03.870104Z,fast,3,76
1537,2026-08-04T08:49:04.370179Z,fast,4,76
1537,2026-08-04T08:49:04.870305Z,fast,2,76
1538,2026-08-04T08:49:05.370344Z,fast,3,85
1538,2026-08-04T08:49:05.370339Z,slow,3,85
1538,2026-08-04T08:49:05.868412Z,fast,2,76
1539,2026-08-04T08:49:06.366629Z,fast,5,76
1539,2026-08-04T08:49:06.869275Z,fast,2,76
1540,2026-08-04T08:49:07.366711Z,fast,4,85
1540,2026-08-04T08:49:07.366705Z,slow,5,85
1540,2026-08-04T08:49:07.868612Z,fast,6,76
1541,2026-08-04T08:49:08.369121Z,fast,3,76
1541,2026-08-04T08:49:08.867174Z,fast,2,76
1542,2026-08-04T08:49:09.367382Z,fast,2,84
1542,2026-08-04T08:49:09.367382Z,slow,2,85
1542,2026-08-04T08:49:09.870023Z,fast,4,76
1543,2026-08-04T08:49:10.370583Z,fast,3,76
1543,2026-08-04T08:49:10.867459Z,fast,3,76
1544,2026-08-04T08:49:11.370685Z,fast,5,83
1544,2026-08-04T08:49:11.370695Z,slow,7,85
1544,2026-08-04T08:49:11.869696Z,fast,4,76
1545,2026-08-04T08:49:12.370336Z,fast,4,76
1545,2026-08-04T08:49:12.869574Z,fast,4,76
1546,2026-08-04T08:49:13.369092Z,fast,5,85
1546,2026-08-04T08:49:13.369082Z,slow,5,85
1546,2026-08-04T08:49:13.870747Z,fast,5,76
1547,2026-08-04T08:49:14.370281Z,fast,4,76
1547,2026-08-04T08:49:14.867609Z,fast,5,76
1548,2026-08-04T08:49:15.370807Z,fast,4,85
1548,2026-08-04T08:49:15.370805Z,slow,4,85
1548,2026-08-04T08:49:15.867702Z,fast,1,76
1549,2026-08-04T08:49:16.370638Z,fast,4,76
1549,2026-08-04T08:49:16.866351Z,fast,3,76
1550,2026-08-04T08:49:17.370875Z,fast,4,84
1550,2026-08-04T08:49:17.370872Z,slow,4,85
1550,2026-08-04T08:49:17.869662Z,fast,2,76
1551,2026-08-04T08:49:18.366573Z,fast,1,76
1551,2026-08-04T08:49:18.870874Z,fast,4,76
1552,2026-08-04T08:49:19.370505Z,fast,3,85
1552,2026-08-04T08:49:19.370499Z,slow,3,85
1552,2026-08-04T08:49:19.869944Z,fast,4,76
1553,2026-08-04T08:49:20.367877Z,fast,2,76
1553,2026-08-04T08:49:20.869104Z,fast,3,76
1554,2026-08-04T08:49:21.370590Z,fast,4,85
1554,2026-08-04T08:49:21.370581Z,slow,4,85
1554,2026-08-04T08:49:21.870787Z,fast,4,76
1555,2026-08-04T08:49:22.370861Z,fast,4,76
1555,2026-08-04T08:49:22.869954Z,fast,9,76
1556,2026-08-04T08:49:23.371089Z,fast,5,84
1556,2026-08-04T08:49:23.371082Z,slow,6,85
1556,2026-08-04T08:49:23.870888Z,fast,3,76
1557,2026-08-04T08:49:24.370751Z,fast,4,76
1557,2026-08-04T08:49:24.869857Z,fast,1,76
1558,2026-08-04T08:49:25.367162Z,fast,6,85
1558,2026-08-04T08:49:25.367152Z,slow,6,85
1558,2026-08-04T08:49:25.867585Z,fast,2,76
1559,2026-08-04T08:49:26.367770Z,fast,4,76
1559,2026-08-04T08:49:26.871183Z,fast,3,76
1560,2026-08-04T08:49:27.368754Z,fast,6,83
1560,2026-08-04T08:49:27.368754Z,slow,7,85
1560,2026-08-04T08:49:27.871220Z,fast,4,76
1561,2026-08-04T08:49:28.366594Z,fast,1,76
1561,2026-08-04T08:49:28.870759Z,fast,3,76
1562,2026-08-04T08:49:29.371074Z,fast,5,85
1562,2026-08-04T08:49:29.371055Z,slow,6,85
1562,2026-08-04T08:49:29.870067Z,fast,4,76
1563,2026-08-04T08:49:30.370833Z,fast,3,76
1563,2026-08-04T08:49:30.871118Z,fast,4,76
1564,2026-08-04T08:49:31.370767Z,fast,3,85
1564,2026-08-04T08:49:31.370767Z,slow,5,85
1564,2026-08-04T08:49:31.869072Z,fast,4,76
1565,2026-08-04T08:49:32.371150Z,fast,4,76
1565,2026-08-04T08:49:32.870831Z,fast,3,76
1566,2026-08-04T08:49:33.371428Z,fast,6,85
1566,2026-08-04T08:49:33.371419Z,slow,6,85
1566,2026-08-04T08:49:33.870249Z,fast,4,76
1567,2026-08-04T08:49:34.370963Z,fast,3,76
1567,2026-08-04T08:49:34.870870Z,fast,3,76
1568,2026-08-04T08:49:35.369891Z,fast,4,85
1568,2026-08-04T08:49:35.369885Z,slow,5,85
1568,2026-08-04T08:49:35.867527Z,fast,2,76
1569,2026-08-04T08:49:36.371483Z,fast,2,76
1569,2026-08-04T08:49:36.867820Z,fast,2,76
1570,2026-08-04T08:49:37.367733Z,fast,4,85
1570,2026-08-04T08:49:37.367718Z,slow,4,85
1570,2026-08-04T08:49:37.871291Z,fast,4,76
1571,2026-08-04T08:49:38.371143Z,fast,5,76
1571,2026-08-04T08:49:38.871228Z,fast,1,76
1572,2026-08-04T08:49:39.371624Z,fast,6,85
1572,2026-08-04T08:49:39.371620Z,slow,7,85
1572,2026-08-04T08:49:39.871616Z,fast,3,76
1573,2026-08-04T08:49:40.368062Z,fast,3,76
1573,2026-08-04T08:49:40.871394Z,fast,1,76
1574,2026-08-04T08:49:41.367782Z,fast,5,85
1574,2026-08-04T08:49:41.367773Z,slow,5,85
1574,2026-08-04T08:49:41.871422Z,fast,2,76
1575,2026-08-04T08:49:42.370438Z,fast,3,76
1575,2026-08-04T08:49:42.867799Z,fast,5,76
1576,2026-08-04T08:49:43.371462Z,fast,3,85
1576,2026-08-04T08:49:43.371459Z,slow,5,85
1576,2026-08-04T08:49:43.871735Z,fast,3,76
1577,2026-08-04T08:49:44.367479Z,fast,4,76
1577,2026-08-04T08:49:44.868018Z,fast,3,76
1578,2026-08-04T08:49:45.370831Z,fast,3,85
1578,2026-08-04T08:49:45.370818Z,slow,3,85
1578,2026-08-04T08:49:45.870019Z,fast,1,76
1579,2026-08-04T08:49:46.371386Z,fast,4,80
1579,2026-08-04T08:49:46.871823Z,fast,3,76
1580,2026-08-04T08:49:47.367414Z,fast,2,85
1580,2026-08-04T08:49:47.367410Z,slow,3,85
1580,2026-08-04T08:49:47.870596Z,fast,4,76
1581,2026-08-04T08:49:48.371564Z,fast,3,76
1581,2026-08-04T08:49:48.871588Z,fast,4,76
1582,2026-08-04T08:49:49.371935Z,fast,3,85
1582,2026-08-04T08:49:49.371934Z,slow,3,85
1582,2026-08-04T08:49:49.870984Z,fast,3,76
1583,2026-08-04T08:49:50.371697Z,fast,4,76
1583,2026-08-04T08:49:50.870549Z,fast,4,76
1584,2026-08-04T08:49:51.370133Z,fast,6,85
1584,2026-08-04T08:49:51.370061Z,slow,6,85
1584,2026-08-04T08:49:51.872006Z,fast,3,76
1585,2026-08-04T08:49:52.368822Z,fast,5,76
1585,2026-08-04T08:49:52.868322Z,fast,2,76
1586,2026-08-04T08:49:53.371767Z,fast,1,83
1586,2026-08-04T08:49:53.371766Z,slow,2,85
1586,2026-08-04T08:49:53.871434Z,fast,2,76
1587,2026-08-04T08:49:54.367883Z,fast,4,76
1587,2026-08-04T08:49:54.872363Z,fast,3,76
1588,2026-08-04T08:49:55.372578Z,fast,6,85
1588,2026-08-04T08:49:55.372456Z,slow,6,85
1588,2026-08-04T08:49:55.872087Z,fast,1,76
1589,2026-08-04T08:49:56.368580Z,fast,4,76
1589,2026-08-04T08:49:56.870517Z,fast,3,76
1590,2026-08-04T08:49:57.372257Z,slow,6,83
1590,2026-08-04T08:49:57.372257Z,fast,6,85
1590,2026-08-04T08:49:57.868123Z,fast,2,76
1591,2026-08-04T08:49:58.369507Z,fast,4,76
1591,2026-08-04T08:49:58.868908Z,fast,3,76
1592,2026-08-04T08:49:59.368275Z,fast,5,85
1592,2026-08-04T08:49:59.368279Z,slow,5,85
1592,2026-08-04T08:49:59.867824Z,fast,3,76
1593,2026-08-04T08:50:00.370072Z,fast,5,76
1593,2026-08-04T08:50:00.871828Z,fast,3,76
1594,2026-08-04T08:50:01.372325Z,fast,6,85
1594,2026-08-04T08:50:01.372325Z,slow,7,85
1594,2026-08-04T08:50:01.872Z,fast,4,76
1595,2026-08-04T08:50:02.372004Z,fast,3,76
1595,2026-08-04T08:50:02.869199Z,fast,3,76
1596,2026-08-04T08:50:03.371405Z,fast,5,85
1596,2026-08-04T08:50:03.371405Z,slow,5,85
1596,2026-08-04T08:50:03.868368Z,fast,4,76
1597,2026-08-04T08:50:04.368911Z,fast,4,76
1597,2026-08-04T08:50:04.867982Z,fast,3,76
1598,2026-08-04T08:50:05.372091Z,fast,4,83
1598,2026-08-04T08:50:05.372090Z,slow,4,85
1598,2026-08-04T08:50:05.867440Z,fast,2,76
1599,2026-08-04T08:50:06.372098Z,fast,3,76
1599,2026-08-04T08:50:06.868904Z,fast,3,76
1600,2026-08-04T08:50:07.369033Z,fast,3,85
1600,2026-08-04T08:50:07.369017Z,slow,4,85
1600,2026-08-04T08:50:07.869557Z,fast,3,76
1601,2026-08-04T08:50:08.370713Z,fast,3,76
1601,2026-08-04T08:50:08.868894Z,fast,1,76
1602,2026-08-04T08:50:09.370044Z,fast,1,85
1602,2026-08-04T08:50:09.370044Z,slow,2,85
1602,2026-08-04T08:50:09.872215Z,fast,3,76
1603,2026-08-04T08:50:10.372227Z,fast,3,76
1603,2026-08-04T08:50:10.870585Z,fast,4,76
1604,2026-08-04T08:50:11.370850Z,fast,6,85
1604,2026-08-04T08:50:11.370844Z,slow,6,85
1604,2026-08-04T08:50:11.872047Z,fast,2,76
1605,2026-08-04T08:50:12.369433Z,fast,4,76
1605,2026-08-04T08:50:12.872372Z,fast,3,76
1606,2026-08-04T08:50:13.371218Z,fast,4,85
1606,2026-08-04T08:50:13.371138Z,slow,4,85
1606,2026-08-04T08:50:13.872316Z,fast,3,76
1607,2026-08-04T08:50:14.371932Z,fast,4,76
1607,2026-08-04T08:50:14.869201Z,fast,2,76
1608,2026-08-04T08:50:15.372042Z,fast,4,85
1608,2026-08-04T08:50:15.371956Z,slow,5,85
1608,2026-08-04T08:50:15.872781Z,fast,3,76
1609,2026-08-04T08:50:16.369167Z,fast,2,76
1609,2026-08-04T08:50:16.872437Z,fast,3,76
1610,2026-08-04T08:50:17.368690Z,fast,3,84
1610,2026-08-04T08:50:17.368674Z,slow,5,85
1610,2026-08-04T08:50:17.871092Z,fast,4,76
1611,2026-08-04T08:50:18.370209Z,fast,4,76
1611,2026-08-04T08:50:18.872479Z,fast,3,76
1612,2026-08-04T08:50:19.368646Z,fast,5,85
1612,2026-08-04T08:50:19.368646Z,slow,6,85
1612,2026-08-04T08:50:19.872869Z,fast,4,76
1613,2026-08-04T08:50:20.372888Z,fast,5,76
1613,2026-08-04T08:50:20.868502Z,fast,3,76
1614,2026-08-04T08:50:21.369200Z,slow,3,85
1614,2026-08-04T08:50:21.369209Z,fast,3,85
1614,2026-08-04T08:50:21.872598Z,fast,4,76
1615,2026-08-04T08:50:22.372587Z,fast,7,76
1615,2026-08-04T08:50:22.872963Z,fast,4,76
1616,2026-08-04T08:50:23.371577Z,fast,4,84
1616,2026-08-04T08:50:23.371577Z,slow,4,85
1616,2026-08-04T08:50:23.872575Z,fast,2,76
1617,2026-08-04T08:50:24.369013Z,fast,3,76
1617,2026-08-04T08:50:24.868807Z,fast,1,76
1618,2026-08-04T08:50:25.370475Z,fast,4,83
1618,2026-08-04T08:50:25.370474Z,slow,5,85
1618,2026-08-04T08:50:25.869444Z,fast,2,76
1619,2026-08-04T08:50:26.372671Z,fast,4,76
1619,2026-08-04T08:50:26.868520Z,fast,3,76
1620,2026-08-04T08:50:27.370286Z,fast,4,85
1620,2026-08-04T08:50:27.370201Z,slow,6,85
1620,2026-08-04T08:50:27.873066Z,fast,5,76
1621,2026-08-04T08:50:28.373101Z,fast,1,76
1621,2026-08-04T08:50:28.872140Z,fast,1,76
1622,2026-08-04T08:50:29.369516Z,slow,3,84
1622,2026-08-04T08:50:29.369515Z,fast,3,85
1622,2026-08-04T08:50:29.868599Z,fast,2,76
1623,2026-08-04T08:50:30.369062Z,fast,2,76
1623,2026-08-04T08:50:30.873151Z,fast,2,76
1624,2026-08-04T08:50:31.372029Z,fast,2,85
1624,2026-08-04T08:50:31.372022Z,slow,3,85
1624,2026-08-04T08:50:31.869610Z,fast,2,76
1625,2026-08-04T08:50:32.372859Z,fast,3,76
1625,2026-08-04T08:50:32.872184Z,fast,3,76
1626,2026-08-04T08:50:33.370398Z,fast,6,85
1626,2026-08-04T08:50:33.370398Z,slow,6,85
1626,2026-08-04T08:50:33.869705Z,fast,3,76
1627,2026-08-04T08:50:34.368957Z,fast,5,76
1627,2026-08-04T08:50:34.872936Z,fast,2,76
1628,2026-08-04T08:50:35.372485Z,fast,4,85
1628,2026-08-04T08:50:35.372479Z,slow,4,85
1628,2026-08-04T08:50:35.870253Z,fast,1,76
1629,2026-08-04T08:50:36.371106Z,fast,4,76
1629,2026-08-04T08:50:36.873014Z,fast,3,76
1630,2026-08-04T08:50:37.369501Z,fast,2,84
1630,2026-08-04T08:50:37.369467Z,slow,2,85
1630,2026-08-04T08:50:37.873044Z,fast,2,76
1631,2026-08-04T08:50:38.373099Z,fast,6,76
1631,2026-08-04T08:50:38.871467Z,fast,4,76
1632,2026-08-04T08:50:39.373449Z,fast,3,83
1632,2026-08-04T08:50:39.373421Z,slow,4,85
1632,2026-08-04T08:50:39.868755Z,fast,5,76
1633,2026-08-04T08:50:40.372909Z,fast,5,76
1633,2026-08-04T08:50:40.873521Z,fast,4,76
1634,2026-08-04T08:50:41.373121Z,fast,6,83
1634,2026-08-04T08:50:41.373115Z,slow,6,85
1634,2026-08-04T08:50:41.873069Z,fast,2,76
1635,2026-08-04T08:50:42.373131Z,fast,3,76
1635,2026-08-04T08:50:42.873237Z,fast,3,76
1636,2026-08-04T08:50:43.368552Z,fast,3,84
1636,2026-08-04T08:50:43.368534Z,slow,4,85
1636,2026-08-04T08:50:43.871514Z,fast,5,76
1637,2026-08-04T08:50:44.371429Z,fast,3,76
1637,2026-08-04T08:50:44.869371Z,fast,3,76
1638,2026-08-04T08:50:45.369287Z,fast,8,85
1638,2026-08-04T08:50:45.369282Z,slow,8,85
1638,2026-08-04T08:50:45.871158Z,fast,5,76
1639,2026-08-04T08:50:46.371634Z,fast,2,80
1639,2026-08-04T08:50:46.870939Z,fast,4,76
1640,2026-08-04T08:50:47.373747Z,fast,3,81
1640,2026-08-04T08:50:47.373755Z,slow,6,85
1640,2026-08-04T08:50:47.870947Z,fast,2,76
1641,2026-08-04T08:50:48.373291Z,fast,3,76
1641,2026-08-04T08:50:48.872480Z,fast,4,76
1642,2026-08-04T08:50:49.370699Z,fast,4,85
1642,2026-08-04T08:50:49.370700Z,slow,4,85
1642,2026-08-04T08:50:49.873340Z,fast,4,76
1643,2026-08-04T08:50:50.372013Z,fast,4,76
1643,2026-08-04T08:50:50.869155Z,fast,6,76
1644,2026-08-04T08:50:51.369744Z,fast,5,85
1644,2026-08-04T08:50:51.369761Z,slow,6,85
1644,2026-08-04T08:50:51.870743Z,fast,3,76
1645,2026-08-04T08:50:52.372711Z,fast,3,76
1645,2026-08-04T08:50:52.870123Z,fast,2,76
1646,2026-08-04T08:50:53.370877Z,fast,5,85
1646,2026-08-04T08:50:53.370870Z,slow,6,84
1646,2026-08-04T08:50:53.873802Z,fast,5,76
1647,2026-08-04T08:50:54.373878Z,fast,3,76
1647,2026-08-04T08:50:54.871888Z,fast,5,76
1648,2026-08-04T08:50:55.373603Z,fast,5,83
1648,2026-08-04T08:50:55.373603Z,slow,6,85
1648,2026-08-04T08:50:55.869326Z,fast,3,76
1649,2026-08-04T08:50:56.371445Z,fast,2,76
1649,2026-08-04T08:50:56.870621Z,fast,3,76
1650,2026-08-04T08:50:57.372463Z,fast,4,85
1650,2026-08-04T08:50:57.372463Z,slow,4,84
1650,2026-08-04T08:50:57.869950Z,fast,4,76
1651,2026-08-04T08:50:58.371979Z,fast,3,76
1651,2026-08-04T08:50:58.869372Z,fast,3,76
1652,2026-08-04T08:50:59.372768Z,fast,2,84
1652,2026-08-04T08:50:59.372759Z,slow,2,85
1652,2026-08-04T08:50:59.870435Z,fast,5,76
1653,2026-08-04T08:51:00.369249Z,fast,5,76
1653,2026-08-04T08:51:00.869865Z,fast,6,76
1654,2026-08-04T08:51:01.371108Z,slow,4,85
1654,2026-08-04T08:51:01.371131Z,fast,4,85
1654,2026-08-04T08:51:01.874084Z,fast,5,76
1655,2026-08-04T08:51:02.371396Z,fast,4,76
1655,2026-08-04T08:51:02.870132Z,fast,2,76
1656,2026-08-04T08:51:03.369859Z,fast,4,85
1656,2026-08-04T08:51:03.369897Z,slow,4,85
1656,2026-08-04T08:51:03.871693Z,fast,14,76
1657,2026-08-04T08:51:04.372305Z,fast,3,76
1657,2026-08-04T08:51:04.872Z,fast,5,76
1658,2026-08-04T08:51:05.374248Z,fast,4,84
1658,2026-08-04T08:51:05.374244Z,slow,5,85
1658,2026-08-04T08:51:05.872556Z,fast,1,76
1659,2026-08-04T08:51:06.374212Z,fast,3,76
1659,2026-08-04T08:51:06.873773Z,fast,3,76
1660,2026-08-04T08:51:07.373161Z,fast,4,84
1660,2026-08-04T08:51:07.373162Z,slow,5,85
1660,2026-08-04T08:51:07.872200Z,fast,3,76
1661,2026-08-04T08:51:08.371926Z,fast,2,76
1661,2026-08-04T08:51:08.873825Z,fast,6,76
1662,2026-08-04T08:51:09.374410Z,fast,4,83
1662,2026-08-04T08:51:09.374410Z,slow,5,85
1662,2026-08-04T08:51:09.870399Z,fast,4,76
1663,2026-08-04T08:51:10.370665Z,fast,3,76
1663,2026-08-04T08:51:10.874371Z,fast,3,76
1664,2026-08-04T08:51:11.373634Z,fast,3,84
1664,2026-08-04T08:51:11.373579Z,slow,4,85
1664,2026-08-04T08:51:11.873664Z,fast,4,76
1665,2026-08-04T08:51:12.369660Z,fast,3,76
1665,2026-08-04T08:51:12.871144Z,fast,6,76
1666,2026-08-04T08:51:13.373171Z,fast,4,85
1666,2026-08-04T08:51:13.373185Z,slow,4,85
1666,2026-08-04T08:51:13.870372Z,fast,1,76
1667,2026-08-04T08:51:14.370808Z,fast,3,76
1667,2026-08-04T08:51:14.869531Z,fast,5,76
1668,2026-08-04T08:51:15.374527Z,fast,3,83
1668,2026-08-04T08:51:15.374522Z,slow,4,85
1668,2026-08-04T08:51:15.872150Z,fast,82,76
1669,2026-08-04T08:51:16.370494Z,fast,2,76
1669,2026-08-04T08:51:16.871573Z,fast,6,76
1670,2026-08-04T08:51:17.374765Z,fast,12,81
1670,2026-08-04T08:51:17.374786Z,slow,20,85
1670,2026-08-04T08:51:17.872948Z,fast,6,76
1671,2026-08-04T08:51:18.374302Z,fast,3,76
1671,2026-08-04T08:51:18.874230Z,fast,6,76
1672,2026-08-04T08:51:19.371934Z,fast,4,85
1672,2026-08-04T08:51:19.371942Z,slow,6,83
1672,2026-08-04T08:51:19.874615Z,fast,3,76
1673,2026-08-04T08:51:20.370455Z,fast,3,76
1673,2026-08-04T08:51:20.873331Z,fast,3,76
1674,2026-08-04T08:51:21.371733Z,fast,5,83
1674,2026-08-04T08:51:21.371736Z,slow,5,85
1674,2026-08-04T08:51:21.874661Z,fast,2,76
1675,2026-08-04T08:51:22.374400Z,fast,1,76
1675,2026-08-04T08:51:22.870177Z,fast,4,76
1676,2026-08-04T08:51:23.372885Z,fast,3,85
1676,2026-08-04T08:51:23.372885Z,slow,4,85
1676,2026-08-04T08:51:23.874687Z,fast,3,76
1677,2026-08-04T08:51:24.374781Z,fast,1,76
1677,2026-08-04T08:51:24.870517Z,fast,1,76
1678,2026-08-04T08:51:25.374813Z,fast,4,85
1678,2026-08-04T08:51:25.374813Z,slow,4,85
1678,2026-08-04T08:51:25.873714Z,fast,6,76
1679,2026-08-04T08:51:26.371726Z,fast,2,76
1679,2026-08-04T08:51:26.874891Z,fast,4,76
1680,2026-08-04T08:51:27.374386Z,fast,8,85
1680,2026-08-04T08:51:27.374414Z,slow,9,85
1680,2026-08-04T08:51:27.871540Z,fast,2,76
1681,2026-08-04T08:51:28.372686Z,fast,8,76
1681,2026-08-04T08:51:28.873588Z,fast,2,76
1682,2026-08-04T08:51:29.374566Z,fast,3,83
1682,2026-08-04T08:51:29.374552Z,slow,4,85
1682,2026-08-04T08:51:29.872039Z,fast,3,76
1683,2026-08-04T08:51:30.371500Z,fast,4,76
1683,2026-08-04T08:51:30.871567Z,fast,4,76
1684,2026-08-04T08:51:31.373753Z,fast,3,85
1684,2026-08-04T08:51:31.373745Z,slow,4,85
1684,2026-08-04T08:51:31.874980Z,fast,3,76
1685,2026-08-04T08:51:32.373395Z,fast,3,76
1685,2026-08-04T08:51:32.872300Z,fast,4,76
1686,2026-08-04T08:51:33.373999Z,fast,4,85
1686,2026-08-04T08:51:33.373992Z,slow,4,85
1686,2026-08-04T08:51:33.875208Z,fast,3,76
1687,2026-08-04T08:51:34.371998Z,fast,5,76
1687,2026-08-04T08:51:34.870919Z,fast,4,76
1688,2026-08-04T08:51:35.372830Z,fast,4,85
1688,2026-08-04T08:51:35.372830Z,slow,6,85
1688,2026-08-04T08:51:35.874689Z,fast,6,76
1689,2026-08-04T08:51:36.371754Z,fast,1,76
1689,2026-08-04T08:51:36.871369Z,fast,2,76
1690,2026-08-04T08:51:37.371553Z,fast,4,85
1690,2026-08-04T08:51:37.371656Z,slow,4,85
1690,2026-08-04T08:51:37.872304Z,fast,3,76
1691,2026-08-04T08:51:38.374944Z,fast,2,76
1691,2026-08-04T08:51:38.871571Z,fast,2,76
1692,2026-08-04T08:51:39.372142Z,fast,3,85
1692,2026-08-04T08:51:39.371893Z,slow,5,85
1692,2026-08-04T08:51:39.873093Z,fast,3,76
1693,2026-08-04T08:51:40.375234Z,fast,4,76
1693,2026-08-04T08:51:40.875278Z,fast,1,76
1694,2026-08-04T08:51:41.370707Z,slow,4,85
1694,2026-08-04T08:51:41.370719Z,fast,4,85
1694,2026-08-04T08:51:41.873803Z,fast,4,76
1695,2026-08-04T08:51:42.371608Z,fast,4,76
1695,2026-08-04T08:51:42.873069Z,fast,3,76
1696,2026-08-04T08:51:43.371969Z,fast,3,85
1696,2026-08-04T08:51:43.371980Z,slow,4,85
1696,2026-08-04T08:51:43.872088Z,fast,3,76
1697,2026-08-04T08:51:44.375422Z,fast,4,76
1697,2026-08-04T08:51:44.873952Z,fast,2,76
1698,2026-08-04T08:51:45.375452Z,slow,6,85
1698,2026-08-04T08:51:45.375466Z,fast,10,85
1698,2026-08-04T08:51:45.871671Z,fast,1,76
1699,2026-08-04T08:51:46.371118Z,fast,5,80
1699,2026-08-04T08:51:46.872883Z,fast,5,76
1700,2026-08-04T08:51:47.375568Z,fast,7,85
1700,2026-08-04T08:51:47.375568Z,slow,8,85
1700,2026-08-04T08:51:47.870998Z,fast,4,76
1701,2026-08-04T08:51:48.375402Z,fast,4,76
1701,2026-08-04T08:51:48.873048Z,fast,3,76
1702,2026-08-04T08:51:49.375559Z,slow,5,84
1702,2026-08-04T08:51:49.375562Z,fast,5,85
1702,2026-08-04T08:51:49.874859Z,fast,5,76
1703,2026-08-04T08:51:50.375407Z,fast,5,76
1703,2026-08-04T08:51:50.872874Z,fast,4,76
1704,2026-08-04T08:51:51.374898Z,fast,5,85
1704,2026-08-04T08:51:51.374891Z,slow,5,85
1704,2026-08-04T08:51:51.872376Z,fast,5,76
1705,2026-08-04T08:51:52.375649Z,fast,4,76
1705,2026-08-04T08:51:52.871397Z,fast,3,76
1706,2026-08-04T08:51:53.374089Z,fast,5,85
1706,2026-08-04T08:51:53.374081Z,slow,5,85
1706,2026-08-04T08:51:53.872630Z,fast,4,76
1707,2026-08-04T08:51:54.371415Z,fast,4,76
1707,2026-08-04T08:51:54.872625Z,fast,4,76
1708,2026-08-04T08:51:55.374493Z,fast,4,85
1708,2026-08-04T08:51:55.374484Z,slow,6,85
1708,2026-08-04T08:51:55.875462Z,fast,1,76
1709,2026-08-04T08:51:56.372595Z,fast,4,76
1709,2026-08-04T08:51:56.872023Z,fast,4,76
1710,2026-08-04T08:51:57.372916Z,fast,3,85
1710,2026-08-04T08:51:57.372914Z,slow,4,85
1710,2026-08-04T08:51:57.874521Z,fast,3,76
1711,2026-08-04T08:51:58.374268Z,fast,3,76
1711,2026-08-04T08:51:58.871067Z,fast,2,76
1712,2026-08-04T08:51:59.371655Z,fast,3,85
1712,2026-08-04T08:51:59.371655Z,slow,4,85
1712,2026-08-04T08:51:59.875103Z,fast,3,76
1713,2026-08-04T08:52:00.373625Z,fast,4,76
1713,2026-08-04T08:52:00.871679Z,fast,4,76
1714,2026-08-04T08:52:01.374656Z,slow,5,85
1714,2026-08-04T08:52:01.374660Z,fast,5,85
1714,2026-08-04T08:52:01.872688Z,fast,4,76
1715,2026-08-04T08:52:02.375730Z,fast,3,76
1715,2026-08-04T08:52:02.873019Z,fast,4,76
1716,2026-08-04T08:52:03.375989Z,fast,5,85
1716,2026-08-04T08:52:03.375982Z,slow,7,85
1716,2026-08-04T08:52:03.875251Z,fast,3,76
1717,2026-08-04T08:52:04.376004Z,fast,4,76
1717,2026-08-04T08:52:04.871808Z,fast,4,76
1718,2026-08-04T08:52:05.372504Z,fast,4,85
1718,2026-08-04T08:52:05.372502Z,slow,4,85
1718,2026-08-04T08:52:05.871784Z,fast,1,76
1719,2026-08-04T08:52:06.376Z,fast,4,76
1719,2026-08-04T08:52:06.872970Z,fast,5,76
1720,2026-08-04T08:52:07.376144Z,fast,5,84
1720,2026-08-04T08:52:07.376143Z,slow,6,85
1720,2026-08-04T08:52:07.878413Z,fast,4,76
1721,2026-08-04T08:52:08.375190Z,fast,4,76
1721,2026-08-04T08:52:08.872295Z,fast,2,76
1722,2026-08-04T08:52:09.373300Z,fast,4,85
1722,2026-08-04T08:52:09.373416Z,slow,4,85
1722,2026-08-04T08:52:09.876170Z,fast,5,76
1723,2026-08-04T08:52:10.375576Z,fast,4,76
1723,2026-08-04T08:52:10.874310Z,fast,8,76
1724,2026-08-04T08:52:11.376213Z,fast,5,85
1724,2026-08-04T08:52:11.376207Z,slow,6,85
1724,2026-08-04T08:52:11.875616Z,fast,4,76
1725,2026-08-04T08:52:12.371881Z,fast,4,76
1725,2026-08-04T08:52:12.875544Z,fast,4,76
1726,2026-08-04T08:52:13.371830Z,fast,3,85
1726,2026-08-04T08:52:13.371827Z,slow,3,85
1726,2026-08-04T08:52:13.871497Z,fast,3,76
1727,2026-08-04T08:52:14.375701Z,fast,3,76
1727,2026-08-04T08:52:14.872201Z,fast,4,76
1728,2026-08-04T08:52:15.375177Z,fast,3,85
1728,2026-08-04T08:52:15.375168Z,slow,4,85
1728,2026-08-04T08:52:15.874555Z,fast,2,76
1729,2026-08-04T08:52:16.376220Z,fast,4,76
1729,2026-08-04T08:52:16.876149Z,fast,5,76
1730,2026-08-04T08:52:17.373456Z,fast,4,85
1730,2026-08-04T08:52:17.373459Z,slow,4,85
1730,2026-08-04T08:52:17.874581Z,fast,2,76
1731,2026-08-04T08:52:18.371611Z,fast,3,76
1731,2026-08-04T08:52:18.872384Z,fast,4,76
1732,2026-08-04T08:52:19.372245Z,fast,3,84
1732,2026-08-04T08:52:19.372195Z,slow,4,85
1732,2026-08-04T08:52:19.876478Z,fast,5,76
1733,2026-08-04T08:52:20.376357Z,fast,5,76
1733,2026-08-04T08:52:20.873823Z,fast,3,76
1734,2026-08-04T08:52:21.373714Z,fast,5,83
1734,2026-08-04T08:52:21.373718Z,slow,5,85
1734,2026-08-04T08:52:21.874933Z,fast,8,76
1735,2026-08-04T08:52:22.374503Z,fast,4,76
1735,2026-08-04T08:52:22.876065Z,fast,4,76
1736,2026-08-04T08:52:23.374771Z,fast,5,85
1736,2026-08-04T08:52:23.374766Z,slow,6,85
1736,2026-08-04T08:52:23.875121Z,fast,4,76
1737,2026-08-04T08:52:24.376584Z,fast,3,76
1737,2026-08-04T08:52:24.874363Z,fast,1,76
1738,2026-08-04T08:52:25.376474Z,fast,3,85
1738,2026-08-04T08:52:25.376465Z,slow,3,85
1738,2026-08-04T08:52:25.872669Z,fast,2,76
1739,2026-08-04T08:52:26.376459Z,fast,3,76
1739,2026-08-04T08:52:26.872664Z,fast,3,76
1740,2026-08-04T08:52:27.376032Z,fast,5,85
1740,2026-08-04T08:52:27.376026Z,slow,7,85
1740,2026-08-04T08:52:27.876689Z,fast,4,76
1741,2026-08-04T08:52:28.372195Z,fast,2,76
1741,2026-08-04T08:52:28.876705Z,fast,3,76
1742,2026-08-04T08:52:29.376756Z,slow,6,85
1742,2026-08-04T08:52:29.376761Z,fast,6,85
1742,2026-08-04T08:52:29.876125Z,fast,4,76
1743,2026-08-04T08:52:30.373720Z,fast,4,76
1743,2026-08-04T08:52:30.874599Z,fast,3,76
1744,2026-08-04T08:52:31.376813Z,fast,4,85
1744,2026-08-04T08:52:31.376824Z,slow,5,85
1744,2026-08-04T08:52:31.875522Z,fast,4,76
1745,2026-08-04T08:52:32.375149Z,fast,5,76
1745,2026-08-04T08:52:32.872555Z,fast,4,76
1746,2026-08-04T08:52:33.371950Z,fast,5,85
1746,2026-08-04T08:52:33.371948Z,slow,5,85
1746,2026-08-04T08:52:33.875652Z,fast,4,76
1747,2026-08-04T08:52:34.373965Z,fast,2,76
1747,2026-08-04T08:52:34.876928Z,fast,4,76
1748,2026-08-04T08:52:35.376932Z,fast,4,84
1748,2026-08-04T08:52:35.376928Z,slow,6,85
1748,2026-08-04T08:52:35.874018Z,fast,2,76
1749,2026-08-04T08:52:36.373190Z,fast,4,76
1749,2026-08-04T08:52:36.872516Z,fast,4,76
1750,2026-08-04T08:52:37.373609Z,fast,4,85
1750,2026-08-04T08:52:37.373598Z,slow,4,85
1750,2026-08-04T08:52:37.874340Z,fast,4,76
1751,2026-08-04T08:52:38.376996Z,fast,4,76
1751,2026-08-04T08:52:38.873242Z,fast,3,76
1752,2026-08-04T08:52:39.377126Z,fast,5,83
1752,2026-08-04T08:52:39.377125Z,slow,7,85
1752,2026-08-04T08:52:39.872744Z,fast,4,76
1753,2026-08-04T08:52:40.374851Z,fast,3,76
1753,2026-08-04T08:52:40.872888Z,fast,4,76
1754,2026-08-04T08:52:41.377112Z,fast,5,85
1754,2026-08-04T08:52:41.377104Z,slow,5,85
1754,2026-08-04T08:52:41.875635Z,fast,5,76
1755,2026-08-04T08:52:42.374479Z,fast,3,76
1755,2026-08-04T08:52:42.876468Z,fast,5,76
1756,2026-08-04T08:52:43.373056Z,fast,4,85
1756,2026-08-04T08:52:43.373049Z,slow,5,85
1756,2026-08-04T08:52:43.877153Z,fast,3,76
1757,2026-08-04T08:52:44.372733Z,fast,4,76
1757,2026-08-04T08:52:44.873811Z,fast,3,76
1758,2026-08-04T08:52:45.377010Z,slow,3,85
1758,2026-08-04T08:52:45.377010Z,fast,3,85
1758,2026-08-04T08:52:45.872977Z,fast,4,76
1759,2026-08-04T08:52:46.377105Z,fast,2,80
1759,2026-08-04T08:52:46.874096Z,fast,4,76
1760,2026-08-04T08:52:47.375838Z,fast,4,85
1760,2026-08-04T08:52:47.375838Z,slow,4,85
1760,2026-08-04T08:52:47.876155Z,fast,5,76
1761,2026-08-04T08:52:48.373175Z,fast,3,76
1761,2026-08-04T08:52:48.877212Z,fast,3,76
1762,2026-08-04T08:52:49.376669Z,fast,5,85
1762,2026-08-04T08:52:49.376637Z,slow,6,85
1762,2026-08-04T08:52:49.876665Z,fast,3,76
1763,2026-08-04T08:52:50.377187Z,fast,3,76
1763,2026-08-04T08:52:50.873381Z,fast,2,76
1764,2026-08-04T08:52:51.377395Z,fast,6,85
1764,2026-08-04T08:52:51.377386Z,slow,7,85
1764,2026-08-04T08:52:51.877246Z,fast,3,76
1765,2026-08-04T08:52:52.373226Z,fast,5,76
1765,2026-08-04T08:52:52.876750Z,fast,3,76
1766,2026-08-04T08:52:53.374686Z,fast,4,85
1766,2026-08-04T08:52:53.374652Z,slow,4,85
1766,2026-08-04T08:52:53.877232Z,fast,3,76
1767,2026-08-04T08:52:54.377304Z,fast,2,76
1767,2026-08-04T08:52:54.873592Z,fast,2,76
1768,2026-08-04T08:52:55.375659Z,fast,3,85
1768,2026-08-04T08:52:55.375657Z,slow,4,85
1768,2026-08-04T08:52:55.872677Z,fast,2,76
1769,2026-08-04T08:52:56.373566Z,fast,4,76
1769,2026-08-04T08:52:56.874640Z,fast,4,76
1770,2026-08-04T08:52:57.373643Z,fast,5,85
1770,2026-08-04T08:52:57.373642Z,slow,5,85
1770,2026-08-04T08:52:57.877839Z,fast,35,76
1771,2026-08-04T08:52:58.376404Z,fast,6,76
1771,2026-08-04T08:52:58.873634Z,fast,4,76
1772,2026-08-04T08:52:59.377663Z,fast,4,77
1772,2026-08-04T08:52:59.377622Z,slow,6,85
1772,2026-08-04T08:52:59.873108Z,fast,7,76
1773,2026-08-04T08:53:00.377600Z,fast,17,76
1773,2026-08-04T08:53:00.877494Z,fast,3,76
1774,2026-08-04T08:53:01.377681Z,slow,5,85
1774,2026-08-04T08:53:01.377681Z,fast,5,85
1774,2026-08-04T08:53:01.877196Z,fast,3,76
1775,2026-08-04T08:53:02.377588Z,fast,4,76
1775,2026-08-04T08:53:02.873314Z,fast,3,76
1776,2026-08-04T08:53:03.376086Z,fast,5,83
1776,2026-08-04T08:53:03.376114Z,slow,6,85
1776,2026-08-04T08:53:03.874611Z,fast,3,76
1777,2026-08-04T08:53:04.377750Z,fast,6,76
1777,2026-08-04T08:53:04.877803Z,fast,3,76
1778,2026-08-04T08:53:05.377052Z,fast,4,85
1778,2026-08-04T08:53:05.377043Z,slow,4,85
1778,2026-08-04T08:53:05.877051Z,fast,1,76
1779,2026-08-04T08:53:06.376586Z,fast,2,76
1779,2026-08-04T08:53:06.875009Z,fast,3,76
1780,2026-08-04T08:53:07.376638Z,fast,3,85
1780,2026-08-04T08:53:07.376660Z,slow,3,85
1780,2026-08-04T08:53:07.877832Z,fast,3,76
1781,2026-08-04T08:53:08.376188Z,fast,3,76
1781,2026-08-04T08:53:08.876985Z,fast,4,76
1782,2026-08-04T08:53:09.377958Z,fast,2,85
1782,2026-08-04T08:53:09.377952Z,slow,3,85
1782,2026-08-04T08:53:09.877129Z,fast,2,76
1783,2026-08-04T08:53:10.377826Z,fast,4,76
1783,2026-08-04T08:53:10.878162Z,fast,7,76
1784,2026-08-04T08:53:11.373134Z,fast,2,85
1784,2026-08-04T08:53:11.373134Z,slow,3,85
1784,2026-08-04T08:53:11.877604Z,fast,4,76
1785,2026-08-04T08:53:12.378026Z,fast,5,76
1785,2026-08-04T08:53:12.873952Z,fast,4,76
1786,2026-08-04T08:53:13.377226Z,fast,5,85
1786,2026-08-04T08:53:13.377205Z,slow,5,85
1786,2026-08-04T08:53:13.877345Z,fast,3,76
1787,2026-08-04T08:53:14.377977Z,fast,4,76
1787,2026-08-04T08:53:14.877918Z,fast,4,76
1788,2026-08-04T08:53:15.378132Z,fast,6,85
1788,2026-08-04T08:53:15.378125Z,slow,7,85
1788,2026-08-04T08:53:15.878169Z,fast,2,76
1789,2026-08-04T08:53:16.378165Z,fast,4,76
1789,2026-08-04T08:53:16.878182Z,fast,4,76
1790,2026-08-04T08:53:17.378233Z,fast,4,84
1790,2026-08-04T08:53:17.378226Z,slow,5,85
1790,2026-08-04T08:53:17.878214Z,fast,5,76
1791,2026-08-04T08:53:18.376328Z,fast,5,76
1791,2026-08-04T08:53:18.877563Z,fast,5,76
1792,2026-08-04T08:53:19.378288Z,fast,6,83
1792,2026-08-04T08:53:19.378292Z,slow,8,85
1792,2026-08-04T08:53:19.877886Z,fast,4,76
1793,2026-08-04T08:53:20.374544Z,fast,4,76
1793,2026-08-04T08:53:20.877488Z,fast,4,76
1794,2026-08-04T08:53:21.375535Z,fast,5,85
1794,2026-08-04T08:53:21.375528Z,slow,5,85
1794,2026-08-04T08:53:21.873791Z,fast,4,76
1795,2026-08-04T08:53:22.378233Z,fast,4,76
1795,2026-08-04T08:53:22.876914Z,fast,3,76
1796,2026-08-04T08:53:23.377704Z,fast,5,85
1796,2026-08-04T08:53:23.377693Z,slow,6,85
1796,2026-08-04T08:53:23.878363Z,fast,3,76
1797,2026-08-04T08:53:24.375997Z,fast,3,76
1797,2026-08-04T08:53:24.873907Z,fast,1,76
1798,2026-08-04T08:53:25.375742Z,fast,4,85
1798,2026-08-04T08:53:25.375722Z,slow,4,85
1798,2026-08-04T08:53:25.875388Z,fast,1,76
1799,2026-08-04T08:53:26.377293Z,fast,5,76
1799,2026-08-04T08:53:26.878481Z,fast,4,76
1800,2026-08-04T08:53:27.378506Z,fast,5,84
1800,2026-08-04T08:53:27.378504Z,slow,6,85
1800,2026-08-04T08:53:27.873794Z,fast,1,76
1801,2026-08-04T08:53:28.378489Z,fast,1,76
1801,2026-08-04T08:53:28.876656Z,fast,3,76
1802,2026-08-04T08:53:29.375789Z,slow,5,85
1802,2026-08-04T08:53:29.375789Z,fast,5,85
1802,2026-08-04T08:53:29.877608Z,fast,6,76
1803,2026-08-04T08:53:30.374557Z,fast,4,76
1803,2026-08-04T08:53:30.874991Z,fast,4,76
1804,2026-08-04T08:53:31.378633Z,fast,4,85
1804,2026-08-04T08:53:31.378627Z,slow,5,85
1804,2026-08-04T08:53:31.876626Z,fast,4,76
1805,2026-08-04T08:53:32.378634Z,fast,4,76
1805,2026-08-04T08:53:32.877910Z,fast,4,76
1806,2026-08-04T08:53:33.376250Z,fast,4,85
1806,2026-08-04T08:53:33.376211Z,slow,4,85
1806,2026-08-04T08:53:33.875738Z,fast,4,76
1807,2026-08-04T08:53:34.378625Z,fast,4,76
1807,2026-08-04T08:53:34.878718Z,fast,6,76
1808,2026-08-04T08:53:35.377122Z,fast,4,85
1808,2026-08-04T08:53:35.377122Z,slow,5,85
1808,2026-08-04T08:53:35.878751Z,fast,1,76
1809,2026-08-04T08:53:36.377897Z,fast,4,76
1809,2026-08-04T08:53:36.878436Z,fast,3,76
1810,2026-08-04T08:53:37.378646Z,fast,7,85
1810,2026-08-04T08:53:37.378645Z,slow,8,85
1810,2026-08-04T08:53:37.874464Z,fast,4,76
1811,2026-08-04T08:53:38.374279Z,fast,3,76
1811,2026-08-04T08:53:38.874790Z,fast,7,76
1812,2026-08-04T08:53:39.376958Z,fast,4,85
1812,2026-08-04T08:53:39.376955Z,slow,5,85
1812,2026-08-04T08:53:39.878836Z,fast,5,76
1813,2026-08-04T08:53:40.374544Z,fast,3,76
1813,2026-08-04T08:53:40.878422Z,fast,4,76
1814,2026-08-04T08:53:41.378537Z,slow,4,85
1814,2026-08-04T08:53:41.378537Z,fast,4,85
1814,2026-08-04T08:53:41.878922Z,fast,4,76
1815,2026-08-04T08:53:42.375507Z,fast,1,76
1815,2026-08-04T08:53:42.877697Z,fast,4,76
1816,2026-08-04T08:53:43.377063Z,fast,5,85
1816,2026-08-04T08:53:43.377043Z,slow,6,85
1816,2026-08-04T08:53:43.878771Z,fast,4,76
1817,2026-08-04T08:53:44.377974Z,fast,2,76
1817,2026-08-04T08:53:44.874953Z,fast,4,76
1818,2026-08-04T08:53:45.376784Z,fast,6,85
1818,2026-08-04T08:53:45.376744Z,slow,6,85
1818,2026-08-04T08:53:45.878401Z,fast,1,76
1819,2026-08-04T08:53:46.378948Z,fast,3,80
1819,2026-08-04T08:53:46.878365Z,fast,3,76
1820,2026-08-04T08:53:47.379101Z,fast,3,81
1820,2026-08-04T08:53:47.379098Z,slow,6,85
1820,2026-08-04T08:53:47.878249Z,fast,36,76
1821,2026-08-04T08:53:48.377850Z,fast,3,76
1821,2026-08-04T08:53:48.877888Z,fast,2,76
1822,2026-08-04T08:53:49.379077Z,slow,5,85
1822,2026-08-04T08:53:49.379085Z,fast,5,83
1822,2026-08-04T08:53:49.874380Z,fast,5,76
1823,2026-08-04T08:53:50.378310Z,fast,5,76
1823,2026-08-04T08:53:50.875925Z,fast,3,76
1824,2026-08-04T08:53:51.375570Z,fast,2,85
1824,2026-08-04T08:53:51.375608Z,slow,3,85
1824,2026-08-04T08:53:51.876279Z,fast,3,76
1825,2026-08-04T08:53:52.378203Z,fast,2,76
1825,2026-08-04T08:53:52.875141Z,fast,7,76
1826,2026-08-04T08:53:53.376366Z,fast,6,83
1826,2026-08-04T08:53:53.376568Z,slow,7,85
1826,2026-08-04T08:53:53.874563Z,fast,3,76
1827,2026-08-04T08:53:54.379184Z,fast,3,76
1827,2026-08-04T08:53:54.879247Z,fast,1,76
1828,2026-08-04T08:53:55.375220Z,fast,5,84
1828,2026-08-04T08:53:55.375220Z,slow,6,85
1828,2026-08-04T08:53:55.877022Z,fast,2,76
1829,2026-08-04T08:53:56.375647Z,fast,5,76
1829,2026-08-04T08:53:56.875554Z,fast,2,76
1830,2026-08-04T08:53:57.377427Z,fast,6,83
1830,2026-08-04T08:53:57.377423Z,slow,8,76
1830,2026-08-04T08:53:57.876988Z,fast,6,76
1831,2026-08-04T08:53:58.379505Z,fast,4,76
1831,2026-08-04T08:53:58.877472Z,fast,1,76
1832,2026-08-04T08:53:59.379412Z,fast,5,84
1832,2026-08-04T08:53:59.379415Z,slow,8,85
1832,2026-08-04T08:53:59.879572Z,fast,9,76
1833,2026-08-04T08:54:00.375922Z,fast,3,76
1833,2026-08-04T08:54:00.874877Z,fast,2,76
1834,2026-08-04T08:54:01.379376Z,fast,5,80
1834,2026-08-04T08:54:01.379382Z,slow,10,85
1834,2026-08-04T08:54:01.879535Z,fast,3,76
1835,2026-08-04T08:54:02.379432Z,fast,5,76
1835,2026-08-04T08:54:02.879420Z,fast,4,76
1836,2026-08-04T08:54:03.378284Z,fast,4,85
1836,2026-08-04T08:54:03.378284Z,slow,5,84
1836,2026-08-04T08:54:03.877213Z,fast,2,76
1837,2026-08-04T08:54:04.378124Z,fast,5,76
1837,2026-08-04T08:54:04.877629Z,fast,3,76
1838,2026-08-04T08:54:05.375114Z,slow,8,85
1838,2026-08-04T08:54:05.375106Z,fast,8,85
1838,2026-08-04T08:54:05.874774Z,fast,3,76
1839,2026-08-04T08:54:06.377532Z,fast,1,76
1839,2026-08-04T08:54:06.875165Z,fast,5,76
1840,2026-08-04T08:54:07.375051Z,fast,5,83
1840,2026-08-04T08:54:07.375047Z,slow,7,85
1840,2026-08-04T08:54:07.879707Z,fast,3,76
1841,2026-08-04T08:54:08.377166Z,fast,4,76
1841,2026-08-04T08:54:08.877921Z,fast,3,76
1842,2026-08-04T08:54:09.379718Z,fast,3,85
1842,2026-08-04T08:54:09.379718Z,slow,3,85
1842,2026-08-04T08:54:09.878832Z,fast,3,76
1843,2026-08-04T08:54:10.378966Z,fast,5,76
1843,2026-08-04T08:54:10.877930Z,fast,6,76
1844,2026-08-04T08:54:11.379854Z,fast,3,85
1844,2026-08-04T08:54:11.379814Z,slow,5,85
1844,2026-08-04T08:54:11.879010Z,fast,3,76
1845,2026-08-04T08:54:12.379798Z,fast,2,76
1845,2026-08-04T08:54:12.878982Z,fast,5,76
1846,2026-08-04T08:54:13.377441Z,slow,2,85
1846,2026-08-04T08:54:13.377442Z,fast,2,85
1846,2026-08-04T08:54:13.879677Z,fast,4,76
1847,2026-08-04T08:54:14.379866Z,fast,4,76
1847,2026-08-04T08:54:14.875526Z,fast,4,76
1848,2026-08-04T08:54:15.378894Z,fast,3,85
1848,2026-08-04T08:54:15.378908Z,slow,4,85
1848,2026-08-04T08:54:15.875488Z,fast,6,76
1849,2026-08-04T08:54:16.379952Z,fast,5,76
1849,2026-08-04T08:54:16.878121Z,fast,4,76
1850,2026-08-04T08:54:17.378998Z,fast,5,81
1850,2026-08-04T08:54:17.379005Z,slow,7,85
1850,2026-08-04T08:54:17.879436Z,fast,4,76
1851,2026-08-04T08:54:18.378579Z,fast,5,76
1851,2026-08-04T08:54:18.878795Z,fast,5,76
1852,2026-08-04T08:54:19.379332Z,fast,6,85
1852,2026-08-04T08:54:19.379323Z,slow,7,85
1852,2026-08-04T08:54:19.878771Z,fast,3,76
1853,2026-08-04T08:54:20.379477Z,fast,5,76
1853,2026-08-04T08:54:20.875998Z,fast,4,76
1854,2026-08-04T08:54:21.378877Z,fast,5,85
1854,2026-08-04T08:54:21.378877Z,slow,5,85
1854,2026-08-04T08:54:21.878805Z,fast,4,76
1855,2026-08-04T08:54:22.380130Z,fast,4,76
1855,2026-08-04T08:54:22.878797Z,fast,4,76
1856,2026-08-04T08:54:23.378410Z,fast,5,85
1856,2026-08-04T08:54:23.378406Z,slow,6,85
1856,2026-08-04T08:54:23.879104Z,fast,4,76
1857,2026-08-04T08:54:24.379738Z,fast,3,76
1857,2026-08-04T08:54:24.880042Z,fast,2,76
1858,2026-08-04T08:54:25.378003Z,fast,3,85
1858,2026-08-04T08:54:25.378002Z,slow,3,78
1858,2026-08-04T08:54:25.878954Z,fast,2,76
1859,2026-08-04T08:54:26.380246Z,fast,5,76
1859,2026-08-04T08:54:26.878390Z,fast,3,76
1860,2026-08-04T08:54:27.378401Z,fast,3,85
1860,2026-08-04T08:54:27.378399Z,slow,4,85
1860,2026-08-04T08:54:27.876314Z,fast,3,76
1861,2026-08-04T08:54:28.376474Z,fast,1,76
1861,2026-08-04T08:54:28.877810Z,fast,3,76
1862,2026-08-04T08:54:29.379888Z,fast,5,83
1862,2026-08-04T08:54:29.379888Z,slow,5,85
1862,2026-08-04T08:54:29.879019Z,fast,4,76
1863,2026-08-04T08:54:30.380064Z,fast,3,76
1863,2026-08-04T08:54:30.876213Z,fast,4,76
1864,2026-08-04T08:54:31.380461Z,fast,6,85
1864,2026-08-04T08:54:31.380442Z,slow,7,85
1864,2026-08-04T08:54:31.876247Z,fast,4,76
1865,2026-08-04T08:54:32.375840Z,fast,2,76
1865,2026-08-04T08:54:32.878822Z,fast,2,76
1866,2026-08-04T08:54:33.379520Z,fast,2,83
1866,2026-08-04T08:54:33.379520Z,slow,4,85
1866,2026-08-04T08:54:33.876294Z,fast,5,76
1867,2026-08-04T08:54:34.377674Z,fast,4,76
1867,2026-08-04T08:54:34.878520Z,fast,3,76
1868,2026-08-04T08:54:35.375563Z,fast,3,85
1868,2026-08-04T08:54:35.375601Z,slow,5,85
1868,2026-08-04T08:54:35.876675Z,fast,6,76
1869,2026-08-04T08:54:36.376198Z,fast,1,76
1869,2026-08-04T08:54:36.879413Z,fast,5,76
1870,2026-08-04T08:54:37.377761Z,fast,6,83
1870,2026-08-04T08:54:37.377793Z,slow,6,85
1870,2026-08-04T08:54:37.879671Z,fast,6,76
1871,2026-08-04T08:54:38.377954Z,fast,4,76
1871,2026-08-04T08:54:38.880219Z,fast,3,76
1872,2026-08-04T08:54:39.380597Z,fast,3,83
1872,2026-08-04T08:54:39.380597Z,slow,4,85
1872,2026-08-04T08:54:39.876166Z,fast,5,76
1873,2026-08-04T08:54:40.379319Z,fast,4,76
1873,2026-08-04T08:54:40.881157Z,fast,9,76
1874,2026-08-04T08:54:41.380769Z,fast,5,77
1874,2026-08-04T08:54:41.380775Z,slow,7,85
1874,2026-08-04T08:54:41.876239Z,fast,4,76
1875,2026-08-04T08:54:42.379332Z,fast,3,76
1875,2026-08-04T08:54:42.875967Z,fast,5,76
1876,2026-08-04T08:54:43.380799Z,fast,6,85
1876,2026-08-04T08:54:43.380796Z,slow,6,84
1876,2026-08-04T08:54:43.877745Z,fast,5,76
1877,2026-08-04T08:54:44.376292Z,fast,4,76
1877,2026-08-04T08:54:44.880600Z,fast,4,76
1878,2026-08-04T08:54:45.375908Z,slow,4,85
1878,2026-08-04T08:54:45.375909Z,fast,4,85
1878,2026-08-04T08:54:45.879467Z,fast,2,76
1879,2026-08-04T08:54:46.377780Z,fast,1,80
1879,2026-08-04T08:54:46.880869Z,fast,5,76
1880,2026-08-04T08:54:47.380917Z,fast,5,85
1880,2026-08-04T08:54:47.380917Z,slow,6,85
1880,2026-08-04T08:54:47.880961Z,fast,4,76
1881,2026-08-04T08:54:48.378308Z,fast,4,76
1881,2026-08-04T08:54:48.879122Z,fast,4,76
1882,2026-08-04T08:54:49.380974Z,fast,4,85
1882,2026-08-04T08:54:49.380975Z,slow,5,85
1882,2026-08-04T08:54:49.879070Z,fast,4,76
1883,2026-08-04T08:54:50.379713Z,fast,5,76
1883,2026-08-04T08:54:50.880987Z,fast,4,76
1884,2026-08-04T08:54:51.376092Z,fast,4,84
1884,2026-08-04T08:54:51.376079Z,slow,5,85
1884,2026-08-04T08:54:51.881039Z,fast,4,76
1885,2026-08-04T08:54:52.381040Z,fast,4,76
1885,2026-08-04T08:54:52.879146Z,fast,4,76
1886,2026-08-04T08:54:53.377237Z,fast,4,85
1886,2026-08-04T08:54:53.377237Z,slow,4,85
1886,2026-08-04T08:54:53.879802Z,fast,4,76
1887,2026-08-04T08:54:54.377853Z,fast,4,76
1887,2026-08-04T08:54:54.878966Z,fast,4,76
1888,2026-08-04T08:54:55.376368Z,fast,4,85
1888,2026-08-04T08:54:55.376331Z,slow,5,85
1888,2026-08-04T08:54:55.880004Z,fast,3,76
1889,2026-08-04T08:54:56.376661Z,fast,5,76
1889,2026-08-04T08:54:56.878349Z,fast,3,76
1890,2026-08-04T08:54:57.377695Z,fast,5,83
1890,2026-08-04T08:54:57.377693Z,slow,5,85
1890,2026-08-04T08:54:57.880255Z,fast,4,76
1891,2026-08-04T08:54:58.380824Z,fast,4,76
1891,2026-08-04T08:54:58.877211Z,fast,2,76
1892,2026-08-04T08:54:59.377272Z,fast,3,84
1892,2026-08-04T08:54:59.377276Z,slow,3,85
1892,2026-08-04T08:54:59.881282Z,fast,5,76
1893,2026-08-04T08:55:00.379406Z,fast,4,76
1893,2026-08-04T08:55:00.879297Z,fast,2,76
1894,2026-08-04T08:55:01.378728Z,slow,4,85
1894,2026-08-04T08:55:01.378770Z,fast,4,85
1894,2026-08-04T08:55:01.879444Z,fast,4,76
1895,2026-08-04T08:55:02.376838Z,fast,3,76
1895,2026-08-04T08:55:02.877283Z,fast,4,76
1896,2026-08-04T08:55:03.381401Z,fast,5,85
1896,2026-08-04T08:55:03.381400Z,slow,6,85
1896,2026-08-04T08:55:03.881169Z,fast,4,76
1897,2026-08-04T08:55:04.376793Z,fast,4,76
1897,2026-08-04T08:55:04.879345Z,fast,4,76
1898,2026-08-04T08:55:05.381458Z,fast,4,85
1898,2026-08-04T08:55:05.381453Z,slow,4,85
1898,2026-08-04T08:55:05.881382Z,fast,1,76
1899,2026-08-04T08:55:06.379351Z,fast,4,76
1899,2026-08-04T08:55:06.877734Z,fast,4,76
1900,2026-08-04T08:55:07.377425Z,fast,4,85
1900,2026-08-04T08:55:07.377422Z,slow,5,85
1900,2026-08-04T08:55:07.880256Z,fast,1,76
1901,2026-08-04T08:55:08.376842Z,fast,5,76
1901,2026-08-04T08:55:08.877992Z,fast,5,76
1902,2026-08-04T08:55:09.379339Z,fast,6,85
1902,2026-08-04T08:55:09.379339Z,slow,6,85
1902,2026-08-04T08:55:09.880315Z,fast,1,76
1903,2026-08-04T08:55:10.381566Z,fast,4,76
1903,2026-08-04T08:55:10.876920Z,fast,5,76
1904,2026-08-04T08:55:11.381614Z,fast,5,85
1904,2026-08-04T08:55:11.381608Z,slow,5,85
1904,2026-08-04T08:55:11.881638Z,fast,4,76
1905,2026-08-04T08:55:12.376741Z,fast,3,76
1905,2026-08-04T08:55:12.880317Z,fast,4,76
1906,2026-08-04T08:55:13.381685Z,fast,6,85
1906,2026-08-04T08:55:13.381672Z,slow,6,85
1906,2026-08-04T08:55:13.881685Z,fast,4,76
1907,2026-08-04T08:55:14.381698Z,fast,3,76
1907,2026-08-04T08:55:14.877264Z,fast,4,76
1908,2026-08-04T08:55:15.379849Z,fast,3,85
1908,2026-08-04T08:55:15.379842Z,slow,3,85
1908,2026-08-04T08:55:15.878752Z,fast,10,76
1909,2026-08-04T08:55:16.381752Z,fast,1,76
1909,2026-08-04T08:55:16.881606Z,fast,4,76
1910,2026-08-04T08:55:17.377017Z,slow,2,85
1910,2026-08-04T08:55:17.377017Z,fast,2,85
1910,2026-08-04T08:55:17.877297Z,fast,4,76
1911,2026-08-04T08:55:18.381211Z,fast,4,76
1911,2026-08-04T08:55:18.877337Z,fast,4,76
1912,2026-08-04T08:55:19.376965Z,fast,1,85
1912,2026-08-04T08:55:19.376963Z,slow,2,85
1912,2026-08-04T08:55:19.881340Z,fast,4,76
1913,2026-08-04T08:55:20.380637Z,fast,4,76
1913,2026-08-04T08:55:20.877930Z,fast,7,76
1914,2026-08-04T08:55:21.379358Z,fast,5,85
1914,2026-08-04T08:55:21.379355Z,slow,5,85
1914,2026-08-04T08:55:21.877382Z,fast,4,76
1915,2026-08-04T08:55:22.378284Z,fast,3,76
1915,2026-08-04T08:55:22.877249Z,fast,4,76
1916,2026-08-04T08:55:23.380776Z,fast,5,85
1916,2026-08-04T08:55:23.380720Z,slow,6,85
1916,2026-08-04T08:55:23.877790Z,fast,4,76
1917,2026-08-04T08:55:24.380098Z,fast,4,76
1917,2026-08-04T08:55:24.878122Z,fast,1,76
1918,2026-08-04T08:55:25.378509Z,fast,5,84
1918,2026-08-04T08:55:25.378517Z,slow,5,85
1918,2026-08-04T08:55:25.880985Z,fast,2,76
1919,2026-08-04T08:55:26.382089Z,fast,4,76
1919,2026-08-04T08:55:26.881029Z,fast,3,76
1920,2026-08-04T08:55:27.380223Z,fast,4,85
1920,2026-08-04T08:55:27.380213Z,slow,6,85
1920,2026-08-04T08:55:27.881006Z,fast,2,76
1921,2026-08-04T08:55:28.380390Z,fast,1,76
1921,2026-08-04T08:55:28.878281Z,fast,4,76
1922,2026-08-04T08:55:29.378529Z,fast,4,85
1922,2026-08-04T08:55:29.378522Z,slow,4,85
1922,2026-08-04T08:55:29.877749Z,fast,4,76
1923,2026-08-04T08:55:30.377876Z,fast,9,76
1923,2026-08-04T08:55:30.877386Z,fast,4,76
1924,2026-08-04T08:55:31.379981Z,fast,6,83
1924,2026-08-04T08:55:31.379981Z,slow,8,85
1924,2026-08-04T08:55:31.882229Z,fast,4,76
1925,2026-08-04T08:55:32.377560Z,fast,3,76
1925,2026-08-04T08:55:32.881273Z,fast,6,76
1926,2026-08-04T08:55:33.379287Z,slow,5,85
1926,2026-08-04T08:55:33.379287Z,fast,5,85
1926,2026-08-04T08:55:33.881578Z,fast,1,76
1927,2026-08-04T08:55:34.382330Z,fast,5,76
1927,2026-08-04T08:55:34.881901Z,fast,7,76
1928,2026-08-04T08:55:35.380441Z,fast,3,84
1928,2026-08-04T08:55:35.380419Z,slow,5,85
1928,2026-08-04T08:55:35.882258Z,fast,32,76
1929,2026-08-04T08:55:36.377685Z,fast,3,76
1929,2026-08-04T08:55:36.882262Z,fast,3,76
1930,2026-08-04T08:55:37.381792Z,fast,5,85
1930,2026-08-04T08:55:37.381791Z,slow,5,84
1930,2026-08-04T08:55:37.882217Z,fast,3,76
1931,2026-08-04T08:55:38.382424Z,fast,6,76
1931,2026-08-04T08:55:38.882376Z,fast,4,76
1932,2026-08-04T08:55:39.382292Z,fast,3,83
1932,2026-08-04T08:55:39.382328Z,slow,5,85
1932,2026-08-04T08:55:39.882298Z,fast,5,76
1933,2026-08-04T08:55:40.378777Z,fast,4,76
1933,2026-08-04T08:55:40.882261Z,fast,4,76
1934,2026-08-04T08:55:41.378353Z,slow,5,85
1934,2026-08-04T08:55:41.378353Z,fast,5,85
1934,2026-08-04T08:55:41.879805Z,fast,5,76
1935,2026-08-04T08:55:42.379450Z,fast,4,76
1935,2026-08-04T08:55:42.881437Z,fast,4,76
1936,2026-08-04T08:55:43.381444Z,fast,5,83
1936,2026-08-04T08:55:43.381444Z,slow,7,85
1936,2026-08-04T08:55:43.882362Z,fast,3,76
1937,2026-08-04T08:55:44.382376Z,fast,2,76
1937,2026-08-04T08:55:44.882432Z,fast,4,76
1938,2026-08-04T08:55:45.382556Z,fast,4,85
1938,2026-08-04T08:55:45.382556Z,slow,4,85
1938,2026-08-04T08:55:45.877686Z,fast,28,76
1939,2026-08-04T08:55:46.382539Z,fast,2,80
1939,2026-08-04T08:55:46.882730Z,fast,4,76
1940,2026-08-04T08:55:47.382089Z,fast,5,85
1940,2026-08-04T08:55:47.382090Z,slow,6,85
1940,2026-08-04T08:55:47.882573Z,fast,4,76
1941,2026-08-04T08:55:48.382513Z,fast,3,76
1941,2026-08-04T08:55:48.878843Z,fast,3,76
1942,2026-08-04T08:55:49.382026Z,fast,2,85
1942,2026-08-04T08:55:49.382019Z,slow,2,85
1942,2026-08-04T08:55:49.881575Z,fast,6,76
1943,2026-08-04T08:55:50.382560Z,fast,2,76
1943,2026-08-04T08:55:50.882675Z,fast,4,76
1944,2026-08-04T08:55:51.381803Z,fast,4,85
1944,2026-08-04T08:55:51.381776Z,slow,5,85
1944,2026-08-04T08:55:51.881890Z,fast,3,76
1945,2026-08-04T08:55:52.382718Z,fast,3,76
1945,2026-08-04T08:55:52.881067Z,fast,5,76
1946,2026-08-04T08:55:53.380002Z,fast,4,85
1946,2026-08-04T08:55:53.379996Z,slow,6,85
1946,2026-08-04T08:55:53.881696Z,fast,4,76
1947,2026-08-04T08:55:54.378630Z,fast,2,76
1947,2026-08-04T08:55:54.879470Z,fast,4,76
1948,2026-08-04T08:55:55.382955Z,fast,5,85
1948,2026-08-04T08:55:55.382943Z,slow,6,85
1948,2026-08-04T08:55:55.882097Z,fast,3,76
1949,2026-08-04T08:55:56.380444Z,fast,4,76
1949,2026-08-04T08:55:56.881694Z,fast,3,76
1950,2026-08-04T08:55:57.381114Z,fast,5,83
1950,2026-08-04T08:55:57.381116Z,slow,6,85
1950,2026-08-04T08:55:57.881779Z,fast,6,76
1951,2026-08-04T08:55:58.378619Z,fast,3,76
1951,2026-08-04T08:55:58.878588Z,fast,2,76
1952,2026-08-04T08:55:59.379487Z,fast,3,84
1952,2026-08-04T08:55:59.379502Z,slow,3,85
1952,2026-08-04T08:55:59.880358Z,fast,4,76
1953,2026-08-04T08:56:00.383070Z,fast,5,76
1953,2026-08-04T08:56:00.879362Z,fast,5,76
1954,2026-08-04T08:56:01.379464Z,fast,4,85
1954,2026-08-04T08:56:01.379461Z,slow,5,85
1954,2026-08-04T08:56:01.881897Z,fast,4,76
1955,2026-08-04T08:56:02.382287Z,fast,4,76
1955,2026-08-04T08:56:02.879519Z,fast,4,76
1956,2026-08-04T08:56:03.379889Z,fast,4,85
1956,2026-08-04T08:56:03.379636Z,slow,5,85
1956,2026-08-04T08:56:03.879134Z,fast,6,76
1957,2026-08-04T08:56:04.381250Z,fast,1,76
1957,2026-08-04T08:56:04.881351Z,fast,3,76
1958,2026-08-04T08:56:05.381112Z,fast,11,85
1958,2026-08-04T08:56:05.381074Z,slow,12,85
1958,2026-08-04T08:56:05.882032Z,fast,3,76
1959,2026-08-04T08:56:06.382394Z,fast,4,76
1959,2026-08-04T08:56:06.878770Z,fast,2,76
1960,2026-08-04T08:56:07.382203Z,fast,5,83
1960,2026-08-04T08:56:07.382147Z,slow,6,85
1960,2026-08-04T08:56:07.883317Z,fast,4,76
1961,2026-08-04T08:56:08.383059Z,fast,4,76
1961,2026-08-04T08:56:08.881893Z,fast,2,76
1962,2026-08-04T08:56:09.383291Z,fast,2,85
1962,2026-08-04T08:56:09.383287Z,slow,2,85
1962,2026-08-04T08:56:09.882170Z,fast,1,76
1963,2026-08-04T08:56:10.382510Z,fast,4,76
1963,2026-08-04T08:56:10.882524Z,fast,5,76
1964,2026-08-04T08:56:11.379507Z,fast,6,85
1964,2026-08-04T08:56:11.379507Z,slow,6,85
1964,2026-08-04T08:56:11.883433Z,fast,4,76
1965,2026-08-04T08:56:12.383170Z,fast,4,76
1965,2026-08-04T08:56:12.883148Z,fast,3,76
1966,2026-08-04T08:56:13.382900Z,fast,8,85
1966,2026-08-04T08:56:13.382900Z,slow,8,85
1966,2026-08-04T08:56:13.883527Z,fast,4,76
1967,2026-08-04T08:56:14.382807Z,fast,3,76
1967,2026-08-04T08:56:14.883028Z,fast,4,76
1968,2026-08-04T08:56:15.383563Z,fast,4,85
1968,2026-08-04T08:56:15.383573Z,slow,5,85
1968,2026-08-04T08:56:15.878958Z,fast,2,76
1969,2026-08-04T08:56:16.382695Z,fast,1,76
1969,2026-08-04T08:56:16.883100Z,fast,4,76
1970,2026-08-04T08:56:17.383645Z,fast,4,85
1970,2026-08-04T08:56:17.383631Z,slow,5,85
1970,2026-08-04T08:56:17.882794Z,fast,3,76
1971,2026-08-04T08:56:18.379535Z,fast,4,76
1971,2026-08-04T08:56:18.882758Z,fast,4,76
1972,2026-08-04T08:56:19.382869Z,fast,1,85
1972,2026-08-04T08:56:19.382858Z,slow,2,85
1972,2026-08-04T08:56:19.883158Z,fast,4,76
1973,2026-08-04T08:56:20.379974Z,fast,4,76
1973,2026-08-04T08:56:20.883242Z,fast,4,76
1974,2026-08-04T08:56:21.383203Z,fast,4,85
1974,2026-08-04T08:56:21.383192Z,slow,4,85
1974,2026-08-04T08:56:21.882730Z,fast,3,76
1975,2026-08-04T08:56:22.382950Z,fast,4,76
1975,2026-08-04T08:56:22.881868Z,fast,5,76
1976,2026-08-04T08:56:23.382958Z,fast,2,85
1976,2026-08-04T08:56:23.382958Z,slow,2,85
1976,2026-08-04T08:56:23.882528Z,fast,4,76
1977,2026-08-04T08:56:24.382946Z,fast,2,76
1977,2026-08-04T08:56:24.879299Z,fast,1,76
1978,2026-08-04T08:56:25.381531Z,slow,3,85
1978,2026-08-04T08:56:25.381557Z,fast,3,84
1978,2026-08-04T08:56:25.882722Z,fast,1,76
1979,2026-08-04T08:56:26.383189Z,fast,5,76
1979,2026-08-04T08:56:26.883451Z,fast,4,76
1980,2026-08-04T08:56:27.383755Z,fast,6,85
1980,2026-08-04T08:56:27.383572Z,slow,7,85
1980,2026-08-04T08:56:27.883725Z,fast,3,76
1981,2026-08-04T08:56:28.383035Z,fast,1,76
1981,2026-08-04T08:56:28.883489Z,fast,4,76
1982,2026-08-04T08:56:29.379654Z,fast,2,85
1982,2026-08-04T08:56:29.379642Z,slow,2,85
1982,2026-08-04T08:56:29.882839Z,fast,4,76
1983,2026-08-04T08:56:30.383395Z,fast,4,76
1983,2026-08-04T08:56:30.882660Z,fast,4,76
1984,2026-08-04T08:56:31.384302Z,fast,10,85
1984,2026-08-04T08:56:31.384131Z,slow,11,85
1984,2026-08-04T08:56:31.880697Z,fast,3,76
1985,2026-08-04T08:56:32.383807Z,fast,5,76
1985,2026-08-04T08:56:32.884033Z,fast,3,76
1986,2026-08-04T08:56:33.383753Z,slow,3,85
1986,2026-08-04T08:56:33.383757Z,fast,3,85
1986,2026-08-04T08:56:33.881805Z,fast,4,76
1987,2026-08-04T08:56:34.383418Z,fast,6,76
1987,2026-08-04T08:56:34.882292Z,fast,7,76
1988,2026-08-04T08:56:35.383442Z,fast,4,83
1988,2026-08-04T08:56:35.383427Z,slow,8,85
1988,2026-08-04T08:56:35.883801Z,fast,1,76
1989,2026-08-04T08:56:36.380125Z,fast,4,76
1989,2026-08-04T08:56:36.883140Z,fast,4,76
1990,2026-08-04T08:56:37.382502Z,fast,4,84
1990,2026-08-04T08:56:37.382499Z,slow,5,85
1990,2026-08-04T08:56:37.884158Z,fast,3,76
1991,2026-08-04T08:56:38.383855Z,fast,3,76
1991,2026-08-04T08:56:38.879232Z,fast,3,76
1992,2026-08-04T08:56:39.383906Z,fast,3,84
1992,2026-08-04T08:56:39.383893Z,slow,4,85
1992,2026-08-04T08:56:39.881333Z,fast,3,76
1993,2026-08-04T08:56:40.381006Z,fast,5,76
1993,2026-08-04T08:56:40.883967Z,fast,13,76
1994,2026-08-04T08:56:41.384039Z,fast,4,85
1994,2026-08-04T08:56:41.383954Z,slow,4,85
1994,2026-08-04T08:56:41.883247Z,fast,4,76
1995,2026-08-04T08:56:42.383888Z,fast,4,76
1995,2026-08-04T08:56:42.884076Z,fast,3,76
1996,2026-08-04T08:56:43.379764Z,fast,4,85
1996,2026-08-04T08:56:43.379640Z,slow,5,85
1996,2026-08-04T08:56:43.883934Z,fast,3,76
1997,2026-08-04T08:56:44.383237Z,fast,1,76
1997,2026-08-04T08:56:44.880703Z,fast,4,76
1998,2026-08-04T08:56:45.383752Z,slow,5,85
1998,2026-08-04T08:56:45.383765Z,fast,5,85
1998,2026-08-04T08:56:45.883980Z,fast,1,76
1999,2026-08-04T08:56:46.383340Z,fast,3,80
1999,2026-08-04T08:56:46.882582Z,fast,4,76
2000,2026-08-04T08:56:47.383974Z,fast,5,85
2000,2026-08-04T08:56:47.383974Z,slow,5,85
2000,2026-08-04T08:56:47.884510Z,fast,4,76
2001,2026-08-04T08:56:48.384288Z,fast,4,76
2001,2026-08-04T08:56:48.884090Z,fast,1,76
2002,2026-08-04T08:56:49.382015Z,fast,3,85
2002,2026-08-04T08:56:49.382015Z,slow,3,85
2002,2026-08-04T08:56:49.884224Z,fast,5,76
2003,2026-08-04T08:56:50.384146Z,fast,5,76
2003,2026-08-04T08:56:50.883822Z,fast,3,76
2004,2026-08-04T08:56:51.384618Z,fast,3,85
2004,2026-08-04T08:56:51.384582Z,slow,4,85
2004,2026-08-04T08:56:51.883994Z,fast,2,76
2005,2026-08-04T08:56:52.383362Z,fast,2,76
2005,2026-08-04T08:56:52.881285Z,fast,4,76
2006,2026-08-04T08:56:53.384654Z,slow,5,85
2006,2026-08-04T08:56:53.384654Z,fast,5,85
2006,2026-08-04T08:56:53.881840Z,fast,7,76
2007,2026-08-04T08:56:54.383243Z,fast,1,76
2007,2026-08-04T08:56:54.880169Z,fast,4,76
2008,2026-08-04T08:56:55.380274Z,slow,6,85
2008,2026-08-04T08:56:55.380257Z,fast,6,83
2008,2026-08-04T08:56:55.882149Z,fast,1,76
2009,2026-08-04T08:56:56.384755Z,fast,7,76
2009,2026-08-04T08:56:56.881525Z,fast,4,76
2010,2026-08-04T08:56:57.380228Z,fast,3,85
2010,2026-08-04T08:56:57.380223Z,slow,4,85
2010,2026-08-04T08:56:57.883705Z,fast,2,76
2011,2026-08-04T08:56:58.388634Z,fast,5,76
2011,2026-08-04T08:56:58.884777Z,fast,2,76
2012,2026-08-04T08:56:59.383469Z,fast,3,84
2012,2026-08-04T08:56:59.383469Z,slow,4,85
2012,2026-08-04T08:56:59.883532Z,fast,4,76
2013,2026-08-04T08:57:00.382587Z,fast,11,76
2013,2026-08-04T08:57:00.880302Z,fast,4,76
2014,2026-08-04T08:57:01.384992Z,fast,8,85
2014,2026-08-04T08:57:01.385502Z,slow,8,85
2014,2026-08-04T08:57:01.884463Z,fast,6,76
2015,2026-08-04T08:57:02.381474Z,fast,3,76
2015,2026-08-04T08:57:02.884916Z,fast,4,76
2016,2026-08-04T08:57:03.384930Z,fast,5,82
2016,2026-08-04T08:57:03.384940Z,slow,7,85
2016,2026-08-04T08:57:03.884559Z,fast,3,76
2017,2026-08-04T08:57:04.384084Z,fast,3,76
2017,2026-08-04T08:57:04.884565Z,fast,3,76
2018,2026-08-04T08:57:05.380553Z,slow,4,85
2018,2026-08-04T08:57:05.380553Z,fast,4,85
2018,2026-08-04T08:57:05.882199Z,fast,11,76
2019,2026-08-04T08:57:06.384689Z,fast,3,76
2019,2026-08-04T08:57:06.883833Z,fast,4,76
2020,2026-08-04T08:57:07.380116Z,fast,6,85
2020,2026-08-04T08:57:07.380107Z,slow,7,85
2020,2026-08-04T08:57:07.885047Z,fast,3,76
2021,2026-08-04T08:57:08.384724Z,fast,5,76
2021,2026-08-04T08:57:08.885121Z,fast,1,76
2022,2026-08-04T08:57:09.382632Z,fast,3,81
2022,2026-08-04T08:57:09.382636Z,slow,4,85
2022,2026-08-04T08:57:09.880585Z,fast,3,76
2023,2026-08-04T08:57:10.384655Z,fast,2,76
2023,2026-08-04T08:57:10.882371Z,fast,4,76
2024,2026-08-04T08:57:11.380704Z,fast,4,85
2024,2026-08-04T08:57:11.380673Z,slow,7,85
2024,2026-08-04T08:57:11.887149Z,fast,80,76
2025,2026-08-04T08:57:12.385230Z,fast,3,76
2025,2026-08-04T08:57:12.881546Z,fast,4,76
2026,2026-08-04T08:57:13.385308Z,fast,5,83
2026,2026-08-04T08:57:13.385296Z,slow,5,85
2026,2026-08-04T08:57:13.884233Z,fast,3,76
2027,2026-08-04T08:57:14.384240Z,fast,3,76
2027,2026-08-04T08:57:14.885289Z,fast,3,76
2028,2026-08-04T08:57:15.385493Z,slow,7,84
2028,2026-08-04T08:57:15.385503Z,fast,8,85
2028,2026-08-04T08:57:15.882859Z,fast,12,76
2029,2026-08-04T08:57:16.384100Z,fast,1,76
2029,2026-08-04T08:57:16.884562Z,fast,6,76
2030,2026-08-04T08:57:17.385389Z,fast,6,83
2030,2026-08-04T08:57:17.385403Z,slow,7,85
2030,2026-08-04T08:57:17.885435Z,fast,4,76
2031,2026-08-04T08:57:18.385157Z,fast,3,76
2031,2026-08-04T08:57:18.885439Z,fast,3,76
2032,2026-08-04T08:57:19.383204Z,fast,4,84
2032,2026-08-04T08:57:19.383200Z,slow,6,85
2032,2026-08-04T08:57:19.880612Z,fast,2,76
2033,2026-08-04T08:57:20.385044Z,fast,4,76
2033,2026-08-04T08:57:20.882921Z,fast,5,76
2034,2026-08-04T08:57:21.385637Z,fast,4,85
2034,2026-08-04T08:57:21.385187Z,slow,4,85
2034,2026-08-04T08:57:21.883491Z,fast,15,76
2035,2026-08-04T08:57:22.385394Z,fast,3,76
2035,2026-08-04T08:57:22.885271Z,fast,7,76
2036,2026-08-04T08:57:23.384668Z,fast,2,85
2036,2026-08-04T08:57:23.384668Z,slow,2,85
2036,2026-08-04T08:57:23.885313Z,fast,4,76
2037,2026-08-04T08:57:24.384424Z,fast,5,76
2037,2026-08-04T08:57:24.885327Z,fast,2,76
2038,2026-08-04T08:57:25.384614Z,slow,4,85
2038,2026-08-04T08:57:25.384612Z,fast,4,85
2038,2026-08-04T08:57:25.885130Z,fast,13,76
2039,2026-08-04T08:57:26.385625Z,fast,3,76
2039,2026-08-04T08:57:26.883386Z,fast,4,76
2040,2026-08-04T08:57:27.384812Z,fast,5,84
2040,2026-08-04T08:57:27.384812Z,slow,6,85
2040,2026-08-04T08:57:27.885668Z,fast,3,76
2041,2026-08-04T08:57:28.383160Z,fast,1,76
2041,2026-08-04T08:57:28.885085Z,fast,3,76
2042,2026-08-04T08:57:29.385310Z,fast,3,84
2042,2026-08-04T08:57:29.385310Z,slow,3,85
2042,2026-08-04T08:57:29.885726Z,fast,3,76
2043,2026-08-04T08:57:30.386429Z,fast,4,76
2043,2026-08-04T08:57:30.885421Z,fast,3,76
2044,2026-08-04T08:57:31.383713Z,fast,3,85
2044,2026-08-04T08:57:31.383713Z,slow,6,85
2044,2026-08-04T08:57:31.885805Z,fast,3,76
2045,2026-08-04T08:57:32.385439Z,fast,4,76
2045,2026-08-04T08:57:32.883885Z,fast,6,76
2046,2026-08-04T08:57:33.384532Z,fast,5,83
2046,2026-08-04T08:57:33.384548Z,slow,5,85
2046,2026-08-04T08:57:33.884854Z,fast,11,76
2047,2026-08-04T08:57:34.385428Z,fast,7,76
2047,2026-08-04T08:57:34.885414Z,fast,3,76
2048,2026-08-04T08:57:35.381486Z,fast,5,83
2048,2026-08-04T08:57:35.381655Z,slow,7,85
2048,2026-08-04T08:57:35.883702Z,fast,19,76
2049,2026-08-04T08:57:36.385893Z,fast,2,76
2049,2026-08-04T08:57:36.884571Z,fast,3,76
2050,2026-08-04T08:57:37.384746Z,fast,3,83
2050,2026-08-04T08:57:37.384743Z,slow,3,85
2050,2026-08-04T08:57:37.881698Z,fast,3,76
2051,2026-08-04T08:57:38.386022Z,fast,1,76
2051,2026-08-04T08:57:38.885311Z,fast,2,76
2052,2026-08-04T08:57:39.384153Z,fast,4,84
2052,2026-08-04T08:57:39.384203Z,slow,5,85
2052,2026-08-04T08:57:39.885295Z,fast,2,76
2053,2026-08-04T08:57:40.385065Z,fast,3,76
2053,2026-08-04T08:57:40.882807Z,fast,4,76
2054,2026-08-04T08:57:41.385906Z,slow,5,84
2054,2026-08-04T08:57:41.385911Z,fast,5,85
2054,2026-08-04T08:57:41.885166Z,fast,4,76
2055,2026-08-04T08:57:42.385503Z,fast,4,76
2055,2026-08-04T08:57:42.884747Z,fast,4,76
2056,2026-08-04T08:57:43.385627Z,fast,4,85
2056,2026-08-04T08:57:43.385623Z,slow,5,85
2056,2026-08-04T08:57:43.884046Z,fast,3,76
2057,2026-08-04T08:57:44.384307Z,fast,4,76
2057,2026-08-04T08:57:44.885750Z,fast,5,76
2058,2026-08-04T08:57:45.385936Z,fast,4,85
2058,2026-08-04T08:57:45.385924Z,slow,4,85
2058,2026-08-04T08:57:45.881578Z,fast,7,76
2059,2026-08-04T08:57:46.386263Z,fast,1,80
2059,2026-08-04T08:57:46.884436Z,fast,4,76
2060,2026-08-04T08:57:47.386338Z,fast,5,83
2060,2026-08-04T08:57:47.386309Z,slow,6,85
2060,2026-08-04T08:57:47.885848Z,fast,3,76
2061,2026-08-04T08:57:48.385761Z,fast,4,76
2061,2026-08-04T08:57:48.884450Z,fast,2,76
2062,2026-08-04T08:57:49.385929Z,fast,6,85
2062,2026-08-04T08:57:49.385929Z,slow,6,85
2062,2026-08-04T08:57:49.885130Z,fast,5,76
2063,2026-08-04T08:57:50.386291Z,fast,3,76
2063,2026-08-04T08:57:50.886379Z,fast,3,76
2064,2026-08-04T08:57:51.385578Z,fast,4,84
2064,2026-08-04T08:57:51.385458Z,slow,5,85
2064,2026-08-04T08:57:51.886428Z,fast,4,76
2065,2026-08-04T08:57:52.385948Z,fast,3,76
2065,2026-08-04T08:57:52.882743Z,fast,2,76
2066,2026-08-04T08:57:53.385233Z,slow,4,85
2066,2026-08-04T08:57:53.385246Z,fast,4,85
2066,2026-08-04T08:57:53.885326Z,fast,3,76
2067,2026-08-04T08:57:54.385133Z,fast,2,76
2067,2026-08-04T08:57:54.882014Z,fast,5,76
2068,2026-08-04T08:57:55.386538Z,fast,5,84
2068,2026-08-04T08:57:55.386534Z,slow,7,85
2068,2026-08-04T08:57:55.886477Z,fast,1,76
2069,2026-08-04T08:57:56.385097Z,fast,1,76
2069,2026-08-04T08:57:56.886074Z,fast,3,76
2070,2026-08-04T08:57:57.383359Z,slow,11,76
2070,2026-08-04T08:57:57.383845Z,fast,10,85
2070,2026-08-04T08:57:57.885598Z,fast,3,76
2071,2026-08-04T08:57:58.386131Z,fast,4,76
2071,2026-08-04T08:57:58.886498Z,fast,5,76
2072,2026-08-04T08:57:59.386598Z,fast,3,81
2072,2026-08-04T08:57:59.386632Z,slow,5,85
2072,2026-08-04T08:57:59.885264Z,fast,4,76
2073,2026-08-04T08:58:00.386324Z,fast,3,76
2073,2026-08-04T08:58:00.886004Z,fast,3,76
2074,2026-08-04T08:58:01.386180Z,fast,4,85
2074,2026-08-04T08:58:01.386171Z,slow,5,85
2074,2026-08-04T08:58:01.885735Z,fast,4,76
2075,2026-08-04T08:58:02.382026Z,fast,4,76
2075,2026-08-04T08:58:02.884477Z,fast,4,76
2076,2026-08-04T08:58:03.386793Z,fast,5,85
2076,2026-08-04T08:58:03.386791Z,slow,5,85
2076,2026-08-04T08:58:03.882116Z,fast,3,76
2077,2026-08-04T08:58:04.385351Z,fast,4,76
2077,2026-08-04T08:58:04.883414Z,fast,3,76
2078,2026-08-04T08:58:05.386833Z,fast,4,84
2078,2026-08-04T08:58:05.386821Z,slow,4,85
2078,2026-08-04T08:58:05.885876Z,fast,4,76
2079,2026-08-04T08:58:06.385604Z,fast,2,76
2079,2026-08-04T08:58:06.883103Z,fast,4,76
2080,2026-08-04T08:58:07.383482Z,fast,3,85
2080,2026-08-04T08:58:07.383478Z,slow,5,85
2080,2026-08-04T08:58:07.883452Z,fast,9,76
2081,2026-08-04T08:58:08.384094Z,fast,3,76
2081,2026-08-04T08:58:08.882172Z,fast,4,76
2082,2026-08-04T08:58:09.386942Z,slow,2,85
2082,2026-08-04T08:58:09.386950Z,fast,2,85
2082,2026-08-04T08:58:09.882111Z,fast,5,76
2083,2026-08-04T08:58:10.386176Z,fast,4,76
2083,2026-08-04T08:58:10.886995Z,fast,2,76
2084,2026-08-04T08:58:11.383360Z,fast,5,85
2084,2026-08-04T08:58:11.383360Z,slow,6,85
2084,2026-08-04T08:58:11.886045Z,fast,2,76
2085,2026-08-04T08:58:12.385158Z,fast,6,76
2085,2026-08-04T08:58:12.886997Z,fast,2,76
2086,2026-08-04T08:58:13.385382Z,fast,6,85
2086,2026-08-04T08:58:13.385378Z,slow,6,85
2086,2026-08-04T08:58:13.886422Z,fast,3,76
2087,2026-08-04T08:58:14.384025Z,fast,2,76
2087,2026-08-04T08:58:14.887104Z,fast,4,76
2088,2026-08-04T08:58:15.387148Z,fast,5,85
2088,2026-08-04T08:58:15.387145Z,slow,5,85
2088,2026-08-04T08:58:15.884841Z,fast,4,76
2089,2026-08-04T08:58:16.386147Z,fast,1,76
2089,2026-08-04T08:58:16.886498Z,fast,3,76
2090,2026-08-04T08:58:17.383823Z,fast,7,85
2090,2026-08-04T08:58:17.383806Z,slow,8,84
2090,2026-08-04T08:58:17.886971Z,fast,2,76
2091,2026-08-04T08:58:18.386712Z,fast,4,76
2091,2026-08-04T08:58:18.886902Z,fast,2,76
2092,2026-08-04T08:58:19.383158Z,fast,3,85
2092,2026-08-04T08:58:19.383158Z,slow,4,85
2092,2026-08-04T08:58:19.886865Z,fast,5,76
2093,2026-08-04T08:58:20.386646Z,fast,4,76
2093,2026-08-04T08:58:20.884963Z,fast,5,76
2094,2026-08-04T08:58:21.385104Z,fast,5,85
2094,2026-08-04T08:58:21.385056Z,slow,5,85
2094,2026-08-04T08:58:21.885768Z,fast,3,76
2095,2026-08-04T08:58:22.383873Z,fast,3,76
2095,2026-08-04T08:58:22.886554Z,fast,20,76
2096,2026-08-04T08:58:23.386891Z,fast,4,85
2096,2026-08-04T08:58:23.386891Z,slow,5,85
2096,2026-08-04T08:58:23.887371Z,fast,3,76
2097,2026-08-04T08:58:24.384036Z,fast,3,76
2097,2026-08-04T08:58:24.885890Z,fast,3,76
2098,2026-08-04T08:58:25.382466Z,slow,5,85
2098,2026-08-04T08:58:25.382466Z,fast,5,85
2098,2026-08-04T08:58:25.882557Z,fast,2,76
2099,2026-08-04T08:58:26.387205Z,fast,2,76
2099,2026-08-04T08:58:26.882811Z,fast,8,76
2100,2026-08-04T08:58:27.386205Z,fast,2,83
2100,2026-08-04T08:58:27.386203Z,slow,3,85
2100,2026-08-04T08:58:27.887490Z,fast,4,76
2101,2026-08-04T08:58:28.387513Z,fast,1,76
2101,2026-08-04T08:58:28.885138Z,fast,1,76
2102,2026-08-04T08:58:29.385093Z,fast,1,85
2102,2026-08-04T08:58:29.385071Z,slow,2,85
2102,2026-08-04T08:58:29.886609Z,fast,5,76
2103,2026-08-04T08:58:30.382946Z,fast,4,76
2103,2026-08-04T08:58:30.884600Z,fast,4,76
2104,2026-08-04T08:58:31.386985Z,fast,3,83
2104,2026-08-04T08:58:31.386989Z,slow,4,85
2104,2026-08-04T08:58:31.885485Z,fast,8,76
2105,2026-08-04T08:58:32.386411Z,fast,5,76
2105,2026-08-04T08:58:32.887673Z,fast,6,76
2106,2026-08-04T08:58:33.387668Z,fast,3,85
2106,2026-08-04T08:58:33.387656Z,slow,4,85
2106,2026-08-04T08:58:33.884679Z,fast,5,76
2107,2026-08-04T08:58:34.387101Z,fast,6,76
2107,2026-08-04T08:58:34.887271Z,fast,2,76
2108,2026-08-04T08:58:35.387143Z,fast,6,85
2108,2026-08-04T08:58:35.387117Z,slow,7,85
2108,2026-08-04T08:58:35.886029Z,fast,37,76
2109,2026-08-04T08:58:36.386035Z,fast,2,76
2109,2026-08-04T08:58:36.887124Z,fast,5,76
2110,2026-08-04T08:58:37.387171Z,fast,5,83
2110,2026-08-04T08:58:37.387163Z,slow,6,85
2110,2026-08-04T08:58:37.886002Z,fast,2,76
2111,2026-08-04T08:58:38.387040Z,fast,5,76
2111,2026-08-04T08:58:38.885204Z,fast,3,76
2112,2026-08-04T08:58:39.387894Z,fast,5,85
2112,2026-08-04T08:58:39.387873Z,slow,5,85
2112,2026-08-04T08:58:39.887888Z,fast,11,76
2113,2026-08-04T08:58:40.387765Z,fast,4,76
2113,2026-08-04T08:58:40.887319Z,fast,4,76
2114,2026-08-04T08:58:41.385673Z,slow,6,85
2114,2026-08-04T08:58:41.385679Z,fast,7,83
2114,2026-08-04T08:58:41.887030Z,fast,4,76
2115,2026-08-04T08:58:42.387437Z,fast,4,76
2115,2026-08-04T08:58:42.887209Z,fast,4,76
2116,2026-08-04T08:58:43.384298Z,fast,5,85
2116,2026-08-04T08:58:43.384298Z,slow,7,85
2116,2026-08-04T08:58:43.886104Z,fast,2,76
2117,2026-08-04T08:58:44.387174Z,fast,4,76
2117,2026-08-04T08:58:44.884525Z,fast,5,76
2118,2026-08-04T08:58:45.387118Z,fast,5,85
2118,2026-08-04T08:58:45.387112Z,slow,5,85
2118,2026-08-04T08:58:45.887138Z,fast,9,76
2119,2026-08-04T08:58:46.387754Z,fast,3,80
2119,2026-08-04T08:58:46.888093Z,fast,4,76
2120,2026-08-04T08:58:47.385105Z,fast,3,84
2120,2026-08-04T08:58:47.385096Z,slow,5,85
2120,2026-08-04T08:58:47.887542Z,fast,3,76
2121,2026-08-04T08:58:48.387493Z,fast,4,76
2121,2026-08-04T08:58:48.888005Z,fast,4,76
2122,2026-08-04T08:58:49.387534Z,fast,5,84
2122,2026-08-04T08:58:49.387526Z,slow,5,85
2122,2026-08-04T08:58:49.887165Z,fast,3,76
2123,2026-08-04T08:58:50.387552Z,fast,4,76
2123,2026-08-04T08:58:50.887Z,fast,4,76
2124,2026-08-04T08:58:51.386977Z,slow,6,85
2124,2026-08-04T08:58:51.386977Z,fast,6,85
2124,2026-08-04T08:58:51.883558Z,fast,3,76
2125,2026-08-04T08:58:52.384037Z,fast,4,76
2125,2026-08-04T08:58:52.884666Z,fast,4,76
2126,2026-08-04T08:58:53.386069Z,fast,6,85
2126,2026-08-04T08:58:53.386053Z,slow,6,85
2126,2026-08-04T08:58:53.883311Z,fast,2,76
2127,2026-08-04T08:58:54.383341Z,fast,4,76
2127,2026-08-04T08:58:54.883877Z,fast,4,76
2128,2026-08-04T08:58:55.386157Z,fast,6,85
2128,2026-08-04T08:58:55.386155Z,slow,6,85
2128,2026-08-04T08:58:55.883869Z,fast,13,76
2129,2026-08-04T08:58:56.388345Z,fast,1,76
2129,2026-08-04T08:58:56.883594Z,fast,4,76
2130,2026-08-04T08:58:57.387150Z,fast,6,83
2130,2026-08-04T08:58:57.387158Z,slow,7,85
2130,2026-08-04T08:58:57.886190Z,fast,3,76
2131,2026-08-04T08:58:58.386834Z,fast,3,76
2131,2026-08-04T08:58:58.887372Z,fast,2,76
2132,2026-08-04T08:58:59.386963Z,fast,6,85
2132,2026-08-04T08:58:59.386955Z,slow,6,85
2132,2026-08-04T08:58:59.887409Z,fast,3,76
2133,2026-08-04T08:59:00.386775Z,fast,2,76
2133,2026-08-04T08:59:00.888642Z,fast,2,76
2134,2026-08-04T08:59:01.386373Z,fast,4,83
2134,2026-08-04T08:59:01.386329Z,slow,5,85
2134,2026-08-04T08:59:01.886138Z,fast,3,76
2135,2026-08-04T08:59:02.387528Z,fast,1,76
2135,2026-08-04T08:59:02.887239Z,fast,4,76
2136,2026-08-04T08:59:03.388268Z,fast,6,85
2136,2026-08-04T08:59:03.388259Z,slow,7,85
2136,2026-08-04T08:59:03.888597Z,fast,4,76
2137,2026-08-04T08:59:04.384654Z,fast,6,76
2137,2026-08-04T08:59:04.888600Z,fast,4,76
2138,2026-08-04T08:59:05.386441Z,fast,4,83
2138,2026-08-04T08:59:05.386462Z,slow,5,85
2138,2026-08-04T08:59:05.887792Z,fast,11,76
2139,2026-08-04T08:59:06.384036Z,fast,3,76
2139,2026-08-04T08:59:06.885597Z,fast,5,76
2140,2026-08-04T08:59:07.388217Z,fast,4,84
2140,2026-08-04T08:59:07.388213Z,slow,5,85
2140,2026-08-04T08:59:07.886803Z,fast,2,76
2141,2026-08-04T08:59:08.387200Z,fast,3,76
2141,2026-08-04T08:59:08.888121Z,fast,2,76
2142,2026-08-04T08:59:09.387351Z,fast,4,85
2142,2026-08-04T08:59:09.387351Z,slow,4,85
2142,2026-08-04T08:59:09.888578Z,fast,3,76
2143,2026-08-04T08:59:10.388107Z,fast,3,76
2143,2026-08-04T08:59:10.888747Z,fast,3,76
2144,2026-08-04T08:59:11.388783Z,fast,4,85
2144,2026-08-04T08:59:11.388778Z,slow,5,85
2144,2026-08-04T08:59:11.885521Z,fast,3,76
2145,2026-08-04T08:59:12.383933Z,fast,3,76
2145,2026-08-04T08:59:12.888159Z,fast,3,76
2146,2026-08-04T08:59:13.388239Z,fast,5,85
2146,2026-08-04T08:59:13.388240Z,slow,5,85
2146,2026-08-04T08:59:13.887687Z,fast,4,76
2147,2026-08-04T08:59:14.388396Z,fast,2,76
2147,2026-08-04T08:59:14.887750Z,fast,3,76
2148,2026-08-04T08:59:15.388255Z,fast,6,85
2148,2026-08-04T08:59:15.388249Z,slow,6,85
2148,2026-08-04T08:59:15.884754Z,fast,16,76
2149,2026-08-04T08:59:16.387541Z,fast,1,76
2149,2026-08-04T08:59:16.886302Z,fast,2,76
2150,2026-08-04T08:59:17.389015Z,fast,5,83
2150,2026-08-04T08:59:17.389015Z,slow,5,85
2150,2026-08-04T08:59:17.884244Z,fast,3,76
2151,2026-08-04T08:59:18.385325Z,fast,4,76
2151,2026-08-04T08:59:18.884484Z,fast,1,76
2152,2026-08-04T08:59:19.386009Z,fast,4,85
2152,2026-08-04T08:59:19.386001Z,slow,6,85
2152,2026-08-04T08:59:19.889062Z,fast,4,76
2153,2026-08-04T08:59:20.388366Z,fast,5,76
2153,2026-08-04T08:59:20.886658Z,fast,4,76
2154,2026-08-04T08:59:21.385096Z,slow,5,85
2154,2026-08-04T08:59:21.385098Z,fast,5,85
2154,2026-08-04T08:59:21.888439Z,fast,4,76
2155,2026-08-04T08:59:22.388484Z,fast,5,76
2155,2026-08-04T08:59:22.887266Z,fast,4,76
2156,2026-08-04T08:59:23.388640Z,fast,6,85
2156,2026-08-04T08:59:23.388498Z,slow,6,85
2156,2026-08-04T08:59:23.886062Z,fast,3,76
2157,2026-08-04T08:59:24.384415Z,fast,2,76
2157,2026-08-04T08:59:24.887710Z,fast,1,76
2158,2026-08-04T08:59:25.388553Z,fast,5,85
2158,2026-08-04T08:59:25.388528Z,slow,6,85
2158,2026-08-04T08:59:25.888389Z,fast,3,76
2159,2026-08-04T08:59:26.389282Z,fast,4,76
2159,2026-08-04T08:59:26.887393Z,fast,3,76
2160,2026-08-04T08:59:27.387889Z,fast,5,85
2160,2026-08-04T08:59:27.387886Z,slow,6,85
2160,2026-08-04T08:59:27.888132Z,fast,4,76
2161,2026-08-04T08:59:28.389306Z,fast,1,76
2161,2026-08-04T08:59:28.888375Z,fast,3,76
2162,2026-08-04T08:59:29.388506Z,fast,5,84
2162,2026-08-04T08:59:29.388509Z,slow,5,85
2162,2026-08-04T08:59:29.888857Z,fast,4,76
2163,2026-08-04T08:59:30.387503Z,fast,5,76
2163,2026-08-04T08:59:30.888635Z,fast,3,76
2164,2026-08-04T08:59:31.385877Z,fast,4,85
2164,2026-08-04T08:59:31.385863Z,slow,5,85
2164,2026-08-04T08:59:31.887472Z,fast,4,76
2165,2026-08-04T08:59:32.388179Z,fast,3,76
2165,2026-08-04T08:59:32.886988Z,fast,3,76
2166,2026-08-04T08:59:33.387550Z,slow,3,85
2166,2026-08-04T08:59:33.387554Z,fast,3,85
2166,2026-08-04T08:59:33.886138Z,fast,5,76
2167,2026-08-04T08:59:34.386428Z,fast,4,76
2167,2026-08-04T08:59:34.889456Z,fast,4,76
2168,2026-08-04T08:59:35.384797Z,fast,3,85
2168,2026-08-04T08:59:35.384796Z,slow,4,85
2168,2026-08-04T08:59:35.885167Z,fast,4,76
2169,2026-08-04T08:59:36.388467Z,fast,5,76
2169,2026-08-04T08:59:36.886108Z,fast,4,76
2170,2026-08-04T08:59:37.389642Z,fast,2,85
2170,2026-08-04T08:59:37.389622Z,slow,2,85
2170,2026-08-04T08:59:37.888352Z,fast,4,76
2171,2026-08-04T08:59:38.387962Z,fast,5,76
2171,2026-08-04T08:59:38.886862Z,fast,2,76
2172,2026-08-04T08:59:39.389007Z,fast,10,85
2172,2026-08-04T08:59:39.388878Z,slow,10,85
2172,2026-08-04T08:59:39.889826Z,fast,7,76
2173,2026-08-04T08:59:40.387336Z,fast,7,76
2173,2026-08-04T08:59:40.887676Z,fast,5,76
2174,2026-08-04T08:59:41.386527Z,fast,5,77
2174,2026-08-04T08:59:41.386521Z,slow,7,76
2174,2026-08-04T08:59:41.889723Z,fast,4,76
2175,2026-08-04T08:59:42.388912Z,fast,4,76
2175,2026-08-04T08:59:42.887575Z,fast,3,76
2176,2026-08-04T08:59:43.389765Z,fast,4,85
2176,2026-08-04T08:59:43.389760Z,slow,5,85
2176,2026-08-04T08:59:43.888067Z,fast,3,76
2177,2026-08-04T08:59:44.387114Z,fast,3,76
2177,2026-08-04T08:59:44.888585Z,fast,3,76
2178,2026-08-04T08:59:45.387477Z,slow,4,85
2178,2026-08-04T08:59:45.387477Z,fast,4,85
2178,2026-08-04T08:59:45.889097Z,fast,9,76
2179,2026-08-04T08:59:46.389939Z,fast,4,80
2179,2026-08-04T08:59:46.885061Z,fast,5,76
2180,2026-08-04T08:59:47.388210Z,fast,3,83
2180,2026-08-04T08:59:47.388193Z,slow,4,85
2180,2026-08-04T08:59:47.888648Z,fast,3,76
2181,2026-08-04T08:59:48.386054Z,fast,2,76
2181,2026-08-04T08:59:48.888679Z,fast,4,76
2182,2026-08-04T08:59:49.389195Z,fast,4,84
2182,2026-08-04T08:59:49.389177Z,slow,4,85
2182,2026-08-04T08:59:49.888763Z,fast,2,76
2183,2026-08-04T08:59:50.389207Z,fast,3,76
2183,2026-08-04T08:59:50.885164Z,fast,4,76
2184,2026-08-04T08:59:51.389595Z,fast,4,85
2184,2026-08-04T08:59:51.389590Z,slow,5,85
2184,2026-08-04T08:59:51.889267Z,fast,2,76
2185,2026-08-04T08:59:52.389756Z,fast,4,76
2185,2026-08-04T08:59:52.889411Z,fast,3,76
2186,2026-08-04T08:59:53.388090Z,slow,13,85
2186,2026-08-04T08:59:53.388045Z,fast,13,85
2186,2026-08-04T08:59:53.888493Z,fast,1,76
2187,2026-08-04T08:59:54.385340Z,fast,16,76
2187,2026-08-04T08:59:54.886025Z,fast,3,76
2188,2026-08-04T08:59:55.385469Z,fast,14,76
2188,2026-08-04T08:59:55.385508Z,slow,18,76
2188,2026-08-04T08:59:55.890184Z,fast,3,76
2189,2026-08-04T08:59:56.388458Z,fast,3,76
2189,2026-08-04T08:59:56.889019Z,fast,6,76
2190,2026-08-04T08:59:57.388300Z,slow,6,85
2190,2026-08-04T08:59:57.388304Z,fast,9,83
2190,2026-08-04T08:59:57.888522Z,fast,9,76
2191,2026-08-04T08:59:58.390344Z,fast,7,76
2191,2026-08-04T08:59:58.888349Z,fast,3,76
2192,2026-08-04T08:59:59.386344Z,fast,5,84
2192,2026-08-04T08:59:59.386340Z,slow,6,85
2192,2026-08-04T08:59:59.890287Z,fast,6,76
2193,2026-08-04T09:00:00.386757Z,fast,5,76
2193,2026-08-04T09:00:00.888594Z,fast,4,76
2194,2026-08-04T09:00:01.389678Z,fast,4,85
2194,2026-08-04T09:00:01.389668Z,slow,5,85
2194,2026-08-04T09:00:01.890216Z,fast,5,76
2195,2026-08-04T09:00:02.385388Z,fast,3,76
2195,2026-08-04T09:00:02.887510Z,fast,5,76
2196,2026-08-04T09:00:03.385950Z,fast,4,80
2196,2026-08-04T09:00:03.385866Z,slow,9,85
2196,2026-08-04T09:00:03.890385Z,fast,4,76
2197,2026-08-04T09:00:04.390353Z,fast,4,76
2197,2026-08-04T09:00:04.886021Z,fast,4,76
2198,2026-08-04T09:00:05.389370Z,fast,5,85
2198,2026-08-04T09:00:05.389361Z,slow,5,85
2198,2026-08-04T09:00:05.886933Z,fast,26,76
2199,2026-08-04T09:00:06.389169Z,fast,2,76
2199,2026-08-04T09:00:06.885979Z,fast,4,76
2200,2026-08-04T09:00:07.390530Z,fast,5,85
2200,2026-08-04T09:00:07.390523Z,slow,6,85
2200,2026-08-04T09:00:07.889655Z,fast,4,76
2201,2026-08-04T09:00:08.385550Z,fast,1,76
2201,2026-08-04T09:00:08.890542Z,fast,4,76
2202,2026-08-04T09:00:09.385870Z,fast,6,83
2202,2026-08-04T09:00:09.385870Z,slow,6,85
2202,2026-08-04T09:00:09.889808Z,fast,5,76
2203,2026-08-04T09:00:10.389747Z,fast,1,76
2203,2026-08-04T09:00:10.885838Z,fast,3,76
2204,2026-08-04T09:00:11.390580Z,fast,4,83
2204,2026-08-04T09:00:11.390581Z,slow,5,85
2204,2026-08-04T09:00:11.890630Z,fast,4,76
2205,2026-08-04T09:00:12.386670Z,fast,2,76
2205,2026-08-04T09:00:12.889900Z,fast,3,76
2206,2026-08-04T09:00:13.390700Z,fast,4,85
2206,2026-08-04T09:00:13.390671Z,slow,4,85
2206,2026-08-04T09:00:13.887687Z,fast,5,76
2207,2026-08-04T09:00:14.389267Z,fast,4,76
2207,2026-08-04T09:00:14.890668Z,fast,4,76
2208,2026-08-04T09:00:15.389207Z,fast,4,84
2208,2026-08-04T09:00:15.389204Z,slow,5,85
2208,2026-08-04T09:00:15.890616Z,fast,27,76
2209,2026-08-04T09:00:16.389242Z,fast,1,76
2209,2026-08-04T09:00:16.888883Z,fast,4,76
2210,2026-08-04T09:00:17.390807Z,slow,5,85
2210,2026-08-04T09:00:17.390808Z,fast,5,84
2210,2026-08-04T09:00:17.891478Z,fast,3,76
2211,2026-08-04T09:00:18.388200Z,fast,3,76
2211,2026-08-04T09:00:18.886302Z,fast,2,76
2212,2026-08-04T09:00:19.388345Z,fast,3,83
2212,2026-08-04T09:00:19.388346Z,slow,4,85
2212,2026-08-04T09:00:19.885893Z,fast,3,76
2213,2026-08-04T09:00:20.391115Z,fast,13,76
2213,2026-08-04T09:00:20.890348Z,fast,3,76
2214,2026-08-04T09:00:21.386681Z,fast,4,84
2214,2026-08-04T09:00:21.386655Z,slow,4,85
2214,2026-08-04T09:00:21.890909Z,fast,4,76
2215,2026-08-04T09:00:22.391017Z,fast,5,76
2215,2026-08-04T09:00:22.889196Z,fast,2,76
2216,2026-08-04T09:00:23.390153Z,fast,2,83
2216,2026-08-04T09:00:23.390149Z,slow,4,85
2216,2026-08-04T09:00:23.886069Z,fast,2,76
2217,2026-08-04T09:00:24.385975Z,fast,3,76
2217,2026-08-04T09:00:24.888829Z,fast,1,76
2218,2026-08-04T09:00:25.389322Z,fast,4,85
2218,2026-08-04T09:00:25.389218Z,slow,5,85
2218,2026-08-04T09:00:25.886965Z,fast,25,76
2219,2026-08-04T09:00:26.391041Z,fast,2,76
2219,2026-08-04T09:00:26.889266Z,fast,4,76
2220,2026-08-04T09:00:27.389934Z,fast,4,76
2220,2026-08-04T09:00:27.389856Z,slow,6,85
2220,2026-08-04T09:00:27.888818Z,fast,4,76
2221,2026-08-04T09:00:28.388744Z,fast,1,76
2221,2026-08-04T09:00:28.887768Z,fast,4,76
2222,2026-08-04T09:00:29.388736Z,fast,4,83
2222,2026-08-04T09:00:29.388729Z,slow,5,85
2222,2026-08-04T09:00:29.890408Z,fast,2,76
2223,2026-08-04T09:00:30.388152Z,fast,4,76
2223,2026-08-04T09:00:30.889889Z,fast,4,76
2224,2026-08-04T09:00:31.390337Z,fast,5,85
2224,2026-08-04T09:00:31.390337Z,slow,6,85
2224,2026-08-04T09:00:31.891233Z,fast,4,76
2225,2026-08-04T09:00:32.390242Z,fast,3,76
2225,2026-08-04T09:00:32.891261Z,fast,4,76
2226,2026-08-04T09:00:33.389433Z,slow,4,85
2226,2026-08-04T09:00:33.389452Z,fast,4,85
2226,2026-08-04T09:00:33.886770Z,fast,5,76
2227,2026-08-04T09:00:34.389804Z,fast,4,76
2227,2026-08-04T09:00:34.891234Z,fast,5,76
2228,2026-08-04T09:00:35.386838Z,fast,4,85
2228,2026-08-04T09:00:35.386838Z,slow,6,84
2228,2026-08-04T09:00:35.889360Z,fast,6,76
2229,2026-08-04T09:00:36.390287Z,fast,4,76
2229,2026-08-04T09:00:36.890608Z,fast,5,76
2230,2026-08-04T09:00:37.387778Z,slow,5,85
2230,2026-08-04T09:00:37.387774Z,fast,5,84
2230,2026-08-04T09:00:37.889549Z,fast,5,76
2231,2026-08-04T09:00:38.390219Z,fast,5,76
2231,2026-08-04T09:00:38.890613Z,fast,6,76
2232,2026-08-04T09:00:39.387133Z,fast,3,83
2232,2026-08-04T09:00:39.387138Z,slow,5,85
2232,2026-08-04T09:00:39.891463Z,fast,5,76
2233,2026-08-04T09:00:40.390485Z,fast,4,76
2233,2026-08-04T09:00:40.890636Z,fast,4,76
2234,2026-08-04T09:00:41.387020Z,fast,3,85
2234,2026-08-04T09:00:41.387018Z,slow,4,85
2234,2026-08-04T09:00:41.890866Z,fast,3,76
2235,2026-08-04T09:00:42.390291Z,fast,4,76
2235,2026-08-04T09:00:42.890154Z,fast,4,76
2236,2026-08-04T09:00:43.388583Z,fast,3,85
2236,2026-08-04T09:00:43.388580Z,slow,3,83
2236,2026-08-04T09:00:43.891408Z,fast,3,76
2237,2026-08-04T09:00:44.390680Z,fast,3,76
2237,2026-08-04T09:00:44.891057Z,fast,4,76
2238,2026-08-04T09:00:45.389195Z,fast,4,85
2238,2026-08-04T09:00:45.389167Z,slow,5,85
2238,2026-08-04T09:00:45.887062Z,fast,18,76
2239,2026-08-04T09:00:46.390586Z,fast,1,80
2239,2026-08-04T09:00:46.889457Z,fast,5,76
2240,2026-08-04T09:00:47.388580Z,fast,42,85
2240,2026-08-04T09:00:47.388581Z,slow,59,84
2240,2026-08-04T09:00:47.890439Z,fast,8,76
2241,2026-08-04T09:00:48.389580Z,fast,3,76
2241,2026-08-04T09:00:48.891724Z,fast,3,76
2242,2026-08-04T09:00:49.391611Z,fast,4,85
2242,2026-08-04T09:00:49.391616Z,slow,4,85
2242,2026-08-04T09:00:49.890289Z,fast,5,76
2243,2026-08-04T09:00:50.390682Z,fast,3,76
2243,2026-08-04T09:00:50.894255Z,fast,11,76
2244,2026-08-04T09:00:51.389746Z,fast,2,83
2244,2026-08-04T09:00:51.389707Z,slow,4,85
2244,2026-08-04T09:00:51.891434Z,fast,5,76
2245,2026-08-04T09:00:52.391820Z,fast,4,76
2245,2026-08-04T09:00:52.890241Z,fast,4,76
2246,2026-08-04T09:00:53.390017Z,fast,8,85
2246,2026-08-04T09:00:53.390018Z,slow,8,85
2246,2026-08-04T09:00:53.891259Z,fast,6,76
2247,2026-08-04T09:00:54.391850Z,fast,2,76
2247,2026-08-04T09:00:54.891897Z,fast,4,76
2248,2026-08-04T09:00:55.391941Z,fast,7,83
2248,2026-08-04T09:00:55.391941Z,slow,9,76
2248,2026-08-04T09:00:55.887782Z,fast,48,76
2249,2026-08-04T09:00:56.391004Z,fast,1,76
2249,2026-08-04T09:00:56.888623Z,fast,6,76
2250,2026-08-04T09:00:57.391091Z,fast,3,81
2250,2026-08-04T09:00:57.391082Z,slow,4,85
2250,2026-08-04T09:00:57.890160Z,fast,4,76
2251,2026-08-04T09:00:58.391795Z,fast,2,76
2251,2026-08-04T09:00:58.891188Z,fast,2,76
2252,2026-08-04T09:00:59.389984Z,fast,8,85
2252,2026-08-04T09:00:59.389977Z,slow,10,85
2252,2026-08-04T09:00:59.891173Z,fast,3,76
2253,2026-08-04T09:01:00.391186Z,fast,3,76
2253,2026-08-04T09:01:00.890722Z,fast,5,76
2254,2026-08-04T09:01:01.392220Z,fast,4,84
2254,2026-08-04T09:01:01.392195Z,slow,4,85
2254,2026-08-04T09:01:01.892130Z,fast,4,76
2255,2026-08-04T09:01:02.390265Z,fast,4,76
2255,2026-08-04T09:01:02.891172Z,fast,7,76
2256,2026-08-04T09:01:03.391337Z,fast,5,85
2256,2026-08-04T09:01:03.391324Z,slow,6,85
2256,2026-08-04T09:01:03.891915Z,fast,3,76
2257,2026-08-04T09:01:04.390843Z,fast,2,76
2257,2026-08-04T09:01:04.888830Z,fast,2,76
2258,2026-08-04T09:01:05.392210Z,slow,5,85
2258,2026-08-04T09:01:05.392210Z,fast,6,85
2258,2026-08-04T09:01:05.892108Z,fast,13,76
2259,2026-08-04T09:01:06.391294Z,fast,1,76
2259,2026-08-04T09:01:06.891Z,fast,3,76
2260,2026-08-04T09:01:07.391480Z,fast,4,83
2260,2026-08-04T09:01:07.391555Z,slow,6,85
2260,2026-08-04T09:01:07.891341Z,fast,2,76
2261,2026-08-04T09:01:08.392252Z,fast,3,76
2261,2026-08-04T09:01:08.891449Z,fast,3,76
2262,2026-08-04T09:01:09.391659Z,slow,2,85
2262,2026-08-04T09:01:09.391848Z,fast,2,85
2262,2026-08-04T09:01:09.892317Z,fast,5,76
2263,2026-08-04T09:01:10.392315Z,fast,1,76
2263,2026-08-04T09:01:10.891446Z,fast,3,76
2264,2026-08-04T09:01:11.391480Z,fast,8,83
2264,2026-08-04T09:01:11.391844Z,slow,13,76
2264,2026-08-04T09:01:11.892623Z,fast,4,76
2265,2026-08-04T09:01:12.391724Z,fast,2,76
2265,2026-08-04T09:01:12.892422Z,fast,3,76
2266,2026-08-04T09:01:13.390079Z,slow,3,85
2266,2026-08-04T09:01:13.390079Z,fast,3,85
2266,2026-08-04T09:01:13.891541Z,fast,4,76
2267,2026-08-04T09:01:14.389881Z,fast,3,76
2267,2026-08-04T09:01:14.892550Z,fast,3,76
2268,2026-08-04T09:01:15.391570Z,fast,2,85
2268,2026-08-04T09:01:15.391570Z,slow,3,85
2268,2026-08-04T09:01:15.890667Z,fast,37,76
2269,2026-08-04T09:01:16.392538Z,fast,3,76
2269,2026-08-04T09:01:16.891599Z,fast,3,76
2270,2026-08-04T09:01:17.392644Z,fast,4,83
2270,2026-08-04T09:01:17.392639Z,slow,4,85
2270,2026-08-04T09:01:17.889350Z,fast,3,76
2271,2026-08-04T09:01:18.392712Z,fast,4,76
2271,2026-08-04T09:01:18.891703Z,fast,3,76
2272,2026-08-04T09:01:19.391843Z,fast,4,85
2272,2026-08-04T09:01:19.391698Z,slow,5,85
2272,2026-08-04T09:01:19.888989Z,fast,2,76
2273,2026-08-04T09:01:20.391976Z,fast,3,76
2273,2026-08-04T09:01:20.892633Z,fast,2,76
2274,2026-08-04T09:01:21.388496Z,fast,4,85
2274,2026-08-04T09:01:21.388469Z,slow,4,85
2274,2026-08-04T09:01:21.892674Z,fast,3,76
2275,2026-08-04T09:01:22.390528Z,fast,4,76
2275,2026-08-04T09:01:22.892639Z,fast,3,76
2276,2026-08-04T09:01:23.391791Z,fast,3,85
2276,2026-08-04T09:01:23.391789Z,slow,4,85
2276,2026-08-04T09:01:23.888384Z,fast,4,76
2277,2026-08-04T09:01:24.391344Z,fast,3,76
2277,2026-08-04T09:01:24.891826Z,fast,1,76
2278,2026-08-04T09:01:25.392845Z,fast,4,85
2278,2026-08-04T09:01:25.392832Z,slow,5,85
2278,2026-08-04T09:01:25.892149Z,fast,20,76
2279,2026-08-04T09:01:26.391842Z,fast,3,76
2279,2026-08-04T09:01:26.891914Z,fast,4,76
2280,2026-08-04T09:01:27.388947Z,fast,6,85
2280,2026-08-04T09:01:27.388949Z,slow,7,85
2280,2026-08-04T09:01:27.892903Z,fast,6,76
2281,2026-08-04T09:01:28.391028Z,fast,2,76
2281,2026-08-04T09:01:28.890985Z,fast,1,76
2282,2026-08-04T09:01:29.396426Z,slow,19,76
2282,2026-08-04T09:01:29.396425Z,fast,10,85
2282,2026-08-04T09:01:29.892975Z,fast,5,76
2283,2026-08-04T09:01:30.392341Z,fast,6,76
2283,2026-08-04T09:01:30.892122Z,fast,5,76
2284,2026-08-04T09:01:31.392020Z,fast,4,84
2284,2026-08-04T09:01:31.392020Z,slow,6,85
2284,2026-08-04T09:01:31.892221Z,fast,4,76
2285,2026-08-04T09:01:32.391270Z,fast,4,76
2285,2026-08-04T09:01:32.892753Z,fast,4,76
2286,2026-08-04T09:01:33.392644Z,fast,2,85
2286,2026-08-04T09:01:33.392644Z,slow,2,84
2286,2026-08-04T09:01:33.892731Z,fast,2,76
2287,2026-08-04T09:01:34.388112Z,fast,4,76
2287,2026-08-04T09:01:34.893092Z,fast,4,76
2288,2026-08-04T09:01:35.391213Z,fast,3,85
2288,2026-08-04T09:01:35.391212Z,slow,4,85
2288,2026-08-04T09:01:35.892153Z,fast,16,76
2289,2026-08-04T09:01:36.392157Z,fast,4,76
2289,2026-08-04T09:01:36.888537Z,fast,4,76
2290,2026-08-04T09:01:37.391993Z,fast,5,85
2290,2026-08-04T09:01:37.391982Z,slow,5,85
2290,2026-08-04T09:01:37.892477Z,fast,3,76
2291,2026-08-04T09:01:38.391438Z,fast,3,76
2291,2026-08-04T09:01:38.892343Z,fast,3,76
2292,2026-08-04T09:01:39.391806Z,fast,3,84
2292,2026-08-04T09:01:39.391806Z,slow,5,85
2292,2026-08-04T09:01:39.892263Z,fast,4,76
2293,2026-08-04T09:01:40.390831Z,fast,5,76
2293,2026-08-04T09:01:40.893301Z,fast,4,76
2294,2026-08-04T09:01:41.393121Z,slow,3,85
2294,2026-08-04T09:01:41.393126Z,fast,4,85
2294,2026-08-04T09:01:41.892167Z,fast,3,76
2295,2026-08-04T09:01:42.392458Z,fast,4,76
2295,2026-08-04T09:01:42.892345Z,fast,4,76
2296,2026-08-04T09:01:43.391257Z,fast,5,84
2296,2026-08-04T09:01:43.391255Z,slow,7,85
2296,2026-08-04T09:01:43.892378Z,fast,5,76
2297,2026-08-04T09:01:44.392994Z,fast,3,76
2297,2026-08-04T09:01:44.892418Z,fast,2,76
2298,2026-08-04T09:01:45.392377Z,slow,2,85
2298,2026-08-04T09:01:45.392385Z,fast,2,85
2298,2026-08-04T09:01:45.890025Z,fast,14,76
2299,2026-08-04T09:01:46.392379Z,fast,2,80
2299,2026-08-04T09:01:46.889923Z,fast,3,76
2300,2026-08-04T09:01:47.393477Z,fast,4,76
2300,2026-08-04T09:01:47.393507Z,slow,4,85
2300,2026-08-04T09:01:47.892429Z,fast,3,76
2301,2026-08-04T09:01:48.388903Z,fast,2,76
2301,2026-08-04T09:01:48.889066Z,fast,3,76
2302,2026-08-04T09:01:49.393513Z,fast,3,85
2302,2026-08-04T09:01:49.393513Z,slow,3,85
2302,2026-08-04T09:01:49.891638Z,fast,4,76
2303,2026-08-04T09:01:50.392595Z,fast,5,76
2303,2026-08-04T09:01:50.893600Z,fast,4,76
2304,2026-08-04T09:01:51.388849Z,fast,6,83
2304,2026-08-04T09:01:51.388827Z,slow,6,85
2304,2026-08-04T09:01:51.892391Z,fast,4,76
2305,2026-08-04T09:01:52.393187Z,fast,3,76
2305,2026-08-04T09:01:52.892233Z,fast,4,76
2306,2026-08-04T09:01:53.393660Z,fast,4,85
2306,2026-08-04T09:01:53.393660Z,slow,4,85
2306,2026-08-04T09:01:53.893919Z,fast,3,76
2307,2026-08-04T09:01:54.392842Z,fast,4,76
2307,2026-08-04T09:01:54.891952Z,fast,3,76
2308,2026-08-04T09:01:55.389680Z,fast,4,83
2308,2026-08-04T09:01:55.389680Z,slow,5,85
2308,2026-08-04T09:01:55.891855Z,fast,24,76
2309,2026-08-04T09:01:56.392817Z,fast,8,76
2309,2026-08-04T09:01:56.892749Z,fast,5,76
2310,2026-08-04T09:01:57.392716Z,fast,3,84
2310,2026-08-04T09:01:57.392710Z,slow,3,85
2310,2026-08-04T09:01:57.892822Z,fast,3,76
2311,2026-08-04T09:01:58.388907Z,fast,4,76
2311,2026-08-04T09:01:58.892465Z,fast,6,76
2312,2026-08-04T09:01:59.393837Z,fast,6,84
2312,2026-08-04T09:01:59.393836Z,slow,7,85
2312,2026-08-04T09:01:59.893884Z,fast,3,76
2313,2026-08-04T09:02:00.393563Z,fast,3,76
2313,2026-08-04T09:02:00.891186Z,fast,4,76
2314,2026-08-04T09:02:01.393902Z,slow,5,85
2314,2026-08-04T09:02:01.393903Z,fast,5,85
2314,2026-08-04T09:02:01.892861Z,fast,2,76
2315,2026-08-04T09:02:02.393049Z,fast,5,76
2315,2026-08-04T09:02:02.893140Z,fast,28,76
2316,2026-08-04T09:02:03.393960Z,fast,7,84
2316,2026-08-04T09:02:03.393958Z,slow,10,85
2316,2026-08-04T09:02:03.892888Z,fast,1,76
2317,2026-08-04T09:02:04.392854Z,fast,4,76
2317,2026-08-04T09:02:04.891993Z,fast,4,76
2318,2026-08-04T09:02:05.390477Z,fast,4,85
2318,2026-08-04T09:02:05.390424Z,slow,5,85
2318,2026-08-04T09:02:05.890165Z,fast,27,76
2319,2026-08-04T09:02:06.392959Z,fast,2,76
2319,2026-08-04T09:02:06.893278Z,fast,4,76
2320,2026-08-04T09:02:07.394096Z,fast,5,84
2320,2026-08-04T09:02:07.394086Z,slow,5,85
2320,2026-08-04T09:02:07.893043Z,fast,4,76
2321,2026-08-04T09:02:08.393007Z,fast,6,76
2321,2026-08-04T09:02:08.892718Z,fast,3,76
2322,2026-08-04T09:02:09.389994Z,slow,4,85
2322,2026-08-04T09:02:09.390002Z,fast,5,84
2322,2026-08-04T09:02:09.893091Z,fast,4,76
2323,2026-08-04T09:02:10.392739Z,fast,2,76
2323,2026-08-04T09:02:10.894204Z,fast,4,76
2324,2026-08-04T09:02:11.393158Z,fast,5,85
2324,2026-08-04T09:02:11.393158Z,slow,6,85
2324,2026-08-04T09:02:11.894187Z,fast,2,76
2325,2026-08-04T09:02:12.394218Z,fast,4,76
2325,2026-08-04T09:02:12.894434Z,fast,7,76
2326,2026-08-04T09:02:13.393056Z,fast,6,80
2326,2026-08-04T09:02:13.393067Z,slow,8,85
2326,2026-08-04T09:02:13.894121Z,fast,5,76
2327,2026-08-04T09:02:14.392826Z,fast,1,76
2327,2026-08-04T09:02:14.893065Z,fast,4,76
2328,2026-08-04T09:02:15.390321Z,fast,6,76
2328,2026-08-04T09:02:15.390035Z,slow,19,85
2328,2026-08-04T09:02:15.891434Z,fast,34,76
2329,2026-08-04T09:02:16.393270Z,fast,9,76
2329,2026-08-04T09:02:16.893110Z,fast,4,76
2330,2026-08-04T09:02:17.392584Z,fast,8,85
2330,2026-08-04T09:02:17.392512Z,slow,11,85
2330,2026-08-04T09:02:17.893088Z,fast,14,76
2331,2026-08-04T09:02:18.394541Z,fast,7,76
2331,2026-08-04T09:02:18.903953Z,fast,9,76
2332,2026-08-04T09:02:19.389899Z,fast,7,83
2332,2026-08-04T09:02:19.389595Z,slow,8,85
2332,2026-08-04T09:02:19.889737Z,fast,4,76
2333,2026-08-04T09:02:20.394436Z,fast,3,76
2333,2026-08-04T09:02:20.915657Z,fast,12,76
2334,2026-08-04T09:02:21.393501Z,fast,9,84
2334,2026-08-04T09:02:21.393514Z,slow,9,85
2334,2026-08-04T09:02:21.893943Z,fast,5,76
2335,2026-08-04T09:02:22.390504Z,fast,3,76
2335,2026-08-04T09:02:22.892828Z,fast,5,76
2336,2026-08-04T09:02:23.393895Z,fast,5,85
2336,2026-08-04T09:02:23.393895Z,slow,7,85
2336,2026-08-04T09:02:23.893431Z,fast,4,76
2337,2026-08-04T09:02:24.390048Z,fast,4,76
2337,2026-08-04T09:02:24.893469Z,fast,3,76
2338,2026-08-04T09:02:25.389869Z,fast,4,77
2338,2026-08-04T09:02:25.389864Z,slow,6,85
2338,2026-08-04T09:02:25.893357Z,fast,15,76
2339,2026-08-04T09:02:26.394605Z,fast,1,76
2339,2026-08-04T09:02:26.894125Z,fast,9,76
2340,2026-08-04T09:02:27.390889Z,fast,4,85
2340,2026-08-04T09:02:27.390880Z,slow,5,85
2340,2026-08-04T09:02:27.891105Z,fast,3,76
2341,2026-08-04T09:02:28.390252Z,fast,1,76
2341,2026-08-04T09:02:28.893611Z,fast,4,76
2342,2026-08-04T09:02:29.393242Z,fast,2,84
2342,2026-08-04T09:02:29.393235Z,slow,2,85
2342,2026-08-04T09:02:29.895327Z,fast,13,76
2343,2026-08-04T09:02:30.394790Z,fast,3,76
2343,2026-08-04T09:02:30.893548Z,fast,4,76
2344,2026-08-04T09:02:31.392207Z,fast,3,77
2344,2026-08-04T09:02:31.392201Z,slow,5,85
2344,2026-08-04T09:02:31.891382Z,fast,4,76
2345,2026-08-04T09:02:32.390347Z,fast,5,76
2345,2026-08-04T09:02:32.892660Z,fast,4,76
2346,2026-08-04T09:02:33.394107Z,fast,3,85
2346,2026-08-04T09:02:33.394099Z,slow,3,85
2346,2026-08-04T09:02:33.894949Z,fast,4,76
2347,2026-08-04T09:02:34.393560Z,fast,3,76
2347,2026-08-04T09:02:34.892714Z,fast,3,76
2348,2026-08-04T09:02:35.389885Z,fast,4,85
2348,2026-08-04T09:02:35.389885Z,slow,4,85
2348,2026-08-04T09:02:35.894304Z,fast,24,76
2349,2026-08-04T09:02:36.391253Z,fast,5,76
2349,2026-08-04T09:02:36.891870Z,fast,3,76
2350,2026-08-04T09:02:37.394162Z,fast,5,83
2350,2026-08-04T09:02:37.394095Z,slow,5,85
2350,2026-08-04T09:02:37.893805Z,fast,4,76
2351,2026-08-04T09:02:38.390508Z,fast,4,76
2351,2026-08-04T09:02:38.891244Z,fast,3,76
2352,2026-08-04T09:02:39.393575Z,fast,2,85
2352,2026-08-04T09:02:39.393569Z,slow,3,85
2352,2026-08-04T09:02:39.895065Z,fast,4,76
2353,2026-08-04T09:02:40.394703Z,fast,4,76
2353,2026-08-04T09:02:40.893850Z,fast,5,76
2354,2026-08-04T09:02:41.391074Z,fast,4,85
2354,2026-08-04T09:02:41.391075Z,slow,4,85
2354,2026-08-04T09:02:41.895138Z,fast,4,76
2355,2026-08-04T09:02:42.393354Z,fast,4,76
2355,2026-08-04T09:02:42.893930Z,fast,5,76
2356,2026-08-04T09:02:43.395195Z,fast,4,85
2356,2026-08-04T09:02:43.395191Z,slow,7,85
2356,2026-08-04T09:02:43.894006Z,fast,4,76
2357,2026-08-04T09:02:44.390732Z,fast,4,76
2357,2026-08-04T09:02:44.893931Z,fast,4,76
2358,2026-08-04T09:02:45.395246Z,fast,4,85
2358,2026-08-04T09:02:45.395237Z,slow,4,85
2358,2026-08-04T09:02:45.890598Z,fast,16,76
2359,2026-08-04T09:02:46.395259Z,fast,2,80
2359,2026-08-04T09:02:46.893418Z,fast,4,76
2360,2026-08-04T09:02:47.390792Z,fast,5,85
2360,2026-08-04T09:02:47.390782Z,slow,6,85
2360,2026-08-04T09:02:47.895317Z,fast,2,76
2361,2026-08-04T09:02:48.390835Z,fast,4,76
2361,2026-08-04T09:02:48.893921Z,fast,3,76
2362,2026-08-04T09:02:49.394041Z,fast,4,85
2362,2026-08-04T09:02:49.394039Z,slow,4,85
2362,2026-08-04T09:02:49.894855Z,fast,2,76
2363,2026-08-04T09:02:50.395127Z,fast,4,76
2363,2026-08-04T09:02:50.890564Z,fast,2,76
2364,2026-08-04T09:02:51.395437Z,fast,6,85
2364,2026-08-04T09:02:51.395435Z,slow,7,85
2364,2026-08-04T09:02:51.895431Z,fast,4,76
2365,2026-08-04T09:02:52.390951Z,fast,4,76
2365,2026-08-04T09:02:52.894305Z,fast,4,76
2366,2026-08-04T09:02:53.393655Z,slow,5,85
2366,2026-08-04T09:02:53.393661Z,fast,5,85
2366,2026-08-04T09:02:53.895230Z,fast,3,76
2367,2026-08-04T09:02:54.395498Z,fast,3,76
2367,2026-08-04T09:02:54.894335Z,fast,3,76
2368,2026-08-04T09:02:55.395491Z,fast,3,85
2368,2026-08-04T09:02:55.395496Z,slow,4,85
2368,2026-08-04T09:02:55.893133Z,fast,10,76
2369,2026-08-04T09:02:56.391038Z,fast,4,76
2369,2026-08-04T09:02:56.892417Z,fast,6,76
2370,2026-08-04T09:02:57.393786Z,fast,4,85
2370,2026-08-04T09:02:57.393785Z,slow,4,85
2370,2026-08-04T09:02:57.894282Z,fast,3,76
2371,2026-08-04T09:02:58.395614Z,fast,4,76
2371,2026-08-04T09:02:58.894856Z,fast,2,76
2372,2026-08-04T09:02:59.394483Z,fast,3,85
2372,2026-08-04T09:02:59.394483Z,slow,4,85
2372,2026-08-04T09:02:59.891698Z,fast,3,76
2373,2026-08-04T09:03:00.393789Z,fast,4,76
2373,2026-08-04T09:03:00.895452Z,fast,4,76
2374,2026-08-04T09:03:01.393935Z,fast,5,85
2374,2026-08-04T09:03:01.393936Z,slow,5,85
2374,2026-08-04T09:03:01.894494Z,fast,4,76
2375,2026-08-04T09:03:02.395726Z,fast,5,76
2375,2026-08-04T09:03:02.893677Z,fast,3,76
2376,2026-08-04T09:03:03.395838Z,fast,5,83
2376,2026-08-04T09:03:03.395799Z,slow,7,85
2376,2026-08-04T09:03:03.891942Z,fast,2,76
2377,2026-08-04T09:03:04.391127Z,fast,2,76
2377,2026-08-04T09:03:04.894111Z,fast,4,76
2378,2026-08-04T09:03:05.395032Z,fast,5,85
2378,2026-08-04T09:03:05.395032Z,slow,5,85
2378,2026-08-04T09:03:05.891317Z,fast,23,76
2379,2026-08-04T09:03:06.392280Z,fast,1,76
2379,2026-08-04T09:03:06.895866Z,fast,4,76
2380,2026-08-04T09:03:07.393958Z,fast,4,83
2380,2026-08-04T09:03:07.393915Z,slow,6,85
2380,2026-08-04T09:03:07.895838Z,fast,3,76
2381,2026-08-04T09:03:08.395919Z,fast,3,76
2381,2026-08-04T09:03:08.893771Z,fast,3,76
2382,2026-08-04T09:03:09.394110Z,fast,4,85
2382,2026-08-04T09:03:09.394115Z,slow,4,85
2382,2026-08-04T09:03:09.894847Z,fast,2,76
2383,2026-08-04T09:03:10.395984Z,fast,4,76
2383,2026-08-04T09:03:10.894312Z,fast,4,76
2384,2026-08-04T09:03:11.395768Z,fast,5,85
2384,2026-08-04T09:03:11.395761Z,slow,5,85
2384,2026-08-04T09:03:11.895072Z,fast,3,76
2385,2026-08-04T09:03:12.393542Z,fast,4,76
2385,2026-08-04T09:03:12.893867Z,fast,3,76
2386,2026-08-04T09:03:13.396005Z,fast,6,85
2386,2026-08-04T09:03:13.396001Z,slow,6,85
2386,2026-08-04T09:03:13.895621Z,fast,4,76
2387,2026-08-04T09:03:14.394846Z,fast,4,76
2387,2026-08-04T09:03:14.895717Z,fast,4,76
2388,2026-08-04T09:03:15.394247Z,fast,5,85
2388,2026-08-04T09:03:15.394243Z,slow,6,85
2388,2026-08-04T09:03:15.893322Z,fast,14,76
2389,2026-08-04T09:03:16.393300Z,fast,1,76
2389,2026-08-04T09:03:16.894427Z,fast,4,76
2390,2026-08-04T09:03:17.391650Z,fast,3,84
2390,2026-08-04T09:03:17.391649Z,slow,3,85
2390,2026-08-04T09:03:17.895178Z,fast,4,76
2391,2026-08-04T09:03:18.396175Z,fast,2,76
2391,2026-08-04T09:03:18.896242Z,fast,4,76
2392,2026-08-04T09:03:19.396266Z,fast,3,85
2392,2026-08-04T09:03:19.396259Z,slow,3,85
2392,2026-08-04T09:03:19.894370Z,fast,4,76
2393,2026-08-04T09:03:20.394086Z,fast,3,76
2393,2026-08-04T09:03:20.894761Z,fast,3,76
2394,2026-08-04T09:03:21.392129Z,fast,4,85
2394,2026-08-04T09:03:21.392123Z,slow,4,85
2394,2026-08-04T09:03:21.895660Z,fast,4,76
2395,2026-08-04T09:03:22.396017Z,fast,4,76
2395,2026-08-04T09:03:22.894208Z,fast,2,76
2396,2026-08-04T09:03:23.394816Z,fast,4,85
2396,2026-08-04T09:03:23.394791Z,slow,5,85
2396,2026-08-04T09:03:23.894926Z,fast,5,76
2397,2026-08-04T09:03:24.391456Z,fast,5,76
2397,2026-08-04T09:03:24.891473Z,fast,1,76
2398,2026-08-04T09:03:25.394020Z,fast,5,83
2398,2026-08-04T09:03:25.394039Z,slow,6,85
2398,2026-08-04T09:03:25.894416Z,fast,12,76
2399,2026-08-04T09:03:26.396365Z,fast,5,76
2399,2026-08-04T09:03:26.894310Z,fast,3,76
2400,2026-08-04T09:03:27.396292Z,fast,6,85
2400,2026-08-04T09:03:27.396290Z,slow,6,85
2400,2026-08-04T09:03:27.891951Z,fast,4,76
2401,2026-08-04T09:03:28.393191Z,fast,2,76
2401,2026-08-04T09:03:28.895104Z,fast,3,76
2402,2026-08-04T09:03:29.396515Z,fast,3,85
2402,2026-08-04T09:03:29.396514Z,slow,3,85
2402,2026-08-04T09:03:29.894420Z,fast,4,76
2403,2026-08-04T09:03:30.395433Z,fast,4,76
2403,2026-08-04T09:03:30.893229Z,fast,2,76
2404,2026-08-04T09:03:31.396581Z,fast,5,85
2404,2026-08-04T09:03:31.396577Z,slow,6,85
2404,2026-08-04T09:03:31.895315Z,fast,3,76
2405,2026-08-04T09:03:32.396628Z,fast,4,76
2405,2026-08-04T09:03:32.894581Z,fast,4,76
2406,2026-08-04T09:03:33.392183Z,fast,6,85
2406,2026-08-04T09:03:33.392183Z,slow,6,85
2406,2026-08-04T09:03:33.891794Z,fast,3,76
2407,2026-08-04T09:03:34.395490Z,fast,3,76
2407,2026-08-04T09:03:34.892392Z,fast,3,76
2408,2026-08-04T09:03:35.394762Z,fast,5,85
2408,2026-08-04T09:03:35.394687Z,slow,6,85
2408,2026-08-04T09:03:35.895441Z,fast,27,76
2409,2026-08-04T09:03:36.395140Z,fast,2,76
2409,2026-08-04T09:03:36.896747Z,fast,2,76
2410,2026-08-04T09:03:37.393987Z,fast,3,85
2410,2026-08-04T09:03:37.393981Z,slow,3,85
2410,2026-08-04T09:03:37.894383Z,fast,2,76
2411,2026-08-04T09:03:38.395484Z,fast,3,76
2411,2026-08-04T09:03:38.896178Z,fast,3,76
2412,2026-08-04T09:03:39.396872Z,fast,5,85
2412,2026-08-04T09:03:39.396871Z,slow,6,85
2412,2026-08-04T09:03:39.894376Z,fast,4,76
2413,2026-08-04T09:03:40.395464Z,fast,4,76
2413,2026-08-04T09:03:40.893895Z,fast,5,76
2414,2026-08-04T09:03:41.394664Z,fast,2,85
2414,2026-08-04T09:03:41.394657Z,slow,2,85
2414,2026-08-04T09:03:41.896926Z,fast,2,76
2415,2026-08-04T09:03:42.394724Z,fast,4,76
2415,2026-08-04T09:03:42.895266Z,fast,4,76
2416,2026-08-04T09:03:43.394176Z,fast,2,85
2416,2026-08-04T09:03:43.394169Z,slow,3,85
2416,2026-08-04T09:03:43.893417Z,fast,4,76
2417,2026-08-04T09:03:44.394756Z,fast,2,76
2417,2026-08-04T09:03:44.892633Z,fast,4,76
2418,2026-08-04T09:03:45.395820Z,slow,3,85
2418,2026-08-04T09:03:45.395819Z,fast,3,85
2418,2026-08-04T09:03:45.892020Z,fast,9,76
2419,2026-08-04T09:03:46.394949Z,fast,3,80
2419,2026-08-04T09:03:46.894940Z,fast,4,76
2420,2026-08-04T09:03:47.394733Z,fast,4,85
2420,2026-08-04T09:03:47.394725Z,slow,5,85
2420,2026-08-04T09:03:47.895201Z,fast,3,76
2421,2026-08-04T09:03:48.397096Z,fast,2,76
2421,2026-08-04T09:03:48.897131Z,fast,3,76
2422,2026-08-04T09:03:49.397162Z,fast,5,83
2422,2026-08-04T09:03:49.397162Z,slow,5,85
2422,2026-08-04T09:03:49.896774Z,fast,4,76
2423,2026-08-04T09:03:50.392631Z,fast,4,76
2423,2026-08-04T09:03:50.895686Z,fast,4,76
2424,2026-08-04T09:03:51.394943Z,fast,3,85
2424,2026-08-04T09:03:51.394937Z,slow,4,85
2424,2026-08-04T09:03:51.896241Z,fast,3,76
2425,2026-08-04T09:03:52.392846Z,fast,4,76
2425,2026-08-04T09:03:52.894904Z,fast,4,76
2426,2026-08-04T09:03:53.396982Z,fast,3,85
2426,2026-08-04T09:03:53.396978Z,slow,3,85
2426,2026-08-04T09:03:53.895030Z,fast,5,76
2427,2026-08-04T09:03:54.395778Z,fast,5,76
2427,2026-08-04T09:03:54.897332Z,fast,5,76
2428,2026-08-04T09:03:55.392369Z,fast,5,83
2428,2026-08-04T09:03:55.392363Z,slow,7,85
2428,2026-08-04T09:03:55.898657Z,fast,21,76
2429,2026-08-04T09:03:56.394266Z,fast,5,76
2429,2026-08-04T09:03:56.894807Z,fast,6,76
2430,2026-08-04T09:03:57.393905Z,fast,10,83
2430,2026-08-04T09:03:57.393906Z,slow,10,85
2430,2026-08-04T09:03:57.897368Z,fast,1,76
2431,2026-08-04T09:03:58.395135Z,fast,7,76
2431,2026-08-04T09:03:58.897444Z,fast,4,76
2432,2026-08-04T09:03:59.396213Z,fast,5,84
2432,2026-08-04T09:03:59.396206Z,slow,6,85
2432,2026-08-04T09:03:59.895769Z,fast,3,76
2433,2026-08-04T09:04:00.396740Z,fast,5,76
2433,2026-08-04T09:04:00.895110Z,fast,2,76
2434,2026-08-04T09:04:01.397512Z,fast,5,84
2434,2026-08-04T09:04:01.397500Z,slow,6,85
2434,2026-08-04T09:04:01.897275Z,fast,6,76
2435,2026-08-04T09:04:02.397504Z,fast,5,76
2435,2026-08-04T09:04:02.896273Z,fast,3,76
2436,2026-08-04T09:04:03.396528Z,fast,4,82
2436,2026-08-04T09:04:03.396529Z,slow,8,85
2436,2026-08-04T09:04:03.893882Z,fast,4,76
2437,2026-08-04T09:04:04.397032Z,fast,2,76
2437,2026-08-04T09:04:04.897434Z,fast,3,76
2438,2026-08-04T09:04:05.395707Z,fast,5,85
2438,2026-08-04T09:04:05.395833Z,slow,5,85
2438,2026-08-04T09:04:05.893088Z,fast,23,76
2439,2026-08-04T09:04:06.394267Z,fast,2,76
2439,2026-08-04T09:04:06.895264Z,fast,3,76
2440,2026-08-04T09:04:07.393881Z,fast,4,83
2440,2026-08-04T09:04:07.393874Z,slow,5,85
2440,2026-08-04T09:04:07.896340Z,fast,3,76
2441,2026-08-04T09:04:08.394636Z,fast,2,76
2441,2026-08-04T09:04:08.894836Z,fast,4,76
2442,2026-08-04T09:04:09.396158Z,fast,17,83
2442,2026-08-04T09:04:09.396146Z,slow,19,85
2442,2026-08-04T09:04:09.896381Z,fast,8,76
2443,2026-08-04T09:04:10.401934Z,fast,21,76
2443,2026-08-04T09:04:10.898016Z,fast,4,76
2444,2026-08-04T09:04:11.395402Z,fast,6,82
2444,2026-08-04T09:04:11.395395Z,slow,10,85
2444,2026-08-04T09:04:11.896967Z,fast,5,76
2445,2026-08-04T09:04:12.393486Z,fast,5,76
2445,2026-08-04T09:04:12.897172Z,fast,3,76
2446,2026-08-04T09:04:13.397897Z,fast,4,84
2446,2026-08-04T09:04:13.397864Z,slow,5,85
2446,2026-08-04T09:04:13.896858Z,fast,3,76
2447,2026-08-04T09:04:14.397885Z,fast,3,76
2447,2026-08-04T09:04:14.895686Z,fast,2,76
2448,2026-08-04T09:04:15.395584Z,fast,4,85
2448,2026-08-04T09:04:15.395584Z,slow,5,85
2448,2026-08-04T09:04:15.895091Z,fast,12,76
2449,2026-08-04T09:04:16.397939Z,fast,2,76
2449,2026-08-04T09:04:16.897401Z,fast,3,76
2450,2026-08-04T09:04:17.396227Z,fast,4,83
2450,2026-08-04T09:04:17.396226Z,slow,4,85
2450,2026-08-04T09:04:17.893128Z,fast,4,76
2451,2026-08-04T09:04:18.397697Z,fast,4,76
2451,2026-08-04T09:04:18.898050Z,fast,4,76
2452,2026-08-04T09:04:19.395915Z,fast,3,85
2452,2026-08-04T09:04:19.395915Z,slow,3,85
2452,2026-08-04T09:04:19.896206Z,fast,4,76
2453,2026-08-04T09:04:20.393720Z,fast,4,76
2453,2026-08-04T09:04:20.898069Z,fast,2,76
2454,2026-08-04T09:04:21.397354Z,fast,2,83
2454,2026-08-04T09:04:21.397326Z,slow,2,85
2454,2026-08-04T09:04:21.896850Z,fast,5,76
2455,2026-08-04T09:04:22.396394Z,fast,3,76
2455,2026-08-04T09:04:22.896046Z,fast,10,76
2456,2026-08-04T09:04:23.396390Z,fast,12,83
2456,2026-08-04T09:04:23.396359Z,slow,16,85
2456,2026-08-04T09:04:23.898195Z,fast,5,76
2457,2026-08-04T09:04:24.397768Z,fast,3,76
2457,2026-08-04T09:04:24.895269Z,fast,10,76
2458,2026-08-04T09:04:25.398225Z,fast,5,83
2458,2026-08-04T09:04:25.398225Z,slow,6,85
2458,2026-08-04T09:04:25.893211Z,fast,21,76
2459,2026-08-04T09:04:26.395989Z,fast,1,76
2459,2026-08-04T09:04:26.896448Z,fast,3,76
2460,2026-08-04T09:04:27.393806Z,fast,4,84
2460,2026-08-04T09:04:27.393752Z,slow,5,85
2460,2026-08-04T09:04:27.894655Z,fast,3,76
2461,2026-08-04T09:04:28.398278Z,fast,1,76
2461,2026-08-04T09:04:28.895965Z,fast,3,76
2462,2026-08-04T09:04:29.394839Z,fast,5,85
2462,2026-08-04T09:04:29.394839Z,slow,5,85
2462,2026-08-04T09:04:29.897996Z,fast,6,76
2463,2026-08-04T09:04:30.396317Z,fast,4,76
2463,2026-08-04T09:04:30.896123Z,fast,4,76
2464,2026-08-04T09:04:31.395902Z,fast,4,85
2464,2026-08-04T09:04:31.395902Z,slow,5,85
2464,2026-08-04T09:04:31.898402Z,fast,5,76
2465,2026-08-04T09:04:32.395531Z,fast,3,76
2465,2026-08-04T09:04:32.895472Z,fast,4,76
2466,2026-08-04T09:04:33.397422Z,fast,5,85
2466,2026-08-04T09:04:33.397422Z,slow,5,85
2466,2026-08-04T09:04:33.895821Z,fast,5,76
2467,2026-08-04T09:04:34.398479Z,fast,4,76
2467,2026-08-04T09:04:34.896618Z,fast,4,76
2468,2026-08-04T09:04:35.397961Z,fast,4,84
2468,2026-08-04T09:04:35.397958Z,slow,6,85
2468,2026-08-04T09:04:35.893779Z,fast,21,76
2469,2026-08-04T09:04:36.393783Z,fast,3,76
2469,2026-08-04T09:04:36.895630Z,fast,3,76
2470,2026-08-04T09:04:37.397028Z,fast,6,83
2470,2026-08-04T09:04:37.397039Z,slow,6,85
2470,2026-08-04T09:04:37.897649Z,fast,2,76
2471,2026-08-04T09:04:38.395307Z,fast,4,76
2471,2026-08-04T09:04:38.896800Z,fast,4,76
2472,2026-08-04T09:04:39.395035Z,fast,5,85
2472,2026-08-04T09:04:39.394993Z,slow,6,85
2472,2026-08-04T09:04:39.896350Z,fast,4,76
2473,2026-08-04T09:04:40.398673Z,fast,4,76
2473,2026-08-04T09:04:40.896804Z,fast,4,76
2474,2026-08-04T09:04:41.397856Z,fast,5,85
2474,2026-08-04T09:04:41.397818Z,slow,6,85
2474,2026-08-04T09:04:41.898419Z,fast,4,76
2475,2026-08-04T09:04:42.396847Z,fast,4,76
2475,2026-08-04T09:04:42.894237Z,fast,3,76
2476,2026-08-04T09:04:43.397752Z,fast,6,85
2476,2026-08-04T09:04:43.397752Z,slow,6,85
2476,2026-08-04T09:04:43.896383Z,fast,4,76
2477,2026-08-04T09:04:44.396001Z,fast,4,76
2477,2026-08-04T09:04:44.895866Z,fast,5,76
2478,2026-08-04T09:04:45.395669Z,slow,6,85
2478,2026-08-04T09:04:45.395752Z,fast,6,85
2478,2026-08-04T09:04:45.896001Z,fast,20,76
2479,2026-08-04T09:04:46.396821Z,fast,2,80
2479,2026-08-04T09:04:46.895929Z,fast,4,76
2480,2026-08-04T09:04:47.394012Z,fast,5,83
2480,2026-08-04T09:04:47.394007Z,slow,7,85
2480,2026-08-04T09:04:47.898082Z,fast,11,76
2481,2026-08-04T09:04:48.394382Z,fast,4,76
2481,2026-08-04T09:04:48.898421Z,fast,10,76
2482,2026-08-04T09:04:49.394861Z,slow,6,85
2482,2026-08-04T09:04:49.394893Z,fast,6,85
2482,2026-08-04T09:04:49.896928Z,fast,4,76
2483,2026-08-04T09:04:50.394443Z,fast,4,76
2483,2026-08-04T09:04:50.898944Z,fast,4,76
2484,2026-08-04T09:04:51.398996Z,fast,6,85
2484,2026-08-04T09:04:51.399029Z,slow,6,85
2484,2026-08-04T09:04:51.895164Z,fast,2,76
2485,2026-08-04T09:04:52.394883Z,fast,3,76
2485,2026-08-04T09:04:52.897963Z,fast,3,76
2486,2026-08-04T09:04:53.397408Z,fast,4,85
2486,2026-08-04T09:04:53.397408Z,slow,4,79
2486,2026-08-04T09:04:53.899059Z,fast,4,76
2487,2026-08-04T09:04:54.397193Z,fast,4,76
2487,2026-08-04T09:04:54.895309Z,fast,4,76
2488,2026-08-04T09:04:55.394931Z,slow,6,85
2488,2026-08-04T09:04:55.395005Z,fast,8,85
2488,2026-08-04T09:04:55.894414Z,fast,16,76
2489,2026-08-04T09:04:56.394817Z,fast,1,76
2489,2026-08-04T09:04:56.896223Z,fast,5,76
2490,2026-08-04T09:04:57.397300Z,fast,4,85
2490,2026-08-04T09:04:57.397342Z,slow,4,85
2490,2026-08-04T09:04:57.898897Z,fast,4,76
2491,2026-08-04T09:04:58.399185Z,fast,1,76
2491,2026-08-04T09:04:58.897007Z,fast,6,76
2492,2026-08-04T09:04:59.397442Z,fast,5,85
2492,2026-08-04T09:04:59.397443Z,slow,7,84
2492,2026-08-04T09:04:59.899279Z,fast,4,76
2493,2026-08-04T09:05:00.396922Z,fast,4,76
2493,2026-08-04T09:05:00.897984Z,fast,4,76
2494,2026-08-04T09:05:01.396349Z,slow,5,84
2494,2026-08-04T09:05:01.396383Z,fast,4,85
2494,2026-08-04T09:05:01.899241Z,fast,4,76
2495,2026-08-04T09:05:02.397492Z,fast,5,76
2495,2026-08-04T09:05:02.896740Z,fast,6,76
2496,2026-08-04T09:05:03.397482Z,fast,5,85
2496,2026-08-04T09:05:03.397478Z,slow,6,85
2496,2026-08-04T09:05:03.896030Z,fast,4,76
2497,2026-08-04T09:05:04.395127Z,fast,4,76
2497,2026-08-04T09:05:04.898648Z,fast,5,76
2498,2026-08-04T09:05:05.398474Z,fast,4,85
2498,2026-08-04T09:05:05.398468Z,slow,4,85
2498,2026-08-04T09:05:05.894394Z,fast,17,76
2499,2026-08-04T09:05:06.399489Z,fast,4,76
2499,2026-08-04T09:05:06.894967Z,fast,3,76
2500,2026-08-04T09:05:07.395900Z,fast,4,85
2500,2026-08-04T09:05:07.395889Z,slow,6,85
2500,2026-08-04T09:05:07.897602Z,fast,4,76
2501,2026-08-04T09:05:08.395264Z,fast,4,76
2501,2026-08-04T09:05:08.896655Z,fast,1,76
2502,2026-08-04T09:05:09.396125Z,fast,4,85
2502,2026-08-04T09:05:09.396125Z,slow,4,85
2502,2026-08-04T09:05:09.899279Z,fast,4,76
2503,2026-08-04T09:05:10.399538Z,fast,4,76
2503,2026-08-04T09:05:10.899172Z,fast,2,76
2504,2026-08-04T09:05:11.396630Z,fast,4,85
2504,2026-08-04T09:05:11.396621Z,slow,5,85
2504,2026-08-04T09:05:11.896932Z,fast,4,76
2505,2026-08-04T09:05:12.398358Z,fast,4,76
2505,2026-08-04T09:05:12.896787Z,fast,1,76
2506,2026-08-04T09:05:13.399461Z,fast,5,85
2506,2026-08-04T09:05:13.399455Z,slow,5,85
2506,2026-08-04T09:05:13.898410Z,fast,3,76
2507,2026-08-04T09:05:14.394773Z,fast,4,76
2507,2026-08-04T09:05:14.895808Z,fast,2,76
2508,2026-08-04T09:05:15.397867Z,fast,4,85
2508,2026-08-04T09:05:15.397862Z,slow,5,85
2508,2026-08-04T09:05:15.895685Z,fast,7,76
2509,2026-08-04T09:05:16.399500Z,fast,3,76
2509,2026-08-04T09:05:16.897397Z,fast,4,76
2510,2026-08-04T09:05:17.398292Z,fast,5,83
2510,2026-08-04T09:05:17.398283Z,slow,5,85
2510,2026-08-04T09:05:17.897352Z,fast,4,76
2511,2026-08-04T09:05:18.396368Z,fast,4,76
2511,2026-08-04T09:05:18.899826Z,fast,4,76
2512,2026-08-04T09:05:19.395175Z,fast,4,85
2512,2026-08-04T09:05:19.395175Z,slow,5,84
2512,2026-08-04T09:05:19.897044Z,fast,5,76
2513,2026-08-04T09:05:20.399678Z,fast,14,76
2513,2026-08-04T09:05:20.895276Z,fast,12,76
2514,2026-08-04T09:05:21.398378Z,fast,4,83
2514,2026-08-04T09:05:21.398364Z,slow,6,85
2514,2026-08-04T09:05:21.899919Z,fast,5,76
2515,2026-08-04T09:05:22.398057Z,fast,4,76
2515,2026-08-04T09:05:22.898405Z,fast,3,76
2516,2026-08-04T09:05:23.398444Z,fast,1,85
2516,2026-08-04T09:05:23.398444Z,slow,2,85
2516,2026-08-04T09:05:23.895646Z,fast,5,76
2517,2026-08-04T09:05:24.397768Z,fast,5,76
2517,2026-08-04T09:05:24.898403Z,fast,1,76
2518,2026-08-04T09:05:25.399087Z,fast,5,85
2518,2026-08-04T09:05:25.399072Z,slow,6,84
2518,2026-08-04T09:05:25.896114Z,fast,14,76
2519,2026-08-04T09:05:26.396672Z,fast,2,76
2519,2026-08-04T09:05:26.896745Z,fast,4,76
2520,2026-08-04T09:05:27.396143Z,fast,13,84
2520,2026-08-04T09:05:27.396143Z,slow,14,85
2520,2026-08-04T09:05:27.892826Z,fast,3,76
2521,2026-08-04T09:05:28.394537Z,fast,1,76
2521,2026-08-04T09:05:28.894300Z,fast,4,76
2522,2026-08-04T09:05:29.394156Z,fast,2,85
2522,2026-08-04T09:05:29.394153Z,slow,2,85
2522,2026-08-04T09:05:29.893358Z,fast,4,76
2523,2026-08-04T09:05:30.391930Z,fast,4,76
2523,2026-08-04T09:05:30.891619Z,fast,4,76
2524,2026-08-04T09:05:31.391418Z,fast,2,85
2524,2026-08-04T09:05:31.391410Z,slow,3,85
2524,2026-08-04T09:05:31.892173Z,fast,4,76
2525,2026-08-04T09:05:32.389677Z,fast,4,76
2525,2026-08-04T09:05:32.888513Z,fast,8,76
2526,2026-08-04T09:05:33.389648Z,fast,3,85
2526,2026-08-04T09:05:33.389648Z,slow,3,85
2526,2026-08-04T09:05:33.888711Z,fast,4,76
2527,2026-08-04T09:05:34.389286Z,fast,4,76
2527,2026-08-04T09:05:34.887518Z,fast,4,76
2528,2026-08-04T09:05:35.387766Z,fast,5,83
2528,2026-08-04T09:05:35.387767Z,slow,7,85
2528,2026-08-04T09:05:35.887109Z,fast,14,76
2529,2026-08-04T09:05:36.386653Z,fast,4,76
2529,2026-08-04T09:05:36.887856Z,fast,4,76
2530,2026-08-04T09:05:37.385926Z,fast,5,85
2530,2026-08-04T09:05:37.385919Z,slow,6,85
2530,2026-08-04T09:05:37.884089Z,fast,4,76
2531,2026-08-04T09:05:38.383199Z,fast,5,76
2531,2026-08-04T09:05:38.883948Z,fast,3,76
2532,2026-08-04T09:05:39.385143Z,fast,4,83
2532,2026-08-04T09:05:39.385143Z,slow,4,85
2532,2026-08-04T09:05:39.881372Z,fast,9,76
2533,2026-08-04T09:05:40.385529Z,fast,3,76
2533,2026-08-04T09:05:40.885280Z,fast,5,76
2534,2026-08-04T09:05:41.384965Z,fast,3,83
2534,2026-08-04T09:05:41.384967Z,slow,4,85
2534,2026-08-04T09:05:41.884452Z,fast,2,76
2535,2026-08-04T09:05:42.381943Z,fast,4,76
2535,2026-08-04T09:05:42.880790Z,fast,4,76
2536,2026-08-04T09:05:43.381424Z,slow,7,85
2536,2026-08-04T09:05:43.381460Z,fast,7,85
2536,2026-08-04T09:05:43.879363Z,fast,5,76
2537,2026-08-04T09:05:44.383473Z,fast,5,76
2537,2026-08-04T09:05:44.882988Z,fast,9,76
2538,2026-08-04T09:05:45.382303Z,slow,13,84
2538,2026-08-04T09:05:45.381781Z,fast,15,85
2538,2026-08-04T09:05:45.882597Z,fast,6,76
2539,2026-08-04T09:05:46.381139Z,fast,2,80
2539,2026-08-04T09:05:46.880454Z,fast,1,76
2540,2026-08-04T09:05:47.380136Z,fast,3,83
2540,2026-08-04T09:05:47.380142Z,slow,4,85
2540,2026-08-04T09:05:47.880444Z,fast,5,76
2541,2026-08-04T09:05:48.379629Z,fast,6,76
2541,2026-08-04T09:05:48.878563Z,fast,6,76
2542,2026-08-04T09:05:49.379194Z,fast,5,85
2542,2026-08-04T09:05:49.379153Z,slow,6,85
2542,2026-08-04T09:05:49.876449Z,fast,6,76
2543,2026-08-04T09:05:50.381311Z,fast,5,76
2543,2026-08-04T09:05:50.879828Z,fast,4,76
2544,2026-08-04T09:05:51.376762Z,fast,4,85
2544,2026-08-04T09:05:51.376760Z,slow,5,85
2544,2026-08-04T09:05:51.880977Z,fast,5,76
2545,2026-08-04T09:05:52.376524Z,fast,3,76
2545,2026-08-04T09:05:52.877677Z,fast,3,76
2546,2026-08-04T09:05:53.375561Z,fast,5,85
2546,2026-08-04T09:05:53.375556Z,slow,5,85
2546,2026-08-04T09:05:53.880266Z,fast,3,76
2547,2026-08-04T09:05:54.375574Z,fast,7,76
2547,2026-08-04T09:05:54.880094Z,fast,3,76
2548,2026-08-04T09:05:55.377489Z,fast,5,83
2548,2026-08-04T09:05:55.377474Z,slow,5,85
2548,2026-08-04T09:05:55.875461Z,fast,5,76
2549,2026-08-04T09:05:56.379527Z,fast,1,76
2549,2026-08-04T09:05:56.879313Z,fast,5,76
2550,2026-08-04T09:05:57.377208Z,fast,4,85
2550,2026-08-04T09:05:57.377200Z,slow,4,85
2550,2026-08-04T09:05:57.878919Z,fast,3,76
2551,2026-08-04T09:05:58.375736Z,fast,4,76
2551,2026-08-04T09:05:58.878943Z,fast,4,76
2552,2026-08-04T09:05:59.375370Z,fast,5,85
2552,2026-08-04T09:05:59.375354Z,slow,6,85
2552,2026-08-04T09:05:59.878469Z,fast,3,76
2553,2026-08-04T09:06:00.374940Z,fast,5,76
2553,2026-08-04T09:06:00.874306Z,fast,5,76
2554,2026-08-04T09:06:01.378623Z,fast,4,85
2554,2026-08-04T09:06:01.378617Z,slow,5,85
2554,2026-08-04T09:06:01.878735Z,fast,4,76
2555,2026-08-04T09:06:02.373827Z,fast,4,76
2555,2026-08-04T09:06:02.876211Z,fast,2,76
2556,2026-08-04T09:06:03.376170Z,fast,4,85
2556,2026-08-04T09:06:03.376171Z,slow,5,85
2556,2026-08-04T09:06:03.875680Z,fast,7,76
2557,2026-08-04T09:06:04.376871Z,fast,5,76
2557,2026-08-04T09:06:04.874560Z,fast,6,76
2558,2026-08-04T09:06:05.378156Z,fast,3,84
2558,2026-08-04T09:06:05.377558Z,slow,4,85
2558,2026-08-04T09:06:05.878443Z,fast,4,76
2559,2026-08-04T09:06:06.377345Z,fast,1,76
2559,2026-08-04T09:06:06.874937Z,fast,3,76
2560,2026-08-04T09:06:07.375761Z,fast,4,83
2560,2026-08-04T09:06:07.375738Z,slow,5,85
2560,2026-08-04T09:06:07.877595Z,fast,5,76
2561,2026-08-04T09:06:08.377887Z,fast,4,76
2561,2026-08-04T09:06:08.874051Z,fast,3,76
2562,2026-08-04T09:06:09.375820Z,fast,5,85
2562,2026-08-04T09:06:09.375801Z,slow,5,85
2562,2026-08-04T09:06:09.876806Z,fast,3,76
2563,2026-08-04T09:06:10.376295Z,fast,4,76
2563,2026-08-04T09:06:10.876798Z,fast,2,76
2564,2026-08-04T09:06:11.376390Z,fast,4,85
2564,2026-08-04T09:06:11.376390Z,slow,6,85
2564,2026-08-04T09:06:11.875548Z,fast,6,76
2565,2026-08-04T09:06:12.373772Z,fast,6,76
2565,2026-08-04T09:06:12.876883Z,fast,2,76
2566,2026-08-04T09:06:13.375556Z,fast,4,85
2566,2026-08-04T09:06:13.375466Z,slow,4,85
2566,2026-08-04T09:06:13.876843Z,fast,3,76
2567,2026-08-04T09:06:14.374141Z,fast,4,76
2567,2026-08-04T09:06:14.875359Z,fast,3,76
2568,2026-08-04T09:06:15.377487Z,fast,5,83
2568,2026-08-04T09:06:15.377489Z,slow,6,85
2568,2026-08-04T09:06:15.875947Z,fast,3,76
2569,2026-08-04T09:06:16.375792Z,fast,1,76
2569,2026-08-04T09:06:16.876417Z,fast,4,76
2570,2026-08-04T09:06:17.377036Z,fast,4,85
2570,2026-08-04T09:06:17.377036Z,slow,4,85
2570,2026-08-04T09:06:17.875028Z,fast,4,76
2571,2026-08-04T09:06:18.373811Z,fast,3,76
2571,2026-08-04T09:06:18.875666Z,fast,2,76
2572,2026-08-04T09:06:19.373124Z,fast,3,85
2572,2026-08-04T09:06:19.373119Z,slow,3,85
2572,2026-08-04T09:06:19.877537Z,fast,2,76
2573,2026-08-04T09:06:20.377117Z,fast,3,76
2573,2026-08-04T09:06:20.875051Z,fast,6,76
2574,2026-08-04T09:06:21.375539Z,fast,4,85
2574,2026-08-04T09:06:21.375539Z,slow,4,85
2574,2026-08-04T09:06:21.874985Z,fast,9,76
2575,2026-08-04T09:06:22.375973Z,fast,4,76
2575,2026-08-04T09:06:22.875274Z,fast,3,76
2576,2026-08-04T09:06:23.377103Z,fast,3,85
2576,2026-08-04T09:06:23.377101Z,slow,4,85
2576,2026-08-04T09:06:23.875835Z,fast,3,76
2577,2026-08-04T09:06:24.376597Z,fast,4,76
2577,2026-08-04T09:06:24.876005Z,fast,1,76
2578,2026-08-04T09:06:25.377190Z,slow,2,85
2578,2026-08-04T09:06:25.377184Z,fast,2,83
2578,2026-08-04T09:06:25.872618Z,fast,5,76
2579,2026-08-04T09:06:26.375882Z,fast,1,76
2579,2026-08-04T09:06:26.875724Z,fast,3,76
2580,2026-08-04T09:06:27.374346Z,fast,3,85
2580,2026-08-04T09:06:27.374346Z,slow,3,85
2580,2026-08-04T09:06:27.875618Z,fast,3,76
2581,2026-08-04T09:06:28.373241Z,fast,1,76
2581,2026-08-04T09:06:28.876232Z,fast,3,76
2582,2026-08-04T09:06:29.376930Z,fast,4,85
2582,2026-08-04T09:06:29.376930Z,slow,5,85
2582,2026-08-04T09:06:29.875563Z,fast,3,76
2583,2026-08-04T09:06:30.375610Z,fast,4,76
2583,2026-08-04T09:06:30.873820Z,fast,2,76
2584,2026-08-04T09:06:31.376829Z,fast,3,85
2584,2026-08-04T09:06:31.376829Z,slow,4,85
2584,2026-08-04T09:06:31.872691Z,fast,4,76
2585,2026-08-04T09:06:32.374655Z,fast,3,76
2585,2026-08-04T09:06:32.875654Z,fast,4,76
2586,2026-08-04T09:06:33.375502Z,slow,3,85
2586,2026-08-04T09:06:33.375502Z,fast,3,85
2586,2026-08-04T09:06:33.877464Z,fast,4,76
2587,2026-08-04T09:06:34.375318Z,fast,3,76
2587,2026-08-04T09:06:34.875070Z,fast,3,76
2588,2026-08-04T09:06:35.377290Z,fast,3,83
2588,2026-08-04T09:06:35.377286Z,slow,4,85
2588,2026-08-04T09:06:35.876013Z,fast,8,76
2589,2026-08-04T09:06:36.377294Z,fast,1,76
2589,2026-08-04T09:06:36.874496Z,fast,2,76
2590,2026-08-04T09:06:37.377332Z,fast,4,84
2590,2026-08-04T09:06:37.377315Z,slow,4,85
2590,2026-08-04T09:06:37.877199Z,fast,3,76
2591,2026-08-04T09:06:38.377286Z,fast,5,76
2591,2026-08-04T09:06:38.877283Z,fast,3,76
2592,2026-08-04T09:06:39.373675Z,fast,3,83
2592,2026-08-04T09:06:39.373677Z,slow,4,85
2592,2026-08-04T09:06:39.877302Z,fast,2,76
2593,2026-08-04T09:06:40.375458Z,fast,7,76
2593,2026-08-04T09:06:40.876825Z,fast,8,76
2594,2026-08-04T09:06:41.376771Z,slow,4,85
2594,2026-08-04T09:06:41.376779Z,fast,4,85
2594,2026-08-04T09:06:41.873258Z,fast,3,76
2595,2026-08-04T09:06:42.377311Z,fast,4,76
2595,2026-08-04T09:06:42.875208Z,fast,6,76
2596,2026-08-04T09:06:43.375302Z,fast,6,84
2596,2026-08-04T09:06:43.375305Z,slow,7,85
2596,2026-08-04T09:06:43.876651Z,fast,6,76
2597,2026-08-04T09:06:44.373214Z,fast,4,76
2597,2026-08-04T09:06:44.877305Z,fast,5,76
2598,2026-08-04T09:06:45.374928Z,fast,5,85
2598,2026-08-04T09:06:45.374920Z,slow,5,85
2598,2026-08-04T09:06:45.877282Z,fast,9,76
2599,2026-08-04T09:06:46.372605Z,fast,1,80
2599,2026-08-04T09:06:46.875142Z,fast,3,76
2600,2026-08-04T09:06:47.377354Z,fast,4,83
2600,2026-08-04T09:06:47.377347Z,slow,5,85
2600,2026-08-04T09:06:47.877331Z,fast,4,76
2601,2026-08-04T09:06:48.375452Z,fast,4,76
2601,2026-08-04T09:06:48.876132Z,fast,4,76
2602,2026-08-04T09:06:49.374347Z,fast,4,85
2602,2026-08-04T09:06:49.374344Z,slow,4,85
2602,2026-08-04T09:06:49.875051Z,fast,4,76
2603,2026-08-04T09:06:50.375539Z,fast,4,76
2603,2026-08-04T09:06:50.874787Z,fast,6,76
2604,2026-08-04T09:06:51.374671Z,fast,3,85
2604,2026-08-04T09:06:51.374658Z,slow,3,85
2604,2026-08-04T09:06:51.876115Z,fast,6,76
2605,2026-08-04T09:06:52.376289Z,fast,4,76
2605,2026-08-04T09:06:52.875444Z,fast,2,76
2606,2026-08-04T09:06:53.372663Z,slow,5,85
2606,2026-08-04T09:06:53.372670Z,fast,5,85
2606,2026-08-04T09:06:53.877287Z,fast,4,76
2607,2026-08-04T09:06:54.374813Z,fast,4,76
2607,2026-08-04T09:06:54.874663Z,fast,5,76
2608,2026-08-04T09:06:55.377403Z,fast,4,85
2608,2026-08-04T09:06:55.377398Z,slow,6,85
2608,2026-08-04T09:06:55.877373Z,fast,6,76
2609,2026-08-04T09:06:56.374740Z,fast,1,76
2609,2026-08-04T09:06:56.876597Z,fast,4,76
2610,2026-08-04T09:06:57.375777Z,fast,3,85
2610,2026-08-04T09:06:57.375775Z,slow,4,85
2610,2026-08-04T09:06:57.877291Z,fast,3,76
2611,2026-08-04T09:06:58.375560Z,fast,1,76
2611,2026-08-04T09:06:58.872442Z,fast,3,76
2612,2026-08-04T09:06:59.374469Z,fast,5,85
2612,2026-08-04T09:06:59.374462Z,slow,6,85
2612,2026-08-04T09:06:59.873368Z,fast,3,76
2613,2026-08-04T09:07:00.374679Z,fast,4,76
2613,2026-08-04T09:07:00.874811Z,fast,4,76
2614,2026-08-04T09:07:01.375572Z,slow,5,85
2614,2026-08-04T09:07:01.375578Z,fast,5,85
2614,2026-08-04T09:07:01.875326Z,fast,4,76
2615,2026-08-04T09:07:02.375776Z,fast,3,76
2615,2026-08-04T09:07:02.875272Z,fast,4,76
2616,2026-08-04T09:07:03.377203Z,fast,4,83
2616,2026-08-04T09:07:03.377191Z,slow,6,85
2616,2026-08-04T09:07:03.874615Z,fast,5,76
2617,2026-08-04T09:07:04.375598Z,fast,5,76
2617,2026-08-04T09:07:04.876783Z,fast,3,76
2618,2026-08-04T09:07:05.376640Z,fast,6,85
2618,2026-08-04T09:07:05.376632Z,slow,7,85
2618,2026-08-04T09:07:05.877409Z,fast,8,76
2619,2026-08-04T09:07:06.374063Z,fast,3,76
2619,2026-08-04T09:07:06.877528Z,fast,6,76
2620,2026-08-04T09:07:07.376187Z,slow,6,85
2620,2026-08-04T09:07:07.376187Z,fast,6,85
2620,2026-08-04T09:07:07.876109Z,fast,4,76
2621,2026-08-04T09:07:08.377201Z,fast,7,76
2621,2026-08-04T09:07:08.874818Z,fast,6,76
2622,2026-08-04T09:07:09.375372Z,slow,5,85
2622,2026-08-04T09:07:09.375374Z,fast,5,85
2622,2026-08-04T09:07:09.877495Z,fast,4,76
2623,2026-08-04T09:07:10.375197Z,fast,4,76
2623,2026-08-04T09:07:10.874222Z,fast,3,76
2624,2026-08-04T09:07:11.372624Z,fast,4,85
2624,2026-08-04T09:07:11.372624Z,slow,4,85
2624,2026-08-04T09:07:11.874869Z,fast,4,76
2625,2026-08-04T09:07:12.377489Z,fast,7,76
2625,2026-08-04T09:07:12.875117Z,fast,4,76
2626,2026-08-04T09:07:13.375347Z,fast,3,85
2626,2026-08-04T09:07:13.375337Z,slow,3,85
2626,2026-08-04T09:07:13.877548Z,fast,4,76
2627,2026-08-04T09:07:14.374761Z,fast,4,76
2627,2026-08-04T09:07:14.876897Z,fast,5,76
2628,2026-08-04T09:07:15.377612Z,fast,4,84
2628,2026-08-04T09:07:15.377604Z,slow,5,85
2628,2026-08-04T09:07:15.876337Z,fast,4,76
2629,2026-08-04T09:07:16.372741Z,fast,10,76
2629,2026-08-04T09:07:16.876538Z,fast,2,76
2630,2026-08-04T09:07:17.376834Z,fast,3,83
2630,2026-08-04T09:07:17.376834Z,slow,4,85
2630,2026-08-04T09:07:17.877562Z,fast,3,76
2631,2026-08-04T09:07:18.375114Z,fast,5,76
2631,2026-08-04T09:07:18.875606Z,fast,3,76
2632,2026-08-04T09:07:19.372850Z,fast,4,85
2632,2026-08-04T09:07:19.372846Z,slow,5,85
2632,2026-08-04T09:07:19.877661Z,fast,5,76
2633,2026-08-04T09:07:20.375526Z,fast,4,76
2633,2026-08-04T09:07:20.874998Z,fast,4,76
2634,2026-08-04T09:07:21.377726Z,fast,4,85
2634,2026-08-04T09:07:21.377707Z,slow,4,85
2634,2026-08-04T09:07:21.875646Z,fast,3,76
2635,2026-08-04T09:07:22.373961Z,fast,4,76
2635,2026-08-04T09:07:22.874977Z,fast,4,76
2636,2026-08-04T09:07:23.377191Z,fast,4,85
2636,2026-08-04T09:07:23.377184Z,slow,4,85
2636,2026-08-04T09:07:23.875676Z,fast,5,76
2637,2026-08-04T09:07:24.375629Z,fast,4,76
2637,2026-08-04T09:07:24.876324Z,fast,1,76
2638,2026-08-04T09:07:25.374799Z,fast,4,85
2638,2026-08-04T09:07:25.374793Z,slow,4,85
2638,2026-08-04T09:07:25.875916Z,fast,4,76
2639,2026-08-04T09:07:26.375647Z,fast,2,76
2639,2026-08-04T09:07:26.875109Z,fast,4,76
2640,2026-08-04T09:07:27.376397Z,fast,4,85
2640,2026-08-04T09:07:27.376382Z,slow,5,85
2640,2026-08-04T09:07:27.875743Z,fast,4,76
2641,2026-08-04T09:07:28.372796Z,fast,1,76
2641,2026-08-04T09:07:28.875080Z,fast,3,76
2642,2026-08-04T09:07:29.375802Z,slow,3,85
2642,2026-08-04T09:07:29.375808Z,fast,3,85
2642,2026-08-04T09:07:29.877751Z,fast,4,76
2643,2026-08-04T09:07:30.375712Z,fast,4,76
2643,2026-08-04T09:07:30.876004Z,fast,4,76
2644,2026-08-04T09:07:31.376365Z,fast,3,85
2644,2026-08-04T09:07:31.376365Z,slow,4,85
2644,2026-08-04T09:07:31.875862Z,fast,4,76
2645,2026-08-04T09:07:32.375764Z,fast,3,76
2645,2026-08-04T09:07:32.875104Z,fast,4,76
2646,2026-08-04T09:07:33.375355Z,fast,2,85
2646,2026-08-04T09:07:33.375261Z,slow,2,85
2646,2026-08-04T09:07:33.876075Z,fast,3,76
2647,2026-08-04T09:07:34.376970Z,fast,4,76
2647,2026-08-04T09:07:34.876994Z,fast,4,76
2648,2026-08-04T09:07:35.377017Z,fast,2,84
2648,2026-08-04T09:07:35.377043Z,slow,4,85
2648,2026-08-04T09:07:35.875766Z,fast,5,76
2649,2026-08-04T09:07:36.377116Z,fast,1,76
2649,2026-08-04T09:07:36.875896Z,fast,9,76
2650,2026-08-04T09:07:37.375220Z,slow,4,85
2650,2026-08-04T09:07:37.375220Z,fast,4,85
2650,2026-08-04T09:07:37.877924Z,fast,4,76
2651,2026-08-04T09:07:38.376916Z,fast,1,76
2651,2026-08-04T09:07:38.875532Z,fast,4,76
2652,2026-08-04T09:07:39.377893Z,fast,3,83
2652,2026-08-04T09:07:39.377893Z,slow,5,85
2652,2026-08-04T09:07:39.876660Z,fast,2,76
2653,2026-08-04T09:07:40.373888Z,fast,3,76
2653,2026-08-04T09:07:40.875599Z,fast,5,76
2654,2026-08-04T09:07:41.377895Z,fast,3,84
2654,2026-08-04T09:07:41.377887Z,slow,4,85
2654,2026-08-04T09:07:41.877889Z,fast,3,76
2655,2026-08-04T09:07:42.372977Z,fast,6,76
2655,2026-08-04T09:07:42.873507Z,fast,18,76
2656,2026-08-04T09:07:43.376495Z,fast,3,82
2656,2026-08-04T09:07:43.376508Z,slow,6,85
2656,2026-08-04T09:07:43.873678Z,fast,8,76
2657,2026-08-04T09:07:44.378098Z,fast,8,76
2657,2026-08-04T09:07:44.875687Z,fast,8,76
2658,2026-08-04T09:07:45.374547Z,fast,5,76
2658,2026-08-04T09:07:45.374900Z,slow,8,76
2658,2026-08-04T09:07:45.876234Z,fast,2,76
2659,2026-08-04T09:07:46.376288Z,fast,2,80
2659,2026-08-04T09:07:46.873945Z,fast,3,76
2660,2026-08-04T09:07:47.376760Z,fast,4,85
2660,2026-08-04T09:07:47.376755Z,slow,6,85
2660,2026-08-04T09:07:47.875722Z,fast,4,76
2661,2026-08-04T09:07:48.378003Z,fast,3,76
2661,2026-08-04T09:07:48.875385Z,fast,4,76
2662,2026-08-04T09:07:49.375802Z,fast,4,85
2662,2026-08-04T09:07:49.375771Z,slow,5,85
2662,2026-08-04T09:07:49.878218Z,fast,3,76
2663,2026-08-04T09:07:50.378089Z,fast,5,76
2663,2026-08-04T09:07:50.875635Z,fast,3,76
2664,2026-08-04T09:07:51.377372Z,fast,3,83
2664,2026-08-04T09:07:51.377364Z,slow,4,85
2664,2026-08-04T09:07:51.878081Z,fast,4,76
2665,2026-08-04T09:07:52.374077Z,fast,5,76
2665,2026-08-04T09:07:52.875944Z,fast,5,76
2666,2026-08-04T09:07:53.376132Z,fast,4,83
2666,2026-08-04T09:07:53.376117Z,slow,5,85
2666,2026-08-04T09:07:53.878167Z,fast,11,76
2667,2026-08-04T09:07:54.374076Z,fast,4,76
2667,2026-08-04T09:07:54.873667Z,fast,4,76
2668,2026-08-04T09:07:55.374715Z,fast,5,84
2668,2026-08-04T09:07:55.374687Z,slow,7,85
2668,2026-08-04T09:07:55.877061Z,fast,4,76
2669,2026-08-04T09:07:56.374098Z,fast,21,76
2669,2026-08-04T09:07:56.878114Z,fast,3,76
2670,2026-08-04T09:07:57.378248Z,fast,3,85
2670,2026-08-04T09:07:57.378204Z,slow,4,84
2670,2026-08-04T09:07:57.874978Z,fast,5,76
2671,2026-08-04T09:07:58.378136Z,fast,3,76
2671,2026-08-04T09:07:58.878225Z,fast,5,76
2672,2026-08-04T09:07:59.376296Z,fast,4,83
2672,2026-08-04T09:07:59.376288Z,slow,6,85
2672,2026-08-04T09:07:59.876291Z,fast,4,76
2673,2026-08-04T09:08:00.376002Z,fast,4,76
2673,2026-08-04T09:08:00.875534Z,fast,3,76
2674,2026-08-04T09:08:01.376857Z,fast,5,85
2674,2026-08-04T09:08:01.376857Z,slow,5,85
2674,2026-08-04T09:08:01.878205Z,fast,4,76
2675,2026-08-04T09:08:02.376411Z,fast,3,76
2675,2026-08-04T09:08:02.877868Z,fast,3,76
2676,2026-08-04T09:08:03.378255Z,fast,5,85
2676,2026-08-04T09:08:03.378255Z,slow,6,85
2676,2026-08-04T09:08:03.875431Z,fast,3,76
2677,2026-08-04T09:08:04.375943Z,fast,2,76
2677,2026-08-04T09:08:04.873466Z,fast,2,76
2678,2026-08-04T09:08:05.378015Z,fast,4,85
2678,2026-08-04T09:08:05.378011Z,slow,4,85
2678,2026-08-04T09:08:05.878268Z,fast,3,76
2679,2026-08-04T09:08:06.373827Z,fast,1,76
2679,2026-08-04T09:08:06.875277Z,fast,11,76
2680,2026-08-04T09:08:07.376024Z,fast,4,83
2680,2026-08-04T09:08:07.376003Z,slow,5,85
2680,2026-08-04T09:08:07.878240Z,fast,3,76
2681,2026-08-04T09:08:08.374747Z,fast,2,76
2681,2026-08-04T09:08:08.875457Z,fast,3,76
2682,2026-08-04T09:08:09.376706Z,fast,4,85
2682,2026-08-04T09:08:09.376704Z,slow,4,85
2682,2026-08-04T09:08:09.877235Z,fast,6,76
2683,2026-08-04T09:08:10.375497Z,fast,6,76
2683,2026-08-04T09:08:10.877054Z,fast,2,76
2684,2026-08-04T09:08:11.378367Z,fast,3,81
2684,2026-08-04T09:08:11.378367Z,slow,5,85
2684,2026-08-04T09:08:11.874091Z,fast,3,76
2685,2026-08-04T09:08:12.376905Z,fast,4,76
2685,2026-08-04T09:08:12.875747Z,fast,4,76
2686,2026-08-04T09:08:13.378240Z,fast,5,83
2686,2026-08-04T09:08:13.378225Z,slow,6,85
2686,2026-08-04T09:08:13.874885Z,fast,4,76
2687,2026-08-04T09:08:14.375354Z,fast,6,76
2687,2026-08-04T09:08:14.875678Z,fast,3,76
2688,2026-08-04T09:08:15.377611Z,fast,2,81
2688,2026-08-04T09:08:15.377614Z,slow,4,85
2688,2026-08-04T09:08:15.877928Z,fast,6,76
2689,2026-08-04T09:08:16.378437Z,fast,3,76
2689,2026-08-04T09:08:16.878415Z,fast,1,76
2690,2026-08-04T09:08:17.377658Z,slow,4,85
2690,2026-08-04T09:08:17.377664Z,fast,5,85
2690,2026-08-04T09:08:17.878424Z,fast,4,76
2691,2026-08-04T09:08:18.378421Z,fast,4,76
2691,2026-08-04T09:08:18.877310Z,fast,3,76
2692,2026-08-04T09:08:19.376649Z,fast,7,85
2692,2026-08-04T09:08:19.376649Z,slow,9,85
2692,2026-08-04T09:08:19.875082Z,fast,3,76
2693,2026-08-04T09:08:20.375583Z,fast,3,76
2693,2026-08-04T09:08:20.875552Z,fast,2,76
2694,2026-08-04T09:08:21.377148Z,fast,4,85
2694,2026-08-04T09:08:21.377149Z,slow,4,85
2694,2026-08-04T09:08:21.873699Z,fast,3,76
2695,2026-08-04T09:08:22.375139Z,fast,2,76
2695,2026-08-04T09:08:22.877003Z,fast,4,76
2696,2026-08-04T09:08:23.375009Z,fast,3,85
2696,2026-08-04T09:08:23.374983Z,slow,5,85
2696,2026-08-04T09:08:23.876757Z,fast,3,76
2697,2026-08-04T09:08:24.375481Z,fast,2,76
2697,2026-08-04T09:08:24.874195Z,fast,1,76
2698,2026-08-04T09:08:25.375357Z,fast,6,85
2698,2026-08-04T09:08:25.375357Z,slow,7,85
2698,2026-08-04T09:08:25.876473Z,fast,4,76
2699,2026-08-04T09:08:26.374765Z,fast,1,76
