t_seconds,wall_clock,probe_kind,query_ms,row_count
0,2026-08-07T11:59:08.598626Z,slow,7,0
0,2026-08-07T11:59:08.609997Z,fast,7,22
0,2026-08-07T11:59:09.092890Z,fast,6,136
1,2026-08-07T11:59:09.591612Z,fast,3,35
1,2026-08-07T11:59:10.091687Z,fast,1,0
2,2026-08-07T11:59:10.592912Z,slow,2,16
2,2026-08-07T11:59:10.592887Z,fast,2,16
2,2026-08-07T11:59:11.091667Z,fast,0,0
3,2026-08-07T11:59:11.592309Z,fast,0,0
3,2026-08-07T11:59:12.092714Z,fast,1,14
4,2026-08-07T11:59:12.592491Z,fast,0,1
4,2026-08-07T11:59:12.592496Z,slow,1,0
4,2026-08-07T11:59:13.092356Z,fast,7,246
5,2026-08-07T11:59:13.591828Z,fast,10,130
5,2026-08-07T11:59:14.091664Z,fast,2,341
6,2026-08-07T11:59:14.591538Z,fast,1,77
6,2026-08-07T11:59:14.591556Z,slow,3,39
6,2026-08-07T11:59:15.094403Z,fast,2,45
7,2026-08-07T11:59:15.591680Z,fast,3,372
7,2026-08-07T11:59:16.094184Z,fast,2,261
8,2026-08-07T11:59:16.592587Z,slow,2,9
8,2026-08-07T11:59:16.592581Z,fast,3,347
8,2026-08-07T11:59:17.092136Z,fast,0,24
9,2026-08-07T11:59:17.591789Z,fast,3,273
9,2026-08-07T11:59:18.093988Z,fast,3,249
10,2026-08-07T11:59:18.591577Z,slow,8,205
10,2026-08-07T11:59:18.591551Z,fast,8,339
10,2026-08-07T11:59:19.091643Z,fast,0,0
11,2026-08-07T11:59:19.591676Z,fast,4,342
11,2026-08-07T11:59:20.093965Z,fast,1,7
12,2026-08-07T11:59:20.594649Z,slow,3,193
12,2026-08-07T11:59:20.594632Z,fast,3,286
12,2026-08-07T11:59:21.092081Z,fast,0,0
13,2026-08-07T11:59:21.594182Z,fast,1,13
13,2026-08-07T11:59:22.093981Z,fast,0,0
14,2026-08-07T11:59:22.591560Z,slow,1,32
14,2026-08-07T11:59:22.591540Z,fast,1,34
14,2026-08-07T11:59:23.091754Z,fast,1,76
15,2026-08-07T11:59:23.591530Z,fast,3,227
15,2026-08-07T11:59:24.091864Z,fast,0,0
16,2026-08-07T11:59:24.592015Z,fast,1,9
16,2026-08-07T11:59:24.592016Z,slow,1,9
16,2026-08-07T11:59:25.091595Z,fast,1,96
17,2026-08-07T11:59:25.592484Z,fast,0,0
17,2026-08-07T11:59:26.091723Z,fast,0,0
18,2026-08-07T11:59:26.593695Z,fast,1,9
18,2026-08-07T11:59:26.593695Z,slow,1,9
18,2026-08-07T11:59:27.091877Z,fast,3,352
19,2026-08-07T11:59:27.591626Z,fast,2,316
19,2026-08-07T11:59:28.092349Z,fast,1,61
20,2026-08-07T11:59:28.592673Z,fast,1,62
20,2026-08-07T11:59:28.592673Z,slow,1,62
20,2026-08-07T11:59:29.092618Z,fast,0,0
21,2026-08-07T11:59:29.592065Z,fast,2,112
21,2026-08-07T11:59:30.092492Z,fast,0,0
22,2026-08-07T11:59:30.591666Z,fast,7,124
22,2026-08-07T11:59:30.591926Z,slow,9,235
22,2026-08-07T11:59:31.093404Z,fast,0,0
23,2026-08-07T11:59:31.591813Z,fast,9,420
23,2026-08-07T11:59:32.091986Z,fast,3,352
24,2026-08-07T11:59:32.591885Z,fast,3,71
24,2026-08-07T11:59:32.591902Z,slow,3,73
24,2026-08-07T11:59:33.091681Z,fast,0,0
25,2026-08-07T11:59:33.594057Z,fast,1,66
25,2026-08-07T11:59:34.091650Z,fast,1,82
26,2026-08-07T11:59:34.592886Z,slow,0,9
26,2026-08-07T11:59:34.592886Z,fast,0,9
26,2026-08-07T11:59:35.091573Z,fast,3,319
27,2026-08-07T11:59:35.593832Z,fast,0,0
27,2026-08-07T11:59:36.093230Z,fast,0,0
28,2026-08-07T11:59:36.591951Z,fast,4,419
28,2026-08-07T11:59:36.591961Z,slow,7,396
28,2026-08-07T11:59:37.091739Z,fast,2,193
29,2026-08-07T11:59:37.592477Z,fast,6,96
29,2026-08-07T11:59:38.091997Z,fast,0,0
30,2026-08-07T11:59:38.592266Z,fast,1,104
30,2026-08-07T11:59:38.592301Z,slow,1,127
30,2026-08-07T11:59:39.091638Z,fast,0,0
31,2026-08-07T11:59:39.592940Z,fast,0,0
31,2026-08-07T11:59:40.092385Z,fast,0,0
32,2026-08-07T11:59:40.593092Z,fast,2,147
32,2026-08-07T11:59:40.593101Z,slow,3,147
32,2026-08-07T11:59:41.091647Z,fast,0,0
33,2026-08-07T11:59:41.593934Z,fast,0,0
33,2026-08-07T11:59:42.092940Z,fast,0,0
34,2026-08-07T11:59:42.592281Z,fast,1,9
34,2026-08-07T11:59:42.592284Z,slow,1,9
34,2026-08-07T11:59:43.091710Z,fast,2,352
35,2026-08-07T11:59:43.591973Z,fast,3,337
35,2026-08-07T11:59:44.092671Z,fast,4,336
36,2026-08-07T11:59:44.593978Z,fast,14,44
36,2026-08-07T11:59:44.594393Z,slow,14,51
36,2026-08-07T11:59:45.093951Z,fast,0,0
37,2026-08-07T11:59:45.591862Z,fast,3,264
37,2026-08-07T11:59:46.092196Z,fast,5,459
38,2026-08-07T11:59:46.592329Z,slow,34,32
38,2026-08-07T11:59:46.592328Z,fast,37,355
38,2026-08-07T11:59:47.091681Z,fast,2,193
39,2026-08-07T11:59:47.594421Z,fast,4,111
39,2026-08-07T11:59:48.092919Z,fast,0,0
40,2026-08-07T11:59:48.593302Z,fast,1,21
40,2026-08-07T11:59:48.593314Z,slow,1,9
40,2026-08-07T11:59:49.091716Z,fast,1,43
41,2026-08-07T11:59:49.592137Z,fast,2,191
41,2026-08-07T11:59:50.092159Z,fast,3,100
42,2026-08-07T11:59:50.592104Z,fast,3,35
42,2026-08-07T11:59:50.592121Z,slow,3,35
42,2026-08-07T11:59:51.091652Z,fast,3,371
43,2026-08-07T11:59:51.591793Z,fast,1,63
43,2026-08-07T11:59:52.094017Z,fast,15,346
44,2026-08-07T11:59:52.593094Z,fast,13,288
44,2026-08-07T11:59:52.595323Z,slow,16,325
44,2026-08-07T11:59:53.093829Z,fast,5,173
45,2026-08-07T11:59:53.593903Z,fast,1,0
45,2026-08-07T11:59:54.093883Z,fast,0,0
46,2026-08-07T11:59:54.592701Z,fast,1,8
46,2026-08-07T11:59:54.592701Z,slow,1,9
46,2026-08-07T11:59:55.094970Z,fast,3,368
47,2026-08-07T11:59:55.593306Z,fast,2,117
47,2026-08-07T11:59:56.092291Z,fast,0,0
48,2026-08-07T11:59:56.594781Z,fast,2,134
48,2026-08-07T11:59:56.594788Z,slow,2,134
48,2026-08-07T11:59:57.092964Z,fast,0,0
49,2026-08-07T11:59:57.593489Z,fast,0,0
49,2026-08-07T11:59:58.093099Z,fast,3,357
50,2026-08-07T11:59:58.593021Z,fast,0,9
50,2026-08-07T11:59:58.593039Z,slow,0,9
50,2026-08-07T11:59:59.092765Z,fast,1,0
51,2026-08-07T11:59:59.592696Z,fast,3,204
51,2026-08-07T12:00:00.092867Z,fast,0,0
52,2026-08-07T12:00:00.594638Z,fast,2,114
52,2026-08-07T12:00:00.594664Z,slow,4,250
52,2026-08-07T12:00:01.092807Z,fast,0,0
53,2026-08-07T12:00:01.593088Z,fast,1,117
53,2026-08-07T12:00:02.092916Z,fast,0,0
54,2026-08-07T12:00:02.594396Z,fast,1,60
54,2026-08-07T12:00:02.594401Z,slow,2,60
54,2026-08-07T12:00:03.092453Z,fast,0,0
55,2026-08-07T12:00:03.591857Z,fast,4,162
55,2026-08-07T12:00:04.093923Z,fast,0,0
56,2026-08-07T12:00:04.591614Z,fast,5,326
56,2026-08-07T12:00:04.591660Z,slow,7,295
56,2026-08-07T12:00:05.091647Z,fast,3,227
57,2026-08-07T12:00:05.592709Z,fast,0,0
57,2026-08-07T12:00:06.092066Z,fast,3,266
58,2026-08-07T12:00:06.591625Z,slow,0,9
58,2026-08-07T12:00:06.591615Z,fast,0,9
58,2026-08-07T12:00:07.092694Z,fast,0,0
59,2026-08-07T12:00:07.591893Z,fast,6,88
59,2026-08-07T12:00:08.094124Z,fast,0,14
60,2026-08-07T12:00:08.592180Z,slow,1,13
60,2026-08-07T12:00:08.592181Z,fast,1,13
60,2026-08-07T12:00:09.093307Z,fast,0,0
61,2026-08-07T12:00:09.592723Z,fast,0,0
61,2026-08-07T12:00:10.092193Z,fast,5,503
62,2026-08-07T12:00:10.591631Z,fast,4,401
62,2026-08-07T12:00:10.591642Z,slow,4,401
62,2026-08-07T12:00:11.093332Z,fast,1,93
63,2026-08-07T12:00:11.592670Z,fast,0,0
63,2026-08-07T12:00:12.093443Z,fast,0,0
64,2026-08-07T12:00:12.594440Z,fast,3,153
64,2026-08-07T12:00:12.594442Z,slow,6,233
64,2026-08-07T12:00:13.092699Z,fast,0,0
65,2026-08-07T12:00:13.592882Z,fast,0,0
65,2026-08-07T12:00:14.091809Z,fast,3,216
66,2026-08-07T12:00:14.592667Z,fast,0,7
66,2026-08-07T12:00:14.592667Z,slow,0,9
66,2026-08-07T12:00:15.094248Z,fast,1,16
67,2026-08-07T12:00:15.591657Z,fast,3,244
67,2026-08-07T12:00:16.093977Z,fast,2,294
68,2026-08-07T12:00:16.591780Z,fast,0,9
68,2026-08-07T12:00:16.591788Z,slow,0,9
68,2026-08-07T12:00:17.091751Z,fast,0,0
69,2026-08-07T12:00:17.592691Z,fast,0,22
69,2026-08-07T12:00:18.093307Z,fast,0,0
70,2026-08-07T12:00:18.592494Z,fast,3,110
70,2026-08-07T12:00:18.592495Z,slow,6,359
70,2026-08-07T12:00:19.092090Z,fast,1,27
71,2026-08-07T12:00:19.591982Z,fast,0,0
71,2026-08-07T12:00:20.092794Z,fast,0,0
72,2026-08-07T12:00:20.591831Z,slow,4,191
72,2026-08-07T12:00:20.591827Z,fast,7,415
72,2026-08-07T12:00:21.094560Z,fast,2,172
73,2026-08-07T12:00:21.593386Z,fast,0,0
73,2026-08-07T12:00:22.093486Z,fast,0,0
74,2026-08-07T12:00:22.591909Z,slow,1,9
74,2026-08-07T12:00:22.591900Z,fast,1,9
74,2026-08-07T12:00:23.091723Z,fast,3,391
75,2026-08-07T12:00:23.592335Z,fast,0,0
75,2026-08-07T12:00:24.093451Z,fast,0,0
76,2026-08-07T12:00:24.594904Z,slow,0,9
76,2026-08-07T12:00:24.594892Z,fast,0,9
76,2026-08-07T12:00:25.093332Z,fast,0,0
77,2026-08-07T12:00:25.592054Z,fast,2,168
77,2026-08-07T12:00:26.092182Z,fast,1,144
78,2026-08-07T12:00:26.591714Z,fast,3,399
78,2026-08-07T12:00:26.591739Z,slow,4,383
78,2026-08-07T12:00:27.091788Z,fast,0,0
79,2026-08-07T12:00:27.593032Z,fast,0,0
79,2026-08-07T12:00:28.092517Z,fast,0,0
80,2026-08-07T12:00:28.593410Z,fast,1,7
80,2026-08-07T12:00:28.593410Z,slow,1,9
80,2026-08-07T12:00:29.091964Z,fast,2,128
81,2026-08-07T12:00:29.591906Z,fast,3,403
81,2026-08-07T12:00:30.092731Z,fast,5,396
82,2026-08-07T12:00:30.594679Z,fast,1,110
82,2026-08-07T12:00:30.594693Z,slow,2,97
82,2026-08-07T12:00:31.093867Z,fast,0,0
83,2026-08-07T12:00:31.591979Z,fast,3,409
83,2026-08-07T12:00:32.092335Z,fast,3,405
84,2026-08-07T12:00:32.591803Z,fast,4,440
84,2026-08-07T12:00:32.591806Z,slow,7,454
84,2026-08-07T12:00:33.091718Z,fast,2,363
85,2026-08-07T12:00:33.593024Z,fast,0,0
85,2026-08-07T12:00:34.094735Z,fast,2,172
86,2026-08-07T12:00:34.591694Z,slow,4,317
86,2026-08-07T12:00:34.591671Z,fast,4,336
86,2026-08-07T12:00:35.092265Z,fast,0,0
87,2026-08-07T12:00:35.594135Z,fast,0,0
87,2026-08-07T12:00:36.092678Z,fast,1,168
88,2026-08-07T12:00:36.592869Z,fast,0,9
88,2026-08-07T12:00:36.592880Z,slow,0,9
88,2026-08-07T12:00:37.091759Z,fast,0,0
89,2026-08-07T12:00:37.593244Z,fast,0,0
89,2026-08-07T12:00:38.093172Z,fast,0,0
90,2026-08-07T12:00:38.591701Z,fast,3,431
90,2026-08-07T12:00:38.591702Z,slow,7,414
90,2026-08-07T12:00:39.093105Z,fast,0,0
91,2026-08-07T12:00:39.593377Z,fast,0,0
91,2026-08-07T12:00:40.093068Z,fast,0,0
92,2026-08-07T12:00:40.592152Z,fast,0,9
92,2026-08-07T12:00:40.592153Z,slow,0,9
92,2026-08-07T12:00:41.093626Z,fast,0,0
93,2026-08-07T12:00:41.594786Z,fast,1,104
93,2026-08-07T12:00:42.093083Z,fast,0,0
94,2026-08-07T12:00:42.591904Z,slow,3,346
94,2026-08-07T12:00:42.591900Z,fast,5,373
94,2026-08-07T12:00:43.091776Z,fast,3,255
95,2026-08-07T12:00:43.592938Z,fast,0,0
95,2026-08-07T12:00:44.091782Z,fast,1,0
96,2026-08-07T12:00:44.593560Z,fast,0,9
96,2026-08-07T12:00:44.593560Z,slow,0,9
96,2026-08-07T12:00:45.093756Z,fast,2,178
97,2026-08-07T12:00:45.591867Z,fast,0,0
97,2026-08-07T12:00:46.091717Z,fast,0,0
98,2026-08-07T12:00:46.593709Z,fast,3,216
98,2026-08-07T12:00:46.593711Z,slow,5,197
98,2026-08-07T12:00:47.092549Z,fast,3,271
99,2026-08-07T12:00:47.592010Z,fast,1,0
99,2026-08-07T12:00:48.091735Z,fast,0,0
100,2026-08-07T12:00:48.591998Z,fast,1,29
100,2026-08-07T12:00:48.592005Z,slow,1,31
100,2026-08-07T12:00:49.092275Z,fast,3,362
101,2026-08-07T12:00:49.592650Z,fast,0,0
101,2026-08-07T12:00:50.092204Z,fast,3,73
102,2026-08-07T12:00:50.591706Z,slow,3,185
102,2026-08-07T12:00:50.591700Z,fast,4,359
102,2026-08-07T12:00:51.092584Z,fast,0,0
103,2026-08-07T12:00:51.592751Z,fast,0,0
103,2026-08-07T12:00:52.091732Z,fast,4,413
104,2026-08-07T12:00:52.591740Z,fast,0,9
104,2026-08-07T12:00:52.591740Z,slow,0,9
104,2026-08-07T12:00:53.093906Z,fast,0,0
105,2026-08-07T12:00:53.592792Z,fast,0,0
105,2026-08-07T12:00:54.091755Z,fast,3,403
106,2026-08-07T12:00:54.593209Z,fast,0,9
106,2026-08-07T12:00:54.593229Z,slow,0,9
106,2026-08-07T12:00:55.091796Z,fast,1,44
107,2026-08-07T12:00:55.591746Z,fast,0,0
107,2026-08-07T12:00:56.091798Z,fast,0,0
108,2026-08-07T12:00:56.594264Z,fast,2,172
108,2026-08-07T12:00:56.594278Z,slow,2,90
108,2026-08-07T12:00:57.094169Z,fast,2,180
109,2026-08-07T12:00:57.593223Z,fast,0,0
109,2026-08-07T12:00:58.092029Z,fast,0,0
110,2026-08-07T12:00:58.594582Z,fast,1,74
110,2026-08-07T12:00:58.594583Z,slow,3,201
110,2026-08-07T12:00:59.094202Z,fast,2,248
111,2026-08-07T12:00:59.591710Z,fast,0,0
111,2026-08-07T12:01:00.091712Z,fast,2,413
112,2026-08-07T12:01:00.593231Z,fast,0,9
112,2026-08-07T12:01:00.593231Z,slow,0,9
112,2026-08-07T12:01:01.092714Z,fast,0,0
113,2026-08-07T12:01:01.593239Z,fast,0,0
113,2026-08-07T12:01:02.093830Z,fast,0,12
114,2026-08-07T12:01:02.592788Z,slow,0,9
114,2026-08-07T12:01:02.592788Z,fast,0,9
114,2026-08-07T12:01:03.091737Z,fast,3,252
115,2026-08-07T12:01:03.593029Z,fast,0,0
115,2026-08-07T12:01:04.093551Z,fast,0,0
116,2026-08-07T12:01:04.593038Z,fast,0,9
116,2026-08-07T12:01:04.593038Z,slow,0,9
116,2026-08-07T12:01:05.091735Z,fast,1,167
117,2026-08-07T12:01:05.592758Z,fast,0,0
117,2026-08-07T12:01:06.091768Z,fast,0,0
118,2026-08-07T12:01:06.592870Z,fast,0,9
118,2026-08-07T12:01:06.592871Z,slow,0,9
118,2026-08-07T12:01:07.091727Z,fast,3,357
119,2026-08-07T12:01:07.593220Z,fast,0,0
119,2026-08-07T12:01:08.091964Z,fast,1,0
120,2026-08-07T12:01:08.592507Z,slow,0,9
120,2026-08-07T12:01:08.592506Z,fast,0,9
120,2026-08-07T12:01:09.093068Z,fast,3,376
121,2026-08-07T12:01:09.591722Z,fast,3,287
121,2026-08-07T12:01:10.092397Z,fast,0,0
122,2026-08-07T12:01:10.593742Z,fast,0,7
122,2026-08-07T12:01:10.593742Z,slow,0,9
122,2026-08-07T12:01:11.091890Z,fast,2,249
123,2026-08-07T12:01:11.591850Z,fast,1,29
123,2026-08-07T12:01:12.091797Z,fast,3,373
124,2026-08-07T12:01:12.592452Z,fast,0,7
124,2026-08-07T12:01:12.592453Z,slow,0,9
124,2026-08-07T12:01:13.092514Z,fast,0,0
125,2026-08-07T12:01:13.592959Z,fast,0,0
125,2026-08-07T12:01:14.091710Z,fast,5,380
126,2026-08-07T12:01:14.591897Z,fast,2,127
126,2026-08-07T12:01:14.591899Z,slow,4,235
126,2026-08-07T12:01:15.094857Z,fast,2,147
127,2026-08-07T12:01:15.594051Z,fast,3,267
127,2026-08-07T12:01:16.092335Z,fast,2,254
128,2026-08-07T12:01:16.592094Z,fast,2,196
128,2026-08-07T12:01:16.592106Z,slow,4,204
128,2026-08-07T12:01:17.091773Z,fast,3,301
129,2026-08-07T12:01:17.591802Z,fast,5,207
129,2026-08-07T12:01:18.092344Z,fast,0,0
130,2026-08-07T12:01:18.592045Z,slow,1,38
130,2026-08-07T12:01:18.592045Z,fast,1,55
130,2026-08-07T12:01:19.092248Z,fast,2,421
131,2026-08-07T12:01:19.593277Z,fast,3,295
131,2026-08-07T12:01:20.091820Z,fast,0,0
132,2026-08-07T12:01:20.593461Z,fast,0,9
132,2026-08-07T12:01:20.593465Z,slow,0,9
132,2026-08-07T12:01:21.091944Z,fast,3,412
133,2026-08-07T12:01:21.591822Z,fast,3,327
133,2026-08-07T12:01:22.091774Z,fast,1,196
134,2026-08-07T12:01:22.591844Z,fast,2,304
134,2026-08-07T12:01:22.591854Z,slow,4,303
134,2026-08-07T12:01:23.095104Z,fast,2,239
135,2026-08-07T12:01:23.591745Z,fast,2,270
135,2026-08-07T12:01:24.091901Z,fast,2,190
136,2026-08-07T12:01:24.593547Z,slow,0,9
136,2026-08-07T12:01:24.593544Z,fast,0,9
136,2026-08-07T12:01:25.093845Z,fast,0,0
137,2026-08-07T12:01:25.591734Z,fast,2,126
137,2026-08-07T12:01:26.094013Z,fast,0,0
138,2026-08-07T12:01:26.592041Z,fast,1,7
138,2026-08-07T12:01:26.592041Z,slow,1,9
138,2026-08-07T12:01:27.091953Z,fast,4,405
139,2026-08-07T12:01:27.592202Z,fast,1,0
139,2026-08-07T12:01:28.091915Z,fast,2,209
140,2026-08-07T12:01:28.594251Z,fast,1,45
140,2026-08-07T12:01:28.594286Z,slow,1,46
140,2026-08-07T12:01:29.094404Z,fast,1,22
141,2026-08-07T12:01:29.594522Z,fast,2,241
141,2026-08-07T12:01:30.094152Z,fast,0,0
142,2026-08-07T12:01:30.593745Z,fast,1,59
142,2026-08-07T12:01:30.593790Z,slow,1,59
142,2026-08-07T12:01:31.092696Z,fast,0,0
143,2026-08-07T12:01:31.592341Z,fast,2,364
143,2026-08-07T12:01:32.091885Z,fast,6,523
144,2026-08-07T12:01:32.593597Z,slow,5,270
144,2026-08-07T12:01:32.593581Z,fast,5,427
144,2026-08-07T12:01:33.091905Z,fast,3,23
145,2026-08-07T12:01:33.593953Z,fast,0,0
145,2026-08-07T12:01:34.091789Z,fast,4,473
146,2026-08-07T12:01:34.594269Z,fast,1,9
146,2026-08-07T12:01:34.594279Z,slow,1,9
146,2026-08-07T12:01:35.091929Z,fast,7,339
147,2026-08-07T12:01:35.592854Z,fast,0,0
147,2026-08-07T12:01:36.091928Z,fast,0,0
148,2026-08-07T12:01:36.593183Z,fast,1,9
148,2026-08-07T12:01:36.593186Z,slow,1,9
148,2026-08-07T12:01:37.091751Z,fast,3,304
149,2026-08-07T12:01:37.591780Z,fast,2,280
149,2026-08-07T12:01:38.094127Z,fast,2,175
150,2026-08-07T12:01:38.593989Z,fast,0,9
150,2026-08-07T12:01:38.593995Z,slow,0,9
150,2026-08-07T12:01:39.091881Z,fast,3,245
151,2026-08-07T12:01:39.592530Z,fast,0,0
151,2026-08-07T12:01:40.092814Z,fast,0,0
152,2026-08-07T12:01:40.592794Z,fast,0,9
152,2026-08-07T12:01:40.592799Z,slow,0,9
152,2026-08-07T12:01:41.093043Z,fast,0,0
153,2026-08-07T12:01:41.593468Z,fast,0,0
153,2026-08-07T12:01:42.091813Z,fast,3,293
154,2026-08-07T12:01:42.591832Z,fast,2,213
154,2026-08-07T12:01:42.591844Z,slow,3,171
154,2026-08-07T12:01:43.092019Z,fast,0,16
155,2026-08-07T12:01:43.594776Z,fast,1,130
155,2026-08-07T12:01:44.095066Z,fast,1,110
156,2026-08-07T12:01:44.592566Z,fast,4,421
156,2026-08-07T12:01:44.592566Z,slow,5,402
156,2026-08-07T12:01:45.092265Z,fast,3,330
157,2026-08-07T12:01:45.594299Z,fast,2,244
157,2026-08-07T12:01:46.092656Z,fast,0,0
158,2026-08-07T12:01:46.592068Z,fast,7,469
158,2026-08-07T12:01:46.592076Z,slow,7,450
158,2026-08-07T12:01:47.093867Z,fast,0,0
159,2026-08-07T12:01:47.593041Z,fast,6,351
159,2026-08-07T12:01:48.092651Z,fast,1,81
160,2026-08-07T12:01:48.594657Z,fast,4,369
160,2026-08-07T12:01:48.594657Z,slow,6,369
160,2026-08-07T12:01:49.092859Z,fast,0,0
161,2026-08-07T12:01:49.593602Z,fast,4,430
161,2026-08-07T12:01:50.092032Z,fast,2,113
162,2026-08-07T12:01:50.591831Z,fast,4,337
162,2026-08-07T12:01:50.591842Z,slow,4,168
162,2026-08-07T12:01:51.094520Z,fast,2,191
163,2026-08-07T12:01:51.593036Z,fast,0,0
163,2026-08-07T12:01:52.092976Z,fast,0,0
164,2026-08-07T12:01:52.591788Z,fast,1,29
164,2026-08-07T12:01:52.591839Z,slow,2,31
164,2026-08-07T12:01:53.092904Z,fast,0,0
165,2026-08-07T12:01:53.593647Z,fast,0,0
165,2026-08-07T12:01:54.092399Z,fast,2,318
166,2026-08-07T12:01:54.591949Z,fast,4,245
166,2026-08-07T12:01:54.591949Z,slow,5,245
166,2026-08-07T12:01:55.091896Z,fast,0,0
167,2026-08-07T12:01:55.592023Z,fast,0,0
167,2026-08-07T12:01:56.092001Z,fast,4,444
168,2026-08-07T12:01:56.593844Z,fast,2,146
168,2026-08-07T12:01:56.593864Z,slow,5,326
168,2026-08-07T12:01:57.092462Z,fast,0,0
169,2026-08-07T12:01:57.591893Z,fast,0,0
169,2026-08-07T12:01:58.093462Z,fast,0,0
170,2026-08-07T12:01:58.592765Z,fast,0,7
170,2026-08-07T12:01:58.592771Z,slow,1,9
170,2026-08-07T12:01:59.093240Z,fast,0,0
171,2026-08-07T12:01:59.594278Z,fast,1,44
171,2026-08-07T12:02:00.091789Z,fast,1,52
172,2026-08-07T12:02:00.594328Z,slow,0,9
172,2026-08-07T12:02:00.594328Z,fast,0,9
172,2026-08-07T12:02:01.093325Z,fast,0,0
173,2026-08-07T12:02:01.591981Z,fast,2,187
173,2026-08-07T12:02:02.093381Z,fast,1,52
174,2026-08-07T12:02:02.593718Z,slow,0,9
174,2026-08-07T12:02:02.593714Z,fast,0,9
174,2026-08-07T12:02:03.091918Z,fast,1,176
175,2026-08-07T12:02:03.592004Z,fast,2,158
175,2026-08-07T12:02:04.092480Z,fast,0,0
176,2026-08-07T12:02:04.593481Z,fast,2,223
176,2026-08-07T12:02:04.593486Z,slow,2,296
176,2026-08-07T12:02:05.093149Z,fast,0,0
177,2026-08-07T12:02:05.592712Z,fast,0,0
177,2026-08-07T12:02:06.092437Z,fast,0,0
178,2026-08-07T12:02:06.593998Z,fast,0,14
178,2026-08-07T12:02:06.594Z,slow,0,16
178,2026-08-07T12:02:07.092774Z,fast,0,0
179,2026-08-07T12:02:07.591982Z,fast,0,28
179,2026-08-07T12:02:08.093478Z,fast,0,0
180,2026-08-07T12:02:08.592774Z,fast,0,16
180,2026-08-07T12:02:08.592779Z,slow,0,14
180,2026-08-07T12:02:09.093527Z,fast,0,0
181,2026-08-07T12:02:09.591972Z,fast,0,5
181,2026-08-07T12:02:10.092359Z,fast,0,34
182,2026-08-07T12:02:10.592026Z,fast,5,401
182,2026-08-07T12:02:10.592030Z,slow,5,400
182,2026-08-07T12:02:11.092516Z,fast,0,5
183,2026-08-07T12:02:11.591993Z,fast,1,27
183,2026-08-07T12:02:12.093748Z,fast,0,16
184,2026-08-07T12:02:12.592958Z,slow,0,9
184,2026-08-07T12:02:12.592951Z,fast,0,9
184,2026-08-07T12:02:13.093393Z,fast,0,0
185,2026-08-07T12:02:13.592038Z,fast,3,363
185,2026-08-07T12:02:14.092858Z,fast,0,0
186,2026-08-07T12:02:14.592892Z,slow,0,9
186,2026-08-07T12:02:14.592885Z,fast,0,9
186,2026-08-07T12:02:15.093553Z,fast,0,0
187,2026-08-07T12:02:15.592353Z,fast,0,0
187,2026-08-07T12:02:16.092575Z,fast,0,0
188,2026-08-07T12:02:16.592043Z,fast,4,331
188,2026-08-07T12:02:16.592043Z,slow,4,331
188,2026-08-07T12:02:17.092420Z,fast,6,500
189,2026-08-07T12:02:17.592782Z,fast,2,237
189,2026-08-07T12:02:18.092535Z,fast,0,0
190,2026-08-07T12:02:18.593486Z,slow,0,9
190,2026-08-07T12:02:18.593487Z,fast,0,9
190,2026-08-07T12:02:19.094088Z,fast,0,0
191,2026-08-07T12:02:19.592834Z,fast,0,0
191,2026-08-07T12:02:20.091948Z,fast,0,0
192,2026-08-07T12:02:20.594191Z,fast,3,321
192,2026-08-07T12:02:20.594215Z,slow,4,160
192,2026-08-07T12:02:21.091906Z,fast,2,265
193,2026-08-07T12:02:21.592070Z,fast,2,219
193,2026-08-07T12:02:22.092245Z,fast,2,204
194,2026-08-07T12:02:22.593546Z,fast,1,130
194,2026-08-07T12:02:22.593557Z,slow,2,129
194,2026-08-07T12:02:23.095030Z,fast,2,267
195,2026-08-07T12:02:23.592001Z,fast,2,161
195,2026-08-07T12:02:24.092175Z,fast,0,0
196,2026-08-07T12:02:24.592902Z,fast,0,9
196,2026-08-07T12:02:24.592903Z,slow,0,9
196,2026-08-07T12:02:25.093468Z,fast,3,325
197,2026-08-07T12:02:25.592576Z,fast,0,0
197,2026-08-07T12:02:26.092629Z,fast,1,48
198,2026-08-07T12:02:26.593834Z,fast,0,9
198,2026-08-07T12:02:26.593838Z,slow,0,9
198,2026-08-07T12:02:27.093330Z,fast,0,0
199,2026-08-07T12:02:27.594070Z,fast,0,0
199,2026-08-07T12:02:28.092935Z,fast,0,0
200,2026-08-07T12:02:28.592226Z,slow,0,9
200,2026-08-07T12:02:28.592225Z,fast,0,9
200,2026-08-07T12:02:29.093368Z,fast,0,0
201,2026-08-07T12:02:29.592195Z,fast,3,438
201,2026-08-07T12:02:30.092411Z,fast,0,0
202,2026-08-07T12:02:30.593257Z,fast,0,8
202,2026-08-07T12:02:30.593264Z,slow,0,9
202,2026-08-07T12:02:31.095112Z,fast,1,46
203,2026-08-07T12:02:31.591961Z,fast,1,196
203,2026-08-07T12:02:32.094359Z,fast,0,0
204,2026-08-07T12:02:32.592534Z,fast,0,9
204,2026-08-07T12:02:32.592535Z,slow,0,9
204,2026-08-07T12:02:33.094147Z,fast,0,0
205,2026-08-07T12:02:33.591907Z,fast,2,269
205,2026-08-07T12:02:34.091861Z,fast,3,201
206,2026-08-07T12:02:34.592765Z,fast,0,9
206,2026-08-07T12:02:34.592765Z,slow,0,9
206,2026-08-07T12:02:35.093522Z,fast,0,0
207,2026-08-07T12:02:35.593524Z,fast,0,0
207,2026-08-07T12:02:36.091832Z,fast,2,188
208,2026-08-07T12:02:36.593410Z,fast,1,9
208,2026-08-07T12:02:36.593412Z,slow,1,9
208,2026-08-07T12:02:37.092945Z,fast,0,0
209,2026-08-07T12:02:37.593275Z,fast,0,0
209,2026-08-07T12:02:38.092449Z,fast,3,292
210,2026-08-07T12:02:38.592517Z,fast,1,9
210,2026-08-07T12:02:38.592531Z,slow,1,9
210,2026-08-07T12:02:39.092137Z,fast,2,14
211,2026-08-07T12:02:39.592496Z,fast,0,23
211,2026-08-07T12:02:40.094211Z,fast,2,68
212,2026-08-07T12:02:40.593665Z,fast,0,9
212,2026-08-07T12:02:40.593665Z,slow,0,9
212,2026-08-07T12:02:41.091988Z,fast,3,399
213,2026-08-07T12:02:41.595Z,fast,3,182
213,2026-08-07T12:02:42.092122Z,fast,2,136
214,2026-08-07T12:02:42.593399Z,fast,0,9
214,2026-08-07T12:02:42.593402Z,slow,0,9
214,2026-08-07T12:02:43.094494Z,fast,1,22
215,2026-08-07T12:02:43.593557Z,fast,1,60
215,2026-08-07T12:02:44.094365Z,fast,2,83
216,2026-08-07T12:02:44.592948Z,fast,0,9
216,2026-08-07T12:02:44.592950Z,slow,0,9
216,2026-08-07T12:02:45.094808Z,fast,3,201
217,2026-08-07T12:02:45.592845Z,fast,0,0
217,2026-08-07T12:02:46.094451Z,fast,1,53
218,2026-08-07T12:02:46.593543Z,fast,0,9
218,2026-08-07T12:02:46.593549Z,slow,0,9
218,2026-08-07T12:02:47.095120Z,fast,1,153
219,2026-08-07T12:02:47.592733Z,fast,0,0
219,2026-08-07T12:02:48.092996Z,fast,0,0
220,2026-08-07T12:02:48.592988Z,fast,1,9
220,2026-08-07T12:02:48.592993Z,slow,1,9
220,2026-08-07T12:02:49.092712Z,fast,0,0
221,2026-08-07T12:02:49.593940Z,fast,0,0
221,2026-08-07T12:02:50.091936Z,fast,0,0
222,2026-08-07T12:02:50.591891Z,fast,2,259
222,2026-08-07T12:02:50.591900Z,slow,3,259
222,2026-08-07T12:02:51.094186Z,fast,1,105
223,2026-08-07T12:02:51.592423Z,fast,0,0
223,2026-08-07T12:02:52.092100Z,fast,3,273
224,2026-08-07T12:02:52.592374Z,fast,1,9
224,2026-08-07T12:02:52.592375Z,slow,1,9
224,2026-08-07T12:02:53.093328Z,fast,0,0
225,2026-08-07T12:02:53.592648Z,fast,0,0
225,2026-08-07T12:02:54.092593Z,fast,1,56
226,2026-08-07T12:02:54.592078Z,slow,0,9
226,2026-08-07T12:02:54.592077Z,fast,0,9
226,2026-08-07T12:02:55.094230Z,fast,1,37
227,2026-08-07T12:02:55.591965Z,fast,5,393
227,2026-08-07T12:02:56.093830Z,fast,0,0
228,2026-08-07T12:02:56.593954Z,fast,0,9
228,2026-08-07T12:02:56.593956Z,slow,0,9
228,2026-08-07T12:02:57.093061Z,fast,0,0
229,2026-08-07T12:02:57.592132Z,fast,1,199
229,2026-08-07T12:02:58.092222Z,fast,1,51
230,2026-08-07T12:02:58.592056Z,fast,1,7
230,2026-08-07T12:02:58.592061Z,slow,1,9
230,2026-08-07T12:02:59.093005Z,fast,3,376
231,2026-08-07T12:02:59.592090Z,fast,2,166
231,2026-08-07T12:03:00.092385Z,fast,0,22
232,2026-08-07T12:03:00.594059Z,fast,0,9
232,2026-08-07T12:03:00.594063Z,slow,0,9
232,2026-08-07T12:03:01.093030Z,fast,0,0
233,2026-08-07T12:03:01.591954Z,fast,3,474
233,2026-08-07T12:03:02.093194Z,fast,3,334
234,2026-08-07T12:03:02.593005Z,fast,0,9
234,2026-08-07T12:03:02.593005Z,slow,0,9
234,2026-08-07T12:03:03.092621Z,fast,0,0
235,2026-08-07T12:03:03.592344Z,fast,2,322
235,2026-08-07T12:03:04.091998Z,fast,3,420
236,2026-08-07T12:03:04.592800Z,fast,0,9
236,2026-08-07T12:03:04.592801Z,slow,0,9
236,2026-08-07T12:03:05.092220Z,fast,2,220
237,2026-08-07T12:03:05.592071Z,fast,2,333
237,2026-08-07T12:03:06.092312Z,fast,2,94
238,2026-08-07T12:03:06.592033Z,fast,4,382
238,2026-08-07T12:03:06.592033Z,slow,4,372
238,2026-08-07T12:03:07.093579Z,fast,0,0
239,2026-08-07T12:03:07.591976Z,fast,3,113
239,2026-08-07T12:03:08.093903Z,fast,3,141
240,2026-08-07T12:03:08.592089Z,fast,1,7
240,2026-08-07T12:03:08.592100Z,slow,1,9
240,2026-08-07T12:03:09.092967Z,fast,0,0
241,2026-08-07T12:03:09.592603Z,fast,0,0
241,2026-08-07T12:03:10.093175Z,fast,1,44
242,2026-08-07T12:03:10.594956Z,slow,3,9
242,2026-08-07T12:03:10.594887Z,fast,3,7
242,2026-08-07T12:03:11.093197Z,fast,2,80
243,2026-08-07T12:03:11.592062Z,fast,1,23
243,2026-08-07T12:03:12.092551Z,fast,2,137
244,2026-08-07T12:03:12.593685Z,fast,0,7
244,2026-08-07T12:03:12.593697Z,slow,0,9
244,2026-08-07T12:03:13.093194Z,fast,1,0
245,2026-08-07T12:03:13.594172Z,fast,4,268
245,2026-08-07T12:03:14.093997Z,fast,1,44
246,2026-08-07T12:03:14.591985Z,fast,3,283
246,2026-08-07T12:03:14.591991Z,slow,3,61
246,2026-08-07T12:03:15.091920Z,fast,0,22
247,2026-08-07T12:03:15.592403Z,fast,2,244
247,2026-08-07T12:03:16.092424Z,fast,1,60
248,2026-08-07T12:03:16.593436Z,fast,1,9
248,2026-08-07T12:03:16.593441Z,slow,1,9
248,2026-08-07T12:03:17.092450Z,fast,1,0
249,2026-08-07T12:03:17.592087Z,fast,1,22
249,2026-08-07T12:03:18.092076Z,fast,3,405
250,2026-08-07T12:03:18.593131Z,slow,0,9
250,2026-08-07T12:03:18.593131Z,fast,0,9
250,2026-08-07T12:03:19.094360Z,fast,0,22
251,2026-08-07T12:03:19.591919Z,fast,2,226
251,2026-08-07T12:03:20.094426Z,fast,0,0
252,2026-08-07T12:03:20.592715Z,fast,0,9
252,2026-08-07T12:03:20.592721Z,slow,0,9
252,2026-08-07T12:03:21.093320Z,fast,1,66
253,2026-08-07T12:03:21.592118Z,fast,2,221
253,2026-08-07T12:03:22.094286Z,fast,0,0
254,2026-08-07T12:03:22.594326Z,fast,1,46
254,2026-08-07T12:03:22.594330Z,slow,1,45
254,2026-08-07T12:03:23.092631Z,fast,0,0
255,2026-08-07T12:03:23.593751Z,fast,1,85
255,2026-08-07T12:03:24.092897Z,fast,2,185
256,2026-08-07T12:03:24.594584Z,fast,1,24
256,2026-08-07T12:03:24.594584Z,slow,1,24
256,2026-08-07T12:03:25.093458Z,fast,0,0
257,2026-08-07T12:03:25.593684Z,fast,0,0
257,2026-08-07T12:03:26.093956Z,fast,2,190
258,2026-08-07T12:03:26.591980Z,fast,3,205
258,2026-08-07T12:03:26.591980Z,slow,3,191
258,2026-08-07T12:03:27.092812Z,fast,0,0
259,2026-08-07T12:03:27.592788Z,fast,3,325
259,2026-08-07T12:03:28.095040Z,fast,2,194
260,2026-08-07T12:03:28.593212Z,fast,1,8
260,2026-08-07T12:03:28.593211Z,slow,1,9
260,2026-08-07T12:03:29.092069Z,fast,0,22
261,2026-08-07T12:03:29.593452Z,fast,0,0
261,2026-08-07T12:03:30.093124Z,fast,0,0
262,2026-08-07T12:03:30.592317Z,fast,2,354
262,2026-08-07T12:03:30.592324Z,slow,6,294
262,2026-08-07T12:03:31.093625Z,fast,1,16
263,2026-08-07T12:03:31.592913Z,fast,3,179
263,2026-08-07T12:03:32.093836Z,fast,1,22
264,2026-08-07T12:03:32.593031Z,slow,0,9
264,2026-08-07T12:03:32.593031Z,fast,0,9
264,2026-08-07T12:03:33.091972Z,fast,1,31
265,2026-08-07T12:03:33.592106Z,fast,2,196
265,2026-08-07T12:03:34.093441Z,fast,0,0
266,2026-08-07T12:03:34.592087Z,fast,4,430
266,2026-08-07T12:03:34.592087Z,slow,4,380
266,2026-08-07T12:03:35.092478Z,fast,0,0
267,2026-08-07T12:03:35.592140Z,fast,3,363
267,2026-08-07T12:03:36.093777Z,fast,0,0
268,2026-08-07T12:03:36.592485Z,fast,2,103
268,2026-08-07T12:03:36.592485Z,slow,3,105
268,2026-08-07T12:03:37.093370Z,fast,0,0
269,2026-08-07T12:03:37.591935Z,fast,2,143
269,2026-08-07T12:03:38.092099Z,fast,0,0
270,2026-08-07T12:03:38.591973Z,fast,0,7
270,2026-08-07T12:03:38.591992Z,slow,1,30
270,2026-08-07T12:03:39.093642Z,fast,0,0
271,2026-08-07T12:03:39.593649Z,fast,0,0
271,2026-08-07T12:03:40.093591Z,fast,1,77
272,2026-08-07T12:03:40.593367Z,fast,0,9
272,2026-08-07T12:03:40.593367Z,slow,0,9
272,2026-08-07T12:03:41.093591Z,fast,0,0
273,2026-08-07T12:03:41.593143Z,fast,0,0
273,2026-08-07T12:03:42.092340Z,fast,3,466
274,2026-08-07T12:03:42.594437Z,fast,4,316
274,2026-08-07T12:03:42.594439Z,slow,5,180
274,2026-08-07T12:03:43.092650Z,fast,1,72
275,2026-08-07T12:03:43.592623Z,fast,0,0
275,2026-08-07T12:03:44.092213Z,fast,4,393
276,2026-08-07T12:03:44.592491Z,slow,1,9
276,2026-08-07T12:03:44.592489Z,fast,1,9
276,2026-08-07T12:03:45.094838Z,fast,1,163
277,2026-08-07T12:03:45.592812Z,fast,0,0
277,2026-08-07T12:03:46.092191Z,fast,3,250
278,2026-08-07T12:03:46.592828Z,fast,0,9
278,2026-08-07T12:03:46.592828Z,slow,0,9
278,2026-08-07T12:03:47.092107Z,fast,2,180
279,2026-08-07T12:03:47.593048Z,fast,0,0
279,2026-08-07T12:03:48.092088Z,fast,1,160
280,2026-08-07T12:03:48.593955Z,fast,1,106
280,2026-08-07T12:03:48.594031Z,slow,3,294
280,2026-08-07T12:03:49.093042Z,fast,0,0
281,2026-08-07T12:03:49.592541Z,fast,4,532
281,2026-08-07T12:03:50.092118Z,fast,0,0
282,2026-08-07T12:03:50.592988Z,fast,0,9
282,2026-08-07T12:03:50.592988Z,slow,0,9
282,2026-08-07T12:03:51.093020Z,fast,0,0
283,2026-08-07T12:03:51.592620Z,fast,1,28
283,2026-08-07T12:03:52.092632Z,fast,0,0
284,2026-08-07T12:03:52.593658Z,fast,0,9
284,2026-08-07T12:03:52.593674Z,slow,0,9
284,2026-08-07T12:03:53.092885Z,fast,0,0
285,2026-08-07T12:03:53.592619Z,fast,0,0
285,2026-08-07T12:03:54.094923Z,fast,3,390
286,2026-08-07T12:03:54.593917Z,fast,3,342
286,2026-08-07T12:03:54.593939Z,slow,4,220
286,2026-08-07T12:03:55.092204Z,fast,6,532
287,2026-08-07T12:03:55.592749Z,fast,3,327
287,2026-08-07T12:03:56.092170Z,fast,3,407
288,2026-08-07T12:03:56.593146Z,slow,1,77
288,2026-08-07T12:03:56.593146Z,fast,1,89
288,2026-08-07T12:03:57.091976Z,fast,2,164
289,2026-08-07T12:03:57.592154Z,fast,0,0
289,2026-08-07T12:03:58.093647Z,fast,0,0
290,2026-08-07T12:03:58.592072Z,fast,3,281
290,2026-08-07T12:03:58.592084Z,slow,5,341
290,2026-08-07T12:03:59.093328Z,fast,0,0
291,2026-08-07T12:03:59.592019Z,fast,1,95
291,2026-08-07T12:04:00.092184Z,fast,1,108
292,2026-08-07T12:04:00.592200Z,fast,4,467
292,2026-08-07T12:04:00.592208Z,slow,5,426
292,2026-08-07T12:04:01.092385Z,fast,0,0
293,2026-08-07T12:04:01.592699Z,fast,3,201
293,2026-08-07T12:04:02.092073Z,fast,0,0
294,2026-08-07T12:04:02.592475Z,fast,0,7
294,2026-08-07T12:04:02.592479Z,slow,0,9
294,2026-08-07T12:04:03.093691Z,fast,0,0
295,2026-08-07T12:04:03.593092Z,fast,0,0
295,2026-08-07T12:04:04.093650Z,fast,0,0
296,2026-08-07T12:04:04.592142Z,fast,1,65
296,2026-08-07T12:04:04.592138Z,slow,1,63
296,2026-08-07T12:04:05.093290Z,fast,0,0
297,2026-08-07T12:04:05.592054Z,fast,3,219
297,2026-08-07T12:04:06.092098Z,fast,3,363
298,2026-08-07T12:04:06.593714Z,fast,0,9
298,2026-08-07T12:04:06.593714Z,slow,0,9
298,2026-08-07T12:04:07.093090Z,fast,0,0
299,2026-08-07T12:04:07.592723Z,fast,0,14
299,2026-08-07T12:04:08.094016Z,fast,0,0
300,2026-08-07T12:04:08.592142Z,fast,3,403
300,2026-08-07T12:04:08.592144Z,slow,6,385
300,2026-08-07T12:04:09.093250Z,fast,3,90
301,2026-08-07T12:04:09.595875Z,fast,3,90
301,2026-08-07T12:04:10.093748Z,fast,3,90
302,2026-08-07T12:04:10.596875Z,fast,1,98
302,2026-08-07T12:04:10.597Z,slow,1,99
302,2026-08-07T12:04:11.092097Z,fast,1,109
303,2026-08-07T12:04:11.593140Z,fast,0,22
303,2026-08-07T12:04:12.092284Z,fast,0,22
304,2026-08-07T12:04:12.593143Z,fast,0,31
304,2026-08-07T12:04:12.593143Z,slow,0,31
304,2026-08-07T12:04:13.092236Z,fast,4,466
305,2026-08-07T12:04:13.593750Z,fast,0,22
305,2026-08-07T12:04:14.094186Z,fast,2,352
306,2026-08-07T12:04:14.592268Z,fast,1,241
306,2026-08-07T12:04:14.592272Z,slow,5,409
306,2026-08-07T12:04:15.094201Z,fast,3,429
307,2026-08-07T12:04:15.592111Z,fast,1,136
307,2026-08-07T12:04:16.093049Z,fast,0,22
308,2026-08-07T12:04:16.593526Z,fast,0,31
308,2026-08-07T12:04:16.593531Z,slow,0,31
308,2026-08-07T12:04:17.094170Z,fast,0,22
309,2026-08-07T12:04:17.592736Z,fast,2,118
309,2026-08-07T12:04:18.092939Z,fast,0,22
310,2026-08-07T12:04:18.592883Z,slow,3,406
310,2026-08-07T12:04:18.592866Z,fast,3,402
310,2026-08-07T12:04:19.094354Z,fast,1,94
311,2026-08-07T12:04:19.592176Z,fast,2,480
311,2026-08-07T12:04:20.092142Z,fast,1,113
312,2026-08-07T12:04:20.592045Z,fast,3,286
312,2026-08-07T12:04:20.592047Z,slow,4,284
312,2026-08-07T12:04:21.093772Z,fast,0,22
313,2026-08-07T12:04:21.593702Z,fast,1,133
313,2026-08-07T12:04:22.092164Z,fast,1,110
314,2026-08-07T12:04:22.593666Z,fast,0,31
314,2026-08-07T12:04:22.593666Z,slow,0,31
314,2026-08-07T12:04:23.093652Z,fast,0,61
315,2026-08-07T12:04:23.593448Z,fast,1,110
315,2026-08-07T12:04:24.092679Z,fast,0,22
316,2026-08-07T12:04:24.593050Z,fast,0,31
316,2026-08-07T12:04:24.593051Z,slow,0,31
316,2026-08-07T12:04:25.093568Z,fast,0,22
317,2026-08-07T12:04:25.594049Z,fast,1,108
317,2026-08-07T12:04:26.093829Z,fast,0,22
318,2026-08-07T12:04:26.592379Z,fast,4,218
318,2026-08-07T12:04:26.592379Z,slow,6,480
318,2026-08-07T12:04:27.092084Z,fast,2,371
319,2026-08-07T12:04:27.592077Z,fast,1,116
319,2026-08-07T12:04:28.092169Z,fast,1,211
320,2026-08-07T12:04:28.592460Z,fast,2,314
320,2026-08-07T12:04:28.592461Z,slow,2,361
320,2026-08-07T12:04:29.093169Z,fast,0,22
321,2026-08-07T12:04:29.592097Z,fast,1,182
321,2026-08-07T12:04:30.093390Z,fast,0,22
322,2026-08-07T12:04:30.592338Z,fast,0,62
322,2026-08-07T12:04:30.592340Z,slow,0,62
322,2026-08-07T12:04:31.092338Z,fast,1,106
323,2026-08-07T12:04:31.593620Z,fast,0,22
323,2026-08-07T12:04:32.092169Z,fast,0,78
324,2026-08-07T12:04:32.592224Z,fast,1,112
324,2026-08-07T12:04:32.592224Z,slow,1,112
324,2026-08-07T12:04:33.092156Z,fast,2,233
325,2026-08-07T12:04:33.592068Z,fast,2,285
325,2026-08-07T12:04:34.092080Z,fast,0,87
326,2026-08-07T12:04:34.592037Z,fast,3,124
326,2026-08-07T12:04:34.592056Z,slow,3,207
326,2026-08-07T12:04:35.092184Z,fast,2,196
327,2026-08-07T12:04:35.592350Z,fast,0,47
327,2026-08-07T12:04:36.092087Z,fast,5,243
328,2026-08-07T12:04:36.592236Z,fast,1,81
328,2026-08-07T12:04:36.592236Z,slow,1,95
328,2026-08-07T12:04:37.092327Z,fast,1,47
329,2026-08-07T12:04:37.592052Z,fast,0,47
329,2026-08-07T12:04:38.092207Z,fast,2,252
330,2026-08-07T12:04:38.592031Z,fast,2,250
330,2026-08-07T12:04:38.592060Z,slow,2,166
330,2026-08-07T12:04:39.092959Z,fast,0,22
331,2026-08-07T12:04:39.592207Z,fast,1,116
331,2026-08-07T12:04:40.093057Z,fast,1,143
332,2026-08-07T12:04:40.592135Z,slow,2,203
332,2026-08-07T12:04:40.592120Z,fast,2,245
332,2026-08-07T12:04:41.092065Z,fast,1,197
333,2026-08-07T12:04:41.592296Z,fast,2,270
333,2026-08-07T12:04:42.092219Z,fast,5,142
334,2026-08-07T12:04:42.592116Z,fast,1,155
334,2026-08-07T12:04:42.592125Z,slow,2,155
334,2026-08-07T12:04:43.092327Z,fast,2,215
335,2026-08-07T12:04:43.592123Z,fast,0,115
335,2026-08-07T12:04:44.092362Z,fast,0,40
336,2026-08-07T12:04:44.592609Z,fast,1,135
336,2026-08-07T12:04:44.592616Z,slow,1,135
336,2026-08-07T12:04:45.092281Z,fast,1,228
337,2026-08-07T12:04:45.592145Z,fast,2,270
337,2026-08-07T12:04:46.092094Z,fast,1,94
338,2026-08-07T12:04:46.592497Z,fast,1,122
338,2026-08-07T12:04:46.592510Z,slow,2,124
338,2026-08-07T12:04:47.092120Z,fast,2,312
339,2026-08-07T12:04:47.592148Z,fast,2,91
339,2026-08-07T12:04:48.092047Z,fast,1,171
340,2026-08-07T12:04:48.592145Z,fast,1,71
340,2026-08-07T12:04:48.592147Z,slow,2,182
340,2026-08-07T12:04:49.092098Z,fast,1,115
341,2026-08-07T12:04:49.592245Z,fast,1,163
341,2026-08-07T12:04:50.092248Z,fast,2,172
342,2026-08-07T12:04:50.592133Z,fast,3,172
342,2026-08-07T12:04:50.592134Z,slow,5,177
342,2026-08-07T12:04:51.092275Z,fast,1,140
343,2026-08-07T12:04:51.592694Z,fast,0,104
343,2026-08-07T12:04:52.092123Z,fast,1,152
344,2026-08-07T12:04:52.592096Z,slow,2,93
344,2026-08-07T12:04:52.592096Z,fast,2,110
344,2026-08-07T12:04:53.093817Z,fast,1,40
345,2026-08-07T12:04:53.592154Z,fast,1,229
345,2026-08-07T12:04:54.092078Z,fast,2,270
346,2026-08-07T12:04:54.592061Z,fast,1,143
346,2026-08-07T12:04:54.592102Z,slow,1,142
346,2026-08-07T12:04:55.092213Z,fast,2,37
347,2026-08-07T12:04:55.592151Z,fast,1,84
347,2026-08-07T12:04:56.092525Z,fast,1,178
348,2026-08-07T12:04:56.592207Z,slow,3,155
348,2026-08-07T12:04:56.592206Z,fast,5,154
348,2026-08-07T12:04:57.092338Z,fast,2,111
349,2026-08-07T12:04:57.592225Z,fast,20,304
349,2026-08-07T12:04:58.092210Z,fast,2,204
350,2026-08-07T12:04:58.592320Z,fast,2,149
350,2026-08-07T12:04:58.592358Z,slow,3,122
350,2026-08-07T12:04:59.092297Z,fast,1,146
351,2026-08-07T12:04:59.592618Z,fast,3,85
351,2026-08-07T12:05:00.092099Z,fast,3,167
352,2026-08-07T12:05:00.592119Z,slow,1,72
352,2026-08-07T12:05:00.592118Z,fast,1,82
352,2026-08-07T12:05:01.092319Z,fast,2,209
353,2026-08-07T12:05:01.592086Z,fast,2,196
353,2026-08-07T12:05:02.092153Z,fast,1,107
354,2026-08-07T12:05:02.592607Z,fast,1,177
354,2026-08-07T12:05:02.592607Z,slow,2,175
354,2026-08-07T12:05:03.092073Z,fast,1,160
355,2026-08-07T12:05:03.592083Z,fast,4,147
355,2026-08-07T12:05:04.092075Z,fast,2,233
356,2026-08-07T12:05:04.592106Z,fast,3,272
356,2026-08-07T12:05:04.592106Z,slow,4,219
356,2026-08-07T12:05:05.092603Z,fast,1,145
357,2026-08-07T12:05:05.592672Z,fast,3,86
357,2026-08-07T12:05:06.092110Z,fast,1,117
358,2026-08-07T12:05:06.592136Z,fast,3,174
358,2026-08-07T12:05:06.592136Z,slow,3,173
358,2026-08-07T12:05:07.092114Z,fast,3,322
359,2026-08-07T12:05:07.592143Z,fast,6,225
359,2026-08-07T12:05:08.092154Z,fast,1,124
360,2026-08-07T12:05:08.592186Z,slow,2,187
360,2026-08-07T12:05:08.592186Z,fast,2,187
360,2026-08-07T12:05:09.092147Z,fast,2,234
361,2026-08-07T12:05:09.592096Z,fast,2,183
361,2026-08-07T12:05:10.092109Z,fast,1,221
362,2026-08-07T12:05:10.592220Z,slow,4,188
362,2026-08-07T12:05:10.592219Z,fast,5,192
362,2026-08-07T12:05:11.095840Z,fast,3,90
363,2026-08-07T12:05:11.596757Z,fast,4,90
363,2026-08-07T12:05:12.095834Z,fast,5,90
364,2026-08-07T12:05:12.596819Z,fast,4,99
364,2026-08-07T12:05:12.596820Z,slow,4,99
364,2026-08-07T12:05:13.095861Z,fast,3,67
365,2026-08-07T12:05:13.593792Z,fast,2,83
365,2026-08-07T12:05:14.095841Z,fast,4,79
366,2026-08-07T12:05:14.593825Z,fast,4,88
366,2026-08-07T12:05:14.593860Z,slow,5,88
366,2026-08-07T12:05:15.092206Z,fast,2,157
367,2026-08-07T12:05:15.592233Z,fast,1,192
367,2026-08-07T12:05:16.092423Z,fast,1,191
368,2026-08-07T12:05:16.592217Z,slow,1,135
368,2026-08-07T12:05:16.592214Z,fast,1,136
368,2026-08-07T12:05:17.092169Z,fast,2,403
369,2026-08-07T12:05:17.592186Z,fast,5,122
369,2026-08-07T12:05:18.092844Z,fast,1,97
370,2026-08-07T12:05:18.592662Z,fast,4,304
370,2026-08-07T12:05:18.592662Z,slow,4,268
370,2026-08-07T12:05:19.092489Z,fast,2,186
371,2026-08-07T12:05:19.592261Z,fast,2,258
371,2026-08-07T12:05:20.092722Z,fast,1,218
372,2026-08-07T12:05:20.592339Z,fast,3,162
372,2026-08-07T12:05:20.592339Z,slow,4,224
372,2026-08-07T12:05:21.092129Z,fast,2,220
373,2026-08-07T12:05:21.592176Z,fast,1,162
373,2026-08-07T12:05:22.092204Z,fast,3,210
374,2026-08-07T12:05:22.592219Z,fast,1,205
374,2026-08-07T12:05:22.592219Z,slow,2,207
374,2026-08-07T12:05:23.092229Z,fast,1,269
375,2026-08-07T12:05:23.592274Z,fast,3,297
375,2026-08-07T12:05:24.092254Z,fast,2,217
376,2026-08-07T12:05:24.592206Z,fast,1,125
376,2026-08-07T12:05:24.592206Z,slow,1,125
376,2026-08-07T12:05:25.092208Z,fast,1,103
377,2026-08-07T12:05:25.592318Z,fast,2,232
377,2026-08-07T12:05:26.092232Z,fast,1,199
378,2026-08-07T12:05:26.592248Z,fast,13,415
378,2026-08-07T12:05:26.592264Z,slow,13,386
378,2026-08-07T12:05:27.092124Z,fast,2,121
379,2026-08-07T12:05:27.592161Z,fast,3,317
379,2026-08-07T12:05:28.092165Z,fast,0,22
380,2026-08-07T12:05:28.592447Z,fast,1,197
380,2026-08-07T12:05:28.592451Z,slow,2,167
380,2026-08-07T12:05:29.092112Z,fast,2,94
381,2026-08-07T12:05:29.592146Z,fast,2,220
381,2026-08-07T12:05:30.092740Z,fast,2,140
382,2026-08-07T12:05:30.592171Z,fast,2,134
382,2026-08-07T12:05:30.592171Z,slow,4,136
382,2026-08-07T12:05:31.092156Z,fast,3,253
383,2026-08-07T12:05:31.592133Z,fast,1,217
383,2026-08-07T12:05:32.092511Z,fast,4,339
384,2026-08-07T12:05:32.592261Z,slow,5,146
384,2026-08-07T12:05:32.592259Z,fast,5,171
384,2026-08-07T12:05:33.092163Z,fast,3,197
385,2026-08-07T12:05:33.592127Z,fast,4,205
385,2026-08-07T12:05:34.092270Z,fast,2,252
386,2026-08-07T12:05:34.592146Z,fast,3,185
386,2026-08-07T12:05:34.592151Z,slow,4,185
386,2026-08-07T12:05:35.092233Z,fast,1,162
387,2026-08-07T12:05:35.592392Z,fast,4,338
387,2026-08-07T12:05:36.092363Z,fast,1,127
388,2026-08-07T12:05:36.592381Z,fast,2,255
388,2026-08-07T12:05:36.592381Z,slow,5,268
388,2026-08-07T12:05:37.092176Z,fast,1,252
389,2026-08-07T12:05:37.592271Z,fast,10,347
389,2026-08-07T12:05:38.092253Z,fast,3,218
390,2026-08-07T12:05:38.592480Z,fast,7,270
390,2026-08-07T12:05:38.592480Z,slow,7,251
390,2026-08-07T12:05:39.092124Z,fast,4,298
391,2026-08-07T12:05:39.592256Z,fast,2,232
391,2026-08-07T12:05:40.092172Z,fast,1,224
392,2026-08-07T12:05:40.592915Z,fast,3,301
392,2026-08-07T12:05:40.592923Z,slow,7,301
392,2026-08-07T12:05:41.092165Z,fast,24,344
393,2026-08-07T12:05:41.592360Z,fast,2,197
393,2026-08-07T12:05:42.093175Z,fast,4,154
394,2026-08-07T12:05:42.592238Z,slow,4,130
394,2026-08-07T12:05:42.592238Z,fast,4,129
394,2026-08-07T12:05:43.092615Z,fast,2,299
395,2026-08-07T12:05:43.592354Z,fast,1,192
395,2026-08-07T12:05:44.092148Z,fast,3,285
396,2026-08-07T12:05:44.592859Z,fast,2,278
396,2026-08-07T12:05:44.592859Z,slow,3,307
396,2026-08-07T12:05:45.092165Z,fast,1,219
397,2026-08-07T12:05:45.592168Z,fast,10,345
397,2026-08-07T12:05:46.092740Z,fast,95,471
398,2026-08-07T12:05:46.592467Z,fast,2,197
398,2026-08-07T12:05:46.592467Z,slow,3,150
398,2026-08-07T12:05:47.092149Z,fast,8,292
399,2026-08-07T12:05:47.592336Z,fast,7,329
399,2026-08-07T12:05:48.092755Z,fast,12,466
400,2026-08-07T12:05:48.592154Z,fast,3,210
400,2026-08-07T12:05:48.592186Z,slow,4,210
400,2026-08-07T12:05:49.092440Z,fast,3,270
401,2026-08-07T12:05:49.592381Z,fast,2,192
401,2026-08-07T12:05:50.092341Z,fast,7,234
402,2026-08-07T12:05:50.592424Z,fast,5,404
402,2026-08-07T12:05:50.592430Z,slow,16,319
402,2026-08-07T12:05:51.092668Z,fast,8,234
403,2026-08-07T12:05:51.592177Z,fast,4,274
403,2026-08-07T12:05:52.092217Z,fast,8,375
404,2026-08-07T12:05:52.592498Z,slow,2,198
404,2026-08-07T12:05:52.592500Z,fast,2,200
404,2026-08-07T12:05:53.092204Z,fast,7,261
405,2026-08-07T12:05:53.592499Z,fast,2,268
405,2026-08-07T12:05:54.092307Z,fast,2,197
406,2026-08-07T12:05:54.592159Z,fast,3,261
406,2026-08-07T12:05:54.592188Z,slow,8,261
406,2026-08-07T12:05:55.092409Z,fast,2,292
407,2026-08-07T12:05:55.592878Z,fast,3,302
407,2026-08-07T12:05:56.092268Z,fast,3,302
408,2026-08-07T12:05:56.592525Z,fast,3,338
408,2026-08-07T12:05:56.592525Z,slow,3,340
408,2026-08-07T12:05:57.092197Z,fast,4,197
409,2026-08-07T12:05:57.592438Z,fast,4,485
409,2026-08-07T12:05:58.092266Z,fast,6,234
410,2026-08-07T12:05:58.592352Z,slow,6,320
410,2026-08-07T12:05:58.592352Z,fast,11,289
410,2026-08-07T12:05:59.092334Z,fast,1,123
411,2026-08-07T12:05:59.592936Z,fast,7,233
411,2026-08-07T12:06:00.092178Z,fast,4,285
412,2026-08-07T12:06:00.592927Z,fast,7,337
412,2026-08-07T12:06:00.592935Z,slow,8,269
412,2026-08-07T12:06:01.092208Z,fast,6,259
413,2026-08-07T12:06:01.592218Z,fast,3,344
413,2026-08-07T12:06:02.092230Z,fast,9,261
414,2026-08-07T12:06:02.592188Z,fast,9,291
414,2026-08-07T12:06:02.592208Z,slow,9,311
414,2026-08-07T12:06:03.092421Z,fast,2,171
415,2026-08-07T12:06:03.592344Z,fast,5,160
415,2026-08-07T12:06:04.093601Z,fast,4,336
416,2026-08-07T12:06:04.592538Z,slow,2,196
416,2026-08-07T12:06:04.592537Z,fast,2,196
416,2026-08-07T12:06:05.092216Z,fast,4,296
417,2026-08-07T12:06:05.592336Z,fast,4,324
417,2026-08-07T12:06:06.092293Z,fast,3,256
418,2026-08-07T12:06:06.592327Z,fast,3,305
418,2026-08-07T12:06:06.592327Z,slow,7,318
418,2026-08-07T12:06:07.092589Z,fast,4,232
419,2026-08-07T12:06:07.593017Z,fast,5,186
419,2026-08-07T12:06:08.092217Z,fast,2,164
420,2026-08-07T12:06:08.592264Z,slow,3,295
420,2026-08-07T12:06:08.592273Z,fast,4,311
420,2026-08-07T12:06:09.092213Z,fast,4,183
421,2026-08-07T12:06:09.592528Z,fast,2,220
421,2026-08-07T12:06:10.092508Z,fast,5,326
422,2026-08-07T12:06:10.592242Z,fast,3,325
422,2026-08-07T12:06:10.592242Z,slow,6,394
422,2026-08-07T12:06:11.092353Z,fast,2,427
423,2026-08-07T12:06:11.592592Z,fast,2,237
423,2026-08-07T12:06:12.092382Z,fast,4,301
424,2026-08-07T12:06:12.592311Z,fast,5,232
424,2026-08-07T12:06:12.592311Z,slow,5,234
424,2026-08-07T12:06:13.092313Z,fast,2,334
425,2026-08-07T12:06:13.592402Z,fast,6,442
425,2026-08-07T12:06:14.092369Z,fast,6,261
426,2026-08-07T12:06:14.592872Z,fast,2,265
426,2026-08-07T12:06:14.592873Z,slow,6,297
426,2026-08-07T12:06:15.093928Z,fast,1,69
427,2026-08-07T12:06:15.597124Z,fast,3,79
427,2026-08-07T12:06:16.095602Z,fast,1,79
428,2026-08-07T12:06:16.597276Z,fast,5,88
428,2026-08-07T12:06:16.597287Z,slow,5,88
428,2026-08-07T12:06:17.097275Z,fast,1,69
429,2026-08-07T12:06:17.595772Z,fast,1,79
429,2026-08-07T12:06:18.095777Z,fast,3,79
430,2026-08-07T12:06:18.596986Z,fast,4,88
430,2026-08-07T12:06:18.596992Z,slow,5,88
430,2026-08-07T12:06:19.095717Z,fast,1,69
431,2026-08-07T12:06:19.597259Z,fast,3,79
431,2026-08-07T12:06:20.095784Z,fast,3,79
432,2026-08-07T12:06:20.596208Z,fast,3,88
432,2026-08-07T12:06:20.596209Z,slow,3,88
432,2026-08-07T12:06:21.092224Z,fast,5,214
433,2026-08-07T12:06:21.592273Z,fast,3,276
433,2026-08-07T12:06:22.092358Z,fast,2,231
434,2026-08-07T12:06:22.592640Z,fast,3,326
434,2026-08-07T12:06:22.592646Z,slow,6,325
434,2026-08-07T12:06:23.092509Z,fast,3,200
435,2026-08-07T12:06:23.592705Z,fast,17,496
435,2026-08-07T12:06:24.092982Z,fast,5,337
436,2026-08-07T12:06:24.592321Z,fast,3,270
436,2026-08-07T12:06:24.592322Z,slow,3,288
436,2026-08-07T12:06:25.093284Z,fast,1,202
437,2026-08-07T12:06:25.592363Z,fast,3,227
437,2026-08-07T12:06:26.092224Z,fast,2,387
438,2026-08-07T12:06:26.592373Z,fast,4,334
438,2026-08-07T12:06:26.592374Z,slow,5,343
438,2026-08-07T12:06:27.092565Z,fast,5,451
439,2026-08-07T12:06:27.592262Z,fast,2,267
439,2026-08-07T12:06:28.092341Z,fast,3,295
440,2026-08-07T12:06:28.592451Z,fast,2,264
440,2026-08-07T12:06:28.592479Z,slow,6,315
440,2026-08-07T12:06:29.092231Z,fast,1,93
441,2026-08-07T12:06:29.593380Z,fast,2,318
441,2026-08-07T12:06:30.092379Z,fast,1,186
442,2026-08-07T12:06:30.592366Z,fast,4,331
442,2026-08-07T12:06:30.592366Z,slow,10,295
442,2026-08-07T12:06:31.092203Z,fast,8,286
443,2026-08-07T12:06:31.592668Z,fast,7,271
443,2026-08-07T12:06:32.092260Z,fast,9,330
444,2026-08-07T12:06:32.592292Z,fast,5,321
444,2026-08-07T12:06:32.592300Z,slow,5,320
444,2026-08-07T12:06:33.092343Z,fast,5,385
445,2026-08-07T12:06:33.592289Z,fast,8,332
445,2026-08-07T12:06:34.092305Z,fast,1,301
446,2026-08-07T12:06:34.592484Z,fast,5,108
446,2026-08-07T12:06:34.592490Z,slow,9,260
446,2026-08-07T12:06:35.092295Z,fast,4,343
447,2026-08-07T12:06:35.593654Z,fast,4,194
447,2026-08-07T12:06:36.092387Z,fast,1,288
448,2026-08-07T12:06:36.592852Z,fast,2,266
448,2026-08-07T12:06:36.592852Z,slow,10,346
448,2026-08-07T12:06:37.092418Z,fast,4,374
449,2026-08-07T12:06:37.593445Z,fast,7,373
449,2026-08-07T12:06:38.092794Z,fast,3,337
450,2026-08-07T12:06:38.592535Z,slow,6,290
450,2026-08-07T12:06:38.592535Z,fast,9,321
450,2026-08-07T12:06:39.092218Z,fast,1,288
451,2026-08-07T12:06:39.592413Z,fast,2,336
451,2026-08-07T12:06:40.093735Z,fast,4,319
452,2026-08-07T12:06:40.592269Z,slow,1,195
452,2026-08-07T12:06:40.592269Z,fast,1,205
452,2026-08-07T12:06:41.093269Z,fast,3,295
453,2026-08-07T12:06:41.593726Z,fast,3,295
453,2026-08-07T12:06:42.092407Z,fast,8,326
454,2026-08-07T12:06:42.592270Z,fast,3,319
454,2026-08-07T12:06:42.592270Z,slow,4,218
454,2026-08-07T12:06:43.092231Z,fast,6,243
455,2026-08-07T12:06:43.592250Z,fast,2,414
455,2026-08-07T12:06:44.092585Z,fast,6,178
456,2026-08-07T12:06:44.592561Z,fast,3,222
456,2026-08-07T12:06:44.592564Z,slow,5,249
456,2026-08-07T12:06:45.092734Z,fast,7,387
457,2026-08-07T12:06:45.592255Z,fast,4,316
457,2026-08-07T12:06:46.093133Z,fast,4,414
458,2026-08-07T12:06:46.592455Z,slow,4,260
458,2026-08-07T12:06:46.592455Z,fast,5,256
458,2026-08-07T12:06:47.093024Z,fast,2,243
459,2026-08-07T12:06:47.592377Z,fast,7,434
459,2026-08-07T12:06:48.092246Z,fast,3,433
460,2026-08-07T12:06:48.592287Z,fast,6,249
460,2026-08-07T12:06:48.592287Z,slow,6,249
460,2026-08-07T12:06:49.092385Z,fast,7,257
461,2026-08-07T12:06:49.593159Z,fast,4,376
461,2026-08-07T12:06:50.092548Z,fast,2,295
462,2026-08-07T12:06:50.592528Z,fast,5,367
462,2026-08-07T12:06:50.592528Z,slow,8,387
462,2026-08-07T12:06:51.092297Z,fast,5,516
463,2026-08-07T12:06:51.592961Z,fast,4,337
463,2026-08-07T12:06:52.092310Z,fast,4,277
464,2026-08-07T12:06:52.592823Z,fast,3,446
464,2026-08-07T12:06:52.592830Z,slow,7,515
464,2026-08-07T12:06:53.092514Z,fast,6,313
465,2026-08-07T12:06:53.592439Z,fast,5,407
465,2026-08-07T12:06:54.092378Z,fast,5,295
466,2026-08-07T12:06:54.592330Z,fast,5,265
466,2026-08-07T12:06:54.592336Z,slow,5,327
466,2026-08-07T12:06:55.092387Z,fast,6,295
467,2026-08-07T12:06:55.592428Z,fast,2,374
467,2026-08-07T12:06:56.092379Z,fast,9,334
468,2026-08-07T12:06:56.592876Z,slow,9,561
468,2026-08-07T12:06:56.592869Z,fast,16,563
468,2026-08-07T12:06:57.092495Z,fast,5,463
469,2026-08-07T12:06:57.592677Z,fast,3,420
469,2026-08-07T12:06:58.092788Z,fast,6,406
470,2026-08-07T12:06:58.592474Z,fast,2,417
470,2026-08-07T12:06:58.592474Z,slow,8,428
470,2026-08-07T12:06:59.092271Z,fast,4,178
471,2026-08-07T12:06:59.592844Z,fast,5,352
471,2026-08-07T12:07:00.092881Z,fast,7,472
472,2026-08-07T12:07:00.592436Z,fast,6,402
472,2026-08-07T12:07:00.592450Z,slow,7,343
472,2026-08-07T12:07:01.092760Z,fast,5,389
473,2026-08-07T12:07:01.592450Z,fast,8,435
473,2026-08-07T12:07:02.092789Z,fast,2,412
474,2026-08-07T12:07:02.592751Z,fast,7,273
474,2026-08-07T12:07:02.592751Z,slow,7,201
474,2026-08-07T12:07:03.092407Z,fast,4,391
475,2026-08-07T12:07:03.592432Z,fast,3,441
475,2026-08-07T12:07:04.092698Z,fast,6,492
476,2026-08-07T12:07:04.592578Z,slow,4,341
476,2026-08-07T12:07:04.592574Z,fast,4,356
476,2026-08-07T12:07:05.092570Z,fast,5,467
477,2026-08-07T12:07:05.592441Z,fast,12,236
477,2026-08-07T12:07:06.092326Z,fast,6,360
478,2026-08-07T12:07:06.592489Z,fast,6,304
478,2026-08-07T12:07:06.592489Z,slow,6,301
478,2026-08-07T12:07:07.092382Z,fast,3,468
479,2026-08-07T12:07:07.592601Z,fast,2,355
479,2026-08-07T12:07:08.092279Z,fast,1,119
480,2026-08-07T12:07:08.592425Z,slow,8,433
480,2026-08-07T12:07:08.592420Z,fast,9,457
480,2026-08-07T12:07:09.092541Z,fast,4,402
481,2026-08-07T12:07:09.592744Z,fast,3,370
481,2026-08-07T12:07:10.092339Z,fast,2,369
482,2026-08-07T12:07:10.592545Z,slow,7,441
482,2026-08-07T12:07:10.592542Z,fast,7,450
482,2026-08-07T12:07:11.093093Z,fast,6,313
483,2026-08-07T12:07:11.592456Z,fast,6,414
483,2026-08-07T12:07:12.092514Z,fast,2,261
484,2026-08-07T12:07:12.592271Z,fast,12,428
484,2026-08-07T12:07:12.592325Z,slow,17,428
484,2026-08-07T12:07:13.093224Z,fast,8,524
485,2026-08-07T12:07:13.592335Z,fast,9,578
485,2026-08-07T12:07:14.092592Z,fast,3,396
486,2026-08-07T12:07:14.592899Z,fast,7,375
486,2026-08-07T12:07:14.592899Z,slow,13,260
486,2026-08-07T12:07:15.092416Z,fast,2,473
487,2026-08-07T12:07:15.592411Z,fast,7,384
487,2026-08-07T12:07:16.092494Z,fast,18,474
488,2026-08-07T12:07:16.592356Z,slow,6,303
488,2026-08-07T12:07:16.592356Z,fast,8,427
488,2026-08-07T12:07:17.092441Z,fast,4,274
489,2026-08-07T12:07:17.592353Z,fast,5,235
489,2026-08-07T12:07:18.092317Z,fast,11,389
490,2026-08-07T12:07:18.592676Z,fast,7,382
490,2026-08-07T12:07:18.592676Z,slow,8,409
490,2026-08-07T12:07:19.093109Z,fast,8,309
491,2026-08-07T12:07:19.592565Z,fast,1,218
491,2026-08-07T12:07:20.092459Z,fast,8,263
492,2026-08-07T12:07:20.592512Z,fast,4,337
492,2026-08-07T12:07:20.592512Z,slow,5,348
492,2026-08-07T12:07:21.092593Z,fast,0,49
493,2026-08-07T12:07:21.596940Z,fast,2,79
493,2026-08-07T12:07:22.096164Z,fast,3,79
494,2026-08-07T12:07:22.594286Z,fast,3,88
494,2026-08-07T12:07:22.594289Z,slow,4,88
494,2026-08-07T12:07:23.096670Z,fast,22,450
495,2026-08-07T12:07:23.592373Z,fast,3,76
495,2026-08-07T12:07:24.095831Z,fast,3,79
496,2026-08-07T12:07:24.597187Z,fast,3,88
496,2026-08-07T12:07:24.597201Z,slow,4,88
496,2026-08-07T12:07:25.097034Z,fast,3,79
497,2026-08-07T12:07:25.597365Z,fast,3,69
497,2026-08-07T12:07:26.097340Z,fast,3,79
498,2026-08-07T12:07:26.595729Z,slow,2,88
498,2026-08-07T12:07:26.595722Z,fast,2,88
498,2026-08-07T12:07:27.095709Z,fast,3,79
499,2026-08-07T12:07:27.595514Z,fast,2,67
499,2026-08-07T12:07:28.094003Z,fast,3,77
500,2026-08-07T12:07:28.596617Z,fast,2,86
500,2026-08-07T12:07:28.596619Z,slow,3,86
500,2026-08-07T12:07:29.097376Z,fast,3,77
501,2026-08-07T12:07:29.592319Z,fast,6,337
501,2026-08-07T12:07:30.092305Z,fast,4,438
502,2026-08-07T12:07:30.592511Z,fast,6,435
502,2026-08-07T12:07:30.592521Z,slow,16,439
502,2026-08-07T12:07:31.092651Z,fast,6,350
503,2026-08-07T12:07:31.593553Z,fast,7,564
503,2026-08-07T12:07:32.092368Z,fast,10,577
504,2026-08-07T12:07:32.593139Z,fast,14,676
504,2026-08-07T12:07:32.593141Z,slow,37,756
504,2026-08-07T12:07:33.093219Z,fast,25,743
505,2026-08-07T12:07:33.593990Z,fast,7,571
505,2026-08-07T12:07:34.092781Z,fast,15,796
506,2026-08-07T12:07:34.592990Z,fast,25,646
506,2026-08-07T12:07:34.592991Z,slow,34,672
506,2026-08-07T12:07:35.092470Z,fast,11,656
507,2026-08-07T12:07:35.594494Z,fast,11,576
507,2026-08-07T12:07:36.092749Z,fast,15,609
508,2026-08-07T12:07:36.592656Z,slow,16,737
508,2026-08-07T12:07:36.592653Z,fast,25,746
508,2026-08-07T12:07:37.092478Z,fast,12,644
509,2026-08-07T12:07:37.592715Z,fast,16,797
509,2026-08-07T12:07:38.092677Z,fast,15,514
510,2026-08-07T12:07:38.592700Z,slow,12,499
510,2026-08-07T12:07:38.592697Z,fast,12,604
510,2026-08-07T12:07:39.092458Z,fast,4,565
511,2026-08-07T12:07:39.592399Z,fast,13,681
511,2026-08-07T12:07:40.092548Z,fast,17,668
512,2026-08-07T12:07:40.592424Z,fast,7,488
512,2026-08-07T12:07:40.592427Z,slow,25,488
512,2026-08-07T12:07:41.092624Z,fast,19,794
513,2026-08-07T12:07:41.592708Z,fast,7,615
513,2026-08-07T12:07:42.092914Z,fast,12,832
514,2026-08-07T12:07:42.592908Z,fast,15,732
514,2026-08-07T12:07:42.592909Z,slow,16,698
514,2026-08-07T12:07:43.092402Z,fast,4,511
515,2026-08-07T12:07:43.593065Z,fast,20,642
515,2026-08-07T12:07:44.092707Z,fast,20,727
516,2026-08-07T12:07:44.592779Z,fast,10,634
516,2026-08-07T12:07:44.592784Z,slow,17,636
516,2026-08-07T12:07:45.092686Z,fast,18,743
517,2026-08-07T12:07:45.593034Z,fast,12,726
517,2026-08-07T12:07:46.092891Z,fast,18,452
518,2026-08-07T12:07:46.593209Z,fast,9,771
518,2026-08-07T12:07:46.593209Z,slow,18,814
518,2026-08-07T12:07:47.094120Z,fast,3,241
519,2026-08-07T12:07:47.593419Z,fast,15,609
519,2026-08-07T12:07:48.093655Z,fast,8,625
520,2026-08-07T12:07:48.592422Z,fast,8,690
520,2026-08-07T12:07:48.592424Z,slow,32,690
520,2026-08-07T12:07:49.092499Z,fast,12,608
521,2026-08-07T12:07:49.592524Z,fast,10,667
521,2026-08-07T12:07:50.093993Z,fast,8,563
522,2026-08-07T12:07:50.592587Z,fast,12,556
522,2026-08-07T12:07:50.592588Z,slow,16,496
522,2026-08-07T12:07:51.092348Z,fast,15,731
523,2026-08-07T12:07:51.593226Z,fast,7,538
523,2026-08-07T12:07:52.095285Z,fast,40,710
524,2026-08-07T12:07:52.592764Z,fast,23,637
524,2026-08-07T12:07:52.592771Z,slow,33,637
524,2026-08-07T12:07:53.092661Z,fast,12,572
525,2026-08-07T12:07:53.593048Z,fast,11,539
525,2026-08-07T12:07:54.092592Z,fast,7,423
526,2026-08-07T12:07:54.592457Z,fast,13,584
526,2026-08-07T12:07:54.592461Z,slow,13,572
526,2026-08-07T12:07:55.092684Z,fast,6,529
527,2026-08-07T12:07:55.592639Z,fast,6,659
527,2026-08-07T12:07:56.093252Z,fast,10,605
528,2026-08-07T12:07:56.592559Z,fast,18,673
528,2026-08-07T12:07:56.592583Z,slow,25,627
528,2026-08-07T12:07:57.092586Z,fast,9,669
529,2026-08-07T12:07:57.593066Z,fast,23,788
529,2026-08-07T12:07:58.092382Z,fast,21,766
530,2026-08-07T12:07:58.593604Z,fast,11,625
530,2026-08-07T12:07:58.593629Z,slow,17,458
530,2026-08-07T12:07:59.092443Z,fast,7,571
531,2026-08-07T12:07:59.592915Z,fast,16,530
531,2026-08-07T12:08:00.092599Z,fast,15,738
532,2026-08-07T12:08:00.592436Z,fast,14,797
532,2026-08-07T12:08:00.592439Z,slow,23,795
532,2026-08-07T12:08:01.093440Z,fast,14,790
533,2026-08-07T12:08:01.592593Z,fast,5,447
533,2026-08-07T12:08:02.093552Z,fast,18,817
534,2026-08-07T12:08:02.592785Z,fast,26,721
534,2026-08-07T12:08:02.592786Z,slow,27,582
534,2026-08-07T12:08:03.093244Z,fast,15,626
535,2026-08-07T12:08:03.592506Z,fast,14,594
535,2026-08-07T12:08:04.093447Z,fast,16,716
536,2026-08-07T12:08:04.593322Z,fast,17,709
536,2026-08-07T12:08:04.593322Z,slow,27,677
536,2026-08-07T12:08:05.092645Z,fast,10,519
537,2026-08-07T12:08:05.592594Z,fast,7,495
537,2026-08-07T12:08:06.092622Z,fast,21,749
538,2026-08-07T12:08:06.592453Z,fast,11,655
538,2026-08-07T12:08:06.592473Z,slow,12,652
538,2026-08-07T12:08:07.093004Z,fast,12,719
539,2026-08-07T12:08:07.594350Z,fast,11,656
539,2026-08-07T12:08:08.093066Z,fast,12,764
540,2026-08-07T12:08:08.592884Z,fast,12,670
540,2026-08-07T12:08:08.592885Z,slow,24,555
540,2026-08-07T12:08:09.092612Z,fast,9,608
541,2026-08-07T12:08:09.592481Z,fast,16,746
541,2026-08-07T12:08:10.092546Z,fast,13,548
542,2026-08-07T12:08:10.592904Z,fast,6,496
542,2026-08-07T12:08:10.592908Z,slow,15,548
542,2026-08-07T12:08:11.092478Z,fast,20,601
543,2026-08-07T12:08:11.592885Z,fast,3,314
543,2026-08-07T12:08:12.092724Z,fast,12,582
544,2026-08-07T12:08:12.592563Z,fast,24,798
544,2026-08-07T12:08:12.592563Z,slow,24,809
544,2026-08-07T12:08:13.092679Z,fast,8,576
545,2026-08-07T12:08:13.592380Z,fast,8,622
545,2026-08-07T12:08:14.094388Z,fast,9,624
546,2026-08-07T12:08:14.592460Z,slow,12,400
546,2026-08-07T12:08:14.592429Z,fast,12,439
546,2026-08-07T12:08:15.092532Z,fast,16,683
547,2026-08-07T12:08:15.592386Z,fast,22,625
547,2026-08-07T12:08:16.092536Z,fast,9,855
548,2026-08-07T12:08:16.592595Z,fast,11,686
548,2026-08-07T12:08:16.592599Z,slow,42,636
548,2026-08-07T12:08:17.093341Z,fast,9,703
549,2026-08-07T12:08:17.594602Z,fast,217,665
549,2026-08-07T12:08:18.092591Z,fast,8,692
550,2026-08-07T12:08:18.592478Z,fast,9,708
550,2026-08-07T12:08:18.592490Z,slow,17,711
550,2026-08-07T12:08:19.092404Z,fast,5,438
551,2026-08-07T12:08:19.592471Z,fast,34,779
551,2026-08-07T12:08:20.093686Z,fast,15,696
552,2026-08-07T12:08:20.593253Z,fast,18,531
552,2026-08-07T12:08:20.593253Z,slow,18,531
552,2026-08-07T12:08:21.092518Z,fast,8,694
553,2026-08-07T12:08:21.593041Z,fast,8,683
553,2026-08-07T12:08:22.092658Z,fast,9,518
554,2026-08-07T12:08:22.592508Z,slow,12,672
554,2026-08-07T12:08:22.592507Z,fast,22,633
554,2026-08-07T12:08:23.093082Z,fast,12,703
555,2026-08-07T12:08:23.593498Z,fast,11,452
555,2026-08-07T12:08:24.092663Z,fast,13,582
556,2026-08-07T12:08:24.592784Z,fast,9,528
556,2026-08-07T12:08:24.592787Z,slow,16,555
556,2026-08-07T12:08:25.093269Z,fast,12,753
557,2026-08-07T12:08:25.592614Z,fast,11,690
557,2026-08-07T12:08:26.092497Z,fast,9,677
558,2026-08-07T12:08:26.592708Z,slow,10,468
558,2026-08-07T12:08:26.592691Z,fast,16,567
558,2026-08-07T12:08:27.092706Z,fast,5,495
559,2026-08-07T12:08:27.592425Z,fast,13,436
559,2026-08-07T12:08:28.092564Z,fast,7,816
560,2026-08-07T12:08:28.593647Z,fast,25,684
560,2026-08-07T12:08:28.593665Z,slow,26,684
560,2026-08-07T12:08:29.092406Z,fast,12,597
561,2026-08-07T12:08:29.594131Z,fast,3,67
561,2026-08-07T12:08:30.094117Z,fast,3,79
562,2026-08-07T12:08:30.595663Z,fast,2,88
562,2026-08-07T12:08:30.595672Z,slow,2,88
562,2026-08-07T12:08:31.095677Z,fast,3,79
563,2026-08-07T12:08:31.597489Z,fast,3,67
563,2026-08-07T12:08:32.094133Z,fast,4,79
564,2026-08-07T12:08:32.597385Z,fast,1,88
564,2026-08-07T12:08:32.597398Z,slow,2,88
564,2026-08-07T12:08:33.095735Z,fast,3,79
565,2026-08-07T12:08:33.596124Z,fast,3,67
565,2026-08-07T12:08:34.095662Z,fast,3,77
566,2026-08-07T12:08:34.595778Z,fast,3,86
566,2026-08-07T12:08:34.595788Z,slow,3,86
566,2026-08-07T12:08:35.094142Z,fast,3,77
567,2026-08-07T12:08:35.593895Z,fast,3,67
567,2026-08-07T12:08:36.096048Z,fast,3,77
568,2026-08-07T12:08:36.597420Z,fast,4,86
568,2026-08-07T12:08:36.597424Z,slow,4,86
568,2026-08-07T12:08:37.094127Z,fast,3,77
569,2026-08-07T12:08:37.592457Z,fast,12,743
569,2026-08-07T12:08:38.092429Z,fast,5,414
570,2026-08-07T12:08:38.592415Z,fast,9,451
570,2026-08-07T12:08:38.592459Z,slow,9,436
570,2026-08-07T12:08:39.092666Z,fast,4,443
571,2026-08-07T12:08:39.592437Z,fast,5,492
571,2026-08-07T12:08:40.093378Z,fast,4,584
572,2026-08-07T12:08:40.592713Z,fast,13,631
572,2026-08-07T12:08:40.592713Z,slow,17,616
572,2026-08-07T12:08:41.092859Z,fast,12,446
573,2026-08-07T12:08:41.592768Z,fast,11,532
573,2026-08-07T12:08:42.093024Z,fast,27,789
574,2026-08-07T12:08:42.593650Z,fast,25,588
574,2026-08-07T12:08:42.593655Z,slow,25,798
574,2026-08-07T12:08:43.092678Z,fast,28,641
575,2026-08-07T12:08:43.592622Z,fast,22,736
575,2026-08-07T12:08:44.092914Z,fast,14,728
576,2026-08-07T12:08:44.592533Z,fast,23,671
576,2026-08-07T12:08:44.592535Z,slow,36,699
576,2026-08-07T12:08:45.096133Z,fast,14,780
577,2026-08-07T12:08:45.592618Z,fast,22,769
577,2026-08-07T12:08:46.093208Z,fast,8,680
578,2026-08-07T12:08:46.592537Z,fast,11,695
578,2026-08-07T12:08:46.592584Z,slow,11,694
578,2026-08-07T12:08:47.093613Z,fast,12,672
579,2026-08-07T12:08:47.592477Z,fast,17,664
579,2026-08-07T12:08:48.092447Z,fast,13,633
580,2026-08-07T12:08:48.592537Z,fast,11,492
580,2026-08-07T12:08:48.592544Z,slow,20,549
580,2026-08-07T12:08:49.092501Z,fast,18,681
581,2026-08-07T12:08:49.595819Z,fast,9,776
581,2026-08-07T12:08:50.092606Z,fast,21,880
582,2026-08-07T12:08:50.593021Z,fast,15,757
582,2026-08-07T12:08:50.593028Z,slow,17,769
582,2026-08-07T12:08:51.095030Z,fast,26,774
583,2026-08-07T12:08:51.593829Z,fast,16,759
583,2026-08-07T12:08:52.092724Z,fast,23,716
584,2026-08-07T12:08:52.592712Z,fast,9,687
584,2026-08-07T12:08:52.592715Z,slow,23,689
584,2026-08-07T12:08:53.093766Z,fast,14,727
585,2026-08-07T12:08:53.592577Z,fast,12,706
585,2026-08-07T12:08:54.092725Z,fast,15,698
586,2026-08-07T12:08:54.592542Z,slow,17,564
586,2026-08-07T12:08:54.592551Z,fast,17,572
586,2026-08-07T12:08:55.093090Z,fast,6,633
587,2026-08-07T12:08:55.594717Z,fast,7,474
587,2026-08-07T12:08:56.092484Z,fast,10,529
588,2026-08-07T12:08:56.593054Z,fast,10,501
588,2026-08-07T12:08:56.593073Z,slow,25,492
588,2026-08-07T12:08:57.093334Z,fast,25,817
589,2026-08-07T12:08:57.593843Z,fast,12,322
589,2026-08-07T12:08:58.093094Z,fast,11,468
590,2026-08-07T12:08:58.592870Z,fast,6,492
590,2026-08-07T12:08:58.592871Z,slow,22,495
590,2026-08-07T12:08:59.092497Z,fast,26,816
591,2026-08-07T12:08:59.593017Z,fast,12,589
591,2026-08-07T12:09:00.092468Z,fast,18,728
592,2026-08-07T12:09:00.592553Z,fast,11,730
592,2026-08-07T12:09:00.592553Z,slow,22,732
592,2026-08-07T12:09:01.093039Z,fast,20,664
593,2026-08-07T12:09:01.592626Z,fast,23,657
593,2026-08-07T12:09:02.092747Z,fast,19,776
594,2026-08-07T12:09:02.593607Z,slow,8,791
594,2026-08-07T12:09:02.593595Z,fast,20,802
594,2026-08-07T12:09:03.092972Z,fast,11,798
595,2026-08-07T12:09:03.593788Z,fast,21,808
595,2026-08-07T12:09:04.093779Z,fast,13,885
596,2026-08-07T12:09:04.594183Z,fast,43,698
596,2026-08-07T12:09:04.594271Z,slow,47,663
596,2026-08-07T12:09:05.093628Z,fast,24,564
597,2026-08-07T12:09:05.592954Z,fast,9,657
597,2026-08-07T12:09:06.094050Z,fast,5,482
598,2026-08-07T12:09:06.592583Z,slow,7,546
598,2026-08-07T12:09:06.592581Z,fast,7,515
598,2026-08-07T12:09:07.093907Z,fast,8,658
599,2026-08-07T12:09:07.597502Z,fast,32,800
599,2026-08-07T12:09:08.092515Z,fast,21,852
600,2026-08-07T12:09:08.593415Z,fast,12,766
600,2026-08-07T12:09:08.593415Z,slow,32,776
600,2026-08-07T12:09:09.093117Z,fast,33,887
601,2026-08-07T12:09:09.593Z,fast,6,482
601,2026-08-07T12:09:10.093557Z,fast,24,803
602,2026-08-07T12:09:10.593196Z,fast,9,770
602,2026-08-07T12:09:10.593197Z,slow,10,770
602,2026-08-07T12:09:11.092566Z,fast,12,627
603,2026-08-07T12:09:11.592934Z,fast,23,609
603,2026-08-07T12:09:12.093576Z,fast,23,758
604,2026-08-07T12:09:12.592522Z,fast,20,630
604,2026-08-07T12:09:12.592556Z,slow,22,641
604,2026-08-07T12:09:13.093086Z,fast,14,710
605,2026-08-07T12:09:13.592736Z,fast,28,723
605,2026-08-07T12:09:14.093127Z,fast,23,991
606,2026-08-07T12:09:14.592525Z,slow,35,775
606,2026-08-07T12:09:14.592522Z,fast,36,803
606,2026-08-07T12:09:15.092912Z,fast,17,603
607,2026-08-07T12:09:15.592586Z,fast,21,626
607,2026-08-07T12:09:16.092772Z,fast,7,782
608,2026-08-07T12:09:16.593024Z,slow,13,842
608,2026-08-07T12:09:16.593018Z,fast,14,895
608,2026-08-07T12:09:17.092637Z,fast,16,654
609,2026-08-07T12:09:17.593563Z,fast,30,868
609,2026-08-07T12:09:18.093240Z,fast,16,679
610,2026-08-07T12:09:18.592721Z,fast,9,665
610,2026-08-07T12:09:18.592721Z,slow,23,642
610,2026-08-07T12:09:19.092643Z,fast,8,742
611,2026-08-07T12:09:19.592546Z,fast,8,717
611,2026-08-07T12:09:20.092579Z,fast,5,423
612,2026-08-07T12:09:20.594097Z,fast,20,457
612,2026-08-07T12:09:20.594101Z,slow,20,615
612,2026-08-07T12:09:21.092496Z,fast,25,819
613,2026-08-07T12:09:21.592971Z,fast,5,554
613,2026-08-07T12:09:22.092566Z,fast,13,881
614,2026-08-07T12:09:22.594135Z,slow,24,704
614,2026-08-07T12:09:22.594135Z,fast,25,713
614,2026-08-07T12:09:23.092758Z,fast,24,863
615,2026-08-07T12:09:23.593816Z,fast,9,581
615,2026-08-07T12:09:24.092623Z,fast,15,680
616,2026-08-07T12:09:24.592685Z,fast,19,715
616,2026-08-07T12:09:24.592687Z,slow,29,715
616,2026-08-07T12:09:25.092786Z,fast,11,769
617,2026-08-07T12:09:25.592784Z,fast,12,764
617,2026-08-07T12:09:26.093366Z,fast,21,329
618,2026-08-07T12:09:26.593407Z,slow,15,845
618,2026-08-07T12:09:26.593407Z,fast,24,853
618,2026-08-07T12:09:27.092848Z,fast,10,890
619,2026-08-07T12:09:27.594841Z,fast,9,716
619,2026-08-07T12:09:28.092578Z,fast,7,504
620,2026-08-07T12:09:28.592710Z,fast,20,864
620,2026-08-07T12:09:28.592718Z,slow,24,817
620,2026-08-07T12:09:29.092692Z,fast,21,683
621,2026-08-07T12:09:29.594046Z,fast,7,697
621,2026-08-07T12:09:30.094057Z,fast,7,637
622,2026-08-07T12:09:30.594127Z,fast,33,830
622,2026-08-07T12:09:30.594130Z,slow,33,821
622,2026-08-07T12:09:31.092956Z,fast,25,586
623,2026-08-07T12:09:31.592546Z,fast,15,704
623,2026-08-07T12:09:32.092592Z,fast,11,645
624,2026-08-07T12:09:32.592512Z,fast,6,575
624,2026-08-07T12:09:32.592545Z,slow,22,679
624,2026-08-07T12:09:33.092563Z,fast,17,855
625,2026-08-07T12:09:33.593221Z,fast,26,838
625,2026-08-07T12:09:34.092528Z,fast,15,838
626,2026-08-07T12:09:34.593112Z,fast,37,748
626,2026-08-07T12:09:34.593115Z,slow,37,746
626,2026-08-07T12:09:35.092512Z,fast,10,586
627,2026-08-07T12:09:35.595620Z,fast,13,670
627,2026-08-07T12:09:36.092751Z,fast,18,787
628,2026-08-07T12:09:36.596255Z,fast,11,539
628,2026-08-07T12:09:36.596266Z,slow,17,527
628,2026-08-07T12:09:37.093738Z,fast,14,749
629,2026-08-07T12:09:37.595493Z,fast,16,737
629,2026-08-07T12:09:38.093120Z,fast,3,79
630,2026-08-07T12:09:38.595862Z,fast,3,88
630,2026-08-07T12:09:38.595862Z,slow,3,88
630,2026-08-07T12:09:39.095821Z,fast,3,79
631,2026-08-07T12:09:39.597166Z,fast,3,79
631,2026-08-07T12:09:40.094241Z,fast,3,69
632,2026-08-07T12:09:40.597615Z,fast,2,88
632,2026-08-07T12:09:40.597623Z,slow,2,88
632,2026-08-07T12:09:41.094252Z,fast,4,79
633,2026-08-07T12:09:41.597030Z,fast,3,79
633,2026-08-07T12:09:42.093686Z,fast,3,67
634,2026-08-07T12:09:42.594127Z,slow,2,86
634,2026-08-07T12:09:42.594126Z,fast,2,86
634,2026-08-07T12:09:43.093633Z,fast,3,77
635,2026-08-07T12:09:43.597200Z,fast,3,77
635,2026-08-07T12:09:44.097592Z,fast,2,65
636,2026-08-07T12:09:44.597582Z,fast,3,84
636,2026-08-07T12:09:44.597582Z,slow,3,84
636,2026-08-07T12:09:45.097606Z,fast,3,75
637,2026-08-07T12:09:45.595730Z,fast,3,75
637,2026-08-07T12:09:46.095582Z,fast,4,65
638,2026-08-07T12:09:46.597615Z,fast,3,84
638,2026-08-07T12:09:46.597634Z,slow,3,84
638,2026-08-07T12:09:47.097624Z,fast,3,75
639,2026-08-07T12:09:47.592840Z,fast,2,75
639,2026-08-07T12:09:48.092770Z,fast,11,583
640,2026-08-07T12:09:48.593421Z,fast,14,617
640,2026-08-07T12:09:48.593421Z,slow,17,707
640,2026-08-07T12:09:49.093140Z,fast,7,481
641,2026-08-07T12:09:49.592599Z,fast,10,766
641,2026-08-07T12:09:50.093292Z,fast,11,846
642,2026-08-07T12:09:50.592919Z,fast,15,612
642,2026-08-07T12:09:50.592929Z,slow,39,738
642,2026-08-07T12:09:51.092789Z,fast,17,694
643,2026-08-07T12:09:51.592836Z,fast,22,882
643,2026-08-07T12:09:52.092897Z,fast,22,583
644,2026-08-07T12:09:52.592615Z,slow,20,822
644,2026-08-07T12:09:52.592560Z,fast,22,890
644,2026-08-07T12:09:53.092598Z,fast,5,532
645,2026-08-07T12:09:53.592880Z,fast,27,771
645,2026-08-07T12:09:54.092604Z,fast,22,787
646,2026-08-07T12:09:54.594468Z,fast,11,574
646,2026-08-07T12:09:54.594479Z,slow,11,614
646,2026-08-07T12:09:55.093218Z,fast,19,732
647,2026-08-07T12:09:55.593295Z,fast,9,805
647,2026-08-07T12:09:56.093025Z,fast,8,394
648,2026-08-07T12:09:56.594673Z,fast,49,951
648,2026-08-07T12:09:56.594676Z,slow,49,944
648,2026-08-07T12:09:57.094361Z,fast,33,891
649,2026-08-07T12:09:57.593058Z,fast,16,574
649,2026-08-07T12:09:58.094872Z,fast,10,860
650,2026-08-07T12:09:58.593243Z,fast,18,596
650,2026-08-07T12:09:58.593245Z,slow,40,607
650,2026-08-07T12:09:59.093376Z,fast,11,769
651,2026-08-07T12:09:59.593405Z,fast,16,634
651,2026-08-07T12:10:00.094481Z,fast,15,779
652,2026-08-07T12:10:00.592562Z,fast,14,601
652,2026-08-07T12:10:00.592600Z,slow,15,630
652,2026-08-07T12:10:01.092695Z,fast,27,897
653,2026-08-07T12:10:01.592751Z,fast,10,741
653,2026-08-07T12:10:02.093153Z,fast,12,826
654,2026-08-07T12:10:02.592962Z,slow,20,888
654,2026-08-07T12:10:02.592959Z,fast,22,901
654,2026-08-07T12:10:03.093248Z,fast,26,942
655,2026-08-07T12:10:03.592632Z,fast,9,781
655,2026-08-07T12:10:04.093008Z,fast,9,634
656,2026-08-07T12:10:04.594217Z,fast,8,429
656,2026-08-07T12:10:04.594229Z,slow,10,433
656,2026-08-07T12:10:05.092757Z,fast,26,685
657,2026-08-07T12:10:05.593480Z,fast,27,920
657,2026-08-07T12:10:06.092578Z,fast,13,684
658,2026-08-07T12:10:06.592951Z,slow,12,716
658,2026-08-07T12:10:06.592951Z,fast,12,707
658,2026-08-07T12:10:07.095167Z,fast,9,508
659,2026-08-07T12:10:07.594649Z,fast,27,838
659,2026-08-07T12:10:08.092692Z,fast,12,736
660,2026-08-07T12:10:08.593300Z,slow,19,772
660,2026-08-07T12:10:08.593281Z,fast,24,763
660,2026-08-07T12:10:09.092883Z,fast,41,817
661,2026-08-07T12:10:09.593163Z,fast,7,791
661,2026-08-07T12:10:10.092638Z,fast,10,704
662,2026-08-07T12:10:10.593171Z,fast,18,865
662,2026-08-07T12:10:10.593176Z,slow,20,898
662,2026-08-07T12:10:11.092697Z,fast,9,842
663,2026-08-07T12:10:11.592602Z,fast,8,511
663,2026-08-07T12:10:12.093220Z,fast,18,921
664,2026-08-07T12:10:12.592666Z,slow,17,771
664,2026-08-07T12:10:12.592665Z,fast,23,745
664,2026-08-07T12:10:13.093135Z,fast,11,578
665,2026-08-07T12:10:13.592677Z,fast,17,664
665,2026-08-07T12:10:14.092848Z,fast,19,832
666,2026-08-07T12:10:14.592725Z,fast,16,829
666,2026-08-07T12:10:14.592726Z,slow,27,849
666,2026-08-07T12:10:15.092785Z,fast,22,582
667,2026-08-07T12:10:15.593478Z,fast,10,828
667,2026-08-07T12:10:16.092643Z,fast,17,624
668,2026-08-07T12:10:16.593295Z,fast,20,786
668,2026-08-07T12:10:16.593296Z,slow,20,732
668,2026-08-07T12:10:17.092747Z,fast,16,768
669,2026-08-07T12:10:17.593624Z,fast,20,468
669,2026-08-07T12:10:18.092847Z,fast,8,622
670,2026-08-07T12:10:18.592707Z,fast,19,867
670,2026-08-07T12:10:18.592724Z,slow,23,902
670,2026-08-07T12:10:19.092619Z,fast,19,763
671,2026-08-07T12:10:19.592924Z,fast,10,770
671,2026-08-07T12:10:20.092911Z,fast,15,840
672,2026-08-07T12:10:20.593850Z,fast,18,956
672,2026-08-07T12:10:20.593861Z,slow,20,891
672,2026-08-07T12:10:21.092801Z,fast,18,679
673,2026-08-07T12:10:21.594478Z,fast,15,687
673,2026-08-07T12:10:22.092802Z,fast,19,575
674,2026-08-07T12:10:22.593808Z,fast,35,626
674,2026-08-07T12:10:22.593808Z,slow,35,730
674,2026-08-07T12:10:23.095834Z,fast,11,611
675,2026-08-07T12:10:23.595479Z,fast,17,611
675,2026-08-07T12:10:24.093241Z,fast,9,532
676,2026-08-07T12:10:24.592740Z,slow,14,691
676,2026-08-07T12:10:24.592739Z,fast,17,823
676,2026-08-07T12:10:25.092877Z,fast,10,770
677,2026-08-07T12:10:25.592821Z,fast,26,804
677,2026-08-07T12:10:26.093171Z,fast,5,481
678,2026-08-07T12:10:26.592654Z,slow,14,813
678,2026-08-07T12:10:26.592652Z,fast,16,870
678,2026-08-07T12:10:27.092636Z,fast,8,737
679,2026-08-07T12:10:27.593067Z,fast,18,299
679,2026-08-07T12:10:28.092677Z,fast,20,831
680,2026-08-07T12:10:28.593740Z,slow,15,691
680,2026-08-07T12:10:28.593738Z,fast,19,692
680,2026-08-07T12:10:29.092740Z,fast,7,411
681,2026-08-07T12:10:29.592670Z,fast,16,803
681,2026-08-07T12:10:30.092832Z,fast,10,672
682,2026-08-07T12:10:30.594042Z,fast,21,841
682,2026-08-07T12:10:30.594047Z,slow,25,839
682,2026-08-07T12:10:31.092829Z,fast,11,729
683,2026-08-07T12:10:31.593343Z,fast,27,875
683,2026-08-07T12:10:32.095078Z,fast,5,489
684,2026-08-07T12:10:32.592819Z,slow,10,639
684,2026-08-07T12:10:32.592817Z,fast,10,639
684,2026-08-07T12:10:33.093505Z,fast,9,512
685,2026-08-07T12:10:33.595474Z,fast,9,787
685,2026-08-07T12:10:34.093296Z,fast,13,472
686,2026-08-07T12:10:34.592887Z,fast,12,733
686,2026-08-07T12:10:34.592887Z,slow,37,694
686,2026-08-07T12:10:35.092677Z,fast,5,637
687,2026-08-07T12:10:35.593676Z,fast,6,511
687,2026-08-07T12:10:36.092679Z,fast,10,598
688,2026-08-07T12:10:36.593939Z,fast,21,877
688,2026-08-07T12:10:36.593951Z,slow,21,879
688,2026-08-07T12:10:37.093863Z,fast,18,738
689,2026-08-07T12:10:37.595402Z,fast,15,599
689,2026-08-07T12:10:38.093878Z,fast,5,473
690,2026-08-07T12:10:38.594094Z,fast,9,430
690,2026-08-07T12:10:38.594096Z,slow,11,386
690,2026-08-07T12:10:39.092946Z,fast,24,767
691,2026-08-07T12:10:39.593271Z,fast,19,737
691,2026-08-07T12:10:40.092897Z,fast,11,636
692,2026-08-07T12:10:40.593353Z,fast,18,762
692,2026-08-07T12:10:40.593354Z,slow,31,848
692,2026-08-07T12:10:41.093082Z,fast,19,737
693,2026-08-07T12:10:41.595468Z,fast,14,777
693,2026-08-07T12:10:42.093210Z,fast,25,754
694,2026-08-07T12:10:42.593161Z,fast,6,541
694,2026-08-07T12:10:42.593167Z,slow,11,570
694,2026-08-07T12:10:43.092874Z,fast,15,744
695,2026-08-07T12:10:43.593021Z,fast,10,670
695,2026-08-07T12:10:44.092732Z,fast,29,899
696,2026-08-07T12:10:44.594006Z,slow,25,797
696,2026-08-07T12:10:44.594004Z,fast,26,788
696,2026-08-07T12:10:45.093051Z,fast,18,911
697,2026-08-07T12:10:45.593455Z,fast,8,671
697,2026-08-07T12:10:46.093742Z,fast,8,767
698,2026-08-07T12:10:46.593309Z,slow,13,782
698,2026-08-07T12:10:46.593309Z,fast,13,781
698,2026-08-07T12:10:47.093100Z,fast,18,909
699,2026-08-07T12:10:47.594295Z,fast,251,792
699,2026-08-07T12:10:48.096431Z,fast,2,63
700,2026-08-07T12:10:48.597584Z,fast,3,77
700,2026-08-07T12:10:48.597602Z,slow,4,77
700,2026-08-07T12:10:49.097279Z,fast,4,77
701,2026-08-07T12:10:49.594389Z,fast,3,77
701,2026-08-07T12:10:50.097690Z,fast,1,65
702,2026-08-07T12:10:50.593949Z,fast,2,86
702,2026-08-07T12:10:50.593952Z,slow,2,86
702,2026-08-07T12:10:51.095958Z,fast,5,77
703,2026-08-07T12:10:51.596391Z,fast,3,77
703,2026-08-07T12:10:52.092702Z,fast,0,61
704,2026-08-07T12:10:52.597366Z,fast,3,86
704,2026-08-07T12:10:52.597366Z,slow,3,86
704,2026-08-07T12:10:53.096853Z,fast,3,77
705,2026-08-07T12:10:53.594366Z,fast,3,77
705,2026-08-07T12:10:54.095472Z,fast,29,1092
706,2026-08-07T12:10:54.597143Z,fast,4,84
706,2026-08-07T12:10:54.597166Z,slow,4,84
706,2026-08-07T12:10:55.096520Z,fast,3,75
707,2026-08-07T12:10:55.595138Z,fast,3,75
707,2026-08-07T12:10:56.094092Z,fast,3,75
708,2026-08-07T12:10:56.594230Z,fast,4,74
708,2026-08-07T12:10:56.594247Z,slow,5,74
708,2026-08-07T12:10:57.093395Z,fast,4,75
709,2026-08-07T12:10:57.593030Z,fast,1,75
709,2026-08-07T12:10:58.096296Z,fast,3,75
710,2026-08-07T12:10:58.593699Z,slow,3,74
710,2026-08-07T12:10:58.593696Z,fast,3,74
710,2026-08-07T12:10:59.094389Z,fast,2,75
711,2026-08-07T12:10:59.597356Z,fast,3,75
711,2026-08-07T12:11:00.096482Z,fast,3,75
712,2026-08-07T12:11:00.593615Z,fast,8,527
712,2026-08-07T12:11:00.593623Z,slow,9,812
712,2026-08-07T12:11:01.094334Z,fast,6,670
713,2026-08-07T12:11:01.592713Z,fast,10,738
713,2026-08-07T12:11:02.093130Z,fast,9,628
714,2026-08-07T12:11:02.593012Z,slow,7,696
714,2026-08-07T12:11:02.593010Z,fast,23,790
714,2026-08-07T12:11:03.092686Z,fast,4,505
715,2026-08-07T12:11:03.592970Z,fast,17,851
715,2026-08-07T12:11:04.092992Z,fast,24,718
716,2026-08-07T12:11:04.594034Z,fast,10,732
716,2026-08-07T12:11:04.594034Z,slow,20,627
716,2026-08-07T12:11:05.092860Z,fast,13,973
717,2026-08-07T12:11:05.592753Z,fast,19,785
717,2026-08-07T12:11:06.093220Z,fast,20,790
718,2026-08-07T12:11:06.593445Z,fast,22,766
718,2026-08-07T12:11:06.593454Z,slow,34,784
718,2026-08-07T12:11:07.093739Z,fast,13,1010
719,2026-08-07T12:11:07.592706Z,fast,62,991
719,2026-08-07T12:11:08.092749Z,fast,13,706
720,2026-08-07T12:11:08.592994Z,slow,27,850
720,2026-08-07T12:11:08.592974Z,fast,27,919
720,2026-08-07T12:11:09.092993Z,fast,34,881
721,2026-08-07T12:11:09.592849Z,fast,11,725
721,2026-08-07T12:11:10.093053Z,fast,23,871
722,2026-08-07T12:11:10.600287Z,fast,106,675
722,2026-08-07T12:11:10.600327Z,slow,113,623
722,2026-08-07T12:11:11.096894Z,fast,51,840
723,2026-08-07T12:11:11.592896Z,fast,26,470
723,2026-08-07T12:11:12.095334Z,fast,12,716
724,2026-08-07T12:11:12.594340Z,slow,45,961
724,2026-08-07T12:11:12.594335Z,fast,46,839
724,2026-08-07T12:11:13.092901Z,fast,19,666
725,2026-08-07T12:11:13.594577Z,fast,26,1019
725,2026-08-07T12:11:14.095158Z,fast,395,1043
726,2026-08-07T12:11:14.592887Z,fast,37,825
726,2026-08-07T12:11:14.592904Z,slow,39,972
726,2026-08-07T12:11:15.093470Z,fast,29,901
727,2026-08-07T12:11:15.593026Z,fast,17,755
727,2026-08-07T12:11:16.092737Z,fast,32,700
728,2026-08-07T12:11:16.593031Z,fast,8,618
728,2026-08-07T12:11:16.593032Z,slow,13,576
728,2026-08-07T12:11:17.094308Z,fast,7,407
729,2026-08-07T12:11:17.596689Z,fast,256,718
729,2026-08-07T12:11:18.095650Z,fast,71,900
730,2026-08-07T12:11:18.595453Z,slow,13,454
730,2026-08-07T12:11:18.595449Z,fast,26,559
730,2026-08-07T12:11:19.093726Z,fast,107,961
731,2026-08-07T12:11:19.594146Z,fast,17,575
731,2026-08-07T12:11:20.093934Z,fast,43,904
732,2026-08-07T12:11:20.592784Z,fast,18,629
732,2026-08-07T12:11:20.592784Z,slow,18,646
732,2026-08-07T12:11:21.092698Z,fast,38,711
733,2026-08-07T12:11:21.593740Z,fast,20,740
733,2026-08-07T12:11:22.092763Z,fast,8,694
734,2026-08-07T12:11:22.594916Z,slow,31,902
734,2026-08-07T12:11:22.594911Z,fast,34,946
734,2026-08-07T12:11:23.093236Z,fast,19,919
735,2026-08-07T12:11:23.593309Z,fast,9,694
735,2026-08-07T12:11:24.092920Z,fast,13,726
736,2026-08-07T12:11:24.593276Z,fast,16,790
736,2026-08-07T12:11:24.593276Z,slow,68,984
736,2026-08-07T12:11:25.092823Z,fast,18,823
737,2026-08-07T12:11:25.593867Z,fast,18,976
737,2026-08-07T12:11:26.092814Z,fast,27,882
738,2026-08-07T12:11:26.594319Z,fast,18,835
738,2026-08-07T12:11:26.594321Z,slow,44,899
738,2026-08-07T12:11:27.092794Z,fast,18,878
739,2026-08-07T12:11:27.595431Z,fast,74,880
739,2026-08-07T12:11:28.093292Z,fast,23,662
740,2026-08-07T12:11:28.594272Z,fast,22,823
740,2026-08-07T12:11:28.594276Z,slow,24,813
740,2026-08-07T12:11:29.092883Z,fast,9,529
741,2026-08-07T12:11:29.593620Z,fast,31,606
741,2026-08-07T12:11:30.094277Z,fast,9,961
742,2026-08-07T12:11:30.593352Z,fast,18,996
742,2026-08-07T12:11:30.593353Z,slow,20,983
742,2026-08-07T12:11:31.094040Z,fast,8,709
743,2026-08-07T12:11:31.593157Z,fast,27,765
743,2026-08-07T12:11:32.093396Z,fast,24,657
744,2026-08-07T12:11:32.593033Z,fast,20,847
744,2026-08-07T12:11:32.593035Z,slow,46,935
744,2026-08-07T12:11:33.094622Z,fast,15,655
745,2026-08-07T12:11:33.592845Z,fast,20,932
745,2026-08-07T12:11:34.093345Z,fast,19,975
746,2026-08-07T12:11:34.594316Z,fast,18,601
746,2026-08-07T12:11:34.594334Z,slow,21,607
746,2026-08-07T12:11:35.093056Z,fast,11,687
747,2026-08-07T12:11:35.593800Z,fast,29,816
747,2026-08-07T12:11:36.092752Z,fast,19,665
748,2026-08-07T12:11:36.592980Z,slow,32,939
748,2026-08-07T12:11:36.592980Z,fast,33,1007
748,2026-08-07T12:11:37.093147Z,fast,21,848
749,2026-08-07T12:11:37.593817Z,fast,99,804
749,2026-08-07T12:11:38.093582Z,fast,44,659
750,2026-08-07T12:11:38.593366Z,fast,20,718
750,2026-08-07T12:11:38.593369Z,slow,30,891
750,2026-08-07T12:11:39.093175Z,fast,15,830
751,2026-08-07T12:11:39.592913Z,fast,9,867
751,2026-08-07T12:11:40.094126Z,fast,15,793
752,2026-08-07T12:11:40.592869Z,fast,14,888
752,2026-08-07T12:11:40.592869Z,slow,20,887
752,2026-08-07T12:11:41.092864Z,fast,24,792
753,2026-08-07T12:11:41.592859Z,fast,5,518
753,2026-08-07T12:11:42.093339Z,fast,24,794
754,2026-08-07T12:11:42.593061Z,slow,23,540
754,2026-08-07T12:11:42.593007Z,fast,26,792
754,2026-08-07T12:11:43.094378Z,fast,16,851
755,2026-08-07T12:11:43.593733Z,fast,47,1004
755,2026-08-07T12:11:44.093906Z,fast,29,834
756,2026-08-07T12:11:44.593803Z,fast,14,745
756,2026-08-07T12:11:44.593809Z,slow,19,834
756,2026-08-07T12:11:45.093557Z,fast,17,952
757,2026-08-07T12:11:45.593305Z,fast,11,809
757,2026-08-07T12:11:46.093300Z,fast,25,1002
758,2026-08-07T12:11:46.593507Z,slow,19,903
758,2026-08-07T12:11:46.593505Z,fast,22,912
758,2026-08-07T12:11:47.092995Z,fast,12,902
759,2026-08-07T12:11:47.596898Z,fast,61,899
759,2026-08-07T12:11:48.092872Z,fast,14,803
760,2026-08-07T12:11:48.593801Z,slow,10,581
760,2026-08-07T12:11:48.593799Z,fast,18,579
760,2026-08-07T12:11:49.093531Z,fast,27,854
761,2026-08-07T12:11:49.592866Z,fast,11,593
761,2026-08-07T12:11:50.093329Z,fast,14,871
762,2026-08-07T12:11:50.593620Z,slow,16,853
762,2026-08-07T12:11:50.593600Z,fast,21,833
762,2026-08-07T12:11:51.095124Z,fast,31,757
763,2026-08-07T12:11:51.592829Z,fast,24,711
763,2026-08-07T12:11:52.093673Z,fast,5,436
764,2026-08-07T12:11:52.593040Z,fast,8,726
764,2026-08-07T12:11:52.593040Z,slow,9,630
764,2026-08-07T12:11:53.093491Z,fast,7,617
765,2026-08-07T12:11:53.592743Z,fast,17,858
765,2026-08-07T12:11:54.094157Z,fast,16,758
766,2026-08-07T12:11:54.592920Z,fast,25,784
766,2026-08-07T12:11:54.592927Z,slow,25,884
766,2026-08-07T12:11:55.092824Z,fast,17,931
767,2026-08-07T12:11:55.597619Z,fast,58,925
767,2026-08-07T12:11:56.094405Z,fast,9,718
768,2026-08-07T12:11:56.593056Z,fast,26,789
768,2026-08-07T12:11:56.593146Z,slow,41,798
768,2026-08-07T12:11:57.093098Z,fast,34,754
769,2026-08-07T12:11:57.593893Z,fast,142,854
769,2026-08-07T12:11:58.094211Z,fast,23,880
770,2026-08-07T12:11:58.594689Z,fast,38,836
770,2026-08-07T12:11:58.594695Z,slow,40,836
770,2026-08-07T12:11:59.095181Z,fast,59,1062
771,2026-08-07T12:11:59.593835Z,fast,28,742
771,2026-08-07T12:12:00.094854Z,fast,11,969
772,2026-08-07T12:12:00.597402Z,fast,1,71
772,2026-08-07T12:12:00.597402Z,slow,1,72
772,2026-08-07T12:12:01.094464Z,fast,3,77
773,2026-08-07T12:12:01.594621Z,fast,3,77
773,2026-08-07T12:12:02.097827Z,fast,3,77
774,2026-08-07T12:12:02.597826Z,fast,1,74
774,2026-08-07T12:12:02.597832Z,slow,1,74
774,2026-08-07T12:12:03.097357Z,fast,3,77
775,2026-08-07T12:12:03.597393Z,fast,4,77
775,2026-08-07T12:12:04.096705Z,fast,3,77
776,2026-08-07T12:12:04.596356Z,fast,1,74
776,2026-08-07T12:12:04.596357Z,slow,1,74
776,2026-08-07T12:12:05.094652Z,fast,2,75
777,2026-08-07T12:12:05.597809Z,fast,3,75
777,2026-08-07T12:12:06.097814Z,fast,3,75
778,2026-08-07T12:12:06.593190Z,slow,7,761
778,2026-08-07T12:12:06.593180Z,fast,10,750
778,2026-08-07T12:12:07.096037Z,fast,3,75
779,2026-08-07T12:12:07.597364Z,fast,1,75
779,2026-08-07T12:12:08.097445Z,fast,4,75
780,2026-08-07T12:12:08.593108Z,fast,43,1259
780,2026-08-07T12:12:08.593108Z,slow,43,1187
780,2026-08-07T12:12:09.093134Z,fast,3,75
781,2026-08-07T12:12:09.594551Z,fast,1,75
781,2026-08-07T12:12:10.093362Z,fast,2,75
782,2026-08-07T12:12:10.595006Z,fast,4,84
782,2026-08-07T12:12:10.595023Z,slow,4,84
782,2026-08-07T12:12:11.097506Z,fast,3,65
783,2026-08-07T12:12:11.597385Z,fast,1,75
783,2026-08-07T12:12:12.097186Z,fast,3,75
784,2026-08-07T12:12:12.597828Z,fast,3,84
784,2026-08-07T12:12:12.597835Z,slow,3,84
784,2026-08-07T12:12:13.092897Z,fast,8,715
785,2026-08-07T12:12:13.593968Z,fast,7,643
785,2026-08-07T12:12:14.092988Z,fast,7,595
786,2026-08-07T12:12:14.592769Z,fast,9,661
786,2026-08-07T12:12:14.592815Z,slow,23,732
786,2026-08-07T12:12:15.093687Z,fast,7,526
787,2026-08-07T12:12:15.593301Z,fast,5,829
787,2026-08-07T12:12:16.093111Z,fast,11,902
788,2026-08-07T12:12:16.592833Z,fast,14,1013
788,2026-08-07T12:12:16.592833Z,slow,16,917
788,2026-08-07T12:12:17.093769Z,fast,41,1067
789,2026-08-07T12:12:17.593868Z,fast,251,826
789,2026-08-07T12:12:18.093110Z,fast,15,993
790,2026-08-07T12:12:18.594021Z,slow,51,842
790,2026-08-07T12:12:18.594011Z,fast,51,839
790,2026-08-07T12:12:19.093289Z,fast,45,1062
791,2026-08-07T12:12:19.594118Z,fast,30,967
791,2026-08-07T12:12:20.093135Z,fast,24,1048
792,2026-08-07T12:12:20.593158Z,slow,13,716
792,2026-08-07T12:12:20.593157Z,fast,27,714
792,2026-08-07T12:12:21.093140Z,fast,22,812
793,2026-08-07T12:12:21.592939Z,fast,9,831
793,2026-08-07T12:12:22.093486Z,fast,20,975
794,2026-08-07T12:12:22.593313Z,fast,21,801
794,2026-08-07T12:12:22.593320Z,slow,33,885
794,2026-08-07T12:12:23.093874Z,fast,26,1145
795,2026-08-07T12:12:23.593171Z,fast,34,1122
795,2026-08-07T12:12:24.093013Z,fast,10,909
796,2026-08-07T12:12:24.593321Z,fast,24,1012
796,2026-08-07T12:12:24.593320Z,slow,26,1039
796,2026-08-07T12:12:25.092997Z,fast,17,922
797,2026-08-07T12:12:25.592992Z,fast,20,1176
797,2026-08-07T12:12:26.093926Z,fast,15,780
798,2026-08-07T12:12:26.593457Z,fast,19,858
798,2026-08-07T12:12:26.593458Z,slow,22,876
798,2026-08-07T12:12:27.092956Z,fast,20,1120
799,2026-08-07T12:12:27.597435Z,fast,108,955
799,2026-08-07T12:12:28.093693Z,fast,8,1008
800,2026-08-07T12:12:28.592945Z,fast,35,1039
800,2026-08-07T12:12:28.592945Z,slow,36,1038
800,2026-08-07T12:12:29.092968Z,fast,20,971
801,2026-08-07T12:12:29.593110Z,fast,27,1146
801,2026-08-07T12:12:30.093045Z,fast,49,1195
802,2026-08-07T12:12:30.593224Z,slow,17,919
802,2026-08-07T12:12:30.593223Z,fast,24,919
802,2026-08-07T12:12:31.093115Z,fast,15,875
803,2026-08-07T12:12:31.594062Z,fast,29,954
803,2026-08-07T12:12:32.095238Z,fast,27,906
804,2026-08-07T12:12:32.594175Z,slow,19,779
804,2026-08-07T12:12:32.594172Z,fast,23,842
804,2026-08-07T12:12:33.094609Z,fast,20,778
805,2026-08-07T12:12:33.594446Z,fast,20,590
805,2026-08-07T12:12:34.092893Z,fast,15,652
806,2026-08-07T12:12:34.593379Z,fast,12,851
806,2026-08-07T12:12:34.593380Z,slow,41,851
806,2026-08-07T12:12:35.093351Z,fast,14,1052
807,2026-08-07T12:12:35.593032Z,fast,11,946
807,2026-08-07T12:12:36.094188Z,fast,27,1116
808,2026-08-07T12:12:36.592987Z,fast,21,1012
808,2026-08-07T12:12:36.592989Z,slow,21,906
808,2026-08-07T12:12:37.094203Z,fast,16,843
809,2026-08-07T12:12:37.593513Z,fast,65,778
809,2026-08-07T12:12:38.092867Z,fast,17,1048
810,2026-08-07T12:12:38.593142Z,fast,22,1020
810,2026-08-07T12:12:38.593142Z,slow,28,950
810,2026-08-07T12:12:39.093569Z,fast,16,914
811,2026-08-07T12:12:39.592914Z,fast,28,961
811,2026-08-07T12:12:40.093035Z,fast,24,1030
812,2026-08-07T12:12:40.592899Z,slow,21,927
812,2026-08-07T12:12:40.592896Z,fast,35,938
812,2026-08-07T12:12:41.092906Z,fast,9,977
813,2026-08-07T12:12:41.593592Z,fast,16,908
813,2026-08-07T12:12:42.092881Z,fast,20,1046
814,2026-08-07T12:12:42.592924Z,fast,26,864
814,2026-08-07T12:12:42.592952Z,slow,28,806
814,2026-08-07T12:12:43.095778Z,fast,23,850
815,2026-08-07T12:12:43.592893Z,fast,20,926
815,2026-08-07T12:12:44.093851Z,fast,21,999
816,2026-08-07T12:12:44.592864Z,fast,13,1017
816,2026-08-07T12:12:44.592865Z,slow,37,1077
816,2026-08-07T12:12:45.092875Z,fast,15,992
817,2026-08-07T12:12:45.592954Z,fast,14,890
817,2026-08-07T12:12:46.093859Z,fast,18,1040
818,2026-08-07T12:12:46.592986Z,fast,20,970
818,2026-08-07T12:12:46.593031Z,slow,20,972
818,2026-08-07T12:12:47.092931Z,fast,29,985
819,2026-08-07T12:12:47.595767Z,fast,93,1007
819,2026-08-07T12:12:48.093790Z,fast,8,841
820,2026-08-07T12:12:48.592997Z,slow,15,891
820,2026-08-07T12:12:48.592996Z,fast,16,893
820,2026-08-07T12:12:49.092826Z,fast,24,1021
821,2026-08-07T12:12:49.595288Z,fast,9,843
821,2026-08-07T12:12:50.092973Z,fast,17,1033
822,2026-08-07T12:12:50.593872Z,fast,12,724
822,2026-08-07T12:12:50.593872Z,slow,26,724
822,2026-08-07T12:12:51.093820Z,fast,19,1092
823,2026-08-07T12:12:51.594031Z,fast,10,654
823,2026-08-07T12:12:52.093236Z,fast,18,943
824,2026-08-07T12:12:52.593807Z,slow,38,1098
824,2026-08-07T12:12:52.593805Z,fast,39,1160
824,2026-08-07T12:12:53.094845Z,fast,12,819
825,2026-08-07T12:12:53.592839Z,fast,29,1169
825,2026-08-07T12:12:54.093103Z,fast,14,868
826,2026-08-07T12:12:54.593093Z,slow,27,996
826,2026-08-07T12:12:54.593087Z,fast,34,987
826,2026-08-07T12:12:55.092884Z,fast,17,915
827,2026-08-07T12:12:55.593755Z,fast,32,947
827,2026-08-07T12:12:56.093007Z,fast,12,715
828,2026-08-07T12:12:56.592876Z,slow,15,1092
828,2026-08-07T12:12:56.592874Z,fast,25,1125
828,2026-08-07T12:12:57.093628Z,fast,29,878
829,2026-08-07T12:12:57.594856Z,fast,88,1052
829,2026-08-07T12:12:58.093011Z,fast,6,639
830,2026-08-07T12:12:58.592861Z,fast,6,497
830,2026-08-07T12:12:58.592886Z,slow,6,497
830,2026-08-07T12:12:59.093007Z,fast,12,827
831,2026-08-07T12:12:59.593012Z,fast,26,1011
831,2026-08-07T12:13:00.093788Z,fast,42,871
832,2026-08-07T12:13:00.593146Z,slow,13,1113
832,2026-08-07T12:13:00.593144Z,fast,15,1166
832,2026-08-07T12:13:01.093852Z,fast,13,1022
833,2026-08-07T12:13:01.593093Z,fast,26,968
833,2026-08-07T12:13:02.092949Z,fast,24,785
834,2026-08-07T12:13:02.593110Z,fast,15,1109
834,2026-08-07T12:13:02.593116Z,slow,20,1109
834,2026-08-07T12:13:03.093562Z,fast,13,715
835,2026-08-07T12:13:03.595886Z,fast,8,711
835,2026-08-07T12:13:04.093396Z,fast,21,967
836,2026-08-07T12:13:04.593293Z,fast,40,1172
836,2026-08-07T12:13:04.593297Z,slow,41,1172
836,2026-08-07T12:13:05.093488Z,fast,16,905
837,2026-08-07T12:13:05.593076Z,fast,28,1209
837,2026-08-07T12:13:06.093601Z,fast,26,927
838,2026-08-07T12:13:06.593027Z,fast,8,851
838,2026-08-07T12:13:06.593033Z,slow,16,857
838,2026-08-07T12:13:07.092946Z,fast,9,764
839,2026-08-07T12:13:07.596529Z,fast,148,982
839,2026-08-07T12:13:08.093103Z,fast,11,1150
840,2026-08-07T12:13:08.594458Z,slow,23,990
840,2026-08-07T12:13:08.594450Z,fast,32,973
840,2026-08-07T12:13:09.093235Z,fast,26,1030
841,2026-08-07T12:13:09.592923Z,fast,27,780
841,2026-08-07T12:13:10.094243Z,fast,26,1145
842,2026-08-07T12:13:10.596231Z,slow,22,749
842,2026-08-07T12:13:10.596223Z,fast,30,815
842,2026-08-07T12:13:11.093304Z,fast,27,760
843,2026-08-07T12:13:11.593604Z,fast,16,982
843,2026-08-07T12:13:12.093096Z,fast,27,895
844,2026-08-07T12:13:12.593177Z,slow,34,1000
844,2026-08-07T12:13:12.593177Z,fast,46,913
844,2026-08-07T12:13:13.096063Z,fast,2,63
845,2026-08-07T12:13:13.596266Z,fast,3,81
845,2026-08-07T12:13:14.093377Z,fast,3,77
846,2026-08-07T12:13:14.594552Z,fast,4,84
846,2026-08-07T12:13:14.594567Z,slow,5,86
846,2026-08-07T12:13:15.095230Z,fast,1,63
847,2026-08-07T12:13:15.594578Z,fast,3,75
847,2026-08-07T12:13:16.095418Z,fast,2,75
848,2026-08-07T12:13:16.596770Z,fast,4,84
848,2026-08-07T12:13:16.596770Z,slow,4,84
848,2026-08-07T12:13:17.095575Z,fast,1,65
849,2026-08-07T12:13:17.593119Z,fast,17,75
849,2026-08-07T12:13:18.095356Z,fast,2,75
850,2026-08-07T12:13:18.593752Z,fast,3,82
850,2026-08-07T12:13:18.593762Z,slow,3,84
850,2026-08-07T12:13:19.095241Z,fast,1,65
851,2026-08-07T12:13:19.594544Z,fast,2,75
851,2026-08-07T12:13:20.095712Z,fast,2,75
852,2026-08-07T12:13:20.594765Z,slow,3,84
852,2026-08-07T12:13:20.594765Z,fast,3,84
852,2026-08-07T12:13:21.093064Z,fast,8,775
853,2026-08-07T12:13:21.597929Z,fast,2,75
853,2026-08-07T12:13:22.097057Z,fast,2,75
854,2026-08-07T12:13:22.597964Z,fast,3,84
854,2026-08-07T12:13:22.597977Z,slow,4,84
854,2026-08-07T12:13:23.096151Z,fast,26,1109
855,2026-08-07T12:13:23.594004Z,fast,2,73
855,2026-08-07T12:13:24.094183Z,fast,2,75
856,2026-08-07T12:13:24.593498Z,fast,2,84
856,2026-08-07T12:13:24.593498Z,slow,2,84
856,2026-08-07T12:13:25.097936Z,fast,2,75
857,2026-08-07T12:13:25.597948Z,fast,2,65
857,2026-08-07T12:13:26.095442Z,fast,3,77
858,2026-08-07T12:13:26.595395Z,slow,3,86
858,2026-08-07T12:13:26.595392Z,fast,3,86
858,2026-08-07T12:13:27.096996Z,fast,3,77
859,2026-08-07T12:13:27.595591Z,fast,48,948
859,2026-08-07T12:13:28.093038Z,fast,33,898
860,2026-08-07T12:13:28.593488Z,fast,13,948
860,2026-08-07T12:13:28.593494Z,slow,14,939
860,2026-08-07T12:13:29.094510Z,fast,12,826
861,2026-08-07T12:13:29.593320Z,fast,20,1147
861,2026-08-07T12:13:30.094560Z,fast,12,677
862,2026-08-07T12:13:30.592951Z,slow,10,931
862,2026-08-07T12:13:30.592944Z,fast,39,1022
862,2026-08-07T12:13:31.093187Z,fast,23,1216
863,2026-08-07T12:13:31.594813Z,fast,17,738
863,2026-08-07T12:13:32.093265Z,fast,40,1028
864,2026-08-07T12:13:32.593880Z,slow,62,1071
864,2026-08-07T12:13:32.593877Z,fast,66,1062
864,2026-08-07T12:13:33.093540Z,fast,42,1034
865,2026-08-07T12:13:33.593455Z,fast,21,1190
865,2026-08-07T12:13:34.093144Z,fast,34,960
866,2026-08-07T12:13:34.593041Z,slow,16,934
866,2026-08-07T12:13:34.593040Z,fast,17,908
866,2026-08-07T12:13:35.093207Z,fast,13,1194
867,2026-08-07T12:13:35.592928Z,fast,27,719
867,2026-08-07T12:13:36.094217Z,fast,22,781
868,2026-08-07T12:13:36.594239Z,fast,29,969
868,2026-08-07T12:13:36.594242Z,slow,29,971
868,2026-08-07T12:13:37.093771Z,fast,24,985
869,2026-08-07T12:13:37.595334Z,fast,116,1130
869,2026-08-07T12:13:38.093498Z,fast,30,1133
870,2026-08-07T12:13:38.594998Z,slow,26,1076
870,2026-08-07T12:13:38.594995Z,fast,38,1099
870,2026-08-07T12:13:39.093621Z,fast,20,1097
871,2026-08-07T12:13:39.593094Z,fast,12,960
871,2026-08-07T12:13:40.093049Z,fast,30,1064
872,2026-08-07T12:13:40.594250Z,slow,19,1037
872,2026-08-07T12:13:40.594249Z,fast,20,1029
872,2026-08-07T12:13:41.093014Z,fast,25,1005
873,2026-08-07T12:13:41.593259Z,fast,17,816
873,2026-08-07T12:13:42.093015Z,fast,25,961
874,2026-08-07T12:13:42.593102Z,fast,11,942
874,2026-08-07T12:13:42.593114Z,slow,48,1011
874,2026-08-07T12:13:43.093016Z,fast,15,946
875,2026-08-07T12:13:43.593150Z,fast,17,987
875,2026-08-07T12:13:44.092964Z,fast,28,1016
876,2026-08-07T12:13:44.593007Z,fast,15,984
876,2026-08-07T12:13:44.593012Z,slow,23,947
876,2026-08-07T12:13:45.093137Z,fast,29,937
877,2026-08-07T12:13:45.592925Z,fast,29,998
877,2026-08-07T12:13:46.094561Z,fast,28,1094
878,2026-08-07T12:13:46.592930Z,fast,24,928
878,2026-08-07T12:13:46.592958Z,slow,26,835
878,2026-08-07T12:13:47.093087Z,fast,25,835
879,2026-08-07T12:13:47.594094Z,fast,88,950
879,2026-08-07T12:13:48.093837Z,fast,17,977
880,2026-08-07T12:13:48.594390Z,fast,20,875
880,2026-08-07T12:13:48.594399Z,slow,22,876
880,2026-08-07T12:13:49.096467Z,fast,12,960
881,2026-08-07T12:13:49.593432Z,fast,29,1085
881,2026-08-07T12:13:50.093104Z,fast,21,985
882,2026-08-07T12:13:50.592989Z,fast,11,924
882,2026-08-07T12:13:50.592994Z,slow,27,924
882,2026-08-07T12:13:51.093283Z,fast,16,1004
883,2026-08-07T12:13:51.592935Z,fast,26,936
883,2026-08-07T12:13:52.093610Z,fast,14,1133
884,2026-08-07T12:13:52.593557Z,fast,16,722
884,2026-08-07T12:13:52.593558Z,slow,24,725
884,2026-08-07T12:13:53.093937Z,fast,21,946
885,2026-08-07T12:13:53.594060Z,fast,24,1101
885,2026-08-07T12:13:54.093950Z,fast,26,1017
886,2026-08-07T12:13:54.593485Z,slow,23,894
886,2026-08-07T12:13:54.593486Z,fast,24,956
886,2026-08-07T12:13:55.093385Z,fast,19,1003
887,2026-08-07T12:13:55.593086Z,fast,29,928
887,2026-08-07T12:13:56.093754Z,fast,62,1121
888,2026-08-07T12:13:56.593538Z,slow,13,928
888,2026-08-07T12:13:56.593537Z,fast,13,928
888,2026-08-07T12:13:57.093854Z,fast,19,1137
889,2026-08-07T12:13:57.593714Z,fast,109,805
889,2026-08-07T12:13:58.093163Z,fast,20,1106
890,2026-08-07T12:13:58.593048Z,fast,21,993
890,2026-08-07T12:13:58.593053Z,slow,26,993
890,2026-08-07T12:13:59.093157Z,fast,30,699
891,2026-08-07T12:13:59.593349Z,fast,32,1028
891,2026-08-07T12:14:00.096192Z,fast,50,1080
892,2026-08-07T12:14:00.594408Z,fast,73,1096
892,2026-08-07T12:14:00.594408Z,slow,86,1187
892,2026-08-07T12:14:01.095333Z,fast,47,770
893,2026-08-07T12:14:01.593941Z,fast,33,892
893,2026-08-07T12:14:02.093003Z,fast,39,1052
894,2026-08-07T12:14:02.593105Z,fast,70,847
894,2026-08-07T12:14:02.593096Z,slow,71,911
894,2026-08-07T12:14:03.093641Z,fast,15,691
895,2026-08-07T12:14:03.593407Z,fast,41,1111
895,2026-08-07T12:14:04.093431Z,fast,14,893
896,2026-08-07T12:14:04.593369Z,fast,31,666
896,2026-08-07T12:14:04.593369Z,slow,39,935
896,2026-08-07T12:14:05.092998Z,fast,9,1030
897,2026-08-07T12:14:05.593021Z,fast,11,1030
897,2026-08-07T12:14:06.093632Z,fast,19,857
898,2026-08-07T12:14:06.593320Z,fast,14,961
898,2026-08-07T12:14:06.593320Z,slow,37,972
898,2026-08-07T12:14:07.093008Z,fast,13,1089
899,2026-08-07T12:14:07.596194Z,fast,132,627
899,2026-08-07T12:14:08.093127Z,fast,10,1071
900,2026-08-07T12:14:08.593877Z,slow,25,1103
900,2026-08-07T12:14:08.593866Z,fast,41,893
900,2026-08-07T12:14:09.093282Z,fast,7,559
901,2026-08-07T12:14:09.593037Z,fast,14,745
901,2026-08-07T12:14:10.093591Z,fast,17,1022
902,2026-08-07T12:14:10.593414Z,fast,16,1047
902,2026-08-07T12:14:10.593422Z,slow,31,1046
902,2026-08-07T12:14:11.094651Z,fast,15,1031
903,2026-08-07T12:14:11.593188Z,fast,9,813
903,2026-08-07T12:14:12.093138Z,fast,43,1136
904,2026-08-07T12:14:12.594288Z,fast,29,1044
904,2026-08-07T12:14:12.594283Z,slow,43,1044
904,2026-08-07T12:14:13.093029Z,fast,16,689
905,2026-08-07T12:14:13.593973Z,fast,30,1682
905,2026-08-07T12:14:14.094441Z,fast,17,897
906,2026-08-07T12:14:14.593120Z,slow,18,975
906,2026-08-07T12:14:14.593120Z,fast,36,742
906,2026-08-07T12:14:15.093265Z,fast,28,930
907,2026-08-07T12:14:15.593994Z,fast,17,1118
907,2026-08-07T12:14:16.094202Z,fast,25,893
908,2026-08-07T12:14:16.593443Z,fast,25,1225
908,2026-08-07T12:14:16.593444Z,slow,25,960
908,2026-08-07T12:14:17.092986Z,fast,19,922
909,2026-08-07T12:14:17.594983Z,fast,129,1043
909,2026-08-07T12:14:18.094546Z,fast,11,1095
910,2026-08-07T12:14:18.595467Z,slow,30,1053
910,2026-08-07T12:14:18.595445Z,fast,30,1129
910,2026-08-07T12:14:19.093398Z,fast,13,744
911,2026-08-07T12:14:19.593247Z,fast,38,1161
911,2026-08-07T12:14:20.092981Z,fast,14,983
912,2026-08-07T12:14:20.593274Z,slow,26,1037
912,2026-08-07T12:14:20.593271Z,fast,43,1037
912,2026-08-07T12:14:21.094642Z,fast,20,1202
913,2026-08-07T12:14:21.595303Z,fast,27,714
913,2026-08-07T12:14:22.094315Z,fast,23,1139
914,2026-08-07T12:14:22.594836Z,slow,21,1003
914,2026-08-07T12:14:22.594811Z,fast,27,903
914,2026-08-07T12:14:23.095288Z,fast,24,949
915,2026-08-07T12:14:23.594713Z,fast,54,1083
915,2026-08-07T12:14:24.093289Z,fast,38,1096
916,2026-08-07T12:14:24.595981Z,fast,22,761
916,2026-08-07T12:14:24.596012Z,slow,26,770
916,2026-08-07T12:14:25.096267Z,fast,14,742
917,2026-08-07T12:14:25.594484Z,fast,24,997
917,2026-08-07T12:14:26.093178Z,fast,16,880
918,2026-08-07T12:14:26.593159Z,fast,18,832
918,2026-08-07T12:14:26.593159Z,slow,22,834
918,2026-08-07T12:14:27.093122Z,fast,14,813
919,2026-08-07T12:14:27.595368Z,fast,38,77
919,2026-08-07T12:14:28.096277Z,fast,3,77
920,2026-08-07T12:14:28.594386Z,fast,5,85
920,2026-08-07T12:14:28.594386Z,slow,5,86
920,2026-08-07T12:14:29.095686Z,fast,3,77
921,2026-08-07T12:14:29.598059Z,fast,3,65
921,2026-08-07T12:14:30.094057Z,fast,3,77
922,2026-08-07T12:14:30.598057Z,slow,3,86
922,2026-08-07T12:14:30.598042Z,fast,3,86
922,2026-08-07T12:14:31.095327Z,fast,3,77
923,2026-08-07T12:14:31.598018Z,fast,3,67
923,2026-08-07T12:14:32.093488Z,fast,3,77
924,2026-08-07T12:14:32.598055Z,fast,3,86
924,2026-08-07T12:14:32.598055Z,slow,3,86
924,2026-08-07T12:14:33.098085Z,fast,3,77
925,2026-08-07T12:14:33.594666Z,fast,2,65
925,2026-08-07T12:14:34.094689Z,fast,3,75
926,2026-08-07T12:14:34.597339Z,fast,3,84
926,2026-08-07T12:14:34.597339Z,slow,3,84
926,2026-08-07T12:14:35.098055Z,fast,3,75
927,2026-08-07T12:14:35.595861Z,fast,2,65
927,2026-08-07T12:14:36.097218Z,fast,2,75
928,2026-08-07T12:14:36.598073Z,fast,2,84
928,2026-08-07T12:14:36.598074Z,slow,2,84
928,2026-08-07T12:14:37.093094Z,fast,3,75
929,2026-08-07T12:14:37.595269Z,fast,1,65
929,2026-08-07T12:14:38.095611Z,fast,1,75
930,2026-08-07T12:14:38.598053Z,fast,4,84
930,2026-08-07T12:14:38.598068Z,slow,4,84
930,2026-08-07T12:14:39.098111Z,fast,4,75
931,2026-08-07T12:14:39.598025Z,fast,1,65
931,2026-08-07T12:14:40.093198Z,fast,4,75
932,2026-08-07T12:14:40.594895Z,slow,4,84
932,2026-08-07T12:14:40.594893Z,fast,4,84
932,2026-08-07T12:14:41.098060Z,fast,3,75
933,2026-08-07T12:14:41.597622Z,fast,1,65
933,2026-08-07T12:14:42.095331Z,fast,3,75
934,2026-08-07T12:14:42.594681Z,fast,3,84
934,2026-08-07T12:14:42.594684Z,slow,3,84
934,2026-08-07T12:14:43.096266Z,fast,3,75
935,2026-08-07T12:14:43.594479Z,fast,14,763
935,2026-08-07T12:14:44.093205Z,fast,9,1044
936,2026-08-07T12:14:44.593106Z,fast,13,865
936,2026-08-07T12:14:44.593106Z,slow,18,799
936,2026-08-07T12:14:45.093467Z,fast,9,1027
937,2026-08-07T12:14:45.594361Z,fast,16,891
937,2026-08-07T12:14:46.095713Z,fast,20,1195
938,2026-08-07T12:14:46.593715Z,fast,13,956
938,2026-08-07T12:14:46.593715Z,slow,21,932
938,2026-08-07T12:14:47.093425Z,fast,19,1261
939,2026-08-07T12:14:47.596317Z,fast,136,676
939,2026-08-07T12:14:48.095550Z,fast,22,1191
940,2026-08-07T12:14:48.593290Z,fast,14,817
940,2026-08-07T12:14:48.593304Z,slow,30,820
940,2026-08-07T12:14:49.094091Z,fast,11,906
941,2026-08-07T12:14:49.595927Z,fast,22,1018
941,2026-08-07T12:14:50.094441Z,fast,23,998
942,2026-08-07T12:14:50.593093Z,fast,21,1174
942,2026-08-07T12:14:50.593093Z,slow,42,1311
942,2026-08-07T12:14:51.093345Z,fast,28,1056
943,2026-08-07T12:14:51.593692Z,fast,14,788
943,2026-08-07T12:14:52.093160Z,fast,42,1174
944,2026-08-07T12:14:52.594107Z,fast,31,903
944,2026-08-07T12:14:52.594176Z,slow,35,1153
944,2026-08-07T12:14:53.093364Z,fast,46,1035
945,2026-08-07T12:14:53.593228Z,fast,14,843
945,2026-08-07T12:14:54.094224Z,fast,35,1246
946,2026-08-07T12:14:54.595276Z,fast,36,1165
946,2026-08-07T12:14:54.595407Z,slow,41,1166
946,2026-08-07T12:14:55.094519Z,fast,11,1105
947,2026-08-07T12:14:55.594387Z,fast,49,1357
947,2026-08-07T12:14:56.093936Z,fast,16,892
948,2026-08-07T12:14:56.593557Z,slow,27,1237
948,2026-08-07T12:14:56.593557Z,fast,39,1237
948,2026-08-07T12:14:57.094076Z,fast,43,1261
949,2026-08-07T12:14:57.596863Z,fast,194,1081
949,2026-08-07T12:14:58.094359Z,fast,28,1190
950,2026-08-07T12:14:58.595236Z,fast,13,822
950,2026-08-07T12:14:58.595267Z,slow,31,904
950,2026-08-07T12:14:59.094268Z,fast,14,823
951,2026-08-07T12:14:59.594240Z,fast,29,1119
951,2026-08-07T12:15:00.093531Z,fast,12,1055
952,2026-08-07T12:15:00.593155Z,slow,32,1248
952,2026-08-07T12:15:00.593137Z,fast,36,1153
952,2026-08-07T12:15:01.093574Z,fast,28,969
953,2026-08-07T12:15:01.593114Z,fast,29,964
953,2026-08-07T12:15:02.093614Z,fast,30,1104
954,2026-08-07T12:15:02.594258Z,fast,8,811
954,2026-08-07T12:15:02.594262Z,slow,27,836
954,2026-08-07T12:15:03.093214Z,fast,33,1107
955,2026-08-07T12:15:03.593150Z,fast,33,1251
955,2026-08-07T12:15:04.094321Z,fast,33,977
956,2026-08-07T12:15:04.593169Z,fast,28,1234
956,2026-08-07T12:15:04.593162Z,slow,29,1183
956,2026-08-07T12:15:05.093125Z,fast,19,748
957,2026-08-07T12:15:05.593746Z,fast,16,930
957,2026-08-07T12:15:06.094644Z,fast,28,1121
958,2026-08-07T12:15:06.594660Z,slow,24,1149
958,2026-08-07T12:15:06.594598Z,fast,31,1062
958,2026-08-07T12:15:07.094441Z,fast,10,939
959,2026-08-07T12:15:07.595247Z,fast,171,888
959,2026-08-07T12:15:08.095540Z,fast,17,1018
960,2026-08-07T12:15:08.594128Z,fast,34,1264
960,2026-08-07T12:15:08.594131Z,slow,36,1259
960,2026-08-07T12:15:09.093472Z,fast,26,992
961,2026-08-07T12:15:09.593801Z,fast,37,1050
961,2026-08-07T12:15:10.093589Z,fast,15,978
962,2026-08-07T12:15:10.593823Z,fast,16,1320
962,2026-08-07T12:15:10.593826Z,slow,44,1255
962,2026-08-07T12:15:11.094189Z,fast,29,1120
963,2026-08-07T12:15:11.593548Z,fast,48,884
963,2026-08-07T12:15:12.093308Z,fast,25,1087
964,2026-08-07T12:15:12.593787Z,slow,23,1051
964,2026-08-07T12:15:12.593781Z,fast,23,1060
964,2026-08-07T12:15:13.093674Z,fast,26,1152
965,2026-08-07T12:15:13.593715Z,fast,13,1046
965,2026-08-07T12:15:14.093343Z,fast,38,972
966,2026-08-07T12:15:14.593400Z,fast,26,1220
966,2026-08-07T12:15:14.593400Z,slow,30,1222
966,2026-08-07T12:15:15.097068Z,fast,20,704
967,2026-08-07T12:15:15.593163Z,fast,9,951
967,2026-08-07T12:15:16.093972Z,fast,24,1072
968,2026-08-07T12:15:16.595217Z,fast,18,910
968,2026-08-07T12:15:16.595222Z,slow,21,908
968,2026-08-07T12:15:17.094806Z,fast,31,1158
969,2026-08-07T12:15:17.597086Z,fast,267,996
969,2026-08-07T12:15:18.093384Z,fast,25,1143
970,2026-08-07T12:15:18.593242Z,slow,16,833
970,2026-08-07T12:15:18.593251Z,fast,38,1017
970,2026-08-07T12:15:19.093629Z,fast,29,1231
971,2026-08-07T12:15:19.593337Z,fast,29,787
971,2026-08-07T12:15:20.093987Z,fast,38,1151
972,2026-08-07T12:15:20.593919Z,slow,32,1064
972,2026-08-07T12:15:20.593918Z,fast,35,1073
972,2026-08-07T12:15:21.093110Z,fast,29,1190
973,2026-08-07T12:15:21.594412Z,fast,8,662
973,2026-08-07T12:15:22.094473Z,fast,9,591
974,2026-08-07T12:15:22.593272Z,fast,42,1017
974,2026-08-07T12:15:22.593275Z,slow,45,1122
974,2026-08-07T12:15:23.094625Z,fast,24,1017
975,2026-08-07T12:15:23.593947Z,fast,26,1101
975,2026-08-07T12:15:24.094566Z,fast,32,1160
976,2026-08-07T12:15:24.594385Z,fast,15,1047
976,2026-08-07T12:15:24.594392Z,slow,17,1056
976,2026-08-07T12:15:25.093578Z,fast,12,1088
977,2026-08-07T12:15:25.593282Z,fast,15,1184
977,2026-08-07T12:15:26.096467Z,fast,39,1195
978,2026-08-07T12:15:26.593300Z,slow,13,775
978,2026-08-07T12:15:26.593293Z,fast,15,775
978,2026-08-07T12:15:27.094980Z,fast,17,1199
979,2026-08-07T12:15:27.594375Z,fast,137,1059
979,2026-08-07T12:15:28.093893Z,fast,11,1203
980,2026-08-07T12:15:28.593190Z,slow,19,1137
980,2026-08-07T12:15:28.593168Z,fast,44,1278
980,2026-08-07T12:15:29.093777Z,fast,19,1094
981,2026-08-07T12:15:29.593262Z,fast,12,1100
981,2026-08-07T12:15:30.093734Z,fast,31,1175
982,2026-08-07T12:15:30.593366Z,fast,31,670
982,2026-08-07T12:15:30.593371Z,slow,35,670
982,2026-08-07T12:15:31.093297Z,fast,26,1143
983,2026-08-07T12:15:31.593149Z,fast,16,911
983,2026-08-07T12:15:32.093110Z,fast,20,1043
984,2026-08-07T12:15:32.594506Z,slow,62,1035
984,2026-08-07T12:15:32.594446Z,fast,65,1026
984,2026-08-07T12:15:33.094504Z,fast,35,1113
985,2026-08-07T12:15:33.594495Z,fast,47,1195
985,2026-08-07T12:15:34.093581Z,fast,17,949
986,2026-08-07T12:15:34.593200Z,fast,20,1084
986,2026-08-07T12:15:34.593205Z,slow,21,1054
986,2026-08-07T12:15:35.093246Z,fast,14,804
987,2026-08-07T12:15:35.597520Z,fast,12,932
987,2026-08-07T12:15:36.093615Z,fast,34,1110
988,2026-08-07T12:15:36.593979Z,slow,17,1143
988,2026-08-07T12:15:36.593979Z,fast,35,1238
988,2026-08-07T12:15:37.093594Z,fast,24,1129
989,2026-08-07T12:15:37.594410Z,fast,210,887
989,2026-08-07T12:15:38.093964Z,fast,66,1124
990,2026-08-07T12:15:38.598430Z,fast,59,1202
990,2026-08-07T12:15:38.598460Z,slow,64,1208
990,2026-08-07T12:15:39.093145Z,fast,20,1052
991,2026-08-07T12:15:39.593367Z,fast,10,1058
991,2026-08-07T12:15:40.094338Z,fast,36,1158
992,2026-08-07T12:15:40.593429Z,slow,18,1001
992,2026-08-07T12:15:40.593427Z,fast,68,1172
992,2026-08-07T12:15:41.094747Z,fast,25,1201
993,2026-08-07T12:15:41.593204Z,fast,24,838
993,2026-08-07T12:15:42.094572Z,fast,28,1301
994,2026-08-07T12:15:42.597546Z,fast,22,1169
994,2026-08-07T12:15:42.597553Z,slow,28,1167
994,2026-08-07T12:15:43.093767Z,fast,15,832
995,2026-08-07T12:15:43.593541Z,fast,7,824
995,2026-08-07T12:15:44.097393Z,fast,3,77
996,2026-08-07T12:15:44.598175Z,fast,3,85
996,2026-08-07T12:15:44.598185Z,slow,3,86
996,2026-08-07T12:15:45.094814Z,fast,3,77
997,2026-08-07T12:15:45.596262Z,fast,29,1268
997,2026-08-07T12:15:46.098069Z,fast,4,76
998,2026-08-07T12:15:46.593827Z,fast,2,86
998,2026-08-07T12:15:46.593828Z,slow,2,86
998,2026-08-07T12:15:47.094465Z,fast,2,77
999,2026-08-07T12:15:47.596033Z,fast,13,77
999,2026-08-07T12:15:48.094836Z,fast,3,63
1000,2026-08-07T12:15:48.594685Z,fast,3,84
1000,2026-08-07T12:15:48.594687Z,slow,3,84
1000,2026-08-07T12:15:49.094820Z,fast,3,75
1001,2026-08-07T12:15:49.594856Z,fast,2,75
1001,2026-08-07T12:15:50.094819Z,fast,2,65
1002,2026-08-07T12:15:50.594292Z,slow,1,84
1002,2026-08-07T12:15:50.594291Z,fast,1,84
1002,2026-08-07T12:15:51.096311Z,fast,3,75
1003,2026-08-07T12:15:51.598175Z,fast,3,75
1003,2026-08-07T12:15:52.098195Z,fast,3,65
1004,2026-08-07T12:15:52.595023Z,fast,3,84
1004,2026-08-07T12:15:52.595026Z,slow,4,84
1004,2026-08-07T12:15:53.095861Z,fast,3,75
1005,2026-08-07T12:15:53.595241Z,fast,4,75
1005,2026-08-07T12:15:54.094818Z,fast,4,65
1006,2026-08-07T12:15:54.596161Z,fast,3,82
1006,2026-08-07T12:15:54.596180Z,slow,3,84
1006,2026-08-07T12:15:55.095515Z,fast,4,75
1007,2026-08-07T12:15:55.598193Z,fast,3,75
1007,2026-08-07T12:15:56.098097Z,fast,2,65
1008,2026-08-07T12:15:56.595939Z,fast,2,84
1008,2026-08-07T12:15:56.595939Z,slow,2,84
1008,2026-08-07T12:15:57.098213Z,fast,4,75
1009,2026-08-07T12:15:57.595638Z,fast,11,75
1009,2026-08-07T12:15:58.094841Z,fast,2,65
1010,2026-08-07T12:15:58.596464Z,fast,3,84
1010,2026-08-07T12:15:58.596464Z,slow,3,84
1010,2026-08-07T12:15:59.094790Z,fast,4,75
1011,2026-08-07T12:15:59.594175Z,fast,4,75
1011,2026-08-07T12:16:00.093210Z,fast,2,65
1012,2026-08-07T12:16:00.596201Z,fast,4,84
1012,2026-08-07T12:16:00.596209Z,slow,4,84
1012,2026-08-07T12:16:01.096395Z,fast,3,75
1013,2026-08-07T12:16:01.597203Z,fast,3,75
1013,2026-08-07T12:16:02.093771Z,fast,7,932
1014,2026-08-07T12:16:02.593607Z,fast,9,631
1014,2026-08-07T12:16:02.593651Z,slow,11,631
1014,2026-08-07T12:16:03.093792Z,fast,7,935
1015,2026-08-07T12:16:03.593209Z,fast,9,899
1015,2026-08-07T12:16:04.094Z,fast,10,886
1016,2026-08-07T12:16:04.593794Z,slow,19,1175
1016,2026-08-07T12:16:04.593788Z,fast,29,1156
1016,2026-08-07T12:16:05.094387Z,fast,19,775
1017,2026-08-07T12:16:05.593778Z,fast,14,922
1017,2026-08-07T12:16:06.095238Z,fast,14,927
1018,2026-08-07T12:16:06.593166Z,fast,27,1200
1018,2026-08-07T12:16:06.593192Z,slow,33,1200
1018,2026-08-07T12:16:07.094217Z,fast,20,1150
1019,2026-08-07T12:16:07.595246Z,fast,122,1099
1019,2026-08-07T12:16:08.094461Z,fast,52,1316
1020,2026-08-07T12:16:08.593837Z,slow,14,981
1020,2026-08-07T12:16:08.593837Z,fast,19,979
1020,2026-08-07T12:16:09.093363Z,fast,20,925
1021,2026-08-07T12:16:09.593432Z,fast,28,1168
1021,2026-08-07T12:16:10.094131Z,fast,13,916
1022,2026-08-07T12:16:10.593206Z,fast,27,1290
1022,2026-08-07T12:16:10.593208Z,slow,27,1291
1022,2026-08-07T12:16:11.094588Z,fast,29,1258
1023,2026-08-07T12:16:11.595643Z,fast,15,848
1023,2026-08-07T12:16:12.093265Z,fast,22,1090
1024,2026-08-07T12:16:12.594220Z,fast,11,1087
1024,2026-08-07T12:16:12.594220Z,slow,22,1100
1024,2026-08-07T12:16:13.093174Z,fast,29,1232
1025,2026-08-07T12:16:13.595822Z,fast,17,1584
1025,2026-08-07T12:16:14.093195Z,fast,28,1173
1026,2026-08-07T12:16:14.593166Z,fast,18,1200
1026,2026-08-07T12:16:14.593204Z,slow,37,1200
1026,2026-08-07T12:16:15.093371Z,fast,28,1282
1027,2026-08-07T12:16:15.594855Z,fast,26,1185
1027,2026-08-07T12:16:16.093164Z,fast,16,1057
1028,2026-08-07T12:16:16.596350Z,slow,40,1335
1028,2026-08-07T12:16:16.596344Z,fast,40,1335
1028,2026-08-07T12:16:17.095650Z,fast,27,997
1029,2026-08-07T12:16:17.597187Z,fast,219,1342
1029,2026-08-07T12:16:18.094071Z,fast,56,1208
1030,2026-08-07T12:16:18.595401Z,fast,39,1147
1030,2026-08-07T12:16:18.595401Z,slow,59,1156
1030,2026-08-07T12:16:19.093289Z,fast,32,1014
1031,2026-08-07T12:16:19.593575Z,fast,33,815
1031,2026-08-07T12:16:20.093887Z,fast,53,1406
1032,2026-08-07T12:16:20.593539Z,fast,71,1424
1032,2026-08-07T12:16:20.593545Z,slow,85,1356
1032,2026-08-07T12:16:21.093601Z,fast,19,1155
1033,2026-08-07T12:16:21.595685Z,fast,24,1261
1033,2026-08-07T12:16:22.094243Z,fast,21,1343
1034,2026-08-07T12:16:22.594651Z,fast,20,1333
1034,2026-08-07T12:16:22.594664Z,slow,52,1269
1034,2026-08-07T12:16:23.095374Z,fast,16,1329
1035,2026-08-07T12:16:23.593325Z,fast,13,925
1035,2026-08-07T12:16:24.094717Z,fast,28,1222
1036,2026-08-07T12:16:24.593219Z,slow,33,1241
1036,2026-08-07T12:16:24.593184Z,fast,36,1241
1036,2026-08-07T12:16:25.093595Z,fast,19,1250
1037,2026-08-07T12:16:25.593896Z,fast,33,1207
1037,2026-08-07T12:16:26.096731Z,fast,12,1055
1038,2026-08-07T12:16:26.593886Z,fast,15,925
1038,2026-08-07T12:16:26.593886Z,slow,15,925
1038,2026-08-07T12:16:27.094816Z,fast,27,1355
1039,2026-08-07T12:16:27.595363Z,fast,212,1080
1039,2026-08-07T12:16:28.093342Z,fast,32,1296
1040,2026-08-07T12:16:28.593651Z,slow,27,1156
1040,2026-08-07T12:16:28.593646Z,fast,28,1158
1040,2026-08-07T12:16:29.093353Z,fast,40,1313
1041,2026-08-07T12:16:29.593391Z,fast,63,1316
1041,2026-08-07T12:16:30.093962Z,fast,19,1164
1042,2026-08-07T12:16:30.593283Z,fast,33,953
1042,2026-08-07T12:16:30.593286Z,slow,36,955
1042,2026-08-07T12:16:31.095541Z,fast,46,1130
1043,2026-08-07T12:16:31.594511Z,fast,52,1106
1043,2026-08-07T12:16:32.093222Z,fast,18,905
1044,2026-08-07T12:16:32.594953Z,fast,31,1318
1044,2026-08-07T12:16:32.594967Z,slow,37,1249
1044,2026-08-07T12:16:33.093753Z,fast,51,1330
1045,2026-08-07T12:16:33.593226Z,fast,27,1207
1045,2026-08-07T12:16:34.096051Z,fast,39,957
1046,2026-08-07T12:16:34.593599Z,slow,16,1171
1046,2026-08-07T12:16:34.593593Z,fast,36,1093
1046,2026-08-07T12:16:35.093259Z,fast,26,1092
1047,2026-08-07T12:16:35.595953Z,fast,26,1034
1047,2026-08-07T12:16:36.094025Z,fast,24,1484
1048,2026-08-07T12:16:36.595680Z,fast,18,1025
1048,2026-08-07T12:16:36.595699Z,slow,20,929
1048,2026-08-07T12:16:37.093699Z,fast,26,1392
1049,2026-08-07T12:16:37.593316Z,fast,300,838
1049,2026-08-07T12:16:38.093381Z,fast,45,1243
1050,2026-08-07T12:16:38.594820Z,fast,18,1330
1050,2026-08-07T12:16:38.594823Z,slow,29,1339
1050,2026-08-07T12:16:39.093738Z,fast,21,1332
1051,2026-08-07T12:16:39.594779Z,fast,11,806
1051,2026-08-07T12:16:40.095329Z,fast,17,616
1052,2026-08-07T12:16:40.593917Z,slow,26,942
1052,2026-08-07T12:16:40.593914Z,fast,32,942
1052,2026-08-07T12:16:41.093346Z,fast,15,1106
1053,2026-08-07T12:16:41.594269Z,fast,25,1211
1053,2026-08-07T12:16:42.093223Z,fast,20,1303
1054,2026-08-07T12:16:42.595182Z,slow,48,873
1054,2026-08-07T12:16:42.595175Z,fast,51,936
1054,2026-08-07T12:16:43.094392Z,fast,30,1413
1055,2026-08-07T12:16:43.593884Z,fast,17,978
1055,2026-08-07T12:16:44.097159Z,fast,34,1373
1056,2026-08-07T12:16:44.594815Z,fast,25,1293
1056,2026-08-07T12:16:44.594821Z,slow,42,1273
1056,2026-08-07T12:16:45.096381Z,fast,30,883
1057,2026-08-07T12:16:45.594896Z,fast,34,1353
1057,2026-08-07T12:16:46.093710Z,fast,37,1110
1058,2026-08-07T12:16:46.593548Z,slow,30,911
1058,2026-08-07T12:16:46.593545Z,fast,30,912
1058,2026-08-07T12:16:47.093289Z,fast,35,1088
1059,2026-08-07T12:16:47.595149Z,fast,164,1231
1059,2026-08-07T12:16:48.093685Z,fast,36,1448
1060,2026-08-07T12:16:48.594871Z,slow,15,1340
1060,2026-08-07T12:16:48.594866Z,fast,22,1342
1060,2026-08-07T12:16:49.093720Z,fast,19,1155
1061,2026-08-07T12:16:49.593612Z,fast,20,1103
1061,2026-08-07T12:16:50.095365Z,fast,12,818
1062,2026-08-07T12:16:50.595163Z,fast,31,1189
1062,2026-08-07T12:16:50.595167Z,slow,35,1256
1062,2026-08-07T12:16:51.094668Z,fast,22,955
1063,2026-08-07T12:16:51.593864Z,fast,38,1331
1063,2026-08-07T12:16:52.093290Z,fast,29,1181
1064,2026-08-07T12:16:52.593799Z,fast,21,1198
1064,2026-08-07T12:16:52.593799Z,slow,28,1105
1064,2026-08-07T12:16:53.095434Z,fast,82,997
1065,2026-08-07T12:16:53.593299Z,fast,37,1131
1065,2026-08-07T12:16:54.094380Z,fast,47,1257
1066,2026-08-07T12:16:54.593348Z,fast,33,1046
1066,2026-08-07T12:16:54.593363Z,slow,37,1046
1066,2026-08-07T12:16:55.093816Z,fast,46,868
1067,2026-08-07T12:16:55.594547Z,fast,42,982
1067,2026-08-07T12:16:56.093404Z,fast,19,1320
1068,2026-08-07T12:16:56.593443Z,fast,50,1248
1068,2026-08-07T12:16:56.593457Z,slow,62,1211
1068,2026-08-07T12:16:57.093286Z,fast,30,1059
1069,2026-08-07T12:16:57.597311Z,fast,275,1136
1069,2026-08-07T12:16:58.093354Z,fast,20,999
1070,2026-08-07T12:16:58.595267Z,fast,34,1172
1070,2026-08-07T12:16:58.595276Z,slow,52,1072
1070,2026-08-07T12:16:59.093733Z,fast,46,1208
1071,2026-08-07T12:16:59.594457Z,fast,14,682
1071,2026-08-07T12:17:00.094208Z,fast,26,925
1072,2026-08-07T12:17:00.595430Z,fast,17,1026
1072,2026-08-07T12:17:00.595439Z,slow,20,1035
1072,2026-08-07T12:17:01.093236Z,fast,25,1271
1073,2026-08-07T12:17:01.593585Z,fast,20,1190
1073,2026-08-07T12:17:02.097229Z,fast,1,73
1074,2026-08-07T12:17:02.595517Z,fast,4,84
1074,2026-08-07T12:17:02.595532Z,slow,4,86
1074,2026-08-07T12:17:03.098068Z,fast,3,77
1075,2026-08-07T12:17:03.598224Z,fast,3,77
1075,2026-08-07T12:17:04.093263Z,fast,0,57
1076,2026-08-07T12:17:04.595206Z,fast,4,86
1076,2026-08-07T12:17:04.595206Z,slow,4,86
1076,2026-08-07T12:17:05.094392Z,fast,3,77
1077,2026-08-07T12:17:05.597328Z,fast,4,77
1077,2026-08-07T12:17:06.095164Z,fast,15,1330
1078,2026-08-07T12:17:06.594906Z,slow,3,82
1078,2026-08-07T12:17:06.594911Z,fast,3,84
1078,2026-08-07T12:17:07.094343Z,fast,4,75
1079,2026-08-07T12:17:07.593520Z,fast,9,75
1079,2026-08-07T12:17:08.093395Z,fast,39,1253
1080,2026-08-07T12:17:08.594689Z,fast,3,65
1080,2026-08-07T12:17:08.594686Z,slow,3,72
1080,2026-08-07T12:17:09.097917Z,fast,3,73
1081,2026-08-07T12:17:09.598103Z,fast,3,73
1081,2026-08-07T12:17:10.095599Z,fast,3,73
1082,2026-08-07T12:17:10.595480Z,slow,3,72
1082,2026-08-07T12:17:10.595480Z,fast,3,72
1082,2026-08-07T12:17:11.098330Z,fast,3,73
1083,2026-08-07T12:17:11.595649Z,fast,3,73
1083,2026-08-07T12:17:12.097699Z,fast,3,73
1084,2026-08-07T12:17:12.595059Z,fast,4,70
1084,2026-08-07T12:17:12.595059Z,slow,4,70
1084,2026-08-07T12:17:13.097588Z,fast,3,73
1085,2026-08-07T12:17:13.597981Z,fast,2,77
1085,2026-08-07T12:17:14.098343Z,fast,4,77
1086,2026-08-07T12:17:14.595724Z,slow,3,72
1086,2026-08-07T12:17:14.595724Z,fast,3,72
1086,2026-08-07T12:17:15.098328Z,fast,1,73
1087,2026-08-07T12:17:15.598316Z,fast,3,73
1087,2026-08-07T12:17:16.094940Z,fast,2,73
1088,2026-08-07T12:17:16.598076Z,fast,3,71
1088,2026-08-07T12:17:16.598080Z,slow,3,72
1088,2026-08-07T12:17:17.094921Z,fast,1,73
1089,2026-08-07T12:17:17.597271Z,fast,6,73
1089,2026-08-07T12:17:18.094950Z,fast,3,73
1090,2026-08-07T12:17:18.595718Z,slow,4,72
1090,2026-08-07T12:17:18.595725Z,fast,4,72
1090,2026-08-07T12:17:19.097596Z,fast,4,73
1091,2026-08-07T12:17:19.596353Z,fast,2,73
1091,2026-08-07T12:17:20.094998Z,fast,2,73
1092,2026-08-07T12:17:20.595648Z,slow,1,72
1092,2026-08-07T12:17:20.595647Z,fast,1,72
1092,2026-08-07T12:17:21.098120Z,fast,3,73
1093,2026-08-07T12:17:21.597341Z,fast,2,73
1093,2026-08-07T12:17:22.093923Z,fast,3,73
1094,2026-08-07T12:17:22.593580Z,slow,5,529
1094,2026-08-07T12:17:22.593580Z,fast,6,529
1094,2026-08-07T12:17:23.093460Z,fast,15,821
1095,2026-08-07T12:17:23.594652Z,fast,6,686
1095,2026-08-07T12:17:24.093283Z,fast,15,1192
1096,2026-08-07T12:17:24.593402Z,fast,34,1264
1096,2026-08-07T12:17:24.593408Z,slow,37,1255
1096,2026-08-07T12:17:25.093462Z,fast,25,1132
1097,2026-08-07T12:17:25.593776Z,fast,23,1259
1097,2026-08-07T12:17:26.095765Z,fast,27,1229
1098,2026-08-07T12:17:26.593465Z,fast,14,866
1098,2026-08-07T12:17:26.593467Z,slow,42,995
1098,2026-08-07T12:17:27.093575Z,fast,13,1149
1099,2026-08-07T12:17:27.595657Z,fast,184,1365
1099,2026-08-07T12:17:28.093727Z,fast,33,930
1100,2026-08-07T12:17:28.593586Z,slow,26,1430
1100,2026-08-07T12:17:28.593576Z,fast,37,1442
1100,2026-08-07T12:17:29.093612Z,fast,43,1371
1101,2026-08-07T12:17:29.594025Z,fast,23,1102
1101,2026-08-07T12:17:30.093874Z,fast,11,853
1102,2026-08-07T12:17:30.593687Z,fast,13,686
1102,2026-08-07T12:17:30.593688Z,slow,18,865
1102,2026-08-07T12:17:31.093424Z,fast,19,1199
1103,2026-08-07T12:17:31.593367Z,fast,11,1295
1103,2026-08-07T12:17:32.095133Z,fast,13,1167
1104,2026-08-07T12:17:32.594353Z,fast,20,944
1104,2026-08-07T12:17:32.594355Z,slow,20,944
1104,2026-08-07T12:17:33.093673Z,fast,16,937
1105,2026-08-07T12:17:33.594268Z,fast,13,1429
1105,2026-08-07T12:17:34.093674Z,fast,17,1417
1106,2026-08-07T12:17:34.596309Z,slow,49,1084
1106,2026-08-07T12:17:34.596302Z,fast,50,1102
1106,2026-08-07T12:17:35.096463Z,fast,17,935
1107,2026-08-07T12:17:35.593372Z,fast,33,1421
1107,2026-08-07T12:17:36.093947Z,fast,36,1267
1108,2026-08-07T12:17:36.593765Z,fast,9,924
1108,2026-08-07T12:17:36.593765Z,slow,20,1032
1108,2026-08-07T12:17:37.093734Z,fast,47,1292
1109,2026-08-07T12:17:37.597799Z,fast,297,1010
1109,2026-08-07T12:17:38.093800Z,fast,36,1296
1110,2026-08-07T12:17:38.593717Z,fast,23,1304
1110,2026-08-07T12:17:38.593724Z,slow,30,1305
1110,2026-08-07T12:17:39.093299Z,fast,27,1306
1111,2026-08-07T12:17:39.593439Z,fast,18,1280
1111,2026-08-07T12:17:40.093710Z,fast,23,1000
1112,2026-08-07T12:17:40.593402Z,slow,27,1035
1112,2026-08-07T12:17:40.593402Z,fast,30,1042
1112,2026-08-07T12:17:41.094946Z,fast,30,1185
1113,2026-08-07T12:17:41.593603Z,fast,41,1167
1113,2026-08-07T12:17:42.093725Z,fast,23,1037
1114,2026-08-07T12:17:42.593331Z,fast,29,1369
1114,2026-08-07T12:17:42.593343Z,slow,36,1144
1114,2026-08-07T12:17:43.093340Z,fast,24,1306
1115,2026-08-07T12:17:43.593732Z,fast,16,1102
1115,2026-08-07T12:17:44.094466Z,fast,16,1173
1116,2026-08-07T12:17:44.594403Z,fast,28,1194
1116,2026-08-07T12:17:44.594406Z,slow,29,1101
1116,2026-08-07T12:17:45.098323Z,fast,22,1132
1117,2026-08-07T12:17:45.593468Z,fast,10,1041
1117,2026-08-07T12:17:46.094954Z,fast,18,1168
1118,2026-08-07T12:17:46.594444Z,fast,27,1305
1118,2026-08-07T12:17:46.594445Z,slow,40,1305
1118,2026-08-07T12:17:47.093594Z,fast,9,715
1119,2026-08-07T12:17:47.593415Z,fast,210,784
1119,2026-08-07T12:17:48.093994Z,fast,20,1188
1120,2026-08-07T12:17:48.594276Z,fast,21,1303
1120,2026-08-07T12:17:48.594285Z,slow,30,1374
1120,2026-08-07T12:17:49.093566Z,fast,26,1234
1121,2026-08-07T12:17:49.595269Z,fast,41,1239
1121,2026-08-07T12:17:50.095790Z,fast,19,1124
1122,2026-08-07T12:17:50.595213Z,fast,41,1194
1122,2026-08-07T12:17:50.595217Z,slow,41,1177
1122,2026-08-07T12:17:51.094562Z,fast,26,1281
1123,2026-08-07T12:17:51.594009Z,fast,15,1269
1123,2026-08-07T12:17:52.094118Z,fast,18,1101
1124,2026-08-07T12:17:52.593781Z,fast,23,1092
1124,2026-08-07T12:17:52.593781Z,slow,23,1092
1124,2026-08-07T12:17:53.094979Z,fast,22,1260
1125,2026-08-07T12:17:53.593719Z,fast,12,1184
1125,2026-08-07T12:17:54.095418Z,fast,23,1338
1126,2026-08-07T12:17:54.594169Z,fast,24,1141
1126,2026-08-07T12:17:54.594175Z,slow,26,1141
1126,2026-08-07T12:17:55.093704Z,fast,33,1480
1127,2026-08-07T12:17:55.594732Z,fast,32,1167
1127,2026-08-07T12:17:56.093693Z,fast,9,1045
1128,2026-08-07T12:17:56.594456Z,fast,21,1184
1128,2026-08-07T12:17:56.594465Z,slow,24,1193
1128,2026-08-07T12:17:57.096663Z,fast,20,1402
1129,2026-08-07T12:17:57.597349Z,fast,246,1395
1129,2026-08-07T12:17:58.094260Z,fast,46,1102
1130,2026-08-07T12:17:58.594624Z,slow,19,1227
1130,2026-08-07T12:17:58.594617Z,fast,29,1265
1130,2026-08-07T12:17:59.093440Z,fast,33,1209
1131,2026-08-07T12:17:59.593331Z,fast,9,787
1131,2026-08-07T12:18:00.094982Z,fast,32,1151
1132,2026-08-07T12:18:00.594322Z,fast,19,991
1132,2026-08-07T12:18:00.594324Z,slow,19,991
1132,2026-08-07T12:18:01.094069Z,fast,33,1222
1133,2026-08-07T12:18:01.595951Z,fast,15,1102
1133,2026-08-07T12:18:02.093555Z,fast,23,1154
1134,2026-08-07T12:18:02.595110Z,fast,19,1125
1134,2026-08-07T12:18:02.595121Z,slow,39,1151
1134,2026-08-07T12:18:03.095126Z,fast,37,1434
1135,2026-08-07T12:18:03.597624Z,fast,19,1255
1135,2026-08-07T12:18:04.093799Z,fast,25,1331
1136,2026-08-07T12:18:04.593949Z,fast,28,1238
1136,2026-08-07T12:18:04.593949Z,slow,31,1229
1136,2026-08-07T12:18:05.093354Z,fast,32,1166
1137,2026-08-07T12:18:05.593825Z,fast,26,1231
1137,2026-08-07T12:18:06.095110Z,fast,27,1350
1138,2026-08-07T12:18:06.593490Z,fast,25,1249
1138,2026-08-07T12:18:06.593505Z,slow,26,1326
1138,2026-08-07T12:18:07.096190Z,fast,8,762
1139,2026-08-07T12:18:07.596198Z,fast,101,1343
1139,2026-08-07T12:18:08.093363Z,fast,30,1393
1140,2026-08-07T12:18:08.593949Z,fast,5,553
1140,2026-08-07T12:18:08.593955Z,slow,21,1164
1140,2026-08-07T12:18:09.093661Z,fast,12,1138
1141,2026-08-07T12:18:09.594123Z,fast,27,1175
1141,2026-08-07T12:18:10.093494Z,fast,13,1138
1142,2026-08-07T12:18:10.593818Z,slow,18,1111
1142,2026-08-07T12:18:10.593817Z,fast,24,1111
1142,2026-08-07T12:18:11.093604Z,fast,26,1304
1143,2026-08-07T12:18:11.594174Z,fast,37,1314
1143,2026-08-07T12:18:12.095030Z,fast,28,1267
1144,2026-08-07T12:18:12.594190Z,fast,31,1460
1144,2026-08-07T12:18:12.594192Z,slow,35,1452
1144,2026-08-07T12:18:13.093416Z,fast,27,1267
1145,2026-08-07T12:18:13.596213Z,fast,11,1226
1145,2026-08-07T12:18:14.094207Z,fast,21,1315
1146,2026-08-07T12:18:14.595011Z,slow,36,1140
1146,2026-08-07T12:18:14.595Z,fast,39,1408
1146,2026-08-07T12:18:15.094163Z,fast,28,1296
1147,2026-08-07T12:18:15.595506Z,fast,15,875
1147,2026-08-07T12:18:16.093789Z,fast,28,1350
1148,2026-08-07T12:18:16.595967Z,fast,11,700
1148,2026-08-07T12:18:16.595977Z,slow,13,730
1148,2026-08-07T12:18:17.093537Z,fast,38,1387
1149,2026-08-07T12:18:17.595671Z,fast,178,1289
1149,2026-08-07T12:18:18.093417Z,fast,45,1329
1150,2026-08-07T12:18:18.598364Z,fast,27,813
1150,2026-08-07T12:18:18.598367Z,slow,27,815
1150,2026-08-07T12:18:19.093796Z,fast,34,1107
1151,2026-08-07T12:18:19.593650Z,fast,18,1163
1151,2026-08-07T12:18:20.095447Z,fast,11,1224
1152,2026-08-07T12:18:20.595005Z,slow,35,945
1152,2026-08-07T12:18:20.595002Z,fast,35,937
1152,2026-08-07T12:18:21.094076Z,fast,36,1207
1153,2026-08-07T12:18:21.594634Z,fast,25,1069
1153,2026-08-07T12:18:22.096937Z,fast,23,1438
1154,2026-08-07T12:18:22.598448Z,fast,1,82
1154,2026-08-07T12:18:22.598469Z,slow,1,82
1154,2026-08-07T12:18:23.095942Z,fast,3,75
1155,2026-08-07T12:18:23.595088Z,fast,3,75
1155,2026-08-07T12:18:24.097953Z,fast,4,75
1156,2026-08-07T12:18:24.595924Z,slow,1,72
1156,2026-08-07T12:18:24.595922Z,fast,1,72
1156,2026-08-07T12:18:25.098024Z,fast,3,75
1157,2026-08-07T12:18:25.595087Z,fast,4,75
1157,2026-08-07T12:18:26.095317Z,fast,4,75
1158,2026-08-07T12:18:26.598452Z,slow,1,72
1158,2026-08-07T12:18:26.598443Z,fast,1,72
1158,2026-08-07T12:18:27.098441Z,fast,3,73
1159,2026-08-07T12:18:27.595666Z,fast,6,73
1159,2026-08-07T12:18:28.097956Z,fast,4,73
1160,2026-08-07T12:18:28.595515Z,fast,1,72
1160,2026-08-07T12:18:28.595516Z,slow,1,72
1160,2026-08-07T12:18:29.095088Z,fast,4,73
1161,2026-08-07T12:18:29.598466Z,fast,1,73
1161,2026-08-07T12:18:30.098457Z,fast,3,73
1162,2026-08-07T12:18:30.595120Z,fast,15,1072
1162,2026-08-07T12:18:30.595121Z,slow,15,1081
1162,2026-08-07T12:18:31.095285Z,fast,3,73
1163,2026-08-07T12:18:31.595205Z,fast,3,73
1163,2026-08-07T12:18:32.098476Z,fast,3,73
1164,2026-08-07T12:18:32.598468Z,fast,11,391
1164,2026-08-07T12:18:32.598468Z,slow,14,400
1164,2026-08-07T12:18:33.095191Z,fast,3,63
1165,2026-08-07T12:18:33.598434Z,fast,2,73
1165,2026-08-07T12:18:34.094340Z,fast,3,73
1166,2026-08-07T12:18:34.595146Z,slow,3,82
1166,2026-08-07T12:18:34.595146Z,fast,3,82
1166,2026-08-07T12:18:35.095132Z,fast,3,61
1167,2026-08-07T12:18:35.595728Z,fast,3,73
1167,2026-08-07T12:18:36.095553Z,fast,3,73
1168,2026-08-07T12:18:36.595911Z,fast,4,82
1168,2026-08-07T12:18:36.595914Z,slow,4,82
1168,2026-08-07T12:18:37.095530Z,fast,3,63
1169,2026-08-07T12:18:37.593789Z,fast,5,73
1169,2026-08-07T12:18:38.093676Z,fast,3,73
1170,2026-08-07T12:18:38.597097Z,fast,3,82
1170,2026-08-07T12:18:38.597098Z,slow,4,82
1170,2026-08-07T12:18:39.095273Z,fast,2,63
1171,2026-08-07T12:18:39.598456Z,fast,3,73
1171,2026-08-07T12:18:40.097962Z,fast,3,73
1172,2026-08-07T12:18:40.594778Z,fast,2,82
1172,2026-08-07T12:18:40.594792Z,slow,2,82
1172,2026-08-07T12:18:41.094632Z,fast,3,63
1173,2026-08-07T12:18:41.595753Z,fast,3,73
1173,2026-08-07T12:18:42.093952Z,fast,2,73
1174,2026-08-07T12:18:42.595438Z,slow,3,82
1174,2026-08-07T12:18:42.595438Z,fast,3,82
1174,2026-08-07T12:18:43.095777Z,fast,3,63
1175,2026-08-07T12:18:43.597324Z,fast,3,73
1175,2026-08-07T12:18:44.098276Z,fast,3,73
1176,2026-08-07T12:18:44.596336Z,slow,3,82
1176,2026-08-07T12:18:44.596335Z,fast,3,82
1176,2026-08-07T12:18:45.094755Z,fast,9,631
1177,2026-08-07T12:18:45.593529Z,fast,18,1275
1177,2026-08-07T12:18:46.095062Z,fast,26,1315
1178,2026-08-07T12:18:46.593480Z,slow,32,1246
1178,2026-08-07T12:18:46.593464Z,fast,32,1261
1178,2026-08-07T12:18:47.093493Z,fast,18,1223
1179,2026-08-07T12:18:47.593672Z,fast,105,1383
1179,2026-08-07T12:18:48.096124Z,fast,23,1076
1180,2026-08-07T12:18:48.594810Z,fast,37,1376
1180,2026-08-07T12:18:48.594814Z,slow,43,1406
1180,2026-08-07T12:18:49.094049Z,fast,28,1142
1181,2026-08-07T12:18:49.593736Z,fast,27,1415
1181,2026-08-07T12:18:50.095620Z,fast,17,1241
1182,2026-08-07T12:18:50.593570Z,fast,33,1332
1182,2026-08-07T12:18:50.593572Z,slow,35,1119
1182,2026-08-07T12:18:51.093916Z,fast,34,1358
1183,2026-08-07T12:18:51.593524Z,fast,13,845
1183,2026-08-07T12:18:52.093536Z,fast,29,1359
1184,2026-08-07T12:18:52.593526Z,fast,42,1092
1184,2026-08-07T12:18:52.593531Z,slow,48,1250
1184,2026-08-07T12:18:53.093547Z,fast,21,1293
1185,2026-08-07T12:18:53.595990Z,fast,23,1143
1185,2026-08-07T12:18:54.093514Z,fast,18,1414
1186,2026-08-07T12:18:54.593788Z,fast,43,1432
1186,2026-08-07T12:18:54.593789Z,slow,63,1411
1186,2026-08-07T12:18:55.094404Z,fast,22,1515
1187,2026-08-07T12:18:55.594329Z,fast,30,1400
1187,2026-08-07T12:18:56.095916Z,fast,28,1066
1188,2026-08-07T12:18:56.593819Z,fast,15,1276
1188,2026-08-07T12:18:56.593824Z,slow,44,1373
1188,2026-08-07T12:18:57.095064Z,fast,26,1400
1189,2026-08-07T12:18:57.595223Z,fast,199,1535
1189,2026-08-07T12:18:58.093423Z,fast,25,857
1190,2026-08-07T12:18:58.595262Z,slow,14,1068
1190,2026-08-07T12:18:58.595254Z,fast,21,1076
1190,2026-08-07T12:18:59.096154Z,fast,40,1311
1191,2026-08-07T12:18:59.593759Z,fast,29,930
1191,2026-08-07T12:19:00.093937Z,fast,46,1275
1192,2026-08-07T12:19:00.594372Z,slow,34,1163
1192,2026-08-07T12:19:00.594370Z,fast,40,1154
1192,2026-08-07T12:19:01.093803Z,fast,20,1073
1193,2026-08-07T12:19:01.595040Z,fast,33,1502
1193,2026-08-07T12:19:02.094298Z,fast,41,1308
1194,2026-08-07T12:19:02.595075Z,fast,25,1162
1194,2026-08-07T12:19:02.595077Z,slow,33,1242
1194,2026-08-07T12:19:03.094888Z,fast,22,1066
1195,2026-08-07T12:19:03.593766Z,fast,8,786
1195,2026-08-07T12:19:04.095118Z,fast,19,1138
1196,2026-08-07T12:19:04.593455Z,fast,33,1085
1196,2026-08-07T12:19:04.593476Z,slow,33,1177
1196,2026-08-07T12:19:05.094686Z,fast,32,1067
1197,2026-08-07T12:19:05.595042Z,fast,21,1327
1197,2026-08-07T12:19:06.093723Z,fast,11,1118
1198,2026-08-07T12:19:06.593980Z,fast,17,1240
1198,2026-08-07T12:19:06.593987Z,slow,36,1294
1198,2026-08-07T12:19:07.093609Z,fast,20,1024
1199,2026-08-07T12:19:07.593655Z,fast,78,991
1199,2026-08-07T12:19:08.095102Z,fast,19,1221
1200,2026-08-07T12:19:08.593523Z,fast,22,1137
1200,2026-08-07T12:19:08.593528Z,slow,22,1146
1200,2026-08-07T12:19:09.095912Z,fast,14,754
1201,2026-08-07T12:19:09.593555Z,fast,20,1056
1201,2026-08-07T12:19:10.094897Z,fast,34,1327
1202,2026-08-07T12:19:10.594019Z,slow,27,893
1202,2026-08-07T12:19:10.594017Z,fast,29,1175
1202,2026-08-07T12:19:11.093889Z,fast,40,1246
1203,2026-08-07T12:19:11.595061Z,fast,17,1486
1203,2026-08-07T12:19:12.093575Z,fast,46,1155
1204,2026-08-07T12:19:12.595936Z,fast,19,988
1204,2026-08-07T12:19:12.595948Z,slow,48,1135
1204,2026-08-07T12:19:13.095462Z,fast,6,723
1205,2026-08-07T12:19:13.593693Z,fast,34,1486
1205,2026-08-07T12:19:14.094125Z,fast,27,1758
1206,2026-08-07T12:19:14.594047Z,fast,21,1260
1206,2026-08-07T12:19:14.594050Z,slow,36,1211
1206,2026-08-07T12:19:15.093773Z,fast,26,1347
1207,2026-08-07T12:19:15.593719Z,fast,20,1316
1207,2026-08-07T12:19:16.094319Z,fast,14,1466
1208,2026-08-07T12:19:16.594086Z,fast,29,1285
1208,2026-08-07T12:19:16.594086Z,slow,46,1285
1208,2026-08-07T12:19:17.094378Z,fast,22,1185
1209,2026-08-07T12:19:17.595173Z,fast,92,1382
1209,2026-08-07T12:19:18.093959Z,fast,32,1277
1210,2026-08-07T12:19:18.595956Z,slow,25,1437
1210,2026-08-07T12:19:18.595949Z,fast,33,1250
1210,2026-08-07T12:19:19.093645Z,fast,20,808
1211,2026-08-07T12:19:19.593976Z,fast,27,1134
1211,2026-08-07T12:19:20.094905Z,fast,41,1277
1212,2026-08-07T12:19:20.594087Z,slow,25,1162
1212,2026-08-07T12:19:20.594086Z,fast,25,1269
1212,2026-08-07T12:19:21.094196Z,fast,37,1267
1213,2026-08-07T12:19:21.594390Z,fast,29,1098
1213,2026-08-07T12:19:22.093478Z,fast,22,1418
1214,2026-08-07T12:19:22.594779Z,fast,23,1495
1214,2026-08-07T12:19:22.594784Z,slow,32,1484
1214,2026-08-07T12:19:23.097769Z,fast,14,1020
1215,2026-08-07T12:19:23.594045Z,fast,32,1134
1215,2026-08-07T12:19:24.095967Z,fast,15,899
1216,2026-08-07T12:19:24.594792Z,fast,25,1315
1216,2026-08-07T12:19:24.594797Z,slow,46,1240
1216,2026-08-07T12:19:25.093716Z,fast,13,1270
1217,2026-08-07T12:19:25.593987Z,fast,30,1486
1217,2026-08-07T12:19:26.093729Z,fast,38,1372
1218,2026-08-07T12:19:26.594078Z,fast,40,1350
1218,2026-08-07T12:19:26.594129Z,slow,41,1404
1218,2026-08-07T12:19:27.097469Z,fast,14,794
1219,2026-08-07T12:19:27.593651Z,fast,220,1543
1219,2026-08-07T12:19:28.095135Z,fast,36,1074
1220,2026-08-07T12:19:28.595058Z,slow,27,1165
1220,2026-08-07T12:19:28.595049Z,fast,39,1163
1220,2026-08-07T12:19:29.095296Z,fast,19,1066
1221,2026-08-07T12:19:29.593500Z,fast,17,870
1221,2026-08-07T12:19:30.093790Z,fast,40,1153
1222,2026-08-07T12:19:30.594441Z,fast,12,1137
1222,2026-08-07T12:19:30.594430Z,slow,44,1166
1222,2026-08-07T12:19:31.093741Z,fast,28,991
1223,2026-08-07T12:19:31.593485Z,fast,50,1481
1223,2026-08-07T12:19:32.094676Z,fast,20,1328
1224,2026-08-07T12:19:32.594482Z,fast,20,1392
1224,2026-08-07T12:19:32.594487Z,slow,34,1390
1224,2026-08-07T12:19:33.094284Z,fast,17,1310
1225,2026-08-07T12:19:33.593582Z,fast,30,963
1225,2026-08-07T12:19:34.095038Z,fast,34,1329
1226,2026-08-07T12:19:34.595574Z,fast,8,729
1226,2026-08-07T12:19:34.595574Z,slow,16,729
1226,2026-08-07T12:19:35.093591Z,fast,21,1310
1227,2026-08-07T12:19:35.593645Z,fast,30,1312
1227,2026-08-07T12:19:36.095054Z,fast,23,1240
1228,2026-08-07T12:19:36.594130Z,fast,25,877
1228,2026-08-07T12:19:36.594130Z,slow,33,877
1228,2026-08-07T12:19:37.093928Z,fast,19,1030
1229,2026-08-07T12:19:37.594670Z,fast,213,1502
1229,2026-08-07T12:19:38.093591Z,fast,22,1571
1230,2026-08-07T12:19:38.593916Z,slow,28,1268
1230,2026-08-07T12:19:38.593900Z,fast,33,1358
1230,2026-08-07T12:19:39.094154Z,fast,12,1351
1231,2026-08-07T12:19:39.595140Z,fast,26,1047
1231,2026-08-07T12:19:40.094004Z,fast,26,1416
1232,2026-08-07T12:19:40.593765Z,fast,21,1109
1232,2026-08-07T12:19:40.593770Z,slow,40,1110
1232,2026-08-07T12:19:41.097309Z,fast,30,1284
1233,2026-08-07T12:19:41.597505Z,fast,23,1502
1233,2026-08-07T12:19:42.094465Z,fast,18,1317
1234,2026-08-07T12:19:42.594947Z,fast,30,1495
1234,2026-08-07T12:19:42.594943Z,slow,31,1120
1234,2026-08-07T12:19:43.093706Z,fast,21,1518
1235,2026-08-07T12:19:43.593602Z,fast,17,1045
1235,2026-08-07T12:19:44.095017Z,fast,13,892
1236,2026-08-07T12:19:44.594904Z,slow,21,1068
1236,2026-08-07T12:19:44.594897Z,fast,24,1135
1236,2026-08-07T12:19:45.097459Z,fast,1,73
1237,2026-08-07T12:19:45.598056Z,fast,3,75
1237,2026-08-07T12:19:46.097821Z,fast,4,75
1238,2026-08-07T12:19:46.596042Z,fast,3,82
1238,2026-08-07T12:19:46.596052Z,slow,4,84
1238,2026-08-07T12:19:47.098579Z,fast,1,63
1239,2026-08-07T12:19:47.598575Z,fast,4,75
1239,2026-08-07T12:19:48.096763Z,fast,3,75
1240,2026-08-07T12:19:48.594624Z,fast,4,84
1240,2026-08-07T12:19:48.594658Z,slow,5,84
1240,2026-08-07T12:19:49.095213Z,fast,1,63
1241,2026-08-07T12:19:49.597552Z,fast,3,73
1241,2026-08-07T12:19:50.096057Z,fast,3,73
1242,2026-08-07T12:19:50.595112Z,fast,3,82
1242,2026-08-07T12:19:50.595113Z,slow,3,82
1242,2026-08-07T12:19:51.094246Z,fast,0,63
1243,2026-08-07T12:19:51.598582Z,fast,3,73
1243,2026-08-07T12:19:52.095399Z,fast,3,73
1244,2026-08-07T12:19:52.595111Z,slow,5,82
1244,2026-08-07T12:19:52.595105Z,fast,5,82
1244,2026-08-07T12:19:53.096009Z,fast,26,1666
1245,2026-08-07T12:19:53.595128Z,fast,3,73
1245,2026-08-07T12:19:54.097128Z,fast,3,73
1246,2026-08-07T12:19:54.598599Z,fast,4,82
1246,2026-08-07T12:19:54.598640Z,slow,4,82
1246,2026-08-07T12:19:55.098589Z,fast,13,435
1247,2026-08-07T12:19:55.598582Z,fast,3,63
1247,2026-08-07T12:19:56.098595Z,fast,3,73
1248,2026-08-07T12:19:56.598593Z,fast,4,82
1248,2026-08-07T12:19:56.598598Z,slow,4,82
1248,2026-08-07T12:19:57.098583Z,fast,3,73
1249,2026-08-07T12:19:57.598605Z,fast,3,63
1249,2026-08-07T12:19:58.098601Z,fast,2,73
1250,2026-08-07T12:19:58.597117Z,fast,4,82
1250,2026-08-07T12:19:58.597125Z,slow,4,82
1250,2026-08-07T12:19:59.098366Z,fast,3,73
1251,2026-08-07T12:19:59.596896Z,fast,3,63
1251,2026-08-07T12:20:00.098586Z,fast,2,73
1252,2026-08-07T12:20:00.598241Z,fast,4,82
1252,2026-08-07T12:20:00.598253Z,slow,4,82
1252,2026-08-07T12:20:01.095434Z,fast,3,73
1253,2026-08-07T12:20:01.598597Z,fast,3,63
1253,2026-08-07T12:20:02.098600Z,fast,4,73
1254,2026-08-07T12:20:02.597332Z,slow,3,82
1254,2026-08-07T12:20:02.597329Z,fast,3,82
1254,2026-08-07T12:20:03.095865Z,fast,2,73
1255,2026-08-07T12:20:03.596056Z,fast,3,63
1255,2026-08-07T12:20:04.095876Z,fast,4,73
1256,2026-08-07T12:20:04.595359Z,fast,4,82
1256,2026-08-07T12:20:04.595361Z,slow,4,82
1256,2026-08-07T12:20:05.095100Z,fast,3,73
1257,2026-08-07T12:20:05.595079Z,fast,3,63
1257,2026-08-07T12:20:06.094830Z,fast,3,73
1258,2026-08-07T12:20:06.594313Z,slow,5,82
1258,2026-08-07T12:20:06.594295Z,fast,5,82
1258,2026-08-07T12:20:07.095574Z,fast,4,73
1259,2026-08-07T12:20:07.596945Z,fast,3,63
1259,2026-08-07T12:20:08.098613Z,fast,3,73
1260,2026-08-07T12:20:08.597231Z,fast,5,82
1260,2026-08-07T12:20:08.597238Z,slow,5,82
1260,2026-08-07T12:20:09.095207Z,fast,3,73
1261,2026-08-07T12:20:09.594383Z,fast,8,943
1261,2026-08-07T12:20:10.094160Z,fast,26,1065
1262,2026-08-07T12:20:10.593556Z,fast,11,1258
1262,2026-08-07T12:20:10.593570Z,slow,20,1270
1262,2026-08-07T12:20:11.096041Z,fast,10,843
1263,2026-08-07T12:20:11.594017Z,fast,8,797
1263,2026-08-07T12:20:12.094747Z,fast,34,1295
1264,2026-08-07T12:20:12.593657Z,slow,29,1102
1264,2026-08-07T12:20:12.593655Z,fast,31,1103
1264,2026-08-07T12:20:13.094374Z,fast,21,1440
1265,2026-08-07T12:20:13.593778Z,fast,47,1483
1265,2026-08-07T12:20:14.094893Z,fast,50,1440
1266,2026-08-07T12:20:14.593919Z,fast,35,1452
1266,2026-08-07T12:20:14.593923Z,slow,48,1460
1266,2026-08-07T12:20:15.094666Z,fast,34,1483
1267,2026-08-07T12:20:15.593773Z,fast,15,1114
1267,2026-08-07T12:20:16.094278Z,fast,50,1496
1268,2026-08-07T12:20:16.594827Z,slow,23,1388
1268,2026-08-07T12:20:16.594825Z,fast,42,1397
1268,2026-08-07T12:20:17.094957Z,fast,37,1387
1269,2026-08-07T12:20:17.594625Z,fast,236,1299
1269,2026-08-07T12:20:18.094648Z,fast,51,1536
1270,2026-08-07T12:20:18.594209Z,fast,27,1331
1270,2026-08-07T12:20:18.594217Z,slow,59,1325
1270,2026-08-07T12:20:19.095608Z,fast,25,1114
1271,2026-08-07T12:20:19.594257Z,fast,34,1066
1271,2026-08-07T12:20:20.093665Z,fast,70,1009
1272,2026-08-07T12:20:20.594884Z,fast,18,751
1272,2026-08-07T12:20:20.594893Z,slow,20,761
1272,2026-08-07T12:20:21.094098Z,fast,109,1024
1273,2026-08-07T12:20:21.593620Z,fast,17,1213
1273,2026-08-07T12:20:22.093802Z,fast,28,1399
1274,2026-08-07T12:20:22.595156Z,fast,51,1272
1274,2026-08-07T12:20:22.595156Z,slow,56,1274
1274,2026-08-07T12:20:23.093715Z,fast,25,1485
1275,2026-08-07T12:20:23.594804Z,fast,25,1207
1275,2026-08-07T12:20:24.094510Z,fast,18,1205
1276,2026-08-07T12:20:24.594245Z,fast,23,1100
1276,2026-08-07T12:20:24.594249Z,slow,24,1232
1276,2026-08-07T12:20:25.093764Z,fast,33,1305
1277,2026-08-07T12:20:25.597574Z,fast,18,1372
1277,2026-08-07T12:20:26.093850Z,fast,41,1149
1278,2026-08-07T12:20:26.594299Z,fast,20,1058
1278,2026-08-07T12:20:26.594359Z,slow,31,1058
1278,2026-08-07T12:20:27.098299Z,fast,16,974
1279,2026-08-07T12:20:27.595244Z,fast,80,1068
1279,2026-08-07T12:20:28.095712Z,fast,42,1458
1280,2026-08-07T12:20:28.595520Z,slow,40,1412
1280,2026-08-07T12:20:28.595517Z,fast,41,1460
1280,2026-08-07T12:20:29.094086Z,fast,99,1647
1281,2026-08-07T12:20:29.594895Z,fast,29,750
1281,2026-08-07T12:20:30.093807Z,fast,32,1387
1282,2026-08-07T12:20:30.596486Z,fast,14,1123
1282,2026-08-07T12:20:30.596493Z,slow,48,1123
1282,2026-08-07T12:20:31.093597Z,fast,57,1055
1283,2026-08-07T12:20:31.594420Z,fast,22,984
1283,2026-08-07T12:20:32.095221Z,fast,27,1237
1284,2026-08-07T12:20:32.594769Z,slow,20,1157
1284,2026-08-07T12:20:32.594766Z,fast,35,1156
1284,2026-08-07T12:20:33.093794Z,fast,35,1511
1285,2026-08-07T12:20:33.593702Z,fast,20,1259
1285,2026-08-07T12:20:34.094994Z,fast,13,1135
1286,2026-08-07T12:20:34.593678Z,slow,29,1506
1286,2026-08-07T12:20:34.593675Z,fast,36,1383
1286,2026-08-07T12:20:35.095836Z,fast,12,857
1287,2026-08-07T12:20:35.594820Z,fast,16,1141
1287,2026-08-07T12:20:36.093596Z,fast,23,1156
1288,2026-08-07T12:20:36.593788Z,slow,45,1548
1288,2026-08-07T12:20:36.593777Z,fast,49,1558
1288,2026-08-07T12:20:37.095024Z,fast,22,1114
1289,2026-08-07T12:20:37.594418Z,fast,54,1564
1289,2026-08-07T12:20:38.093718Z,fast,34,1344
1290,2026-08-07T12:20:38.593621Z,fast,32,1201
1290,2026-08-07T12:20:38.593624Z,slow,36,1189
1290,2026-08-07T12:20:39.093727Z,fast,44,1499
1291,2026-08-07T12:20:39.598384Z,fast,54,1251
1291,2026-08-07T12:20:40.094394Z,fast,56,1593
1292,2026-08-07T12:20:40.594031Z,fast,16,823
1292,2026-08-07T12:20:40.594035Z,slow,18,822
1292,2026-08-07T12:20:41.093797Z,fast,28,1221
1293,2026-08-07T12:20:41.594287Z,fast,25,1594
1293,2026-08-07T12:20:42.093899Z,fast,39,1701
1294,2026-08-07T12:20:42.595230Z,slow,39,1439
1294,2026-08-07T12:20:42.595228Z,fast,56,1430
1294,2026-08-07T12:20:43.094685Z,fast,25,1479
1295,2026-08-07T12:20:43.594203Z,fast,47,1440
1295,2026-08-07T12:20:44.094848Z,fast,50,1549
1296,2026-08-07T12:20:44.594128Z,fast,36,1410
1296,2026-08-07T12:20:44.594142Z,slow,56,1343
1296,2026-08-07T12:20:45.093754Z,fast,17,1235
1297,2026-08-07T12:20:45.593684Z,fast,24,1073
1297,2026-08-07T12:20:46.094432Z,fast,24,1157
1298,2026-08-07T12:20:46.594152Z,fast,11,961
1298,2026-08-07T12:20:46.594155Z,slow,36,963
1298,2026-08-07T12:20:47.093787Z,fast,45,1539
1299,2026-08-07T12:20:47.593609Z,fast,121,1409
1299,2026-08-07T12:20:48.098336Z,fast,68,1355
1300,2026-08-07T12:20:48.595189Z,slow,30,1354
1300,2026-08-07T12:20:48.595184Z,fast,38,990
1300,2026-08-07T12:20:49.097098Z,fast,43,1640
1301,2026-08-07T12:20:49.596030Z,fast,10,841
1301,2026-08-07T12:20:50.093613Z,fast,31,1456
1302,2026-08-07T12:20:50.594484Z,slow,40,1413
1302,2026-08-07T12:20:50.594484Z,fast,56,1470
1302,2026-08-07T12:20:51.093780Z,fast,17,930
1303,2026-08-07T12:20:51.595225Z,fast,34,1681
1303,2026-08-07T12:20:52.094122Z,fast,40,1296
1304,2026-08-07T12:20:52.594595Z,fast,52,1661
1304,2026-08-07T12:20:52.594600Z,slow,65,1670
1304,2026-08-07T12:20:53.093704Z,fast,17,1116
1305,2026-08-07T12:20:53.595245Z,fast,27,1479
1305,2026-08-07T12:20:54.093681Z,fast,27,1136
1306,2026-08-07T12:20:54.594358Z,fast,31,1500
1306,2026-08-07T12:20:54.594363Z,slow,73,1437
1306,2026-08-07T12:20:55.094340Z,fast,18,1548
1307,2026-08-07T12:20:55.595847Z,fast,18,1519
1307,2026-08-07T12:20:56.093790Z,fast,12,1367
1308,2026-08-07T12:20:56.595831Z,fast,23,1360
1308,2026-08-07T12:20:56.595835Z,slow,54,1347
1308,2026-08-07T12:20:57.093643Z,fast,34,1371
1309,2026-08-07T12:20:57.595019Z,fast,26,1048
1309,2026-08-07T12:20:58.095245Z,fast,55,1520
1310,2026-08-07T12:20:58.594342Z,fast,50,1037
1310,2026-08-07T12:20:58.594345Z,slow,73,1115
1310,2026-08-07T12:20:59.094748Z,fast,30,1474
1311,2026-08-07T12:20:59.593846Z,fast,30,1522
1311,2026-08-07T12:21:00.095862Z,fast,46,1429
1312,2026-08-07T12:21:00.595153Z,fast,60,1507
1312,2026-08-07T12:21:00.595163Z,slow,70,1462
1312,2026-08-07T12:21:01.094307Z,fast,24,1246
1313,2026-08-07T12:21:01.595248Z,fast,46,1661
1313,2026-08-07T12:21:02.093899Z,fast,31,1403
1314,2026-08-07T12:21:02.594592Z,slow,56,1592
1314,2026-08-07T12:21:02.594592Z,fast,63,1602
1314,2026-08-07T12:21:03.094640Z,fast,59,1342
1315,2026-08-07T12:21:03.595366Z,fast,18,1314
1315,2026-08-07T12:21:04.093941Z,fast,32,1323
1316,2026-08-07T12:21:04.594990Z,slow,25,1246
1316,2026-08-07T12:21:04.594972Z,fast,44,1325
1316,2026-08-07T12:21:05.095653Z,fast,31,1020
1317,2026-08-07T12:21:05.593873Z,fast,24,1365
1317,2026-08-07T12:21:06.094418Z,fast,34,1298
1318,2026-08-07T12:21:06.593744Z,fast,58,1426
1318,2026-08-07T12:21:06.593745Z,slow,58,1417
1318,2026-08-07T12:21:07.093637Z,fast,45,1484
1319,2026-08-07T12:21:07.594926Z,fast,10,792
1319,2026-08-07T12:21:08.093881Z,fast,47,1537
1320,2026-08-07T12:21:08.594959Z,slow,31,1477
1320,2026-08-07T12:21:08.594959Z,fast,37,1477
1320,2026-08-07T12:21:09.094407Z,fast,20,1124
1321,2026-08-07T12:21:09.593752Z,fast,1,73
1321,2026-08-07T12:21:10.096029Z,fast,3,75
1322,2026-08-07T12:21:10.598693Z,fast,3,84
1322,2026-08-07T12:21:10.598699Z,slow,4,84
1322,2026-08-07T12:21:11.097100Z,fast,4,75
1323,2026-08-07T12:21:11.597121Z,fast,1,63
1323,2026-08-07T12:21:12.098216Z,fast,3,75
1324,2026-08-07T12:21:12.595016Z,fast,5,84
1324,2026-08-07T12:21:12.595016Z,slow,6,84
1324,2026-08-07T12:21:13.096022Z,fast,4,75
1325,2026-08-07T12:21:13.594287Z,fast,0,69
1325,2026-08-07T12:21:14.095888Z,fast,4,79
1326,2026-08-07T12:21:14.596941Z,fast,3,84
1326,2026-08-07T12:21:14.596957Z,slow,3,84
1326,2026-08-07T12:21:15.098720Z,fast,3,75
1327,2026-08-07T12:21:15.595965Z,fast,17,1478
1327,2026-08-07T12:21:16.094355Z,fast,3,73
1328,2026-08-07T12:21:16.595993Z,fast,3,82
1328,2026-08-07T12:21:16.596003Z,slow,4,82
1328,2026-08-07T12:21:17.094133Z,fast,1,73
1329,2026-08-07T12:21:17.595056Z,fast,28,896
1329,2026-08-07T12:21:18.095965Z,fast,3,72
1330,2026-08-07T12:21:18.598582Z,fast,3,82
1330,2026-08-07T12:21:18.598590Z,slow,3,82
1330,2026-08-07T12:21:19.095938Z,fast,1,73
1331,2026-08-07T12:21:19.595127Z,fast,4,73
1331,2026-08-07T12:21:20.095344Z,fast,3,63
1332,2026-08-07T12:21:20.598735Z,fast,4,82
1332,2026-08-07T12:21:20.598738Z,slow,4,82
1332,2026-08-07T12:21:21.096032Z,fast,2,73
1333,2026-08-07T12:21:21.595331Z,fast,3,73
1333,2026-08-07T12:21:22.098721Z,fast,3,63
1334,2026-08-07T12:21:22.598685Z,fast,2,82
1334,2026-08-07T12:21:22.598685Z,slow,2,82
1334,2026-08-07T12:21:23.096222Z,fast,3,73
1335,2026-08-07T12:21:23.595589Z,fast,3,73
1335,2026-08-07T12:21:24.095965Z,fast,3,63
1336,2026-08-07T12:21:24.598398Z,fast,4,82
1336,2026-08-07T12:21:24.598400Z,slow,5,82
1336,2026-08-07T12:21:25.098751Z,fast,4,73
1337,2026-08-07T12:21:25.598720Z,fast,3,73
1337,2026-08-07T12:21:26.097326Z,fast,2,63
1338,2026-08-07T12:21:26.595248Z,fast,6,82
1338,2026-08-07T12:21:26.595288Z,slow,6,82
1338,2026-08-07T12:21:27.098725Z,fast,4,73
1339,2026-08-07T12:21:27.597176Z,fast,3,73
1339,2026-08-07T12:21:28.094957Z,fast,1,63
1340,2026-08-07T12:21:28.597544Z,fast,4,80
1340,2026-08-07T12:21:28.597582Z,slow,5,82
1340,2026-08-07T12:21:29.096377Z,fast,3,73
1341,2026-08-07T12:21:29.597726Z,fast,3,73
1341,2026-08-07T12:21:30.096157Z,fast,1,63
1342,2026-08-07T12:21:30.598733Z,slow,2,82
1342,2026-08-07T12:21:30.598733Z,fast,2,82
1342,2026-08-07T12:21:31.098746Z,fast,2,73
1343,2026-08-07T12:21:31.594778Z,fast,3,73
1343,2026-08-07T12:21:32.095923Z,fast,6,231
1344,2026-08-07T12:21:32.596025Z,fast,2,82
1344,2026-08-07T12:21:32.596025Z,slow,3,82
1344,2026-08-07T12:21:33.098739Z,fast,4,73
1345,2026-08-07T12:21:33.595960Z,fast,2,73
1345,2026-08-07T12:21:34.094989Z,fast,41,1851
1346,2026-08-07T12:21:34.596462Z,fast,4,82
1346,2026-08-07T12:21:34.596462Z,slow,4,82
1346,2026-08-07T12:21:35.094602Z,fast,2,73
1347,2026-08-07T12:21:35.597058Z,fast,2,73
1347,2026-08-07T12:21:36.098559Z,fast,9,175
1348,2026-08-07T12:21:36.593774Z,fast,19,1399
1348,2026-08-07T12:21:36.593786Z,slow,26,1390
1348,2026-08-07T12:21:37.093931Z,fast,12,1012
1349,2026-08-07T12:21:37.594153Z,fast,10,1348
1349,2026-08-07T12:21:38.093878Z,fast,15,1105
1350,2026-08-07T12:21:38.594295Z,fast,13,1128
1350,2026-08-07T12:21:38.594295Z,slow,40,1401
1350,2026-08-07T12:21:39.093676Z,fast,14,1273
1351,2026-08-07T12:21:39.595338Z,fast,17,1507
1351,2026-08-07T12:21:40.094160Z,fast,36,1661
1352,2026-08-07T12:21:40.593915Z,fast,51,1172
1352,2026-08-07T12:21:40.593922Z,slow,54,1163
1352,2026-08-07T12:21:41.094490Z,fast,56,1558
1353,2026-08-07T12:21:41.594788Z,fast,57,1637
1353,2026-08-07T12:21:42.094303Z,fast,47,1267
1354,2026-08-07T12:21:42.594721Z,fast,79,1782
1354,2026-08-07T12:21:42.594726Z,slow,86,1815
1354,2026-08-07T12:21:43.093998Z,fast,22,1049
1355,2026-08-07T12:21:43.594385Z,fast,19,1668
1355,2026-08-07T12:21:44.096062Z,fast,26,1148
1356,2026-08-07T12:21:44.593908Z,fast,101,1631
1356,2026-08-07T12:21:44.593943Z,slow,101,1593
1356,2026-08-07T12:21:45.094605Z,fast,50,1111
1357,2026-08-07T12:21:45.594496Z,fast,24,1491
1357,2026-08-07T12:21:46.096010Z,fast,23,1409
1358,2026-08-07T12:21:46.595127Z,fast,34,1687
1358,2026-08-07T12:21:46.595129Z,slow,39,1519
1358,2026-08-07T12:21:47.094331Z,fast,25,1261
1359,2026-08-07T12:21:47.594429Z,fast,27,1601
1359,2026-08-07T12:21:48.094986Z,fast,40,1488
1360,2026-08-07T12:21:48.593892Z,fast,28,1444
1360,2026-08-07T12:21:48.593892Z,slow,63,1435
1360,2026-08-07T12:21:49.093885Z,fast,14,1212
1361,2026-08-07T12:21:49.594007Z,fast,30,1617
1361,2026-08-07T12:21:50.094266Z,fast,28,1433
1362,2026-08-07T12:21:50.593797Z,fast,29,1791
1362,2026-08-07T12:21:50.593799Z,slow,76,1408
1362,2026-08-07T12:21:51.095669Z,fast,29,1705
1363,2026-08-07T12:21:51.593803Z,fast,27,1180
1363,2026-08-07T12:21:52.094900Z,fast,27,1606
1364,2026-08-07T12:21:52.594986Z,fast,24,1220
1364,2026-08-07T12:21:52.594989Z,slow,73,1310
1364,2026-08-07T12:21:53.093979Z,fast,41,1277
1365,2026-08-07T12:21:53.593855Z,fast,13,1201
1365,2026-08-07T12:21:54.095349Z,fast,12,1385
1366,2026-08-07T12:21:54.594163Z,fast,18,1327
1366,2026-08-07T12:21:54.594169Z,slow,34,1325
1366,2026-08-07T12:21:55.093802Z,fast,31,1326
1367,2026-08-07T12:21:55.594161Z,fast,37,1705
1367,2026-08-07T12:21:56.094449Z,fast,32,1607
1368,2026-08-07T12:21:56.593873Z,fast,31,1588
1368,2026-08-07T12:21:56.593909Z,slow,74,1576
1368,2026-08-07T12:21:57.094006Z,fast,47,1520
1369,2026-08-07T12:21:57.593857Z,fast,42,1564
1369,2026-08-07T12:21:58.094276Z,fast,39,1566
1370,2026-08-07T12:21:58.594939Z,slow,18,1387
1370,2026-08-07T12:21:58.594937Z,fast,30,1396
1370,2026-08-07T12:21:59.093965Z,fast,36,1334
1371,2026-08-07T12:21:59.593925Z,fast,25,1271
1371,2026-08-07T12:22:00.094856Z,fast,22,1297
1372,2026-08-07T12:22:00.593874Z,fast,33,1382
1372,2026-08-07T12:22:00.593874Z,slow,48,1383
1372,2026-08-07T12:22:01.093848Z,fast,10,701
1373,2026-08-07T12:22:01.594522Z,fast,26,1265
1373,2026-08-07T12:22:02.094068Z,fast,15,1117
1374,2026-08-07T12:22:02.594577Z,fast,33,1457
1374,2026-08-07T12:22:02.594620Z,slow,38,1261
1374,2026-08-07T12:22:03.093903Z,fast,29,1316
1375,2026-08-07T12:22:03.595277Z,fast,28,1612
1375,2026-08-07T12:22:04.094089Z,fast,15,1158
1376,2026-08-07T12:22:04.594961Z,fast,40,1386
1376,2026-08-07T12:22:04.594972Z,slow,41,1410
1376,2026-08-07T12:22:05.094335Z,fast,37,1542
1377,2026-08-07T12:22:05.594943Z,fast,33,1409
1377,2026-08-07T12:22:06.094746Z,fast,38,1686
1378,2026-08-07T12:22:06.593839Z,slow,40,1685
1378,2026-08-07T12:22:06.593828Z,fast,40,1645
1378,2026-08-07T12:22:07.094554Z,fast,19,1538
1379,2026-08-07T12:22:07.593932Z,fast,24,1562
1379,2026-08-07T12:22:08.093806Z,fast,38,1634
1380,2026-08-07T12:22:08.595148Z,fast,31,1402
1380,2026-08-07T12:22:08.595156Z,slow,40,1416
1380,2026-08-07T12:22:09.095613Z,fast,34,1380
1381,2026-08-07T12:22:09.593814Z,fast,32,872
1381,2026-08-07T12:22:10.094944Z,fast,46,1191
1382,2026-08-07T12:22:10.596337Z,fast,30,1287
1382,2026-08-07T12:22:10.596340Z,slow,31,1296
1382,2026-08-07T12:22:11.094846Z,fast,21,1486
1383,2026-08-07T12:22:11.594855Z,fast,20,1472
1383,2026-08-07T12:22:12.094880Z,fast,47,1548
1384,2026-08-07T12:22:12.593903Z,fast,29,1549
1384,2026-08-07T12:22:12.593901Z,slow,59,1582
1384,2026-08-07T12:22:13.094680Z,fast,39,1510
1385,2026-08-07T12:22:13.594421Z,fast,39,1779
1385,2026-08-07T12:22:14.094493Z,fast,43,1366
1386,2026-08-07T12:22:14.594474Z,slow,26,1815
1386,2026-08-07T12:22:14.594466Z,fast,61,1813
1386,2026-08-07T12:22:15.095141Z,fast,36,1473
1387,2026-08-07T12:22:15.594547Z,fast,25,1198
1387,2026-08-07T12:22:16.093761Z,fast,21,1685
1388,2026-08-07T12:22:16.594177Z,fast,20,1557
1388,2026-08-07T12:22:16.594178Z,slow,72,1559
1388,2026-08-07T12:22:17.094195Z,fast,27,1287
1389,2026-08-07T12:22:17.594029Z,fast,28,1065
1389,2026-08-07T12:22:18.095090Z,fast,23,1608
1390,2026-08-07T12:22:18.594944Z,slow,38,1111
1390,2026-08-07T12:22:18.594939Z,fast,40,1120
1390,2026-08-07T12:22:19.093774Z,fast,59,1332
1391,2026-08-07T12:22:19.595096Z,fast,13,1294
1391,2026-08-07T12:22:20.095707Z,fast,23,1487
1392,2026-08-07T12:22:20.595079Z,fast,24,1416
1392,2026-08-07T12:22:20.595081Z,slow,55,1417
1392,2026-08-07T12:22:21.093954Z,fast,25,1560
1393,2026-08-07T12:22:21.594379Z,fast,23,1636
1393,2026-08-07T12:22:22.096131Z,fast,40,1538
1394,2026-08-07T12:22:22.595373Z,fast,25,1744
1394,2026-08-07T12:22:22.595386Z,slow,26,1744
1394,2026-08-07T12:22:23.094070Z,fast,32,1463
1395,2026-08-07T12:22:23.594166Z,fast,29,1408
1395,2026-08-07T12:22:24.094730Z,fast,21,1386
1396,2026-08-07T12:22:24.594044Z,fast,33,1307
1396,2026-08-07T12:22:24.594048Z,slow,34,1318
1396,2026-08-07T12:22:25.096427Z,fast,31,1189
1397,2026-08-07T12:22:25.594472Z,fast,40,1507
1397,2026-08-07T12:22:26.093853Z,fast,21,1467
1398,2026-08-07T12:22:26.594199Z,fast,18,1471
1398,2026-08-07T12:22:26.594225Z,slow,30,1564
1398,2026-08-07T12:22:27.094102Z,fast,11,1111
1399,2026-08-07T12:22:27.593879Z,fast,16,1390
1399,2026-08-07T12:22:28.094822Z,fast,25,1130
1400,2026-08-07T12:22:28.595482Z,fast,52,1706
1400,2026-08-07T12:22:28.595495Z,slow,53,1717
1400,2026-08-07T12:22:29.094903Z,fast,15,1415
1401,2026-08-07T12:22:29.594946Z,fast,36,1722
1401,2026-08-07T12:22:30.095933Z,fast,18,1507
1402,2026-08-07T12:22:30.594268Z,slow,21,1354
1402,2026-08-07T12:22:30.594265Z,fast,27,1354
1402,2026-08-07T12:22:31.096004Z,fast,26,1488
1403,2026-08-07T12:22:31.597935Z,fast,16,1291
1403,2026-08-07T12:22:32.094545Z,fast,33,1782
1404,2026-08-07T12:22:32.594983Z,fast,40,1179
1404,2026-08-07T12:22:32.594983Z,slow,46,1179
1404,2026-08-07T12:22:33.094033Z,fast,39,1414
1405,2026-08-07T12:22:33.594048Z,fast,23,1586
1405,2026-08-07T12:22:34.094287Z,fast,13,1094
1406,2026-08-07T12:22:34.594345Z,fast,43,1117
1406,2026-08-07T12:22:34.594348Z,slow,47,1198
1406,2026-08-07T12:22:35.096175Z,fast,309,1745
1407,2026-08-07T12:22:35.595398Z,fast,21,786
1407,2026-08-07T12:22:36.094529Z,fast,44,1370
1408,2026-08-07T12:22:36.598855Z,fast,4,87
1408,2026-08-07T12:22:36.598870Z,slow,7,95
1408,2026-08-07T12:22:37.098808Z,fast,2,86
1409,2026-08-07T12:22:37.598841Z,fast,3,86
1409,2026-08-07T12:22:38.095921Z,fast,2,86
1410,2026-08-07T12:22:38.598819Z,fast,2,70
1410,2026-08-07T12:22:38.598820Z,slow,3,70
1410,2026-08-07T12:22:39.096383Z,fast,4,82
1411,2026-08-07T12:22:39.598846Z,fast,3,82
1411,2026-08-07T12:22:40.095465Z,fast,3,82
1412,2026-08-07T12:22:40.594131Z,fast,4,70
1412,2026-08-07T12:22:40.594131Z,slow,4,70
1412,2026-08-07T12:22:41.095955Z,fast,4,82
1413,2026-08-07T12:22:41.595878Z,fast,4,82
1413,2026-08-07T12:22:42.098860Z,fast,3,82
1414,2026-08-07T12:22:42.598863Z,fast,3,70
1414,2026-08-07T12:22:42.598880Z,slow,3,70
1414,2026-08-07T12:22:43.096118Z,fast,3,71
1415,2026-08-07T12:22:43.596882Z,fast,3,71
1415,2026-08-07T12:22:44.096469Z,fast,3,71
1416,2026-08-07T12:22:44.595697Z,slow,1,67
1416,2026-08-07T12:22:44.595680Z,fast,1,68
1416,2026-08-07T12:22:45.096462Z,fast,3,71
1417,2026-08-07T12:22:45.598875Z,fast,2,71
1417,2026-08-07T12:22:46.094498Z,fast,11,71
1418,2026-08-07T12:22:46.597829Z,fast,26,1725
1418,2026-08-07T12:22:46.597843Z,slow,30,1742
1418,2026-08-07T12:22:47.098636Z,fast,2,71
1419,2026-08-07T12:22:47.597419Z,fast,4,71
1419,2026-08-07T12:22:48.096714Z,fast,3,71
1420,2026-08-07T12:22:48.596282Z,slow,45,1682
1420,2026-08-07T12:22:48.596270Z,fast,45,1719
1420,2026-08-07T12:22:49.096503Z,fast,3,71
1421,2026-08-07T12:22:49.597695Z,fast,2,71
1421,2026-08-07T12:22:50.096525Z,fast,2,71
1422,2026-08-07T12:22:50.595614Z,fast,20,229
1422,2026-08-07T12:22:50.595617Z,slow,24,229
1422,2026-08-07T12:22:51.098869Z,fast,3,70
1423,2026-08-07T12:22:51.597211Z,fast,3,71
1423,2026-08-07T12:22:52.097097Z,fast,2,71
1424,2026-08-07T12:22:52.598856Z,fast,4,80
1424,2026-08-07T12:22:52.598868Z,slow,4,79
1424,2026-08-07T12:22:53.098816Z,fast,2,61
1425,2026-08-07T12:22:53.595435Z,fast,2,71
1425,2026-08-07T12:22:54.095626Z,fast,3,71
1426,2026-08-07T12:22:54.598861Z,fast,3,80
1426,2026-08-07T12:22:54.598861Z,slow,3,80
1426,2026-08-07T12:22:55.097360Z,fast,3,61
1427,2026-08-07T12:22:55.598880Z,fast,3,71
1427,2026-08-07T12:22:56.095480Z,fast,3,71
1428,2026-08-07T12:22:56.596147Z,fast,2,80
1428,2026-08-07T12:22:56.596157Z,slow,2,80
1428,2026-08-07T12:22:57.095670Z,fast,2,57
1429,2026-08-07T12:22:57.597972Z,fast,4,71
1429,2026-08-07T12:22:58.095669Z,fast,3,71
1430,2026-08-07T12:22:58.598858Z,fast,3,78
1430,2026-08-07T12:22:58.598880Z,slow,5,80
1430,2026-08-07T12:22:59.095708Z,fast,32,1722
1431,2026-08-07T12:22:59.596186Z,fast,3,69
1431,2026-08-07T12:23:00.096004Z,fast,4,71
1432,2026-08-07T12:23:00.596735Z,fast,4,80
1432,2026-08-07T12:23:00.596735Z,slow,4,80
1432,2026-08-07T12:23:01.098917Z,fast,2,71
1433,2026-08-07T12:23:01.597913Z,fast,3,59
1433,2026-08-07T12:23:02.098897Z,fast,3,71
1434,2026-08-07T12:23:02.595076Z,fast,5,80
1434,2026-08-07T12:23:02.595181Z,slow,6,80
1434,2026-08-07T12:23:03.098882Z,fast,3,71
1435,2026-08-07T12:23:03.598874Z,fast,3,59
1435,2026-08-07T12:23:04.097151Z,fast,3,71
1436,2026-08-07T12:23:04.595002Z,fast,3,80
1436,2026-08-07T12:23:04.595009Z,slow,3,80
1436,2026-08-07T12:23:05.098852Z,fast,2,71
1437,2026-08-07T12:23:05.594066Z,fast,9,925
1437,2026-08-07T12:23:06.094204Z,fast,17,1052
1438,2026-08-07T12:23:06.594936Z,fast,25,1164
1438,2026-08-07T12:23:06.594939Z,slow,27,1017
1438,2026-08-07T12:23:07.095127Z,fast,6,790
1439,2026-08-07T12:23:07.593856Z,fast,11,1270
1439,2026-08-07T12:23:08.094155Z,fast,9,830
1440,2026-08-07T12:23:08.594034Z,slow,22,1238
1440,2026-08-07T12:23:08.594032Z,fast,23,1329
1440,2026-08-07T12:23:09.094499Z,fast,19,1361
1441,2026-08-07T12:23:09.594976Z,fast,21,1440
1441,2026-08-07T12:23:10.094160Z,fast,126,1398
1442,2026-08-07T12:23:10.594842Z,fast,79,1408
1442,2026-08-07T12:23:10.594869Z,slow,86,1386
1442,2026-08-07T12:23:11.095689Z,fast,76,1403
1443,2026-08-07T12:23:11.594986Z,fast,21,1270
1443,2026-08-07T12:23:12.096051Z,fast,36,1671
1444,2026-08-07T12:23:12.595465Z,fast,12,1167
1444,2026-08-07T12:23:12.595465Z,slow,31,1167
1444,2026-08-07T12:23:13.094317Z,fast,38,1441
1445,2026-08-07T12:23:13.595147Z,fast,31,1528
1445,2026-08-07T12:23:14.095423Z,fast,40,2285
1446,2026-08-07T12:23:14.594626Z,fast,66,1237
1446,2026-08-07T12:23:14.594627Z,slow,66,1246
1446,2026-08-07T12:23:15.094377Z,fast,33,1027
1447,2026-08-07T12:23:15.593837Z,fast,29,1131
1447,2026-08-07T12:23:16.095461Z,fast,19,1090
1448,2026-08-07T12:23:16.594686Z,fast,19,1526
1448,2026-08-07T12:23:16.594693Z,slow,57,1526
1448,2026-08-07T12:23:17.094423Z,fast,36,1291
1449,2026-08-07T12:23:17.598140Z,fast,96,1547
1449,2026-08-07T12:23:18.094266Z,fast,54,1110
1450,2026-08-07T12:23:18.596170Z,fast,37,1361
1450,2026-08-07T12:23:18.596174Z,slow,81,1416
1450,2026-08-07T12:23:19.095262Z,fast,20,1464
1451,2026-08-07T12:23:19.594024Z,fast,25,1315
1451,2026-08-07T12:23:20.095887Z,fast,40,1486
1452,2026-08-07T12:23:20.593896Z,slow,54,809
1452,2026-08-07T12:23:20.593890Z,fast,61,1109
1452,2026-08-07T12:23:21.094917Z,fast,44,1400
1453,2026-08-07T12:23:21.594273Z,fast,32,1544
1453,2026-08-07T12:23:22.093904Z,fast,37,1255
1454,2026-08-07T12:23:22.594138Z,fast,21,1090
1454,2026-08-07T12:23:22.594143Z,slow,51,1092
1454,2026-08-07T12:23:23.094225Z,fast,39,1548
1455,2026-08-07T12:23:23.597055Z,fast,30,1235
1455,2026-08-07T12:23:24.095840Z,fast,26,1206
1456,2026-08-07T12:23:24.593966Z,slow,57,1635
1456,2026-08-07T12:23:24.593958Z,fast,66,1623
1456,2026-08-07T12:23:25.095421Z,fast,26,1522
1457,2026-08-07T12:23:25.594929Z,fast,9,744
1457,2026-08-07T12:23:26.096546Z,fast,50,1506
1458,2026-08-07T12:23:26.595490Z,fast,28,1144
1458,2026-08-07T12:23:26.595495Z,slow,32,1056
1458,2026-08-07T12:23:27.094976Z,fast,39,1397
1459,2026-08-07T12:23:27.594486Z,fast,28,1184
1459,2026-08-07T12:23:28.094131Z,fast,52,1614
1460,2026-08-07T12:23:28.595191Z,fast,51,1267
1460,2026-08-07T12:23:28.595207Z,slow,51,1268
1460,2026-08-07T12:23:29.098868Z,fast,7,589
1461,2026-08-07T12:23:29.594517Z,fast,35,1240
1461,2026-08-07T12:23:30.094872Z,fast,31,950
1462,2026-08-07T12:23:30.595556Z,fast,67,1428
1462,2026-08-07T12:23:30.595565Z,slow,68,1419
1462,2026-08-07T12:23:31.094105Z,fast,42,1012
1463,2026-08-07T12:23:31.595528Z,fast,56,1234
1463,2026-08-07T12:23:32.095574Z,fast,76,1552
1464,2026-08-07T12:23:32.594249Z,slow,37,1406
1464,2026-08-07T12:23:32.594245Z,fast,41,1404
1464,2026-08-07T12:23:33.094673Z,fast,36,1467
1465,2026-08-07T12:23:33.594531Z,fast,50,1321
1465,2026-08-07T12:23:34.094187Z,fast,110,1184
1466,2026-08-07T12:23:34.594727Z,fast,58,998
1466,2026-08-07T12:23:34.594734Z,slow,68,1039
1466,2026-08-07T12:23:35.095880Z,fast,36,1602
1467,2026-08-07T12:23:35.594204Z,fast,18,1157
1467,2026-08-07T12:23:36.094477Z,fast,20,1028
1468,2026-08-07T12:23:36.594528Z,slow,32,1324
1468,2026-08-07T12:23:36.594527Z,fast,49,1324
1468,2026-08-07T12:23:37.096864Z,fast,51,1500
1469,2026-08-07T12:23:37.595340Z,fast,69,1136
1469,2026-08-07T12:23:38.094753Z,fast,249,1608
1470,2026-08-07T12:23:38.595570Z,fast,28,1195
1470,2026-08-07T12:23:38.595581Z,slow,61,1155
1470,2026-08-07T12:23:39.098895Z,fast,11,430
1471,2026-08-07T12:23:39.594066Z,fast,15,1191
1471,2026-08-07T12:23:40.099043Z,fast,21,846
1472,2026-08-07T12:23:40.594465Z,fast,42,1488
1472,2026-08-07T12:23:40.594465Z,slow,53,1486
1472,2026-08-07T12:23:41.096286Z,fast,54,1209
1473,2026-08-07T12:23:41.595517Z,fast,13,1155
1473,2026-08-07T12:23:42.095139Z,fast,27,1155
1474,2026-08-07T12:23:42.594796Z,fast,12,960
1474,2026-08-07T12:23:42.594801Z,slow,27,960
1474,2026-08-07T12:23:43.094200Z,fast,58,1235
1475,2026-08-07T12:23:43.594850Z,fast,10,1418
1475,2026-08-07T12:23:44.095915Z,fast,7,1057
1476,2026-08-07T12:23:44.594465Z,fast,15,1523
1476,2026-08-07T12:23:44.594466Z,slow,40,1525
1476,2026-08-07T12:23:45.094207Z,fast,20,617
1477,2026-08-07T12:23:45.594038Z,fast,9,1028
1477,2026-08-07T12:23:46.094015Z,fast,9,1238
1478,2026-08-07T12:23:46.594817Z,fast,18,1395
1478,2026-08-07T12:23:46.594760Z,slow,33,1311
1478,2026-08-07T12:23:47.094246Z,fast,9,689
1479,2026-08-07T12:23:47.594359Z,fast,6,616
1479,2026-08-07T12:23:48.094321Z,fast,21,1594
1480,2026-08-07T12:23:48.597331Z,fast,51,968
1480,2026-08-07T12:23:48.597331Z,slow,51,987
1480,2026-08-07T12:23:49.094064Z,fast,24,1029
1481,2026-08-07T12:23:49.594890Z,fast,18,1328
1481,2026-08-07T12:23:50.095864Z,fast,18,1418
1482,2026-08-07T12:23:50.594189Z,fast,31,1330
1482,2026-08-07T12:23:50.594189Z,slow,36,1242
1482,2026-08-07T12:23:51.094347Z,fast,29,1137
1483,2026-08-07T12:23:51.593965Z,fast,17,1385
1483,2026-08-07T12:23:52.094793Z,fast,9,1112
1484,2026-08-07T12:23:52.594779Z,fast,7,499
1484,2026-08-07T12:23:52.594785Z,slow,10,499
1484,2026-08-07T12:23:53.094082Z,fast,7,1054
1485,2026-08-07T12:23:53.594249Z,fast,12,1380
1485,2026-08-07T12:23:54.093984Z,fast,10,1235
1486,2026-08-07T12:23:54.594967Z,fast,13,1135
1486,2026-08-07T12:23:54.594982Z,slow,27,1174
1486,2026-08-07T12:23:55.094391Z,fast,8,704
1487,2026-08-07T12:23:55.595517Z,fast,39,1445
1487,2026-08-07T12:23:56.096228Z,fast,14,1052
1488,2026-08-07T12:23:56.595028Z,fast,32,1441
1488,2026-08-07T12:23:56.595028Z,slow,37,1450
1488,2026-08-07T12:23:57.094864Z,fast,13,1052
1489,2026-08-07T12:23:57.594009Z,fast,20,905
1489,2026-08-07T12:23:58.096014Z,fast,36,1007
1490,2026-08-07T12:23:58.593997Z,fast,11,1163
1490,2026-08-07T12:23:58.593997Z,slow,41,1163
1490,2026-08-07T12:23:59.095525Z,fast,26,1339
1491,2026-08-07T12:23:59.594387Z,fast,17,1391
1491,2026-08-07T12:24:00.095372Z,fast,32,1362
1492,2026-08-07T12:24:00.594673Z,fast,18,1284
1492,2026-08-07T12:24:00.594685Z,slow,19,1260
1492,2026-08-07T12:24:01.094635Z,fast,22,1404
1493,2026-08-07T12:24:01.594157Z,fast,13,1315
1493,2026-08-07T12:24:02.096403Z,fast,23,1465
1494,2026-08-07T12:24:02.595925Z,fast,14,800
1494,2026-08-07T12:24:02.595930Z,slow,14,797
1494,2026-08-07T12:24:03.095507Z,fast,9,1031
1495,2026-08-07T12:24:03.594335Z,fast,21,1052
1495,2026-08-07T12:24:04.094984Z,fast,10,980
1496,2026-08-07T12:24:04.594869Z,fast,18,1164
1496,2026-08-07T12:24:04.594869Z,slow,19,1162
1496,2026-08-07T12:24:05.094068Z,fast,22,1190
1497,2026-08-07T12:24:05.597555Z,fast,4,82
1497,2026-08-07T12:24:06.098991Z,fast,4,82
1498,2026-08-07T12:24:06.595080Z,fast,3,89
1498,2026-08-07T12:24:06.595125Z,slow,4,91
1498,2026-08-07T12:24:07.094579Z,fast,3,82
1499,2026-08-07T12:24:07.598976Z,fast,4,59
1499,2026-08-07T12:24:08.096255Z,fast,2,82
1500,2026-08-07T12:24:08.598935Z,fast,3,89
1500,2026-08-07T12:24:08.598940Z,slow,5,91
1500,2026-08-07T12:24:09.095032Z,fast,3,82
1501,2026-08-07T12:24:09.597975Z,fast,1,61
1501,2026-08-07T12:24:10.096356Z,fast,4,82
1502,2026-08-07T12:24:10.594763Z,fast,4,87
1502,2026-08-07T12:24:10.594814Z,slow,5,91
1502,2026-08-07T12:24:11.099002Z,fast,1,82
1503,2026-08-07T12:24:11.595596Z,fast,2,59
1503,2026-08-07T12:24:12.095531Z,fast,3,69
1504,2026-08-07T12:24:12.596583Z,fast,4,78
1504,2026-08-07T12:24:12.596590Z,slow,5,78
1504,2026-08-07T12:24:13.095306Z,fast,3,69
1505,2026-08-07T12:24:13.595786Z,fast,3,61
1505,2026-08-07T12:24:14.098984Z,fast,2,73
1506,2026-08-07T12:24:14.598947Z,fast,3,76
1506,2026-08-07T12:24:14.598947Z,slow,3,78
1506,2026-08-07T12:24:15.096357Z,fast,2,69
1507,2026-08-07T12:24:15.595648Z,fast,1,59
1507,2026-08-07T12:24:16.097715Z,fast,4,69
1508,2026-08-07T12:24:16.595633Z,fast,5,78
1508,2026-08-07T12:24:16.595638Z,slow,7,78
1508,2026-08-07T12:24:17.098773Z,fast,6,69
1509,2026-08-07T12:24:17.599071Z,fast,1,57
1509,2026-08-07T12:24:18.095248Z,fast,2,67
1510,2026-08-07T12:24:18.599029Z,slow,5,76
1510,2026-08-07T12:24:18.599022Z,fast,5,76
1510,2026-08-07T12:24:19.095039Z,fast,4,67
1511,2026-08-07T12:24:19.594536Z,fast,0,43
1511,2026-08-07T12:24:20.097570Z,fast,4,67
1512,2026-08-07T12:24:20.596238Z,fast,3,75
1512,2026-08-07T12:24:20.596245Z,slow,4,76
1512,2026-08-07T12:24:21.098336Z,fast,3,67
1513,2026-08-07T12:24:21.598756Z,fast,26,1409
1513,2026-08-07T12:24:22.094921Z,fast,3,67
1514,2026-08-07T12:24:22.596876Z,fast,4,76
1514,2026-08-07T12:24:22.596879Z,slow,4,76
1514,2026-08-07T12:24:23.099019Z,fast,3,67
1515,2026-08-07T12:24:23.594965Z,fast,37,1233
1515,2026-08-07T12:24:24.094549Z,fast,2,67
1516,2026-08-07T12:24:24.599042Z,fast,3,76
1516,2026-08-07T12:24:24.599044Z,slow,3,76
1516,2026-08-07T12:24:25.095638Z,fast,3,67
1517,2026-08-07T12:24:25.594681Z,fast,4,67
1517,2026-08-07T12:24:26.097600Z,fast,3,57
1518,2026-08-07T12:24:26.597576Z,slow,4,76
1518,2026-08-07T12:24:26.597572Z,fast,5,76
1518,2026-08-07T12:24:27.099026Z,fast,3,67
1519,2026-08-07T12:24:27.596497Z,fast,4,67
1519,2026-08-07T12:24:28.099039Z,fast,2,57
1520,2026-08-07T12:24:28.594252Z,fast,3,76
1520,2026-08-07T12:24:28.594252Z,slow,3,76
1520,2026-08-07T12:24:29.095628Z,fast,3,67
1521,2026-08-07T12:24:29.595102Z,fast,3,67
1521,2026-08-07T12:24:30.099008Z,fast,3,57
1522,2026-08-07T12:24:30.594415Z,slow,2,76
1522,2026-08-07T12:24:30.594411Z,fast,2,76
1522,2026-08-07T12:24:31.099024Z,fast,4,67
1523,2026-08-07T12:24:31.599030Z,fast,2,67
1523,2026-08-07T12:24:32.094909Z,fast,4,57
1524,2026-08-07T12:24:32.599053Z,fast,4,76
1524,2026-08-07T12:24:32.599061Z,slow,4,76
1524,2026-08-07T12:24:33.099025Z,fast,3,67
1525,2026-08-07T12:24:33.596668Z,fast,3,67
1525,2026-08-07T12:24:34.095006Z,fast,2,57
1526,2026-08-07T12:24:34.594684Z,fast,3,76
1526,2026-08-07T12:24:34.594690Z,slow,3,76
1526,2026-08-07T12:24:35.098111Z,fast,3,67
1527,2026-08-07T12:24:35.597789Z,fast,3,67
1527,2026-08-07T12:24:36.095625Z,fast,3,57
1528,2026-08-07T12:24:36.595861Z,fast,3,76
1528,2026-08-07T12:24:36.595875Z,slow,4,76
1528,2026-08-07T12:24:37.094130Z,fast,3,67
1529,2026-08-07T12:24:37.594599Z,fast,3,67
1529,2026-08-07T12:24:38.094405Z,fast,17,1525
1530,2026-08-07T12:24:38.594250Z,fast,19,1234
1530,2026-08-07T12:24:38.594251Z,slow,19,1234
1530,2026-08-07T12:24:39.094069Z,fast,13,884
1531,2026-08-07T12:24:39.594101Z,fast,10,1261
1531,2026-08-07T12:24:40.094820Z,fast,25,1219
1532,2026-08-07T12:24:40.594783Z,fast,10,1107
1532,2026-08-07T12:24:40.594783Z,slow,29,1211
1532,2026-08-07T12:24:41.094073Z,fast,11,997
1533,2026-08-07T12:24:41.594520Z,fast,23,1398
1533,2026-08-07T12:24:42.094723Z,fast,15,961
1534,2026-08-07T12:24:42.595329Z,slow,28,1278
1534,2026-08-07T12:24:42.595327Z,fast,31,1311
1534,2026-08-07T12:24:43.094099Z,fast,11,1397
1535,2026-08-07T12:24:43.594045Z,fast,18,915
1535,2026-08-07T12:24:44.095206Z,fast,7,799
1536,2026-08-07T12:24:44.594153Z,fast,12,1211
1536,2026-08-07T12:24:44.594161Z,slow,26,1213
1536,2026-08-07T12:24:45.094541Z,fast,25,1370
1537,2026-08-07T12:24:45.594129Z,fast,15,1348
1537,2026-08-07T12:24:46.094470Z,fast,10,919
1538,2026-08-07T12:24:46.594149Z,slow,20,1043
1538,2026-08-07T12:24:46.594149Z,fast,22,1030
1538,2026-08-07T12:24:47.094175Z,fast,18,1450
1539,2026-08-07T12:24:47.594071Z,fast,26,1107
1539,2026-08-07T12:24:48.095268Z,fast,13,1022
1540,2026-08-07T12:24:48.594099Z,fast,7,1215
1540,2026-08-07T12:24:48.594111Z,slow,29,1202
1540,2026-08-07T12:24:49.094298Z,fast,8,1172
1541,2026-08-07T12:24:49.594838Z,fast,17,1133
1541,2026-08-07T12:24:50.094999Z,fast,15,987
1542,2026-08-07T12:24:50.594596Z,fast,17,1006
1542,2026-08-07T12:24:50.594605Z,slow,17,1005
1542,2026-08-07T12:24:51.094662Z,fast,18,1465
1543,2026-08-07T12:24:51.596485Z,fast,34,1441
1543,2026-08-07T12:24:52.096664Z,fast,25,1577
1544,2026-08-07T12:24:52.594226Z,fast,43,1291
1544,2026-08-07T12:24:52.594229Z,slow,63,1243
1544,2026-08-07T12:24:53.094317Z,fast,9,1022
1545,2026-08-07T12:24:53.594278Z,fast,11,1320
1545,2026-08-07T12:24:54.094314Z,fast,37,1551
1546,2026-08-07T12:24:54.594116Z,fast,30,1434
1546,2026-08-07T12:24:54.594116Z,slow,32,1422
1546,2026-08-07T12:24:55.094049Z,fast,14,1268
1547,2026-08-07T12:24:55.594108Z,fast,4,355
1547,2026-08-07T12:24:56.095207Z,fast,11,1166
1548,2026-08-07T12:24:56.595339Z,fast,12,910
1548,2026-08-07T12:24:56.595343Z,slow,36,827
1548,2026-08-07T12:24:57.094661Z,fast,19,1579
1549,2026-08-07T12:24:57.595328Z,fast,8,1134
1549,2026-08-07T12:24:58.094527Z,fast,8,1091
1550,2026-08-07T12:24:58.595170Z,slow,15,1467
1550,2026-08-07T12:24:58.595166Z,fast,27,1565
1550,2026-08-07T12:24:59.094281Z,fast,24,1132
1551,2026-08-07T12:24:59.594587Z,fast,18,1441
1551,2026-08-07T12:25:00.094158Z,fast,22,1196
1552,2026-08-07T12:25:00.594302Z,fast,31,1484
1552,2026-08-07T12:25:00.594304Z,slow,38,1508
1552,2026-08-07T12:25:01.094094Z,fast,8,1108
1553,2026-08-07T12:25:01.596029Z,fast,5,577
1553,2026-08-07T12:25:02.095Z,fast,28,1217
1554,2026-08-07T12:25:02.594207Z,slow,26,926
1554,2026-08-07T12:25:02.594207Z,fast,26,926
1554,2026-08-07T12:25:03.094018Z,fast,6,1150
1555,2026-08-07T12:25:03.595609Z,fast,12,1249
1555,2026-08-07T12:25:04.096332Z,fast,14,1021
1556,2026-08-07T12:25:04.594423Z,fast,18,1033
1556,2026-08-07T12:25:04.594423Z,slow,28,1032
1556,2026-08-07T12:25:05.094093Z,fast,4,594
1557,2026-08-07T12:25:05.594023Z,fast,5,986
1557,2026-08-07T12:25:06.094229Z,fast,17,1147
1558,2026-08-07T12:25:06.594137Z,slow,14,1412
1558,2026-08-07T12:25:06.594137Z,fast,19,1309
1558,2026-08-07T12:25:07.095646Z,fast,8,1111
1559,2026-08-07T12:25:07.594457Z,fast,15,1053
1559,2026-08-07T12:25:08.095289Z,fast,61,1515
1560,2026-08-07T12:25:08.597385Z,slow,37,899
1560,2026-08-07T12:25:08.597325Z,fast,38,1087
1560,2026-08-07T12:25:09.097361Z,fast,12,1551
1561,2026-08-07T12:25:09.594463Z,fast,9,886
1561,2026-08-07T12:25:10.094054Z,fast,6,1139
1562,2026-08-07T12:25:10.594307Z,fast,14,1218
1562,2026-08-07T12:25:10.594307Z,slow,17,1141
1562,2026-08-07T12:25:11.094048Z,fast,20,1021
1563,2026-08-07T12:25:11.594566Z,fast,7,928
1563,2026-08-07T12:25:12.094023Z,fast,13,1121
1564,2026-08-07T12:25:12.594833Z,fast,10,1549
1564,2026-08-07T12:25:12.594836Z,slow,29,1475
1564,2026-08-07T12:25:13.096104Z,fast,5,1022
1565,2026-08-07T12:25:13.595370Z,fast,30,1279
1565,2026-08-07T12:25:14.095544Z,fast,35,1630
1566,2026-08-07T12:25:14.594404Z,slow,15,1049
1566,2026-08-07T12:25:14.594404Z,fast,20,1049
1566,2026-08-07T12:25:15.094804Z,fast,10,1134
1567,2026-08-07T12:25:15.595672Z,fast,12,801
1567,2026-08-07T12:25:16.094579Z,fast,21,1311
1568,2026-08-07T12:25:16.595434Z,fast,15,849
1568,2026-08-07T12:25:16.595465Z,slow,32,850
1568,2026-08-07T12:25:17.095188Z,fast,16,1132
1569,2026-08-07T12:25:17.594807Z,fast,7,799
1569,2026-08-07T12:25:18.094792Z,fast,10,1189
1570,2026-08-07T12:25:18.594918Z,fast,20,1224
1570,2026-08-07T12:25:18.594918Z,slow,21,1224
1570,2026-08-07T12:25:19.094474Z,fast,7,995
1571,2026-08-07T12:25:19.596972Z,fast,4,730
1571,2026-08-07T12:25:20.095743Z,fast,15,1276
1572,2026-08-07T12:25:20.594384Z,fast,8,910
1572,2026-08-07T12:25:20.594383Z,slow,22,919
1572,2026-08-07T12:25:21.094187Z,fast,10,911
1573,2026-08-07T12:25:21.594866Z,fast,6,953
1573,2026-08-07T12:25:22.095348Z,fast,18,1021
1574,2026-08-07T12:25:22.594850Z,fast,19,1278
1574,2026-08-07T12:25:22.594873Z,slow,23,1278
1574,2026-08-07T12:25:23.094477Z,fast,13,986
1575,2026-08-07T12:25:23.594059Z,fast,11,913
1575,2026-08-07T12:25:24.094739Z,fast,9,1132
1576,2026-08-07T12:25:24.594294Z,fast,21,1176
1576,2026-08-07T12:25:24.594294Z,slow,22,1149
1576,2026-08-07T12:25:25.095392Z,fast,19,1242
1577,2026-08-07T12:25:25.594826Z,fast,37,1361
1577,2026-08-07T12:25:26.095306Z,fast,21,1306
1578,2026-08-07T12:25:26.594535Z,fast,17,995
1578,2026-08-07T12:25:26.594539Z,slow,21,1115
1578,2026-08-07T12:25:27.094348Z,fast,28,1132
1579,2026-08-07T12:25:27.594642Z,fast,55,1368
1579,2026-08-07T12:25:28.095158Z,fast,31,1408
1580,2026-08-07T12:25:28.594170Z,fast,29,1085
1580,2026-08-07T12:25:28.594170Z,slow,29,1070
1580,2026-08-07T12:25:29.094253Z,fast,15,1243
1581,2026-08-07T12:25:29.595816Z,fast,9,1023
1581,2026-08-07T12:25:30.094053Z,fast,12,1277
1582,2026-08-07T12:25:30.594469Z,fast,9,586
1582,2026-08-07T12:25:30.594469Z,slow,9,584
1582,2026-08-07T12:25:31.094792Z,fast,7,1136
1583,2026-08-07T12:25:31.594221Z,fast,16,1243
1583,2026-08-07T12:25:32.094378Z,fast,7,688
1584,2026-08-07T12:25:32.595527Z,slow,28,1021
1584,2026-08-07T12:25:32.595527Z,fast,33,1141
1584,2026-08-07T12:25:33.094621Z,fast,17,1350
1585,2026-08-07T12:25:33.594754Z,fast,7,996
1585,2026-08-07T12:25:34.096863Z,fast,28,1608
1586,2026-08-07T12:25:34.594479Z,fast,7,1054
1586,2026-08-07T12:25:34.594479Z,slow,25,1065
1586,2026-08-07T12:25:35.094773Z,fast,4,680
1587,2026-08-07T12:25:35.595177Z,fast,6,970
1587,2026-08-07T12:25:36.094145Z,fast,5,1220
1588,2026-08-07T12:25:36.594792Z,fast,25,1252
1588,2026-08-07T12:25:36.594796Z,slow,27,1252
1588,2026-08-07T12:25:37.094791Z,fast,14,1191
1589,2026-08-07T12:25:37.594270Z,fast,7,1000
1589,2026-08-07T12:25:38.094303Z,fast,4,55
1590,2026-08-07T12:25:38.594282Z,fast,14,85
1590,2026-08-07T12:25:38.594298Z,slow,14,87
1590,2026-08-07T12:25:39.095729Z,fast,5,80
1591,2026-08-07T12:25:39.598988Z,fast,3,80
1591,2026-08-07T12:25:40.095715Z,fast,73,2196
1592,2026-08-07T12:25:40.594442Z,fast,3,89
1592,2026-08-07T12:25:40.594442Z,slow,4,87
1592,2026-08-07T12:25:41.096787Z,fast,3,80
1593,2026-08-07T12:25:41.598837Z,fast,3,80
1593,2026-08-07T12:25:42.098130Z,fast,3,80
1594,2026-08-07T12:25:42.595555Z,fast,3,65
1594,2026-08-07T12:25:42.595554Z,slow,3,66
1594,2026-08-07T12:25:43.094491Z,fast,4,78
1595,2026-08-07T12:25:43.599167Z,fast,3,78
1595,2026-08-07T12:25:44.099033Z,fast,3,78
1596,2026-08-07T12:25:44.599157Z,fast,3,66
1596,2026-08-07T12:25:44.599169Z,slow,4,66
1596,2026-08-07T12:25:45.099146Z,fast,3,67
1597,2026-08-07T12:25:45.599001Z,fast,3,67
1597,2026-08-07T12:25:46.099154Z,fast,3,67
1598,2026-08-07T12:25:46.599026Z,fast,3,62
1598,2026-08-07T12:25:46.599043Z,slow,3,64
1598,2026-08-07T12:25:47.098627Z,fast,3,67
1599,2026-08-07T12:25:47.599001Z,fast,2,67
1599,2026-08-07T12:25:48.094555Z,fast,1,67
1600,2026-08-07T12:25:48.598992Z,fast,2,66
1600,2026-08-07T12:25:48.598993Z,slow,3,66
1600,2026-08-07T12:25:49.099160Z,fast,3,67
1601,2026-08-07T12:25:49.594465Z,fast,2,67
1601,2026-08-07T12:25:50.095736Z,fast,1,67
1602,2026-08-07T12:25:50.598984Z,slow,3,66
1602,2026-08-07T12:25:50.598977Z,fast,3,66
1602,2026-08-07T12:25:51.099145Z,fast,3,67
1603,2026-08-07T12:25:51.598017Z,fast,3,67
1603,2026-08-07T12:25:52.095754Z,fast,1,67
1604,2026-08-07T12:25:52.599128Z,fast,2,66
1604,2026-08-07T12:25:52.599128Z,slow,3,66
1604,2026-08-07T12:25:53.097804Z,fast,2,67
1605,2026-08-07T12:25:53.596544Z,fast,2,67
1605,2026-08-07T12:25:54.099128Z,fast,3,67
1606,2026-08-07T12:25:54.599145Z,fast,1,64
1606,2026-08-07T12:25:54.599157Z,slow,2,66
1606,2026-08-07T12:25:55.099165Z,fast,4,67
1607,2026-08-07T12:25:55.598108Z,fast,3,67
1607,2026-08-07T12:25:56.094887Z,fast,3,67
1608,2026-08-07T12:25:56.594842Z,fast,1,66
1608,2026-08-07T12:25:56.594842Z,slow,2,66
1608,2026-08-07T12:25:57.099186Z,fast,4,67
1609,2026-08-07T12:25:57.599031Z,fast,3,67
1609,2026-08-07T12:25:58.096854Z,fast,1,67
1610,2026-08-07T12:25:58.599020Z,fast,1,66
1610,2026-08-07T12:25:58.599022Z,slow,1,66
1610,2026-08-07T12:25:59.095748Z,fast,3,67
1611,2026-08-07T12:25:59.598377Z,fast,3,67
1611,2026-08-07T12:26:00.096576Z,fast,2,67
1612,2026-08-07T12:26:00.595600Z,fast,0,66
1612,2026-08-07T12:26:00.595604Z,slow,1,66
1612,2026-08-07T12:26:01.099172Z,fast,4,67
1613,2026-08-07T12:26:01.599014Z,fast,3,67
1613,2026-08-07T12:26:02.099186Z,fast,3,67
1614,2026-08-07T12:26:02.595733Z,slow,22,1699
1614,2026-08-07T12:26:02.595732Z,fast,26,1806
1614,2026-08-07T12:26:03.097844Z,fast,3,67
1615,2026-08-07T12:26:03.599011Z,fast,4,67
1615,2026-08-07T12:26:04.096599Z,fast,3,67
1616,2026-08-07T12:26:04.599145Z,fast,43,1102
1616,2026-08-07T12:26:04.599179Z,slow,47,1102
1616,2026-08-07T12:26:05.098971Z,fast,3,57
1617,2026-08-07T12:26:05.598164Z,fast,3,67
1617,2026-08-07T12:26:06.097760Z,fast,4,67
1618,2026-08-07T12:26:06.597291Z,fast,3,76
1618,2026-08-07T12:26:06.597301Z,slow,3,76
1618,2026-08-07T12:26:07.096078Z,fast,3,55
1619,2026-08-07T12:26:07.598967Z,fast,3,67
1619,2026-08-07T12:26:08.096238Z,fast,1,67
1620,2026-08-07T12:26:08.598960Z,fast,3,76
1620,2026-08-07T12:26:08.598974Z,slow,3,74
1620,2026-08-07T12:26:09.099188Z,fast,3,57
1621,2026-08-07T12:26:09.598966Z,fast,4,69
1621,2026-08-07T12:26:10.096309Z,fast,3,69
1622,2026-08-07T12:26:10.598983Z,fast,1,78
1622,2026-08-07T12:26:10.598983Z,slow,1,78
1622,2026-08-07T12:26:11.094366Z,fast,8,1057
1623,2026-08-07T12:26:11.598124Z,fast,67,712
1623,2026-08-07T12:26:12.094766Z,fast,12,1233
1624,2026-08-07T12:26:12.595488Z,fast,44,1058
1624,2026-08-07T12:26:12.595492Z,slow,51,1125
1624,2026-08-07T12:26:13.094282Z,fast,29,1234
1625,2026-08-07T12:26:13.594205Z,fast,23,1172
1625,2026-08-07T12:26:14.094396Z,fast,10,1292
1626,2026-08-07T12:26:14.594378Z,slow,20,1893
1626,2026-08-07T12:26:14.594377Z,fast,22,1903
1626,2026-08-07T12:26:15.094440Z,fast,9,1146
1627,2026-08-07T12:26:15.595716Z,fast,30,1483
1627,2026-08-07T12:26:16.094771Z,fast,9,578
1628,2026-08-07T12:26:16.595743Z,fast,33,1641
1628,2026-08-07T12:26:16.595743Z,slow,37,1632
1628,2026-08-07T12:26:17.096909Z,fast,47,1398
1629,2026-08-07T12:26:17.595567Z,fast,30,1575
1629,2026-08-07T12:26:18.094170Z,fast,87,1499
1630,2026-08-07T12:26:18.594373Z,fast,20,866
1630,2026-08-07T12:26:18.594391Z,slow,20,1000
1630,2026-08-07T12:26:19.094363Z,fast,14,1069
1631,2026-08-07T12:26:19.594348Z,fast,28,697
1631,2026-08-07T12:26:20.094889Z,fast,23,1287
1632,2026-08-07T12:26:20.596101Z,fast,18,1009
1632,2026-08-07T12:26:20.596105Z,slow,27,1009
1632,2026-08-07T12:26:21.095014Z,fast,12,943
1633,2026-08-07T12:26:21.594239Z,fast,28,1572
1633,2026-08-07T12:26:22.095193Z,fast,33,1433
1634,2026-08-07T12:26:22.594490Z,fast,17,1057
1634,2026-08-07T12:26:22.594490Z,slow,17,1066
1634,2026-08-07T12:26:23.094666Z,fast,38,1524
1635,2026-08-07T12:26:23.595016Z,fast,23,1101
1635,2026-08-07T12:26:24.095485Z,fast,45,1403
1636,2026-08-07T12:26:24.594287Z,fast,24,1031
1636,2026-08-07T12:26:24.594293Z,slow,52,1041
1636,2026-08-07T12:26:25.095425Z,fast,17,942
1637,2026-08-07T12:26:25.594820Z,fast,18,1749
1637,2026-08-07T12:26:26.096635Z,fast,24,1529
1638,2026-08-07T12:26:26.594165Z,fast,38,1387
1638,2026-08-07T12:26:26.594180Z,slow,43,1397
1638,2026-08-07T12:26:27.097468Z,fast,20,1290
1639,2026-08-07T12:26:27.595320Z,fast,17,1287
1639,2026-08-07T12:26:28.094712Z,fast,49,1684
1640,2026-08-07T12:26:28.594473Z,fast,17,1388
1640,2026-08-07T12:26:28.594480Z,slow,44,1388
1640,2026-08-07T12:26:29.095767Z,fast,10,1145
1641,2026-08-07T12:26:29.595613Z,fast,19,942
1641,2026-08-07T12:26:30.094790Z,fast,21,1273
1642,2026-08-07T12:26:30.594188Z,fast,14,1311
1642,2026-08-07T12:26:30.594188Z,slow,25,1311
1642,2026-08-07T12:26:31.095561Z,fast,11,1287
1643,2026-08-07T12:26:31.594311Z,fast,17,1069
1643,2026-08-07T12:26:32.094728Z,fast,31,1172
1644,2026-08-07T12:26:32.594281Z,fast,24,1429
1644,2026-08-07T12:26:32.594281Z,slow,42,1448
1644,2026-08-07T12:26:33.094485Z,fast,14,1633
1645,2026-08-07T12:26:33.596646Z,fast,8,942
1645,2026-08-07T12:26:34.094708Z,fast,18,1205
1646,2026-08-07T12:26:34.595436Z,fast,32,1367
1646,2026-08-07T12:26:34.595494Z,slow,36,1398
1646,2026-08-07T12:26:35.095784Z,fast,21,1567
1647,2026-08-07T12:26:35.594702Z,fast,16,1172
1647,2026-08-07T12:26:36.095249Z,fast,58,1335
1648,2026-08-07T12:26:36.594712Z,fast,67,1182
1648,2026-08-07T12:26:36.594757Z,slow,69,1175
1648,2026-08-07T12:26:37.096489Z,fast,10,978
1649,2026-08-07T12:26:37.594504Z,fast,17,1290
1649,2026-08-07T12:26:38.094482Z,fast,14,831
1650,2026-08-07T12:26:38.594461Z,fast,19,1223
1650,2026-08-07T12:26:38.594468Z,slow,29,1241
1650,2026-08-07T12:26:39.095486Z,fast,13,1172
1651,2026-08-07T12:26:39.594391Z,fast,15,1235
1651,2026-08-07T12:26:40.094362Z,fast,10,905
1652,2026-08-07T12:26:40.596169Z,fast,16,1295
1652,2026-08-07T12:26:40.596171Z,slow,26,1297
1652,2026-08-07T12:26:41.094383Z,fast,12,1116
1653,2026-08-07T12:26:41.594798Z,fast,18,1520
1653,2026-08-07T12:26:42.095347Z,fast,13,1057
1654,2026-08-07T12:26:42.594346Z,fast,34,1301
1654,2026-08-07T12:26:42.594348Z,slow,37,1270
1654,2026-08-07T12:26:43.094882Z,fast,11,1179
1655,2026-08-07T12:26:43.597292Z,fast,29,1260
1655,2026-08-07T12:26:44.094508Z,fast,16,1440
1656,2026-08-07T12:26:44.595183Z,fast,22,1126
1656,2026-08-07T12:26:44.595184Z,slow,26,1124
1656,2026-08-07T12:26:45.095180Z,fast,16,1097
1657,2026-08-07T12:26:45.594653Z,fast,10,1380
1657,2026-08-07T12:26:46.095087Z,fast,17,1118
1658,2026-08-07T12:26:46.598250Z,fast,116,1533
1658,2026-08-07T12:26:46.598271Z,slow,116,1542
1658,2026-08-07T12:26:47.094341Z,fast,11,801
1659,2026-08-07T12:26:47.594798Z,fast,12,1307
1659,2026-08-07T12:26:48.094812Z,fast,77,438
1660,2026-08-07T12:26:48.595510Z,fast,33,1377
1660,2026-08-07T12:26:48.595518Z,slow,51,1386
1660,2026-08-07T12:26:49.095974Z,fast,9,1288
1661,2026-08-07T12:26:49.596661Z,fast,12,1172
1661,2026-08-07T12:26:50.094399Z,fast,12,1259
1662,2026-08-07T12:26:50.594583Z,fast,26,1262
1662,2026-08-07T12:26:50.594591Z,slow,28,1217
1662,2026-08-07T12:26:51.094658Z,fast,18,1088
1663,2026-08-07T12:26:51.595809Z,fast,20,1482
1663,2026-08-07T12:26:52.096435Z,fast,10,886
1664,2026-08-07T12:26:52.594539Z,slow,26,1218
1664,2026-08-07T12:26:52.594539Z,fast,27,1216
1664,2026-08-07T12:26:53.095271Z,fast,26,1633
1665,2026-08-07T12:26:53.594726Z,fast,10,990
1665,2026-08-07T12:26:54.094407Z,fast,10,886
1666,2026-08-07T12:26:54.596356Z,fast,31,1049
1666,2026-08-07T12:26:54.596355Z,slow,37,1395
1666,2026-08-07T12:26:55.094379Z,fast,15,1146
1667,2026-08-07T12:26:55.595304Z,fast,25,995
1667,2026-08-07T12:26:56.094199Z,fast,11,886
1668,2026-08-07T12:26:56.595514Z,fast,15,1090
1668,2026-08-07T12:26:56.595515Z,slow,36,1066
1668,2026-08-07T12:26:57.095297Z,fast,12,1059
1669,2026-08-07T12:26:57.595874Z,fast,32,1470
1669,2026-08-07T12:26:58.094303Z,fast,19,1293
1670,2026-08-07T12:26:58.595493Z,fast,12,1101
1670,2026-08-07T12:26:58.595494Z,slow,17,1115
1670,2026-08-07T12:26:59.094293Z,fast,10,1062
1671,2026-08-07T12:26:59.594210Z,fast,14,370
1671,2026-08-07T12:27:00.094689Z,fast,10,1321
1672,2026-08-07T12:27:00.595535Z,fast,17,1360
1672,2026-08-07T12:27:00.595547Z,slow,19,1226
1672,2026-08-07T12:27:01.094663Z,fast,10,1146
1673,2026-08-07T12:27:01.595655Z,fast,13,1283
1673,2026-08-07T12:27:02.095006Z,fast,19,1610
1674,2026-08-07T12:27:02.595098Z,fast,14,1233
1674,2026-08-07T12:27:02.595103Z,slow,24,1311
1674,2026-08-07T12:27:03.094438Z,fast,11,1063
1675,2026-08-07T12:27:03.594244Z,fast,14,1149
1675,2026-08-07T12:27:04.094702Z,fast,17,1577
1676,2026-08-07T12:27:04.594803Z,fast,7,1010
1676,2026-08-07T12:27:04.594808Z,slow,40,1010
1676,2026-08-07T12:27:05.094914Z,fast,12,1413
1677,2026-08-07T12:27:05.594382Z,fast,10,1092
1677,2026-08-07T12:27:06.096531Z,fast,13,1287
1678,2026-08-07T12:27:06.595327Z,slow,15,1202
1678,2026-08-07T12:27:06.595297Z,fast,15,1298
1678,2026-08-07T12:27:07.094507Z,fast,19,1287
1679,2026-08-07T12:27:07.595672Z,fast,27,1163
1679,2026-08-07T12:27:08.094251Z,fast,16,992
1680,2026-08-07T12:27:08.594955Z,fast,14,1108
1680,2026-08-07T12:27:08.595016Z,slow,30,1097
1680,2026-08-07T12:27:09.096887Z,fast,9,1084
1681,2026-08-07T12:27:09.594305Z,fast,30,1231
1681,2026-08-07T12:27:10.094387Z,fast,17,1444
1682,2026-08-07T12:27:10.594426Z,slow,19,1059
1682,2026-08-07T12:27:10.594424Z,fast,21,1059
1682,2026-08-07T12:27:11.099263Z,fast,2,80
1683,2026-08-07T12:27:11.598240Z,fast,3,80
1683,2026-08-07T12:27:12.098949Z,fast,5,80
1684,2026-08-07T12:27:12.595778Z,fast,4,87
1684,2026-08-07T12:27:12.595920Z,slow,4,89
1684,2026-08-07T12:27:13.098875Z,fast,3,57
1685,2026-08-07T12:27:13.595903Z,fast,4,80
1685,2026-08-07T12:27:14.098428Z,fast,4,84
1686,2026-08-07T12:27:14.599460Z,fast,7,93
1686,2026-08-07T12:27:14.599450Z,slow,8,91
1686,2026-08-07T12:27:15.098630Z,fast,1,57
1687,2026-08-07T12:27:15.595521Z,fast,3,78
1687,2026-08-07T12:27:16.099293Z,fast,3,78
1688,2026-08-07T12:27:16.595199Z,fast,4,85
1688,2026-08-07T12:27:16.595225Z,slow,4,87
1688,2026-08-07T12:27:17.095442Z,fast,23,1858
1689,2026-08-07T12:27:17.599250Z,fast,1,65
1689,2026-08-07T12:27:18.098823Z,fast,1,65
1690,2026-08-07T12:27:18.598876Z,fast,2,74
1690,2026-08-07T12:27:18.598876Z,slow,2,74
1690,2026-08-07T12:27:19.096596Z,fast,38,1796
1691,2026-08-07T12:27:19.596131Z,fast,3,65
1691,2026-08-07T12:27:20.098886Z,fast,3,65
1692,2026-08-07T12:27:20.595589Z,fast,1,74
1692,2026-08-07T12:27:20.595592Z,slow,1,74
1692,2026-08-07T12:27:21.098400Z,fast,3,65
1693,2026-08-07T12:27:21.595780Z,fast,3,55
1693,2026-08-07T12:27:22.098861Z,fast,2,65
1694,2026-08-07T12:27:22.595990Z,fast,4,74
1694,2026-08-07T12:27:22.596210Z,slow,4,74
1694,2026-08-07T12:27:23.096912Z,fast,7,65
1695,2026-08-07T12:27:23.598087Z,fast,3,55
1695,2026-08-07T12:27:24.095660Z,fast,3,65
1696,2026-08-07T12:27:24.598861Z,slow,3,74
1696,2026-08-07T12:27:24.598853Z,fast,3,74
1696,2026-08-07T12:27:25.096351Z,fast,3,65
1697,2026-08-07T12:27:25.598376Z,fast,3,55
1697,2026-08-07T12:27:26.095649Z,fast,2,65
1698,2026-08-07T12:27:26.595262Z,fast,3,74
1698,2026-08-07T12:27:26.595262Z,slow,4,74
1698,2026-08-07T12:27:27.098887Z,fast,3,65
1699,2026-08-07T12:27:27.598307Z,fast,3,55
1699,2026-08-07T12:27:28.095339Z,fast,2,65
1700,2026-08-07T12:27:28.595747Z,fast,4,72
1700,2026-08-07T12:27:28.595804Z,slow,6,74
1700,2026-08-07T12:27:29.099196Z,fast,3,65
1701,2026-08-07T12:27:29.599294Z,fast,3,55
1701,2026-08-07T12:27:30.095228Z,fast,4,65
1702,2026-08-07T12:27:30.595734Z,fast,4,74
1702,2026-08-07T12:27:30.595810Z,slow,5,74
1702,2026-08-07T12:27:31.099342Z,fast,2,65
1703,2026-08-07T12:27:31.599262Z,fast,1,55
1703,2026-08-07T12:27:32.098872Z,fast,2,65
1704,2026-08-07T12:27:32.598726Z,slow,3,74
1704,2026-08-07T12:27:32.598712Z,fast,3,74
1704,2026-08-07T12:27:33.095188Z,fast,2,65
1705,2026-08-07T12:27:33.595629Z,fast,2,55
1705,2026-08-07T12:27:34.095655Z,fast,2,65
1706,2026-08-07T12:27:34.595873Z,fast,2,74
1706,2026-08-07T12:27:34.595879Z,slow,3,74
1706,2026-08-07T12:27:35.094941Z,fast,2,65
1707,2026-08-07T12:27:35.596593Z,fast,1,55
1707,2026-08-07T12:27:36.097458Z,fast,3,65
1708,2026-08-07T12:27:36.594688Z,fast,4,74
1708,2026-08-07T12:27:36.594760Z,slow,4,74
1708,2026-08-07T12:27:37.098346Z,fast,2,65
1709,2026-08-07T12:27:37.595623Z,fast,1,55
1709,2026-08-07T12:27:38.095686Z,fast,2,65
1710,2026-08-07T12:27:38.595717Z,fast,3,74
1710,2026-08-07T12:27:38.595729Z,slow,4,74
1710,2026-08-07T12:27:39.094353Z,fast,5,65
1711,2026-08-07T12:27:39.598361Z,fast,82,1774
1711,2026-08-07T12:27:40.095482Z,fast,3,65
1712,2026-08-07T12:27:40.599310Z,fast,3,66
1712,2026-08-07T12:27:40.599350Z,slow,5,74
1712,2026-08-07T12:27:41.098960Z,fast,4,65
1713,2026-08-07T12:27:41.598927Z,fast,6,65
1713,2026-08-07T12:27:42.098880Z,fast,3,53
1714,2026-08-07T12:27:42.597243Z,fast,4,73
1714,2026-08-07T12:27:42.597246Z,slow,5,74
1714,2026-08-07T12:27:43.098848Z,fast,3,65
1715,2026-08-07T12:27:43.598297Z,fast,2,65
1715,2026-08-07T12:27:44.095657Z,fast,2,55
1716,2026-08-07T12:27:44.595633Z,slow,3,72
1716,2026-08-07T12:27:44.595633Z,fast,3,74
1716,2026-08-07T12:27:45.098851Z,fast,3,65
1717,2026-08-07T12:27:45.595642Z,fast,3,65
1717,2026-08-07T12:27:46.098829Z,fast,2,55
1718,2026-08-07T12:27:46.596424Z,fast,3,74
1718,2026-08-07T12:27:46.596440Z,slow,4,74
1718,2026-08-07T12:27:47.097039Z,fast,4,65
1719,2026-08-07T12:27:47.597540Z,fast,3,65
1719,2026-08-07T12:27:48.095565Z,fast,108,1688
1720,2026-08-07T12:27:48.595656Z,fast,16,1411
1720,2026-08-07T12:27:48.595696Z,slow,16,1384
1720,2026-08-07T12:27:49.095092Z,fast,15,1006
1721,2026-08-07T12:27:49.594380Z,fast,20,1232
1721,2026-08-07T12:27:50.095654Z,fast,4,702
1722,2026-08-07T12:27:50.595478Z,fast,168,803
1722,2026-08-07T12:27:50.595478Z,slow,175,951
1722,2026-08-07T12:27:51.096774Z,fast,17,1252
1723,2026-08-07T12:27:51.595094Z,fast,11,1006
1723,2026-08-07T12:27:52.094515Z,fast,13,1378
1724,2026-08-07T12:27:52.594323Z,fast,14,1207
1724,2026-08-07T12:27:52.594324Z,slow,15,1301
1724,2026-08-07T12:27:53.094550Z,fast,15,1375
1725,2026-08-07T12:27:53.596292Z,fast,13,1006
1725,2026-08-07T12:27:54.094299Z,fast,16,888
1726,2026-08-07T12:27:54.594527Z,fast,11,900
1726,2026-08-07T12:27:54.594535Z,slow,28,869
1726,2026-08-07T12:27:55.094698Z,fast,8,885
1727,2026-08-07T12:27:55.595397Z,fast,9,973
1727,2026-08-07T12:27:56.095222Z,fast,12,1378
1728,2026-08-07T12:27:56.594417Z,fast,24,1172
1728,2026-08-07T12:27:56.594417Z,slow,27,1137
1728,2026-08-07T12:27:57.094535Z,fast,9,884
1729,2026-08-07T12:27:57.594876Z,fast,12,1351
1729,2026-08-07T12:27:58.094481Z,fast,9,984
1730,2026-08-07T12:27:58.596191Z,fast,27,1271
1730,2026-08-07T12:27:58.596192Z,slow,31,1130
1730,2026-08-07T12:27:59.097004Z,fast,19,1437
1731,2026-08-07T12:27:59.594509Z,fast,20,1375
1731,2026-08-07T12:28:00.094311Z,fast,40,1415
1732,2026-08-07T12:28:00.594606Z,fast,21,1103
1732,2026-08-07T12:28:00.594609Z,slow,23,1101
1732,2026-08-07T12:28:01.094864Z,fast,20,1408
1733,2026-08-07T12:28:01.594902Z,fast,32,1499
1733,2026-08-07T12:28:02.094564Z,fast,30,1318
1734,2026-08-07T12:28:02.595328Z,fast,21,1178
1734,2026-08-07T12:28:02.595331Z,slow,22,938
1734,2026-08-07T12:28:03.095975Z,fast,17,1037
1735,2026-08-07T12:28:03.595457Z,fast,25,1563
1735,2026-08-07T12:28:04.096136Z,fast,12,1130
1736,2026-08-07T12:28:04.595951Z,slow,20,1259
1736,2026-08-07T12:28:04.595929Z,fast,21,1268
1736,2026-08-07T12:28:05.094340Z,fast,14,1035
1737,2026-08-07T12:28:05.594539Z,fast,6,793
1737,2026-08-07T12:28:06.094482Z,fast,20,1487
1738,2026-08-07T12:28:06.595031Z,fast,14,813
1738,2026-08-07T12:28:06.595031Z,slow,22,1131
1738,2026-08-07T12:28:07.096156Z,fast,16,1301
1739,2026-08-07T12:28:07.594647Z,fast,18,1096
1739,2026-08-07T12:28:08.099505Z,fast,83,1059
1740,2026-08-07T12:28:08.595185Z,fast,26,1279
1740,2026-08-07T12:28:08.595191Z,slow,29,1331
1740,2026-08-07T12:28:09.095585Z,fast,12,1418
1741,2026-08-07T12:28:09.594721Z,fast,23,1175
1741,2026-08-07T12:28:10.094359Z,fast,17,1375
1742,2026-08-07T12:28:10.595732Z,fast,10,955
1742,2026-08-07T12:28:10.595732Z,slow,21,938
1742,2026-08-07T12:28:11.094680Z,fast,11,1074
1743,2026-08-07T12:28:11.595184Z,fast,12,1499
1743,2026-08-07T12:28:12.094673Z,fast,31,1523
1744,2026-08-07T12:28:12.594715Z,fast,12,1237
1744,2026-08-07T12:28:12.594724Z,slow,19,1231
1744,2026-08-07T12:28:13.094585Z,fast,10,1252
1745,2026-08-07T12:28:13.594686Z,fast,9,1299
1745,2026-08-07T12:28:14.096803Z,fast,9,1134
1746,2026-08-07T12:28:14.595481Z,fast,41,1298
1746,2026-08-07T12:28:14.595513Z,slow,47,1373
1746,2026-08-07T12:28:15.094445Z,fast,14,1322
1747,2026-08-07T12:28:15.595123Z,fast,9,883
1747,2026-08-07T12:28:16.094583Z,fast,9,1101
1748,2026-08-07T12:28:16.595591Z,fast,6,1016
1748,2026-08-07T12:28:16.595629Z,slow,15,937
1748,2026-08-07T12:28:17.094358Z,fast,35,1131
1749,2026-08-07T12:28:17.595796Z,fast,15,1320
1749,2026-08-07T12:28:18.096961Z,fast,44,1762
1750,2026-08-07T12:28:18.594964Z,fast,41,1571
1750,2026-08-07T12:28:18.594966Z,slow,50,1562
1750,2026-08-07T12:28:19.095946Z,fast,13,1376
1751,2026-08-07T12:28:19.594516Z,fast,19,1473
1751,2026-08-07T12:28:20.094443Z,fast,24,1285
1752,2026-08-07T12:28:20.594550Z,fast,9,1049
1752,2026-08-07T12:28:20.594553Z,slow,21,1112
1752,2026-08-07T12:28:21.094604Z,fast,12,1040
1753,2026-08-07T12:28:21.595942Z,fast,6,883
1753,2026-08-07T12:28:22.094352Z,fast,24,1316
1754,2026-08-07T12:28:22.594881Z,fast,26,1500
1754,2026-08-07T12:28:22.594885Z,slow,40,1575
1754,2026-08-07T12:28:23.094873Z,fast,13,1289
1755,2026-08-07T12:28:23.594545Z,fast,19,1375
1755,2026-08-07T12:28:24.095704Z,fast,18,1375
1756,2026-08-07T12:28:24.595234Z,slow,35,1090
1756,2026-08-07T12:28:24.595232Z,fast,35,1090
1756,2026-08-07T12:28:25.094497Z,fast,9,1069
1757,2026-08-07T12:28:25.594383Z,fast,9,1287
1757,2026-08-07T12:28:26.094428Z,fast,16,1411
1758,2026-08-07T12:28:26.594612Z,fast,27,1317
1758,2026-08-07T12:28:26.594613Z,slow,55,1378
1758,2026-08-07T12:28:27.094479Z,fast,9,970
1759,2026-08-07T12:28:27.594588Z,fast,13,1437
1759,2026-08-07T12:28:28.095509Z,fast,30,1255
1760,2026-08-07T12:28:28.595540Z,slow,38,1382
1760,2026-08-07T12:28:28.595525Z,fast,39,1395
1760,2026-08-07T12:28:29.094808Z,fast,14,1293
1761,2026-08-07T12:28:29.594359Z,fast,13,989
1761,2026-08-07T12:28:30.094412Z,fast,6,829
1762,2026-08-07T12:28:30.594772Z,fast,9,1070
1762,2026-08-07T12:28:30.594772Z,slow,24,892
1762,2026-08-07T12:28:31.094856Z,fast,14,1130
1763,2026-08-07T12:28:31.595001Z,fast,58,1009
1763,2026-08-07T12:28:32.094931Z,fast,25,1410
1764,2026-08-07T12:28:32.595389Z,slow,14,1129
1764,2026-08-07T12:28:32.595373Z,fast,21,1333
1764,2026-08-07T12:28:33.094601Z,fast,17,1282
1765,2026-08-07T12:28:33.594901Z,fast,19,1378
1765,2026-08-07T12:28:34.094618Z,fast,8,824
1766,2026-08-07T12:28:34.596476Z,fast,32,1353
1766,2026-08-07T12:28:34.596487Z,slow,36,1183
1766,2026-08-07T12:28:35.094817Z,fast,14,977
1767,2026-08-07T12:28:35.594497Z,fast,8,873
1767,2026-08-07T12:28:36.094564Z,fast,19,1101
1768,2026-08-07T12:28:36.594454Z,fast,6,947
1768,2026-08-07T12:28:36.594454Z,slow,20,1013
1768,2026-08-07T12:28:37.095486Z,fast,17,1495
1769,2026-08-07T12:28:37.594561Z,fast,17,1319
1769,2026-08-07T12:28:38.094821Z,fast,21,1284
1770,2026-08-07T12:28:38.595503Z,fast,13,1253
1770,2026-08-07T12:28:38.595504Z,slow,28,1262
1770,2026-08-07T12:28:39.094673Z,fast,19,1315
1771,2026-08-07T12:28:39.594496Z,fast,24,1161
1771,2026-08-07T12:28:40.095501Z,fast,19,1377
1772,2026-08-07T12:28:40.596440Z,fast,39,1502
1772,2026-08-07T12:28:40.596545Z,slow,40,1489
1772,2026-08-07T12:28:41.095989Z,fast,9,1252
1773,2026-08-07T12:28:41.595293Z,fast,10,1254
1773,2026-08-07T12:28:42.094457Z,fast,34,1563
1774,2026-08-07T12:28:42.594718Z,fast,14,1260
1774,2026-08-07T12:28:42.594718Z,slow,35,1258
1774,2026-08-07T12:28:43.094545Z,fast,8,1208
1775,2026-08-07T12:28:43.594379Z,fast,11,945
1775,2026-08-07T12:28:44.094852Z,fast,21,1376
1776,2026-08-07T12:28:44.594854Z,fast,20,1261
1776,2026-08-07T12:28:44.594857Z,slow,27,1261
1776,2026-08-07T12:28:45.095569Z,fast,13,1315
1777,2026-08-07T12:28:45.598264Z,fast,28,1452
1777,2026-08-07T12:28:46.094572Z,fast,14,1209
1778,2026-08-07T12:28:46.595860Z,fast,10,931
1778,2026-08-07T12:28:46.595873Z,slow,34,1077
1778,2026-08-07T12:28:47.095483Z,fast,22,1565
1779,2026-08-07T12:28:47.594581Z,fast,6,862
1779,2026-08-07T12:28:48.095022Z,fast,1,76
1780,2026-08-07T12:28:48.596017Z,fast,3,87
1780,2026-08-07T12:28:48.596047Z,slow,3,87
1780,2026-08-07T12:28:49.099387Z,fast,3,78
1781,2026-08-07T12:28:49.598423Z,fast,2,78
1781,2026-08-07T12:28:50.095346Z,fast,1,55
1782,2026-08-07T12:28:50.595719Z,fast,4,87
1782,2026-08-07T12:28:50.595735Z,slow,5,87
1782,2026-08-07T12:28:51.099245Z,fast,2,78
1783,2026-08-07T12:28:51.598409Z,fast,1,78
1783,2026-08-07T12:28:52.094549Z,fast,2,289
1784,2026-08-07T12:28:52.597415Z,fast,6,85
1784,2026-08-07T12:28:52.597419Z,slow,7,83
1784,2026-08-07T12:28:53.099448Z,fast,4,76
1785,2026-08-07T12:28:53.599246Z,fast,2,76
1785,2026-08-07T12:28:54.096359Z,fast,19,1969
1786,2026-08-07T12:28:54.599264Z,fast,4,74
1786,2026-08-07T12:28:54.599285Z,slow,5,74
1786,2026-08-07T12:28:55.095608Z,fast,3,65
1787,2026-08-07T12:28:55.595388Z,fast,7,65
1787,2026-08-07T12:28:56.096273Z,fast,31,1044
1788,2026-08-07T12:28:56.594612Z,fast,3,64
1788,2026-08-07T12:28:56.594701Z,slow,3,64
1788,2026-08-07T12:28:57.099457Z,fast,4,76
1789,2026-08-07T12:28:57.599470Z,fast,4,76
1789,2026-08-07T12:28:58.095520Z,fast,2,76
1790,2026-08-07T12:28:58.602011Z,fast,6,76
1790,2026-08-07T12:28:58.602320Z,slow,6,85
1790,2026-08-07T12:28:59.095444Z,fast,3,76
1791,2026-08-07T12:28:59.598502Z,fast,7,76
1791,2026-08-07T12:29:00.096889Z,fast,2,76
1792,2026-08-07T12:29:00.595656Z,slow,2,64
1792,2026-08-07T12:29:00.595656Z,fast,2,64
1792,2026-08-07T12:29:01.096486Z,fast,2,76
1793,2026-08-07T12:29:01.594888Z,fast,3,76
1793,2026-08-07T12:29:02.094547Z,fast,2,76
1794,2026-08-07T12:29:02.598765Z,fast,3,60
1794,2026-08-07T12:29:02.598782Z,slow,4,62
1794,2026-08-07T12:29:03.095103Z,fast,3,65
1795,2026-08-07T12:29:03.599449Z,fast,3,65
1795,2026-08-07T12:29:04.097750Z,fast,3,65
1796,2026-08-07T12:29:04.598736Z,slow,4,64
1796,2026-08-07T12:29:04.598736Z,fast,4,64
1796,2026-08-07T12:29:05.096072Z,fast,3,76
1797,2026-08-07T12:29:05.594546Z,fast,3,76
1797,2026-08-07T12:29:06.094792Z,fast,2,76
1798,2026-08-07T12:29:06.599253Z,fast,3,64
1798,2026-08-07T12:29:06.599261Z,slow,3,64
1798,2026-08-07T12:29:07.095330Z,fast,3,76
1799,2026-08-07T12:29:07.599223Z,fast,3,76
1799,2026-08-07T12:29:08.096055Z,fast,2,76
1800,2026-08-07T12:29:08.599477Z,slow,1,64
1800,2026-08-07T12:29:08.599469Z,fast,1,64
1800,2026-08-07T12:29:09.098978Z,fast,3,76
1801,2026-08-07T12:29:09.598440Z,fast,3,76
1801,2026-08-07T12:29:10.099236Z,fast,3,76
1802,2026-08-07T12:29:10.598141Z,slow,1,55
1802,2026-08-07T12:29:10.598144Z,fast,2,55
1802,2026-08-07T12:29:11.099468Z,fast,3,65
1803,2026-08-07T12:29:11.595521Z,fast,4,65
1803,2026-08-07T12:29:12.095534Z,fast,3,65
1804,2026-08-07T12:29:12.595789Z,slow,1,64
1804,2026-08-07T12:29:12.595785Z,fast,1,64
1804,2026-08-07T12:29:13.097345Z,fast,3,65
1805,2026-08-07T12:29:13.595731Z,fast,3,65
1805,2026-08-07T12:29:14.095490Z,fast,3,69
1806,2026-08-07T12:29:14.596054Z,fast,24,1963
1806,2026-08-07T12:29:14.596057Z,slow,28,1972
1806,2026-08-07T12:29:15.096156Z,fast,3,65
1807,2026-08-07T12:29:15.595558Z,fast,2,65
1807,2026-08-07T12:29:16.095544Z,fast,3,65
1808,2026-08-07T12:29:16.595448Z,fast,55,2833
1808,2026-08-07T12:29:16.595467Z,slow,55,2824
1808,2026-08-07T12:29:17.095645Z,fast,3,65
1809,2026-08-07T12:29:17.599239Z,fast,5,65
1809,2026-08-07T12:29:18.095597Z,fast,1,65
1810,2026-08-07T12:29:18.599233Z,fast,3,74
1810,2026-08-07T12:29:18.599241Z,slow,9,72
1810,2026-08-07T12:29:19.097465Z,fast,2,55
1811,2026-08-07T12:29:19.595612Z,fast,4,65
1811,2026-08-07T12:29:20.099483Z,fast,3,65
1812,2026-08-07T12:29:20.599474Z,fast,3,74
1812,2026-08-07T12:29:20.599474Z,slow,5,74
1812,2026-08-07T12:29:21.098380Z,fast,5,55
1813,2026-08-07T12:29:21.599464Z,fast,1,65
1813,2026-08-07T12:29:22.099505Z,fast,4,65
1814,2026-08-07T12:29:22.594514Z,fast,2,74
1814,2026-08-07T12:29:22.594554Z,slow,2,74
1814,2026-08-07T12:29:23.096099Z,fast,3,55
1815,2026-08-07T12:29:23.599474Z,fast,2,65
1815,2026-08-07T12:29:24.097904Z,fast,3,65
1816,2026-08-07T12:29:24.594883Z,fast,2,74
1816,2026-08-07T12:29:24.594884Z,slow,2,74
1816,2026-08-07T12:29:25.098736Z,fast,3,55
1817,2026-08-07T12:29:25.598865Z,fast,3,65
1817,2026-08-07T12:29:26.099380Z,fast,2,65
1818,2026-08-07T12:29:26.598536Z,slow,2,74
1818,2026-08-07T12:29:26.598536Z,fast,2,74
1818,2026-08-07T12:29:27.099181Z,fast,2,55
1819,2026-08-07T12:29:27.596082Z,fast,2,65
1819,2026-08-07T12:29:28.099313Z,fast,1,65
1820,2026-08-07T12:29:28.594764Z,fast,3,74
1820,2026-08-07T12:29:28.594765Z,slow,4,74
1820,2026-08-07T12:29:29.095865Z,fast,17,1202
1821,2026-08-07T12:29:29.594923Z,fast,13,1116
1821,2026-08-07T12:29:30.095650Z,fast,13,1202
1822,2026-08-07T12:29:30.594580Z,slow,14,978
1822,2026-08-07T12:29:30.594573Z,fast,16,963
1822,2026-08-07T12:29:31.095429Z,fast,11,1292
1823,2026-08-07T12:29:31.594976Z,fast,11,672
1823,2026-08-07T12:29:32.094603Z,fast,7,911
1824,2026-08-07T12:29:32.595530Z,fast,22,1015
1824,2026-08-07T12:29:32.595531Z,slow,22,1112
1824,2026-08-07T12:29:33.094905Z,fast,18,1071
1825,2026-08-07T12:29:33.594650Z,fast,12,1283
1825,2026-08-07T12:29:34.094899Z,fast,44,1105
1826,2026-08-07T12:29:34.594649Z,fast,17,1297
1826,2026-08-07T12:29:34.594649Z,slow,18,1306
1826,2026-08-07T12:29:35.094843Z,fast,27,1236
1827,2026-08-07T12:29:35.594488Z,fast,17,1299
1827,2026-08-07T12:29:36.094679Z,fast,19,1168
1828,2026-08-07T12:29:36.595001Z,fast,26,1431
1828,2026-08-07T12:29:36.595001Z,slow,53,1422
1828,2026-08-07T12:29:37.094588Z,fast,15,1169
1829,2026-08-07T12:29:37.595767Z,fast,27,1419
1829,2026-08-07T12:29:38.094788Z,fast,61,1801
1830,2026-08-07T12:29:38.594506Z,slow,30,1589
1830,2026-08-07T12:29:38.594481Z,fast,31,1589
1830,2026-08-07T12:29:39.095460Z,fast,16,1601
1831,2026-08-07T12:29:39.595419Z,fast,31,1484
1831,2026-08-07T12:29:40.095203Z,fast,173,1805
1832,2026-08-07T12:29:40.595258Z,fast,43,1170
1832,2026-08-07T12:29:40.595290Z,slow,69,1115
1832,2026-08-07T12:29:41.094623Z,fast,368,1860
1833,2026-08-07T12:29:41.594484Z,fast,63,1293
1833,2026-08-07T12:29:42.099489Z,fast,58,1558
1834,2026-08-07T12:29:42.596200Z,fast,82,1327
1834,2026-08-07T12:29:42.596200Z,slow,87,1493
1834,2026-08-07T12:29:43.095690Z,fast,47,1012
1835,2026-08-07T12:29:43.595270Z,fast,70,1674
1835,2026-08-07T12:29:44.095203Z,fast,10,722
1836,2026-08-07T12:29:44.594711Z,fast,11,1154
1836,2026-08-07T12:29:44.594712Z,slow,29,1184
1836,2026-08-07T12:29:45.096326Z,fast,26,1421
1837,2026-08-07T12:29:45.596231Z,fast,22,1581
1837,2026-08-07T12:29:46.096797Z,fast,73,1047
1838,2026-08-07T12:29:46.594596Z,fast,39,1493
1838,2026-08-07T12:29:46.594615Z,slow,40,1549
1838,2026-08-07T12:29:47.094694Z,fast,11,858
1839,2026-08-07T12:29:47.595845Z,fast,42,1419
1839,2026-08-07T12:29:48.094593Z,fast,102,1351
1840,2026-08-07T12:29:48.595025Z,fast,13,1174
1840,2026-08-07T12:29:48.595025Z,slow,42,1174
1840,2026-08-07T12:29:49.096550Z,fast,30,1605
1841,2026-08-07T12:29:49.595798Z,fast,30,1493
1841,2026-08-07T12:29:50.097002Z,fast,31,1481
1842,2026-08-07T12:29:50.595213Z,fast,35,1055
1842,2026-08-07T12:29:50.595230Z,slow,79,1115
1842,2026-08-07T12:29:51.094773Z,fast,15,1268
1843,2026-08-07T12:29:51.596966Z,fast,69,1421
1843,2026-08-07T12:29:52.095196Z,fast,16,1478
1844,2026-08-07T12:29:52.596196Z,fast,15,1173
1844,2026-08-07T12:29:52.596201Z,slow,56,1302
1844,2026-08-07T12:29:53.095602Z,fast,32,1478
1845,2026-08-07T12:29:53.594990Z,fast,28,1133
1845,2026-08-07T12:29:54.099531Z,fast,97,1455
1846,2026-08-07T12:29:54.596217Z,fast,204,1611
1846,2026-08-07T12:29:54.596540Z,slow,246,1735
1846,2026-08-07T12:29:55.094904Z,fast,301,1038
1847,2026-08-07T12:29:55.594726Z,fast,22,1295
1847,2026-08-07T12:29:56.094647Z,fast,32,1487
1848,2026-08-07T12:29:56.594486Z,fast,50,1669
1848,2026-08-07T12:29:56.594537Z,slow,56,1687
1848,2026-08-07T12:29:57.098306Z,fast,31,1734
1849,2026-08-07T12:29:57.595062Z,fast,16,971
1849,2026-08-07T12:29:58.096376Z,fast,47,1351
1850,2026-08-07T12:29:58.595205Z,slow,34,1297
1850,2026-08-07T12:29:58.595205Z,fast,51,1295
1850,2026-08-07T12:29:59.098998Z,fast,9,911
1851,2026-08-07T12:29:59.594609Z,fast,13,1352
1851,2026-08-07T12:30:00.094639Z,fast,36,1504
1852,2026-08-07T12:30:00.594841Z,fast,20,1449
1852,2026-08-07T12:30:00.594861Z,slow,52,1360
1852,2026-08-07T12:30:01.095431Z,fast,29,1224
1853,2026-08-07T12:30:01.595054Z,fast,14,1372
1853,2026-08-07T12:30:02.097035Z,fast,51,1426
1854,2026-08-07T12:30:02.594879Z,fast,47,1427
1854,2026-08-07T12:30:02.594933Z,slow,56,1379
1854,2026-08-07T12:30:03.095179Z,fast,45,1226
1855,2026-08-07T12:30:03.594855Z,fast,25,1211
1855,2026-08-07T12:30:04.094561Z,fast,12,896
1856,2026-08-07T12:30:04.594860Z,fast,29,1224
1856,2026-08-07T12:30:04.594880Z,slow,30,1233
1856,2026-08-07T12:30:05.094632Z,fast,14,1183
1857,2026-08-07T12:30:05.594908Z,fast,22,1414
1857,2026-08-07T12:30:06.094595Z,fast,22,1539
1858,2026-08-07T12:30:06.594548Z,fast,20,1421
1858,2026-08-07T12:30:06.594549Z,slow,21,1635
1858,2026-08-07T12:30:07.095873Z,fast,17,1433
1859,2026-08-07T12:30:07.594538Z,fast,28,1104
1859,2026-08-07T12:30:08.096130Z,fast,99,955
1860,2026-08-07T12:30:08.597211Z,fast,33,1062
1860,2026-08-07T12:30:08.597214Z,slow,44,1053
1860,2026-08-07T12:30:09.094748Z,fast,28,1123
1861,2026-08-07T12:30:09.594677Z,fast,12,1417
1861,2026-08-07T12:30:10.095299Z,fast,15,1458
1862,2026-08-07T12:30:10.595232Z,fast,21,1148
1862,2026-08-07T12:30:10.595245Z,slow,21,1057
1862,2026-08-07T12:30:11.095063Z,fast,22,1224
1863,2026-08-07T12:30:11.595431Z,fast,21,1351
1863,2026-08-07T12:30:12.094809Z,fast,12,1167
1864,2026-08-07T12:30:12.594813Z,fast,26,1331
1864,2026-08-07T12:30:12.594902Z,slow,30,1453
1864,2026-08-07T12:30:13.094707Z,fast,38,1547
1865,2026-08-07T12:30:13.595025Z,fast,19,1606
1865,2026-08-07T12:30:14.095505Z,fast,16,2061
1866,2026-08-07T12:30:14.595029Z,fast,24,1356
1866,2026-08-07T12:30:14.595029Z,slow,30,1440
1866,2026-08-07T12:30:15.094977Z,fast,9,1526
1867,2026-08-07T12:30:15.595358Z,fast,21,1417
1867,2026-08-07T12:30:16.094660Z,fast,7,969
1868,2026-08-07T12:30:16.595301Z,slow,30,1284
1868,2026-08-07T12:30:16.595211Z,fast,33,1669
1868,2026-08-07T12:30:17.095232Z,fast,13,1416
1869,2026-08-07T12:30:17.595042Z,fast,34,1478
1869,2026-08-07T12:30:18.095795Z,fast,95,1735
1870,2026-08-07T12:30:18.594675Z,slow,15,1359
1870,2026-08-07T12:30:18.594658Z,fast,17,1160
1870,2026-08-07T12:30:19.094821Z,fast,16,1348
1871,2026-08-07T12:30:19.594817Z,fast,16,1350
1871,2026-08-07T12:30:20.096129Z,fast,17,1175
1872,2026-08-07T12:30:20.598329Z,fast,25,1300
1872,2026-08-07T12:30:20.598334Z,slow,69,1298
1872,2026-08-07T12:30:21.099136Z,fast,5,505
1873,2026-08-07T12:30:21.596429Z,fast,56,1626
1873,2026-08-07T12:30:22.094917Z,fast,9,1165
1874,2026-08-07T12:30:22.596642Z,slow,230,1546
1874,2026-08-07T12:30:22.596596Z,fast,230,1556
1874,2026-08-07T12:30:23.098058Z,fast,40,1038
1875,2026-08-07T12:30:23.594721Z,fast,20,1211
1875,2026-08-07T12:30:24.096427Z,fast,15,1165
1876,2026-08-07T12:30:24.595020Z,fast,26,1278
1876,2026-08-07T12:30:24.595026Z,slow,41,1118
1876,2026-08-07T12:30:25.094998Z,fast,32,1613
1877,2026-08-07T12:30:25.594929Z,fast,28,1292
1877,2026-08-07T12:30:26.095849Z,fast,17,1546
1878,2026-08-07T12:30:26.594800Z,slow,29,1420
1878,2026-08-07T12:30:26.594800Z,fast,29,1430
1878,2026-08-07T12:30:27.095556Z,fast,24,1230
1879,2026-08-07T12:30:27.595281Z,fast,12,1039
1879,2026-08-07T12:30:28.095862Z,fast,46,1305
1880,2026-08-07T12:30:28.596209Z,fast,40,1424
1880,2026-08-07T12:30:28.596223Z,slow,64,1431
1880,2026-08-07T12:30:29.099490Z,fast,1,53
1881,2026-08-07T12:30:29.599123Z,fast,3,78
1881,2026-08-07T12:30:30.096421Z,fast,1,78
1882,2026-08-07T12:30:30.597679Z,fast,4,79
1882,2026-08-07T12:30:30.597696Z,slow,5,87
1882,2026-08-07T12:30:31.099614Z,fast,38,2312
1883,2026-08-07T12:30:31.598630Z,fast,3,78
1883,2026-08-07T12:30:32.099383Z,fast,2,78
1884,2026-08-07T12:30:32.599554Z,fast,4,87
1884,2026-08-07T12:30:32.599561Z,slow,5,87
1884,2026-08-07T12:30:33.099514Z,fast,63,2118
1885,2026-08-07T12:30:33.598311Z,fast,5,76
1885,2026-08-07T12:30:34.098010Z,fast,3,76
1886,2026-08-07T12:30:34.597498Z,slow,4,85
1886,2026-08-07T12:30:34.597492Z,fast,4,85
1886,2026-08-07T12:30:35.096196Z,fast,4,76
1887,2026-08-07T12:30:35.596663Z,fast,4,55
1887,2026-08-07T12:30:36.094912Z,fast,2,65
1888,2026-08-07T12:30:36.595930Z,fast,3,74
1888,2026-08-07T12:30:36.595942Z,slow,4,74
1888,2026-08-07T12:30:37.099263Z,fast,3,65
1889,2026-08-07T12:30:37.598954Z,fast,5,55
1889,2026-08-07T12:30:38.095328Z,fast,17,65
1890,2026-08-07T12:30:38.599351Z,fast,5,65
1890,2026-08-07T12:30:38.599415Z,slow,6,65
1890,2026-08-07T12:30:39.099191Z,fast,3,65
1891,2026-08-07T12:30:39.599536Z,fast,3,53
1891,2026-08-07T12:30:40.099396Z,fast,4,63
1892,2026-08-07T12:30:40.599552Z,fast,4,72
1892,2026-08-07T12:30:40.599582Z,slow,5,72
1892,2026-08-07T12:30:41.099409Z,fast,3,63
1893,2026-08-07T12:30:41.599258Z,fast,3,53
1893,2026-08-07T12:30:42.096488Z,fast,3,63
1894,2026-08-07T12:30:42.600324Z,fast,4,72
1894,2026-08-07T12:30:42.600517Z,slow,4,72
1894,2026-08-07T12:30:43.098835Z,fast,4,63
1895,2026-08-07T12:30:43.599568Z,fast,2,53
1895,2026-08-07T12:30:44.099634Z,fast,5,63
1896,2026-08-07T12:30:44.596223Z,fast,4,68
1896,2026-08-07T12:30:44.596299Z,slow,5,72
1896,2026-08-07T12:30:45.099223Z,fast,4,63
1897,2026-08-07T12:30:45.599531Z,fast,2,53
1897,2026-08-07T12:30:46.095441Z,fast,4,63
1898,2026-08-07T12:30:46.599637Z,slow,2,72
1898,2026-08-07T12:30:46.599629Z,fast,2,72
1898,2026-08-07T12:30:47.099159Z,fast,5,63
1899,2026-08-07T12:30:47.599627Z,fast,2,53
1899,2026-08-07T12:30:48.099140Z,fast,2,63
1900,2026-08-07T12:30:48.596967Z,fast,1,72
1900,2026-08-07T12:30:48.596977Z,slow,2,72
1900,2026-08-07T12:30:49.099592Z,fast,3,63
1901,2026-08-07T12:30:49.595455Z,fast,0,53
1901,2026-08-07T12:30:50.098348Z,fast,2,63
1902,2026-08-07T12:30:50.599550Z,slow,4,72
1902,2026-08-07T12:30:50.599549Z,fast,4,71
1902,2026-08-07T12:30:51.095892Z,fast,2,63
1903,2026-08-07T12:30:51.595006Z,fast,2,307
1903,2026-08-07T12:30:52.098632Z,fast,3,63
1904,2026-08-07T12:30:52.598728Z,fast,3,72
1904,2026-08-07T12:30:52.598740Z,slow,3,72
1904,2026-08-07T12:30:53.099631Z,fast,2,63
1905,2026-08-07T12:30:53.598923Z,fast,34,1755
1905,2026-08-07T12:30:54.097396Z,fast,2,63
1906,2026-08-07T12:30:54.596235Z,fast,4,72
1906,2026-08-07T12:30:54.596261Z,slow,4,72
1906,2026-08-07T12:30:55.099571Z,fast,4,63
1907,2026-08-07T12:30:55.599154Z,fast,3,63
1907,2026-08-07T12:30:56.097085Z,fast,4,53
1908,2026-08-07T12:30:56.595178Z,fast,4,72
1908,2026-08-07T12:30:56.595184Z,slow,5,72
1908,2026-08-07T12:30:57.099668Z,fast,4,63
1909,2026-08-07T12:30:57.599669Z,fast,3,63
1909,2026-08-07T12:30:58.098716Z,fast,11,51
1910,2026-08-07T12:30:58.597200Z,fast,4,70
1910,2026-08-07T12:30:58.597217Z,slow,4,72
1910,2026-08-07T12:30:59.095140Z,fast,12,63
1911,2026-08-07T12:30:59.596517Z,fast,4,63
1911,2026-08-07T12:31:00.099637Z,fast,3,53
1912,2026-08-07T12:31:00.597478Z,fast,5,65
1912,2026-08-07T12:31:00.597487Z,slow,7,72
1912,2026-08-07T12:31:01.096234Z,fast,5,63
1913,2026-08-07T12:31:01.594662Z,fast,2,63
1913,2026-08-07T12:31:02.096236Z,fast,2,51
1914,2026-08-07T12:31:02.595612Z,fast,4,70
1914,2026-08-07T12:31:02.595623Z,slow,4,72
1914,2026-08-07T12:31:03.099164Z,fast,1,63
1915,2026-08-07T12:31:03.596236Z,fast,2,63
1915,2026-08-07T12:31:04.096233Z,fast,1,53
1916,2026-08-07T12:31:04.595246Z,fast,3,70
1916,2026-08-07T12:31:04.595259Z,slow,4,72
1916,2026-08-07T12:31:05.099684Z,fast,1,63
1917,2026-08-07T12:31:05.597616Z,fast,3,63
1917,2026-08-07T12:31:06.094709Z,fast,3,177
1918,2026-08-07T12:31:06.599651Z,fast,4,72
1918,2026-08-07T12:31:06.599663Z,slow,4,70
1918,2026-08-07T12:31:07.099683Z,fast,3,63
1919,2026-08-07T12:31:07.596267Z,fast,4,63
1919,2026-08-07T12:31:08.096232Z,fast,27,208
1920,2026-08-07T12:31:08.596628Z,fast,2,71
1920,2026-08-07T12:31:08.596637Z,slow,2,73
1920,2026-08-07T12:31:09.099674Z,fast,4,65
1921,2026-08-07T12:31:09.597615Z,fast,3,65
1921,2026-08-07T12:31:10.099669Z,fast,2,65
1922,2026-08-07T12:31:10.599635Z,fast,2,70
1922,2026-08-07T12:31:10.599643Z,slow,2,72
1922,2026-08-07T12:31:11.096543Z,fast,3,65
1923,2026-08-07T12:31:11.596277Z,fast,4,65
1923,2026-08-07T12:31:12.098591Z,fast,3,65
1924,2026-08-07T12:31:12.595502Z,fast,17,1314
1924,2026-08-07T12:31:12.595504Z,slow,40,1316
1924,2026-08-07T12:31:13.095034Z,fast,18,1237
1925,2026-08-07T12:31:13.595912Z,fast,8,1237
1925,2026-08-07T12:31:14.094900Z,fast,13,1186
1926,2026-08-07T12:31:14.594858Z,fast,14,1514
1926,2026-08-07T12:31:14.594858Z,slow,20,1311
1926,2026-08-07T12:31:15.094801Z,fast,12,1037
1927,2026-08-07T12:31:15.594826Z,fast,12,747
1927,2026-08-07T12:31:16.095448Z,fast,10,1017
1928,2026-08-07T12:31:16.594670Z,fast,8,1119
1928,2026-08-07T12:31:16.594673Z,slow,24,1150
1928,2026-08-07T12:31:17.094802Z,fast,14,1103
1929,2026-08-07T12:31:17.594762Z,fast,15,1308
1929,2026-08-07T12:31:18.095798Z,fast,40,1576
1930,2026-08-07T12:31:18.595566Z,slow,35,1097
1930,2026-08-07T12:31:18.595559Z,fast,37,1208
1930,2026-08-07T12:31:19.095281Z,fast,20,1372
1931,2026-08-07T12:31:19.595926Z,fast,14,967
1931,2026-08-07T12:31:20.095819Z,fast,8,967
1932,2026-08-07T12:31:20.595602Z,fast,17,1111
1932,2026-08-07T12:31:20.595634Z,slow,20,1102
1932,2026-08-07T12:31:21.095002Z,fast,18,1137
1933,2026-08-07T12:31:21.595232Z,fast,8,1103
1933,2026-08-07T12:31:22.095693Z,fast,11,1237
1934,2026-08-07T12:31:22.595325Z,fast,25,1452
1934,2026-08-07T12:31:22.595352Z,slow,27,1578
1934,2026-08-07T12:31:23.094618Z,fast,12,1331
1935,2026-08-07T12:31:23.594776Z,fast,24,1576
1935,2026-08-07T12:31:24.095157Z,fast,13,1110
1936,2026-08-07T12:31:24.596020Z,fast,22,1316
1936,2026-08-07T12:31:24.596024Z,slow,23,1264
1936,2026-08-07T12:31:25.095112Z,fast,25,1240
1937,2026-08-07T12:31:25.595405Z,fast,11,1306
1937,2026-08-07T12:31:26.095229Z,fast,30,1629
1938,2026-08-07T12:31:26.596233Z,fast,15,1019
1938,2026-08-07T12:31:26.596239Z,slow,15,1020
1938,2026-08-07T12:31:27.094943Z,fast,26,1642
1939,2026-08-07T12:31:27.595440Z,fast,19,941
1939,2026-08-07T12:31:28.098652Z,fast,60,1179
1940,2026-08-07T12:31:28.594766Z,fast,42,1451
1940,2026-08-07T12:31:28.594794Z,slow,43,1453
1940,2026-08-07T12:31:29.094760Z,fast,28,1399
1941,2026-08-07T12:31:29.594901Z,fast,33,1445
1941,2026-08-07T12:31:30.094969Z,fast,20,1102
1942,2026-08-07T12:31:30.595360Z,fast,21,1642
1942,2026-08-07T12:31:30.595362Z,slow,21,1518
1942,2026-08-07T12:31:31.095215Z,fast,21,1441
1943,2026-08-07T12:31:31.595287Z,fast,25,1296
1943,2026-08-07T12:31:32.094761Z,fast,31,1510
1944,2026-08-07T12:31:32.594714Z,fast,17,1237
1944,2026-08-07T12:31:32.594715Z,slow,32,1373
1944,2026-08-07T12:31:33.094676Z,fast,20,1412
1945,2026-08-07T12:31:33.596191Z,fast,19,1103
1945,2026-08-07T12:31:34.094769Z,fast,22,886
1946,2026-08-07T12:31:34.595149Z,slow,16,1171
1946,2026-08-07T12:31:34.595146Z,fast,16,1246
1946,2026-08-07T12:31:35.095611Z,fast,15,1102
1947,2026-08-07T12:31:35.594886Z,fast,12,1036
1947,2026-08-07T12:31:36.094844Z,fast,5,911
1948,2026-08-07T12:31:36.594831Z,fast,11,1109
1948,2026-08-07T12:31:36.594833Z,slow,24,1111
1948,2026-08-07T12:31:37.096297Z,fast,24,1373
1949,2026-08-07T12:31:37.595196Z,fast,8,1102
1949,2026-08-07T12:31:38.096348Z,fast,63,1779
1950,2026-08-07T12:31:38.594964Z,fast,6,1079
1950,2026-08-07T12:31:38.594968Z,slow,51,1095
1950,2026-08-07T12:31:39.094946Z,fast,6,967
1951,2026-08-07T12:31:39.595281Z,fast,11,879
1951,2026-08-07T12:31:40.095776Z,fast,9,1239
1952,2026-08-07T12:31:40.595243Z,fast,14,1105
1952,2026-08-07T12:31:40.595243Z,slow,18,1247
1952,2026-08-07T12:31:41.094908Z,fast,22,1172
1953,2026-08-07T12:31:41.594961Z,fast,6,935
1953,2026-08-07T12:31:42.094891Z,fast,22,1580
1954,2026-08-07T12:31:42.594941Z,fast,14,1040
1954,2026-08-07T12:31:42.594945Z,slow,23,1043
1954,2026-08-07T12:31:43.095109Z,fast,10,1103
1955,2026-08-07T12:31:43.596414Z,fast,8,967
1955,2026-08-07T12:31:44.097154Z,fast,16,1017
1956,2026-08-07T12:31:44.594722Z,fast,12,740
1956,2026-08-07T12:31:44.594724Z,slow,17,699
1956,2026-08-07T12:31:45.094834Z,fast,13,1102
1957,2026-08-07T12:31:45.595321Z,fast,6,878
1957,2026-08-07T12:31:46.095219Z,fast,12,1102
1958,2026-08-07T12:31:46.595235Z,fast,23,1330
1958,2026-08-07T12:31:46.595250Z,slow,24,1328
1958,2026-08-07T12:31:47.094842Z,fast,10,1511
1959,2026-08-07T12:31:47.595119Z,fast,22,1279
1959,2026-08-07T12:31:48.095785Z,fast,51,1102
1960,2026-08-07T12:31:48.596008Z,fast,6,871
1960,2026-08-07T12:31:48.596014Z,slow,23,926
1960,2026-08-07T12:31:49.096255Z,fast,15,967
1961,2026-08-07T12:31:49.594731Z,fast,5,901
1961,2026-08-07T12:31:50.095435Z,fast,18,1345
1962,2026-08-07T12:31:50.594815Z,fast,26,1247
1962,2026-08-07T12:31:50.594816Z,slow,28,1245
1962,2026-08-07T12:31:51.094848Z,fast,6,1374
1963,2026-08-07T12:31:51.597798Z,fast,22,1344
1963,2026-08-07T12:31:52.094960Z,fast,21,1372
1964,2026-08-07T12:31:52.594797Z,fast,12,1156
1964,2026-08-07T12:31:52.594802Z,slow,19,1156
1964,2026-08-07T12:31:53.094862Z,fast,26,1375
1965,2026-08-07T12:31:53.594921Z,fast,12,1312
1965,2026-08-07T12:31:54.096621Z,fast,11,832
1966,2026-08-07T12:31:54.595083Z,slow,16,1246
1966,2026-08-07T12:31:54.595084Z,fast,25,1102
1966,2026-08-07T12:31:55.095977Z,fast,9,913
1967,2026-08-07T12:31:55.595322Z,fast,22,1239
1967,2026-08-07T12:31:56.094809Z,fast,9,968
1968,2026-08-07T12:31:56.595026Z,fast,8,1172
1968,2026-08-07T12:31:56.595027Z,slow,20,1181
1968,2026-08-07T12:31:57.094827Z,fast,9,936
1969,2026-08-07T12:31:57.594890Z,fast,11,1239
1969,2026-08-07T12:31:58.095485Z,fast,66,1064
1970,2026-08-07T12:31:58.595839Z,slow,64,1402
1970,2026-08-07T12:31:58.595832Z,fast,76,1403
1970,2026-08-07T12:31:59.094808Z,fast,21,1170
1971,2026-08-07T12:31:59.596740Z,fast,56,1644
1971,2026-08-07T12:32:00.094685Z,fast,6,1262
1972,2026-08-07T12:32:00.595053Z,fast,17,1321
1972,2026-08-07T12:32:00.595064Z,slow,32,1323
1972,2026-08-07T12:32:01.094798Z,fast,14,1446
1973,2026-08-07T12:32:01.596165Z,fast,12,1102
1973,2026-08-07T12:32:02.094789Z,fast,22,851
1974,2026-08-07T12:32:02.595032Z,slow,17,1306
1974,2026-08-07T12:32:02.595029Z,fast,17,1208
1974,2026-08-07T12:32:03.095625Z,fast,14,1237
1975,2026-08-07T12:32:03.595095Z,fast,10,928
1975,2026-08-07T12:32:04.095553Z,fast,24,1115
1976,2026-08-07T12:32:04.596663Z,fast,45,1726
1976,2026-08-07T12:32:04.596670Z,slow,55,1643
1976,2026-08-07T12:32:05.094795Z,fast,14,1106
1977,2026-08-07T12:32:05.595249Z,fast,41,1105
1977,2026-08-07T12:32:06.094698Z,fast,51,1577
1978,2026-08-07T12:32:06.597404Z,slow,53,1594
1978,2026-08-07T12:32:06.597401Z,fast,56,1595
1978,2026-08-07T12:32:07.094824Z,fast,13,890
1979,2026-08-07T12:32:07.599135Z,fast,16,1034
1979,2026-08-07T12:32:08.099487Z,fast,111,1510
1980,2026-08-07T12:32:08.595080Z,fast,23,1181
1980,2026-08-07T12:32:08.595085Z,slow,28,1181
1980,2026-08-07T12:32:09.094731Z,fast,4,841
1981,2026-08-07T12:32:09.596491Z,fast,46,1173
1981,2026-08-07T12:32:10.094700Z,fast,16,1463
1982,2026-08-07T12:32:10.594788Z,slow,19,1111
1982,2026-08-07T12:32:10.594779Z,fast,20,1102
1982,2026-08-07T12:32:11.094834Z,fast,16,1254
1983,2026-08-07T12:32:11.594724Z,fast,19,1102
1983,2026-08-07T12:32:12.095248Z,fast,18,980
1984,2026-08-07T12:32:12.599776Z,fast,4,74
1984,2026-08-07T12:32:12.599784Z,slow,5,74
1984,2026-08-07T12:32:13.097387Z,fast,12,65
1985,2026-08-07T12:32:13.599834Z,fast,5,65
1985,2026-08-07T12:32:14.099392Z,fast,2,69
1986,2026-08-07T12:32:14.596411Z,fast,4,68
1986,2026-08-07T12:32:14.596426Z,slow,5,68
1986,2026-08-07T12:32:15.096598Z,fast,2,65
1987,2026-08-07T12:32:15.598667Z,fast,9,65
1987,2026-08-07T12:32:16.098518Z,fast,5,65
1988,2026-08-07T12:32:16.596067Z,fast,1,60
1988,2026-08-07T12:32:16.596067Z,slow,1,62
1988,2026-08-07T12:32:17.099503Z,fast,2,63
1989,2026-08-07T12:32:17.599897Z,fast,4,63
1989,2026-08-07T12:32:18.094793Z,fast,22,63
1990,2026-08-07T12:32:18.598284Z,fast,96,1960
1990,2026-08-07T12:32:18.598318Z,slow,144,1969
1990,2026-08-07T12:32:19.099479Z,fast,5,63
1991,2026-08-07T12:32:19.596363Z,fast,2,63
1991,2026-08-07T12:32:20.095444Z,fast,4,63
1992,2026-08-07T12:32:20.599779Z,fast,25,1234
1992,2026-08-07T12:32:20.599828Z,slow,31,1368
1992,2026-08-07T12:32:21.097456Z,fast,3,53
1993,2026-08-07T12:32:21.599773Z,fast,7,63
1993,2026-08-07T12:32:22.097953Z,fast,5,63
1994,2026-08-07T12:32:22.598746Z,fast,4,71
1994,2026-08-07T12:32:22.598748Z,slow,7,72
1994,2026-08-07T12:32:23.099783Z,fast,4,53
1995,2026-08-07T12:32:23.599455Z,fast,4,63
1995,2026-08-07T12:32:24.099431Z,fast,3,63
1996,2026-08-07T12:32:24.599573Z,fast,3,72
1996,2026-08-07T12:32:24.599574Z,slow,4,72
1996,2026-08-07T12:32:25.099517Z,fast,4,53
1997,2026-08-07T12:32:25.598531Z,fast,3,63
1997,2026-08-07T12:32:26.095788Z,fast,4,63
1998,2026-08-07T12:32:26.599424Z,slow,4,72
1998,2026-08-07T12:32:26.599391Z,fast,4,72
1998,2026-08-07T12:32:27.100187Z,fast,2,53
1999,2026-08-07T12:32:27.599795Z,fast,4,63
1999,2026-08-07T12:32:28.099600Z,fast,11,63
2000,2026-08-07T12:32:28.597338Z,fast,1,63
2000,2026-08-07T12:32:28.597360Z,slow,2,63
2000,2026-08-07T12:32:29.099802Z,fast,6,53
2001,2026-08-07T12:32:29.598558Z,fast,3,63
2001,2026-08-07T12:32:30.099499Z,fast,4,63
2002,2026-08-07T12:32:30.598980Z,fast,2,72
2002,2026-08-07T12:32:30.598981Z,slow,2,72
2002,2026-08-07T12:32:31.099446Z,fast,1,51
2003,2026-08-07T12:32:31.599743Z,fast,29,63
2003,2026-08-07T12:32:32.096868Z,fast,3,63
2004,2026-08-07T12:32:32.599617Z,fast,7,70
2004,2026-08-07T12:32:32.599761Z,slow,9,72
2004,2026-08-07T12:32:33.099358Z,fast,2,91
2005,2026-08-07T12:32:33.597014Z,fast,3,63
2005,2026-08-07T12:32:34.099397Z,fast,1,63
2006,2026-08-07T12:32:34.598129Z,fast,5,72
2006,2026-08-07T12:32:34.598130Z,slow,5,72
2006,2026-08-07T12:32:35.094770Z,fast,1,45
2007,2026-08-07T12:32:35.598517Z,fast,3,63
2007,2026-08-07T12:32:36.099787Z,fast,1,63
2008,2026-08-07T12:32:36.596980Z,fast,6,70
2008,2026-08-07T12:32:36.596998Z,slow,7,72
2008,2026-08-07T12:32:37.097622Z,fast,89,1375
2009,2026-08-07T12:32:37.594787Z,fast,3,62
2009,2026-08-07T12:32:38.096893Z,fast,17,63
2010,2026-08-07T12:32:38.594873Z,fast,1,72
2010,2026-08-07T12:32:38.594873Z,slow,2,72
2010,2026-08-07T12:32:39.099824Z,fast,4,63
2011,2026-08-07T12:32:39.598722Z,fast,3,53
2011,2026-08-07T12:32:40.099517Z,fast,3,63
2012,2026-08-07T12:32:40.599393Z,fast,4,70
2012,2026-08-07T12:32:40.599412Z,slow,5,72
2012,2026-08-07T12:32:41.099376Z,fast,6,63
2013,2026-08-07T12:32:41.598499Z,fast,3,53
2013,2026-08-07T12:32:42.099350Z,fast,3,63
2014,2026-08-07T12:32:42.596022Z,fast,3,72
2014,2026-08-07T12:32:42.596023Z,slow,3,72
2014,2026-08-07T12:32:43.098473Z,fast,5,63
2015,2026-08-07T12:32:43.596617Z,fast,3,53
2015,2026-08-07T12:32:44.099364Z,fast,3,63
2016,2026-08-07T12:32:44.596764Z,fast,4,63
2016,2026-08-07T12:32:44.596784Z,slow,5,72
2016,2026-08-07T12:32:45.099799Z,fast,3,63
2017,2026-08-07T12:32:45.598772Z,fast,2,53
2017,2026-08-07T12:32:46.099816Z,fast,4,63
2018,2026-08-07T12:32:46.599380Z,fast,5,70
2018,2026-08-07T12:32:46.599408Z,slow,5,72
2018,2026-08-07T12:32:47.097689Z,fast,4,63
2019,2026-08-07T12:32:47.595211Z,fast,1,53
2019,2026-08-07T12:32:48.098927Z,fast,15,63
2020,2026-08-07T12:32:48.596368Z,fast,1,72
2020,2026-08-07T12:32:48.596368Z,slow,1,72
2020,2026-08-07T12:32:49.096052Z,fast,7,63
2021,2026-08-07T12:32:49.595180Z,fast,51,1950
2021,2026-08-07T12:32:50.099625Z,fast,4,61
2022,2026-08-07T12:32:50.595069Z,fast,4,70
2022,2026-08-07T12:32:50.595271Z,slow,5,72
2022,2026-08-07T12:32:51.098915Z,fast,2,63
2023,2026-08-07T12:32:51.598501Z,fast,2,63
2023,2026-08-07T12:32:52.096425Z,fast,4,51
2024,2026-08-07T12:32:52.598073Z,fast,4,72
2024,2026-08-07T12:32:52.598078Z,slow,6,72
2024,2026-08-07T12:32:53.096606Z,fast,4,63
2025,2026-08-07T12:32:53.595872Z,fast,3,63
2025,2026-08-07T12:32:54.095113Z,fast,4,51
2026,2026-08-07T12:32:54.596483Z,slow,5,72
2026,2026-08-07T12:32:54.596471Z,fast,5,72
2026,2026-08-07T12:32:55.097245Z,fast,2,63
2027,2026-08-07T12:32:55.599276Z,fast,10,63
2027,2026-08-07T12:32:56.095282Z,fast,2,53
2028,2026-08-07T12:32:56.598439Z,fast,3,72
2028,2026-08-07T12:32:56.598444Z,slow,4,72
2028,2026-08-07T12:32:57.097482Z,fast,3,63
2029,2026-08-07T12:32:57.598285Z,fast,2,63
2029,2026-08-07T12:32:58.096696Z,fast,128,1463
2030,2026-08-07T12:32:58.595098Z,fast,29,1023
2030,2026-08-07T12:32:58.595109Z,slow,33,1175
2030,2026-08-07T12:32:59.094895Z,fast,11,1095
2031,2026-08-07T12:32:59.595360Z,fast,11,1284
2031,2026-08-07T12:33:00.095159Z,fast,23,1343
2032,2026-08-07T12:33:00.594901Z,fast,26,1140
2032,2026-08-07T12:33:00.594901Z,slow,41,1142
2032,2026-08-07T12:33:01.095867Z,fast,16,1058
2033,2026-08-07T12:33:01.594846Z,fast,47,1548
2033,2026-08-07T12:33:02.095943Z,fast,13,1492
2034,2026-08-07T12:33:02.595095Z,fast,11,1166
2034,2026-08-07T12:33:02.595099Z,slow,22,1285
2034,2026-08-07T12:33:03.094902Z,fast,11,1641
2035,2026-08-07T12:33:03.595092Z,fast,9,1598
2035,2026-08-07T12:33:04.095075Z,fast,18,1648
2036,2026-08-07T12:33:04.595992Z,fast,42,1607
2036,2026-08-07T12:33:04.595993Z,slow,59,1612
2036,2026-08-07T12:33:05.095600Z,fast,33,994
2037,2026-08-07T12:33:05.595947Z,fast,85,1783
2037,2026-08-07T12:33:06.096121Z,fast,25,1453
2038,2026-08-07T12:33:06.594948Z,slow,25,1541
2038,2026-08-07T12:33:06.594946Z,fast,27,1541
2038,2026-08-07T12:33:07.095661Z,fast,9,1310
2039,2026-08-07T12:33:07.596406Z,fast,6,880
2039,2026-08-07T12:33:08.096728Z,fast,192,1806
2040,2026-08-07T12:33:08.599944Z,slow,91,1561
2040,2026-08-07T12:33:08.599911Z,fast,95,1655
2040,2026-08-07T12:33:09.094873Z,fast,10,1103
2041,2026-08-07T12:33:09.595068Z,fast,19,1325
2041,2026-08-07T12:33:10.096616Z,fast,20,1419
2042,2026-08-07T12:33:10.595699Z,slow,16,1110
2042,2026-08-07T12:33:10.595680Z,fast,18,1101
2042,2026-08-07T12:33:11.095767Z,fast,22,1650
2043,2026-08-07T12:33:11.595881Z,fast,41,1882
2043,2026-08-07T12:33:12.094893Z,fast,31,1751
2044,2026-08-07T12:33:12.595081Z,fast,27,1714
2044,2026-08-07T12:33:12.595081Z,slow,38,1642
2044,2026-08-07T12:33:13.095591Z,fast,43,1450
2045,2026-08-07T12:33:13.595121Z,fast,28,1166
2045,2026-08-07T12:33:14.094873Z,fast,12,1309
2046,2026-08-07T12:33:14.594808Z,fast,13,1000
2046,2026-08-07T12:33:14.594868Z,slow,13,900
2046,2026-08-07T12:33:15.094934Z,fast,24,1419
2047,2026-08-07T12:33:15.596415Z,fast,21,812
2047,2026-08-07T12:33:16.095128Z,fast,14,1384
2048,2026-08-07T12:33:16.594816Z,fast,21,1303
2048,2026-08-07T12:33:16.594864Z,slow,28,1623
2048,2026-08-07T12:33:17.094954Z,fast,10,1166
2049,2026-08-07T12:33:17.594984Z,fast,15,1388
2049,2026-08-07T12:33:18.097565Z,fast,44,1202
2050,2026-08-07T12:33:18.595098Z,fast,13,1143
2050,2026-08-07T12:33:18.595100Z,slow,21,1142
2050,2026-08-07T12:33:19.094886Z,fast,12,1310
2051,2026-08-07T12:33:19.595123Z,fast,20,1376
2051,2026-08-07T12:33:20.095886Z,fast,13,1470
2052,2026-08-07T12:33:20.595763Z,slow,12,1310
2052,2026-08-07T12:33:20.595762Z,fast,16,1327
2052,2026-08-07T12:33:21.095606Z,fast,16,1199
2053,2026-08-07T12:33:21.596917Z,fast,18,1356
2053,2026-08-07T12:33:22.095893Z,fast,59,1595
2054,2026-08-07T12:33:22.595069Z,fast,28,1459
2054,2026-08-07T12:33:22.595102Z,slow,35,1461
2054,2026-08-07T12:33:23.094929Z,fast,8,989
2055,2026-08-07T12:33:23.594852Z,fast,11,1102
2055,2026-08-07T12:33:24.096492Z,fast,53,1598
2056,2026-08-07T12:33:24.595045Z,fast,16,1175
2056,2026-08-07T12:33:24.595045Z,slow,22,1191
2056,2026-08-07T12:33:25.095890Z,fast,29,1275
2057,2026-08-07T12:33:25.595329Z,fast,22,1420
2057,2026-08-07T12:33:26.096088Z,fast,12,1275
2058,2026-08-07T12:33:26.594891Z,fast,29,1564
2058,2026-08-07T12:33:26.594892Z,slow,30,1573
2058,2026-08-07T12:33:27.095226Z,fast,25,1383
2059,2026-08-07T12:33:27.595354Z,fast,27,812
2059,2026-08-07T12:33:28.100174Z,fast,181,912
2060,2026-08-07T12:33:28.597636Z,slow,309,1422
2060,2026-08-07T12:33:28.597572Z,fast,310,1231
2060,2026-08-07T12:33:29.094979Z,fast,23,1686
2061,2026-08-07T12:33:29.598815Z,fast,8,880
2061,2026-08-07T12:33:30.095150Z,fast,9,1135
2062,2026-08-07T12:33:30.595096Z,fast,22,1344
2062,2026-08-07T12:33:30.595111Z,slow,29,1431
2062,2026-08-07T12:33:31.095511Z,fast,12,1243
2063,2026-08-07T12:33:31.595058Z,fast,12,1023
2063,2026-08-07T12:33:32.096228Z,fast,9,558
2064,2026-08-07T12:33:32.594912Z,fast,13,1276
2064,2026-08-07T12:33:32.594918Z,slow,21,1144
2064,2026-08-07T12:33:33.096175Z,fast,11,1312
2065,2026-08-07T12:33:33.598838Z,fast,47,1599
2065,2026-08-07T12:33:34.095712Z,fast,13,846
2066,2026-08-07T12:33:34.595489Z,slow,38,1023
2066,2026-08-07T12:33:34.595478Z,fast,51,1032
2066,2026-08-07T12:33:35.095096Z,fast,21,1596
2067,2026-08-07T12:33:35.595187Z,fast,12,1311
2067,2026-08-07T12:33:36.096443Z,fast,7,1042
2068,2026-08-07T12:33:36.594971Z,slow,26,1357
2068,2026-08-07T12:33:36.594961Z,fast,35,1461
2068,2026-08-07T12:33:37.095669Z,fast,16,1386
2069,2026-08-07T12:33:37.595697Z,fast,12,1168
2069,2026-08-07T12:33:38.096506Z,fast,148,1880
2070,2026-08-07T12:33:38.596124Z,fast,30,1478
2070,2026-08-07T12:33:38.596101Z,slow,31,1474
2070,2026-08-07T12:33:39.096044Z,fast,21,1143
2071,2026-08-07T12:33:39.595163Z,fast,43,1422
2071,2026-08-07T12:33:40.094907Z,fast,14,1387
2072,2026-08-07T12:33:40.595690Z,fast,11,1133
2072,2026-08-07T12:33:40.595698Z,slow,20,1206
2072,2026-08-07T12:33:41.094918Z,fast,17,1320
2073,2026-08-07T12:33:41.595093Z,fast,20,1456
2073,2026-08-07T12:33:42.095012Z,fast,12,1231
2074,2026-08-07T12:33:42.595269Z,fast,20,1384
2074,2026-08-07T12:33:42.595329Z,slow,20,1514
2074,2026-08-07T12:33:43.095057Z,fast,16,1199
2075,2026-08-07T12:33:43.595781Z,fast,15,1242
2075,2026-08-07T12:33:44.095574Z,fast,16,1419
2076,2026-08-07T12:33:44.594959Z,fast,11,1222
2076,2026-08-07T12:33:44.594959Z,slow,13,1222
2076,2026-08-07T12:33:45.097531Z,fast,17,1088
2077,2026-08-07T12:33:45.595055Z,fast,25,1453
2077,2026-08-07T12:33:46.095263Z,fast,19,1562
2078,2026-08-07T12:33:46.595026Z,slow,15,1242
2078,2026-08-07T12:33:46.595026Z,fast,18,1242
2078,2026-08-07T12:33:47.095088Z,fast,21,1055
2079,2026-08-07T12:33:47.594944Z,fast,25,1452
2079,2026-08-07T12:33:48.095079Z,fast,156,1803
2080,2026-08-07T12:33:48.595552Z,slow,23,1376
2080,2026-08-07T12:33:48.595544Z,fast,28,1384
2080,2026-08-07T12:33:49.094887Z,fast,28,1627
2081,2026-08-07T12:33:49.595416Z,fast,12,1744
2081,2026-08-07T12:33:50.094923Z,fast,22,1660
2082,2026-08-07T12:33:50.594935Z,slow,29,1660
2082,2026-08-07T12:33:50.594872Z,fast,34,1789
2082,2026-08-07T12:33:51.094981Z,fast,15,1128
2083,2026-08-07T12:33:51.595129Z,fast,21,1375
2083,2026-08-07T12:33:52.095394Z,fast,13,1233
2084,2026-08-07T12:33:52.595468Z,slow,39,1352
2084,2026-08-07T12:33:52.595464Z,fast,40,1737
2084,2026-08-07T12:33:53.094963Z,fast,26,1132
2085,2026-08-07T12:33:53.594951Z,fast,21,1340
2085,2026-08-07T12:33:54.095106Z,fast,21,1231
2086,2026-08-07T12:33:54.594969Z,fast,14,1341
2086,2026-08-07T12:33:54.594974Z,slow,36,1350
2086,2026-08-07T12:33:55.094890Z,fast,37,1374
2087,2026-08-07T12:33:55.597707Z,fast,12,945
2087,2026-08-07T12:33:56.097071Z,fast,16,1561
2088,2026-08-07T12:33:56.595982Z,fast,16,1240
2088,2026-08-07T12:33:56.596Z,slow,23,1519
2088,2026-08-07T12:33:57.096883Z,fast,17,1089
2089,2026-08-07T12:33:57.595992Z,fast,28,1306
2089,2026-08-07T12:33:58.097237Z,fast,38,773
2090,2026-08-07T12:33:58.598840Z,fast,1,72
2090,2026-08-07T12:33:58.598859Z,slow,1,74
2090,2026-08-07T12:33:59.099678Z,fast,3,65
2091,2026-08-07T12:33:59.596530Z,fast,2,65
2091,2026-08-07T12:34:00.095415Z,fast,31,2216
2092,2026-08-07T12:34:00.600716Z,slow,3,72
2092,2026-08-07T12:34:00.600590Z,fast,3,74
2092,2026-08-07T12:34:01.096692Z,fast,3,65
2093,2026-08-07T12:34:01.598948Z,fast,2,65
2093,2026-08-07T12:34:02.096313Z,fast,18,528
2094,2026-08-07T12:34:02.596529Z,fast,5,71
2094,2026-08-07T12:34:02.596530Z,slow,5,71
2094,2026-08-07T12:34:03.098328Z,fast,2,63
2095,2026-08-07T12:34:03.599942Z,fast,3,63
2095,2026-08-07T12:34:04.095198Z,fast,4,63
2096,2026-08-07T12:34:04.597162Z,fast,4,60
2096,2026-08-07T12:34:04.597183Z,slow,4,62
2096,2026-08-07T12:34:05.099758Z,fast,2,63
2097,2026-08-07T12:34:05.595894Z,fast,3,63
2097,2026-08-07T12:34:06.098333Z,fast,4,63
2098,2026-08-07T12:34:06.599732Z,fast,5,62
2098,2026-08-07T12:34:06.599749Z,slow,5,62
2098,2026-08-07T12:34:07.099951Z,fast,1,63
2099,2026-08-07T12:34:07.599948Z,fast,3,63
2099,2026-08-07T12:34:08.095635Z,fast,22,63
2100,2026-08-07T12:34:08.594924Z,fast,1,62
2100,2026-08-07T12:34:08.594944Z,slow,2,62
2100,2026-08-07T12:34:09.097201Z,fast,2,63
2101,2026-08-07T12:34:09.596691Z,fast,12,63
2101,2026-08-07T12:34:10.098339Z,fast,4,63
2102,2026-08-07T12:34:10.599992Z,fast,3,62
2102,2026-08-07T12:34:10.599993Z,slow,3,62
2102,2026-08-07T12:34:11.099972Z,fast,5,63
2103,2026-08-07T12:34:11.595140Z,fast,3,63
2103,2026-08-07T12:34:12.096549Z,fast,3,63
2104,2026-08-07T12:34:12.596650Z,fast,3,62
2104,2026-08-07T12:34:12.596657Z,slow,3,62
2104,2026-08-07T12:34:13.096568Z,fast,3,63
2105,2026-08-07T12:34:13.598974Z,fast,4,63
2105,2026-08-07T12:34:14.097550Z,fast,4,67
2106,2026-08-07T12:34:14.595163Z,fast,2,58
2106,2026-08-07T12:34:14.595171Z,slow,2,66
2106,2026-08-07T12:34:15.098335Z,fast,1,66
2107,2026-08-07T12:34:15.596541Z,fast,9,63
2107,2026-08-07T12:34:16.095784Z,fast,4,63
2108,2026-08-07T12:34:16.595213Z,fast,1,62
2108,2026-08-07T12:34:16.595207Z,slow,1,62
2108,2026-08-07T12:34:17.097643Z,fast,4,63
2109,2026-08-07T12:34:17.595725Z,fast,3,63
2109,2026-08-07T12:34:18.096721Z,fast,58,63
2110,2026-08-07T12:34:18.595112Z,slow,2,61
2110,2026-08-07T12:34:18.595108Z,fast,2,62
2110,2026-08-07T12:34:19.095857Z,fast,5,63
2111,2026-08-07T12:34:19.595745Z,fast,4,63
2111,2026-08-07T12:34:20.096717Z,fast,4,63
2112,2026-08-07T12:34:20.598744Z,fast,1,62
2112,2026-08-07T12:34:20.598750Z,slow,1,62
2112,2026-08-07T12:34:21.099989Z,fast,4,63
2113,2026-08-07T12:34:21.597169Z,fast,3,63
2113,2026-08-07T12:34:22.096553Z,fast,1,63
2114,2026-08-07T12:34:22.598477Z,slow,28,1277
2114,2026-08-07T12:34:22.598477Z,fast,35,1860
2114,2026-08-07T12:34:23.098464Z,fast,3,63
2115,2026-08-07T12:34:23.598919Z,fast,1,63
2115,2026-08-07T12:34:24.096557Z,fast,2,63
2116,2026-08-07T12:34:24.599278Z,fast,24,890
2116,2026-08-07T12:34:24.599283Z,slow,34,882
2116,2026-08-07T12:34:25.100Z,fast,4,62
2117,2026-08-07T12:34:25.597702Z,fast,2,63
2117,2026-08-07T12:34:26.099996Z,fast,4,63
2118,2026-08-07T12:34:26.599993Z,fast,3,72
2118,2026-08-07T12:34:26.600090Z,slow,3,72
2118,2026-08-07T12:34:27.097312Z,fast,3,53
2119,2026-08-07T12:34:27.596258Z,fast,6,63
2119,2026-08-07T12:34:28.096593Z,fast,15,63
2120,2026-08-07T12:34:28.596342Z,slow,8,72
2120,2026-08-07T12:34:28.596336Z,fast,9,70
2120,2026-08-07T12:34:29.095266Z,fast,3,53
2121,2026-08-07T12:34:29.599998Z,fast,4,63
2121,2026-08-07T12:34:30.098333Z,fast,4,63
2122,2026-08-07T12:34:30.599987Z,fast,3,71
2122,2026-08-07T12:34:30.600005Z,slow,3,72
2122,2026-08-07T12:34:31.095395Z,fast,3,53
2123,2026-08-07T12:34:31.599999Z,fast,4,63
2123,2026-08-07T12:34:32.095646Z,fast,3,63
2124,2026-08-07T12:34:32.598246Z,fast,3,70
2124,2026-08-07T12:34:32.598279Z,slow,3,72
2124,2026-08-07T12:34:33.095185Z,fast,3,53
2125,2026-08-07T12:34:33.596081Z,fast,5,63
2125,2026-08-07T12:34:34.100024Z,fast,5,63
2126,2026-08-07T12:34:34.600043Z,fast,4,70
2126,2026-08-07T12:34:34.600088Z,slow,4,72
2126,2026-08-07T12:34:35.099955Z,fast,43,2003
2127,2026-08-07T12:34:35.596537Z,fast,2,63
2127,2026-08-07T12:34:36.095159Z,fast,4,63
2128,2026-08-07T12:34:36.598890Z,fast,3,70
2128,2026-08-07T12:34:36.598920Z,slow,4,72
2128,2026-08-07T12:34:37.097665Z,fast,11,63
2129,2026-08-07T12:34:37.595734Z,fast,3,51
2129,2026-08-07T12:34:38.097320Z,fast,10,63
2130,2026-08-07T12:34:38.598802Z,fast,4,72
2130,2026-08-07T12:34:38.598804Z,slow,4,72
2130,2026-08-07T12:34:39.099992Z,fast,3,63
2131,2026-08-07T12:34:39.595134Z,fast,3,53
2131,2026-08-07T12:34:40.096839Z,fast,1,63
2132,2026-08-07T12:34:40.596868Z,fast,4,70
2132,2026-08-07T12:34:40.596882Z,slow,6,72
2132,2026-08-07T12:34:41.097182Z,fast,2,63
2133,2026-08-07T12:34:41.599167Z,fast,4,53
2133,2026-08-07T12:34:42.099515Z,fast,10,63
2134,2026-08-07T12:34:42.598477Z,fast,5,71
2134,2026-08-07T12:34:42.598492Z,slow,5,72
2134,2026-08-07T12:34:43.095891Z,fast,3,63
2135,2026-08-07T12:34:43.595397Z,fast,1,53
2135,2026-08-07T12:34:44.099266Z,fast,3,63
2136,2026-08-07T12:34:44.599214Z,fast,4,70
2136,2026-08-07T12:34:44.599228Z,slow,4,72
2136,2026-08-07T12:34:45.098329Z,fast,4,63
2137,2026-08-07T12:34:45.596606Z,fast,2,53
2137,2026-08-07T12:34:46.099171Z,fast,2,63
2138,2026-08-07T12:34:46.598629Z,fast,3,72
2138,2026-08-07T12:34:46.598748Z,slow,3,72
2138,2026-08-07T12:34:47.099757Z,fast,2,63
2139,2026-08-07T12:34:47.595242Z,fast,67,1244
2139,2026-08-07T12:34:48.098453Z,fast,246,1979
2140,2026-08-07T12:34:48.595094Z,fast,82,1202
2140,2026-08-07T12:34:48.595281Z,slow,86,1210
2140,2026-08-07T12:34:49.095345Z,fast,11,862
2141,2026-08-07T12:34:49.595108Z,fast,15,1198
2141,2026-08-07T12:34:50.095037Z,fast,22,1247
2142,2026-08-07T12:34:50.595930Z,fast,15,1503
2142,2026-08-07T12:34:50.595932Z,slow,30,1501
2142,2026-08-07T12:34:51.095276Z,fast,10,1130
2143,2026-08-07T12:34:51.595413Z,fast,67,1539
2143,2026-08-07T12:34:52.095041Z,fast,22,1639
2144,2026-08-07T12:34:52.596904Z,slow,26,1274
2144,2026-08-07T12:34:52.596891Z,fast,52,1269
2144,2026-08-07T12:34:53.095156Z,fast,23,1687
2145,2026-08-07T12:34:53.595786Z,fast,70,1523
2145,2026-08-07T12:34:54.097834Z,fast,49,1718
2146,2026-08-07T12:34:54.600037Z,fast,76,1442
2146,2026-08-07T12:34:54.600059Z,slow,84,1442
2146,2026-08-07T12:34:55.099076Z,fast,43,1314
2147,2026-08-07T12:34:55.600055Z,fast,175,1819
2147,2026-08-07T12:34:56.098221Z,fast,69,1678
2148,2026-08-07T12:34:56.600040Z,slow,110,1706
2148,2026-08-07T12:34:56.600024Z,fast,122,1840
2148,2026-08-07T12:34:57.095617Z,fast,105,1526
2149,2026-08-07T12:34:57.600045Z,fast,89,1819
2149,2026-08-07T12:34:58.097154Z,fast,748,1757
2150,2026-08-07T12:34:58.599006Z,slow,246,1538
2150,2026-08-07T12:34:58.845787Z,fast,96,1960
2150,2026-08-07T12:34:59.095092Z,fast,104,1717
2151,2026-08-07T12:34:59.597461Z,fast,60,1526
2151,2026-08-07T12:35:00.101765Z,fast,312,1103
2152,2026-08-07T12:35:00.596450Z,slow,307,1787
2152,2026-08-07T12:35:00.596334Z,fast,309,1753
2152,2026-08-07T12:35:01.095097Z,fast,90,1508
2153,2026-08-07T12:35:01.595338Z,fast,88,1570
2153,2026-08-07T12:35:02.095146Z,fast,184,1788
2154,2026-08-07T12:35:02.595892Z,fast,95,777
2154,2026-08-07T12:35:02.595919Z,slow,103,778
2154,2026-08-07T12:35:03.095824Z,fast,107,1826
2155,2026-08-07T12:35:03.596647Z,fast,180,1759
2155,2026-08-07T12:35:04.095541Z,fast,61,1608
2156,2026-08-07T12:35:04.597018Z,slow,120,1789
2156,2026-08-07T12:35:04.597004Z,fast,121,1798
2156,2026-08-07T12:35:05.100744Z,fast,86,1440
2157,2026-08-07T12:35:05.596278Z,fast,28,1033
2157,2026-08-07T12:35:06.096782Z,fast,147,1107
2158,2026-08-07T12:35:06.598949Z,fast,188,1826
2158,2026-08-07T12:35:06.598949Z,slow,213,1883
2158,2026-08-07T12:35:07.096845Z,fast,205,1719
2159,2026-08-07T12:35:07.595053Z,fast,182,1933
2160,2026-08-07T12:35:08.598789Z,slow,735,1717
2160,2026-08-07T12:35:09.380209Z,fast,109,1812
2161,2026-08-07T12:35:09.597207Z,fast,424,1787
2161,2026-08-07T12:35:10.095353Z,fast,105,1821
2162,2026-08-07T12:35:10.597862Z,slow,34,1782
2162,2026-08-07T12:35:10.597862Z,fast,77,1771
2162,2026-08-07T12:35:11.095133Z,fast,85,1876
2163,2026-08-07T12:35:11.595135Z,fast,27,1198
2163,2026-08-07T12:35:12.096563Z,fast,20,1396
2164,2026-08-07T12:35:12.595154Z,fast,32,1762
2164,2026-08-07T12:35:12.595157Z,slow,69,1601
2164,2026-08-07T12:35:13.095498Z,fast,33,1578
2165,2026-08-07T12:35:13.595042Z,fast,42,1330
2165,2026-08-07T12:35:14.095137Z,fast,33,1397
2166,2026-08-07T12:35:14.595820Z,fast,97,1805
2166,2026-08-07T12:35:14.595829Z,slow,113,1721
2166,2026-08-07T12:35:15.098993Z,fast,159,1690
2167,2026-08-07T12:35:15.596474Z,fast,63,1763
2167,2026-08-07T12:35:16.098745Z,fast,106,1763
2168,2026-08-07T12:35:16.595210Z,fast,267,2381
2168,2026-08-07T12:35:16.595220Z,slow,276,2632
2168,2026-08-07T12:35:17.097223Z,fast,102,1199
2169,2026-08-07T12:35:17.599391Z,fast,349,1883
2170,2026-08-07T12:35:18.598622Z,fast,103,2009
2170,2026-08-07T12:35:18.595095Z,slow,220,1999
2170,2026-08-07T12:35:19.095323Z,fast,52,1507
2171,2026-08-07T12:35:19.598595Z,fast,43,1278
2171,2026-08-07T12:35:20.096262Z,fast,35,1790
2172,2026-08-07T12:35:20.595767Z,fast,33,1459
2172,2026-08-07T12:35:20.595780Z,slow,36,1479
2172,2026-08-07T12:35:21.096906Z,fast,100,1602
2173,2026-08-07T12:35:21.595121Z,fast,32,1495
2173,2026-08-07T12:35:22.100951Z,fast,59,1527
2174,2026-08-07T12:35:22.597644Z,fast,91,1867
2174,2026-08-07T12:35:22.597649Z,slow,105,1876
2174,2026-08-07T12:35:23.099673Z,fast,76,2005
2175,2026-08-07T12:35:23.598839Z,fast,143,1458
2175,2026-08-07T12:35:24.095288Z,fast,21,1605
2176,2026-08-07T12:35:24.598580Z,fast,60,1502
2176,2026-08-07T12:35:24.598582Z,slow,61,1493
2176,2026-08-07T12:35:25.095911Z,fast,102,1784
2177,2026-08-07T12:35:25.595883Z,fast,61,1605
2177,2026-08-07T12:35:26.097028Z,fast,51,1866
2178,2026-08-07T12:35:26.598246Z,slow,39,1694
2178,2026-08-07T12:35:26.598236Z,fast,39,1691
2178,2026-08-07T12:35:27.095747Z,fast,34,1646
2179,2026-08-07T12:35:27.595762Z,fast,56,1462
2179,2026-08-07T12:35:28.099166Z,fast,836,1477
2180,2026-08-07T12:35:28.599445Z,slow,364,1536
2180,2026-08-07T12:35:28.936638Z,fast,217,1095
2180,2026-08-07T12:35:29.153853Z,fast,105,1737
2181,2026-08-07T12:35:29.595425Z,fast,54,1562
2181,2026-08-07T12:35:30.098789Z,fast,52,1786
2182,2026-08-07T12:35:30.595319Z,fast,63,1472
2182,2026-08-07T12:35:30.595342Z,slow,244,1627
2182,2026-08-07T12:35:31.096549Z,fast,68,1605
2183,2026-08-07T12:35:31.595376Z,fast,47,1718
2183,2026-08-07T12:35:32.096696Z,fast,258,1905
2184,2026-08-07T12:35:32.596683Z,fast,75,2001
2184,2026-08-07T12:35:32.596805Z,slow,87,2010
2184,2026-08-07T12:35:33.096Z,fast,51,1345
2185,2026-08-07T12:35:33.595743Z,fast,23,1458
2185,2026-08-07T12:35:34.095556Z,fast,45,1725
2186,2026-08-07T12:35:34.595062Z,fast,35,1617
2186,2026-08-07T12:35:34.595095Z,slow,70,1619
2186,2026-08-07T12:35:35.095130Z,fast,29,1474
2187,2026-08-07T12:35:35.596130Z,fast,46,1751
2187,2026-08-07T12:35:36.095752Z,fast,122,1839
2188,2026-08-07T12:35:36.595589Z,slow,101,1745
2188,2026-08-07T12:35:36.595588Z,fast,108,1711
2188,2026-08-07T12:35:37.098271Z,fast,113,1379
2189,2026-08-07T12:35:37.597309Z,fast,45,1836
2189,2026-08-07T12:35:38.099895Z,fast,814,1566
2190,2026-08-07T12:35:38.914906Z,fast,545,1942
2190,2026-08-07T12:35:38.597971Z,slow,887,1830
2190,2026-08-07T12:35:39.460640Z,fast,57,1117
2191,2026-08-07T12:35:39.598215Z,fast,191,1818
2191,2026-08-07T12:35:40.096789Z,fast,177,1852
2192,2026-08-07T12:35:40.595517Z,slow,89,1348
2192,2026-08-07T12:35:40.595507Z,fast,108,1117
2192,2026-08-07T12:35:41.096422Z,fast,49,1734
2193,2026-08-07T12:35:41.599060Z,fast,93,1836
2193,2026-08-07T12:35:42.096400Z,fast,88,1852
2194,2026-08-07T12:35:42.597508Z,fast,107,1807
2194,2026-08-07T12:35:42.597526Z,slow,173,1755
2194,2026-08-07T12:35:43.099466Z,fast,287,1709
2195,2026-08-07T12:35:43.600086Z,fast,110,1608
2195,2026-08-07T12:35:44.095535Z,fast,41,1276
2196,2026-08-07T12:35:44.599065Z,fast,93,1627
2196,2026-08-07T12:35:44.599084Z,slow,94,1618
2196,2026-08-07T12:35:45.096308Z,fast,49,1019
2197,2026-08-07T12:35:45.595949Z,fast,35,1094
2197,2026-08-07T12:35:46.097302Z,fast,51,1542
2198,2026-08-07T12:35:46.598993Z,slow,51,1721
2198,2026-08-07T12:35:46.598989Z,fast,53,1731
2198,2026-08-07T12:35:47.095515Z,fast,69,1568
2199,2026-08-07T12:35:47.596067Z,fast,74,1697
2199,2026-08-07T12:35:48.097304Z,fast,45,63
2200,2026-08-07T12:35:48.599311Z,fast,23,65
2200,2026-08-07T12:35:48.599493Z,slow,45,65
2200,2026-08-07T12:35:49.098311Z,fast,6,65
2201,2026-08-07T12:35:49.599484Z,fast,5,65
2201,2026-08-07T12:35:50.099889Z,fast,3,179
2202,2026-08-07T12:35:50.597168Z,fast,10,66
2202,2026-08-07T12:35:50.597289Z,slow,12,65
2202,2026-08-07T12:35:51.100115Z,fast,4,65
2203,2026-08-07T12:35:51.597710Z,fast,4,65
2203,2026-08-07T12:35:52.097487Z,fast,2,55
2204,2026-08-07T12:35:52.595194Z,fast,4,74
2204,2026-08-07T12:35:52.595202Z,slow,4,74
2204,2026-08-07T12:35:53.099915Z,fast,3,65
2205,2026-08-07T12:35:53.600055Z,fast,3,65
2205,2026-08-07T12:35:54.099421Z,fast,1,53
2206,2026-08-07T12:35:54.599265Z,fast,4,72
2206,2026-08-07T12:35:54.599265Z,slow,4,72
2206,2026-08-07T12:35:55.100018Z,fast,4,63
2207,2026-08-07T12:35:55.599136Z,fast,3,63
2207,2026-08-07T12:35:56.095143Z,fast,0,51
2208,2026-08-07T12:35:56.598500Z,slow,5,72
2208,2026-08-07T12:35:56.598495Z,fast,5,72
2208,2026-08-07T12:35:57.097836Z,fast,3,63
2209,2026-08-07T12:35:57.598524Z,fast,3,63
2209,2026-08-07T12:35:58.095499Z,fast,141,526
2210,2026-08-07T12:35:58.598648Z,fast,3,63
2210,2026-08-07T12:35:58.598661Z,slow,5,73
2210,2026-08-07T12:35:59.100096Z,fast,4,63
2211,2026-08-07T12:35:59.596495Z,fast,4,63
2211,2026-08-07T12:36:00.098725Z,fast,5,63
2212,2026-08-07T12:36:00.600134Z,fast,3,62
2212,2026-08-07T12:36:00.600134Z,slow,3,62
2212,2026-08-07T12:36:01.107370Z,fast,10,63
2213,2026-08-07T12:36:01.599117Z,fast,3,63
2213,2026-08-07T12:36:02.095694Z,fast,3,63
2214,2026-08-07T12:36:02.598690Z,fast,4,60
2214,2026-08-07T12:36:02.598719Z,slow,5,62
2214,2026-08-07T12:36:03.100170Z,fast,5,63
2215,2026-08-07T12:36:03.600820Z,fast,5,63
2215,2026-08-07T12:36:04.099214Z,fast,2,63
2216,2026-08-07T12:36:04.597587Z,slow,2,64
2216,2026-08-07T12:36:04.597586Z,fast,2,64
2216,2026-08-07T12:36:05.099329Z,fast,2,65
2217,2026-08-07T12:36:05.598814Z,fast,4,65
2217,2026-08-07T12:36:06.097375Z,fast,2,65
2218,2026-08-07T12:36:06.598706Z,fast,1,62
2218,2026-08-07T12:36:06.598707Z,slow,1,62
2218,2026-08-07T12:36:07.097271Z,fast,3,65
2219,2026-08-07T12:36:07.598777Z,fast,4,65
2219,2026-08-07T12:36:08.099880Z,fast,3,65
2220,2026-08-07T12:36:08.595320Z,slow,1,70
2220,2026-08-07T12:36:08.595319Z,fast,1,72
2220,2026-08-07T12:36:09.097340Z,fast,3,65
2221,2026-08-07T12:36:09.597810Z,fast,2,65
2221,2026-08-07T12:36:10.095848Z,fast,2,65
2222,2026-08-07T12:36:10.593615Z,fast,1,60
2222,2026-08-07T12:36:10.593620Z,slow,1,58
2222,2026-08-07T12:36:11.091995Z,fast,3,63
2223,2026-08-07T12:36:11.595454Z,fast,1,63
2223,2026-08-07T12:36:12.092690Z,fast,3,63
2224,2026-08-07T12:36:12.589166Z,fast,0,52
2224,2026-08-07T12:36:12.589166Z,slow,0,52
2224,2026-08-07T12:36:13.093104Z,fast,3,61
2225,2026-08-07T12:36:13.591384Z,fast,3,61
2225,2026-08-07T12:36:14.089731Z,fast,3,65
2226,2026-08-07T12:36:14.587289Z,fast,27,1653
2226,2026-08-07T12:36:14.587356Z,slow,27,1662
2226,2026-08-07T12:36:15.090277Z,fast,4,65
2227,2026-08-07T12:36:15.589770Z,fast,3,61
2227,2026-08-07T12:36:16.087164Z,fast,3,61
2228,2026-08-07T12:36:16.588536Z,slow,56,1807
2228,2026-08-07T12:36:16.588536Z,fast,61,1807
2228,2026-08-07T12:36:17.084918Z,fast,3,61
2229,2026-08-07T12:36:17.584396Z,fast,2,61
2229,2026-08-07T12:36:18.082049Z,fast,25,61
2230,2026-08-07T12:36:18.586151Z,slow,19,561
2230,2026-08-07T12:36:18.586151Z,fast,77,1604
2230,2026-08-07T12:36:19.085842Z,fast,2,51
2231,2026-08-07T12:36:19.581979Z,fast,4,61
2231,2026-08-07T12:36:20.084588Z,fast,2,61
2232,2026-08-07T12:36:20.580749Z,fast,1,68
2232,2026-08-07T12:36:20.580760Z,slow,2,70
2232,2026-08-07T12:36:21.081130Z,fast,2,51
2233,2026-08-07T12:36:21.579866Z,fast,2,61
2233,2026-08-07T12:36:22.078374Z,fast,4,61
2234,2026-08-07T12:36:22.581712Z,fast,2,70
2234,2026-08-07T12:36:22.581939Z,slow,2,70
2234,2026-08-07T12:36:23.081370Z,fast,4,52
2235,2026-08-07T12:36:23.581957Z,fast,3,63
2235,2026-08-07T12:36:24.080651Z,fast,6,63
2236,2026-08-07T12:36:24.579287Z,slow,3,72
2236,2026-08-07T12:36:24.579286Z,fast,3,72
2236,2026-08-07T12:36:25.079962Z,fast,3,51
2237,2026-08-07T12:36:25.579519Z,fast,4,63
2237,2026-08-07T12:36:26.078649Z,fast,3,63
2238,2026-08-07T12:36:26.579952Z,slow,4,72
2238,2026-08-07T12:36:26.579952Z,fast,4,72
2238,2026-08-07T12:36:27.079594Z,fast,2,51
2239,2026-08-07T12:36:27.577568Z,fast,3,63
2239,2026-08-07T12:36:28.078743Z,fast,9,63
2240,2026-08-07T12:36:28.578799Z,fast,2,72
2240,2026-08-07T12:36:28.578819Z,slow,2,72
2240,2026-08-07T12:36:29.078572Z,fast,3,51
2241,2026-08-07T12:36:29.575720Z,fast,3,63
2241,2026-08-07T12:36:30.075628Z,fast,2,63
2242,2026-08-07T12:36:30.576809Z,fast,4,72
2242,2026-08-07T12:36:30.576783Z,slow,4,72
2242,2026-08-07T12:36:31.076256Z,fast,2,51
2243,2026-08-07T12:36:31.576075Z,fast,2,61
2243,2026-08-07T12:36:32.076093Z,fast,3,61
2244,2026-08-07T12:36:32.572043Z,fast,4,68
2244,2026-08-07T12:36:32.572053Z,slow,4,70
2244,2026-08-07T12:36:33.075619Z,fast,2,51
2245,2026-08-07T12:36:33.572993Z,fast,3,62
2245,2026-08-07T12:36:34.076236Z,fast,3,61
2246,2026-08-07T12:36:34.576150Z,fast,3,70
2246,2026-08-07T12:36:34.576159Z,slow,3,70
2246,2026-08-07T12:36:35.074240Z,fast,3,51
2247,2026-08-07T12:36:35.575813Z,fast,3,63
2247,2026-08-07T12:36:36.075510Z,fast,3,63
2248,2026-08-07T12:36:36.575258Z,fast,3,72
2248,2026-08-07T12:36:36.575264Z,slow,3,72
2248,2026-08-07T12:36:37.070945Z,fast,9,1409
2249,2026-08-07T12:36:37.570840Z,fast,12,1333
2249,2026-08-07T12:36:38.074708Z,fast,128,1254
2250,2026-08-07T12:36:38.569818Z,fast,16,1227
2250,2026-08-07T12:36:38.569819Z,slow,16,1218
2250,2026-08-07T12:36:39.070052Z,fast,18,1374
2251,2026-08-07T12:36:39.570576Z,fast,8,1219
2251,2026-08-07T12:36:40.071935Z,fast,19,1255
2252,2026-08-07T12:36:40.569519Z,fast,17,1254
2252,2026-08-07T12:36:40.569522Z,slow,21,1264
2252,2026-08-07T12:36:41.070122Z,fast,33,1114
2253,2026-08-07T12:36:41.569775Z,fast,13,1064
2253,2026-08-07T12:36:42.070297Z,fast,54,1641
2254,2026-08-07T12:36:42.568834Z,fast,14,1125
2254,2026-08-07T12:36:42.568885Z,slow,28,1109
2254,2026-08-07T12:36:43.071630Z,fast,33,1732
2255,2026-08-07T12:36:43.570838Z,fast,39,1683
2255,2026-08-07T12:36:44.070614Z,fast,28,1160
2256,2026-08-07T12:36:44.568580Z,fast,51,1428
2256,2026-08-07T12:36:44.568590Z,slow,52,1436
2256,2026-08-07T12:36:45.068455Z,fast,21,1254
2257,2026-08-07T12:36:45.568707Z,fast,65,1681
2257,2026-08-07T12:36:46.069150Z,fast,27,1479
2258,2026-08-07T12:36:46.568373Z,slow,35,1647
2258,2026-08-07T12:36:46.568369Z,fast,62,1656
2258,2026-08-07T12:36:47.068776Z,fast,27,1452
2259,2026-08-07T12:36:47.568656Z,fast,33,1497
2259,2026-08-07T12:36:48.071624Z,fast,353,1878
2260,2026-08-07T12:36:48.571919Z,fast,94,1464
2260,2026-08-07T12:36:48.571924Z,slow,95,1465
2260,2026-08-07T12:36:49.068251Z,fast,48,1598
2261,2026-08-07T12:36:49.567828Z,fast,129,1716
2261,2026-08-07T12:36:50.081625Z,fast,108,1649
2262,2026-08-07T12:36:50.571324Z,fast,29,1408
2262,2026-08-07T12:36:50.571370Z,slow,49,1417
2262,2026-08-07T12:36:51.068155Z,fast,68,1337
2263,2026-08-07T12:36:51.569434Z,fast,96,1572
2263,2026-08-07T12:36:52.069781Z,fast,32,1408
2264,2026-08-07T12:36:52.571056Z,fast,45,1265
2264,2026-08-07T12:36:52.571076Z,slow,47,1265
2264,2026-08-07T12:36:53.067331Z,fast,28,1578
2265,2026-08-07T12:36:53.569235Z,fast,66,1749
2265,2026-08-07T12:36:54.068797Z,fast,62,1492
2266,2026-08-07T12:36:54.570600Z,fast,49,1832
2266,2026-08-07T12:36:54.570600Z,slow,66,1841
2266,2026-08-07T12:36:55.067512Z,fast,61,1388
2267,2026-08-07T12:36:55.567983Z,fast,73,1492
2267,2026-08-07T12:36:56.068089Z,fast,83,1839
2268,2026-08-07T12:36:56.567303Z,fast,78,1491
2268,2026-08-07T12:36:56.567343Z,slow,112,1417
2268,2026-08-07T12:36:57.068417Z,fast,58,1871
2269,2026-08-07T12:36:57.568755Z,fast,104,1405
2269,2026-08-07T12:36:58.071678Z,fast,709,1884
2270,2026-08-07T12:36:58.567401Z,slow,329,1849
2270,2026-08-07T12:36:58.780744Z,fast,163,1689
2270,2026-08-07T12:36:59.069159Z,fast,42,1414
2271,2026-08-07T12:36:59.568064Z,fast,61,1375
2271,2026-08-07T12:37:00.066794Z,fast,42,1421
2272,2026-08-07T12:37:00.568385Z,fast,121,1619
2272,2026-08-07T12:37:00.568417Z,slow,132,1619
2272,2026-08-07T12:37:01.068518Z,fast,130,1659
2273,2026-08-07T12:37:01.571651Z,fast,295,1753
2273,2026-08-07T12:37:02.066644Z,fast,98,1576
2274,2026-08-07T12:37:02.569910Z,slow,70,1564
2274,2026-08-07T12:37:02.569910Z,fast,74,1576
2274,2026-08-07T12:37:03.066521Z,fast,39,1800
2275,2026-08-07T12:37:03.569883Z,fast,38,1794
2275,2026-08-07T12:37:04.066432Z,fast,50,1838
2276,2026-08-07T12:37:04.570814Z,slow,20,946
2276,2026-08-07T12:37:04.570798Z,fast,28,1191
2276,2026-08-07T12:37:05.068639Z,fast,67,1685
2277,2026-08-07T12:37:05.566367Z,fast,39,911
2277,2026-08-07T12:37:06.067107Z,fast,56,1544
2278,2026-08-07T12:37:06.569240Z,slow,407,1221
2278,2026-08-07T12:37:06.569111Z,fast,471,1315
2278,2026-08-07T12:37:07.068605Z,fast,100,1721
2279,2026-08-07T12:37:07.567917Z,fast,71,1562
2280,2026-08-07T12:37:08.797938Z,fast,80,1502
2280,2026-08-07T12:37:08.566834Z,slow,471,1653
2280,2026-08-07T12:37:09.068754Z,fast,68,1837
2281,2026-08-07T12:37:09.568802Z,fast,78,1457
2281,2026-08-07T12:37:10.066958Z,fast,46,1253
2282,2026-08-07T12:37:10.569541Z,fast,58,1838
2282,2026-08-07T12:37:10.569541Z,slow,97,1836
2282,2026-08-07T12:37:11.065990Z,fast,18,935
2283,2026-08-07T12:37:11.567393Z,fast,36,1563
2283,2026-08-07T12:37:12.068862Z,fast,34,1618
2284,2026-08-07T12:37:12.566638Z,fast,53,1770
2284,2026-08-07T12:37:12.566646Z,slow,76,1563
2284,2026-08-07T12:37:13.066815Z,fast,47,1531
2285,2026-08-07T12:37:13.565881Z,fast,103,1526
2285,2026-08-07T12:37:14.067826Z,fast,82,1257
2286,2026-08-07T12:37:14.568466Z,slow,544,1439
2286,2026-08-07T12:37:14.568453Z,fast,550,1826
2286,2026-08-07T12:37:15.118667Z,fast,35,1552
2287,2026-08-07T12:37:15.565814Z,fast,67,1258
2287,2026-08-07T12:37:16.066892Z,fast,28,1378
2288,2026-08-07T12:37:16.565753Z,fast,37,1781
2288,2026-08-07T12:37:16.565752Z,slow,37,1781
2288,2026-08-07T12:37:17.066564Z,fast,40,1849
2289,2026-08-07T12:37:17.567032Z,fast,45,1569
2289,2026-08-07T12:37:18.067933Z,fast,388,1112
2290,2026-08-07T12:37:18.565649Z,fast,49,1662
2290,2026-08-07T12:37:18.565656Z,slow,125,1620
2290,2026-08-07T12:37:19.066642Z,fast,54,1294
2291,2026-08-07T12:37:19.567153Z,fast,47,1649
2291,2026-08-07T12:37:20.066749Z,fast,110,1043
2292,2026-08-07T12:37:20.565553Z,slow,38,1038
2292,2026-08-07T12:37:20.565517Z,fast,38,1037
2292,2026-08-07T12:37:21.065857Z,fast,65,952
2293,2026-08-07T12:37:21.565786Z,fast,73,1418
2293,2026-08-07T12:37:22.065516Z,fast,36,1584
2294,2026-08-07T12:37:22.566233Z,fast,44,1535
2294,2026-08-07T12:37:22.566236Z,slow,65,1819
2294,2026-08-07T12:37:23.065870Z,fast,28,1422
2295,2026-08-07T12:37:23.565757Z,fast,28,1617
2295,2026-08-07T12:37:24.065509Z,fast,21,1159
2296,2026-08-07T12:37:24.566492Z,slow,44,1472
2296,2026-08-07T12:37:24.566492Z,fast,44,1472
2296,2026-08-07T12:37:25.068017Z,fast,37,1727
2297,2026-08-07T12:37:25.568862Z,fast,34,1884
2297,2026-08-07T12:37:26.065504Z,fast,28,1618
2298,2026-08-07T12:37:26.566464Z,slow,39,954
2298,2026-08-07T12:37:26.566463Z,fast,39,963
2298,2026-08-07T12:37:27.069174Z,fast,24,1417
2299,2026-08-07T12:37:27.566562Z,fast,38,1638
2299,2026-08-07T12:37:28.068544Z,fast,341,1691
2300,2026-08-07T12:37:28.566868Z,fast,84,1544
2300,2026-08-07T12:37:28.566912Z,slow,86,1545
2300,2026-08-07T12:37:29.066946Z,fast,29,1578
2301,2026-08-07T12:37:29.568636Z,fast,39,1729
2301,2026-08-07T12:37:30.066591Z,fast,61,1537
2302,2026-08-07T12:37:30.566337Z,fast,51,1539
2302,2026-08-07T12:37:30.566342Z,slow,61,1510
2302,2026-08-07T12:37:31.068641Z,fast,36,1573
2303,2026-08-07T12:37:31.565324Z,fast,30,1419
2303,2026-08-07T12:37:32.065983Z,fast,67,1570
2304,2026-08-07T12:37:32.566648Z,fast,38,1549
2304,2026-08-07T12:37:32.566684Z,slow,42,1549
2304,2026-08-07T12:37:33.066852Z,fast,44,1702
2305,2026-08-07T12:37:33.567328Z,fast,47,1607
2305,2026-08-07T12:37:34.066042Z,fast,33,1507
2306,2026-08-07T12:37:34.566156Z,slow,59,1706
2306,2026-08-07T12:37:34.566153Z,fast,59,1698
2306,2026-08-07T12:37:35.065399Z,fast,26,1728
2307,2026-08-07T12:37:35.568881Z,fast,68,1267
2307,2026-08-07T12:37:36.067037Z,fast,30,1834
2308,2026-08-07T12:37:36.566117Z,slow,46,1426
2308,2026-08-07T12:37:36.566109Z,fast,80,1424
2308,2026-08-07T12:37:37.068547Z,fast,38,1226
2309,2026-08-07T12:37:37.570294Z,fast,5,51
2309,2026-08-07T12:37:38.067667Z,fast,53,63
2310,2026-08-07T12:37:38.569785Z,fast,17,64
2310,2026-08-07T12:37:38.570121Z,slow,25,63
2310,2026-08-07T12:37:39.069868Z,fast,9,63
2311,2026-08-07T12:37:39.568475Z,fast,28,418
2311,2026-08-07T12:37:40.065606Z,fast,13,61
2312,2026-08-07T12:37:40.566660Z,fast,6,68
2312,2026-08-07T12:37:40.566662Z,slow,7,70
2312,2026-08-07T12:37:41.066016Z,fast,3,61
2313,2026-08-07T12:37:41.568506Z,fast,1,61
2313,2026-08-07T12:37:42.068947Z,fast,7,61
2314,2026-08-07T12:37:42.569703Z,fast,3,70
2314,2026-08-07T12:37:42.569710Z,slow,3,70
2314,2026-08-07T12:37:43.067009Z,fast,3,61
2315,2026-08-07T12:37:43.566631Z,fast,3,51
2315,2026-08-07T12:37:44.070185Z,fast,3,61
2316,2026-08-07T12:37:44.566555Z,fast,5,61
2316,2026-08-07T12:37:44.566602Z,slow,6,61
2316,2026-08-07T12:37:45.070196Z,fast,2,61
2317,2026-08-07T12:37:45.570195Z,fast,2,61
2317,2026-08-07T12:37:46.066776Z,fast,3,61
2318,2026-08-07T12:37:46.568774Z,slow,4,69
2318,2026-08-07T12:37:46.568769Z,fast,5,70
2318,2026-08-07T12:37:47.069895Z,fast,3,61
2319,2026-08-07T12:37:47.569839Z,fast,1,51
2319,2026-08-07T12:37:48.065496Z,fast,17,63
2320,2026-08-07T12:37:48.570126Z,fast,1,70
2320,2026-08-07T12:37:48.570127Z,slow,1,72
2320,2026-08-07T12:37:49.068473Z,fast,4,63
2321,2026-08-07T12:37:49.569150Z,fast,1,51
2321,2026-08-07T12:37:50.065345Z,fast,5,63
2322,2026-08-07T12:37:50.568872Z,fast,4,72
2322,2026-08-07T12:37:50.568884Z,slow,4,72
2322,2026-08-07T12:37:51.068536Z,fast,3,63
2323,2026-08-07T12:37:51.565256Z,fast,2,210
2323,2026-08-07T12:37:52.067936Z,fast,3,63
2324,2026-08-07T12:37:52.566668Z,fast,7,63
2324,2026-08-07T12:37:52.566977Z,slow,7,72
2324,2026-08-07T12:37:53.070162Z,fast,4,63
2325,2026-08-07T12:37:53.566705Z,fast,77,1867
2325,2026-08-07T12:37:54.066218Z,fast,2,61
2326,2026-08-07T12:37:54.565290Z,slow,4,70
2326,2026-08-07T12:37:54.565278Z,fast,4,70
2326,2026-08-07T12:37:55.069052Z,fast,4,61
2327,2026-08-07T12:37:55.570165Z,fast,4,61
2327,2026-08-07T12:37:56.065776Z,fast,5,49
2328,2026-08-07T12:37:56.566432Z,fast,5,70
2328,2026-08-07T12:37:56.566443Z,slow,6,70
2328,2026-08-07T12:37:57.070126Z,fast,4,61
2329,2026-08-07T12:37:57.569854Z,fast,2,61
2329,2026-08-07T12:37:58.066248Z,fast,18,51
2330,2026-08-07T12:37:58.566722Z,fast,1,68
2330,2026-08-07T12:37:58.566744Z,slow,1,70
2330,2026-08-07T12:37:59.069696Z,fast,3,61
2331,2026-08-07T12:37:59.567888Z,fast,3,61
2331,2026-08-07T12:38:00.070093Z,fast,2,51
2332,2026-08-07T12:38:00.568647Z,fast,4,72
2332,2026-08-07T12:38:00.568661Z,slow,4,72
2332,2026-08-07T12:38:01.070118Z,fast,3,63
2333,2026-08-07T12:38:01.570101Z,fast,1,63
2333,2026-08-07T12:38:02.068806Z,fast,2,51
2334,2026-08-07T12:38:02.568855Z,fast,3,72
2334,2026-08-07T12:38:02.568950Z,slow,3,72
2334,2026-08-07T12:38:03.066643Z,fast,4,63
2335,2026-08-07T12:38:03.569792Z,fast,3,63
2335,2026-08-07T12:38:04.070068Z,fast,1,51
2336,2026-08-07T12:38:04.568673Z,fast,4,72
2336,2026-08-07T12:38:04.568755Z,slow,4,72
2336,2026-08-07T12:38:05.067985Z,fast,3,63
2337,2026-08-07T12:38:05.568653Z,fast,4,63
2337,2026-08-07T12:38:06.069784Z,fast,1,51
2338,2026-08-07T12:38:06.568717Z,slow,3,70
2338,2026-08-07T12:38:06.568717Z,fast,3,70
2338,2026-08-07T12:38:07.068511Z,fast,5,61
2339,2026-08-07T12:38:07.569985Z,fast,3,61
2339,2026-08-07T12:38:08.065616Z,fast,29,51
2340,2026-08-07T12:38:08.565481Z,fast,4,70
2340,2026-08-07T12:38:08.565481Z,slow,4,70
2340,2026-08-07T12:38:09.068416Z,fast,3,61
2341,2026-08-07T12:38:09.569013Z,fast,3,61
2341,2026-08-07T12:38:10.068454Z,fast,1,51
2342,2026-08-07T12:38:10.569556Z,fast,4,70
2342,2026-08-07T12:38:10.569553Z,slow,4,69
2342,2026-08-07T12:38:11.068734Z,fast,2,61
2343,2026-08-07T12:38:11.567322Z,fast,4,61
2343,2026-08-07T12:38:12.065689Z,fast,0,51
2344,2026-08-07T12:38:12.569993Z,slow,5,68
2344,2026-08-07T12:38:12.569993Z,fast,5,70
2344,2026-08-07T12:38:13.070024Z,fast,3,61
2345,2026-08-07T12:38:13.569176Z,fast,3,61
2345,2026-08-07T12:38:14.069655Z,fast,18,1898
2346,2026-08-07T12:38:14.568670Z,fast,2,74
2346,2026-08-07T12:38:14.568668Z,slow,2,74
2346,2026-08-07T12:38:15.066287Z,fast,2,67
2347,2026-08-07T12:38:15.570006Z,fast,4,63
2347,2026-08-07T12:38:16.066352Z,fast,4,63
2348,2026-08-07T12:38:16.568666Z,fast,4,58
2348,2026-08-07T12:38:16.568691Z,slow,4,60
2348,2026-08-07T12:38:17.070007Z,fast,3,63
2349,2026-08-07T12:38:17.568666Z,fast,2,63
2349,2026-08-07T12:38:18.065514Z,fast,18,63
2350,2026-08-07T12:38:18.565596Z,fast,2,60
2350,2026-08-07T12:38:18.565609Z,slow,2,60
2350,2026-08-07T12:38:19.068396Z,fast,3,63
2351,2026-08-07T12:38:19.569453Z,fast,2,63
2351,2026-08-07T12:38:20.068639Z,fast,2,63
2352,2026-08-07T12:38:20.568053Z,fast,2,60
2352,2026-08-07T12:38:20.568054Z,slow,2,60
2352,2026-08-07T12:38:21.068444Z,fast,3,61
2353,2026-08-07T12:38:21.565760Z,fast,2,61
2353,2026-08-07T12:38:22.065329Z,fast,4,61
2354,2026-08-07T12:38:22.568647Z,fast,1,60
2354,2026-08-07T12:38:22.568659Z,slow,2,60
2354,2026-08-07T12:38:23.069948Z,fast,3,61
2355,2026-08-07T12:38:23.567218Z,fast,4,61
2355,2026-08-07T12:38:24.066047Z,fast,3,61
2356,2026-08-07T12:38:24.569686Z,fast,4,60
2356,2026-08-07T12:38:24.569687Z,slow,4,60
2356,2026-08-07T12:38:25.066507Z,fast,3,61
2357,2026-08-07T12:38:25.565316Z,fast,3,61
2357,2026-08-07T12:38:26.069675Z,fast,4,61
2358,2026-08-07T12:38:26.569957Z,fast,2,60
2358,2026-08-07T12:38:26.569970Z,slow,2,60
2358,2026-08-07T12:38:27.068358Z,fast,4,61
2359,2026-08-07T12:38:27.566094Z,fast,3,61
2359,2026-08-07T12:38:28.069516Z,fast,16,61
2360,2026-08-07T12:38:28.566240Z,slow,27,1445
2360,2026-08-07T12:38:28.566206Z,fast,28,1456
2360,2026-08-07T12:38:29.065396Z,fast,13,1052
2361,2026-08-07T12:38:29.565495Z,fast,16,1318
2361,2026-08-07T12:38:30.065228Z,fast,14,1352
2362,2026-08-07T12:38:30.564983Z,slow,19,1452
2362,2026-08-07T12:38:30.564981Z,fast,22,1452
2362,2026-08-07T12:38:31.065597Z,fast,12,1282
2363,2026-08-07T12:38:31.565117Z,fast,18,1608
2363,2026-08-07T12:38:32.064895Z,fast,9,1096
2364,2026-08-07T12:38:32.565730Z,fast,22,1639
2364,2026-08-07T12:38:32.565730Z,slow,41,1651
2364,2026-08-07T12:38:33.064930Z,fast,5,832
2365,2026-08-07T12:38:33.567300Z,fast,15,1351
2365,2026-08-07T12:38:34.065903Z,fast,11,1648
2366,2026-08-07T12:38:34.565720Z,fast,13,1158
2366,2026-08-07T12:38:34.565733Z,slow,21,1236
2366,2026-08-07T12:38:35.064842Z,fast,41,1694
2367,2026-08-07T12:38:35.567238Z,fast,56,1590
2367,2026-08-07T12:38:36.066640Z,fast,13,1480
2368,2026-08-07T12:38:36.565470Z,slow,45,1622
2368,2026-08-07T12:38:36.565403Z,fast,46,1618
2368,2026-08-07T12:38:37.065581Z,fast,17,1156
2369,2026-08-07T12:38:37.565212Z,fast,33,1555
2369,2026-08-07T12:38:38.065867Z,fast,148,1042
2370,2026-08-07T12:38:38.565432Z,fast,45,2010
2370,2026-08-07T12:38:38.565434Z,slow,45,2001
2370,2026-08-07T12:38:39.065696Z,fast,12,1294
2371,2026-08-07T12:38:39.565935Z,fast,19,1401
2371,2026-08-07T12:38:40.065526Z,fast,20,1333
2372,2026-08-07T12:38:40.565315Z,fast,15,1191
2372,2026-08-07T12:38:40.565326Z,slow,63,1200
2372,2026-08-07T12:38:41.065530Z,fast,41,1769
2373,2026-08-07T12:38:41.564787Z,fast,35,1678
2373,2026-08-07T12:38:42.064903Z,fast,23,1318
2374,2026-08-07T12:38:42.566694Z,fast,136,1707
2374,2026-08-07T12:38:42.566698Z,slow,173,1708
2374,2026-08-07T12:38:43.065962Z,fast,32,1644
2375,2026-08-07T12:38:43.564991Z,fast,18,1515
2375,2026-08-07T12:38:44.064812Z,fast,22,919
2376,2026-08-07T12:38:44.565736Z,slow,24,1813
2376,2026-08-07T12:38:44.565735Z,fast,51,1813
2376,2026-08-07T12:38:45.064854Z,fast,79,1802
2377,2026-08-07T12:38:45.565927Z,fast,49,1921
2377,2026-08-07T12:38:46.067464Z,fast,36,1767
2378,2026-08-07T12:38:46.566137Z,slow,68,1686
2378,2026-08-07T12:38:46.566113Z,fast,75,1598
2378,2026-08-07T12:38:47.069139Z,fast,34,1511
2379,2026-08-07T12:38:47.566803Z,fast,47,1542
2379,2026-08-07T12:38:48.064852Z,fast,293,1320
2380,2026-08-07T12:38:48.566591Z,slow,113,1867
2380,2026-08-07T12:38:48.566581Z,fast,132,1869
2380,2026-08-07T12:38:49.067444Z,fast,38,1353
2381,2026-08-07T12:38:49.565889Z,fast,36,1933
2381,2026-08-07T12:38:50.065420Z,fast,22,1500
2382,2026-08-07T12:38:50.565156Z,slow,73,1095
2382,2026-08-07T12:38:50.565156Z,fast,77,1351
2382,2026-08-07T12:38:51.067130Z,fast,40,1552
2383,2026-08-07T12:38:51.564882Z,fast,53,1656
2383,2026-08-07T12:38:52.067231Z,fast,44,1644
2384,2026-08-07T12:38:52.565168Z,fast,41,1687
2384,2026-08-07T12:38:52.565190Z,slow,52,1678
2384,2026-08-07T12:38:53.066230Z,fast,53,1714
2385,2026-08-07T12:38:53.564817Z,fast,42,1802
2385,2026-08-07T12:38:54.065012Z,fast,32,1476
2386,2026-08-07T12:38:54.569646Z,fast,17,1553
2386,2026-08-07T12:38:54.569662Z,slow,51,1562
2386,2026-08-07T12:38:55.065387Z,fast,17,1515
2387,2026-08-07T12:38:55.565350Z,fast,84,1853
2387,2026-08-07T12:38:56.065455Z,fast,25,1390
2388,2026-08-07T12:38:56.565787Z,fast,62,1849
2388,2026-08-07T12:38:56.565790Z,slow,64,1849
2388,2026-08-07T12:38:57.066073Z,fast,32,1317
2389,2026-08-07T12:38:57.566045Z,fast,113,1228
2389,2026-08-07T12:38:58.064776Z,fast,477,1841
2390,2026-08-07T12:38:58.568529Z,fast,76,1441
2390,2026-08-07T12:38:58.568565Z,slow,91,1566
2390,2026-08-07T12:38:59.065258Z,fast,55,1615
2391,2026-08-07T12:38:59.565947Z,fast,51,1443
2391,2026-08-07T12:39:00.067344Z,fast,39,1418
2392,2026-08-07T12:39:00.565333Z,slow,63,1656
2392,2026-08-07T12:39:00.565333Z,fast,67,1665
2392,2026-08-07T12:39:01.068275Z,fast,34,1483
2393,2026-08-07T12:39:01.567056Z,fast,34,1819
2393,2026-08-07T12:39:02.066029Z,fast,56,1602
2394,2026-08-07T12:39:02.565121Z,fast,59,1292
2394,2026-08-07T12:39:02.565127Z,slow,67,1446
2394,2026-08-07T12:39:03.065821Z,fast,50,1642
2395,2026-08-07T12:39:03.567054Z,fast,48,1862
2395,2026-08-07T12:39:04.067329Z,fast,31,1389
2396,2026-08-07T12:39:04.564673Z,fast,46,1156
2396,2026-08-07T12:39:04.564750Z,slow,69,1327
2396,2026-08-07T12:39:05.065238Z,fast,26,1442
2397,2026-08-07T12:39:05.564704Z,fast,20,1208
2397,2026-08-07T12:39:06.067782Z,fast,28,1482
2398,2026-08-07T12:39:06.567795Z,fast,55,1815
2398,2026-08-07T12:39:06.567795Z,slow,56,1806
2398,2026-08-07T12:39:07.065137Z,fast,19,1445
2399,2026-08-07T12:39:07.565163Z,fast,34,1768
2399,2026-08-07T12:39:08.065598Z,fast,287,1531
2400,2026-08-07T12:39:08.566481Z,fast,141,1479
2400,2026-08-07T12:39:08.566498Z,slow,192,1623
2400,2026-08-07T12:39:09.064891Z,fast,41,1643
2401,2026-08-07T12:39:09.567244Z,fast,45,1804
2401,2026-08-07T12:39:10.064950Z,fast,22,1153
2402,2026-08-07T12:39:10.566051Z,fast,70,1669
2402,2026-08-07T12:39:10.566055Z,slow,71,1661
2402,2026-08-07T12:39:11.064813Z,fast,32,1732
2403,2026-08-07T12:39:11.566219Z,fast,53,1480
2403,2026-08-07T12:39:12.065937Z,fast,47,1767
2404,2026-08-07T12:39:12.565137Z,fast,54,1580
2404,2026-08-07T12:39:12.565163Z,slow,57,1588
2404,2026-08-07T12:39:13.066885Z,fast,79,1779
2405,2026-08-07T12:39:13.569238Z,fast,54,1895
2405,2026-08-07T12:39:14.064980Z,fast,28,1239
2406,2026-08-07T12:39:14.565201Z,fast,77,1736
2406,2026-08-07T12:39:14.565206Z,slow,123,1771
2406,2026-08-07T12:39:15.064674Z,fast,21,1390
2407,2026-08-07T12:39:15.566871Z,fast,56,2054
2407,2026-08-07T12:39:16.065702Z,fast,37,1088
2408,2026-08-07T12:39:16.569417Z,slow,66,1627
2408,2026-08-07T12:39:16.569414Z,fast,67,1616
2408,2026-08-07T12:39:17.065196Z,fast,44,1740
2409,2026-08-07T12:39:17.568286Z,fast,72,1652
2409,2026-08-07T12:39:18.066868Z,fast,400,1542
2410,2026-08-07T12:39:18.566457Z,fast,202,2060
2410,2026-08-07T12:39:18.566476Z,slow,222,2063
2410,2026-08-07T12:39:19.065180Z,fast,55,1777
2411,2026-08-07T12:39:19.564685Z,fast,25,1377
2411,2026-08-07T12:39:20.065303Z,fast,33,1489
2412,2026-08-07T12:39:20.564691Z,fast,36,1816
2412,2026-08-07T12:39:20.564691Z,slow,39,1825
2412,2026-08-07T12:39:21.064863Z,fast,41,1622
2413,2026-08-07T12:39:21.564750Z,fast,58,1451
2413,2026-08-07T12:39:22.065137Z,fast,15,1167
2414,2026-08-07T12:39:22.565208Z,fast,25,1562
2414,2026-08-07T12:39:22.565249Z,slow,48,1615
2414,2026-08-07T12:39:23.064752Z,fast,31,1450
2415,2026-08-07T12:39:23.565276Z,fast,18,1484
2415,2026-08-07T12:39:24.065292Z,fast,33,1580
2416,2026-08-07T12:39:24.567048Z,fast,63,1370
2416,2026-08-07T12:39:24.567050Z,slow,64,1163
2416,2026-08-07T12:39:25.067848Z,fast,25,1451
2417,2026-08-07T12:39:25.566076Z,fast,32,1125
2417,2026-08-07T12:39:26.064588Z,fast,31,1513
2418,2026-08-07T12:39:26.566669Z,slow,45,1989
2418,2026-08-07T12:39:26.566669Z,fast,54,1979
2418,2026-08-07T12:39:27.065914Z,fast,23,1490
2419,2026-08-07T12:39:27.565396Z,fast,38,1661
2419,2026-08-07T12:39:28.065651Z,fast,360,1501
2420,2026-08-07T12:39:28.565263Z,fast,100,2081
2420,2026-08-07T12:39:28.565263Z,slow,111,2071
2420,2026-08-07T12:39:29.064564Z,fast,2,63
2421,2026-08-07T12:39:29.568306Z,fast,3,63
2421,2026-08-07T12:39:30.067189Z,fast,3,63
2422,2026-08-07T12:39:30.569559Z,fast,3,64
2422,2026-08-07T12:39:30.569583Z,slow,5,72
2422,2026-08-07T12:39:31.069582Z,fast,1,51
2423,2026-08-07T12:39:31.566162Z,fast,3,61
2423,2026-08-07T12:39:32.064974Z,fast,6,61
2424,2026-08-07T12:39:32.564620Z,fast,5,69
2424,2026-08-07T12:39:32.564620Z,slow,5,70
2424,2026-08-07T12:39:33.065333Z,fast,2,51
2425,2026-08-07T12:39:33.567022Z,fast,3,61
2425,2026-08-07T12:39:34.069595Z,fast,2,61
2426,2026-08-07T12:39:34.569562Z,fast,3,68
2426,2026-08-07T12:39:34.569589Z,slow,3,70
2426,2026-08-07T12:39:35.068809Z,fast,2,51
2427,2026-08-07T12:39:35.567835Z,fast,3,61
2427,2026-08-07T12:39:36.069575Z,fast,2,61
2428,2026-08-07T12:39:36.569574Z,fast,4,69
2428,2026-08-07T12:39:36.569557Z,slow,4,70
2428,2026-08-07T12:39:37.067088Z,fast,1,51
2429,2026-08-07T12:39:37.569546Z,fast,3,61
2429,2026-08-07T12:39:38.066074Z,fast,10,61
2430,2026-08-07T12:39:38.567949Z,fast,2,70
2430,2026-08-07T12:39:38.567949Z,slow,2,70
2430,2026-08-07T12:39:39.069560Z,fast,1,51
2431,2026-08-07T12:39:39.567952Z,fast,3,61
2431,2026-08-07T12:39:40.069515Z,fast,4,61
2432,2026-08-07T12:39:40.565763Z,fast,3,70
2432,2026-08-07T12:39:40.565764Z,slow,3,70
2432,2026-08-07T12:39:41.064674Z,fast,2,47
2433,2026-08-07T12:39:41.568495Z,fast,4,61
2433,2026-08-07T12:39:42.066207Z,fast,4,61
2434,2026-08-07T12:39:42.567942Z,fast,2,68
2434,2026-08-07T12:39:42.567968Z,slow,3,70
2434,2026-08-07T12:39:43.069375Z,fast,45,2152
2435,2026-08-07T12:39:43.565947Z,fast,2,61
2435,2026-08-07T12:39:44.069483Z,fast,2,61
2436,2026-08-07T12:39:44.569084Z,fast,4,70
2436,2026-08-07T12:39:44.569094Z,slow,4,70
2436,2026-08-07T12:39:45.069499Z,fast,3,61
2437,2026-08-07T12:39:45.567227Z,fast,3,51
2437,2026-08-07T12:39:46.068092Z,fast,3,61
2438,2026-08-07T12:39:46.568372Z,fast,4,70
2438,2026-08-07T12:39:46.568380Z,slow,4,70
2438,2026-08-07T12:39:47.066763Z,fast,3,61
2439,2026-08-07T12:39:47.569486Z,fast,2,53
2439,2026-08-07T12:39:48.069307Z,fast,10,63
2440,2026-08-07T12:39:48.569529Z,fast,1,72
2440,2026-08-07T12:39:48.569533Z,slow,1,72
2440,2026-08-07T12:39:49.068005Z,fast,5,63
2441,2026-08-07T12:39:49.566232Z,fast,3,51
2441,2026-08-07T12:39:50.067003Z,fast,2,63
2442,2026-08-07T12:39:50.569468Z,slow,2,72
2442,2026-08-07T12:39:50.569457Z,fast,2,72
2442,2026-08-07T12:39:51.065768Z,fast,2,63
2443,2026-08-07T12:39:51.564566Z,fast,2,51
2443,2026-08-07T12:39:52.069467Z,fast,4,63
2444,2026-08-07T12:39:52.566012Z,fast,1,72
2444,2026-08-07T12:39:52.566015Z,slow,1,72
2444,2026-08-07T12:39:53.069237Z,fast,3,63
2445,2026-08-07T12:39:53.565596Z,fast,1,51
2445,2026-08-07T12:39:54.069469Z,fast,3,61
2446,2026-08-07T12:39:54.567734Z,fast,4,70
2446,2026-08-07T12:39:54.567736Z,slow,4,70
2446,2026-08-07T12:39:55.067408Z,fast,3,61
2447,2026-08-07T12:39:55.568362Z,fast,2,51
2447,2026-08-07T12:39:56.067335Z,fast,4,61
2448,2026-08-07T12:39:56.565442Z,fast,3,70
2448,2026-08-07T12:39:56.565457Z,slow,3,70
2448,2026-08-07T12:39:57.066006Z,fast,4,61
2449,2026-08-07T12:39:57.569421Z,fast,2,51
2449,2026-08-07T12:39:58.065510Z,fast,8,61
2450,2026-08-07T12:39:58.568298Z,fast,2,68
2450,2026-08-07T12:39:58.568304Z,slow,2,70
2450,2026-08-07T12:39:59.066977Z,fast,3,61
2451,2026-08-07T12:39:59.567673Z,fast,1,51
2451,2026-08-07T12:40:00.067928Z,fast,3,61
2452,2026-08-07T12:40:00.567774Z,fast,3,70
2452,2026-08-07T12:40:00.567787Z,slow,3,70
2452,2026-08-07T12:40:01.065904Z,fast,4,61
2453,2026-08-07T12:40:01.564682Z,fast,83,2150
2453,2026-08-07T12:40:02.066640Z,fast,3,61
2454,2026-08-07T12:40:02.566147Z,fast,3,70
2454,2026-08-07T12:40:02.566129Z,slow,3,70
2454,2026-08-07T12:40:03.067830Z,fast,4,61
2455,2026-08-07T12:40:03.567807Z,fast,2,61
2455,2026-08-07T12:40:04.067977Z,fast,2,53
2456,2026-08-07T12:40:04.567819Z,fast,2,72
2456,2026-08-07T12:40:04.567820Z,slow,2,72
2456,2026-08-07T12:40:05.067509Z,fast,7,63
2457,2026-08-07T12:40:05.568406Z,fast,4,63
2457,2026-08-07T12:40:06.068818Z,fast,4,51
2458,2026-08-07T12:40:06.568304Z,fast,4,70
2458,2026-08-07T12:40:06.568331Z,slow,5,72
2458,2026-08-07T12:40:07.066853Z,fast,1,63
2459,2026-08-07T12:40:07.565465Z,fast,2,63
2459,2026-08-07T12:40:08.066827Z,fast,6,51
2460,2026-08-07T12:40:08.569350Z,slow,1,72
2460,2026-08-07T12:40:08.569345Z,fast,1,72
2460,2026-08-07T12:40:09.069374Z,fast,1,63
2461,2026-08-07T12:40:09.569156Z,fast,3,63
2461,2026-08-07T12:40:10.067630Z,fast,2,51
2462,2026-08-07T12:40:10.569352Z,slow,2,70
2462,2026-08-07T12:40:10.569351Z,fast,2,70
2462,2026-08-07T12:40:11.067866Z,fast,9,61
2463,2026-08-07T12:40:11.566886Z,fast,3,61
2463,2026-08-07T12:40:12.067570Z,fast,2,51
2464,2026-08-07T12:40:12.567241Z,fast,4,68
2464,2026-08-07T12:40:12.567259Z,slow,4,70
2464,2026-08-07T12:40:13.068020Z,fast,3,61
2465,2026-08-07T12:40:13.569335Z,fast,3,61
2465,2026-08-07T12:40:14.069099Z,fast,2,51
2466,2026-08-07T12:40:14.568415Z,slow,6,74
2466,2026-08-07T12:40:14.568282Z,fast,6,74
2466,2026-08-07T12:40:15.069207Z,fast,3,65
2467,2026-08-07T12:40:15.569359Z,fast,5,61
2467,2026-08-07T12:40:16.068184Z,fast,1,51
2468,2026-08-07T12:40:16.567740Z,fast,4,70
2468,2026-08-07T12:40:16.567895Z,slow,4,70
2468,2026-08-07T12:40:17.069661Z,fast,2,61
2469,2026-08-07T12:40:17.568604Z,fast,2,61
2469,2026-08-07T12:40:18.067772Z,fast,4,51
2470,2026-08-07T12:40:18.567526Z,fast,1,70
2470,2026-08-07T12:40:18.567531Z,slow,2,72
2470,2026-08-07T12:40:19.069314Z,fast,3,63
2471,2026-08-07T12:40:19.569316Z,fast,3,63
2471,2026-08-07T12:40:20.066734Z,fast,1,51
2472,2026-08-07T12:40:20.567581Z,slow,2,72
2472,2026-08-07T12:40:20.567578Z,fast,2,72
2472,2026-08-07T12:40:21.065642Z,fast,2,63
2473,2026-08-07T12:40:21.568294Z,fast,3,63
2473,2026-08-07T12:40:22.064314Z,fast,20,1333
2474,2026-08-07T12:40:22.564401Z,fast,22,1298
2474,2026-08-07T12:40:22.564403Z,slow,26,1289
2474,2026-08-07T12:40:23.064367Z,fast,36,1602
2475,2026-08-07T12:40:23.564349Z,fast,20,1760
2475,2026-08-07T12:40:24.065474Z,fast,20,1471
2476,2026-08-07T12:40:24.564265Z,slow,10,787
2476,2026-08-07T12:40:24.564242Z,fast,11,787
2476,2026-08-07T12:40:25.064365Z,fast,16,1358
2477,2026-08-07T12:40:25.564387Z,fast,27,1288
2477,2026-08-07T12:40:26.065985Z,fast,7,1288
2478,2026-08-07T12:40:26.565361Z,fast,30,1598
2478,2026-08-07T12:40:26.565362Z,slow,31,1596
2478,2026-08-07T12:40:27.064477Z,fast,17,1361
2479,2026-08-07T12:40:27.564759Z,fast,15,1628
2479,2026-08-07T12:40:28.064650Z,fast,148,1865
2480,2026-08-07T12:40:28.565858Z,slow,43,1740
2480,2026-08-07T12:40:28.565880Z,fast,50,1747
2480,2026-08-07T12:40:29.065111Z,fast,32,1507
2481,2026-08-07T12:40:29.566687Z,fast,19,1514
2481,2026-08-07T12:40:30.064579Z,fast,25,1768
2482,2026-08-07T12:40:30.564365Z,slow,16,1602
2482,2026-08-07T12:40:30.564363Z,fast,34,1615
2482,2026-08-07T12:40:31.064203Z,fast,7,1339
2483,2026-08-07T12:40:31.565993Z,fast,16,1722
2483,2026-08-07T12:40:32.064571Z,fast,13,1269
2484,2026-08-07T12:40:32.564974Z,slow,27,1505
2484,2026-08-07T12:40:32.564964Z,fast,29,1513
2484,2026-08-07T12:40:33.064400Z,fast,13,1553
2485,2026-08-07T12:40:33.565528Z,fast,14,1382
2485,2026-08-07T12:40:34.064422Z,fast,15,1552
2486,2026-08-07T12:40:34.564486Z,fast,14,1391
2486,2026-08-07T12:40:34.564491Z,slow,26,1553
2486,2026-08-07T12:40:35.064346Z,fast,14,1334
2487,2026-08-07T12:40:35.564338Z,fast,53,1724
2487,2026-08-07T12:40:36.064493Z,fast,13,1299
2488,2026-08-07T12:40:36.564791Z,slow,36,1837
2488,2026-08-07T12:40:36.564786Z,fast,36,1818
2488,2026-08-07T12:40:37.064356Z,fast,6,1040
2489,2026-08-07T12:40:37.564406Z,fast,12,1515
2489,2026-08-07T12:40:38.065155Z,fast,39,1462
2490,2026-08-07T12:40:38.565207Z,fast,17,1353
2490,2026-08-07T12:40:38.565207Z,slow,22,1383
2490,2026-08-07T12:40:39.064517Z,fast,18,1436
2491,2026-08-07T12:40:39.564494Z,fast,10,1383
2491,2026-08-07T12:40:40.064404Z,fast,44,1427
2492,2026-08-07T12:40:40.564771Z,fast,9,1145
2492,2026-08-07T12:40:40.564771Z,slow,21,1398
2492,2026-08-07T12:40:41.066272Z,fast,11,1244
2493,2026-08-07T12:40:41.564612Z,fast,12,1274
2493,2026-08-07T12:40:42.064823Z,fast,11,1343
2494,2026-08-07T12:40:42.564555Z,fast,31,1382
2494,2026-08-07T12:40:42.564570Z,slow,31,1391
2494,2026-08-07T12:40:43.065589Z,fast,15,1855
2495,2026-08-07T12:40:43.564218Z,fast,24,1231
2495,2026-08-07T12:40:44.065333Z,fast,9,1138
2496,2026-08-07T12:40:44.565286Z,fast,18,1212
2496,2026-08-07T12:40:44.565302Z,slow,19,1351
2496,2026-08-07T12:40:45.064221Z,fast,30,1302
2497,2026-08-07T12:40:45.564296Z,fast,8,1474
2497,2026-08-07T12:40:46.066476Z,fast,9,1672
2498,2026-08-07T12:40:46.564712Z,fast,22,1521
2498,2026-08-07T12:40:46.564715Z,slow,25,1554
2498,2026-08-07T12:40:47.065387Z,fast,17,1611
2499,2026-08-07T12:40:47.565573Z,fast,8,1437
2499,2026-08-07T12:40:48.064352Z,fast,14,1253
2500,2026-08-07T12:40:48.565447Z,slow,33,1722
2500,2026-08-07T12:40:48.565447Z,fast,35,1733
2500,2026-08-07T12:40:49.065172Z,fast,13,1173
2501,2026-08-07T12:40:49.564134Z,fast,20,1412
2501,2026-08-07T12:40:50.066248Z,fast,10,1212
2502,2026-08-07T12:40:50.568093Z,fast,12,937
2502,2026-08-07T12:40:50.568102Z,slow,14,1020
2502,2026-08-07T12:40:51.065232Z,fast,12,1212
2503,2026-08-07T12:40:51.565423Z,fast,21,1717
2503,2026-08-07T12:40:52.065156Z,fast,35,1412
2504,2026-08-07T12:40:52.564690Z,fast,34,1730
2504,2026-08-07T12:40:52.564693Z,slow,34,1731
2504,2026-08-07T12:40:53.064428Z,fast,8,1172
2505,2026-08-07T12:40:53.565416Z,fast,12,1727
2505,2026-08-07T12:40:54.064263Z,fast,11,1212
2506,2026-08-07T12:40:54.564228Z,slow,22,1731
2506,2026-08-07T12:40:54.564222Z,fast,25,1639
2506,2026-08-07T12:40:55.064187Z,fast,16,790
2507,2026-08-07T12:40:55.564260Z,fast,27,1384
2507,2026-08-07T12:40:56.065132Z,fast,15,1553
2508,2026-08-07T12:40:56.564054Z,fast,14,1840
2508,2026-08-07T12:40:56.564100Z,slow,19,1840
2508,2026-08-07T12:40:57.066852Z,fast,30,1505
2509,2026-08-07T12:40:57.564344Z,fast,13,1042
2509,2026-08-07T12:40:58.066801Z,fast,8,1071
2510,2026-08-07T12:40:58.564739Z,slow,15,997
2510,2026-08-07T12:40:58.564740Z,fast,15,1237
2510,2026-08-07T12:40:59.065719Z,fast,9,1342
2511,2026-08-07T12:40:59.564779Z,fast,10,1174
2511,2026-08-07T12:41:00.064434Z,fast,12,1654
2512,2026-08-07T12:41:00.564096Z,fast,12,1212
2512,2026-08-07T12:41:00.564096Z,slow,18,1427
2512,2026-08-07T12:41:01.064218Z,fast,20,1286
2513,2026-08-07T12:41:01.564134Z,fast,11,1113
2513,2026-08-07T12:41:02.064144Z,fast,12,1554
2514,2026-08-07T12:41:02.564258Z,fast,21,1896
2514,2026-08-07T12:41:02.564259Z,slow,21,1961
2514,2026-08-07T12:41:03.064663Z,fast,11,1561
2515,2026-08-07T12:41:03.564189Z,fast,11,1058
2515,2026-08-07T12:41:04.064760Z,fast,13,914
2516,2026-08-07T12:41:04.564237Z,fast,14,1629
2516,2026-08-07T12:41:04.564237Z,slow,15,1522
2516,2026-08-07T12:41:05.064037Z,fast,21,1237
2517,2026-08-07T12:41:05.567332Z,fast,21,1899
2517,2026-08-07T12:41:06.064510Z,fast,16,1485
2518,2026-08-07T12:41:06.564222Z,fast,12,1280
2518,2026-08-07T12:41:06.564222Z,slow,14,1353
2518,2026-08-07T12:41:07.064896Z,fast,23,1382
2519,2026-08-07T12:41:07.564340Z,fast,12,1319
2519,2026-08-07T12:41:08.064005Z,fast,18,1553
2520,2026-08-07T12:41:08.566305Z,slow,17,1221
2520,2026-08-07T12:41:08.566300Z,fast,20,1212
2520,2026-08-07T12:41:09.064368Z,fast,10,1344
2521,2026-08-07T12:41:09.564193Z,fast,7,1042
2521,2026-08-07T12:41:10.064976Z,fast,5,1229
2522,2026-08-07T12:41:10.565341Z,fast,25,1724
2522,2026-08-07T12:41:10.565343Z,slow,27,1733
2522,2026-08-07T12:41:11.064185Z,fast,12,1430
2523,2026-08-07T12:41:11.564193Z,fast,10,1245
2523,2026-08-07T12:41:12.066430Z,fast,9,1212
2524,2026-08-07T12:41:12.565312Z,fast,9,1302
2524,2026-08-07T12:41:12.565351Z,slow,19,1443
2524,2026-08-07T12:41:13.065598Z,fast,9,1139
2525,2026-08-07T12:41:13.564390Z,fast,10,968
2525,2026-08-07T12:41:14.065160Z,fast,9,1384
2526,2026-08-07T12:41:14.564144Z,fast,34,1870
2526,2026-08-07T12:41:14.564144Z,slow,35,1860
2526,2026-08-07T12:41:15.064870Z,fast,18,1521
2527,2026-08-07T12:41:15.564176Z,fast,11,1437
2527,2026-08-07T12:41:16.065680Z,fast,12,1392
2528,2026-08-07T12:41:16.564768Z,slow,12,1382
2528,2026-08-07T12:41:16.564767Z,fast,25,1381
2528,2026-08-07T12:41:17.064318Z,fast,11,1129
2529,2026-08-07T12:41:17.564762Z,fast,25,1318
2529,2026-08-07T12:41:18.065161Z,fast,18,1906
2530,2026-08-07T12:41:18.565585Z,fast,93,1386
2530,2026-08-07T12:41:18.565592Z,slow,98,1688
2530,2026-08-07T12:41:19.065357Z,fast,38,2074
2531,2026-08-07T12:41:19.564839Z,fast,23,1461
2531,2026-08-07T12:41:20.065715Z,fast,23,1481
2532,2026-08-07T12:41:20.563987Z,fast,29,1659
2532,2026-08-07T12:41:20.563990Z,slow,29,1668
2532,2026-08-07T12:41:21.064231Z,fast,27,1610
2533,2026-08-07T12:41:21.564278Z,fast,21,1962
2533,2026-08-07T12:41:22.065265Z,fast,23,1863
2534,2026-08-07T12:41:22.569086Z,fast,9,58
2534,2026-08-07T12:41:22.569104Z,slow,9,60
2534,2026-08-07T12:41:23.069020Z,fast,4,63
2535,2026-08-07T12:41:23.568256Z,fast,3,63
2535,2026-08-07T12:41:24.069024Z,fast,4,63
2536,2026-08-07T12:41:24.568966Z,fast,3,60
2536,2026-08-07T12:41:24.568980Z,slow,3,60
2536,2026-08-07T12:41:25.066597Z,fast,3,63
2537,2026-08-07T12:41:25.568443Z,fast,3,63
2537,2026-08-07T12:41:26.066658Z,fast,3,63
2538,2026-08-07T12:41:26.565764Z,slow,4,60
2538,2026-08-07T12:41:26.565755Z,fast,4,60
2538,2026-08-07T12:41:27.068981Z,fast,3,61
2539,2026-08-07T12:41:27.564866Z,fast,1,61
2539,2026-08-07T12:41:28.065510Z,fast,3,61
2540,2026-08-07T12:41:28.566570Z,fast,1,58
2540,2026-08-07T12:41:28.566570Z,slow,2,60
2540,2026-08-07T12:41:29.065964Z,fast,4,62
2541,2026-08-07T12:41:29.568226Z,fast,2,61
2541,2026-08-07T12:41:30.068950Z,fast,3,61
2542,2026-08-07T12:41:30.566293Z,slow,1,60
2542,2026-08-07T12:41:30.566261Z,fast,1,60
2542,2026-08-07T12:41:31.066267Z,fast,3,61
2543,2026-08-07T12:41:31.568946Z,fast,3,61
2543,2026-08-07T12:41:32.069017Z,fast,4,61
2544,2026-08-07T12:41:32.565119Z,slow,0,60
2544,2026-08-07T12:41:32.565115Z,fast,0,60
2544,2026-08-07T12:41:33.067014Z,fast,4,61
2545,2026-08-07T12:41:33.567941Z,fast,4,61
2545,2026-08-07T12:41:34.066148Z,fast,4,61
2546,2026-08-07T12:41:34.567200Z,fast,4,225
2546,2026-08-07T12:41:34.567200Z,slow,4,573
2546,2026-08-07T12:41:35.064789Z,fast,4,61
2547,2026-08-07T12:41:35.565884Z,fast,4,61
2547,2026-08-07T12:41:36.064370Z,fast,2,61
2548,2026-08-07T12:41:36.565186Z,fast,52,2262
2548,2026-08-07T12:41:36.565187Z,slow,52,2253
2548,2026-08-07T12:41:37.066573Z,fast,3,61
2549,2026-08-07T12:41:37.565475Z,fast,3,61
2549,2026-08-07T12:41:38.066783Z,fast,3,61
2550,2026-08-07T12:41:38.568908Z,fast,5,186
2550,2026-08-07T12:41:38.568909Z,slow,8,203
2550,2026-08-07T12:41:39.067278Z,fast,3,51
2551,2026-08-07T12:41:39.566585Z,fast,4,61
2551,2026-08-07T12:41:40.068918Z,fast,2,61
2552,2026-08-07T12:41:40.568911Z,fast,4,70
2552,2026-08-07T12:41:40.568915Z,slow,4,70
2552,2026-08-07T12:41:41.067063Z,fast,2,51
2553,2026-08-07T12:41:41.564775Z,fast,3,61
2553,2026-08-07T12:41:42.068885Z,fast,3,61
2554,2026-08-07T12:41:42.568469Z,fast,4,70
2554,2026-08-07T12:41:42.568476Z,slow,4,70
2554,2026-08-07T12:41:43.065501Z,fast,4,51
2555,2026-08-07T12:41:43.567284Z,fast,3,61
2555,2026-08-07T12:41:44.068885Z,fast,2,61
2556,2026-08-07T12:41:44.568915Z,slow,4,70
2556,2026-08-07T12:41:44.568912Z,fast,4,70
2556,2026-08-07T12:41:45.065425Z,fast,2,51
2557,2026-08-07T12:41:45.567824Z,fast,5,61
2557,2026-08-07T12:41:46.067886Z,fast,5,61
2558,2026-08-07T12:41:46.567865Z,fast,4,68
2558,2026-08-07T12:41:46.567902Z,slow,5,70
2558,2026-08-07T12:41:47.067745Z,fast,2,51
2559,2026-08-07T12:41:47.568360Z,fast,3,61
2559,2026-08-07T12:41:48.067231Z,fast,2,61
2560,2026-08-07T12:41:48.565832Z,fast,3,68
2560,2026-08-07T12:41:48.565838Z,slow,3,70
2560,2026-08-07T12:41:49.066834Z,fast,1,61
2561,2026-08-07T12:41:49.566598Z,fast,4,61
2561,2026-08-07T12:41:50.067280Z,fast,3,61
2562,2026-08-07T12:41:50.564270Z,fast,2,68
2562,2026-08-07T12:41:50.564285Z,slow,3,70
2562,2026-08-07T12:41:51.066111Z,fast,1,51
2563,2026-08-07T12:41:51.568571Z,fast,2,61
2563,2026-08-07T12:41:52.068829Z,fast,3,61
2564,2026-08-07T12:41:52.568277Z,fast,5,68
2564,2026-08-07T12:41:52.568300Z,slow,5,70
2564,2026-08-07T12:41:53.068848Z,fast,2,51
2565,2026-08-07T12:41:53.568476Z,fast,4,61
2565,2026-08-07T12:41:54.065392Z,fast,3,61
2566,2026-08-07T12:41:54.568818Z,fast,2,70
2566,2026-08-07T12:41:54.568824Z,slow,2,70
2566,2026-08-07T12:41:55.065992Z,fast,1,51
2567,2026-08-07T12:41:55.568684Z,fast,4,61
2567,2026-08-07T12:41:56.066250Z,fast,3,61
2568,2026-08-07T12:41:56.568822Z,fast,3,70
2568,2026-08-07T12:41:56.568829Z,slow,3,70
2568,2026-08-07T12:41:57.063770Z,fast,7,930
2569,2026-08-07T12:41:57.568795Z,fast,3,61
2569,2026-08-07T12:41:58.065982Z,fast,3,61
2570,2026-08-07T12:41:58.568758Z,fast,2,70
2570,2026-08-07T12:41:58.568762Z,slow,2,70
2570,2026-08-07T12:41:59.065544Z,fast,57,719
2571,2026-08-07T12:41:59.565945Z,fast,3,51
2571,2026-08-07T12:42:00.066173Z,fast,7,61
2572,2026-08-07T12:42:00.567231Z,slow,5,70
2572,2026-08-07T12:42:00.567243Z,fast,5,70
2572,2026-08-07T12:42:01.065843Z,fast,5,61
2573,2026-08-07T12:42:01.568232Z,fast,3,51
2573,2026-08-07T12:42:02.066222Z,fast,3,61
2574,2026-08-07T12:42:02.568796Z,fast,4,70
2574,2026-08-07T12:42:02.568799Z,slow,4,70
2574,2026-08-07T12:42:03.068785Z,fast,3,61
2575,2026-08-07T12:42:03.566262Z,fast,3,51
2575,2026-08-07T12:42:04.065396Z,fast,2,61
2576,2026-08-07T12:42:04.568786Z,fast,3,70
2576,2026-08-07T12:42:04.568794Z,slow,3,70
2576,2026-08-07T12:42:05.067134Z,fast,3,61
2577,2026-08-07T12:42:05.568767Z,fast,4,51
2577,2026-08-07T12:42:06.068771Z,fast,4,61
2578,2026-08-07T12:42:06.566212Z,slow,4,70
2578,2026-08-07T12:42:06.566211Z,fast,4,70
2578,2026-08-07T12:42:07.065866Z,fast,5,61
2579,2026-08-07T12:42:07.565300Z,fast,4,51
2579,2026-08-07T12:42:08.064573Z,fast,4,61
2580,2026-08-07T12:42:08.565113Z,fast,3,70
2580,2026-08-07T12:42:08.565139Z,slow,3,70
2580,2026-08-07T12:42:09.065296Z,fast,2,61
2581,2026-08-07T12:42:09.565331Z,fast,3,51
2581,2026-08-07T12:42:10.067402Z,fast,3,61
2582,2026-08-07T12:42:10.564234Z,fast,5,68
2582,2026-08-07T12:42:10.564235Z,slow,5,70
2582,2026-08-07T12:42:11.068789Z,fast,1,61
2583,2026-08-07T12:42:11.567970Z,fast,2,51
2583,2026-08-07T12:42:12.067463Z,fast,2,61
2584,2026-08-07T12:42:12.565564Z,slow,2,70
2584,2026-08-07T12:42:12.565554Z,fast,2,70
2584,2026-08-07T12:42:13.065621Z,fast,1,61
2585,2026-08-07T12:42:13.565123Z,fast,2,51
2585,2026-08-07T12:42:14.063941Z,fast,3,61
2586,2026-08-07T12:42:14.567004Z,fast,6,70
2586,2026-08-07T12:42:14.567002Z,slow,6,74
2586,2026-08-07T12:42:15.065007Z,fast,2,65
2587,2026-08-07T12:42:15.564272Z,fast,1,51
2587,2026-08-07T12:42:16.065264Z,fast,3,61
2588,2026-08-07T12:42:16.568667Z,fast,3,70
2588,2026-08-07T12:42:16.568673Z,slow,3,70
2588,2026-08-07T12:42:17.065932Z,fast,4,61
2589,2026-08-07T12:42:17.565997Z,fast,1,51
2589,2026-08-07T12:42:18.067096Z,fast,3,61
2590,2026-08-07T12:42:18.568480Z,slow,1,70
2590,2026-08-07T12:42:18.568477Z,fast,1,70
2590,2026-08-07T12:42:19.063797Z,fast,3,61
2591,2026-08-07T12:42:19.563889Z,fast,15,1454
2591,2026-08-07T12:42:20.063822Z,fast,15,1200
2592,2026-08-07T12:42:20.565716Z,fast,12,1062
2592,2026-08-07T12:42:20.565737Z,slow,14,1062
2592,2026-08-07T12:42:21.063689Z,fast,18,1911
2593,2026-08-07T12:42:21.563972Z,fast,7,1024
2593,2026-08-07T12:42:22.066Z,fast,15,1413
2594,2026-08-07T12:42:22.564504Z,fast,33,1771
2594,2026-08-07T12:42:22.564504Z,slow,33,2055
2594,2026-08-07T12:42:23.063924Z,fast,11,1455
2595,2026-08-07T12:42:23.563635Z,fast,21,1806
2595,2026-08-07T12:42:24.063714Z,fast,19,1313
2596,2026-08-07T12:42:24.563989Z,slow,15,1043
2596,2026-08-07T12:42:24.563989Z,fast,15,1039
2596,2026-08-07T12:42:25.063693Z,fast,20,1633
2597,2026-08-07T12:42:25.563713Z,fast,15,1406
2597,2026-08-07T12:42:26.064170Z,fast,15,1949
2598,2026-08-07T12:42:26.565380Z,fast,23,1825
2598,2026-08-07T12:42:26.565382Z,slow,23,1995
2598,2026-08-07T12:42:27.064405Z,fast,24,1412
2599,2026-08-07T12:42:27.568615Z,fast,47,1878
2599,2026-08-07T12:42:28.063714Z,fast,15,1850
2600,2026-08-07T12:42:28.563884Z,fast,14,1769
2600,2026-08-07T12:42:28.563893Z,slow,32,1733
2600,2026-08-07T12:42:29.063568Z,fast,11,2086
2601,2026-08-07T12:42:29.563848Z,fast,16,1538
2601,2026-08-07T12:42:30.063859Z,fast,17,1748
2602,2026-08-07T12:42:30.563934Z,slow,23,1561
2602,2026-08-07T12:42:30.563934Z,fast,23,1558
2602,2026-08-07T12:42:31.063605Z,fast,12,1355
2603,2026-08-07T12:42:31.566772Z,fast,10,1028
2603,2026-08-07T12:42:32.065807Z,fast,14,1647
2604,2026-08-07T12:42:32.565116Z,slow,24,1535
2604,2026-08-07T12:42:32.565116Z,fast,25,1544
2604,2026-08-07T12:42:33.063592Z,fast,12,1355
2605,2026-08-07T12:42:33.564265Z,fast,16,1491
2605,2026-08-07T12:42:34.063744Z,fast,12,1389
2606,2026-08-07T12:42:34.564243Z,fast,26,1501
2606,2026-08-07T12:42:34.564274Z,slow,30,1631
2606,2026-08-07T12:42:35.064116Z,fast,26,1534
2607,2026-08-07T12:42:35.564106Z,fast,15,1850
2607,2026-08-07T12:42:36.063545Z,fast,10,1211
2608,2026-08-07T12:42:36.565157Z,fast,36,1895
2608,2026-08-07T12:42:36.565159Z,slow,37,1905
2608,2026-08-07T12:42:37.064402Z,fast,24,1725
2609,2026-08-07T12:42:37.564090Z,fast,12,1495
2609,2026-08-07T12:42:38.064152Z,fast,13,1791
2610,2026-08-07T12:42:38.564014Z,fast,16,1630
2610,2026-08-07T12:42:38.564036Z,slow,59,1882
2610,2026-08-07T12:42:39.063661Z,fast,26,1535
2611,2026-08-07T12:42:39.563641Z,fast,18,1589
2611,2026-08-07T12:42:40.064061Z,fast,17,1583
2612,2026-08-07T12:42:40.563532Z,fast,17,1357
2612,2026-08-07T12:42:40.563532Z,slow,22,1322
2612,2026-08-07T12:42:41.065175Z,fast,22,997
2613,2026-08-07T12:42:41.563813Z,fast,10,1495
2613,2026-08-07T12:42:42.063723Z,fast,21,2031
2614,2026-08-07T12:42:42.565076Z,fast,24,1537
2614,2026-08-07T12:42:42.565078Z,slow,35,1176
2614,2026-08-07T12:42:43.064739Z,fast,19,1713
2615,2026-08-07T12:42:43.564541Z,fast,25,1714
2615,2026-08-07T12:42:44.063823Z,fast,21,1355
2616,2026-08-07T12:42:44.563876Z,fast,22,1572
2616,2026-08-07T12:42:44.563880Z,slow,23,1647
2616,2026-08-07T12:42:45.063881Z,fast,8,1671
2617,2026-08-07T12:42:45.563629Z,fast,16,1370
2617,2026-08-07T12:42:46.063563Z,fast,18,1606
2618,2026-08-07T12:42:46.564309Z,fast,42,1669
2618,2026-08-07T12:42:46.564434Z,slow,54,1590
2618,2026-08-07T12:42:47.064266Z,fast,28,1112
2619,2026-08-07T12:42:47.565608Z,fast,41,1892
2619,2026-08-07T12:42:48.065659Z,fast,23,1461
2620,2026-08-07T12:42:48.568605Z,fast,119,1437
2620,2026-08-07T12:42:48.568657Z,slow,175,1423
2620,2026-08-07T12:42:49.064025Z,fast,27,1677
2621,2026-08-07T12:42:49.563655Z,fast,12,1637
2621,2026-08-07T12:42:50.063679Z,fast,30,1634
2622,2026-08-07T12:42:50.564524Z,fast,29,1950
2622,2026-08-07T12:42:50.564524Z,slow,32,1960
2622,2026-08-07T12:42:51.065504Z,fast,11,1275
2623,2026-08-07T12:42:51.563455Z,fast,38,1393
2623,2026-08-07T12:42:52.064806Z,fast,19,1454
2624,2026-08-07T12:42:52.564564Z,fast,24,1949
2624,2026-08-07T12:42:52.564568Z,slow,34,1958
2624,2026-08-07T12:42:53.063582Z,fast,18,1096
2625,2026-08-07T12:42:53.563824Z,fast,16,1591
2625,2026-08-07T12:42:54.064522Z,fast,9,1401
2626,2026-08-07T12:42:54.566140Z,fast,10,1096
2626,2026-08-07T12:42:54.566148Z,slow,14,1105
2626,2026-08-07T12:42:55.065002Z,fast,24,1457
2627,2026-08-07T12:42:55.563933Z,fast,13,1338
2627,2026-08-07T12:42:56.065728Z,fast,20,1275
2628,2026-08-07T12:42:56.563583Z,slow,18,1598
2628,2026-08-07T12:42:56.563575Z,fast,22,1753
2628,2026-08-07T12:42:57.063548Z,fast,16,1233
2629,2026-08-07T12:42:57.564028Z,fast,15,1275
2629,2026-08-07T12:42:58.063748Z,fast,13,1548
2630,2026-08-07T12:42:58.563753Z,slow,22,1021
2630,2026-08-07T12:42:58.563753Z,fast,22,1378
2630,2026-08-07T12:42:59.064562Z,fast,18,1454
2631,2026-08-07T12:42:59.565405Z,fast,19,1885
2631,2026-08-07T12:43:00.063859Z,fast,13,1170
2632,2026-08-07T12:43:00.564008Z,fast,42,1694
2632,2026-08-07T12:43:00.564028Z,slow,42,1671
2632,2026-08-07T12:43:01.063750Z,fast,17,1275
2633,2026-08-07T12:43:01.563729Z,fast,8,1454
2633,2026-08-07T12:43:02.065329Z,fast,13,1457
2634,2026-08-07T12:43:02.564708Z,slow,30,1546
2634,2026-08-07T12:43:02.564703Z,fast,33,1599
2634,2026-08-07T12:43:03.063613Z,fast,20,1454
2635,2026-08-07T12:43:03.567907Z,fast,59,1867
2635,2026-08-07T12:43:04.065240Z,fast,19,1633
2636,2026-08-07T12:43:04.564461Z,fast,13,1695
2636,2026-08-07T12:43:04.564473Z,slow,35,1714
2636,2026-08-07T12:43:05.063400Z,fast,12,1096
2637,2026-08-07T12:43:05.563923Z,fast,55,1490
2637,2026-08-07T12:43:06.063578Z,fast,30,1906
2638,2026-08-07T12:43:06.563937Z,fast,19,1999
2638,2026-08-07T12:43:06.563937Z,slow,36,2009
2638,2026-08-07T12:43:07.063781Z,fast,21,1454
2639,2026-08-07T12:43:07.566905Z,fast,71,1774
2639,2026-08-07T12:43:08.065160Z,fast,17,1411
2640,2026-08-07T12:43:08.564232Z,slow,77,1737
2640,2026-08-07T12:43:08.563991Z,fast,130,1235
2640,2026-08-07T12:43:09.064350Z,fast,44,2083
2641,2026-08-07T12:43:09.568373Z,fast,42,2088
2641,2026-08-07T12:43:10.064473Z,fast,30,1620
2642,2026-08-07T12:43:10.563715Z,fast,12,1454
2642,2026-08-07T12:43:10.563728Z,slow,13,1466
2642,2026-08-07T12:43:11.065556Z,fast,22,1508
2643,2026-08-07T12:43:11.563346Z,fast,44,1968
2643,2026-08-07T12:43:12.064738Z,fast,25,1455
2644,2026-08-07T12:43:12.563522Z,slow,14,1061
2644,2026-08-07T12:43:12.563514Z,fast,15,1025
2644,2026-08-07T12:43:13.063323Z,fast,22,1908
2645,2026-08-07T12:43:13.563889Z,fast,19,1454
2645,2026-08-07T12:43:14.063364Z,fast,20,1454
2646,2026-08-07T12:43:14.565500Z,slow,28,1200
2646,2026-08-07T12:43:14.565470Z,fast,36,1428
2646,2026-08-07T12:43:15.065288Z,fast,13,1501
2647,2026-08-07T12:43:15.563327Z,fast,14,1573
2647,2026-08-07T12:43:16.064915Z,fast,19,1275
2648,2026-08-07T12:43:16.564883Z,fast,23,1633
2648,2026-08-07T12:43:16.564883Z,slow,25,1779
2648,2026-08-07T12:43:17.063551Z,fast,36,1454
2649,2026-08-07T12:43:17.563443Z,fast,17,1634
2649,2026-08-07T12:43:18.063540Z,fast,19,1687
2650,2026-08-07T12:43:18.567185Z,fast,63,1443
2650,2026-08-07T12:43:18.568448Z,slow,62,1492
2650,2026-08-07T12:43:19.065180Z,fast,90,1553
2651,2026-08-07T12:43:19.565188Z,fast,50,2142
2651,2026-08-07T12:43:20.066211Z,fast,4,59
2652,2026-08-07T12:43:20.564698Z,fast,4,63
2652,2026-08-07T12:43:20.564729Z,slow,5,70
2652,2026-08-07T12:43:21.068363Z,fast,3,61
2653,2026-08-07T12:43:21.568342Z,fast,3,61
2653,2026-08-07T12:43:22.066300Z,fast,3,51
2654,2026-08-07T12:43:22.565437Z,slow,1,72
2654,2026-08-07T12:43:22.565437Z,fast,1,72
2654,2026-08-07T12:43:23.065638Z,fast,2,63
2655,2026-08-07T12:43:23.565637Z,fast,3,63
2655,2026-08-07T12:43:24.068348Z,fast,3,51
2656,2026-08-07T12:43:24.565780Z,fast,4,72
2656,2026-08-07T12:43:24.565782Z,slow,4,72
2656,2026-08-07T12:43:25.064741Z,fast,4,63
2657,2026-08-07T12:43:25.566307Z,fast,2,63
2657,2026-08-07T12:43:26.066886Z,fast,3,51
2658,2026-08-07T12:43:26.563801Z,fast,3,72
2658,2026-08-07T12:43:26.563802Z,slow,3,72
2658,2026-08-07T12:43:27.068287Z,fast,2,63
2659,2026-08-07T12:43:27.568148Z,fast,7,63
2659,2026-08-07T12:43:28.065618Z,fast,4,51
2660,2026-08-07T12:43:28.564850Z,slow,2,69
2660,2026-08-07T12:43:28.564850Z,fast,2,70
2660,2026-08-07T12:43:29.066162Z,fast,4,61
2661,2026-08-07T12:43:29.564950Z,fast,1,61
2661,2026-08-07T12:43:30.066775Z,fast,4,51
2662,2026-08-07T12:43:30.567972Z,slow,3,70
2662,2026-08-07T12:43:30.567972Z,fast,3,70
2662,2026-08-07T12:43:31.066106Z,fast,4,61
2663,2026-08-07T12:43:31.568287Z,fast,2,61
2663,2026-08-07T12:43:32.066123Z,fast,2,51
2664,2026-08-07T12:43:32.566590Z,fast,4,72
2664,2026-08-07T12:43:32.566595Z,slow,4,72
2664,2026-08-07T12:43:33.066691Z,fast,4,63
2665,2026-08-07T12:43:33.564088Z,fast,3,63
2665,2026-08-07T12:43:34.064753Z,fast,1,51
2666,2026-08-07T12:43:34.568281Z,fast,4,70
2666,2026-08-07T12:43:34.568312Z,slow,4,72
2666,2026-08-07T12:43:35.068124Z,fast,5,63
2667,2026-08-07T12:43:35.568343Z,fast,4,63
2667,2026-08-07T12:43:36.068280Z,fast,1,51
2668,2026-08-07T12:43:36.568040Z,fast,3,72
2668,2026-08-07T12:43:36.568052Z,slow,3,71
2668,2026-08-07T12:43:37.063437Z,fast,3,63
2669,2026-08-07T12:43:37.564834Z,fast,3,63
2669,2026-08-07T12:43:38.066120Z,fast,0,51
2670,2026-08-07T12:43:38.567420Z,slow,1,70
2670,2026-08-07T12:43:38.567415Z,fast,1,70
2670,2026-08-07T12:43:39.067991Z,fast,4,61
2671,2026-08-07T12:43:39.567959Z,fast,4,61
2671,2026-08-07T12:43:40.068207Z,fast,17,2168
2672,2026-08-07T12:43:40.566647Z,fast,4,70
2672,2026-08-07T12:43:40.566648Z,slow,4,70
2672,2026-08-07T12:43:41.067100Z,fast,4,61
2673,2026-08-07T12:43:41.567206Z,fast,2,61
2673,2026-08-07T12:43:42.064081Z,fast,4,297
2674,2026-08-07T12:43:42.565262Z,slow,4,60
2674,2026-08-07T12:43:42.565249Z,fast,4,60
2674,2026-08-07T12:43:43.068244Z,fast,3,61
2675,2026-08-07T12:43:43.564792Z,fast,3,61
2675,2026-08-07T12:43:44.066038Z,fast,3,61
2676,2026-08-07T12:43:44.567951Z,fast,4,60
2676,2026-08-07T12:43:44.567959Z,slow,4,60
2676,2026-08-07T12:43:45.068221Z,fast,4,61
2677,2026-08-07T12:43:45.565536Z,fast,3,61
2677,2026-08-07T12:43:46.068217Z,fast,2,61
2678,2026-08-07T12:43:46.567941Z,slow,6,62
2678,2026-08-07T12:43:46.567933Z,fast,6,62
2678,2026-08-07T12:43:47.066271Z,fast,4,63
2679,2026-08-07T12:43:47.568205Z,fast,4,63
2679,2026-08-07T12:43:48.066616Z,fast,2,63
2680,2026-08-07T12:43:48.564788Z,slow,1,60
2680,2026-08-07T12:43:48.564787Z,fast,1,60
2680,2026-08-07T12:43:49.064244Z,fast,3,63
2681,2026-08-07T12:43:49.566637Z,fast,3,63
2681,2026-08-07T12:43:50.067961Z,fast,2,63
2682,2026-08-07T12:43:50.564555Z,slow,4,60
2682,2026-08-07T12:43:50.564549Z,fast,4,60
2682,2026-08-07T12:43:51.068156Z,fast,2,63
2683,2026-08-07T12:43:51.567948Z,fast,2,63
2683,2026-08-07T12:43:52.064761Z,fast,3,63
2684,2026-08-07T12:43:52.564500Z,fast,2,62
2684,2026-08-07T12:43:52.564499Z,slow,3,62
2684,2026-08-07T12:43:53.066463Z,fast,5,63
2685,2026-08-07T12:43:53.565156Z,fast,2,63
2685,2026-08-07T12:43:54.066372Z,fast,4,63
2686,2026-08-07T12:43:54.564694Z,fast,4,58
2686,2026-08-07T12:43:54.564708Z,slow,4,60
2686,2026-08-07T12:43:55.067293Z,fast,3,61
2687,2026-08-07T12:43:55.565784Z,fast,3,61
2687,2026-08-07T12:43:56.068136Z,fast,4,61
2688,2026-08-07T12:43:56.568125Z,slow,3,60
2688,2026-08-07T12:43:56.568124Z,fast,3,60
2688,2026-08-07T12:43:57.064697Z,fast,2,61
2689,2026-08-07T12:43:57.568133Z,fast,3,61
2689,2026-08-07T12:43:58.068139Z,fast,3,61
2690,2026-08-07T12:43:58.566488Z,fast,2,56
2690,2026-08-07T12:43:58.566488Z,slow,2,58
2690,2026-08-07T12:43:59.064722Z,fast,3,61
2691,2026-08-07T12:43:59.564827Z,fast,4,61
2691,2026-08-07T12:44:00.068209Z,fast,4,61
2692,2026-08-07T12:44:00.563950Z,fast,2,60
2692,2026-08-07T12:44:00.563953Z,slow,2,60
2692,2026-08-07T12:44:01.065765Z,fast,4,61
2693,2026-08-07T12:44:01.563734Z,fast,3,61
2693,2026-08-07T12:44:02.064213Z,fast,2,61
2694,2026-08-07T12:44:02.564910Z,fast,13,1337
2694,2026-08-07T12:44:02.564912Z,slow,15,1158
2694,2026-08-07T12:44:03.063867Z,fast,3,63
2695,2026-08-07T12:44:03.563238Z,fast,3,63
2695,2026-08-07T12:44:04.067003Z,fast,2,63
2696,2026-08-07T12:44:04.565652Z,slow,60,2353
2696,2026-08-07T12:44:04.565648Z,fast,60,2362
2696,2026-08-07T12:44:05.066749Z,fast,2,63
2697,2026-08-07T12:44:05.567118Z,fast,4,63
2697,2026-08-07T12:44:06.068294Z,fast,7,63
2698,2026-08-07T12:44:06.568142Z,fast,22,163
2698,2026-08-07T12:44:06.568141Z,slow,23,159
2698,2026-08-07T12:44:07.063502Z,fast,2,51
2699,2026-08-07T12:44:07.567661Z,fast,3,63
