run_id,t_seconds,config,mitigation,antagonist_active,throughput,claim_p50,claim_p95,claim_p99,e2e_p50,e2e_p95,e2e_p99,n_dead_tup,n_live_tup,table_bytes,index_bytes,queue_depth,oldest_backend_xmin_age,last_autovacuum
M4,0,saturated,M4,false,0.000,0.000,0.000,0.000,0.000,0.000,0.000,0,0,0,0,0,0,
M4,1,saturated,M4,false,946.000,3.783,15.582,26.305,402.048,917.725,956.425,0,0,3645440,974848,28626,11,
M4,2,saturated,M4,false,1163.000,4.694,8.890,12.887,1478.311,1910.592,1948.237,0,42974,6438912,1695744,51060,27,
M4,3,saturated,M4,false,1015.000,7.177,14.972,18.138,2433.083,2897.436,2943.353,0,45220,6553600,1769472,49910,5,
M4,4,saturated,M4,false,935.000,8.856,16.234,19.741,3441.294,3901.363,3938.663,0,58896,6742016,1843200,49522,18,
M4,5,saturated,M4,false,801.000,11.086,18.701,22.809,4438.445,4876.431,4913.998,0,61572,6938624,1916928,49588,17,
M4,6,saturated,M4,false,614.000,13.239,28.525,119.368,5460.965,5883.228,5932.109,0,64054,7143424,1990656,49727,20,
M4,7,saturated,M4,false,664.000,15.617,27.943,32.490,6434.460,6885.846,6918.616,0,66217,7266304,2039808,49666,25,
M4,8,saturated,M4,false,645.000,16.511,28.337,33.714,7425.407,7890.912,7933.074,0,68065,7462912,2105344,49677,21,
M4,9,saturated,M4,false,601.000,18.525,30.291,38.559,8429.386,8885.023,8927.012,0,70089,7593984,2154496,49696,17,
M4,10,saturated,M4,false,589.000,19.325,32.246,37.612,9430.815,9882.113,9924.637,0,71923,7741440,2203648,49700,15,
M4,11,saturated,M4,false,572.000,19.627,34.031,37.368,10423.109,10879.250,10917.492,0,73974,7839744,2260992,49709,23,
M4,12,saturated,M4,false,554.000,21.318,36.663,42.345,11417.345,11874.394,11912.041,0,75709,8011776,2310144,49712,23,
M4,13,saturated,M4,false,538.000,22.853,36.075,41.682,12431.833,12865.277,12913.359,0,77389,8134656,2359296,49736,21,
M4,14,saturated,M4,false,528.000,23.268,39.246,43.392,13414.513,13881.799,13915.596,0,79035,8257536,2408448,49736,32,
M4,15,saturated,M4,false,501.000,24.384,38.264,44.538,14419.404,14854.271,14911.099,0,80099,8396800,2441216,49737,25,
M4,16,saturated,M4,false,428.000,26.723,44.623,122.488,15451.137,15874.221,15911.152,0,81741,8486912,2490368,49821,21,
M4,17,saturated,M4,false,463.000,28.309,45.209,54.179,16414.077,16874.009,16919.489,0,83339,8601600,2523136,49771,29,
M4,18,saturated,M4,false,454.000,27.154,43.631,52.077,17421.163,17868.576,17902.495,0,84726,8724480,2580480,49766,24,
M4,19,saturated,M4,false,442.000,29.824,48.462,56.550,18411.577,18873.343,18899.666,0,85603,8806400,2605056,49776,25,
M4,20,saturated,M4,false,433.000,30.240,45.388,50.480,19409.981,19866.356,19898.992,0,87174,8921088,2646016,49781,25,
M4,21,saturated,M4,false,432.000,31.906,48.366,53.306,20410.378,20858.086,20904.055,0,88501,9043968,2686976,49784,28,
M4,22,saturated,M4,false,433.000,31.148,48.476,59.546,21413.353,21870.089,21909.285,0,89763,9117696,2711552,49780,27,
M4,23,saturated,M4,false,357.000,35.485,63.879,87.986,22370.380,22862.465,22897.407,0,91065,9224192,2760704,49798,28,
M4,24,saturated,M4,false,353.000,35.484,61.887,85.328,23446.965,23866.377,23902.428,0,92224,9322496,2793472,49874,14,
M4,25,saturated,M4,false,298.000,39.670,71.539,138.721,24371.614,24855.316,24882.192,0,93396,9404416,2818048,49837,27,
M4,26,saturated,M4,false,240.000,41.326,300.294,320.804,25498.602,25877.056,25888.989,0,94319,9453568,2842624,49935,21,
M4,27,saturated,M4,false,343.000,40.886,66.740,79.227,26413.399,26858.590,26893.774,0,94856,9510912,2859008,49827,30,
M4,28,saturated,M4,false,244.000,41.463,284.949,299.031,27243.047,27850.733,27906.188,0,95878,9609216,2899968,49816,19,
M4,29,saturated,M4,false,244.000,45.558,85.955,108.438,28434.138,28831.152,28902.947,0,96798,9682944,2916352,50024,19,
M4,30,saturated,M4,false,286.000,45.331,78.599,98.978,29401.268,29853.652,29883.458,0,97483,9732096,2940928,49860,29,
M4,31,saturated,M4,false,311.000,43.562,70.062,83.061,30402.300,30868.828,30896.076,0,98065,9773056,2957312,49847,9,
M4,32,saturated,M4,false,293.000,44.020,73.471,87.722,31421.062,31864.436,31896.336,0,99208,9854976,2998272,49857,37,
M4,33,saturated,M4,false,262.000,47.471,134.537,187.382,32428.295,32831.700,32882.525,0,100199,9928704,3022848,49866,24,
M4,34,saturated,M4,false,295.000,52.234,84.015,117.383,33425.922,33868.958,33892.520,0,100743,10010624,3039232,49864,42,
M4,35,saturated,M4,false,306.000,46.325,77.733,97.384,34400.530,34844.136,34859.309,0,101759,10076160,3063808,49852,52,
M4,36,saturated,M4,false,273.000,48.892,152.290,175.836,35422.307,35853.494,35879.372,0,102816,10117120,3096576,49861,35,
M4,37,saturated,M4,false,315.000,48.455,75.641,89.094,36377.163,36845.637,36889.941,0,103393,10190848,3121152,49841,38,
M4,38,saturated,M4,false,317.000,47.564,73.951,89.541,37405.335,37840.811,37894.746,0,104470,10289152,3153920,49837,30,
M4,39,saturated,M4,false,315.000,46.265,71.972,85.562,38392.226,38846.791,38876.372,0,105411,10354688,3170304,49841,40,
M4,40,saturated,M4,false,315.000,46.315,73.319,86.442,39386.703,39838.557,39873.312,0,106363,10420224,3194880,49845,32,
M4,41,saturated,M4,false,317.000,47.376,74.950,84.925,40382.997,40843.511,40873.516,0,107431,10502144,3227648,49839,31,
M4,42,saturated,M4,false,295.000,49.011,75.301,88.221,41382.303,41825.868,41857.304,0,108374,10584064,3252224,49853,31,
M4,43,saturated,M4,false,303.000,50.004,80.402,93.793,42391.700,42852.747,42888.196,0,108978,10657792,3276800,49851,35,
M4,44,saturated,M4,false,291.000,50.876,86.721,100.409,43393.812,43849.450,43880.164,0,110006,10723328,3309568,49853,32,
M4,45,saturated,M4,false,297.000,50.090,73.578,84.714,44382.952,44847.203,44885.139,0,110901,10780672,3334144,49846,34,
M4,46,saturated,M4,false,262.000,49.302,92.528,124.314,45408.978,45829.176,45860.460,0,111780,10846208,3350528,49881,39,
M4,47,saturated,M4,false,291.000,51.789,80.460,94.460,46401.395,46851.320,46889.887,0,112632,10928128,3366912,49842,38,
M4,48,saturated,M4,false,282.000,51.748,82.730,92.465,47377.943,47839.902,47876.996,0,113641,10993664,3407872,49861,18,
M4,49,saturated,M4,false,297.000,50.727,76.830,87.245,48380.999,48821.341,48876.099,0,114172,11059200,3432448,49854,28,
M4,50,saturated,M4,false,277.000,51.812,82.221,109.495,49374.800,49832.285,49881.370,0,115210,11116544,3457024,49857,38,
M4,51,saturated,M4,false,267.000,56.232,95.108,107.821,50378.801,50854.474,50878.055,0,116198,11206656,3473408,49863,28,
M4,52,saturated,M4,false,210.000,57.669,146.184,206.756,51319.720,51839.572,51868.514,0,116920,11264000,3506176,49898,30,
M4,53,saturated,M4,false,260.000,54.501,90.027,136.803,52371.508,52831.411,52876.253,0,117369,11304960,3522560,49866,42,
M4,54,saturated,M4,false,258.000,60.143,96.379,121.282,53367.672,53847.602,53869.943,0,118220,11370496,3538944,49870,39,
M4,55,saturated,M4,false,263.000,57.664,86.465,108.452,54385.372,54832.031,54878.711,0,119104,11419648,3563520,49869,38,
M4,56,saturated,M4,false,233.000,58.882,120.281,134.827,55394.293,55842.164,55862.915,0,119916,11476992,3579904,49888,28,
M4,57,saturated,M4,false,256.000,60.063,97.060,122.922,56385.282,56833.951,56873.285,0,120628,11558912,3604480,49871,42,
M4,58,saturated,M4,false,264.000,57.065,93.092,109.202,57392.917,57816.515,57872.744,0,121409,11616256,3629056,49864,38,
M4,59,saturated,M4,false,264.000,57.870,89.696,110.001,58354.328,58827.304,58856.894,0,122170,11665408,3653632,49868,37,
M4,60,saturated,M4,false,267.000,60.896,85.562,96.444,59375.300,59841.306,59877.374,0,122719,11730944,3678208,49871,32,
M4,61,saturated,M4,false,254.000,58.750,89.630,108.580,60368.844,60825.332,60848.196,0,123902,11771904,3702784,49867,36,2026-08-03T11:42:43.158834Z
M4,62,saturated,M4,false,258.000,57.685,91.536,129.918,61346.813,61825.510,61846.552,0,124713,11804672,3719168,49872,54,2026-08-03T11:42:43.158834Z
M4,63,saturated,M4,false,243.000,62.285,99.235,132.650,62373.917,62808.251,62858.379,0,125620,11968512,3743744,49876,28,2026-08-03T11:42:43.158834Z
M4,64,saturated,M4,false,237.000,67.618,108.148,132.998,63369.919,63822.078,63870.232,0,126351,12025856,3760128,49885,43,2026-08-03T11:42:43.158834Z
M4,65,saturated,M4,false,253.000,62.810,95.327,107.424,64372.517,64829.341,64863.305,0,127063,12058624,3776512,49874,48,2026-08-03T11:42:43.158834Z
M4,66,saturated,M4,false,213.000,66.009,138.653,168.067,65394.040,65836.865,65849.681,0,127779,12083200,3809280,49876,38,2026-08-03T11:42:43.158834Z
M4,67,saturated,M4,false,236.000,66.802,100.752,136.025,66374.722,66840.076,66862.795,0,128246,12107776,3817472,49883,56,2026-08-03T11:42:43.158834Z
M4,68,saturated,M4,false,245.000,63.694,98.267,119.664,67379.833,67827.933,67853.105,0,129066,12132352,3842048,49859,33,2026-08-03T11:42:43.158834Z
M4,69,saturated,M4,false,249.000,63.411,97.263,113.270,68366.799,68812.874,68865.363,0,129830,12328960,3866624,49876,36,2026-08-03T11:42:43.158834Z
M4,70,saturated,M4,false,251.000,62.718,102.050,122.615,69362.623,69810.015,69865.814,0,130595,12361728,3883008,49874,40,2026-08-03T11:42:43.158834Z
M4,71,saturated,M4,false,247.000,63.193,92.962,105.327,70369.760,70813.932,70854.310,0,131330,12386304,3907584,49878,30,2026-08-03T11:42:43.158834Z
M4,72,saturated,M4,false,252.000,61.766,101.723,112.672,71360.175,71826.802,71871.330,0,132090,12419072,3932160,49874,35,2026-08-03T11:42:43.158834Z
M4,73,saturated,M4,false,242.000,64.053,103.072,114.325,72360.771,72819.014,72858.572,0,132796,12443648,3948544,49881,50,2026-08-03T11:42:43.158834Z
M4,74,saturated,M4,false,245.000,64.851,97.682,105.932,73362.600,73819.198,73860.238,0,133636,12525568,3964928,49870,38,2026-08-03T11:42:43.158834Z
M4,75,saturated,M4,false,240.000,64.037,100.374,115.412,74373.834,74805.214,74852.435,0,134360,12664832,3997696,49875,50,2026-08-03T11:42:43.158834Z
M4,76,saturated,M4,false,206.000,69.966,149.395,169.303,75383.560,75834.629,75853.575,0,135070,12697600,4005888,49910,65,2026-08-03T11:42:43.158834Z
M4,77,saturated,M4,false,222.000,71.319,108.148,186.854,76360.541,76823.401,76855.418,0,135682,12722176,4030464,49889,38,2026-08-03T11:42:43.158834Z
M4,78,saturated,M4,false,227.000,69.806,101.562,132.009,77372.254,77798.611,77849.770,0,136345,12746752,4046848,49871,59,2026-08-03T11:42:43.158834Z
M4,79,saturated,M4,false,227.000,72.253,108.697,126.641,78362.270,78794.414,78857.333,0,136796,12771328,4063232,49896,54,2026-08-03T11:42:43.158834Z
M4,80,saturated,M4,false,229.000,69.992,99.481,111.148,79349.612,79796.631,79855.604,0,137633,12845056,4079616,49874,31,2026-08-03T11:42:43.158834Z
M4,81,saturated,M4,false,236.000,67.493,107.836,128.474,80345.070,80829.634,80839.906,0,138299,12992512,4112384,49881,38,2026-08-03T11:42:43.158834Z
M4,82,saturated,M4,false,232.000,68.050,108.025,120.010,81360.885,81820.295,81850.149,0,139168,13017088,4128768,49880,31,2026-08-03T11:42:43.158834Z
M4,83,saturated,M4,false,232.000,69.623,101.507,133.866,82385.055,82829.766,82860.481,0,139840,13041664,4145152,49885,30,2026-08-03T11:42:43.158834Z
M4,84,saturated,M4,false,220.000,70.037,104.388,132.207,83353.437,83792.664,83837.616,0,140241,13074432,4161536,49892,40,2026-08-03T11:42:43.158834Z
M4,85,saturated,M4,false,228.000,70.870,106.103,127.464,84345.589,84807.715,84839.658,0,141045,13099008,4186112,49878,34,2026-08-03T11:42:43.158834Z
M4,86,saturated,M4,false,199.000,76.607,127.484,148.649,85375.013,85833.281,85840.195,0,141821,13180928,4202496,49889,31,2026-08-03T11:42:43.158834Z
M4,87,saturated,M4,false,204.000,77.271,120.185,154.899,86358.021,86794.719,86852.275,0,142221,13246464,4227072,49895,28,2026-08-03T11:42:43.158834Z
M4,88,saturated,M4,false,215.000,76.799,116.772,146.075,87367.627,87799.381,87844.643,0,142962,13344768,4243456,49894,35,2026-08-03T11:42:43.158834Z
M4,89,saturated,M4,false,218.000,74.704,109.526,130.036,88362.189,88808.504,88849.501,0,143708,13369344,4251648,49887,34,2026-08-03T11:42:43.158834Z
M4,90,saturated,M4,false,217.000,72.254,120.475,141.630,89366.309,89807.496,89850.743,0,144381,13393920,4268032,49894,40,2026-08-03T11:42:43.158834Z
M4,91,saturated,M4,false,219.000,72.708,114.144,125.269,90349.975,90800.491,90834.822,0,145024,13418496,4300800,49886,32,2026-08-03T11:42:43.158834Z
M4,92,saturated,M4,false,220.000,75.459,105.097,129.618,91342.304,91798.898,91844.224,0,145696,13475840,4317184,49891,44,2026-08-03T11:42:43.158834Z
M4,93,saturated,M4,false,220.000,73.920,112.878,129.500,92348.364,92807.022,92835.923,0,146353,13557760,4333568,49893,33,2026-08-03T11:42:43.158834Z
M4,94,saturated,M4,false,221.000,74.681,109.134,124.089,93352.309,93820.229,93837.486,0,146801,13664256,4349952,49892,35,2026-08-03T11:42:43.158834Z
M4,95,saturated,M4,false,216.000,74.403,121.187,140.200,94342.946,94810.359,94854.039,0,147568,13688832,4366336,49892,41,2026-08-03T11:42:43.158834Z
M4,96,saturated,M4,false,195.000,80.306,123.960,146.751,95377.132,95818.448,95830.806,0,148184,13713408,4382720,49893,34,2026-08-03T11:42:43.158834Z
M4,97,saturated,M4,false,207.000,74.842,119.145,146.603,96354.553,96773.404,96821.894,0,148783,13737984,4407296,49896,38,2026-08-03T11:42:43.158834Z
M4,98,saturated,M4,false,204.000,80.553,132.751,146.665,97317.877,97794.596,97833.599,0,149511,13762560,4423680,49901,49,2026-08-03T11:42:43.158834Z
M4,99,saturated,M4,false,205.000,77.061,122.755,144.722,98331.399,98797.437,98841.841,0,150094,13852672,4440064,49898,47,2026-08-03T11:42:43.158834Z
M4,100,saturated,M4,false,208.000,73.465,126.257,158.915,99357.474,99808.350,99839.640,0,150702,13918208,4456448,49895,52,2026-08-03T11:42:43.158834Z
M4,101,saturated,M4,false,178.000,82.536,149.741,168.932,100390.455,100834.462,100835.759,0,151320,13991936,4472832,49919,35,2026-08-03T11:42:43.158834Z
M4,102,saturated,M4,false,180.000,89.254,132.786,148.081,101356.535,101822.461,101839.170,0,151874,14016512,4489216,49907,47,2026-08-03T11:42:43.158834Z
M4,103,saturated,M4,false,199.000,83.736,133.796,163.602,102351.884,102809.933,102845.361,0,152250,14032896,4505600,49888,49,2026-08-03T11:42:43.158834Z
M4,104,saturated,M4,false,205.000,81.281,111.077,144.270,103366.648,103802.430,103842.271,0,152950,14057472,4521984,49900,31,2026-08-03T11:42:43.158834Z
M4,105,saturated,M4,false,214.000,72.202,118.539,139.106,104343.312,104784.210,104843.059,0,153590,14090240,4538368,49891,47,2026-08-03T11:42:43.158834Z
M4,106,saturated,M4,false,177.000,81.992,154.899,217.257,105389.681,105833.615,105846.735,0,154302,14180352,4554752,49923,23,2026-08-03T11:42:43.158834Z
M4,107,saturated,M4,false,189.000,83.896,123.838,151.861,106364.352,106783.864,106833.323,0,154840,14237696,4562944,49889,29,2026-08-03T11:42:43.158834Z
M4,108,saturated,M4,false,196.000,83.860,124.182,150.229,107348.871,107801.960,107831.624,0,155217,14319616,4595712,49914,36,2026-08-03T11:42:43.158834Z
M4,109,saturated,M4,false,197.000,83.832,128.736,160.178,108349.377,108789.229,108831.089,0,155957,14336000,4612096,49897,52,2026-08-03T11:42:43.158834Z
M4,110,saturated,M4,false,202.000,82.799,129.672,141.894,109331.480,109829.568,109843.344,0,156507,14360576,4628480,49892,37,2026-08-03T11:42:43.158834Z
M4,111,saturated,M4,false,182.000,82.623,135.711,162.044,110364.839,110766.809,110826.288,0,157079,14385152,4636672,49907,47,2026-08-03T11:42:43.158834Z
M4,112,saturated,M4,false,190.000,85.169,132.054,163.971,111339.067,111792.379,111822.946,0,157745,14426112,4661248,49904,29,2026-08-03T11:42:43.158834Z
M4,113,saturated,M4,false,200.000,81.564,127.771,147.408,112335.660,112781.007,112837.551,0,158278,14491648,4669440,49902,40,2026-08-03T11:42:43.158834Z
M4,114,saturated,M4,false,199.000,81.985,122.217,143.309,113347.916,113793.700,113829.525,0,158669,14573568,4694016,49900,49,2026-08-03T11:42:43.158834Z
M4,115,saturated,M4,false,208.000,76.458,119.790,134.523,114340.297,114803.499,114839.119,0,159388,14639104,4710400,49896,40,2026-08-03T11:42:43.158834Z
M4,116,saturated,M4,false,170.000,84.872,189.702,224.280,115385.752,115796.234,115839.087,0,159971,14663680,4726784,49925,28,2026-08-03T11:42:43.158834Z
M4,117,saturated,M4,false,183.000,85.901,139.316,164.604,116343.419,116774.479,116831.705,0,160512,14680064,4734976,49892,32,2026-08-03T11:42:43.158834Z
M4,118,saturated,M4,false,193.000,84.576,130.484,156.963,117345.050,117789.978,117836.386,0,161173,14704640,4751360,49905,39,2026-08-03T11:42:43.158834Z
M4,119,saturated,M4,false,194.000,82.116,128.921,148.270,118339.531,118795.681,118833.291,0,161786,14737408,4775936,49919,40,2026-08-03T11:42:43.158834Z
M4,120,saturated,M4,false,192.000,82.870,117.261,141.551,119350.727,119785.413,119827.037,0,162314,14811136,4792320,49891,36,2026-08-03T11:42:43.158834Z
M4,121,saturated,M4,false,198.000,84.497,134.192,153.292,120342.821,120794.954,120829.299,0,162941,14843904,4808704,49893,26,2026-08-03T11:43:43.204955Z
M4,122,saturated,M4,false,190.000,85.669,127.006,173.017,121337.865,121779.099,121813.360,0,163331,14868480,4816896,49904,48,2026-08-03T11:43:43.204955Z
M4,123,saturated,M4,false,201.000,78.489,114.980,123.429,122345.597,122804.517,122832.407,0,164012,14893056,4841472,49887,33,2026-08-03T11:43:43.204955Z
M4,124,saturated,M4,false,184.000,86.302,137.862,174.024,123341.492,123795.490,123826.429,0,164735,15081472,4849664,49920,37,2026-08-03T11:43:43.204955Z
M4,125,saturated,M4,false,190.000,88.911,129.456,146.094,124375.426,124814.192,124830.970,0,165079,15106048,4866048,49923,48,2026-08-03T11:43:43.204955Z
M4,126,saturated,M4,false,155.000,95.970,214.682,310.232,125429.131,125830.225,125830.340,0,165696,15122432,4882432,49909,29,2026-08-03T11:43:43.204955Z
M4,127,saturated,M4,false,176.000,86.846,140.475,227.251,126359.916,126810.095,126822.179,0,166197,15138816,4907008,49920,41,2026-08-03T11:43:43.204955Z
M4,128,saturated,M4,false,196.000,83.678,140.893,157.402,127334.049,127809.338,127837.574,0,166802,15163392,4915200,49887,52,2026-08-03T11:43:43.204955Z
M4,129,saturated,M4,false,193.000,85.283,132.900,165.610,128362.228,128812.088,128829.777,0,167442,15187968,4931584,49915,44,2026-08-03T11:43:43.204955Z
M4,130,saturated,M4,false,192.000,83.694,128.176,151.318,129358.268,129805.529,129824.720,0,167837,15204352,4939776,49908,39,2026-08-03T11:43:43.204955Z
M4,131,saturated,M4,false,177.000,90.633,120.241,157.442,130345.048,130784.638,130808.704,0,168477,15384576,4964352,49893,33,2026-08-03T11:43:43.204955Z
M4,132,saturated,M4,false,176.000,89.610,171.888,238.032,131285.207,131806.762,131827.631,0,169031,15417344,4972544,49936,59,2026-08-03T11:43:43.204955Z
M4,133,saturated,M4,false,179.000,90.378,133.280,146.404,132330.446,132767.053,132805.635,0,169576,15433728,4997120,49909,45,2026-08-03T11:43:43.204955Z
M4,134,saturated,M4,false,190.000,88.180,131.240,161.638,133314.543,133780.016,133817.978,0,170098,15450112,5005312,49875,33,2026-08-03T11:43:43.204955Z
M4,135,saturated,M4,false,187.000,90.711,146.097,205.351,134337.080,134793.712,134826.745,0,170654,15482880,5029888,49943,43,2026-08-03T11:43:43.204955Z
M4,136,saturated,M4,false,155.000,94.278,182.668,221.646,135354.491,135801.653,135830.107,0,171295,15499264,5038080,49924,33,2026-08-03T11:43:43.204955Z
M4,137,saturated,M4,false,178.000,94.470,141.485,166.599,136347.284,136787.350,136826.818,0,171714,15523840,5054464,49873,39,2026-08-03T11:43:43.204955Z
M4,138,saturated,M4,false,182.000,91.821,122.917,161.840,137336.900,137774.925,137831.465,0,172330,15581184,5062656,49935,36,2026-08-03T11:43:43.204955Z
M4,139,saturated,M4,false,182.000,89.710,138.129,171.734,138335.503,138764.685,138808.806,0,172706,15728640,5095424,49916,38,2026-08-03T11:43:43.204955Z
M4,140,saturated,M4,false,187.000,91.530,134.926,154.178,139316.864,139801.171,139821.766,0,173289,15745024,5103616,49872,33,2026-08-03T11:43:43.204955Z
M4,141,saturated,M4,false,180.000,91.167,128.201,218.931,140330.765,140757.330,140828.494,0,173873,15769600,5120000,49935,33,2026-08-03T11:43:43.204955Z
M4,142,saturated,M4,false,183.000,93.791,151.284,170.487,141332.678,141774.719,141822.528,0,174484,15794176,5128192,49915,35,2026-08-03T11:43:43.204955Z
M4,143,saturated,M4,false,182.000,91.261,136.844,161.416,142337.364,142761.649,142828.236,0,174954,15818752,5152768,49874,39,2026-08-03T11:43:43.204955Z
M4,144,saturated,M4,false,184.000,91.303,125.867,151.822,143351.200,143793.591,143818.461,0,175663,15843328,5160960,50030,36,2026-08-03T11:43:43.204955Z
M4,145,saturated,M4,false,182.000,89.295,144.774,166.810,144312.662,144780.143,144828.808,0,176104,15859712,5177344,49852,43,2026-08-03T11:43:43.204955Z
M4,146,saturated,M4,false,160.000,93.680,177.236,219.253,145325.455,145792.959,145827.756,0,176418,16015360,5201920,49894,48,2026-08-03T11:43:43.204955Z
M4,147,saturated,M4,false,164.000,96.861,155.963,194.458,146295.247,146771.780,146800.350,0,177140,16064512,5218304,49999,34,2026-08-03T11:43:43.204955Z
M4,148,saturated,M4,false,170.000,92.990,150.326,220.506,147322.573,147796.550,147829.554,0,177601,16080896,5226496,49922,53,2026-08-03T11:43:43.204955Z
M4,149,saturated,M4,false,159.000,94.400,155.142,190.698,148316.417,148774.022,148812.092,0,178077,16089088,5234688,49835,37,2026-08-03T11:43:43.204955Z
M4,150,saturated,M4,false,170.000,91.203,160.942,195.134,149326.955,149762.864,149825.310,0,178831,16138240,5251072,50082,49,2026-08-03T11:43:43.204955Z
M4,151,saturated,M4,false,165.000,103.067,140.499,163.976,150335.104,150773.177,150804.616,0,179162,16138240,5267456,49916,37,2026-08-03T11:43:43.204955Z
M4,152,saturated,M4,false,179.000,96.207,142.263,161.795,151343.228,151816.218,151829.259,0,179605,16146432,5283840,49826,35,2026-08-03T11:43:43.204955Z
M4,153,saturated,M4,false,172.000,91.547,137.303,152.936,152323.157,152749.527,152815.099,0,180317,16195584,5308416,49992,34,2026-08-03T11:43:43.204955Z
M4,154,saturated,M4,false,182.000,92.899,137.353,155.296,153304.241,153799.931,153824.770,0,180692,16310272,5316608,49914,37,2026-08-03T11:43:43.204955Z
M4,155,saturated,M4,false,176.000,97.006,136.034,156.326,154321.149,154798.400,154811.477,0,181087,16367616,5324800,49831,36,2026-08-03T11:43:43.204955Z
M4,156,saturated,M4,false,143.000,100.757,230.618,251.458,155373.005,155765.887,155815.024,0,181666,16416768,5341184,50016,44,2026-08-03T11:43:43.204955Z
M4,157,saturated,M4,false,169.000,99.166,154.704,180.103,156323.185,156800.073,156819.955,0,182000,16416768,5349376,49925,34,2026-08-03T11:43:43.204955Z
M4,158,saturated,M4,false,168.000,97.540,155.352,168.990,157326.794,157782.579,157814.243,0,182555,16449536,5365760,49830,42,2026-08-03T11:43:43.204955Z
M4,159,saturated,M4,false,171.000,98.289,150.004,188.280,158319.801,158774.747,158818.349,0,183281,16474112,5390336,49991,35,2026-08-03T11:43:43.204955Z
M4,160,saturated,M4,false,175.000,98.333,141.266,172.612,159313.922,159803.707,159820.285,0,183756,16482304,5406720,49924,34,2026-08-03T11:43:43.204955Z
M4,161,saturated,M4,false,171.000,96.909,147.281,180.257,160328.501,160790.437,160804.779,0,184106,16515072,5414912,49824,36,2026-08-03T11:43:43.204955Z
M4,162,saturated,M4,false,172.000,97.888,147.977,163.755,161316.343,161780.283,161810.996,0,184714,16654336,5431296,49991,36,2026-08-03T11:43:43.204955Z
M4,163,saturated,M4,false,170.000,96.893,151.531,170.349,162316.853,162758.616,162804.439,0,185331,16703488,5439488,49929,34,2026-08-03T11:43:43.204955Z
M4,164,saturated,M4,false,171.000,99.597,144.334,172.489,163328.798,163812.527,163821.425,0,185648,16728064,5464064,49835,38,2026-08-03T11:43:43.204955Z
M4,165,saturated,M4,false,168.000,98.515,160.106,181.195,164351.993,164771.588,164814.950,0,186396,16760832,5472256,49984,45,2026-08-03T11:43:43.204955Z
M4,166,saturated,M4,false,147.000,102.111,210.108,235.902,165363.929,165797.580,165817.678,0,186706,16760832,5488640,49940,32,2026-08-03T11:43:43.204955Z
M4,167,saturated,M4,false,162.000,101.844,165.428,186.150,166313.451,166787.184,166804.735,0,187148,16785408,5496832,49844,52,2026-08-03T11:43:43.204955Z
M4,168,saturated,M4,false,166.000,101.530,155.134,179.436,167338.157,167777.219,167817.150,0,187799,16801792,5513216,49975,32,2026-08-03T11:43:43.204955Z
M4,169,saturated,M4,false,173.000,95.110,144.999,173.811,168328.305,168786.785,168814.296,0,188172,16809984,5529600,49821,31,2026-08-03T11:43:43.204955Z
M4,170,saturated,M4,false,164.000,94.632,158.504,177.057,169324.943,169746.842,169801.647,0,188789,16957440,5545984,49951,44,2026-08-03T11:43:43.204955Z
M4,171,saturated,M4,false,165.000,101.351,158.114,213.776,170324.991,170748.436,170805.382,0,189141,17014784,5554176,49977,39,2026-08-03T11:43:43.204955Z
M4,172,saturated,M4,false,161.000,104.226,142.378,169.431,171308.231,171752.844,171788.287,0,189661,17031168,5570560,49837,30,2026-08-03T11:43:43.204955Z
M4,173,saturated,M4,false,167.000,97.181,155.464,200.635,172311.237,172769.612,172809.088,0,190307,17063936,5586944,49939,35,2026-08-03T11:43:43.204955Z
M4,174,saturated,M4,false,158.000,105.552,158.723,172.602,173315.548,173764.417,173806.061,0,190612,17088512,5603328,49981,34,2026-08-03T11:43:43.204955Z
M4,175,saturated,M4,false,158.000,106.636,169.930,208.416,174326.515,174804.381,174819.947,0,191148,17096704,5611520,49847,37,2026-08-03T11:43:43.204955Z
M4,176,saturated,M4,false,120.000,109.779,254.176,299.568,175351.153,175728.689,175775.855,0,191679,17129472,5619712,49946,45,2026-08-03T11:43:43.204955Z
M4,177,saturated,M4,false,147.000,110.196,169.238,250.400,176385.443,176779.128,176807.368,0,191953,17137664,5636096,49992,34,2026-08-03T11:43:43.204955Z
M4,178,saturated,M4,false,150.000,104.958,164.503,179.528,177358.032,177769.241,177810.630,0,192438,17154048,5652480,49852,31,2026-08-03T11:43:43.204955Z
M4,179,saturated,M4,false,158.000,109.328,163.015,178.372,178333.299,178792.252,178792.508,0,192974,17285120,5660672,49921,38,2026-08-03T11:43:43.204955Z
M4,180,saturated,M4,false,153.000,102.700,150.430,158.248,179334.924,179746.882,179802.469,0,193518,17334272,5677056,49999,38,2026-08-03T11:43:43.204955Z
M4,181,saturated,M4,false,159.000,106.656,153.496,190.923,180307.689,180773.924,180809.217,0,193699,17350656,5685248,49842,53,2026-08-03T11:44:43.177856Z
M4,182,saturated,M4,false,160.000,99.852,149.264,166.021,181309.942,181800.476,181800.580,0,194121,17375232,5701632,49920,32,2026-08-03T11:44:43.177856Z
M4,183,saturated,M4,false,155.000,107.753,164.502,207.528,182303.933,182785.829,182800.721,0,194728,17399808,5718016,50001,50,2026-08-03T11:44:43.177856Z
M4,184,saturated,M4,false,161.000,104.867,163.772,171.139,183330.725,183789.681,183814.050,0,195009,17399808,5726208,49842,31,2026-08-03T11:44:43.177856Z
M4,185,saturated,M4,false,156.000,103.710,170.943,194.073,184314.457,184753.914,184812.250,0,195397,17448960,5742592,49917,31,2026-08-03T11:44:43.177856Z
M4,186,saturated,M4,false,125.000,120.664,268.155,321.923,185370.800,185761.211,185774.739,0,196078,17457152,5758976,50032,32,2026-08-03T11:44:43.177856Z
M4,187,saturated,M4,false,153.000,109.650,172.888,183.839,186300.522,186800.965,186809.258,0,196464,17465344,5758976,49883,47,2026-08-03T11:44:43.177856Z
M4,188,saturated,M4,false,154.000,108.086,161.570,208.598,187323.915,187744.746,187805.243,0,196764,17653760,5783552,49887,37,2026-08-03T11:44:43.177856Z
M4,189,saturated,M4,false,158.000,104.500,166.451,177.669,188321.460,188784.094,188809.221,0,197371,17678336,5791744,50036,42,2026-08-03T11:44:43.177856Z
M4,190,saturated,M4,false,152.000,107.834,158.250,199.357,189347.103,189784.647,189800.376,0,197835,17678336,5799936,49882,27,2026-08-03T11:44:43.177856Z
M4,191,saturated,M4,false,155.000,108.173,186.111,207.877,190317.970,190763.908,190812.478,0,198159,17711104,5824512,49885,42,2026-08-03T11:44:43.177856Z
M4,192,saturated,M4,false,152.000,110.059,167.431,185.070,191312.474,191775.769,191794.010,0,198771,17727488,5840896,50008,48,2026-08-03T11:44:43.177856Z
M4,193,saturated,M4,false,152.000,108.042,152.389,164.848,192338.466,192789.025,192789.362,0,199240,17727488,5840896,49885,39,2026-08-03T11:44:43.177856Z
M4,194,saturated,M4,false,153.000,107.464,159.000,191.642,193288.594,193740.044,193799.304,0,199872,17768448,5857280,49878,26,2026-08-03T11:44:43.177856Z
M4,195,saturated,M4,false,151.000,109.888,172.477,185.669,194284.416,194765.817,194786.153,0,200175,17784832,5873664,50012,39,2026-08-03T11:44:43.177856Z
M4,196,saturated,M4,false,121.000,121.659,223.456,298.660,195311.424,195689.369,195720.037,0,200626,17784832,5881856,49984,32,2026-08-03T11:44:43.177856Z
M4,197,saturated,M4,false,149.000,117.193,186.751,257.902,196302.758,196747.870,196797.073,0,200892,17932288,5898240,49878,36,2026-08-03T11:44:43.177856Z
M4,198,saturated,M4,false,154.000,108.101,174.363,195.698,197324.371,197763.699,197807.843,0,201421,17997824,5906432,49982,47,2026-08-03T11:44:43.177856Z
M4,199,saturated,M4,false,135.000,113.943,174.168,235.642,198244.180,198778.792,198809.745,0,201879,18006016,5914624,49924,24,2026-08-03T11:44:43.177856Z
M4,200,saturated,M4,false,149.000,106.833,160.386,188.188,199307.427,199735.975,199805.083,0,202222,18030592,5939200,49885,34,2026-08-03T11:44:43.177856Z
M4,201,saturated,M4,false,147.000,119.980,182.581,221.980,200302.681,200770.709,200806.454,0,202820,18046976,5947392,50039,37,2026-08-03T11:44:43.177856Z
M4,202,saturated,M4,false,151.000,109.126,174.405,228.696,201282.045,201775.673,201795.460,0,203189,18046976,5955584,49889,61,2026-08-03T11:44:43.177856Z
M4,203,saturated,M4,false,145.000,118.370,166.947,186.790,202328.640,202736.744,202808.914,0,203794,18087936,5963776,49892,52,2026-08-03T11:44:43.177856Z
M4,204,saturated,M4,false,109.000,116.775,362.182,437.290,203436.061,203744.987,203792.827,0,204068,18096128,5980160,50038,27,2026-08-03T11:44:43.177856Z
M4,205,saturated,M4,false,136.000,124.047,207.956,216.123,204278.067,204758.521,204781.814,0,204441,18104320,6004736,49934,41,2026-08-03T11:44:43.177856Z
M4,206,saturated,M4,false,132.000,126.460,174.159,207.980,205312.381,205759.627,205760.103,0,204749,18145280,6012928,49859,36,2026-08-03T11:44:43.177856Z
M4,207,saturated,M4,false,149.000,112.293,181.402,236.836,206300.236,206761.915,206777.222,0,205139,18284544,6012928,49996,43,2026-08-03T11:44:43.177856Z
M4,208,saturated,M4,false,142.000,114.613,192.846,264.271,207305.723,207748.279,207801.607,0,205663,18317312,6029312,49926,35,2026-08-03T11:44:43.177856Z
M4,209,saturated,M4,false,148.000,112.958,186.064,203.858,208324.261,208778.610,208810.299,0,206032,18341888,6037504,49862,37,2026-08-03T11:44:43.177856Z
M4,210,saturated,M4,false,144.000,121.131,166.261,202.665,209298.506,209735.764,209807.014,0,206605,18366464,6062080,49989,38,2026-08-03T11:44:43.177856Z
M4,211,saturated,M4,false,147.000,116.858,179.963,199.673,210293.975,210749.051,210793.104,0,206948,18366464,6070272,49925,37,2026-08-03T11:44:43.177856Z
M4,212,saturated,M4,false,151.000,110.707,185.557,241.797,211275.781,211730.137,211785.075,0,207244,18391040,6070272,49994,35,2026-08-03T11:44:43.177856Z
M4,213,saturated,M4,false,147.000,121.997,170.083,203.369,212305.101,212756.712,212784.891,0,207787,18399232,6094848,49858,39,2026-08-03T11:44:43.177856Z
M4,214,saturated,M4,false,154.000,110.086,162.840,181.848,213291.804,213785.314,213803.593,0,208318,18432000,6103040,49918,38,2026-08-03T11:44:43.177856Z
M4,215,saturated,M4,false,151.000,108.045,168.670,211.892,214298.399,214772.741,214797.980,0,208853,18448384,6127616,49996,46,2026-08-03T11:44:43.177856Z
M4,216,saturated,M4,false,126.000,119.841,177.422,209.439,215314.246,215706.178,215769.111,0,209118,18587648,6135808,49864,30,2026-08-03T11:44:43.177856Z
M4,217,saturated,M4,false,143.000,118.210,196.623,219.801,216301.050,216734.910,216805.713,0,209415,18644992,6144000,49933,33,2026-08-03T11:44:43.177856Z
M4,218,saturated,M4,false,147.000,121.018,170.704,211.663,217313.569,217781.020,217798.444,0,210033,18653184,6152192,49991,33,2026-08-03T11:44:43.177856Z
M4,219,saturated,M4,false,148.000,112.647,167.819,195.132,218310.311,218786.192,218796.115,0,210425,18669568,6160384,49851,35,2026-08-03T11:44:43.177856Z
M4,220,saturated,M4,false,150.000,103.980,160.768,169.257,219269.260,219751.951,219794.723,0,210932,18685952,6176768,49929,21,2026-08-03T11:44:43.177856Z
M4,221,saturated,M4,false,139.000,124.752,198.330,219.512,220303.927,220775.589,220790.568,0,211314,18694144,6193152,49862,33,2026-08-03T11:44:43.177856Z
M4,222,saturated,M4,false,147.000,118.621,174.602,200.736,221310.117,221734.332,221802.866,0,211898,18726912,6201344,50064,34,2026-08-03T11:44:43.177856Z
M4,223,saturated,M4,false,150.000,110.165,163.125,174.084,222285.525,222721.974,222800.264,0,212281,18735104,6217728,49926,37,2026-08-03T11:44:43.177856Z
M4,224,saturated,M4,false,120.000,115.610,232.804,310.153,223336.872,223740.607,223772.807,0,212557,18759680,6225920,49873,28,2026-08-03T11:44:43.177856Z
M4,225,saturated,M4,false,130.000,122.086,182.886,208.769,224263.188,224741.260,224774.240,0,213177,18825216,6242304,50014,34,2026-08-03T11:44:43.177856Z
M4,226,saturated,M4,false,83.000,149.265,278.845,531.437,225386.888,225718.214,225751.512,0,213283,18849792,6250496,50030,28,2026-08-03T11:44:43.177856Z
M4,227,saturated,M4,false,95.000,199.383,323.570,444.085,226338.150,226764.205,226801.622,0,213598,18939904,6250496,49931,62,2026-08-03T11:44:43.177856Z
M4,228,saturated,M4,false,134.000,128.816,224.196,237.692,227295.129,227764.981,227800.540,0,213791,18964480,6258688,49911,55,2026-08-03T11:44:43.177856Z
M4,229,saturated,M4,false,136.000,127.155,182.990,233.892,228306.291,228776.862,228795.900,0,214432,18980864,6275072,49949,39,2026-08-03T11:44:43.177856Z
M4,230,saturated,M4,false,143.000,118.310,171.917,194.293,229332.510,229751.062,229783.975,0,214827,19013632,6291456,49902,60,2026-08-03T11:44:43.177856Z
M4,231,saturated,M4,false,142.000,122.566,165.576,209.613,230316.712,230761.004,230796.525,0,215113,19021824,6307840,49930,29,2026-08-03T11:44:43.177856Z
M4,232,saturated,M4,false,149.000,119.026,156.803,186.797,231275.799,231744.943,231791.955,0,215502,19030016,6316032,49857,41,2026-08-03T11:44:43.177856Z
M4,233,saturated,M4,false,148.000,115.295,160.544,198.677,232272.419,232731.494,232768.412,0,216170,19070976,6332416,49919,38,2026-08-03T11:44:43.177856Z
M4,234,saturated,M4,false,149.000,114.875,166.839,217.994,233247.423,233752.639,233796.735,0,216574,19070976,6340608,49996,49,2026-08-03T11:44:43.177856Z
M4,235,saturated,M4,false,136.000,132.128,190.704,226.388,234286.098,234763.826,234776.134,0,216869,19103744,6348800,49867,35,2026-08-03T11:44:43.177856Z
M4,236,saturated,M4,false,80.000,180.009,315.180,384.346,235229.719,235683.297,235748.868,0,217202,19136512,6365184,49955,50,2026-08-03T11:44:43.177856Z
M4,237,saturated,M4,false,118.000,138.242,255.087,282.176,236274.452,236745.751,236758.854,0,217548,19226624,6365184,50037,30,2026-08-03T11:44:43.177856Z
M4,238,saturated,M4,false,122.000,138.764,231.104,269.420,237363.536,237765.860,237805.659,0,217756,19267584,6373376,49921,26,2026-08-03T11:44:43.177856Z
M4,239,saturated,M4,false,129.000,129.996,187.713,218.994,238328.404,238746.986,238755.249,0,218007,19275776,6381568,49892,45,2026-08-03T11:44:43.177856Z
M4,240,saturated,M4,false,133.000,130.702,197.350,229.040,239322.646,239776.606,239780.732,0,218457,19308544,6397952,49992,46,2026-08-03T11:44:43.177856Z
M4,241,saturated,M4,false,135.000,125.444,187.864,212.512,240282.835,240781.203,240788.319,0,218884,19324928,6406144,49914,49,2026-08-03T11:44:43.177856Z
M4,242,saturated,M4,false,141.000,124.115,176.142,222.168,241308.012,241762.258,241792.955,0,219294,19513344,6422528,49891,36,2026-08-03T11:44:43.177856Z
M4,243,saturated,M4,false,138.000,130.350,183.229,205.605,242307.389,242759.075,242796.387,0,219824,19529728,6438912,50042,35,2026-08-03T11:44:43.177856Z
M4,244,saturated,M4,false,125.000,124.215,219.909,243.574,243234.958,243757.093,243797.092,0,220118,19529728,6447104,49901,31,2026-08-03T11:44:43.177856Z
M4,245,saturated,M4,false,121.000,133.818,206.221,240.827,244292.079,244729.510,244764.014,0,220396,19546112,6447104,49914,37,2026-08-03T11:44:43.177856Z
M4,246,saturated,M4,false,107.000,134.294,279.949,308.981,245311.253,245648.902,245711.181,0,220887,19562496,6463488,49907,50,2026-08-03T11:44:43.177856Z
M4,247,saturated,M4,false,134.000,133.488,202.297,217.615,246298.664,246736.347,246787.783,0,221348,19587072,6471680,50001,33,2026-08-03T11:44:43.177856Z
M4,248,saturated,M4,false,132.000,131.600,190.823,217.648,247276.365,247749.212,247794.007,0,221595,19595264,6479872,49907,41,2026-08-03T11:44:43.177856Z
M4,249,saturated,M4,false,139.000,122.028,206.020,222.420,248301.671,248768.985,248781.854,0,221861,19603456,6496256,50023,44,2026-08-03T11:44:43.177856Z
M4,250,saturated,M4,false,139.000,123.331,198.217,220.437,249274.111,249752.496,249799.187,0,222400,19619840,6512640,49884,32,2026-08-03T11:44:43.177856Z
M4,251,saturated,M4,false,143.000,124.605,176.502,220.577,250303.804,250739.349,250769.486,0,222710,19652608,6520832,49906,41,2026-08-03T11:44:43.177856Z
M4,252,saturated,M4,false,144.000,121.184,169.783,201.604,251307.462,251772.266,251792.957,0,223252,19808256,6529024,50001,33,2026-08-03T11:44:43.177856Z
M4,253,saturated,M4,false,138.000,115.281,209.852,226.780,252300.483,252751.251,252773.955,0,223646,19832832,6545408,49857,39,2026-08-03T11:44:43.177856Z
M4,254,saturated,M4,false,142.000,117.374,182.164,213.755,253283.583,253734.198,253776.544,0,223947,19873792,6561792,49923,36,2026-08-03T11:44:43.177856Z
M4,255,saturated,M4,false,145.000,124.857,165.322,174.251,254292.742,254738.276,254779.590,0,224592,19881984,6569984,50010,37,2026-08-03T11:44:43.177856Z
M4,256,saturated,M4,false,125.000,131.373,227.136,240.231,255304.396,255742.823,255771.506,0,224921,19890176,6569984,49877,34,2026-08-03T11:44:43.177856Z
M4,257,saturated,M4,false,133.000,137.800,208.361,254.072,256302.204,256742.710,256774.034,0,225200,19914752,6594560,49933,46,2026-08-03T11:44:43.177856Z
M4,258,saturated,M4,false,140.000,130.555,171.550,205.433,257303.485,257746.734,257781.339,0,225782,19922944,6610944,49984,35,2026-08-03T11:44:43.177856Z
M4,259,saturated,M4,false,140.000,127.904,166.375,199.826,258326.482,258762.913,258792.611,0,226107,19931136,6619136,49872,42,2026-08-03T11:44:43.177856Z
M4,260,saturated,M4,false,140.000,126.863,175.136,199.424,259326.794,259751.294,259792.468,0,226590,19963904,6627328,49912,30,2026-08-03T11:44:43.177856Z
M4,261,saturated,M4,false,135.000,123.807,175.427,213.706,260292.462,260707.526,260768.071,0,227104,20021248,6635520,50008,43,2026-08-03T11:44:43.177856Z
M4,262,saturated,M4,false,145.000,121.815,184.776,206.894,261277.238,261758.872,261776.141,0,227415,20135936,6651904,49931,48,2026-08-03T11:44:43.177856Z
M4,263,saturated,M4,false,142.000,125.753,183.495,198.850,262322.648,262789.925,262792.250,0,227714,20152320,6660096,49862,37,2026-08-03T11:44:43.177856Z
M4,264,saturated,M4,false,132.000,125.802,178.748,201.240,263304.426,263729.076,263751.109,0,228241,20193280,6676480,50002,40,2026-08-03T11:44:43.177856Z
M4,265,saturated,M4,false,137.000,127.290,177.009,219.668,264272.871,264745.163,264760.622,0,228738,20193280,6684672,49931,37,2026-08-03T11:44:43.177856Z
M4,266,saturated,M4,false,124.000,136.546,220.500,265.788,265264.415,265724.624,265748.878,0,228992,20209664,6701056,49876,40,2026-08-03T11:44:43.177856Z
M4,267,saturated,M4,false,134.000,135.289,200.644,230.002,266314.174,266737.652,266779.133,0,229464,20234240,6717440,50003,35,2026-08-03T11:44:43.177856Z
M4,268,saturated,M4,false,132.000,126.419,194.207,220.880,267296.345,267751.653,267785.827,0,229907,20242432,6717440,49920,33,2026-08-03T11:44:43.177856Z
M4,269,saturated,M4,false,125.000,134.064,187.804,245.401,268323.319,268722.443,268764.852,0,230173,20258816,6733824,49882,52,2026-08-03T11:44:43.177856Z
M4,270,saturated,M4,false,133.000,128.728,190.991,221.669,269314.104,269718.445,269752.112,0,230719,20283392,6750208,50001,43,2026-08-03T11:44:43.177856Z
M4,271,saturated,M4,false,139.000,123.520,212.297,220.918,270286.756,270738.488,270766.304,0,231025,20340736,6750208,49912,38,2026-08-03T11:44:43.177856Z
M4,272,saturated,M4,false,135.000,122.227,178.549,217.081,271281.598,271725.648,271777.663,0,231305,20447232,6758400,50014,30,2026-08-03T11:44:43.177856Z
M4,273,saturated,M4,false,143.000,124.434,193.377,220.727,272302.387,272758.080,272788.611,0,231839,20480000,6774784,49929,17,2026-08-03T11:44:43.177856Z
M4,274,saturated,M4,false,138.000,118.818,195.555,212.028,273310.157,273757.793,273783.692,0,232180,20496384,6782976,49865,47,2026-08-03T11:44:43.177856Z
M4,275,saturated,M4,false,135.000,131.808,185.715,207.960,274319.298,274754.549,274792.137,0,232669,20529152,6807552,49997,35,2026-08-03T11:44:43.177856Z
M4,276,saturated,M4,false,119.000,137.196,269.096,294.320,275288.820,275719.138,275758.379,0,233131,20529152,6815744,49946,49,2026-08-03T11:44:43.177856Z
M4,277,saturated,M4,false,117.000,145.689,280.195,351.993,276355.115,276761.745,276783.819,0,233445,20537344,6823936,49885,53,2026-08-03T11:44:43.177856Z
M4,278,saturated,M4,false,132.000,132.558,223.263,293.565,277302.954,277758.916,277783.325,0,233661,20561920,6823936,49924,43,2026-08-03T11:44:43.177856Z
M4,279,saturated,M4,false,128.000,130.728,191.806,211.933,278316.095,278734.995,278757.748,0,234233,20586496,6840320,49995,42,2026-08-03T11:44:43.177856Z
M4,280,saturated,M4,false,136.000,126.415,186.201,210.627,279272.796,279704.607,279771.649,0,234592,20594688,6848512,49877,44,2026-08-03T11:44:43.177856Z
M4,281,saturated,M4,false,136.000,127.111,193.559,218.102,280271.721,280716.373,280787.178,0,234930,20627456,6873088,49924,43,2026-08-03T11:44:43.177856Z
M4,282,saturated,M4,false,137.000,131.076,197.242,213.259,281273.597,281710.440,281791.243,0,235471,20758528,6873088,49993,46,2026-08-03T11:44:43.177856Z
M4,283,saturated,M4,false,137.000,131.760,206.990,252.948,282299.613,282763.312,282787.762,0,235851,20807680,6889472,49880,39,2026-08-03T11:44:43.177856Z
M4,284,saturated,M4,false,131.000,131.809,187.270,201.279,283287.539,283740.410,283775.308,0,236302,20815872,6905856,49923,45,2026-08-03T11:44:43.177856Z
M4,285,saturated,M4,false,133.000,127.739,195.451,237.443,284269.011,284719.402,284753.644,0,236756,20840448,6914048,50006,53,2026-08-03T11:44:43.177856Z
M4,286,saturated,M4,false,121.000,144.292,228.989,269.055,285262.187,285727.318,285755.080,0,237042,20840448,6914048,49888,55,2026-08-03T11:44:43.177856Z
M4,287,saturated,M4,false,125.000,142.762,199.418,221.701,286304.162,286718.262,286769.281,0,237317,20865024,6938624,49931,41,2026-08-03T11:44:43.177856Z
M4,288,saturated,M4,false,135.000,131.409,191.155,203.998,287282.190,287717.900,287779.898,0,237815,20889600,6946816,50002,35,2026-08-03T11:44:43.177856Z
M4,289,saturated,M4,false,132.000,129.017,209.794,243.379,288305.416,288741.711,288768.750,0,238151,20897792,6946816,49870,49,2026-08-03T11:44:43.177856Z
M4,290,saturated,M4,false,137.000,134.423,193.522,202.168,289312.760,289782.755,289782.978,0,238750,20922368,6963200,49930,32,2026-08-03T11:44:43.177856Z
M4,291,saturated,M4,false,127.000,132.136,196.361,218.155,290279.669,290709.090,290753.831,0,239018,20946944,6971392,50003,39,2026-08-03T11:44:43.177856Z
M4,292,saturated,M4,false,137.000,129.376,204.832,226.408,291309.333,291765.768,291783.672,0,239268,21012480,6987776,49934,36,2026-08-03T11:44:43.177856Z
M4,293,saturated,M4,false,132.000,130.990,201.202,222.760,292301.947,292743.869,292791.092,0,239605,21094400,7004160,49866,55,2026-08-03T11:44:43.177856Z
M4,294,saturated,M4,false,130.000,129.984,206.781,238.036,293284.121,293713.053,293785.190,0,240271,21143552,7012352,50002,53,2026-08-03T11:44:43.177856Z
M4,295,saturated,M4,false,136.000,131.973,204.360,216.369,294287.277,294767.696,294785.919,0,240552,21151744,7028736,49935,39,2026-08-03T11:44:43.177856Z
M4,296,saturated,M4,false,109.000,136.185,290.167,329.407,295324.273,295727.155,295760.026,0,240881,21159936,7028736,49883,36,2026-08-03T11:44:43.177856Z
M4,297,saturated,M4,false,121.000,139.850,221.929,250.138,296285.577,296693.889,296780.589,0,241110,21192704,7036928,50003,50,2026-08-03T11:44:43.177856Z
M4,298,saturated,M4,false,127.000,148.425,229.951,259.487,297287.281,297753.987,297784.139,0,241722,21192704,7045120,49938,42,2026-08-03T11:44:43.177856Z
M4,299,saturated,M4,false,126.000,139.670,212.153,243.912,298278.449,298775.452,298788.552,0,241978,21209088,7061504,49875,46,2026-08-03T11:44:43.177856Z
M4,300,saturated,M4,true,133.000,135.591,203.749,233.915,299356.936,299783.415,299826.847,0,242517,21233664,7077888,50000,38,2026-08-03T11:44:43.177856Z
M4,301,saturated,M4,true,123.000,137.752,184.628,213.918,300291.090,300708.951,300782.487,0,242931,21241856,7086080,49927,173,2026-08-03T11:46:43.219251Z
M4,302,saturated,M4,true,133.000,135.929,193.932,224.199,301298.627,301747.282,301763.726,0,243178,21250048,7102464,49872,439,2026-08-03T11:46:43.219251Z
M4,303,saturated,M4,true,129.000,134.945,199.311,212.909,302296.380,302715.103,302753.184,0,243599,21282816,7110656,49927,708,2026-08-03T11:46:43.219251Z
M4,304,saturated,M4,true,132.000,133.365,182.826,218.365,303257.468,303691.912,303771.170,0,244113,21291008,7118848,50005,967,2026-08-03T11:46:43.219251Z
M4,305,saturated,M4,true,130.000,132.717,203.422,235.486,304268.799,304699.505,304778.549,0,244381,21291008,7135232,49874,1229,2026-08-03T11:46:43.219251Z
M4,306,saturated,M4,true,116.000,150.656,237.213,265.640,305305.442,305732.145,305756.567,0,244684,21315584,7135232,49942,1464,2026-08-03T11:46:43.219251Z
M4,307,saturated,M4,true,123.000,143.809,211.793,258.867,306257.872,306742.967,306775.603,0,245245,21340160,7151616,50001,1709,2026-08-03T11:46:43.219251Z
M4,308,saturated,M4,true,120.000,140.468,220.830,229.293,307280.055,307681.034,307786.197,0,245509,21340160,7159808,49878,1955,2026-08-03T11:46:43.219251Z
M4,309,saturated,M4,true,124.000,143.647,191.320,227.390,308284.396,308697.078,308730.935,0,245787,21536768,7168000,49937,2211,2026-08-03T11:46:43.219251Z
M4,310,saturated,M4,true,128.000,138.240,213.779,300.843,309249.148,309732.501,309772.558,0,246343,21544960,7176192,49996,2463,2026-08-03T11:46:43.219251Z
M4,311,saturated,M4,true,124.000,140.728,232.283,247.116,310286.485,310746.200,310780.928,0,246647,21544960,7192576,49883,2710,2026-08-03T11:46:43.219251Z
M4,312,saturated,M4,true,123.000,141.139,191.969,234.141,311322.700,311757.734,311781.024,0,246957,21577728,7208960,49937,2958,2026-08-03T11:46:43.219251Z
M4,313,saturated,M4,true,124.000,143.105,213.559,235.983,312291.095,312761.181,312773.351,0,247509,21585920,7217152,49998,3209,2026-08-03T11:46:43.219251Z
M4,314,saturated,M4,true,125.000,134.064,198.577,216.193,313290.076,313724.980,313765.205,0,247772,21585920,7225344,49882,3458,2026-08-03T11:46:43.219251Z
M4,315,saturated,M4,true,127.000,136.510,220.743,263.509,314298.453,314752.836,314773.989,0,248199,21626880,7233536,49933,3718,2026-08-03T11:46:43.219251Z
M4,316,saturated,M4,true,107.000,148.171,286.531,313.841,315347.813,315755.889,315781.093,0,248636,21626880,7241728,50011,3938,2026-08-03T11:46:43.219251Z
M4,317,saturated,M4,true,117.000,144.051,199.994,224.907,316252.641,316683.373,316720.838,0,248871,21626880,7258112,49888,4188,2026-08-03T11:46:43.219251Z
M4,318,saturated,M4,true,125.000,141.664,217.795,242.183,317257.874,317709.420,317746.090,0,249174,21651456,7258112,49931,4425,2026-08-03T11:46:43.219251Z
M4,319,saturated,M4,true,130.000,140.732,195.349,213.219,318275.406,318753.050,318781.422,0,249724,21676032,7274496,49988,4686,2026-08-03T11:46:43.219251Z
M4,320,saturated,M4,true,122.000,145.096,190.078,203.184,319303.551,319721.821,319773.885,0,250005,21790720,7282688,49875,4934,2026-08-03T11:46:43.219251Z
M4,321,saturated,M4,true,126.000,137.116,224.175,247.779,320253.569,320716.363,320761.417,0,250434,21872640,7299072,49948,5189,2026-08-03T11:46:43.219251Z
M4,322,saturated,M4,true,127.000,132.401,222.187,229.039,321236.801,321685.293,321739.924,0,250867,21880832,7307264,49984,5452,2026-08-03T11:46:43.219251Z
M4,323,saturated,M4,true,134.000,138.546,200.598,209.024,322256.286,322766.196,322777.151,0,251208,21889024,7323648,49878,5707,2026-08-03T11:46:43.219251Z
M4,324,saturated,M4,true,129.000,140.733,178.991,197.862,323319.717,323767.911,323782.593,0,251449,21921792,7340032,50058,5967,2026-08-03T11:46:43.219251Z
M4,325,saturated,M4,true,122.000,140.787,180.218,240.657,324286.933,324733.127,324759.177,0,251944,21921792,7340032,49935,6219,2026-08-03T11:46:43.219251Z
M4,326,saturated,M4,true,116.000,148.991,257.336,281.149,325303.367,325755.803,325780.456,0,252375,21938176,7348224,49889,6453,2026-08-03T11:46:43.219251Z
M4,327,saturated,M4,true,117.000,145.256,225.994,262.420,326314.487,326699.358,326763.353,0,252595,21954560,7364608,49988,6693,2026-08-03T11:46:43.219251Z
M4,328,saturated,M4,true,126.000,138.009,210.703,230.203,327295.569,327714.422,327756.096,0,252940,21962752,7364608,49877,6943,2026-08-03T11:46:43.219251Z
M4,329,saturated,M4,true,126.000,137.683,195.148,237.970,328280.166,328716.619,328746.926,0,253388,21987328,7380992,49931,7201,2026-08-03T11:46:43.219251Z
M4,330,saturated,M4,true,111.000,140.124,250.801,269.579,329211.128,329680.723,329729.136,0,253857,22028288,7405568,50006,7459,2026-08-03T11:46:43.219251Z
M4,331,saturated,M4,true,33.000,265.430,702.519,729.464,330150.600,330738.436,330738.592,0,254017,22044672,7405568,49965,7543,2026-08-03T11:46:43.219251Z
M4,332,saturated,M4,true,98.000,164.636,600.534,735.376,331163.669,331709.672,331765.489,0,254155,22142976,7405568,49958,7715,2026-08-03T11:46:43.219251Z
M4,333,saturated,M4,true,93.000,171.083,351.881,367.183,332233.402,332725.879,332758.794,0,254527,22183936,7413760,49962,7920,2026-08-03T11:46:43.219251Z
M4,334,saturated,M4,true,107.000,158.356,243.035,270.619,333297.202,333752.386,333780.658,0,254707,22192128,7413760,49943,8110,2026-08-03T11:46:43.219251Z
M4,335,saturated,M4,true,104.000,167.659,259.196,315.238,334304.214,334718.791,334746.555,0,255083,22208512,7430144,49950,8320,2026-08-03T11:46:43.219251Z
M4,336,saturated,M4,true,19.000,175.281,223.446,223.446,334866.684,335450.069,335450.069,0,255143,22208512,7438336,49908,8419,2026-08-03T11:46:43.219251Z
M4,337,saturated,M4,true,22.000,1252.880,1782.551,1784.968,336652.261,336734.751,336775.953,0,255335,22224896,7438336,50077,8428,2026-08-03T11:46:43.219251Z
M4,338,saturated,M4,true,61.000,222.171,604.060,1467.559,337434.758,337740.084,337756.942,0,255514,22224896,7446528,50058,8545,2026-08-03T11:46:43.219251Z
M4,339,saturated,M4,true,96.000,164.189,357.202,430.436,338274.769,338710.675,338767.578,0,255657,22224896,7446528,49924,8724,2026-08-03T11:46:43.219251Z
M4,340,saturated,M4,true,87.000,186.645,277.173,295.400,339316.713,339713.247,339768.959,0,255868,22241280,7454720,49905,8914,2026-08-03T11:46:43.219251Z
M4,341,saturated,M4,true,57.000,244.023,391.694,405.552,340233.579,340598.309,340632.967,0,256237,22257664,7462912,49992,9053,2026-08-03T11:46:43.219251Z
M4,342,saturated,M4,true,75.000,164.231,675.905,891.152,341483.798,341752.078,341758.535,0,256443,22257664,7462912,49985,9173,2026-08-03T11:46:43.219251Z
M4,343,saturated,M4,true,114.000,149.912,242.905,296.841,342300.063,342717.774,342767.800,0,256657,22265856,7471104,49884,9403,2026-08-03T11:46:43.219251Z
M4,344,saturated,M4,true,123.000,138.190,216.579,281.105,343226.590,343688.940,343734.086,0,256918,22282240,7479296,49950,9644,2026-08-03T11:46:43.219251Z
M4,345,saturated,M4,true,122.000,149.370,225.451,254.891,344283.148,344751.925,344761.798,0,257463,22298624,7503872,49994,9886,2026-08-03T11:46:43.219251Z
M4,346,saturated,M4,true,94.000,165.062,254.367,297.423,345340.708,345715.792,345721.485,0,257722,22315008,7512064,49904,10087,2026-08-03T11:46:43.219251Z
M4,347,saturated,M4,true,100.000,155.078,326.200,360.197,346318.937,346677.240,346745.291,0,257867,22372352,7512064,49910,10285,2026-08-03T11:46:43.219251Z
M4,348,saturated,M4,true,117.000,147.682,232.647,257.422,347276.315,347702.094,347759.682,0,258322,22478848,7528448,49975,10521,2026-08-03T11:46:43.219251Z
M4,349,saturated,M4,true,95.000,167.123,299.778,394.010,348194.631,348744.539,348772.536,0,258613,22503424,7536640,49921,10740,2026-08-03T11:46:43.219251Z
M4,350,saturated,M4,true,62.000,182.461,580.227,739.432,349055.258,349677.101,349780.789,0,258976,22519808,7536640,49995,10865,2026-08-03T11:46:43.219251Z
M4,351,saturated,M4,true,110.000,164.252,264.707,298.558,350251.279,350731.930,350761.329,0,259111,22528000,7544832,49959,11058,2026-08-03T11:46:43.219251Z
M4,352,saturated,M4,true,88.000,174.043,262.046,316.712,351189.405,351632.331,351774.835,0,259391,22536192,7561216,49904,11265,2026-08-03T11:46:43.219251Z
M4,353,saturated,M4,true,81.000,221.379,388.605,416.670,352216.964,352726.803,352773.627,0,259814,22560768,7561216,50023,11417,2026-08-03T11:46:43.219251Z
M4,354,saturated,M4,true,117.000,159.278,234.173,260.290,353294.498,353764.738,353764.824,0,259993,22560768,7569408,49956,11642,2026-08-03T11:46:43.219251Z
M4,355,saturated,M4,true,110.000,152.087,231.105,263.863,354290.543,354696.748,354740.071,0,260277,22568960,7577600,49883,11866,2026-08-03T11:46:43.219251Z
M4,356,saturated,M4,true,92.000,167.501,370.945,471.907,355381.079,355731.318,355774.846,0,260761,22593536,7593984,50013,12051,2026-08-03T11:46:43.219251Z
M4,357,saturated,M4,true,105.000,154.996,277.639,361.864,356311.161,356726.744,356756.985,0,260976,22601728,7602176,49964,12264,2026-08-03T11:46:43.219251Z
M4,358,saturated,M4,true,113.000,161.456,249.657,268.925,357265.520,357742.474,357757.969,0,261250,22601728,7602176,49886,12493,2026-08-03T11:46:43.219251Z
M4,359,saturated,M4,true,119.000,152.682,215.010,257.438,358299.214,358749.778,358749.947,0,261734,22626304,7626752,49980,12725,2026-08-03T11:46:43.219251Z
M4,360,saturated,M4,true,112.000,154.794,243.656,272.897,359306.338,359749.897,359774.412,0,262050,22691840,7626752,49959,12952,2026-08-03T11:46:43.219251Z
M4,361,saturated,M4,true,118.000,146.348,213.355,248.944,360286.047,360705.759,360722.123,0,262231,22773760,7634944,49902,13189,2026-08-03T11:46:43.219251Z
M4,362,saturated,M4,true,114.000,147.088,243.655,260.257,361268.362,361710.240,361767.476,0,262632,22806528,7643136,49924,13422,2026-08-03T11:46:43.219251Z
M4,363,saturated,M4,true,118.000,141.863,208.050,219.270,362276.414,362684.419,362753.662,0,263024,22847488,7651328,50050,13675,2026-08-03T11:46:43.219251Z
M4,364,saturated,M4,true,104.000,155.885,253.043,308.795,363270.718,363713.058,363752.541,0,263253,22855680,7659520,49997,13884,2026-08-03T11:46:43.219251Z
M4,365,saturated,M4,true,118.000,149.335,233.865,246.983,364261.180,364708.285,364756.850,0,263555,22863872,7675904,49889,14111,2026-08-03T11:46:43.219251Z
M4,366,saturated,M4,true,98.000,159.770,337.504,404.352,365307.076,365704.559,365769.758,0,263967,22888448,7692288,49954,14320,2026-08-03T11:46:43.219251Z
M4,367,saturated,M4,true,104.000,159.051,328.959,373.663,366299.614,366719.691,366750.040,0,264172,22913024,7700480,50015,14523,2026-08-03T11:46:43.219251Z
M4,368,saturated,M4,true,110.000,152.199,237.889,304.849,367249.721,367725.072,367740.984,0,264557,22913024,7700480,49887,14745,2026-08-03T11:46:43.219251Z
M4,369,saturated,M4,true,116.000,149.907,223.365,236.642,368272.789,368738.093,368763.116,0,265038,22937600,7716864,49934,14978,2026-08-03T11:46:43.219251Z
M4,370,saturated,M4,true,109.000,146.260,243.460,263.114,369272.804,369721.991,369774.039,0,265356,22953984,7725056,49996,15200,2026-08-03T11:46:43.219251Z
M4,371,saturated,M4,true,109.000,162.715,228.429,312.509,370304.847,370688.387,370736.506,0,265634,22953984,7725056,49948,15426,2026-08-03T11:46:43.219251Z
M4,372,saturated,M4,true,110.000,148.263,249.274,304.813,371248.342,371690.839,371751.662,0,266024,23011328,7749632,49996,15651,2026-08-03T11:46:43.219251Z
M4,373,saturated,M4,true,114.000,155.956,229.939,311.768,372237.334,372709.276,372764.195,0,266262,23085056,7749632,49943,15874,2026-08-03T11:46:43.219251Z
M4,374,saturated,M4,true,115.000,155.635,230.379,324.413,373292.920,373733.625,373760.965,0,266514,23117824,7757824,49889,16101,2026-08-03T11:46:43.219251Z
M4,375,saturated,M4,true,104.000,159.208,229.005,242.074,374291.456,374747.688,374770.380,0,267002,23158784,7774208,50002,16316,2026-08-03T11:46:43.219251Z
M4,376,saturated,M4,true,89.000,154.281,373.667,400.853,375385.823,375750.649,375751.700,0,267187,23166976,7774208,49970,16492,2026-08-03T11:46:43.219251Z
M4,377,saturated,M4,true,99.000,170.831,285.453,433.522,376289.218,376701.000,376731.188,0,267461,23183360,7790592,49903,16696,2026-08-03T11:46:43.219251Z
M4,378,saturated,M4,true,105.000,160.510,260.446,263.829,377272.953,377668.161,377706.301,0,267941,23199744,7790592,50043,16921,2026-08-03T11:46:43.219251Z
M4,379,saturated,M4,true,112.000,160.938,252.438,289.733,378228.313,378683.839,378700.235,0,268190,23207936,7806976,49933,17142,2026-08-03T11:46:43.219251Z
M4,380,saturated,M4,true,113.000,159.810,220.762,255.214,379252.276,379746.094,379763.588,0,268396,23240704,7815168,49894,17363,2026-08-03T11:46:43.219251Z
M4,381,saturated,M4,true,117.000,152.312,228.803,268.187,380239.108,380703.705,380745.213,0,268917,23257088,7823360,50000,17603,2026-08-03T11:46:43.219251Z
M4,382,saturated,M4,true,121.000,152.331,218.748,240.925,381239.385,381725.532,381747.996,0,269182,23257088,7831552,49926,17839,2026-08-03T11:46:43.219251Z
M4,383,saturated,M4,true,119.000,147.123,218.701,266.531,382285.362,382722.163,382764.259,0,269623,23281664,7839744,49893,18082,2026-08-03T11:46:43.219251Z
M4,384,saturated,M4,true,114.000,151.062,234.463,295.595,383257.311,383675.269,383744.767,0,269865,23322624,7847936,50047,18322,2026-08-03T11:46:43.219251Z
M4,385,saturated,M4,true,123.000,147.819,188.050,253.216,384247.155,384724.544,384761.766,0,270259,23371776,7864320,49928,18559,2026-08-03T11:46:43.219251Z
M4,386,saturated,M4,true,106.000,160.431,217.740,242.416,385279.992,385702.577,385758.539,0,270630,23420928,7872512,49900,18779,2026-08-03T11:46:43.219251Z
M4,387,saturated,M4,true,107.000,157.573,242.575,260.446,386265.590,386677.784,386710.204,0,270830,23478272,7888896,49938,19002,2026-08-03T11:46:43.219251Z
M4,388,saturated,M4,true,118.000,152.119,225.303,237.680,387259.848,387683.651,387707.661,0,271349,23494656,7897088,49994,19241,2026-08-03T11:46:43.219251Z
M4,389,saturated,M4,true,122.000,149.142,219.722,241.688,388262.350,388701.971,388761.463,0,271595,23502848,7905280,49890,19479,2026-08-03T11:46:43.219251Z
M4,390,saturated,M4,true,108.000,163.771,248.474,266.235,389264.021,389718.681,389741.351,0,271961,23535616,7913472,49941,19694,2026-08-03T11:46:43.219251Z
M4,391,saturated,M4,true,107.000,165.711,255.468,271.978,390267.270,390712.410,390732.391,0,272342,23543808,7913472,50006,19915,2026-08-03T11:46:43.219251Z
M4,392,saturated,M4,true,115.000,157.243,232.390,254.940,391272.980,391740.653,391755.103,0,272626,23560192,7938048,49895,20136,2026-08-03T11:46:43.219251Z
M4,393,saturated,M4,true,114.000,150.192,233.035,251.193,392269.727,392731.852,392746.299,0,272853,23584768,7946240,49934,20373,2026-08-03T11:46:43.219251Z
M4,394,saturated,M4,true,119.000,147.369,230.766,249.337,393261.455,393737.180,393757.593,0,273377,23592960,7946240,50006,20609,2026-08-03T11:46:43.219251Z
M4,395,saturated,M4,true,118.000,153.844,211.408,236.541,394281.884,394737.873,394751.373,0,273632,23601152,7954432,49891,20848,2026-08-03T11:46:43.219251Z
M4,396,saturated,M4,true,104.000,159.250,283.959,302.213,395280.546,395720.858,395735.233,0,274121,23650304,7962624,49944,21063,2026-08-03T11:46:43.219251Z
M4,397,saturated,M4,true,114.000,161.133,214.691,242.671,396248.711,396745.272,396756.091,0,274358,23699456,7995392,50006,21286,2026-08-03T11:46:43.219251Z
M4,398,saturated,M4,true,112.000,153.342,230.101,248.488,397251.904,397674.223,397713.030,0,274635,23748608,8003584,49891,21522,2026-08-03T11:46:43.219251Z
M4,399,saturated,M4,true,121.000,154.068,216.305,241.247,398263.602,398732.856,398754.208,0,275154,23805952,8019968,49933,21759,2026-08-03T11:46:43.219251Z
M4,400,saturated,M4,true,112.000,158.337,220.509,262.024,399273.813,399733.153,399744.469,0,275400,23822336,8028160,50001,21993,2026-08-03T11:46:43.219251Z
M4,401,saturated,M4,true,115.000,156.269,212.706,228.871,400221.828,400725.465,400743.449,0,275713,23822336,8036352,49948,22222,2026-08-03T11:46:43.219251Z
M4,402,saturated,M4,true,118.000,155.373,215.136,276.127,401244.329,401729.586,401751.337,0,276048,23846912,8044544,49878,22459,2026-08-03T11:46:43.219251Z
M4,403,saturated,M4,true,117.000,156.951,200.957,206.588,402292.269,402726.400,402754.456,0,276581,23879680,8052736,49949,22694,2026-08-03T11:46:43.219251Z
M4,404,saturated,M4,true,114.000,150.237,231.225,271.642,403279.508,403747.012,403752.551,0,276791,23887872,8060928,49995,22928,2026-08-03T11:46:43.219251Z
M4,405,saturated,M4,true,118.000,154.222,219.426,256.658,404264.854,404735.603,404743.541,0,277056,23896064,8069120,49884,23164,2026-08-03T11:46:43.219251Z
M4,406,saturated,M4,true,105.000,170.331,227.073,253.585,405289.550,405701.595,405761.963,0,277275,23912448,8085504,49952,23376,2026-08-03T11:46:43.219251Z
M4,407,saturated,M4,true,107.000,167.139,256.857,276.589,406246.256,406707.988,406732.409,0,277658,23928832,8093696,49998,23593,2026-08-03T11:46:43.219251Z
M4,408,saturated,M4,true,115.000,158.097,220.080,270.792,407270.170,407710.246,407764.004,0,278092,23961600,8110080,49888,23821,2026-08-03T11:46:43.219251Z
M4,409,saturated,M4,true,111.000,157.280,217.699,239.075,408259.518,408679.215,408736.063,0,278565,24043520,8118272,50055,24055,2026-08-03T11:46:43.219251Z
M4,410,saturated,M4,true,121.000,155.027,227.927,267.867,409230.322,409724.204,409750.705,0,278706,24068096,8118272,49941,24171,2026-08-03T11:46:43.219251Z
M4,411,saturated,M4,true,113.000,153.533,223.768,247.167,410270.238,410688.497,410749.686,0,279008,24092672,8126464,49999,24405,2026-08-03T11:46:43.219251Z
M4,412,saturated,M4,true,115.000,157.743,240.642,248.326,411274.570,411719.196,411737.958,0,279346,24133632,8134656,49888,24633,2026-08-03T11:46:43.219251Z
M4,413,saturated,M4,true,113.000,156.074,233.924,244.813,412271.235,412717.380,412757.023,0,279713,24150016,8151040,50054,24868,2026-08-03T11:46:43.219251Z
M4,414,saturated,M4,true,113.000,153.897,230.646,257.497,413267.241,413685.782,413715.986,0,279948,24174592,8151040,49941,25105,2026-08-03T11:46:43.219251Z
M4,415,saturated,M4,true,117.000,159.039,217.680,262.852,414243.996,414720.764,414739.205,0,280297,24182784,8167424,50003,25336,2026-08-03T11:46:43.219251Z
M4,416,saturated,M4,true,106.000,159.835,251.751,295.323,415279.282,415727.964,415759.830,0,280705,24199168,8175616,49895,25552,2026-08-03T11:46:43.219251Z
M4,417,saturated,M4,true,106.000,161.365,238.051,252.603,416236.117,416669.838,416735.078,0,281084,24215552,8175616,49944,25777,2026-08-03T11:46:43.219251Z
M4,418,saturated,M4,true,114.000,159.269,232.296,246.585,417249.077,417725.125,417761.944,0,281464,24240128,8200192,50002,25999,2026-08-03T11:46:43.219251Z
M4,419,saturated,M4,true,115.000,158.918,219.395,247.619,418270.449,418736.812,418758.049,0,281688,24240128,8200192,49886,26223,2026-08-03T11:46:43.219251Z
M4,420,saturated,M4,true,115.000,157.779,233.706,254.765,419244.475,419722.239,419737.635,0,281937,24256512,8216576,49947,26456,2026-08-03T11:46:43.219251Z
M4,421,saturated,M4,true,112.000,152.889,236.853,278.361,420224.490,420700.451,420745.586,0,282256,24297472,8224768,49885,26685,2026-08-03T11:48:43.057955Z
M4,422,saturated,M4,true,117.000,155.872,234.678,263.171,421251.671,421744.911,421760.540,0,282660,24485888,8232960,50001,26915,2026-08-03T11:48:43.057955Z
M4,423,saturated,M4,true,118.000,152.649,252.833,322.627,422286.258,422729.826,422750.367,0,283071,24494080,8241152,49945,27151,2026-08-03T11:48:43.057955Z
M4,424,saturated,M4,true,110.000,155.945,227.986,316.165,423296.869,423715.361,423742.480,0,283334,24502272,8249344,49887,27377,2026-08-03T11:48:43.057955Z
M4,425,saturated,M4,true,113.000,154.971,212.410,221.448,424263.310,424688.512,424746.103,0,283578,24526848,8257536,50058,27609,2026-08-03T11:48:43.057955Z
M4,426,saturated,M4,true,105.000,168.810,283.013,341.356,425298.408,425730.440,425750.560,0,284101,24535040,8265728,49952,27824,2026-08-03T11:48:43.057955Z
M4,427,saturated,M4,true,101.000,177.275,280.973,335.160,426299.438,426732.525,426746.887,0,284347,24543232,8273920,49901,28037,2026-08-03T11:48:43.057955Z
M4,428,saturated,M4,true,100.000,168.399,258.943,282.758,427291.081,427708.979,427742.011,0,284704,24559616,8298496,49940,28242,2026-08-03T11:48:43.057955Z
M4,429,saturated,M4,true,110.000,165.065,221.797,258.489,428230.328,428691.147,428725.108,0,284881,24576000,8306688,50000,28455,2026-08-03T11:48:43.057955Z
M4,430,saturated,M4,true,112.000,158.165,211.766,295.827,429230.611,429711.918,429749.443,0,285263,24576000,8306688,49896,28675,2026-08-03T11:48:43.057955Z
M4,431,saturated,M4,true,110.000,155.726,255.818,288.588,430218.216,430655.761,430740.639,0,285568,24592384,8323072,49935,28909,2026-08-03T11:48:43.057955Z
M4,432,saturated,M4,true,112.000,164.053,241.281,250.347,431259.767,431744.517,431755.091,0,285983,24616960,8323072,50009,29123,2026-08-03T11:48:43.057955Z
M4,433,saturated,M4,true,109.000,171.145,237.776,274.962,432252.017,432736.057,432745.087,0,286297,24616960,8331264,49905,29345,2026-08-03T11:48:43.057955Z
M4,434,saturated,M4,true,112.000,157.890,241.887,267.442,433251.439,433731.779,433759.574,0,286550,24731648,8347648,49930,29564,2026-08-03T11:48:43.057955Z
M4,435,saturated,M4,true,115.000,161.724,239.009,250.865,434294.585,434744.741,434758.603,0,286935,24821760,8355840,49993,29797,2026-08-03T11:48:43.057955Z
M4,436,saturated,M4,true,102.000,149.729,263.697,280.938,435299.762,435712.103,435732.575,0,287242,24821760,8364032,49892,30011,2026-08-03T11:48:43.057955Z
M4,437,saturated,M4,true,105.000,163.901,242.805,271.395,436256.499,436720.611,436753.472,0,287469,24838144,8364032,49956,30229,2026-08-03T11:48:43.057955Z
M4,438,saturated,M4,true,107.000,159.520,243.006,277.380,437252.207,437675.762,437701.141,0,287876,24846336,8372224,49890,30441,2026-08-03T11:48:43.057955Z
M4,439,saturated,M4,true,111.000,159.681,241.576,255.813,438221.523,438660.399,438757.556,0,288358,24870912,8396800,49979,30672,2026-08-03T11:48:43.057955Z
M4,440,saturated,M4,true,115.000,157.064,240.293,328.448,439246.516,439725.820,439752.392,0,288597,24870912,8396800,49895,30896,2026-08-03T11:48:43.057955Z
M4,441,saturated,M4,true,112.000,159.614,251.179,269.777,440257.680,440713.822,440742.878,0,289012,24895488,8413184,49964,31123,2026-08-03T11:48:43.057955Z
M4,442,saturated,M4,true,115.000,157.565,201.754,261.620,441263.597,441736.531,441753.237,0,289230,24903680,8421376,49971,31349,2026-08-03T11:48:43.057955Z
M4,443,saturated,M4,true,112.000,158.953,238.044,278.799,442292.134,442738.996,442748.159,0,289598,24911872,8429568,49973,31581,2026-08-03T11:48:43.057955Z
M4,444,saturated,M4,true,107.000,162.484,239.725,284.884,443246.529,443718.577,443719.743,0,289898,24920064,8437760,49886,31798,2026-08-03T11:48:43.057955Z
M4,445,saturated,M4,true,116.000,158.158,219.947,251.394,444290.757,444726.803,444742.212,0,290203,24952832,8445952,49973,32029,2026-08-03T11:48:43.057955Z
M4,446,saturated,M4,true,104.000,162.038,238.000,259.721,445295.132,445720.292,445732.034,0,290666,25018368,8454144,49977,32245,2026-08-03T11:48:43.057955Z
M4,447,saturated,M4,true,102.000,166.726,245.863,249.876,446274.035,446677.665,446702.463,0,290905,25100288,8454144,49890,32463,2026-08-03T11:48:43.057955Z
M4,448,saturated,M4,true,112.000,168.356,262.483,289.084,447243.866,447741.722,447741.823,0,291314,25149440,8478720,49978,32671,2026-08-03T11:48:43.057955Z
M4,449,saturated,M4,true,105.000,166.246,217.229,249.298,448293.091,448709.499,448747.046,0,291534,25157632,8495104,49973,32892,2026-08-03T11:48:43.057955Z
M4,450,saturated,M4,true,103.000,172.721,271.786,298.564,449271.281,449736.514,449747.884,0,291847,25165824,8495104,49895,33101,2026-08-03T11:48:43.057955Z
M4,451,saturated,M4,true,112.000,159.943,239.998,278.828,450299.928,450742.924,450751.243,0,292285,25182208,8511488,50050,33316,2026-08-03T11:48:43.057955Z
M4,452,saturated,M4,true,105.000,163.976,260.661,282.995,451272.692,451719.644,451738.873,0,292471,25190400,8511488,49940,33533,2026-08-03T11:48:43.057955Z
M4,453,saturated,M4,true,110.000,158.263,242.570,259.058,452225.593,452664.065,452696.929,0,292788,25198592,8519680,49892,33764,2026-08-03T11:48:43.057955Z
M4,454,saturated,M4,true,116.000,164.584,234.511,252.844,453259.632,453688.482,453754.561,0,293182,25223168,8536064,50005,33986,2026-08-03T11:48:43.057955Z
M4,455,saturated,M4,true,107.000,163.250,232.536,243.552,454276.911,454660.445,454742.212,0,293397,25231360,8536064,49943,34212,2026-08-03T11:48:43.057955Z
M4,456,saturated,M4,true,105.000,171.496,270.428,305.101,455306.886,455749.140,455750.093,0,293784,25239552,8552448,50010,34418,2026-08-03T11:48:43.057955Z
M4,457,saturated,M4,true,102.000,167.309,266.142,279.796,456275.977,456701.352,456747.969,0,294160,25255936,8552448,49906,34627,2026-08-03T11:48:43.057955Z
M4,458,saturated,M4,true,111.000,172.959,245.871,273.512,457285.715,457730.214,457753.066,0,294403,25272320,8568832,49936,34843,2026-08-03T11:48:43.057955Z
M4,459,saturated,M4,true,105.000,157.778,248.896,309.580,458295.526,458740.905,458743.084,0,294893,25403392,8577024,49997,35067,2026-08-03T11:48:43.057955Z
M4,460,saturated,M4,true,113.000,158.308,246.941,295.029,459289.506,459729.788,459753.007,0,295077,25444352,8585216,49889,35291,2026-08-03T11:48:43.057955Z
M4,461,saturated,M4,true,108.000,165.233,227.229,236.889,460242.119,460693.060,460755.399,0,295313,25468928,8601600,49944,35506,2026-08-03T11:48:43.057955Z
M4,462,saturated,M4,true,108.000,163.162,238.941,259.899,461253.652,461695.030,461748.967,0,295827,25493504,8601600,50004,35728,2026-08-03T11:48:43.057955Z
M4,463,saturated,M4,true,112.000,168.965,228.295,238.704,462251.666,462707.209,462743.894,0,296063,25493504,8617984,49896,35949,2026-08-03T11:48:43.057955Z
M4,464,saturated,M4,true,109.000,159.916,224.500,278.358,463253.524,463696.942,463742.768,0,296345,25509888,8617984,49941,36172,2026-08-03T11:48:43.057955Z
M4,465,saturated,M4,true,109.000,163.878,229.683,258.042,464248.412,464731.697,464745.969,0,296825,25526272,8634368,49998,36397,2026-08-03T11:48:43.057955Z
M4,466,saturated,M4,true,99.000,170.250,297.740,366.058,465273.391,465695.457,465748.242,0,297097,25534464,8642560,49907,36601,2026-08-03T11:48:43.057955Z
M4,467,saturated,M4,true,106.000,166.587,247.195,265.677,466245.294,466673.847,466744.886,0,297289,25550848,8642560,49941,36813,2026-08-03T11:48:43.057955Z
M4,468,saturated,M4,true,108.000,169.098,224.788,232.036,467262.722,467705.668,467727.176,0,297659,25559040,8650752,49902,37032,2026-08-03T11:48:43.057955Z
M4,469,saturated,M4,true,104.000,164.342,268.954,311.458,468274.336,468708.229,468741.080,0,298053,25575424,8658944,49998,37248,2026-08-03T11:48:43.057955Z
M4,470,saturated,M4,true,105.000,169.414,244.145,260.136,469258.461,469707.057,469749.807,0,298400,25583616,8683520,49940,37452,2026-08-03T11:48:43.057955Z
M4,471,saturated,M4,true,107.000,170.125,252.696,301.992,470286.819,470723.286,470741.022,0,298624,25624576,8691712,49904,37671,2026-08-03T11:48:43.057955Z
M4,472,saturated,M4,true,106.000,161.415,234.803,254.536,471295.102,471702.295,471739.604,0,299108,25755648,8699904,50043,37883,2026-08-03T11:48:43.057955Z
M4,473,saturated,M4,true,105.000,168.011,249.661,264.624,472246.453,472698.789,472729.082,0,299319,25788416,8708096,49938,38101,2026-08-03T11:48:43.057955Z
M4,474,saturated,M4,true,111.000,161.863,232.973,262.352,473230.684,473694.207,473732.066,0,299575,25796608,8708096,49898,38320,2026-08-03T11:48:43.057955Z
M4,475,saturated,M4,true,107.000,167.036,238.074,269.473,474250.547,474680.053,474709.109,0,300087,25821184,8724480,50000,38540,2026-08-03T11:48:43.057955Z
M4,476,saturated,M4,true,100.000,173.221,266.780,301.478,475287.903,475698.916,475709.063,0,300285,25821184,8724480,49950,38744,2026-08-03T11:48:43.057955Z
M4,477,saturated,M4,true,106.000,175.984,269.384,304.275,476267.979,476735.012,476742.106,0,300542,25829376,8740864,49895,38947,2026-08-03T11:48:43.057955Z
M4,478,saturated,M4,true,102.000,170.406,255.438,300.283,477261.124,477678.333,477739.264,0,300838,25845760,8749056,49948,39165,2026-08-03T11:48:43.057955Z
M4,479,saturated,M4,true,107.000,172.962,230.913,256.658,478243.179,478681.274,478748.600,0,301268,25870336,8757248,50000,39383,2026-08-03T11:48:43.057955Z
M4,480,saturated,M4,true,109.000,161.097,254.566,292.616,479257.524,479678.613,479686.989,0,301454,25870336,8765440,49886,39595,2026-08-03T11:48:43.057955Z
M4,481,saturated,M4,true,108.000,164.899,265.870,296.060,480222.317,480704.290,480725.343,0,301330,25886720,8773632,49952,39814,2026-08-03T11:49:43.153765Z
M4,482,saturated,M4,true,108.000,166.478,238.754,258.384,481257.271,481708.572,481717.689,0,301836,25903104,8790016,50000,40033,2026-08-03T11:49:43.153765Z
M4,483,saturated,M4,true,108.000,167.810,247.833,259.998,482259.524,482700.019,482745.130,0,302056,25903104,8798208,49947,40252,2026-08-03T11:49:43.153765Z
M4,484,saturated,M4,true,109.000,160.995,268.385,327.094,483261.164,483717.612,483743.370,0,302314,25919488,8798208,49888,40464,2026-08-03T11:49:43.153765Z
M4,485,saturated,M4,true,103.000,168.317,270.873,275.241,484254.910,484659.857,484674.844,0,302750,25944064,8822784,50004,40690,2026-08-03T11:49:43.153765Z
M4,486,saturated,M4,true,90.000,198.111,317.407,371.273,485288.191,485728.569,485742.400,0,302955,25952256,8822784,49972,40866,2026-08-03T11:49:43.153765Z
M4,487,saturated,M4,true,101.000,182.261,288.209,393.861,486245.813,486714.782,486746.893,0,303315,25952256,8830976,49899,41068,2026-08-03T11:49:43.153765Z
M4,488,saturated,M4,true,100.000,175.192,243.485,275.532,487275.442,487652.917,487729.385,0,303717,25976832,8830976,49979,41277,2026-08-03T11:49:43.153765Z
M4,489,saturated,M4,true,103.000,176.515,254.715,352.093,488263.429,488719.726,488747.381,0,303943,26140672,8839168,49898,41477,2026-08-03T11:49:43.153765Z
M4,490,saturated,M4,true,103.000,170.664,233.044,250.869,489248.259,489671.997,489747.789,0,304141,26157056,8847360,49967,41685,2026-08-03T11:49:43.153765Z
M4,491,saturated,M4,true,103.000,176.068,253.948,301.066,490265.405,490722.679,490743.422,0,304620,26173440,8855552,49979,41892,2026-08-03T11:49:43.153765Z
M4,492,saturated,M4,true,100.000,174.946,263.781,304.648,491260.480,491671.141,491732.935,0,304859,26173440,8871936,49903,42101,2026-08-03T11:49:43.153765Z
M4,493,saturated,M4,true,101.000,175.666,252.088,284.872,492252.740,492698.002,492723.319,0,305074,26198016,8888320,49963,42301,2026-08-03T11:49:43.153765Z
M4,494,saturated,M4,true,98.000,174.698,261.708,296.791,493246.856,493692.414,493731.771,0,305525,26206208,8896512,49984,42506,2026-08-03T11:49:43.153765Z
M4,495,saturated,M4,true,101.000,169.815,252.349,277.573,494227.165,494642.355,494722.290,0,305747,26214400,8896512,49901,42713,2026-08-03T11:49:43.153765Z
M4,496,saturated,M4,true,99.000,178.154,315.974,346.150,495281.592,495713.277,495739.644,0,306136,26230784,8912896,49969,42907,2026-08-03T11:49:43.153765Z
M4,497,saturated,M4,true,98.000,193.347,261.963,292.201,496226.085,496684.345,496719.032,0,306341,26247168,8912896,49994,43109,2026-08-03T11:49:43.153765Z
M4,498,saturated,M4,true,97.000,178.982,284.003,304.540,497214.679,497684.680,497734.437,0,306673,26247168,8921088,49953,43313,2026-08-03T11:49:43.153765Z
M4,499,saturated,M4,true,98.000,168.438,243.419,264.754,498249.570,498638.915,498702.673,0,306868,26255360,8929280,49896,43518,2026-08-03T11:49:43.153765Z
M4,500,saturated,M4,true,104.000,175.218,287.145,339.467,499174.000,499682.193,499726.741,0,307266,26279936,8945664,50004,43711,2026-08-03T11:49:43.153765Z
M4,501,saturated,M4,true,98.000,178.381,246.097,383.902,500252.605,500679.132,500732.066,0,307459,26288128,8945664,49954,43918,2026-08-03T11:49:43.153765Z
M4,502,saturated,M4,true,106.000,173.586,245.941,289.346,501168.748,501675.395,501695.943,0,307785,26402816,8953856,49904,44117,2026-08-03T11:49:43.153765Z
M4,503,saturated,M4,true,99.000,182.583,276.052,301.304,502246.294,502697.887,502741.429,0,308241,26476544,8970240,50047,44318,2026-08-03T11:49:43.153765Z
M4,504,saturated,M4,true,91.000,180.050,301.270,334.962,503206.202,503677.584,503715.195,0,308441,26484736,8978432,49955,44507,2026-08-03T11:49:43.153765Z
M4,505,saturated,M4,true,99.000,178.921,253.480,332.489,504187.666,504677.929,504734.036,0,308700,26492928,8986624,49901,44711,2026-08-03T11:49:43.153765Z
M4,506,saturated,M4,true,76.000,177.330,468.258,511.087,505290.926,505696.275,505718.546,0,308976,26509312,8986624,49970,44859,2026-08-03T11:49:43.153765Z
M4,507,saturated,M4,true,87.000,194.350,299.831,426.541,506167.725,506725.200,506748.164,0,309320,26525696,9011200,50006,45061,2026-08-03T11:49:43.153765Z
M4,508,saturated,M4,true,87.000,203.640,374.293,440.026,507300.745,507726.940,507743.873,0,309493,26525696,9011200,49924,45210,2026-08-03T11:49:43.153765Z
M4,509,saturated,M4,true,94.000,180.141,314.103,431.091,508244.359,508671.214,508725.959,0,309697,26533888,9011200,50028,45407,2026-08-03T11:49:43.153765Z
M4,510,saturated,M4,true,104.000,173.174,255.853,269.673,509246.559,509716.204,509744.470,0,310117,26550272,9019392,49925,45619,2026-08-03T11:49:43.153765Z
M4,511,saturated,M4,true,99.000,179.243,277.546,296.578,510241.500,510701.406,510744.868,0,310332,26558464,9027584,50026,45818,2026-08-03T11:49:43.153765Z
M4,512,saturated,M4,true,96.000,180.014,289.727,387.680,511249.470,511672.137,511731.470,0,310723,26574848,9035776,49950,46019,2026-08-03T11:49:43.153765Z
M4,513,saturated,M4,true,104.000,177.072,250.181,267.144,512224.456,512670.306,512681.003,0,310958,26583040,9043968,49905,46215,2026-08-03T11:49:43.153765Z
M4,514,saturated,M4,true,96.000,175.101,263.905,310.877,513244.487,513684.125,513734.952,0,311410,26599424,9052160,49993,46423,2026-08-03T11:49:43.153765Z
M4,515,saturated,M4,true,105.000,174.663,265.872,276.602,514239.369,514682.918,514735.139,0,311582,26615808,9068544,49943,46621,2026-08-03T11:49:43.153765Z
M4,516,saturated,M4,true,100.000,178.124,290.782,325.594,515229.912,515697.713,515730.502,0,311827,26705920,9068544,49908,46825,2026-08-03T11:49:43.153765Z
M4,517,saturated,M4,true,96.000,187.893,288.576,326.086,516251.110,516742.803,516744.060,0,312185,26787840,9084928,50045,47012,2026-08-03T11:49:43.153765Z
M4,518,saturated,M4,true,99.000,180.125,272.301,290.352,517247.146,517722.091,517739.044,0,312402,26804224,9084928,49945,47218,2026-08-03T11:49:43.153765Z
M4,519,saturated,M4,true,102.000,173.239,237.205,257.201,518225.948,518701.852,518715.108,0,312709,26812416,9101312,49903,47425,2026-08-03T11:49:43.153765Z
M4,520,saturated,M4,true,100.000,169.672,243.413,259.778,519230.037,519655.968,519723.395,0,313071,26836992,9109504,49991,47638,2026-08-03T11:49:43.153765Z
M4,521,saturated,M4,true,113.000,170.873,260.913,267.513,520242.004,520698.532,520725.316,0,313383,26836992,9109504,49898,47842,2026-08-03T11:49:43.153765Z
M4,522,saturated,M4,true,98.000,173.602,239.930,268.345,521273.910,521704.052,521722.023,0,313782,26853376,9134080,49954,48057,2026-08-03T11:49:43.153765Z
M4,523,saturated,M4,true,103.000,166.137,247.126,258.635,522189.012,522635.328,522711.611,0,314124,26869760,9134080,49988,48268,2026-08-03T11:49:43.153765Z
M4,524,saturated,M4,true,104.000,179.344,235.033,273.661,523231.343,523673.794,523733.241,0,314348,26877952,9142272,49904,48472,2026-08-03T11:49:43.153765Z
M4,525,saturated,M4,true,98.000,176.150,266.904,299.235,524249.666,524685.016,524704.804,0,314629,26894336,9142272,49958,48671,2026-08-03T11:49:43.153765Z
M4,526,saturated,M4,true,88.000,199.341,314.062,386.924,525294.301,525708.896,525747.480,0,314989,26910720,9158656,50004,48849,2026-08-03T11:49:43.153765Z
M4,527,saturated,M4,true,101.000,187.928,290.309,327.889,526284.140,526695.943,526739.613,0,315170,26910720,9158656,49906,49044,2026-08-03T11:49:43.153765Z
M4,528,saturated,M4,true,97.000,181.100,297.108,349.204,527249.443,527684.409,527741.607,0,315399,26927104,9175040,49942,49246,2026-08-03T11:49:43.153765Z
M4,529,saturated,M4,true,95.000,189.536,285.143,326.173,528221.560,528674.091,528726.163,0,315809,26992640,9183232,50005,49440,2026-08-03T11:49:43.153765Z
M4,530,saturated,M4,true,95.000,190.081,263.492,302.070,529200.752,529707.452,529737.184,0,315996,27066368,9199616,49952,49638,2026-08-03T11:49:43.153765Z
M4,531,saturated,M4,true,107.000,183.245,258.897,343.316,530275.487,530697.990,530736.288,0,316255,27107328,9207808,49903,49839,2026-08-03T11:49:43.153765Z
M4,532,saturated,M4,true,100.000,173.045,254.972,273.596,531264.773,531694.516,531717.491,0,316635,27140096,9207808,49991,50053,2026-08-03T11:49:43.153765Z
M4,533,saturated,M4,true,103.000,171.776,288.531,305.502,532214.718,532694.750,532725.755,0,317016,27148288,9224192,49954,50264,2026-08-03T11:49:43.153765Z
M4,534,saturated,M4,true,98.000,186.515,253.744,283.259,533263.455,533691.996,533743.182,0,317250,27156480,9224192,49912,50448,2026-08-03T11:49:43.153765Z
M4,535,saturated,M4,true,89.000,183.616,265.913,318.065,534271.744,534660.880,534740.565,0,317677,27172864,9232384,49994,50654,2026-08-03T11:49:43.153765Z
M4,536,saturated,M4,true,88.000,197.556,341.007,377.434,535249.834,535678.376,535720.669,0,317855,27181056,9232384,49962,50824,2026-08-03T11:49:43.153765Z
M4,537,saturated,M4,true,98.000,177.123,261.206,301.347,536272.460,536672.025,536742.479,0,318119,27189248,9248768,49900,51026,2026-08-03T11:49:43.153765Z
M4,538,saturated,M4,true,96.000,193.273,259.042,283.143,537229.932,537721.070,537741.639,0,318510,27205632,9256960,49956,51218,2026-08-03T11:49:43.153765Z
M4,539,saturated,M4,true,104.000,182.353,261.798,270.013,538249.827,538689.148,538722.800,0,318744,27205632,9265152,49897,51411,2026-08-03T11:49:43.153765Z
M4,540,saturated,M4,true,97.000,180.229,273.430,305.937,539259.656,539682.811,539708.786,0,319088,27230208,9273344,49948,51620,2026-08-03T11:49:43.153765Z
M4,541,saturated,M4,true,95.000,187.306,287.119,355.767,540187.125,540681.827,540728.441,0,319705,27344896,9281536,49906,51818,2026-08-03T11:49:43.153765Z
M4,542,saturated,M4,true,98.000,189.107,239.558,262.204,541192.346,541675.754,541739.163,0,319914,27394048,9289728,49952,52014,2026-08-03T11:49:43.153765Z
M4,543,saturated,M4,true,103.000,184.284,265.097,325.372,542265.441,542674.593,542732.282,0,320359,27418624,9297920,49996,52220,2026-08-03T11:49:43.153765Z
M4,544,saturated,M4,true,96.000,185.889,286.694,299.265,543210.292,543702.867,543727.253,0,320596,27418624,9297920,49904,52420,2026-08-03T11:49:43.153765Z
M4,545,saturated,M4,true,102.000,184.359,282.361,306.611,544252.682,544682.307,544732.504,0,320953,27435008,9322496,49905,52612,2026-08-03T11:49:43.153765Z
M4,546,saturated,M4,true,78.000,199.619,452.465,543.294,545287.555,545716.551,545723.105,0,321288,27451392,9322496,50012,52779,2026-08-03T11:49:43.153765Z
M4,547,saturated,M4,true,90.000,190.890,293.801,329.411,546247.054,546640.843,546717.255,0,321484,27451392,9330688,49971,52966,2026-08-03T11:49:43.153765Z
M4,548,saturated,M4,true,97.000,191.217,312.144,353.435,547229.981,547681.615,547726.478,0,321697,27459584,9330688,49904,53155,2026-08-03T11:49:43.153765Z
M4,549,saturated,M4,true,98.000,189.605,275.130,319.923,548234.191,548680.161,548709.481,0,322145,27516928,9347072,49980,53359,2026-08-03T11:49:43.153765Z
M4,550,saturated,M4,true,96.000,187.262,264.165,356.158,549231.157,549695.170,549736.553,0,322351,27516928,9355264,49968,53549,2026-08-03T11:49:43.153765Z
M4,551,saturated,M4,true,103.000,176.118,225.965,274.006,550244.311,550663.620,550725.465,0,322557,27525120,9355264,49984,53759,2026-08-03T11:49:43.153765Z
M4,552,saturated,M4,true,97.000,173.220,251.599,331.696,551235.459,551623.743,551699.107,0,322975,27541504,9371648,49897,53965,2026-08-03T11:49:43.153765Z
M4,553,saturated,M4,true,111.000,171.476,250.461,261.971,552267.254,552723.351,552726.063,0,323333,27557888,9388032,49971,54171,2026-08-03T11:49:43.153765Z
M4,554,saturated,M4,true,94.000,194.796,253.409,297.997,553205.342,553683.617,553706.059,0,323522,27566080,9396224,49980,54363,2026-08-03T11:49:43.153765Z
M4,555,saturated,M4,true,95.000,190.874,249.405,289.416,554275.489,554707.815,554722.460,0,323748,27656192,9396224,49911,54560,2026-08-03T11:49:43.153765Z
M4,556,saturated,M4,true,87.000,202.281,304.957,372.931,555283.450,555681.248,555736.924,0,324076,27721728,9412608,49974,54739,2026-08-03T11:49:43.153765Z
M4,557,saturated,M4,true,95.000,192.366,293.416,309.485,556253.234,556669.548,556726.331,0,324372,27729920,9412608,49979,54932,2026-08-03T11:49:43.153765Z
M4,558,saturated,M4,true,101.000,181.377,247.844,278.074,557232.944,557683.753,557731.372,0,324596,27738112,9420800,49899,55132,2026-08-03T11:49:43.153765Z
M4,559,saturated,M4,true,102.000,175.184,258.100,282.888,558242.357,558653.579,558705.445,0,324985,27762688,9428992,49968,55345,2026-08-03T11:49:43.153765Z
M4,560,saturated,M4,true,98.000,179.557,249.478,279.356,559212.280,559627.696,559700.472,0,325295,27762688,9445376,49982,55545,2026-08-03T11:49:43.153765Z
M4,561,saturated,M4,true,104.000,181.378,279.609,309.706,560267.967,560677.477,560720.431,0,325538,27770880,9453568,49902,55747,2026-08-03T11:49:43.153765Z
M4,562,saturated,M4,true,99.000,189.841,254.468,274.453,561186.961,561678.485,561693.867,0,325901,27803648,9453568,49963,55948,2026-08-03T11:49:43.153765Z
M4,563,saturated,M4,true,102.000,182.143,246.932,301.643,562201.789,562672.082,562711.691,0,326139,27828224,9461760,49900,56155,2026-08-03T11:49:43.153765Z
M4,564,saturated,M4,true,98.000,180.572,266.348,338.835,563219.115,563678.570,563733.609,0,326382,27852800,9478144,49949,56357,2026-08-03T11:49:43.153765Z
M4,565,saturated,M4,true,104.000,176.465,250.338,294.658,564244.509,564685.867,564728.771,0,326846,27860992,9486336,49999,56563,2026-08-03T11:49:43.153765Z
M4,566,saturated,M4,true,86.000,195.097,318.385,335.168,565297.963,565707.108,565735.202,0,327061,27860992,9486336,49910,56733,2026-08-03T11:49:43.153765Z
M4,567,saturated,M4,true,94.000,194.436,256.631,279.134,566263.028,566689.266,566728.664,0,327253,27885568,9502720,50041,56927,2026-08-03T11:49:43.153765Z
M4,568,saturated,M4,true,98.000,188.346,277.484,300.900,567246.655,567702.294,567713.464,0,327613,27893760,9510912,49947,57127,2026-08-03T11:49:43.153765Z
M4,569,saturated,M4,true,97.000,183.695,278.141,287.166,568226.185,568647.797,568707.463,0,327869,28000256,9519104,49902,57323,2026-08-03T11:49:43.153765Z
M4,570,saturated,M4,true,102.000,181.865,254.555,282.228,569220.371,569663.301,569724.715,0,328305,28049408,9519104,50000,57530,2026-08-03T11:49:43.153765Z
M4,571,saturated,M4,true,103.000,179.003,266.725,304.765,570250.812,570690.574,570701.736,0,328504,28049408,9535488,49947,57739,2026-08-03T11:49:43.153765Z
M4,572,saturated,M4,true,99.000,175.481,268.490,345.235,571289.126,571718.237,571729.860,0,328760,28065792,9535488,49904,57932,2026-08-03T11:49:43.153765Z
M4,573,saturated,M4,true,99.000,178.496,284.835,312.205,572298.918,572732.680,572732.954,0,329162,28090368,9543680,49999,58135,2026-08-03T11:49:43.153765Z
M4,574,saturated,M4,true,90.000,192.118,256.740,290.534,573178.849,573590.027,573712.147,0,329411,28090368,9543680,49961,58322,2026-08-03T11:49:43.153765Z
M4,575,saturated,M4,true,88.000,193.232,290.974,337.904,574145.370,574560.011,574713.186,0,329639,28106752,9576448,49899,58510,2026-08-03T11:49:43.153765Z
M4,576,saturated,M4,true,92.000,203.266,387.607,420.130,575254.826,575699.075,575721.364,0,330030,28139520,9576448,50014,58683,2026-08-03T11:49:43.153765Z
M4,577,saturated,M4,true,85.000,205.743,314.584,340.295,576287.256,576679.965,576695.848,0,330209,28147712,9584640,49984,58857,2026-08-03T11:49:43.153765Z
M4,578,saturated,M4,true,89.000,199.348,293.961,320.832,577288.592,577698.573,577723.397,0,330429,28164096,9584640,49906,59036,2026-08-03T11:49:43.153765Z
M4,579,saturated,M4,true,90.000,202.992,257.318,302.235,578218.962,578698.502,578720.168,0,330770,28180480,9601024,50050,59218,2026-08-03T11:49:43.153765Z
M4,580,saturated,M4,true,90.000,199.873,282.910,311.523,579198.785,579703.550,579722.213,0,330921,28180480,9601024,49956,59399,2026-08-03T11:49:43.153765Z
M4,581,saturated,M4,true,88.000,194.590,294.945,348.036,580212.047,580647.139,580662.292,0,331130,28188672,9609216,49911,59492,2026-08-03T11:49:43.153765Z
M4,582,saturated,M4,true,76.000,236.293,347.293,382.420,581272.239,581634.015,581657.877,0,331544,28205056,9609216,50010,59657,2026-08-03T11:49:43.153765Z
M4,583,saturated,M4,true,89.000,205.046,270.993,315.653,582203.136,582675.306,582703.645,0,331683,28213248,9625600,49961,59825,2026-08-03T11:49:43.153765Z
M4,584,saturated,M4,true,96.000,191.704,284.196,417.484,583217.966,583661.321,583726.025,0,331887,28270592,9633792,49989,60006,2026-08-03T11:49:43.153765Z
M4,585,saturated,M4,true,95.000,189.437,296.856,323.227,584289.919,584686.655,584722.898,0,332050,28336128,9641984,49903,60192,2026-08-03T11:49:43.153765Z
M4,586,saturated,M4,true,80.000,205.320,346.127,401.890,585192.227,585667.099,585689.743,0,332443,28377088,9641984,49971,60379,2026-08-03T11:49:43.153765Z
M4,587,saturated,M4,true,88.000,198.365,329.577,405.116,586252.766,586700.252,586721.924,0,332786,28393472,9658368,50001,60549,2026-08-03T11:49:43.153765Z
M4,588,saturated,M4,true,97.000,189.887,263.337,332.649,587239.818,587708.145,587720.852,0,332950,28393472,9658368,49909,60733,2026-08-03T11:49:43.153765Z
M4,589,saturated,M4,true,94.000,183.905,293.885,350.767,588217.202,588641.943,588722.343,0,333179,28409856,9674752,49948,60930,2026-08-03T11:49:43.153765Z
M4,590,saturated,M4,true,102.000,178.830,249.632,264.565,589218.878,589689.420,589706.220,0,333523,28409856,9674752,49905,61131,2026-08-03T11:49:43.153765Z
M4,591,saturated,M4,true,95.000,184.657,308.676,433.015,590213.957,590699.502,590721.339,0,333777,28442624,9691136,50046,61328,2026-08-03T11:49:43.153765Z
M4,592,saturated,M4,true,95.000,197.102,251.251,347.024,591209.763,591667.790,591694.592,0,334209,28459008,9699328,49953,61517,2026-08-03T11:49:43.153765Z
M4,593,saturated,M4,true,92.000,196.003,253.759,280.384,592188.485,592664.148,592720.958,0,334413,28475392,9707520,49909,61707,2026-08-03T11:49:43.153765Z
M4,594,saturated,M4,true,90.000,200.931,280.566,316.190,593212.368,593679.999,593712.243,0,334734,28499968,9707520,49993,61902,2026-08-03T11:49:43.153765Z
M4,595,saturated,M4,true,96.000,193.265,296.039,328.440,594210.122,594682.843,594716.885,0,335030,28508160,9723904,49960,62077,2026-08-03T11:49:43.153765Z
M4,596,saturated,M4,true,82.000,192.204,372.432,536.771,595290.558,595712.568,595714.158,0,335270,28508160,9723904,49963,62251,2026-08-03T11:49:43.153765Z
M4,597,saturated,M4,true,90.000,211.327,272.700,330.213,596224.565,596713.217,596714.647,0,335512,28524544,9732096,49911,62431,2026-08-03T11:49:43.153765Z
M4,598,saturated,M4,true,95.000,193.945,246.355,268.464,597197.190,597687.856,597714.053,0,335703,28565504,9732096,49996,62624,2026-08-03T11:49:43.153765Z
M4,599,saturated,M4,true,90.000,194.522,260.780,296.141,598217.110,598669.588,598715.424,0,336132,28639232,9748480,49951,62810,2026-08-03T11:49:43.153765Z
M4,600,saturated,M4,true,92.000,181.648,294.834,381.355,599205.154,599636.371,599673.272,0,336345,28680192,9756672,49911,63004,2026-08-03T11:49:43.153765Z
M4,601,saturated,M4,true,94.000,204.308,288.471,311.772,600187.456,600659.298,600716.335,0,336726,28704768,9773056,49997,63193,2026-08-03T11:49:43.153765Z
M4,602,saturated,M4,true,95.000,190.935,256.598,290.007,601204.929,601672.114,601704.252,0,337008,28704768,9773056,49906,63382,2026-08-03T11:49:43.153765Z
M4,603,saturated,M4,true,93.000,197.890,257.484,313.418,602214.090,602642.243,602694.953,0,337176,28721152,9789440,49951,63562,2026-08-03T11:49:43.153765Z
M4,604,saturated,M4,true,91.000,190.833,328.369,358.733,603240.325,603696.335,603720.639,0,337521,28729344,9789440,49913,63756,2026-08-03T11:49:43.153765Z
M4,605,saturated,M4,true,95.000,194.904,260.969,281.265,604218.868,604690.050,604703.007,0,337932,28753920,9797632,49994,63948,2026-08-03T11:49:43.153765Z
M4,606,saturated,M4,true,85.000,207.668,312.542,364.213,605288.010,605659.632,605689.322,0,338164,28762112,9797632,49960,64113,2026-08-03T11:49:43.153765Z
M4,607,saturated,M4,true,88.000,204.432,290.240,344.348,606221.451,606641.091,606708.656,0,338354,28786688,9805824,49915,64293,2026-08-03T11:49:43.153765Z
M4,608,saturated,M4,true,92.000,202.588,266.929,294.134,607200.866,607636.651,607692.572,0,338541,28803072,9814016,50040,64470,2026-08-03T11:49:43.153765Z
M4,609,saturated,M4,true,95.000,196.921,270.977,302.183,608197.687,608625.703,608708.234,0,338955,28819456,9830400,49951,64662,2026-08-03T11:49:43.153765Z
M4,610,saturated,M4,true,92.000,193.651,277.304,318.435,609168.276,609678.104,609702.826,0,339144,28827648,9830400,49908,64853,2026-08-03T11:49:43.153765Z
M4,611,saturated,M4,true,92.000,196.799,260.517,341.598,610200.075,610641.330,610705.813,0,339479,28844032,9846784,50001,65040,2026-08-03T11:49:43.153765Z
M4,612,saturated,M4,true,81.000,192.731,274.816,319.318,611100.410,611629.160,611670.326,0,339796,28852224,9846784,49952,65238,2026-08-03T11:49:43.153765Z
M4,613,saturated,M4,true,83.000,196.938,347.571,387.690,612183.301,612500.988,612691.767,0,339976,28901376,9854976,49928,65402,2026-08-03T11:49:43.153765Z
M4,614,saturated,M4,true,98.000,195.866,297.413,351.080,613177.725,613635.227,613690.199,0,340305,28958720,9863168,49940,65578,2026-08-03T11:49:43.153765Z
M4,615,saturated,M4,true,91.000,208.005,262.371,376.227,614200.014,614690.735,614692.572,0,340636,28999680,9879552,49995,65766,2026-08-03T11:49:43.153765Z
M4,616,saturated,M4,true,84.000,216.291,406.797,481.373,615327.273,615685.809,615695.672,0,340802,29024256,9887744,49936,65921,2026-08-03T11:49:43.153765Z
M4,617,saturated,M4,true,83.000,204.432,312.309,329.996,616237.982,616612.093,616701.138,0,341035,29032448,9895936,49942,66110,2026-08-03T11:49:43.153765Z
M4,618,saturated,M4,true,91.000,195.871,281.700,301.937,617193.092,617617.189,617697.973,0,341294,29040640,9895936,49927,66291,2026-08-03T11:49:43.153765Z
M4,619,saturated,M4,true,97.000,203.520,272.546,325.751,618218.839,618701.898,618706.351,0,341687,29057024,9912320,49992,66473,2026-08-03T11:49:43.153765Z
M4,620,saturated,M4,true,87.000,189.653,297.878,352.682,619271.454,619682.711,619710.826,0,341930,29065216,9912320,49941,66663,2026-08-03T11:49:43.153765Z
M4,621,saturated,M4,true,92.000,196.821,289.596,332.570,620221.181,620678.111,620700.792,0,342137,29089792,9920512,49933,66850,2026-08-03T11:49:43.153765Z
M4,622,saturated,M4,true,94.000,184.406,283.699,326.639,621175.949,621668.864,621694.427,0,342506,29114368,9920512,50017,67033,2026-08-03T11:49:43.153765Z
M4,623,saturated,M4,true,93.000,196.328,292.480,315.683,622193.611,622645.950,622684.218,0,342694,29122560,9928704,49957,67222,2026-08-03T11:49:43.153765Z
M4,624,saturated,M4,true,87.000,203.873,277.102,324.927,623166.751,623658.929,623692.655,0,342921,29130752,9945088,49907,67412,2026-08-03T11:49:43.153765Z
M4,625,saturated,M4,true,91.000,198.467,318.710,398.668,624150.878,624643.739,624694.281,0,343265,29155328,9953280,50047,67596,2026-08-03T11:49:43.153765Z
M4,626,saturated,M4,true,88.000,211.171,338.144,440.579,625267.047,625675.238,625698.556,0,343554,29163520,9961472,49960,67759,2026-08-03T11:49:43.153765Z
M4,627,saturated,M4,true,81.000,198.360,286.181,345.868,626224.610,626621.474,626656.562,0,343757,29171712,9961472,49914,67935,2026-08-03T11:49:43.153765Z
M4,628,saturated,M4,true,88.000,206.502,313.982,339.239,627139.080,627612.612,627675.078,0,343957,29212672,9977856,50041,68111,2026-08-03T11:49:43.153765Z
M4,629,saturated,M4,true,95.000,191.916,328.515,394.497,628217.301,628629.146,628677.862,0,344365,29261824,9977856,49953,68292,2026-08-03T11:49:43.153765Z
M4,630,saturated,M4,true,87.000,206.098,291.566,371.849,629260.214,629617.668,629676.862,0,344559,29310976,9986048,49915,68476,2026-08-03T11:49:43.153765Z
M4,631,saturated,M4,true,97.000,187.074,313.316,344.666,630205.430,630659.061,630698.106,0,344802,29335552,9986048,50038,68660,2026-08-03T11:49:43.153765Z
M4,632,saturated,M4,true,88.000,187.198,288.421,304.223,631169.112,631662.417,631699.843,0,345190,29360128,10002432,49945,68854,2026-08-03T11:49:43.153765Z
M4,633,saturated,M4,true,87.000,203.026,278.688,296.726,632136.337,632613.038,632666.701,0,345384,29360128,10010624,49922,69033,2026-08-03T11:49:43.153765Z
M4,634,saturated,M4,true,94.000,200.167,310.177,371.643,633146.142,633646.739,633696.444,0,345770,29384704,10018816,50001,69216,2026-08-03T11:49:43.153765Z
M4,635,saturated,M4,true,90.000,199.755,274.448,296.130,634185.187,634620.877,634666.244,0,345948,29392896,10018816,49955,69396,2026-08-03T11:49:43.153765Z
M4,636,saturated,M4,true,80.000,201.815,396.421,450.768,635242.879,635643.210,635671.608,0,346152,29401088,10035200,49912,69560,2026-08-03T11:49:43.153765Z
M4,637,saturated,M4,true,89.000,219.885,345.583,395.589,636211.576,636604.177,636693.494,0,346470,29442048,10035200,50012,69738,2026-08-03T11:49:43.153765Z
M4,638,saturated,M4,true,93.000,199.686,273.622,338.167,637189.826,637645.128,637702.825,0,346756,29442048,10043392,49947,69917,2026-08-03T11:49:43.153765Z
M4,639,saturated,M4,true,85.000,212.092,297.275,382.280,638216.070,638680.235,638691.929,0,346940,29450240,10043392,49916,70096,2026-08-03T11:49:43.153765Z
M4,640,saturated,M4,true,88.000,201.288,304.060,386.904,639186.779,639609.852,639676.512,0,347254,29474816,10067968,50006,70276,2026-08-03T11:49:43.153765Z
M4,641,saturated,M4,true,92.000,210.267,277.522,303.313,640214.748,640680.044,640690.976,0,347450,29483008,10067968,49954,70454,2026-08-03T11:49:43.153765Z
M4,642,saturated,M4,true,91.000,190.365,251.682,315.087,641214.223,641605.240,641667.236,0,347767,29499392,10084352,49908,70645,2026-08-03T11:49:43.153765Z
M4,643,saturated,M4,true,97.000,190.596,253.016,277.329,642189.258,642643.363,642679.693,0,348088,29548544,10108928,49998,70837,2026-08-03T11:49:43.153765Z
M4,644,saturated,M4,true,93.000,190.295,248.663,285.256,643200.880,643629.951,643689.542,0,348423,29589504,10117120,49952,71030,2026-08-03T11:49:43.153765Z
M4,645,saturated,M4,true,97.000,198.785,260.113,295.655,644186.770,644615.364,644667.526,0,348593,29622272,10117120,49907,71219,2026-08-03T11:49:43.153765Z
M4,646,saturated,M4,true,81.000,204.977,379.717,430.566,645250.457,645609.487,645676.541,0,348928,29671424,10125312,50008,71397,2026-08-03T11:49:43.153765Z
M4,647,saturated,M4,true,73.000,219.872,414.522,524.226,646264.098,646659.435,646690.610,0,349228,29679616,10125312,49976,71545,2026-08-03T11:49:43.153765Z
M4,648,saturated,M4,true,91.000,202.097,330.772,374.266,647201.680,647678.296,647696.905,0,349411,29679616,10133504,49912,71724,2026-08-03T11:49:43.153765Z
M4,649,saturated,M4,true,85.000,209.115,264.339,322.286,648207.924,648590.511,648679.452,0,349581,29704192,10141696,49977,71901,2026-08-03T11:49:43.153765Z
M4,650,saturated,M4,true,102.000,194.874,274.436,295.194,649169.681,649689.668,649690.244,0,349931,29712384,10158080,49908,72094,2026-08-03T11:49:43.153765Z
M4,651,saturated,M4,true,96.000,180.379,290.932,318.597,650233.166,650653.662,650696.423,0,350279,29736960,10158080,49952,72285,2026-08-03T11:49:43.153765Z
M4,652,saturated,M4,true,92.000,194.697,273.880,313.040,651187.246,651639.089,651684.432,0,350640,29761536,10182656,49999,72486,2026-08-03T11:49:43.153765Z
M4,653,saturated,M4,true,81.000,209.343,292.417,332.378,652163.910,652640.631,652673.859,0,350813,29761536,10182656,49919,72664,2026-08-03T11:49:43.153765Z
M4,654,saturated,M4,true,91.000,206.712,308.275,382.448,653214.252,653643.931,653684.705,0,351022,29777920,10190848,49955,72827,2026-08-03T11:49:43.153765Z
M4,655,saturated,M4,true,88.000,211.627,274.789,338.582,654194.012,654638.799,654688.863,0,351360,29794304,10190848,49996,73006,2026-08-03T11:49:43.153765Z
M4,656,saturated,M4,true,85.000,208.784,312.229,325.985,655283.965,655647.512,655690.094,0,351565,29802496,10199040,49915,73180,2026-08-03T11:49:43.153765Z
M4,657,saturated,M4,true,92.000,190.759,284.835,357.465,656208.637,656609.607,656671.426,0,351751,29818880,10207232,49958,73370,2026-08-03T11:49:43.153765Z
M4,658,saturated,M4,true,89.000,200.090,274.545,341.997,657182.454,657618.074,657683.094,0,352116,29859840,10223616,49981,73546,2026-08-03T11:49:43.153765Z
M4,659,saturated,M4,true,96.000,195.551,293.866,335.640,658178.386,658637.426,658677.962,0,352368,29892608,10223616,49912,73739,2026-08-03T11:49:43.153765Z
M4,660,saturated,M4,true,92.000,195.555,299.445,340.603,659205.094,659611.603,659678.585,0,352740,29941760,10240000,49967,73927,2026-08-03T11:49:43.153765Z
M4,661,saturated,M4,true,95.000,202.464,305.546,330.844,660205.367,660645.811,660679.042,0,352935,29966336,10240000,49985,74116,2026-08-03T11:49:43.153765Z
M4,662,saturated,M4,true,90.000,199.366,271.498,328.865,661229.694,661670.048,661688.910,0,353212,30105600,10248192,49908,74297,2026-08-03T11:49:43.153765Z
M4,663,saturated,M4,true,95.000,200.043,275.255,295.802,662191.862,662630.892,662680.517,0,353485,30121984,10248192,49969,74496,2026-08-03T11:49:43.153765Z
M4,664,saturated,M4,true,88.000,199.973,262.067,300.801,663138.194,663588.001,663686.182,0,353836,30130176,10272768,49982,74677,2026-08-03T11:49:43.153765Z
M4,665,saturated,M4,true,94.000,194.157,302.722,349.139,664191.122,664631.648,664690.438,0,354035,30179328,10272768,49907,74862,2026-08-03T11:49:43.153765Z
M4,666,saturated,M4,true,86.000,210.944,310.656,364.384,665171.237,665629.177,665676.704,0,354404,30195712,10280960,50044,75042,2026-08-03T11:49:43.153765Z
M4,667,saturated,M4,true,82.000,214.710,350.174,433.248,666206.083,666679.761,666682.717,0,354574,30203904,10289152,49960,75208,2026-08-03T11:49:43.153765Z
M4,668,saturated,M4,true,91.000,206.985,289.853,346.707,667205.940,667624.789,667679.929,0,354800,30203904,10297344,49913,75383,2026-08-03T11:49:43.153765Z
M4,669,saturated,M4,true,92.000,199.717,271.676,309.057,668152.020,668641.558,668685.105,0,355198,30228480,10305536,49991,75572,2026-08-03T11:49:43.153765Z
M4,670,saturated,M4,true,91.000,191.021,315.768,351.966,669161.351,669640.682,669675.447,0,355379,30236672,10313728,49952,75757,2026-08-03T11:49:43.153765Z
M4,671,saturated,M4,true,95.000,199.567,281.780,356.246,670229.085,670654.802,670685.905,0,355609,30236672,10313728,49925,75944,2026-08-03T11:49:43.153765Z
M4,672,saturated,M4,true,91.000,202.721,296.415,322.457,671222.996,671650.735,671660.098,0,355855,30261248,10330112,49988,76129,2026-08-03T11:49:43.153765Z
M4,673,saturated,M4,true,93.000,198.252,303.411,353.324,672228.776,672630.674,672677.562,0,356257,30261248,10330112,49948,76316,2026-08-03T11:49:43.153765Z
M4,674,saturated,M4,true,88.000,199.996,273.701,311.542,673162.183,673626.176,673666.444,0,356534,30269440,10338304,50005,76504,2026-08-03T11:49:43.153765Z
M4,675,saturated,M4,true,92.000,190.810,260.018,334.733,674167.913,674613.406,674672.980,0,356711,30285824,10338304,49950,76695,2026-08-03T11:49:43.153765Z
M4,676,saturated,M4,true,81.000,207.918,316.835,353.989,675164.510,675593.177,675658.629,0,356973,30326784,10354688,50011,76860,2026-08-03T11:49:43.153765Z
M4,677,saturated,M4,true,81.000,228.351,359.055,407.907,676171.988,676592.183,676655.019,0,357308,30400512,10371072,49934,77019,2026-08-03T11:49:43.153765Z
M4,678,saturated,M4,true,88.000,221.514,296.128,331.059,677153.633,677653.165,677667.929,0,357558,30441472,10379264,50022,77201,2026-08-03T11:49:43.153765Z
M4,679,saturated,M4,true,88.000,208.411,288.493,325.721,678167.807,678636.040,678656.716,0,357713,30449664,10379264,49931,77377,2026-08-03T11:49:43.153765Z
M4,680,saturated,M4,true,95.000,194.064,304.219,317.036,679148.206,679624.772,679668.084,0,357999,30490624,10387456,49932,77561,2026-08-03T11:49:43.153765Z
M4,681,saturated,M4,true,94.000,192.669,251.647,328.390,680191.708,680631.100,680669.942,0,358354,30515200,10395648,49975,77742,2026-08-03T11:49:43.153765Z
M4,682,saturated,M4,true,94.000,201.530,290.588,317.921,681182.815,681640.315,681667.945,0,358655,30523392,10403840,49942,77940,2026-08-03T11:49:43.153765Z
M4,683,saturated,M4,true,84.000,197.579,303.865,319.154,682211.449,682644.981,682667.064,0,358838,30531584,10403840,49917,78115,2026-08-03T11:49:43.153765Z
M4,684,saturated,M4,true,86.000,203.433,315.831,358.926,683204.764,683611.152,683662.904,0,359252,30547968,10428416,49995,78286,2026-08-03T11:49:43.153765Z
M4,685,saturated,M4,true,84.000,204.094,261.135,309.208,684164.111,684536.714,684653.056,0,359449,30556160,10428416,49958,78477,2026-08-03T11:49:43.153765Z
M4,686,saturated,M4,true,90.000,213.722,305.242,396.862,685132.198,685643.794,685667.407,0,359660,30556160,10428416,50006,78645,2026-08-03T11:49:43.153765Z
M4,687,saturated,M4,true,88.000,213.891,304.229,464.858,686224.280,686641.797,686677.975,0,359966,30572544,10436608,49918,78816,2026-08-03T11:49:43.153765Z
M4,688,saturated,M4,true,87.000,203.018,272.498,324.460,687250.260,687615.944,687670.442,0,360159,30580736,10436608,49942,78993,2026-08-03T11:49:43.153765Z
M4,689,saturated,M4,true,91.000,198.736,291.135,322.317,688170.720,688660.204,688672.238,0,360487,30588928,10452992,49922,79177,2026-08-03T11:49:43.153765Z
M4,690,saturated,M4,true,91.000,196.854,265.266,288.795,689169.004,689620.081,689661.367,0,360669,30621696,10461184,49967,79363,2026-08-03T11:49:43.153765Z
M4,691,saturated,M4,true,88.000,202.871,268.842,304.954,690150.145,690591.149,690649.696,0,361037,30629888,10469376,49984,79549,2026-08-03T11:49:43.153765Z
M4,692,saturated,M4,true,91.000,193.407,293.834,331.102,691170.644,691546.532,691588.287,0,361212,30695424,10469376,49908,79734,2026-08-03T11:49:43.153765Z
M4,693,saturated,M4,true,94.000,202.498,282.335,360.944,692128.928,692601.499,692661.328,0,361553,30760960,10493952,49958,79921,2026-08-03T11:49:43.153765Z
M4,694,saturated,M4,true,97.000,198.108,296.198,339.232,693123.587,693634.828,693660.734,0,361892,30777344,10493952,49995,80103,2026-08-03T11:49:43.153765Z
M4,695,saturated,M4,true,80.000,208.678,288.450,350.306,694149.993,694565.123,694655.481,0,362085,30793728,10502144,49914,80287,2026-08-03T11:49:43.153765Z
M4,696,saturated,M4,true,84.000,220.298,321.754,422.734,695179.605,695627.547,695665.084,0,362266,30826496,10502144,49967,80452,2026-08-03T11:49:43.153765Z
M4,697,saturated,M4,true,83.000,220.222,299.850,443.014,696177.503,696621.344,696654.547,0,362556,30842880,10518528,49921,80615,2026-08-03T11:49:43.153765Z
M4,698,saturated,M4,true,90.000,201.720,291.545,332.572,697148.369,697604.950,697666.959,0,362923,30851072,10518528,49981,80798,2026-08-03T11:49:43.153765Z
M4,699,saturated,M4,true,94.000,194.858,278.667,347.384,698205.804,698619.359,698650.488,0,363106,30859264,10526720,49909,80979,2026-08-03T11:49:43.153765Z
M4,700,saturated,M4,true,85.000,211.770,266.271,327.187,699150.394,699634.874,699647.111,0,363450,30883840,10526720,49977,81161,2026-08-03T11:49:43.153765Z
M4,701,saturated,M4,true,86.000,208.814,287.476,331.584,700124.522,700601.867,700650.013,0,363713,30883840,10551296,49982,81334,2026-08-03T11:49:43.153765Z
M4,702,saturated,M4,true,88.000,205.186,310.546,383.767,701194.036,701593.020,701642.407,0,363880,30892032,10559488,49916,81509,2026-08-03T11:49:43.153765Z
M4,703,saturated,M4,true,90.000,207.464,297.904,430.265,702151.628,702635.316,702649.741,0,364293,30908416,10567680,49971,81689,2026-08-03T11:49:43.153765Z
M4,704,saturated,M4,true,81.000,216.499,307.169,381.682,703143.713,703587.894,703620.799,0,364505,30916608,10567680,49982,81866,2026-08-03T11:49:43.153765Z
M4,705,saturated,M4,true,87.000,213.096,280.773,303.939,704206.598,704584.245,704655.766,0,364757,30924800,10575872,49920,82051,2026-08-03T11:49:43.153765Z
M4,706,saturated,M4,true,75.000,224.083,363.730,424.669,705183.314,705557.478,705628.100,0,365075,30949376,10584064,49976,82196,2026-08-03T11:49:43.153765Z
M4,707,saturated,M4,true,82.000,226.942,375.412,560.352,706163.898,706626.083,706651.481,0,365215,30982144,10592256,49992,82351,2026-08-03T11:49:43.153765Z
M4,708,saturated,M4,true,87.000,215.980,303.870,347.360,707164.006,707614.441,707662.660,0,365419,31047680,10592256,49956,82526,2026-08-03T11:49:43.153765Z
M4,709,saturated,M4,true,83.000,208.618,310.055,360.896,708136.001,708559.180,708655.770,0,365710,31072256,10592256,49914,82712,2026-08-03T11:49:43.153765Z
M4,710,saturated,M4,true,84.000,215.794,301.534,432.840,709179.517,709529.951,709622.856,0,366006,31113216,10616832,49961,82881,2026-08-03T11:49:43.153765Z
M4,711,saturated,M4,true,90.000,219.656,300.952,351.928,710130.582,710638.368,710652.087,0,366251,31121408,10616832,49993,83044,2026-08-03T11:49:43.153765Z
M4,712,saturated,M4,true,85.000,206.676,280.278,391.159,711167.048,711607.633,711625.027,0,366472,31137792,10625024,49915,83212,2026-08-03T11:49:43.153765Z
M4,713,saturated,M4,true,81.000,206.311,293.110,329.080,712174.529,712516.747,712583.464,0,366832,31170560,10633216,49964,83405,2026-08-03T11:49:43.153765Z
M4,714,saturated,M4,true,89.000,208.749,288.232,363.994,713120.283,713591.255,713651.973,0,367003,31178752,10641408,49990,83570,2026-08-03T11:49:43.153765Z
M4,715,saturated,M4,true,87.000,211.571,290.248,319.179,714126.275,714620.467,714642.552,0,367221,31186944,10649600,49914,83746,2026-08-03T11:49:43.153765Z
M4,716,saturated,M4,true,73.000,241.418,399.371,537.789,715239.503,715612.341,715621.330,0,367541,31203328,10657792,49978,83897,2026-08-03T11:49:43.153765Z
M4,717,saturated,M4,true,86.000,206.916,315.695,350.918,716155.448,716628.412,716643.451,0,367694,31203328,10657792,49990,84065,2026-08-03T11:49:43.153765Z
M4,718,saturated,M4,true,85.000,214.335,307.398,337.321,717147.617,717622.042,717653.787,0,367953,31211520,10665984,49915,84240,2026-08-03T11:49:43.153765Z
M4,719,saturated,M4,true,90.000,220.912,277.279,314.997,718174.842,718633.811,718650.105,0,368342,31227904,10682368,49965,84407,2026-08-03T11:49:43.153765Z
M4,720,saturated,M4,true,83.000,203.715,319.803,376.472,719219.756,719623.130,719654.107,0,368572,31236096,10690560,49994,84591,2026-08-03T11:49:43.153765Z
M4,721,saturated,M4,true,83.000,212.087,290.277,365.194,720198.850,720542.585,720566.983,0,367435,31244288,10690560,49966,84774,2026-08-03T11:53:43.274831Z
M4,722,saturated,M4,true,65.000,211.581,357.197,424.748,721126.632,721408.715,721625.232,0,367514,31244288,10690560,49918,84836,2026-08-03T11:53:43.274831Z
M4,723,saturated,M4,true,86.000,236.222,378.991,464.342,722189.870,722544.023,722611.286,0,367954,31268864,10706944,50006,85078,2026-08-03T11:53:43.274831Z
M4,724,saturated,M4,true,83.000,213.810,291.125,322.392,723130.536,723537.649,723651.633,0,368110,31268864,10706944,49958,85242,2026-08-03T11:53:43.274831Z
M4,725,saturated,M4,true,83.000,228.198,306.634,376.253,724148.741,724627.844,724641.476,0,368328,31285248,10715136,49917,85396,2026-08-03T11:53:43.274831Z
M4,726,saturated,M4,true,73.000,222.803,385.274,459.249,725180.157,725586.324,725649.885,0,368674,31301632,10715136,50005,85559,2026-08-03T11:53:43.274831Z
M4,727,saturated,M4,true,58.000,268.841,584.560,657.157,726242.465,726605.702,726611.584,0,368829,31301632,10715136,49989,85673,2026-08-03T11:53:43.274831Z
M4,728,saturated,M4,true,61.000,276.645,459.370,622.667,727133.072,727622.004,727647.542,0,368973,31301632,10739712,49935,85797,2026-08-03T11:53:43.274831Z
M4,729,saturated,M4,true,58.000,264.666,539.198,729.389,727974.657,728641.709,728646.188,0,369241,31318016,10747904,49986,85909,2026-08-03T11:53:43.274831Z
M4,730,saturated,M4,true,74.000,241.004,428.199,729.830,729205.285,729635.543,729644.072,0,369367,31318016,10756096,49985,86058,2026-08-03T11:53:43.274831Z
M4,731,saturated,M4,true,77.000,228.031,343.326,393.633,730202.620,730635.458,730645.157,0,369513,31326208,10756096,49926,86214,2026-08-03T11:53:43.274831Z
M4,732,saturated,M4,true,82.000,221.748,295.136,318.497,731198.879,731582.460,731646.548,0,369796,31342592,10764288,49965,86386,2026-08-03T11:53:43.274831Z
M4,733,saturated,M4,true,87.000,210.128,326.290,378.587,732188.229,732601.770,732633.700,0,370080,31350784,10772480,49983,86564,2026-08-03T11:53:43.274831Z
M4,734,saturated,M4,true,90.000,202.247,285.713,308.696,733151.744,733584.762,733646.732,0,370331,31358976,10772480,49918,86744,2026-08-03T11:53:43.274831Z
M4,735,saturated,M4,true,88.000,205.992,301.376,387.871,734137.837,734627.440,734641.463,0,370581,31367168,10780672,49944,86921,2026-08-03T11:53:43.274831Z
M4,736,saturated,M4,true,82.000,210.120,359.338,409.755,735220.320,735629.912,735631.267,0,370832,31375360,10780672,49931,87081,2026-08-03T11:53:43.274831Z
M4,737,saturated,M4,true,78.000,220.591,326.601,387.266,736153.312,736608.693,736646.835,0,371002,31391744,10797056,50030,87245,2026-08-03T11:53:43.274831Z
M4,738,saturated,M4,true,80.000,216.065,341.906,506.124,737141.081,737600.773,737635.774,0,371342,31391744,10805248,49958,87409,2026-08-03T11:53:43.274831Z
M4,739,saturated,M4,true,83.000,230.038,315.746,334.905,738144.677,738625.938,738649.024,0,371491,31571968,10813440,49918,87579,2026-08-03T11:53:43.274831Z
M4,740,saturated,M4,true,87.000,214.291,303.614,401.400,739137.901,739601.161,739627.601,0,371887,31588352,10813440,50000,87753,2026-08-03T11:53:43.274831Z
M4,741,saturated,M4,true,85.000,220.066,296.358,380.336,740199.971,740600.836,740641.130,0,372097,31588352,10821632,49954,87924,2026-08-03T11:53:43.274831Z
M4,742,saturated,M4,true,86.000,218.482,287.663,343.302,741143.553,741642.094,741642.987,0,372391,31604736,10838016,49922,88091,2026-08-03T11:53:43.274831Z
M4,743,saturated,M4,true,85.000,207.751,322.243,343.772,742144.786,742609.458,742637.566,0,372571,31612928,10846208,49993,88270,2026-08-03T11:53:43.274831Z
M4,744,saturated,M4,true,90.000,205.204,265.089,290.309,743143.992,743625.957,743626.095,0,372814,31621120,10846208,49911,88449,2026-08-03T11:53:43.274831Z
M4,745,saturated,M4,true,82.000,226.329,346.896,408.794,744156.167,744584.752,744646.817,0,373142,31637504,10854400,49963,88620,2026-08-03T11:53:43.274831Z
M4,746,saturated,M4,true,72.000,211.728,384.873,433.740,745151.983,745604.221,745631.557,0,373311,31645696,10862592,50013,88768,2026-08-03T11:53:43.274831Z
M4,747,saturated,M4,true,82.000,226.021,332.036,410.905,746176.784,746621.548,746638.412,0,373585,31645696,10870784,49956,88935,2026-08-03T11:53:43.274831Z
M4,748,saturated,M4,true,82.000,215.983,321.774,412.312,747136.750,747564.332,747627.898,0,373902,31662080,10878976,50001,89101,2026-08-03T11:53:43.274831Z
M4,749,saturated,M4,true,88.000,217.810,318.088,377.130,748204.240,748555.921,748636.126,0,374093,31670272,10878976,49911,89273,2026-08-03T11:53:43.274831Z
M4,750,saturated,M4,true,77.000,225.345,341.785,392.840,749140.230,749557.295,749594.390,0,374440,31686656,10895360,49965,89434,2026-08-03T11:53:43.274831Z
M4,751,saturated,M4,true,87.000,217.565,327.112,363.857,750183.292,750572.174,750625.837,0,374601,31694848,10895360,49999,89606,2026-08-03T11:53:43.274831Z
M4,752,saturated,M4,true,81.000,227.212,290.074,332.206,751148.791,751626.297,751638.210,0,374807,31694848,10903552,49919,89775,2026-08-03T11:53:43.274831Z
M4,753,saturated,M4,true,83.000,224.036,283.508,324.183,752123.741,752568.838,752625.763,0,375011,31703040,10903552,49956,89864,2026-08-03T11:53:43.274831Z
M4,754,saturated,M4,true,83.000,223.428,369.808,472.990,753150.969,753632.603,753633.435,0,375299,31727616,10903552,50003,90021,2026-08-03T11:53:43.274831Z
M4,755,saturated,M4,true,87.000,221.988,278.926,335.474,754176.739,754614.632,754636.544,0,375459,31817728,10911744,49916,90200,2026-08-03T11:53:43.274831Z
M4,756,saturated,M4,true,75.000,213.116,373.493,460.251,755152.857,755562.840,755622.974,0,375638,31891456,10928128,49966,90359,2026-08-03T11:53:43.274831Z
M4,757,saturated,M4,true,81.000,229.208,344.459,353.956,756142.884,756633.027,756640.427,0,375937,31899648,10944512,49916,90523,2026-08-03T11:53:43.274831Z
M4,758,saturated,M4,true,83.000,214.352,305.995,333.194,757140.617,757602.295,757623.659,0,376293,31924224,10944512,49999,90687,2026-08-03T11:53:43.274831Z
M4,759,saturated,M4,true,88.000,209.882,309.308,347.255,758095.485,758550.251,758627.323,0,376516,31924224,10952704,49957,90862,2026-08-03T11:53:43.274831Z
M4,760,saturated,M4,true,88.000,202.814,285.476,316.168,759127.729,759584.383,759623.278,0,376747,31932416,10960896,49916,91041,2026-08-03T11:53:43.274831Z
M4,761,saturated,M4,true,85.000,221.692,283.749,298.009,760119.907,760545.876,760572.012,0,376893,31948800,10960896,49993,91208,2026-08-03T11:54:23.038680Z
M4,762,saturated,M4,true,81.000,218.093,315.552,367.766,761115.505,761583.732,761628.014,0,377287,31956992,10969088,49974,91389,2026-08-03T11:54:23.038680Z
M4,763,saturated,M4,true,87.000,221.511,296.168,371.450,762148.358,762605.771,762623.266,0,377451,31965184,10969088,49983,91556,2026-08-03T11:54:23.038680Z
M4,764,saturated,M4,true,81.000,213.871,326.101,410.970,763144.806,763548.742,763620.231,0,377714,31973376,10985472,49918,91723,2026-08-03T11:54:23.038680Z
M4,765,saturated,M4,true,85.000,223.179,287.105,355.606,764143.613,764574.479,764631.414,0,378029,31989760,10993664,49970,91892,2026-08-03T11:54:23.038680Z
M4,766,saturated,M4,true,68.000,236.884,319.006,364.825,765141.234,765501.315,765617.556,0,378217,31989760,11001856,49931,92046,2026-08-03T11:54:23.038680Z
M4,767,saturated,M4,true,85.000,227.539,339.639,362.635,766139.891,766575.738,766633.759,0,378520,32006144,11001856,49989,92203,2026-08-03T11:54:23.038680Z
M4,768,saturated,M4,true,81.000,231.241,318.629,357.977,767127.543,767596.351,767632.246,0,378727,32014336,11018240,49955,92363,2026-08-03T11:54:23.038680Z
M4,769,saturated,M4,true,80.000,223.748,301.488,358.758,768144.295,768481.330,768606.390,0,378948,32022528,11018240,49922,92546,2026-08-03T11:54:23.038680Z
M4,770,saturated,M4,true,90.000,221.796,320.259,373.289,769148.539,769547.310,769618.571,0,379281,32038912,11034624,49994,92706,2026-08-03T11:54:23.038680Z
M4,771,saturated,M4,true,85.000,222.969,312.815,353.119,770212.094,770605.075,770633.538,0,379444,32088064,11034624,49955,92872,2026-08-03T11:54:23.038680Z
M4,772,saturated,M4,true,81.000,224.537,295.926,343.176,771178.127,771584.885,771622.317,0,379662,32178176,11034624,49925,93044,2026-08-03T11:54:23.038680Z
M4,773,saturated,M4,true,79.000,212.164,316.656,320.955,772107.453,772599.560,772630.236,0,379963,32235520,11051008,49995,93216,2026-08-03T11:54:23.038680Z
M4,774,saturated,M4,true,89.000,214.857,280.083,332.795,773153.070,773558.456,773610.053,0,380200,32235520,11059200,49958,93386,2026-08-03T11:54:23.038680Z
M4,775,saturated,M4,true,87.000,211.701,292.924,335.566,774110.132,774578.693,774633.634,0,380397,32243712,11067392,49996,93556,2026-08-03T11:54:23.038680Z
M4,776,saturated,M4,true,68.000,239.988,416.428,476.126,775182.018,775575.336,775628.345,0,380696,32251904,11067392,49927,93714,2026-08-03T11:54:23.038680Z
M4,777,saturated,M4,true,82.000,233.004,347.517,377.962,776145.919,776606.549,776631.047,0,380893,32268288,11083776,49966,93879,2026-08-03T11:54:23.038680Z
M4,778,saturated,M4,true,82.000,219.215,306.357,339.550,777086.451,777499.889,777626.919,0,381199,32276480,11083776,49985,94045,2026-08-03T11:54:23.038680Z
M4,779,saturated,M4,true,84.000,222.513,296.438,333.739,778097.221,778611.088,778619.288,0,381419,32284672,11091968,49970,94214,2026-08-03T11:54:23.038680Z
M4,780,saturated,M4,true,81.000,217.422,345.633,432.198,779133.927,779568.483,779606.028,0,381684,32292864,11091968,49923,94385,2026-08-03T11:54:23.038680Z
M4,781,saturated,M4,true,57.000,294.485,527.192,543.617,780182.987,780601.524,780619.756,0,381985,32309248,11100160,50048,94507,2026-08-03T11:54:23.038680Z
M4,782,saturated,M4,true,76.000,227.846,352.997,439.049,781091.173,781458.235,781587.544,0,382094,32309248,11108352,49972,94664,2026-08-03T11:54:23.038680Z
M4,783,saturated,M4,true,84.000,231.408,326.227,405.075,782130.351,782608.728,782626.824,0,382309,32317440,11116544,49922,94813,2026-08-03T11:54:23.038680Z
M4,784,saturated,M4,true,79.000,219.223,310.802,396.412,783101.981,783549.787,783582.173,0,382608,32333824,11132928,49984,94980,2026-08-03T11:54:23.038680Z
M4,785,saturated,M4,true,78.000,237.432,333.132,366.700,784065.665,784575.270,784612.061,0,382856,32342016,11132928,49974,95130,2026-08-03T11:54:23.038680Z
M4,786,saturated,M4,true,72.000,232.813,348.254,422.807,785162.503,785582.292,785621.614,0,383022,32342016,11132928,49930,95285,2026-08-03T11:54:23.038680Z
M4,787,saturated,M4,true,82.000,217.884,350.517,420.734,786160.544,786597.354,786621.019,0,383219,32358400,11149312,49962,95443,2026-08-03T11:54:23.038680Z
M4,788,saturated,M4,true,80.000,223.413,292.359,332.217,787090.913,787608.027,787613.236,0,383521,32415744,11149312,49989,95603,2026-08-03T11:54:23.038680Z
M4,789,saturated,M4,true,79.000,227.422,303.216,342.519,788138.279,788522.544,788553.603,0,383738,32514048,11157504,49931,95778,2026-08-03T11:54:23.038680Z
M4,790,saturated,M4,true,74.000,223.023,302.897,335.509,789105.201,789534.498,789610.478,0,383957,32546816,11157504,49965,95924,2026-08-03T11:54:23.038680Z
M4,791,saturated,M4,true,81.000,218.194,298.634,327.907,790069.600,790570.072,790607.897,0,384288,32563200,11173888,49983,96087,2026-08-03T11:54:23.038680Z
M4,792,saturated,M4,true,90.000,225.789,299.090,353.027,791130.080,791590.820,791613.152,0,384467,32563200,11182080,49980,96260,2026-08-03T11:54:23.038680Z
M4,793,saturated,M4,true,80.000,227.468,317.437,396.617,792171.385,792574.580,792591.759,0,384697,32571392,11190272,49921,96416,2026-08-03T11:54:23.038680Z
M4,794,saturated,M4,true,76.000,226.843,317.995,337.636,793071.284,793558.485,793609.576,0,384997,32587776,11190272,50038,96584,2026-08-03T11:54:23.038680Z
M4,795,saturated,M4,true,86.000,221.430,306.229,321.988,794123.041,794526.573,794623.559,0,385159,32595968,11190272,49954,96759,2026-08-03T11:54:23.038680Z
M4,796,saturated,M4,true,76.000,236.084,382.091,420.184,795136.309,795571.195,795617.407,0,385399,32604160,11206656,50014,96918,2026-08-03T11:54:23.038680Z
M4,797,saturated,M4,true,76.000,217.624,406.902,469.317,796152.184,796549.614,796615.754,0,385545,32612352,11206656,49958,97067,2026-08-03T11:54:23.038680Z
M4,798,saturated,M4,true,76.000,229.139,326.367,345.861,797096.633,797477.888,797601.053,0,385835,32620544,11223040,49916,97233,2026-08-03T11:54:23.038680Z
M4,799,saturated,M4,true,81.000,231.584,276.457,300.107,798133.920,798432.663,798594.696,0,386138,32636928,11223040,49997,97396,2026-08-03T11:54:23.038680Z
M4,800,saturated,M4,true,85.000,228.355,324.041,393.972,799094.632,799528.834,799615.511,0,386457,32645120,11247616,49968,97559,2026-08-03T11:54:23.038680Z
M4,801,saturated,M4,true,85.000,223.974,324.126,357.033,800102.195,800563.465,800605.418,0,386660,32645120,11247616,49920,97734,2026-08-03T11:54:23.038680Z
M4,802,saturated,M4,true,82.000,214.291,302.849,365.858,801113.855,801574.198,801619.328,0,386971,32669696,11255808,50037,97894,2026-08-03T11:54:23.038680Z
M4,803,saturated,M4,true,78.000,223.945,340.659,380.781,802112.394,802470.090,802582.842,0,387148,32669696,11255808,49952,98062,2026-08-03T11:54:23.038680Z
M4,804,saturated,M4,true,90.000,220.770,290.308,311.338,803100.434,803540.045,803587.381,0,387377,32677888,11255808,49927,98237,2026-08-03T11:54:23.038680Z
M4,805,saturated,M4,true,80.000,236.550,281.011,315.113,804110.034,804615.661,804615.850,0,387650,32776192,11272192,50000,98396,2026-08-03T11:54:23.038680Z
M4,806,saturated,M4,true,74.000,235.326,386.235,455.004,805215.253,805571.142,805614.794,0,387786,32833536,11272192,49958,98545,2026-08-03T11:54:23.038680Z
M4,807,saturated,M4,true,72.000,222.635,330.475,386.865,806131.202,806559.724,806612.648,0,388036,32858112,11280384,50004,98709,2026-08-03T11:54:23.038680Z
M4,808,saturated,M4,true,72.000,233.988,509.263,572.685,807174.604,807560.508,807618.500,0,388335,32874496,11280384,49938,98841,2026-08-03T11:54:23.038680Z
M4,809,saturated,M4,true,74.000,231.795,322.518,387.009,808097.515,808512.287,808581.422,0,388500,32890880,11296768,49935,99001,2026-08-03T11:54:23.038680Z
M4,810,saturated,M4,true,76.000,227.239,338.931,430.523,809119.229,809472.310,809590.765,0,388775,32899072,11304960,49942,99155,2026-08-03T11:54:23.038680Z
M4,811,saturated,M4,true,81.000,232.162,323.820,354.589,810124.405,810494.950,810589.661,0,389031,32907264,11304960,49921,99316,2026-08-03T11:54:23.038680Z
M4,812,saturated,M4,true,76.000,237.860,355.572,393.458,811119.771,811507.958,811613.479,0,389200,32915456,11321344,49985,99473,2026-08-03T11:54:23.038680Z
M4,813,saturated,M4,true,86.000,224.212,331.447,355.266,812091.240,812574.550,812611.099,0,389450,32923648,11321344,49937,99641,2026-08-03T11:54:23.038680Z
M4,814,saturated,M4,true,81.000,232.138,305.074,357.383,813103.951,813577.329,813607.648,0,389747,32940032,11337728,50019,99802,2026-08-03T11:54:23.038680Z
M4,815,saturated,M4,true,76.000,233.556,333.126,364.982,814082.198,814559.471,814594.193,0,389959,32940032,11337728,49937,99961,2026-08-03T11:54:23.038680Z
M4,816,saturated,M4,true,75.000,231.409,365.048,395.852,815125.730,815529.356,815594.203,0,390150,32956416,11345920,49943,100109,2026-08-03T11:54:23.038680Z
M4,817,saturated,M4,true,77.000,248.201,348.195,398.999,816121.185,816551.249,816612.344,0,390452,32972800,11345920,50022,100268,2026-08-03T11:54:23.038680Z
M4,818,saturated,M4,true,78.000,224.228,286.084,318.612,817142.606,817466.194,817591.606,0,390604,32972800,11345920,49935,100430,2026-08-03T11:54:23.038680Z
M4,819,saturated,M4,true,80.000,227.651,353.732,435.094,818135.938,818521.624,818596.978,0,390840,32980992,11370496,49963,100595,2026-08-03T11:54:23.038680Z
M4,820,saturated,M4,true,80.000,221.249,349.683,402.189,819054.573,819557.662,819579.889,0,391157,32989184,11370496,49923,100760,2026-08-03T11:54:23.038680Z
M4,821,saturated,M4,true,74.000,242.172,390.645,464.834,820125.966,820561.826,820603.368,0,392838,33062912,11378688,50039,100912,2026-08-03T11:54:23.038680Z
M4,822,saturated,M4,true,80.000,216.307,304.012,363.943,821123.826,821457.582,821517.008,0,392957,33144832,11378688,49959,101075,2026-08-03T11:54:23.038680Z
M4,823,saturated,M4,true,83.000,241.194,326.044,376.012,822096.389,822562.624,822592.042,0,393158,33144832,11386880,49931,101228,2026-08-03T11:54:23.038680Z
M4,824,saturated,M4,true,75.000,246.314,384.952,394.960,823113.444,823540.856,823593.689,0,393427,33161216,11395072,49989,101385,2026-08-03T11:54:23.038680Z
M4,825,saturated,M4,true,84.000,229.180,286.881,328.462,824109.806,824567.357,824602.184,0,393676,33161216,11395072,49925,101553,2026-08-03T11:54:23.038680Z
M4,826,saturated,M4,true,79.000,227.340,374.098,422.828,825183.724,825575.223,825603.581,0,393985,33177600,11411456,50000,101713,2026-08-03T11:54:23.038680Z
M4,827,saturated,M4,true,72.000,235.388,329.911,377.997,826118.365,826537.597,826606.362,0,394163,33234944,11411456,49991,101869,2026-08-03T11:54:23.038680Z
M4,828,saturated,M4,true,86.000,220.569,320.073,383.211,827110.994,827567.071,827600.923,0,394323,33243136,11427840,49917,102035,2026-08-03T11:54:23.038680Z
M4,829,saturated,M4,true,86.000,219.521,308.462,323.779,828108.824,828576.877,828607.496,0,394592,33259520,11436032,49961,102205,2026-08-03T11:54:23.038680Z
M4,830,saturated,M4,true,80.000,207.550,279.298,334.219,829145.691,829504.567,829594.387,0,394984,33267712,11444224,50036,102383,2026-08-03T11:54:23.038680Z
M4,831,saturated,M4,true,82.000,224.648,303.793,351.324,830054.951,830504.614,830612.325,0,395156,33267712,11444224,49917,102545,2026-08-03T11:54:23.038680Z
M4,832,saturated,M4,true,91.000,212.999,321.213,358.744,831067.983,831590.725,831605.634,0,395329,33284096,11460608,49968,102720,2026-08-03T11:54:23.038680Z
M4,833,saturated,M4,true,86.000,212.686,270.561,322.870,832105.157,832546.936,832605.994,0,395693,33300480,11460608,50002,102889,2026-08-03T11:54:23.038680Z
M4,834,saturated,M4,true,78.000,230.367,333.243,344.780,833103.824,833523.720,833565.256,0,395905,33300480,11460608,49918,103061,2026-08-03T11:54:23.038680Z
M4,835,saturated,M4,true,80.000,225.937,315.501,387.415,834087.464,834477.545,834601.725,0,396224,33316864,11468800,49976,103231,2026-08-03T11:54:23.038680Z
M4,836,saturated,M4,true,82.000,226.041,336.438,387.903,835153.563,835550.452,835596.279,0,396400,33316864,11468800,49935,103381,2026-08-03T11:54:23.038680Z
M4,837,saturated,M4,true,77.000,226.755,400.966,476.760,836137.662,836574.783,836604.503,0,396573,33333248,11485184,49928,103542,2026-08-03T11:54:23.038680Z
M4,838,saturated,M4,true,77.000,241.577,350.147,396.487,837084.331,837583.654,837607.507,0,396870,33423360,11493376,50007,103700,2026-08-03T11:54:23.038680Z
M4,839,saturated,M4,true,79.000,244.409,324.510,374.468,838132.685,838557.512,838600.880,0,397067,33464320,11501568,49917,103854,2026-08-03T11:54:23.038680Z
M4,840,saturated,M4,true,79.000,228.483,304.442,315.592,839109.725,839609.291,839612.613,0,397387,33472512,11509760,49967,104025,2026-08-03T11:54:23.038680Z
M4,841,saturated,M4,true,78.000,217.046,304.289,341.357,840065.207,840479.518,840554.674,0,397541,33488896,11526144,50031,104192,2026-08-03T11:54:23.038680Z
M4,842,saturated,M4,true,87.000,217.915,337.628,371.064,841093.731,841528.191,841599.329,0,397823,33488896,11526144,49947,104360,2026-08-03T11:54:23.038680Z
M4,843,saturated,M4,true,89.000,221.869,279.595,289.592,842092.759,842571.180,842613.517,0,398130,33521664,11526144,49922,104525,2026-08-03T11:54:23.038680Z
M4,844,saturated,M4,true,81.000,205.596,319.868,381.367,843062.846,843556.861,843609.264,0,398418,33562624,11534336,49997,104701,2026-08-03T11:54:23.038680Z
M4,845,saturated,M4,true,73.000,251.147,336.066,379.434,844158.817,844535.222,844588.961,0,398606,33570816,11534336,49961,104849,2026-08-03T11:54:23.038680Z
M4,846,saturated,M4,true,72.000,222.853,379.163,415.975,845127.845,845541.764,845604.622,0,398850,33579008,11550720,49924,105002,2026-08-03T11:54:23.038680Z
M4,847,saturated,M4,true,80.000,218.772,380.082,414.547,846114.837,846559.949,846601.775,0,399008,33587200,11558912,50003,105152,2026-08-03T11:54:23.038680Z
M4,848,saturated,M4,true,79.000,225.798,357.874,399.444,847130.188,847554.654,847598.597,0,399239,33595392,11567104,49927,105320,2026-08-03T11:54:23.038680Z
M4,849,saturated,M4,true,79.000,223.988,351.247,382.861,848077.355,848541.637,848609.187,0,399390,33611776,11567104,50031,105478,2026-08-03T11:54:23.038680Z
M4,850,saturated,M4,true,89.000,227.502,310.463,370.198,849115.358,849561.517,849583.446,0,399755,33611776,11567104,49949,105649,2026-08-03T11:54:23.038680Z
M4,851,saturated,M4,true,85.000,220.906,327.812,362.785,850114.082,850576.249,850608.006,0,399926,33628160,11583488,49922,105813,2026-08-03T11:54:23.038680Z
M4,852,saturated,M4,true,81.000,228.506,283.157,322.993,851103.865,851583.923,851609.285,0,400257,33644544,11583488,50037,105982,2026-08-03T11:54:23.038680Z
M4,853,saturated,M4,true,76.000,214.989,319.422,350.624,852120.855,852478.267,852576.184,0,400515,33644544,11591680,49958,106158,2026-08-03T11:54:23.038680Z
M4,854,saturated,M4,true,88.000,224.645,311.401,391.580,853096.997,853553.370,853580.168,0,400752,33669120,11591680,49921,106323,2026-08-03T11:54:23.038680Z
M4,855,saturated,M4,true,79.000,216.956,307.195,342.176,854139.437,854487.904,854577.111,0,401088,33759232,11616256,49955,106494,2026-08-03T11:54:23.038680Z
M4,856,saturated,M4,true,81.000,234.921,344.277,492.703,855118.334,855557.152,855574.008,0,401248,33792000,11624448,50007,106647,2026-08-03T11:54:23.038680Z
M4,857,saturated,M4,true,79.000,220.011,381.358,436.890,856152.206,856539.285,856571.945,0,401440,33800192,11632640,49929,106808,2026-08-03T11:54:23.038680Z
M4,858,saturated,M4,true,75.000,228.632,372.955,407.792,857143.253,857530.395,857568.723,0,401705,33808384,11632640,49956,106966,2026-08-03T11:54:23.038680Z
M4,859,saturated,M4,true,82.000,241.405,324.983,395.261,858083.398,858594.820,858609.464,0,402004,33824768,11632640,49926,107118,2026-08-03T11:54:23.038680Z
M4,860,saturated,M4,true,73.000,240.378,362.702,423.517,859083.170,859566.393,859606.116,0,402158,33849344,11649024,49997,107278,2026-08-03T11:54:23.038680Z
M4,861,saturated,M4,true,78.000,247.192,346.701,368.851,860164.861,860580.845,860599.508,0,402416,33873920,11649024,49966,107428,2026-08-03T11:54:23.038680Z
M4,862,saturated,M4,true,79.000,227.465,354.809,398.801,861095.021,861580.433,861602.568,0,402600,33890304,11657216,49917,107588,2026-08-03T11:54:23.038680Z
M4,863,saturated,M4,true,83.000,233.042,322.994,363.042,862130.012,862569.486,862584.766,0,402899,33906688,11657216,49965,107759,2026-08-03T11:54:23.038680Z
M4,864,saturated,M4,true,75.000,235.431,296.106,353.936,863117.882,863569.724,863603.704,0,403171,33914880,11673600,49999,107913,2026-08-03T11:54:23.038680Z
M4,865,saturated,M4,true,85.000,229.919,317.804,341.490,864095.824,864582.091,864596.310,0,403327,33914880,11673600,49957,108078,2026-08-03T11:54:23.038680Z
M4,866,saturated,M4,true,75.000,224.316,366.366,383.499,865110.477,865520.372,865547.846,0,403527,33931264,11689984,49915,108247,2026-08-03T11:54:23.038680Z
M4,867,saturated,M4,true,75.000,252.377,358.132,418.587,866132.146,866555.523,866601.244,0,403898,33947648,11689984,50013,108391,2026-08-03T11:54:23.038680Z
M4,868,saturated,M4,true,75.000,237.646,340.199,348.884,867094.889,867514.598,867578.952,0,404036,33947648,11689984,49970,108548,2026-08-03T11:54:23.038680Z
M4,869,saturated,M4,true,83.000,232.849,320.096,381.486,868087.004,868572.333,868596.198,0,404229,33955840,11714560,49920,108702,2026-08-03T11:54:23.038680Z
M4,870,saturated,M4,true,71.000,244.272,360.517,387.767,869159.241,869542.607,869544.283,0,404408,33980416,11714560,49996,108860,2026-08-03T11:54:23.038680Z
M4,871,saturated,M4,true,83.000,249.043,329.871,382.512,870105.777,870585.322,870607.497,0,404701,34004992,11722752,49923,109016,2026-08-03T11:54:23.038680Z
M4,872,saturated,M4,true,73.000,238.516,351.058,384.731,871185.857,871584.790,871596.001,0,404995,34045952,11722752,49967,109165,2026-08-03T11:54:23.038680Z
M4,873,saturated,M4,true,77.000,232.212,298.805,322.500,872143.414,872502.778,872572.153,0,405255,34078720,11722752,49998,109330,2026-08-03T11:54:23.038680Z
M4,874,saturated,M4,true,84.000,226.331,294.346,377.919,873079.856,873583.786,873594.557,0,405416,34078720,11739136,49916,109490,2026-08-03T11:54:23.038680Z
M4,875,saturated,M4,true,74.000,229.958,299.582,326.743,874112.416,874438.501,874591.506,0,405713,34095104,11739136,49958,109651,2026-08-03T11:54:23.038680Z
M4,876,saturated,M4,true,70.000,268.702,405.746,470.312,875177.702,875563.737,875580.986,0,405976,34103296,11755520,50006,109793,2026-08-03T11:54:23.038680Z
M4,877,saturated,M4,true,71.000,243.005,413.491,429.938,876063.500,876509.878,876552.633,0,406133,34160640,11755520,49935,109936,2026-08-03T11:54:23.038680Z
M4,878,saturated,M4,true,79.000,239.384,353.007,433.216,877061.738,877549.617,877595.008,0,406299,34193408,11771904,50025,110101,2026-08-03T11:54:23.038680Z
M4,879,saturated,M4,true,82.000,226.287,320.715,350.580,878099.872,878554.872,878595.529,0,406591,34209792,11771904,49945,110262,2026-08-03T11:54:23.038680Z
M4,880,saturated,M4,true,106.000,159.268,279.818,295.444,879105.786,879509.871,879549.085,0,406666,34217984,11771904,49916,110372,2026-08-03T11:54:23.038680Z
M4,881,saturated,M4,true,107.000,159.414,280.273,378.999,880098.431,880561.698,880567.306,0,407034,34242560,11780096,49980,110588,2026-08-03T11:54:23.038680Z
M4,882,saturated,M4,true,108.000,155.529,272.009,328.598,881110.495,881565.784,881587.863,0,407409,34250752,11780096,49942,110805,2026-08-03T11:54:23.038680Z
M4,883,saturated,M4,true,109.000,162.011,267.473,361.554,882097.917,882584.263,882589.871,0,407904,34275328,11804672,49920,111129,2026-08-03T11:54:23.038680Z
M4,884,saturated,M4,true,105.000,172.168,274.694,302.688,883108.734,883573.530,883585.479,0,408045,34283520,11821056,49983,111236,2026-08-03T11:54:23.038680Z
M4,885,saturated,M4,true,100.000,167.908,276.555,301.238,884086.072,884514.189,884554.882,0,408290,34283520,11821056,49944,111445,2026-08-03T11:54:23.038680Z
M4,886,saturated,M4,true,106.000,172.250,309.810,345.193,885106.441,885565.110,885590.006,0,408646,34316288,11829248,49903,111652,2026-08-03T11:54:23.038680Z
M4,887,saturated,M4,true,110.000,157.123,279.056,357.756,886106.893,886566.507,886591.045,0,409062,34349056,11837440,49999,111873,2026-08-03T11:54:23.038680Z
M4,888,saturated,M4,true,104.000,167.155,264.289,279.157,887096.849,887583.416,887584.203,0,409334,34390016,11845632,49937,112087,2026-08-03T11:54:23.038680Z
M4,889,saturated,M4,true,105.000,162.119,218.285,251.466,888080.403,888492.383,888563.418,0,409612,34406400,11845632,49904,112302,2026-08-03T11:54:23.038680Z
M4,890,saturated,M4,true,107.000,165.755,251.628,272.471,889081.067,889506.245,889571.521,0,409997,34463744,11862016,49994,112521,2026-08-03T11:54:23.038680Z
M4,891,saturated,M4,true,111.000,171.314,248.878,335.134,890085.643,890556.660,890569.919,0,410274,34488320,11878400,49945,112736,2026-08-03T11:54:23.038680Z
M4,892,saturated,M4,true,105.000,152.454,254.256,324.075,891108.639,891521.740,891585.403,0,410488,34529280,11878400,49944,112952,2026-08-03T11:54:23.038680Z
M4,893,saturated,M4,true,110.000,154.596,305.569,418.901,892071.030,892570.096,892591.976,0,410810,34537472,11886592,49894,113175,2026-08-03T11:54:23.038680Z
M4,894,saturated,M4,true,107.000,169.741,308.631,339.681,893099.216,893544.777,893570.977,0,411195,34570240,11902976,49999,113389,2026-08-03T11:54:23.038680Z
M4,895,saturated,M4,true,113.000,154.604,239.194,283.600,894072.805,894525.306,894549.089,0,411584,34578432,11911168,49943,113624,2026-08-03T11:54:23.038680Z
M4,896,saturated,M4,true,98.000,164.141,325.852,433.400,895120.134,895553.319,895594.797,0,411831,34586624,11919360,49905,113819,2026-08-03T11:54:23.038680Z
M4,897,saturated,M4,true,110.000,149.326,259.941,294.039,896109.859,896551.489,896579.527,0,412207,34611200,11927552,49998,114038,2026-08-03T11:54:23.038680Z
M4,898,saturated,M4,true,107.000,160.974,263.232,283.504,897083.192,897574.406,897585.026,0,412556,34627584,11943936,49942,114254,2026-08-03T11:54:23.038680Z
M4,899,saturated,M4,true,103.000,156.840,262.800,283.106,898088.453,898500.025,898566.707,0,412855,34660352,11943936,49897,114468,2026-08-03T11:54:23.038680Z
M4,900,saturated,M4,true,103.000,163.454,246.482,268.809,899051.883,899514.681,899574.581,0,413074,34693120,11960320,49997,114685,2026-08-03T11:54:23.038680Z
M4,901,saturated,M4,true,113.000,157.626,266.527,328.258,900082.709,900569.778,900582.106,0,413515,34725888,11968512,49951,114900,2026-08-03T11:54:23.038680Z
M4,902,saturated,M4,true,110.000,167.381,283.532,349.021,901089.755,901553.303,901573.608,0,413737,34742272,11968512,49893,115123,2026-08-03T11:54:23.038680Z
M4,903,saturated,M4,true,104.000,162.931,247.918,269.964,902086.806,902567.747,902578.338,0,414193,34783232,11984896,49994,115336,2026-08-03T11:54:23.038680Z
M4,904,saturated,M4,true,110.000,155.481,250.451,293.789,903098.793,903543.101,903567.896,0,414393,34824192,11984896,49952,115557,2026-08-03T11:54:23.038680Z
M4,905,saturated,M4,true,103.000,164.647,309.564,470.200,904048.663,904571.039,904584.276,0,414662,34848768,12009472,49948,115764,2026-08-03T11:54:23.038680Z
M4,906,saturated,M4,true,101.000,160.827,340.718,396.005,905130.778,905536.876,905559.476,0,414993,34865152,12009472,49901,115963,2026-08-03T11:54:23.038680Z
M4,907,saturated,M4,true,102.000,166.457,264.789,290.429,906062.655,906464.162,906523.729,0,415453,34897920,12025856,49995,116180,2026-08-03T11:54:23.038680Z
M4,908,saturated,M4,true,108.000,161.573,238.208,347.815,907083.628,907555.240,907555.514,0,415734,34906112,12034048,49943,116400,2026-08-03T11:54:23.038680Z
M4,909,saturated,M4,true,103.000,166.255,267.822,297.760,908127.517,908514.655,908570.330,0,416015,34914304,12034048,49998,116605,2026-08-03T11:54:23.038680Z
M4,910,saturated,M4,true,112.000,153.675,266.340,298.033,909101.801,909564.357,909578.150,0,416230,34922496,12042240,49893,116822,2026-08-03T11:54:23.038680Z
M4,911,saturated,M4,true,107.000,165.894,260.750,319.175,910124.349,910531.149,910584.337,0,416571,34955264,12050432,49943,117046,2026-08-03T11:54:23.038680Z
M4,912,saturated,M4,true,108.000,161.178,279.345,327.991,911086.434,911521.536,911575.000,0,416921,34988032,12066816,49895,117270,2026-08-03T11:54:23.038680Z
M4,913,saturated,M4,true,105.000,164.255,311.800,348.397,912064.290,912532.489,912545.432,0,417237,35012608,12075008,49942,117480,2026-08-03T11:54:23.038680Z
M4,914,saturated,M4,true,111.000,150.362,243.101,303.524,913086.731,913529.988,913565.211,0,417726,35061760,12083200,50005,117699,2026-08-03T11:54:23.038680Z
M4,915,saturated,M4,true,109.000,156.859,278.859,310.753,914098.121,914555.106,914578.135,0,417935,35078144,12091392,49895,117916,2026-08-03T11:54:23.038680Z
M4,916,saturated,M4,true,97.000,166.127,320.317,366.119,915144.933,915479.975,915574.513,0,418214,35094528,12099584,49948,118127,2026-08-03T11:54:23.038680Z
M4,917,saturated,M4,true,110.000,160.087,280.268,283.952,916068.158,916570.836,916571.017,0,418652,35160064,12115968,50004,118340,2026-08-03T11:54:23.038680Z
M4,918,saturated,M4,true,107.000,158.562,237.017,302.131,917094.362,917509.299,917560.740,0,418858,35168256,12115968,49894,118556,2026-08-03T11:54:23.038680Z
M4,919,saturated,M4,true,113.000,163.001,258.904,359.562,918098.436,918561.678,918575.738,0,419147,35201024,12132352,49938,118780,2026-08-03T11:54:23.038680Z
M4,920,saturated,M4,true,106.000,161.218,273.031,334.298,919095.292,919554.601,919577.423,0,419576,35225600,12148736,50003,118999,2026-08-03T11:54:23.038680Z
M4,921,saturated,M4,true,107.000,156.508,268.399,289.832,920078.161,920541.950,920578.440,0,419802,35225600,12148736,49897,119213,2026-08-03T11:54:23.038680Z
M4,922,saturated,M4,true,110.000,155.578,236.136,272.580,921051.563,921533.177,921563.782,0,420106,35241984,12156928,49935,119440,2026-08-03T11:54:23.038680Z
M4,923,saturated,M4,true,102.000,161.335,247.995,277.784,922053.991,922493.084,922560.975,0,420579,35274752,12165120,50004,119659,2026-08-03T11:54:23.038680Z
M4,924,saturated,M4,true,110.000,160.043,275.542,299.816,923067.523,923554.492,923554.684,0,420859,35299328,12173312,49906,119872,2026-08-03T11:54:23.038680Z
M4,925,saturated,M4,true,110.000,154.067,276.230,297.531,924082.245,924509.007,924556.661,0,421133,35332096,12181504,49930,120084,2026-08-03T11:54:23.038680Z
M4,926,saturated,M4,true,97.000,183.367,294.337,333.637,925146.479,925490.984,925573.313,0,421638,35364864,12197888,50011,120292,2026-08-03T11:54:23.038680Z
M4,927,saturated,M4,true,111.000,160.191,287.116,304.638,926104.993,926550.269,926568.363,0,421840,35373056,12206080,49914,120507,2026-08-03T11:54:23.038680Z
M4,928,saturated,M4,true,100.000,167.615,270.439,383.270,927041.824,927479.991,927541.490,0,422038,35397632,12214272,49930,120725,2026-08-03T11:54:23.038680Z
M4,929,saturated,M4,true,103.000,167.551,276.445,317.619,928035.157,928445.552,928523.301,0,422562,35454976,12222464,50019,120927,2026-08-03T11:54:23.038680Z
M4,930,saturated,M4,true,107.000,160.100,244.819,272.015,929055.538,929555.634,929570.465,0,422777,35471360,12222464,49910,121143,2026-08-03T11:54:23.038680Z
M4,931,saturated,M4,true,104.000,162.221,251.270,363.863,930039.094,930475.742,930516.001,0,422981,35504128,12238848,49935,121360,2026-08-03T11:54:23.038680Z
M4,932,saturated,M4,true,114.000,156.160,241.980,295.060,931060.697,931528.839,931570.206,0,423427,35528704,12255232,49991,121577,2026-08-03T11:54:23.038680Z
M4,933,saturated,M4,true,109.000,169.367,260.666,288.281,932082.400,932556.382,932566.122,0,423730,35545088,12255232,49913,121791,2026-08-03T11:54:23.038680Z
M4,934,saturated,M4,true,101.000,154.847,290.137,331.898,933091.888,933532.485,933548.011,0,424087,35553280,12271616,49938,122010,2026-08-03T11:54:23.038680Z
M4,935,saturated,M4,true,104.000,167.455,258.435,376.167,934042.266,934472.090,934547.382,0,424293,35586048,12271616,49986,122225,2026-08-03T11:54:23.038680Z
M4,936,saturated,M4,true,107.000,168.350,299.198,325.084,935120.609,935528.319,935572.541,0,424649,35586048,12279808,49896,122419,2026-08-03T11:54:23.038680Z
M4,937,saturated,M4,true,108.000,166.335,262.271,284.883,936063.729,936510.990,936559.540,0,425050,35643392,12296192,49962,122649,2026-08-03T11:54:23.038680Z
M4,938,saturated,M4,true,107.000,151.542,249.592,325.021,937085.477,937527.183,937568.692,0,425277,35659776,12304384,49980,122869,2026-08-03T11:54:23.038680Z
M4,939,saturated,M4,true,107.000,167.565,266.773,330.087,938061.838,938524.105,938566.549,0,425598,35676160,12320768,49899,123089,2026-08-03T11:54:23.038680Z
M4,940,saturated,M4,true,107.000,163.162,271.458,317.280,939050.674,939541.351,939565.799,0,426026,35708928,12320768,49959,123300,2026-08-03T11:54:23.038680Z
M4,941,saturated,M4,true,110.000,163.769,259.959,291.076,940048.715,940509.061,940560.517,0,426365,35749888,12337152,49985,123525,2026-08-03T11:54:23.038680Z
M4,942,saturated,M4,true,104.000,164.392,253.133,312.742,941060.706,941527.519,941561.172,0,426615,35774464,12337152,49966,123737,2026-08-03T11:54:23.038680Z
M4,943,saturated,M4,true,98.000,175.081,274.171,333.465,942102.467,942529.558,942552.741,0,426942,35815424,12345344,49899,123931,2026-08-03T11:54:23.038680Z
M4,944,saturated,M4,true,103.000,167.671,250.639,345.254,943090.604,943494.767,943542.685,0,427315,35831808,12361728,49989,124143,2026-08-03T11:54:23.038680Z
M4,945,saturated,M4,true,101.000,165.958,306.184,339.304,944056.039,944523.389,944541.683,0,427601,35856384,12361728,49958,124345,2026-08-03T11:54:23.038680Z
M4,946,saturated,M4,true,94.000,177.261,375.971,446.288,945124.657,945512.774,945543.568,0,427824,35864576,12378112,49906,124535,2026-08-03T11:54:23.038680Z
M4,947,saturated,M4,true,102.000,180.343,294.488,317.553,946079.671,946540.619,946563.984,0,428192,35880960,12378112,49987,124741,2026-08-03T11:54:23.038680Z
M4,948,saturated,M4,true,99.000,152.473,309.465,434.996,947058.256,947460.115,947550.898,0,428395,35889152,12402688,49951,124957,2026-08-03T11:54:23.038680Z
M4,949,saturated,M4,true,113.000,159.954,252.194,322.035,948069.884,948488.041,948563.754,0,428688,35913728,12402688,49893,125174,2026-08-03T11:54:23.038680Z
M4,950,saturated,M4,true,107.000,169.339,329.678,343.049,949083.941,949542.158,949554.798,0,429154,35954688,12410880,50052,125380,2026-08-03T11:54:23.038680Z
M4,951,saturated,M4,true,100.000,160.702,284.558,308.133,950056.308,950531.243,950539.256,0,429365,35987456,12419072,49947,125599,2026-08-03T11:54:23.038680Z
M4,952,saturated,M4,true,109.000,162.410,270.902,286.313,951067.707,951526.099,951545.649,0,429619,35995648,12427264,49998,125809,2026-08-03T11:54:23.038680Z
M4,953,saturated,M4,true,97.000,177.582,293.882,372.236,952109.000,952484.523,952547.666,0,429810,36003840,12435456,49905,126010,2026-08-03T11:54:23.038680Z
M4,954,saturated,M4,true,102.000,162.362,288.885,324.963,953091.707,953508.328,953521.225,0,430231,36044800,12443648,49947,126220,2026-08-03T11:54:23.038680Z
M4,955,saturated,M4,true,105.000,166.099,295.576,350.341,954028.139,954526.429,954563.853,0,430625,36085760,12468224,50004,126424,2026-08-03T11:54:23.038680Z
M4,956,saturated,M4,true,92.000,165.643,318.970,674.913,955137.968,955503.203,955563.920,0,430899,36134912,12468224,49913,126610,2026-08-03T11:54:23.038680Z
M4,957,saturated,M4,true,99.000,169.427,293.238,400.183,956073.007,956449.459,956510.253,0,431104,36151296,12476416,49945,126816,2026-08-03T11:54:23.038680Z
M4,958,saturated,M4,true,107.000,170.494,289.888,350.964,957064.130,957488.165,957551.872,0,431556,36175872,12476416,49992,127028,2026-08-03T11:54:23.038680Z
M4,959,saturated,M4,true,108.000,158.134,252.136,308.652,958016.141,958517.991,958549.839,0,431821,36184064,12492800,49902,127248,2026-08-03T11:54:23.038680Z
M4,960,saturated,M4,true,106.000,161.124,269.304,341.487,959090.638,959532.620,959547.393,0,432086,36200448,12509184,50042,127466,2026-08-03T11:54:23.038680Z
M4,961,saturated,M4,true,111.000,160.392,258.301,336.032,960094.574,960541.784,960546.148,0,432299,36225024,12517376,49936,127673,2026-08-03T11:54:23.038680Z
M4,962,saturated,M4,true,99.000,163.843,277.252,376.437,961107.458,961520.237,961542.509,0,432719,36241408,12525568,49906,127888,2026-08-03T11:54:23.038680Z
M4,963,saturated,M4,true,108.000,165.367,242.255,289.271,962048.456,962484.374,962524.290,0,433107,36282368,12533760,49992,128107,2026-08-03T11:54:23.038680Z
M4,964,saturated,M4,true,107.000,158.754,300.125,326.123,963036.930,963484.953,963555.897,0,433454,36306944,12541952,49956,128320,2026-08-03T11:54:23.038680Z
M4,965,saturated,M4,true,97.000,178.262,329.269,342.445,964047.583,964547.303,964547.397,0,433689,36315136,12541952,49899,128521,2026-08-03T11:54:23.038680Z
M4,966,saturated,M4,true,77.000,175.476,330.547,428.790,964917.658,965372.352,965443.950,0,434126,36347904,12558336,49943,128715,2026-08-03T11:54:23.038680Z
M4,967,saturated,M4,true,105.000,194.352,358.114,386.558,966038.132,966509.164,966539.356,0,434316,36372480,12558336,49972,128889,2026-08-03T11:54:23.038680Z
M4,968,saturated,M4,true,103.000,173.615,300.564,352.522,967057.010,967497.242,967548.013,0,434552,36388864,12574720,49898,129093,2026-08-03T11:54:23.038680Z
M4,969,saturated,M4,true,100.000,178.598,284.433,385.502,968082.281,968509.249,968558.611,0,434924,36438016,12582912,49951,129303,2026-08-03T11:54:23.038680Z
M4,970,saturated,M4,true,100.000,167.424,279.845,313.941,969060.352,969482.397,969531.773,0,435281,36470784,12599296,50000,129504,2026-08-03T11:54:23.038680Z
M4,971,saturated,M4,true,105.000,176.205,274.619,358.283,970071.536,970523.001,970554.283,0,435501,36478976,12607488,49897,129712,2026-08-03T11:54:23.038680Z
M4,972,saturated,M4,true,103.000,166.721,289.035,321.150,971046.737,971506.297,971526.955,0,435719,36511744,12607488,49947,129920,2026-08-03T11:54:23.038680Z
M4,973,saturated,M4,true,102.000,154.205,311.747,354.019,972019.671,972509.978,972555.986,0,436187,36528128,12623872,49997,130138,2026-08-03T11:54:23.038680Z
M4,974,saturated,M4,true,109.000,165.980,252.072,302.928,973050.902,973488.155,973509.422,0,436441,36536320,12623872,49899,130347,2026-08-03T11:54:23.038680Z
M4,975,saturated,M4,true,99.000,168.455,297.085,477.747,974071.806,974530.132,974558.539,0,436806,36552704,12632064,49946,130545,2026-08-03T11:54:23.038680Z
M4,976,saturated,M4,true,94.000,182.643,306.552,349.953,975119.509,975513.043,975551.697,0,437052,36577280,12640256,49952,130736,2026-08-03T11:54:23.038680Z
M4,977,saturated,M4,true,98.000,179.968,273.896,346.777,976075.426,976528.749,976551.709,0,437273,36601856,12656640,49904,130942,2026-08-03T11:54:23.038680Z
M4,978,saturated,M4,true,102.000,183.989,276.418,335.899,977050.646,977495.486,977552.598,0,437671,36626432,12664832,49950,131142,2026-08-03T11:54:23.038680Z
M4,979,saturated,M4,true,101.000,163.915,269.024,307.184,978087.076,978488.151,978495.524,0,437901,36642816,12664832,49900,131345,2026-08-03T11:54:23.038680Z
M4,980,saturated,M4,true,104.000,167.541,258.729,293.715,979027.092,979486.841,979555.666,0,438317,36691968,12681216,49990,131554,2026-08-03T11:54:23.038680Z
M4,981,saturated,M4,true,103.000,166.674,270.791,331.830,980051.282,980488.567,980502.591,0,438583,36716544,12681216,49957,131771,2026-08-03T11:54:23.038680Z
M4,982,saturated,M4,true,100.000,166.724,265.795,293.543,981048.806,981452.794,981479.588,0,438853,36741120,12697600,49894,131980,2026-08-03T11:54:23.038680Z
M4,983,saturated,M4,true,105.000,179.497,289.576,305.787,982025.007,982510.748,982535.711,0,439257,36782080,12705792,49937,132187,2026-08-03T11:54:23.038680Z
M4,984,saturated,M4,true,104.000,169.883,273.911,376.215,983058.545,983541.432,983553.419,0,439473,36806656,12722176,49965,132396,2026-08-03T11:54:23.038680Z
M4,985,saturated,M4,true,97.000,173.832,286.297,409.096,984058.128,984497.267,984523.723,0,439745,36814848,12722176,49897,132585,2026-08-03T11:54:23.038680Z
M4,986,saturated,M4,true,93.000,185.009,345.989,386.027,985100.165,985494.015,985534.903,0,440138,36839424,12730368,49957,132776,2026-08-03T11:54:23.038680Z
M4,987,saturated,M4,true,104.000,169.644,282.727,337.721,986048.754,986517.486,986540.847,0,440348,36864000,12746752,49998,132978,2026-08-03T11:54:23.038680Z
M4,988,saturated,M4,true,95.000,174.123,309.208,430.726,987043.404,987494.871,987526.446,0,440674,36864000,12746752,49904,133180,2026-08-03T11:54:23.038680Z
M4,989,saturated,M4,true,96.000,174.244,322.408,338.851,988026.781,988475.973,988548.328,0,441027,36896768,12754944,49950,133386,2026-08-03T11:54:23.038680Z
M4,990,saturated,M4,true,106.000,165.535,285.549,296.563,989070.528,989492.253,989551.758,0,441220,36921344,12754944,49998,133592,2026-08-03T11:54:23.038680Z
M4,991,saturated,M4,true,101.000,174.034,287.802,315.888,990069.842,990488.691,990509.060,0,441553,36929536,12771328,49948,133793,2026-08-03T11:54:23.038680Z
M4,992,saturated,M4,true,99.000,169.394,339.310,356.225,991038.302,991514.511,991552.103,0,441801,36962304,12779520,49909,133993,2026-08-03T11:54:23.038680Z
M4,993,saturated,M4,true,99.000,184.731,296.012,328.177,992035.126,992493.872,992544.671,0,442205,36986880,12795904,49992,134190,2026-08-03T11:54:23.038680Z
M4,994,saturated,M4,true,100.000,179.136,284.175,304.942,993059.387,993472.991,993509.749,0,442475,37011456,12795904,49943,134393,2026-08-03T11:54:23.038680Z
M4,995,saturated,M4,true,100.000,178.984,283.708,365.917,994046.713,994524.099,994528.664,0,442827,37052416,12812288,49911,134590,2026-08-03T11:54:23.038680Z
M4,996,saturated,M4,true,87.000,185.949,354.529,478.890,995116.234,995485.649,995552.731,0,443017,37076992,12812288,50004,134775,2026-08-03T11:54:23.038680Z
M4,997,saturated,M4,true,102.000,182.181,250.098,294.334,996052.768,996488.841,996538.715,0,443292,37093376,12820480,49899,134974,2026-08-03T11:54:23.038680Z
M4,998,saturated,M4,true,97.000,185.948,267.997,319.352,997040.820,997513.993,997525.460,0,443740,37134336,12828672,49943,135182,2026-08-03T11:54:23.038680Z
M4,999,saturated,M4,true,101.000,170.899,305.611,350.733,998062.187,998494.825,998526.239,0,444018,37150720,12845056,50006,135380,2026-08-03T11:54:23.038680Z
M4,1000,saturated,M4,true,101.000,166.416,282.330,301.250,999073.723,999509.356,999547.775,0,444230,37158912,12853248,49912,135582,2026-08-03T11:54:23.038680Z
M4,1001,saturated,M4,true,100.000,160.834,298.688,330.170,1000062.603,1000503.497,1000531.687,0,444486,37191680,12853248,49938,135789,2026-08-03T11:58:23.341552Z
M4,1002,saturated,M4,true,97.000,169.569,298.230,447.098,1001069.753,1001473.038,1001536.938,0,444929,37199872,12869632,49999,135996,2026-08-03T11:58:23.341552Z
M4,1003,saturated,M4,true,100.000,181.035,299.941,311.260,1001987.312,1002473.952,1002529.831,0,445130,37199872,12869632,49908,136193,2026-08-03T11:58:23.341552Z
M4,1004,saturated,M4,true,98.000,180.642,275.684,351.583,1003003.236,1003453.070,1003548.115,0,445563,37224448,12877824,49942,136394,2026-08-03T11:58:23.341552Z
M4,1005,saturated,M4,true,104.000,177.497,267.347,276.564,1004059.914,1004488.946,1004536.995,0,445840,37232640,12886016,50000,136600,2026-08-03T11:58:23.341552Z
M4,1006,saturated,M4,true,92.000,192.592,317.697,481.399,1005062.446,1005516.816,1005551.487,0,446074,37240832,12894208,49906,136788,2026-08-03T11:58:23.341552Z
M4,1007,saturated,M4,true,99.000,157.917,276.402,309.222,1006065.946,1006478.351,1006530.808,0,446229,37257216,12910592,49956,136992,2026-08-03T11:58:23.341552Z
M4,1008,saturated,M4,true,110.000,161.288,298.742,333.610,1007075.701,1007498.310,1007538.395,0,446689,37265408,12918784,49985,137206,2026-08-03T11:58:23.341552Z
M4,1009,saturated,M4,true,97.000,168.605,244.551,284.236,1008070.273,1008465.539,1008477.584,0,446916,37322752,12926976,49901,137411,2026-08-03T11:58:23.341552Z
M4,1010,saturated,M4,true,98.000,184.434,275.065,346.895,1008989.967,1009543.672,1009550.799,0,447276,37462016,12935168,49962,137600,2026-08-03T11:58:23.341552Z
M4,1011,saturated,M4,true,82.000,191.250,381.290,483.125,1010112.466,1010541.338,1010541.674,0,447457,37462016,12935168,50008,137769,2026-08-03T11:58:23.341552Z
M4,1012,saturated,M4,true,96.000,178.339,302.629,387.091,1011066.148,1011515.441,1011543.098,0,447783,37470208,12943360,49912,137965,2026-08-03T11:58:23.341552Z
M4,1013,saturated,M4,true,96.000,170.828,287.985,376.069,1012014.465,1012441.424,1012537.578,0,448211,37494784,12959744,49941,138169,2026-08-03T11:58:23.341552Z
M4,1014,saturated,M4,true,103.000,182.395,269.558,302.332,1013080.487,1013517.138,1013539.458,0,448468,37502976,12967936,50002,138364,2026-08-03T11:58:23.341552Z
M4,1015,saturated,M4,true,99.000,167.258,321.105,351.654,1014039.155,1014469.080,1014549.098,0,448708,37502976,12976128,49903,138572,2026-08-03T11:58:23.341552Z
M4,1016,saturated,M4,true,97.000,191.057,320.366,453.869,1015013.640,1015501.278,1015537.453,0,449087,37527552,12984320,49945,138757,2026-08-03T11:58:23.341552Z
M4,1017,saturated,M4,true,98.000,177.798,278.254,334.655,1016075.634,1016524.060,1016542.153,0,449284,37535744,13000704,50008,138958,2026-08-03T11:58:23.341552Z
M4,1018,saturated,M4,true,101.000,175.194,271.708,324.859,1017071.111,1017509.934,1017523.042,0,449537,37535744,13000704,49905,139157,2026-08-03T11:58:23.341552Z
M4,1019,saturated,M4,true,98.000,166.689,286.460,330.607,1017998.552,1018455.020,1018532.172,0,449743,37552128,13008896,49950,139368,2026-08-03T11:58:23.341552Z
M4,1020,saturated,M4,true,107.000,173.929,315.442,342.948,1019088.815,1019519.474,1019545.282,0,450116,37568512,13008896,49896,139568,2026-08-03T11:58:23.341552Z
M4,1021,saturated,M4,true,98.000,167.309,278.181,356.623,1020044.518,1020454.963,1020541.206,0,450529,37584896,13025280,50004,139788,2026-08-03T11:58:23.341552Z
M4,1022,saturated,M4,true,104.000,186.607,291.642,324.444,1021115.327,1021509.760,1021533.835,0,450736,37601280,13033472,49956,139983,2026-08-03T11:58:23.341552Z
M4,1023,saturated,M4,true,99.000,180.561,291.257,316.408,1022042.331,1022518.851,1022547.229,0,451004,37683200,13041664,49893,140181,2026-08-03T11:58:23.341552Z
M4,1024,saturated,M4,true,104.000,171.608,265.706,284.120,1023044.555,1023506.848,1023519.995,0,451461,37789696,13058048,49997,140389,2026-08-03T11:58:23.341552Z
M4,1025,saturated,M4,true,98.000,160.814,282.333,331.971,1024043.787,1024509.681,1024537.244,0,451655,37789696,13058048,49959,140595,2026-08-03T11:58:23.341552Z
M4,1026,saturated,M4,true,97.000,187.962,349.089,408.337,1024996.143,1025507.237,1025542.699,0,451934,37806080,13066240,49903,140788,2026-08-03T11:58:23.341552Z
M4,1027,saturated,M4,true,95.000,186.381,308.948,461.530,1026095.839,1026512.049,1026549.248,0,452356,37822464,13066240,50000,140984,2026-08-03T11:58:23.341552Z
M4,1028,saturated,M4,true,107.000,162.985,259.414,292.364,1027021.310,1027520.760,1027542.898,0,452566,37822464,13074432,49946,141196,2026-08-03T11:58:23.341552Z
M4,1029,saturated,M4,true,98.000,174.324,270.055,302.952,1028044.595,1028426.757,1028535.370,0,452843,37838848,13099008,49894,141403,2026-08-03T11:58:23.341552Z
M4,1030,saturated,M4,true,106.000,178.344,276.068,318.324,1029048.816,1029500.939,1029531.041,0,453324,37855232,13107200,50008,141614,2026-08-03T11:58:23.341552Z
M4,1031,saturated,M4,true,95.000,171.840,290.319,332.981,1030109.166,1030463.805,1030535.350,0,453503,37855232,13107200,49956,141804,2026-08-03T11:58:23.341552Z
M4,1032,saturated,M4,true,101.000,172.330,305.517,327.021,1031007.696,1031466.699,1031539.537,0,453737,37871616,13123584,49902,142007,2026-08-03T11:58:23.341552Z
M4,1033,saturated,M4,true,102.000,179.848,273.683,323.252,1032029.874,1032517.524,1032530.928,0,454104,37888000,13131776,49989,142204,2026-08-03T11:58:23.341552Z
M4,1034,saturated,M4,true,95.000,171.902,312.102,421.272,1033013.643,1033392.302,1033540.002,0,454400,37896192,13131776,49955,142411,2026-08-03T11:58:23.341552Z
M4,1035,saturated,M4,true,103.000,176.699,304.714,352.252,1034036.612,1034500.167,1034544.999,0,454653,37912576,13148160,49999,142614,2026-08-03T11:58:23.341552Z
M4,1036,saturated,M4,true,90.000,182.924,349.662,486.676,1035121.809,1035528.789,1035540.361,0,455013,37953536,13156352,49911,142799,2026-08-03T11:58:23.341552Z
M4,1037,saturated,M4,true,91.000,188.504,302.109,378.856,1036080.342,1036473.580,1036525.490,0,455298,38051840,13164544,49961,142981,2026-08-03T11:58:23.341552Z
M4,1038,saturated,M4,true,104.000,164.195,325.224,341.193,1037079.084,1037515.725,1037541.423,0,455601,38092800,13164544,49987,143184,2026-08-03T11:58:23.341552Z
M4,1039,saturated,M4,true,97.000,180.753,296.265,358.428,1038044.633,1038469.747,1038530.051,0,455827,38109184,13172736,49906,143388,2026-08-03T11:58:23.341552Z
M4,1040,saturated,M4,true,97.000,180.107,298.848,405.733,1039021.672,1039488.559,1039526.445,0,456046,38133760,13189120,50045,143586,2026-08-03T11:58:23.341552Z
M4,1041,saturated,M4,true,98.000,166.216,264.554,315.976,1040013.763,1040468.978,1040499.856,0,456467,38133760,13197312,49943,143786,2026-08-03T11:58:23.341552Z
M4,1042,saturated,M4,true,95.000,172.224,317.700,350.508,1040984.240,1041455.739,1041497.009,0,456665,38150144,13197312,49910,143983,2026-08-03T11:58:23.341552Z
M4,1043,saturated,M4,true,106.000,169.705,296.673,396.065,1042053.669,1042482.611,1042518.063,0,457112,38166528,13213696,49998,144188,2026-08-03T11:58:23.341552Z
M4,1044,saturated,M4,true,104.000,176.185,271.913,284.131,1043012.403,1043523.357,1043534.557,0,457368,38166528,13221888,49943,144398,2026-08-03T11:58:23.341552Z
M4,1045,saturated,M4,true,95.000,182.515,303.850,356.215,1044096.506,1044499.539,1044532.971,0,457514,38174720,13230080,49908,144487,2026-08-03T11:58:23.341552Z
M4,1046,saturated,M4,true,86.000,190.108,311.308,376.069,1045100.528,1045497.694,1045516.293,0,458002,38199296,13230080,50011,144765,2026-08-03T11:58:23.341552Z
M4,1047,saturated,M4,true,97.000,178.244,300.076,387.401,1046072.639,1046497.980,1046533.738,0,458215,38199296,13246464,49951,144960,2026-08-03T11:58:23.341552Z
M4,1048,saturated,M4,true,96.000,180.731,302.429,415.262,1047021.270,1047447.822,1047536.875,0,458345,38207488,13246464,50003,145063,2026-08-03T11:58:23.341552Z
M4,1049,saturated,M4,true,100.000,192.400,283.800,298.885,1048086.037,1048516.733,1048535.641,0,458646,38223872,13254656,49909,145244,2026-08-03T11:58:23.341552Z
M4,1050,saturated,M4,true,94.000,179.498,272.936,294.086,1049014.030,1049465.465,1049527.492,0,458889,38256640,13254656,49948,145455,2026-08-03T11:58:23.341552Z
M4,1051,saturated,M4,true,103.000,169.272,326.281,390.638,1050015.736,1050481.686,1050518.809,0,459301,38346752,13271040,49996,145656,2026-08-03T11:58:23.341552Z
M4,1052,saturated,M4,true,103.000,173.381,266.702,290.958,1051045.173,1051508.135,1051527.416,0,459562,38412288,13279232,49910,145859,2026-08-03T11:58:23.341552Z
M4,1053,saturated,M4,true,86.000,177.769,308.316,362.315,1051994.411,1052457.180,1052505.422,0,459848,38436864,13295616,49944,146057,2026-08-03T11:58:23.341552Z
M4,1054,saturated,M4,true,84.000,201.735,347.680,406.903,1053090.071,1053497.118,1053525.443,0,460159,38453248,13303808,50015,146219,2026-08-03T11:58:23.341552Z
M4,1055,saturated,M4,true,97.000,181.095,304.518,374.751,1054007.673,1054484.150,1054529.320,0,460323,38453248,13312000,49923,146417,2026-08-03T11:58:23.341552Z
M4,1056,saturated,M4,true,74.000,232.869,486.297,567.057,1054909.063,1055466.857,1055488.514,0,460564,38469632,13312000,49951,146593,2026-08-03T11:58:23.341552Z
M4,1057,saturated,M4,true,103.000,166.811,274.412,309.949,1056004.893,1056446.609,1056502.116,0,460949,38486016,13320192,50000,146768,2026-08-03T11:58:23.341552Z
M4,1058,saturated,M4,true,101.000,190.019,315.083,363.726,1057091.773,1057512.062,1057524.935,0,461133,38486016,13320192,49904,146968,2026-08-03T11:58:23.341552Z
M4,1059,saturated,M4,true,91.000,177.553,306.269,360.474,1058066.827,1058438.022,1058500.237,0,461383,38502400,13336576,49952,147157,2026-08-03T11:58:23.341552Z
M4,1060,saturated,M4,true,100.000,177.734,308.441,342.636,1059009.002,1059510.052,1059513.553,0,461830,38518784,13344768,49999,147356,2026-08-03T11:58:23.341552Z
M4,1061,saturated,M4,true,95.000,181.995,307.360,396.055,1060055.515,1060490.300,1060510.990,0,462072,38518784,13352960,49905,147544,2026-08-03T11:58:23.341552Z
M4,1062,saturated,M4,true,99.000,173.572,310.120,410.093,1061034.387,1061489.513,1061534.662,0,462411,38535168,13361152,49952,147744,2026-08-03T11:58:23.341552Z
M4,1063,saturated,M4,true,101.000,187.673,272.010,308.420,1062024.228,1062500.866,1062518.440,0,462666,38543360,13369344,49899,147945,2026-08-03T11:58:23.341552Z
M4,1064,saturated,M4,true,99.000,174.296,281.948,327.309,1063083.118,1063494.598,1063523.684,0,462841,38567936,13385728,50005,148143,2026-08-03T11:58:23.341552Z
M4,1065,saturated,M4,true,97.000,174.567,321.840,374.856,1064074.260,1064505.115,1064535.347,0,463227,38633472,13385728,49953,148353,2026-08-03T11:58:23.341552Z
M4,1066,saturated,M4,true,79.000,193.239,430.111,582.083,1064902.495,1065517.900,1065523.278,0,463456,38690816,13393920,49924,148530,2026-08-03T11:58:23.341552Z
M4,1067,saturated,M4,true,93.000,202.215,275.423,351.740,1066038.081,1066495.947,1066528.426,0,463786,38748160,13402112,49998,148702,2026-08-03T11:58:23.341552Z
M4,1068,saturated,M4,true,92.000,185.094,294.851,433.394,1066975.133,1067482.030,1067529.369,0,464096,38756352,13418496,49941,148888,2026-08-03T11:58:23.341552Z
M4,1069,saturated,M4,true,100.000,180.111,295.280,344.136,1068007.370,1068471.932,1068535.457,0,464373,38764544,13418496,49920,149082,2026-08-03T11:58:23.341552Z
M4,1070,saturated,M4,true,96.000,179.883,295.281,387.833,1069062.815,1069426.008,1069496.023,0,464687,38780928,13434880,49935,149290,2026-08-03T11:58:23.341552Z
M4,1071,saturated,M4,true,99.000,181.202,267.818,310.625,1070071.249,1070474.110,1070505.953,0,464903,38805504,13434880,50017,149486,2026-08-03T11:58:23.341552Z
M4,1072,saturated,M4,true,100.000,178.387,291.060,346.078,1071030.280,1071419.986,1071533.570,0,465280,38813696,13443072,49913,149684,2026-08-03T11:58:23.341552Z
M4,1073,saturated,M4,true,102.000,187.290,254.295,311.347,1072010.069,1072514.551,1072521.786,0,465523,38830080,13443072,49941,149885,2026-08-03T11:58:23.341552Z
M4,1074,saturated,M4,true,96.000,174.257,295.833,306.729,1073062.403,1073475.121,1073533.254,0,465962,38846464,13459456,49997,150094,2026-08-03T11:58:23.341552Z
M4,1075,saturated,M4,true,96.000,178.794,307.261,406.134,1074043.362,1074517.150,1074534.070,0,466172,38846464,13467648,49916,150284,2026-08-03T11:58:23.341552Z
M4,1076,saturated,M4,true,95.000,180.090,332.153,547.947,1075123.792,1075518.235,1075534.794,0,466440,38862848,13475840,49947,150472,2026-08-03T11:58:23.341552Z
M4,1077,saturated,M4,true,94.000,190.389,309.406,383.251,1076064.197,1076454.065,1076496.598,0,466768,38879232,13492224,49991,150667,2026-08-03T11:58:23.341552Z
M4,1078,saturated,M4,true,101.000,179.715,286.595,342.826,1077053.812,1077513.457,1077522.356,0,466959,38903808,13500416,49952,150867,2026-08-03T11:58:23.341552Z
M4,1079,saturated,M4,true,97.000,175.318,292.020,375.150,1078028.109,1078477.192,1078515.086,0,467214,38944768,13508608,50001,151063,2026-08-03T11:58:23.341552Z
M4,1080,saturated,M4,true,90.000,190.357,284.201,383.219,1079047.263,1079452.153,1079525.114,0,467577,39010304,13508608,49956,151261,2026-08-03T11:58:23.341552Z
M4,1081,saturated,M4,true,92.000,196.969,306.992,352.046,1079989.086,1080505.436,1080525.700,0,467833,39059456,13516800,49909,151451,2026-08-03T11:58:23.341552Z
M4,1082,saturated,M4,true,93.000,200.503,323.057,414.222,1081002.996,1081424.055,1081468.965,0,468081,39075840,13524992,49949,151638,2026-08-03T11:58:23.341552Z
M4,1083,saturated,M4,true,97.000,196.789,315.632,445.098,1082035.852,1082511.802,1082519.352,0,468451,39092224,13541376,50003,151815,2026-08-03T11:58:23.341552Z
M4,1084,saturated,M4,true,95.000,196.030,269.271,333.581,1083056.976,1083512.192,1083512.695,0,468712,39092224,13541376,49912,152006,2026-08-03T11:58:23.341552Z
M4,1085,saturated,M4,true,90.000,192.546,311.398,349.975,1084070.781,1084488.011,1084525.669,0,468930,39116800,13549568,49948,152193,2026-08-03T11:58:23.341552Z
M4,1086,saturated,M4,true,88.000,192.681,355.378,430.307,1085048.294,1085480.720,1085521.229,0,469287,39133184,13557760,50005,152371,2026-08-03T11:58:23.341552Z
M4,1087,saturated,M4,true,90.000,199.931,307.139,420.476,1086016.508,1086524.522,1086532.370,0,469476,39141376,13565952,49917,152561,2026-08-03T11:58:23.341552Z
M4,1088,saturated,M4,true,91.000,192.948,311.296,426.618,1087005.819,1087419.117,1087530.477,0,469712,39157760,13565952,49947,152747,2026-08-03T11:58:23.341552Z
M4,1089,saturated,M4,true,97.000,187.132,405.062,432.983,1088034.062,1088495.950,1088526.989,0,470107,39174144,13590528,49997,152940,2026-08-03T11:58:23.341552Z
M4,1090,saturated,M4,true,95.000,197.639,319.374,504.216,1089070.265,1089498.952,1089531.127,0,470361,39174144,13590528,49951,153126,2026-08-03T11:58:23.341552Z
M4,1091,saturated,M4,true,88.000,200.981,323.852,417.513,1090045.134,1090512.946,1090525.966,0,470569,39190528,13606912,49958,153309,2026-08-03T11:58:23.341552Z
M4,1092,saturated,M4,true,92.000,193.856,305.521,348.470,1091021.919,1091459.792,1091501.363,0,470869,39198720,13606912,49902,153498,2026-08-03T11:58:23.341552Z
M4,1093,saturated,M4,true,99.000,200.965,296.615,479.318,1092042.316,1092524.804,1092527.891,0,471117,39247872,13623296,49960,153687,2026-08-03T11:58:23.341552Z
M4,1094,saturated,M4,true,87.000,185.365,279.314,437.819,1093020.691,1093445.591,1093523.301,0,471540,39297024,13623296,49993,153880,2026-08-03T11:58:23.341552Z
M4,1095,saturated,M4,true,99.000,171.175,311.782,421.279,1094021.736,1094484.688,1094516.290,0,471761,39346176,13631488,49956,154077,2026-08-03T11:58:23.341552Z
M4,1096,saturated,M4,true,85.000,181.374,360.347,511.400,1094987.771,1095509.882,1095526.524,0,472063,39387136,13631488,49915,154264,2026-08-03T11:58:23.341552Z
M4,1097,saturated,M4,true,95.000,201.871,321.336,443.324,1096078.719,1096522.732,1096527.442,0,472393,39411712,13647872,49999,154434,2026-08-03T11:58:23.341552Z
M4,1098,saturated,M4,true,94.000,178.840,295.470,430.200,1097060.823,1097486.681,1097523.649,0,472582,39419904,13647872,49947,154621,2026-08-03T11:58:23.341552Z
M4,1099,saturated,M4,true,99.000,179.771,272.886,351.380,1098038.612,1098519.633,1098525.744,0,472815,39419904,13664256,49902,154825,2026-08-03T11:58:23.341552Z
M4,1100,saturated,M4,true,96.000,179.616,269.858,298.036,1099013.052,1099450.511,1099519.314,0,473175,39452672,13672448,50003,155028,2026-08-03T11:58:23.341552Z
M4,1101,saturated,M4,true,102.000,163.403,313.383,410.073,1100007.983,1100451.170,1100516.632,0,473517,39469056,13688832,49947,155227,2026-08-03T11:58:23.341552Z
M4,1102,saturated,M4,true,94.000,190.406,297.997,363.324,1101005.495,1101477.258,1101527.769,0,473787,39477248,13688832,49910,155429,2026-08-03T11:58:23.341552Z
M4,1103,saturated,M4,true,96.000,174.501,275.588,352.470,1102028.592,1102456.653,1102515.198,0,473980,39493632,13697024,49995,155619,2026-08-03T11:58:23.341552Z
M4,1104,saturated,M4,true,97.000,184.617,299.489,331.649,1103115.915,1103469.469,1103487.858,0,474346,39501824,13697024,49954,155806,2026-08-03T11:58:23.341552Z
M4,1105,saturated,M4,true,93.000,179.844,279.178,403.724,1104002.708,1104468.719,1104492.927,0,474580,39510016,13705216,49901,156007,2026-08-03T11:58:23.341552Z
M4,1106,saturated,M4,true,93.000,191.631,336.682,373.549,1104992.723,1105477.023,1105522.685,0,475011,39526400,13721600,50007,156186,2026-08-03T11:58:23.341552Z
M4,1107,saturated,M4,true,97.000,173.197,311.923,373.186,1106071.906,1106485.356,1106518.548,0,475203,39550976,13729792,49964,156379,2026-08-03T11:58:23.341552Z
M4,1108,saturated,M4,true,97.000,173.472,315.861,368.201,1107012.060,1107498.749,1107509.373,0,475458,39583744,13729792,49902,156573,2026-08-03T11:58:23.341552Z
M4,1109,saturated,M4,true,97.000,184.733,323.077,369.689,1108045.202,1108490.530,1108511.228,0,475837,39682048,13746176,49951,156769,2026-08-03T11:58:23.341552Z
M4,1110,saturated,M4,true,94.000,175.936,329.943,475.659,1109029.447,1109489.406,1109511.526,0,476017,39714816,13746176,50000,156965,2026-08-03T11:58:23.341552Z
M4,1111,saturated,M4,true,96.000,184.497,282.971,329.413,1109983.159,1110479.747,1110489.080,0,476215,39723008,13754368,49946,157167,2026-08-03T11:58:23.341552Z
M4,1112,saturated,M4,true,89.000,196.317,309.099,424.382,1111043.875,1111450.272,1111512.981,0,476547,39731200,13762560,49912,157346,2026-08-03T11:58:23.341552Z
M4,1113,saturated,M4,true,99.000,192.861,299.815,349.102,1111985.140,1112479.764,1112505.664,0,476931,39755776,13778944,50044,157539,2026-08-03T11:58:23.341552Z
M4,1114,saturated,M4,true,91.000,182.438,292.711,337.945,1112989.364,1113435.648,1113491.603,0,477255,39763968,13795328,49943,157737,2026-08-03T11:58:23.341552Z
M4,1115,saturated,M4,true,102.000,174.066,286.598,325.887,1113975.257,1114487.523,1114511.818,0,477451,39780352,13795328,49909,157947,2026-08-03T11:58:23.341552Z
M4,1116,saturated,M4,true,90.000,190.064,372.600,470.469,1115074.162,1115468.997,1115490.536,0,477775,39804928,13811712,50013,158113,2026-08-03T11:58:23.341552Z
M4,1117,saturated,M4,true,81.000,198.651,378.548,434.202,1116071.927,1116426.175,1116513.557,0,478076,39813120,13811712,49968,158277,2026-08-03T11:58:23.341552Z
M4,1118,saturated,M4,true,97.000,179.828,270.482,334.877,1116999.406,1117451.917,1117505.865,0,478296,39813120,13819904,49901,158475,2026-08-03T11:58:23.341552Z
M4,1119,saturated,M4,true,89.000,185.040,303.416,330.544,1117952.059,1118426.666,1118507.433,0,478681,39837696,13819904,50050,158670,2026-08-03T11:58:23.341552Z
M4,1120,saturated,M4,true,98.000,186.351,295.467,359.402,1118965.061,1119414.369,1119513.868,0,478857,39845888,13836288,49957,158854,2026-08-03T11:58:23.341552Z
M4,1121,saturated,M4,true,68.000,217.903,354.072,410.751,1119955.950,1120337.849,1120462.505,0,479101,39854080,13836288,49911,159013,2026-08-03T11:58:23.341552Z
M4,1122,saturated,M4,true,88.000,208.070,380.251,451.993,1121037.826,1121468.808,1121497.069,0,479243,39895040,13844480,50033,159172,2026-08-03T11:58:23.341552Z
M4,1123,saturated,M4,true,93.000,199.580,302.792,382.410,1121996.897,1122459.752,1122478.763,0,479654,39936000,13852672,49940,159359,2026-08-03T11:58:23.341552Z
M4,1124,saturated,M4,true,93.000,186.637,306.761,353.373,1122938.779,1123482.579,1123501.926,0,479871,39985152,13860864,49905,159563,2026-08-03T11:58:23.341552Z
M4,1125,saturated,M4,true,96.000,182.316,347.388,423.299,1124033.135,1124465.270,1124511.495,0,480208,40034304,13869056,50039,159737,2026-08-03T11:58:23.341552Z
M4,1126,saturated,M4,true,88.000,194.659,364.466,446.503,1125069.513,1125457.169,1125502.033,0,480391,40042496,13877248,49951,159915,2026-08-03T11:58:23.341552Z
M4,1127,saturated,M4,true,91.000,186.192,286.764,370.378,1126057.750,1126454.345,1126488.270,0,480696,40058880,13885440,49915,160100,2026-08-03T11:58:23.341552Z
M4,1128,saturated,M4,true,91.000,195.988,305.078,339.693,1127019.401,1127476.744,1127503.563,0,481107,40075264,13901824,49999,160293,2026-08-03T11:58:23.341552Z
M4,1129,saturated,M4,true,93.000,189.954,316.433,359.429,1128035.269,1128436.812,1128505.404,0,481311,40091648,13901824,49950,160473,2026-08-03T11:58:23.341552Z
M4,1130,saturated,M4,true,97.000,171.550,302.424,343.108,1129008.635,1129459.739,1129505.461,0,481502,40108032,13918208,49908,160675,2026-08-03T11:58:23.341552Z
M4,1131,saturated,M4,true,94.000,179.269,361.574,418.083,1129997.421,1130476.460,1130509.454,0,481747,40124416,13918208,49952,160858,2026-08-03T11:58:23.341552Z
M4,1132,saturated,M4,true,92.000,189.278,380.194,542.014,1131027.102,1131473.985,1131509.397,0,482184,40132608,13926400,49956,161042,2026-08-03T11:58:23.341552Z
M4,1133,saturated,M4,true,88.000,187.410,307.079,366.834,1131991.333,1132435.580,1132496.959,0,482433,40140800,13934592,50000,161229,2026-08-03T11:58:23.341552Z
M4,1134,saturated,M4,true,99.000,193.511,333.453,464.408,1133002.379,1133467.485,1133511.343,0,482618,40148992,13942784,49910,161419,2026-08-03T11:58:23.341552Z
M4,1135,saturated,M4,true,91.000,194.537,290.742,341.068,1134015.842,1134467.020,1134494.436,0,482908,40165376,13942784,49950,161615,2026-08-03T11:58:23.341552Z
M4,1136,saturated,M4,true,84.000,198.030,341.447,370.578,1135025.057,1135435.953,1135504.159,0,483299,40198144,13959168,50009,161786,2026-08-03T11:58:23.341552Z
M4,1137,saturated,M4,true,95.000,176.691,302.725,446.142,1136001.171,1136425.746,1136501.781,0,483479,40222720,13959168,49945,161983,2026-08-03T11:58:23.341552Z
M4,1138,saturated,M4,true,101.000,192.895,301.883,398.846,1137027.521,1137482.301,1137497.561,0,483746,40255488,13975552,49907,162169,2026-08-03T11:58:23.341552Z
M4,1139,saturated,M4,true,93.000,187.472,337.366,393.178,1137997.068,1138443.665,1138481.756,0,484119,40345600,13983744,50004,162368,2026-08-03T11:58:23.341552Z
M4,1140,saturated,M4,true,92.000,185.560,315.962,346.485,1138946.286,1139447.075,1139500.077,0,484450,40353792,14000128,49953,162560,2026-08-03T11:58:23.341552Z
M4,1141,saturated,M4,true,90.000,195.872,361.009,532.829,1139995.772,1140407.395,1140493.887,0,484667,40370176,14000128,49908,162740,2026-08-03T11:58:23.341552Z
M4,1142,saturated,M4,true,92.000,204.594,290.458,354.753,1140996.135,1141436.703,1141513.539,0,484985,40386560,14008320,49955,162928,2026-08-03T11:58:23.341552Z
M4,1143,saturated,M4,true,96.000,189.909,299.327,454.194,1142011.801,1142460.887,1142491.027,0,485290,40411136,14008320,49997,163123,2026-08-03T11:58:23.341552Z
M4,1144,saturated,M4,true,86.000,205.089,349.206,401.679,1142961.947,1143459.637,1143487.998,0,485483,40419328,14016512,49913,163289,2026-08-03T11:58:23.341552Z
M4,1145,saturated,M4,true,88.000,188.699,316.537,341.657,1143988.327,1144401.817,1144480.810,0,485786,40435712,14024704,49956,163478,2026-08-03T11:58:23.341552Z
M4,1146,saturated,M4,true,94.000,195.971,309.060,478.517,1145056.547,1145466.524,1145508.309,0,486107,40452096,14041088,49997,163652,2026-08-03T11:58:23.341552Z
M4,1147,saturated,M4,true,89.000,199.025,311.868,327.024,1146031.842,1146459.154,1146503.371,0,486298,40452096,14041088,49915,163839,2026-08-03T11:58:23.341552Z
M4,1148,saturated,M4,true,89.000,194.344,337.486,433.616,1147025.059,1147466.436,1147516.967,0,486466,40468480,14049280,49953,164022,2026-08-03T11:58:23.341552Z
M4,1149,saturated,M4,true,96.000,194.949,311.848,346.341,1148008.309,1148480.825,1148488.685,0,486867,40484864,14057472,49996,164204,2026-08-03T11:58:23.341552Z
M4,1150,saturated,M4,true,89.000,190.153,316.106,431.317,1149043.411,1149475.118,1149513.202,0,487112,40484864,14065664,49960,164393,2026-08-03T11:58:23.341552Z
M4,1151,saturated,M4,true,89.000,194.721,316.135,486.817,1150000.057,1150509.788,1150521.223,0,487388,40517632,14065664,49910,164572,2026-08-03T11:58:23.341552Z
M4,1152,saturated,M4,true,92.000,192.682,332.600,390.999,1151027.704,1151469.577,1151511.804,0,487752,40574976,14090240,50037,164754,2026-08-03T11:58:23.341552Z
M4,1153,saturated,M4,true,85.000,197.718,367.275,409.974,1151981.492,1152417.784,1152498.867,0,487945,40599552,14090240,49947,164942,2026-08-03T11:58:23.341552Z
M4,1154,saturated,M4,true,91.000,200.549,310.672,369.242,1153008.714,1153392.148,1153521.650,0,488133,40656896,14098432,49919,165130,2026-08-03T11:58:23.341552Z
M4,1155,saturated,M4,true,93.000,207.767,305.151,370.241,1154040.613,1154443.817,1154510.506,0,488548,40689664,14106624,49997,165310,2026-08-03T11:58:23.341552Z
M4,1156,saturated,M4,true,82.000,200.740,385.124,519.242,1154967.693,1155396.358,1155519.808,0,488763,40697856,14114816,49953,165488,2026-08-03T11:58:23.341552Z
M4,1157,saturated,M4,true,89.000,194.237,314.152,337.919,1155995.214,1156420.638,1156453.507,0,488985,40714240,14123008,49922,165665,2026-08-03T11:58:23.341552Z
M4,1158,saturated,M4,true,96.000,193.281,328.401,398.775,1156994.853,1157455.993,1157518.089,0,489307,40730624,14131200,49989,165850,2026-08-03T11:58:23.341552Z
M4,1159,saturated,M4,true,92.000,204.050,318.864,391.622,1158037.583,1158494.427,1158519.849,0,489538,40747008,14131200,49951,166032,2026-08-03T11:58:23.341552Z
M4,1160,saturated,M4,true,88.000,183.117,356.623,398.975,1158968.507,1159430.841,1159463.842,0,489852,40763392,14139392,49907,166219,2026-08-03T11:58:23.341552Z
M4,1161,saturated,M4,true,87.000,194.903,304.863,350.252,1159969.422,1160509.406,1160511.171,0,490172,40779776,14147584,49998,166403,2026-08-03T11:58:23.341552Z
M4,1162,saturated,M4,true,95.000,183.419,293.561,377.448,1160990.979,1161442.838,1161508.225,0,490372,40779776,14155776,49956,166587,2026-08-03T11:58:23.341552Z
M4,1163,saturated,M4,true,95.000,190.553,250.653,289.404,1162027.669,1162459.953,1162502.731,0,490567,40796160,14163968,49913,166780,2026-08-03T11:58:23.341552Z
M4,1164,saturated,M4,true,92.000,189.471,300.419,325.907,1163021.206,1163413.102,1163476.547,0,491022,40812544,14188544,49992,166969,2026-08-03T11:58:23.341552Z
M4,1165,saturated,M4,true,100.000,188.900,275.840,327.747,1163978.195,1164478.484,1164490.464,0,491233,40820736,14188544,49953,167156,2026-08-03T11:58:23.341552Z
M4,1166,saturated,M4,true,80.000,192.634,392.060,414.024,1164966.419,1165477.343,1165514.926,0,491463,40845312,14196736,49911,167320,2026-08-03T11:58:23.341552Z
M4,1167,saturated,M4,true,94.000,172.371,310.880,337.567,1166008.103,1166458.048,1166491.644,0,491651,40902656,14196736,49961,167520,2026-08-03T11:58:23.341552Z
M4,1168,saturated,M4,true,90.000,188.475,317.026,392.971,1166990.512,1167484.750,1167512.944,0,491960,40927232,14204928,49993,167701,2026-08-03T11:58:23.341552Z
M4,1169,saturated,M4,true,92.000,191.744,314.976,425.124,1168011.638,1168439.461,1168520.562,0,492264,40960000,14213120,49959,167893,2026-08-03T11:58:23.341552Z
M4,1170,saturated,M4,true,91.000,195.451,297.154,504.165,1168952.399,1169460.964,1169521.672,0,492549,41009152,14221312,49906,168077,2026-08-03T11:58:23.341552Z
M4,1171,saturated,M4,true,93.000,205.870,300.276,372.654,1170035.035,1170440.795,1170503.887,0,492972,41033728,14229504,49994,168267,2026-08-03T11:58:23.341552Z
M4,1172,saturated,M4,true,94.000,187.272,314.776,365.527,1171044.706,1171470.848,1171509.486,0,493136,41033728,14237696,49955,168450,2026-08-03T11:58:23.341552Z
M4,1173,saturated,M4,true,94.000,190.914,318.719,373.260,1172019.867,1172464.165,1172513.022,0,493336,41050112,14245888,49910,168642,2026-08-03T11:58:23.341552Z
M4,1174,saturated,M4,true,91.000,197.363,264.879,371.953,1173040.397,1173427.251,1173499.953,0,493706,41082880,14254080,49992,168836,2026-08-03T11:58:23.341552Z
M4,1175,saturated,M4,true,84.000,191.816,342.640,375.789,1173933.214,1174461.761,1174512.763,0,493974,41082880,14254080,49960,168998,2026-08-03T11:58:23.341552Z
M4,1176,saturated,M4,true,86.000,217.501,372.280,437.466,1174953.688,1175469.444,1175483.353,0,494253,41099264,14270464,49925,169170,2026-08-03T11:58:23.341552Z
M4,1177,saturated,M4,true,82.000,191.172,328.392,378.552,1176058.414,1176413.122,1176508.762,0,494533,41107456,14278656,49987,169340,2026-08-03T11:58:23.341552Z
M4,1178,saturated,M4,true,104.000,160.403,277.303,390.019,1176978.990,1177455.442,1177487.313,0,494739,41115648,14286848,49944,169549,2026-08-03T11:58:23.341552Z
M4,1179,saturated,M4,true,87.000,189.698,348.694,405.777,1178013.297,1178450.395,1178496.689,0,495024,41132032,14295040,50009,169723,2026-08-03T11:58:23.341552Z
M4,1180,saturated,M4,true,95.000,194.766,350.567,432.629,1178998.169,1179472.799,1179516.059,0,495277,41132032,14303232,49950,169911,2026-08-03T11:58:23.341552Z
M4,1181,saturated,M4,true,75.000,220.485,353.985,379.335,1179948.516,1180488.480,1180509.640,0,495546,41148416,14311424,49911,170073,2026-08-03T12:01:23.207263Z
M4,1182,saturated,M4,true,92.000,201.588,347.675,383.949,1181057.314,1181475.208,1181518.352,0,495917,41336832,14311424,49969,170254,2026-08-03T12:01:23.207263Z
M4,1183,saturated,M4,true,93.000,194.040,312.922,409.338,1182043.166,1182476.385,1182499.943,0,496115,41336832,14319616,49987,170441,2026-08-03T12:01:23.207263Z
M4,1184,saturated,M4,true,85.000,204.254,344.262,408.903,1183016.278,1183462.364,1183505.928,0,496302,41345024,14319616,49968,170617,2026-08-03T12:01:23.207263Z
M4,1185,saturated,M4,true,85.000,200.237,308.554,340.046,1183979.082,1184401.140,1184479.821,0,496573,41361408,14336000,49914,170790,2026-08-03T12:01:23.207263Z
M4,1186,saturated,M4,true,90.000,213.884,313.489,369.197,1184943.752,1185481.246,1185482.896,0,496927,41377792,14336000,49982,170970,2026-08-03T12:01:23.207263Z
M4,1187,saturated,M4,true,87.000,191.753,315.201,460.069,1186013.059,1186464.281,1186512.501,0,497143,41377792,14344192,49977,171145,2026-08-03T12:01:23.207263Z
M4,1188,saturated,M4,true,94.000,194.813,326.932,370.370,1186995.574,1187481.275,1187519.428,0,497350,41394176,14352384,49909,171336,2026-08-03T12:01:23.207263Z
M4,1189,saturated,M4,true,91.000,194.318,307.424,409.010,1187996.829,1188466.071,1188488.024,0,497655,41402368,14376960,49978,171430,2026-08-03T12:01:23.207263Z
M4,1190,saturated,M4,true,84.000,181.868,295.383,463.868,1188959.736,1189437.582,1189501.622,0,497834,41410560,14376960,49978,171616,2026-08-03T12:01:23.207263Z
M4,1191,saturated,M4,true,98.000,185.672,300.575,416.986,1190003.302,1190474.909,1190500.041,0,498085,41410560,14385152,49908,171792,2026-08-03T12:01:23.207263Z
M4,1192,saturated,M4,true,89.000,197.561,285.035,335.071,1191004.126,1191475.541,1191486.993,0,498454,41435136,14385152,49977,171988,2026-08-03T12:01:23.207263Z
M4,1193,saturated,M4,true,92.000,202.368,296.158,363.374,1192002.969,1192477.909,1192510.614,0,498689,41443328,14401536,49975,172161,2026-08-03T12:01:23.207263Z
M4,1194,saturated,M4,true,88.000,186.359,312.492,469.987,1192988.711,1193415.369,1193499.097,0,498906,41443328,14401536,49901,172355,2026-08-03T12:01:23.207263Z
M4,1195,saturated,M4,true,96.000,183.853,324.808,452.282,1194013.493,1194444.459,1194499.685,0,499095,41467904,14409728,49985,172543,2026-08-03T12:01:23.207263Z
M4,1196,saturated,M4,true,75.000,195.954,408.460,472.626,1194880.001,1195510.256,1195514.662,0,499528,41484288,14417920,49980,172728,2026-08-03T12:01:23.207263Z
M4,1197,saturated,M4,true,78.000,201.057,364.216,407.298,1196063.190,1196496.966,1196503.015,0,499717,41533440,14426112,49928,172860,2026-08-03T12:01:23.207263Z
M4,1198,saturated,M4,true,100.000,183.400,349.411,361.692,1197009.149,1197474.562,1197498.801,0,500028,41631744,14434304,49966,173037,2026-08-03T12:01:23.207263Z
M4,1199,saturated,M4,true,92.000,188.497,279.816,340.201,1197976.209,1198446.725,1198503.354,0,500222,41664512,14442496,49962,173237,2026-08-03T12:01:23.207263Z
M4,1200,saturated,M4,true,89.000,194.424,381.922,472.778,1199047.664,1199425.317,1199499.146,0,500529,41672704,14442496,49929,173424,2026-08-03T12:01:23.207263Z
M4,1201,saturated,M4,true,87.000,207.834,301.015,339.829,1199983.412,1200448.261,1200500.797,0,500874,41689088,14458880,49973,173600,2026-08-03T12:01:23.207263Z
M4,1202,saturated,M4,true,94.000,206.780,315.599,357.544,1201036.097,1201485.487,1201507.269,0,501116,41697280,14467072,49966,173777,2026-08-03T12:01:23.207263Z
M4,1203,saturated,M4,true,85.000,206.974,330.303,408.810,1201989.269,1202435.462,1202510.062,0,501340,41705472,14467072,49932,173962,2026-08-03T12:01:23.207263Z
M4,1204,saturated,M4,true,85.000,214.287,331.235,493.350,1202959.260,1203423.236,1203450.064,0,501636,41721856,14475264,49968,174135,2026-08-03T12:01:23.207263Z
M4,1205,saturated,M4,true,95.000,194.476,350.542,407.748,1204038.786,1204492.525,1204513.926,0,501908,41730048,14483456,49967,174319,2026-08-03T12:01:23.207263Z
M4,1206,saturated,M4,true,79.000,214.840,377.840,451.957,1204978.448,1205443.339,1205502.559,0,502140,41738240,14499840,49940,174507,2026-08-03T12:01:23.207263Z
M4,1207,saturated,M4,true,92.000,196.722,356.108,409.224,1206012.156,1206455.708,1206492.926,0,502326,41754624,14499840,49964,174670,2026-08-03T12:01:23.207263Z
M4,1208,saturated,M4,true,93.000,197.785,359.299,534.217,1207018.374,1207464.571,1207503.565,0,502688,41762816,14508032,49962,174856,2026-08-03T12:01:23.207263Z
M4,1209,saturated,M4,true,85.000,207.311,323.566,357.088,1208004.779,1208426.676,1208500.728,0,502896,41771008,14508032,49939,175035,2026-08-03T12:01:23.207263Z
M4,1210,saturated,M4,true,94.000,208.125,338.352,380.848,1208989.232,1209501.764,1209501.788,0,503205,41779200,14524416,49966,175217,2026-08-03T12:01:23.207263Z
M4,1211,saturated,M4,true,85.000,202.540,345.726,390.740,1210030.744,1210460.887,1210509.601,0,503451,41795584,14524416,49961,175390,2026-08-03T12:01:23.207263Z
M4,1212,saturated,M4,true,85.000,201.642,330.065,426.365,1211044.666,1211471.672,1211509.507,0,503713,41861120,14532608,49939,175569,2026-08-03T12:01:23.207263Z
M4,1213,saturated,M4,true,90.000,207.696,332.795,377.131,1211979.364,1212413.533,1212489.546,0,503982,41943040,14532608,49971,175749,2026-08-03T12:01:23.207263Z
M4,1214,saturated,M4,true,82.000,194.902,342.788,385.876,1213003.471,1213411.578,1213459.496,0,504283,41975808,14557184,49961,175930,2026-08-03T12:01:23.207263Z
M4,1215,saturated,M4,true,88.000,199.618,303.917,368.988,1214005.185,1214426.565,1214508.198,0,504565,41992192,14565376,49937,176111,2026-08-03T12:01:23.207263Z
M4,1216,saturated,M4,true,80.000,188.088,348.037,470.051,1214938.807,1215419.636,1215465.760,0,504819,42008576,14573568,49975,176263,2026-08-03T12:01:23.207263Z
M4,1217,saturated,M4,true,82.000,205.100,314.681,354.272,1216027.344,1216454.327,1216491.483,0,504985,42016768,14573568,49971,176427,2026-08-03T12:01:23.207263Z
M4,1218,saturated,M4,true,89.000,182.770,310.315,390.700,1217056.921,1217442.049,1217468.369,0,505243,42024960,14581760,49930,176614,2026-08-03T12:01:23.207263Z
M4,1219,saturated,M4,true,91.000,198.389,317.460,386.495,1218052.123,1218452.794,1218497.699,0,505514,42041344,14589952,49964,176803,2026-08-03T12:01:23.207263Z
M4,1220,saturated,M4,true,96.000,175.781,304.040,362.458,1219012.097,1219479.446,1219497.447,0,505811,42049536,14598144,49968,176978,2026-08-03T12:01:23.207263Z
M4,1221,saturated,M4,true,89.000,199.065,335.711,404.692,1220087.724,1220508.530,1220508.576,0,506050,42057728,14598144,49927,177158,2026-08-03T12:01:23.207263Z
M4,1222,saturated,M4,true,87.000,203.190,298.596,334.616,1221064.351,1221480.266,1221495.580,0,506326,42074112,14622720,49975,177328,2026-08-03T12:01:23.207263Z
M4,1223,saturated,M4,true,80.000,212.607,313.990,393.535,1222080.534,1222417.642,1222482.658,0,506661,42082304,14622720,49968,177520,2026-08-03T12:01:23.207263Z
M4,1224,saturated,M4,true,92.000,194.192,332.224,356.044,1222978.141,1223440.220,1223500.509,0,506860,42082304,14630912,49927,177688,2026-08-03T12:01:23.207263Z
M4,1225,saturated,M4,true,87.000,192.338,297.842,458.818,1223989.276,1224476.247,1224491.293,0,507041,42098688,14630912,49972,177871,2026-08-03T12:01:23.207263Z
M4,1226,saturated,M4,true,85.000,211.353,303.989,347.476,1224995.958,1225459.417,1225503.541,0,507396,42115072,14647296,49974,178051,2026-08-03T12:01:23.207263Z
M4,1227,saturated,M4,true,89.000,214.849,299.513,345.853,1226034.457,1226456.695,1226491.402,0,507638,42164224,14647296,49932,178223,2026-08-03T12:01:23.207263Z
M4,1228,saturated,M4,true,85.000,208.336,396.090,528.716,1227030.664,1227477.078,1227498.632,0,507970,42229760,14655488,49962,178402,2026-08-03T12:01:23.207263Z
M4,1229,saturated,M4,true,79.000,208.163,353.413,366.820,1227964.076,1228448.342,1228450.197,0,508242,42278912,14663680,49975,178581,2026-08-03T12:01:23.207263Z
M4,1230,saturated,M4,true,92.000,198.308,303.997,321.221,1229008.580,1229435.895,1229500.567,0,508460,42303488,14671872,49938,178743,2026-08-03T12:01:23.207263Z
M4,1231,saturated,M4,true,89.000,212.251,325.806,392.804,1230016.517,1230481.293,1230487.479,0,508734,42319872,14688256,49952,178928,2026-08-03T12:01:23.207263Z
M4,1232,saturated,M4,true,89.000,185.792,304.230,478.999,1230995.671,1231478.381,1231492.091,0,509025,42336256,14688256,50004,179107,2026-08-03T12:01:23.207263Z
M4,1233,saturated,M4,true,88.000,208.397,364.674,537.765,1232040.659,1232480.331,1232493.535,0,509192,42336256,14696448,49916,179280,2026-08-03T12:01:23.207263Z
M4,1234,saturated,M4,true,85.000,200.978,349.704,485.816,1233002.250,1233450.903,1233493.226,0,509399,42352640,14696448,49949,179457,2026-08-03T12:01:23.207263Z
M4,1235,saturated,M4,true,87.000,202.081,306.221,367.938,1233976.216,1234420.506,1234457.456,0,509854,42369024,14712832,50006,179640,2026-08-03T12:01:23.207263Z
M4,1236,saturated,M4,true,80.000,236.237,373.794,419.229,1234940.342,1235405.961,1235467.679,0,510008,42369024,14712832,49926,179799,2026-08-03T12:01:23.207263Z
M4,1237,saturated,M4,true,92.000,175.333,334.785,412.197,1236015.356,1236476.559,1236497.750,0,510198,42385408,14721024,49947,179982,2026-08-03T12:01:23.207263Z
M4,1238,saturated,M4,true,91.000,215.050,333.300,422.148,1237005.823,1237496.663,1237503.541,0,510627,42418176,14721024,49995,180162,2026-08-03T12:01:23.207263Z
M4,1239,saturated,M4,true,83.000,210.224,308.797,365.563,1237997.651,1238455.616,1238491.957,0,510808,42418176,14737408,49927,180331,2026-08-03T12:01:23.207263Z
M4,1240,saturated,M4,true,87.000,204.542,308.675,387.177,1238997.710,1239434.960,1239484.059,0,511077,42434560,14745600,49944,180510,2026-08-03T12:01:23.207263Z
M4,1241,saturated,M4,true,89.000,206.990,339.849,463.282,1239995.429,1240467.062,1240488.132,0,511287,42450944,14761984,49993,180690,2026-08-03T12:01:23.207263Z
M4,1242,saturated,M4,true,84.000,201.819,320.113,436.082,1241006.544,1241443.229,1241472.736,0,511461,42459136,14761984,49916,180867,2026-08-03T12:01:23.207263Z
M4,1243,saturated,M4,true,91.000,200.756,352.262,509.428,1242019.910,1242461.254,1242487.335,0,511748,42516480,14778368,49960,181044,2026-08-03T12:01:23.207263Z
M4,1244,saturated,M4,true,88.000,207.878,388.313,464.622,1243031.039,1243469.247,1243495.350,0,511920,42582016,14778368,49993,181220,2026-08-03T12:01:23.207263Z
M4,1245,saturated,M4,true,80.000,210.644,328.355,439.349,1244001.983,1244387.029,1244418.219,0,512231,42606592,14786560,49913,181392,2026-08-03T12:01:23.207263Z
M4,1246,saturated,M4,true,84.000,209.985,354.085,502.839,1244949.848,1245413.138,1245476.598,0,512461,42631168,14786560,49970,181559,2026-08-03T12:01:23.207263Z
M4,1247,saturated,M4,true,86.000,195.981,328.909,397.268,1245986.614,1246420.420,1246489.564,0,512699,42647552,14786560,49915,181734,2026-08-03T12:01:23.207263Z
M4,1248,saturated,M4,true,90.000,203.951,309.570,360.286,1247015.499,1247420.239,1247474.341,0,513082,42663936,14811136,49984,181912,2026-08-03T12:01:23.207263Z
M4,1249,saturated,M4,true,83.000,213.814,314.810,354.910,1248008.495,1248428.379,1248466.262,0,513242,42672128,14811136,49965,182078,2026-08-03T12:01:23.207263Z
M4,1250,saturated,M4,true,88.000,186.967,312.145,386.378,1248960.250,1249421.598,1249449.461,0,513492,42680320,14819328,49923,182267,2026-08-03T12:01:23.207263Z
M4,1251,saturated,M4,true,86.000,192.730,383.384,461.446,1249965.149,1250437.262,1250455.071,0,513796,42696704,14819328,49982,182437,2026-08-03T12:01:23.207263Z
M4,1252,saturated,M4,true,87.000,206.822,351.343,397.596,1250982.155,1251444.500,1251471.762,0,514107,42704896,14835712,49968,182619,2026-08-03T12:01:23.207263Z
M4,1253,saturated,M4,true,88.000,205.708,328.602,386.385,1252032.774,1252443.726,1252492.237,0,514333,42704896,14835712,49922,182790,2026-08-03T12:01:23.207263Z
M4,1254,saturated,M4,true,82.000,206.243,315.106,417.531,1252966.197,1253418.879,1253490.487,0,514626,42729472,14852096,49947,182972,2026-08-03T12:01:23.207263Z
M4,1255,saturated,M4,true,95.000,203.124,342.168,463.661,1253949.075,1254475.809,1254488.834,0,514777,42754048,14852096,49999,183145,2026-08-03T12:01:23.207263Z
M4,1256,saturated,M4,true,73.000,229.574,449.790,504.237,1254963.828,1255468.074,1255490.854,0,515076,42754048,14868480,49938,183304,2026-08-03T12:01:23.207263Z
M4,1257,saturated,M4,true,82.000,190.795,294.162,410.119,1255939.381,1256405.345,1256479.889,0,515284,42770432,14876672,49941,183478,2026-08-03T12:01:23.207263Z
M4,1258,saturated,M4,true,95.000,205.572,326.439,431.909,1256957.972,1257394.546,1257485.385,0,515654,42811392,14884864,49987,183656,2026-08-03T12:01:23.207263Z
M4,1259,saturated,M4,true,82.000,213.340,363.117,552.429,1257961.773,1258441.594,1258487.188,0,515848,42868736,14884864,49942,183837,2026-08-03T12:01:23.207263Z
M4,1260,saturated,M4,true,87.000,205.916,375.343,434.619,1259007.052,1259449.101,1259478.492,0,516063,42901504,14893056,49950,183992,2026-08-03T12:01:23.207263Z
M4,1261,saturated,M4,true,79.000,215.875,335.147,367.398,1260001.904,1260412.972,1260482.628,0,516348,42942464,14901248,50008,184168,2026-08-03T12:01:23.207263Z
M4,1262,saturated,M4,true,94.000,200.363,338.331,401.536,1260994.774,1261447.470,1261472.590,0,516607,42950656,14909440,49918,184348,2026-08-03T12:01:23.207263Z
M4,1263,saturated,M4,true,85.000,200.840,370.620,426.286,1262059.077,1262450.272,1262484.310,0,516834,42975232,14909440,49950,184518,2026-08-03T12:01:23.207263Z
M4,1264,saturated,M4,true,87.000,191.288,312.461,361.975,1262974.541,1263415.665,1263457.855,0,517175,42991616,14925824,49996,184705,2026-08-03T12:01:23.207263Z
M4,1265,saturated,M4,true,93.000,215.881,328.545,395.738,1264008.839,1264470.980,1264479.252,0,517422,42991616,14925824,49923,184886,2026-08-03T12:01:23.207263Z
M4,1266,saturated,M4,true,73.000,219.828,370.239,472.532,1264943.543,1265445.286,1265478.799,0,517623,43008000,14934016,49956,185051,2026-08-03T12:01:23.207263Z
M4,1267,saturated,M4,true,92.000,192.984,285.169,324.456,1265896.086,1266478.787,1266487.441,0,517959,43024384,14950400,49995,185232,2026-08-03T12:01:23.207263Z
M4,1268,saturated,M4,true,99.000,188.043,278.134,322.623,1267012.638,1267467.214,1267490.477,0,518187,43024384,14950400,49910,185424,2026-08-03T12:01:23.207263Z
M4,1269,saturated,M4,true,84.000,202.286,290.687,421.171,1267953.852,1268408.869,1268478.094,0,518513,43048960,14966784,49959,185599,2026-08-03T12:01:23.207263Z
M4,1270,saturated,M4,true,89.000,205.131,370.325,417.339,1268998.194,1269454.749,1269489.401,0,518707,43048960,14966784,49913,185780,2026-08-03T12:01:23.207263Z
M4,1271,saturated,M4,true,86.000,205.240,330.182,522.653,1270017.775,1270433.346,1270475.835,0,519011,43081728,14974976,49997,185950,2026-08-03T12:01:23.207263Z
M4,1272,saturated,M4,true,91.000,198.238,352.063,407.351,1271011.669,1271438.224,1271487.975,0,519306,43081728,14974976,49957,186131,2026-08-03T12:01:23.207263Z
M4,1273,saturated,M4,true,82.000,212.798,322.830,476.262,1271996.788,1272432.077,1272457.579,0,519509,43098112,14991360,49916,186305,2026-08-03T12:01:23.207263Z
M4,1274,saturated,M4,true,91.000,198.323,382.627,439.494,1272975.348,1273418.793,1273459.502,0,519855,43163648,14999552,49995,186478,2026-08-03T12:01:23.207263Z
M4,1275,saturated,M4,true,83.000,193.414,391.852,502.159,1273968.929,1274418.650,1274470.148,0,520086,43204608,15007744,49958,186658,2026-08-03T12:01:23.207263Z
M4,1276,saturated,M4,true,81.000,219.529,347.097,504.609,1274943.423,1275435.651,1275479.982,0,520309,43229184,15007744,49919,186819,2026-08-03T12:01:23.207263Z
M4,1277,saturated,M4,true,89.000,203.963,332.117,405.297,1275994.521,1276403.338,1276462.044,0,520483,43278336,15024128,49990,187000,2026-08-03T12:01:23.207263Z
M4,1278,saturated,M4,true,86.000,192.331,370.663,467.125,1277000.521,1277417.461,1277470.322,0,520840,43294720,15024128,49953,187172,2026-08-03T12:01:23.207263Z
M4,1279,saturated,M4,true,85.000,209.040,314.930,335.176,1277955.126,1278431.073,1278453.900,0,521078,43302912,15032320,49917,187351,2026-08-03T12:01:23.207263Z
M4,1280,saturated,M4,true,84.000,203.775,368.370,462.039,1279009.863,1279409.752,1279481.257,0,521390,43319296,15040512,49998,187527,2026-08-03T12:01:23.207263Z
M4,1281,saturated,M4,true,90.000,206.818,311.437,423.875,1280002.863,1280439.228,1280482.396,0,521574,43319296,15048704,49943,187694,2026-08-03T12:01:23.207263Z
M4,1282,saturated,M4,true,89.000,199.250,327.420,425.311,1280983.531,1281445.741,1281460.373,0,521804,43327488,15056896,49930,187871,2026-08-03T12:01:23.207263Z
M4,1283,saturated,M4,true,87.000,196.678,324.844,511.283,1281982.545,1282472.032,1282488.567,0,522130,43352064,15073280,49998,188055,2026-08-03T12:01:23.207263Z
M4,1284,saturated,M4,true,86.000,204.770,326.169,416.761,1283020.254,1283448.093,1283483.742,0,522383,43352064,15073280,49940,188222,2026-08-03T12:01:23.207263Z
M4,1285,saturated,M4,true,84.000,194.603,363.381,493.164,1283979.329,1284398.865,1284482.358,0,522641,43368448,15081472,49929,188401,2026-08-03T12:01:23.207263Z
M4,1286,saturated,M4,true,79.000,222.678,367.011,431.042,1284950.435,1285436.835,1285484.458,0,522968,43384832,15089664,50008,188561,2026-08-03T12:01:23.207263Z
M4,1287,saturated,M4,true,92.000,192.470,294.370,556.471,1285969.156,1286433.385,1286477.551,0,523168,43401216,15089664,49941,188749,2026-08-03T12:01:23.207263Z
M4,1288,saturated,M4,true,86.000,190.830,339.741,388.787,1286955.003,1287429.081,1287473.047,0,523429,43417600,15097856,49931,188922,2026-08-03T12:01:23.207263Z
M4,1289,saturated,M4,true,81.000,220.883,367.337,501.924,1287967.923,1288414.701,1288449.151,0,523734,43450368,15106048,49976,189090,2026-08-03T12:01:23.207263Z
M4,1290,saturated,M4,true,88.000,205.944,336.563,403.171,1289017.471,1289482.103,1289488.111,0,523908,43474944,15114240,49946,189261,2026-08-03T12:01:23.207263Z
M4,1291,saturated,M4,true,85.000,203.394,274.058,401.151,1289968.615,1290400.130,1290483.813,0,524094,43507712,15114240,49906,189439,2026-08-03T12:01:23.207263Z
M4,1292,saturated,M4,true,90.000,194.817,309.390,363.125,1290918.590,1291416.239,1291483.368,0,524440,43573248,15138816,49961,189627,2026-08-03T12:01:23.207263Z
M4,1293,saturated,M4,true,91.000,204.210,330.508,598.054,1291993.313,1292437.636,1292480.324,0,524594,43597824,15138816,49953,189794,2026-08-03T12:01:23.207263Z
M4,1294,saturated,M4,true,83.000,205.378,330.166,425.156,1292991.163,1293411.822,1293451.342,0,524904,43606016,15147008,49917,189980,2026-08-03T12:01:23.207263Z
M4,1295,saturated,M4,true,88.000,202.615,329.163,388.112,1293957.765,1294453.168,1294466.397,0,525226,43622400,15155200,49999,190154,2026-08-03T12:01:23.207263Z
M4,1296,saturated,M4,true,91.000,204.496,343.490,446.331,1295000.070,1295440.355,1295482.179,0,525529,43630592,15163392,50001,190321,2026-08-03T12:01:23.207263Z
M4,1297,saturated,M4,true,83.000,212.617,307.881,345.730,1296034.555,1296414.800,1296480.438,0,525759,43638784,15163392,49916,190505,2026-08-03T12:01:23.207263Z
M4,1298,saturated,M4,true,84.000,212.785,344.068,405.178,1297010.250,1297454.624,1297477.832,0,525941,43646976,15171584,49962,190674,2026-08-03T12:01:23.207263Z
M4,1299,saturated,M4,true,85.000,207.550,332.037,430.888,1297968.326,1298389.050,1298459.490,0,526198,43671552,15179776,49910,190855,2026-08-03T12:01:23.207263Z
M4,1300,saturated,M4,true,88.000,191.211,292.767,351.766,1298923.444,1299361.649,1299419.659,0,526625,43687936,15187968,49995,191036,2026-08-03T12:01:23.207263Z
M4,1301,saturated,M4,true,89.000,196.398,317.142,449.734,1299939.316,1300359.029,1300456.632,0,526793,43696128,15196160,49958,191211,2026-08-03T12:01:23.207263Z
M4,1302,saturated,M4,true,91.000,209.687,362.247,445.370,1301008.339,1301407.263,1301479.222,0,526988,43712512,15204352,49918,191386,2026-08-03T12:01:23.207263Z
M4,1303,saturated,M4,true,84.000,204.415,336.350,422.342,1301971.619,1302396.119,1302463.186,0,527361,43728896,15212544,49991,191559,2026-08-03T12:01:23.207263Z
M4,1304,saturated,M4,true,73.000,230.938,350.241,383.294,1303010.877,1303390.740,1303443.129,0,527568,43737088,15212544,49972,191719,2026-08-03T12:01:23.207263Z
M4,1305,saturated,M4,true,92.000,203.385,314.109,438.969,1303997.480,1304449.871,1304478.302,0,527771,43786240,15220736,49914,191886,2026-08-03T12:01:23.207263Z
M4,1306,saturated,M4,true,72.000,215.931,400.467,579.164,1304934.532,1305481.126,1305481.150,0,528130,43835392,15237120,49983,192047,2026-08-03T12:01:23.207263Z
M4,1307,saturated,M4,true,74.000,243.142,392.773,504.706,1306077.399,1306449.097,1306478.643,0,528286,43835392,15245312,49996,192188,2026-08-03T12:01:23.207263Z
M4,1308,saturated,M4,true,85.000,203.818,339.627,561.182,1306963.622,1307415.720,1307426.412,0,528466,43876352,15245312,49958,192366,2026-08-03T12:01:23.207263Z
M4,1309,saturated,M4,true,84.000,212.069,381.850,446.508,1307938.424,1308453.725,1308471.611,0,528738,43909120,15253504,49919,192532,2026-08-03T12:01:23.207263Z
M4,1310,saturated,M4,true,80.000,206.744,320.762,423.773,1308982.844,1309422.899,1309472.905,0,529094,43933696,15261696,49999,192697,2026-08-03T12:01:23.207263Z
M4,1311,saturated,M4,true,74.000,243.351,395.944,473.210,1310038.205,1310418.837,1310477.681,0,529261,43933696,15269888,49963,192849,2026-08-03T12:01:23.207263Z
M4,1312,saturated,M4,true,85.000,209.222,313.588,339.620,1310987.541,1311360.018,1311474.195,0,529434,43950080,15278080,49919,193027,2026-08-03T12:01:23.207263Z
M4,1313,saturated,M4,true,94.000,213.766,299.366,316.167,1311995.302,1312432.449,1312473.732,0,529810,43966464,15286272,49981,193210,2026-08-03T12:01:23.207263Z
M4,1314,saturated,M4,true,86.000,205.226,286.554,333.039,1312969.832,1313397.290,1313417.480,0,530038,43966464,15286272,49970,193391,2026-08-03T12:01:23.207263Z
M4,1315,saturated,M4,true,86.000,208.196,323.076,377.907,1313994.056,1314425.823,1314475.914,0,530248,43982848,15286272,49916,193559,2026-08-03T12:01:23.207263Z
M4,1316,saturated,M4,true,78.000,222.597,412.672,564.287,1314973.567,1315455.218,1315474.517,0,530521,44007424,15302656,49953,193716,2026-08-03T12:01:23.207263Z
M4,1317,saturated,M4,true,79.000,208.090,425.808,532.344,1315963.120,1316442.963,1316471.112,0,530814,44015616,15302656,50013,193877,2026-08-03T12:01:23.207263Z
M4,1318,saturated,M4,true,83.000,191.804,358.003,421.388,1316957.372,1317346.565,1317470.868,0,531012,44032000,15310848,49930,194052,2026-08-03T12:01:23.207263Z
M4,1319,saturated,M4,true,95.000,188.459,291.235,516.564,1317963.119,1318431.382,1318471.649,0,531363,44048384,15327232,49929,194237,2026-08-03T12:01:23.207263Z
M4,1320,saturated,M4,true,82.000,224.796,304.052,382.921,1318955.412,1319449.389,1319475.999,0,531604,44064768,15343616,50016,194403,2026-08-03T12:01:23.207263Z
M4,1321,saturated,M4,true,82.000,230.102,319.846,409.245,1320000.297,1320370.817,1320416.219,0,531801,44081152,15343616,49942,194573,2026-08-03T12:01:23.207263Z
M4,1322,saturated,M4,true,87.000,209.382,377.975,608.815,1320968.071,1321407.490,1321469.290,0,532116,44138496,15351808,50008,194746,2026-08-03T12:01:23.207263Z
M4,1323,saturated,M4,true,81.000,229.832,352.123,480.896,1321963.672,1322455.657,1322455.909,0,532301,44154880,15351808,49929,194912,2026-08-03T12:01:23.207263Z
M4,1324,saturated,M4,true,86.000,208.640,336.127,484.449,1322951.316,1323429.532,1323467.812,0,532629,44195840,15368192,49945,195084,2026-08-03T12:01:23.207263Z
M4,1325,saturated,M4,true,84.000,225.312,340.047,385.585,1323962.826,1324457.485,1324473.379,0,532832,44228608,15368192,49997,195251,2026-08-03T12:01:23.207263Z
M4,1326,saturated,M4,true,78.000,208.730,327.786,432.523,1324991.724,1325449.692,1325461.948,0,533039,44253184,15368192,49934,195412,2026-08-03T12:01:23.207263Z
M4,1327,saturated,M4,true,84.000,217.175,346.248,389.508,1326010.724,1326420.401,1326454.287,0,533351,44269568,15376384,49946,195583,2026-08-03T12:01:23.207263Z
M4,1328,saturated,M4,true,90.000,210.050,341.625,420.142,1326976.670,1327437.599,1327474.211,0,533613,44277760,15384576,49992,195763,2026-08-03T12:01:23.207263Z
M4,1329,saturated,M4,true,84.000,215.874,318.845,352.167,1327949.393,1328433.872,1328471.469,0,533695,44277760,15392768,49934,195851,2026-08-03T12:01:23.207263Z
M4,1330,saturated,M4,true,84.000,194.489,308.732,474.542,1328990.546,1329399.111,1329478.131,0,534011,44294144,15400960,49942,196105,2026-08-03T12:01:23.207263Z
M4,1331,saturated,M4,true,88.000,218.535,307.880,390.630,1330003.226,1330429.800,1330461.946,0,534378,44310528,15409152,49998,196283,2026-08-03T12:01:23.207263Z
M4,1332,saturated,M4,true,78.000,220.245,378.917,472.003,1330967.597,1331428.225,1331451.321,0,534448,44310528,15409152,49932,196362,2026-08-03T12:01:23.207263Z
M4,1333,saturated,M4,true,82.000,203.777,353.623,431.602,1331935.314,1332414.526,1332442.605,0,534668,44335104,15417344,49947,196531,2026-08-03T12:01:23.207263Z
M4,1334,saturated,M4,true,84.000,220.605,341.680,423.052,1332993.834,1333353.222,1333452.787,0,535050,44351488,15433728,49993,196703,2026-08-03T12:01:23.207263Z
M4,1335,saturated,M4,true,87.000,205.796,380.178,442.259,1333973.130,1334416.236,1334465.276,0,535239,44351488,15433728,49929,196871,2026-08-03T12:01:23.207263Z
M4,1336,saturated,M4,true,75.000,219.433,410.196,442.913,1334907.488,1335471.779,1335474.549,0,535492,44359680,15441920,49954,197034,2026-08-03T12:01:23.207263Z
M4,1337,saturated,M4,true,84.000,193.996,334.605,390.105,1335985.847,1336402.013,1336423.119,0,535771,44400640,15441920,49993,197202,2026-08-03T12:01:23.207263Z
M4,1338,saturated,M4,true,81.000,226.753,421.365,531.587,1336956.604,1337382.455,1337395.492,0,535948,44408832,15458304,49931,197360,2026-08-03T12:01:23.207263Z
M4,1339,saturated,M4,true,87.000,204.915,300.145,333.064,1337975.912,1338393.623,1338472.261,0,536225,44466176,15466496,49945,197542,2026-08-03T12:01:23.207263Z
M4,1340,saturated,M4,true,91.000,207.773,345.694,429.440,1338943.514,1339446.991,1339460.947,0,536520,44507136,15474688,49994,197715,2026-08-03T12:01:23.207263Z
M4,1341,saturated,M4,true,83.000,201.301,329.845,398.247,1339988.186,1340414.004,1340450.676,0,536730,44515328,15474688,49930,197899,2026-08-03T12:01:23.207263Z
M4,1342,saturated,M4,true,82.000,226.414,350.037,423.038,1340922.684,1341461.348,1341470.164,0,537001,44556288,15482880,49953,198065,2026-08-03T12:01:23.207263Z
M4,1343,saturated,M4,true,89.000,203.753,344.883,423.432,1341956.889,1342425.440,1342469.484,0,537314,44580864,15491072,49992,198235,2026-08-03T12:01:23.207263Z
M4,1344,saturated,M4,true,81.000,215.314,342.631,413.462,1342930.389,1343416.564,1343469.293,0,537497,44589056,15499264,49931,198405,2026-08-03T12:01:23.207263Z
M4,1345,saturated,M4,true,89.000,209.939,339.359,472.926,1343986.113,1344411.392,1344469.731,0,537754,44597248,15499264,49932,198580,2026-08-03T12:01:23.207263Z
M4,1346,saturated,M4,true,68.000,239.846,423.630,482.887,1344865.479,1345385.867,1345439.951,0,538091,44613632,15515648,50015,198750,2026-08-03T12:01:23.207263Z
M4,1347,saturated,M4,true,79.000,218.777,403.137,479.017,1345938.755,1346369.849,1346478.128,0,538219,44621824,15532032,49970,198887,2026-08-03T12:01:23.207263Z
M4,1348,saturated,M4,true,93.000,191.905,314.572,343.573,1346986.383,1347369.756,1347457.450,0,538405,44630016,15532032,49986,199065,2026-08-03T12:01:23.207263Z
M4,1349,saturated,M4,true,88.000,218.513,297.446,323.353,1347950.776,1348445.938,1348472.820,0,538706,44646400,15540224,49916,199242,2026-08-03T12:01:23.207263Z
M4,1350,saturated,M4,true,86.000,186.995,302.654,343.179,1349038.576,1349434.118,1349451.283,0,538952,44670976,15540224,49971,199415,2026-08-03T12:01:23.207263Z
M4,1351,saturated,M4,true,81.000,201.219,371.110,448.523,1349927.231,1350377.395,1350429.642,0,539287,44679168,15556608,49981,199593,2026-08-03T12:01:23.207263Z
M4,1352,saturated,M4,true,87.000,214.336,335.930,443.142,1350982.204,1351445.721,1351471.312,0,539487,44695552,15556608,49926,199755,2026-08-03T12:01:23.207263Z
M4,1353,saturated,M4,true,82.000,219.696,340.980,433.404,1351995.689,1352448.334,1352465.543,0,539796,44720128,15564800,49965,199927,2026-08-03T12:01:23.207263Z
M4,1354,saturated,M4,true,79.000,212.058,355.379,410.818,1352964.800,1353401.446,1353453.289,0,540052,44752896,15564800,49984,200091,2026-08-03T12:01:23.207263Z
M4,1355,saturated,M4,true,82.000,210.243,336.664,524.005,1353935.428,1354408.878,1354432.756,0,540220,44777472,15572992,49927,200267,2026-08-03T12:01:23.207263Z
M4,1356,saturated,M4,true,77.000,241.058,367.215,457.894,1354911.216,1355395.859,1355457.106,0,540443,44818432,15589376,49972,200427,2026-08-03T12:01:23.207263Z
M4,1357,saturated,M4,true,83.000,218.673,337.226,357.278,1355905.998,1356395.458,1356451.289,0,540777,44834816,15589376,49980,200587,2026-08-03T12:01:23.207263Z
M4,1358,saturated,M4,true,84.000,224.664,386.562,417.006,1356961.756,1357411.942,1357468.907,0,540963,44859392,15597568,49919,200755,2026-08-03T12:01:23.207263Z
M4,1359,saturated,M4,true,78.000,208.226,378.590,391.359,1357955.454,1358404.536,1358465.458,0,541253,44883968,15597568,49959,200916,2026-08-03T12:01:23.207263Z
M4,1360,saturated,M4,true,85.000,219.770,422.272,441.875,1358945.586,1359441.593,1359450.885,0,541406,44916736,15622144,50000,201082,2026-08-03T12:01:23.207263Z
M4,1361,saturated,M4,true,81.000,225.113,342.784,411.782,1359983.777,1360401.634,1360464.724,0,541552,44916736,15622144,49918,201249,2026-08-03T12:04:23.323899Z
M4,1362,saturated,M4,true,85.000,224.567,321.853,406.170,1360981.663,1361430.897,1361471.290,0,541831,44933120,15630336,49961,201414,2026-08-03T12:04:23.323899Z
M4,1363,saturated,M4,true,72.000,231.793,382.111,517.256,1361943.384,1362426.228,1362468.425,0,542137,44941312,15630336,49996,201583,2026-08-03T12:04:23.323899Z
M4,1364,saturated,M4,true,89.000,210.019,355.721,422.282,1363022.827,1363453.759,1363466.790,0,542436,44941312,15638528,49930,201743,2026-08-03T12:04:23.323899Z
M4,1365,saturated,M4,true,75.000,220.414,365.165,396.216,1363977.013,1364402.656,1364470.125,0,542599,44957696,15654912,49946,201903,2026-08-03T12:04:23.323899Z
M4,1366,saturated,M4,true,78.000,228.503,383.190,478.958,1364920.174,1365430.568,1365472.327,0,542839,44974080,15654912,50013,202075,2026-08-03T12:04:23.323899Z
M4,1367,saturated,M4,true,86.000,198.085,352.415,475.334,1366005.371,1366406.846,1366457.679,0,543152,44974080,15663104,49934,202230,2026-08-03T12:04:23.323899Z
M4,1368,saturated,M4,true,80.000,234.366,326.602,576.959,1366954.598,1367453.183,1367465.103,0,543353,44982272,15663104,49936,202394,2026-08-03T12:04:23.323899Z
M4,1369,saturated,M4,true,86.000,207.336,306.411,344.406,1367974.395,1368409.550,1368464.554,0,543722,44998656,15679488,50018,202571,2026-08-03T12:04:23.323899Z
M4,1370,saturated,M4,true,80.000,206.713,310.937,452.727,1368921.478,1369318.193,1369429.078,0,543900,44998656,15679488,49956,202738,2026-08-03T12:04:23.323899Z
M4,1371,saturated,M4,true,90.000,203.072,370.381,452.871,1369943.791,1370448.012,1370451.670,0,544079,45006848,15687680,49954,202908,2026-08-03T12:04:23.323899Z
M4,1372,saturated,M4,true,86.000,203.699,313.537,351.481,1370984.788,1371368.699,1371436.401,0,544358,45023232,15687680,49918,203089,2026-08-03T12:04:23.323899Z
M4,1373,saturated,M4,true,72.000,235.073,423.493,467.996,1372011.155,1372417.712,1372450.928,0,544726,45039616,15712256,50003,203237,2026-08-03T12:04:23.323899Z
M4,1374,saturated,M4,true,88.000,194.630,320.892,354.208,1372898.565,1373406.337,1373463.316,0,544869,45047808,15720448,49962,203411,2026-08-03T12:04:23.323899Z
M4,1375,saturated,M4,true,81.000,217.332,309.092,421.756,1373919.173,1374441.845,1374457.527,0,545089,45211648,15728640,49911,203589,2026-08-03T12:04:23.323899Z
M4,1376,saturated,M4,true,63.000,277.537,407.885,434.269,1374838.220,1375329.839,1375462.181,0,545477,45236224,15728640,50052,203737,2026-08-03T12:04:23.323899Z
M4,1377,saturated,M4,true,70.000,236.072,493.192,744.215,1375996.486,1376378.498,1376395.586,0,545611,45236224,15728640,49991,203860,2026-08-03T12:04:23.323899Z
M4,1378,saturated,M4,true,59.000,251.786,499.238,550.016,1376972.761,1377364.746,1377427.653,0,545791,45236224,15736832,49928,203988,2026-08-03T12:04:23.323899Z
M4,1379,saturated,M4,true,81.000,248.981,410.690,523.200,1378035.937,1378453.025,1378467.309,0,546038,45252608,15745024,49973,204124,2026-08-03T12:04:23.323899Z
M4,1380,saturated,M4,true,78.000,210.706,353.835,475.521,1379011.324,1379442.838,1379456.832,0,546192,45260800,15745024,49982,204289,2026-08-03T12:04:23.323899Z
M4,1381,saturated,M4,true,82.000,209.608,345.918,587.881,1379958.542,1380440.690,1380464.835,0,546419,45260800,15753216,49926,204453,2026-08-03T12:04:23.323899Z
M4,1382,saturated,M4,true,77.000,237.289,348.560,456.873,1380990.785,1381381.150,1381432.026,0,546636,45277184,15753216,49956,204614,2026-08-03T12:04:23.323899Z
M4,1383,saturated,M4,true,80.000,222.933,349.335,414.165,1381953.449,1382374.706,1382440.394,0,547004,45293568,15769600,49998,204784,2026-08-03T12:04:23.323899Z
M4,1384,saturated,M4,true,89.000,205.115,320.676,362.808,1382955.952,1383444.514,1383459.378,0,547185,45293568,15777792,49918,204957,2026-08-03T12:04:23.323899Z
M4,1385,saturated,M4,true,86.000,207.253,315.400,404.025,1383953.740,1384425.494,1384445.135,0,547334,45309952,15785984,49951,205127,2026-08-03T12:04:23.323899Z
M4,1386,saturated,M4,true,67.000,234.821,456.676,459.872,1384917.449,1385452.169,1385463.754,0,547624,45326336,15785984,50016,205299,2026-08-03T12:04:23.323899Z
M4,1387,saturated,M4,true,78.000,233.250,447.452,513.159,1386089.013,1386427.086,1386460.417,0,547908,45326336,15794176,49949,205430,2026-08-03T12:04:23.323899Z
M4,1388,saturated,M4,true,87.000,202.975,293.936,376.500,1386994.331,1387436.241,1387459.435,0,548144,45350912,15802368,49931,205606,2026-08-03T12:04:23.323899Z
M4,1389,saturated,M4,true,78.000,219.885,356.244,436.619,1387965.058,1388378.743,1388419.633,0,548327,45367296,15810560,49992,205768,2026-08-03T12:04:23.323899Z
M4,1390,saturated,M4,true,75.000,237.296,368.439,510.970,1388873.784,1389357.609,1389456.241,0,548672,45367296,15818752,49958,205926,2026-08-03T12:04:23.323899Z
M4,1391,saturated,M4,true,87.000,223.712,348.637,495.928,1389976.143,1390437.200,1390444.197,0,548845,45375488,15818752,49933,206085,2026-08-03T12:04:23.323899Z
M4,1392,saturated,M4,true,81.000,212.577,326.040,369.038,1391005.522,1391425.922,1391453.617,0,549081,45473792,15835136,49943,206256,2026-08-03T12:04:23.323899Z
M4,1393,saturated,M4,true,86.000,221.492,281.136,361.478,1391960.976,1392446.185,1392460.816,0,549434,45531136,15843328,50013,206420,2026-08-03T12:04:23.323899Z
M4,1394,saturated,M4,true,74.000,236.019,458.180,507.351,1393010.807,1393448.379,1393459.483,0,549595,45547520,15851520,49937,206575,2026-08-03T12:04:23.323899Z
M4,1395,saturated,M4,true,84.000,211.981,375.296,475.046,1393974.395,1394440.650,1394463.639,0,549761,45555712,15851520,50024,206758,2026-08-03T12:04:23.323899Z
M4,1396,saturated,M4,true,74.000,233.704,374.425,410.820,1394900.158,1395445.004,1395453.303,0,550010,45563904,15859712,49947,206912,2026-08-03T12:04:23.323899Z
M4,1397,saturated,M4,true,85.000,221.283,384.299,482.951,1396054.518,1396410.903,1396424.551,0,550260,45588480,15867904,49940,207072,2026-08-03T12:04:23.323899Z
M4,1398,saturated,M4,true,81.000,208.639,340.086,449.251,1396966.581,1397411.050,1397452.904,0,550588,45604864,15867904,49983,207243,2026-08-03T12:04:23.323899Z
M4,1399,saturated,M4,true,90.000,204.061,344.177,383.724,1397889.595,1398391.806,1398442.264,0,550854,45613056,15876096,49948,207417,2026-08-03T12:04:23.323899Z
M4,1400,saturated,M4,true,81.000,223.493,364.969,426.975,1399011.033,1399347.152,1399437.814,0,551083,45645824,15876096,49941,207584,2026-08-03T12:04:23.323899Z
M4,1401,saturated,M4,true,83.000,230.218,341.156,502.941,1399973.801,1400426.354,1400461.288,0,551357,45662208,15900672,49990,207749,2026-08-03T12:04:23.323899Z
M4,1402,saturated,M4,true,80.000,219.756,361.479,428.770,1400951.672,1401374.511,1401458.858,0,551590,45662208,15908864,49946,207911,2026-08-03T12:04:23.323899Z
M4,1403,saturated,M4,true,80.000,249.317,384.499,418.693,1402066.053,1402394.557,1402449.499,0,551829,45670400,15917056,49950,208073,2026-08-03T12:04:23.323899Z
M4,1404,saturated,M4,true,79.000,206.429,358.060,411.447,1402969.151,1403413.768,1403452.729,0,551989,45686784,15917056,49976,208246,2026-08-03T12:04:23.323899Z
M4,1405,saturated,M4,true,82.000,219.477,346.399,412.902,1403958.865,1404373.352,1404422.328,0,552289,45703168,15925248,49952,208400,2026-08-03T12:04:23.323899Z
M4,1406,saturated,M4,true,73.000,264.526,416.358,482.371,1404904.988,1405404.680,1405442.880,0,552527,45711360,15933440,49963,208554,2026-08-03T12:04:23.323899Z
M4,1407,saturated,M4,true,81.000,212.667,319.813,444.351,1405925.705,1406402.492,1406438.790,0,552805,45719552,15933440,49972,208722,2026-08-03T12:04:23.323899Z
M4,1408,saturated,M4,true,83.000,227.303,354.084,405.440,1407038.906,1407364.424,1407447.240,0,553043,45744128,15941632,49940,208881,2026-08-03T12:04:23.323899Z
M4,1409,saturated,M4,true,77.000,226.814,375.650,427.520,1407976.087,1408440.930,1408459.031,0,553300,45826048,15941632,49964,209048,2026-08-03T12:04:23.323899Z
M4,1410,saturated,M4,true,83.000,218.693,341.669,407.896,1408935.670,1409386.230,1409455.004,0,553571,45867008,15958016,49975,209209,2026-08-03T12:04:23.323899Z
M4,1411,saturated,M4,true,77.000,215.442,357.008,457.799,1409898.785,1410393.269,1410451.143,0,553742,45867008,15966208,49936,209378,2026-08-03T12:04:23.323899Z
M4,1412,saturated,M4,true,80.000,220.338,360.847,491.218,1410904.351,1411398.071,1411441.293,0,553963,45891584,15974400,50022,209543,2026-08-03T12:04:23.323899Z
M4,1413,saturated,M4,true,85.000,230.313,308.621,393.427,1411967.957,1412403.563,1412456.988,0,554172,45899776,15974400,49939,209703,2026-08-03T12:04:23.323899Z
M4,1414,saturated,M4,true,87.000,206.215,320.069,410.889,1413014.110,1413426.815,1413452.886,0,554393,45916160,15982592,49937,209872,2026-08-03T12:04:23.323899Z
M4,1415,saturated,M4,true,78.000,216.503,333.649,443.699,1413961.291,1414410.064,1414447.286,0,554724,45940736,15998976,50002,210035,2026-08-03T12:04:23.323899Z
M4,1416,saturated,M4,true,66.000,237.525,452.728,603.420,1414891.764,1415307.144,1415369.376,0,554983,45940736,15998976,49948,210188,2026-08-03T12:04:23.323899Z
M4,1417,saturated,M4,true,82.000,227.131,361.760,527.482,1415877.583,1416449.243,1416460.306,0,555140,45948928,16007168,49944,210341,2026-08-03T12:04:23.323899Z
M4,1418,saturated,M4,true,65.000,243.727,352.731,495.956,1416900.473,1417340.385,1417445.441,0,555431,45981696,16007168,50004,210484,2026-08-03T12:04:23.323899Z
M4,1419,saturated,M4,true,91.000,216.703,314.487,357.691,1417953.368,1418443.611,1418445.924,0,555671,45989888,16015360,49939,210656,2026-08-03T12:04:23.323899Z
M4,1420,saturated,M4,true,76.000,228.304,310.500,386.592,1418966.908,1419274.666,1419436.221,0,555930,46014464,16031744,49915,210829,2026-08-03T12:04:23.323899Z
M4,1421,saturated,M4,true,81.000,231.644,325.122,369.007,1419949.421,1420334.994,1420452.331,0,556088,46030848,16039936,50007,210984,2026-08-03T12:04:23.323899Z
M4,1422,saturated,M4,true,84.000,212.190,293.719,359.024,1420903.854,1421375.511,1421449.822,0,556368,46063616,16039936,49943,211152,2026-08-03T12:04:23.323899Z
M4,1423,saturated,M4,true,77.000,212.810,407.681,434.652,1421922.700,1422398.091,1422453.752,0,556555,46071808,16039936,49918,211313,2026-08-03T12:04:23.323899Z
M4,1424,saturated,M4,true,85.000,218.681,373.765,417.601,1422964.714,1423378.739,1423455.351,0,556750,46088192,16056320,49980,211472,2026-08-03T12:04:23.323899Z
M4,1425,saturated,M4,true,83.000,216.701,318.807,388.707,1423926.480,1424397.268,1424441.738,0,557078,46129152,16056320,49976,211637,2026-08-03T12:04:23.323899Z
M4,1426,saturated,M4,true,73.000,216.181,392.161,471.719,1424876.102,1425395.774,1425445.155,0,557284,46170112,16064512,49982,211792,2026-08-03T12:04:23.323899Z
M4,1427,saturated,M4,true,81.000,211.416,377.757,474.591,1425927.252,1426424.539,1426443.981,0,557533,46194688,16064512,49929,211957,2026-08-03T12:04:23.323899Z
M4,1428,saturated,M4,true,72.000,226.911,328.611,370.248,1426982.406,1427392.347,1427444.024,0,557886,46202880,16080896,49994,212114,2026-08-03T12:04:23.323899Z
M4,1429,saturated,M4,true,88.000,206.965,329.919,470.186,1427970.051,1428374.232,1428446.070,0,558061,46211072,16089088,49984,212280,2026-08-03T12:04:23.323899Z
M4,1430,saturated,M4,true,84.000,223.290,325.942,352.488,1428940.164,1429355.545,1429414.736,0,558257,46227456,16097280,49973,212446,2026-08-03T12:04:23.323899Z
M4,1431,saturated,M4,true,79.000,212.822,386.943,400.653,1429945.044,1430368.020,1430421.450,0,558477,46243840,16105472,49916,212616,2026-08-03T12:04:23.323899Z
M4,1432,saturated,M4,true,78.000,230.004,328.398,371.410,1430914.692,1431418.387,1431438.224,0,558742,46260224,16113664,49991,212772,2026-08-03T12:04:23.323899Z
M4,1433,saturated,M4,true,83.000,218.983,367.841,466.178,1431955.754,1432387.175,1432452.164,0,559040,46260224,16121856,49974,212940,2026-08-03T12:04:23.323899Z
M4,1434,saturated,M4,true,80.000,234.298,343.510,415.255,1432968.139,1433349.510,1433454.337,0,559227,46276608,16121856,49916,213100,2026-08-03T12:04:23.323899Z
M4,1435,saturated,M4,true,79.000,212.522,309.987,401.819,1433905.579,1434387.724,1434418.483,0,559531,46317568,16130048,49986,213262,2026-08-03T12:04:23.323899Z
M4,1436,saturated,M4,true,82.000,248.388,390.590,431.660,1434936.971,1435419.825,1435428.004,0,559745,46317568,16130048,49976,213418,2026-08-03T12:04:23.323899Z
M4,1437,saturated,M4,true,79.000,206.038,347.784,482.905,1435948.925,1436383.942,1436401.019,0,559943,46325760,16146432,49918,213590,2026-08-03T12:04:23.323899Z
M4,1438,saturated,M4,true,84.000,226.985,351.697,454.146,1436984.649,1437396.224,1437426.747,0,560259,46366720,16154624,49989,213756,2026-08-03T12:04:23.323899Z
M4,1439,saturated,M4,true,67.000,240.802,447.321,476.593,1437850.298,1438333.828,1438441.135,0,560495,46374912,16154624,49968,213902,2026-08-03T12:04:23.323899Z
M4,1440,saturated,M4,true,85.000,226.148,293.609,370.639,1438944.025,1439371.792,1439455.832,0,560684,46399488,16162816,49931,214068,2026-08-03T12:04:23.323899Z
M4,1441,saturated,M4,true,82.000,204.439,358.696,442.810,1439896.572,1440383.011,1440435.016,0,561019,46424064,16162816,49972,214230,2026-08-03T12:04:23.323899Z
M4,1442,saturated,M4,true,85.000,212.830,351.702,411.488,1440928.961,1441388.056,1441414.981,0,561183,46448640,16179200,49975,214404,2026-08-03T12:04:23.323899Z
M4,1443,saturated,M4,true,84.000,208.685,340.241,391.683,1441909.691,1442377.693,1442447.495,0,561392,46481408,16179200,49924,214574,2026-08-03T12:04:23.323899Z
M4,1444,saturated,M4,true,72.000,248.549,355.863,403.068,1442949.922,1443380.472,1443435.338,0,561676,46522368,16195584,49982,214726,2026-08-03T12:04:23.323899Z
M4,1445,saturated,M4,true,84.000,224.367,311.439,358.471,1443980.355,1444377.821,1444435.230,0,561927,46522368,16195584,49981,214893,2026-08-03T12:04:23.323899Z
M4,1446,saturated,M4,true,64.000,242.099,404.788,482.879,1444898.711,1445336.064,1445413.544,0,562115,46538752,16195584,49979,215028,2026-08-03T12:04:23.323899Z
M4,1447,saturated,M4,true,81.000,229.038,420.357,459.665,1445977.172,1446369.759,1446416.146,0,562358,46538752,16220160,49937,215190,2026-08-03T12:04:23.323899Z
M4,1448,saturated,M4,true,77.000,230.967,401.475,521.683,1446981.574,1447402.917,1447447.475,0,562605,46571520,16220160,49967,215345,2026-08-03T12:04:23.323899Z
M4,1449,saturated,M4,true,79.000,229.010,427.605,566.937,1447930.929,1448379.683,1448421.434,0,562871,46579712,16228352,49992,215506,2026-08-03T12:04:23.323899Z
M4,1450,saturated,M4,true,81.000,227.109,326.707,376.203,1448956.458,1449381.611,1449440.883,0,563081,46587904,16228352,49922,215667,2026-08-03T12:04:23.323899Z
M4,1451,saturated,M4,true,76.000,232.295,381.448,552.475,1449927.091,1450382.387,1450439.002,0,563232,46596096,16236544,49963,215826,2026-08-03T12:04:23.323899Z
M4,1452,saturated,M4,true,74.000,219.755,398.884,459.961,1450903.389,1451415.640,1451445.362,0,563452,46628864,16244736,49924,215974,2026-08-03T12:04:23.323899Z
M4,1453,saturated,M4,true,82.000,216.756,344.384,384.015,1451934.196,1452411.557,1452449.591,0,563703,46645248,16244736,49995,216140,2026-08-03T12:04:23.323899Z
M4,1454,saturated,M4,true,83.000,218.429,361.078,470.321,1452931.116,1453378.514,1453448.023,0,564003,46661632,16252928,49959,216309,2026-08-03T12:04:23.323899Z
M4,1455,saturated,M4,true,79.000,234.929,336.819,399.761,1453933.045,1454407.497,1454425.587,0,564241,46686208,16252928,49926,216471,2026-08-03T12:04:23.323899Z
M4,1456,saturated,M4,true,73.000,258.011,425.099,500.163,1454901.917,1455388.916,1455436.601,0,564535,46694400,16269312,49998,216620,2026-08-03T12:04:23.323899Z
M4,1457,saturated,M4,true,74.000,216.825,354.904,470.048,1455889.478,1456340.627,1456439.657,0,564711,46702592,16277504,49963,216769,2026-08-03T12:04:23.323899Z
M4,1458,saturated,M4,true,81.000,229.263,372.753,389.220,1456952.668,1457337.602,1457431.108,0,564883,46735360,16293888,49919,216933,2026-08-03T12:04:23.323899Z
M4,1459,saturated,M4,true,79.000,232.670,389.407,469.518,1457920.764,1458388.023,1458442.507,0,565151,46768128,16293888,50038,217091,2026-08-03T12:04:23.323899Z
M4,1460,saturated,M4,true,79.000,225.340,395.193,514.882,1458983.574,1459401.395,1459435.884,0,565424,46776320,16293888,49964,217250,2026-08-03T12:04:23.323899Z
M4,1461,saturated,M4,true,78.000,225.160,335.735,447.822,1459881.700,1460399.030,1460431.708,0,565578,46809088,16310272,49918,217410,2026-08-03T12:04:23.323899Z
M4,1462,saturated,M4,true,78.000,214.762,448.854,499.618,1460948.567,1461402.230,1461444.408,0,565818,46841856,16310272,49997,217566,2026-08-03T12:04:23.323899Z
M4,1463,saturated,M4,true,80.000,231.379,383.729,481.902,1461959.072,1462379.297,1462439.420,0,566119,46841856,16318464,49965,217729,2026-08-03T12:04:23.323899Z
M4,1464,saturated,M4,true,80.000,222.491,390.097,446.546,1462896.290,1463378.864,1463446.242,0,566333,46866432,16318464,49920,217885,2026-08-03T12:04:23.323899Z
M4,1465,saturated,M4,true,78.000,213.676,416.932,451.186,1463936.059,1464428.374,1464432.441,0,566660,46899200,16334848,49999,218051,2026-08-03T12:04:23.323899Z
M4,1466,saturated,M4,true,74.000,243.674,395.163,454.285,1464898.586,1465420.031,1465436.925,0,566845,46899200,16334848,49963,218200,2026-08-03T12:04:23.323899Z
M4,1467,saturated,M4,true,81.000,229.919,381.930,504.964,1465950.503,1466417.101,1466439.914,0,567039,46907392,16343040,49996,218361,2026-08-03T12:04:23.323899Z
M4,1468,saturated,M4,true,73.000,221.331,377.904,464.571,1466933.098,1467370.956,1467446.849,0,567285,46915584,16351232,49925,218511,2026-08-03T12:04:23.323899Z
M4,1469,saturated,M4,true,85.000,215.474,320.285,359.847,1467976.359,1468386.769,1468445.915,0,567593,46931968,16351232,49955,218682,2026-08-03T12:04:23.323899Z
M4,1470,saturated,M4,true,78.000,219.203,381.291,434.821,1468950.371,1469369.593,1469443.677,0,567812,46956544,16367616,49993,218840,2026-08-03T12:04:23.323899Z
M4,1471,saturated,M4,true,80.000,228.799,338.344,423.483,1469919.877,1470380.569,1470414.186,0,568016,46956544,16367616,49935,219005,2026-08-03T12:04:23.323899Z
M4,1472,saturated,M4,true,79.000,225.915,379.366,428.151,1470937.886,1471401.864,1471432.335,0,568326,46989312,16384000,49952,219167,2026-08-03T12:04:23.323899Z
M4,1473,saturated,M4,true,78.000,218.174,348.186,594.612,1471894.459,1472380.484,1472441.385,0,568398,46997504,16384000,49994,219251,2026-08-03T12:04:23.323899Z
M4,1474,saturated,M4,true,79.000,243.531,400.079,476.476,1472948.199,1473393.788,1473450.583,0,568742,47013888,16392192,49933,219485,2026-08-03T12:04:23.323899Z
M4,1475,saturated,M4,true,78.000,224.042,410.152,524.554,1473903.276,1474390.139,1474418.372,0,568829,47038464,16400384,49954,219567,2026-08-03T12:04:23.323899Z
M4,1476,saturated,M4,true,76.000,260.586,468.204,524.196,1474940.135,1475427.054,1475446.086,0,569048,47071232,16400384,50003,219721,2026-08-03T12:04:23.323899Z
M4,1477,saturated,M4,true,74.000,229.382,389.799,465.168,1475948.027,1476373.664,1476434.028,0,569201,47087616,16408576,49962,219871,2026-08-03T12:04:23.323899Z
M4,1478,saturated,M4,true,78.000,216.715,419.966,595.109,1476893.646,1477366.026,1477443.813,0,569472,47095808,16416768,49926,220031,2026-08-03T12:04:23.323899Z
M4,1479,saturated,M4,true,81.000,218.928,381.851,476.523,1477939.207,1478395.650,1478439.489,0,569709,47144960,16424960,49995,220188,2026-08-03T12:04:23.323899Z
M4,1480,saturated,M4,true,73.000,238.024,377.921,458.669,1478953.162,1479359.236,1479406.623,0,570003,47153152,16433152,49918,220346,2026-08-03T12:04:23.323899Z
M4,1481,saturated,M4,true,79.000,236.805,391.545,497.353,1479966.758,1480348.256,1480396.644,0,570161,47169536,16433152,50040,220492,2026-08-03T12:04:23.323899Z
M4,1482,saturated,M4,true,76.000,253.762,316.123,358.904,1480868.495,1481413.657,1481439.718,0,570527,47185920,16441344,49970,220661,2026-08-03T12:04:23.323899Z
M4,1483,saturated,M4,true,81.000,224.118,360.776,439.390,1481958.531,1482408.787,1482445.984,0,570707,47202304,16441344,49918,220812,2026-08-03T12:04:23.323899Z
M4,1484,saturated,M4,true,78.000,216.616,409.135,465.352,1482958.883,1483361.276,1483445.714,0,571008,47226880,16457728,49990,220971,2026-08-03T12:04:23.323899Z
M4,1485,saturated,M4,true,85.000,223.966,420.257,540.273,1483974.097,1484405.507,1484428.462,0,571232,47235072,16457728,49969,221133,2026-08-03T12:04:23.323899Z
M4,1486,saturated,M4,true,72.000,229.920,349.965,375.424,1484879.228,1485345.211,1485427.829,0,571441,47235072,16457728,49923,221301,2026-08-03T12:04:23.323899Z
M4,1487,saturated,M4,true,82.000,222.285,397.919,524.232,1485890.058,1486403.365,1486436.233,0,571600,47267840,16482304,49993,221460,2026-08-03T12:04:23.323899Z
M4,1488,saturated,M4,true,73.000,238.276,334.581,385.164,1486895.629,1487324.339,1487361.434,0,571954,47276032,16482304,49971,221619,2026-08-03T12:04:23.323899Z
M4,1489,saturated,M4,true,88.000,218.537,369.694,481.756,1487892.089,1488416.563,1488447.095,0,572108,47292416,16490496,49919,221782,2026-08-03T12:04:23.323899Z
M4,1490,saturated,M4,true,81.000,224.083,357.305,452.204,1488951.144,1489399.623,1489432.090,0,572442,47316992,16498688,49993,221938,2026-08-03T12:04:23.323899Z
M4,1491,saturated,M4,true,80.000,219.392,340.044,371.453,1489928.043,1490406.224,1490442.031,0,572653,47333376,16506880,49964,222104,2026-08-03T12:04:23.323899Z
M4,1492,saturated,M4,true,79.000,229.702,356.472,506.122,1490902.573,1491388.517,1491429.674,0,572865,47349760,16506880,49917,222265,2026-08-03T12:04:23.323899Z
M4,1493,saturated,M4,true,84.000,212.392,334.067,401.619,1491930.332,1492388.025,1492412.668,0,573190,47390720,16515072,50040,222439,2026-08-03T12:04:23.323899Z
M4,1494,saturated,M4,true,81.000,230.160,386.632,438.328,1492922.737,1493402.421,1493430.140,0,573419,47407104,16523264,49960,222598,2026-08-03T12:04:23.323899Z
M4,1495,saturated,M4,true,76.000,222.931,355.180,504.432,1493928.401,1494386.177,1494412.416,0,573572,47423488,16523264,49922,222756,2026-08-03T12:04:23.323899Z
M4,1496,saturated,M4,true,73.000,242.811,452.084,514.758,1494884.190,1495404.818,1495436.649,0,573836,47456256,16531456,49994,222920,2026-08-03T12:04:23.323899Z
M4,1497,saturated,M4,true,64.000,263.252,415.598,426.649,1496062.464,1496403.587,1496416.508,0,574093,47472640,16539648,49987,223043,2026-08-03T12:04:23.323899Z
M4,1498,saturated,M4,true,76.000,247.936,364.655,407.612,1496958.811,1497431.864,1497446.579,0,574216,47472640,16547840,49927,223187,2026-08-03T12:04:23.323899Z
M4,1499,saturated,M4,true,80.000,235.665,346.231,442.276,1497957.738,1498412.548,1498437.175,0,574361,47489024,16556032,49972,223345,2026-08-03T12:04:23.323899Z
M4,1500,saturated,M4,true,77.000,221.285,356.215,386.549,1498960.642,1499357.273,1499412.339,0,574756,47513600,16556032,49981,223506,2026-08-03T12:04:23.323899Z
M4,1501,saturated,M4,true,79.000,234.273,379.711,401.149,1499943.544,1500413.158,1500433.047,0,575006,47521792,16564224,49930,223670,2026-08-03T12:04:23.323899Z
M4,1502,saturated,M4,true,72.000,264.096,472.164,503.786,1500958.294,1501363.424,1501434.619,0,575243,47546368,16572416,49977,223821,2026-08-03T12:04:23.323899Z
M4,1503,saturated,M4,true,74.000,204.886,349.624,376.031,1501935.371,1502287.933,1502437.894,0,575536,47603712,16588800,49977,223979,2026-08-03T12:04:23.323899Z
M4,1504,saturated,M4,true,84.000,226.856,364.188,425.806,1502908.142,1503406.789,1503431.082,0,575757,47603712,16588800,49932,224136,2026-08-03T12:04:23.323899Z
M4,1505,saturated,M4,true,78.000,233.733,368.320,403.325,1503933.298,1504412.401,1504417.443,0,576029,47620096,16596992,49972,224297,2026-08-03T12:04:23.323899Z
M4,1506,saturated,M4,true,71.000,240.739,452.397,512.579,1504904.217,1505370.303,1505422.456,0,576163,47636480,16596992,49981,224452,2026-08-03T12:04:23.323899Z
M4,1507,saturated,M4,true,78.000,229.564,401.315,546.956,1505892.534,1506369.783,1506402.153,0,576387,47644672,16605184,49933,224609,2026-08-03T12:04:23.323899Z
M4,1508,saturated,M4,true,87.000,219.815,308.857,395.948,1506954.681,1507392.301,1507442.754,0,576684,47669248,16621568,50028,224772,2026-08-03T12:04:23.323899Z
M4,1509,saturated,M4,true,74.000,229.365,320.777,428.731,1508014.863,1508347.384,1508383.501,0,576859,47693824,16621568,49947,224929,2026-08-03T12:04:23.323899Z
M4,1510,saturated,M4,true,79.000,220.131,302.466,380.275,1508934.939,1509337.988,1509434.274,0,577092,47702016,16629760,49934,225100,2026-08-03T12:04:23.323899Z
M4,1511,saturated,M4,true,84.000,229.987,373.083,407.723,1509884.746,1510404.471,1510442.569,0,577390,47726592,16629760,49998,225252,2026-08-03T12:04:23.323899Z
M4,1512,saturated,M4,true,77.000,229.760,361.907,408.679,1510964.855,1511364.525,1511407.320,0,577649,47734784,16637952,49950,225413,2026-08-03T12:04:23.323899Z
M4,1513,saturated,M4,true,78.000,219.142,419.510,551.147,1511879.235,1512372.401,1512420.137,0,577813,47751168,16646144,49931,225577,2026-08-03T12:04:23.323899Z
M4,1514,saturated,M4,true,84.000,223.800,340.767,450.576,1512964.936,1513410.368,1513429.302,0,578036,47783936,16646144,49950,225735,2026-08-03T12:04:23.323899Z
M4,1515,saturated,M4,true,80.000,210.926,379.640,470.323,1513955.522,1514411.935,1514430.278,0,578406,47792128,16662528,49998,225898,2026-08-03T12:04:23.323899Z
M4,1516,saturated,M4,true,64.000,263.894,384.527,476.051,1514922.765,1515381.363,1515443.597,0,578556,47808512,16662528,49964,226055,2026-08-03T12:04:23.323899Z
M4,1517,saturated,M4,true,71.000,229.692,361.368,389.535,1515815.781,1516234.788,1516410.107,0,578790,47808512,16678912,49925,226201,2026-08-03T12:04:23.323899Z
M4,1518,saturated,M4,true,86.000,233.946,393.873,433.250,1516980.948,1517409.649,1517440.114,0,579077,47841280,16687104,50001,226345,2026-08-03T12:04:23.323899Z
M4,1519,saturated,M4,true,76.000,221.576,330.856,389.368,1517882.968,1518342.700,1518428.428,0,579250,47865856,16687104,49948,226506,2026-08-03T12:04:23.323899Z
M4,1520,saturated,M4,true,86.000,215.523,382.852,423.542,1518958.262,1519414.770,1519438.965,0,579454,47906816,16695296,49933,226677,2026-08-03T12:04:23.323899Z
M4,1521,saturated,M4,true,79.000,219.204,367.134,415.783,1519994.603,1520400.807,1520438.140,0,579747,47939584,16703488,49999,226839,2026-08-03T12:04:23.323899Z
M4,1522,saturated,M4,true,74.000,223.610,353.598,397.884,1520893.666,1521341.287,1521352.828,0,579995,47939584,16711680,49948,226998,2026-08-03T12:04:23.323899Z
M4,1523,saturated,M4,true,82.000,217.768,375.570,427.363,1521922.740,1522338.979,1522438.466,0,580232,47955968,16711680,49935,227164,2026-08-03T12:04:23.323899Z
M4,1524,saturated,M4,true,83.000,225.113,336.755,392.938,1522880.389,1523418.273,1523433.994,0,580543,47980544,16719872,49997,227330,2026-08-03T12:04:23.323899Z
M4,1525,saturated,M4,true,79.000,224.286,372.035,437.053,1523951.191,1524424.851,1524439.640,0,580648,47988736,16719872,49945,227481,2026-08-03T12:04:23.323899Z
M4,1526,saturated,M4,true,73.000,233.197,384.417,496.069,1524871.779,1525394.290,1525396.538,0,580863,48021504,16736256,49945,227651,2026-08-03T12:04:23.323899Z
M4,1527,saturated,M4,true,72.000,229.779,346.932,412.321,1525971.332,1526415.141,1526427.117,0,581166,48037888,16744448,50026,227788,2026-08-03T12:04:23.323899Z
M4,1528,saturated,M4,true,82.000,219.507,366.825,463.911,1526924.339,1527396.910,1527427.618,0,581327,48037888,16744448,49945,227944,2026-08-03T12:04:23.323899Z
M4,1529,saturated,M4,true,73.000,233.368,423.121,497.304,1527907.830,1528297.568,1528440.167,0,581544,48046080,16752640,49939,228102,2026-08-03T12:04:23.323899Z
M4,1530,saturated,M4,true,87.000,202.192,323.955,565.748,1528922.048,1529402.550,1529427.809,0,581852,48078848,16760832,49990,228270,2026-08-03T12:04:23.323899Z
M4,1531,saturated,M4,true,76.000,232.114,372.937,492.542,1529906.080,1530359.392,1530392.263,0,582127,48103424,16777216,49946,228433,2026-08-03T12:04:23.323899Z
M4,1532,saturated,M4,true,80.000,229.622,362.802,434.160,1530825.224,1531315.851,1531425.584,0,582327,48111616,16777216,49949,228599,2026-08-03T12:04:23.323899Z
M4,1533,saturated,M4,true,83.000,229.381,326.056,479.876,1531982.598,1532397.909,1532440.127,0,582556,48119808,16785408,49988,228757,2026-08-03T12:04:23.323899Z
M4,1534,saturated,M4,true,76.000,239.243,364.774,395.797,1532965.533,1533377.822,1533418.686,0,582798,48136192,16785408,49944,228916,2026-08-03T12:04:23.323899Z
M4,1535,saturated,M4,true,78.000,225.826,410.006,482.459,1533970.511,1534344.106,1534376.587,0,583010,48168960,16793600,49951,229079,2026-08-03T12:04:23.323899Z
M4,1536,saturated,M4,true,73.000,246.055,355.623,383.458,1534876.347,1535421.512,1535428.627,0,583328,48193536,16809984,49991,229237,2026-08-03T12:04:23.323899Z
M4,1537,saturated,M4,true,78.000,219.808,390.092,590.037,1535896.238,1536358.363,1536400.375,0,583496,48218112,16809984,49923,229382,2026-08-03T12:04:23.323899Z
M4,1538,saturated,M4,true,86.000,229.774,335.050,418.854,1536960.231,1537412.897,1537421.634,0,583783,48259072,16818176,49969,229547,2026-08-03T12:04:23.323899Z
M4,1539,saturated,M4,true,73.000,221.765,359.242,426.407,1537964.522,1538379.879,1538408.629,0,583941,48267264,16818176,49987,229704,2026-08-03T12:04:23.323899Z
M4,1540,saturated,M4,true,79.000,224.669,395.226,481.048,1538929.820,1539354.661,1539428.728,0,584203,48267264,16826368,49923,229859,2026-08-03T12:04:23.323899Z
M4,1541,saturated,M4,true,77.000,230.055,332.304,382.817,1539899.323,1540373.590,1540433.268,0,584387,48308224,16834560,49975,230024,2026-08-03T12:04:23.323899Z
M4,1542,saturated,M4,true,80.000,230.152,355.441,477.108,1540845.608,1541332.210,1541401.147,0,584674,48324608,16834560,49986,230190,2026-08-03T12:04:23.323899Z
M4,1543,saturated,M4,true,82.000,216.468,398.304,430.892,1541957.027,1542358.669,1542416.257,0,584914,48349184,16842752,49923,230348,2026-08-03T12:04:23.323899Z
M4,1544,saturated,M4,true,83.000,212.237,403.008,472.456,1542958.327,1543421.380,1543423.933,0,585088,48357376,16850944,49968,230507,2026-08-03T12:04:23.323899Z
M4,1545,saturated,M4,true,73.000,217.520,375.366,412.004,1543934.513,1544339.935,1544433.049,0,585428,48373760,16875520,49985,230670,2026-08-03T12:04:23.323899Z
M4,1546,saturated,M4,true,76.000,230.505,383.269,512.540,1544868.733,1545397.538,1545428.511,0,585641,48390144,16875520,49974,230837,2026-08-03T12:04:23.323899Z
M4,1547,saturated,M4,true,77.000,241.012,361.656,416.079,1545954.994,1546416.221,1546431.885,0,585832,48390144,16883712,49927,230978,2026-08-03T12:04:23.323899Z
M4,1548,saturated,M4,true,80.000,237.480,377.189,403.732,1546985.792,1547379.159,1547421.589,0,586147,48422912,16883712,49987,231133,2026-08-03T12:04:23.323899Z
M4,1549,saturated,M4,true,77.000,207.095,353.415,459.644,1547948.830,1548357.793,1548389.549,0,586305,48431104,16883712,49967,231299,2026-08-03T12:04:23.323899Z
M4,1550,saturated,M4,true,82.000,229.748,359.854,473.084,1548921.178,1549421.547,1549432.460,0,586553,48439296,16900096,49928,231455,2026-08-03T12:04:23.323899Z
M4,1551,saturated,M4,true,76.000,231.212,364.639,412.022,1549931.814,1550418.206,1550436.691,0,586814,48455680,16900096,49987,231610,2026-08-03T12:04:23.323899Z
M4,1552,saturated,M4,true,73.000,229.960,425.840,484.552,1550919.557,1551324.780,1551380.359,0,587101,48480256,16916480,49966,231776,2026-08-03T12:04:23.323899Z
M4,1553,saturated,M4,true,84.000,231.906,345.120,412.750,1551863.852,1552357.446,1552414.616,0,587268,48504832,16916480,49962,231937,2026-08-03T12:04:23.323899Z
M4,1554,saturated,M4,true,73.000,238.474,370.238,438.034,1552914.911,1553315.552,1553363.958,0,587477,48521216,16932864,49920,232090,2026-08-03T12:04:23.323899Z
M4,1555,saturated,M4,true,83.000,240.499,366.960,436.539,1553928.307,1554392.882,1554436.991,0,587746,48562176,16941056,50004,232250,2026-08-03T12:04:23.323899Z
M4,1556,saturated,M4,true,72.000,235.184,405.893,466.639,1554836.346,1555413.800,1555427.663,0,587904,48578560,16941056,49934,232400,2026-08-03T12:04:23.323899Z
M4,1557,saturated,M4,true,78.000,220.073,377.061,468.109,1555910.742,1556381.703,1556422.632,0,588122,48603136,16949248,49959,232556,2026-08-03T12:04:23.323899Z
M4,1558,saturated,M4,true,73.000,230.721,374.504,460.795,1556933.614,1557380.861,1557399.440,0,588388,48611328,16949248,49929,232703,2026-08-03T12:04:23.323899Z
M4,1559,saturated,M4,true,78.000,227.645,416.164,563.304,1557932.039,1558381.994,1558433.349,0,588643,48635904,16973824,49997,232862,2026-08-03T12:04:23.323899Z
M4,1560,saturated,M4,true,71.000,239.199,377.064,444.705,1558884.662,1559351.774,1559405.643,0,588927,48668672,16973824,49959,233017,2026-08-03T12:04:23.323899Z
M4,1561,saturated,M4,true,84.000,234.324,370.566,426.576,1559904.381,1560398.873,1560406.330,0,589131,48676864,16973824,49926,233173,2026-08-03T12:04:23.323899Z
M4,1562,saturated,M4,true,74.000,225.170,386.833,468.766,1560906.083,1561372.922,1561396.555,0,589290,48693248,16982016,50001,233330,2026-08-03T12:04:23.323899Z
M4,1563,saturated,M4,true,80.000,231.587,355.607,394.157,1561905.302,1562392.612,1562435.034,0,589449,48693248,16982016,49920,233480,2026-08-03T12:04:23.323899Z
M4,1564,saturated,M4,true,80.000,213.545,387.423,439.048,1562942.116,1563334.977,1563389.573,0,589740,48709632,17006592,50033,233643,2026-08-03T12:04:23.323899Z
M4,1565,saturated,M4,true,78.000,228.084,410.295,451.182,1563917.642,1564341.386,1564438.384,0,590082,48734208,17006592,49955,233804,2026-08-03T12:04:23.323899Z
M4,1566,saturated,M4,true,61.000,243.091,339.802,422.536,1564795.235,1565369.382,1565409.823,0,590239,48742400,17014784,49922,233952,2026-08-03T12:04:23.323899Z
M4,1567,saturated,M4,true,77.000,261.674,484.482,508.523,1565870.974,1566409.420,1566430.040,0,590516,48758784,17014784,50003,234092,2026-08-03T12:04:23.323899Z
M4,1568,saturated,M4,true,82.000,220.097,343.048,433.898,1566946.769,1567401.187,1567419.721,0,590763,48766976,17014784,49944,234256,2026-08-03T12:04:23.323899Z
M4,1569,saturated,M4,true,78.000,210.881,409.083,439.246,1567930.486,1568397.044,1568418.877,0,590918,48775168,17031168,49936,234408,2026-08-03T12:04:23.323899Z
M4,1570,saturated,M4,true,80.000,231.975,326.293,462.572,1568923.770,1569383.655,1569434.960,0,591215,48824320,17031168,50001,234572,2026-08-03T12:04:23.323899Z
M4,1571,saturated,M4,true,74.000,212.800,373.920,536.603,1569900.264,1570355.944,1570415.044,0,591470,48848896,17039360,49987,234728,2026-08-03T12:04:23.323899Z
M4,1572,saturated,M4,true,76.000,243.316,419.338,464.437,1570896.169,1571339.896,1571410.179,0,591630,48865280,17039360,49922,234889,2026-08-03T12:04:23.323899Z
M4,1573,saturated,M4,true,81.000,244.040,364.262,504.445,1571907.814,1572419.038,1572433.652,0,591888,48898048,17072128,49999,235040,2026-08-03T12:04:23.323899Z
M4,1574,saturated,M4,true,74.000,212.322,381.414,473.837,1572938.474,1573367.158,1573428.232,0,592104,48906240,17072128,49922,235195,2026-08-03T12:04:23.323899Z
M4,1575,saturated,M4,true,76.000,248.766,365.256,423.963,1573869.643,1574321.578,1574384.694,0,592371,48930816,17072128,49923,235351,2026-08-03T12:04:23.323899Z
M4,1576,saturated,M4,true,71.000,280.199,436.904,474.073,1574869.959,1575399.566,1575430.915,0,592648,48939008,17080320,50003,235494,2026-08-03T12:04:23.323899Z
M4,1577,saturated,M4,true,71.000,235.086,399.864,433.071,1575909.652,1576344.038,1576357.448,0,592804,48955392,17080320,49970,235641,2026-08-03T12:04:23.323899Z
M4,1578,saturated,M4,true,80.000,230.674,326.414,441.040,1576998.540,1577386.486,1577429.646,0,592978,48996352,17088512,49927,235792,2026-08-03T12:04:23.323899Z
M4,1579,saturated,M4,true,78.000,230.458,337.964,359.994,1577923.629,1578418.293,1578430.610,0,593334,49004544,17096704,49985,235958,2026-08-03T12:04:23.323899Z
M4,1580,saturated,M4,true,76.000,232.645,400.522,438.821,1578880.751,1579405.168,1579422.894,0,593506,49020928,17096704,49968,236114,2026-08-03T12:04:23.323899Z
M4,1581,saturated,M4,true,77.000,243.203,372.168,406.160,1579930.767,1580416.415,1580424.723,0,593710,49029120,17104896,49931,236266,2026-08-03T12:04:23.323899Z
M4,1582,saturated,M4,true,75.000,230.513,385.760,501.809,1580958.905,1581388.237,1581422.852,0,593946,49045504,17104896,49985,236421,2026-08-03T12:04:23.323899Z
M4,1583,saturated,M4,true,76.000,227.710,388.540,489.732,1581950.846,1582422.985,1582424.369,0,594180,49053696,17113088,49976,236576,2026-08-03T12:04:23.323899Z
M4,1584,saturated,M4,true,76.000,238.295,344.218,368.697,1582891.383,1583418.252,1583429.409,0,594414,49070080,17129472,49985,236730,2026-08-03T12:04:23.323899Z
M4,1585,saturated,M4,true,77.000,224.806,387.157,423.809,1583928.418,1584379.029,1584422.557,0,594619,49078272,17137664,49922,236889,2026-08-03T12:04:23.323899Z
M4,1586,saturated,M4,true,73.000,246.502,397.130,467.022,1584808.565,1585397.016,1585413.309,0,594779,49094656,17137664,49972,237036,2026-08-03T12:04:23.323899Z
M4,1587,saturated,M4,true,76.000,232.807,395.334,502.232,1585943.242,1586420.186,1586428.777,0,595105,49102848,17137664,49996,237183,2026-08-03T12:04:23.323899Z
M4,1588,saturated,M4,true,79.000,229.822,378.666,465.856,1586966.967,1587378.518,1587416.543,0,595264,49143808,17162240,49922,237343,2026-08-03T12:04:23.323899Z
M4,1589,saturated,M4,true,77.000,227.737,378.309,468.625,1587965.935,1588369.698,1588427.614,0,595555,49160192,17162240,49966,237502,2026-08-03T12:04:23.323899Z
M4,1590,saturated,M4,true,69.000,247.802,393.447,433.887,1588983.973,1589388.348,1589418.625,0,595764,49192960,17170432,50002,237641,2026-08-03T12:04:23.323899Z
M4,1591,saturated,M4,true,75.000,227.812,345.824,460.805,1589901.956,1590348.055,1590424.504,0,595963,49201152,17170432,49923,237805,2026-08-03T12:04:23.323899Z
M4,1592,saturated,M4,true,77.000,238.944,402.852,460.117,1590888.454,1591370.266,1591412.872,0,596230,49225728,17178624,49963,237959,2026-08-03T12:04:23.323899Z
M4,1593,saturated,M4,true,83.000,244.129,380.052,458.492,1591910.076,1592382.744,1592430.134,0,596512,49250304,17186816,49994,238114,2026-08-03T12:04:23.323899Z
M4,1594,saturated,M4,true,74.000,210.180,448.658,525.861,1592935.318,1593396.576,1593420.941,0,596694,49266688,17195008,49927,238265,2026-08-03T12:04:23.323899Z
M4,1595,saturated,M4,true,71.000,242.715,368.310,491.491,1593928.331,1594398.238,1594428.031,0,596979,49307648,17203200,49964,238421,2026-08-03T12:04:23.323899Z
M4,1596,saturated,M4,true,76.000,243.399,412.551,521.652,1594900.584,1595394.009,1595420.090,0,597158,49315840,17203200,49992,238563,2026-08-03T12:04:23.323899Z
M4,1597,saturated,M4,true,65.000,241.680,479.313,550.165,1595827.583,1596352.643,1596408.625,0,597354,49324032,17203200,49938,238711,2026-08-03T12:04:23.323899Z
M4,1598,saturated,M4,true,75.000,243.020,410.514,442.622,1596870.997,1597301.164,1597421.872,0,597633,49340416,17219584,49960,238865,2026-08-03T12:04:23.323899Z
M4,1599,saturated,M4,true,76.000,223.057,348.077,458.542,1597900.118,1598303.385,1598409.460,0,597811,49348608,17219584,49985,239019,2026-08-03T12:04:23.323899Z
M4,1600,saturated,M4,true,78.000,233.598,423.295,433.150,1598899.171,1599391.376,1599404.114,0,598035,49356800,17227776,49978,239170,2026-08-03T12:04:23.323899Z
M4,1601,saturated,M4,true,78.000,241.526,408.493,549.454,1599949.778,1600366.430,1600409.319,0,598241,49373184,17227776,49922,239328,2026-08-03T12:04:23.323899Z
M4,1602,saturated,M4,true,76.000,257.484,405.294,473.524,1601006.044,1601399.119,1601423.778,0,598538,49397760,17252352,49968,239478,2026-08-03T12:04:23.323899Z
M4,1603,saturated,M4,true,74.000,235.631,374.027,508.850,1602001.514,1602362.549,1602400.141,0,598711,49405952,17252352,49998,239635,2026-08-03T12:04:23.323899Z
M4,1604,saturated,M4,true,71.000,232.658,349.056,512.726,1602960.360,1603380.408,1603417.359,0,598882,49414144,17260544,49918,239781,2026-08-03T12:04:23.323899Z
M4,1605,saturated,M4,true,79.000,240.066,366.211,439.937,1603948.248,1604332.170,1604409.253,0,599166,49438720,17268736,50041,239942,2026-08-03T12:04:23.323899Z
M4,1606,saturated,M4,true,73.000,253.039,389.455,447.999,1604942.251,1605383.319,1605394.452,0,599311,49455104,17268736,49969,240086,2026-08-03T12:04:23.323899Z
M4,1607,saturated,M4,true,73.000,254.241,373.035,422.643,1605943.031,1606360.315,1606420.379,0,599537,49487872,17276928,49928,240236,2026-08-03T12:04:23.323899Z
M4,1608,saturated,M4,true,73.000,244.254,350.467,411.668,1606926.997,1607350.569,1607423.248,0,599886,49520640,17285120,49989,240382,2026-08-03T12:04:23.323899Z
M4,1609,saturated,M4,true,74.000,238.930,365.727,389.104,1607848.432,1608383.011,1608424.432,0,600065,49528832,17285120,49973,240537,2026-08-03T12:04:23.323899Z
M4,1610,saturated,M4,true,71.000,249.537,404.035,484.373,1608854.476,1609355.751,1609402.044,0,600252,49545216,17293312,49928,240686,2026-08-03T12:04:23.323899Z
M4,1611,saturated,M4,true,80.000,261.282,340.747,370.988,1609902.336,1610403.949,1610424.107,0,600571,49577984,17293312,49989,240840,2026-08-03T12:04:23.323899Z
M4,1612,saturated,M4,true,75.000,236.419,432.943,577.883,1610923.527,1611358.014,1611421.268,0,600727,49594368,17301504,49973,240992,2026-08-03T12:04:23.323899Z
M4,1613,saturated,M4,true,75.000,223.751,417.461,441.651,1611992.849,1612383.808,1612401.577,0,600988,49618944,17309696,49929,241146,2026-08-03T12:04:23.323899Z
M4,1614,saturated,M4,true,76.000,235.625,367.304,403.144,1612932.739,1613339.461,1613405.427,0,601245,49635328,17317888,49985,241300,2026-08-03T12:04:23.323899Z
M4,1615,saturated,M4,true,77.000,234.593,392.424,432.205,1613928.322,1614390.151,1614423.051,0,601411,49643520,17326080,49974,241453,2026-08-03T12:04:23.323899Z
M4,1616,saturated,M4,true,65.000,252.709,394.009,548.294,1614878.053,1615355.349,1615419.611,0,601604,49659904,17326080,49930,241589,2026-08-03T12:04:23.323899Z
M4,1617,saturated,M4,true,73.000,268.025,407.839,415.927,1615852.325,1616329.743,1616403.269,0,601898,49676288,17350656,49963,241736,2026-08-03T12:04:23.323899Z
M4,1618,saturated,M4,true,78.000,229.052,413.799,574.971,1616881.897,1617402.861,1617419.948,0,602031,49684480,17350656,49996,241891,2026-08-03T12:04:23.323899Z
M4,1619,saturated,M4,true,80.000,211.270,383.386,507.114,1617853.776,1618341.882,1618391.732,0,602245,49684480,17350656,49924,242056,2026-08-03T12:04:23.323899Z
M4,1620,saturated,M4,true,76.000,231.213,372.372,392.314,1618930.023,1619300.897,1619413.585,0,602393,49692672,17358848,49959,242138,2026-08-03T12:04:23.323899Z
M4,1621,saturated,M4,true,81.000,222.084,362.112,404.024,1619928.003,1620344.304,1620397.908,0,602695,49709056,17358848,50002,242296,2026-08-03T12:04:23.323899Z
M4,1622,saturated,M4,true,76.000,248.415,397.438,439.367,1620894.311,1621387.999,1621423.059,0,602814,49922048,17367040,49927,242457,2026-08-03T12:04:23.323899Z
M4,1623,saturated,M4,true,75.000,273.796,388.288,445.922,1621929.887,1622396.258,1622396.975,0,603010,49938432,17375232,49959,242607,2026-08-03T12:04:23.323899Z
M4,1624,saturated,M4,true,77.000,236.818,362.481,425.802,1622966.029,1623397.293,1623415.050,0,603270,49946624,17383424,49997,242760,2026-08-03T12:04:23.323899Z
M4,1625,saturated,M4,true,74.000,236.761,424.157,459.533,1623922.971,1624385.926,1624417.548,0,603535,49946624,17391616,49924,242914,2026-08-03T12:04:23.323899Z
M4,1626,saturated,M4,true,69.000,262.007,410.884,464.575,1624890.595,1625403.366,1625420.996,0,603694,49963008,17391616,49969,243070,2026-08-03T12:04:23.323899Z
M4,1627,saturated,M4,true,68.000,237.125,364.164,514.866,1625881.197,1626282.376,1626407.419,0,603947,49979392,17408000,49997,243197,2026-08-03T12:04:23.323899Z
M4,1628,saturated,M4,true,79.000,251.754,328.257,381.957,1626901.496,1627388.907,1627421.848,0,604201,49979392,17408000,49927,243355,2026-08-03T12:04:23.323899Z
M4,1629,saturated,M4,true,77.000,248.003,366.880,460.053,1627948.980,1628373.140,1628419.257,0,604399,49987584,17408000,49964,243503,2026-08-03T12:04:23.323899Z
M4,1630,saturated,M4,true,71.000,240.234,372.976,462.455,1628980.998,1629351.927,1629384.555,0,604721,50003968,17416192,49997,243651,2026-08-03T12:04:23.323899Z
M4,1631,saturated,M4,true,76.000,240.359,427.641,456.303,1629891.708,1630382.387,1630402.577,0,604866,50003968,17416192,49926,243808,2026-08-03T12:04:23.323899Z
M4,1632,saturated,M4,true,74.000,238.686,388.197,455.048,1630879.398,1631368.317,1631402.419,0,605011,50012160,17432576,49961,243959,2026-08-03T12:04:23.323899Z
M4,1633,saturated,M4,true,71.000,271.550,375.693,439.794,1631899.980,1632311.193,1632423.398,0,605364,50028544,17440768,50000,244106,2026-08-03T12:04:23.323899Z
M4,1634,saturated,M4,true,79.000,233.559,370.805,576.616,1632879.580,1633386.743,1633422.362,0,605562,50028544,17440768,49928,244266,2026-08-03T12:04:23.323899Z
M4,1635,saturated,M4,true,78.000,234.588,407.764,542.880,1633932.860,1634377.825,1634412.973,0,605724,50044928,17457152,49959,244417,2026-08-03T12:04:23.323899Z
M4,1636,saturated,M4,true,66.000,257.894,381.667,462.792,1634855.052,1635323.755,1635398.307,0,606075,50053120,17457152,50001,244574,2026-08-03T12:04:23.323899Z
M4,1637,saturated,M4,true,80.000,251.409,398.205,512.479,1635867.280,1636385.667,1636425.070,0,606228,50053120,17465344,49935,244716,2026-08-03T12:04:23.323899Z
M4,1638,saturated,M4,true,75.000,221.654,543.293,685.660,1636977.821,1637377.390,1637422.273,0,606358,50069504,17473536,49957,244863,2026-08-03T12:04:23.323899Z
M4,1639,saturated,M4,true,72.000,242.895,371.600,480.086,1637970.520,1638329.139,1638360.512,0,606734,50077696,17473536,49996,245018,2026-08-03T12:04:23.323899Z
M4,1640,saturated,M4,true,72.000,237.414,369.355,481.564,1638870.230,1639315.649,1639414.908,0,606902,50085888,17481728,49968,245169,2026-08-03T12:04:23.323899Z
M4,1641,saturated,M4,true,78.000,252.320,406.981,483.661,1639886.316,1640365.701,1640392.610,0,607122,50085888,17481728,49927,245326,2026-08-03T12:04:23.323899Z
M4,1642,saturated,M4,true,74.000,242.741,380.716,483.699,1640955.955,1641318.800,1641419.739,0,607355,50102272,17498112,49996,245481,2026-08-03T12:04:23.323899Z
M4,1643,saturated,M4,true,78.000,248.535,372.285,453.529,1641954.778,1642368.128,1642402.944,0,607623,50110464,17498112,49962,245636,2026-08-03T12:04:23.323899Z
M4,1644,saturated,M4,true,70.000,243.574,388.442,441.024,1642957.810,1643331.668,1643367.860,0,607744,50241536,17506304,49931,245781,2026-08-03T12:04:23.323899Z
M4,1645,saturated,M4,true,73.000,244.959,402.136,478.525,1643855.219,1644325.287,1644404.603,0,607927,50298880,17506304,50032,245923,2026-08-03T12:04:23.323899Z
M4,1646,saturated,M4,true,79.000,242.134,361.846,482.984,1644848.734,1645387.887,1645397.910,0,608258,50298880,17514496,49955,246084,2026-08-03T12:04:23.323899Z
M4,1647,saturated,M4,true,72.000,234.784,369.063,418.608,1645958.009,1646387.390,1646402.883,0,608406,50307072,17530880,49931,246222,2026-08-03T12:04:23.323899Z
M4,1648,saturated,M4,true,71.000,248.275,383.007,477.158,1646953.731,1647364.244,1647373.546,0,608686,50323456,17539072,50003,246376,2026-08-03T12:04:23.323899Z
M4,1649,saturated,M4,true,76.000,240.715,455.270,497.796,1647881.958,1648400.449,1648415.489,0,608844,50323456,17547264,49959,246529,2026-08-03T12:04:23.323899Z
M4,1650,saturated,M4,true,75.000,232.662,390.109,437.776,1648906.550,1649376.832,1649410.731,0,609088,50331648,17547264,49934,246674,2026-08-03T12:04:23.323899Z
M4,1651,saturated,M4,true,76.000,219.406,320.406,357.782,1649926.637,1650259.189,1650405.883,0,609427,50348032,17547264,49992,246843,2026-08-03T12:04:23.323899Z
M4,1652,saturated,M4,true,76.000,233.602,320.947,363.274,1650915.282,1651366.833,1651415.286,0,609581,50348032,17563648,49916,246998,2026-08-03T12:04:23.323899Z
M4,1653,saturated,M4,true,78.000,230.716,447.041,472.956,1651899.002,1652378.671,1652405.730,0,609727,50364416,17563648,50044,247145,2026-08-03T12:04:23.323899Z
M4,1654,saturated,M4,true,63.000,250.410,377.912,466.018,1652860.327,1653263.466,1653387.997,0,610078,50372608,17571840,49971,247295,2026-08-03T12:04:23.323899Z
M4,1655,saturated,M4,true,76.000,246.003,519.283,570.113,1653819.447,1654300.134,1654402.518,0,610261,50372608,17571840,49932,247433,2026-08-03T12:04:23.323899Z
M4,1656,saturated,M4,true,64.000,233.667,331.380,374.555,1654758.307,1655122.650,1655399.930,0,610419,50388992,17580032,49951,247588,2026-08-03T12:04:23.323899Z
M4,1657,saturated,M4,true,76.000,261.981,481.627,538.609,1655898.253,1656364.927,1656369.633,0,610695,50397184,17596416,49968,247705,2026-08-03T12:04:23.323899Z
M4,1658,saturated,M4,true,77.000,244.890,364.852,499.721,1656923.130,1657359.076,1657419.779,0,610843,50397184,17596416,49992,247863,2026-08-03T12:04:23.323899Z
M4,1659,saturated,M4,true,71.000,231.168,379.628,489.731,1657988.831,1658336.322,1658404.661,0,611110,50405376,17604608,49929,248020,2026-08-03T12:04:23.323899Z
M4,1660,saturated,M4,true,79.000,219.023,369.577,394.056,1658842.265,1659351.630,1659392.169,0,611376,50421760,17604608,49965,248170,2026-08-03T12:04:23.323899Z
M4,1661,saturated,M4,true,72.000,233.032,424.468,464.205,1659845.959,1660341.288,1660386.227,0,611648,50454528,17612800,49991,248324,2026-08-03T12:04:23.323899Z
M4,1662,saturated,M4,true,72.000,246.618,392.318,487.248,1660871.642,1661321.289,1661354.102,0,611802,50487296,17620992,49935,248470,2026-08-03T12:04:23.323899Z
M4,1663,saturated,M4,true,76.000,242.076,396.142,553.266,1661896.483,1662303.366,1662390.332,0,612039,50569216,17629184,49966,248620,2026-08-03T12:04:23.323899Z
M4,1664,saturated,M4,true,70.000,248.996,378.884,446.363,1662845.391,1663337.839,1663389.639,0,612189,50626560,17637376,49987,248763,2026-08-03T12:04:23.323899Z
M4,1665,saturated,M4,true,75.000,243.166,515.240,695.509,1663863.477,1664306.330,1664350.127,0,612458,50626560,17637376,49938,248920,2026-08-03T12:04:23.323899Z
M4,1666,saturated,M4,true,64.000,246.857,455.478,512.611,1664807.750,1665189.382,1665383.932,0,612625,50634752,17645568,49938,249068,2026-08-03T12:04:23.323899Z
M4,1667,saturated,M4,true,80.000,251.279,405.857,558.340,1665855.715,1666351.425,1666390.211,0,612835,50651136,17661952,50002,249201,2026-08-03T12:04:23.323899Z
M4,1668,saturated,M4,true,70.000,248.845,387.432,475.100,1666864.905,1667331.378,1667364.951,0,613084,50651136,17661952,49929,249352,2026-08-03T12:04:23.323899Z
M4,1669,saturated,M4,true,75.000,259.975,424.649,492.172,1667844.860,1668342.432,1668388.632,0,613231,50659328,17670144,49961,249506,2026-08-03T12:04:23.323899Z
M4,1670,saturated,M4,true,76.000,227.992,381.874,433.668,1668912.032,1669343.101,1669390.320,0,613485,50675712,17670144,50004,249650,2026-08-03T12:04:23.323899Z
M4,1671,saturated,M4,true,71.000,257.285,394.815,419.633,1669931.922,1670329.821,1670341.287,0,613755,50675712,17670144,49932,249802,2026-08-03T12:04:23.323899Z
M4,1672,saturated,M4,true,75.000,247.602,349.128,452.290,1670893.256,1671357.993,1671382.628,0,613937,50692096,17686528,49960,249954,2026-08-03T12:04:23.323899Z
M4,1673,saturated,M4,true,72.000,251.656,369.124,441.065,1671876.781,1672336.223,1672371.535,0,614233,50700288,17686528,49998,250100,2026-08-03T12:04:23.323899Z
M4,1674,saturated,M4,true,77.000,239.830,425.447,479.062,1672890.189,1673354.748,1673387.483,0,614434,50700288,17694720,49964,250248,2026-08-03T12:04:23.323899Z
M4,1675,saturated,M4,true,74.000,237.992,343.276,431.120,1673915.294,1674359.502,1674388.068,0,614594,50708480,17694720,49920,250403,2026-08-03T12:04:23.323899Z
M4,1676,saturated,M4,true,63.000,250.149,372.795,429.398,1674851.904,1675337.291,1675388.469,0,614821,50749440,17702912,50007,250560,2026-08-03T12:04:23.323899Z
M4,1677,saturated,M4,true,77.000,256.680,380.155,441.510,1675837.502,1676273.463,1676392.546,0,615103,50749440,17719296,49972,250696,2026-08-03T12:04:23.323899Z
M4,1678,saturated,M4,true,75.000,240.133,361.591,423.846,1676853.486,1677353.794,1677383.666,0,615291,50757632,17719296,49929,250852,2026-08-03T12:04:23.323899Z
M4,1679,saturated,M4,true,71.000,267.110,392.582,411.847,1677891.178,1678343.928,1678392.732,0,615495,50774016,17735680,49988,250991,2026-08-03T12:04:23.323899Z
M4,1680,saturated,M4,true,73.000,242.190,405.988,557.548,1678915.025,1679350.634,1679394.968,0,615764,50790400,17735680,49976,251135,2026-08-03T12:04:23.323899Z
M4,1681,saturated,M4,true,71.000,246.435,404.495,428.363,1679855.909,1680340.608,1680378.727,0,615923,50880512,17735680,49927,251285,2026-08-03T12:04:23.323899Z
M4,1682,saturated,M4,true,75.000,251.376,372.194,439.386,1680918.609,1681283.804,1681349.311,0,616157,50921472,17752064,49986,251428,2026-08-03T12:04:23.323899Z
M4,1683,saturated,M4,true,70.000,235.537,401.352,522.871,1681903.321,1682290.033,1682385.642,0,616449,50954240,17752064,49978,251581,2026-08-03T12:04:23.323899Z
M4,1684,saturated,M4,true,82.000,252.228,390.014,619.830,1682929.876,1683348.456,1683382.203,0,616613,50954240,17760256,49929,251728,2026-08-03T12:04:23.323899Z
M4,1685,saturated,M4,true,66.000,243.926,369.579,460.497,1683874.681,1684295.477,1684312.183,0,616822,50970624,17760256,49985,251884,2026-08-03T12:04:23.323899Z
M4,1686,saturated,M4,true,71.000,265.149,404.656,488.126,1684829.686,1685356.479,1685362.661,0,617060,50970624,17760256,49966,252032,2026-08-03T12:04:23.323899Z
M4,1687,saturated,M4,true,72.000,243.507,382.444,451.374,1685862.476,1686280.617,1686353.084,0,617305,50978816,17776640,49933,252179,2026-08-03T12:04:23.323899Z
M4,1688,saturated,M4,true,75.000,229.350,422.891,512.599,1686862.725,1687339.338,1687369.481,0,617416,50995200,17784832,49997,252323,2026-08-03T12:04:23.323899Z
M4,1689,saturated,M4,true,75.000,244.408,384.859,463.709,1687855.506,1688354.746,1688368.582,0,617706,51003392,17793024,49961,252473,2026-08-03T12:04:23.323899Z
M4,1690,saturated,M4,true,72.000,239.451,441.730,461.569,1688859.727,1689269.483,1689338.984,0,617893,51003392,17793024,49925,252629,2026-08-03T12:04:23.323899Z
M4,1691,saturated,M4,true,72.000,243.550,449.691,511.120,1689850.711,1690263.642,1690362.270,0,618141,51019776,17801216,50002,252768,2026-08-03T12:04:23.323899Z
M4,1692,saturated,M4,true,80.000,252.904,372.128,500.441,1690865.576,1691328.499,1691368.972,0,618289,51027968,17809408,49963,252920,2026-08-03T12:04:23.323899Z
M4,1693,saturated,M4,true,69.000,248.023,369.732,530.794,1691867.558,1692305.477,1692376.160,0,618555,51027968,17809408,49928,253071,2026-08-03T12:04:23.323899Z
M4,1694,saturated,M4,true,73.000,242.981,458.408,554.951,1692900.855,1693356.163,1693373.542,0,618814,51052544,17825792,50001,253217,2026-08-03T12:04:23.323899Z
M4,1695,saturated,M4,true,72.000,258.362,398.630,583.781,1693853.593,1694356.963,1694374.763,0,619080,51060736,17825792,49963,253359,2026-08-03T12:04:23.323899Z
M4,1696,saturated,M4,true,67.000,283.909,432.812,492.040,1694857.080,1695325.813,1695373.319,0,619241,51085312,17825792,50002,253507,2026-08-03T12:04:23.323899Z
M4,1697,saturated,M4,true,69.000,256.736,379.002,536.062,1695844.539,1696298.999,1696362.343,0,619349,51093504,17842176,49962,253642,2026-08-03T12:04:23.323899Z
M4,1698,saturated,M4,true,75.000,249.561,409.113,434.093,1696888.012,1697330.658,1697373.818,0,619594,51126272,17850368,49928,253791,2026-08-03T12:04:23.323899Z
M4,1699,saturated,M4,true,75.000,247.463,394.091,408.318,1697860.400,1698361.451,1698379.871,0,619892,51175424,17858560,49962,253940,2026-08-03T12:04:23.323899Z
M4,1700,saturated,M4,true,72.000,250.879,394.602,480.628,1698884.433,1699326.612,1699357.808,0,620136,51216384,17858560,49965,254088,2026-08-03T12:04:23.323899Z
M4,1701,saturated,M4,true,68.000,230.735,399.251,470.852,1699856.808,1700364.566,1700372.945,0,620285,51249152,17858560,49930,254236,2026-08-03T12:04:23.323899Z
M4,1702,saturated,M4,true,75.000,252.374,408.549,467.510,1700821.828,1701278.754,1701353.558,0,620558,51281920,17874944,49993,254380,2026-08-03T12:04:23.323899Z
M4,1703,saturated,M4,true,78.000,245.830,432.306,487.032,1701937.489,1702351.317,1702373.862,0,620797,51281920,17874944,49967,254527,2026-08-03T12:04:23.323899Z
M4,1704,saturated,M4,true,67.000,254.147,413.535,449.666,1702937.650,1703317.717,1703363.706,0,620999,51290112,17883136,49964,254671,2026-08-03T12:04:23.323899Z
M4,1705,saturated,M4,true,74.000,240.827,386.936,603.602,1703864.222,1704325.883,1704350.125,0,621216,51298304,17883136,49963,254821,2026-08-03T12:04:23.323899Z
M4,1706,saturated,M4,true,65.000,255.746,418.111,471.876,1704821.552,1705328.984,1705365.567,0,621464,51306496,17883136,49926,254974,2026-08-03T12:04:23.323899Z
M4,1707,saturated,M4,true,73.000,268.760,440.498,518.875,1705878.021,1706339.233,1706371.052,0,621710,51322880,17899520,50000,255111,2026-08-03T12:04:23.323899Z
M4,1708,saturated,M4,true,77.000,242.469,383.891,429.464,1706885.719,1707345.239,1707363.835,0,621877,51322880,17899520,49925,255257,2026-08-03T12:04:23.323899Z
M4,1709,saturated,M4,true,70.000,252.828,425.673,468.673,1707868.832,1708320.419,1708362.936,0,622049,51331072,17915904,49930,255405,2026-08-03T12:04:23.323899Z
M4,1710,saturated,M4,true,73.000,245.203,439.588,521.327,1708851.898,1709296.844,1709361.195,0,622297,51347456,17924096,50001,255550,2026-08-03T12:04:23.323899Z
M4,1711,saturated,M4,true,72.000,258.093,416.090,514.232,1709812.849,1710340.981,1710362.593,0,622472,51347456,17924096,49957,255690,2026-08-03T12:04:23.323899Z
M4,1712,saturated,M4,true,75.000,244.217,440.682,575.763,1710904.210,1711346.011,1711357.978,0,622750,51363840,17940480,49935,255844,2026-08-03T12:04:23.323899Z
M4,1713,saturated,M4,true,69.000,261.315,429.738,535.715,1711818.529,1712265.113,1712340.198,0,622996,51372032,17940480,49994,255989,2026-08-03T12:04:23.323899Z
M4,1714,saturated,M4,true,71.000,252.003,351.641,378.533,1712855.832,1713230.995,1713347.681,0,623162,51388416,17948672,49962,256144,2026-08-03T12:04:23.323899Z
M4,1715,saturated,M4,true,73.000,243.363,401.631,514.744,1713837.683,1714205.498,1714319.903,0,623316,51404800,17948672,49934,256295,2026-08-03T12:04:23.323899Z
M4,1716,saturated,M4,true,72.000,237.774,414.401,475.444,1714793.076,1715334.106,1715362.430,0,623634,51437568,17948672,49991,256439,2026-08-03T12:04:23.323899Z
M4,1717,saturated,M4,true,72.000,252.135,455.345,624.718,1715805.694,1716317.232,1716331.172,0,623811,51470336,17956864,49965,256574,2026-08-03T12:04:23.323899Z
M4,1718,saturated,M4,true,73.000,233.247,385.359,593.395,1716865.225,1717308.792,1717364.210,0,624022,51511296,17965056,49933,256725,2026-08-03T12:04:23.323899Z
M4,1719,saturated,M4,true,74.000,238.317,401.701,577.056,1717850.313,1718328.023,1718361.945,0,624299,51552256,17965056,49958,256869,2026-08-03T12:04:23.323899Z
M4,1720,saturated,M4,true,72.000,256.618,412.547,551.988,1718930.907,1719348.236,1719365.508,0,624467,51576832,17973248,50001,257010,2026-08-03T12:04:23.323899Z
M4,1721,saturated,M4,true,69.000,251.482,404.288,438.849,1719883.047,1720310.066,1720335.257,0,624656,51593216,17981440,49936,257158,2026-08-03T12:04:23.323899Z
M4,1722,saturated,M4,true,72.000,260.458,400.104,471.119,1720891.909,1721303.149,1721363.155,0,624948,51609600,17997824,49960,257305,2026-08-03T12:04:23.323899Z
M4,1723,saturated,M4,true,72.000,250.044,419.866,471.827,1721891.051,1722326.658,1722361.075,0,625095,51617792,17997824,49998,257450,2026-08-03T12:04:23.323899Z
M4,1724,saturated,M4,true,70.000,237.294,409.634,636.098,1722878.178,1723301.551,1723360.609,0,625274,51617792,17997824,49934,257597,2026-08-03T12:04:23.323899Z
M4,1725,saturated,M4,true,71.000,251.036,377.927,462.139,1723822.216,1724330.660,1724347.001,0,625535,51634176,18014208,50029,257744,2026-08-03T12:04:23.323899Z
M4,1726,saturated,M4,true,75.000,257.364,473.098,522.402,1724888.905,1725340.717,1725364.168,0,625735,51634176,18014208,49959,257887,2026-08-03T12:04:23.323899Z
M4,1727,saturated,M4,true,71.000,252.149,381.564,441.249,1725867.013,1726307.412,1726348.326,0,625984,51650560,18030592,49929,258028,2026-08-03T12:04:23.323899Z
M4,1728,saturated,M4,true,70.000,258.139,386.447,462.634,1726851.253,1727304.507,1727346.952,0,626239,51658752,18030592,50006,258180,2026-08-03T12:04:23.323899Z
M4,1729,saturated,M4,true,73.000,238.642,387.087,419.942,1727892.606,1728293.353,1728360.369,0,626402,51658752,18030592,49966,258324,2026-08-03T12:04:23.323899Z
M4,1730,saturated,M4,true,75.000,255.272,467.380,512.928,1728894.615,1729327.454,1729360.778,0,626571,51675136,18038784,49925,258472,2026-08-03T12:04:23.323899Z
M4,1731,saturated,M4,true,67.000,254.341,395.986,480.696,1729842.470,1730282.740,1730334.066,0,626907,51691520,18046976,49999,258620,2026-08-03T12:04:23.323899Z
M4,1732,saturated,M4,true,75.000,249.951,367.863,407.984,1730843.332,1731280.296,1731333.539,0,627059,51699712,18055168,49967,258770,2026-08-03T12:04:23.323899Z
M4,1733,saturated,M4,true,73.000,255.021,367.137,421.835,1731863.874,1732322.931,1732357.046,0,627232,51716096,18063360,49927,258914,2026-08-03T12:04:23.323899Z
M4,1734,saturated,M4,true,68.000,230.903,495.925,538.634,1732809.803,1733275.072,1733345.782,0,627504,51732480,18063360,49998,259058,2026-08-03T12:04:23.323899Z
M4,1735,saturated,M4,true,72.000,259.364,398.847,504.326,1733793.645,1734261.816,1734342.049,0,627696,51748864,18071552,49967,259202,2026-08-03T12:04:23.323899Z
M4,1736,saturated,M4,true,72.000,254.127,426.065,609.038,1734876.428,1735333.524,1735358.552,0,627873,51781632,18071552,49927,259341,2026-08-03T12:04:23.323899Z
M4,1737,saturated,M4,true,69.000,252.383,408.874,454.703,1735838.584,1736314.296,1736338.592,0,628136,51847168,18087936,49997,259486,2026-08-03T12:04:23.323899Z
M4,1738,saturated,M4,true,72.000,256.814,388.633,411.410,1736888.909,1737280.251,1737353.720,0,628326,51871744,18087936,49970,259632,2026-08-03T12:04:23.323899Z
M4,1739,saturated,M4,true,71.000,245.278,385.711,572.067,1737810.899,1738311.994,1738346.846,0,628521,51912704,18087936,49927,259779,2026-08-03T12:04:23.323899Z
M4,1740,saturated,M4,true,72.000,269.567,392.639,558.375,1738819.269,1739332.097,1739357.224,0,628791,51929088,18104320,49994,259921,2026-08-03T12:04:23.323899Z
M4,1741,saturated,M4,true,70.000,253.029,410.137,450.596,1739848.667,1740277.744,1740352.627,0,629004,51929088,18104320,49970,260069,2026-08-03T12:04:23.323899Z
M4,1742,saturated,M4,true,72.000,252.102,415.477,549.880,1740827.129,1741303.267,1741323.897,0,629221,51937280,18112512,49928,260214,2026-08-03T12:04:23.323899Z
M4,1743,saturated,M4,true,75.000,236.990,416.766,570.711,1741897.976,1742334.746,1742357.678,0,629473,51953664,18128896,49995,260365,2026-08-03T12:04:23.323899Z
M4,1744,saturated,M4,true,69.000,240.709,448.922,612.359,1742851.616,1743276.068,1743345.291,0,629632,51953664,18128896,49970,260504,2026-08-03T12:04:23.323899Z
M4,1745,saturated,M4,true,73.000,252.626,414.169,553.231,1743862.612,1744288.924,1744328.579,0,629778,51961856,18137088,49929,260654,2026-08-03T12:04:23.323899Z
M4,1746,saturated,M4,true,67.000,263.800,421.354,466.669,1744827.757,1745312.148,1745341.040,0,630004,51978240,18137088,49993,260789,2026-08-03T12:04:23.323899Z
M4,1747,saturated,M4,true,72.000,258.805,382.047,405.396,1745842.279,1746327.580,1746344.843,0,630270,51978240,18137088,49974,260934,2026-08-03T12:04:23.323899Z
M4,1748,saturated,M4,true,67.000,265.710,395.746,555.814,1746868.068,1747286.140,1747351.379,0,630431,51986432,18153472,49929,261077,2026-08-03T12:04:23.323899Z
M4,1749,saturated,M4,true,77.000,255.630,395.884,518.605,1747874.276,1748322.575,1748341.580,0,630640,51994624,18153472,49990,261149,2026-08-03T12:04:23.323899Z
M4,1750,saturated,M4,true,71.000,266.802,455.171,485.718,1748864.121,1749319.917,1749353.550,0,630918,52002816,18161664,49975,261370,2026-08-03T12:04:23.323899Z
M4,1751,saturated,M4,true,63.000,271.735,402.036,434.138,1749833.736,1750272.758,1750303.661,0,631080,52019200,18161664,49928,261500,2026-08-03T12:04:23.323899Z
M4,1752,saturated,M4,true,72.000,244.161,445.416,513.550,1750818.360,1751287.914,1751345.755,0,631146,52035584,18161664,49997,261576,2026-08-03T12:04:23.323899Z
M4,1753,saturated,M4,true,71.000,260.834,411.709,546.903,1751852.166,1752327.886,1752340.588,0,631429,52043776,18178048,49968,261724,2026-08-03T12:04:23.323899Z
M4,1754,saturated,M4,true,75.000,243.172,413.379,526.318,1752866.920,1753272.451,1753332.301,0,631592,52060160,18186240,49927,261864,2026-08-03T12:04:23.323899Z
M4,1755,saturated,M4,true,66.000,265.737,397.614,457.235,1753872.925,1754267.738,1754334.875,0,631928,52092928,18186240,50000,262010,2026-08-03T12:04:23.323899Z
M4,1756,saturated,M4,true,74.000,254.858,450.998,516.576,1754870.538,1755352.885,1755352.921,0,632067,52133888,18194432,49965,262154,2026-08-03T12:04:23.323899Z
M4,1757,saturated,M4,true,68.000,255.258,407.120,433.650,1755895.197,1756320.261,1756324.207,0,632261,52150272,18194432,49931,262292,2026-08-03T12:04:23.323899Z
M4,1758,saturated,M4,true,72.000,262.845,446.585,514.066,1756840.338,1757277.350,1757334.501,0,632401,52191232,18219008,49998,262440,2026-08-03T12:04:23.323899Z
M4,1759,saturated,M4,true,72.000,239.501,462.616,618.387,1757811.030,1758278.208,1758316.626,0,632690,52224000,18219008,49966,262583,2026-08-03T12:04:23.323899Z
M4,1760,saturated,M4,true,77.000,246.619,408.100,459.319,1758807.025,1759279.527,1759321.624,0,632892,52256768,18219008,49927,262734,2026-08-03T12:04:23.323899Z
M4,1761,saturated,M4,true,70.000,246.598,373.759,394.280,1759851.626,1760248.249,1760324.779,0,633136,52273152,18227200,49992,262887,2026-08-03T12:04:23.323899Z
M4,1762,saturated,M4,true,71.000,251.538,384.030,518.390,1760858.542,1761206.615,1761309.972,0,633390,52273152,18227200,49970,263027,2026-08-03T12:04:23.323899Z
M4,1763,saturated,M4,true,76.000,248.361,430.785,505.807,1761875.930,1762277.120,1762332.006,0,633538,52281344,18227200,49927,263174,2026-08-03T12:04:23.323899Z
M4,1764,saturated,M4,true,72.000,246.774,373.731,412.263,1762853.246,1763300.046,1763341.070,0,633751,52289536,18243584,49961,263322,2026-08-03T12:04:23.323899Z
M4,1765,saturated,M4,true,72.000,257.671,409.746,570.751,1763891.368,1764300.453,1764335.531,0,634064,52305920,18251776,50003,263471,2026-08-03T12:04:23.323899Z
M4,1766,saturated,M4,true,62.000,246.145,477.424,576.547,1764771.392,1765125.577,1765268.189,0,634235,52305920,18259968,49932,263615,2026-08-03T12:04:23.323899Z
M4,1767,saturated,M4,true,74.000,262.161,421.046,468.821,1765790.280,1766293.661,1766334.391,0,634386,52314112,18259968,49964,263748,2026-08-03T12:04:23.323899Z
M4,1768,saturated,M4,true,70.000,246.796,523.338,606.399,1766796.316,1767281.189,1767323.824,0,634629,52330496,18268160,49998,263892,2026-08-03T12:04:23.323899Z
M4,1769,saturated,M4,true,68.000,250.652,448.910,567.396,1767805.430,1768250.896,1768281.848,0,634852,52330496,18276352,49939,264032,2026-08-03T12:04:23.323899Z
M4,1770,saturated,M4,true,75.000,267.466,396.723,455.298,1768828.821,1769309.677,1769336.550,0,635012,52346880,18276352,49951,264178,2026-08-03T12:04:23.323899Z
M4,1771,saturated,M4,true,77.000,241.480,353.997,418.126,1769853.859,1770269.078,1770334.807,0,635256,52363264,18284544,50000,264343,2026-08-03T12:04:23.323899Z
M4,1772,saturated,M4,true,66.000,260.592,370.090,492.942,1770800.354,1771253.049,1771325.478,0,635514,52363264,18284544,49967,264479,2026-08-03T12:04:23.323899Z
M4,1773,saturated,M4,true,78.000,244.129,412.171,421.227,1771810.549,1772319.719,1772326.648,0,635704,52379648,18284544,49922,264622,2026-08-03T12:04:23.323899Z
M4,1774,saturated,M4,true,75.000,230.357,364.901,453.729,1772855.461,1773280.960,1773313.332,0,635933,52428800,18309120,50001,264780,2026-08-03T12:04:23.323899Z
M4,1775,saturated,M4,true,73.000,239.440,393.850,535.002,1773876.192,1774289.592,1774341.130,0,636084,52469760,18309120,49967,264923,2026-08-03T12:04:23.323899Z
M4,1776,saturated,M4,true,64.000,243.445,403.077,442.089,1774726.689,1775321.368,1775321.985,0,636342,52486144,18325504,49927,265075,2026-08-03T12:04:23.323899Z
M4,1777,saturated,M4,true,68.000,295.262,456.262,526.337,1775792.401,1776293.119,1776335.958,0,636606,52502528,18325504,50007,265207,2026-08-03T12:04:23.323899Z
M4,1778,saturated,M4,true,70.000,234.473,421.115,487.349,1776792.643,1777243.276,1777319.470,0,636844,52535296,18325504,49966,265339,2026-08-03T12:04:23.323899Z
M4,1779,saturated,M4,true,70.000,259.756,420.789,458.316,1777753.548,1778183.716,1778258.675,0,637001,52559872,18341888,49933,265486,2026-08-03T12:04:23.323899Z
M4,1780,saturated,M4,true,75.000,253.625,333.553,374.417,1778784.731,1779272.068,1779336.932,0,637238,52584448,18341888,49994,265635,2026-08-03T12:04:23.323899Z
M4,1781,saturated,M4,true,68.000,265.454,421.636,445.678,1779787.833,1780195.500,1780226.265,0,637478,52592640,18350080,49969,265776,2026-08-03T12:04:23.323899Z
M4,1782,saturated,M4,true,74.000,251.600,379.257,454.381,1780726.466,1781225.017,1781320.626,0,637667,52592640,18350080,49935,265922,2026-08-03T12:04:23.323899Z
M4,1783,saturated,M4,true,74.000,226.513,360.481,385.488,1781813.319,1782257.034,1782290.707,0,637949,52625408,18350080,49989,266077,2026-08-03T12:04:23.323899Z
M4,1784,saturated,M4,true,67.000,256.186,426.379,586.837,1782813.913,1783198.383,1783290.534,0,638149,52633600,18366464,49978,266216,2026-08-03T12:04:23.323899Z
M4,1785,saturated,M4,true,74.000,252.306,384.689,410.316,1783758.711,1784197.947,1784288.450,0,638298,52633600,18366464,49927,266367,2026-08-03T12:04:23.323899Z
M4,1786,saturated,M4,true,65.000,247.946,334.795,346.659,1784767.385,1785152.831,1785210.281,0,638441,52649984,18374656,49982,266505,2026-08-03T12:04:23.323899Z
M4,1787,saturated,M4,true,67.000,297.803,508.810,734.460,1785824.293,1786305.356,1786307.693,0,638726,52658176,18382848,49995,266634,2026-08-03T12:04:23.323899Z
M4,1788,saturated,M4,true,76.000,236.395,416.667,457.553,1786839.467,1787295.768,1787322.422,0,638920,52658176,18382848,49930,266769,2026-08-03T12:04:23.323899Z
M4,1789,saturated,M4,true,60.000,258.639,370.964,445.315,1787812.534,1788310.020,1788325.209,0,639107,52674560,18407424,49968,266921,2026-08-03T12:04:23.323899Z
M4,1790,saturated,M4,true,76.000,220.614,393.780,539.186,1788777.963,1789226.798,1789281.077,0,639337,52682752,18407424,49927,267056,2026-08-03T12:04:23.323899Z
M4,1791,saturated,M4,true,73.000,255.323,375.694,459.507,1789857.968,1790295.285,1790319.896,0,639626,52699136,18407424,49994,267199,2026-08-03T12:04:23.323899Z
M4,1792,saturated,M4,true,70.000,253.053,367.857,448.935,1790815.219,1791290.887,1791312.665,0,639778,52707328,18415616,49973,267347,2026-08-03T12:04:23.323899Z
M4,1793,saturated,M4,true,72.000,251.167,428.431,450.634,1791851.306,1792276.025,1792318.617,0,639981,52731904,18415616,49930,267492,2026-08-03T12:04:23.323899Z
M4,1794,saturated,M4,true,69.000,263.352,454.875,679.133,1792846.319,1793265.705,1793309.828,0,640219,52764672,18432000,49995,267638,2026-08-03T12:04:23.323899Z
M4,1795,saturated,M4,true,66.000,263.918,411.067,489.230,1793871.058,1794274.575,1794308.626,0,640434,52805632,18432000,49976,267771,2026-08-03T12:04:23.323899Z
M4,1796,saturated,M4,true,56.000,280.406,491.347,642.310,1794788.466,1795140.310,1795239.019,0,640566,52813824,18432000,49932,267901,2026-08-03T12:04:23.323899Z
M4,1797,saturated,M4,true,70.000,266.873,450.923,458.731,1795705.783,1796260.685,1796318.630,0,640840,52854784,18448384,49992,268037,2026-08-03T12:04:23.323899Z
M4,1798,saturated,M4,true,78.000,234.042,376.774,458.845,1796778.989,1797281.452,1797310.086,0,640988,52887552,18448384,49969,268189,2026-08-03T12:04:23.323899Z
M4,1799,saturated,M4,true,76.000,250.930,412.317,429.333,1797866.179,1798297.915,1798321.264,0,641194,52887552,18448384,49926,268330,2026-08-03T12:04:23.323899Z
M4,1800,saturated,M4,true,70.000,260.674,420.210,462.974,1798875.746,1799304.410,1799319.770,0,641439,52912128,18464768,49997,268474,2026-08-03T12:04:23.323899Z
M4,1801,saturated,M4,true,69.000,250.080,362.394,442.001,1799841.447,1800214.509,1800287.293,0,641715,52936704,18464768,49967,268628,2026-08-03T12:04:23.323899Z
M4,1802,saturated,M4,true,72.000,265.739,405.471,454.410,1800784.903,1801249.628,1801287.614,0,641782,52936704,18472960,49926,268764,2026-08-03T12:11:43.727268Z
M4,1803,saturated,M4,true,72.000,262.755,416.728,457.209,1801866.325,1802302.539,1802308.652,0,642005,52953088,18472960,50002,268910,2026-08-03T12:11:43.727268Z
M4,1804,saturated,M4,true,70.000,257.920,414.416,480.924,1802821.551,1803290.217,1803304.605,0,642277,52953088,18472960,49968,269048,2026-08-03T12:11:43.727268Z
M4,1805,saturated,M4,true,66.000,270.175,370.460,414.908,1803785.923,1804191.634,1804267.646,0,642393,52961280,18497536,49928,269192,2026-08-03T12:11:43.727268Z
M4,1806,saturated,M4,true,68.000,262.855,374.960,399.485,1804701.578,1805249.850,1805302.783,0,642645,52977664,18497536,49962,269342,2026-08-03T12:11:43.727268Z
M4,1807,saturated,M4,true,69.000,265.272,409.237,455.627,1805791.160,1806215.717,1806288.770,0,642901,52977664,18505728,49975,269474,2026-08-03T12:11:43.727268Z
M4,1808,saturated,M4,true,73.000,248.388,433.878,507.650,1806768.117,1807229.569,1807289.814,0,643043,52985856,18513920,49926,269612,2026-08-03T12:11:43.727268Z
M4,1809,saturated,M4,true,71.000,256.730,398.973,470.035,1807802.343,1808199.981,1808258.862,0,643346,53002240,18513920,49985,269757,2026-08-03T12:11:43.727268Z
M4,1810,saturated,M4,true,71.000,260.781,432.735,493.821,1808818.390,1809225.784,1809267.596,0,643553,53010432,18530304,49985,269904,2026-08-03T12:11:43.727268Z
M4,1811,saturated,M4,true,77.000,242.184,433.216,537.097,1809830.173,1810281.490,1810290.903,0,643695,53018624,18530304,49927,270051,2026-08-03T12:11:43.727268Z
M4,1812,saturated,M4,true,67.000,253.987,374.062,435.620,1810880.977,1811196.370,1811229.596,0,643869,53035008,18530304,49975,270196,2026-08-03T12:11:43.727268Z
M4,1813,saturated,M4,true,75.000,239.991,462.127,540.672,1811763.328,1812232.513,1812276.280,0,644190,53075968,18538496,49995,270342,2026-08-03T12:11:43.727268Z
M4,1814,saturated,M4,true,69.000,242.111,394.076,481.747,1812841.756,1813265.245,1813297.327,0,644370,53100544,18538496,49924,270497,2026-08-03T12:11:43.727268Z
M4,1815,saturated,M4,true,68.000,256.431,420.904,455.053,1813749.606,1814254.693,1814305.938,0,644628,53157888,18554880,49974,270635,2026-08-03T12:11:43.727268Z
M4,1816,saturated,M4,true,69.000,249.927,390.164,508.851,1814766.760,1815255.087,1815279.457,0,644775,53182464,18554880,49996,270779,2026-08-03T12:11:43.727268Z
M4,1817,saturated,M4,true,71.000,265.010,438.178,466.518,1815838.283,1816292.766,1816302.762,0,645009,53182464,18554880,49932,270913,2026-08-03T12:11:43.727268Z
M4,1818,saturated,M4,true,68.000,243.298,436.672,564.379,1816827.480,1817240.234,1817302.091,0,645142,53207040,18563072,49968,271050,2026-08-03T12:11:43.727268Z
M4,1819,saturated,M4,true,73.000,256.542,425.774,646.754,1817807.561,1818218.587,1818306.065,0,645444,53231616,18571264,49995,271194,2026-08-03T12:11:43.727268Z
M4,1820,saturated,M4,true,76.000,239.068,412.057,442.032,1818796.515,1819272.168,1819291.827,0,645614,53248000,18579456,49927,271349,2026-08-03T12:11:43.727268Z
M4,1821,saturated,M4,true,70.000,251.328,354.922,380.670,1819789.730,1820268.852,1820304.079,0,645828,53264384,18595840,49971,271499,2026-08-03T12:11:43.727268Z
M4,1822,saturated,M4,true,75.000,251.967,440.833,504.042,1820830.428,1821292.016,1821305.342,0,646127,53272576,18595840,49997,271646,2026-08-03T12:11:43.727268Z
M4,1823,saturated,M4,true,68.000,260.137,382.916,421.408,1821857.411,1822256.471,1822295.370,0,646293,53272576,18604032,49927,271789,2026-08-03T12:11:43.727268Z
M4,1824,saturated,M4,true,73.000,273.617,419.320,478.582,1822828.418,1823252.586,1823288.403,0,646432,53288960,18604032,49972,271926,2026-08-03T12:11:43.727268Z
M4,1825,saturated,M4,true,70.000,255.675,447.872,541.632,1823842.117,1824229.824,1824269.849,0,646693,53297152,18620416,49991,272069,2026-08-03T12:11:43.727268Z
M4,1826,saturated,M4,true,62.000,238.323,402.904,519.449,1824756.811,1825158.878,1825249.215,0,646921,53297152,18620416,49959,272216,2026-08-03T12:11:43.727268Z
M4,1827,saturated,M4,true,68.000,283.293,428.808,450.299,1825704.010,1826279.424,1826283.146,0,647107,53313536,18620416,49940,272346,2026-08-03T12:11:43.727268Z
M4,1828,saturated,M4,true,62.000,293.637,467.397,521.395,1826832.288,1827246.345,1827246.585,0,647364,53321728,18628608,49998,272476,2026-08-03T12:11:43.727268Z
M4,1829,saturated,M4,true,78.000,245.109,351.651,423.894,1827789.286,1828226.499,1828295.363,0,647494,53321728,18628608,49920,272613,2026-08-03T12:11:43.727268Z
M4,1830,saturated,M4,true,68.000,272.879,376.268,390.341,1828808.556,1829207.927,1829269.259,0,647694,53338112,18636800,49971,272763,2026-08-03T12:11:43.727268Z
M4,1831,saturated,M4,true,69.000,265.515,382.021,449.170,1829746.496,1830280.920,1830286.141,0,648003,53354496,18653184,50004,272914,2026-08-03T12:11:43.727268Z
M4,1832,saturated,M4,true,63.000,278.092,419.307,474.000,1830693.883,1831125.529,1831285.161,0,648167,53379072,18653184,49966,273048,2026-08-03T12:11:43.727268Z
M4,1833,saturated,M4,true,75.000,266.849,415.496,533.799,1831778.340,1832221.653,1832255.904,0,648343,53428224,18661376,49934,273182,2026-08-03T12:11:43.727268Z
M4,1834,saturated,M4,true,73.000,235.810,411.269,510.498,1832765.010,1833225.034,1833267.847,0,648610,53477376,18661376,49992,273335,2026-08-03T12:11:43.727268Z
M4,1835,saturated,M4,true,73.000,258.357,396.909,411.316,1833777.028,1834222.223,1834273.580,0,648792,53477376,18661376,49965,273480,2026-08-03T12:11:43.727268Z
M4,1836,saturated,M4,true,64.000,253.455,436.122,528.968,1834804.654,1835164.008,1835285.878,0,648962,53501952,18685952,49938,273617,2026-08-03T12:11:43.727268Z
M4,1837,saturated,M4,true,70.000,269.761,424.016,526.152,1835767.878,1836273.828,1836291.967,0,649240,53518336,18685952,49996,273758,2026-08-03T12:11:43.727268Z
M4,1838,saturated,M4,true,65.000,241.894,464.746,561.660,1836741.572,1837182.601,1837295.356,0,649421,53534720,18685952,49963,273895,2026-08-03T12:11:43.727268Z
M4,1839,saturated,M4,true,76.000,266.994,379.646,445.590,1837791.901,1838240.369,1838262.333,0,649673,53559296,18694144,49939,274042,2026-08-03T12:11:43.727268Z
M4,1840,saturated,M4,true,71.000,243.478,400.402,435.029,1838805.427,1839233.069,1839258.118,0,649823,53583872,18694144,49990,274185,2026-08-03T12:11:43.727268Z
M4,1841,saturated,M4,true,73.000,252.994,373.258,443.635,1839840.740,1840249.294,1840271.537,0,650056,53583872,18710528,49968,274330,2026-08-03T12:11:43.727268Z
M4,1842,saturated,M4,true,67.000,258.948,386.589,636.436,1840834.834,1841204.264,1841284.367,0,650201,53592064,18718720,49939,274472,2026-08-03T12:11:43.727268Z
M4,1843,saturated,M4,true,69.000,266.550,405.040,490.200,1841736.693,1842226.755,1842248.403,0,650498,53608448,18718720,49987,274615,2026-08-03T12:11:43.727268Z
M4,1844,saturated,M4,true,71.000,256.873,403.746,430.174,1842812.626,1843278.815,1843291.311,0,650675,53608448,18726912,49980,274756,2026-08-03T12:11:43.727268Z
M4,1845,saturated,M4,true,72.000,255.094,435.274,457.672,1843792.428,1844249.599,1844288.288,0,650856,53616640,18726912,49928,274898,2026-08-03T12:11:43.727268Z
M4,1846,saturated,M4,true,62.000,263.297,447.507,548.217,1844778.059,1845266.040,1845291.854,0,651123,53633024,18743296,49988,275041,2026-08-03T12:11:43.727268Z
M4,1847,saturated,M4,true,69.000,249.134,474.750,612.312,1845765.038,1846242.240,1846289.648,0,651326,53633024,18743296,49983,275175,2026-08-03T12:11:43.727268Z
M4,1848,saturated,M4,true,71.000,269.785,378.406,437.555,1846756.437,1847244.673,1847278.942,0,651497,53641216,18743296,49930,275313,2026-08-03T12:11:43.727268Z
M4,1849,saturated,M4,true,72.000,263.762,391.160,484.572,1847814.796,1848265.232,1848295.869,0,651720,53665792,18751488,49981,275459,2026-08-03T12:11:43.727268Z
M4,1850,saturated,M4,true,65.000,274.421,515.055,533.135,1848867.356,1849232.259,1849252.407,0,651948,53665792,18751488,49990,275594,2026-08-03T12:11:43.727268Z
M4,1851,saturated,M4,true,60.000,247.832,445.133,483.496,1849689.242,1850069.383,1850220.825,0,652100,53682176,18751488,49975,275730,2026-08-03T12:11:43.727268Z
M4,1852,saturated,M4,true,71.000,245.780,443.542,516.204,1850763.784,1851168.942,1851242.855,0,652321,53731328,18776064,49937,275868,2026-08-03T12:11:43.727268Z
M4,1853,saturated,M4,true,66.000,270.643,369.682,530.728,1851711.348,1852156.836,1852234.688,0,652576,53780480,18784256,49988,276005,2026-08-03T12:11:43.727268Z
M4,1854,saturated,M4,true,74.000,274.569,412.924,495.297,1852679.929,1853251.345,1853251.457,0,652760,53805056,18792448,49970,276149,2026-08-03T12:11:43.727268Z
M4,1855,saturated,M4,true,71.000,261.666,398.957,433.787,1853725.889,1854221.138,1854255.083,0,652979,53813248,18792448,49933,276285,2026-08-03T12:11:43.727268Z
M4,1856,saturated,M4,true,63.000,252.423,415.717,507.712,1854708.548,1855146.759,1855178.442,0,653068,53821440,18792448,50030,276358,2026-08-03T12:11:43.727268Z
M4,1857,saturated,M4,true,71.000,263.481,419.842,586.663,1855713.449,1856133.744,1856193.965,0,653366,53846016,18800640,49964,276571,2026-08-03T12:11:43.727268Z
M4,1858,saturated,M4,true,77.000,229.416,358.783,455.881,1856719.926,1857201.280,1857251.414,0,653539,53870592,18808832,49925,276715,2026-08-03T12:11:43.727268Z
M4,1859,saturated,M4,true,58.000,275.080,472.988,491.218,1857687.361,1858128.850,1858238.556,0,653843,53903360,18808832,50001,276849,2026-08-03T12:11:43.727268Z
M4,1860,saturated,M4,true,76.000,263.496,394.954,422.693,1858682.796,1859217.052,1859239.211,0,653994,53903360,18817024,49973,276995,2026-08-03T12:11:43.727268Z
M4,1861,saturated,M4,true,74.000,230.177,333.424,420.253,1859734.366,1860192.404,1860239.160,0,654289,53911552,18817024,49927,277140,2026-08-03T12:11:43.727268Z
M4,1862,saturated,M4,true,70.000,245.339,398.306,434.727,1860788.215,1861224.930,1861251.931,0,654051,53927936,18833408,49990,277283,2026-08-03T12:12:44.006002Z
M4,1863,saturated,M4,true,73.000,260.565,376.188,513.291,1861781.599,1862178.843,1862245.642,0,654263,53927936,18833408,49977,277436,2026-08-03T12:12:44.006002Z
M4,1864,saturated,M4,true,68.000,254.014,366.859,451.422,1862748.276,1863202.842,1863227.524,0,654397,53936128,18841600,49927,277572,2026-08-03T12:12:44.006002Z
M4,1865,saturated,M4,true,73.000,251.719,397.637,443.798,1863743.481,1864201.724,1864227.741,0,654717,53952512,18849792,49988,277717,2026-08-03T12:12:44.006002Z
M4,1866,saturated,M4,true,64.000,260.705,440.386,492.669,1864680.358,1865145.453,1865156.917,0,654819,53952512,18849792,49977,277794,2026-08-03T12:12:44.006002Z
M4,1867,saturated,M4,true,66.000,266.143,485.392,504.369,1865662.285,1866105.430,1866111.754,0,655019,53960704,18849792,49936,277988,2026-08-03T12:12:44.006002Z
M4,1868,saturated,M4,true,78.000,250.103,358.094,406.095,1866779.642,1867211.625,1867234.129,0,655310,53977088,18874368,49981,278143,2026-08-03T12:12:44.006002Z
M4,1869,saturated,M4,true,71.000,229.801,481.263,517.994,1867767.041,1868227.204,1868246.026,0,655522,53977088,18874368,49973,278280,2026-08-03T12:12:44.006002Z
M4,1870,saturated,M4,true,73.000,251.520,414.449,465.196,1868682.258,1869224.412,1869252.397,0,655697,53985280,18882560,49937,278433,2026-08-03T12:12:44.006002Z
M4,1871,saturated,M4,true,70.000,254.073,440.667,468.079,1869748.916,1870205.864,1870241.419,0,655959,54001664,18882560,49981,278579,2026-08-03T12:12:44.006002Z
M4,1872,saturated,M4,true,76.000,254.486,395.689,493.578,1870774.452,1871221.931,1871242.103,0,656171,54001664,18882560,49977,278725,2026-08-03T12:12:44.006002Z
M4,1873,saturated,M4,true,68.000,258.830,408.863,539.404,1871806.376,1872224.013,1872251.848,0,656338,54009856,18898944,49935,278867,2026-08-03T12:12:44.006002Z
M4,1874,saturated,M4,true,66.000,257.991,404.853,461.769,1872704.590,1873181.870,1873246.197,0,656576,54026240,18898944,49982,279007,2026-08-03T12:12:44.006002Z
M4,1875,saturated,M4,true,73.000,260.221,412.769,475.986,1873685.338,1874164.656,1874227.506,0,656800,54026240,18915328,49980,279153,2026-08-03T12:12:44.006002Z
M4,1876,saturated,M4,true,65.000,243.630,460.705,663.769,1874688.632,1875063.765,1875219.618,0,656872,54026240,18915328,49934,279226,2026-08-03T12:12:44.006002Z
M4,1877,saturated,M4,true,67.000,252.741,509.713,573.429,1875694.691,1876126.619,1876208.844,0,657240,54050816,18915328,49983,279427,2026-08-03T12:12:44.006002Z
M4,1878,saturated,M4,true,71.000,256.437,397.193,452.950,1876680.040,1877135.594,1877227.039,0,657390,54050816,18931712,49986,279563,2026-08-03T12:12:44.006002Z
M4,1879,saturated,M4,true,73.000,267.056,381.990,470.002,1877781.993,1878206.295,1878223.554,0,657552,54059008,18931712,49929,279713,2026-08-03T12:12:44.006002Z
M4,1880,saturated,M4,true,66.000,255.718,437.907,502.591,1878799.992,1879193.322,1879214.393,0,657873,54075392,18931712,49981,279848,2026-08-03T12:12:44.006002Z
M4,1881,saturated,M4,true,71.000,245.183,413.024,637.628,1879699.742,1880208.119,1880232.730,0,658056,54075392,18939904,49980,279990,2026-08-03T12:12:44.006002Z
M4,1882,saturated,M4,true,71.000,245.611,439.665,472.976,1880718.711,1881182.683,1881214.477,0,658146,54075392,18939904,49937,280064,2026-08-03T12:12:44.006002Z
M4,1883,saturated,M4,true,73.000,241.857,377.010,395.045,1881669.946,1882164.221,1882189.909,0,658347,54091776,18939904,49974,280218,2026-08-03T12:12:44.006002Z
M4,1884,saturated,M4,true,62.000,246.062,339.931,399.779,1882668.206,1883142.108,1883169.339,0,658576,54099968,18964480,49982,280361,2026-08-03T12:12:44.006002Z
M4,1885,saturated,M4,true,79.000,235.532,363.005,428.962,1883667.551,1884173.709,1884205.799,0,658783,54108160,18964480,49939,280504,2026-08-03T12:12:44.006002Z
M4,1886,saturated,M4,true,70.000,222.952,316.968,350.280,1884659.829,1885104.134,1885198.902,0,659042,54116352,18980864,49962,280657,2026-08-03T12:12:44.006002Z
M4,1887,saturated,M4,true,67.000,264.145,419.010,434.966,1885640.571,1886123.470,1886223.306,0,659210,54124544,18980864,49991,280799,2026-08-03T12:12:44.006002Z
M4,1888,saturated,M4,true,78.000,228.076,349.236,371.675,1886651.516,1887165.308,1887203.776,0,659443,54296576,18980864,49941,280942,2026-08-03T12:12:44.006002Z
M4,1889,saturated,M4,true,77.000,248.631,368.324,432.853,1887822.509,1888175.253,1888213.880,0,659615,54304768,18997248,49954,281090,2026-08-03T12:12:44.006002Z
M4,1890,saturated,M4,true,73.000,250.174,322.822,422.803,1888761.348,1889216.593,1889230.014,0,659848,54321152,18997248,49994,281237,2026-08-03T12:12:44.006002Z
M4,1891,saturated,M4,true,62.000,255.946,383.638,484.693,1889713.105,1890094.379,1890233.005,0,660093,54321152,19005440,49950,281381,2026-08-03T12:12:44.006002Z
M4,1892,saturated,M4,true,71.000,257.342,425.719,562.153,1890658.247,1891142.860,1891224.982,0,660269,54329344,19005440,49948,281524,2026-08-03T12:12:44.006002Z
M4,1893,saturated,M4,true,67.000,261.342,396.948,460.264,1891700.006,1892190.445,1892227.739,0,660516,54345728,19021824,49999,281658,2026-08-03T12:12:44.006002Z
M4,1894,saturated,M4,true,73.000,251.774,471.106,537.297,1892724.249,1893202.301,1893222.550,0,660734,54345728,19030016,49952,281803,2026-08-03T12:12:44.006002Z
M4,1895,saturated,M4,true,65.000,258.599,392.447,438.725,1893669.007,1894091.481,1894223.794,0,660938,54353920,19030016,49942,281945,2026-08-03T12:12:44.006002Z
M4,1896,saturated,M4,true,69.000,259.289,414.663,458.328,1894699.350,1895045.877,1895098.062,0,661081,54370304,19038208,50002,282089,2026-08-03T12:12:44.006002Z
M4,1897,saturated,M4,true,71.000,276.513,441.049,491.305,1895706.275,1896118.125,1896193.935,0,661327,54370304,19046400,49933,282219,2026-08-03T12:12:44.006002Z
M4,1898,saturated,M4,true,76.000,249.624,441.498,660.761,1896725.473,1897199.097,1897199.995,0,661475,54378496,19046400,49956,282366,2026-08-03T12:12:44.006002Z
M4,1899,saturated,M4,true,68.000,245.068,393.315,437.388,1897743.408,1898164.201,1898201.781,0,661719,54394880,19070976,50002,282508,2026-08-03T12:12:44.006002Z
M4,1900,saturated,M4,true,73.000,268.939,399.419,464.510,1898727.692,1899206.172,1899213.023,0,661990,54394880,19070976,49970,282655,2026-08-03T12:12:44.006002Z
M4,1901,saturated,M4,true,65.000,271.005,431.956,483.871,1899767.653,1900163.593,1900210.733,0,662166,54403072,19070976,49929,282797,2026-08-03T12:12:44.006002Z
M4,1902,saturated,M4,true,67.000,278.399,381.309,425.041,1900706.828,1901070.989,1901186.734,0,662386,54411264,19079168,49998,282933,2026-08-03T12:12:44.006002Z
M4,1903,saturated,M4,true,69.000,260.290,407.838,475.729,1901677.052,1902078.169,1902133.531,0,662641,54419456,19079168,49968,283076,2026-08-03T12:12:44.006002Z
M4,1904,saturated,M4,true,68.000,263.030,570.121,641.951,1902705.761,1903106.438,1903214.091,0,662767,54427648,19087360,49933,283207,2026-08-03T12:12:44.006002Z
M4,1905,saturated,M4,true,73.000,256.023,424.741,470.699,1903626.116,1904161.571,1904179.731,0,663063,54435840,19095552,49991,283349,2026-08-03T12:12:44.006002Z
M4,1906,saturated,M4,true,61.000,251.682,473.285,638.746,1904705.070,1905067.268,1905145.753,0,663206,54501376,19095552,49974,283498,2026-08-03T12:12:44.006002Z
M4,1907,saturated,M4,true,72.000,301.740,475.851,639.698,1905729.723,1906186.849,1906194.864,0,663400,54542336,19103744,49993,283624,2026-08-03T12:12:44.006002Z
M4,1908,saturated,M4,true,65.000,225.281,433.096,532.343,1906749.033,1907103.704,1907216.010,0,663557,54607872,19111936,49931,283765,2026-08-03T12:12:44.006002Z
M4,1909,saturated,M4,true,73.000,259.411,440.012,487.064,1907666.304,1908176.275,1908189.000,0,663758,54632448,19111936,49972,283900,2026-08-03T12:12:44.006002Z
M4,1910,saturated,M4,true,70.000,269.890,391.898,418.091,1908757.786,1909154.860,1909203.783,0,664014,54640640,19128320,49998,284053,2026-08-03T12:12:44.006002Z
M4,1911,saturated,M4,true,68.000,243.162,419.344,510.354,1909674.512,1910161.658,1910178.352,0,664246,54640640,19128320,49931,284187,2026-08-03T12:12:44.006002Z
M4,1912,saturated,M4,true,69.000,252.065,394.620,504.410,1910755.664,1911160.365,1911216.541,0,664379,54657024,19136512,49972,284330,2026-08-03T12:12:44.006002Z
M4,1913,saturated,M4,true,71.000,270.690,381.677,424.717,1911661.702,1912162.157,1912211.753,0,664629,54665216,19136512,49989,284468,2026-08-03T12:12:44.006002Z
M4,1914,saturated,M4,true,70.000,260.091,407.163,470.163,1912698.537,1913181.377,1913203.481,0,664872,54665216,19136512,49932,284616,2026-08-03T12:12:44.006002Z
M4,1915,saturated,M4,true,67.000,262.817,399.264,426.851,1913691.047,1914099.468,1914116.708,0,665109,54681600,19161088,49980,284758,2026-08-03T12:12:44.006002Z
M4,1916,saturated,M4,true,71.000,270.145,422.243,489.000,1914749.609,1915105.676,1915152.673,0,665296,54689792,19161088,49983,284906,2026-08-03T12:12:44.006002Z
M4,1917,saturated,M4,true,56.000,335.130,512.241,621.309,1915760.987,1916151.266,1916197.200,0,665501,54689792,19161088,49943,285023,2026-08-03T12:12:44.006002Z
M4,1918,saturated,M4,true,73.000,277.223,433.445,598.702,1916802.298,1917189.918,1917213.625,0,665682,54706176,19169280,49974,285156,2026-08-03T12:12:44.006002Z
M4,1919,saturated,M4,true,65.000,252.173,455.516,501.057,1917759.075,1918162.226,1918199.157,0,665895,54714368,19177472,49976,285294,2026-08-03T12:12:44.006002Z
M4,1920,saturated,M4,true,74.000,269.881,412.769,452.575,1918721.208,1919179.784,1919205.305,0,666086,54714368,19185664,49947,285434,2026-08-03T12:12:44.006002Z
M4,1921,saturated,M4,true,64.000,252.816,418.118,477.458,1919681.742,1920150.448,1920164.820,0,666344,54730752,19193856,49969,285578,2026-08-03T12:12:44.006002Z
M4,1922,saturated,M4,true,73.000,278.390,431.250,506.573,1920774.988,1921163.576,1921204.985,0,667072,54820864,19193856,49934,285719,2026-08-03T12:12:44.006002Z
M4,1923,saturated,M4,true,66.000,242.076,462.199,481.949,1921702.966,1922142.384,1922172.335,0,667324,54837248,19202048,49990,285855,2026-08-03T12:12:44.006002Z
M4,1924,saturated,M4,true,72.000,261.657,416.522,549.939,1922676.298,1923135.822,1923186.736,0,667530,54845440,19202048,49979,286005,2026-08-03T12:12:44.006002Z
M4,1925,saturated,M4,true,79.000,242.941,398.099,503.253,1923803.469,1924196.802,1924210.237,0,667716,54845440,19202048,49925,286154,2026-08-03T12:12:44.006002Z
M4,1926,saturated,M4,true,65.000,243.257,336.827,375.026,1924714.794,1925058.999,1925088.854,0,667895,54861824,19218432,49941,286298,2026-08-03T12:12:44.006002Z
M4,1927,saturated,M4,true,53.000,333.425,619.335,639.339,1925789.009,1926152.397,1926179.352,0,668023,54870016,19218432,50024,286407,2026-08-03T12:12:44.006002Z
M4,1928,saturated,M4,true,71.000,255.685,445.502,502.693,1926774.582,1927138.975,1927208.944,0,668146,54870016,19226624,49945,286543,2026-08-03T12:12:44.006002Z
M4,1929,saturated,M4,true,70.000,248.355,427.701,539.086,1927721.261,1928125.689,1928209.491,0,668416,54878208,19226624,50024,286690,2026-08-03T12:12:44.006002Z
M4,1930,saturated,M4,true,71.000,251.160,376.709,395.812,1928732.893,1929127.297,1929150.236,0,668718,54910976,19234816,49951,286837,2026-08-03T12:12:44.006002Z
M4,1931,saturated,M4,true,67.000,262.873,418.254,468.847,1929676.088,1930098.879,1930150.880,0,668882,55009280,19251200,49945,286977,2026-08-03T12:12:44.006002Z
M4,1932,saturated,M4,true,77.000,242.751,457.218,517.344,1930695.720,1931197.796,1931210.546,0,669144,55042048,19259392,49999,287117,2026-08-03T12:12:44.006002Z
M4,1933,saturated,M4,true,66.000,246.328,435.153,487.936,1931733.499,1932132.608,1932190.299,0,669380,55042048,19259392,49965,287269,2026-08-03T12:12:44.006002Z
M4,1934,saturated,M4,true,70.000,266.967,366.401,509.582,1932646.023,1933173.290,1933205.080,0,669533,55050240,19267584,49928,287406,2026-08-03T12:12:44.006002Z
M4,1935,saturated,M4,true,72.000,251.879,436.466,557.992,1933661.526,1934193.885,1934205.311,0,669863,55066624,19267584,50002,287549,2026-08-03T12:12:44.006002Z
M4,1936,saturated,M4,true,64.000,252.124,467.399,542.332,1934645.192,1935102.609,1935143.395,0,670011,55074816,19283968,49968,287690,2026-08-03T12:12:44.006002Z
M4,1937,saturated,M4,true,66.000,294.854,465.986,624.465,1935690.214,1936143.195,1936173.124,0,670157,55074816,19283968,49938,287820,2026-08-03T12:12:44.006002Z
M4,1938,saturated,M4,true,77.000,247.493,470.437,507.737,1936730.864,1937173.242,1937187.700,0,670463,55091200,19283968,49990,287960,2026-08-03T12:12:44.006002Z
M4,1939,saturated,M4,true,65.000,266.606,408.690,430.633,1937704.552,1938114.795,1938189.554,0,670648,55099392,19292160,49964,288102,2026-08-03T12:12:44.006002Z
M4,1940,saturated,M4,true,58.000,306.495,501.090,518.464,1938759.772,1939163.177,1939198.262,0,670809,55099392,19292160,49958,288224,2026-08-03T12:12:44.006002Z
M4,1941,saturated,M4,true,71.000,245.552,486.425,595.509,1939689.896,1940189.935,1940190.602,0,671031,55123968,19292160,49977,288362,2026-08-03T12:12:44.006002Z
M4,1942,saturated,M4,true,65.000,277.797,398.591,574.151,1940718.258,1941145.020,1941156.136,0,671166,55148544,19316736,49966,288503,2026-08-03T12:12:44.006002Z
M4,1943,saturated,M4,true,70.000,257.908,402.329,491.812,1941680.826,1942150.691,1942192.600,0,671362,55156736,19316736,49999,288641,2026-08-03T12:12:44.006002Z
M4,1944,saturated,M4,true,63.000,274.105,444.082,565.511,1942715.055,1943133.482,1943207.130,0,671621,55164928,19324928,49936,288783,2026-08-03T12:12:44.006002Z
M4,1945,saturated,M4,true,71.000,292.266,401.266,448.682,1943662.857,1944179.202,1944200.201,0,671789,55173120,19324928,49963,288915,2026-08-03T12:12:44.006002Z
M4,1946,saturated,M4,true,68.000,249.556,431.469,502.967,1944711.256,1945109.837,1945184.656,0,672034,55189504,19324928,49997,289057,2026-08-03T12:12:44.006002Z
M4,1947,saturated,M4,true,65.000,286.312,524.338,575.837,1945720.528,1946171.937,1946201.167,0,672220,55189504,19333120,49942,289189,2026-08-03T12:12:44.006002Z
M4,1948,saturated,M4,true,66.000,260.173,438.229,548.573,1946662.279,1947070.454,1947182.417,0,672451,55197696,19349504,49963,289320,2026-08-03T12:12:44.006002Z
M4,1949,saturated,M4,true,69.000,262.476,392.831,450.138,1947655.093,1948189.012,1948189.113,0,672628,55205888,19349504,49931,289468,2026-08-03T12:12:44.006002Z
M4,1950,saturated,M4,true,69.000,265.587,395.024,477.105,1948686.244,1949143.339,1949202.459,0,672867,55287808,19357696,50000,289596,2026-08-03T12:12:44.006002Z
M4,1951,saturated,M4,true,69.000,267.882,406.399,480.569,1949675.343,1950172.459,1950203.402,0,673013,55328768,19357696,49963,289738,2026-08-03T12:12:44.006002Z
M4,1952,saturated,M4,true,62.000,260.814,445.893,532.511,1950683.214,1951086.540,1951161.368,0,673174,55361536,19365888,49937,289872,2026-08-03T12:12:44.006002Z
M4,1953,saturated,M4,true,67.000,273.240,397.657,471.622,1951653.331,1952078.133,1952197.487,0,673417,55369728,19374080,49999,290005,2026-08-03T12:12:44.006002Z
M4,1954,saturated,M4,true,67.000,262.632,420.157,459.016,1952663.001,1953153.250,1953186.693,0,673636,55377920,19382272,49998,290144,2026-08-03T12:12:44.006002Z
M4,1955,saturated,M4,true,69.000,272.567,413.479,443.175,1953708.225,1954173.021,1954183.951,0,673793,55377920,19390464,49934,290279,2026-08-03T12:12:44.006002Z
M4,1956,saturated,M4,true,65.000,267.697,394.144,469.805,1954598.402,1955064.637,1955132.138,0,674035,55394304,19390464,49961,290420,2026-08-03T12:12:44.006002Z
M4,1957,saturated,M4,true,66.000,286.374,552.882,662.732,1955758.669,1956142.259,1956194.421,0,674261,55402496,19390464,50008,290541,2026-08-03T12:12:44.006002Z
M4,1958,saturated,M4,true,68.000,275.052,427.515,489.697,1956714.310,1957184.022,1957196.138,0,674413,55402496,19398656,49933,290678,2026-08-03T12:12:44.006002Z
M4,1959,saturated,M4,true,72.000,271.250,430.093,562.642,1957723.662,1958189.008,1958199.374,0,674678,55418880,19406848,49988,290817,2026-08-03T12:12:44.006002Z
M4,1960,saturated,M4,true,60.000,257.682,414.152,462.446,1958698.413,1959089.813,1959161.373,0,674826,55427072,19406848,49999,290964,2026-08-03T12:12:44.006002Z
M4,1961,saturated,M4,true,69.000,276.603,409.537,510.818,1959675.737,1960146.949,1960203.562,0,675010,55451648,19415040,49943,291102,2026-08-03T12:12:44.006002Z
M4,1962,saturated,M4,true,69.000,281.758,438.810,497.660,1960701.884,1961195.775,1961206.857,0,675211,55468032,19415040,49992,291224,2026-08-03T12:12:44.006002Z
M4,1963,saturated,M4,true,70.000,257.531,413.672,485.348,1961712.509,1962134.290,1962194.541,0,675458,55484416,19431424,49997,291369,2026-08-03T12:12:44.006002Z
M4,1964,saturated,M4,true,72.000,257.839,443.154,454.493,1962737.466,1963181.921,1963198.479,0,675641,55484416,19439616,49931,291517,2026-08-03T12:12:44.006002Z
M4,1965,saturated,M4,true,66.000,244.868,418.852,427.613,1963657.151,1964146.289,1964177.046,0,675917,55500800,19447808,49952,291657,2026-08-03T12:12:44.006002Z
M4,1966,saturated,M4,true,69.000,251.620,412.481,499.038,1964707.587,1965114.342,1965151.010,0,676104,55508992,19456000,50004,291800,2026-08-03T12:12:44.006002Z
M4,1967,saturated,M4,true,67.000,288.761,445.320,523.894,1965705.626,1966128.195,1966174.231,0,676257,55508992,19456000,49945,291930,2026-08-03T12:12:44.006002Z
M4,1968,saturated,M4,true,67.000,254.800,407.216,496.188,1966748.119,1967107.527,1967148.021,0,676462,55525376,19464192,49957,292063,2026-08-03T12:12:44.006002Z
M4,1969,saturated,M4,true,67.000,264.704,395.902,562.977,1967701.668,1968154.101,1968191.827,0,676713,55541760,19472384,49998,292212,2026-08-03T12:12:44.006002Z
M4,1970,saturated,M4,true,72.000,266.801,389.472,467.280,1968687.212,1969149.592,1969199.592,0,676874,55574528,19472384,49942,292351,2026-08-03T12:12:44.006002Z
M4,1971,saturated,M4,true,70.000,252.205,417.770,441.806,1969753.712,1970172.186,1970200.012,0,677071,55631872,19480576,49954,292494,2026-08-03T12:12:44.006002Z
M4,1972,saturated,M4,true,67.000,260.600,381.600,458.640,1970686.547,1971164.974,1971192.600,0,677336,55681024,19480576,49998,292637,2026-08-03T12:12:44.006002Z
M4,1973,saturated,M4,true,71.000,272.379,396.700,471.507,1971703.848,1972110.354,1972174.816,0,677486,55689216,19480576,49945,292780,2026-08-03T12:12:44.006002Z
M4,1974,saturated,M4,true,63.000,262.865,406.629,521.558,1972694.470,1973079.849,1973114.478,0,677704,55705600,19496960,49955,292910,2026-08-03T12:12:44.006002Z
M4,1975,saturated,M4,true,75.000,258.354,458.829,493.941,1973805.754,1974152.980,1974184.293,0,677952,55705600,19496960,50002,293047,2026-08-03T12:12:44.006002Z
M4,1976,saturated,M4,true,60.000,242.031,370.878,445.951,1974680.359,1975003.701,1975086.402,0,678112,55713792,19496960,49939,293192,2026-08-03T12:12:44.006002Z
M4,1977,saturated,M4,true,69.000,262.306,492.205,556.383,1975659.276,1976170.429,1976187.402,0,678389,55730176,19513344,49967,293318,2026-08-03T12:12:44.006002Z
M4,1978,saturated,M4,true,69.000,274.504,414.836,517.400,1976732.034,1977157.343,1977176.765,0,678555,55730176,19513344,49992,293460,2026-08-03T12:12:44.006002Z
M4,1979,saturated,M4,true,68.000,257.309,445.005,585.551,1977684.710,1978150.496,1978186.346,0,678754,55738368,19521536,49937,293599,2026-08-03T12:12:44.006002Z
M4,1980,saturated,M4,true,66.000,279.742,472.294,498.560,1978668.704,1979110.299,1979187.867,0,678889,55762944,19537920,49970,293741,2026-08-03T12:12:44.006002Z
M4,1981,saturated,M4,true,75.000,253.848,380.375,446.864,1979677.911,1980142.673,1980179.451,0,679183,55779328,19537920,49986,293885,2026-08-03T12:12:44.006002Z
M4,1982,saturated,M4,true,68.000,267.540,405.547,443.657,1980741.013,1981147.541,1981170.051,0,679333,55795712,19546112,49943,294020,2026-08-03T12:12:44.006002Z
M4,1983,saturated,M4,true,64.000,268.711,438.101,545.793,1981688.238,1982090.064,1982137.346,0,679555,55812096,19546112,49968,294159,2026-08-03T12:12:44.006002Z
M4,1984,saturated,M4,true,63.000,295.735,410.709,440.840,1982689.016,1983168.639,1983191.581,0,679761,55812096,19546112,49993,294286,2026-08-03T12:12:44.006002Z
M4,1985,saturated,M4,true,69.000,270.731,458.206,516.084,1983736.439,1984149.818,1984160.073,0,679939,55820288,19562496,49943,294421,2026-08-03T12:12:44.006002Z
M4,1986,saturated,M4,true,64.000,264.319,404.368,460.842,1984661.276,1985086.157,1985150.344,0,680218,55828480,19562496,49954,294565,2026-08-03T12:12:44.006002Z
M4,1987,saturated,M4,true,61.000,306.441,484.106,561.334,1985765.848,1986166.483,1986171.689,0,680379,55836672,19562496,50014,294673,2026-08-03T12:12:44.006002Z
M4,1988,saturated,M4,true,67.000,257.722,389.238,472.683,1986715.117,1987091.223,1987174.135,0,680542,55844864,19570688,49963,294822,2026-08-03T12:12:44.006002Z
M4,1989,saturated,M4,true,68.000,267.154,397.566,430.049,1987655.764,1988143.836,1988187.826,0,680802,55869440,19578880,49933,294955,2026-08-03T12:12:44.006002Z
M4,1990,saturated,M4,true,74.000,269.839,401.342,554.121,1988710.738,1989154.279,1989189.840,0,680900,55894016,19595264,50001,295096,2026-08-03T12:12:44.006002Z
M4,1991,saturated,M4,true,64.000,257.133,438.783,456.903,1989696.309,1990148.854,1990192.851,0,681117,55926784,19595264,49930,295233,2026-08-03T12:12:44.006002Z
M4,1992,saturated,M4,true,66.000,260.225,432.602,461.364,1990685.504,1991129.857,1991173.483,0,681410,55975936,19595264,49969,295370,2026-08-03T12:12:44.006002Z
M4,1993,saturated,M4,true,70.000,240.295,411.291,468.460,1991692.088,1992097.070,1992195.931,0,681548,56016896,19603456,50000,295515,2026-08-03T12:12:44.006002Z
M4,1994,saturated,M4,true,72.000,270.817,412.392,517.841,1992684.538,1993127.117,1993146.630,0,681730,56016896,19603456,49930,295655,2026-08-03T12:12:44.006002Z
M4,1995,saturated,M4,true,72.000,255.744,415.472,493.055,1993651.526,1994153.136,1994191.053,0,681988,56025088,19603456,49965,295800,2026-08-03T12:12:44.006002Z
M4,1996,saturated,M4,true,68.000,251.038,410.513,439.738,1994650.443,1995113.116,1995143.683,0,682174,56033280,19628032,49931,295945,2026-08-03T12:12:44.006002Z
M4,1997,saturated,M4,true,61.000,277.660,460.662,522.060,1995687.994,1996064.739,1996187.337,0,682446,56049664,19628032,49968,296068,2026-08-03T12:12:44.006002Z
M4,1998,saturated,M4,true,72.000,261.932,448.980,739.095,1996640.959,1997131.183,1997151.665,0,682600,56057856,19636224,49999,296214,2026-08-03T12:12:44.006002Z
M4,1999,saturated,M4,true,66.000,253.203,485.628,549.348,1997693.303,1998160.986,1998189.764,0,682774,56057856,19636224,49932,296343,2026-08-03T12:12:44.006002Z
M4,2000,saturated,M4,true,66.000,267.016,436.251,465.044,1998646.784,1999030.303,1999175.601,0,683001,56082432,19644416,49966,296483,2026-08-03T12:12:44.006002Z
M4,2001,saturated,M4,true,78.000,264.137,389.277,429.356,1999652.046,2000130.882,2000183.887,0,683262,56107008,19660800,50002,296635,2026-08-03T12:12:44.006002Z
M4,2002,saturated,M4,true,65.000,268.213,396.610,468.932,2000745.355,2001117.739,2001160.072,0,683399,56115200,19660800,49931,296769,2026-08-03T12:12:44.006002Z
M4,2003,saturated,M4,true,68.000,258.908,409.645,432.283,2001636.928,2002164.664,2002189.577,0,683675,56131584,19660800,49967,296903,2026-08-03T12:12:44.006002Z
M4,2004,saturated,M4,true,71.000,277.312,419.638,638.386,2002684.767,2003117.360,2003161.977,0,683829,56139776,19668992,49993,297053,2026-08-03T12:12:44.006002Z
M4,2005,saturated,M4,true,63.000,282.094,436.694,473.748,2003696.421,2004172.013,2004173.877,0,683999,56139776,19668992,49940,297176,2026-08-03T12:12:44.006002Z
M4,2006,saturated,M4,true,65.000,277.025,443.183,501.701,2004693.677,2005169.512,2005193.569,0,684285,56156160,19685376,49971,297317,2026-08-03T12:12:44.006002Z
M4,2007,saturated,M4,true,61.000,278.976,437.343,476.629,2005607.665,2006062.465,2006181.876,0,684434,56156160,19685376,49994,297442,2026-08-03T12:12:44.006002Z
M4,2008,saturated,M4,true,73.000,269.151,455.968,561.223,2006697.712,2007169.335,2007193.468,0,684613,56172544,19685376,49932,297584,2026-08-03T12:12:44.006002Z
M4,2009,saturated,M4,true,63.000,256.786,469.153,511.100,2007657.844,2008138.634,2008146.807,0,684713,56197120,19693568,49974,297714,2026-08-03T12:12:44.006002Z
M4,2010,saturated,M4,true,77.000,234.668,390.600,458.466,2008617.401,2009131.964,2009188.886,0,684980,56221696,19693568,49926,297868,2026-08-03T12:12:44.006002Z
M4,2011,saturated,M4,true,67.000,275.573,503.544,608.687,2009656.755,2010167.996,2010189.674,0,685249,56262656,19709952,49963,298003,2026-08-03T12:12:44.006002Z
M4,2012,saturated,M4,true,71.000,273.834,425.917,469.445,2010677.086,2011179.579,2011193.409,0,685493,56303616,19726336,50012,298146,2026-08-03T12:12:44.006002Z
M4,2013,saturated,M4,true,64.000,270.860,454.743,539.323,2011716.351,2012141.378,2012153.265,0,685641,56336384,19726336,49944,298277,2026-08-03T12:12:44.006002Z
M4,2014,saturated,M4,true,70.000,259.193,438.181,474.983,2012687.002,2013150.467,2013177.413,0,685792,56344576,19734528,49956,298420,2026-08-03T12:12:44.006002Z
M4,2015,saturated,M4,true,65.000,257.963,396.384,464.245,2013747.474,2014164.472,2014178.896,0,686044,56352768,19734528,49998,298482,2026-08-03T12:12:44.006002Z
M4,2016,saturated,M4,true,59.000,309.662,651.096,752.172,2014846.811,2015130.801,2015176.817,0,686196,56352768,19734528,49955,298604,2026-08-03T12:12:44.006002Z
M4,2017,saturated,M4,true,52.000,333.254,594.782,720.346,2015818.401,2016151.828,2016181.388,0,686284,56360960,19734528,49964,298709,2026-08-03T12:12:44.006002Z
M4,2018,saturated,M4,true,58.000,280.301,379.075,413.409,2016727.335,2017155.242,2017164.470,0,686490,56377344,19750912,49996,298834,2026-08-03T12:12:44.006002Z
M4,2019,saturated,M4,true,72.000,278.575,356.201,447.386,2017601.936,2018096.808,2018161.594,0,686656,56377344,19750912,49930,298978,2026-08-03T12:12:44.006002Z
M4,2020,saturated,M4,true,63.000,280.189,383.274,394.772,2018641.490,2019073.975,2019130.516,0,686938,56393728,19750912,49977,299119,2026-08-03T12:12:44.006002Z
M4,2021,saturated,M4,true,67.000,294.335,475.756,592.142,2019744.278,2020153.366,2020179.316,0,687174,56410112,19759104,50000,299237,2026-08-03T12:12:44.006002Z
M4,2022,saturated,M4,true,62.000,264.686,435.542,508.521,2020711.794,2021028.666,2021149.949,0,687310,56426496,19759104,49937,299365,2026-08-03T12:12:44.006002Z
M4,2023,saturated,M4,true,67.000,260.362,389.092,444.516,2021638.206,2022136.408,2022178.088,0,687463,56442880,19767296,49959,299503,2026-08-03T12:12:44.006002Z
M4,2024,saturated,M4,true,68.000,279.934,411.290,488.507,2022616.653,2023020.351,2023169.425,0,687773,56451072,19783680,50004,299645,2026-08-03T12:12:44.006002Z
M4,2025,saturated,M4,true,69.000,283.833,386.053,434.606,2023588.799,2024145.733,2024166.498,0,687903,56451072,19783680,49940,299788,2026-08-03T12:12:44.006002Z
M4,2026,saturated,M4,true,69.000,252.949,376.088,535.177,2024663.138,2025066.250,2025157.421,0,688038,56467456,19791872,49959,299927,2026-08-03T12:12:44.006002Z
M4,2027,saturated,M4,true,68.000,276.790,445.729,490.547,2025717.469,2026151.632,2026179.451,0,688317,56475648,19791872,50001,300053,2026-08-03T12:12:44.006002Z
M4,2028,saturated,M4,true,69.000,249.688,396.623,435.665,2026703.120,2027145.303,2027175.935,0,688460,56475648,19791872,49932,300199,2026-08-03T12:12:44.006002Z
M4,2029,saturated,M4,true,70.000,257.802,401.931,560.776,2027674.395,2028131.371,2028181.354,0,688646,56492032,19816448,49963,300335,2026-08-03T12:12:44.006002Z
M4,2030,saturated,M4,true,67.000,278.692,401.387,490.349,2028676.244,2029124.569,2029172.983,0,688901,56508416,19816448,49934,300471,2026-08-03T12:12:44.006002Z
M4,2031,saturated,M4,true,69.000,276.351,387.230,630.751,2029767.925,2030123.786,2030179.411,0,689137,56549376,19816448,49998,300611,2026-08-03T12:12:44.006002Z
M4,2032,saturated,M4,true,65.000,257.288,453.176,516.861,2030705.273,2031139.443,2031161.220,0,689353,56582144,19824640,49964,300748,2026-08-03T12:12:44.006002Z
M4,2033,saturated,M4,true,68.000,264.592,457.919,538.513,2031643.499,2032090.583,2032167.085,0,689494,56606720,19824640,49935,300888,2026-08-03T12:12:44.006002Z
M4,2034,saturated,M4,true,68.000,261.951,408.935,650.743,2032633.267,2033134.650,2033162.226,0,689801,56655872,19841024,50002,301022,2026-08-03T12:12:44.006002Z
M4,2035,saturated,M4,true,70.000,249.372,505.534,566.525,2033661.298,2034126.270,2034174.276,0,689935,56680448,19849216,49966,301165,2026-08-03T12:12:44.006002Z
M4,2036,saturated,M4,true,63.000,251.502,433.204,818.146,2034686.532,2035046.458,2035120.175,0,690097,56680448,19849216,49936,301299,2026-08-03T12:12:44.006002Z
M4,2037,saturated,M4,true,69.000,279.076,463.419,623.736,2035656.333,2036129.802,2036166.527,0,690283,56696832,19857408,50000,301437,2026-08-03T12:12:44.006002Z
M4,2038,saturated,M4,true,65.000,266.913,416.491,622.895,2036734.329,2037053.243,2037154.835,0,690413,56696832,19857408,49933,301577,2026-08-03T12:12:44.006002Z
M4,2039,saturated,M4,true,71.000,256.033,471.913,534.197,2037692.484,2038168.704,2038176.857,0,690662,56705024,19857408,50030,301710,2026-08-03T12:12:44.006002Z
M4,2040,saturated,M4,true,61.000,279.813,415.523,490.113,2038705.432,2039112.486,2039154.586,0,690808,56721408,19873792,49964,301838,2026-08-03T12:12:44.006002Z
M4,2041,saturated,M4,true,70.000,262.145,370.092,424.331,2039624.932,2040148.638,2040169.610,0,691123,56737792,19873792,49933,301977,2026-08-03T12:12:44.006002Z
M4,2042,saturated,M4,true,64.000,298.864,512.792,587.398,2040721.292,2041113.045,2041164.911,0,691425,56762368,19881984,50006,302113,2026-08-03T12:12:44.006002Z
M4,2043,saturated,M4,true,65.000,255.818,441.968,539.719,2041695.252,2042069.079,2042161.982,0,691560,56762368,19881984,49967,302246,2026-08-03T12:12:44.006002Z
M4,2044,saturated,M4,true,67.000,281.282,441.231,457.191,2042664.523,2043111.205,2043174.705,0,691718,56770560,19881984,49931,302378,2026-08-03T12:12:44.006002Z
M4,2045,saturated,M4,true,66.000,289.361,430.151,463.833,2043611.450,2044097.324,2044128.520,0,691836,56786944,19906560,50003,302514,2026-08-03T12:12:44.006002Z
M4,2046,saturated,M4,true,65.000,285.688,395.706,458.163,2044665.244,2045077.538,2045113.624,0,692163,56786944,19906560,49968,302646,2026-08-03T12:12:44.006002Z
M4,2047,saturated,M4,true,60.000,291.608,505.916,549.195,2045644.832,2046075.743,2046148.793,0,692323,56795136,19914752,49939,302768,2026-08-03T12:12:44.006002Z
M4,2048,saturated,M4,true,71.000,283.346,408.879,449.793,2046653.909,2047152.572,2047169.437,0,692454,56803328,19922944,50028,302905,2026-08-03T12:12:44.006002Z
M4,2049,saturated,M4,true,64.000,278.094,398.435,467.544,2047702.113,2048121.487,2048166.264,0,692744,56827904,19922944,49969,303039,2026-08-03T12:12:44.006002Z
M4,2050,saturated,M4,true,64.000,291.930,452.746,627.612,2048675.707,2049094.014,2049168.953,0,692888,56836096,19922944,49936,303167,2026-08-03T12:12:44.006002Z
M4,2051,saturated,M4,true,66.000,259.164,523.952,661.415,2049609.713,2050143.381,2050170.465,0,693121,56868864,19939328,49998,303300,2026-08-03T12:12:44.006002Z
M4,2052,saturated,M4,true,64.000,274.524,403.930,432.257,2050683.882,2051110.604,2051152.755,0,693361,56885248,19939328,49967,303430,2026-08-03T12:12:44.006002Z
M4,2053,saturated,M4,true,66.000,269.223,477.702,498.212,2051630.461,2052083.276,2052160.876,0,693492,56901632,19939328,49936,303569,2026-08-03T12:12:44.006002Z
M4,2054,saturated,M4,true,63.000,291.541,420.478,531.806,2052649.864,2053119.446,2053165.606,0,693776,56942592,19947520,49997,303701,2026-08-03T12:12:44.006002Z
M4,2055,saturated,M4,true,68.000,279.134,462.279,539.576,2053631.875,2054114.615,2054152.461,0,693928,56975360,19947520,49967,303834,2026-08-03T12:12:44.006002Z
M4,2056,saturated,M4,true,67.000,280.861,465.415,493.552,2054688.469,2055133.617,2055165.744,0,694082,56999936,19955712,49936,303965,2026-08-03T12:12:44.006002Z
M4,2057,saturated,M4,true,59.000,300.835,488.481,574.453,2055655.655,2056085.397,2056160.452,0,694349,57016320,19963904,49999,304098,2026-08-03T12:12:44.006002Z
M4,2058,saturated,M4,true,69.000,267.034,397.757,516.634,2056664.093,2057109.868,2057150.485,0,694479,57016320,19963904,49964,304225,2026-08-03T12:12:44.006002Z
M4,2059,saturated,M4,true,69.000,270.927,420.898,522.708,2057689.943,2058146.944,2058156.040,0,694664,57024512,19980288,49934,304370,2026-08-03T12:12:44.006002Z
M4,2060,saturated,M4,true,65.000,272.732,427.388,471.752,2058701.946,2059058.832,2059157.169,0,694904,57057280,19980288,50004,304509,2026-08-03T12:12:44.006002Z
M4,2061,saturated,M4,true,66.000,269.257,436.293,574.267,2059604.042,2060099.446,2060151.304,0,695131,57057280,19980288,49966,304637,2026-08-03T12:12:44.006002Z
M4,2062,saturated,M4,true,67.000,280.641,411.412,492.917,2060620.444,2061130.039,2061158.786,0,695274,57065472,19996672,49937,304768,2026-08-03T12:12:44.006002Z
M4,2063,saturated,M4,true,65.000,264.806,460.042,551.688,2061692.875,2062154.568,2062169.909,0,695567,57081856,20004864,50028,304906,2026-08-03T12:12:44.006002Z
M4,2064,saturated,M4,true,65.000,253.479,417.058,562.598,2062623.051,2063071.904,2063130.635,0,695685,57090048,20004864,49966,305044,2026-08-03T12:12:44.006002Z
M4,2065,saturated,M4,true,71.000,282.199,420.235,455.739,2063682.454,2064150.073,2064164.726,0,695840,57090048,20013056,49934,305175,2026-08-03T12:12:44.006002Z
M4,2066,saturated,M4,true,64.000,284.701,419.981,494.591,2064720.620,2065109.922,2065166.853,0,696075,57106432,20013056,50006,305311,2026-08-03T12:12:44.006002Z
M4,2067,saturated,M4,true,50.000,327.256,617.290,649.280,2065763.690,2066109.971,2066144.859,0,696218,57114624,20013056,49980,305424,2026-08-03T12:12:44.006002Z
M4,2068,saturated,M4,true,69.000,283.109,431.213,493.785,2066714.469,2067149.821,2067161.697,0,696427,57114624,20029440,49933,305551,2026-08-03T12:12:44.006002Z
M4,2069,saturated,M4,true,63.000,277.084,396.279,598.656,2067638.057,2068080.831,2068172.911,0,696674,57139200,20029440,49970,305688,2026-08-03T12:12:44.006002Z
M4,2070,saturated,M4,true,73.000,255.095,454.714,510.737,2068666.078,2069133.081,2069166.208,0,696791,57155584,20037632,49994,305821,2026-08-03T12:12:44.006002Z
M4,2071,saturated,M4,true,63.000,261.178,459.717,489.921,2069671.725,2070100.384,2070134.925,0,697049,57163776,20045824,49935,305971,2026-08-03T12:12:44.006002Z
M4,2072,saturated,M4,true,73.000,278.878,429.229,459.681,2070656.299,2071122.471,2071147.243,0,697279,57188352,20045824,49964,306102,2026-08-03T12:12:44.006002Z
M4,2073,saturated,M4,true,71.000,255.001,457.329,624.878,2071724.574,2072162.619,2072165.231,0,697530,57229312,20062208,49997,306246,2026-08-03T12:12:44.006002Z
M4,2074,saturated,M4,true,65.000,268.931,399.017,445.771,2072705.552,2073109.602,2073160.252,0,697677,57229312,20062208,49938,306384,2026-08-03T12:12:44.006002Z
M4,2075,saturated,M4,true,64.000,286.284,439.939,461.490,2073619.531,2074059.417,2074076.530,0,697903,57262080,20062208,49965,306511,2026-08-03T12:12:44.006002Z
M4,2076,saturated,M4,true,63.000,288.007,459.533,477.360,2074639.461,2075077.723,2075166.285,0,698125,57319424,20070400,49999,306646,2026-08-03T12:12:44.006002Z
M4,2077,saturated,M4,true,63.000,274.603,436.442,571.422,2075638.410,2076116.413,2076126.604,0,698265,57327616,20070400,49940,306776,2026-08-03T12:12:44.006002Z
M4,2078,saturated,M4,true,71.000,266.645,416.205,491.728,2076660.052,2077070.361,2077139.798,0,698489,57335808,20070400,49957,306910,2026-08-03T12:12:44.006002Z
M4,2079,saturated,M4,true,65.000,267.519,448.526,514.151,2077644.573,2078105.608,2078154.301,0,698667,57344000,20086784,49944,307048,2026-08-03T12:12:44.006002Z
M4,2080,saturated,M4,true,67.000,288.704,416.629,456.405,2078647.586,2079090.502,2079157.149,0,698796,57352192,20094976,49997,307180,2026-08-03T12:12:44.006002Z
M4,2081,saturated,M4,true,63.000,279.732,417.007,448.914,2079670.377,2080082.724,2080158.968,0,699091,57368576,20103168,49960,307314,2026-08-03T12:12:44.006002Z
M4,2082,saturated,M4,true,68.000,267.466,451.527,480.032,2080612.772,2081120.090,2081161.735,0,699270,57384960,20103168,49950,307455,2026-08-03T12:12:44.006002Z
M4,2083,saturated,M4,true,67.000,285.121,529.647,689.368,2081684.138,2082133.504,2082160.602,0,699491,57401344,20111360,49997,307580,2026-08-03T12:12:44.006002Z
M4,2084,saturated,M4,true,61.000,271.120,371.788,608.612,2082738.876,2083107.824,2083112.075,0,699662,57409536,20127744,49957,307718,2026-08-03T12:12:44.006002Z
M4,2085,saturated,M4,true,66.000,308.221,423.947,437.488,2083585.952,2084131.596,2084163.709,0,699847,57409536,20127744,49951,307850,2026-08-03T12:12:44.006002Z
M4,2086,saturated,M4,true,65.000,282.636,453.580,470.906,2084666.765,2085107.780,2085153.231,0,700097,57425920,20127744,49995,307981,2026-08-03T12:12:44.006002Z
M4,2087,saturated,M4,true,70.000,278.428,465.966,497.098,2085676.913,2086152.120,2086168.600,0,700250,57425920,20135936,49960,308114,2026-08-03T12:12:44.006002Z
M4,2088,saturated,M4,true,63.000,263.010,415.722,470.112,2086641.389,2087110.757,2087149.119,0,700399,57434112,20135936,49942,308251,2026-08-03T12:12:44.006002Z
M4,2089,saturated,M4,true,71.000,268.208,432.151,508.724,2087632.034,2088097.993,2088149.181,0,700638,57450496,20144128,49994,308390,2026-08-03T12:12:44.006002Z
M4,2090,saturated,M4,true,64.000,267.269,402.374,463.917,2088690.102,2089069.314,2089100.220,0,700860,57466880,20152320,49962,308525,2026-08-03T12:12:44.006002Z
M4,2091,saturated,M4,true,71.000,263.764,405.911,429.222,2089663.977,2090131.166,2090154.206,0,701048,57483264,20152320,49942,308675,2026-08-03T12:12:44.006002Z
M4,2092,saturated,M4,true,70.000,263.087,383.123,434.798,2090710.873,2091090.041,2091144.782,0,701292,57507840,20160512,49988,308808,2026-08-03T12:12:44.006002Z
M4,2093,saturated,M4,true,67.000,261.975,445.800,557.937,2091624.369,2092119.898,2092161.087,0,701451,57516032,20160512,49967,308951,2026-08-03T12:12:44.006002Z
M4,2094,saturated,M4,true,65.000,273.454,425.832,475.896,2092652.802,2093131.481,2093161.741,0,701647,57548800,20160512,49951,309083,2026-08-03T12:12:44.006002Z
M4,2095,saturated,M4,true,67.000,275.468,513.144,579.179,2093644.160,2094132.198,2094160.444,0,701874,57597952,20185088,49984,309217,2026-08-03T12:12:44.006002Z
M4,2096,saturated,M4,true,59.000,282.388,434.103,458.707,2094673.118,2095049.749,2095140.914,0,702109,57630720,20193280,49972,309350,2026-08-03T12:12:44.006002Z
M4,2097,saturated,M4,true,59.000,295.699,558.675,617.664,2095723.016,2096150.622,2096152.753,0,702232,57638912,20193280,49956,309466,2026-08-03T12:12:44.006002Z
M4,2098,saturated,M4,true,67.000,292.170,455.308,487.466,2096646.910,2097107.249,2097163.160,0,702369,57655296,20201472,49964,309594,2026-08-03T12:12:44.006002Z
M4,2099,saturated,M4,true,69.000,273.103,466.421,507.140,2097642.072,2098118.916,2098162.188,0,702493,57663488,20201472,49976,309728,2026-08-03T12:12:44.006002Z
M4,2100,saturated,M4,true,63.000,271.258,463.392,585.039,2098667.632,2099124.679,2099163.771,0,702747,57671680,20201472,49938,309868,2026-08-03T12:12:44.006002Z
M4,2101,saturated,M4,true,68.000,271.222,412.320,497.220,2099673.853,2100118.467,2100137.910,0,703037,57688064,20217856,49988,310004,2026-08-03T12:12:44.006002Z
M4,2102,saturated,M4,true,67.000,283.475,500.566,690.136,2100685.273,2101144.559,2101158.979,0,703228,57696256,20217856,49981,310132,2026-08-03T12:12:44.006002Z
M4,2103,saturated,M4,true,65.000,272.546,449.617,526.442,2101686.763,2102095.205,2102140.771,0,703388,57712640,20226048,49932,310269,2026-08-03T12:12:44.006002Z
M4,2104,saturated,M4,true,64.000,271.028,405.580,685.489,2102720.487,2103115.812,2103153.672,0,703616,57720832,20226048,49990,310394,2026-08-03T12:12:44.006002Z
M4,2105,saturated,M4,true,62.000,278.322,490.185,671.484,2103687.601,2104060.885,2104089.342,0,703826,57729024,20226048,49985,310528,2026-08-03T12:12:44.006002Z
M4,2106,saturated,M4,true,68.000,269.278,450.543,469.548,2104594.704,2105108.124,2105162.379,0,703976,57737216,20234240,49931,310661,2026-08-03T12:12:44.006002Z
M4,2107,saturated,M4,true,68.000,263.452,451.522,524.120,2105716.214,2106153.251,2106165.387,0,704263,57753600,20250624,49986,310800,2026-08-03T12:12:44.006002Z
M4,2108,saturated,M4,true,61.000,264.416,428.522,471.028,2106727.094,2107069.825,2107101.127,0,704403,57753600,20250624,49986,310927,2026-08-03T12:12:44.006002Z
M4,2109,saturated,M4,true,67.000,264.309,426.484,453.271,2107662.021,2108101.778,2108122.724,0,704571,57761792,20258816,49933,311069,2026-08-03T12:12:44.006002Z
M4,2110,saturated,M4,true,67.000,293.669,481.275,537.546,2108674.412,2109080.321,2109145.380,0,704831,57794560,20258816,50035,311201,2026-08-03T12:12:44.006002Z
M4,2111,saturated,M4,true,64.000,268.206,430.922,634.412,2109617.633,2110061.878,2110128.363,0,704959,57810944,20258816,49967,311336,2026-08-03T12:12:44.006002Z
M4,2112,saturated,M4,true,68.000,244.461,476.667,561.748,2110669.043,2111140.300,2111159.304,0,705125,57819136,20275200,49934,311462,2026-08-03T12:12:44.006002Z
M4,2113,saturated,M4,true,62.000,282.910,433.635,515.985,2111677.616,2112057.835,2112143.762,0,705419,57835520,20283392,49999,311599,2026-08-03T12:12:44.006002Z
M4,2114,saturated,M4,true,65.000,281.284,446.809,507.794,2112672.027,2113081.351,2113165.482,0,705539,57851904,20283392,49969,311729,2026-08-03T12:12:44.006002Z
M4,2115,saturated,M4,true,67.000,293.049,406.404,460.679,2113714.041,2114142.437,2114154.187,0,705700,57876480,20291584,49938,311859,2026-08-03T12:12:44.006002Z
M4,2116,saturated,M4,true,62.000,265.271,440.850,513.069,2114659.878,2115132.395,2115151.938,0,705997,57909248,20291584,49992,311988,2026-08-03T12:12:44.006002Z
M4,2117,saturated,M4,true,58.000,308.418,517.700,661.802,2115641.760,2116088.413,2116147.428,0,706132,57933824,20291584,49942,312108,2026-08-03T12:12:44.006002Z
M4,2118,saturated,M4,true,70.000,284.063,411.534,439.206,2116641.758,2117145.457,2117163.558,0,706424,57966592,20307968,50022,312245,2026-08-03T12:12:44.006002Z
M4,2119,saturated,M4,true,62.000,276.713,442.570,463.275,2117625.574,2118075.809,2118124.711,0,706544,57974784,20307968,49959,312375,2026-08-03T12:12:44.006002Z
M4,2120,saturated,M4,true,66.000,286.187,441.879,495.950,2118673.399,2119078.426,2119118.259,0,706767,57991168,20324352,49944,312511,2026-08-03T12:12:44.006002Z
M4,2121,saturated,M4,true,65.000,287.203,511.305,587.364,2119662.365,2120090.074,2120150.575,0,706978,57999360,20324352,49996,312641,2026-08-03T12:12:44.006002Z
M4,2122,saturated,M4,true,64.000,288.360,417.194,568.606,2120661.476,2121056.057,2121126.751,0,707103,58007552,20324352,49961,312774,2026-08-03T12:12:44.006002Z
M4,2123,saturated,M4,true,67.000,262.260,497.393,679.343,2121619.012,2122117.250,2122139.533,0,707360,58032128,20340736,49939,312903,2026-08-03T12:12:44.006002Z
M4,2124,saturated,M4,true,65.000,294.035,482.692,625.854,2122665.098,2123092.899,2123122.441,0,707559,58040320,20340736,50005,313036,2026-08-03T12:12:44.006002Z
M4,2125,saturated,M4,true,62.000,286.886,441.948,467.874,2123642.295,2124134.611,2124153.629,0,707721,58040320,20340736,49964,313165,2026-08-03T12:12:44.006002Z
M4,2126,saturated,M4,true,68.000,271.664,428.609,521.894,2124591.578,2125119.233,2125139.630,0,707886,58056704,20348928,49941,313294,2026-08-03T12:12:44.006002Z
M4,2127,saturated,M4,true,56.000,294.198,465.602,617.173,2125671.511,2126106.952,2126149.412,0,708173,58064896,20348928,50028,313420,2026-08-03T12:12:44.006002Z
M4,2128,saturated,M4,true,67.000,297.451,482.931,581.119,2126649.195,2127139.845,2127146.538,0,708302,58064896,20348928,49965,313549,2026-08-03T12:12:44.006002Z
M4,2129,saturated,M4,true,68.000,280.764,435.033,510.315,2127705.046,2128147.903,2128161.388,0,708460,58081280,20365312,49937,313681,2026-08-03T12:12:44.006002Z
M4,2130,saturated,M4,true,61.000,295.882,426.055,436.199,2128662.588,2129109.852,2129132.994,0,708688,58089472,20373504,50000,313811,2026-08-03T12:12:44.006002Z
M4,2131,saturated,M4,true,66.000,289.424,457.036,573.798,2129622.000,2130075.906,2130162.554,0,708855,58097664,20373504,49965,313945,2026-08-03T12:12:44.006002Z
M4,2132,saturated,M4,true,66.000,260.971,515.475,531.108,2130656.787,2131094.627,2131133.911,0,709101,58130432,20381696,49938,314078,2026-08-03T12:12:44.006002Z
M4,2133,saturated,M4,true,68.000,281.161,398.991,407.573,2131711.019,2132120.584,2132156.506,0,709319,58146816,20389888,50001,314217,2026-08-03T12:12:44.006002Z
M4,2134,saturated,M4,true,64.000,286.516,419.775,486.165,2132689.236,2133100.825,2133141.725,0,709455,58155008,20398080,49964,314346,2026-08-03T12:12:44.006002Z
M4,2135,saturated,M4,true,60.000,266.922,419.511,428.283,2133640.370,2134043.403,2134149.151,0,709594,58171392,20406272,49940,314485,2026-08-03T12:12:44.006002Z
M4,2136,saturated,M4,true,71.000,270.250,422.008,613.077,2134648.023,2135086.019,2135139.827,0,709906,58212352,20406272,49996,314618,2026-08-03T12:12:44.006002Z
M4,2137,saturated,M4,true,59.000,291.188,481.533,545.595,2135700.691,2136105.507,2136113.203,0,710052,58220544,20414464,49969,314739,2026-08-03T12:12:44.006002Z
M4,2138,saturated,M4,true,65.000,284.134,434.464,473.656,2136651.897,2137076.172,2137148.425,0,710277,58269696,20414464,50001,314875,2026-08-03T12:12:44.006002Z
M4,2139,saturated,M4,true,66.000,256.335,422.984,508.826,2137624.605,2138011.292,2138079.806,0,710444,58286080,20414464,49932,315012,2026-08-03T12:12:44.006002Z
M4,2140,saturated,M4,true,70.000,276.531,439.033,580.337,2138632.601,2139120.507,2139154.000,0,710722,58302464,20430848,49969,315144,2026-08-03T12:12:44.006002Z
M4,2141,saturated,M4,true,64.000,294.105,426.206,527.447,2139627.149,2140118.773,2140136.653,0,710835,58310656,20430848,49998,315274,2026-08-03T12:12:44.006002Z
M4,2142,saturated,M4,true,67.000,291.975,449.907,611.635,2140685.751,2141128.766,2141157.285,0,711003,58318848,20430848,49971,315406,2026-08-03T12:12:44.006002Z
M4,2143,saturated,M4,true,61.000,267.289,415.091,461.586,2141649.395,2142043.627,2142162.794,0,711202,58335232,20439040,49938,315537,2026-08-03T12:12:44.006002Z
M4,2144,saturated,M4,true,63.000,293.165,457.285,604.540,2142634.379,2143070.734,2143154.517,0,711432,58351616,20439040,49997,315666,2026-08-03T12:12:44.006002Z
M4,2145,saturated,M4,true,69.000,280.527,471.454,528.828,2143658.015,2144115.004,2144143.308,0,711614,58351616,20447232,49969,315807,2026-08-03T12:12:44.006002Z
M4,2146,saturated,M4,true,62.000,271.960,456.671,591.712,2144669.900,2145081.791,2145112.449,0,711837,58376192,20463616,49937,315934,2026-08-03T12:12:44.006002Z
M4,2147,saturated,M4,true,63.000,283.500,453.905,490.237,2145665.896,2146120.077,2146138.568,0,712060,58384384,20471808,50032,316062,2026-08-03T12:12:44.006002Z
M4,2148,saturated,M4,true,65.000,266.323,496.818,609.126,2146686.625,2147105.110,2147135.901,0,712196,58384384,20471808,49969,316189,2026-08-03T12:12:44.006002Z
M4,2149,saturated,M4,true,62.000,283.065,470.726,513.893,2147631.651,2148099.597,2148156.860,0,712352,58392576,20480000,49936,316316,2026-08-03T12:12:44.006002Z
M4,2150,saturated,M4,true,68.000,291.207,437.317,659.020,2148661.027,2149088.163,2149123.050,0,712590,58417152,20480000,49966,316456,2026-08-03T12:12:44.006002Z
M4,2151,saturated,M4,true,61.000,269.154,516.095,572.793,2149650.996,2150058.781,2150117.000,0,712799,58417152,20496384,50001,316579,2026-08-03T12:12:44.006002Z
M4,2152,saturated,M4,true,68.000,283.411,422.788,541.443,2150653.030,2151111.843,2151143.470,0,712969,58433536,20496384,49939,316715,2026-08-03T12:12:44.006002Z
M4,2153,saturated,M4,true,62.000,270.738,413.157,504.551,2151675.118,2152119.026,2152158.143,0,713208,58466304,20496384,49964,316839,2026-08-03T12:12:44.006002Z
M4,2154,saturated,M4,true,65.000,297.032,503.937,534.595,2152673.490,2153124.711,2153140.668,0,713353,58466304,20504576,50001,316977,2026-08-03T12:12:44.006002Z
M4,2155,saturated,M4,true,66.000,275.056,455.705,517.416,2153618.842,2154084.862,2154122.155,0,713519,58474496,20504576,49934,317106,2026-08-03T12:12:44.006002Z
M4,2156,saturated,M4,true,68.000,272.478,433.710,505.742,2154655.355,2155093.548,2155136.191,0,713814,58490880,20512768,49966,317244,2026-08-03T12:12:44.006002Z
M4,2157,saturated,M4,true,58.000,301.314,428.802,497.414,2155610.391,2156114.706,2156160.897,0,713953,58523648,20520960,50007,317360,2026-08-03T12:12:44.006002Z
M4,2158,saturated,M4,true,67.000,285.187,471.744,511.455,2156647.825,2157101.084,2157139.278,0,714114,58556416,20529152,49940,317497,2026-08-03T12:12:44.006002Z
M4,2159,saturated,M4,true,61.000,273.055,388.367,422.189,2157677.998,2158008.160,2158130.406,0,714168,58564608,20529152,49966,317558,2026-08-03T12:12:44.006002Z
M4,2160,saturated,M4,true,65.000,301.235,487.349,517.580,2158589.531,2159026.866,2159145.365,0,714442,58597376,20537344,49997,317696,2026-08-03T12:12:44.006002Z
M4,2161,saturated,M4,true,64.000,286.733,451.511,717.812,2159589.080,2160023.878,2160147.336,0,714630,58613760,20537344,49948,317822,2026-08-03T12:12:44.006002Z
M4,2162,saturated,M4,true,67.000,283.959,454.310,533.466,2160652.121,2161109.796,2161122.929,0,714772,58630144,20537344,50020,317955,2026-08-03T12:12:44.006002Z
M4,2163,saturated,M4,true,66.000,277.142,440.234,455.072,2161656.391,2162134.761,2162142.613,0,715019,58638336,20553728,49951,318088,2026-08-03T12:12:44.006002Z
M4,2164,saturated,M4,true,64.000,269.142,445.650,569.514,2162687.914,2163053.366,2163140.953,0,715173,58646528,20553728,49950,318221,2026-08-03T12:12:44.006002Z
M4,2165,saturated,M4,true,63.000,291.504,477.238,510.573,2163737.861,2164107.307,2164143.171,0,715472,58662912,20561920,50000,318344,2026-08-03T12:12:44.006002Z
M4,2166,saturated,M4,true,63.000,268.976,536.799,616.227,2164614.037,2165049.138,2165149.628,0,715597,58679296,20570112,49953,318478,2026-08-03T12:12:44.006002Z
M4,2167,saturated,M4,true,59.000,324.706,507.258,620.117,2165672.651,2166099.010,2166120.335,0,715726,58687488,20570112,49959,318598,2026-08-03T12:12:44.006002Z
M4,2168,saturated,M4,true,65.000,287.112,431.736,463.957,2166664.157,2167058.951,2167150.233,0,715964,58703872,20570112,49990,318730,2026-08-03T12:12:44.006002Z
M4,2169,saturated,M4,true,65.000,308.495,458.186,498.525,2167625.180,2168102.228,2168145.428,0,716166,58703872,20586496,49957,318859,2026-08-03T12:12:44.006002Z
M4,2170,saturated,M4,true,67.000,261.163,519.472,554.486,2168680.904,2169133.237,2169148.376,0,716365,58712064,20586496,49954,318993,2026-08-03T12:12:44.006002Z
M4,2171,saturated,M4,true,64.000,268.492,418.035,726.437,2169639.317,2170087.428,2170130.822,0,716594,58728448,20594688,49992,319127,2026-08-03T12:12:44.006002Z
M4,2172,saturated,M4,true,65.000,295.363,439.736,525.056,2170668.010,2171085.860,2171137.644,0,716742,58736640,20602880,49959,319254,2026-08-03T12:12:44.006002Z
M4,2173,saturated,M4,true,64.000,283.292,403.671,484.733,2171636.681,2172052.475,2172145.279,0,716888,58744832,20602880,49953,319388,2026-08-03T12:12:44.006002Z
M4,2174,saturated,M4,true,60.000,287.016,430.311,492.609,2172662.612,2173006.025,2173109.846,0,717131,58777600,20611072,49994,319517,2026-08-03T12:12:44.006002Z
M4,2175,saturated,M4,true,66.000,288.917,422.353,523.355,2173630.971,2174066.940,2174121.872,0,717319,58785792,20619264,49976,319644,2026-08-03T12:12:44.006002Z
M4,2176,saturated,M4,true,65.000,290.000,459.203,522.564,2174708.369,2175135.276,2175147.264,0,717434,58793984,20619264,49933,319774,2026-08-03T12:12:44.006002Z
M4,2177,saturated,M4,true,57.000,307.262,479.463,493.121,2175635.955,2176109.461,2176114.913,0,717680,58810368,20619264,49998,319897,2026-08-03T12:12:44.006002Z
M4,2178,saturated,M4,true,62.000,294.208,424.379,567.761,2176614.114,2177029.460,2177131.321,0,717915,58826752,20627456,49969,320029,2026-08-03T12:12:44.006002Z
M4,2179,saturated,M4,true,69.000,301.445,393.314,462.964,2177652.455,2178112.825,2178147.946,0,718054,58843136,20627456,49941,320161,2026-08-03T12:12:44.006002Z
M4,2180,saturated,M4,true,62.000,290.933,439.099,474.928,2178673.175,2179088.787,2179097.982,0,718310,58892288,20643840,49997,320286,2026-08-03T12:12:44.006002Z
M4,2181,saturated,M4,true,61.000,292.391,441.228,451.382,2179681.101,2180084.907,2180094.382,0,718437,58900480,20643840,49967,320416,2026-08-03T12:12:44.006002Z
M4,2182,saturated,M4,true,64.000,283.474,407.593,498.971,2180623.994,2181066.503,2181149.098,0,718615,58925056,20652032,49943,320544,2026-08-03T12:12:44.006002Z
M4,2183,saturated,M4,true,61.000,303.903,418.695,475.295,2181641.532,2182056.409,2182116.535,0,718844,58957824,20660224,49997,320674,2026-08-03T12:12:44.006002Z
M4,2184,saturated,M4,true,67.000,294.422,446.486,485.791,2182638.471,2183111.732,2183145.160,0,719063,58957824,20668416,49967,320809,2026-08-03T12:12:44.006002Z
M4,2185,saturated,M4,true,64.000,290.304,409.506,483.176,2183673.900,2184094.001,2184136.322,0,719163,58966016,20668416,49942,320932,2026-08-03T12:12:44.006002Z
M4,2186,saturated,M4,true,60.000,290.325,429.028,524.192,2184626.214,2185041.949,2185115.887,0,719406,58974208,20684800,49997,321062,2026-08-03T12:12:44.006002Z
M4,2187,saturated,M4,true,65.000,283.999,480.392,521.101,2185698.488,2186127.361,2186132.848,0,719614,58990592,20684800,49971,321184,2026-08-03T12:12:44.006002Z
M4,2188,saturated,M4,true,64.000,267.790,450.995,498.552,2186709.841,2187106.317,2187156.059,0,719778,59015168,20684800,49995,321319,2026-08-03T12:12:44.006002Z
M4,2189,saturated,M4,true,64.000,302.907,459.586,548.089,2187719.840,2188125.458,2188142.710,0,719971,59023360,20692992,49937,321447,2026-08-03T12:12:44.006002Z
M4,2190,saturated,M4,true,68.000,273.757,429.430,580.902,2188707.024,2189131.176,2189142.677,0,720210,59039744,20692992,49972,321576,2026-08-03T12:12:44.006002Z
M4,2191,saturated,M4,true,61.000,289.381,470.995,580.741,2189703.163,2190130.633,2190153.353,0,720421,59047936,20692992,49993,321708,2026-08-03T12:12:44.006002Z
M4,2192,saturated,M4,true,64.000,272.794,514.934,581.313,2190684.542,2191098.602,2191150.761,0,720565,59047936,20709376,49939,321841,2026-08-03T12:12:44.006002Z
M4,2193,saturated,M4,true,60.000,275.562,457.460,657.066,2191631.579,2192040.644,2192124.929,0,720692,59056128,20709376,49968,321972,2026-08-03T12:12:44.006002Z
M4,2194,saturated,M4,true,60.000,303.414,421.492,577.067,2192632.419,2193046.952,2193135.889,0,720960,59072512,20709376,49997,322093,2026-08-03T12:12:44.006002Z
M4,2195,saturated,M4,true,68.000,270.067,492.316,578.530,2193589.050,2194057.023,2194113.882,0,721132,59072512,20717568,49939,322225,2026-08-03T12:12:44.006002Z
M4,2196,saturated,M4,true,66.000,309.280,406.919,506.796,2194613.486,2195104.667,2195150.622,0,721285,59080704,20717568,49969,322358,2026-08-03T12:12:44.006002Z
M4,2197,saturated,M4,true,55.000,328.755,471.039,506.983,2195656.987,2196140.103,2196142.322,0,721495,59080704,20725760,49937,322478,2026-08-03T12:12:44.006002Z
M4,2198,saturated,M4,true,65.000,281.862,465.106,498.281,2196630.310,2197082.990,2197139.816,0,721738,59097088,20742144,50003,322606,2026-08-03T12:12:44.006002Z
M4,2199,saturated,M4,true,63.000,298.496,473.998,515.343,2197644.412,2198099.061,2198142.606,0,721887,59105280,20750336,49963,322733,2026-08-03T12:12:44.006002Z
M4,2200,saturated,M4,true,66.000,282.837,431.145,483.896,2198644.460,2199104.104,2199126.067,0,722042,59162624,20750336,49941,322866,2026-08-03T12:12:44.006002Z
M4,2201,saturated,M4,true,66.000,277.467,506.372,534.167,2199570.151,2200085.752,2200132.580,0,722349,59203584,20758528,50002,323002,2026-08-03T12:12:44.006002Z
M4,2202,saturated,M4,true,59.000,300.276,484.352,558.059,2200673.282,2201119.753,2201146.806,0,722462,59211776,20758528,49964,323129,2026-08-03T12:12:44.006002Z
M4,2203,saturated,M4,true,64.000,297.525,399.120,444.233,2201626.410,2202046.686,2202095.224,0,722601,59252736,20766720,49943,323255,2026-08-03T12:12:44.006002Z
M4,2204,saturated,M4,true,62.000,307.708,462.009,561.505,2202658.583,2203082.028,2203150.717,0,722829,59285504,20774912,49998,323382,2026-08-03T12:12:44.006002Z
M4,2205,saturated,M4,true,64.000,272.731,424.074,573.383,2203608.625,2204127.689,2204144.530,0,723046,59285504,20774912,49967,323510,2026-08-03T12:12:44.006002Z
M4,2206,saturated,M4,true,64.000,295.771,434.753,482.840,2204641.917,2205096.997,2205114.503,0,723234,59293696,20783104,49942,323640,2026-08-03T12:12:44.006002Z
M4,2207,saturated,M4,true,60.000,289.171,499.941,569.686,2205645.973,2206131.455,2206136.482,0,723462,59310080,20783104,50001,323757,2026-08-03T12:12:44.006002Z
M4,2208,saturated,M4,true,59.000,290.279,448.548,510.389,2206629.533,2207067.711,2207135.183,0,723581,59318272,20783104,49959,323887,2026-08-03T12:12:44.006002Z
M4,2209,saturated,M4,true,65.000,292.562,458.750,635.455,2207600.521,2208103.433,2208117.870,0,723729,59334656,20791296,49946,324016,2026-08-03T12:12:44.006002Z
M4,2210,saturated,M4,true,65.000,298.282,446.633,501.004,2208651.866,2209102.521,2209150.991,0,723973,59351040,20807680,50000,324147,2026-08-03T12:12:44.006002Z
M4,2211,saturated,M4,true,61.000,282.530,457.898,493.394,2209635.887,2210073.895,2210150.225,0,724192,59351040,20807680,49956,324272,2026-08-03T12:12:44.006002Z
M4,2212,saturated,M4,true,65.000,308.732,461.826,483.888,2210613.498,2211091.826,2211139.460,0,724322,59359232,20815872,49949,324399,2026-08-03T12:12:44.006002Z
M4,2213,saturated,M4,true,63.000,285.922,477.900,550.775,2211616.759,2212092.536,2212127.347,0,724525,59375616,20815872,50016,324523,2026-08-03T12:12:44.006002Z
M4,2214,saturated,M4,true,59.000,284.030,465.726,505.089,2212685.546,2213043.210,2213102.648,0,724744,59375616,20815872,49954,324660,2026-08-03T12:12:44.006002Z
M4,2215,saturated,M4,true,67.000,298.610,477.232,560.335,2213636.292,2214106.979,2214141.641,0,724885,59383808,20832256,49954,324784,2026-08-03T12:12:44.006002Z
M4,2216,saturated,M4,true,59.000,291.908,433.294,528.307,2214622.717,2215056.134,2215134.315,0,725106,59392000,20840448,49996,324913,2026-08-03T12:12:44.006002Z
M4,2217,saturated,M4,true,61.000,323.294,493.360,552.879,2215623.952,2216135.919,2216150.774,0,725314,59400192,20840448,49958,325029,2026-08-03T12:12:44.006002Z
M4,2218,saturated,M4,true,64.000,283.826,452.769,483.831,2216638.646,2217075.481,2217142.853,0,725477,59408384,20848640,49948,325161,2026-08-03T12:12:44.006002Z
M4,2219,saturated,M4,true,63.000,293.970,427.428,500.848,2217620.114,2218095.985,2218148.602,0,725711,59416576,20848640,49998,325288,2026-08-03T12:12:44.006002Z
M4,2220,saturated,M4,true,66.000,271.457,429.323,526.682,2218644.998,2219129.057,2219153.764,0,725880,59432960,20848640,49957,325434,2026-08-03T12:12:44.006002Z
M4,2221,saturated,M4,true,61.000,299.943,447.483,521.581,2219640.119,2220008.857,2220109.932,0,726064,59473920,20865024,49946,325552,2026-08-03T12:12:44.006002Z
M4,2222,saturated,M4,true,70.000,266.866,457.582,520.889,2220638.993,2221115.609,2221144.102,0,726184,59506688,20865024,50001,325690,2026-08-03T12:12:44.006002Z
M4,2223,saturated,M4,true,63.000,275.127,402.604,537.096,2221696.479,2222031.192,2222083.814,0,726456,59523072,20873216,49953,325826,2026-08-03T12:12:44.006002Z
M4,2224,saturated,M4,true,66.000,272.974,454.757,506.847,2222550.278,2223032.657,2223076.569,0,726609,59539456,20881408,49946,325959,2026-08-03T12:12:44.006002Z
M4,2225,saturated,M4,true,67.000,283.342,425.686,470.578,2223653.138,2224027.445,2224138.258,0,726808,59588608,20881408,49958,326090,2026-08-03T12:12:44.006002Z
M4,2226,saturated,M4,true,67.000,296.614,399.974,473.599,2224689.507,2225070.037,2225144.579,0,727065,59613184,20897792,49987,326221,2026-08-03T12:12:44.006002Z
M4,2227,saturated,M4,true,46.000,366.388,585.237,659.698,2225732.134,2226086.051,2226140.468,0,727240,59613184,20897792,49987,326334,2026-08-03T12:12:44.006002Z
M4,2228,saturated,M4,true,69.000,286.190,410.232,497.200,2226675.409,2227117.785,2227144.915,0,727351,59621376,20897792,49952,326459,2026-08-03T12:12:44.006002Z
M4,2229,saturated,M4,true,63.000,274.909,421.432,466.327,2227648.044,2228086.125,2228104.945,0,727595,59629568,20905984,49981,326589,2026-08-03T12:12:44.006002Z
M4,2230,saturated,M4,true,66.000,280.777,414.652,463.130,2228649.454,2229143.652,2229144.581,0,727740,59654144,20905984,49966,326721,2026-08-03T12:12:44.006002Z
M4,2231,saturated,M4,true,61.000,280.257,509.741,531.100,2229734.887,2230107.931,2230139.830,0,727916,59670528,20905984,49958,326844,2026-08-03T12:12:44.006002Z
M4,2232,saturated,M4,true,47.000,324.175,490.720,581.703,2230609.394,2230999.036,2231036.065,0,728151,59678720,20922368,49973,326972,2026-08-03T12:12:44.006002Z
M4,2233,saturated,M4,true,59.000,333.652,627.908,657.424,2231715.486,2232098.158,2232144.497,0,728322,59678720,20922368,49971,327070,2026-08-03T12:12:44.006002Z
M4,2234,saturated,M4,true,67.000,263.488,447.496,496.487,2232648.759,2233084.149,2233123.350,0,728494,59686912,20930560,49943,327206,2026-08-03T12:12:44.006002Z
M4,2235,saturated,M4,true,70.000,259.858,436.259,470.256,2233633.219,2234143.202,2234148.869,0,728763,59695104,20946944,49960,327347,2026-08-03T12:12:44.006002Z
M4,2236,saturated,M4,true,63.000,263.678,399.074,459.927,2234713.308,2235081.525,2235134.825,0,728901,59703296,20946944,49999,327476,2026-08-03T12:12:44.006002Z
M4,2237,saturated,M4,true,62.000,294.478,465.524,504.758,2235664.981,2236110.229,2236152.460,0,729061,59711488,20946944,49945,327609,2026-08-03T12:12:44.006002Z
M4,2238,saturated,M4,true,69.000,269.616,431.306,553.430,2236680.284,2237128.390,2237138.286,0,729293,59719680,20963328,49962,327737,2026-08-03T12:12:44.006002Z
M4,2239,saturated,M4,true,64.000,283.241,427.817,542.655,2237691.393,2238086.966,2238139.205,0,729494,59727872,20963328,49993,327867,2026-08-03T12:12:44.006002Z
M4,2240,saturated,M4,true,64.000,292.355,489.177,575.612,2238711.726,2239121.706,2239150.380,0,729633,59727872,20963328,49947,327997,2026-08-03T12:12:44.006002Z
M4,2241,saturated,M4,true,60.000,293.363,494.446,519.411,2239644.668,2240072.379,2240143.098,0,729875,59760640,20971520,49968,328130,2026-08-03T12:12:44.006002Z
M4,2242,saturated,M4,true,64.000,280.602,465.626,534.193,2240643.133,2241114.187,2241149.838,0,730052,59801600,20971520,49994,328256,2026-08-03T12:12:44.006002Z
M4,2243,saturated,M4,true,63.000,279.862,456.261,585.325,2241655.580,2242054.787,2242135.318,0,730218,59809792,20971520,49943,328389,2026-08-03T12:12:44.006002Z
M4,2244,saturated,M4,true,66.000,305.514,478.487,520.995,2242652.815,2243118.774,2243138.142,0,730476,59842560,20987904,49966,328518,2026-08-03T12:12:44.006002Z
M4,2245,saturated,M4,true,61.000,266.572,405.175,445.520,2243614.510,2244042.756,2244092.284,0,730637,59850752,20987904,49992,328651,2026-08-03T12:12:44.006002Z
M4,2246,saturated,M4,true,67.000,292.588,479.550,542.052,2244617.845,2245094.067,2245135.755,0,730809,59899904,20987904,49945,328776,2026-08-03T12:12:44.006002Z
M4,2247,saturated,M4,true,59.000,286.610,485.712,570.800,2245682.297,2246051.247,2246124.833,0,731055,59916288,20996096,49969,328905,2026-08-03T12:12:44.006002Z
M4,2248,saturated,M4,true,67.000,284.442,544.066,733.354,2246647.252,2247118.252,2247129.959,0,731223,59932672,21004288,49992,329030,2026-08-03T12:12:44.006002Z
M4,2249,saturated,M4,true,65.000,261.328,421.999,543.838,2247659.410,2248123.472,2248133.184,0,731352,59940864,21004288,49940,329165,2026-08-03T12:12:44.006002Z
M4,2250,saturated,M4,true,64.000,278.079,429.811,460.999,2248631.762,2249089.265,2249141.429,0,731593,59940864,21020672,49969,329301,2026-08-03T12:12:44.006002Z
M4,2251,saturated,M4,true,67.000,276.567,411.353,526.665,2249677.794,2250111.692,2250144.916,0,731736,59957248,21028864,49938,329439,2026-08-03T12:12:44.006002Z
M4,2252,saturated,M4,true,65.000,266.810,420.682,552.850,2250654.574,2251134.613,2251146.315,0,732025,59981824,21037056,49995,329560,2026-08-03T12:12:44.006002Z
M4,2253,saturated,M4,true,60.000,286.635,395.797,551.936,2251681.180,2252109.388,2252141.161,0,732164,59990016,21037056,49976,329696,2026-08-03T12:12:44.006002Z
M4,2254,saturated,M4,true,67.000,283.012,499.544,524.542,2252647.410,2253094.372,2253137.740,0,732375,59998208,21037056,49931,329825,2026-08-03T12:12:44.006002Z
M4,2255,saturated,M4,true,61.000,272.871,404.910,428.624,2253594.416,2253966.417,2254138.903,0,732621,60014592,21053440,49991,329962,2026-08-03T12:12:44.006002Z
M4,2256,saturated,M4,true,66.000,282.062,516.330,540.804,2254543.466,2255071.374,2255133.265,0,732752,60014592,21053440,49982,330089,2026-08-03T12:12:44.006002Z
M4,2257,saturated,M4,true,54.000,306.572,568.055,582.779,2255667.333,2256088.544,2256132.773,0,732883,60022784,21053440,49979,330201,2026-08-03T12:12:44.006002Z
M4,2258,saturated,M4,true,62.000,281.979,436.802,570.057,2256632.510,2257029.538,2257053.674,0,733063,60030976,21061632,49936,330331,2026-08-03T12:12:44.006002Z
M4,2259,saturated,M4,true,56.000,318.196,469.047,508.948,2257578.586,2258120.627,2258142.115,0,733234,60039168,21061632,49989,330442,2026-08-03T12:12:44.006002Z
M4,2260,saturated,M4,true,68.000,273.566,467.141,591.982,2258625.910,2259148.064,2259149.054,0,733457,60047360,21061632,49982,330571,2026-08-03T12:12:44.006002Z
M4,2261,saturated,M4,true,62.000,270.252,459.483,550.001,2259636.215,2260062.237,2260112.762,0,733610,60055552,21086208,49936,330704,2026-08-03T12:12:44.006002Z
M4,2262,saturated,M4,true,61.000,288.709,469.963,700.137,2260590.219,2261080.036,2261142.908,0,733895,60071936,21086208,49990,330829,2026-08-03T12:12:44.006002Z
M4,2263,saturated,M4,true,64.000,277.335,460.130,490.366,2261625.472,2262058.953,2262121.775,0,734038,60096512,21086208,49983,330958,2026-08-03T12:12:44.006002Z
M4,2264,saturated,M4,true,60.000,289.344,439.884,592.418,2262627.824,2263001.405,2263031.436,0,734181,60129280,21094400,49932,331089,2026-08-03T12:12:44.006002Z
M4,2265,saturated,M4,true,72.000,254.883,526.766,604.103,2263535.241,2264092.777,2264141.315,0,734375,60153856,21094400,49984,331225,2026-08-03T12:12:44.006002Z
M4,2266,saturated,M4,true,64.000,297.580,502.759,521.929,2264619.408,2265026.772,2265104.436,0,734654,60170240,21094400,49974,331361,2026-08-03T12:12:44.006002Z
M4,2267,saturated,M4,true,73.000,213.086,478.006,682.319,2265828.749,2266125.302,2266126.639,0,734821,60211200,21110784,49948,331506,2026-08-03T12:12:44.006002Z
M4,2268,saturated,M4,true,65.000,247.840,430.329,450.747,2266659.619,2267062.123,2267116.930,0,735046,60243968,21118976,49967,331640,2026-08-03T12:12:44.006002Z
M4,2269,saturated,M4,true,66.000,291.780,408.595,568.983,2267722.109,2268101.127,2268112.857,0,735255,60243968,21118976,49994,331766,2026-08-03T12:12:44.006002Z
M4,2270,saturated,M4,true,59.000,291.263,467.187,489.882,2268698.613,2269101.073,2269117.031,0,735410,60260352,21127168,49943,331895,2026-08-03T12:12:44.006002Z
M4,2271,saturated,M4,true,63.000,298.735,425.692,478.555,2269623.922,2270117.740,2270143.017,0,735542,60268544,21127168,49967,332020,2026-08-03T12:12:44.006002Z
M4,2272,saturated,M4,true,66.000,260.670,456.095,608.165,2270645.603,2271133.697,2271149.550,0,735822,60276736,21135360,49995,332153,2026-08-03T12:12:44.006002Z
M4,2273,saturated,M4,true,67.000,285.492,482.572,586.197,2271671.448,2272137.162,2272146.966,0,735957,60284928,21151744,49934,332286,2026-08-03T12:12:44.006002Z
M4,2274,saturated,M4,true,66.000,277.958,454.260,482.252,2272713.670,2273120.175,2273137.153,0,736199,60309504,21151744,49967,332419,2026-08-03T12:12:44.006002Z
M4,2275,saturated,M4,true,62.000,284.058,449.694,505.124,2273667.015,2274072.151,2274103.951,0,736333,60325888,21159936,50001,332554,2026-08-03T12:12:44.006002Z
M4,2276,saturated,M4,true,66.000,296.160,430.069,562.133,2274664.018,2275130.574,2275141.967,0,736539,60325888,21159936,49933,332674,2026-08-03T12:12:44.006002Z
M4,2277,saturated,M4,true,55.000,307.796,564.362,670.333,2275694.291,2276086.781,2276124.377,0,736616,60334080,21159936,49975,332731,2026-08-03T12:12:44.006002Z
M4,2278,saturated,M4,true,61.000,280.027,417.037,493.623,2276577.841,2277138.238,2277145.293,0,736938,60342272,21176320,49998,332934,2026-08-03T12:12:44.006002Z
M4,2279,saturated,M4,true,71.000,271.324,400.119,526.563,2277634.046,2278137.599,2278142.766,0,737095,60350464,21176320,49937,333060,2026-08-03T12:12:44.006002Z
M4,2280,saturated,M4,true,60.000,285.563,498.210,702.121,2278707.099,2279143.017,2279147.219,0,737334,60366848,21176320,49975,333180,2026-08-03T12:12:44.006002Z
M4,2281,saturated,M4,true,64.000,289.278,413.410,459.287,2279584.888,2280106.796,2280137.667,0,737560,60366848,21184512,49992,333315,2026-08-03T12:12:44.006002Z
M4,2282,saturated,M4,true,65.000,283.611,420.322,494.534,2280645.393,2281083.813,2281120.584,0,737601,60375040,21184512,49936,333453,2026-08-03T12:12:44.006002Z
M4,2283,saturated,M4,true,66.000,285.787,412.782,446.165,2281615.906,2282085.107,2282122.673,0,737835,60547072,21184512,49979,333588,2026-08-03T12:12:44.006002Z
M4,2284,saturated,M4,true,60.000,312.763,473.248,491.539,2282738.852,2283127.303,2283145.374,0,738034,60555264,21209088,49992,333711,2026-08-03T12:12:44.006002Z
M4,2285,saturated,M4,true,64.000,277.639,378.817,399.987,2283636.904,2284091.756,2284143.559,0,738190,60555264,21209088,49968,333837,2026-08-03T12:12:44.006002Z
M4,2286,saturated,M4,true,63.000,300.363,459.185,479.635,2284607.383,2285082.308,2285135.053,0,738429,60571648,21217280,49934,333966,2026-08-03T12:12:44.006002Z
M4,2287,saturated,M4,true,62.000,291.747,422.312,476.737,2285590.858,2286105.852,2286141.247,0,738486,60579840,21225472,50007,334033,2026-08-03T12:12:44.006002Z
M4,2288,saturated,M4,true,62.000,276.876,384.799,521.405,2286654.270,2287005.721,2287084.477,0,738708,60579840,21225472,49974,334154,2026-08-03T12:12:44.006002Z
M4,2289,saturated,M4,true,66.000,278.191,483.982,495.905,2287558.113,2288024.668,2288089.907,0,738864,60588032,21225472,49938,334291,2026-08-03T12:12:44.006002Z
M4,2290,saturated,M4,true,63.000,301.570,446.255,497.686,2288618.886,2289106.992,2289145.804,0,738992,60596224,21241856,49992,334422,2026-08-03T12:12:44.006002Z
M4,2291,saturated,M4,true,68.000,282.536,415.756,551.925,2289617.611,2290143.913,2290147.793,0,739276,60604416,21241856,49978,334551,2026-08-03T12:12:44.006002Z
M4,2292,saturated,M4,true,63.000,276.516,410.300,625.361,2290671.840,2291076.571,2291139.080,0,739438,60604416,21241856,49933,334686,2026-08-03T12:12:44.006002Z
M4,2293,saturated,M4,true,62.000,265.207,551.129,636.124,2291616.490,2292080.689,2292127.231,0,739570,60620800,21250048,49994,334812,2026-08-03T12:12:44.006002Z
M4,2294,saturated,M4,true,69.000,286.741,459.359,491.236,2292659.205,2293086.868,2293147.095,0,739877,60628992,21250048,49973,334946,2026-08-03T12:12:44.006002Z
M4,2295,saturated,M4,true,61.000,278.623,457.462,486.988,2293670.659,2294030.202,2294087.477,0,740012,60628992,21250048,49938,335078,2026-08-03T12:12:44.006002Z
M4,2296,saturated,M4,true,67.000,269.869,457.184,576.718,2294650.099,2295088.881,2295133.482,0,740295,60645376,21266432,49992,335212,2026-08-03T12:12:44.006002Z
M4,2297,saturated,M4,true,57.000,305.384,480.306,526.309,2295681.135,2296037.975,2296054.918,0,740457,60653568,21274624,49982,335333,2026-08-03T12:12:44.006002Z
M4,2298,saturated,M4,true,70.000,275.834,472.091,499.937,2296709.853,2297100.117,2297142.780,0,740571,60653568,21274624,49936,335455,2026-08-03T12:12:44.006002Z
M4,2299,saturated,M4,true,61.000,289.881,433.927,576.980,2297675.295,2298061.154,2298140.077,0,740770,60661760,21282816,49984,335604,2026-08-03T12:12:44.006002Z
M4,2300,saturated,M4,true,66.000,257.962,436.847,516.640,2298608.290,2299073.155,2299131.188,0,740953,60669952,21282816,49978,335725,2026-08-03T12:12:44.006002Z
M4,2301,saturated,M4,true,67.000,278.507,484.403,533.864,2299726.263,2300086.117,2300125.661,0,741183,60678144,21282816,49941,335855,2026-08-03T12:12:44.006002Z
M4,2302,saturated,M4,true,57.000,298.302,422.837,521.011,2300633.855,2301019.217,2301119.953,0,741331,60686336,21299200,49986,335995,2026-08-03T12:12:44.006002Z
M4,2303,saturated,M4,true,61.000,290.340,410.265,519.210,2301535.150,2301971.558,2302095.781,0,741617,60710912,21307392,49979,336117,2026-08-03T12:12:44.006002Z
M4,2304,saturated,M4,true,68.000,309.048,448.014,520.973,2302611.265,2303111.015,2303141.659,0,741772,60784640,21307392,49949,336239,2026-08-03T12:12:44.006002Z
M4,2305,saturated,M4,true,62.000,305.409,467.942,601.064,2303678.150,2304082.523,2304138.156,0,741977,60866560,21315584,49981,336371,2026-08-03T12:12:44.006002Z
M4,2306,saturated,M4,true,62.000,310.640,451.152,590.351,2304685.804,2305123.557,2305132.861,0,742170,60882944,21315584,49975,336492,2026-08-03T12:12:44.006002Z
M4,2307,saturated,M4,true,52.000,311.880,499.357,553.271,2305583.988,2305962.798,2306012.558,0,742319,60882944,21323776,49956,336613,2026-08-03T12:12:44.006002Z
M4,2308,saturated,M4,true,70.000,267.076,430.119,540.452,2306618.876,2307103.714,2307135.463,0,742515,60891136,21331968,50011,336749,2026-08-03T12:12:44.006002Z
M4,2309,saturated,M4,true,58.000,275.043,517.266,549.516,2307641.910,2308038.272,2308121.100,0,742665,60899328,21331968,49969,336874,2026-08-03T12:12:44.006002Z
M4,2310,saturated,M4,true,64.000,282.891,535.547,590.969,2308564.487,2309081.625,2309128.734,0,742845,60907520,21348352,49939,336995,2026-08-03T12:12:44.006002Z
M4,2311,saturated,M4,true,61.000,296.890,414.685,495.930,2309556.281,2309977.141,2310008.929,0,743073,60915712,21348352,49998,337123,2026-08-03T12:12:44.006002Z
M4,2312,saturated,M4,true,61.000,301.645,523.033,622.408,2310655.623,2310994.307,2311129.693,0,743255,60915712,21348352,49941,337249,2026-08-03T12:12:44.006002Z
M4,2313,saturated,M4,true,65.000,288.040,448.102,579.915,2311643.059,2312088.584,2312138.291,0,743459,60932096,21372928,49971,337375,2026-08-03T12:12:44.006002Z
M4,2314,saturated,M4,true,62.000,303.172,453.622,607.883,2312659.278,2313123.894,2313140.246,0,743668,60940288,21372928,49997,337492,2026-08-03T12:12:44.006002Z
M4,2315,saturated,M4,true,61.000,295.201,474.610,523.427,2313698.470,2314101.099,2314132.462,0,743795,60940288,21372928,49938,337620,2026-08-03T12:12:44.006002Z
M4,2316,saturated,M4,true,61.000,300.154,439.375,510.322,2314673.398,2315102.969,2315139.331,0,743945,60948480,21381120,49971,337750,2026-08-03T12:12:44.006002Z
M4,2317,saturated,M4,true,53.000,297.274,578.543,600.436,2315691.807,2316049.677,2316118.432,0,744147,60956672,21381120,49940,337869,2026-08-03T12:12:44.006002Z
M4,2318,saturated,M4,true,68.000,296.627,482.591,637.501,2316558.444,2317083.898,2317139.015,0,744260,60964864,21381120,49998,338001,2026-08-03T12:12:44.006002Z
M4,2319,saturated,M4,true,60.000,301.700,435.958,508.618,2317606.970,2318014.099,2318091.988,0,744535,60973056,21389312,49937,338122,2026-08-03T12:12:44.006002Z
M4,2320,saturated,M4,true,62.000,299.936,461.351,481.633,2318586.663,2319094.933,2319117.200,0,744764,60981248,21397504,49972,338244,2026-08-03T12:12:44.006002Z
M4,2321,saturated,M4,true,68.000,283.599,408.437,572.497,2319665.327,2320085.256,2320135.477,0,744968,60989440,21405696,49997,338383,2026-08-03T12:12:44.006002Z
M4,2322,saturated,M4,true,58.000,288.885,486.991,508.969,2320569.267,2321093.240,2321136.027,0,745105,60989440,21413888,49933,338506,2026-08-03T12:12:44.006002Z
M4,2323,saturated,M4,true,62.000,291.605,453.552,537.680,2321556.808,2322036.158,2322131.144,0,745234,61005824,21422080,49976,338634,2026-08-03T12:12:44.006002Z
M4,2324,saturated,M4,true,67.000,301.219,408.310,493.227,2322638.852,2323101.776,2323125.271,0,745523,61022208,21422080,49998,338754,2026-08-03T12:12:44.006002Z
M4,2325,saturated,M4,true,58.000,279.560,551.550,632.229,2323712.576,2324120.052,2324120.902,0,745665,61054976,21430272,49936,338885,2026-08-03T12:12:44.006002Z
M4,2326,saturated,M4,true,63.000,315.414,415.789,560.073,2324684.348,2325115.689,2325141.292,0,745897,61112320,21438464,49975,339010,2026-08-03T12:12:44.006002Z
M4,2327,saturated,M4,true,57.000,321.353,511.603,543.935,2325669.557,2326100.252,2326129.867,0,746008,61161472,21438464,49995,339130,2026-08-03T12:12:44.006002Z
M4,2328,saturated,M4,true,66.000,284.002,434.573,492.307,2326627.334,2327080.782,2327108.502,0,746209,61194240,21446656,49935,339255,2026-08-03T12:12:44.006002Z
M4,2329,saturated,M4,true,64.000,307.885,450.575,675.274,2327677.648,2328113.455,2328142.123,0,746436,61210624,21446656,49978,339383,2026-08-03T12:12:44.006002Z
M4,2330,saturated,M4,true,62.000,291.840,441.164,552.236,2328679.369,2329071.453,2329131.792,0,746638,61218816,21446656,49995,339514,2026-08-03T12:12:44.006002Z
M4,2331,saturated,M4,true,58.000,286.622,524.933,542.519,2329623.562,2330137.080,2330137.160,0,746780,61218816,21454848,49937,339639,2026-08-03T12:12:44.006002Z
M4,2332,saturated,M4,true,64.000,279.731,531.034,630.868,2330588.061,2331092.626,2331130.409,0,747017,61235200,21463040,49975,339758,2026-08-03T12:12:44.006002Z
M4,2333,saturated,M4,true,60.000,296.627,465.433,517.181,2331599.157,2332116.753,2332131.361,0,747176,61235200,21463040,49936,339889,2026-08-03T12:12:44.006002Z
M4,2334,saturated,M4,true,63.000,310.992,482.679,626.574,2332660.160,2333084.558,2333128.521,0,747404,61251584,21471232,49996,340010,2026-08-03T12:12:44.006002Z
M4,2335,saturated,M4,true,58.000,302.836,453.500,478.492,2333658.016,2334036.573,2334131.540,0,747548,61251584,21471232,49978,340138,2026-08-03T12:12:44.006002Z
M4,2336,saturated,M4,true,63.000,298.560,475.777,591.261,2334557.067,2335041.529,2335137.908,0,747683,61259776,21471232,49938,340264,2026-08-03T12:12:44.006002Z
M4,2337,saturated,M4,true,60.000,311.612,506.434,560.209,2335616.900,2336075.588,2336133.971,0,747929,61267968,21495808,49989,340384,2026-08-03T12:12:44.006002Z
M4,2338,saturated,M4,true,61.000,312.323,430.941,484.698,2336652.179,2337040.167,2337084.072,0,748106,61276160,21495808,49983,340507,2026-08-03T12:12:44.006002Z
M4,2339,saturated,M4,true,60.000,312.358,440.827,554.949,2337648.748,2338130.491,2338139.506,0,748254,61276160,21495808,49937,340632,2026-08-03T12:12:44.006002Z
M4,2340,saturated,M4,true,65.000,301.259,460.926,522.476,2338631.572,2339112.093,2339134.704,0,748385,61292544,21512192,49988,340758,2026-08-03T12:12:44.006002Z
M4,2341,saturated,M4,true,65.000,283.644,379.901,524.789,2339715.678,2340124.534,2340126.686,0,748666,61300736,21512192,49982,340892,2026-08-03T12:12:44.006002Z
M4,2342,saturated,M4,true,59.000,287.883,538.973,567.354,2340653.936,2341083.070,2341132.362,0,748799,61300736,21512192,49938,341015,2026-08-03T12:12:44.006002Z
M4,2343,saturated,M4,true,61.000,290.554,518.776,616.148,2341610.842,2342024.039,2342083.212,0,748987,61317120,21528576,49987,341142,2026-08-03T12:12:44.006002Z
M4,2344,saturated,M4,true,61.000,299.015,465.629,564.472,2342657.894,2343061.601,2343126.896,0,749219,61317120,21528576,49983,341266,2026-08-03T12:12:44.006002Z
M4,2345,saturated,M4,true,65.000,298.217,465.004,579.685,2343613.894,2344081.236,2344122.781,0,749360,61325312,21528576,49939,341398,2026-08-03T12:12:44.006002Z
M4,2346,saturated,M4,true,62.000,306.501,492.224,539.645,2344631.457,2345074.062,2345133.776,0,749625,61349888,21536768,49985,341518,2026-08-03T12:12:44.006002Z
M4,2347,saturated,M4,true,56.000,308.248,457.234,621.229,2345730.791,2346091.619,2346091.982,0,749745,61390848,21536768,49985,341643,2026-08-03T12:12:44.006002Z
M4,2348,saturated,M4,true,64.000,292.473,508.244,676.465,2346691.499,2347058.790,2347133.785,0,749922,61440000,21536768,49937,341770,2026-08-03T12:12:44.006002Z
M4,2349,saturated,M4,true,64.000,301.290,478.207,577.492,2347621.768,2348097.388,2348109.757,0,750106,61489152,21553152,49983,341900,2026-08-03T12:12:44.006002Z
M4,2350,saturated,M4,true,58.000,274.339,546.975,607.380,2348625.787,2349043.762,2349092.140,0,750332,61505536,21561344,49986,342023,2026-08-03T12:12:44.006002Z
M4,2351,saturated,M4,true,59.000,320.690,448.323,601.838,2349564.852,2350033.639,2350083.979,0,750463,61530112,21561344,49941,342149,2026-08-03T12:12:44.006002Z
M4,2352,saturated,M4,true,64.000,324.730,431.778,541.532,2350601.068,2351093.269,2351120.838,0,750715,61538304,21569536,49983,342268,2026-08-03T12:12:44.006002Z
M4,2353,saturated,M4,true,62.000,301.396,428.364,465.602,2351617.685,2352085.592,2352136.848,0,750911,61546496,21569536,49980,342387,2026-08-03T12:12:44.006002Z
M4,2354,saturated,M4,true,63.000,289.628,463.035,758.385,2352638.139,2353108.824,2353132.164,0,751053,61554688,21569536,49943,342518,2026-08-03T12:12:44.006002Z
M4,2355,saturated,M4,true,58.000,297.854,452.509,526.095,2353601.065,2354029.055,2354135.907,0,751171,61562880,21585920,49981,342638,2026-08-03T12:12:44.006002Z
M4,2356,saturated,M4,true,62.000,285.648,475.743,678.011,2354642.666,2355062.270,2355127.011,0,751433,61571072,21585920,49985,342770,2026-08-03T12:12:44.006002Z
M4,2357,saturated,M4,true,56.000,304.931,486.658,565.901,2355594.594,2356080.658,2356091.058,0,751581,61571072,21585920,49958,342889,2026-08-03T12:12:44.006002Z
M4,2358,saturated,M4,true,68.000,303.031,430.491,508.986,2356691.829,2357107.619,2357133.905,0,751773,61587456,21602304,49983,343013,2026-08-03T12:12:44.006002Z
M4,2359,saturated,M4,true,62.000,301.846,481.862,507.119,2357647.372,2358098.707,2358132.354,0,751978,61587456,21602304,49979,343137,2026-08-03T12:12:44.006002Z
M4,2360,saturated,M4,true,55.000,284.800,406.798,597.436,2358681.793,2359035.578,2359046.781,0,752131,61595648,21602304,49947,343268,2026-08-03T12:12:44.006002Z
M4,2361,saturated,M4,true,67.000,302.797,450.555,533.839,2359635.622,2360099.551,2360134.477,0,752331,61603840,21618688,49980,343395,2026-08-03T12:12:44.006002Z
M4,2362,saturated,M4,true,61.000,283.648,476.965,505.425,2360638.929,2361036.036,2361132.090,0,752544,61612032,21618688,49976,343529,2026-08-03T12:12:44.006002Z
M4,2363,saturated,M4,true,65.000,291.556,548.899,668.049,2361653.313,2362061.787,2362099.734,0,752689,61620224,21626880,49966,343648,2026-08-03T12:12:44.006002Z
M4,2364,saturated,M4,true,64.000,290.914,426.280,543.730,2362664.467,2363104.417,2363134.941,0,752861,61620224,21635072,49938,343777,2026-08-03T12:12:44.006002Z
M4,2365,saturated,M4,true,60.000,280.057,508.870,571.113,2363606.184,2364105.772,2364126.801,0,753155,61636608,21635072,50003,343908,2026-08-03T12:12:44.006002Z
M4,2366,saturated,M4,true,62.000,300.049,477.659,505.194,2364700.824,2365079.917,2365101.732,0,753262,61644800,21635072,49970,344027,2026-08-03T12:12:44.006002Z
M4,2367,saturated,M4,true,55.000,305.113,485.007,601.072,2365687.113,2366112.209,2366114.693,0,753423,61644800,21651456,49941,344151,2026-08-03T12:12:44.006002Z
M4,2368,saturated,M4,true,64.000,287.825,473.991,565.934,2366578.283,2367023.316,2367128.102,0,753699,61669376,21651456,49993,344279,2026-08-03T12:12:44.006002Z
M4,2369,saturated,M4,true,62.000,291.519,501.487,733.623,2367634.820,2368018.698,2368097.476,0,753864,61718528,21651456,49971,344405,2026-08-03T12:12:44.006002Z
M4,2370,saturated,M4,true,61.000,314.231,473.532,534.321,2368605.206,2369109.462,2369121.485,0,754026,61759488,21659648,49946,344522,2026-08-03T12:12:44.006002Z
M4,2371,saturated,M4,true,61.000,320.206,446.603,581.553,2369605.411,2370031.288,2370131.206,0,754256,61800448,21659648,49967,344655,2026-08-03T12:12:44.006002Z
M4,2372,saturated,M4,true,62.000,299.653,430.538,481.949,2370669.288,2371061.099,2371132.659,0,754348,61825024,21659648,49992,344775,2026-08-03T12:12:44.006002Z
M4,2373,saturated,M4,true,60.000,293.607,484.310,527.929,2371631.498,2372019.434,2372116.220,0,754541,61849600,21676032,49952,344901,2026-08-03T12:12:44.006002Z
M4,2374,saturated,M4,true,67.000,287.781,493.680,556.537,2372681.157,2373094.364,2373125.693,0,754779,61865984,21676032,49962,345032,2026-08-03T12:12:44.006002Z
M4,2375,saturated,M4,true,61.000,293.541,483.403,561.797,2373672.250,2374101.994,2374122.621,0,754952,61874176,21692416,49991,345160,2026-08-03T12:12:44.006002Z
M4,2376,saturated,M4,true,61.000,304.010,389.966,493.441,2374589.274,2375108.785,2375115.796,0,755144,61874176,21700608,49952,345289,2026-08-03T12:12:44.006002Z
M4,2377,saturated,M4,true,57.000,322.824,426.915,503.065,2375595.460,2376048.377,2376073.722,0,755356,61882368,21700608,49964,345404,2026-08-03T12:12:44.006002Z
M4,2378,saturated,M4,true,65.000,292.022,562.418,618.823,2376610.879,2377044.866,2377113.703,0,755466,61890560,21716992,49992,345533,2026-08-03T12:12:44.006002Z
M4,2379,saturated,M4,true,60.000,287.671,469.850,606.965,2377680.040,2378075.710,2378114.544,0,755643,61898752,21716992,49950,345653,2026-08-03T12:12:44.006002Z
M4,2380,saturated,M4,true,61.000,317.385,442.513,469.048,2378655.120,2379088.838,2379118.515,0,755857,61906944,21716992,49969,345782,2026-08-03T12:12:44.006002Z
M4,2381,saturated,M4,true,60.000,304.290,476.728,594.764,2379597.372,2380042.435,2380060.145,0,756078,61915136,21725184,49990,345908,2026-08-03T12:12:44.006002Z
M4,2382,saturated,M4,true,63.000,278.285,446.920,452.489,2380590.561,2381076.826,2381095.957,0,756201,61915136,21725184,49945,346035,2026-08-03T12:12:44.006002Z
M4,2383,saturated,M4,true,63.000,280.287,512.372,696.393,2381605.512,2382041.698,2382087.754,0,756430,61931520,21725184,49968,346165,2026-08-03T12:12:44.006002Z
M4,2384,saturated,M4,true,64.000,317.418,456.748,617.655,2382607.699,2383097.556,2383128.310,0,756621,61931520,21741568,49991,346288,2026-08-03T12:12:44.006002Z
M4,2385,saturated,M4,true,57.000,297.403,512.642,620.423,2383675.593,2384033.294,2384079.413,0,756775,61939712,21741568,49951,346415,2026-08-03T12:12:44.006002Z
M4,2386,saturated,M4,true,63.000,284.628,548.070,605.432,2384647.114,2385058.423,2385094.296,0,757017,61947904,21741568,49966,346538,2026-08-03T12:12:44.006002Z
M4,2387,saturated,M4,true,55.000,319.443,472.954,537.840,2385618.363,2385971.933,2386096.815,0,757137,61956096,21749760,50003,346656,2026-08-03T12:12:44.006002Z
M4,2388,saturated,M4,true,66.000,301.836,490.298,587.442,2386592.718,2387059.366,2387084.163,0,757319,61956096,21749760,49943,346788,2026-08-03T12:12:44.006002Z
M4,2389,saturated,M4,true,61.000,290.128,441.768,731.738,2387622.366,2388041.540,2388115.270,0,757593,61972480,21757952,49964,346910,2026-08-03T12:12:44.006002Z
M4,2390,saturated,M4,true,60.000,291.730,459.053,498.868,2388567.918,2389020.479,2389033.183,0,757740,62005248,21774336,49998,347036,2026-08-03T12:12:44.006002Z
M4,2391,saturated,M4,true,67.000,269.087,549.186,657.251,2389580.219,2390118.369,2390130.606,0,757886,62038016,21774336,49945,347158,2026-08-03T12:12:44.006002Z
M4,2392,saturated,M4,true,58.000,309.408,497.104,555.335,2390644.419,2391114.311,2391134.324,0,758004,62087168,21782528,49962,347282,2026-08-03T12:12:44.006002Z
M4,2393,saturated,M4,true,59.000,300.264,444.520,472.028,2391576.282,2392050.269,2392122.115,0,758297,62111744,21790720,50000,347415,2026-08-03T12:12:44.006002Z
M4,2394,saturated,M4,true,63.000,313.426,454.532,499.903,2392669.724,2393084.322,2393100.505,0,758425,62144512,21790720,49949,347528,2026-08-03T12:12:44.006002Z
M4,2395,saturated,M4,true,65.000,296.316,467.322,617.179,2393672.067,2394118.578,2394130.546,0,758533,62160896,21790720,49958,347656,2026-08-03T12:12:44.006002Z
M4,2396,saturated,M4,true,56.000,281.063,472.760,514.182,2394666.883,2395095.968,2395125.375,0,758841,62177280,21807104,50000,347778,2026-08-03T12:12:44.006002Z
M4,2397,saturated,M4,true,57.000,323.903,625.961,669.841,2395690.599,2396114.520,2396126.067,0,758985,62185472,21807104,49960,347891,2026-08-03T12:12:44.006002Z
M4,2398,saturated,M4,true,60.000,302.999,499.078,618.908,2396628.619,2397111.990,2397133.331,0,759186,62201856,21807104,50007,348014,2026-08-03T12:12:44.006002Z
M4,2399,saturated,M4,true,59.000,294.974,402.827,417.603,2397675.668,2398090.761,2398090.784,0,759341,62201856,21815296,49949,348144,2026-08-03T12:12:44.006002Z
M4,2400,saturated,M4,true,62.000,292.447,455.236,495.020,2398603.852,2399121.123,2399131.882,0,759468,62218240,21815296,49954,348267,2026-08-03T12:12:44.006002Z
M4,2401,saturated,M4,true,63.000,300.011,418.066,620.589,2399632.099,2400114.360,2400130.288,0,759751,62218240,21815296,50018,348388,2026-08-03T12:12:44.006002Z
M4,2402,saturated,M4,true,57.000,310.881,498.193,613.575,2400563.077,2401027.086,2401071.692,0,759884,62226432,21831680,49957,348509,2026-08-03T12:12:44.006002Z
M4,2403,saturated,M4,true,65.000,301.538,419.147,546.015,2401567.468,2402050.693,2402106.259,0,760133,62234624,21839872,49949,348639,2026-08-03T12:12:44.006002Z
M4,2404,saturated,M4,true,64.000,313.255,432.813,517.315,2402647.619,2403112.756,2403115.396,0,760337,62242816,21839872,49998,348765,2026-08-03T12:12:44.006002Z
M4,2405,saturated,M4,true,59.000,303.862,439.984,472.098,2403626.701,2404086.465,2404121.344,0,760445,62242816,21848064,49960,348889,2026-08-03T12:12:44.006002Z
M4,2406,saturated,M4,true,63.000,297.462,432.287,611.209,2404682.560,2405096.848,2405109.340,0,760620,62259200,21848064,49950,349018,2026-08-03T12:12:44.006002Z
M4,2407,saturated,M4,true,54.000,321.534,504.560,542.411,2405650.094,2405985.239,2406108.511,0,760847,62267392,21848064,49999,349128,2026-08-03T12:12:44.006002Z
M4,2408,saturated,M4,true,59.000,309.381,490.129,760.581,2406628.228,2407069.999,2407101.953,0,760983,62267392,21856256,49968,349250,2026-08-03T12:12:44.006002Z
M4,2409,saturated,M4,true,67.000,296.929,450.451,510.804,2407611.129,2408075.227,2408081.679,0,761207,62275584,21864448,49937,349384,2026-08-03T12:12:44.006002Z
M4,2410,saturated,M4,true,60.000,270.753,439.897,499.032,2408625.251,2409059.312,2409113.403,0,761273,62283776,21864448,50003,349446,2026-08-03T12:12:44.006002Z
M4,2411,saturated,M4,true,61.000,281.874,541.019,649.327,2409611.758,2410047.531,2410072.227,0,761466,62291968,21880832,49968,349631,2026-08-03T12:12:44.006002Z
M4,2412,saturated,M4,true,66.000,293.925,430.730,559.213,2410656.028,2411082.088,2411110.337,0,761627,62300160,21880832,49941,349693,2026-08-03T12:12:44.006002Z
M4,2413,saturated,M4,true,61.000,299.517,459.825,607.478,2411561.857,2412057.734,2412107.857,0,761744,62365696,21880832,49995,349828,2026-08-03T12:12:44.006002Z
M4,2414,saturated,M4,true,63.000,311.324,452.325,490.383,2412624.288,2413078.520,2413124.593,0,762056,62373888,21880832,49970,349953,2026-08-03T12:12:44.006002Z
M4,2415,saturated,M4,true,61.000,284.457,468.251,535.411,2413680.656,2414098.302,2414120.096,0,762199,62406656,21897216,49946,350075,2026-08-03T12:12:44.006002Z
M4,2416,saturated,M4,true,62.000,323.302,507.003,578.897,2414640.779,2415104.341,2415129.573,0,762457,62439424,21905408,49988,350205,2026-08-03T12:12:44.006002Z
M4,2417,saturated,M4,true,58.000,302.386,454.883,492.246,2415650.099,2416097.707,2416127.477,0,762611,62455808,21905408,49971,350322,2026-08-03T12:12:44.006002Z
M4,2418,saturated,M4,true,60.000,292.564,427.340,470.625,2416642.081,2417128.674,2417131.945,0,762762,62480384,21913600,49998,350444,2026-08-03T12:12:44.006002Z
M4,2419,saturated,M4,true,60.000,316.531,448.021,484.033,2417602.929,2418088.991,2418129.690,0,762932,62496768,21913600,49936,350570,2026-08-03T12:12:44.006002Z
M4,2420,saturated,M4,true,59.000,313.649,464.474,565.181,2418614.039,2419102.193,2419125.738,0,763158,62521344,21913600,49977,350691,2026-08-03T12:12:44.006002Z
M4,2421,saturated,M4,true,63.000,294.204,465.788,595.466,2419620.087,2420082.574,2420129.304,0,763354,62529536,21929984,49996,350814,2026-08-03T12:12:44.006002Z
M4,2422,saturated,M4,true,61.000,302.679,455.756,584.429,2420628.915,2421038.456,2421114.547,0,763486,62529536,21929984,49938,350937,2026-08-03T12:12:44.006002Z
M4,2423,saturated,M4,true,58.000,296.911,487.765,574.200,2421631.299,2422102.725,2422112.684,0,763610,62537728,21929984,49973,351063,2026-08-03T12:12:44.006002Z
M4,2424,saturated,M4,true,62.000,296.959,500.198,540.158,2422624.351,2423097.418,2423123.719,0,763877,62545920,21938176,49999,351186,2026-08-03T12:12:44.006002Z
M4,2425,saturated,M4,true,57.000,293.542,440.721,608.999,2423574.368,2423997.814,2424128.156,0,764026,62545920,21938176,49938,351306,2026-08-03T12:12:44.006002Z
M4,2426,saturated,M4,true,71.000,305.167,449.668,534.899,2424653.938,2425107.840,2425127.861,0,764251,62562304,21938176,49971,351435,2026-08-03T12:12:44.006002Z
M4,2427,saturated,M4,true,56.000,299.252,416.072,466.190,2425640.217,2426080.587,2426090.151,0,764471,62570496,21954560,49993,351566,2026-08-03T12:12:44.006002Z
M4,2428,saturated,M4,true,61.000,310.028,457.685,583.642,2426652.794,2427023.087,2427115.965,0,764592,62570496,21954560,49945,351683,2026-08-03T12:12:44.006002Z
M4,2429,saturated,M4,true,61.000,285.875,515.317,695.958,2427628.320,2428031.517,2428082.118,0,764812,62578688,21970944,49968,351814,2026-08-03T12:12:44.006002Z
M4,2430,saturated,M4,true,64.000,288.310,451.433,600.572,2428612.304,2429052.317,2429108.225,0,765017,62595072,21979136,49998,351935,2026-08-03T12:12:44.006002Z
M4,2431,saturated,M4,true,63.000,297.360,500.376,597.403,2429692.975,2430082.341,2430123.754,0,765127,62595072,21979136,49944,352059,2026-08-03T12:12:44.006002Z
M4,2432,saturated,M4,true,53.000,344.351,500.206,517.693,2430640.667,2431037.257,2431113.702,0,765294,62603264,21979136,49970,352176,2026-08-03T12:12:44.006002Z
M4,2433,saturated,M4,true,60.000,311.291,505.601,575.623,2431667.428,2432075.876,2432114.661,0,765522,62619648,21995520,50000,352294,2026-08-03T12:12:44.006002Z
M4,2434,saturated,M4,true,59.000,287.765,499.737,555.019,2432584.588,2433090.186,2433094.505,0,765673,62627840,21995520,49938,352417,2026-08-03T12:12:44.006002Z
M4,2435,saturated,M4,true,66.000,305.074,503.477,543.502,2433625.473,2434093.173,2434103.493,0,765808,62676992,21995520,49973,352547,2026-08-03T12:12:44.006002Z
M4,2436,saturated,M4,true,56.000,289.950,567.863,717.949,2434634.123,2435052.410,2435101.306,0,766077,62693376,22003712,50002,352667,2026-08-03T12:12:44.006002Z
M4,2437,saturated,M4,true,60.000,308.074,457.950,548.298,2435663.855,2436087.374,2436119.932,0,766204,62709760,22003712,49945,352783,2026-08-03T12:12:44.006002Z
M4,2438,saturated,M4,true,60.000,290.047,514.381,575.016,2436653.347,2437104.535,2437126.679,0,766338,62750720,22003712,49967,352908,2026-08-03T12:12:44.006002Z
M4,2439,saturated,M4,true,61.000,297.595,528.471,646.767,2437599.359,2438085.350,2438121.876,0,766580,62783488,22020096,49997,353028,2026-08-03T12:12:44.006002Z
M4,2440,saturated,M4,true,61.000,280.029,509.578,536.668,2438644.512,2439076.296,2439103.251,0,766762,62799872,22020096,49972,353155,2026-08-03T12:12:44.006002Z
M4,2441,saturated,M4,true,56.000,307.731,492.872,547.642,2439595.632,2440004.417,2440004.829,0,766913,62816256,22020096,49941,353280,2026-08-03T12:12:44.006002Z
M4,2442,saturated,M4,true,62.000,300.056,495.030,556.161,2440635.491,2441103.060,2441126.578,0,767130,62832640,22028288,49992,353401,2026-08-03T12:12:44.006002Z
M4,2443,saturated,M4,true,64.000,287.568,435.146,599.967,2441609.854,2442097.038,2442129.254,0,767343,62832640,22036480,49971,353532,2026-08-03T12:12:44.006002Z
M4,2444,saturated,M4,true,60.000,308.048,481.536,598.463,2442633.162,2443100.471,2443122.500,0,767476,62849024,22036480,49948,353655,2026-08-03T12:12:44.006002Z
M4,2445,saturated,M4,true,64.000,288.372,488.746,536.571,2443654.483,2444121.540,2444130.068,0,767672,62857216,22052864,49987,353779,2026-08-03T12:12:44.006002Z
M4,2446,saturated,M4,true,60.000,303.519,435.455,618.062,2444683.741,2445092.053,2445108.363,0,767884,62865408,22052864,49970,353909,2026-08-03T12:12:44.006002Z
M4,2447,saturated,M4,true,59.000,297.582,440.380,468.292,2445669.402,2446114.175,2446119.951,0,768017,62873600,22052864,49953,354025,2026-08-03T12:12:44.006002Z
M4,2448,saturated,M4,true,59.000,295.655,477.978,499.316,2446556.565,2447067.637,2447127.087,0,768269,62881792,22069248,49982,354144,2026-08-03T12:12:44.006002Z
M4,2449,saturated,M4,true,64.000,297.545,452.737,531.300,2447615.773,2448076.304,2448114.278,0,768451,62889984,22069248,49971,354274,2026-08-03T12:12:44.006002Z
M4,2450,saturated,M4,true,62.000,287.419,455.952,532.093,2448586.685,2449082.159,2449116.784,0,768623,62889984,22069248,49953,354402,2026-08-03T12:12:44.006002Z
M4,2451,saturated,M4,true,62.000,287.061,447.470,505.878,2449610.192,2450061.725,2450123.166,0,768834,62906368,22085632,49985,354530,2026-08-03T12:12:44.006002Z
M4,2452,saturated,M4,true,59.000,302.377,463.527,504.310,2450612.636,2451026.828,2451088.130,0,768995,62906368,22085632,49966,354651,2026-08-03T12:12:44.006002Z
M4,2453,saturated,M4,true,64.000,290.415,462.059,540.599,2451611.640,2452068.363,2452118.557,0,769165,62914560,22085632,49959,354774,2026-08-03T12:12:44.006002Z
M4,2454,saturated,M4,true,64.000,322.663,443.109,575.629,2452705.575,2453105.666,2453118.437,0,769308,62922752,22093824,49948,354907,2026-08-03T12:12:44.006002Z
M4,2455,saturated,M4,true,58.000,300.940,452.274,554.125,2453679.836,2454093.553,2454109.401,0,769540,62939136,22093824,50004,355023,2026-08-03T12:12:44.006002Z
M4,2456,saturated,M4,true,58.000,288.412,454.355,514.240,2454621.840,2455027.203,2455124.911,0,769729,62955520,22102016,49960,355148,2026-08-03T12:12:44.006002Z
M4,2457,saturated,M4,true,63.000,330.021,494.115,776.199,2455659.716,2456072.751,2456123.869,0,769867,62980096,22118400,49954,355265,2026-08-03T12:12:44.006002Z
M4,2458,saturated,M4,true,54.000,323.732,410.027,437.393,2456663.154,2457067.678,2457113.548,0,770129,63012864,22118400,49994,355397,2026-08-03T12:12:44.006002Z
M4,2459,saturated,M4,true,63.000,313.315,499.275,515.629,2457573.748,2458077.307,2458116.595,0,770243,63053824,22118400,49954,355512,2026-08-03T12:12:44.006002Z
M4,2460,saturated,M4,true,66.000,266.746,435.884,569.260,2458645.398,2459080.355,2459089.711,0,770378,63078400,22126592,49956,355648,2026-08-03T12:12:44.006002Z
M4,2461,saturated,M4,true,60.000,272.157,390.357,444.463,2459580.493,2459984.880,2460067.641,0,770579,63094784,22126592,49945,355778,2026-08-03T12:12:44.006002Z
M4,2462,saturated,M4,true,66.000,271.446,386.049,441.980,2460617.311,2461026.675,2461098.007,0,770839,63127552,22134784,50003,355911,2026-08-03T12:12:44.006002Z
M4,2463,saturated,M4,true,60.000,303.515,483.372,508.387,2461553.532,2462015.385,2462116.989,0,770973,63135744,22142976,49957,356038,2026-08-03T12:12:44.006002Z
M4,2464,saturated,M4,true,65.000,310.355,482.712,571.637,2462549.250,2463055.160,2463082.355,0,771155,63152128,22142976,49952,356152,2026-08-03T12:12:44.006002Z
M4,2465,saturated,M4,true,59.000,304.404,450.316,520.968,2463653.139,2464057.294,2464097.436,0,771384,63160320,22142976,49955,356281,2026-08-03T12:12:44.006002Z
M4,2466,saturated,M4,true,63.000,310.057,457.263,585.214,2464642.630,2465079.682,2465110.280,0,771623,63168512,22159360,50017,356406,2026-08-03T12:12:44.006002Z
M4,2467,saturated,M4,true,56.000,287.966,537.730,627.223,2465676.743,2466113.216,2466118.829,0,771758,63168512,22159360,49954,356532,2026-08-03T12:12:44.006002Z
M4,2468,saturated,M4,true,59.000,317.723,429.626,489.074,2466610.623,2467035.165,2467111.139,0,771883,63176704,22159360,49953,356652,2026-08-03T12:12:44.006002Z
M4,2469,saturated,M4,true,61.000,302.078,476.546,507.552,2467574.755,2467999.917,2468109.908,0,772118,63201280,22183936,50002,356770,2026-08-03T12:12:44.006002Z
M4,2470,saturated,M4,true,66.000,289.614,490.863,617.194,2468669.024,2469066.627,2469117.707,0,772242,63201280,22183936,49958,356896,2026-08-03T12:12:44.006002Z
M4,2471,saturated,M4,true,61.000,292.621,449.202,620.556,2469673.727,2470053.705,2470107.591,0,772432,63209472,22183936,49950,357022,2026-08-03T12:12:44.006002Z
M4,2472,saturated,M4,true,58.000,299.248,482.005,501.892,2470671.791,2471066.424,2471080.825,0,772679,63217664,22192128,50004,357145,2026-08-03T12:12:44.006002Z
M4,2473,saturated,M4,true,60.000,304.092,442.906,626.979,2471605.225,2472021.270,2472121.704,0,772850,63225856,22192128,49958,357261,2026-08-03T12:12:44.006002Z
M4,2474,saturated,M4,true,60.000,333.889,482.353,542.157,2472609.216,2473051.083,2473120.513,0,772975,63225856,22192128,49953,357387,2026-08-03T12:12:44.006002Z
M4,2475,saturated,M4,true,62.000,305.489,441.766,500.389,2473584.753,2474051.012,2474083.844,0,773204,63242240,22208512,49996,357508,2026-08-03T12:12:44.006002Z
M4,2476,saturated,M4,true,58.000,304.688,482.257,525.242,2474627.006,2475099.408,2475099.747,0,773407,63242240,22208512,49973,357633,2026-08-03T12:12:44.006002Z
M4,2477,saturated,M4,true,61.000,317.767,479.412,494.407,2475655.918,2476078.213,2476100.185,0,773527,63250432,22208512,49943,357751,2026-08-03T12:12:44.006002Z
M4,2478,saturated,M4,true,55.000,319.146,489.350,519.165,2476621.395,2477040.741,2477115.322,0,773784,63258624,22216704,49995,357875,2026-08-03T12:12:44.006002Z
M4,2479,saturated,M4,true,61.000,292.797,479.716,687.680,2477598.070,2478090.839,2478105.821,0,773966,63299584,22216704,49973,357999,2026-08-03T12:12:44.006002Z
M4,2480,saturated,M4,true,59.000,306.348,496.443,555.306,2478579.042,2479047.367,2479094.875,0,774098,63307776,22216704,49942,358116,2026-08-03T12:12:44.006002Z
M4,2481,saturated,M4,true,61.000,307.205,519.759,680.629,2479605.612,2480059.506,2480103.026,0,774338,63373312,22233088,49994,358241,2026-08-03T12:12:44.006002Z
M4,2482,saturated,M4,true,57.000,347.453,513.304,585.126,2480682.491,2481060.705,2481111.492,0,774494,63389696,22241280,49978,358354,2026-08-03T12:12:44.006002Z
M4,2483,saturated,M4,true,57.000,301.348,489.645,592.342,2481565.416,2482040.882,2482093.774,0,774610,63406080,22241280,49937,358473,2026-08-03T12:12:44.006002Z
M4,2484,saturated,M4,true,59.000,292.499,541.120,593.562,2482566.118,2483009.339,2483114.218,0,774788,63438848,22257664,49991,358601,2026-08-03T12:12:44.006002Z
M4,2485,saturated,M4,true,65.000,306.217,443.128,568.616,2483640.298,2484092.683,2484103.299,0,775015,63447040,22257664,49985,358721,2026-08-03T12:12:44.006002Z
M4,2486,saturated,M4,true,58.000,313.335,533.548,562.613,2484694.417,2485074.244,2485113.591,0,775153,63455232,22257664,49943,358833,2026-08-03T12:12:44.006002Z
M4,2487,saturated,M4,true,54.000,326.039,553.365,604.151,2485682.171,2486063.577,2486068.709,0,775390,63479808,22274048,50022,358949,2026-08-03T12:12:44.006002Z
M4,2488,saturated,M4,true,58.000,321.154,469.410,491.302,2486606.621,2487043.596,2487095.836,0,775505,63479808,22274048,49965,359068,2026-08-03T12:12:44.006002Z
M4,2489,saturated,M4,true,58.000,313.160,474.240,603.510,2487587.527,2488048.780,2488123.005,0,775654,63488000,22274048,49947,359191,2026-08-03T12:12:44.006002Z
M4,2490,saturated,M4,true,62.000,309.366,456.432,532.935,2488587.075,2489003.292,2489110.905,0,775804,63504384,22282240,49994,359321,2026-08-03T12:12:44.006002Z
M4,2491,saturated,M4,true,58.000,289.003,476.800,578.336,2489614.181,2489966.228,2490109.418,0,776077,63504384,22282240,49966,359445,2026-08-03T12:12:44.006002Z
M4,2492,saturated,M4,true,66.000,289.927,438.196,527.255,2490568.426,2491004.786,2491112.381,0,776205,63520768,22282240,49943,359558,2026-08-03T12:12:44.006002Z
M4,2493,saturated,M4,true,65.000,267.624,437.681,458.591,2491655.656,2492041.107,2492105.665,0,776431,63528960,22298624,49993,359701,2026-08-03T12:12:44.006002Z
M4,2494,saturated,M4,true,66.000,277.542,428.391,520.646,2492676.177,2493093.728,2493103.104,0,776642,63537152,22298624,49965,359825,2026-08-03T12:12:44.006002Z
M4,2495,saturated,M4,true,59.000,285.255,524.200,623.164,2493678.220,2494085.224,2494114.431,0,776822,63537152,22306816,50002,359956,2026-08-03T12:12:44.006002Z
M4,2496,saturated,M4,true,62.000,292.290,434.254,502.500,2494635.653,2495097.372,2495106.651,0,776940,63545344,22315008,49970,360077,2026-08-03T12:12:44.006002Z
M4,2497,saturated,M4,true,50.000,317.829,509.972,593.540,2495684.051,2496051.403,2496110.627,0,777128,63553536,22315008,49947,360190,2026-08-03T12:12:44.006002Z
M4,2498,saturated,M4,true,60.000,312.379,442.448,484.247,2496588.774,2497017.470,2497077.989,0,777399,63561728,22315008,50023,360310,2026-08-03T12:12:44.006002Z
M4,2499,saturated,M4,true,63.000,301.735,508.590,580.505,2497618.939,2498102.131,2498115.956,0,777513,63569920,22323200,49960,360430,2026-08-03T12:12:44.006002Z
M4,2500,saturated,M4,true,61.000,299.415,450.860,573.758,2498535.033,2499036.902,2499109.911,0,777738,63594496,22331392,49945,360559,2026-08-03T12:12:44.006002Z
M4,2501,saturated,M4,true,59.000,312.657,463.346,636.166,2499625.000,2500053.686,2500115.051,0,777925,63610880,22331392,50026,360677,2026-08-03T12:12:44.006002Z
M4,2502,saturated,M4,true,60.000,308.629,491.228,669.164,2500628.845,2501075.977,2501110.132,0,778046,63643648,22339584,49967,360800,2026-08-03T12:12:44.006002Z
M4,2503,saturated,M4,true,61.000,282.865,544.108,744.106,2501659.866,2501989.064,2502074.426,0,778279,63684608,22347776,49949,360932,2026-08-03T12:12:44.006002Z
M4,2504,saturated,M4,true,56.000,302.746,504.869,544.879,2502587.008,2503024.351,2503066.286,0,778393,63725568,22347776,49993,361045,2026-08-03T12:12:44.006002Z
M4,2505,saturated,M4,true,64.000,309.629,496.840,529.613,2503637.955,2504109.848,2504114.460,0,778621,63733760,22355968,49971,361166,2026-08-03T12:12:44.006002Z
M4,2506,saturated,M4,true,61.000,298.599,467.539,560.845,2504618.309,2505048.100,2505107.979,0,778753,63766528,22364160,49943,361286,2026-08-03T12:12:44.006002Z
M4,2507,saturated,M4,true,54.000,344.211,518.376,565.954,2505632.636,2506097.360,2506097.379,0,778992,63774720,22364160,49995,361408,2026-08-03T12:12:44.006002Z
M4,2508,saturated,M4,true,63.000,295.042,458.887,566.777,2506523.358,2507081.005,2507113.353,0,779117,63774720,22372352,49973,361533,2026-08-03T12:12:44.006002Z
M4,2509,saturated,M4,true,61.000,294.951,518.894,626.261,2507643.328,2508055.791,2508107.665,0,779284,63799296,22380544,49998,361654,2026-08-03T12:12:44.006002Z
M4,2510,saturated,M4,true,58.000,315.915,465.860,489.752,2508549.051,2509038.087,2509097.531,0,779483,63799296,22380544,49936,361780,2026-08-03T12:12:44.006002Z
M4,2511,saturated,M4,true,62.000,313.384,446.048,503.472,2509608.869,2510082.703,2510117.319,0,779751,63815680,22396928,49980,361901,2026-08-03T12:12:44.006002Z
M4,2512,saturated,M4,true,57.000,320.524,476.232,565.585,2510596.838,2511055.093,2511105.835,0,779859,63815680,22396928,49994,362018,2026-08-03T12:12:44.006002Z
M4,2513,saturated,M4,true,65.000,291.717,428.337,450.832,2511607.351,2512090.812,2512111.635,0,780006,63823872,22396928,49974,362147,2026-08-03T12:12:44.006002Z
M4,2514,saturated,M4,true,62.000,308.283,491.684,658.564,2512647.410,2513100.432,2513118.259,0,780277,63840256,22405120,49940,362274,2026-08-03T12:12:44.006002Z
M4,2515,saturated,M4,true,61.000,308.637,488.307,630.472,2513585.582,2514105.452,2514114.557,0,780503,63848448,22405120,49994,362391,2026-08-03T12:12:44.006002Z
M4,2516,saturated,M4,true,58.000,306.684,424.778,465.858,2514614.396,2515064.734,2515114.382,0,780598,63848448,22405120,49976,362520,2026-08-03T12:12:44.006002Z
M4,2517,saturated,M4,true,54.000,308.532,523.342,603.604,2515691.625,2516081.869,2516088.233,0,780723,63856640,22421504,49948,362623,2026-08-03T12:12:44.006002Z
M4,2518,saturated,M4,true,62.000,307.635,451.236,535.678,2516671.681,2517101.502,2517115.880,0,780964,63873024,22421504,50028,362748,2026-08-03T12:12:44.006002Z
M4,2519,saturated,M4,true,55.000,309.558,485.078,595.780,2517675.627,2518024.166,2518107.436,0,781116,63873024,22421504,49965,362871,2026-08-03T12:12:44.006002Z
M4,2520,saturated,M4,true,63.000,308.639,451.595,486.829,2518615.512,2519095.209,2519112.190,0,781244,63881216,22437888,49947,362993,2026-08-03T12:12:44.006002Z
M4,2521,saturated,M4,true,58.000,298.924,478.557,567.893,2519606.871,2520030.578,2520110.863,0,781520,63889408,22437888,49999,363116,2026-08-03T12:12:44.006002Z
M4,2522,saturated,M4,true,64.000,300.156,422.638,553.005,2520627.294,2521064.543,2521111.220,0,781648,63905792,22437888,49937,363235,2026-08-03T12:12:44.006002Z
M4,2523,saturated,M4,true,58.000,330.723,470.221,497.728,2521634.068,2522043.164,2522080.977,0,781932,63938560,22462464,49971,363362,2026-08-03T12:12:44.006002Z
M4,2524,saturated,M4,true,61.000,307.213,464.395,539.298,2522563.914,2523023.492,2523094.612,0,782038,63963136,22462464,50004,363484,2026-08-03T12:12:44.006002Z
M4,2525,saturated,M4,true,60.000,283.141,474.175,519.061,2523568.751,2524081.694,2524096.928,0,782180,63979520,22462464,49940,363606,2026-08-03T12:12:44.006002Z
M4,2526,saturated,M4,true,57.000,302.966,545.564,603.140,2524617.634,2525081.850,2525098.265,0,782445,64028672,22470656,49969,363723,2026-08-03T12:12:44.006002Z
M4,2527,saturated,M4,true,57.000,303.498,557.262,596.982,2525608.968,2526075.900,2526093.236,0,782567,64036864,22470656,50007,363839,2026-08-03T12:12:44.006002Z
M4,2528,saturated,M4,true,59.000,304.654,569.527,768.989,2526617.810,2527059.886,2527076.034,0,782715,64053248,22470656,49948,363960,2026-08-03T12:12:44.006002Z
M4,2529,saturated,M4,true,59.000,307.972,530.414,676.782,2527608.133,2528003.212,2528089.115,0,782973,64086016,22478848,49963,364079,2026-08-03T12:12:44.006002Z
M4,2530,saturated,M4,true,63.000,298.811,496.460,559.664,2528654.327,2529095.411,2529108.034,0,783088,64102400,22487040,50000,364206,2026-08-03T12:12:44.006002Z
M4,2531,saturated,M4,true,59.000,289.964,490.091,541.151,2529702.689,2530081.798,2530093.710,0,783270,64102400,22487040,49944,364325,2026-08-03T12:12:44.006002Z
M4,2532,saturated,M4,true,58.000,324.427,527.055,607.664,2530584.943,2531080.106,2531088.500,0,783503,64126976,22487040,49965,364444,2026-08-03T12:12:44.006002Z
M4,2533,saturated,M4,true,62.000,311.157,482.898,588.089,2531608.418,2532095.372,2532114.499,0,783635,64126976,22495232,50002,364570,2026-08-03T12:12:44.006002Z
M4,2534,saturated,M4,true,58.000,302.375,442.079,565.211,2532587.276,2533103.303,2533112.365,0,783789,64135168,22495232,49947,364685,2026-08-03T12:12:44.006002Z
M4,2535,saturated,M4,true,62.000,306.543,434.837,574.776,2533607.266,2534017.765,2534112.392,0,783920,64143360,22503424,49965,364812,2026-08-03T12:12:44.006002Z
M4,2536,saturated,M4,true,57.000,294.586,528.582,643.135,2534669.247,2535050.731,2535106.560,0,784201,64151552,22511616,49996,364929,2026-08-03T12:12:44.006002Z
M4,2537,saturated,M4,true,57.000,343.797,489.469,605.698,2535658.125,2536074.202,2536090.341,0,784323,64159744,22519808,49945,365045,2026-08-03T12:12:44.006002Z
M4,2538,saturated,M4,true,59.000,310.351,489.576,520.868,2536618.891,2537039.990,2537105.767,0,784538,64176128,22519808,49978,365165,2026-08-03T12:12:44.006002Z
M4,2539,saturated,M4,true,60.000,293.624,490.863,626.744,2537595.331,2538060.579,2538109.824,0,784656,64176128,22536192,49989,365227,2026-08-03T12:12:44.006002Z
M4,2540,saturated,M4,true,61.000,290.440,454.707,576.970,2538620.293,2539092.013,2539109.750,0,784889,64184320,22536192,49942,365411,2026-08-03T12:12:44.006002Z
M4,2541,saturated,M4,true,64.000,286.456,503.228,614.612,2539622.252,2540097.327,2540105.875,0,784965,64192512,22536192,49976,365474,2026-08-03T12:12:44.006002Z
M4,2542,saturated,M4,true,57.000,304.931,488.297,513.702,2540604.796,2541081.520,2541109.805,0,785218,64200704,22552576,49989,365604,2026-08-03T12:12:44.006002Z
M4,2543,saturated,M4,true,61.000,310.039,602.902,739.498,2541636.766,2542059.273,2542097.468,0,785336,64200704,22552576,49943,365719,2026-08-03T12:12:44.006002Z
M4,2544,saturated,M4,true,63.000,284.001,455.269,520.229,2542636.331,2543104.061,2543115.301,0,785498,64208896,22552576,49968,365846,2026-08-03T12:12:44.006002Z
M4,2545,saturated,M4,true,55.000,313.428,500.137,505.923,2543602.997,2544065.757,2544089.212,0,785744,64233472,22560768,49998,365972,2026-08-03T12:12:44.006002Z
M4,2546,saturated,M4,true,60.000,297.055,493.202,565.286,2544614.395,2544983.830,2545097.403,0,785903,64258048,22560768,49944,366093,2026-08-03T12:12:44.006002Z
M4,2547,saturated,M4,true,58.000,330.839,586.076,670.423,2545590.459,2546073.776,2546093.017,0,786041,64274432,22560768,49973,366206,2026-08-03T12:12:44.006002Z
M4,2548,saturated,M4,true,61.000,306.110,453.963,530.220,2546598.218,2547069.889,2547100.863,0,786278,64315392,22577152,49998,366331,2026-08-03T12:12:44.006002Z
M4,2549,saturated,M4,true,57.000,303.797,490.499,634.428,2547620.396,2548081.827,2548092.063,0,786415,64323584,22577152,49943,366446,2026-08-03T12:12:44.006002Z
M4,2550,saturated,M4,true,64.000,294.923,502.110,528.433,2548564.424,2549042.680,2549053.895,0,786619,64348160,22577152,50029,366576,2026-08-03T12:12:44.006002Z
M4,2551,saturated,M4,true,56.000,285.875,492.004,614.572,2549570.717,2549920.292,2550089.724,0,786739,64380928,22593536,49970,366697,2026-08-03T12:12:44.006002Z
M4,2552,saturated,M4,true,62.000,310.118,442.245,545.176,2550581.505,2551025.244,2551092.138,0,786923,64397312,22593536,49940,366825,2026-08-03T12:12:44.006002Z
M4,2553,saturated,M4,true,60.000,323.558,500.293,519.471,2551534.751,2552109.220,2552109.962,0,787207,64413696,22593536,49999,366935,2026-08-03T12:12:44.006002Z
M4,2554,saturated,M4,true,61.000,296.239,500.498,602.018,2552608.280,2553048.037,2553081.114,0,787365,64430080,22593536,49968,367063,2026-08-03T12:12:44.006002Z
M4,2555,saturated,M4,true,58.000,296.932,559.473,689.911,2553546.345,2554060.038,2554079.741,0,787520,64430080,22609920,49945,367186,2026-08-03T12:12:44.006002Z
M4,2556,saturated,M4,true,60.000,310.829,462.469,692.077,2554555.093,2555038.225,2555082.748,0,787752,64454656,22609920,49991,367308,2026-08-03T12:12:44.006002Z
M4,2557,saturated,M4,true,60.000,311.913,511.397,704.126,2555714.874,2556079.932,2556083.091,0,787885,64454656,22609920,49976,367418,2026-08-03T12:12:44.006002Z
M4,2558,saturated,M4,true,55.000,334.547,510.348,609.968,2556583.684,2556989.539,2557073.666,0,788034,64462848,22626304,49948,367545,2026-08-03T12:12:44.006002Z
M4,2559,saturated,M4,true,59.000,302.594,487.388,607.754,2557566.086,2558022.838,2558104.544,0,788162,64471040,22626304,49985,367670,2026-08-03T12:12:44.006002Z
M4,2560,saturated,M4,true,64.000,294.061,500.749,604.350,2558603.783,2559023.863,2559052.483,0,788413,64487424,22626304,49978,367789,2026-08-03T12:12:44.006002Z
M4,2561,saturated,M4,true,58.000,307.375,515.378,518.421,2559614.641,2560039.778,2560070.968,0,788560,64487424,22642688,49991,367907,2026-08-03T12:12:44.006002Z
M4,2562,saturated,M4,true,59.000,308.269,538.598,596.225,2560622.553,2560999.820,2561099.127,0,788750,64495616,22642688,49944,368033,2026-08-03T12:12:44.006002Z
M4,2563,saturated,M4,true,55.000,322.146,561.608,587.480,2561598.492,2562030.419,2562109.530,0,788913,64503808,22642688,49978,368145,2026-08-03T12:12:44.006002Z
M4,2564,saturated,M4,true,63.000,303.075,496.082,528.833,2562567.142,2563051.411,2563075.523,0,789145,64512000,22650880,49987,368268,2026-08-03T12:12:44.006002Z
M4,2565,saturated,M4,true,57.000,310.620,468.790,530.872,2563585.374,2564047.694,2564094.958,0,789287,64520192,22659072,49946,368391,2026-08-03T12:12:44.006002Z
M4,2566,saturated,M4,true,59.000,318.708,466.744,601.335,2564588.461,2564959.796,2565095.502,0,789437,64528384,22659072,49975,368511,2026-08-03T12:12:44.006002Z
M4,2567,saturated,M4,true,59.000,338.548,515.982,581.387,2565652.318,2566080.446,2566111.921,0,789685,64536576,22675456,49992,368627,2026-08-03T12:12:44.006002Z
M4,2568,saturated,M4,true,59.000,302.782,525.849,600.492,2566634.099,2567033.621,2567097.373,0,789817,64561152,22675456,49947,368747,2026-08-03T12:12:44.006002Z
M4,2569,saturated,M4,true,57.000,317.081,495.898,593.787,2567553.132,2568028.931,2568097.027,0,790009,64577536,22675456,49968,368861,2026-08-03T12:12:44.006002Z
M4,2570,saturated,M4,true,62.000,293.950,475.567,508.591,2568645.718,2569005.311,2569084.175,0,790233,64602112,22683648,49994,368992,2026-08-03T12:12:44.006002Z
M4,2571,saturated,M4,true,64.000,300.880,501.918,584.821,2569636.042,2570081.037,2570110.596,0,790367,64626688,22683648,49949,369114,2026-08-03T12:12:44.006002Z
M4,2572,saturated,M4,true,57.000,306.546,439.113,447.710,2570637.961,2571072.733,2571092.270,0,790563,64667648,22683648,49965,369234,2026-08-03T12:12:44.006002Z
M4,2573,saturated,M4,true,57.000,308.953,477.363,489.575,2571584.311,2572108.964,2572108.981,0,790762,64692224,22700032,49991,369360,2026-08-03T12:12:44.006002Z
M4,2574,saturated,M4,true,64.000,297.939,500.273,523.005,2572644.552,2573079.181,2573098.015,0,790913,64708608,22700032,49957,369491,2026-08-03T12:12:44.006002Z
M4,2575,saturated,M4,true,59.000,301.442,474.144,498.775,2573654.880,2574080.785,2574080.985,0,791101,64716800,22700032,49959,369608,2026-08-03T12:12:44.006002Z
M4,2576,saturated,M4,true,54.000,291.471,586.995,648.434,2574587.091,2575004.855,2575069.495,0,791214,64741376,22716416,49993,369726,2026-08-03T12:12:44.006002Z
M4,2577,saturated,M4,true,60.000,335.604,489.157,554.772,2575609.173,2576055.398,2576073.751,0,791433,64757760,22716416,49944,369842,2026-08-03T12:12:44.006002Z
M4,2578,saturated,M4,true,58.000,307.443,500.128,530.258,2576612.250,2576995.391,2577030.083,0,791526,64765952,22716416,49977,369957,2026-08-03T12:12:44.006002Z
M4,2579,saturated,M4,true,60.000,293.950,471.902,599.345,2577539.947,2578049.560,2578095.639,0,791803,64774144,22740992,49994,370078,2026-08-03T12:12:44.006002Z
M4,2580,saturated,M4,true,58.000,293.062,592.036,691.021,2578580.844,2579053.198,2579100.574,0,791955,64774144,22740992,49937,370198,2026-08-03T12:12:44.006002Z
M4,2581,saturated,M4,true,61.000,317.733,559.928,648.862,2579570.996,2580017.282,2580079.283,0,792063,64790528,22740992,49979,370318,2026-08-03T12:12:44.006002Z
M4,2582,saturated,M4,true,59.000,293.845,512.413,542.320,2580564.733,2581074.699,2581096.470,0,792341,64798720,22749184,49992,370449,2026-08-03T12:12:44.006002Z
M4,2583,saturated,M4,true,64.000,311.561,517.428,556.192,2581654.356,2582109.800,2582109.929,0,792489,64806912,22749184,49942,370570,2026-08-03T12:12:44.006002Z
M4,2584,saturated,M4,true,55.000,299.007,502.123,515.832,2582637.392,2583033.882,2583085.009,0,792615,64815104,22749184,49978,370687,2026-08-03T12:12:44.006002Z
M4,2585,saturated,M4,true,62.000,299.971,547.749,673.229,2583636.426,2584107.938,2584109.706,0,792838,64823296,22757376,49942,370807,2026-08-03T12:12:44.006002Z
M4,2586,saturated,M4,true,54.000,305.374,462.877,597.767,2584609.976,2585010.380,2585070.288,0,793080,64831488,22765568,49991,370924,2026-08-03T12:12:44.006002Z
M4,2587,saturated,M4,true,57.000,295.033,491.390,671.084,2585645.341,2586017.909,2586085.614,0,793244,64839680,22765568,49984,371043,2026-08-03T12:12:44.006002Z
M4,2588,saturated,M4,true,60.000,305.951,454.735,473.391,2586597.424,2586992.368,2587097.833,0,793363,64839680,22773760,49940,371159,2026-08-03T12:12:44.006002Z
M4,2589,saturated,M4,true,59.000,319.309,505.224,516.031,2587597.504,2588068.379,2588092.593,0,793600,64856064,22773760,50029,371279,2026-08-03T12:12:44.006002Z
M4,2590,saturated,M4,true,57.000,302.617,492.626,532.239,2588524.319,2589043.075,2589099.985,0,793732,64872448,22773760,49970,371404,2026-08-03T12:12:44.006002Z
M4,2591,saturated,M4,true,62.000,304.559,486.857,524.880,2589524.793,2590036.778,2590053.187,0,793884,64888832,22773760,49942,371518,2026-08-03T12:12:44.006002Z
M4,2592,saturated,M4,true,59.000,306.448,502.879,663.653,2590651.930,2591078.523,2591102.019,0,794135,64913408,22798336,50027,371640,2026-08-03T12:12:44.006002Z
M4,2593,saturated,M4,true,62.000,302.629,438.334,555.635,2591606.732,2592054.038,2592100.689,0,794272,64929792,22798336,49969,371759,2026-08-03T12:12:44.006002Z
M4,2594,saturated,M4,true,58.000,305.218,527.057,693.584,2592626.237,2593064.281,2593096.889,0,794418,64954368,22798336,49942,371881,2026-08-03T12:12:44.006002Z
M4,2595,saturated,M4,true,61.000,315.833,555.529,697.764,2593656.151,2594085.636,2594094.366,0,794629,64987136,22814720,50003,372000,2026-08-03T12:12:44.006002Z
M4,2596,saturated,M4,true,58.000,308.880,536.817,628.237,2594621.730,2595071.610,2595081.095,0,794822,64995328,22814720,49969,372116,2026-08-03T12:12:44.006002Z
M4,2597,saturated,M4,true,54.000,327.600,454.796,595.750,2595636.293,2596035.027,2596094.102,0,794929,65019904,22814720,49945,372228,2026-08-03T12:12:44.006002Z
M4,2598,saturated,M4,true,58.000,308.515,451.624,634.644,2596612.948,2597058.049,2597072.271,0,795199,65044480,22831104,49998,372360,2026-08-03T12:12:44.006002Z
M4,2599,saturated,M4,true,58.000,292.628,529.464,737.763,2597620.788,2598070.533,2598097.314,0,795351,65060864,22831104,49997,372482,2026-08-03T12:12:44.006002Z
M4,2600,saturated,M4,true,63.000,326.093,513.252,583.962,2598594.693,2599060.510,2599099.539,0,795498,65069056,22831104,49943,372591,2026-08-03T12:12:44.006002Z
M4,2601,saturated,M4,true,54.000,303.204,497.358,514.066,2599617.491,2600023.775,2600081.760,0,795642,65085440,22839296,50001,372714,2026-08-03T12:12:44.006002Z
M4,2602,saturated,M4,true,58.000,302.759,480.633,496.911,2600516.624,2601025.878,2601100.677,0,795911,65093632,22839296,49968,372837,2026-08-03T12:12:44.006002Z
M4,2603,saturated,M4,true,63.000,343.058,474.126,491.175,2601584.266,2602080.461,2602095.295,0,796010,65101824,22839296,49944,372948,2026-08-03T12:12:44.006002Z
M4,2604,saturated,M4,true,57.000,299.904,454.091,581.058,2602636.761,2603022.035,2603093.679,0,796220,65110016,22855680,49996,373073,2026-08-03T12:12:44.006002Z
M4,2605,saturated,M4,true,58.000,301.972,510.628,555.815,2603613.485,2604010.726,2604074.323,0,796401,65118208,22855680,49970,373195,2026-08-03T12:12:44.006002Z
M4,2606,saturated,M4,true,59.000,312.721,478.895,601.154,2604594.994,2605056.305,2605067.340,0,796536,65126400,22863872,49947,373319,2026-08-03T12:12:44.006002Z
M4,2607,saturated,M4,true,57.000,332.518,498.580,601.026,2605560.359,2606029.879,2606072.367,0,796796,65142784,22872064,49997,373427,2026-08-03T12:12:44.006002Z
M4,2608,saturated,M4,true,59.000,313.485,469.548,567.199,2606578.507,2606987.803,2607086.727,0,796926,65142784,22872064,49973,373546,2026-08-03T12:12:44.006002Z
M4,2609,saturated,M4,true,59.000,311.976,474.668,511.244,2607597.519,2608077.306,2608100.362,0,797060,65150976,22872064,49943,373671,2026-08-03T12:12:44.006002Z
M4,2610,saturated,M4,true,62.000,307.214,467.453,500.893,2608621.437,2609019.500,2609088.184,0,797267,65159168,22888448,49991,373791,2026-08-03T12:12:44.006002Z
M4,2611,saturated,M4,true,59.000,281.240,527.847,728.733,2609534.889,2610043.283,2610074.774,0,797470,65167360,22888448,49975,373920,2026-08-03T12:12:44.006002Z
M4,2612,saturated,M4,true,59.000,317.239,442.619,517.764,2610567.415,2611004.863,2611073.246,0,797604,65167360,22888448,49953,374037,2026-08-03T12:12:44.006002Z
M4,2613,saturated,M4,true,55.000,301.197,505.980,616.710,2611507.655,2611940.400,2611952.393,0,797794,65200128,22904832,49991,374159,2026-08-03T12:12:44.006002Z
M4,2614,saturated,M4,true,67.000,314.130,454.161,668.016,2612568.703,2613031.335,2613088.652,0,798010,65216512,22904832,50000,374278,2026-08-03T12:12:44.006002Z
M4,2615,saturated,M4,true,58.000,300.697,496.774,652.845,2613593.665,2614087.396,2614102.252,0,798141,65224704,22904832,49944,374400,2026-08-03T12:12:44.006002Z
M4,2616,saturated,M4,true,60.000,303.227,464.101,486.308,2614592.103,2615070.600,2615076.119,0,798413,65265664,22921216,49970,374522,2026-08-03T12:12:44.006002Z
M4,2617,saturated,M4,true,52.000,284.146,582.792,595.213,2615628.601,2616059.305,2616090.423,0,798553,65273856,22921216,50006,374633,2026-08-03T12:12:44.006002Z
M4,2618,saturated,M4,true,59.000,324.235,534.375,755.929,2616550.905,2617052.311,2617056.853,0,798675,65282048,22921216,49943,374749,2026-08-03T12:12:44.006002Z
M4,2619,saturated,M4,true,56.000,304.477,500.044,549.472,2617570.564,2617973.156,2618094.533,0,798864,65331200,22937600,49971,374873,2026-08-03T12:12:44.006002Z
M4,2620,saturated,M4,true,64.000,310.942,480.073,544.262,2618544.220,2619030.097,2619081.855,0,799071,65347584,22937600,49997,374993,2026-08-03T12:12:44.006002Z
M4,2621,saturated,M4,true,60.000,323.917,449.845,502.138,2619582.424,2620038.440,2620068.127,0,799204,65372160,22937600,49941,375115,2026-08-03T12:12:44.006002Z
M4,2622,saturated,M4,true,58.000,290.346,533.068,556.893,2620532.904,2621008.637,2621087.095,0,799393,65388544,22945792,49973,375234,2026-08-03T12:12:44.006002Z
M4,2623,saturated,M4,true,60.000,301.973,495.583,638.222,2621584.075,2622026.043,2622091.343,0,799600,65396736,22953984,49999,375359,2026-08-03T12:12:44.006002Z
M4,2624,saturated,M4,true,57.000,320.391,508.563,572.928,2622586.005,2623010.966,2623093.995,0,799725,65404928,22953984,49940,375473,2026-08-03T12:12:44.006002Z
M4,2625,saturated,M4,true,64.000,290.429,434.801,653.720,2623540.403,2624044.392,2624092.108,0,799955,65421312,22953984,49967,375609,2026-08-03T12:12:44.006002Z
M4,2626,saturated,M4,true,57.000,315.325,510.205,586.846,2624642.642,2625057.786,2625080.701,0,800164,65429504,22962176,50001,375723,2026-08-03T12:12:44.006002Z
M4,2627,saturated,M4,true,56.000,336.182,521.862,558.510,2625651.402,2626034.854,2626040.242,0,800284,65429504,22962176,49951,375834,2026-08-03T12:12:44.006002Z
M4,2628,saturated,M4,true,58.000,301.403,557.521,633.734,2626597.926,2627048.127,2627075.788,0,800526,65445888,22970368,49964,375952,2026-08-03T12:12:44.006002Z
M4,2629,saturated,M4,true,62.000,312.422,466.266,500.160,2627607.322,2628073.947,2628097.173,0,800669,65454080,22978560,49994,376070,2026-08-03T12:12:44.006002Z
M4,2630,saturated,M4,true,57.000,301.980,448.748,460.357,2628618.604,2629053.144,2629094.138,0,800795,65462272,22978560,49952,376194,2026-08-03T12:12:44.006002Z
M4,2631,saturated,M4,true,59.000,329.484,518.664,604.400,2629631.565,2630054.275,2630074.962,0,801010,65470464,22978560,49968,376310,2026-08-03T12:12:44.006002Z
M4,2632,saturated,M4,true,59.000,307.600,579.075,678.769,2630583.379,2631076.851,2631094.335,0,801122,65478656,22994944,49990,376435,2026-08-03T12:12:44.006002Z
M4,2633,saturated,M4,true,58.000,313.167,449.749,496.355,2631597.865,2632069.414,2632093.842,0,801312,65478656,23003136,49940,376557,2026-08-03T12:12:44.006002Z
M4,2634,saturated,M4,true,62.000,320.843,453.981,514.813,2632571.897,2633026.860,2633091.859,0,801481,65495040,23011328,49981,376677,2026-08-03T12:12:44.006002Z
M4,2635,saturated,M4,true,57.000,316.403,497.304,537.190,2633595.069,2634036.965,2634091.574,0,801722,65503232,23019520,49989,376800,2026-08-03T12:12:44.006002Z
M4,2636,saturated,M4,true,57.000,308.153,477.194,507.013,2634583.014,2635024.576,2635063.194,0,801851,65519616,23019520,49941,376915,2026-08-03T12:12:44.006002Z
M4,2637,saturated,M4,true,59.000,324.147,552.174,684.742,2635650.622,2636085.264,2636091.276,0,802082,65544192,23019520,49983,377030,2026-08-03T12:12:44.006002Z
M4,2638,saturated,M4,true,60.000,289.971,517.063,594.373,2636618.247,2637077.343,2637091.022,0,802248,65560576,23027712,49992,377148,2026-08-03T12:12:44.006002Z
M4,2639,saturated,M4,true,55.000,307.301,542.552,600.318,2637594.718,2638024.618,2638067.422,0,802369,65568768,23027712,49941,377271,2026-08-03T12:12:44.006002Z
M4,2640,saturated,M4,true,62.000,321.910,435.117,465.701,2638570.402,2639034.228,2639089.301,0,802599,65593344,23027712,49974,377390,2026-08-03T12:12:44.006002Z
M4,2641,saturated,M4,true,57.000,313.584,453.237,620.345,2639571.578,2640031.443,2640075.514,0,802803,65609728,23044096,49995,377514,2026-08-03T12:12:44.006002Z
M4,2642,saturated,M4,true,61.000,300.012,437.496,539.284,2640586.603,2641042.102,2641071.006,0,802508,65617920,23044096,49941,377637,2026-08-03T12:25:44.288051Z
M4,2643,saturated,M4,true,55.000,315.790,450.120,506.511,2641663.645,2642042.269,2642075.922,0,802779,65626112,23044096,49971,377752,2026-08-03T12:25:44.288051Z
M4,2644,saturated,M4,true,58.000,292.505,489.222,570.572,2642515.607,2643010.471,2643091.884,0,802883,65634304,23052288,50005,377866,2026-08-03T12:25:44.288051Z
M4,2645,saturated,M4,true,64.000,306.622,469.955,681.760,2643566.169,2644074.792,2644094.271,0,803037,65634304,23052288,49945,377992,2026-08-03T12:25:44.288051Z
M4,2646,saturated,M4,true,60.000,282.673,447.888,542.821,2644581.458,2645009.617,2645064.264,0,803295,65650688,23060480,49966,378119,2026-08-03T12:25:44.288051Z
M4,2647,saturated,M4,true,58.000,325.711,471.221,625.800,2645596.396,2646078.319,2646091.391,0,803450,65650688,23076864,50000,378232,2026-08-03T12:25:44.288051Z
M4,2648,saturated,M4,true,62.000,264.745,456.194,599.089,2646573.033,2646918.108,2647074.935,0,803608,65658880,23076864,49940,378370,2026-08-03T12:25:44.288051Z
M4,2649,saturated,M4,true,67.000,302.523,424.465,448.669,2647622.150,2648082.167,2648092.981,0,803870,65675264,23076864,49963,378491,2026-08-03T12:25:44.288051Z
M4,2650,saturated,M4,true,60.000,301.545,441.607,570.187,2648656.758,2649058.231,2649089.735,0,803990,65675264,23093248,50007,378616,2026-08-03T12:25:44.288051Z
M4,2651,saturated,M4,true,56.000,288.875,539.302,602.837,2649614.431,2649997.389,2650093.887,0,804151,65675264,23093248,49944,378736,2026-08-03T12:25:44.288051Z
M4,2652,saturated,M4,true,60.000,302.046,483.034,493.153,2650593.253,2651053.243,2651085.511,0,804402,65691648,23093248,49965,378853,2026-08-03T12:25:44.288051Z
M4,2653,saturated,M4,true,59.000,314.091,477.373,541.010,2651650.559,2652054.433,2652073.629,0,804503,65699840,23109632,50003,378968,2026-08-03T12:25:44.288051Z
M4,2654,saturated,M4,true,56.000,300.468,576.828,666.669,2652517.364,2653003.301,2653069.537,0,804666,65699840,23109632,49950,379090,2026-08-03T12:25:44.288051Z
M4,2655,saturated,M4,true,59.000,298.300,518.541,572.485,2653557.484,2654003.884,2654060.489,0,804924,65716224,23109632,49960,379210,2026-08-03T12:25:44.288051Z
M4,2656,saturated,M4,true,59.000,319.946,501.262,659.436,2654578.275,2655066.089,2655090.529,0,805045,65716224,23117824,50001,379327,2026-08-03T12:25:44.288051Z
M4,2657,saturated,M4,true,55.000,312.176,634.318,746.049,2655632.800,2656028.513,2656078.508,0,805199,65724416,23117824,49954,379441,2026-08-03T12:25:44.288051Z
M4,2658,saturated,M4,true,56.000,324.196,515.842,588.925,2656582.042,2656958.169,2657004.254,0,805381,65724416,23117824,49964,379559,2026-08-03T12:25:44.288051Z
M4,2659,saturated,M4,true,62.000,324.640,452.000,556.890,2657537.478,2658002.532,2658052.424,0,805510,65740800,23126016,49951,379684,2026-08-03T12:25:44.288051Z
M4,2660,saturated,M4,true,58.000,316.430,487.276,530.904,2658584.657,2659008.239,2659040.731,0,805741,65748992,23142400,49997,379802,2026-08-03T12:25:44.288051Z
M4,2661,saturated,M4,true,60.000,298.971,506.052,540.542,2659568.160,2659989.294,2660077.582,0,805901,65748992,23142400,49966,379923,2026-08-03T12:25:44.288051Z
M4,2662,saturated,M4,true,63.000,311.015,517.180,615.942,2660582.140,2661055.755,2661085.939,0,806081,65757184,23142400,49950,380051,2026-08-03T12:25:44.288051Z
M4,2663,saturated,M4,true,58.000,310.804,520.574,534.634,2661599.574,2662082.205,2662082.223,0,806314,65765376,23150592,49992,380162,2026-08-03T12:25:44.288051Z
M4,2664,saturated,M4,true,55.000,282.595,448.151,585.358,2662559.125,2663081.488,2663092.670,0,806459,65937408,23150592,49974,380283,2026-08-03T12:25:44.288051Z
M4,2665,saturated,M4,true,64.000,307.476,449.054,548.127,2663631.175,2664041.573,2664078.529,0,806672,65945600,23150592,49941,380411,2026-08-03T12:25:44.288051Z
M4,2666,saturated,M4,true,56.000,297.225,486.353,514.475,2664560.842,2665091.453,2665091.927,0,806858,65953792,23166976,50002,380521,2026-08-03T12:25:44.288051Z
M4,2667,saturated,M4,true,58.000,321.319,568.032,629.710,2665575.321,2666037.522,2666043.839,0,806986,65953792,23166976,49971,380644,2026-08-03T12:25:44.288051Z
M4,2668,saturated,M4,true,54.000,353.674,562.167,574.775,2666557.027,2667036.071,2667080.911,0,807108,65961984,23166976,50004,380754,2026-08-03T12:25:44.288051Z
M4,2669,saturated,M4,true,61.000,305.607,417.980,499.483,2667528.864,2668048.372,2668056.848,0,807296,65970176,23183360,49939,380882,2026-08-03T12:25:44.288051Z
M4,2670,saturated,M4,true,63.000,299.938,482.256,518.896,2668597.574,2669086.736,2669092.891,0,807576,65978368,23183360,49972,381004,2026-08-03T12:25:44.288051Z
M4,2671,saturated,M4,true,58.000,296.076,511.812,601.779,2669594.195,2670004.944,2670083.018,0,807639,65986560,23183360,49998,381067,2026-08-03T12:25:44.288051Z
M4,2672,saturated,M4,true,62.000,283.993,449.010,487.422,2670576.370,2671058.299,2671089.118,0,807845,65986560,23199744,49940,381249,2026-08-03T12:25:44.288051Z
M4,2673,saturated,M4,true,46.000,314.340,526.127,620.095,2671471.193,2671992.527,2672095.459,0,808007,65994752,23207936,49971,381310,2026-08-03T12:25:44.288051Z
M4,2674,saturated,M4,true,62.000,347.588,595.660,668.903,2672588.852,2673033.632,2673054.830,0,808238,66002944,23207936,50011,381467,2026-08-03T12:25:44.288051Z
M4,2675,saturated,M4,true,60.000,301.654,504.746,518.799,2673593.418,2674034.443,2674081.651,0,808390,66011136,23216128,49953,381588,2026-08-03T12:25:44.288051Z
M4,2676,saturated,M4,true,54.000,306.931,531.755,634.846,2674590.185,2674983.000,2675025.477,0,808448,66011136,23216128,49957,381649,2026-08-03T12:25:44.288051Z
M4,2677,saturated,M4,true,53.000,330.794,555.932,693.175,2675601.097,2676005.039,2676083.120,0,808637,66027520,23216128,50006,381759,2026-08-03T12:25:44.288051Z
M4,2678,saturated,M4,true,61.000,283.332,498.232,740.828,2676608.157,2677015.353,2677085.158,0,808761,66027520,23216128,49964,381867,2026-08-03T12:25:44.288051Z
M4,2679,saturated,M4,true,62.000,270.402,468.020,562.414,2677586.983,2678077.630,2678090.808,0,808939,66027520,23232512,49941,381992,2026-08-03T12:25:44.288051Z
M4,2680,saturated,M4,true,62.000,297.613,431.229,606.695,2678618.680,2679036.448,2679085.382,0,809170,66043904,23232512,50002,382116,2026-08-03T12:25:44.288051Z
M4,2681,saturated,M4,true,59.000,305.582,427.849,555.811,2679673.280,2680070.218,2680070.456,0,809399,66052096,23232512,49968,382238,2026-08-03T12:25:44.288051Z
M4,2682,saturated,M4,true,59.000,308.582,458.376,511.304,2680632.415,2681058.956,2681076.737,0,809518,66052096,23240704,49947,382362,2026-08-03T12:25:44.288051Z
M4,2683,saturated,M4,true,56.000,307.417,473.848,479.774,2681605.080,2682053.594,2682088.926,0,809709,66068480,23240704,49997,382477,2026-08-03T12:25:44.288051Z
M4,2684,saturated,M4,true,60.000,304.025,445.519,686.233,2682528.038,2683041.458,2683075.390,0,809836,66068480,23240704,49964,382604,2026-08-03T12:25:44.288051Z
M4,2685,saturated,M4,true,58.000,301.723,457.510,468.799,2683598.102,2684043.381,2684087.142,0,810033,66076672,23257088,49950,382721,2026-08-03T12:25:44.288051Z
M4,2686,saturated,M4,true,63.000,297.150,511.176,546.268,2684562.938,2684992.603,2685071.208,0,810227,66101248,23265280,49994,382843,2026-08-03T12:25:44.288051Z
M4,2687,saturated,M4,true,53.000,342.035,638.071,678.306,2685590.542,2686020.316,2686079.895,0,810449,66150400,23265280,49976,382966,2026-08-03T12:25:44.288051Z
M4,2688,saturated,M4,true,57.000,305.295,488.024,509.350,2686567.208,2686987.782,2687062.279,0,810592,66207744,23281664,49945,383080,2026-08-03T12:25:44.288051Z
M4,2689,saturated,M4,true,62.000,313.388,490.781,514.911,2687618.164,2688003.102,2688032.126,0,810822,66265088,23281664,49992,383197,2026-08-03T12:25:44.288051Z
M4,2690,saturated,M4,true,52.000,290.210,468.580,474.715,2688578.843,2689062.979,2689069.391,0,810950,66273280,23281664,49977,383321,2026-08-03T12:25:44.288051Z
M4,2691,saturated,M4,true,69.000,287.077,471.247,504.046,2689590.470,2690055.616,2690068.101,0,811109,66281472,23289856,49942,383449,2026-08-03T12:25:44.288051Z
M4,2692,saturated,M4,true,52.000,334.178,514.266,826.164,2690702.667,2691079.832,2691088.810,0,811265,66289664,23298048,49968,383562,2026-08-03T12:25:44.288051Z
M4,2693,saturated,M4,true,62.000,302.990,428.292,442.229,2691517.318,2691970.228,2692057.642,0,811436,66297856,23298048,50004,383684,2026-08-03T12:25:44.288051Z
M4,2694,saturated,M4,true,58.000,304.835,473.668,560.138,2692581.057,2693065.638,2693086.917,0,811557,66297856,23306240,49972,383797,2026-08-03T12:25:44.288051Z
M4,2695,saturated,M4,true,59.000,330.148,518.143,585.691,2693620.354,2694036.068,2694069.382,0,811782,66306048,23306240,49977,383915,2026-08-03T12:25:44.288051Z
M4,2696,saturated,M4,true,57.000,286.599,457.338,487.869,2694612.133,2695016.541,2695068.564,0,812019,66322432,23306240,49993,384035,2026-08-03T12:25:44.288051Z
M4,2697,saturated,M4,true,53.000,349.048,635.048,711.635,2695749.584,2696054.006,2696085.464,0,812160,66322432,23306240,49952,384137,2026-08-03T12:25:44.288051Z
M4,2698,saturated,M4,true,53.000,312.109,493.052,516.971,2696624.438,2697036.200,2697072.062,0,812281,66330624,23322624,49975,384257,2026-08-03T12:25:44.288051Z
M4,2699,saturated,M4,true,64.000,318.991,483.319,520.300,2697526.929,2698030.915,2698048.426,0,812542,66338816,23330816,49987,384380,2026-08-03T12:25:44.288051Z
