run_id,t_seconds,config,mitigation,antagonist_active,throughput,claim_p50,claim_p95,claim_p99,e2e_p50,e2e_p95,e2e_p99,n_dead_tup,n_live_tup,table_bytes,index_bytes,queue_depth,oldest_backend_xmin_age,last_autovacuum
R1,0,saturated,,false,0.000,0.000,0.000,0.000,0.000,0.000,0.000,0,0,0,0,0,0,
R1,1,saturated,,false,974.000,2.780,16.442,29.656,539.462,870.846,901.528,72,0,2072576,598016,34077,1,
R1,2,saturated,,false,1214.000,1.561,6.129,15.481,1436.156,1798.406,1840.887,2007,30975,6217728,1810432,49900,49,
R1,3,saturated,,false,1400.000,1.412,2.916,4.237,2316.390,2763.821,2804.847,4583,51414,6512640,1900544,49900,27,
R1,4,saturated,,false,1319.000,1.508,6.359,9.015,3249.326,3678.590,3707.410,7381,52808,6750208,1998848,49920,0,
R1,5,saturated,,false,1431.000,1.320,3.482,7.585,4190.965,4623.693,4664.155,10066,54426,7028736,2105344,49911,20,
R1,6,saturated,,false,1240.000,1.698,4.166,6.526,5159.911,5572.658,5622.449,12895,55802,7290880,2211840,49959,18,
R1,7,saturated,,false,1320.000,1.397,3.002,33.812,6179.955,6589.753,6633.350,15338,56893,7528448,2293760,49900,0,
R1,8,saturated,,false,1351.000,1.517,4.088,7.175,7098.570,7550.817,7580.277,18117,58373,7823360,2408448,49920,0,
R1,9,saturated,,false,1258.000,1.562,5.014,23.821,8074.968,8488.914,8552.041,20790,60031,8060928,2506752,49950,0,
R1,10,saturated,,false,1042.000,2.375,14.909,28.657,9009.939,9492.934,9535.374,23275,61732,8273920,2580480,49718,32,
R1,11,saturated,,false,1401.000,1.438,3.120,4.401,10001.176,10442.114,10485.837,25421,63190,8511488,2670592,49925,0,
R1,12,saturated,,false,1365.000,1.581,3.911,6.272,10985.174,11412.094,11459.765,28234,64406,8765440,2777088,49940,0,
R1,13,saturated,,false,1420.000,1.404,3.896,6.165,11898.830,12351.281,12395.364,31005,65786,9035776,2875392,49938,0,
R1,14,saturated,,false,1390.000,1.670,3.252,4.524,12868.135,13308.338,13349.134,33831,67375,9314304,2973696,49920,0,
R1,15,saturated,,false,1382.000,1.556,2.615,4.375,13808.836,14271.621,14313.144,36672,68320,9560064,3080192,49940,20,
R1,16,saturated,,false,1400.000,1.684,2.856,3.676,14809.702,15248.585,15291.728,39436,69467,9838592,3186688,49940,13,
R1,17,saturated,,false,1420.000,1.484,2.712,3.600,15768.071,16217.161,16256.130,42237,71122,10092544,3293184,49940,0,
R1,18,saturated,,false,1380.000,1.607,2.419,3.060,16759.443,17195.356,17236.695,45096,72287,10338304,3391488,49940,20,
R1,19,saturated,,false,1420.000,1.507,2.693,3.626,17727.314,18169.941,18213.070,47874,73667,10575872,3489792,49940,3,
R1,20,saturated,,false,1282.000,1.336,4.598,37.708,18780.806,19148.927,19187.909,50637,75087,10829824,3588096,49960,21,
R1,21,saturated,,false,1400.000,1.509,2.419,3.107,19686.774,20132.766,20174.886,53313,76389,11083776,3694592,49960,0,
R1,22,saturated,,false,1400.000,1.564,2.844,3.438,20652.686,21111.237,21130.136,56156,77789,11337728,3792896,49960,0,
R1,23,saturated,,false,1400.000,1.432,3.405,4.759,21618.932,22029.725,22074.076,58964,79189,11616256,3907584,49979,8,
R1,24,saturated,,false,1360.000,1.714,2.620,3.016,22572.742,23004.175,23049.693,61774,80609,11829248,3997696,49811,0,
R1,25,saturated,,false,1380.000,1.558,2.501,3.025,23544.696,23983.689,24026.821,64499,82224,12099584,4104192,49548,0,
R1,26,saturated,,false,1340.000,1.711,2.439,2.842,24519.577,24952.461,24997.444,67266,83349,12328960,4202496,49575,20,
R1,27,saturated,,false,1400.000,1.524,2.462,4.172,25468.658,25905.798,25946.787,69976,84689,12591104,4308992,49771,44,
R1,28,saturated,,false,1380.000,1.653,2.607,3.838,26441.367,26864.790,26907.921,72778,86089,12886016,4399104,49791,40,
R1,29,saturated,,false,1360.000,1.569,2.502,3.088,27348.851,27777.045,27823.849,75569,87724,13099008,4505600,49565,40,
R1,30,saturated,,false,1110.000,1.856,14.055,23.234,28398.788,28697.488,28729.538,78114,89089,13320192,4595712,49309,0,
R1,31,saturated,,false,1384.000,1.283,6.594,9.243,29228.325,29655.141,29713.005,80525,89948,13557760,4694016,49309,0,
R1,32,saturated,,false,1376.000,1.340,3.094,7.602,30202.906,30631.802,30675.680,83292,91578,13844480,4792320,49300,0,
R1,33,saturated,,false,1401.000,1.571,3.243,4.012,31178.760,31626.712,31661.511,86099,92973,14098432,4898816,49280,40,
R1,34,saturated,,false,1410.000,1.468,3.099,4.067,32161.715,32597.259,32637.693,88926,94120,14376960,4997120,49294,14,
R1,35,saturated,,false,1370.000,1.663,2.512,3.151,33132.821,33572.718,33612.899,91612,95537,14639104,5103616,49320,40,
R1,36,saturated,,false,1342.000,1.625,2.728,3.244,34108.404,34538.748,34589.567,94337,96900,14893056,5210112,49338,0,
R1,37,saturated,,false,1336.000,1.749,3.669,9.266,35099.829,35532.453,35578.480,97030,98251,15155200,5300224,49339,0,
R1,38,saturated,,false,1344.000,1.599,2.582,6.920,36055.120,36493.922,36542.468,99764,99582,15417344,5414912,49360,0,
R1,39,saturated,,false,1302.000,1.668,3.391,20.239,36719.261,36940.885,36963.502,102363,100942,15671296,5521408,49360,3,
R1,40,saturated,,false,1121.000,1.573,14.249,48.432,36892.015,37132.388,37169.706,104868,102244,15900672,5603328,49359,17,
R1,41,saturated,,false,1320.000,1.781,2.689,3.440,36935.855,37161.543,37175.715,107365,103365,16154624,5718016,49376,0,
R1,42,saturated,,false,1360.000,1.548,2.573,3.201,36967.161,37187.471,37215.041,110013,104685,16441344,5808128,49340,0,
R1,43,saturated,,false,1342.000,1.853,3.098,9.549,36947.671,37199.892,37241.616,112764,106065,16687104,5906432,49364,0,
R1,44,saturated,,false,1380.000,1.560,2.806,3.762,36909.246,37090.828,37112.757,115517,107407,16932864,6021120,49360,0,
R1,45,saturated,,false,1280.000,1.762,2.931,16.744,36897.712,37119.307,37161.166,118177,108787,17211392,6111232,49400,15,
R1,46,saturated,,false,1340.000,1.766,3.124,3.858,36906.511,37140.410,37174.287,120803,110068,17465344,6217728,49361,0,
R1,47,saturated,,false,1437.000,1.487,2.910,4.012,36717.774,37041.900,37084.685,123548,111427,17735680,6324224,49307,1,
R1,48,saturated,,false,1344.000,1.620,2.635,2.932,36587.498,36800.061,36815.933,126453,112866,17981440,6455296,49418,7,
R1,49,saturated,,false,1400.000,1.665,2.707,36.761,36616.803,36832.239,36854.787,129155,114463,18227200,6553600,49360,0,
R1,50,saturated,,false,1161.000,1.653,12.066,33.931,36784.607,37019.386,37034.882,131605,116062,18440192,6635520,49353,8,
R1,51,saturated,,false,1344.000,1.830,3.455,5.123,36794.609,37021.863,37037.452,134251,117280,18710528,6733824,49378,19,
R1,52,saturated,,false,1423.000,1.532,2.628,3.144,36836.627,37051.778,37092.386,136970,118809,18997248,6832128,49333,18,
R1,53,saturated,,false,1334.000,1.746,2.743,3.656,36802.069,37030.377,37067.282,139800,118809,19234816,6938624,49379,0,
R1,54,saturated,,false,1360.000,1.696,2.932,3.544,36850.221,37076.529,37113.995,142519,120189,19513344,7045120,49381,0,
R1,55,saturated,,false,1340.000,1.781,2.585,3.013,36879.725,37104.575,37128.980,145109,121550,19783680,7151616,49400,22,
R1,56,saturated,,false,1346.000,1.750,2.708,3.160,36929.204,37149.346,37189.973,147926,122910,20013056,7249920,49387,25,
R1,57,saturated,,false,1374.000,1.761,2.755,3.381,36902.930,37148.155,37190.157,150536,124237,20291584,7356416,49380,0,
R1,58,saturated,,false,1322.000,1.760,3.194,4.045,36911.484,37136.759,37169.711,153278,125610,20529152,7454720,49435,0,
R1,59,saturated,,false,1402.000,1.628,2.809,3.473,36951.642,37157.468,37181.396,156012,126987,20824064,7561216,49400,1,
R1,60,saturated,,false,1256.000,1.403,9.526,19.731,37026.926,37246.853,37287.872,158536,128354,21037056,7651328,49380,12,
R1,61,saturated,,false,1320.000,1.897,3.731,5.291,37076.632,37303.242,37322.479,161259,129590,21307392,7766016,49420,20,
R1,62,saturated,,false,1380.000,1.546,2.609,3.934,37087.610,37302.017,37318.206,163989,131205,21594112,7872512,49400,13,
R1,63,saturated,,false,1383.000,1.647,2.407,3.107,37078.816,37297.026,37312.287,166775,132565,21848064,7970816,49420,0,
R1,64,saturated,,false,1300.000,1.822,2.894,3.496,37090.600,37306.181,37339.223,169446,133968,22110208,8069120,49420,13,
R1,65,saturated,,false,1340.000,1.602,4.405,7.569,37147.138,37348.107,37376.578,171984,135013,22388736,8175616,49420,12,
R1,66,saturated,,false,1228.000,2.057,6.840,8.720,37256.397,37475.549,37492.289,174523,136608,22568960,8257536,49440,11,
R1,67,saturated,,false,1367.000,1.729,3.017,3.797,37156.570,37447.953,37499.310,177206,138281,22863872,8372224,49440,8,
R1,68,saturated,,false,1323.000,1.842,3.291,5.949,37094.473,37296.840,37330.131,180023,139628,23126016,8470528,49437,19,
R1,69,saturated,,false,1360.000,1.806,2.805,3.318,37096.566,37318.409,37350.194,182598,140971,23379968,8568832,49440,20,
R1,70,saturated,,false,1131.000,1.439,9.754,31.377,37269.961,37529.683,37560.053,184914,142311,23592960,8658944,49409,0,
R1,71,saturated,,false,1380.000,1.711,3.012,3.575,37315.925,37542.576,37572.954,187593,143452,23855104,8765440,49429,0,
R1,72,saturated,,false,1333.000,1.659,4.621,7.578,37355.419,37578.589,37608.915,190331,144802,24117248,8863744,49440,0,
R1,73,saturated,,false,1380.000,1.518,3.673,4.529,37358.301,37589.332,37604.154,193082,146430,24346624,8970240,49420,1,
R1,74,saturated,,false,1369.000,1.704,2.987,11.702,37327.778,37558.236,37589.731,195901,147816,24633344,9084928,49479,0,
R1,75,saturated,,false,1339.000,1.702,2.701,7.086,37303.445,37529.458,37547.850,198634,148943,24911872,9183232,49480,20,
R1,76,saturated,,false,1440.000,1.625,2.650,6.048,37305.431,37537.461,37579.435,201391,150283,25141248,9289728,49422,0,
R1,77,saturated,,false,1340.000,1.727,3.201,4.294,37152.231,37436.716,37481.473,204197,151978,25411584,9388032,49480,13,
R1,78,saturated,,false,1300.000,2.064,3.346,3.960,37086.847,37308.621,37341.515,206843,153298,25698304,9486336,49495,7,
R1,79,saturated,,false,1361.000,1.653,2.506,2.961,37082.908,37296.603,37316.243,209481,154343,25944064,9601024,49439,20,
R1,80,saturated,,false,1198.000,1.492,3.163,92.577,37204.006,37439.487,37467.419,211929,155724,26173440,9699328,49455,0,
R1,81,saturated,,false,1341.000,1.775,2.717,3.293,37199.630,37431.719,37455.767,214617,156904,26419200,9805824,49480,18,
R1,82,saturated,,false,1301.000,1.911,3.107,4.316,37207.432,37438.987,37455.511,217326,158258,26681344,9904128,49500,0,
R1,83,saturated,,false,1360.000,1.861,3.089,3.891,37194.455,37429.030,37457.070,219930,159819,26935296,9994240,49440,13,
R1,84,saturated,,false,1413.000,1.558,2.693,3.830,37153.188,37372.607,37397.900,222769,160925,27213824,10108928,49460,20,
R1,85,saturated,,false,1425.000,1.639,2.822,3.350,37170.467,37390.384,37414.159,225617,162357,27475968,10223616,49455,0,
R1,86,saturated,,false,1385.000,1.669,2.848,12.278,37149.472,37370.808,37387.781,228125,163763,27721728,10321920,49436,19,
R1,87,saturated,,false,1186.000,2.199,6.238,21.755,37138.605,37410.608,37443.929,230790,165168,27967488,10420224,49575,20,
R1,88,saturated,,false,1321.000,1.815,3.034,3.973,37131.171,37353.638,37376.642,233337,166353,28205056,10510336,49520,25,
R1,89,saturated,,false,1380.000,1.636,2.936,3.869,37150.343,37378.437,37397.743,236001,167674,28475392,10616832,49480,20,
R1,90,saturated,,false,1201.000,1.720,9.039,18.556,37271.057,37510.780,37556.084,238501,169054,28680192,10698752,49480,20,
R1,91,saturated,,false,1382.000,1.695,2.410,2.699,37267.148,37492.005,37521.382,241178,170275,28983296,10813440,49500,0,
R1,92,saturated,,false,1304.000,1.699,2.543,19.273,37245.434,37493.504,37508.531,243911,171637,29188096,10928128,49556,0,
R1,93,saturated,,false,1320.000,1.776,2.888,3.850,37300.451,37522.599,37543.542,246569,172961,29458432,11026432,49540,21,
R1,94,saturated,,false,1340.000,1.673,2.868,4.946,37318.176,37552.138,37574.273,249179,174241,29728768,11116544,49500,1,
R1,95,saturated,,false,1340.000,1.821,2.681,3.078,37322.102,37551.151,37575.081,251886,175621,29958144,11231232,49520,0,
R1,96,saturated,,false,1270.000,1.585,7.400,12.931,37343.776,37605.104,37641.767,254523,176981,30220288,11321344,49526,0,
R1,97,saturated,,false,1420.000,1.766,3.098,3.785,37387.750,37613.654,37637.863,257074,178250,30457856,11436032,49500,0,
R1,98,saturated,,false,1424.000,1.519,2.998,4.685,37258.562,37481.080,37506.845,259955,179697,30736384,11542528,49520,0,
R1,99,saturated,,false,1420.000,1.605,2.956,3.493,37199.355,37427.604,37467.910,262806,181370,30982144,11649024,49500,0,
R1,100,saturated,,false,829.000,1.750,22.434,35.058,37322.184,37526.610,37585.283,265349,182535,31186944,11730944,49879,2,
R1,101,saturated,,false,1141.000,1.603,6.660,26.971,37769.405,37975.254,38002.981,1439,184462,31326208,11796480,49520,14,2026-08-01T17:44:29.278369Z
R1,102,saturated,,false,1421.000,1.393,3.125,5.435,37713.970,37951.305,37986.749,3706,184462,31326208,11902976,49480,0,2026-08-01T17:44:29.278369Z
R1,103,saturated,,false,1380.000,1.570,2.555,3.470,37629.382,37850.335,37891.927,6532,185843,31326208,12009472,49500,0,2026-08-01T17:44:29.278369Z
R1,104,saturated,,false,1343.000,1.735,3.244,4.808,37575.255,37798.600,37821.832,9289,187243,31326208,12107776,49525,14,2026-08-01T17:44:29.278369Z
R1,105,saturated,,false,1063.000,1.945,12.662,30.213,37592.001,37866.293,37908.799,11952,188603,31326208,12197888,49794,19,2026-08-01T17:44:29.278369Z
R1,106,saturated,,false,1245.000,1.659,5.624,7.490,37818.704,38050.536,38074.192,14110,189926,31326208,12279808,49540,7,2026-08-01T17:44:29.278369Z
R1,107,saturated,,false,1320.000,1.803,4.066,5.694,37866.759,38101.240,38116.299,16646,190934,31326208,12386304,49560,9,2026-08-01T17:44:29.278369Z
R1,108,saturated,,false,1340.000,1.687,3.401,4.715,37768.498,38053.206,38099.312,19314,192274,31326208,12492800,49560,3,2026-08-01T17:44:29.278369Z
R1,109,saturated,,false,1360.000,1.726,2.625,3.522,37709.364,37943.738,37964.682,21864,193614,31326208,12591104,49548,0,2026-08-01T17:44:29.278369Z
R1,110,saturated,,false,1078.000,1.793,18.986,31.148,37847.367,38103.053,38132.284,24357,194954,31326208,12681216,49580,2,2026-08-01T17:44:29.278369Z
R1,111,saturated,,false,1341.000,1.619,2.965,4.526,37916.047,38135.096,38152.946,26800,196327,31326208,12787712,49579,0,2026-08-01T17:44:29.278369Z
R1,112,saturated,,false,1384.000,1.653,2.429,3.452,37941.782,38163.596,38198.253,29524,197923,31326208,12886016,49560,20,2026-08-01T17:44:29.278369Z
R1,113,saturated,,false,1253.000,1.656,6.209,13.159,37965.697,38167.294,38181.179,32253,199457,31326208,12984320,49669,0,2026-08-01T17:44:29.278369Z
R1,114,saturated,,false,1251.000,1.423,7.803,13.046,38085.098,38311.262,38353.659,34715,200648,31326208,13082624,49619,0,2026-08-01T17:44:29.278369Z
R1,115,saturated,,false,1400.000,1.591,2.364,2.957,38118.925,38337.433,38361.432,37153,202001,31326208,13189120,49560,5,2026-08-01T17:44:29.278369Z
R1,116,saturated,,false,1385.000,1.543,3.304,6.274,38067.223,38288.603,38315.566,39943,203361,31326208,13295616,49580,0,2026-08-01T17:44:29.278369Z
R1,117,saturated,,false,1400.000,1.633,2.480,3.029,38016.765,38235.134,38253.703,42721,204767,31326208,13393920,49545,20,2026-08-01T17:44:29.278369Z
R1,118,saturated,,false,1324.000,1.522,4.987,14.892,37941.436,38209.716,38238.577,45505,206170,31326208,13500416,49639,0,2026-08-01T17:44:29.278369Z
R1,119,saturated,,false,1339.000,1.751,3.473,4.226,37922.919,38133.089,38157.948,48034,207470,31326208,13598720,49582,0,2026-08-01T17:44:29.278369Z
R1,120,saturated,,false,1167.000,1.277,6.537,8.693,38017.062,38307.386,38339.759,50583,208150,31326208,13688832,49577,24,2026-08-01T17:44:29.278369Z
R1,121,saturated,,false,1379.000,1.656,2.993,7.804,37972.647,38190.284,38217.358,53286,210033,31326208,13795328,49620,12,2026-08-01T17:44:29.278369Z
R1,122,saturated,,false,1446.000,1.361,2.549,3.411,37963.466,38180.946,38196.326,55960,211421,31326208,13910016,49580,20,2026-08-01T17:44:29.278369Z
R1,123,saturated,,false,1301.000,1.626,2.750,28.941,37993.727,38251.740,38286.172,58526,212841,31326208,14016512,49699,19,2026-08-01T17:44:29.278369Z
R1,124,saturated,,false,1360.000,1.643,2.388,2.870,38055.118,38269.840,38292.352,61417,214142,31326208,14106624,49620,20,2026-08-01T17:44:29.278369Z
R1,125,saturated,,false,1132.000,1.816,10.769,26.469,38067.028,38328.695,38350.236,64131,215502,31326208,14213120,49830,20,2026-08-01T17:44:29.278369Z
R1,126,saturated,,false,1329.000,1.624,5.556,8.357,38172.563,38383.908,38422.044,66239,216621,31326208,14303232,49606,15,2026-08-01T17:44:29.278369Z
R1,127,saturated,,false,1120.000,1.483,6.792,23.573,38165.093,38340.042,38377.919,68871,217983,31326208,14376960,49629,0,2026-08-01T17:44:29.278369Z
R1,128,saturated,,false,1130.000,2.037,8.712,32.636,38349.119,38534.903,38564.136,71226,219103,31645696,14475264,49794,12,2026-08-01T17:44:29.278369Z
R1,129,saturated,,false,1285.000,1.698,6.113,11.170,38405.641,38632.782,38654.720,73412,220687,31809536,14573568,49640,20,2026-08-01T17:44:29.278369Z
R1,130,saturated,,false,1176.000,2.057,10.695,17.548,38488.277,38740.940,38789.182,75932,222013,32079872,14663680,49695,1,2026-08-01T17:44:29.278369Z
R1,131,saturated,,false,1433.000,1.313,3.562,6.240,38507.886,38749.685,38778.695,78423,222013,32292864,14770176,49625,16,2026-08-01T17:44:29.278369Z
R1,132,saturated,,false,1102.000,1.694,6.021,30.419,38665.417,38846.655,38874.351,81027,223452,32546816,14860288,49656,11,2026-08-01T17:44:29.278369Z
R1,133,saturated,,false,1219.000,1.715,9.579,15.945,38658.052,38851.741,38888.622,83140,224585,32800768,14958592,49655,20,2026-08-01T17:44:29.278369Z
R1,134,saturated,,false,1382.000,1.465,3.303,4.099,38692.038,38920.758,38936.346,85664,225803,33038336,15056896,49640,10,2026-08-01T17:44:29.278369Z
R1,135,saturated,,false,1318.000,1.468,6.438,18.562,38685.536,38895.486,38935.613,88398,227170,33308672,15155200,49640,0,2026-08-01T17:44:29.278369Z
R1,136,saturated,,false,1262.000,1.680,3.470,9.049,38649.615,38890.308,38919.835,91062,228488,33529856,15261696,49740,12,2026-08-01T17:44:29.278369Z
R1,137,saturated,,false,1023.000,2.187,7.530,21.536,38876.031,39130.706,39207.096,93628,229850,33792000,15343616,49895,22,2026-08-01T17:44:29.278369Z
R1,138,saturated,,false,1188.000,1.771,8.617,54.696,39107.025,39326.492,39364.843,95687,231265,33972224,15425536,49766,0,2026-08-01T17:44:29.278369Z
R1,139,saturated,,false,1307.000,1.583,3.663,15.754,39223.786,39462.065,39477.007,98095,232332,34234368,15523840,49720,20,2026-08-01T17:44:29.278369Z
R1,140,saturated,,false,436.000,3.741,67.567,117.572,39373.178,39486.649,39503.780,100371,233348,34349056,15572992,49938,16,2026-08-01T17:44:29.278369Z
R1,141,saturated,,false,164.000,28.537,120.162,171.850,39872.496,40318.747,40318.793,101178,234001,34365440,15581184,49894,29,2026-08-01T17:44:29.278369Z
R1,142,saturated,,false,524.000,4.123,62.878,124.875,40643.329,40844.372,40864.271,101552,234288,34480128,15605760,49876,19,2026-08-01T17:44:29.278369Z
R1,143,saturated,,false,962.000,3.218,16.262,42.943,41129.433,41334.806,41361.839,102725,234288,34652160,15679488,49700,0,2026-08-01T17:44:29.278369Z
R1,144,saturated,,false,1345.000,1.584,2.696,6.597,41235.235,41455.081,41489.603,104835,235414,34930688,15777792,49700,16,2026-08-01T17:44:29.278369Z
R1,145,saturated,,false,1322.000,1.594,3.216,7.021,41230.933,41452.782,41497.850,107579,236759,35233792,15884288,49740,15,2026-08-01T17:44:29.278369Z
R1,146,saturated,,false,1282.000,1.814,4.364,19.217,41238.465,41503.007,41554.029,110230,238121,35471360,15982592,49671,1,2026-08-01T17:44:29.278369Z
R1,147,saturated,,false,1341.000,1.751,2.998,13.432,41172.732,41363.660,41405.101,112826,239334,35758080,16089088,49701,0,2026-08-01T17:44:29.278369Z
R1,148,saturated,,false,1340.000,1.875,2.853,3.896,41032.982,41246.410,41271.312,115500,240705,36085760,16195584,49720,0,2026-08-01T17:44:29.278369Z
R1,149,saturated,,false,1300.000,1.941,3.059,3.579,41051.982,41274.319,41296.287,118189,242064,36388864,16293888,49725,0,2026-08-01T17:44:29.278369Z
R1,150,saturated,,false,1151.000,1.852,8.604,25.039,41150.884,41405.500,41440.708,120701,243369,36642816,16375808,49701,0,2026-08-01T17:44:29.278369Z
R1,151,saturated,,false,1320.000,1.620,2.595,8.871,41190.580,41427.748,41449.051,123115,245175,36921344,16474112,49740,20,2026-08-01T17:44:29.278369Z
R1,152,saturated,,false,1360.000,1.720,2.924,3.250,41042.272,41256.989,41283.667,125790,246495,37216256,16588800,49700,0,2026-08-01T17:44:29.278369Z
R1,153,saturated,,false,1045.000,1.892,9.006,29.568,41054.360,41364.299,41394.336,128453,247835,37453824,16678912,49841,0,2026-08-01T17:44:29.278369Z
R1,154,saturated,,false,1029.000,1.982,10.407,51.007,41511.174,41714.581,41742.313,130350,248960,37675008,16736256,49760,20,2026-08-01T17:44:29.278369Z
R1,155,saturated,,false,1146.000,1.744,6.049,30.469,41527.552,41746.952,41770.325,132765,250244,37904384,16826368,49779,0,2026-08-01T17:44:29.278369Z
R1,156,saturated,,false,1282.000,1.683,3.351,7.146,41530.326,41757.723,41781.870,135108,250244,38182912,16941056,49840,20,2026-08-01T17:44:29.278369Z
R1,157,saturated,,false,1300.000,1.582,5.429,11.792,41596.258,41810.649,41826.889,137647,251817,38461440,17039360,49760,0,2026-08-01T17:44:29.278369Z
R1,158,saturated,,false,1240.000,1.782,2.986,21.580,41633.632,41869.982,41898.606,140272,253037,38723584,17137664,49860,0,2026-08-01T17:44:29.278369Z
R1,159,saturated,,false,1360.000,1.558,2.358,3.199,41728.721,41959.548,41975.100,142795,254377,39002112,17235968,49780,0,2026-08-01T17:44:29.278369Z
R1,160,saturated,,false,1158.000,1.620,14.798,22.024,41863.087,42126.291,42165.751,145361,255657,39231488,17317888,49760,72,2026-08-01T17:44:29.278369Z
R1,161,saturated,,false,1292.000,1.442,6.830,19.959,41901.999,42124.797,42139.787,1312,256051,39264256,17416192,49819,19,2026-08-01T17:45:29.217808Z
R1,162,saturated,,false,1363.000,1.633,3.599,4.590,41768.366,41975.461,42024.017,3973,257375,39264256,17481728,49780,20,2026-08-01T17:45:29.217808Z
R1,163,saturated,,false,1380.000,1.574,3.120,3.799,41805.878,42020.102,42046.588,6708,258566,39264256,17539072,49780,0,2026-08-01T17:45:29.217808Z
R1,164,saturated,,false,1360.000,1.687,2.755,4.002,41827.980,42043.268,42066.929,9471,259946,39264256,17604608,49800,26,2026-08-01T17:45:29.217808Z
R1,165,saturated,,false,1420.000,1.384,2.301,5.861,41836.812,42062.588,42080.248,12233,261326,39264256,17670144,49762,0,2026-08-01T17:45:29.217808Z
R1,166,saturated,,false,1420.000,1.527,2.262,2.765,41736.496,41960.226,41976.508,15116,262708,39264256,17735680,49780,0,2026-08-01T17:45:29.217808Z
R1,167,saturated,,false,1346.000,1.334,3.016,13.505,41713.871,41960.300,41975.337,17871,264146,39264256,17801216,49800,0,2026-08-01T17:45:29.217808Z
R1,168,saturated,,false,1376.000,1.631,2.681,3.186,41529.530,41752.841,41772.272,20642,265677,39264256,17858560,49780,0,2026-08-01T17:45:29.217808Z
R1,169,saturated,,false,1360.000,1.609,2.432,2.933,41359.102,41573.119,41595.553,23382,267037,39264256,17915904,49800,20,2026-08-01T17:45:29.217808Z
R1,170,saturated,,false,1142.000,1.543,8.974,60.906,41332.886,41644.044,41695.507,25892,268237,39264256,17973248,49817,39,2026-08-01T17:45:29.217808Z
R1,171,saturated,,false,1400.000,1.565,2.672,4.107,41225.118,41453.281,41496.589,28510,269599,39264256,18030592,49800,0,2026-08-01T17:45:29.217808Z
R1,172,saturated,,false,1500.000,1.282,2.502,3.396,41109.895,41320.687,41341.245,31361,271019,39264256,18104320,49780,0,2026-08-01T17:45:29.217808Z
R1,173,saturated,,false,1300.000,1.616,3.958,11.346,40959.272,41261.099,41305.249,34283,272499,39264256,18161664,49824,13,2026-08-01T17:45:29.217808Z
R1,174,saturated,,false,1380.000,1.612,2.786,3.499,40839.280,41058.336,41105.229,36911,273779,39264256,18219008,49820,0,2026-08-01T17:45:29.217808Z
R1,175,saturated,,false,1346.000,1.517,2.567,12.794,40805.144,41011.580,41041.436,39743,275204,39264256,18284544,49900,22,2026-08-01T17:45:29.217808Z
R1,176,saturated,,false,1319.000,1.558,2.867,16.914,40825.033,41044.853,41063.259,42280,276464,39264256,18341888,49820,9,2026-08-01T17:45:29.217808Z
R1,177,saturated,,false,1344.000,1.628,2.844,10.154,40834.263,41052.912,41078.567,44998,277824,39264256,18399232,49837,0,2026-08-01T17:45:29.217808Z
R1,178,saturated,,false,1380.000,1.593,2.638,4.562,40702.581,40944.178,40973.163,47750,279188,39583744,18464768,49820,18,2026-08-01T17:45:29.217808Z
R1,179,saturated,,false,1404.000,1.554,2.452,2.950,40382.427,40624.136,40651.811,50546,280569,39755776,18522112,49820,19,2026-08-01T17:45:29.217808Z
R1,180,saturated,,false,1121.000,1.458,13.896,20.469,40267.580,40689.790,40714.045,53121,281792,40001536,18563072,49881,5,2026-08-01T17:45:29.217808Z
R1,181,saturated,,false,1322.000,1.645,4.305,5.904,38413.103,39694.534,40230.126,55582,281792,40214528,18636800,49840,0,2026-08-01T17:45:29.217808Z
R1,182,saturated,,false,1265.000,1.483,4.625,61.736,38062.133,38280.211,38359.335,58265,283735,40509440,18694144,49840,37,2026-08-01T17:45:29.217808Z
R1,183,saturated,,false,1340.000,1.605,3.060,3.575,38127.500,38352.510,38368.760,60790,285000,40796160,18751488,49860,20,2026-08-01T17:45:29.217808Z
R1,184,saturated,,false,1341.000,1.686,2.940,3.383,38108.691,38347.188,38366.009,63472,286360,40992768,18817024,49859,0,2026-08-01T17:45:29.217808Z
R1,185,saturated,,false,1342.000,1.622,3.679,5.116,38025.015,38251.007,38286.329,66256,287955,41312256,18874368,49877,0,2026-08-01T17:45:29.217808Z
R1,186,saturated,,false,447.000,2.219,9.991,34.492,38078.244,38288.212,38342.800,67382,287955,41312256,18882560,49938,27,2026-08-01T17:45:29.217808Z
R1,187,saturated,,false,39.000,274.526,468.901,469.163,39090.463,39515.943,39515.961,68617,289060,41385984,18898944,49950,20,2026-08-01T17:45:29.217808Z
R1,188,saturated,,false,452.000,11.104,84.836,383.209,40177.886,40562.339,40579.028,68763,289617,41394176,18898944,49730,18,2026-08-01T17:45:29.217808Z
R1,189,saturated,,false,1044.000,1.987,7.289,26.712,40353.239,40570.343,40600.131,70077,289852,41574400,18939904,49846,21,2026-08-01T17:45:29.217808Z
R1,190,saturated,,false,618.000,3.062,22.176,114.226,40717.740,40879.337,40947.326,72018,291028,41738240,18980864,49859,0,2026-08-01T17:45:29.217808Z
R1,191,saturated,,false,261.000,6.360,90.112,545.068,41792.190,41893.834,41958.712,72935,291757,41795584,18997248,49769,22,2026-08-01T17:45:29.217808Z
R1,192,saturated,,false,610.000,2.283,86.772,227.637,42181.424,42466.803,42483.347,73622,292021,41844736,19013632,49920,2,2026-08-01T17:45:29.217808Z
R1,193,saturated,,false,1007.000,1.917,12.659,28.700,42360.780,42567.920,42620.104,75610,293085,42106880,19054592,49496,0,2026-08-01T17:45:29.217808Z
R1,194,saturated,,false,583.000,5.654,51.276,97.245,42992.044,43161.116,43178.062,76955,293641,42196992,19087360,49915,3,2026-08-01T17:45:29.217808Z
R1,195,saturated,,false,1300.000,1.641,3.708,4.389,43104.419,43339.652,43358.622,78973,293641,42434560,19136512,49920,0,2026-08-01T17:45:29.217808Z
R1,196,saturated,,false,1362.000,1.554,2.425,10.504,43043.595,43310.382,43353.924,81643,294804,42639360,19193856,49913,20,2026-08-01T17:45:29.217808Z
R1,197,saturated,,false,1379.000,1.573,2.848,3.815,42674.866,42939.495,43188.093,84402,296125,42942464,19251200,49919,0,2026-08-01T17:45:29.217808Z
R1,198,saturated,,false,1247.000,1.610,3.122,25.284,42587.571,42851.612,42883.592,86309,297508,43171840,19316736,49901,8,2026-08-01T17:45:29.217808Z
R1,199,saturated,,false,1340.000,1.739,2.744,3.818,42571.578,42795.416,42820.573,88900,298868,43417600,19365888,49920,21,2026-08-01T17:45:29.217808Z
R1,200,saturated,,false,1125.000,1.708,16.173,23.611,42624.168,42851.405,42897.288,91253,300387,43614208,19423232,49920,0,2026-08-01T17:45:29.217808Z
R1,201,saturated,,false,1320.000,1.553,3.127,48.863,42645.662,42854.704,42872.925,93800,301917,43884544,19480576,49920,1,2026-08-01T17:45:29.217808Z
R1,202,saturated,,false,1360.000,1.658,2.620,2.906,42581.764,42828.977,42844.180,96469,302852,44146688,19546112,49940,0,2026-08-01T17:45:29.217808Z
R1,203,saturated,,false,1383.000,1.565,2.986,4.233,42442.578,42658.227,42684.894,99244,304172,44392448,19611648,49936,1,2026-08-01T17:45:29.217808Z
R1,204,saturated,,false,1378.000,1.594,2.789,4.059,42386.837,42598.424,42637.993,102007,305848,44703744,19660800,49939,0,2026-08-01T17:45:29.217808Z
R1,205,saturated,,false,1341.000,1.725,3.992,5.730,42371.832,42590.370,42606.911,104766,306933,45006848,19726336,49959,20,2026-08-01T17:45:29.217808Z
R1,206,saturated,,false,1339.000,1.680,3.180,5.527,42385.518,42602.799,42625.116,107498,308058,45318144,19791872,49940,20,2026-08-01T17:45:29.217808Z
R1,207,saturated,,false,1320.000,1.792,3.231,4.604,42412.640,42636.237,42665.088,110159,309673,45621248,19841024,49940,17,2026-08-01T17:45:29.217808Z
R1,208,saturated,,false,1340.000,1.754,2.619,3.212,42463.292,42686.195,42716.127,112794,310718,45907968,19906560,49940,7,2026-08-01T17:45:29.217808Z
R1,209,saturated,,false,1262.000,1.904,3.356,5.220,42549.938,42786.880,42828.793,115450,312038,46194688,19963904,49960,12,2026-08-01T17:45:29.217808Z
R1,210,saturated,,false,1082.000,1.635,18.691,27.202,42745.622,43031.781,43059.828,117734,313378,46448640,20013056,49940,0,2026-08-01T17:45:29.217808Z
R1,211,saturated,,false,1277.000,1.665,3.676,16.209,42875.674,43078.823,43115.518,120027,314677,46710784,20078592,49940,0,2026-08-01T17:45:29.217808Z
R1,212,saturated,,false,1351.000,1.641,3.047,9.618,42873.960,43093.652,43121.819,122655,315722,47013888,20135936,49960,0,2026-08-01T17:45:29.217808Z
R1,213,saturated,,false,1320.000,1.777,2.865,3.760,42751.051,42966.162,42987.806,125370,317046,47292416,20193280,49960,20,2026-08-01T17:45:29.217808Z
R1,214,saturated,,false,1340.000,1.822,2.975,5.273,42797.361,43013.433,43039.453,128044,318373,47562752,20258816,49794,20,2026-08-01T17:45:29.217808Z
R1,215,saturated,,false,1320.000,1.825,2.999,4.040,42846.023,43073.968,43104.847,130728,319946,47874048,20324352,49575,0,2026-08-01T17:45:29.217808Z
R1,216,saturated,,false,1160.000,1.823,7.681,13.867,43042.221,43292.381,43325.706,133190,321050,48119808,20373504,49960,21,2026-08-01T17:45:29.217808Z
R1,217,saturated,,false,1286.000,1.660,3.755,29.103,43081.621,43327.083,43341.620,135487,322190,48390144,20422656,49786,0,2026-08-01T17:45:29.217808Z
R1,218,saturated,,false,1322.000,1.925,3.051,3.585,43134.983,43346.856,43378.831,138135,323451,48701440,20488192,49575,0,2026-08-01T17:45:29.217808Z
R1,219,saturated,,false,1343.000,1.805,2.927,3.420,43135.699,43370.912,43415.603,140850,324818,48971776,20545536,49320,15,2026-08-01T17:45:29.217808Z
R1,220,saturated,,false,1193.000,1.725,9.971,33.513,43185.342,43440.818,43465.905,143367,326161,49217536,20602880,49300,40,2026-08-01T17:45:29.217808Z
R1,221,saturated,,false,1340.000,1.465,3.185,7.168,43224.266,43450.402,43472.289,1077,328628,49373184,20668416,49320,0,2026-08-01T17:46:29.289124Z
R1,222,saturated,,false,1327.000,1.719,3.059,5.696,43254.184,43484.088,43511.555,3922,330157,49373184,20725760,49333,0,2026-08-01T17:46:29.289124Z
R1,223,saturated,,false,1420.000,1.490,2.387,4.753,43195.072,43459.164,43488.869,6601,330817,49373184,20791296,49300,20,2026-08-01T17:46:29.289124Z
R1,224,saturated,,false,1380.000,1.687,2.378,2.939,43081.980,43288.762,43305.046,9118,332204,49373184,20856832,49300,0,2026-08-01T17:46:29.289124Z
R1,225,saturated,,false,1280.000,1.484,3.125,6.985,43052.113,43285.149,43343.849,12587,333584,49373184,20914176,49400,15,2026-08-01T17:46:29.289124Z
R1,226,saturated,,false,1407.000,1.585,3.056,3.730,42993.575,43212.638,43237.213,14706,334964,49373184,20971520,49317,0,2026-08-01T17:46:29.289124Z
R1,227,saturated,,false,1385.000,1.490,2.322,2.594,42964.112,43189.369,43215.635,17596,336288,49373184,21037056,49320,0,2026-08-01T17:46:29.289124Z
R1,228,saturated,,false,1355.000,1.671,2.894,5.795,42947.357,43173.953,43190.274,20348,337671,49373184,21102592,49340,4,2026-08-01T17:46:29.289124Z
R1,229,saturated,,false,1381.000,1.521,2.369,2.818,42233.849,43150.307,43178.769,23098,339051,49373184,21151744,49340,15,2026-08-01T17:46:29.289124Z
R1,230,saturated,,false,1251.000,1.406,8.178,29.213,40592.321,40900.643,40930.626,25585,340686,49373184,21217280,49298,15,2026-08-01T17:46:29.289124Z
R1,231,saturated,,false,1400.000,1.475,2.255,2.915,38740.207,40242.275,40284.242,28226,341896,49373184,21274624,49320,3,2026-08-01T17:46:29.289124Z
R1,232,saturated,,false,1449.000,1.458,2.248,3.094,38175.468,38700.112,38742.311,31073,343063,49373184,21331968,49271,0,2026-08-01T17:46:29.289124Z
R1,233,saturated,,false,1380.000,1.431,2.259,9.476,37630.453,37849.429,37878.867,33958,344718,49373184,21397504,49342,20,2026-08-01T17:46:29.289124Z
R1,234,saturated,,false,1400.000,1.603,2.410,3.361,37589.895,37804.831,37833.720,36782,345914,49373184,21463040,49360,19,2026-08-01T17:46:29.289124Z
R1,235,saturated,,false,1341.000,1.555,2.429,3.021,37585.445,37801.437,37828.554,39573,347332,49373184,21528576,49400,0,2026-08-01T17:46:29.289124Z
R1,236,saturated,,false,1380.000,1.653,2.898,8.059,37540.114,37787.116,37829.104,42317,348967,49373184,21594112,49360,0,2026-08-01T17:46:29.289124Z
R1,237,saturated,,false,1406.000,1.518,2.368,2.982,37464.313,37708.776,37749.319,45077,350052,49373184,21651456,49333,0,2026-08-01T17:46:29.289124Z
R1,238,saturated,,false,1400.000,1.602,2.832,4.593,37262.809,37480.485,37504.171,47910,351432,49373184,21708800,49360,0,2026-08-01T17:46:29.289124Z
R1,239,saturated,,false,1403.000,1.505,2.748,3.424,37205.095,37425.165,37460.222,50709,352859,49635328,21774336,49339,0,2026-08-01T17:46:29.289124Z
R1,240,saturated,,false,1229.000,1.418,9.334,22.460,37300.170,37542.690,37568.204,53375,354241,49799168,21839872,49360,0,2026-08-01T17:46:29.289124Z
R1,241,saturated,,false,1340.000,1.519,3.075,20.859,37310.816,37535.911,37555.482,55993,355491,50102272,21889024,49420,7,2026-08-01T17:46:29.289124Z
R1,242,saturated,,false,1360.000,1.517,3.019,5.170,37346.707,37565.057,37595.778,58145,356891,50290688,21954560,49360,10,2026-08-01T17:46:29.289124Z
R1,243,saturated,,false,1380.000,1.620,2.522,3.724,37339.004,37558.380,37585.099,60841,358191,50585600,22020096,49360,0,2026-08-01T17:46:29.289124Z
R1,244,saturated,,false,1300.000,1.689,2.589,12.286,37301.361,37528.369,37546.307,63625,359571,50806784,22077440,49440,0,2026-08-01T17:46:29.289124Z
R1,245,saturated,,false,1380.000,1.599,2.382,2.674,37278.205,37511.896,37542.224,66053,360951,51068928,22134784,49380,0,2026-08-01T17:46:29.289124Z
R1,246,saturated,,false,1380.000,1.569,2.704,3.728,37241.638,37459.748,37477.731,68650,362271,51322880,22200320,49400,6,2026-08-01T17:46:29.289124Z
R1,247,saturated,,false,1360.000,1.672,2.419,2.839,37102.803,37387.670,37418.368,71463,363926,51568640,22257664,49400,0,2026-08-01T17:46:29.289124Z
R1,248,saturated,,false,1340.000,1.590,2.711,3.746,36970.961,37196.892,37226.277,74171,365031,51830784,22315008,49400,5,2026-08-01T17:46:29.289124Z
R1,249,saturated,,false,1380.000,1.716,2.693,3.211,36938.738,37160.171,37189.092,76854,366371,52084736,22380544,49380,0,2026-08-01T17:46:29.289124Z
R1,250,saturated,,false,1245.000,1.343,6.494,36.182,36984.015,37201.344,37244.542,79588,367986,52322304,22429696,49380,17,2026-08-01T17:46:29.289124Z
R1,251,saturated,,false,1360.000,1.668,2.797,4.903,36962.753,37179.217,37197.335,82129,368976,52584448,22503424,49401,10,2026-08-01T17:46:29.289124Z
R1,252,saturated,,false,1385.000,1.493,3.408,6.674,36934.785,37166.893,37203.994,84879,370357,52822016,22568960,49420,6,2026-08-01T17:46:29.289124Z
R1,253,saturated,,false,1322.000,1.632,3.315,9.103,36873.467,37136.092,37168.340,87644,371761,53100544,22626304,49420,6,2026-08-01T17:46:29.289124Z
R1,254,saturated,,false,1319.000,1.736,2.855,3.802,36766.256,36979.921,37008.063,90290,373083,53354496,22683648,49440,17,2026-08-01T17:46:29.289124Z
R1,255,saturated,,false,1320.000,1.856,2.951,3.481,36758.323,36982.421,37003.122,92953,374422,53633024,22749184,49460,19,2026-08-01T17:46:29.289124Z
R1,256,saturated,,false,1360.000,1.532,2.995,9.426,36751.261,36970.769,36986.287,95628,376017,53895168,22806528,49480,0,2026-08-01T17:46:29.289124Z
R1,257,saturated,,false,1362.000,1.575,2.555,5.809,36629.347,36850.297,36876.507,98366,377397,54165504,22863872,49459,0,2026-08-01T17:46:29.289124Z
R1,258,saturated,,false,1399.000,1.458,2.396,2.987,36608.262,36821.461,36863.171,101127,378737,54476800,22929408,49460,20,2026-08-01T17:46:29.289124Z
R1,259,saturated,,false,1400.000,1.613,2.355,3.208,36521.528,36749.112,36766.597,103941,379883,54796288,22994944,49440,18,2026-08-01T17:46:29.289124Z
R1,260,saturated,,false,1201.000,1.399,15.328,23.353,36637.374,36891.511,36906.327,106661,381263,55083008,23044096,49457,39,2026-08-01T17:46:29.289124Z
R1,261,saturated,,false,1340.000,1.690,2.560,6.734,36676.566,36897.353,36923.798,109136,382481,55386112,23109632,49480,0,2026-08-01T17:46:29.289124Z
R1,262,saturated,,false,1440.000,1.482,3.593,4.543,36630.743,36873.435,36915.480,111877,384099,55697408,23175168,49442,20,2026-08-01T17:46:29.289124Z
R1,263,saturated,,false,1340.000,1.740,2.765,4.751,36637.618,36850.804,36864.813,114717,385246,56000512,23232512,49480,0,2026-08-01T17:46:29.289124Z
R1,264,saturated,,false,1382.000,1.666,2.452,2.847,36624.894,36847.120,36865.510,117449,386624,56303616,23289856,49480,18,2026-08-01T17:46:29.289124Z
R1,265,saturated,,false,1403.000,1.671,2.557,3.272,36605.961,36820.566,36850.935,120228,388006,56614912,23355392,49480,20,2026-08-01T17:46:29.289124Z
R1,266,saturated,,false,1360.000,1.650,2.630,3.631,36634.501,36852.160,36870.296,123028,389409,56934400,23420928,49479,0,2026-08-01T17:46:29.289124Z
R1,267,saturated,,false,1340.000,1.907,2.639,3.046,36534.474,36747.402,36785.653,125748,390749,57221120,23478272,49484,21,2026-08-01T17:46:29.289124Z
R1,268,saturated,,false,1340.000,1.778,2.971,3.693,36581.817,36797.446,36823.876,128457,392109,57532416,23535616,49500,0,2026-08-01T17:46:29.289124Z
R1,269,saturated,,false,1420.000,1.631,2.583,3.004,36606.006,36821.519,36851.925,131183,393469,57802752,23601152,49480,0,2026-08-01T17:46:29.289124Z
R1,270,saturated,,false,1236.000,1.464,9.804,19.106,36701.315,36942.886,36957.016,133987,394869,58056704,23658496,49500,0,2026-08-01T17:46:29.289124Z
R1,271,saturated,,false,1356.000,1.772,2.497,2.780,36730.424,36955.045,36984.743,136506,396125,58327040,23715840,49499,0,2026-08-01T17:46:29.289124Z
R1,272,saturated,,false,988.000,1.855,16.822,49.812,36752.632,37070.875,37099.942,139076,397465,58548224,23773184,49736,1,2026-08-01T17:46:29.289124Z
R1,273,saturated,,false,1278.000,1.794,5.664,18.819,37051.887,37264.307,37295.889,141224,399129,58818560,23822336,49579,19,2026-08-01T17:46:29.289124Z
R1,274,saturated,,false,1263.000,1.995,4.515,6.732,37131.474,37357.631,37394.822,143586,400064,59080704,23879680,49560,0,2026-08-01T17:46:29.289124Z
R1,275,saturated,,false,1119.000,1.862,9.456,36.392,37213.572,37436.118,37459.779,146137,401581,59326464,23937024,49718,17,2026-08-01T17:46:29.289124Z
R1,276,saturated,,false,715.000,4.735,62.431,102.504,37582.432,37825.873,37941.994,148368,402332,59547648,23977984,49844,20,2026-08-01T17:46:29.289124Z
R1,277,saturated,,false,896.000,2.014,13.909,104.027,38223.326,38424.731,38434.255,149860,403372,59645952,23994368,49519,0,2026-08-01T17:46:29.289124Z
R1,278,saturated,,false,1024.000,2.010,4.679,32.947,38191.376,38465.906,38498.040,151693,404441,59908096,24059904,49845,19,2026-08-01T17:46:29.289124Z
R1,279,saturated,,false,1307.000,1.716,4.340,9.798,38411.661,38642.238,38671.041,153807,405424,60080128,24109056,49520,0,2026-08-01T17:46:29.289124Z
R1,280,saturated,,false,942.000,2.212,20.297,36.068,38572.994,38855.295,38898.361,156416,406778,60309504,24150016,49696,14,2026-08-01T17:46:29.289124Z
R1,281,saturated,,false,462.000,1.565,58.993,123.137,39270.397,39413.753,39426.763,98,407241,60366848,24174592,49638,145,2026-08-01T17:47:29.694204Z
R1,282,saturated,,false,1340.000,1.726,2.612,3.471,39368.288,39595.343,39625.359,1393,408072,60366848,24223744,49560,0,2026-08-01T17:47:29.694204Z
R1,283,saturated,,false,1345.000,1.757,3.539,5.041,39395.875,39621.798,39650.283,4105,409431,60366848,24289280,49540,0,2026-08-01T17:47:29.694204Z
R1,284,saturated,,false,1050.000,1.829,5.905,76.210,39481.667,39782.489,39845.317,6759,410756,60366848,24338432,49651,0,2026-08-01T17:47:29.694204Z
R1,285,saturated,,false,970.000,1.750,2.906,3.788,39580.226,39825.657,39855.817,8915,410756,60366848,24395776,49920,18,2026-08-01T17:47:29.694204Z
R1,286,saturated,,false,1081.000,1.420,4.407,241.799,40201.281,40371.295,40412.459,10704,412476,60366848,24420352,49516,3,2026-08-01T17:47:29.694204Z
R1,287,saturated,,false,1320.000,1.730,2.571,3.347,40161.240,40385.075,40399.511,13332,413153,60366848,24485888,49560,15,2026-08-01T17:47:29.694204Z
R1,288,saturated,,false,1322.000,1.683,2.813,6.615,40171.879,40392.415,40418.360,16006,414517,60366848,24551424,49598,0,2026-08-01T17:47:29.694204Z
R1,289,saturated,,false,1320.000,1.769,2.538,3.013,40177.397,40401.758,40416.752,18522,415877,60366848,24600576,49580,0,2026-08-01T17:47:29.694204Z
R1,290,saturated,,false,1142.000,1.649,12.731,20.532,40329.805,40595.701,40626.579,21246,417179,60366848,24657920,49579,12,2026-08-01T17:47:29.694204Z
R1,291,saturated,,false,1340.000,1.617,3.190,4.241,40277.565,40506.243,40526.181,23656,418575,60366848,24715264,49600,0,2026-08-01T17:47:29.694204Z
R1,292,saturated,,false,1340.000,1.733,2.481,3.320,40295.410,40516.947,40546.549,26302,419681,60366848,24780800,49580,0,2026-08-01T17:47:29.694204Z
R1,293,saturated,,false,1303.000,1.768,3.946,12.115,40330.553,40550.636,40578.925,29023,421256,60366848,24838144,49641,1,2026-08-01T17:47:29.694204Z
R1,294,saturated,,false,1430.000,1.338,2.668,4.233,40304.442,40534.586,40564.883,31720,422601,60366848,24895488,49560,16,2026-08-01T17:47:29.694204Z
R1,295,saturated,,false,1425.000,1.458,3.833,5.187,40244.365,40475.939,40506.382,34527,423714,60366848,24969216,49555,2,2026-08-01T17:47:29.694204Z
R1,296,saturated,,false,1380.000,1.521,2.403,3.105,40185.616,40409.284,40436.185,37405,425389,60366848,25034752,49580,0,2026-08-01T17:47:29.694204Z
R1,297,saturated,,false,1147.000,1.766,7.018,26.580,40233.280,40446.830,40475.703,40118,426539,60366848,25092096,49734,0,2026-08-01T17:47:29.694204Z
R1,298,saturated,,false,1342.000,1.730,4.185,5.146,40352.117,40582.084,40607.509,42412,428348,60366848,25149440,49580,0,2026-08-01T17:47:29.694204Z
R1,299,saturated,,false,1361.000,1.675,2.940,4.014,40366.525,40593.496,40614.040,45195,429729,60366848,25206784,49600,14,2026-08-01T17:47:29.694204Z
R1,300,saturated,,true,1226.000,1.555,15.813,48.698,40523.483,40805.799,40835.094,47789,430664,60366848,25255936,49453,0,2026-08-01T17:47:29.694204Z
R1,301,saturated,,true,1200.000,1.877,3.401,14.727,40504.767,40702.412,40716.115,50180,432215,60940288,25329664,49620,2139,2026-08-01T17:47:29.694204Z
R1,302,saturated,,true,1232.000,1.768,7.563,19.367,40577.367,40812.110,40836.357,52723,433495,61235200,25427968,49618,4596,2026-08-01T17:47:29.694204Z
R1,303,saturated,,true,1360.000,1.856,2.714,3.080,40619.128,40843.935,40866.786,55325,434767,61775872,25501696,49600,7322,2026-08-01T17:47:29.694204Z
R1,304,saturated,,true,1320.000,2.182,3.309,7.396,40638.289,40856.967,40879.160,58008,436107,62267392,25600000,49620,9968,2026-08-01T17:47:29.694204Z
R1,305,saturated,,true,1380.000,2.140,3.093,3.430,40666.261,40881.955,40913.041,60693,437447,62849024,25698304,49580,12734,2026-08-01T17:47:29.694204Z
R1,306,saturated,,true,1286.000,2.523,5.803,7.968,40707.283,40940.046,40985.535,63375,438810,63291392,25772032,49602,15273,2026-08-01T17:47:29.694204Z
R1,307,saturated,,true,1356.000,2.277,3.549,4.346,40722.396,40945.187,40970.065,66090,440133,63791104,25870336,49627,18057,2026-08-01T17:47:29.694204Z
R1,308,saturated,,true,1324.000,2.525,3.545,4.709,40743.022,40960.569,40987.168,68738,441453,64323584,25968640,49621,20724,2026-08-01T17:47:29.694204Z
R1,309,saturated,,true,1370.000,2.360,3.558,4.892,40750.547,40971.973,40995.114,71414,442793,64815104,26042368,49611,23450,2026-08-01T17:47:29.694204Z
R1,310,saturated,,true,1209.000,2.543,6.931,25.164,40819.892,41062.490,41112.953,74004,444420,65282048,26140672,49640,25894,2026-08-01T17:47:29.694204Z
R1,311,saturated,,true,1280.000,2.482,3.696,20.305,40883.642,41131.044,41175.743,76522,445587,65765376,26214400,49640,28480,2026-08-01T17:47:29.694204Z
R1,312,saturated,,true,1304.000,2.805,3.986,6.278,40874.684,41093.179,41119.093,79157,446907,66248704,26312704,49656,31104,2026-08-01T17:47:29.694204Z
R1,313,saturated,,true,1240.000,3.069,5.888,11.552,40906.871,41129.350,41163.061,81699,447936,66715648,26386432,49640,33579,2026-08-01T17:47:29.694204Z
R1,314,saturated,,true,1314.000,2.935,4.273,5.132,40698.923,40918.766,40941.017,84286,449453,67207168,26484736,49670,36210,2026-08-01T17:47:29.694204Z
R1,315,saturated,,true,1048.000,4.358,11.127,14.403,40792.300,41038.865,41074.883,86617,450420,67641344,26558464,49687,38398,2026-08-01T17:47:29.694204Z
R1,316,saturated,,true,1381.000,2.499,4.926,7.356,40785.145,41038.393,41074.130,89033,450420,68141056,26632192,49642,41065,2026-08-01T17:47:29.694204Z
R1,317,saturated,,true,1350.000,2.554,4.374,5.877,40057.718,40615.971,40667.109,91807,452274,68624384,26730496,49620,43810,2026-08-01T17:47:29.694204Z
R1,318,saturated,,true,1241.000,3.206,4.710,7.773,39885.278,40120.273,40135.572,94419,453609,69099520,26820608,49659,46316,2026-08-01T17:47:29.694204Z
R1,319,saturated,,true,1300.000,3.194,4.692,5.534,39654.689,39885.331,39903.889,97020,454889,69582848,26902528,49660,48922,2026-08-01T17:47:29.694204Z
R1,320,saturated,,true,1197.000,2.935,12.823,22.580,39526.991,39886.418,39915.909,99420,456190,70049792,26976256,49657,51305,2026-08-01T17:47:29.694204Z
R1,321,saturated,,true,1322.000,3.026,4.486,7.848,38848.712,39074.649,39090.262,102064,457384,70541312,27074560,49678,54050,2026-08-01T17:47:29.694204Z
R1,322,saturated,,true,1349.000,2.867,4.939,6.133,38856.846,39071.505,39117.064,104727,458727,71090176,27172864,49680,56733,2026-08-01T17:47:29.694204Z
R1,323,saturated,,true,1305.000,2.811,5.211,18.104,38763.911,39050.857,39089.665,107408,460078,71589888,27246592,49679,59307,2026-08-01T17:47:29.694204Z
R1,324,saturated,,true,1280.000,3.389,5.079,5.548,38557.514,38897.858,38921.452,110000,461382,72065024,27344896,49680,61900,2026-08-01T17:47:29.694204Z
R1,325,saturated,,true,1385.000,2.542,5.089,5.796,38196.991,38434.469,38465.768,112705,462663,72572928,27435008,49658,64642,2026-08-01T17:47:29.694204Z
R1,326,saturated,,true,1392.000,2.365,5.217,5.958,38155.393,38376.462,38392.314,115496,464276,73097216,27525120,49689,67437,2026-08-01T17:47:29.694204Z
R1,327,saturated,,true,1289.000,3.085,5.489,6.329,38145.296,38370.955,38393.217,118186,465692,73580544,27656192,49684,70067,2026-08-01T17:47:29.694204Z
R1,328,saturated,,true,1340.000,2.836,5.602,6.450,38125.739,38366.608,38384.896,120824,466733,74088448,27795456,49680,72716,2026-08-01T17:47:29.694204Z
R1,329,saturated,,true,1332.000,2.944,5.501,6.231,38027.950,38252.418,38270.189,123454,468069,74571776,27910144,49684,75417,2026-08-01T17:47:29.694204Z
R1,330,saturated,,true,1080.000,4.143,14.253,27.223,38147.015,38395.615,38431.368,125763,469405,75005952,28024832,49690,77584,2026-08-01T17:47:29.694204Z
R1,331,saturated,,true,1381.000,2.784,5.205,6.482,38196.590,38418.869,38440.670,128268,471181,75513856,28164096,49681,80334,2026-08-01T17:47:29.694204Z
R1,332,saturated,,true,1373.000,2.601,5.520,6.801,38170.016,38392.240,38408.318,131049,472574,76021760,28303360,49660,83108,2026-08-01T17:47:29.694204Z
R1,333,saturated,,true,1367.000,2.696,5.620,6.597,38188.979,38406.813,38431.175,133756,473926,76570624,28418048,49673,85829,2026-08-01T17:47:29.694204Z
R1,334,saturated,,true,1321.000,2.857,7.011,9.575,38226.162,38463.441,38503.367,136552,475326,77078528,28565504,49680,88495,2026-08-01T17:47:29.694204Z
R1,335,saturated,,true,1329.000,2.930,5.809,7.634,38250.478,38481.018,38526.051,139138,476838,77570048,28704768,49700,91186,2026-08-01T17:47:29.694204Z
R1,336,saturated,,true,1347.000,2.924,5.917,7.516,38190.544,38412.725,38460.022,141685,478178,78077952,28819456,49698,93876,2026-08-01T17:47:29.694204Z
R1,337,saturated,,true,1105.000,3.870,10.245,22.614,38269.210,38537.327,38567.565,144018,479134,78512128,28934144,49697,96094,2026-08-01T17:47:29.694204Z
R1,338,saturated,,true,1208.000,4.019,7.692,8.878,38416.917,38627.555,38646.364,146459,480324,78970880,29065216,49696,98508,2026-08-01T17:47:29.694204Z
R1,339,saturated,,true,1252.000,3.633,7.153,8.846,38291.478,38542.436,38583.641,149009,481601,79446016,29179904,49716,101022,2026-08-01T17:47:29.694204Z
R1,340,saturated,,true,931.000,4.937,16.997,89.612,38459.721,38746.223,38765.586,151038,482779,79765504,29294592,49773,102954,2026-08-01T17:47:29.694204Z
R1,341,saturated,,true,1206.000,4.201,7.968,10.386,38600.364,38817.134,38847.613,104579,483665,80060416,29384704,49738,105366,2026-08-01T17:48:29.580819Z
R1,342,saturated,,true,1135.000,4.787,9.660,12.565,38715.697,38958.026,38999.035,106907,485400,80060416,29458432,49744,107606,2026-08-01T17:48:29.580819Z
R1,343,saturated,,true,1321.000,3.249,6.124,8.188,38814.984,39043.992,39063.098,109281,485400,80060416,29556736,49696,110242,2026-08-01T17:48:29.580819Z
R1,344,saturated,,true,1143.000,4.503,9.564,12.109,38873.429,39118.136,39165.422,111915,486674,80232448,29630464,49789,112592,2026-08-01T17:48:29.580819Z
R1,345,saturated,,true,1157.000,4.725,8.784,12.612,39037.773,39241.063,39264.115,114155,487902,80527360,29704192,49758,114910,2026-08-01T17:48:29.580819Z
R1,346,saturated,,true,1177.000,4.702,8.524,11.104,39126.529,39382.695,39416.989,116497,489034,81002496,29777920,49744,117241,2026-08-01T17:48:29.580819Z
R1,347,saturated,,true,1142.000,4.213,9.845,35.125,39251.333,39535.775,39576.450,118954,490200,81469440,29851648,49737,119536,2026-08-01T17:48:29.580819Z
R1,348,saturated,,true,1127.000,5.148,9.446,12.044,39450.515,39711.912,39743.075,121109,491842,81936384,29925376,49753,121771,2026-08-01T17:48:29.580819Z
R1,349,saturated,,true,1361.000,3.091,5.553,7.588,39494.426,39707.871,39749.037,123571,492988,82419712,30023680,49713,124509,2026-08-01T17:48:29.580819Z
R1,350,saturated,,true,1009.000,4.981,18.701,30.082,39512.038,39793.367,39828.680,125950,493798,82796544,30097408,49783,126569,2026-08-01T17:48:29.580819Z
R1,351,saturated,,true,1266.000,3.606,7.000,12.630,39637.288,39860.707,39880.153,128291,495385,83279872,30171136,49768,129118,2026-08-01T17:48:29.580819Z
R1,352,saturated,,true,1163.000,4.732,9.644,15.715,39725.198,39948.013,39981.804,130745,496679,83689472,30261248,49770,131428,2026-08-01T17:48:29.580819Z
R1,353,saturated,,true,1237.000,4.278,8.056,10.028,39771.023,39997.114,40021.514,133119,496679,84131840,30343168,49738,133916,2026-08-01T17:48:29.580819Z
R1,354,saturated,,true,1358.000,3.401,5.641,7.304,39758.766,39985.172,40007.540,135751,498498,84680704,30441472,49733,136620,2026-08-01T17:48:29.580819Z
R1,355,saturated,,true,1196.000,3.535,8.286,20.367,39589.485,39865.292,39892.822,138447,499851,85164032,30523392,49885,139104,2026-08-01T17:48:29.580819Z
R1,356,saturated,,true,1339.000,3.515,6.320,8.316,39644.828,39864.129,39887.203,140853,501195,85655552,30613504,49736,141701,2026-08-01T17:48:29.580819Z
R1,357,saturated,,true,1311.000,3.440,6.043,13.454,39665.280,39901.717,39919.540,143473,502641,86138880,30695424,49733,144350,2026-08-01T17:48:29.580819Z
R1,358,saturated,,true,1360.000,3.375,5.618,7.331,39630.457,39853.718,39889.498,146208,503948,86638592,30793728,49738,147069,2026-08-01T17:48:29.580819Z
R1,359,saturated,,true,1063.000,4.013,13.155,65.094,39627.173,39822.581,39844.817,148893,505573,87056384,30867456,49798,149224,2026-08-01T17:48:29.580819Z
R1,360,saturated,,true,642.000,9.797,38.194,95.009,39967.249,40233.422,40269.441,150327,506181,87326720,30916608,49883,150597,2026-08-01T17:48:29.580819Z
R1,361,saturated,,true,995.000,5.544,21.864,30.647,40396.547,40647.173,40690.098,151943,507247,87678976,30965760,49802,152526,2026-08-01T17:48:29.580819Z
R1,362,saturated,,true,1131.000,5.086,9.773,14.280,40504.914,40722.065,40746.900,154222,508906,88113152,31047680,49800,154801,2026-08-01T17:48:29.580819Z
R1,363,saturated,,true,1093.000,5.908,10.063,14.930,40709.248,40961.856,41004.184,156368,509986,88514560,31113216,49789,156979,2026-08-01T17:48:29.580819Z
R1,364,saturated,,true,1117.000,5.870,9.318,11.694,40886.515,41108.969,41144.602,158612,509986,88932352,31203328,49790,159243,2026-08-01T17:48:29.580819Z
R1,365,saturated,,true,1160.000,5.236,9.255,12.134,40995.505,41208.630,41229.017,160895,511156,89350144,31277056,49773,161538,2026-08-01T17:48:29.580819Z
R1,366,saturated,,true,1119.000,5.503,10.161,12.602,41082.164,41338.375,41382.115,163214,512299,89800704,31358976,49794,163798,2026-08-01T17:48:29.580819Z
R1,367,saturated,,true,995.000,6.402,13.492,27.610,41396.563,41696.856,41730.622,165298,513920,90177536,31408128,49798,165778,2026-08-01T17:48:29.580819Z
R1,368,saturated,,true,1211.000,4.739,8.141,13.566,41550.303,41773.530,41823.345,167512,514943,90611712,31506432,49753,168204,2026-08-01T17:48:29.580819Z
R1,369,saturated,,true,1136.000,5.038,10.766,25.569,41643.232,41897.729,41946.306,169887,516237,91045888,31580160,49769,170500,2026-08-01T17:48:29.580819Z
R1,370,saturated,,true,604.000,11.351,35.853,105.315,42042.663,42341.395,42367.113,171506,516757,91275264,31621120,49855,171733,2026-08-01T17:48:29.580819Z
R1,371,saturated,,true,1014.000,6.382,13.466,23.169,42438.344,42674.314,42706.876,173227,517914,91676672,31678464,49786,173749,2026-08-01T17:48:29.580819Z
R1,372,saturated,,true,1058.000,6.009,12.245,22.691,42606.303,42873.161,42909.562,175312,519140,92053504,31752192,49788,175862,2026-08-01T17:48:29.580819Z
R1,373,saturated,,true,1127.000,5.570,9.654,12.753,42643.280,42834.397,42855.067,177597,520286,92479488,31825920,49810,178139,2026-08-01T17:48:29.580819Z
R1,374,saturated,,true,1063.000,6.497,10.804,13.740,42828.244,43097.157,43141.148,179785,521135,92889088,31899648,49812,180267,2026-08-01T17:48:29.580819Z
R1,375,saturated,,true,1149.000,5.553,8.658,11.211,43017.706,43250.608,43291.630,181953,522709,93315072,31973376,49772,182557,2026-08-01T17:48:29.580819Z
R1,376,saturated,,true,1235.000,4.758,7.721,9.415,43122.471,43354.275,43394.643,184398,523910,93790208,32063488,49776,185026,2026-08-01T17:48:29.580819Z
R1,377,saturated,,true,1121.000,5.891,9.680,12.926,43301.930,43581.093,43621.713,186724,525099,94216192,32145408,49782,187277,2026-08-01T17:48:29.580819Z
R1,378,saturated,,true,903.000,6.136,21.471,70.372,43472.592,43716.950,43783.557,188671,526051,94552064,32194560,49794,189100,2026-08-01T17:48:29.580819Z
R1,379,saturated,,true,508.000,6.901,94.575,184.682,43794.640,44158.620,44213.940,190240,526592,94773248,32243712,49931,190199,2026-08-01T17:48:29.580819Z
R1,380,saturated,,true,64.000,60.101,490.084,547.794,44395.648,44994.164,45082.819,190321,526592,94781440,32243712,49980,190334,2026-08-01T17:48:29.580819Z
R1,381,saturated,,true,35.000,455.255,1095.906,1104.068,46116.738,46203.414,46208.141,190610,526812,94806016,32243712,49958,190432,2026-08-01T17:48:29.580819Z
R1,382,saturated,,true,156.000,39.744,283.135,344.090,46829.469,47027.791,47148.301,190652,526812,94822400,32243712,49867,190526,2026-08-01T17:48:29.580819Z
R1,383,saturated,,true,574.000,8.396,68.583,162.262,47413.366,47652.519,47699.822,191288,526894,95051776,32292864,49975,191893,2026-08-01T17:48:29.580819Z
R1,384,saturated,,true,935.000,7.886,17.798,48.953,47863.302,48163.430,48199.064,192684,527573,95436800,32350208,49905,193717,2026-08-01T17:48:29.580819Z
R1,385,saturated,,true,1012.000,6.391,12.357,41.188,47960.323,48168.445,48201.415,194647,528945,95797248,32423936,49910,195750,2026-08-01T17:48:29.580819Z
R1,386,saturated,,true,1130.000,5.634,9.538,13.919,48059.539,48286.041,48308.130,196747,529707,96231424,32497664,49894,198006,2026-08-01T17:48:29.580819Z
R1,387,saturated,,true,1182.000,5.406,8.323,10.774,48135.165,48358.913,48398.256,199070,531078,96681984,32579584,49890,200372,2026-08-01T17:48:29.580819Z
R1,388,saturated,,true,870.000,6.375,23.706,60.946,48256.422,48514.935,48549.210,201248,532196,97001472,32636928,49904,202130,2026-08-01T17:48:29.580819Z
R1,389,saturated,,true,863.000,5.861,17.786,62.735,48319.647,48523.593,48658.618,203024,533190,97353728,32686080,49857,203915,2026-08-01T17:48:29.580819Z
R1,390,saturated,,true,320.000,16.630,104.487,369.947,48989.952,49246.440,49334.589,204228,533564,97452032,32718848,49938,204525,2026-08-01T17:48:29.580819Z
R1,391,saturated,,true,976.000,7.105,14.836,20.869,49388.678,49631.873,49664.903,205404,534291,97845248,32784384,49902,206478,2026-08-01T17:48:29.580819Z
R1,392,saturated,,true,980.000,6.572,13.268,25.099,49424.546,49659.382,49695.598,207442,535340,98181120,32849920,49925,208446,2026-08-01T17:48:29.580819Z
R1,393,saturated,,true,1086.000,6.297,11.392,15.151,49665.756,49921.145,49964.238,209394,536804,98607104,32923648,49901,210603,2026-08-01T17:48:29.580819Z
R1,394,saturated,,true,1131.000,5.940,9.327,11.246,49795.780,50018.553,50039.942,211650,537986,99041280,32997376,49910,212891,2026-08-01T17:48:29.580819Z
R1,395,saturated,,true,1123.000,6.001,9.662,13.497,49797.357,50016.761,50039.964,213903,539107,99442688,33079296,49904,215137,2026-08-01T17:48:29.580819Z
R1,396,saturated,,true,1000.000,7.194,13.430,24.532,49898.215,50139.564,50178.625,216094,539107,99827712,33144832,49923,217155,2026-08-01T17:48:29.580819Z
R1,397,saturated,,true,1071.000,6.562,11.426,14.363,50015.179,50267.902,50306.107,218119,540121,100245504,33234944,49916,219287,2026-08-01T17:48:29.580819Z
R1,398,saturated,,true,1091.000,6.539,9.889,13.920,50037.916,50261.106,50301.891,220303,541189,100646912,33325056,49905,221477,2026-08-01T17:48:29.580819Z
R1,399,saturated,,true,1069.000,6.616,10.475,13.143,50104.897,50329.492,50366.972,222492,542526,101048320,33431552,49909,223624,2026-08-01T17:48:29.580819Z
R1,400,saturated,,true,606.000,8.787,48.639,144.441,50389.381,50765.706,50794.334,224355,543344,101310464,33505280,49954,224887,2026-08-01T17:48:29.580819Z
R1,401,saturated,,true,848.000,8.361,23.189,40.854,50931.573,51122.707,51176.307,225649,545583,101621760,33603584,49956,226567,2026-08-01T17:49:29.559618Z
R1,402,saturated,,true,891.000,7.842,18.264,32.782,50978.469,51238.059,51274.923,227512,546499,101957632,33693696,49976,228354,2026-08-01T17:49:29.559618Z
R1,403,saturated,,true,449.000,9.123,89.088,117.454,51647.143,51823.713,51844.692,228364,546499,101974016,33693696,49671,228728,2026-08-01T17:49:29.559618Z
R1,404,saturated,,true,606.000,10.283,55.186,103.106,52201.657,52488.203,52514.347,229787,547112,102301696,33800192,49928,230461,2026-08-01T17:49:29.559618Z
R1,405,saturated,,true,972.000,7.758,13.944,19.329,52428.348,52650.455,52681.094,231488,547973,102694912,33873920,49922,232414,2026-08-01T17:49:29.559618Z
R1,406,saturated,,true,1050.000,6.851,11.727,14.715,52558.880,52797.563,52835.869,233545,548942,103071744,33988608,49927,234521,2026-08-01T17:49:29.559618Z
R1,407,saturated,,true,1001.000,7.107,14.205,25.467,52822.351,53128.863,53169.061,235654,550248,103448576,34086912,49931,236529,2026-08-01T17:49:29.559618Z
R1,408,saturated,,true,1027.000,7.127,11.576,15.857,53032.432,53310.529,53350.478,237627,551254,103849984,34193408,49929,238597,2026-08-01T17:49:29.559618Z
R1,409,saturated,,true,1041.000,7.085,11.449,14.770,53240.973,53469.304,53488.623,239724,552282,104235008,34283520,49930,240675,2026-08-01T17:49:29.559618Z
R1,410,saturated,,true,633.000,10.073,34.830,140.963,53534.002,53869.902,53903.566,241506,553067,104472576,34357248,49958,241955,2026-08-01T17:49:29.559618Z
R1,411,saturated,,true,934.000,7.812,16.519,39.449,53979.372,54213.236,54242.752,243016,553726,104833024,34455552,49947,243809,2026-08-01T17:49:29.559618Z
R1,412,saturated,,true,763.000,8.504,32.152,50.331,54305.875,54639.973,54674.977,244792,554900,105103360,34529280,49940,245354,2026-08-01T17:49:29.559618Z
R1,413,saturated,,true,864.000,8.594,18.711,28.048,54722.226,55092.704,55126.618,246418,555863,105455616,34603008,49936,247090,2026-08-01T17:49:29.559618Z
R1,414,saturated,,true,1062.000,6.909,11.173,14.518,54977.948,55235.343,55272.328,248341,556787,105840640,34709504,49932,249216,2026-08-01T17:49:29.559618Z
R1,415,saturated,,true,1001.000,7.320,12.882,18.363,54739.363,54984.216,55165.535,250427,557845,106242048,34816000,49932,251224,2026-08-01T17:49:29.559618Z
R1,416,saturated,,true,771.000,9.364,27.725,51.157,54603.265,54986.847,55024.768,251514,557845,106397696,34856960,49941,252152,2026-08-01T17:49:29.559618Z
R1,417,saturated,,true,996.000,7.587,13.281,18.702,54911.241,55136.324,55163.344,253089,558811,106700800,34938880,49936,253761,2026-08-01T17:49:29.559618Z
R1,418,saturated,,true,1023.000,7.296,11.865,15.437,54942.750,55164.301,55183.775,255102,560094,107085824,35045376,49936,255806,2026-08-01T17:49:29.559618Z
R1,419,saturated,,true,1010.000,7.420,12.473,15.666,55022.909,55249.198,55289.497,257147,561630,107462656,35143680,49936,257853,2026-08-01T17:49:29.559618Z
R1,420,saturated,,true,662.000,9.164,37.617,164.198,55331.041,55645.463,55673.120,258962,561630,107716608,35209216,49935,259360,2026-08-01T17:49:29.559618Z
R1,421,saturated,,true,957.000,8.070,14.674,18.409,55544.349,55799.800,55839.253,260475,562132,108101632,35315712,49950,261190,2026-08-01T17:49:29.559618Z
R1,422,saturated,,true,742.000,10.131,26.233,67.268,55883.255,56134.735,56165.404,262295,563294,108404736,35397632,49946,262791,2026-08-01T17:49:29.559618Z
R1,423,saturated,,true,949.000,8.330,14.423,17.651,56045.494,56268.681,56290.802,263782,564110,108707840,35479552,49947,264536,2026-08-01T17:49:29.559618Z
R1,424,saturated,,true,813.000,10.249,20.494,26.437,56215.704,56545.896,56579.559,265730,565447,109076480,35577856,49951,266407,2026-08-01T17:49:29.559618Z
R1,425,saturated,,true,905.000,9.171,15.642,19.133,56467.758,56691.537,56732.501,267313,566266,109371392,35659776,49945,268022,2026-08-01T17:49:29.559618Z
R1,426,saturated,,true,937.000,8.363,14.556,19.624,56716.138,56943.795,56978.788,269113,567166,109740032,35749888,49942,269863,2026-08-01T17:49:29.559618Z
R1,427,saturated,,true,764.000,11.267,20.521,33.963,56633.871,56804.123,56842.641,270857,568100,110043136,35831808,49951,271586,2026-08-01T17:49:29.559618Z
R1,428,saturated,,true,822.000,9.606,20.284,27.429,56695.193,56969.221,57003.246,272404,569126,110354432,35913728,49960,273256,2026-08-01T17:49:29.559618Z
R1,429,saturated,,true,878.000,9.002,17.099,39.670,56884.159,57120.594,57161.024,274056,569701,110690304,35995648,49948,274899,2026-08-01T17:49:29.559618Z
R1,430,saturated,,true,636.000,10.705,32.882,105.618,57251.219,57620.942,57659.563,275569,570570,110944256,36061184,49966,276287,2026-08-01T17:49:29.559618Z
R1,431,saturated,,true,915.000,8.721,15.364,18.699,57456.228,57705.951,57741.439,276967,571683,111263744,36143104,49960,277999,2026-08-01T17:49:29.559618Z
R1,432,saturated,,true,631.000,14.705,32.567,45.833,57850.151,58110.270,58148.647,278684,572128,111517696,36225024,49960,279459,2026-08-01T17:49:29.559618Z
R1,433,saturated,,true,775.000,10.679,18.027,25.545,58098.487,58401.265,58430.939,280083,573152,111804416,36315136,49575,280931,2026-08-01T17:49:29.559618Z
R1,434,saturated,,true,654.000,12.275,31.382,104.333,58496.278,58754.743,58786.620,281568,573570,112074752,36380672,49968,282330,2026-08-01T17:49:29.559618Z
R1,435,saturated,,true,853.000,9.840,18.639,22.886,58917.351,59139.585,59159.523,282981,574456,112361472,36454400,49956,283812,2026-08-01T17:49:29.559618Z
R1,436,saturated,,true,863.000,9.518,17.667,20.987,59181.136,59468.996,59505.073,284607,575459,112672768,36544512,49953,285564,2026-08-01T17:49:29.559618Z
R1,437,saturated,,true,849.000,9.358,18.067,36.259,59356.981,59574.746,59615.083,286369,576345,113016832,36626432,49952,287337,2026-08-01T17:49:29.559618Z
R1,438,saturated,,true,895.000,8.909,16.643,26.121,59515.427,59659.041,59685.838,288047,577220,113344512,36724736,49963,289082,2026-08-01T17:49:29.559618Z
R1,439,saturated,,true,914.000,9.084,15.275,21.683,56465.691,59774.206,59803.091,289789,577220,113688576,36823040,49954,290843,2026-08-01T17:49:29.559618Z
R1,440,saturated,,true,536.000,11.228,61.158,110.347,56139.578,56423.089,56522.648,291578,578084,113934336,36896768,49738,292374,2026-08-01T17:49:29.559618Z
R1,441,saturated,,true,753.000,9.697,45.114,71.123,56517.010,56767.401,56802.415,292802,578883,114163712,36945920,49956,293453,2026-08-01T17:49:29.559618Z
R1,442,saturated,,true,911.000,8.916,15.456,19.238,56665.338,56889.296,56907.573,294253,579853,114507776,37044224,49958,295299,2026-08-01T17:49:29.559618Z
R1,443,saturated,,true,946.000,8.522,14.239,18.088,56791.793,57026.995,57061.011,296101,580765,114860032,37126144,49960,297171,2026-08-01T17:49:29.559618Z
R1,444,saturated,,true,855.000,9.466,18.346,26.203,56938.970,57222.395,57260.293,297996,581712,115228672,37216256,49967,299030,2026-08-01T17:49:29.559618Z
R1,445,saturated,,true,732.000,11.753,22.892,58.738,57350.833,57558.686,57585.231,299612,582577,115490816,37298176,49968,300510,2026-08-01T17:49:29.559618Z
R1,446,saturated,,true,761.000,11.736,20.635,25.121,57474.105,57699.601,57743.529,301107,583566,115777536,37371904,49971,302049,2026-08-01T17:49:29.559618Z
R1,447,saturated,,true,752.000,10.440,25.857,57.935,57734.708,57906.214,57934.338,302654,584070,116056064,37437440,49974,303488,2026-08-01T17:49:29.559618Z
R1,448,saturated,,true,917.000,8.842,15.893,19.686,57054.709,57287.845,57374.178,303996,584070,116383744,37527552,49974,305245,2026-08-01T17:49:29.559618Z
R1,449,saturated,,true,855.000,10.236,17.869,23.811,57194.105,57465.169,57499.289,305804,585278,116703232,37617664,49968,306988,2026-08-01T17:49:29.559618Z
R1,450,saturated,,true,649.000,10.971,26.422,170.236,57346.224,57660.004,57691.765,307523,586156,116981760,37683200,49971,308450,2026-08-01T17:49:29.559618Z
R1,451,saturated,,true,911.000,8.970,16.284,20.154,57651.419,57901.133,57937.993,308907,587246,117309440,37756928,49971,310102,2026-08-01T17:49:29.559618Z
R1,452,saturated,,true,618.000,11.434,42.313,64.708,57868.891,58214.995,58252.046,310671,587246,117563392,37830656,49770,311766,2026-08-01T17:49:29.559618Z
R1,453,saturated,,true,790.000,9.989,28.178,49.285,58404.795,58606.741,58641.017,312025,588154,117833728,37904384,49978,312932,2026-08-01T17:49:29.559618Z
R1,454,saturated,,true,917.000,8.968,15.632,19.523,58571.940,58829.969,58870.132,313525,589117,118161408,37994496,49982,314757,2026-08-01T17:49:29.559618Z
R1,455,saturated,,true,888.000,9.402,16.418,20.067,58742.816,58964.264,58999.401,315370,590025,118530048,38092800,49794,316574,2026-08-01T17:49:29.559618Z
R1,456,saturated,,true,919.000,9.055,15.447,18.704,58823.640,59043.463,59063.409,317162,590935,118857728,38182912,49518,318384,2026-08-01T17:49:29.559618Z
R1,457,saturated,,true,881.000,9.399,17.248,21.291,58987.724,59240.908,59275.512,318992,591831,119193600,38264832,49980,320170,2026-08-01T17:49:29.559618Z
R1,458,saturated,,true,891.000,9.329,16.176,20.466,59218.369,59466.449,59499.108,320768,593178,119521280,38363136,49788,321971,2026-08-01T17:49:29.559618Z
R1,459,saturated,,true,884.000,9.492,16.673,21.378,59279.152,59553.416,59596.395,322576,594072,119848960,38453248,49983,323751,2026-08-01T17:49:29.559618Z
R1,460,saturated,,true,601.000,12.563,44.649,111.087,59231.271,59524.875,59555.665,324332,594954,120143872,38510592,49658,325166,2026-08-01T17:49:29.559618Z
R1,461,saturated,,true,726.000,12.145,25.371,36.088,59463.815,59748.455,59783.439,325550,595884,120307712,38584320,49588,326467,2026-08-01T17:49:29.559618Z
R1,462,saturated,,true,889.000,9.541,16.280,20.107,59526.714,59763.857,59794.811,326774,595581,120750080,38674432,49544,328192,2026-08-01T17:50:29.602796Z
R1,463,saturated,,true,841.000,10.024,18.254,21.935,58895.298,59224.115,59253.509,328553,595581,121126912,38756352,49570,329927,2026-08-01T17:50:29.602796Z
R1,464,saturated,,true,780.000,11.395,20.493,26.514,58819.176,59035.239,59065.042,330258,596446,121446400,38838272,49613,331573,2026-08-01T17:50:29.602796Z
R1,465,saturated,,true,829.000,10.703,18.905,23.593,59059.286,59336.481,59377.317,331840,597272,121700352,38920192,49577,333170,2026-08-01T17:50:29.602796Z
R1,466,saturated,,true,663.000,11.667,35.447,77.602,59402.670,59593.989,59624.934,333437,598062,121954304,38985728,49631,334614,2026-08-01T17:50:29.602796Z
R1,467,saturated,,true,709.000,10.641,30.955,89.090,59683.127,60015.009,60045.873,334873,599035,122298368,39067648,49700,336166,2026-08-01T17:50:29.602796Z
R1,468,saturated,,true,817.000,10.612,18.979,22.785,59852.322,60109.615,60150.410,336360,599849,122601472,39141376,49587,337575,2026-08-01T17:50:29.602796Z
R1,469,saturated,,true,313.000,16.402,105.989,202.029,60219.310,60575.434,60611.087,337873,600664,122798080,39190528,49858,338736,2026-08-01T17:50:29.602796Z
R1,470,saturated,,true,43.000,353.285,771.256,799.731,60933.914,61533.865,61560.248,338445,600664,122847232,39190528,49962,338981,2026-08-01T17:50:29.602796Z
R1,471,saturated,,true,193.000,37.441,90.024,606.949,61865.049,62201.891,62214.662,338701,600988,122880000,39223296,49917,339377,2026-08-01T17:50:29.602796Z
R1,472,saturated,,true,33.000,208.073,917.495,918.941,63240.630,63549.117,63549.175,339033,600988,122880000,39223296,49968,339432,2026-08-01T17:50:29.602796Z
R1,473,saturated,,true,178.000,41.988,225.724,354.855,64241.594,64470.912,64489.166,339157,601141,122896384,39231488,49947,339589,2026-08-01T17:50:29.602796Z
R1,474,saturated,,true,495.000,18.494,55.900,84.247,64653.825,65002.088,65033.882,339498,601303,123092992,39264256,49947,340285,2026-08-01T17:50:29.602796Z
R1,475,saturated,,true,360.000,17.870,58.187,140.107,64917.012,65165.810,65195.541,340433,601563,123289600,39329792,49804,341366,2026-08-01T17:50:29.602796Z
R1,476,saturated,,true,358.000,21.378,177.327,313.438,65573.757,65890.775,65912.751,341262,602092,123355136,39337984,49933,341793,2026-08-01T17:50:29.602796Z
R1,477,saturated,,true,301.000,24.518,77.866,108.543,65952.480,66431.883,66528.540,341776,602584,123543552,39387136,49842,342662,2026-08-01T17:50:29.602796Z
R1,478,saturated,,true,428.000,21.180,81.035,167.648,66719.583,66981.325,67028.907,342578,603095,123600896,39411712,49955,343318,2026-08-01T17:50:29.602796Z
R1,479,saturated,,true,571.000,14.177,42.307,97.158,67119.407,67501.961,67533.733,343367,603095,123830272,39477248,49932,344483,2026-08-01T17:50:29.602796Z
R1,480,saturated,,true,445.000,19.599,51.331,120.456,67409.689,67746.910,67782.653,344427,603655,124051456,39518208,49943,345380,2026-08-01T17:50:29.602796Z
R1,481,saturated,,true,690.000,12.498,32.174,47.093,67849.639,68072.075,68103.277,345393,604145,124264448,39559168,49927,346461,2026-08-01T17:50:29.602796Z
R1,482,saturated,,true,486.000,12.298,48.249,124.209,67941.570,68357.381,68428.207,346560,605009,124526592,39641088,49812,347848,2026-08-01T17:50:29.602796Z
R1,483,saturated,,true,416.000,20.920,98.435,172.889,68778.569,69028.005,69042.209,347638,605387,124575744,39665664,49933,348518,2026-08-01T17:50:29.602796Z
R1,484,saturated,,true,644.000,14.119,29.940,36.619,69241.221,69507.650,69542.290,348262,605920,124796928,39731200,49939,349678,2026-08-01T17:50:29.602796Z
R1,485,saturated,,true,793.000,11.089,20.400,26.681,69464.413,69717.010,69757.532,349506,605920,125067264,39796736,49925,351166,2026-08-01T17:50:29.602796Z
R1,486,saturated,,true,808.000,10.972,19.632,23.739,69537.002,69789.188,69828.768,351039,606933,125452288,39870464,49931,352809,2026-08-01T17:50:29.602796Z
R1,487,saturated,,true,566.000,16.222,37.121,59.552,69805.886,70017.772,70041.180,352686,607755,125689856,39944192,49944,354056,2026-08-01T17:50:29.602796Z
R1,488,saturated,,true,680.000,13.173,28.055,37.885,70120.499,70473.657,70521.024,353892,608410,125935616,40017920,49948,355504,2026-08-01T17:50:29.602796Z
R1,489,saturated,,true,548.000,16.897,39.184,51.214,70543.378,70897.454,70934.815,355314,609117,126156800,40067072,49967,356573,2026-08-01T17:50:29.602796Z
R1,490,saturated,,true,179.000,31.969,285.806,314.933,71346.913,71523.461,71546.473,356425,609679,126214144,40099840,49972,357156,2026-08-01T17:50:29.602796Z
R1,491,saturated,,true,634.000,14.606,38.149,47.528,71844.118,72057.451,72098.954,356872,610055,126418944,40132608,49937,358051,2026-08-01T17:50:29.602796Z
R1,492,saturated,,true,705.000,12.822,25.737,44.844,71974.548,72272.596,72304.949,357987,610771,126672896,40206336,49942,359488,2026-08-01T17:50:29.602796Z
R1,493,saturated,,true,714.000,11.766,24.424,73.125,72079.965,72368.949,72401.933,359430,611800,126918656,40271872,49938,360902,2026-08-01T17:50:29.602796Z
R1,494,saturated,,true,653.000,13.720,26.001,31.694,72268.959,72511.858,72551.144,360850,611800,127164416,40353792,49973,362388,2026-08-01T17:50:29.602796Z
R1,495,saturated,,true,262.000,27.454,195.168,229.970,72576.051,72929.136,72974.433,362296,612558,127377408,40394752,49879,363248,2026-08-01T17:50:29.602796Z
R1,496,saturated,,true,220.000,28.541,267.491,300.326,73455.258,73693.367,73700.353,362946,613048,127434752,40427520,49880,363676,2026-08-01T17:50:29.602796Z
R1,497,saturated,,true,223.000,53.887,239.685,257.612,74241.623,74533.335,74543.843,363412,613048,127541248,40443904,49945,364003,2026-08-01T17:50:29.602796Z
R1,498,saturated,,true,511.000,15.375,55.210,76.316,74663.043,74924.422,75010.239,363870,613384,127680512,40493056,49757,365065,2026-08-01T17:50:29.602796Z
R1,499,saturated,,true,642.000,14.824,33.555,63.498,75213.961,75462.607,75497.590,364929,613883,127877120,40542208,49954,366041,2026-08-01T17:50:29.602796Z
R1,500,saturated,,true,390.000,17.840,77.229,222.663,75323.128,75944.103,75967.193,366205,613883,128065536,40583168,49976,367028,2026-08-01T17:50:29.602796Z
R1,501,saturated,,true,578.000,15.489,41.102,49.606,75949.050,76272.831,76298.773,366969,614725,128294912,40648704,49961,367955,2026-08-01T17:50:29.602796Z
R1,502,saturated,,true,694.000,13.445,25.916,33.011,76262.402,76487.923,76533.598,368154,615350,128540672,40714240,49957,369385,2026-08-01T17:50:29.602796Z
R1,503,saturated,,true,698.000,12.714,28.724,43.854,76497.394,76783.887,76817.920,369547,616388,128786432,40779776,49961,370711,2026-08-01T17:50:29.602796Z
R1,504,saturated,,true,678.000,14.244,26.306,36.394,76661.381,76879.988,76915.496,370964,617088,129048576,40845312,49955,372154,2026-08-01T17:50:29.602796Z
R1,505,saturated,,true,607.000,12.572,31.236,124.050,76739.577,77021.272,77036.071,372347,617760,129302528,40919040,49979,373611,2026-08-01T17:50:29.602796Z
R1,506,saturated,,true,264.000,35.248,96.453,141.103,77178.366,77460.709,77557.224,373520,618386,129474560,40960000,49882,374305,2026-08-01T17:50:29.602796Z
R1,507,saturated,,true,277.000,36.032,128.786,178.066,78167.493,78497.941,78521.632,374030,618742,129540096,40976384,49795,374697,2026-08-01T17:50:29.602796Z
R1,508,saturated,,true,690.000,13.234,28.962,45.481,78441.255,78701.568,78733.072,374741,618742,129753088,41033728,49596,375820,2026-08-01T17:50:29.602796Z
R1,509,saturated,,true,719.000,12.976,24.604,29.363,78414.782,78629.866,78650.698,376190,619236,130031616,41107456,49975,377245,2026-08-01T17:50:29.602796Z
R1,510,saturated,,true,488.000,16.616,57.047,184.595,78682.452,78978.279,79022.792,377658,620334,130252800,41156608,49981,378411,2026-08-01T17:50:29.602796Z
R1,511,saturated,,true,689.000,13.343,29.764,42.419,78952.121,79226.119,79258.410,378631,620334,130482176,41222144,49971,379608,2026-08-01T17:50:29.602796Z
R1,512,saturated,,true,755.000,12.074,22.121,28.052,78858.071,79118.146,79140.559,380091,621167,130736128,41295872,49973,381132,2026-08-01T17:50:29.602796Z
R1,513,saturated,,true,752.000,12.173,22.807,29.093,78895.610,79070.959,79097.660,381594,621901,131006464,41369600,49857,382636,2026-08-01T17:50:29.602796Z
R1,514,saturated,,true,779.000,11.898,20.606,24.882,78795.053,79012.813,79025.038,383135,622649,131293184,41435136,49976,384184,2026-08-01T17:50:29.602796Z
R1,515,saturated,,true,755.000,12.276,22.246,31.197,78925.884,79141.954,79176.095,384659,623798,131571712,41508864,49974,385702,2026-08-01T17:50:29.602796Z
R1,516,saturated,,true,746.000,12.388,24.840,36.231,79069.291,79321.099,79362.840,386207,624552,131907584,41590784,49969,387234,2026-08-01T17:50:29.602796Z
R1,517,saturated,,true,744.000,12.956,23.830,30.395,79211.838,79475.620,79518.096,387706,625298,132169728,41656320,49974,388730,2026-08-01T17:50:29.602796Z
R1,518,saturated,,true,742.000,12.580,22.635,27.236,79329.785,79564.519,79605.886,389199,626042,132440064,41730048,49864,390201,2026-08-01T17:50:29.602796Z
R1,519,saturated,,true,722.000,13.167,25.396,34.448,79561.575,79829.728,79870.671,390648,626792,132710400,41803776,49975,391650,2026-08-01T17:50:29.602796Z
R1,520,saturated,,true,490.000,16.957,53.223,145.028,79620.134,79868.278,79900.276,392090,627511,132947968,41869312,49985,392799,2026-08-01T17:50:29.602796Z
R1,521,saturated,,true,641.000,14.269,37.719,58.755,79672.687,79987.647,80020.228,393124,627511,133177344,41926656,49975,394072,2026-08-01T17:50:29.602796Z
R1,522,saturated,,true,527.000,14.361,39.260,71.157,79982.094,80235.762,80312.171,394209,628783,133365760,41984000,49781,395310,2026-08-01T17:51:30.049551Z
R1,523,saturated,,true,661.000,13.447,40.198,159.418,80403.704,80674.317,80706.834,395218,629396,133431296,42049536,49607,396310,2026-08-01T17:51:30.049551Z
R1,524,saturated,,true,595.000,13.603,39.294,125.279,80751.278,80984.736,81015.161,396621,630259,133677056,42098688,49975,397550,2026-08-01T17:51:30.049551Z
R1,525,saturated,,true,731.000,12.974,23.841,29.476,81002.282,81258.325,81303.691,397906,630855,134029312,42180608,49623,398995,2026-08-01T17:51:30.049551Z
R1,526,saturated,,true,726.000,12.683,24.922,38.057,81139.183,81345.484,81377.793,399336,631846,134316032,42237952,49606,400426,2026-08-01T17:51:30.049551Z
R1,527,saturated,,true,698.000,13.899,28.749,34.607,81144.344,81374.111,81411.247,400838,632312,134578176,42319872,49916,401925,2026-08-01T17:51:30.049551Z
R1,528,saturated,,true,658.000,14.967,28.936,40.291,81265.529,81468.618,81488.987,402178,633347,134815744,42393600,49982,403222,2026-08-01T17:51:30.049551Z
R1,529,saturated,,true,713.000,13.270,23.747,28.884,81338.581,81553.718,81587.644,403481,633347,135061504,42459136,49637,404618,2026-08-01T17:51:30.049551Z
R1,530,saturated,,true,445.000,18.845,52.238,134.419,81672.545,81912.951,81994.034,404723,634034,135290880,42508288,49779,405655,2026-08-01T17:51:30.049551Z
R1,531,saturated,,true,410.000,17.296,78.811,114.130,82172.515,82356.475,82469.837,405622,634616,135454720,42557440,49871,406640,2026-08-01T17:51:30.049551Z
R1,532,saturated,,true,513.000,17.410,79.184,134.039,82787.536,82990.981,83012.371,406335,635129,135553024,42590208,49651,407383,2026-08-01T17:51:30.049551Z
R1,533,saturated,,true,658.000,14.994,29.359,37.047,82929.178,83169.828,83208.782,407514,635755,135790592,42639360,49638,408688,2026-08-01T17:51:30.049551Z
R1,534,saturated,,true,638.000,14.304,34.610,52.502,83016.643,83319.587,83386.513,408893,635755,136036352,42721280,49704,410081,2026-08-01T17:51:30.049551Z
R1,535,saturated,,true,709.000,13.315,23.745,28.349,83251.103,83506.796,83541.646,410138,636764,136273920,42786816,49626,411363,2026-08-01T17:51:30.049551Z
R1,536,saturated,,true,700.000,13.518,24.347,29.786,83231.504,83510.684,83546.802,411534,637398,136568832,42860544,49889,412782,2026-08-01T17:51:30.049551Z
R1,537,saturated,,true,681.000,14.318,25.078,32.103,83285.734,83511.722,83550.716,412949,638363,136871936,42926080,49655,414182,2026-08-01T17:51:30.049551Z
R1,538,saturated,,true,628.000,15.795,28.372,35.583,83627.859,83941.710,83981.900,414215,638810,137125888,42991616,49683,415468,2026-08-01T17:51:30.049551Z
R1,539,saturated,,true,640.000,15.843,30.078,36.767,83852.609,84122.826,84163.436,415443,639720,137347072,43065344,49689,416755,2026-08-01T17:51:30.049551Z
R1,540,saturated,,true,414.000,21.987,77.751,116.733,84241.785,84486.194,84517.401,416653,640105,137494528,43106304,49812,417736,2026-08-01T17:51:30.049551Z
R1,541,saturated,,true,609.000,16.369,35.165,51.542,84771.491,84989.606,85007.380,417558,640831,137691136,43147264,49655,418791,2026-08-01T17:51:30.049551Z
R1,542,saturated,,true,644.000,15.886,27.967,35.000,85044.664,85317.909,85359.276,418737,641436,137936896,43220992,49663,420083,2026-08-01T17:51:30.049551Z
R1,543,saturated,,true,705.000,13.835,25.099,29.997,85265.920,85491.174,85515.932,420085,642081,138190848,43294720,49642,421462,2026-08-01T17:51:30.049551Z
R1,544,saturated,,true,638.000,15.477,31.906,46.250,85548.074,85845.182,85881.072,421442,642785,138452992,43352064,49670,422788,2026-08-01T17:51:30.049551Z
R1,545,saturated,,true,682.000,14.658,26.345,30.736,85784.041,86003.231,86046.880,422767,643762,138698752,43417600,49650,424111,2026-08-01T17:51:30.049551Z
R1,546,saturated,,true,594.000,15.864,37.709,55.368,85949.922,86180.429,86198.139,424089,644106,138928128,43474944,49677,425330,2026-08-01T17:51:30.049551Z
R1,547,saturated,,true,648.000,14.763,28.272,44.252,85960.492,86194.186,86212.502,425259,644106,139173888,43548672,49667,426617,2026-08-01T17:51:30.049551Z
R1,548,saturated,,true,618.000,16.322,32.963,41.001,86157.412,86434.516,86473.992,426507,645024,139427840,43606016,49712,427923,2026-08-01T17:51:30.049551Z
R1,549,saturated,,true,693.000,14.448,25.944,30.400,86387.960,86642.835,86686.752,427791,645941,139681792,43663360,49646,429249,2026-08-01T17:51:30.049551Z
R1,550,saturated,,true,500.000,16.419,43.292,167.065,86706.406,86962.776,86980.632,429078,646570,139870208,43737088,49713,430314,2026-08-01T17:51:30.049551Z
R1,551,saturated,,true,674.000,14.680,26.652,33.323,87000.702,87238.956,87280.265,430140,646881,140124160,43794432,49651,431608,2026-08-01T17:51:30.049551Z
R1,552,saturated,,true,641.000,15.166,30.498,45.432,87232.005,87443.484,87487.298,431450,647494,140361728,43851776,49647,432885,2026-08-01T17:51:30.049551Z
R1,553,saturated,,true,570.000,16.941,43.650,58.432,87372.470,87686.202,87756.321,432764,648478,140607488,43917312,49750,434149,2026-08-01T17:51:30.049551Z
R1,554,saturated,,true,611.000,16.907,30.758,36.551,87565.253,87794.252,87828.469,433923,649307,140820480,43982848,49701,435317,2026-08-01T17:51:30.049551Z
R1,555,saturated,,true,678.000,14.799,25.648,32.809,87711.696,87932.683,87978.445,435187,649660,141066240,44040192,49650,436624,2026-08-01T17:51:30.049551Z
R1,556,saturated,,true,697.000,14.193,26.285,31.178,87761.987,87975.015,87997.772,436465,650686,141336576,44105728,49650,438007,2026-08-01T17:51:30.049551Z
R1,557,saturated,,true,668.000,14.945,28.264,35.978,86591.995,88044.401,88081.534,437851,651039,141582336,44171264,49661,439366,2026-08-01T17:51:30.049551Z
R1,558,saturated,,true,697.000,14.628,25.509,32.034,83802.008,84246.493,84475.525,439224,651039,141844480,44244992,49652,440759,2026-08-01T17:51:30.049551Z
R1,559,saturated,,true,695.000,14.584,25.863,32.822,83034.932,83702.895,83743.607,440635,652053,142131200,44326912,49649,442151,2026-08-01T17:51:30.049551Z
R1,560,saturated,,true,509.000,18.332,56.561,84.523,82330.354,82707.535,82739.789,441930,652747,142311424,44376064,49739,443259,2026-08-01T17:51:30.049551Z
R1,561,saturated,,true,603.000,16.645,33.347,48.887,82125.304,82342.004,82372.237,443064,653344,142532608,44441600,49696,444468,2026-08-01T17:51:30.049551Z
R1,562,saturated,,true,663.000,15.280,30.381,49.133,81853.466,82221.744,82261.660,444251,653911,142761984,44507136,49661,445729,2026-08-01T17:51:30.049551Z
R1,563,saturated,,true,685.000,14.773,25.849,31.690,81604.983,81853.425,81890.322,445555,654876,143048704,44580864,49663,447105,2026-08-01T17:51:30.049551Z
R1,564,saturated,,true,654.000,15.552,28.297,36.874,81523.189,81919.678,81954.650,446864,655565,143310848,44638208,49694,448443,2026-08-01T17:51:30.049551Z
R1,565,saturated,,true,672.000,15.241,26.136,31.370,81010.196,81248.407,81291.229,448192,655565,143572992,44695552,49660,449758,2026-08-01T17:51:30.049551Z
R1,566,saturated,,true,664.000,15.289,28.451,35.964,81027.105,81247.703,81296.037,449548,656547,143826944,44761088,49676,451108,2026-08-01T17:51:30.049551Z
R1,567,saturated,,true,482.000,18.654,53.335,133.745,81290.501,81532.241,81561.262,450534,657554,144007168,44826624,49816,452194,2026-08-01T17:51:30.049551Z
R1,568,saturated,,true,483.000,15.999,30.044,50.423,81635.732,81812.652,81974.575,451648,657554,144228352,44875776,49843,453398,2026-08-01T17:51:30.049551Z
R1,569,saturated,,true,180.000,43.645,281.710,388.436,82505.021,82796.338,82836.509,452619,658358,144310272,44900352,49862,453604,2026-08-01T17:51:30.049551Z
R1,570,saturated,,true,320.000,19.736,116.023,175.161,82692.783,82918.918,83054.495,453027,658703,144392192,44941312,49895,454439,2026-08-01T17:51:30.049551Z
R1,571,saturated,,true,119.000,78.612,236.223,310.643,83377.649,83954.327,83954.368,453634,659015,144465920,44949504,49975,454697,2026-08-01T17:51:30.049551Z
R1,572,saturated,,true,454.000,19.712,70.048,414.616,84201.384,84484.395,84514.661,453900,659015,144588800,44974080,49718,455276,2026-08-01T17:51:30.049551Z
R1,573,saturated,,true,647.000,16.168,27.536,33.206,84199.843,84439.186,84475.328,454929,659302,144818176,45039616,49678,456503,2026-08-01T17:51:30.049551Z
R1,574,saturated,,true,668.000,15.478,27.995,34.356,83499.263,84273.360,84316.862,456250,659909,145063936,45088768,49671,457835,2026-08-01T17:51:30.049551Z
R1,575,saturated,,true,683.000,14.914,27.405,33.141,83251.592,83467.787,83500.978,457603,660920,145317888,45162496,49669,459211,2026-08-01T17:51:30.049551Z
R1,576,saturated,,true,669.000,14.890,26.808,35.199,83300.696,83519.674,83557.498,458984,661934,145555456,45236224,49681,460571,2026-08-01T17:51:30.049551Z
R1,577,saturated,,true,663.000,15.603,26.781,33.068,83350.284,83568.425,83605.966,460325,661934,145817600,45301760,49704,461908,2026-08-01T17:51:30.049551Z
R1,578,saturated,,true,649.000,15.717,29.068,36.924,83328.074,83640.987,83678.353,461645,662616,146055168,45367296,49686,463205,2026-08-01T17:51:30.049551Z
R1,579,saturated,,true,459.000,22.119,50.539,63.884,82277.904,82864.284,82922.432,462854,663250,146259968,45416448,49779,464282,2026-08-01T17:51:30.049551Z
R1,580,saturated,,true,299.000,27.555,130.616,290.142,81946.045,82437.693,82459.540,463840,664039,146399232,45457408,49857,464932,2026-08-01T17:51:30.049551Z
R1,581,saturated,,true,537.000,18.692,57.225,111.417,82276.242,82473.979,82490.008,464441,664039,146563072,45490176,49711,465851,2026-08-01T17:51:30.049551Z
R1,582,saturated,,true,622.000,16.838,30.629,38.943,82160.429,82489.347,82522.678,465877,664503,146915328,45555712,49718,467077,2026-08-01T17:52:29.833686Z
R1,583,saturated,,true,642.000,16.055,29.062,35.276,81843.115,82127.164,82167.946,467144,665430,147152896,45621248,49700,468353,2026-08-01T17:52:29.833686Z
R1,584,saturated,,true,581.000,16.974,35.667,73.078,81782.552,82029.505,82042.641,468438,665430,147398656,45678592,49763,469650,2026-08-01T17:52:29.833686Z
R1,585,saturated,,true,372.000,22.156,84.612,111.507,82100.380,82415.099,82506.703,469597,666398,147611648,45744128,49879,470573,2026-08-01T17:52:29.833686Z
R1,586,saturated,,true,496.000,20.633,53.684,109.535,82536.217,82886.647,82926.747,470279,666892,147701760,45785088,49780,471391,2026-08-01T17:52:29.833686Z
R1,587,saturated,,true,561.000,19.343,39.067,47.577,82772.208,82992.921,83026.091,471361,667523,147922944,45826048,49777,472502,2026-08-01T17:52:29.833686Z
R1,588,saturated,,true,616.000,17.153,32.660,36.711,82938.486,83189.821,83230.977,472507,668403,148152320,45891584,49724,473652,2026-08-01T17:52:29.833686Z
R1,589,saturated,,true,574.000,18.655,36.101,44.420,82429.053,83103.308,83140.063,473673,669000,148381696,45948928,49750,474818,2026-08-01T17:52:29.833686Z
R1,590,saturated,,true,368.000,25.368,95.571,209.341,82038.589,82431.947,82481.364,474787,669283,148561920,45998080,49821,475670,2026-08-01T17:52:29.833686Z
R1,591,saturated,,true,547.000,19.204,43.242,58.907,82387.031,82658.325,82694.052,475574,669283,148709376,46047232,49729,476636,2026-08-01T17:52:29.833686Z
R1,592,saturated,,true,596.000,17.585,30.518,37.561,82593.498,82836.494,82888.892,476768,669900,148938752,46112768,49737,477884,2026-08-01T17:52:29.833686Z
R1,593,saturated,,true,629.000,17.127,29.406,36.077,82490.930,82714.442,82751.450,477984,670796,149151744,46161920,49727,479094,2026-08-01T17:52:29.833686Z
R1,594,saturated,,true,598.000,17.829,31.838,39.734,82521.750,82756.726,82793.428,479252,671377,149397504,46227456,49754,480360,2026-08-01T17:52:29.833686Z
R1,595,saturated,,true,585.000,17.994,32.592,39.055,82755.847,82975.623,83007.240,480419,672018,149602304,46292992,49743,481526,2026-08-01T17:52:29.833686Z
R1,596,saturated,,true,556.000,19.601,33.612,40.606,82952.158,83219.425,83260.436,481575,672602,149823488,46342144,49756,482648,2026-08-01T17:52:29.833686Z
R1,597,saturated,,true,437.000,19.489,63.276,115.691,83180.459,83458.533,83488.653,482693,673436,150036480,46407680,49863,483760,2026-08-01T17:52:29.833686Z
R1,598,saturated,,true,610.000,16.910,34.237,133.845,83711.774,83934.036,83971.162,483599,673583,150249472,46456832,49716,484692,2026-08-01T17:52:29.833686Z
R1,599,saturated,,true,642.000,16.462,29.358,34.598,83805.287,84033.835,84071.432,484899,674471,150487040,46522368,49721,485979,2026-08-01T17:52:29.833686Z
R1,600,saturated,,true,482.000,18.536,44.065,166.900,84137.326,84475.480,84510.876,486064,674471,150683648,46555136,49758,486978,2026-08-01T17:52:29.833686Z
R1,601,saturated,,true,643.000,16.582,29.476,36.099,84294.736,84516.489,84546.868,487210,675063,150945792,46628864,49721,488247,2026-08-01T17:52:29.833686Z
R1,602,saturated,,true,629.000,16.568,31.484,40.875,84450.834,84669.079,84705.467,488372,675989,151175168,46678016,49737,489530,2026-08-01T17:52:29.833686Z
R1,603,saturated,,true,568.000,18.733,34.891,45.044,84696.290,84951.931,84987.132,489639,676614,151363584,46743552,49741,490678,2026-08-01T17:52:29.833686Z
R1,604,saturated,,true,591.000,18.415,33.495,43.551,84831.484,85041.506,85079.859,490767,677178,151584768,46809088,49758,491892,2026-08-01T17:52:29.833686Z
R1,605,saturated,,true,630.000,17.116,30.487,37.524,84924.077,85192.654,85229.912,491903,678092,151805952,46850048,49727,493098,2026-08-01T17:52:29.833686Z
R1,606,saturated,,true,633.000,17.013,29.921,38.421,84816.449,85039.926,85074.352,493158,678654,152035328,46923776,49722,494367,2026-08-01T17:52:29.833686Z
R1,607,saturated,,true,628.000,16.915,28.830,35.568,84707.546,85014.205,85033.946,494441,679037,152289280,46989312,49720,495640,2026-08-01T17:52:29.833686Z
R1,608,saturated,,true,597.000,17.805,31.944,40.062,84655.730,84873.113,84908.289,495691,679673,152510464,47046656,49737,496840,2026-08-01T17:52:29.833686Z
R1,609,saturated,,true,634.000,17.315,28.571,34.669,84667.735,84877.031,84909.950,496935,679673,152739840,47104000,49733,498118,2026-08-01T17:52:29.833686Z
R1,610,saturated,,true,329.000,26.347,125.710,140.987,85139.318,85437.028,85452.995,497886,680588,152887296,47144960,49801,498876,2026-08-01T17:52:29.833686Z
R1,611,saturated,,true,575.000,19.109,36.772,48.715,85358.547,85595.938,85630.151,498812,681218,153100288,47210496,49728,499928,2026-08-01T17:52:29.833686Z
R1,612,saturated,,true,546.000,18.879,35.027,56.090,85580.673,85841.754,85876.296,499906,681784,153329664,47259648,49764,501072,2026-08-01T17:52:29.833686Z
R1,613,saturated,,true,555.000,19.070,37.091,54.623,85831.378,86059.154,86103.516,501000,682607,153550848,47325184,49744,502160,2026-08-01T17:52:29.833686Z
R1,614,saturated,,true,560.000,20.300,35.452,42.404,85964.587,86201.508,86252.158,502169,682903,153747456,47366144,49780,503308,2026-08-01T17:52:29.833686Z
R1,615,saturated,,true,498.000,20.852,38.019,57.916,86203.731,86420.056,86464.654,503187,683702,153919488,47439872,49798,504361,2026-08-01T17:52:29.833686Z
R1,616,saturated,,true,372.000,20.612,94.480,159.611,86536.518,86858.844,86973.421,504079,683702,154091520,47472640,49900,505296,2026-08-01T17:52:29.833686Z
R1,617,saturated,,true,410.000,25.076,82.133,149.777,86742.000,87017.569,87099.139,504895,684185,154263552,47505408,49864,506026,2026-08-01T17:52:29.833686Z
R1,618,saturated,,true,298.000,31.718,82.913,167.886,86983.356,87268.197,87438.733,505653,684568,154353664,47554560,49918,506717,2026-08-01T17:52:29.833686Z
R1,619,saturated,,true,580.000,18.428,39.696,186.940,86988.776,87527.383,87550.400,506392,685023,154533888,47579136,49741,507622,2026-08-01T17:52:29.833686Z
R1,620,saturated,,true,466.000,21.972,43.044,139.780,87067.764,87344.541,87389.704,507508,685634,154746880,47636480,49804,508624,2026-08-01T17:52:29.833686Z
R1,621,saturated,,true,591.000,18.647,33.274,43.101,87279.824,87491.624,87512.404,508470,685634,154951680,47693824,49755,509751,2026-08-01T17:52:29.833686Z
R1,622,saturated,,true,600.000,18.125,32.168,38.669,87360.993,87575.455,87616.361,509678,686391,155181056,47751168,49752,510949,2026-08-01T17:52:29.833686Z
R1,623,saturated,,true,610.000,17.833,31.607,39.244,87476.393,87713.404,87757.663,510897,687286,155402240,47800320,49753,512186,2026-08-01T17:52:29.833686Z
R1,624,saturated,,true,593.000,18.351,31.730,37.899,87641.547,87881.793,87914.543,512056,687598,155639808,47874048,49763,513386,2026-08-01T17:52:29.833686Z
R1,625,saturated,,true,605.000,17.982,31.519,39.297,87750.353,87965.451,87996.421,513258,688206,155852800,47931392,49755,514575,2026-08-01T17:52:29.833686Z
R1,626,saturated,,true,610.000,17.372,30.759,37.734,87829.490,88037.728,88055.998,514410,689099,156073984,47988736,49747,515801,2026-08-01T17:52:29.833686Z
R1,627,saturated,,true,593.000,18.828,31.660,43.006,87875.139,88096.239,88129.715,515628,689699,156303360,48054272,49763,516989,2026-08-01T17:52:29.833686Z
R1,628,saturated,,true,601.000,18.204,31.113,38.981,87755.695,88113.649,88154.264,516833,690553,156499968,48128000,49756,518203,2026-08-01T17:52:29.833686Z
R1,629,saturated,,true,596.000,18.025,33.602,40.852,87596.910,87823.424,87860.168,517989,691161,156737536,48177152,49764,519399,2026-08-01T17:52:29.833686Z
R1,630,saturated,,true,443.000,21.098,41.545,203.203,87758.066,88058.617,88097.572,519093,691161,156917760,48218112,49783,520321,2026-08-01T17:52:29.833686Z
R1,631,saturated,,true,601.000,18.412,33.250,37.651,88007.089,88251.655,88305.457,520050,691674,157147136,48283648,49772,521502,2026-08-01T17:52:29.833686Z
R1,632,saturated,,true,594.000,17.652,33.039,38.899,88145.517,88369.435,88412.880,521197,692263,157376512,48340992,49774,522704,2026-08-01T17:52:29.833686Z
R1,633,saturated,,true,558.000,19.703,37.168,49.562,88251.732,88463.254,88482.755,522367,692858,157597696,48398336,49776,523829,2026-08-01T17:52:29.833686Z
R1,634,saturated,,true,576.000,19.344,33.116,41.670,88380.627,88632.680,88668.439,523503,693669,157835264,48463872,49783,525003,2026-08-01T17:52:29.833686Z
R1,635,saturated,,true,536.000,19.757,45.251,75.660,88482.739,88670.199,88708.440,524684,694248,158048256,48521216,49820,526172,2026-08-01T17:52:29.833686Z
R1,636,saturated,,true,570.000,19.036,35.141,44.702,88660.288,88871.796,88915.721,525719,694799,158220288,48570368,49770,527214,2026-08-01T17:52:29.833686Z
R1,637,saturated,,true,582.000,19.210,33.806,40.921,88756.823,88970.334,89009.401,526848,695380,158425088,48627712,49769,528379,2026-08-01T17:52:29.833686Z
R1,638,saturated,,true,558.000,20.187,35.141,40.839,88807.776,89054.258,89092.480,528036,695970,158646272,48685056,49786,529517,2026-08-01T17:52:29.833686Z
R1,639,saturated,,true,592.000,18.997,33.260,41.020,88894.399,89181.348,89223.772,529162,695970,158859264,48750592,49773,530687,2026-08-01T17:52:29.833686Z
R1,640,saturated,,true,356.000,24.609,118.630,199.405,89015.872,89446.212,89480.837,530236,696825,159039488,48791552,49867,531499,2026-08-01T17:52:29.833686Z
R1,641,saturated,,true,525.000,19.924,44.248,85.050,89377.369,89641.945,89674.343,530986,697274,159227904,48840704,49777,532465,2026-08-01T17:52:29.833686Z
R1,642,saturated,,true,558.000,18.900,37.531,53.949,89549.571,89808.159,89844.244,531823,697789,159391744,48881664,49770,533580,2026-08-01T17:53:29.871183Z
R1,643,saturated,,true,578.000,19.752,32.225,38.979,89619.555,89855.970,89898.949,532961,698342,159481856,48947200,49785,534749,2026-08-01T17:53:29.871183Z
R1,644,saturated,,true,554.000,19.968,33.819,41.255,89670.215,89880.466,89900.166,534119,698917,159703040,49004544,49786,535874,2026-08-01T17:53:29.871183Z
R1,645,saturated,,true,564.000,20.055,34.043,41.552,89746.644,89975.239,90004.315,535243,698917,159932416,49061888,49788,536997,2026-08-01T17:53:29.871183Z
R1,646,saturated,,true,476.000,23.166,51.240,77.490,90068.276,90361.241,90398.037,536320,699759,160153600,49111040,49791,537947,2026-08-01T17:53:29.871183Z
R1,647,saturated,,true,574.000,19.281,32.861,38.419,90231.231,90444.004,90487.821,537358,700523,160374784,49168384,49786,539113,2026-08-01T17:53:29.871183Z
R1,648,saturated,,true,550.000,21.751,34.166,40.591,90402.868,90643.224,90685.658,538505,701344,160595968,49233920,49798,540232,2026-08-01T17:53:29.871183Z
R1,649,saturated,,true,418.000,20.897,52.576,216.802,90629.169,90906.561,90966.145,539443,701344,160718848,49258496,49902,541115,2026-08-01T17:53:29.871183Z
R1,650,saturated,,true,188.000,37.242,171.714,287.031,91140.721,91357.332,91442.290,540216,701648,160841728,49291264,49969,541646,2026-08-01T17:53:29.871183Z
R1,651,saturated,,true,125.000,75.094,348.412,399.608,91878.825,92153.942,92167.177,540528,702022,160866304,49307648,49973,541742,2026-08-01T17:53:29.871183Z
R1,652,saturated,,true,135.000,35.073,903.332,953.543,93318.350,93451.795,93458.311,540818,702280,160882688,49315840,49889,542024,2026-08-01T17:53:29.871183Z
R1,653,saturated,,true,473.000,23.296,49.531,88.658,93437.277,93766.305,93798.387,541521,702530,161095680,49356800,49829,542912,2026-08-01T17:53:29.871183Z
R1,654,saturated,,true,99.000,35.920,699.843,712.661,93579.024,94384.213,94389.930,541730,702530,161128448,49389568,49971,543305,2026-08-01T17:53:29.871183Z
R1,655,saturated,,true,140.000,64.589,130.326,159.116,94540.829,94679.755,94715.111,542185,702970,161153024,49389568,49917,543470,2026-08-01T17:53:29.871183Z
R1,656,saturated,,true,172.000,59.156,514.183,551.237,95532.526,95922.578,95946.010,542510,703070,161284096,49405952,49954,543891,2026-08-01T17:53:29.871183Z
R1,657,saturated,,true,246.000,48.178,109.539,144.435,95932.610,96456.540,96470.067,542939,703284,161341440,49430528,49968,544395,2026-08-01T17:53:29.871183Z
R1,658,saturated,,true,280.000,43.009,89.618,119.906,96551.966,96891.856,96934.908,543461,703534,161456128,49463296,49946,544932,2026-08-01T17:53:29.871183Z
R1,659,saturated,,true,415.000,27.548,54.556,66.452,97041.818,97371.937,97433.774,544106,703534,161570816,49496064,49948,545764,2026-08-01T17:53:29.871183Z
R1,660,saturated,,true,273.000,34.564,172.267,274.912,97294.615,97923.891,97947.025,544936,704009,161726464,49528832,49947,546314,2026-08-01T17:53:29.871183Z
R1,661,saturated,,true,193.000,47.662,195.214,311.945,98000.420,98403.146,98460.408,545463,704486,161816576,49553408,49966,546770,2026-08-01T17:53:29.871183Z
R1,662,saturated,,true,308.000,27.092,98.233,142.265,98776.027,99009.498,99027.820,545813,704486,161890304,49569792,49787,547398,2026-08-01T17:53:29.871183Z
R1,663,saturated,,true,557.000,20.216,39.560,164.115,99200.805,99411.487,99444.761,546598,704831,162045952,49618944,49922,548364,2026-08-01T17:53:29.871183Z
R1,664,saturated,,true,555.000,20.599,35.443,44.552,99314.799,99528.267,99569.182,547724,705518,162275328,49684480,49918,549477,2026-08-01T17:53:29.871183Z
R1,665,saturated,,true,568.000,19.054,33.171,41.889,99469.008,99709.577,99750.551,548876,706074,162504704,49733632,49917,550611,2026-08-01T17:53:29.871183Z
R1,666,saturated,,true,515.000,21.166,38.847,49.607,99658.975,99891.517,99930.317,550010,706892,162725888,49782784,49945,551710,2026-08-01T17:53:29.871183Z
R1,667,saturated,,true,515.000,22.503,45.426,62.499,99784.666,100018.636,100055.906,551026,707183,162865152,49823744,49927,552696,2026-08-01T17:53:29.871183Z
R1,668,saturated,,true,522.000,21.797,39.406,52.809,99620.720,100046.512,100101.786,552088,707676,163069952,49897472,49924,553742,2026-08-01T17:53:29.871183Z
R1,669,saturated,,true,523.000,20.902,41.590,59.755,98845.670,99202.614,99382.251,553159,707676,163274752,49938432,49931,554797,2026-08-01T17:53:29.871183Z
R1,670,saturated,,true,254.000,30.033,185.349,213.355,97905.739,98387.561,98408.085,554079,708482,163454976,49963008,49951,555355,2026-08-01T17:53:29.871183Z
R1,671,saturated,,true,230.000,40.419,186.380,220.280,98430.419,98924.960,98934.202,554487,708937,163487744,49995776,49962,555836,2026-08-01T17:53:29.871183Z
R1,672,saturated,,true,266.000,30.253,94.817,141.915,98973.996,99221.925,99288.691,554581,709236,163528704,50012160,49826,556121,2026-08-01T17:53:29.871183Z
R1,673,saturated,,true,394.000,26.784,86.822,328.810,99620.811,99844.667,99891.499,555637,709378,163717120,50053120,49960,557160,2026-08-01T17:53:29.871183Z
R1,674,saturated,,true,424.000,29.608,50.226,62.970,99902.130,100216.822,100256.992,556539,709898,163913728,50102272,49948,557998,2026-08-01T17:53:29.871183Z
R1,675,saturated,,true,434.000,26.838,47.320,54.532,100273.155,100546.439,100588.295,557384,710524,164044800,50151424,49943,558844,2026-08-01T17:53:29.871183Z
R1,676,saturated,,true,402.000,24.351,71.867,107.926,100714.402,100908.584,100940.211,558252,710524,164192256,50184192,49936,559653,2026-08-01T17:53:29.871183Z
R1,677,saturated,,true,426.000,26.135,62.790,85.107,101095.470,101401.145,101425.628,559079,710951,164380672,50216960,49949,560511,2026-08-01T17:53:29.871183Z
R1,678,saturated,,true,204.000,45.554,106.254,142.087,101391.592,101776.670,101850.883,559682,711373,164462592,50249728,49919,561025,2026-08-01T17:53:29.871183Z
R1,679,saturated,,true,451.000,25.198,54.910,227.256,102156.590,102389.135,102428.523,560285,711744,164626432,50290688,49951,561836,2026-08-01T17:53:29.871183Z
R1,680,saturated,,true,161.000,24.741,292.820,315.494,102441.901,102566.216,102615.198,560420,711744,164675584,50298880,49982,562226,2026-08-01T17:53:29.871183Z
R1,681,saturated,,true,222.000,40.726,571.097,611.519,103544.232,103882.078,103927.579,561208,712231,164773888,50331648,49973,562647,2026-08-01T17:53:29.871183Z
R1,682,saturated,,true,537.000,21.488,37.871,48.465,103714.992,103970.770,104002.086,562011,712466,164945920,50372608,49947,563665,2026-08-01T17:53:29.871183Z
R1,683,saturated,,true,465.000,23.336,51.038,94.099,103879.036,104059.730,104116.272,563065,713143,165142528,50438144,49943,564607,2026-08-01T17:53:29.871183Z
R1,684,saturated,,true,423.000,24.399,70.574,105.006,103647.757,104109.388,104129.529,563950,713609,165306368,50470912,49977,565513,2026-08-01T17:53:29.871183Z
R1,685,saturated,,true,514.000,22.219,39.298,48.766,103621.466,103864.026,103891.603,564833,714061,165486592,50520064,49943,566487,2026-08-01T17:53:29.871183Z
R1,686,saturated,,true,547.000,20.946,36.342,41.843,103725.130,103939.965,103978.079,565913,714804,165683200,50569216,49945,567576,2026-08-01T17:53:29.871183Z
R1,687,saturated,,true,525.000,21.372,34.981,40.076,103871.627,104125.338,104166.456,566986,715349,165871616,50626560,49948,568644,2026-08-01T17:53:29.871183Z
R1,688,saturated,,true,490.000,21.029,44.350,120.087,104195.656,104384.062,104419.813,567958,715349,166076416,50667520,49947,569624,2026-08-01T17:53:29.871183Z
R1,689,saturated,,true,507.000,22.787,37.456,46.356,104218.414,104454.888,104475.811,569036,715837,166281216,50741248,49955,570665,2026-08-01T17:53:29.871183Z
R1,690,saturated,,true,207.000,24.805,173.774,176.901,104002.403,104416.899,104427.630,569499,716631,166346752,50749440,49962,571109,2026-08-01T17:53:29.871183Z
R1,691,saturated,,true,270.000,35.845,289.773,418.350,104925.980,105274.008,105291.713,570093,716846,166453248,50782208,49950,571594,2026-08-01T17:53:29.871183Z
R1,692,saturated,,true,545.000,20.234,38.129,52.361,105051.990,105270.356,105312.371,570978,717096,166649856,50823168,49950,572694,2026-08-01T17:53:29.871183Z
R1,693,saturated,,true,546.000,20.693,34.541,43.470,105057.179,105286.872,105320.751,572112,717646,166854656,50888704,49955,573799,2026-08-01T17:53:29.871183Z
R1,694,saturated,,true,501.000,23.058,41.203,66.943,105183.560,105420.777,105452.195,573158,717646,167043072,50929664,49957,574805,2026-08-01T17:53:29.871183Z
R1,695,saturated,,true,485.000,24.288,41.496,50.426,105316.304,105566.813,105625.282,574165,718430,167239680,50995200,49955,575786,2026-08-01T17:53:29.871183Z
R1,696,saturated,,true,504.000,22.525,39.398,48.651,105100.603,105322.413,105406.718,575167,718943,167428096,51036160,49961,576798,2026-08-01T17:53:29.871183Z
R1,697,saturated,,true,528.000,21.880,35.387,41.749,105177.724,105398.122,105406.613,576199,719686,167608320,51093504,49962,577855,2026-08-01T17:53:29.871183Z
R1,698,saturated,,true,506.000,22.598,39.398,48.417,105291.349,105522.849,105557.279,577199,720218,167813120,51142656,49956,578871,2026-08-01T17:53:29.871183Z
R1,699,saturated,,true,400.000,23.918,70.551,228.776,105595.499,105869.422,105906.739,578148,720723,167976960,51175424,49961,579673,2026-08-01T17:53:29.871183Z
R1,700,saturated,,true,345.000,28.990,113.069,161.644,105954.104,106365.335,106406.422,578888,720723,168099840,51224576,49967,580389,2026-08-01T17:53:29.871183Z
R1,701,saturated,,true,437.000,27.428,54.553,75.860,106363.147,106633.236,106662.978,579564,721356,168255488,51257344,49960,581244,2026-08-01T17:53:29.871183Z
R1,702,saturated,,true,482.000,24.137,41.120,50.659,106587.333,106800.581,106832.895,580608,722153,168443904,51306496,49964,582222,2026-08-01T17:54:30.057756Z
R1,703,saturated,,true,490.000,23.355,39.241,51.756,106706.637,106918.658,106937.568,581588,722640,168607744,51363840,49962,583187,2026-08-01T17:54:30.057756Z
R1,704,saturated,,true,507.000,23.279,40.719,51.430,106714.955,107014.406,107029.549,582612,722640,168771584,51404800,49968,584210,2026-08-01T17:54:30.057756Z
R1,705,saturated,,true,528.000,21.390,35.299,41.789,106674.107,106892.812,106909.356,583649,723379,168992768,51470336,49965,585274,2026-08-01T17:54:30.057756Z
R1,706,saturated,,true,522.000,21.675,38.511,47.231,106833.298,107094.426,107143.700,584712,724164,169222144,51511296,49962,586324,2026-08-01T17:54:30.057756Z
R1,707,saturated,,true,538.000,21.901,37.472,41.907,106951.696,107198.838,107242.590,585734,724684,169443328,51576832,49964,587405,2026-08-01T17:54:30.057756Z
R1,708,saturated,,true,475.000,24.614,42.194,53.350,107014.412,107308.774,107338.330,586674,724684,169615360,51617792,49967,588380,2026-08-01T17:54:30.057756Z
R1,709,saturated,,true,424.000,24.328,52.772,123.921,107163.264,107441.396,107474.422,587623,725464,169730048,51658752,49805,589249,2026-08-01T17:54:30.057756Z
R1,710,saturated,,true,258.000,31.857,197.647,299.128,107661.711,107853.824,108067.913,588353,725965,169893888,51707904,49931,589788,2026-08-01T17:54:30.057756Z
R1,711,saturated,,true,379.000,30.737,83.778,107.292,108278.176,108493.746,108529.896,588918,726344,169967616,51732480,49975,590505,2026-08-01T17:54:30.057756Z
R1,712,saturated,,true,514.000,22.385,38.956,47.054,108439.133,108654.135,108693.227,589831,726768,170180608,51773440,49971,591547,2026-08-01T17:54:30.057756Z
R1,713,saturated,,true,513.000,22.292,41.772,50.046,108629.863,108847.553,108886.381,590877,727285,170401792,51830784,49981,592570,2026-08-01T17:54:30.057756Z
R1,714,saturated,,true,491.000,23.744,41.552,51.584,108740.868,109009.185,109043.282,591868,727285,170590208,51879936,49972,593560,2026-08-01T17:54:30.057756Z
R1,715,saturated,,true,492.000,23.319,41.075,53.014,108991.006,109267.130,109305.279,592879,728035,170754048,51937280,49977,594557,2026-08-01T17:54:30.057756Z
R1,716,saturated,,true,512.000,23.051,40.160,49.709,109170.232,109394.031,109419.704,593886,728786,170917888,51986432,49978,595574,2026-08-01T17:54:30.057756Z
R1,717,saturated,,true,521.000,22.245,38.382,48.979,109362.686,109619.569,109664.713,594876,729033,171130880,52027392,49979,596608,2026-08-01T17:54:30.057756Z
R1,718,saturated,,true,521.000,22.377,36.306,43.352,109510.179,109753.529,109792.349,595884,729553,171360256,52092928,49976,597666,2026-08-01T17:54:30.057756Z
R1,719,saturated,,true,511.000,23.136,40.942,49.294,109635.713,109870.180,109904.742,596937,730075,171548672,52142080,49977,598685,2026-08-01T17:54:30.057756Z
R1,720,saturated,,true,370.000,25.610,65.440,212.574,109610.604,109865.847,109882.626,597866,730848,171663360,52166656,49829,599438,2026-08-01T17:54:30.057756Z
R1,721,saturated,,true,504.000,23.734,40.731,50.015,109707.849,109924.672,109952.902,598663,730848,171851776,52224000,49977,600441,2026-08-01T17:54:30.057756Z
R1,722,saturated,,true,516.000,23.103,36.340,42.988,109827.396,110044.736,110081.115,599695,731480,172072960,52281344,49725,601474,2026-08-01T17:54:30.057756Z
R1,723,saturated,,true,515.000,23.095,39.857,45.061,109871.603,110110.724,110144.577,600735,731982,172269568,52330496,49978,602510,2026-08-01T17:54:30.057756Z
R1,724,saturated,,true,513.000,22.741,37.109,40.830,110003.579,110228.937,110265.582,601781,732753,172449792,52387840,49981,603558,2026-08-01T17:54:30.057756Z
R1,725,saturated,,true,506.000,23.497,40.796,50.355,110065.044,110286.675,110317.753,602810,733267,172621824,52436992,49983,604561,2026-08-01T17:54:30.057756Z
R1,726,saturated,,true,500.000,23.283,39.336,50.422,109992.584,110222.204,110264.292,603823,733779,172810240,52486144,49732,605569,2026-08-01T17:54:30.057756Z
R1,727,saturated,,true,519.000,23.062,38.568,42.709,109690.367,109969.425,109995.782,604852,733779,173023232,52551680,49720,606610,2026-08-01T17:54:30.057756Z
R1,728,saturated,,true,486.000,23.908,46.649,59.439,109281.792,109632.292,109665.957,605879,734533,173228032,52576256,49758,607582,2026-08-01T17:54:30.057756Z
R1,729,saturated,,true,501.000,24.056,40.188,48.089,109322.524,109560.972,109598.274,606865,735283,173375488,52633600,49734,608580,2026-08-01T17:54:30.057756Z
R1,730,saturated,,true,297.000,27.052,114.380,270.927,109458.001,109820.681,109886.799,607752,735777,173531136,52666368,49983,609196,2026-08-01T17:54:30.057756Z
R1,731,saturated,,true,485.000,24.593,43.587,65.805,109766.482,110032.515,110070.899,608477,735777,173719552,52715520,49981,610160,2026-08-01T17:54:30.057756Z
R1,732,saturated,,true,460.000,26.444,50.036,67.259,110066.055,110298.533,110346.501,609433,736324,173858816,52764672,49759,611082,2026-08-01T17:54:30.057756Z
R1,733,saturated,,true,391.000,27.906,57.706,108.123,110241.387,110619.667,110649.652,610321,736800,174006272,52789248,49818,611871,2026-08-01T17:54:30.057756Z
R1,734,saturated,,true,411.000,29.154,50.479,59.090,110616.651,110830.545,110867.878,611095,737254,174202880,52830208,49989,612695,2026-08-01T17:54:30.057756Z
R1,735,saturated,,true,421.000,30.621,56.828,63.966,110994.430,111308.692,111340.728,611737,737656,174301184,52871168,49758,613539,2026-08-01T17:54:30.057756Z
R1,736,saturated,,true,429.000,23.601,40.340,59.864,111130.543,111378.929,111415.434,612442,737656,174448640,52903936,49801,614025,2026-08-01T17:54:30.057756Z
R1,737,saturated,,true,419.000,28.523,75.554,156.644,111604.226,111843.005,111870.826,613405,738688,174669824,52961280,49755,615246,2026-08-01T17:54:30.057756Z
R1,738,saturated,,true,438.000,26.633,52.785,64.612,111822.871,112134.738,112173.341,614285,738688,174784512,53018624,49742,616123,2026-08-01T17:54:30.057756Z
R1,739,saturated,,true,497.000,24.482,42.316,49.969,112079.879,112326.720,112362.986,615172,739296,174981120,53043200,49732,617117,2026-08-01T17:54:30.057756Z
R1,740,saturated,,true,359.000,27.950,83.557,199.772,112222.740,112649.044,112684.943,616151,739784,175169536,53092352,49854,617848,2026-08-01T17:54:30.057756Z
R1,741,saturated,,true,486.000,24.177,42.626,57.637,112640.307,112850.615,112871.907,616910,740260,175325184,53141504,49745,618813,2026-08-01T17:54:30.057756Z
R1,742,saturated,,true,482.000,25.918,40.693,46.513,112795.661,113050.544,113092.181,617905,740883,175489024,53198848,49752,619777,2026-08-01T17:54:30.057756Z
R1,743,saturated,,true,489.000,24.972,41.489,49.831,112901.547,113153.343,113200.566,618875,741367,175661056,53231616,49742,620756,2026-08-01T17:54:30.057756Z
R1,744,saturated,,true,484.000,24.112,41.148,52.404,112978.540,113221.873,113259.418,619859,741855,175874048,53280768,49744,621730,2026-08-01T17:54:30.057756Z
R1,745,saturated,,true,466.000,25.418,43.036,52.793,113134.540,113361.963,113389.036,620831,742340,176054272,53346304,49756,622670,2026-08-01T17:54:30.057756Z
R1,746,saturated,,true,511.000,23.284,38.129,43.325,113312.539,113541.770,113571.807,621803,742340,176218112,53379072,49728,623692,2026-08-01T17:54:30.057756Z
R1,747,saturated,,true,475.000,23.842,42.683,54.712,113429.937,113646.909,113680.957,622823,743056,176414720,53420032,49764,624644,2026-08-01T17:54:30.057756Z
R1,748,saturated,,true,494.000,23.446,45.839,66.153,113620.295,113841.992,113856.602,623758,743567,176603136,53485568,49734,625633,2026-08-01T17:54:30.057756Z
R1,749,saturated,,true,491.000,23.773,41.992,48.652,113714.380,113963.211,113999.909,624778,744287,176799744,53518336,49755,626616,2026-08-01T17:54:30.057756Z
R1,750,saturated,,true,352.000,27.336,78.360,225.107,113960.077,114326.025,114358.805,625687,744777,176922624,53567488,49838,627327,2026-08-01T17:54:30.057756Z
R1,751,saturated,,true,505.000,24.034,38.394,46.416,114131.767,114357.461,114393.286,626547,744777,177102848,53616640,49748,628343,2026-08-01T17:54:30.057756Z
R1,752,saturated,,true,501.000,23.477,36.675,46.671,114292.068,114553.262,114591.454,627505,745390,177307648,53673984,49741,629347,2026-08-01T17:54:30.057756Z
R1,753,saturated,,true,485.000,25.475,41.463,50.529,114437.480,114685.701,114716.352,628515,746141,177496064,53706752,49753,630319,2026-08-01T17:54:30.057756Z
R1,754,saturated,,true,497.000,24.346,39.351,49.021,114610.395,114830.537,114864.234,629496,746141,177659904,53755904,49750,631310,2026-08-01T17:54:30.057756Z
R1,755,saturated,,true,487.000,24.629,40.630,48.687,114451.066,114899.367,114940.132,630033,746873,177766400,53788672,49747,631790,2026-08-01T17:54:30.057756Z
R1,756,saturated,,true,495.000,24.774,39.638,46.716,114456.073,114691.793,114732.215,631478,747358,178036736,53854208,49756,633283,2026-08-01T17:54:30.057756Z
R1,757,saturated,,true,492.000,23.874,41.351,48.072,114576.944,114804.355,114845.646,632470,748102,178241536,53911552,49743,634273,2026-08-01T17:54:30.057756Z
R1,758,saturated,,true,493.000,23.747,43.315,55.886,114659.615,114909.219,114946.848,633024,748595,178307072,53927936,49752,634769,2026-08-01T17:54:30.057756Z
R1,759,saturated,,true,470.000,25.843,42.503,53.088,114810.456,115053.854,115091.917,634027,748595,178495488,53977088,49778,635751,2026-08-01T17:54:30.057756Z
R1,760,saturated,,true,308.000,27.901,190.365,278.034,115047.988,115294.526,115339.971,634991,749091,178700288,54034432,49899,636636,2026-08-01T17:54:30.057756Z
R1,761,saturated,,true,419.000,29.998,57.349,70.340,115504.448,115728.822,115768.440,635618,749558,178782208,54059008,49781,637237,2026-08-01T17:54:30.057756Z
R1,762,saturated,,true,481.000,25.020,41.920,55.476,115586.390,115821.032,115846.332,636295,750043,178847744,54099968,49760,638142,2026-08-01T17:55:29.921526Z
R1,763,saturated,,true,415.000,28.216,55.730,73.386,115721.355,115993.725,116042.192,637246,750494,179060736,54149120,49815,639099,2026-08-01T17:55:29.921526Z
R1,764,saturated,,true,468.000,24.649,44.045,55.528,116021.022,116259.848,116296.394,638068,750494,179273728,54190080,49767,639944,2026-08-01T17:55:29.921526Z
R1,765,saturated,,true,495.000,24.379,39.853,46.630,116020.594,116322.470,116356.322,638999,751165,179494912,54231040,49749,640893,2026-08-01T17:55:29.921526Z
R1,766,saturated,,true,485.000,25.477,40.262,46.420,115429.421,116062.544,116107.251,639991,751864,179576832,54288384,49753,641878,2026-08-01T17:55:29.921526Z
R1,767,saturated,,true,451.000,26.046,45.927,53.904,113864.037,114087.555,114119.946,640964,752356,179765248,54329344,49775,642834,2026-08-01T17:55:29.921526Z
R1,768,saturated,,true,460.000,26.689,44.714,65.384,113023.731,114060.601,114108.642,641879,752356,179986432,54370304,49758,643702,2026-08-01T17:55:29.921526Z
R1,769,saturated,,true,500.000,23.491,39.346,46.976,111319.124,111847.138,111893.109,642833,753058,180207616,54427648,49758,644714,2026-08-01T17:55:29.921526Z
R1,770,saturated,,true,366.000,27.667,58.350,195.268,110887.891,111196.611,111246.762,643587,753770,180289536,54476800,49837,645604,2026-08-01T17:55:29.921526Z
R1,771,saturated,,true,487.000,24.849,41.530,47.515,110665.652,111171.350,111218.197,644431,754217,180469760,54509568,49763,646421,2026-08-01T17:55:29.921526Z
R1,772,saturated,,true,461.000,26.035,42.621,50.857,109722.228,110150.438,110536.149,645397,754217,180690944,54550528,49784,647394,2026-08-01T17:55:29.921526Z
R1,773,saturated,,true,399.000,30.549,54.509,66.229,109813.381,110061.891,110092.157,646262,754866,180813824,54607872,49786,648201,2026-08-01T17:55:29.921526Z
R1,774,saturated,,true,468.000,24.815,44.428,56.224,109940.124,110189.304,110218.035,647090,755514,180953088,54648832,49769,649104,2026-08-01T17:55:29.921526Z
R1,775,saturated,,true,491.000,24.922,41.663,50.424,110125.258,110349.859,110387.700,648046,755965,181174272,54689792,49766,650076,2026-08-01T17:55:29.921526Z
R1,776,saturated,,true,481.000,24.886,38.631,48.987,110284.419,110509.637,110545.822,648981,756448,181379072,54730752,49769,651043,2026-08-01T17:55:29.921526Z
R1,777,saturated,,true,471.000,25.091,43.509,49.992,110353.826,110567.152,110593.226,649927,756932,181501952,54788096,49775,652003,2026-08-01T17:55:29.921526Z
R1,778,saturated,,true,452.000,26.788,46.622,53.076,110414.535,110675.631,110714.500,650881,757645,181682176,54837248,49773,652911,2026-08-01T17:55:29.921526Z
R1,779,saturated,,true,284.000,37.896,105.291,152.790,110685.193,111025.817,111104.453,651796,757861,181895168,54870016,49892,653698,2026-08-01T17:55:29.921526Z
R1,780,saturated,,true,172.000,62.486,236.954,365.914,111326.961,111597.263,111611.657,652387,758258,181936128,54894592,49922,654123,2026-08-01T17:55:29.921526Z
R1,781,saturated,,true,221.000,48.829,98.246,118.298,111863.509,112156.675,112220.810,652787,758464,182018048,54902784,49916,654571,2026-08-01T17:55:29.921526Z
R1,782,saturated,,true,319.000,35.011,155.481,240.278,112476.051,112767.938,112786.016,653222,758687,182132736,54943744,49803,654966,2026-08-01T17:55:29.921526Z
R1,783,saturated,,true,433.000,28.659,54.998,68.374,111972.222,112735.994,112767.678,653887,758687,182272000,54976512,49807,655849,2026-08-01T17:55:29.921526Z
R1,784,saturated,,true,456.000,26.251,45.862,66.746,111222.081,111720.221,111752.432,654795,759093,182403072,55017472,49783,656717,2026-08-01T17:55:29.921526Z
R1,785,saturated,,true,480.000,25.953,41.705,48.581,111117.251,111347.754,111403.218,655715,759540,182607872,55058432,49780,657665,2026-08-01T17:55:29.921526Z
R1,786,saturated,,true,475.000,26.140,42.116,53.878,110983.601,111225.205,111264.016,656676,760000,182796288,55115776,49781,658629,2026-08-01T17:55:29.921526Z
R1,787,saturated,,true,415.000,28.779,54.354,85.093,110976.323,111193.879,111227.436,657600,760714,182927360,55164928,49790,659468,2026-08-01T17:55:29.921526Z
R1,788,saturated,,true,414.000,30.652,53.630,66.892,110888.170,111125.195,111146.935,658476,761363,183107584,55205888,49829,660383,2026-08-01T17:55:29.921526Z
R1,789,saturated,,true,400.000,29.363,57.963,85.882,110657.510,111105.176,111132.109,659304,761589,183279616,55238656,49790,661112,2026-08-01T17:55:29.921526Z
R1,790,saturated,,true,333.000,31.452,147.736,231.405,110476.431,110939.217,110980.746,660018,761950,183386112,55287808,49873,661936,2026-08-01T17:55:29.921526Z
R1,791,saturated,,true,452.000,26.632,50.086,64.932,109812.881,110752.624,110785.507,660703,761950,183558144,55312384,49778,662655,2026-08-01T17:55:29.921526Z
R1,792,saturated,,true,315.000,39.633,76.405,100.630,109824.395,110044.936,110074.950,661598,762503,183697408,55353344,49871,663482,2026-08-01T17:55:29.921526Z
R1,793,saturated,,true,407.000,30.291,55.092,66.405,110201.812,110489.028,110514.367,662294,762962,183828480,55386112,49811,664165,2026-08-01T17:55:29.921526Z
R1,794,saturated,,true,411.000,32.137,52.913,61.788,110272.944,110535.179,110569.847,663095,763475,184008704,55435264,49829,665018,2026-08-01T17:55:29.921526Z
R1,795,saturated,,true,444.000,27.359,49.656,58.630,110299.600,110531.887,110577.785,663946,763475,184131584,55476224,49805,665858,2026-08-01T17:55:29.921526Z
R1,796,saturated,,true,435.000,28.130,50.371,60.807,110377.056,110616.422,110661.458,664824,764102,184303616,55533568,49805,666738,2026-08-01T17:55:29.921526Z
R1,797,saturated,,true,410.000,30.904,52.042,65.353,110655.724,110919.132,110957.826,665707,764541,184475648,55566336,49813,667593,2026-08-01T17:55:29.921526Z
R1,798,saturated,,true,414.000,30.996,56.429,77.349,110860.972,111064.009,111093.164,666547,765183,184606720,55607296,49815,668415,2026-08-01T17:55:29.921526Z
R1,799,saturated,,true,401.000,30.363,54.635,72.684,111021.037,111264.832,111304.094,667368,765183,184778752,55648256,49807,669202,2026-08-01T17:55:29.921526Z
R1,800,saturated,,true,316.000,32.504,83.738,231.443,111289.435,111541.989,111568.318,667987,765808,184942592,55681024,49881,669981,2026-08-01T17:55:29.921526Z
R1,801,saturated,,true,410.000,29.506,57.786,78.769,111685.002,111922.353,111955.453,668659,766206,185040896,55721984,49793,670626,2026-08-01T17:55:29.921526Z
R1,802,saturated,,true,439.000,27.760,50.102,58.235,111029.299,111737.029,111769.772,669472,766700,185221120,55771136,49804,671537,2026-08-01T17:55:29.921526Z
R1,803,saturated,,true,286.000,36.971,88.577,150.542,110957.302,111340.228,111378.052,670337,767152,185352192,55795712,49906,672312,2026-08-01T17:55:29.921526Z
R1,804,saturated,,true,370.000,33.538,62.296,86.522,111403.260,111732.046,111763.521,670974,767152,185475072,55836672,49825,672900,2026-08-01T17:55:29.921526Z
R1,805,saturated,,true,426.000,28.640,49.200,57.206,111730.935,112013.387,112050.775,671701,767667,185630720,55877632,49826,673745,2026-08-01T17:55:29.921526Z
R1,806,saturated,,true,457.000,26.797,45.653,51.722,111823.143,112050.860,112067.854,672580,768251,185769984,55918592,49821,674645,2026-08-01T17:55:29.921526Z
R1,807,saturated,,true,442.000,28.537,49.045,56.575,111903.491,112148.545,112191.748,673510,768251,185974784,55975936,49825,675544,2026-08-01T17:55:29.921526Z
R1,808,saturated,,true,457.000,27.222,45.515,53.711,112002.923,112230.638,112259.469,674390,768929,186146816,56016896,49821,676449,2026-08-01T17:55:29.921526Z
R1,809,saturated,,true,434.000,27.962,49.091,60.891,112149.831,112392.181,112436.196,675316,769602,186302464,56049664,49830,677353,2026-08-01T17:55:29.921526Z
R1,810,saturated,,true,303.000,32.889,138.435,180.728,112347.145,112665.558,112761.757,676190,769602,186441728,56090624,49900,678102,2026-08-01T17:55:29.921526Z
R1,811,saturated,,true,135.000,53.720,319.849,378.574,113064.475,113330.192,113526.667,676729,770268,186515456,56123392,49953,678467,2026-08-01T17:55:29.921526Z
R1,812,saturated,,true,179.000,43.981,445.842,553.803,113857.333,114024.605,114049.756,677004,770608,186580992,56123392,49878,678683,2026-08-01T17:55:29.921526Z
R1,813,saturated,,true,445.000,28.459,56.749,115.059,113995.437,114295.797,114335.936,677511,770608,186703872,56156160,49823,679455,2026-08-01T17:55:29.921526Z
R1,814,saturated,,true,331.000,32.362,84.419,113.389,114065.283,114338.174,114364.693,678210,770874,186867712,56197120,49871,680219,2026-08-01T17:55:29.921526Z
R1,815,saturated,,true,404.000,29.849,55.796,109.230,114049.168,114319.783,114358.104,678863,771480,186966016,56238080,49826,680932,2026-08-01T17:55:29.921526Z
R1,816,saturated,,true,447.000,26.736,47.383,60.871,114069.140,114308.286,114332.538,679641,771480,187154432,56270848,49845,681874,2026-08-01T17:55:29.921526Z
R1,817,saturated,,true,476.000,27.151,42.224,51.378,114108.035,114334.820,114358.581,680571,772069,187334656,56328192,49826,682775,2026-08-01T17:55:29.921526Z
R1,818,saturated,,true,466.000,26.798,44.938,53.987,114173.992,114406.710,114450.419,681513,772760,187498496,56385536,49825,683716,2026-08-01T17:55:29.921526Z
R1,819,saturated,,true,458.000,26.723,45.845,55.789,114252.401,114492.714,114534.215,682447,772760,187662336,56418304,49828,684657,2026-08-01T17:55:29.921526Z
R1,820,saturated,,true,292.000,33.970,126.121,217.554,114373.042,114933.333,114980.899,683391,773457,187834368,56451072,49921,685420,2026-08-01T17:55:29.921526Z
R1,821,saturated,,true,381.000,31.193,67.362,92.514,114914.457,115195.388,115217.506,684010,773920,187940864,56492032,49833,686025,2026-08-01T17:55:29.921526Z
R1,822,saturated,,true,436.000,28.567,50.488,61.452,115122.052,115353.301,115400.108,684762,774214,188194816,56524800,49858,686924,2026-08-01T17:56:30.093640Z
R1,823,saturated,,true,426.000,28.527,53.702,74.129,115323.960,115559.615,115586.808,685635,774665,188252160,56565760,49841,687745,2026-08-01T17:56:30.093640Z
R1,824,saturated,,true,444.000,28.899,48.730,62.970,115428.367,115654.661,115676.551,686492,774665,188465152,56631296,49835,688626,2026-08-01T17:56:30.093640Z
R1,825,saturated,,true,447.000,28.616,48.829,56.497,115372.673,115749.951,115781.893,687395,775284,188678144,56672256,49834,689515,2026-08-01T17:56:30.093640Z
R1,826,saturated,,true,456.000,27.207,46.170,59.390,114913.414,115375.206,115418.724,688302,775957,188735488,56721408,49837,690434,2026-08-01T17:56:30.093640Z
R1,827,saturated,,true,456.000,27.262,48.686,62.888,114820.159,115058.303,115091.711,689222,775957,188948480,56762368,49839,691354,2026-08-01T17:56:30.093640Z
R1,828,saturated,,true,426.000,28.937,49.719,64.470,114949.049,115211.214,115253.336,690098,776646,189169664,56795136,49843,692234,2026-08-01T17:56:30.093640Z
R1,829,saturated,,true,320.000,35.124,81.589,187.802,115377.543,115598.226,115632.663,690913,777306,189210624,56844288,49842,692862,2026-08-01T17:56:30.093640Z
R1,830,saturated,,true,291.000,33.373,205.283,260.126,115571.610,115996.345,116026.916,691566,777624,189415424,56860672,49915,693582,2026-08-01T17:56:30.093640Z
R1,831,saturated,,true,385.000,33.019,60.345,74.589,115968.109,116231.274,116270.944,692143,777983,189472768,56901632,49843,694220,2026-08-01T17:56:30.093640Z
R1,832,saturated,,true,434.000,28.850,46.527,54.432,116130.780,116360.354,116395.305,692886,777983,189661184,56942592,49852,695104,2026-08-01T17:56:30.093640Z
R1,833,saturated,,true,412.000,30.372,49.291,58.857,116279.223,116501.596,116525.877,693772,778519,189874176,56991744,49859,695940,2026-08-01T17:56:30.093640Z
R1,834,saturated,,true,408.000,30.473,51.597,61.541,116492.976,116748.332,116790.481,694609,778955,189972480,57032704,49858,696770,2026-08-01T17:56:30.093640Z
R1,835,saturated,,true,412.000,30.931,52.818,62.699,116739.131,116963.980,117007.844,695440,779357,190136320,57073664,49849,697573,2026-08-01T17:56:30.093640Z
R1,836,saturated,,true,432.000,29.575,46.263,54.959,116907.115,117141.578,117183.490,696270,779975,190341120,57114624,49847,698426,2026-08-01T17:56:30.093640Z
R1,837,saturated,,true,428.000,29.808,46.529,56.487,116949.306,117239.469,117273.797,697150,780402,190447616,57139200,49844,699296,2026-08-01T17:56:30.093640Z
R1,838,saturated,,true,435.000,29.292,50.825,56.381,116932.930,117187.892,117227.892,698018,780830,190611456,57188352,49842,700159,2026-08-01T17:56:30.093640Z
R1,839,saturated,,true,389.000,33.267,57.400,72.970,117135.549,117445.094,117490.555,698855,781262,190816256,57237504,49866,700986,2026-08-01T17:56:30.093640Z
R1,840,saturated,,true,293.000,33.070,188.986,237.445,117351.442,117775.167,117812.291,699615,781262,190881792,57253888,49896,701634,2026-08-01T17:56:30.093640Z
R1,841,saturated,,true,408.000,30.732,55.303,83.639,117758.862,117989.774,117999.836,700205,781868,191062016,57303040,49870,702394,2026-08-01T17:56:30.093640Z
R1,842,saturated,,true,410.000,30.924,50.468,63.810,117986.756,118265.094,118299.923,701008,782163,191209472,57335808,49844,703171,2026-08-01T17:56:30.093640Z
R1,843,saturated,,true,420.000,31.058,51.637,64.403,118195.546,118453.387,118500.837,701846,782765,191332352,57393152,49862,704043,2026-08-01T17:56:30.093640Z
R1,844,saturated,,true,414.000,31.317,50.652,67.134,118334.679,118588.941,118634.284,702692,782765,191520768,57442304,49850,704853,2026-08-01T17:56:30.093640Z
R1,845,saturated,,true,439.000,28.503,48.503,57.822,118503.621,118729.699,118770.827,703544,783392,191676416,57466880,49854,705733,2026-08-01T17:56:30.093640Z
R1,846,saturated,,true,393.000,32.114,55.371,63.994,118696.753,118928.616,118968.692,704417,783816,191807488,57516032,49869,706560,2026-08-01T17:56:30.093640Z
R1,847,saturated,,true,423.000,30.573,49.267,60.156,118863.852,119114.110,119150.999,705233,784252,191995904,57556992,49858,707377,2026-08-01T17:56:30.093640Z
R1,848,saturated,,true,383.000,32.223,71.672,94.316,119035.889,119342.559,119382.459,706086,784865,192151552,57581568,49876,708185,2026-08-01T17:56:30.093640Z
R1,849,saturated,,true,413.000,31.023,49.480,55.143,119153.964,119427.190,119455.881,706860,785265,192274432,57630720,49866,708990,2026-08-01T17:56:30.093640Z
R1,850,saturated,,true,288.000,34.723,130.477,236.262,119162.245,119473.781,119508.229,707685,785265,192438272,57663488,49899,709641,2026-08-01T17:56:30.093640Z
R1,851,saturated,,true,406.000,31.138,53.809,67.476,119435.685,119672.546,119717.321,708283,785870,192520192,57688064,49868,710384,2026-08-01T17:56:30.093640Z
R1,852,saturated,,true,362.000,34.950,65.098,93.770,119707.639,119926.851,119976.191,709071,786363,192708608,57729024,49869,711117,2026-08-01T17:56:30.093640Z
R1,853,saturated,,true,407.000,31.256,55.381,66.769,119733.071,119965.927,120016.382,709803,786363,192839680,57769984,49868,711925,2026-08-01T17:56:30.093640Z
R1,854,saturated,,true,337.000,38.550,68.244,83.189,119768.580,119997.683,120042.634,710625,786926,192970752,57802752,49905,712682,2026-08-01T17:56:30.093640Z
R1,855,saturated,,true,367.000,36.233,61.813,79.927,119884.662,120103.100,120128.532,711314,787332,193118208,57835520,49881,713365,2026-08-01T17:56:30.093640Z
R1,856,saturated,,true,390.000,33.805,56.299,66.881,120064.721,120332.775,120370.102,712074,787848,193249280,57876480,49867,714131,2026-08-01T17:56:30.093640Z
R1,857,saturated,,true,288.000,41.640,115.956,130.213,120182.670,120456.095,120483.859,712835,788434,193413120,57917440,49899,714756,2026-08-01T17:56:30.093640Z
R1,858,saturated,,true,396.000,30.720,59.008,69.638,120383.704,120664.063,120697.385,713459,788546,193495040,57942016,49862,715479,2026-08-01T17:56:30.093640Z
R1,859,saturated,,true,423.000,29.463,53.023,64.754,120428.043,120661.967,120699.874,714288,788904,193667072,57982976,49870,716350,2026-08-01T17:56:30.093640Z
R1,860,saturated,,true,287.000,36.240,148.340,193.906,120758.530,120942.460,120965.627,715056,788904,193781760,58023936,49883,716946,2026-08-01T17:56:30.093640Z
R1,861,saturated,,true,403.000,30.273,55.193,67.905,120935.497,121206.436,121242.615,715709,789498,193912832,58056704,49865,717723,2026-08-01T17:56:30.093640Z
R1,862,saturated,,true,403.000,31.596,52.780,69.914,120946.657,121184.620,121227.908,716542,790021,194101248,58097664,49862,718535,2026-08-01T17:56:30.093640Z
R1,863,saturated,,true,408.000,30.994,51.647,61.084,121135.716,121390.827,121425.610,717327,790021,194215936,58138624,49870,719360,2026-08-01T17:56:30.093640Z
R1,864,saturated,,true,412.000,29.493,49.331,63.316,121247.501,121467.404,121488.329,718119,790639,194396160,58195968,49871,720185,2026-08-01T17:56:30.093640Z
R1,865,saturated,,true,391.000,32.594,57.976,76.930,121401.617,121671.925,121708.263,718948,791252,194551808,58228736,49889,720991,2026-08-01T17:56:30.093640Z
R1,866,saturated,,true,365.000,35.083,61.343,74.850,121717.690,121935.526,121989.128,719700,791655,194666496,58269696,49880,721720,2026-08-01T17:56:30.093640Z
R1,867,saturated,,true,394.000,31.927,52.704,59.865,121835.559,122085.313,122120.062,720470,791655,194846720,58310656,49876,722508,2026-08-01T17:56:30.093640Z
R1,868,saturated,,true,396.000,32.040,54.040,72.615,122036.255,122295.253,122359.671,721246,792206,194977792,58335232,49887,723310,2026-08-01T17:56:30.093640Z
R1,869,saturated,,true,433.000,29.912,51.878,61.772,122243.738,122456.558,122475.397,722052,792810,195125248,58384384,49866,724142,2026-08-01T17:56:30.093640Z
R1,870,saturated,,true,329.000,32.345,68.683,177.426,122314.441,122651.013,122693.015,722882,792810,195305472,58408960,49886,724848,2026-08-01T17:56:30.093640Z
R1,871,saturated,,true,448.000,28.616,48.892,56.414,122596.273,122839.293,122875.568,723478,793439,195395584,58449920,49862,725703,2026-08-01T17:56:30.093640Z
R1,872,saturated,,true,434.000,29.762,49.663,65.634,122730.584,122947.027,122981.642,724325,794002,195592192,58499072,49869,726577,2026-08-01T17:56:30.093640Z
R1,873,saturated,,true,449.000,27.884,46.162,52.992,122621.193,122857.039,123006.689,725162,794002,195772416,58531840,49863,727464,2026-08-01T17:56:30.093640Z
R1,874,saturated,,true,429.000,29.252,51.572,64.643,122692.147,122922.264,122953.922,726059,794662,195911680,58589184,49867,728338,2026-08-01T17:56:30.093640Z
R1,875,saturated,,true,454.000,28.007,48.591,54.418,122767.383,122988.376,123031.673,726937,795095,196075520,58630144,49865,729231,2026-08-01T17:56:30.093640Z
R1,876,saturated,,true,401.000,30.329,55.770,93.446,122937.441,123181.060,123215.845,727827,795536,196272128,58671104,49868,730054,2026-08-01T17:56:30.093640Z
R1,877,saturated,,true,440.000,29.516,46.328,52.059,123076.492,123306.875,123357.873,728676,795987,196419584,58712064,49870,730940,2026-08-01T17:56:30.093640Z
R1,878,saturated,,true,451.000,27.143,45.354,53.155,123157.771,123381.225,123411.814,729571,796615,196558848,58753024,49869,731838,2026-08-01T17:56:30.093640Z
R1,879,saturated,,true,442.000,28.573,47.165,56.193,123224.477,123449.511,123485.822,730473,797065,196755456,58802176,49867,732726,2026-08-01T17:56:30.093640Z
R1,880,saturated,,true,338.000,30.567,84.750,181.948,123357.396,123720.666,123763.107,731370,797508,196902912,58843136,49911,733489,2026-08-01T17:56:30.093640Z
R1,881,saturated,,true,423.000,30.676,53.834,67.023,123701.857,123917.887,123957.750,732085,797508,197025792,58884096,49871,734256,2026-08-01T17:56:30.093640Z
R1,882,saturated,,true,435.000,29.725,49.774,61.170,123791.173,124031.107,124073.034,733152,798438,197124096,58908672,49874,735127,2026-08-01T17:57:30.014997Z
R1,883,saturated,,true,439.000,28.692,49.094,58.666,123925.550,124159.089,124197.840,734041,799092,197304320,58957824,49873,736011,2026-08-01T17:57:30.014997Z
R1,884,saturated,,true,299.000,32.440,84.633,278.913,123839.717,124199.734,124221.993,734874,799535,197525504,58998784,49973,736825,2026-08-01T17:57:30.014997Z
R1,885,saturated,,true,296.000,36.974,177.706,226.888,124277.260,124474.889,124520.982,735430,799938,197550080,59023360,49890,737244,2026-08-01T17:57:30.014997Z
R1,886,saturated,,true,308.000,35.203,104.710,154.941,124374.539,124766.406,124805.315,736032,799938,197754880,59056128,49897,737863,2026-08-01T17:57:30.014997Z
R1,887,saturated,,true,389.000,31.946,58.138,75.000,124687.382,124912.942,124929.603,736683,800350,197787648,59097088,49898,738662,2026-08-01T17:57:30.014997Z
R1,888,saturated,,true,294.000,39.489,107.795,134.908,124952.597,125337.979,125370.567,737359,800637,197992448,59121664,49895,739244,2026-08-01T17:57:30.014997Z
R1,889,saturated,,true,413.000,30.331,52.120,64.886,125097.690,125325.528,125350.474,738016,801004,198049792,59162624,49896,740058,2026-08-01T17:57:30.014997Z
R1,890,saturated,,true,281.000,40.433,113.901,179.145,125282.747,125566.708,125640.846,738796,801555,198246400,59195392,49936,740712,2026-08-01T17:57:30.014997Z
R1,891,saturated,,true,372.000,35.882,67.214,86.354,125704.419,125950.950,125968.067,739388,801555,198311936,59219968,49890,741356,2026-08-01T17:57:30.014997Z
R1,892,saturated,,true,385.000,33.608,55.625,65.475,125869.674,126130.659,126183.811,740149,802021,198483968,59260928,49901,742159,2026-08-01T17:57:30.014997Z
R1,893,saturated,,true,184.000,55.908,190.500,208.245,126375.770,126758.876,126790.966,740832,802596,198557696,59277312,49931,742597,2026-08-01T17:57:30.014997Z
R1,894,saturated,,true,272.000,45.741,118.817,154.265,126746.195,127020.131,127037.686,741270,802596,198713344,59318272,49946,743166,2026-08-01T17:57:30.014997Z
R1,895,saturated,,true,373.000,33.142,60.645,82.544,127104.251,127359.532,127392.330,741865,802958,198787072,59351040,49910,743831,2026-08-01T17:57:30.014997Z
R1,896,saturated,,true,388.000,31.883,57.254,72.284,127267.746,127490.319,127532.196,742614,803258,198959104,59383808,49904,744607,2026-08-01T17:57:30.014997Z
R1,897,saturated,,true,313.000,33.820,101.470,149.968,127584.799,127910.794,127942.026,743316,803819,199090176,59424768,49923,745281,2026-08-01T17:57:30.014997Z
R1,898,saturated,,true,188.000,47.487,165.435,233.447,127883.786,128242.030,128291.226,743958,804153,199204864,59449344,49960,745724,2026-08-01T17:57:30.014997Z
R1,899,saturated,,true,401.000,32.200,63.690,107.810,128243.498,128424.391,128442.569,744392,804153,199286784,59457536,49911,746428,2026-08-01T17:57:30.014997Z
R1,900,saturated,,true,287.000,36.455,166.391,202.933,128428.385,128908.286,128948.509,745132,804509,199434240,59506688,49919,747023,2026-08-01T17:57:30.014997Z
R1,901,saturated,,true,268.000,42.713,124.087,179.502,128975.103,129329.182,129341.553,745674,804921,199475200,59531264,49919,747553,2026-08-01T17:57:30.014997Z
R1,902,saturated,,true,409.000,31.210,55.273,67.883,129153.427,129373.696,129409.792,746265,805288,199663616,59580416,49902,748339,2026-08-01T17:57:30.014997Z
R1,903,saturated,,true,419.000,31.667,51.040,57.973,129156.843,129374.017,129412.454,747113,805888,199852032,59604992,49906,749185,2026-08-01T17:57:30.014997Z
R1,904,saturated,,true,415.000,32.370,52.614,64.975,129243.732,129472.288,129510.526,747958,805888,199933952,59654144,49904,750020,2026-08-01T17:57:30.014997Z
R1,905,saturated,,true,416.000,31.209,51.325,59.095,129408.079,129633.375,129663.345,748802,806304,200146944,59686912,49900,750847,2026-08-01T17:57:30.014997Z
R1,906,saturated,,true,399.000,31.058,59.737,86.298,129599.781,129822.078,129844.134,749576,806726,200286208,59727872,49901,751654,2026-08-01T17:57:30.014997Z
R1,907,saturated,,true,350.000,35.537,77.349,97.859,129766.513,130034.646,130066.016,750413,807124,200400896,59777024,49920,752390,2026-08-01T17:57:30.014997Z
R1,908,saturated,,true,355.000,37.089,63.249,74.461,130019.283,130282.785,130329.512,751114,807698,200597504,59801600,49914,753090,2026-08-01T17:57:30.014997Z
R1,909,saturated,,true,337.000,37.426,69.037,88.102,130203.729,130447.734,130490.358,751848,808049,200654848,59834368,49916,753795,2026-08-01T17:57:30.014997Z
R1,910,saturated,,true,266.000,41.406,162.860,197.356,130002.033,130428.524,130467.782,752521,808049,200826880,59858944,49922,754320,2026-08-01T17:57:30.014997Z
R1,911,saturated,,true,350.000,36.889,71.742,80.488,129577.582,130020.033,130081.102,753026,808570,200884224,59908096,49908,754999,2026-08-01T17:57:30.014997Z
R1,912,saturated,,true,355.000,35.719,72.396,81.560,129301.854,129575.307,129608.963,753756,809000,201089024,59932672,49913,755709,2026-08-01T17:57:30.014997Z
R1,913,saturated,,true,373.000,35.106,62.105,79.926,129528.867,129774.146,129810.248,754480,809000,201154560,59973632,49914,756459,2026-08-01T17:57:30.014997Z
R1,914,saturated,,true,399.000,32.701,50.960,57.978,129611.031,129858.528,129893.197,755267,809544,201342976,60006400,49924,757282,2026-08-01T17:57:30.014997Z
R1,915,saturated,,true,384.000,33.524,52.922,67.585,129767.611,130023.284,130058.342,756052,810138,201498624,60047360,49918,758039,2026-08-01T17:57:30.014997Z
R1,916,saturated,,true,414.000,31.245,50.821,61.457,129978.534,130239.062,130271.284,756861,810518,201613312,60096512,49904,758852,2026-08-01T17:57:30.014997Z
R1,917,saturated,,true,406.000,31.927,53.489,67.738,130067.096,130284.157,130327.139,757700,810518,201809920,60137472,49910,759675,2026-08-01T17:57:30.014997Z
R1,918,saturated,,true,411.000,31.109,53.769,67.549,130117.997,130343.438,130365.776,758522,811132,201940992,60178432,49905,760491,2026-08-01T17:57:30.014997Z
R1,919,saturated,,true,419.000,30.398,51.174,62.542,130043.591,130300.140,130334.364,759364,811536,202088448,60227584,49914,761346,2026-08-01T17:57:30.014997Z
R1,920,saturated,,true,303.000,35.571,88.090,229.083,130097.372,130275.730,130292.944,760183,811950,202268672,60260352,49920,761976,2026-08-01T17:57:30.014997Z
R1,921,saturated,,true,426.000,30.735,50.737,60.927,130163.813,130371.653,130400.598,760869,812477,202358784,60301312,49912,762797,2026-08-01T17:57:30.014997Z
R1,922,saturated,,true,417.000,30.365,50.607,60.188,130069.480,130302.478,130354.481,761730,812477,202530816,60342272,49914,763642,2026-08-01T17:57:30.014997Z
R1,923,saturated,,true,422.000,31.491,48.604,55.845,129922.986,130139.727,130187.349,762582,813099,202711040,60383232,49915,764483,2026-08-01T17:57:30.014997Z
R1,924,saturated,,true,409.000,31.474,52.846,59.938,129929.578,130152.179,130178.365,763426,813517,202825728,60424192,49919,765328,2026-08-01T17:57:30.014997Z
R1,925,saturated,,true,410.000,31.849,54.868,61.559,129952.812,130173.904,130215.568,764214,814146,203005952,60448768,49923,766145,2026-08-01T17:57:30.014997Z
R1,926,saturated,,true,421.000,31.055,52.353,66.528,129984.423,130208.325,130236.641,765013,814559,203169792,60497920,49917,766980,2026-08-01T17:57:30.014997Z
R1,927,saturated,,true,406.000,32.984,54.009,62.792,130043.288,130270.244,130297.186,765854,814975,203309056,60547072,49918,767800,2026-08-01T17:57:30.014997Z
R1,928,saturated,,true,424.000,30.437,51.642,60.456,129994.821,130219.432,130252.747,766681,815383,203481088,60588032,49913,768633,2026-08-01T17:57:30.014997Z
R1,929,saturated,,true,404.000,31.412,54.813,72.243,130022.435,130242.458,130301.434,767436,815801,203636736,60637184,49915,769445,2026-08-01T17:57:30.014997Z
R1,930,saturated,,true,307.000,34.353,139.348,212.474,130076.980,130254.659,130308.145,768228,815801,203767808,60678144,49929,770106,2026-08-01T17:57:30.014997Z
R1,931,saturated,,true,419.000,32.316,53.738,65.673,129970.024,130189.247,130328.875,768880,816414,203915264,60702720,49922,770910,2026-08-01T17:57:30.014997Z
R1,932,saturated,,true,406.000,32.713,52.960,63.204,130053.918,130275.726,130304.616,769717,816724,204038144,60751872,49915,771736,2026-08-01T17:57:30.014997Z
R1,933,saturated,,true,416.000,31.793,51.257,64.797,129976.001,130267.628,130300.928,770513,817343,204218368,60792832,49919,772561,2026-08-01T17:57:30.014997Z
R1,934,saturated,,true,422.000,30.267,49.479,56.756,129696.450,129984.699,130019.591,771359,817758,204382208,60817408,49922,773412,2026-08-01T17:57:30.014997Z
R1,935,saturated,,true,419.000,31.495,51.407,60.376,129672.153,129895.961,129915.128,772165,818186,204513280,60866560,49921,774251,2026-08-01T17:57:30.014997Z
R1,936,saturated,,true,378.000,34.251,55.260,70.517,129762.896,130014.860,130050.889,772984,818186,204693504,60891136,49923,775028,2026-08-01T17:57:30.014997Z
R1,937,saturated,,true,403.000,33.364,54.199,66.367,129902.066,130127.226,130156.792,773777,818790,204832768,60948480,49928,775837,2026-08-01T17:57:30.014997Z
R1,938,saturated,,true,415.000,31.090,53.726,61.353,129989.455,130233.095,130250.924,774557,819181,204972032,60989440,49921,776659,2026-08-01T17:57:30.014997Z
R1,939,saturated,,true,411.000,30.984,50.828,59.946,130068.199,130300.098,130317.465,775400,819799,205144064,61030400,49928,777479,2026-08-01T17:57:30.014997Z
R1,940,saturated,,true,259.000,36.137,134.351,198.607,130110.198,130400.463,130510.888,776093,819799,205258752,61071360,49876,778116,2026-08-01T17:57:30.014997Z
R1,941,saturated,,true,213.000,55.274,248.144,336.241,130700.398,130926.317,130950.994,776573,820415,205348864,61079552,49939,778461,2026-08-01T17:57:30.014997Z
R1,942,saturated,,true,335.000,39.783,73.460,89.240,129836.436,130898.102,130948.570,776814,819902,205414400,61112320,49931,779120,2026-08-01T17:58:30.417288Z
R1,943,saturated,,true,377.000,34.319,55.410,64.955,129691.864,129923.105,129969.889,777521,820229,205602816,61145088,49935,779869,2026-08-01T17:58:30.417288Z
R1,944,saturated,,true,380.000,34.326,55.725,64.848,129773.544,130080.050,130124.867,778243,820609,205815808,61186048,49927,780631,2026-08-01T17:58:30.417288Z
R1,945,saturated,,true,368.000,35.387,58.891,69.935,129677.408,129884.926,129915.108,779033,820609,205856768,61218816,49935,781378,2026-08-01T17:58:30.417288Z
R1,946,saturated,,true,358.000,35.509,66.977,88.824,129924.467,130192.239,130225.919,779750,821182,206061568,61259776,49937,782093,2026-08-01T17:58:30.417288Z
R1,947,saturated,,true,387.000,34.101,57.748,65.259,130055.472,130291.411,130327.672,780524,821713,206110720,61292544,49932,782872,2026-08-01T17:58:30.417288Z
R1,948,saturated,,true,391.000,34.120,53.707,66.059,130219.387,130460.801,130503.070,781297,821713,206323712,61333504,49935,783649,2026-08-01T17:58:30.417288Z
R1,949,saturated,,true,384.000,33.631,55.655,64.510,130413.840,130667.797,130716.532,782089,822297,206479360,61374464,49935,784425,2026-08-01T17:58:30.417288Z
R1,950,saturated,,true,277.000,37.169,153.603,231.702,130625.419,130799.325,130821.496,782795,822683,206577664,61407232,49941,785003,2026-08-01T17:58:30.417288Z
R1,951,saturated,,true,353.000,37.110,63.781,76.475,130910.374,131203.655,131254.438,783329,823067,206716928,61448192,49938,785687,2026-08-01T17:58:30.417288Z
R1,952,saturated,,true,348.000,38.449,65.821,75.134,130771.461,130984.726,131012.113,784053,823324,206815232,61472768,49945,786396,2026-08-01T17:58:30.417288Z
R1,953,saturated,,true,305.000,40.060,107.659,144.395,131045.917,131256.396,131289.204,784654,823681,206970880,61505536,49960,787048,2026-08-01T17:58:30.417288Z
R1,954,saturated,,true,350.000,40.407,64.305,77.598,131226.723,131457.908,131497.746,785324,824004,207052800,61546496,49949,787729,2026-08-01T17:58:30.417288Z
R1,955,saturated,,true,247.000,47.672,149.922,225.473,131505.299,131785.866,131819.184,785994,824341,207208448,61562880,49952,788243,2026-08-01T17:58:30.417288Z
R1,956,saturated,,true,307.000,38.541,85.397,108.084,131954.999,132225.051,132262.722,786477,824778,207282176,61587456,49947,788842,2026-08-01T17:58:30.417288Z
R1,957,saturated,,true,297.000,38.458,102.048,141.268,132162.316,132467.119,132503.267,787141,824778,207429632,61628416,49945,789428,2026-08-01T17:58:30.417288Z
R1,958,saturated,,true,242.000,41.335,138.467,203.522,132508.565,132722.842,132737.319,787717,825251,207519744,61661184,49980,789978,2026-08-01T17:58:30.417288Z
R1,959,saturated,,true,164.000,50.435,251.948,292.671,133061.498,133313.505,133337.063,788159,825642,207544320,61661184,49899,790353,2026-08-01T17:58:30.417288Z
R1,960,saturated,,true,38.000,242.653,631.863,668.517,133673.669,134229.110,134316.810,788353,825729,207560704,61677568,49960,790424,2026-08-01T17:58:30.417288Z
R1,961,saturated,,true,14.000,574.765,1174.780,1174.780,134903.789,135097.391,135097.391,788383,825850,207568896,61677568,49972,790440,2026-08-01T17:58:30.417288Z
R1,962,saturated,,true,6.000,683.628,1704.026,1704.026,136156.075,136322.056,136322.056,788428,825850,207577088,61677568,49965,790461,2026-08-01T17:58:30.417288Z
R1,963,saturated,,true,72.000,199.381,1772.502,2110.664,136963.086,137309.866,137316.576,788475,825850,207642624,61685760,49965,790596,2026-08-01T17:58:30.417288Z
R1,964,saturated,,true,272.000,41.777,152.302,222.789,137535.607,137801.291,137823.126,788672,825929,207749120,61710336,49896,791092,2026-08-01T17:58:30.417288Z
R1,965,saturated,,true,286.000,37.807,150.630,225.493,137743.974,138179.239,138199.134,789281,826295,207790080,61734912,49901,791673,2026-08-01T17:58:30.417288Z
R1,966,saturated,,true,291.000,45.001,79.485,114.440,138152.474,138419.000,138456.102,789854,826720,207978496,61767680,49914,792275,2026-08-01T17:58:30.417288Z
R1,967,saturated,,true,327.000,38.862,86.039,103.227,138361.814,138638.284,138658.775,790451,826861,208035840,61800448,49916,792910,2026-08-01T17:58:30.417288Z
R1,968,saturated,,true,344.000,38.494,63.932,77.765,138383.628,138690.323,138712.250,791174,826861,208224256,61833216,49906,793599,2026-08-01T17:58:30.417288Z
R1,969,saturated,,true,353.000,37.963,67.874,83.550,138254.254,138429.218,138442.527,791873,827387,208314368,61865984,49910,794307,2026-08-01T17:58:30.417288Z
R1,970,saturated,,true,197.000,37.066,173.944,328.603,138265.766,138516.394,138801.540,792572,827387,208445440,61882368,49892,794769,2026-08-01T17:58:30.417288Z
R1,971,saturated,,true,244.000,47.480,243.466,412.133,138985.237,139265.786,139311.196,792896,827923,208486400,61915136,49933,795213,2026-08-01T17:58:30.417288Z
R1,972,saturated,,true,170.000,45.418,489.064,499.927,139727.951,140001.991,140021.962,793282,828213,208543744,61923328,49942,795546,2026-08-01T17:58:30.417288Z
R1,973,saturated,,true,381.000,32.452,60.665,79.485,139879.517,140102.673,140121.107,793953,828562,208715776,61964288,49939,796314,2026-08-01T17:58:30.417288Z
R1,974,saturated,,true,316.000,40.454,72.365,89.375,140036.963,140258.552,140279.463,794664,828923,208830464,61997056,49954,796961,2026-08-01T17:58:30.417288Z
R1,975,saturated,,true,357.000,35.509,61.287,82.400,140205.077,140444.273,140465.381,795346,828923,208961536,62029824,49942,797676,2026-08-01T17:58:30.417288Z
R1,976,saturated,,true,218.000,41.515,338.156,353.762,140364.544,140798.896,140826.161,796019,829443,209027072,62054400,49896,798135,2026-08-01T17:58:30.417288Z
R1,977,saturated,,true,175.000,72.862,186.719,275.907,141014.745,141274.984,141311.448,796345,829695,209149952,62070784,49968,798492,2026-08-01T17:58:30.417288Z
R1,978,saturated,,true,205.000,53.679,99.987,138.476,141497.836,141783.545,141833.502,796363,829695,209182720,62087168,49859,798698,2026-08-01T17:58:30.417288Z
R1,979,saturated,,true,264.000,40.725,161.082,321.033,142174.101,142442.309,142463.770,797109,829958,209281024,62119936,49939,799409,2026-08-01T17:58:30.417288Z
R1,980,saturated,,true,263.000,38.096,94.372,247.512,142337.495,142774.505,142804.179,797795,830301,209420288,62144512,49972,799956,2026-08-01T17:58:30.417288Z
R1,981,saturated,,true,324.000,40.980,82.328,100.895,142735.864,143015.000,143060.667,798373,830591,209477632,62177280,49946,800595,2026-08-01T17:58:30.417288Z
R1,982,saturated,,true,361.000,37.657,58.058,66.873,142913.463,143155.346,143178.167,799101,831061,209666048,62218240,49952,801322,2026-08-01T17:58:30.417288Z
R1,983,saturated,,true,374.000,34.587,59.283,77.119,142902.008,143190.239,143232.632,799871,831061,209797120,62251008,49962,802085,2026-08-01T17:58:30.417288Z
R1,984,saturated,,true,320.000,41.449,83.444,106.232,142919.788,143128.188,143199.969,800542,831638,209911808,62275584,49953,802728,2026-08-01T17:58:30.417288Z
R1,985,saturated,,true,359.000,36.881,62.703,78.825,143030.197,143274.167,143313.336,801235,832135,210051072,62308352,49946,803438,2026-08-01T17:58:30.417288Z
R1,986,saturated,,true,379.000,34.244,57.212,72.311,143098.541,143338.117,143384.115,802009,832497,210173952,62349312,49955,804195,2026-08-01T17:58:30.417288Z
R1,987,saturated,,true,377.000,35.832,58.569,64.531,143237.648,143462.394,143478.776,802770,832497,210354176,62382080,49945,804951,2026-08-01T17:58:30.417288Z
R1,988,saturated,,true,220.000,43.786,130.017,221.498,143409.106,143651.249,143760.670,803065,833065,210395136,62414848,49894,805416,2026-08-01T17:58:30.417288Z
R1,989,saturated,,true,264.000,40.652,225.788,278.577,143982.463,144273.054,144293.591,803379,833065,210444288,62414848,49949,805674,2026-08-01T17:58:30.417288Z
R1,990,saturated,,true,268.000,40.443,108.317,286.022,144242.899,144698.673,144720.070,803878,833330,210616320,62455808,49961,806335,2026-08-01T17:58:30.417288Z
R1,991,saturated,,true,308.000,39.597,73.080,90.182,144574.240,144850.913,144873.564,804441,833742,210649088,62488576,49812,806811,2026-08-01T17:58:30.417288Z
R1,992,saturated,,true,250.000,46.599,238.274,266.384,145053.181,145275.900,145312.606,805060,833986,210804736,62504960,49940,807299,2026-08-01T17:58:30.417288Z
R1,993,saturated,,true,336.000,38.890,66.044,75.414,145209.856,145465.775,145496.535,805619,834372,210878464,62537728,49949,807966,2026-08-01T17:58:30.417288Z
R1,994,saturated,,true,383.000,35.364,58.145,72.927,145304.808,145527.402,145553.607,806320,834910,211075072,62570496,49952,808674,2026-08-01T17:58:30.417288Z
R1,995,saturated,,true,379.000,35.010,58.296,68.266,145393.041,145615.120,145642.988,807087,835094,211140608,62611456,49950,809427,2026-08-01T17:58:30.417288Z
R1,996,saturated,,true,370.000,36.117,65.017,83.546,145155.829,145386.442,145436.889,807860,835094,211329024,62644224,49959,810206,2026-08-01T17:58:30.417288Z
R1,997,saturated,,true,360.000,37.635,60.481,74.767,145227.152,145432.517,145459.909,808601,835660,211460096,62685184,49951,810902,2026-08-01T17:58:30.417288Z
R1,998,saturated,,true,364.000,37.383,57.137,71.125,145261.464,145500.305,145533.265,809336,836205,211582976,62717952,49954,811649,2026-08-01T17:58:30.417288Z
R1,999,saturated,,true,352.000,37.161,75.291,94.966,145395.064,145626.202,145663.846,810081,836205,211738624,62758912,49949,812332,2026-08-01T17:58:30.417288Z
R1,1000,saturated,,true,247.000,37.060,158.350,246.065,145440.902,145734.604,145765.347,810802,836742,211836928,62783488,49969,813100,2026-08-01T17:58:30.417288Z
R1,1001,saturated,,true,264.000,44.288,135.758,162.378,145810.236,146028.123,146059.368,811249,837111,211935232,62816256,49968,813459,2026-08-01T17:58:30.417288Z
R1,1002,saturated,,true,365.000,37.171,62.949,76.187,145992.625,146223.597,146241.709,811817,837748,212025344,62840832,49956,814110,2026-08-01T17:59:30.274104Z
R1,1003,saturated,,true,345.000,38.320,64.579,73.556,146014.838,146294.974,146350.139,812794,837976,212221952,62873600,49958,814816,2026-08-01T17:59:30.274104Z
R1,1004,saturated,,true,356.000,37.220,59.973,70.809,145906.613,146126.659,146173.450,813515,838496,212295680,62906368,49951,815523,2026-08-01T17:59:30.274104Z
R1,1005,saturated,,true,361.000,36.500,57.767,69.639,145966.484,146197.397,146250.332,814255,838854,212492288,62947328,49966,816292,2026-08-01T17:59:30.274104Z
R1,1006,saturated,,true,377.000,35.372,64.971,72.490,146007.697,146282.398,146338.035,814979,839224,212606976,62980096,49964,817001,2026-08-01T17:59:30.274104Z
R1,1007,saturated,,true,352.000,38.578,64.906,76.787,145920.521,146196.957,146232.913,815733,839773,212754432,63012864,49962,817735,2026-08-01T17:59:30.274104Z
R1,1008,saturated,,true,359.000,37.954,66.118,81.487,146041.749,146271.647,146301.134,816448,840127,212910080,63062016,49961,818428,2026-08-01T17:59:30.274104Z
R1,1009,saturated,,true,361.000,37.644,59.102,72.550,146156.337,146401.456,146441.535,817138,840127,213000192,63086592,49960,819156,2026-08-01T17:59:30.274104Z
R1,1010,saturated,,true,226.000,36.682,230.736,433.988,146284.207,146759.979,146774.155,817736,840653,213180416,63127552,49976,819898,2026-08-01T17:59:30.274104Z
R1,1011,saturated,,true,358.000,35.181,70.765,117.534,146754.921,146996.698,147021.534,818261,841031,213237760,63143936,49963,820309,2026-08-01T17:59:30.274104Z
R1,1012,saturated,,true,378.000,35.515,57.621,69.385,146837.297,147063.184,147087.646,818958,841430,213401600,63184896,49960,821078,2026-08-01T17:59:30.274104Z
R1,1013,saturated,,true,374.000,34.081,60.274,71.163,146783.855,147001.602,147032.085,819736,841995,213483520,63209472,49971,821845,2026-08-01T17:59:30.274104Z
R1,1014,saturated,,true,381.000,35.666,58.760,75.034,146833.812,147049.998,147089.013,820455,841995,213688320,63250432,49964,822591,2026-08-01T17:59:30.274104Z
R1,1015,saturated,,true,362.000,36.058,61.550,80.249,146903.133,147128.991,147168.372,821275,842367,213803008,63307776,49972,823358,2026-08-01T17:59:30.274104Z
R1,1016,saturated,,true,353.000,38.801,62.496,80.015,146992.572,147220.474,147255.339,821926,842752,213934080,63332352,49969,824064,2026-08-01T17:59:30.274104Z
R1,1017,saturated,,true,335.000,39.516,66.049,83.862,147189.306,147483.520,147515.910,822625,843103,214097920,63365120,49966,824753,2026-08-01T17:59:30.274104Z
R1,1018,saturated,,true,372.000,36.299,63.112,70.155,147192.132,147404.232,147444.452,823299,843616,214196224,63406080,49965,825451,2026-08-01T17:59:30.274104Z
R1,1019,saturated,,true,361.000,35.720,62.304,69.573,147361.687,147594.795,147632.779,824038,843616,214351872,63438848,49963,826194,2026-08-01T17:59:30.274104Z
R1,1020,saturated,,true,307.000,37.553,180.708,209.646,147535.990,147741.185,147758.147,824720,844167,214458368,63471616,49974,826937,2026-08-01T17:59:30.274104Z
R1,1021,saturated,,true,357.000,38.248,62.625,84.162,147844.722,148096.360,148138.925,825356,844549,214614016,63520768,49972,827526,2026-08-01T17:59:30.274104Z
R1,1022,saturated,,true,335.000,38.988,68.463,82.710,148046.921,148262.813,148303.593,826021,845016,214695936,63545344,49970,828217,2026-08-01T17:59:30.274104Z
R1,1023,saturated,,true,367.000,36.545,56.123,76.081,148217.924,148476.509,148515.108,826705,845016,214884352,63586304,49970,828936,2026-08-01T17:59:30.274104Z
R1,1024,saturated,,true,379.000,34.943,59.720,72.799,148421.367,148646.157,148691.078,827398,845536,214958080,63610880,49968,829672,2026-08-01T17:59:30.274104Z
R1,1025,saturated,,true,368.000,36.194,59.602,68.492,148481.990,148712.894,148762.181,828160,846093,215146496,63660032,49970,830440,2026-08-01T17:59:30.274104Z
R1,1026,saturated,,true,375.000,36.481,59.896,72.214,148623.336,148865.670,148905.425,828925,846469,215293952,63684608,49975,831176,2026-08-01T17:59:30.274104Z
R1,1027,saturated,,true,357.000,37.277,63.670,76.451,148849.034,149112.201,149152.288,829679,846843,215392256,63725568,49974,831905,2026-08-01T17:59:30.274104Z
R1,1028,saturated,,true,342.000,39.593,67.562,80.142,149032.059,149257.254,149281.099,830396,847203,215588864,63766528,49967,832618,2026-08-01T17:59:30.274104Z
R1,1029,saturated,,true,387.000,34.557,56.972,67.717,149194.315,149457.775,149495.053,831041,847203,215646208,63799296,49969,833336,2026-08-01T17:59:30.274104Z
R1,1030,saturated,,true,295.000,41.033,104.068,177.815,149161.821,149447.629,149501.535,831806,847724,215842816,63832064,49975,834096,2026-08-01T17:59:30.274104Z
R1,1031,saturated,,true,383.000,35.487,57.020,65.669,149412.021,149627.198,149663.685,832426,848108,215932928,63873024,49977,834711,2026-08-01T17:59:30.274104Z
R1,1032,saturated,,true,333.000,39.345,70.737,89.019,149553.571,149791.065,149826.290,833124,848610,216080384,63905792,49798,835433,2026-08-01T17:59:30.274104Z
R1,1033,saturated,,true,340.000,39.854,70.447,84.000,149817.574,150075.094,150115.580,833801,848952,216219648,63930368,49975,836113,2026-08-01T17:59:30.274104Z
R1,1034,saturated,,true,297.000,42.308,98.980,135.776,149952.639,150381.831,150413.072,834484,849285,216317952,63954944,49970,836689,2026-08-01T17:59:30.274104Z
R1,1035,saturated,,true,354.000,37.882,62.746,74.961,149864.288,150190.659,150232.519,835079,849285,216457216,63995904,49971,837400,2026-08-01T17:59:30.274104Z
R1,1036,saturated,,true,325.000,40.409,65.895,79.123,149776.171,150056.442,150089.757,835794,849755,216563712,64028672,49971,838075,2026-08-01T17:59:30.274104Z
R1,1037,saturated,,true,342.000,40.651,65.727,80.985,149789.833,150047.000,150083.743,836473,850100,216735744,64053248,49976,838742,2026-08-01T17:59:30.274104Z
R1,1038,saturated,,true,353.000,37.292,65.273,80.958,149692.064,149911.021,149945.639,837166,850425,216825856,64094208,49974,839466,2026-08-01T17:59:30.274104Z
R1,1039,saturated,,true,374.000,34.937,57.854,66.666,149793.462,150007.325,150039.774,837882,850782,217014272,64135168,49977,840181,2026-08-01T17:59:30.274104Z
R1,1040,saturated,,true,279.000,38.286,110.002,213.009,149863.505,150062.169,150100.394,838641,851325,217079808,64159744,49981,840921,2026-08-01T17:59:30.274104Z
R1,1041,saturated,,true,351.000,38.767,66.901,82.908,149831.170,150059.960,150096.564,839222,851512,217243648,64200704,49978,841476,2026-08-01T17:59:30.274104Z
R1,1042,saturated,,true,361.000,38.373,58.964,68.406,149900.809,150136.699,150183.515,839932,851960,217325568,64233472,49979,842196,2026-08-01T17:59:30.274104Z
R1,1043,saturated,,true,372.000,35.514,56.177,62.898,149597.922,149983.324,150025.143,840665,851960,217505792,64266240,49979,842920,2026-08-01T17:59:30.274104Z
R1,1044,saturated,,true,368.000,36.768,56.313,70.810,149246.356,149479.710,149522.126,841422,852502,217636864,64307200,49797,843680,2026-08-01T17:59:30.274104Z
R1,1045,saturated,,true,342.000,39.597,71.792,88.174,149218.157,149474.842,149508.513,842174,852879,217759744,64348160,49981,844384,2026-08-01T17:59:30.274104Z
R1,1046,saturated,,true,327.000,41.060,72.604,99.408,149344.475,149550.173,149582.784,842856,853405,217907200,64372736,49988,845044,2026-08-01T17:59:30.274104Z
R1,1047,saturated,,true,350.000,37.836,66.736,81.800,149258.166,149524.076,149566.056,843514,853405,218005504,64413696,49980,845716,2026-08-01T17:59:30.274104Z
R1,1048,saturated,,true,352.000,39.203,70.177,83.399,148932.870,149173.049,149197.751,844243,853900,218161152,64438272,49807,846416,2026-08-01T17:59:30.274104Z
R1,1049,saturated,,true,324.000,42.206,69.946,77.517,148981.342,149283.518,149325.166,844886,854256,218259456,64479232,49807,847085,2026-08-01T17:59:30.274104Z
R1,1050,saturated,,true,264.000,40.331,155.312,248.418,148816.195,149038.313,149082.541,845582,854588,218415104,64495616,49892,847767,2026-08-01T17:59:30.274104Z
R1,1051,saturated,,true,377.000,35.545,59.630,73.795,148894.597,149140.954,149185.057,846119,854934,218497024,64536576,49986,848367,2026-08-01T17:59:30.274104Z
R1,1052,saturated,,true,360.000,35.744,58.296,69.205,148971.222,149209.886,149244.022,846856,855403,218660864,64569344,49808,849097,2026-08-01T17:59:30.274104Z
R1,1053,saturated,,true,350.000,37.423,66.106,80.194,149153.003,149384.759,149428.852,847579,855403,218775552,64610304,49807,849805,2026-08-01T17:59:30.274104Z
R1,1054,saturated,,true,356.000,36.541,63.920,71.079,149350.465,149591.491,149630.411,848290,855940,218923008,64626688,49988,850505,2026-08-01T17:59:30.274104Z
R1,1055,saturated,,true,348.000,39.592,67.142,75.491,149456.887,149694.996,149721.314,848985,856474,219070464,64684032,49812,851203,2026-08-01T17:59:30.274104Z
R1,1056,saturated,,true,352.000,38.699,59.071,77.374,149524.801,149814.510,149843.211,849691,856474,219176960,64708608,49804,851909,2026-08-01T17:59:30.274104Z
R1,1057,saturated,,true,349.000,38.702,62.692,70.537,149637.724,149851.199,149888.093,850370,856993,219324416,64749568,49811,852622,2026-08-01T17:59:30.274104Z
R1,1058,saturated,,true,353.000,37.734,61.442,74.824,149610.590,149857.814,149873.748,851087,857342,219439104,64774144,49808,853335,2026-08-01T17:59:30.274104Z
R1,1059,saturated,,true,337.000,40.191,64.025,76.797,149634.737,149844.872,149874.381,851812,857694,219594752,64823296,49819,854048,2026-08-01T17:59:30.274104Z
R1,1060,saturated,,true,221.000,45.297,216.184,272.650,149631.148,149907.523,149941.025,852488,858213,219684864,64856064,49934,854660,2026-08-01T17:59:30.274104Z
R1,1061,saturated,,true,285.000,43.735,139.411,225.609,149972.136,150187.528,150221.213,852893,858213,219774976,64872448,49811,855019,2026-08-01T17:59:30.274104Z
R1,1062,saturated,,true,329.000,40.550,65.551,78.087,149906.864,150125.618,150144.069,853252,858053,219848704,64905216,49833,855739,2026-08-01T18:00:30.337928Z
R1,1063,saturated,,true,345.000,40.622,65.574,97.662,150002.212,150228.886,150258.980,853917,858409,220037120,64946176,49820,856389,2026-08-01T18:00:30.337928Z
R1,1064,saturated,,true,351.000,40.051,68.569,82.978,150121.944,150365.554,150404.055,854619,858911,220078080,64962560,49985,857078,2026-08-01T18:00:30.337928Z
R1,1065,saturated,,true,362.000,37.039,57.654,71.937,150237.624,150467.660,150485.702,855196,859256,220282880,65003520,49805,857792,2026-08-01T18:00:30.337928Z
R1,1066,saturated,,true,359.000,37.268,59.787,73.686,150337.501,150559.226,150577.761,855925,859256,220356608,65036288,49806,858510,2026-08-01T18:00:30.337928Z
R1,1067,saturated,,true,352.000,37.396,73.820,107.382,150478.214,150685.817,150726.456,856643,859796,220528640,65077248,49796,859217,2026-08-01T18:00:30.337928Z
R1,1068,saturated,,true,348.000,38.032,71.887,84.563,150579.964,150815.250,150867.456,857343,860332,220717056,65110016,49815,859944,2026-08-01T18:00:30.337928Z
R1,1069,saturated,,true,287.000,46.649,110.553,144.852,150817.004,151119.664,151151.395,858047,860682,220774400,65150976,49862,860589,2026-08-01T18:00:30.337928Z
R1,1070,saturated,,true,230.000,47.406,141.919,240.926,151120.921,151613.882,151657.887,858607,860970,220880896,65175552,49904,861122,2026-08-01T18:00:30.337928Z
R1,1071,saturated,,true,306.000,43.745,84.299,110.519,151538.738,151835.358,151872.159,859066,860970,220995584,65191936,49811,861577,2026-08-01T18:00:30.337928Z
R1,1072,saturated,,true,300.000,44.096,72.189,91.149,151665.288,151930.408,151962.844,859699,861323,221061120,65232896,49855,862263,2026-08-01T18:00:30.337928Z
R1,1073,saturated,,true,300.000,42.778,91.793,158.798,151900.710,152138.933,152160.132,860287,861671,221233152,65257472,49817,862796,2026-08-01T18:00:30.337928Z
R1,1074,saturated,,true,357.000,36.648,63.274,81.905,152030.228,152298.140,152337.798,860937,862104,221290496,65298432,49799,863497,2026-08-01T18:00:30.337928Z
R1,1075,saturated,,true,322.000,41.799,71.239,88.543,152274.960,152530.629,152570.877,861613,862464,221478912,65323008,49832,864165,2026-08-01T18:00:30.337928Z
R1,1076,saturated,,true,284.000,43.216,101.275,148.935,152391.582,152689.365,152727.786,862277,862789,221560832,65363968,49869,864831,2026-08-01T18:00:30.337928Z
R1,1077,saturated,,true,266.000,48.304,113.834,192.184,152949.121,153151.810,153172.907,862820,863072,221708288,65380352,49820,865271,2026-08-01T18:00:30.337928Z
R1,1078,saturated,,true,269.000,37.904,104.695,132.665,153178.142,153358.622,153380.730,863384,863072,221749248,65413120,49890,865971,2026-08-01T18:00:30.337928Z
R1,1079,saturated,,true,226.000,45.771,182.192,262.010,153723.376,154001.073,154026.929,863854,863503,221888512,65429504,49841,866256,2026-08-01T18:00:30.337928Z
R1,1080,saturated,,true,216.000,47.119,268.140,286.225,154019.197,154223.300,154491.727,864190,863832,221962240,65454080,49929,866868,2026-08-01T18:00:30.337928Z
R1,1081,saturated,,true,318.000,40.557,79.384,97.775,154466.739,154689.730,154745.939,864708,864056,222044160,65470464,49828,867338,2026-08-01T18:00:30.337928Z
R1,1082,saturated,,true,306.000,44.077,75.753,90.888,154712.214,154980.031,155017.549,865306,864369,222191616,65511424,49826,867968,2026-08-01T18:00:30.337928Z
R1,1083,saturated,,true,339.000,39.495,64.869,76.204,154859.743,155087.521,155106.460,865982,864369,222289920,65544192,49836,868653,2026-08-01T18:00:30.337928Z
R1,1084,saturated,,true,299.000,45.827,78.238,114.295,155108.360,155368.279,155405.293,866652,864853,222429184,65576960,49841,869251,2026-08-01T18:00:30.337928Z
R1,1085,saturated,,true,358.000,38.857,66.041,74.410,155356.260,155581.958,155607.541,867277,865154,222535680,65601536,49813,869933,2026-08-01T18:00:30.337928Z
R1,1086,saturated,,true,331.000,41.391,68.254,81.584,155258.681,155477.294,155528.550,867969,865489,222674944,65642496,49836,870649,2026-08-01T18:00:30.337928Z
R1,1087,saturated,,true,339.000,40.298,71.120,93.309,155403.443,155625.225,155649.061,868643,865842,222814208,65683456,49830,871308,2026-08-01T18:00:30.337928Z
R1,1088,saturated,,true,327.000,40.311,78.505,101.245,155569.781,155768.599,155858.010,869356,866350,222920704,65708032,49863,872014,2026-08-01T18:00:30.337928Z
R1,1089,saturated,,true,373.000,35.657,58.111,69.161,155784.711,156015.449,156046.389,870017,866669,223109120,65748992,49814,872686,2026-08-01T18:00:30.337928Z
R1,1090,saturated,,true,288.000,38.602,172.441,231.912,155919.428,156121.643,156128.602,870739,866669,223141888,65765376,49907,873394,2026-08-01T18:00:30.337928Z
R1,1091,saturated,,true,371.000,36.717,63.588,74.833,156182.288,156406.309,156430.403,871341,867051,223354880,65814528,49811,874022,2026-08-01T18:00:30.337928Z
R1,1092,saturated,,true,314.000,42.733,73.186,86.594,156375.042,156605.853,156631.853,872066,867519,223404032,65830912,49849,874691,2026-08-01T18:00:30.337928Z
R1,1093,saturated,,true,335.000,40.344,68.247,91.821,156537.023,156784.223,156820.417,872700,868016,223600640,65880064,49827,875333,2026-08-01T18:00:30.337928Z
R1,1094,saturated,,true,322.000,40.100,75.872,97.521,156696.315,156981.302,157020.319,873407,868357,223641600,65904640,49848,875992,2026-08-01T18:00:30.337928Z
R1,1095,saturated,,true,367.000,36.374,61.445,74.276,156877.191,157086.933,157130.073,874069,868357,223846400,65945600,49816,876712,2026-08-01T18:00:30.337928Z
R1,1096,saturated,,true,325.000,41.402,71.624,94.511,156983.066,157257.378,157298.837,874808,868861,223920128,65978368,49840,877385,2026-08-01T18:00:30.337928Z
R1,1097,saturated,,true,330.000,39.833,66.901,79.777,157233.592,157465.625,157496.675,875475,869208,224092160,66019328,49839,878055,2026-08-01T18:00:30.337928Z
R1,1098,saturated,,true,272.000,41.553,110.865,184.552,156883.244,157040.235,157069.583,876116,869703,224174080,66035712,49896,878723,2026-08-01T18:00:30.337928Z
R1,1099,saturated,,true,274.000,44.554,128.755,168.491,157022.652,157269.911,157293.507,876594,869968,224305152,66052096,49822,879126,2026-08-01T18:00:30.337928Z
R1,1100,saturated,,true,243.000,41.635,241.442,313.411,157037.894,157429.809,157481.600,877216,869968,224346112,66093056,49940,879771,2026-08-01T18:00:30.337928Z
R1,1101,saturated,,true,279.000,49.604,86.814,105.678,157412.009,157695.145,157746.265,877689,870250,224501760,66125824,49856,880228,2026-08-01T18:00:30.337928Z
R1,1102,saturated,,true,341.000,38.972,71.546,88.294,157633.059,157866.191,157906.197,878284,870627,224583680,66150400,49833,880879,2026-08-01T18:00:30.337928Z
R1,1103,saturated,,true,176.000,64.206,181.319,202.125,158020.043,158389.249,158429.630,878875,870944,224681984,66158592,49888,881305,2026-08-01T18:00:30.337928Z
R1,1104,saturated,,true,92.000,71.109,160.241,314.958,158354.311,158711.191,159088.243,879126,870944,224780288,66183168,49911,881634,2026-08-01T18:00:30.337928Z
R1,1105,saturated,,true,224.000,54.001,518.874,680.426,159272.299,159511.594,159531.787,879387,871281,224796672,66191360,49916,881900,2026-08-01T18:00:30.337928Z
R1,1106,saturated,,true,163.000,66.172,214.015,258.586,159852.710,160106.248,160130.451,879824,871512,224829440,66215936,49922,882248,2026-08-01T18:00:30.337928Z
R1,1107,saturated,,true,301.000,44.436,75.591,105.502,159968.304,160234.098,160275.301,880305,871512,224985088,66240512,49919,882825,2026-08-01T18:00:30.337928Z
R1,1108,saturated,,true,344.000,39.201,67.952,76.334,160188.010,160433.311,160463.471,880921,871817,225058816,66265088,49899,883484,2026-08-01T18:00:30.337928Z
R1,1109,saturated,,true,330.000,40.757,67.134,78.056,160323.041,160573.735,160627.504,881554,872302,225230848,66306048,49907,884159,2026-08-01T18:00:30.337928Z
R1,1110,saturated,,true,263.000,37.565,214.540,255.631,160406.949,160616.390,160630.614,882249,872644,225312768,66338816,49953,884816,2026-08-01T18:00:30.337928Z
R1,1111,saturated,,true,352.000,37.293,69.419,93.386,160585.784,160962.226,161001.003,882782,872644,225460224,66371584,49906,885385,2026-08-01T18:00:30.337928Z
R1,1112,saturated,,true,324.000,41.789,75.295,99.467,160448.648,160715.577,160747.320,883489,873061,225533952,66396160,49917,886061,2026-08-01T18:00:30.337928Z
R1,1113,saturated,,true,346.000,38.191,64.701,71.791,160523.687,160750.799,160775.977,884163,873441,225714176,66445312,49913,886743,2026-08-01T18:00:30.337928Z
R1,1114,saturated,,true,312.000,45.262,79.667,102.943,160464.311,160693.926,160720.890,884823,873932,225787904,66453504,49924,887411,2026-08-01T18:00:30.337928Z
R1,1115,saturated,,true,331.000,41.688,65.186,71.871,160505.244,160752.036,160780.924,885455,874092,225951744,66494464,49915,888043,2026-08-01T18:00:30.337928Z
R1,1116,saturated,,true,353.000,37.966,60.848,70.443,160325.290,160624.098,160662.778,886111,874580,226050048,66519040,49906,888733,2026-08-01T18:00:30.337928Z
R1,1117,saturated,,true,351.000,39.116,60.377,65.498,160163.343,160375.111,160398.653,886798,874926,226205696,66568192,49918,889459,2026-08-01T18:00:30.337928Z
R1,1118,saturated,,true,362.000,38.206,57.257,67.920,159866.258,160212.324,160248.862,887509,874926,226328576,66592768,49907,890162,2026-08-01T18:00:30.337928Z
R1,1119,saturated,,true,336.000,39.915,63.448,72.773,156373.524,159671.230,159721.403,888236,875450,226459648,66633728,49921,890866,2026-08-01T18:00:30.337928Z
R1,1120,saturated,,true,230.000,44.251,248.186,295.270,155341.121,155671.860,155722.935,888781,875813,226582528,66666496,49970,891466,2026-08-01T18:00:30.337928Z
R1,1121,saturated,,true,276.000,47.356,109.105,173.080,155703.542,155940.242,155974.466,889273,876146,226672640,66691072,49916,891879,2026-08-01T18:00:30.337928Z
R1,1122,saturated,,true,314.000,43.805,81.708,110.734,155624.945,155859.543,155881.543,889981,876522,226721792,66707456,49925,892526,2026-08-01T18:01:30.395414Z
R1,1123,saturated,,true,304.000,45.785,77.609,97.744,155585.256,155848.982,155872.228,890483,877121,226902016,66740224,49926,893124,2026-08-01T18:01:30.395414Z
R1,1124,saturated,,true,298.000,43.851,81.400,118.712,155769.375,156028.101,156056.934,891068,877578,226942976,66772992,49918,893714,2026-08-01T18:01:30.395414Z
R1,1125,saturated,,true,314.000,44.471,68.543,84.789,155926.499,156167.789,156206.164,891691,878037,227139584,66805760,49917,894346,2026-08-01T18:01:30.395414Z
R1,1126,saturated,,true,317.000,44.520,69.966,77.937,155789.786,156218.099,156266.273,892300,878349,227180544,66846720,49922,894985,2026-08-01T18:01:30.395414Z
R1,1127,saturated,,true,329.000,41.621,70.549,84.976,155036.555,155515.049,155708.328,892951,878841,227377152,66871296,49925,895667,2026-08-01T18:01:30.395414Z
R1,1128,saturated,,true,337.000,38.948,67.396,79.062,154870.869,155091.854,155114.297,893625,878841,227418112,66904064,49916,896312,2026-08-01T18:01:30.395414Z
R1,1129,saturated,,true,311.000,43.473,69.669,90.911,154978.487,155215.296,155244.074,894287,879162,227622912,66920448,49938,896971,2026-08-01T18:01:30.395414Z
R1,1130,saturated,,true,213.000,50.533,233.918,285.099,155093.982,155506.928,155550.279,894778,879487,227655680,66961408,49972,897511,2026-08-01T18:01:30.395414Z
R1,1131,saturated,,true,302.000,45.378,84.738,127.625,155448.537,155734.381,155753.176,895290,879809,227803136,66985984,49923,897986,2026-08-01T18:01:30.395414Z
R1,1132,saturated,,true,337.000,41.377,66.237,90.541,155148.431,155723.716,155757.030,895901,880163,227885056,67026944,49917,898644,2026-08-01T18:01:30.395414Z
R1,1133,saturated,,true,351.000,38.067,56.368,71.659,154175.975,154729.887,154762.673,896595,880163,228073472,67067904,49931,899378,2026-08-01T18:01:30.395414Z
R1,1134,saturated,,true,307.000,45.553,77.641,94.688,154085.382,154379.718,154427.497,897262,880674,228122624,67092480,49923,899977,2026-08-01T18:01:30.395414Z
R1,1135,saturated,,true,219.000,48.007,82.603,127.402,153826.322,154129.271,154164.102,897719,880674,228155392,67108864,49879,900323,2026-08-01T18:01:30.395414Z
R1,1136,saturated,,true,163.000,53.936,399.693,464.448,154436.363,154636.968,154656.633,898286,881446,228343808,67141632,49867,900913,2026-08-01T18:01:30.395414Z
R1,1137,saturated,,true,223.000,45.285,246.671,291.699,154898.571,155172.885,155188.968,898633,881446,228360192,67149824,49967,901287,2026-08-01T18:01:30.395414Z
R1,1138,saturated,,true,291.000,49.465,105.335,161.781,155271.428,155527.387,155586.414,899156,881644,228515840,67182592,49934,901791,2026-08-01T18:01:30.395414Z
R1,1139,saturated,,true,295.000,46.282,76.838,97.892,155399.522,155678.767,155704.981,899779,881918,228597760,67215360,49932,902412,2026-08-01T18:01:30.395414Z
R1,1140,saturated,,true,218.000,45.340,140.316,312.948,155562.923,156019.362,156045.005,900394,882364,228687872,67239936,49961,902924,2026-08-01T18:01:30.395414Z
R1,1141,saturated,,true,273.000,48.004,110.932,140.271,155941.898,156280.939,156316.962,900801,882604,228818944,67248128,49927,903358,2026-08-01T18:01:30.395414Z
R1,1142,saturated,,true,323.000,42.250,76.706,88.820,156159.585,156391.577,156435.934,901385,882604,228859904,67297280,49923,903999,2026-08-01T18:01:30.395414Z
R1,1143,saturated,,true,343.000,39.055,67.669,83.905,156241.035,156471.298,156494.207,902077,883005,229056512,67321856,49928,904702,2026-08-01T18:01:30.395414Z
R1,1144,saturated,,true,357.000,38.064,63.010,73.707,156240.162,156511.105,156541.683,902742,883336,229138432,67362816,49928,905406,2026-08-01T18:01:30.395414Z
R1,1145,saturated,,true,355.000,38.126,65.237,77.703,155730.885,156138.549,156168.557,903475,883688,229302272,67403776,49927,906120,2026-08-01T18:01:30.395414Z
R1,1146,saturated,,true,362.000,38.267,60.971,71.446,155560.834,155897.644,155947.592,904204,884221,229433344,67436544,49933,906845,2026-08-01T18:01:30.395414Z
R1,1147,saturated,,true,336.000,41.623,65.622,74.725,155119.968,155361.507,155591.213,904914,884586,229548032,67469312,49926,907532,2026-08-01T18:01:30.395414Z
R1,1148,saturated,,true,281.000,49.648,80.884,100.890,155123.765,155375.811,155451.588,905583,884586,229679104,67502080,49940,908138,2026-08-01T18:01:30.395414Z
R1,1149,saturated,,true,335.000,40.010,64.933,76.678,155246.899,155489.214,155525.956,906180,885085,229785600,67534848,49936,908785,2026-08-01T18:01:30.395414Z
R1,1150,saturated,,true,222.000,45.859,188.267,270.866,155330.639,155534.371,155572.469,906770,885372,229908480,67551232,49888,909342,2026-08-01T18:01:30.395414Z
R1,1151,saturated,,true,325.000,43.328,84.072,118.271,155799.240,156040.385,156080.211,907235,885719,230014976,67575808,49939,909891,2026-08-01T18:01:30.395414Z
R1,1152,saturated,,true,309.000,43.485,73.498,94.761,155877.747,156137.885,156174.359,907879,886099,230113280,67608576,49948,910523,2026-08-01T18:01:30.395414Z
R1,1153,saturated,,true,321.000,41.744,74.068,91.698,156054.770,156249.191,156282.728,908514,886417,230252544,67649536,49948,911166,2026-08-01T18:01:30.395414Z
R1,1154,saturated,,true,321.000,42.170,69.687,84.825,156164.217,156394.082,156424.519,909169,886417,230359040,67674112,49945,911788,2026-08-01T18:01:30.395414Z
R1,1155,saturated,,true,339.000,41.591,66.364,76.070,156236.872,156467.930,156484.624,909833,886895,230490112,67706880,49942,912478,2026-08-01T18:01:30.395414Z
R1,1156,saturated,,true,343.000,40.898,67.516,89.731,156293.010,156554.951,156587.682,910513,887216,230629376,67747840,49938,913154,2026-08-01T18:01:30.395414Z
R1,1157,saturated,,true,327.000,41.254,71.364,86.242,155958.002,156227.567,156265.653,911184,887729,230735872,67764224,49946,913842,2026-08-01T18:01:30.395414Z
R1,1158,saturated,,true,349.000,39.629,66.157,78.928,155855.404,156064.519,156085.019,911826,887903,230891520,67796992,49941,914507,2026-08-01T18:01:30.395414Z
R1,1159,saturated,,true,357.000,38.942,62.635,68.830,155860.622,156087.372,156111.735,912536,888403,230981632,67829760,49940,915227,2026-08-01T18:01:30.395414Z
R1,1160,saturated,,true,131.000,59.302,397.984,500.436,155923.419,156544.738,156556.860,912921,888403,231104512,67870720,49981,915620,2026-08-01T18:01:30.395414Z
R1,1161,saturated,,true,201.000,47.450,230.428,255.997,156890.285,157076.080,157100.342,913310,888882,231170048,67870720,49939,915895,2026-08-01T18:01:30.395414Z
R1,1162,saturated,,true,338.000,40.923,67.788,81.555,156916.447,157178.078,157215.930,913787,889095,231227392,67895296,49942,916587,2026-08-01T18:01:30.395414Z
R1,1163,saturated,,true,339.000,40.358,69.122,83.288,157029.288,157248.340,157295.613,914476,889438,231415808,67936256,49944,917262,2026-08-01T18:01:30.395414Z
R1,1164,saturated,,true,348.000,38.915,64.567,79.709,157085.724,157311.791,157329.371,915148,889775,231481344,67960832,49949,917966,2026-08-01T18:01:30.395414Z
R1,1165,saturated,,true,336.000,40.144,63.803,84.513,157083.163,157302.934,157329.013,915853,890128,231661568,68009984,49949,918652,2026-08-01T18:01:30.395414Z
R1,1166,saturated,,true,330.000,40.680,80.606,100.334,157155.560,157388.893,157420.970,916499,890128,231768064,68034560,49953,919324,2026-08-01T18:01:30.395414Z
R1,1167,saturated,,true,326.000,41.206,69.661,85.330,157305.749,157532.990,157565.264,917142,890640,231907328,68075520,49948,919962,2026-08-01T18:01:30.395414Z
R1,1168,saturated,,true,330.000,40.678,65.445,80.353,156993.049,157227.489,157592.548,917772,891122,232005632,68108288,49960,920644,2026-08-01T18:01:30.395414Z
R1,1169,saturated,,true,307.000,42.769,88.030,142.626,157092.324,157358.574,157402.689,918450,891122,232161280,68141056,49948,921240,2026-08-01T18:01:30.395414Z
R1,1170,saturated,,true,265.000,41.479,130.463,184.803,157283.354,157501.059,157529.484,918980,891618,232243200,68149248,49962,921819,2026-08-01T18:01:30.395414Z
R1,1171,saturated,,true,312.000,42.315,90.101,114.579,157594.872,157819.425,157863.097,919562,891931,232382464,68190208,49953,922450,2026-08-01T18:01:30.395414Z
R1,1172,saturated,,true,338.000,42.117,67.569,79.362,157738.060,157972.726,158016.014,920204,892340,232464384,68222976,49953,923081,2026-08-01T18:01:30.395414Z
R1,1173,saturated,,true,322.000,40.729,69.449,88.099,157829.623,158101.742,158147.694,920880,892836,232620032,68263936,49952,923731,2026-08-01T18:01:30.395414Z
R1,1174,saturated,,true,329.000,41.948,66.508,86.097,157924.781,158155.238,158198.753,921530,892836,232742912,68288512,49946,924387,2026-08-01T18:01:30.395414Z
R1,1175,saturated,,true,328.000,41.160,71.180,84.636,157975.113,158187.882,158217.286,922208,893167,232865792,68329472,49958,925054,2026-08-01T18:01:30.395414Z
R1,1176,saturated,,true,309.000,42.842,77.663,93.212,158037.912,158287.248,158321.904,922846,893495,232972288,68354048,49958,925696,2026-08-01T18:01:30.395414Z
R1,1177,saturated,,true,334.000,43.527,73.764,87.879,158220.800,158451.005,158481.429,923470,893976,233103360,68370432,49956,926338,2026-08-01T18:01:30.395414Z
R1,1178,saturated,,true,339.000,40.014,70.268,89.185,158299.991,158525.039,158551.324,924149,894298,233234432,68403200,49951,927014,2026-08-01T18:01:30.395414Z
R1,1179,saturated,,true,330.000,42.866,75.462,97.488,158232.870,158561.928,158590.627,924829,894636,233349120,68444160,49952,927674,2026-08-01T18:01:30.395414Z
R1,1180,saturated,,true,246.000,41.440,276.216,312.332,158243.855,158498.925,158520.475,925510,894636,233447424,68476928,49885,928238,2026-08-01T18:01:30.395414Z
R1,1181,saturated,,true,329.000,42.547,80.098,148.783,158543.760,158779.638,158794.154,925988,895140,233578496,68509696,49955,928836,2026-08-01T18:01:30.395414Z
R1,1182,saturated,,true,336.000,40.648,70.183,83.007,158614.647,158850.967,158869.014,926566,895180,233766912,68542464,49958,929520,2026-08-01T18:02:30.332956Z
R1,1183,saturated,,true,316.000,41.726,70.995,89.149,158734.930,158988.433,159048.906,927259,895518,233832448,68583424,49964,930182,2026-08-01T18:02:30.332956Z
R1,1184,saturated,,true,308.000,45.680,75.957,97.270,158890.035,159147.866,159202.210,927869,895847,233971712,68608000,49957,930774,2026-08-01T18:02:30.332956Z
R1,1185,saturated,,true,250.000,49.435,127.973,205.105,159191.150,159495.754,159528.600,928509,895847,234070016,68616192,49962,931294,2026-08-01T18:02:30.332956Z
R1,1186,saturated,,true,287.000,47.843,87.913,103.701,159372.873,159645.195,159670.479,929035,896296,234110976,68657152,49971,931887,2026-08-01T18:02:30.332956Z
R1,1187,saturated,,true,137.000,56.857,310.277,384.874,159862.055,160055.942,160074.966,929499,896697,234291200,68673536,49898,932240,2026-08-01T18:02:30.332956Z
R1,1188,saturated,,true,115.000,100.205,379.691,434.938,160776.292,160990.323,161004.769,929751,896851,234299392,68681728,49968,932388,2026-08-01T18:02:30.332956Z
R1,1189,saturated,,true,145.000,59.982,143.955,162.728,160895.476,161272.784,161351.760,930100,897064,234323968,68698112,49939,932777,2026-08-01T18:02:30.332956Z
R1,1190,saturated,,true,105.000,111.518,484.301,555.442,161863.075,162012.787,162018.837,930264,897064,234332160,68714496,49975,932920,2026-08-01T18:02:30.332956Z
R1,1191,saturated,,true,283.000,46.068,103.583,140.107,162282.901,162506.992,162534.129,930608,897139,234512384,68730880,49973,933445,2026-08-01T18:02:30.332956Z
R1,1192,saturated,,true,221.000,50.453,207.275,243.998,162584.941,162942.498,162959.354,931111,897481,234545152,68763648,49975,933899,2026-08-01T18:02:30.332956Z
R1,1193,saturated,,true,318.000,43.775,74.588,85.068,162746.843,163030.568,163069.088,931672,897481,234659840,68788224,49975,934544,2026-08-01T18:02:30.332956Z
R1,1194,saturated,,true,342.000,40.656,69.102,82.384,162760.042,162988.365,163021.568,932347,897864,234782720,68820992,49977,935212,2026-08-01T18:02:30.332956Z
R1,1195,saturated,,true,254.000,47.290,89.630,114.144,162777.243,163034.864,163048.703,933019,898189,234897408,68845568,49884,935790,2026-08-01T18:02:30.332956Z
R1,1196,saturated,,true,89.000,94.054,333.711,379.242,163263.981,163847.149,163997.977,933179,898532,234987520,68861952,49962,935929,2026-08-01T18:02:30.332956Z
R1,1197,saturated,,true,136.000,77.808,508.258,585.370,164258.808,164489.722,164526.935,933519,898689,235012096,68870144,49876,936214,2026-08-01T18:02:30.332956Z
R1,1198,saturated,,true,189.000,63.484,132.713,167.346,164576.396,164901.653,164946.158,933895,898857,235044864,68894720,49911,936653,2026-08-01T18:02:30.332956Z
R1,1199,saturated,,true,236.000,48.253,308.528,337.853,164927.104,165222.043,165251.853,934265,898857,235143168,68902912,49841,937077,2026-08-01T18:02:30.332956Z
R1,1200,saturated,,true,176.000,45.160,93.357,126.026,165047.628,165260.303,165281.838,934609,899139,235241472,68935680,49962,937485,2026-08-01T18:02:30.332956Z
R1,1201,saturated,,true,95.000,105.661,717.353,770.926,166009.960,166190.037,166219.792,934936,899427,235266048,68952064,49933,937682,2026-08-01T18:02:30.332956Z
R1,1202,saturated,,true,165.000,66.505,276.441,295.755,166525.697,166975.121,167016.025,935192,899564,235282432,68960256,49912,937956,2026-08-01T18:02:30.332956Z
R1,1203,saturated,,true,265.000,47.753,103.937,127.373,166831.768,167057.585,167083.661,935643,899564,235429888,68976640,49872,938495,2026-08-01T18:02:30.332956Z
R1,1204,saturated,,true,313.000,45.198,87.775,106.302,166970.429,167219.528,167237.585,936220,899863,235503616,69009408,49834,939076,2026-08-01T18:02:30.332956Z
R1,1205,saturated,,true,355.000,37.054,67.381,83.424,167039.792,167269.133,167284.881,936888,900300,235667456,69050368,49819,939791,2026-08-01T18:02:30.332956Z
R1,1206,saturated,,true,329.000,40.804,73.045,93.101,167041.464,167291.463,167328.260,937605,900300,235749376,69091328,49836,940465,2026-08-01T18:02:30.332956Z
R1,1207,saturated,,true,337.000,42.775,71.592,87.835,167156.794,167380.260,167435.416,938293,900826,235929600,69107712,49842,941143,2026-08-01T18:02:30.332956Z
R1,1208,saturated,,true,285.000,47.701,80.878,128.873,167079.353,167354.925,167380.332,938914,901325,235986944,69140480,49852,941710,2026-08-01T18:02:30.332956Z
R1,1209,saturated,,true,337.000,39.423,69.123,91.381,167215.828,167440.101,167461.934,939542,901773,236150784,69165056,49823,942384,2026-08-01T18:02:30.332956Z
R1,1210,saturated,,true,274.000,43.566,185.056,252.212,167298.838,167501.531,167533.785,940239,901773,236240896,69197824,49900,942953,2026-08-01T18:02:30.332956Z
R1,1211,saturated,,true,336.000,41.412,70.081,90.194,167525.460,167756.785,167793.521,940802,902124,236388352,69230592,49832,943619,2026-08-01T18:02:30.332956Z
R1,1212,saturated,,true,295.000,46.349,90.607,115.683,167706.643,167920.735,167968.134,941441,902392,236462080,69263360,49851,944227,2026-08-01T18:02:30.332956Z
R1,1213,saturated,,true,324.000,43.392,75.361,88.683,167792.445,168011.803,168027.937,942055,902857,236617728,69304320,49842,944866,2026-08-01T18:02:30.332956Z
R1,1214,saturated,,true,167.000,56.612,190.330,231.774,168001.652,168295.288,168505.542,942113,902857,236683264,69304320,49947,945104,2026-08-01T18:02:30.332956Z
R1,1215,saturated,,true,163.000,74.581,435.091,519.367,168719.226,168985.950,169003.045,942811,903339,236716032,69328896,49894,945555,2026-08-01T18:02:30.332956Z
R1,1216,saturated,,true,307.000,46.587,78.453,91.766,168864.567,169084.604,169142.040,943330,903339,236855296,69353472,49837,946156,2026-08-01T18:02:30.332956Z
R1,1217,saturated,,true,281.000,52.716,92.472,110.856,169043.051,169295.231,169323.486,943920,903655,236937216,69378048,49852,946718,2026-08-01T18:02:30.332956Z
R1,1218,saturated,,true,269.000,51.267,81.886,103.669,169217.710,169443.609,169484.463,944458,903949,237076480,69419008,49860,947277,2026-08-01T18:02:30.332956Z
R1,1219,saturated,,true,287.000,49.524,83.073,97.251,169313.744,169551.352,169609.753,945043,904369,237166592,69443584,49861,947853,2026-08-01T18:02:30.332956Z
R1,1220,saturated,,true,195.000,54.334,287.040,364.884,169491.657,169724.752,169765.046,945353,904660,237232128,69468160,49957,948260,2026-08-01T18:02:30.332956Z
R1,1221,saturated,,true,226.000,60.508,142.955,296.670,169901.054,170186.376,170212.590,945758,904660,237330432,69484544,49887,948704,2026-08-01T18:02:30.332956Z
R1,1222,saturated,,true,261.000,54.078,91.617,107.289,170245.635,170466.526,170500.053,946238,904956,237412352,69509120,49873,949224,2026-08-01T18:02:30.332956Z
R1,1223,saturated,,true,285.000,49.315,94.225,114.496,170455.004,170701.226,170737.447,946788,905206,237535232,69533696,49862,949784,2026-08-01T18:02:30.332956Z
R1,1224,saturated,,true,245.000,52.481,148.071,181.199,170685.079,170952.178,170975.672,947336,905626,237641728,69558272,49913,950290,2026-08-01T18:02:30.332956Z
R1,1225,saturated,,true,113.000,71.439,290.530,306.974,171065.791,171192.365,171337.323,947660,905626,237658112,69566464,49966,950492,2026-08-01T18:02:30.332956Z
R1,1226,saturated,,true,50.000,158.159,1031.345,1101.131,172311.927,172482.609,172482.663,947902,905865,237666304,69566464,49972,950593,2026-08-01T18:02:30.332956Z
R1,1227,saturated,,true,233.000,61.874,118.577,203.941,172645.431,173006.148,173019.285,948163,905943,237764608,69607424,49948,950984,2026-08-01T18:02:30.332956Z
R1,1228,saturated,,true,265.000,52.548,82.920,98.456,172783.707,173072.259,173111.883,948632,906082,237862912,69640192,49953,951522,2026-08-01T18:02:30.332956Z
R1,1229,saturated,,true,272.000,54.104,86.455,102.566,173117.139,173386.941,173438.519,949172,906343,237944832,69648384,49946,952060,2026-08-01T18:02:30.332956Z
R1,1230,saturated,,true,254.000,45.202,245.962,288.869,173234.809,173459.568,173468.433,949491,906744,238075904,69681152,49965,952646,2026-08-01T18:02:30.332956Z
R1,1231,saturated,,true,293.000,47.872,85.548,113.967,173600.421,173840.704,173867.592,950056,907013,238149632,69705728,49934,953133,2026-08-01T18:02:30.332956Z
R1,1232,saturated,,true,338.000,41.144,64.304,78.470,173655.761,173883.105,173906.823,950647,907013,238297088,69754880,49929,953809,2026-08-01T18:02:30.332956Z
R1,1233,saturated,,true,294.000,45.372,98.780,123.016,173720.565,173968.166,173978.950,951331,907447,238379008,69779456,49942,954455,2026-08-01T18:02:30.332956Z
R1,1234,saturated,,true,325.000,42.791,67.941,76.999,173680.344,174040.312,174060.695,951926,907776,238518272,69804032,49936,955051,2026-08-01T18:02:30.332956Z
R1,1235,saturated,,true,320.000,45.424,78.153,92.728,173370.246,173606.337,173639.110,952561,908237,238616576,69820416,49938,955681,2026-08-01T18:02:30.332956Z
R1,1236,saturated,,true,320.000,42.485,73.295,87.191,173388.986,173637.944,173673.587,953208,908237,238764032,69861376,49931,956340,2026-08-01T18:02:30.332956Z
R1,1237,saturated,,true,317.000,43.601,81.059,93.706,173457.993,173670.900,173697.767,953858,908720,238854144,69894144,49938,956983,2026-08-01T18:02:30.332956Z
R1,1238,saturated,,true,301.000,45.413,73.577,87.172,173601.522,173849.501,173882.419,954508,909039,239001600,69926912,49944,957593,2026-08-01T18:02:30.332956Z
R1,1239,saturated,,true,315.000,46.770,74.157,82.966,173715.666,173936.203,173963.519,955136,909354,239099904,69959680,49948,958226,2026-08-01T18:02:30.332956Z
R1,1240,saturated,,true,217.000,48.194,147.819,314.633,173854.825,174061.124,174090.371,955745,909654,239239168,69992448,49984,958799,2026-08-01T18:02:30.332956Z
R1,1241,saturated,,true,240.000,62.838,127.208,256.667,174338.497,174617.406,174637.613,956190,909971,239296512,70000640,49951,959170,2026-08-01T18:02:30.332956Z
R1,1242,saturated,,true,290.000,49.367,88.014,108.180,174591.922,174873.855,174927.512,956798,910127,239370240,70033408,49943,959746,2026-08-01T18:03:30.523845Z
R1,1243,saturated,,true,303.000,46.609,77.781,84.114,174760.742,174978.015,175005.431,957274,910891,239525888,70066176,49938,960329,2026-08-01T18:03:30.523845Z
R1,1244,saturated,,true,316.000,44.516,73.904,91.839,174837.739,175051.157,175070.965,957897,910891,239607808,70090752,49941,960976,2026-08-01T18:03:30.523845Z
R1,1245,saturated,,true,333.000,42.593,66.301,77.475,174527.162,174882.154,174909.608,958546,911350,239788032,70131712,49935,961629,2026-08-01T18:03:30.523845Z
R1,1246,saturated,,true,293.000,46.924,76.982,86.898,174353.814,174612.072,174651.844,959218,911675,239845376,70148096,49946,962229,2026-08-01T18:03:30.523845Z
R1,1247,saturated,,true,274.000,46.208,122.958,171.719,174427.061,174707.774,174739.102,959808,912139,240009216,70180864,49948,962823,2026-08-01T18:03:30.523845Z
R1,1248,saturated,,true,330.000,43.238,69.677,76.880,174422.095,174645.628,174687.499,960390,912416,240082944,70205440,49943,963441,2026-08-01T18:03:30.523845Z
R1,1249,saturated,,true,332.000,41.463,70.123,83.668,174497.860,174731.446,174781.779,961064,912742,240246784,70254592,49940,964105,2026-08-01T18:03:30.523845Z
R1,1250,saturated,,true,275.000,45.334,184.642,220.897,174526.293,174843.136,174894.223,961736,912742,240320512,70270976,49946,964687,2026-08-01T18:03:30.523845Z
R1,1251,saturated,,true,234.000,48.544,195.616,229.588,174749.392,175138.974,175161.168,962185,913237,240386048,70295552,49948,965126,2026-08-01T18:03:30.523845Z
R1,1252,saturated,,true,317.000,43.281,72.177,86.017,174700.739,174882.888,174932.790,962789,913586,240541696,70328320,49947,965767,2026-08-01T18:03:30.523845Z
R1,1253,saturated,,true,326.000,43.107,68.724,76.929,174558.378,174906.009,174932.504,963436,913905,240640000,70369280,49949,966416,2026-08-01T18:03:30.523845Z
R1,1254,saturated,,true,322.000,41.928,78.558,89.241,174166.224,174381.069,174422.529,964092,914226,240779264,70393856,49950,967067,2026-08-01T18:03:30.523845Z
R1,1255,saturated,,true,336.000,40.847,67.584,83.987,173815.525,174029.182,174066.878,964771,914226,240893952,70434816,49947,967739,2026-08-01T18:03:30.523845Z
R1,1256,saturated,,true,337.000,41.605,64.663,75.637,173739.314,173994.234,174036.521,965451,914718,241025024,70467584,49946,968414,2026-08-01T18:03:30.523845Z
R1,1257,saturated,,true,327.000,41.587,75.547,114.180,173750.535,173993.062,174046.017,966131,915224,241156096,70500352,49945,969063,2026-08-01T18:03:30.523845Z
R1,1258,saturated,,true,329.000,41.498,69.537,78.576,173674.529,173905.608,174002.771,966805,915393,241262592,70524928,49946,969736,2026-08-01T18:03:30.523845Z
R1,1259,saturated,,true,275.000,50.344,89.180,104.081,173753.786,173982.319,174028.041,967410,915879,241377280,70557696,49950,970304,2026-08-01T18:03:30.523845Z
R1,1260,saturated,,true,243.000,48.360,95.182,183.724,173988.382,174367.237,174397.046,967964,915879,241500160,70582272,49963,970852,2026-08-01T18:03:30.523845Z
R1,1261,saturated,,true,303.000,44.896,76.655,105.190,174171.894,174394.797,174396.539,968504,916313,241565696,70615040,49970,971424,2026-08-01T18:03:30.523845Z
R1,1262,saturated,,true,293.000,42.976,156.841,218.668,174368.119,174629.431,174673.041,969050,916723,241713152,70639616,49953,971982,2026-08-01T18:03:30.523845Z
R1,1263,saturated,,true,316.000,43.394,74.793,84.945,174428.196,174669.926,174706.906,969691,917000,241786880,70664192,49960,972623,2026-08-01T18:03:30.523845Z
R1,1264,saturated,,true,291.000,50.219,78.715,110.602,174612.655,174914.663,174957.262,970311,917000,241942528,70696960,49958,973219,2026-08-01T18:03:30.523845Z
R1,1265,saturated,,true,291.000,47.838,85.045,107.043,174584.393,174857.916,174908.569,970860,917459,242016256,70721536,49964,973815,2026-08-01T18:03:30.523845Z
R1,1266,saturated,,true,296.000,45.718,87.213,98.424,174713.602,174979.773,175018.941,971455,917908,242180096,70762496,49968,974413,2026-08-01T18:03:30.523845Z
R1,1267,saturated,,true,305.000,47.376,69.786,87.194,174897.980,175121.691,175145.496,972057,917908,242245632,70803456,49959,975005,2026-08-01T18:03:30.523845Z
R1,1268,saturated,,true,265.000,58.555,90.294,111.266,174996.024,175272.803,175312.055,972620,918347,242384896,70819840,49963,975544,2026-08-01T18:03:30.523845Z
R1,1269,saturated,,true,309.000,45.933,73.034,88.439,175128.373,175360.371,175381.337,973215,918638,242466816,70844416,49968,976180,2026-08-01T18:03:30.523845Z
R1,1270,saturated,,true,128.000,58.079,157.236,167.032,175316.271,175568.924,175728.916,973374,918933,242515968,70868992,49937,976385,2026-08-01T18:03:30.523845Z
R1,1271,saturated,,true,160.000,77.308,580.188,724.538,176201.640,176406.231,176424.366,973855,919184,242614272,70877184,49973,976771,2026-08-01T18:03:30.523845Z
R1,1272,saturated,,true,235.000,56.144,126.670,144.934,176602.862,176899.661,176931.617,974289,919379,242688000,70909952,49962,977225,2026-08-01T18:03:30.523845Z
R1,1273,saturated,,true,291.000,45.707,85.323,112.078,176721.881,176985.709,177011.989,974832,919605,242786304,70942720,49967,977813,2026-08-01T18:03:30.523845Z
R1,1274,saturated,,true,224.000,60.639,127.393,154.264,176934.253,177243.078,177296.912,975387,919900,242917376,70959104,49976,978302,2026-08-01T18:03:30.523845Z
R1,1275,saturated,,true,260.000,56.112,99.837,117.286,177245.471,177452.263,177490.429,975772,919900,242950144,70991872,49966,978795,2026-08-01T18:03:30.523845Z
R1,1276,saturated,,true,310.000,46.064,71.340,88.425,177126.237,177536.414,177585.730,976337,920250,243113984,71016448,49967,979407,2026-08-01T18:03:30.523845Z
R1,1277,saturated,,true,277.000,52.255,92.614,107.847,177048.606,177326.381,177375.614,976954,920698,243187712,71041024,49967,979961,2026-08-01T18:03:30.523845Z
R1,1278,saturated,,true,310.000,45.012,70.613,77.940,176924.752,177203.935,177235.270,977546,920698,243318784,71065600,49967,980586,2026-08-01T18:03:30.523845Z
R1,1279,saturated,,true,320.000,43.938,74.290,86.776,176807.487,177089.230,177117.388,978157,921124,243425280,71098368,49969,981226,2026-08-01T18:03:30.523845Z
R1,1280,saturated,,true,245.000,49.512,118.500,197.976,176787.231,177019.155,177058.679,978704,921602,243531776,71131136,49970,981761,2026-08-01T18:03:30.523845Z
R1,1281,saturated,,true,250.000,53.815,117.665,145.416,175977.153,176222.313,176274.564,979173,921757,243638272,71155712,49846,982241,2026-08-01T18:03:30.523845Z
R1,1282,saturated,,true,170.000,62.723,339.595,381.888,175698.733,176071.376,176101.829,979636,921974,243679232,71172096,49976,982598,2026-08-01T18:03:30.523845Z
R1,1283,saturated,,true,210.000,66.111,134.594,169.136,176051.534,176280.216,176302.892,979988,922276,243769344,71196672,49977,983003,2026-08-01T18:03:30.523845Z
R1,1284,saturated,,true,179.000,71.159,166.336,212.122,176398.229,176619.474,176665.616,980429,922484,243875840,71204864,49981,983392,2026-08-01T18:03:30.523845Z
R1,1285,saturated,,true,258.000,58.198,98.923,114.546,176737.416,177032.245,177056.638,980823,922484,243916800,71237632,49973,983885,2026-08-01T18:03:30.523845Z
R1,1286,saturated,,true,295.000,47.766,81.547,103.823,176956.718,177185.172,177212.508,981348,922784,244056064,71270400,49974,984463,2026-08-01T18:03:30.523845Z
R1,1287,saturated,,true,325.000,44.029,73.002,93.094,176916.611,177242.761,177272.989,981965,923215,244146176,71278592,49971,985103,2026-08-01T18:03:30.523845Z
R1,1288,saturated,,true,335.000,40.910,69.490,80.105,176802.014,177025.610,177060.080,982603,923703,244310016,71319552,49970,985777,2026-08-01T18:03:30.523845Z
R1,1289,saturated,,true,308.000,45.612,75.484,95.548,176872.823,177106.624,177130.256,983278,923703,244391936,71344128,49970,986414,2026-08-01T18:03:30.523845Z
R1,1290,saturated,,true,228.000,50.146,117.877,210.786,176908.798,177171.149,177186.523,983807,924039,244514816,71393280,49978,986912,2026-08-01T18:03:30.523845Z
R1,1291,saturated,,true,265.000,51.620,100.800,126.670,177385.974,177623.753,177657.057,984270,924330,244604928,71409664,49971,987400,2026-08-01T18:03:30.523845Z
R1,1292,saturated,,true,328.000,43.263,66.790,79.134,177363.589,177591.832,177605.518,984834,924675,244719616,71442432,49970,988062,2026-08-01T18:03:30.523845Z
R1,1293,saturated,,true,323.000,44.130,74.101,85.982,177449.557,177680.252,177704.772,985512,925005,244842496,71458816,49969,988700,2026-08-01T18:03:30.523845Z
R1,1294,saturated,,true,210.000,47.904,167.705,339.845,177462.737,177719.122,177739.416,986094,925005,244924416,71507968,49985,989188,2026-08-01T18:03:30.523845Z
R1,1295,saturated,,true,283.000,49.078,122.483,355.006,177997.121,178189.433,178215.983,986506,925489,245030912,71532544,49828,989715,2026-08-01T18:03:30.523845Z
R1,1296,saturated,,true,325.000,43.218,72.039,95.850,178074.171,178317.367,178343.087,987116,925677,245161984,71548928,49975,990356,2026-08-01T18:03:30.523845Z
R1,1297,saturated,,true,325.000,44.107,71.886,82.273,178165.848,178398.044,178430.916,987775,926149,245284864,71589888,49807,991008,2026-08-01T18:03:30.523845Z
R1,1298,saturated,,true,337.000,40.289,68.442,82.007,178197.961,178422.066,178438.283,988437,926477,245407744,71606272,49975,991680,2026-08-01T18:03:30.523845Z
R1,1299,saturated,,true,326.000,41.394,68.082,80.587,177806.041,178076.709,178114.905,989116,926811,245522432,71647232,49978,992337,2026-08-01T18:03:30.523845Z
R1,1300,saturated,,true,254.000,44.671,169.466,253.446,177764.023,178136.462,178173.778,989783,926811,245637120,71671808,49982,992878,2026-08-01T18:03:30.523845Z
R1,1301,saturated,,true,282.000,49.441,92.897,118.960,177965.948,178198.934,178224.166,990261,927302,245743616,71712768,49984,993417,2026-08-01T18:03:30.523845Z
R1,1302,saturated,,true,302.000,45.740,77.572,93.958,177980.969,178224.033,178270.305,990974,927021,245776384,71737344,49831,994036,2026-08-01T18:04:30.385838Z
R1,1303,saturated,,true,286.000,46.061,90.714,129.929,177990.383,178223.541,178238.085,991592,927320,245972992,71770112,49855,994614,2026-08-01T18:04:30.385838Z
R1,1304,saturated,,true,265.000,54.536,87.399,110.552,178129.969,178425.825,178457.736,992137,927630,246005760,71786496,49848,995143,2026-08-01T18:04:30.385838Z
R1,1305,saturated,,true,319.000,46.808,76.039,108.114,178252.190,178485.019,178504.219,992741,927887,246202368,71811072,49821,995765,2026-08-01T18:04:30.385838Z
R1,1306,saturated,,true,318.000,45.379,76.108,91.013,178299.938,178518.118,178546.415,993387,928337,246235136,71860224,49982,996405,2026-08-01T18:04:30.385838Z
R1,1307,saturated,,true,303.000,45.414,72.967,103.471,178328.741,178553.781,178596.536,994052,928337,246439936,71884800,49847,997023,2026-08-01T18:04:30.385838Z
R1,1308,saturated,,true,271.000,51.432,88.608,106.100,178499.124,178732.562,178755.571,994611,928824,246472704,71901184,49829,997568,2026-08-01T18:04:30.385838Z
R1,1309,saturated,,true,283.000,52.979,81.999,100.935,178257.417,178704.947,178748.825,995213,929081,246652928,71925760,49851,998144,2026-08-01T18:04:30.385838Z
R1,1310,saturated,,true,63.000,111.337,404.697,459.799,178704.699,178960.530,178963.505,995307,929081,246669312,71925760,49953,998241,2026-08-01T18:04:30.385838Z
R1,1311,saturated,,true,22.000,133.120,1784.643,1794.468,180574.925,180664.420,180670.089,995626,929553,246693888,71958528,49984,998366,2026-08-01T18:04:30.385838Z
R1,1312,saturated,,true,80.000,87.014,186.033,1230.820,180458.721,180698.529,180730.237,995663,929553,246693888,71966720,49914,998503,2026-08-01T18:04:30.385838Z
R1,1313,saturated,,true,66.000,158.470,270.497,389.281,181117.896,181510.910,181539.312,995885,929698,246718464,71974912,49962,998678,2026-08-01T18:04:30.385838Z
R1,1314,saturated,,true,97.000,149.095,409.113,466.943,181922.112,182150.620,182181.235,996034,929698,246726656,71974912,49937,998833,2026-08-01T18:04:30.385838Z
R1,1315,saturated,,true,270.000,49.818,110.136,193.942,182417.676,182609.811,182646.451,996380,929793,246833152,71999488,49828,999341,2026-08-01T18:04:30.385838Z
R1,1316,saturated,,true,139.000,79.337,175.480,204.380,182557.628,183109.262,183123.648,996870,930126,246931456,72015872,49948,999688,2026-08-01T18:04:30.385838Z
R1,1317,saturated,,true,157.000,54.470,315.695,371.094,183566.996,183772.678,183804.620,997056,930126,246947840,72032256,49863,999944,2026-08-01T18:04:30.385838Z
R1,1318,saturated,,true,275.000,50.274,87.503,114.611,183590.349,183845.141,183903.772,997592,930293,247037952,72048640,49855,1000492,2026-08-01T18:04:30.385838Z
R1,1319,saturated,,true,282.000,45.988,101.152,128.799,183369.578,183874.468,183907.768,998158,930558,247169024,72081408,49872,1001087,2026-08-01T18:04:30.385838Z
R1,1320,saturated,,true,240.000,48.455,255.092,309.785,183013.699,183231.788,183257.870,998640,930981,247218176,72114176,49918,1001549,2026-08-01T18:04:30.385838Z
R1,1321,saturated,,true,242.000,57.182,121.898,145.687,183104.114,183313.397,183353.347,999034,930981,247373824,72130560,49848,1002034,2026-08-01T18:04:30.385838Z
R1,1322,saturated,,true,271.000,50.384,91.903,140.241,183158.480,183430.341,183458.548,999534,931319,247431168,72155136,49841,1002573,2026-08-01T18:04:30.385838Z
R1,1323,saturated,,true,292.000,48.488,82.721,99.461,183197.644,183437.024,183488.929,1000052,931738,247562240,72187904,49864,1003163,2026-08-01T18:04:30.385838Z
R1,1324,saturated,,true,329.000,43.274,70.315,86.017,182833.955,183130.366,183169.126,1000656,931890,247660544,72228864,49834,1003815,2026-08-01T18:04:30.385838Z
R1,1325,saturated,,true,315.000,45.112,71.182,82.521,182749.626,182963.537,182998.978,1001329,932356,247824384,72253440,49843,1004464,2026-08-01T18:04:30.385838Z
R1,1326,saturated,,true,315.000,44.394,75.692,94.857,182831.120,183092.843,183113.416,1001972,932675,247906304,72286208,49848,1005083,2026-08-01T18:04:30.385838Z
R1,1327,saturated,,true,305.000,44.709,76.068,84.817,182906.058,183144.716,183184.157,1002579,932989,248053760,72310784,49849,1005697,2026-08-01T18:04:30.385838Z
R1,1328,saturated,,true,288.000,49.579,87.354,116.550,183091.994,183341.005,183412.670,1003163,933293,248135680,72335360,49857,1006270,2026-08-01T18:04:30.385838Z
R1,1329,saturated,,true,325.000,43.705,66.340,79.483,183250.345,183470.850,183495.861,1003767,933743,248274944,72368128,49838,1006924,2026-08-01T18:04:30.385838Z
R1,1330,saturated,,true,236.000,48.810,254.784,272.705,183344.675,183587.230,183618.616,1004342,933743,248365056,72400896,49925,1007415,2026-08-01T18:04:30.385838Z
R1,1331,saturated,,true,272.000,52.116,88.075,112.160,183710.481,183939.833,183988.059,1004842,934066,248430592,72433664,49862,1007961,2026-08-01T18:04:30.385838Z
R1,1332,saturated,,true,260.000,53.250,127.614,172.108,183924.638,184129.377,184180.533,1005346,934280,248578048,72441856,49862,1008471,2026-08-01T18:04:30.385838Z
R1,1333,saturated,,true,315.000,44.756,73.408,88.955,183866.555,184086.352,184112.399,1005897,934679,248643584,72482816,49845,1009111,2026-08-01T18:04:30.385838Z
R1,1334,saturated,,true,222.000,58.040,99.546,120.475,184012.784,184326.184,184404.529,1006528,934994,248799232,72507392,49900,1009607,2026-08-01T18:04:30.385838Z
R1,1335,saturated,,true,260.000,53.055,154.527,186.870,184040.281,184195.410,184227.298,1006997,934994,248856576,72515584,49883,1010084,2026-08-01T18:04:30.385838Z
R1,1336,saturated,,true,302.000,45.391,78.004,86.489,184189.133,184403.171,184449.301,1007548,935355,248963072,72556544,49844,1010685,2026-08-01T18:04:30.385838Z
R1,1337,saturated,,true,293.000,45.608,74.663,98.992,184231.844,184440.903,184466.014,1008171,935619,249085952,72581120,49851,1011292,2026-08-01T18:04:30.385838Z
R1,1338,saturated,,true,240.000,54.930,107.660,145.053,184421.365,184645.175,184679.747,1008718,935924,249135104,72622080,49874,1011777,2026-08-01T18:04:30.385838Z
R1,1339,saturated,,true,311.000,46.621,79.016,91.412,184545.821,184771.784,184799.022,1009270,936314,249298944,72638464,49845,1012378,2026-08-01T18:04:30.385838Z
R1,1340,saturated,,true,175.000,48.871,149.995,329.290,184587.295,184961.056,185071.981,1009840,936623,249356288,72663040,49973,1012784,2026-08-01T18:04:30.385838Z
R1,1341,saturated,,true,182.000,80.887,287.705,523.153,185396.868,185565.778,185585.463,1010111,936623,249389056,72687616,49883,1013103,2026-08-01T18:04:30.385838Z
R1,1342,saturated,,true,319.000,42.887,72.855,82.944,185516.671,185744.019,185763.527,1010619,936859,249561088,72704000,49853,1013739,2026-08-01T18:04:30.385838Z
R1,1343,saturated,,true,223.000,50.863,207.652,286.970,185821.745,186059.972,186077.159,1011146,937299,249602048,72736768,49857,1014210,2026-08-01T18:04:30.385838Z
R1,1344,saturated,,true,62.000,179.514,324.095,382.796,186120.304,186366.835,186572.389,1011256,937299,249634816,72744960,49965,1014304,2026-08-01T18:04:30.385838Z
R1,1345,saturated,,true,166.000,75.064,384.978,416.657,187033.336,187246.063,187343.597,1011737,937658,249708544,72761344,49918,1014665,2026-08-01T18:04:30.385838Z
R1,1346,saturated,,true,96.000,149.864,273.857,331.087,187812.134,188079.080,188079.675,1011996,937739,249790464,72769536,49936,1014883,2026-08-01T18:04:30.385838Z
R1,1347,saturated,,true,200.000,67.576,161.417,172.716,188157.923,188547.409,188555.859,1012346,937858,249823232,72785920,49913,1015283,2026-08-01T18:04:30.385838Z
R1,1348,saturated,,true,276.000,47.910,101.477,122.294,188461.789,188729.676,188758.002,1012859,937858,249937920,72810496,49886,1015833,2026-08-01T18:04:30.385838Z
R1,1349,saturated,,true,290.000,48.729,79.406,99.851,187820.168,188628.661,188668.160,1013402,938200,250044416,72835072,49868,1016413,2026-08-01T18:04:30.385838Z
R1,1350,saturated,,true,223.000,46.955,237.128,301.372,187737.407,188007.737,188093.678,1013547,938200,250077184,72843264,49955,1016723,2026-08-01T18:04:30.385838Z
R1,1351,saturated,,true,108.000,110.493,304.103,357.905,188325.127,188693.595,188701.409,1014048,938625,250150912,72876032,49949,1016971,2026-08-01T18:04:30.385838Z
R1,1352,saturated,,true,233.000,54.426,195.813,281.071,188970.497,189199.593,189236.684,1014525,938891,250265600,72900608,49884,1017552,2026-08-01T18:04:30.385838Z
R1,1353,saturated,,true,133.000,67.354,277.035,314.839,189222.596,189378.262,189577.168,1014668,938891,250281984,72908800,49941,1017726,2026-08-01T18:04:30.385838Z
R1,1354,saturated,,true,102.000,173.831,438.901,450.898,190313.609,190588.037,190598.511,1015084,939301,250339328,72916992,49933,1018030,2026-08-01T18:04:30.385838Z
R1,1355,saturated,,true,306.000,46.028,73.925,85.838,190381.678,190634.450,190647.591,1015487,939433,250462208,72949760,49876,1018641,2026-08-01T18:04:30.385838Z
R1,1356,saturated,,true,289.000,49.570,87.607,108.281,190512.739,190737.102,190796.579,1015862,939433,250511360,72966144,49894,1018955,2026-08-01T18:04:30.385838Z
R1,1357,saturated,,true,271.000,51.289,90.706,105.123,190762.191,190978.209,191003.990,1016425,939736,250626048,72982528,49879,1019488,2026-08-01T18:04:30.385838Z
R1,1358,saturated,,true,303.000,50.707,78.632,89.691,190861.288,191071.569,191097.154,1017243,940019,250789888,73031680,49869,1020382,2026-08-01T18:04:30.385838Z
R1,1359,saturated,,true,280.000,52.819,80.637,92.115,190879.315,191129.011,191162.091,1017859,940445,250904576,73056256,49891,1020941,2026-08-01T18:04:30.385838Z
R1,1360,saturated,,true,193.000,49.034,79.794,106.441,191111.331,191282.228,191576.248,1018168,940745,250937344,73080832,49825,1021236,2026-08-01T18:04:30.385838Z
R1,1361,saturated,,true,189.000,72.855,433.698,522.175,191663.158,191912.240,191965.639,1018560,941029,251002880,73089024,49917,1021510,2026-08-01T18:04:30.385838Z
R1,1362,saturated,,true,289.000,50.390,98.062,134.597,191813.264,192111.488,192138.298,1019000,941029,251076608,73113600,49891,1021985,2026-08-01T18:04:30.385838Z
R1,1363,saturated,,true,303.000,47.611,78.285,93.256,191738.740,191952.959,191975.045,1019609,941037,251297792,73146368,49896,1022594,2026-08-01T18:05:30.755649Z
R1,1364,saturated,,true,261.000,49.805,116.156,176.491,191922.952,192132.134,192169.717,1020168,941326,251338752,73162752,49890,1023114,2026-08-01T18:05:30.755649Z
R1,1365,saturated,,true,295.000,48.521,77.268,88.747,191990.917,192217.665,192249.894,1020780,941615,251412480,73203712,49904,1023747,2026-08-01T18:05:30.755649Z
R1,1366,saturated,,true,300.000,47.737,79.640,102.595,192102.691,192343.432,192392.775,1021376,941896,251568128,73236480,49894,1024324,2026-08-01T18:05:30.755649Z
R1,1367,saturated,,true,291.000,48.265,80.938,100.025,192197.768,192454.775,192490.834,1021995,942337,251617280,73261056,49908,1024942,2026-08-01T18:05:30.755649Z
R1,1368,saturated,,true,272.000,49.444,82.482,129.647,192282.801,192525.652,192565.810,1022536,942643,251797504,73285632,49933,1025521,2026-08-01T18:05:30.755649Z
R1,1369,saturated,,true,245.000,53.812,177.578,239.649,192542.331,192819.181,192839.917,1023025,942938,251830272,73302016,49908,1025978,2026-08-01T18:05:30.755649Z
R1,1370,saturated,,true,86.000,118.532,186.410,235.432,192957.570,193443.052,193448.572,1023344,943160,251977728,73326592,49929,1026367,2026-08-01T18:05:30.755649Z
R1,1371,saturated,,true,25.000,786.162,991.788,1097.212,193825.420,194237.829,194258.284,1023545,943160,251994112,73326592,49991,1026417,2026-08-01T18:05:30.755649Z
R1,1372,saturated,,true,41.000,319.185,514.287,993.424,194457.473,194950.198,195040.613,1023627,943264,252026880,73342976,49958,1026522,2026-08-01T18:05:30.755649Z
R1,1373,saturated,,true,55.000,293.004,801.624,846.031,195881.241,196082.016,196083.388,1023737,943264,252035072,73342976,49962,1026578,2026-08-01T18:05:30.755649Z
R1,1374,saturated,,true,233.000,63.608,97.539,116.314,196237.494,196503.628,196562.857,1023821,943365,252043264,73351168,49914,1026901,2026-08-01T18:05:30.755649Z
R1,1375,saturated,,true,277.000,51.844,90.670,127.583,196408.603,196655.883,196677.443,1024258,943488,252084224,73383936,49893,1027413,2026-08-01T18:05:30.755649Z
R1,1376,saturated,,true,277.000,49.921,90.789,138.779,196539.221,196843.483,196880.452,1024815,943717,252272640,73416704,49912,1028018,2026-08-01T18:05:30.755649Z
R1,1377,saturated,,true,315.000,46.002,72.732,92.772,196559.630,196924.698,196969.580,1025388,944014,252305408,73433088,49892,1028577,2026-08-01T18:05:30.755649Z
R1,1378,saturated,,true,306.000,45.455,80.386,88.883,196483.439,196722.736,196776.182,1026021,944449,252510208,73474048,49889,1029195,2026-08-01T18:05:30.755649Z
R1,1379,saturated,,true,303.000,46.923,77.186,88.391,196544.669,196790.063,196814.447,1026647,944751,252542976,73498624,49905,1029828,2026-08-01T18:05:30.755649Z
R1,1380,saturated,,true,239.000,47.054,143.333,206.959,196663.540,196945.583,197031.561,1027274,945071,252747776,73531392,49966,1030436,2026-08-01T18:05:30.755649Z
R1,1381,saturated,,true,264.000,56.461,97.623,182.271,196908.803,197110.613,197153.271,1027780,945374,252772352,73555968,49909,1030855,2026-08-01T18:05:30.755649Z
R1,1382,saturated,,true,295.000,48.844,85.785,98.883,197000.570,197249.226,197256.726,1028297,945374,252878848,73580544,49908,1031437,2026-08-01T18:05:30.755649Z
R1,1383,saturated,,true,303.000,47.854,84.772,102.616,196858.681,197072.989,197100.472,1028888,945723,253001728,73605120,49898,1032026,2026-08-01T18:05:30.755649Z
R1,1384,saturated,,true,273.000,50.011,85.668,107.434,196130.451,196794.379,197100.853,1029509,946168,253091840,73637888,49908,1032605,2026-08-01T18:05:30.755649Z
R1,1385,saturated,,true,291.000,48.285,76.456,102.122,195070.165,195773.387,195802.287,1030065,946168,253231104,73670656,49905,1033184,2026-08-01T18:05:30.755649Z
R1,1386,saturated,,true,243.000,55.586,149.519,178.529,194639.021,194913.876,194957.862,1030658,946592,253280256,73687040,49915,1033680,2026-08-01T18:05:30.755649Z
R1,1387,saturated,,true,300.000,47.437,82.475,101.130,194485.847,194722.183,194732.424,1031160,946883,253452288,73719808,49903,1034267,2026-08-01T18:05:30.755649Z
R1,1388,saturated,,true,297.000,46.288,86.198,125.607,194465.637,194705.601,194746.574,1031791,947280,253509632,73744384,49912,1034903,2026-08-01T18:05:30.755649Z
R1,1389,saturated,,true,300.000,47.994,88.014,107.160,194631.033,194877.387,194900.165,1032372,947280,253673472,73785344,49905,1035459,2026-08-01T18:05:30.755649Z
R1,1390,saturated,,true,201.000,52.647,92.533,103.338,194696.670,194986.168,195015.650,1032977,947716,253739008,73809920,49989,1036048,2026-08-01T18:05:30.755649Z
R1,1391,saturated,,true,279.000,50.402,205.033,298.800,194034.329,195054.877,195101.178,1033393,948013,253812736,73826304,49907,1036434,2026-08-01T18:05:30.755649Z
R1,1392,saturated,,true,276.000,49.602,90.823,131.433,193391.207,193821.976,193855.334,1033937,948362,253943808,73859072,49907,1036995,2026-08-01T18:05:30.755649Z
R1,1393,saturated,,true,272.000,53.442,91.528,109.008,193246.727,193471.019,193505.045,1034529,948638,254009344,73883648,49912,1037535,2026-08-01T18:05:30.755649Z
R1,1394,saturated,,true,266.000,54.221,87.360,102.963,192182.691,192686.638,193540.750,1035084,948638,254173184,73916416,49912,1038086,2026-08-01T18:05:30.755649Z
R1,1395,saturated,,true,295.000,46.783,81.511,109.703,191815.485,191992.194,192024.965,1035652,949057,254230528,73932800,49913,1038677,2026-08-01T18:05:30.755649Z
R1,1396,saturated,,true,263.000,54.133,108.584,131.319,191753.039,191955.405,192034.527,1036238,949321,254386176,73973760,49922,1039242,2026-08-01T18:05:30.755649Z
R1,1397,saturated,,true,254.000,57.235,101.334,117.434,192039.419,192325.638,192353.095,1036729,949623,254443520,73998336,49910,1039712,2026-08-01T18:05:30.755649Z
R1,1398,saturated,,true,311.000,46.583,74.225,90.039,192190.039,192412.079,192432.573,1037270,949987,254566400,74014720,49913,1040323,2026-08-01T18:05:30.755649Z
R1,1399,saturated,,true,310.000,44.468,75.869,86.345,192251.152,192476.256,192494.547,1037865,950303,254681088,74055680,49914,1040957,2026-08-01T18:05:30.755649Z
R1,1400,saturated,,true,274.000,47.509,113.251,155.610,192373.707,192571.761,192593.337,1038513,950456,254803968,74072064,49950,1041578,2026-08-01T18:05:30.755649Z
R1,1401,saturated,,true,272.000,49.864,108.564,145.228,192524.547,192754.300,192774.609,1038992,950765,254894080,74113024,49908,1042037,2026-08-01T18:05:30.755649Z
R1,1402,saturated,,true,300.000,47.841,75.794,86.011,192598.488,192849.647,192877.133,1039583,951154,254984192,74137600,49917,1042655,2026-08-01T18:05:30.755649Z
R1,1403,saturated,,true,244.000,59.381,109.021,154.704,192764.288,193026.737,193050.900,1040170,951462,255107072,74153984,49944,1043211,2026-08-01T18:05:30.755649Z
R1,1404,saturated,,true,285.000,49.506,83.122,101.599,192759.904,193024.300,193074.991,1040691,951731,255205376,74194944,49920,1043725,2026-08-01T18:05:30.755649Z
R1,1405,saturated,,true,300.000,46.336,77.492,96.713,192862.908,193092.568,193119.017,1041228,951995,255328256,74219520,49918,1044321,2026-08-01T18:05:30.755649Z
R1,1406,saturated,,true,299.000,47.451,82.826,95.079,192910.031,193169.199,193214.281,1041828,952293,255418368,74260480,49918,1044924,2026-08-01T18:05:30.755649Z
R1,1407,saturated,,true,218.000,57.636,195.123,223.862,193039.613,193264.757,193302.123,1042262,952293,255549440,74276864,49938,1045417,2026-08-01T18:05:30.755649Z
R1,1408,saturated,,true,277.000,51.738,102.635,121.446,192442.149,192819.504,192854.354,1042716,952746,255623168,74309632,49927,1045939,2026-08-01T18:05:30.755649Z
R1,1409,saturated,,true,286.000,49.906,82.518,101.834,192434.447,192679.818,192733.367,1043210,952951,255721472,74334208,49925,1046509,2026-08-01T18:05:30.755649Z
R1,1410,saturated,,true,223.000,52.114,91.871,192.988,192472.241,192736.309,192832.789,1043787,953233,255852544,74366976,49988,1047088,2026-08-01T18:05:30.755649Z
R1,1411,saturated,,true,190.000,85.630,194.584,291.836,192757.737,193051.972,193106.887,1044272,953520,255901696,74375168,49949,1047411,2026-08-01T18:05:30.755649Z
R1,1412,saturated,,true,194.000,69.956,157.296,219.105,193078.183,193351.846,193383.451,1044634,953727,255991808,74399744,49945,1047800,2026-08-01T18:05:30.755649Z
R1,1413,saturated,,true,188.000,85.821,136.506,174.527,193481.529,193833.656,193852.912,1044996,953929,256049152,74407936,49954,1048184,2026-08-01T18:05:30.755649Z
R1,1414,saturated,,true,84.000,154.326,339.569,355.262,193721.572,194221.624,194248.617,1045391,954100,256106496,74440704,49970,1048451,2026-08-01T18:05:30.755649Z
R1,1415,saturated,,true,192.000,78.908,159.395,232.670,194283.575,194517.605,194576.825,1045612,954200,256147456,74448896,49939,1048703,2026-08-01T18:05:30.755649Z
R1,1416,saturated,,true,260.000,55.546,94.118,139.472,194143.029,194398.380,194447.615,1046011,954370,256270336,74465280,49926,1049192,2026-08-01T18:05:30.755649Z
R1,1417,saturated,,true,270.000,53.707,88.765,110.077,194149.278,194378.418,194398.607,1046538,954713,256344064,74489856,49923,1049736,2026-08-01T18:05:30.755649Z
R1,1418,saturated,,true,295.000,48.992,76.579,95.024,194174.160,194402.667,194436.329,1047093,954980,256475136,74514432,49915,1050320,2026-08-01T18:05:30.755649Z
R1,1419,saturated,,true,316.000,44.462,82.116,105.162,193692.090,194158.454,194202.754,1047714,955271,256573440,74555392,49919,1050937,2026-08-01T18:05:30.755649Z
R1,1420,saturated,,true,227.000,42.663,79.010,103.022,192229.864,192485.545,192503.130,1048354,955271,256688128,74596352,49851,1051581,2026-08-01T18:05:30.755649Z
R1,1421,saturated,,true,145.000,125.515,313.600,354.426,192748.091,193101.143,193108.862,1048780,955744,256753664,74596352,49950,1051793,2026-08-01T18:05:30.755649Z
R1,1422,saturated,,true,236.000,57.219,92.087,113.526,192959.284,193187.955,193218.598,1049137,955990,256811008,74629120,49957,1052253,2026-08-01T18:05:30.755649Z
R1,1423,saturated,,true,247.000,51.969,220.819,256.752,193246.763,193458.572,193494.166,1049495,956525,256851968,74653696,49931,1052684,2026-08-01T18:06:31.215189Z
R1,1424,saturated,,true,284.000,52.721,91.097,111.192,193055.408,193242.659,193274.008,1051208,956313,256958464,74670080,49934,1053280,2026-08-01T18:06:31.215189Z
R1,1425,saturated,,true,298.000,46.992,82.956,101.367,193093.724,193325.914,193366.319,1051780,956594,257089536,74711040,49929,1053857,2026-08-01T18:06:31.215189Z
R1,1426,saturated,,true,215.000,58.900,188.674,225.071,193450.230,193624.001,193635.341,1052296,956891,257122304,74727424,49939,1054305,2026-08-01T18:06:31.215189Z
R1,1427,saturated,,true,213.000,55.112,139.437,205.742,193558.317,193777.066,193801.580,1052777,957115,257302528,74743808,49987,1054839,2026-08-01T18:06:31.215189Z
R1,1428,saturated,,true,178.000,60.354,168.530,280.128,193832.368,194095.599,194125.586,1053176,957373,257335296,74784768,49876,1055238,2026-08-01T18:06:31.215189Z
R1,1429,saturated,,true,69.000,226.226,611.329,649.522,194779.413,195044.546,195133.790,1053421,957447,257351680,74784768,49944,1055363,2026-08-01T18:06:31.215189Z
R1,1430,saturated,,true,86.000,144.817,423.940,550.316,195468.126,195596.915,195608.698,1053522,957631,257359872,74792960,49945,1055549,2026-08-01T18:06:31.215189Z
R1,1431,saturated,,true,37.000,469.615,655.930,676.536,196199.485,196288.064,196295.672,1053630,957631,257368064,74792960,49981,1055585,2026-08-01T18:06:31.215189Z
R1,1432,saturated,,true,76.000,156.262,547.454,600.486,196981.188,197252.411,197270.651,1053836,957719,257449984,74801152,49923,1055819,2026-08-01T18:06:31.215189Z
R1,1433,saturated,,true,24.000,301.565,1431.502,1451.863,198089.731,198250.857,198271.032,1053887,957766,257458176,74809344,49956,1055837,2026-08-01T18:06:31.215189Z
R1,1434,saturated,,true,170.000,62.441,231.402,1315.675,198586.092,198957.343,198985.330,1053950,957766,257548288,74809344,49902,1056113,2026-08-01T18:06:31.215189Z
R1,1435,saturated,,true,210.000,49.927,83.072,106.425,198806.523,199058.867,199089.199,1054306,957934,257564672,74833920,49940,1056394,2026-08-01T18:06:31.215189Z
R1,1436,saturated,,true,75.000,95.532,933.835,956.772,199963.346,200112.812,200119.103,1054306,957934,257581056,74850304,49946,1056630,2026-08-01T18:06:31.215189Z
R1,1437,saturated,,true,233.000,60.053,110.085,124.386,199954.156,200236.965,200290.128,1054746,958176,257671168,74858496,49944,1057043,2026-08-01T18:06:31.215189Z
R1,1438,saturated,,true,298.000,49.749,78.218,92.910,200181.075,200404.963,200448.313,1055198,958362,257802240,74891264,49932,1057596,2026-08-01T18:06:31.215189Z
R1,1439,saturated,,true,281.000,46.530,75.347,90.635,200182.298,200394.542,200442.096,1055764,958776,257875968,74924032,49941,1058199,2026-08-01T18:06:31.215189Z
R1,1440,saturated,,true,228.000,51.915,148.535,220.723,200382.537,200624.920,200641.252,1056385,958776,258015232,74940416,49965,1058701,2026-08-01T18:06:31.215189Z
R1,1441,saturated,,true,236.000,61.749,147.086,178.624,200544.196,200817.159,200871.795,1056893,959178,258056192,74964992,49939,1059121,2026-08-01T18:06:31.215189Z
R1,1442,saturated,,true,90.000,81.237,423.471,566.846,200297.718,201006.493,201069.702,1057319,959528,258121728,74989568,49963,1059476,2026-08-01T18:06:31.215189Z
R1,1443,saturated,,true,163.000,70.137,323.875,444.854,201436.660,201597.841,201616.778,1057599,959641,258170880,74997760,49950,1059655,2026-08-01T18:06:31.215189Z
R1,1444,saturated,,true,258.000,53.675,99.915,120.132,201487.281,201738.169,201750.782,1057865,959796,258277376,75030528,49953,1060149,2026-08-01T18:06:31.215189Z
R1,1445,saturated,,true,193.000,55.332,94.783,236.847,201650.364,201806.652,202114.431,1058397,960057,258359296,75046912,49900,1060682,2026-08-01T18:06:31.215189Z
R1,1446,saturated,,true,137.000,88.265,415.032,474.602,202145.524,202464.458,202480.455,1058850,960288,258433024,75055104,49905,1060949,2026-08-01T18:06:31.215189Z
R1,1447,saturated,,true,146.000,76.751,511.435,534.960,202933.798,203097.671,203105.385,1059134,960422,258490368,75063296,49965,1061149,2026-08-01T18:06:31.215189Z
R1,1448,saturated,,true,167.000,75.663,219.976,263.567,203274.644,203593.636,203626.720,1059518,960629,258531328,75087872,49966,1061506,2026-08-01T18:06:31.215189Z
R1,1449,saturated,,true,285.000,50.277,93.420,124.064,203549.779,203786.499,203816.765,1059943,960629,258613248,75112448,49965,1061993,2026-08-01T18:06:31.215189Z
R1,1450,saturated,,true,259.000,50.542,105.187,127.398,203664.104,203891.954,203901.404,1060543,960848,258736128,75145216,49858,1062592,2026-08-01T18:06:31.215189Z
R1,1451,saturated,,true,268.000,54.798,103.624,163.638,203764.897,204066.483,204104.429,1061038,961145,258793472,75169792,49969,1063064,2026-08-01T18:06:31.215189Z
R1,1452,saturated,,true,203.000,67.128,134.671,167.475,203947.010,204248.841,204256.316,1061524,961522,258924544,75177984,49976,1063526,2026-08-01T18:06:31.215189Z
R1,1453,saturated,,true,264.000,54.445,100.830,130.509,204239.576,204468.808,204554.460,1062002,961522,258990080,75218944,49844,1064045,2026-08-01T18:06:31.215189Z
R1,1454,saturated,,true,243.000,58.778,88.890,104.547,204396.635,204640.763,204669.667,1062446,961868,259088384,75243520,49981,1064546,2026-08-01T18:06:31.215189Z
R1,1455,saturated,,true,245.000,61.652,117.493,131.661,204681.908,204911.537,204965.873,1062788,962252,259203072,75251712,49971,1064998,2026-08-01T18:06:31.215189Z
R1,1456,saturated,,true,263.000,53.736,95.541,111.279,204544.769,204780.211,204815.144,1063208,962484,259260416,75292672,49971,1065531,2026-08-01T18:06:31.215189Z
R1,1457,saturated,,true,149.000,87.337,194.614,225.911,204882.887,205109.162,205185.271,1063693,962484,259366912,75300864,49914,1065924,2026-08-01T18:06:31.215189Z
R1,1458,saturated,,true,84.000,143.148,503.222,536.846,205731.256,206022.729,206076.567,1064048,962833,259399680,75309056,49928,1066121,2026-08-01T18:06:31.215189Z
R1,1459,saturated,,true,175.000,83.055,205.856,259.083,206199.805,206544.577,206557.285,1064253,962937,259457024,75333632,49879,1066378,2026-08-01T18:06:31.215189Z
R1,1460,saturated,,true,200.000,66.110,152.636,178.130,206499.195,206781.294,206870.271,1064589,963170,259514368,75358208,49891,1066835,2026-08-01T18:06:31.215189Z
R1,1461,saturated,,true,259.000,54.133,96.242,120.598,206845.765,207065.862,207078.322,1065025,963481,259612672,75374592,49839,1067277,2026-08-01T18:06:31.215189Z
R1,1462,saturated,,true,293.000,48.812,89.079,103.305,206968.085,207209.828,207246.562,1065556,963481,259710976,75407360,49981,1067859,2026-08-01T18:06:31.215189Z
R1,1463,saturated,,true,295.000,48.467,77.149,107.213,207119.995,207361.919,207409.560,1066117,963767,259833856,75431936,49831,1068437,2026-08-01T18:06:31.215189Z
R1,1464,saturated,,true,240.000,57.205,113.087,145.419,207299.449,207542.517,207607.320,1066738,964060,259940352,75472896,49880,1069016,2026-08-01T18:06:31.215189Z
R1,1465,saturated,,true,270.000,52.820,96.459,110.525,207523.210,207758.649,207781.651,1067217,964350,260022272,75489280,49834,1069481,2026-08-01T18:06:31.215189Z
R1,1466,saturated,,true,272.000,53.989,92.438,118.842,207703.367,207974.690,208003.865,1067780,964734,260153344,75505664,49860,1070067,2026-08-01T18:06:31.215189Z
R1,1467,saturated,,true,207.000,60.172,222.787,260.953,207953.306,208218.847,208242.092,1068304,965004,260202496,75538432,49857,1070460,2026-08-01T18:06:31.215189Z
R1,1468,saturated,,true,226.000,60.208,157.209,215.566,208276.261,208473.178,208514.734,1068734,965215,260292608,75546624,49855,1070919,2026-08-01T18:06:31.215189Z
R1,1469,saturated,,true,254.000,54.112,99.253,164.877,208176.310,208424.443,208445.705,1069187,965551,260399104,75587584,49850,1071431,2026-08-01T18:06:31.215189Z
R1,1470,saturated,,true,165.000,74.445,267.232,349.912,208560.299,208871.817,208901.574,1069655,965689,260448256,75603968,49881,1071818,2026-08-01T18:06:31.215189Z
R1,1471,saturated,,true,274.000,50.735,97.549,126.016,208680.512,208945.129,208987.237,1070068,965689,260562944,75620352,49862,1072338,2026-08-01T18:06:31.215189Z
R1,1472,saturated,,true,265.000,54.363,89.604,119.416,208839.166,209048.530,209081.236,1070617,966001,260653056,75661312,49989,1072838,2026-08-01T18:06:31.215189Z
R1,1473,saturated,,true,289.000,50.176,84.806,105.695,208916.131,209145.304,209180.029,1071137,966395,260767744,75685888,49841,1073417,2026-08-01T18:06:31.215189Z
R1,1474,saturated,,true,289.000,50.071,80.453,95.783,208934.452,209153.300,209174.730,1071727,966395,260874240,75702272,49840,1073992,2026-08-01T18:06:31.215189Z
R1,1475,saturated,,true,283.000,51.289,85.721,101.631,208955.238,209191.441,209232.825,1072317,966825,260964352,75735040,49847,1074551,2026-08-01T18:06:31.215189Z
R1,1476,saturated,,true,302.000,47.263,80.147,93.657,209003.330,209215.350,209230.050,1072908,967253,261111808,75759616,49839,1075152,2026-08-01T18:06:31.215189Z
R1,1477,saturated,,true,245.000,50.267,126.271,173.383,209119.821,209364.771,209385.124,1073467,967253,261177344,75792384,49840,1075644,2026-08-01T18:06:31.215189Z
R1,1478,saturated,,true,302.000,46.951,79.846,89.498,209080.957,209312.972,209334.397,1074021,967651,261300224,75816960,49838,1076255,2026-08-01T18:06:31.215189Z
R1,1479,saturated,,true,263.000,51.587,92.657,132.873,209009.381,209318.743,209350.513,1074632,967951,261398528,75849728,49864,1076813,2026-08-01T18:06:31.215189Z
R1,1480,saturated,,true,231.000,57.051,175.311,205.914,208209.656,208456.816,208570.294,1075185,968371,261513216,75874304,49901,1077375,2026-08-01T18:06:31.215189Z
R1,1481,saturated,,true,262.000,53.750,117.166,159.985,208256.573,208457.799,208486.009,1075588,968371,261595136,75898880,49855,1077784,2026-08-01T18:06:31.215189Z
R1,1482,saturated,,true,254.000,53.225,92.629,99.903,208311.291,208579.667,208605.202,1075076,969225,261644288,75931648,49857,1078325,2026-08-01T18:07:30.513901Z
R1,1483,saturated,,true,270.000,55.027,89.446,100.412,208270.252,208539.307,208595.053,1075565,969493,261824512,75948032,49856,1078850,2026-08-01T18:07:30.513901Z
R1,1484,saturated,,true,292.000,49.646,78.943,102.978,208165.648,208387.748,208411.210,1076121,969892,261857280,75980800,49843,1079431,2026-08-01T18:07:30.513901Z
R1,1485,saturated,,true,280.000,50.519,82.303,92.485,208207.761,208460.197,208504.472,1076681,970184,261939200,76005376,49845,1079998,2026-08-01T18:07:30.513901Z
R1,1486,saturated,,true,307.000,48.402,73.936,87.920,208165.429,208384.033,208410.498,1077275,970464,262094848,76038144,49836,1080592,2026-08-01T18:07:30.513901Z
R1,1487,saturated,,true,255.000,53.059,110.844,146.793,208324.958,208553.146,208585.653,1077852,970464,262119424,76062720,49839,1081118,2026-08-01T18:07:30.513901Z
R1,1488,saturated,,true,300.000,44.797,79.418,99.515,208392.958,208625.006,208657.422,1078401,970873,262324224,76095488,49846,1081721,2026-08-01T18:07:30.513901Z
R1,1489,saturated,,true,299.000,50.030,83.545,104.048,208245.330,208625.316,208676.206,1078993,971176,262356992,76128256,49852,1082323,2026-08-01T18:07:30.513901Z
R1,1490,saturated,,true,270.000,48.866,88.099,108.999,208075.176,208288.076,208323.784,1079591,971622,262553600,76152832,49868,1082901,2026-08-01T18:07:30.513901Z
R1,1491,saturated,,true,310.000,46.124,73.570,83.434,207488.076,207764.341,207805.186,1080161,971622,262586368,76185600,49845,1083480,2026-08-01T18:07:30.513901Z
R1,1492,saturated,,true,312.000,46.041,73.646,85.833,206961.033,207224.261,207259.223,1080794,972054,262791168,76201984,49839,1084101,2026-08-01T18:07:30.513901Z
R1,1493,saturated,,true,305.000,45.815,71.441,84.098,206825.911,207043.993,207058.844,1081423,972522,262823936,76242944,49840,1084725,2026-08-01T18:07:30.513901Z
R1,1494,saturated,,true,308.000,46.774,76.893,95.611,206790.784,207011.640,207031.230,1082058,972522,263020544,76275712,49846,1085341,2026-08-01T18:07:30.513901Z
R1,1495,saturated,,true,273.000,53.989,89.519,106.400,206888.978,207147.355,207182.892,1082663,972984,263061504,76300288,49860,1085921,2026-08-01T18:07:30.513901Z
R1,1496,saturated,,true,269.000,51.485,97.304,128.426,207191.274,207425.824,207455.496,1083212,973266,263200768,76324864,49853,1086440,2026-08-01T18:07:30.513901Z
R1,1497,saturated,,true,110.000,60.885,310.262,330.419,207473.995,207690.910,207713.005,1083667,973677,263282688,76341248,49951,1086832,2026-08-01T18:07:30.513901Z
R1,1498,saturated,,true,27.000,1078.444,1179.913,1226.197,208470.875,208856.027,208856.048,1083846,973677,263282688,76341248,49973,1086870,2026-08-01T18:07:30.513901Z
R1,1499,saturated,,true,255.000,55.198,128.273,232.237,208730.231,209000.441,209030.769,1084115,973740,263299072,76374016,49862,1087328,2026-08-01T18:07:30.513901Z
R1,1500,saturated,,true,252.000,58.949,94.493,127.590,208580.336,208844.338,208879.536,1084509,973932,263479296,76390400,49885,1087846,2026-08-01T18:07:30.513901Z
R1,1501,saturated,,true,271.000,52.555,90.446,134.823,208818.192,209033.375,209078.682,1084975,974206,263528448,76423168,49851,1088375,2026-08-01T18:07:30.513901Z
R1,1502,saturated,,true,236.000,58.345,120.231,154.855,208968.563,209282.457,209315.578,1085441,974599,263643136,76447744,49885,1088844,2026-08-01T18:07:30.513901Z
R1,1503,saturated,,true,173.000,58.780,220.179,319.117,209225.477,209457.327,209491.775,1085879,974718,263741440,76455936,49944,1089250,2026-08-01T18:07:30.513901Z
R1,1504,saturated,,true,219.000,67.887,162.348,216.094,209654.579,209992.077,210010.950,1086270,974950,263766016,76496896,49881,1089642,2026-08-01T18:07:30.513901Z
R1,1505,saturated,,true,250.000,54.032,98.615,108.770,209615.488,209845.828,209873.317,1086717,975223,263880704,76513280,49861,1090150,2026-08-01T18:07:30.513901Z
R1,1506,saturated,,true,258.000,55.106,94.800,119.986,209815.008,210026.974,210046.218,1087224,975223,263979008,76529664,49863,1090663,2026-08-01T18:07:30.513901Z
R1,1507,saturated,,true,200.000,63.636,183.535,219.222,210126.494,210455.367,210480.224,1087756,975594,264011776,76554240,49881,1091071,2026-08-01T18:07:30.513901Z
R1,1508,saturated,,true,215.000,67.069,119.664,147.606,210368.854,210709.391,210754.119,1088172,975815,264159232,76570624,49897,1091527,2026-08-01T18:07:30.513901Z
R1,1509,saturated,,true,256.000,58.887,100.382,139.019,210710.069,210958.231,211005.376,1088636,976150,264232960,76603392,49872,1092020,2026-08-01T18:07:30.513901Z
R1,1510,saturated,,true,236.000,55.658,119.573,162.333,210927.324,211143.818,211183.862,1089153,976150,264323072,76636160,49902,1092519,2026-08-01T18:07:30.513901Z
R1,1511,saturated,,true,229.000,63.206,104.248,135.220,211288.553,211510.061,211542.785,1089617,976539,264445952,76644352,49881,1092965,2026-08-01T18:07:30.513901Z
R1,1512,saturated,,true,233.000,56.575,123.606,157.941,211448.556,211729.043,211768.116,1090088,976871,264478720,76668928,49862,1093412,2026-08-01T18:07:30.513901Z
R1,1513,saturated,,true,236.000,63.020,99.521,112.759,211494.224,211787.921,211825.044,1090575,977101,264585216,76693504,49885,1093907,2026-08-01T18:07:30.513901Z
R1,1514,saturated,,true,248.000,57.321,101.759,115.539,211686.823,211922.867,211966.933,1091081,977340,264699904,76718080,49898,1094410,2026-08-01T18:07:30.513901Z
R1,1515,saturated,,true,263.000,54.992,92.635,103.397,211853.360,212091.267,212130.321,1091577,977586,264757248,76759040,49869,1094931,2026-08-01T18:07:30.513901Z
R1,1516,saturated,,true,288.000,51.686,85.885,109.131,211874.740,212104.214,212146.011,1092125,977586,264904704,76775424,49848,1095490,2026-08-01T18:07:30.513901Z
R1,1517,saturated,,true,221.000,58.113,154.060,182.918,211974.640,212256.882,212316.307,1092665,977986,264953856,76783616,49880,1095936,2026-08-01T18:07:30.513901Z
R1,1518,saturated,,true,292.000,48.507,75.983,101.243,212119.806,212339.487,212363.428,1093197,978233,265084928,76832768,49861,1096529,2026-08-01T18:07:30.513901Z
R1,1519,saturated,,true,271.000,56.561,85.606,95.395,212219.592,212455.042,212481.438,1093787,978508,265175040,76857344,49882,1097077,2026-08-01T18:07:30.513901Z
R1,1520,saturated,,true,258.000,53.795,117.054,148.971,212349.233,212560.342,212599.520,1094337,978796,265265152,76890112,49889,1097588,2026-08-01T18:07:30.513901Z
R1,1521,saturated,,true,288.000,48.956,81.703,94.435,212313.566,212554.298,212587.454,1094884,979064,265396224,76898304,49862,1098176,2026-08-01T18:07:30.513901Z
R1,1522,saturated,,true,300.000,47.380,82.012,92.042,211916.383,212549.627,212582.920,1095479,979329,265469952,76922880,49864,1098761,2026-08-01T18:07:30.513901Z
R1,1523,saturated,,true,271.000,50.953,81.481,99.383,208997.690,210033.039,210080.448,1096063,979765,265617408,76972032,49873,1099329,2026-08-01T18:07:30.513901Z
R1,1524,saturated,,true,260.000,56.413,95.788,117.096,208483.724,208706.369,208759.272,1096617,980047,265674752,76988416,49874,1099861,2026-08-01T18:07:30.513901Z
R1,1525,saturated,,true,221.000,61.749,125.480,170.534,207950.824,208560.275,208590.028,1097099,980304,265797632,77012992,49885,1100301,2026-08-01T18:07:30.513901Z
R1,1526,saturated,,true,242.000,57.093,97.838,109.824,207829.014,208078.718,208125.596,1097617,980526,265887744,77037568,49898,1100824,2026-08-01T18:07:30.513901Z
R1,1527,saturated,,true,174.000,76.368,193.146,224.713,208220.085,208420.366,208429.446,1097968,980760,265920512,77045760,49903,1101140,2026-08-01T18:07:30.513901Z
R1,1528,saturated,,true,252.000,57.065,99.345,140.092,208419.297,208652.006,208685.370,1098444,980760,266059776,77078528,49873,1101639,2026-08-01T18:07:30.513901Z
R1,1529,saturated,,true,279.000,52.472,84.264,105.727,208343.794,208686.670,208732.913,1099000,981335,266133504,77111296,49875,1102199,2026-08-01T18:07:30.513901Z
R1,1530,saturated,,true,274.000,52.633,82.827,98.023,208116.332,208351.305,208379.989,1099512,981335,266248192,77135872,49883,1102756,2026-08-01T18:07:30.513901Z
R1,1531,saturated,,true,297.000,47.526,79.653,92.128,208124.675,208347.118,208368.693,1100048,981616,266362880,77152256,49865,1103348,2026-08-01T18:07:30.513901Z
R1,1532,saturated,,true,301.000,47.500,79.643,112.069,208112.868,208334.089,208376.509,1100652,981897,266469376,77193216,49860,1103956,2026-08-01T18:07:30.513901Z
R1,1533,saturated,,true,303.000,48.614,74.129,87.585,208176.836,208405.406,208413.228,1101244,982195,266608640,77225984,49866,1104564,2026-08-01T18:07:30.513901Z
R1,1534,saturated,,true,286.000,48.552,82.048,93.009,208253.423,208487.935,208520.382,1101794,982500,266698752,77258752,49862,1105149,2026-08-01T18:07:30.513901Z
R1,1535,saturated,,true,282.000,52.264,83.244,101.615,208349.911,208561.387,208603.136,1102383,982790,266821632,77283328,49875,1105717,2026-08-01T18:07:30.513901Z
R1,1536,saturated,,true,275.000,50.301,80.784,100.027,208459.495,208671.450,208708.328,1102892,983079,266887168,77299712,49871,1106264,2026-08-01T18:07:30.513901Z
R1,1537,saturated,,true,234.000,55.859,143.145,202.885,208646.460,208868.164,208878.149,1103410,983356,267034624,77332480,49881,1106730,2026-08-01T18:07:30.513901Z
R1,1538,saturated,,true,289.000,50.540,78.671,88.523,208689.881,208935.542,208992.048,1103948,983592,267091968,77365248,49869,1107311,2026-08-01T18:07:30.513901Z
R1,1539,saturated,,true,272.000,51.400,84.522,98.783,208803.995,209049.788,209093.146,1104501,984021,267214848,77373440,49878,1107861,2026-08-01T18:07:30.513901Z
R1,1540,saturated,,true,212.000,55.715,97.979,123.569,208566.342,208838.690,208849.395,1104911,984291,267313152,77406208,49947,1108325,2026-08-01T18:07:30.513901Z
R1,1541,saturated,,true,205.000,67.365,203.699,259.373,208994.038,209183.139,209209.285,1105277,984431,267370496,77430784,49899,1108723,2026-08-01T18:07:30.513901Z
R1,1542,saturated,,true,198.000,61.975,175.559,232.569,209162.684,209378.240,209392.384,1105708,984590,267468800,77447168,49936,1109119,2026-08-01T18:07:30.513901Z
R1,1543,saturated,,true,257.000,55.870,121.108,151.329,209532.980,209773.609,209812.525,1106143,984803,267575296,77479936,49873,1109621,2026-08-01T18:08:30.940810Z
R1,1544,saturated,,true,247.000,58.325,112.789,158.064,209467.043,209705.117,209729.561,1106692,984803,267689984,77496320,49903,1110113,2026-08-01T18:08:30.940810Z
R1,1545,saturated,,true,288.000,48.060,85.029,98.582,209442.458,209697.349,209738.856,1107208,985204,267755520,77512704,49871,1110694,2026-08-01T18:08:30.940810Z
R1,1546,saturated,,true,286.000,48.900,77.856,96.318,209417.706,209646.855,209682.621,1107793,985461,267911168,77553664,49881,1111278,2026-08-01T18:08:30.940810Z
R1,1547,saturated,,true,195.000,72.728,162.726,194.760,209645.656,209888.418,209909.228,1108308,985753,267943936,77578240,49901,1111658,2026-08-01T18:08:30.940810Z
R1,1548,saturated,,true,299.000,48.741,77.068,93.015,209692.258,209905.309,209926.772,1108793,985968,268083200,77602816,49871,1112256,2026-08-01T18:08:30.940810Z
R1,1549,saturated,,true,284.000,48.824,80.768,114.172,209653.128,209875.859,209906.541,1109365,986384,268173312,77619200,49882,1112824,2026-08-01T18:08:30.940810Z
R1,1550,saturated,,true,271.000,51.167,98.217,132.647,209395.171,209811.916,209926.798,1109948,986671,268288000,77668352,49895,1113370,2026-08-01T18:08:30.940810Z
R1,1551,saturated,,true,267.000,53.153,100.501,135.898,209023.421,209271.962,209337.677,1110501,987081,268402688,77692928,49895,1113914,2026-08-01T18:08:30.940810Z
R1,1552,saturated,,true,154.000,60.683,249.832,306.016,209378.196,209615.730,209853.855,1110950,987081,268427264,77692928,49947,1114245,2026-08-01T18:08:30.940810Z
R1,1553,saturated,,true,88.000,151.970,439.435,500.195,209757.913,210023.675,210286.633,1111232,987286,268451840,77717504,49974,1114426,2026-08-01T18:08:30.940810Z
R1,1554,saturated,,true,128.000,84.139,243.559,293.414,209980.652,210575.621,210591.801,1111497,987446,268541952,77733888,49963,1114681,2026-08-01T18:08:30.940810Z
R1,1555,saturated,,true,178.000,85.054,179.466,302.335,209814.619,210397.357,210466.225,1111723,987446,268623872,77733888,49935,1115030,2026-08-01T18:08:30.940810Z
R1,1556,saturated,,true,136.000,74.034,184.203,232.527,209544.496,209937.605,209969.659,1112073,987668,268656640,77750272,49965,1115326,2026-08-01T18:08:30.940810Z
R1,1557,saturated,,true,169.000,78.558,285.193,317.367,209759.599,209938.941,209958.728,1112314,987886,268673024,77774848,49913,1115645,2026-08-01T18:08:30.940810Z
R1,1558,saturated,,true,156.000,73.771,277.179,292.022,210074.498,210289.505,210307.571,1112418,987886,268697600,77791232,49917,1115759,2026-08-01T18:08:30.940810Z
R1,1559,saturated,,true,213.000,65.419,210.867,231.576,210354.132,210606.535,210622.079,1113078,988051,268886016,77807616,49921,1116395,2026-08-01T18:08:30.940810Z
R1,1560,saturated,,true,245.000,58.196,104.444,120.408,210534.681,210807.488,210863.994,1113572,988335,268910592,77832192,49916,1116885,2026-08-01T18:08:30.940810Z
R1,1561,saturated,,true,239.000,59.268,106.850,127.155,210643.478,211029.255,211065.750,1114048,988571,269041664,77856768,49901,1117361,2026-08-01T18:08:30.940810Z
R1,1562,saturated,,true,279.000,51.688,92.050,116.446,209851.641,210429.184,210498.180,1114589,988912,269131776,77881344,49890,1117928,2026-08-01T18:08:30.940810Z
R1,1563,saturated,,true,170.000,63.241,249.739,344.071,209976.095,210319.476,210372.771,1114952,989180,269172736,77905920,49904,1118266,2026-08-01T18:08:30.940810Z
R1,1564,saturated,,true,128.000,98.507,279.784,340.225,209449.501,209787.636,209805.015,1115272,989354,269254656,77922304,49945,1118524,2026-08-01T18:08:30.940810Z
R1,1565,saturated,,true,50.000,81.643,549.222,568.306,209484.115,210174.857,210330.844,1115322,989354,269279232,77922304,49967,1118614,2026-08-01T18:08:30.940810Z
R1,1566,saturated,,true,44.000,273.020,927.315,1157.979,211216.000,211329.714,211335.260,1115491,989354,269303808,77922304,49979,1118657,2026-08-01T18:08:30.940810Z
R1,1567,saturated,,true,80.000,157.581,287.092,348.422,211752.228,211941.375,211981.323,1115586,989496,269328384,77930496,49973,1118797,2026-08-01T18:08:30.940810Z
R1,1568,saturated,,true,150.000,99.877,241.604,318.353,212270.698,212618.484,212659.212,1115781,989584,269369344,77938688,49948,1119032,2026-08-01T18:08:30.940810Z
R1,1569,saturated,,true,207.000,60.954,208.070,252.714,212714.980,212998.681,213011.021,1116062,989748,269385728,77946880,49912,1119342,2026-08-01T18:08:30.940810Z
R1,1570,saturated,,true,219.000,57.929,134.464,179.292,212824.358,213041.279,213082.575,1116436,989748,269508608,77987840,49949,1119849,2026-08-01T18:08:30.940810Z
R1,1571,saturated,,true,238.000,61.030,111.772,142.620,213067.660,213295.612,213319.036,1116889,990039,269606912,78004224,49920,1120285,2026-08-01T18:08:30.940810Z
R1,1572,saturated,,true,182.000,79.666,141.297,192.212,213394.884,213739.624,213773.707,1117318,990379,269639680,78020608,49932,1120685,2026-08-01T18:08:30.940810Z
R1,1573,saturated,,true,287.000,51.372,87.979,103.941,213519.405,213775.765,213799.458,1117733,990694,269754368,78053376,49908,1121166,2026-08-01T18:08:30.940810Z
R1,1574,saturated,,true,239.000,59.733,100.241,138.228,213151.202,213391.779,213440.986,1118291,990836,269852672,78069760,49925,1121719,2026-08-01T18:08:30.940810Z
R1,1575,saturated,,true,254.000,56.326,100.731,127.305,213151.876,213360.055,213378.310,1118801,990836,269934592,78102528,49913,1122187,2026-08-01T18:08:30.940810Z
R1,1576,saturated,,true,284.000,50.790,77.450,100.205,213150.970,213384.087,213413.326,1119335,991211,270065664,78135296,49919,1122767,2026-08-01T18:08:30.940810Z
R1,1577,saturated,,true,133.000,89.269,280.005,376.678,213452.588,213691.310,213706.328,1119812,991479,270106624,78143488,49938,1123130,2026-08-01T18:08:30.940810Z
R1,1578,saturated,,true,242.000,57.936,98.852,121.689,213741.646,213949.325,213966.656,1120134,991734,270204928,78176256,49924,1123536,2026-08-01T18:08:30.940810Z
R1,1579,saturated,,true,251.000,56.156,99.902,125.271,213914.306,214144.597,214181.861,1120599,992007,270303232,78192640,49931,1124057,2026-08-01T18:08:30.940810Z
R1,1580,saturated,,true,253.000,53.497,119.859,155.251,213966.675,214255.065,214282.703,1121136,992007,270376960,78200832,49945,1124589,2026-08-01T18:08:30.940810Z
R1,1581,saturated,,true,243.000,57.602,98.306,115.806,214194.400,214469.848,214511.626,1121628,992388,270475264,78249984,49927,1125055,2026-08-01T18:08:30.940810Z
R1,1582,saturated,,true,263.000,53.780,105.210,123.234,214382.579,214638.396,214667.408,1122114,992759,270565376,78266368,49912,1125549,2026-08-01T18:08:30.940810Z
R1,1583,saturated,,true,199.000,65.847,192.194,225.463,214537.581,214727.240,214757.941,1122618,992759,270680064,78282752,49940,1126077,2026-08-01T18:08:30.940810Z
R1,1584,saturated,,true,261.000,56.594,98.396,138.578,214449.859,214731.082,214775.648,1123073,993138,270753792,78315520,49931,1126496,2026-08-01T18:08:30.940810Z
R1,1585,saturated,,true,238.000,61.941,111.245,141.066,211824.958,213555.988,213599.049,1123511,993347,270819328,78323712,49923,1126974,2026-08-01T18:08:30.940810Z
R1,1586,saturated,,true,250.000,61.200,93.325,127.351,211349.151,211620.190,211652.813,1123974,993595,270942208,78364672,49925,1127485,2026-08-01T18:08:30.940810Z
R1,1587,saturated,,true,157.000,76.354,250.837,270.239,211688.663,211967.243,211999.088,1124491,993972,271024128,78389248,49933,1127849,2026-08-01T18:08:30.940810Z
R1,1588,saturated,,true,265.000,54.260,99.761,111.747,211911.308,212133.254,212172.708,1124841,993972,271065088,78397440,49923,1128316,2026-08-01T18:08:30.940810Z
R1,1589,saturated,,true,245.000,57.612,109.889,151.958,212008.766,212240.709,212263.174,1125365,994252,271196160,78438400,49941,1128828,2026-08-01T18:08:30.940810Z
R1,1590,saturated,,true,185.000,72.812,118.404,146.277,212313.089,212684.735,212747.779,1125869,994506,271269888,78454784,49959,1129260,2026-08-01T18:08:30.940810Z
R1,1591,saturated,,true,187.000,78.263,139.207,168.866,212558.173,212868.162,212908.138,1126262,994746,271319040,78479360,49963,1129660,2026-08-01T18:08:30.940810Z
R1,1592,saturated,,true,211.000,70.496,130.891,162.467,213101.789,213328.638,213352.148,1126608,994949,271417344,78503936,49943,1130020,2026-08-01T18:08:30.940810Z
R1,1593,saturated,,true,246.000,57.196,109.102,131.598,213349.474,213575.805,213595.680,1127023,995119,271499264,78512128,49928,1130457,2026-08-01T18:08:30.940810Z
R1,1594,saturated,,true,223.000,60.194,146.131,175.143,213424.096,213654.526,213681.107,1127514,995460,271572992,78544896,49941,1130966,2026-08-01T18:08:30.940810Z
R1,1595,saturated,,true,260.000,55.959,87.116,105.904,213437.504,213674.010,213707.895,1127977,995698,271687680,78569472,49930,1131452,2026-08-01T18:08:30.940810Z
R1,1596,saturated,,true,255.000,56.718,101.479,119.422,213510.099,213719.476,213757.131,1128500,995944,271769600,78585856,49925,1131980,2026-08-01T18:08:30.940810Z
R1,1597,saturated,,true,211.000,58.547,167.072,187.562,213753.241,214078.095,214101.892,1129023,996204,271867904,78618624,49925,1132413,2026-08-01T18:08:30.940810Z
R1,1598,saturated,,true,275.000,51.551,84.843,104.729,213898.174,214120.013,214157.363,1129494,996204,271958016,78643200,49928,1132947,2026-08-01T18:08:30.940810Z
R1,1599,saturated,,true,282.000,53.259,84.888,96.213,213921.962,214144.566,214161.621,1130051,996551,272039936,78659584,49932,1133496,2026-08-01T18:08:30.940810Z
R1,1600,saturated,,true,190.000,61.400,164.978,207.896,213895.641,214147.582,214170.197,1130611,996826,272179200,78700544,49979,1134038,2026-08-01T18:08:30.940810Z
R1,1601,saturated,,true,166.000,78.845,201.953,242.334,214458.193,214730.082,214761.534,1130935,997100,272203776,78708736,49932,1134263,2026-08-01T18:08:30.940810Z
R1,1602,saturated,,true,207.000,69.306,126.170,152.860,214672.009,214998.262,215023.415,1131287,997257,272277504,78733312,49939,1134677,2026-08-01T18:08:30.940810Z
R1,1603,saturated,,true,188.000,68.830,162.986,215.573,215160.243,215414.340,215429.576,1131606,997382,272334848,78741504,49935,1135055,2026-08-01T18:09:31.106215Z
R1,1604,saturated,,true,276.000,51.814,84.413,103.757,215250.921,215494.050,215526.202,1130826,998835,272498688,78766080,49924,1135570,2026-08-01T18:09:31.106215Z
R1,1605,saturated,,true,277.000,54.566,86.466,102.263,215299.894,215516.123,215537.244,1131366,999056,272531456,78798848,49933,1136128,2026-08-01T18:09:31.106215Z
R1,1606,saturated,,true,269.000,55.775,95.338,112.705,215136.461,215298.516,215341.416,1131905,999474,272629760,78831616,49933,1136666,2026-08-01T18:09:31.106215Z
R1,1607,saturated,,true,198.000,64.903,146.958,185.022,215222.884,215469.301,215493.376,1132419,999744,272760832,78856192,49943,1137118,2026-08-01T18:09:31.106215Z
R1,1608,saturated,,true,270.000,52.000,88.857,104.067,215374.874,215597.057,215618.381,1132850,999955,272793600,78872576,49937,1137625,2026-08-01T18:09:31.106215Z
R1,1609,saturated,,true,241.000,62.796,102.219,114.332,215473.491,215707.912,215753.537,1133390,1000217,272973824,78897152,49947,1138149,2026-08-01T18:09:31.106215Z
R1,1610,saturated,,true,191.000,69.331,151.452,214.739,215640.031,215880.131,215908.615,1133848,1000349,273006592,78913536,49966,1138547,2026-08-01T18:09:31.106215Z
R1,1611,saturated,,true,196.000,67.945,117.645,130.470,215907.856,216098.641,216215.595,1134219,1000464,273039360,78946304,49977,1138978,2026-08-01T18:09:31.106215Z
R1,1612,saturated,,true,171.000,79.644,229.540,266.499,216488.919,216734.040,216753.231,1134582,1000772,273145856,78954496,49949,1139271,2026-08-01T18:09:31.106215Z
R1,1613,saturated,,true,224.000,63.369,107.361,132.037,216582.465,216795.958,216834.565,1134930,1000930,273227776,78979072,49955,1139715,2026-08-01T18:09:31.106215Z
R1,1614,saturated,,true,271.000,52.445,83.133,99.685,216598.414,216861.584,216891.804,1135410,1001139,273285120,79003648,49946,1140227,2026-08-01T18:09:31.106215Z
R1,1615,saturated,,true,261.000,54.014,98.595,121.400,216664.545,216894.844,216946.450,1135967,1001516,273448960,79020032,49955,1140779,2026-08-01T18:09:31.106215Z
R1,1616,saturated,,true,288.000,51.344,84.748,103.320,216827.128,217063.717,217117.406,1136510,1001790,273506304,79060992,49942,1141312,2026-08-01T18:09:31.106215Z
R1,1617,saturated,,true,188.000,60.157,217.867,270.938,217050.116,217431.155,217448.117,1137067,1002063,273588224,79077376,49948,1141732,2026-08-01T18:09:31.106215Z
R1,1618,saturated,,true,290.000,49.945,79.708,101.273,217180.891,217389.132,217416.613,1137512,1002063,273702912,79093760,49940,1142269,2026-08-01T18:09:31.106215Z
R1,1619,saturated,,true,274.000,53.349,89.228,108.806,217110.215,217351.766,217390.079,1138086,1002397,273768448,79126528,49941,1142834,2026-08-01T18:09:31.106215Z
R1,1620,saturated,,true,231.000,60.360,128.302,157.899,217285.620,217481.078,217561.980,1138588,1002681,273924096,79151104,49956,1143356,2026-08-01T18:09:31.106215Z
R1,1621,saturated,,true,277.000,53.231,83.255,114.202,217226.337,217461.534,217475.402,1139096,1002941,273989632,79183872,49951,1143858,2026-08-01T18:09:31.106215Z
R1,1622,saturated,,true,245.000,58.658,104.662,147.016,217390.482,217606.548,217663.232,1139622,1003330,274096128,79208448,49946,1144349,2026-08-01T18:09:31.106215Z
R1,1623,saturated,,true,205.000,67.130,138.445,183.951,217586.829,217914.318,217958.909,1140096,1003576,274186240,79241216,49953,1144799,2026-08-01T18:09:31.106215Z
R1,1624,saturated,,true,212.000,66.513,133.836,163.337,217942.386,218178.540,218195.950,1140476,1003787,274235392,79257600,49950,1145219,2026-08-01T18:09:31.106215Z
R1,1625,saturated,,true,205.000,63.527,152.031,184.801,218144.543,218485.302,218514.173,1140861,1003787,274358272,79273984,49966,1145680,2026-08-01T18:09:31.106215Z
R1,1626,saturated,,true,213.000,66.979,117.745,169.487,218205.330,218439.807,218458.599,1141291,1004126,274440192,79298560,49963,1146105,2026-08-01T18:09:31.106215Z
R1,1627,saturated,,true,144.000,83.802,177.511,226.782,218547.901,218912.499,218938.816,1141701,1004424,274464768,79323136,49981,1146429,2026-08-01T18:09:31.106215Z
R1,1628,saturated,,true,215.000,67.691,193.386,220.145,218940.891,219154.949,219174.181,1142046,1004591,274554880,79331328,49958,1146823,2026-08-01T18:09:31.106215Z
R1,1629,saturated,,true,225.000,60.291,124.254,145.423,219038.883,219343.698,219364.369,1142464,1004777,274653184,79347712,49967,1147312,2026-08-01T18:09:31.106215Z
R1,1630,saturated,,true,219.000,60.884,139.107,184.370,219110.990,219307.297,219343.386,1142934,1005014,274710528,79380480,49964,1147732,2026-08-01T18:09:31.106215Z
R1,1631,saturated,,true,215.000,67.232,121.979,149.042,219047.841,219295.445,219345.465,1143348,1005333,274792448,79396864,49958,1148121,2026-08-01T18:09:31.106215Z
R1,1632,saturated,,true,196.000,66.470,161.976,178.888,218910.769,219154.896,219164.049,1143760,1005333,274882560,79421440,49968,1148528,2026-08-01T18:09:31.106215Z
R1,1633,saturated,,true,124.000,70.455,334.984,375.220,218857.880,219032.345,219043.482,1144105,1005523,274931712,79437824,49979,1148860,2026-08-01T18:09:31.106215Z
R1,1634,saturated,,true,222.000,61.996,108.730,148.008,218599.962,218835.792,218872.232,1144413,1005714,274989056,79462400,49958,1149237,2026-08-01T18:09:31.106215Z
R1,1635,saturated,,true,239.000,60.846,109.980,145.891,218610.544,218846.205,218889.977,1144887,1005985,275120128,79470592,49964,1149692,2026-08-01T18:09:31.106215Z
R1,1636,saturated,,true,261.000,57.630,92.838,104.441,218671.734,218897.417,218946.144,1145374,1006226,275177472,79495168,49960,1150204,2026-08-01T18:09:31.106215Z
R1,1637,saturated,,true,135.000,88.366,308.977,394.958,219009.192,219214.557,219327.664,1145836,1006479,275243008,79527936,49913,1150529,2026-08-01T18:09:31.106215Z
R1,1638,saturated,,true,235.000,60.804,105.788,131.796,219421.507,219627.070,219668.111,1146115,1006625,275333120,79536128,49958,1150946,2026-08-01T18:09:31.106215Z
R1,1639,saturated,,true,214.000,60.305,210.937,254.712,219547.540,219777.646,219794.910,1146616,1006856,275423232,79568896,49974,1151479,2026-08-01T18:09:31.106215Z
R1,1640,saturated,,true,195.000,73.773,135.117,170.069,219850.595,220200.127,220244.524,1147039,1007079,275488768,79577088,49959,1151820,2026-08-01T18:09:31.106215Z
R1,1641,saturated,,true,216.000,67.315,128.380,154.797,219791.147,220210.118,220240.051,1147436,1007271,275587072,79601664,49974,1152238,2026-08-01T18:09:31.106215Z
R1,1642,saturated,,true,242.000,61.786,98.476,115.545,219688.301,219926.900,219942.378,1147872,1007271,275660800,79618048,49965,1152702,2026-08-01T18:09:31.106215Z
R1,1643,saturated,,true,93.000,151.802,352.670,380.593,219933.893,220158.129,220159.700,1148317,1007599,275718144,79650816,49926,1152990,2026-08-01T18:09:31.106215Z
R1,1644,saturated,,true,112.000,95.353,357.131,368.059,220381.954,220623.478,220630.113,1148532,1007831,275775488,79659008,49944,1153255,2026-08-01T18:09:31.106215Z
R1,1645,saturated,,true,108.000,120.506,317.430,430.292,221067.611,221349.082,221485.455,1148773,1007952,275824640,79667200,49938,1153481,2026-08-01T18:09:31.106215Z
R1,1646,saturated,,true,179.000,65.135,438.246,522.164,221651.968,221935.254,221950.930,1148986,1008009,275849216,79675392,49981,1153710,2026-08-01T18:09:31.106215Z
R1,1647,saturated,,true,219.000,65.980,136.193,172.192,221952.989,222176.216,222240.019,1149429,1008235,275922944,79691776,49978,1154118,2026-08-01T18:09:31.106215Z
R1,1648,saturated,,true,265.000,52.702,111.114,143.298,221960.821,222215.551,222259.511,1149931,1008447,276029440,79716352,49976,1154658,2026-08-01T18:09:31.106215Z
R1,1649,saturated,,true,294.000,48.411,80.733,95.693,221730.128,222053.089,222098.815,1150478,1008447,276152320,79749120,49978,1155248,2026-08-01T18:09:31.106215Z
R1,1650,saturated,,true,265.000,53.016,99.526,125.666,220899.109,221736.096,221775.721,1151067,1008858,276250624,79790080,49976,1155813,2026-08-01T18:09:31.106215Z
R1,1651,saturated,,true,288.000,51.161,78.185,87.819,217334.337,219555.193,219584.720,1151570,1009270,276348928,79798272,49982,1156364,2026-08-01T18:09:31.106215Z
R1,1652,saturated,,true,260.000,55.793,83.708,90.501,216950.301,217173.196,217216.148,1152046,1009563,276455424,79831040,49979,1156896,2026-08-01T18:09:31.106215Z
R1,1653,saturated,,true,236.000,56.007,182.500,203.092,216008.757,216279.656,216322.873,1152564,1009821,276529152,79863808,49978,1157369,2026-08-01T18:09:31.106215Z
R1,1654,saturated,,true,269.000,56.719,84.002,93.381,216028.640,216239.417,216261.711,1153017,1010056,276652032,79888384,49984,1157919,2026-08-01T18:09:31.106215Z
R1,1655,saturated,,true,258.000,58.317,101.927,147.358,216170.200,216390.997,216403.352,1153475,1010056,276750336,79904768,49840,1158425,2026-08-01T18:09:31.106215Z
R1,1656,saturated,,true,280.000,51.477,84.903,113.600,216183.869,216466.732,216504.904,1153985,1010445,276856832,79929344,49839,1158985,2026-08-01T18:09:31.106215Z
R1,1657,saturated,,true,207.000,60.236,143.298,191.545,216137.608,216329.388,216359.620,1154534,1010725,276946944,79953920,49862,1159406,2026-08-01T18:09:31.106215Z
R1,1658,saturated,,true,239.000,63.859,105.823,120.948,215568.320,216299.243,216326.809,1155005,1010956,277020672,79986688,49979,1159908,2026-08-01T18:09:31.106215Z
R1,1659,saturated,,true,268.000,54.135,89.529,110.119,215154.113,215377.765,215451.039,1155492,1011208,277127168,80011264,49846,1160420,2026-08-01T18:09:31.106215Z
R1,1660,saturated,,true,245.000,58.274,99.982,110.916,215137.904,215357.589,215388.160,1156054,1011447,277225472,80044032,49881,1160970,2026-08-01T18:09:31.106215Z
R1,1661,saturated,,true,230.000,61.497,136.784,164.005,214743.784,215118.139,215222.061,1156538,1011726,277307392,80044032,49857,1161385,2026-08-01T18:09:31.106215Z
R1,1662,saturated,,true,257.000,55.502,92.372,115.158,213974.737,214332.475,214377.362,1157026,1012059,277422080,80084992,49860,1161919,2026-08-01T18:09:31.106215Z
R1,1663,saturated,,true,285.000,53.017,99.288,134.885,213748.345,213975.638,213991.223,1158812,1011017,277422080,80117760,49839,1162462,2026-08-01T18:10:30.857505Z
R1,1664,saturated,,true,265.000,53.602,88.384,103.505,213779.521,214003.675,214035.044,1159361,1011294,277626880,80125952,49861,1163002,2026-08-01T18:10:30.857505Z
R1,1665,saturated,,true,251.000,56.231,97.786,111.995,213786.241,213987.448,214003.584,1159869,1011563,277659648,80158720,49859,1163529,2026-08-01T18:10:30.857505Z
R1,1666,saturated,,true,124.000,74.539,374.994,414.712,213858.510,214040.029,214085.711,1160251,1011822,277725184,80175104,49961,1163883,2026-08-01T18:10:30.857505Z
R1,1667,saturated,,true,60.000,232.691,562.087,584.846,214681.142,214955.551,215047.432,1160547,1011948,277774336,80183296,49970,1163995,2026-08-01T18:10:30.857505Z
R1,1668,saturated,,true,87.000,179.724,376.666,439.208,215386.021,215538.408,215568.397,1160675,1012009,277848064,80191488,49953,1164130,2026-08-01T18:10:30.857505Z
R1,1669,saturated,,true,154.000,72.975,140.551,178.981,215653.142,215923.191,215940.300,1160882,1012009,277880832,80224256,49952,1164500,2026-08-01T18:10:30.857505Z
R1,1670,saturated,,true,189.000,70.155,217.352,302.355,216187.892,216476.882,216501.214,1161208,1012208,277905408,80232448,49916,1164827,2026-08-01T18:10:30.857505Z
R1,1671,saturated,,true,252.000,56.317,100.359,142.904,216236.416,216453.468,216480.681,1161629,1012351,278036480,80248832,49897,1165301,2026-08-01T18:10:30.857505Z
R1,1672,saturated,,true,265.000,56.430,96.446,139.034,216146.550,216380.087,216412.383,1162148,1012706,278118400,80281600,49880,1165809,2026-08-01T18:10:30.857505Z
R1,1673,saturated,,true,183.000,63.815,192.848,220.129,216239.617,216479.088,216507.774,1162696,1012977,278151168,80297984,49941,1166238,2026-08-01T18:10:30.857505Z
R1,1674,saturated,,true,133.000,99.948,233.588,284.585,215926.255,216093.648,216144.189,1162983,1012977,278265856,80314368,49950,1166536,2026-08-01T18:10:30.857505Z
R1,1675,saturated,,true,69.000,219.142,346.704,411.402,216189.960,216414.543,216422.303,1163209,1013222,278315008,80314368,49968,1166677,2026-08-01T18:10:30.857505Z
R1,1676,saturated,,true,132.000,114.934,203.597,249.226,216538.254,216946.762,216990.983,1163363,1013356,278355968,80338944,49957,1166932,2026-08-01T18:10:30.857505Z
R1,1677,saturated,,true,153.000,73.321,290.061,339.873,216967.926,217302.737,217317.876,1163630,1013356,278364160,80347136,49895,1167150,2026-08-01T18:10:30.857505Z
R1,1678,saturated,,true,148.000,91.689,176.921,210.853,217170.365,217437.568,217451.999,1163957,1013518,278396928,80363520,49945,1167514,2026-08-01T18:10:30.857505Z
R1,1679,saturated,,true,133.000,118.688,198.982,228.271,217519.375,217919.808,217927.698,1164240,1013787,278495232,80371712,49939,1167791,2026-08-01T18:10:30.857505Z
R1,1680,saturated,,true,149.000,76.555,146.170,151.325,218016.674,218324.879,218453.303,1164531,1014004,278585344,80388096,49945,1168127,2026-08-01T18:10:30.857505Z
R1,1681,saturated,,true,140.000,113.917,319.405,347.973,218641.735,219010.588,219020.277,1164794,1014004,278601728,80412672,49938,1168343,2026-08-01T18:10:30.857505Z
R1,1682,saturated,,true,202.000,70.716,121.443,148.812,218948.625,219242.369,219290.105,1165126,1014131,278626304,80420864,49928,1168760,2026-08-01T18:10:30.857505Z
R1,1683,saturated,,true,184.000,77.819,147.247,165.963,219323.750,219592.735,219628.115,1165502,1014405,278740992,80453632,49924,1169125,2026-08-01T18:10:30.857505Z
R1,1684,saturated,,true,247.000,60.674,97.307,128.581,219494.792,219756.252,219783.699,1165947,1014606,278839296,80470016,49900,1169595,2026-08-01T18:10:30.857505Z
R1,1685,saturated,,true,253.000,54.950,94.999,132.342,219487.955,219753.553,219805.724,1166450,1014606,278872064,80494592,49908,1170119,2026-08-01T18:10:30.857505Z
R1,1686,saturated,,true,211.000,65.625,112.203,135.902,219691.298,219875.909,219934.889,1166895,1014995,279035904,80527360,49927,1170569,2026-08-01T18:10:30.857505Z
R1,1687,saturated,,true,44.000,320.774,381.563,437.068,220201.614,220450.179,220462.525,1167219,1015291,279068672,80527360,49993,1170711,2026-08-01T18:10:30.857505Z
R1,1688,saturated,,true,147.000,107.836,325.237,433.975,220625.908,220839.802,220908.557,1167367,1015344,279076864,80543744,49936,1170966,2026-08-01T18:10:30.857505Z
R1,1689,saturated,,true,190.000,62.544,240.693,314.826,220848.297,220985.819,221030.839,1167734,1015344,279101440,80560128,49945,1171335,2026-08-01T18:10:30.857505Z
R1,1690,saturated,,true,152.000,74.885,133.518,189.992,221117.416,221344.953,221366.872,1168069,1015509,279257088,80584704,49966,1171709,2026-08-01T18:10:30.857505Z
R1,1691,saturated,,true,96.000,123.968,420.326,451.174,221433.542,221827.403,221913.767,1168327,1015793,279298048,80592896,49956,1171894,2026-08-01T18:10:30.857505Z
R1,1692,saturated,,true,185.000,59.383,312.724,348.847,222087.097,222306.742,222334.465,1168535,1015888,279314432,80609280,49908,1172191,2026-08-01T18:10:30.857505Z
R1,1693,saturated,,true,264.000,56.750,89.018,106.784,221960.827,222207.703,222257.237,1169067,1016141,279388160,80625664,49899,1172716,2026-08-01T18:10:30.857505Z
R1,1694,saturated,,true,238.000,59.382,101.318,118.679,222002.336,222236.724,222255.053,1169598,1016141,279535616,80650240,49909,1173205,2026-08-01T18:10:30.857505Z
R1,1695,saturated,,true,248.000,56.866,113.583,163.802,222172.381,222387.609,222427.956,1170075,1016523,279568384,80674816,49907,1173698,2026-08-01T18:10:30.857505Z
R1,1696,saturated,,true,278.000,54.226,93.460,114.608,222235.284,222453.858,222468.132,1170619,1016761,279715840,80707584,49897,1174241,2026-08-01T18:10:30.857505Z
R1,1697,saturated,,true,162.000,77.427,228.876,271.997,222373.749,222739.432,222805.941,1171091,1017173,279781376,80723968,49950,1174616,2026-08-01T18:10:30.857505Z
R1,1698,saturated,,true,240.000,60.878,133.355,204.562,222792.010,222992.214,223014.714,1171480,1017173,279814144,80748544,49898,1175048,2026-08-01T18:10:30.857505Z
R1,1699,saturated,,true,279.000,52.986,86.004,99.639,222812.027,223064.019,223081.143,1172049,1017436,279994368,80764928,49901,1175616,2026-08-01T18:10:30.857505Z
R1,1700,saturated,,true,144.000,77.555,339.323,380.116,223216.342,223428.294,223460.635,1172410,1017715,280027136,80781312,49927,1175935,2026-08-01T18:10:30.857505Z
R1,1701,saturated,,true,239.000,58.638,132.461,179.135,223252.439,223456.818,223488.681,1172883,1017995,280068096,80814080,49934,1176407,2026-08-01T18:10:30.857505Z
R1,1702,saturated,,true,264.000,56.093,92.016,116.376,223467.691,223691.894,223754.485,1173315,1018239,280248320,80830464,49909,1176930,2026-08-01T18:10:30.857505Z
R1,1703,saturated,,true,149.000,87.812,190.865,290.748,223746.444,224102.064,224139.508,1173645,1018492,280264704,80863232,49940,1177264,2026-08-01T18:10:30.857505Z
R1,1704,saturated,,true,207.000,71.437,158.937,203.418,224183.370,224403.646,224437.701,1173960,1018492,280305664,80871424,49917,1177664,2026-08-01T18:10:30.857505Z
R1,1705,saturated,,true,262.000,53.426,84.759,103.142,224035.278,224264.025,224297.270,1174369,1018740,280461312,80887808,49908,1178190,2026-08-01T18:10:30.857505Z
R1,1706,saturated,,true,272.000,52.960,85.501,95.753,224002.860,224230.153,224253.992,1174882,1018992,280518656,80936960,49908,1178725,2026-08-01T18:10:30.857505Z
R1,1707,saturated,,true,232.000,58.898,114.743,134.465,224098.889,224347.795,224375.853,1175390,1019263,280616960,80945152,49906,1179184,2026-08-01T18:10:30.857505Z
R1,1708,saturated,,true,268.000,57.350,83.650,121.059,224133.012,224354.634,224397.144,1175881,1019631,280731648,80961536,49906,1179725,2026-08-01T18:10:30.857505Z
R1,1709,saturated,,true,259.000,57.793,93.838,105.544,224229.880,224443.639,224458.499,1176357,1019898,280788992,81002496,49915,1180251,2026-08-01T18:10:30.857505Z
R1,1710,saturated,,true,253.000,56.765,90.884,104.843,224226.272,224480.499,224488.902,1176903,1020030,280961024,81027072,49938,1180799,2026-08-01T18:10:30.857505Z
R1,1711,saturated,,true,265.000,58.018,103.256,153.172,224480.090,224703.762,224747.739,1177413,1020302,281001984,81051648,49908,1181291,2026-08-01T18:10:30.857505Z
R1,1712,saturated,,true,232.000,63.641,135.707,167.771,224515.301,224748.875,224788.175,1177962,1020539,281116672,81076224,49930,1181767,2026-08-01T18:10:30.857505Z
R1,1713,saturated,,true,214.000,61.910,103.380,113.417,224678.860,224935.322,224960.422,1178435,1020788,281214976,81092608,49942,1182242,2026-08-01T18:10:30.857505Z
R1,1714,saturated,,true,238.000,67.890,153.614,193.044,225019.135,225286.452,225332.780,1178872,1021024,281247744,81117184,49915,1182656,2026-08-01T18:10:30.857505Z
R1,1715,saturated,,true,226.000,59.046,117.109,144.345,225194.959,225412.785,225439.246,1179383,1021358,281378816,81141760,49920,1183116,2026-08-01T18:10:30.857505Z
R1,1716,saturated,,true,257.000,58.144,95.264,118.339,225324.478,225539.800,225557.453,1179847,1021358,281460736,81174528,49914,1183642,2026-08-01T18:10:30.857505Z
R1,1717,saturated,,true,238.000,55.256,107.639,143.051,225542.192,225799.453,225824.705,1180373,1021711,281526272,81190912,49912,1184110,2026-08-01T18:10:30.857505Z
R1,1718,saturated,,true,271.000,53.893,91.665,104.744,225705.322,225927.658,225949.098,1180860,1021946,281665536,81215488,49917,1184661,2026-08-01T18:10:30.857505Z
R1,1719,saturated,,true,273.000,55.117,90.964,115.628,225805.900,226027.428,226063.266,1181417,1022219,281739264,81240064,49909,1185208,2026-08-01T18:10:30.857505Z
R1,1720,saturated,,true,236.000,59.307,115.760,135.921,225993.160,226219.956,226243.163,1181948,1022628,281862144,81272832,49947,1185707,2026-08-01T18:10:30.857505Z
R1,1721,saturated,,true,211.000,66.425,132.502,168.713,226242.687,226494.502,226531.089,1182374,1022763,281935872,81289216,49923,1186127,2026-08-01T18:10:30.857505Z
R1,1722,saturated,,true,250.000,58.342,96.775,133.899,226376.792,226612.508,226628.242,1182857,1023072,282001408,81321984,49919,1186618,2026-08-01T18:10:30.857505Z
R1,1723,saturated,,true,112.000,78.528,288.831,444.764,226518.174,226894.626,226926.376,1183273,1023022,282009600,81330176,49927,1186898,2026-08-01T18:11:30.999944Z
R1,1724,saturated,,true,227.000,66.017,231.297,475.347,227034.203,227404.154,227426.115,1183539,1023268,282189824,81338368,49921,1187295,2026-08-01T18:11:30.999944Z
R1,1725,saturated,,true,276.000,53.555,84.384,101.303,225591.044,225818.338,225861.358,1184083,1023487,282222592,81379328,49918,1187859,2026-08-01T18:11:30.999944Z
R1,1726,saturated,,true,257.000,58.819,94.916,117.251,225629.970,225859.253,225901.583,1184631,1023762,282263552,81403904,49920,1188377,2026-08-01T18:11:30.999944Z
R1,1727,saturated,,true,183.000,71.338,219.949,249.334,225693.767,225968.232,226019.222,1185102,1024020,282451968,81412096,49948,1188755,2026-08-01T18:11:30.999944Z
R1,1728,saturated,,true,244.000,57.530,132.634,161.713,225977.744,226277.809,226294.941,1185486,1024314,282476544,81444864,49919,1189231,2026-08-01T18:11:30.999944Z
R1,1729,saturated,,true,266.000,57.043,88.308,106.560,225791.011,226100.120,226114.686,1186025,1024314,282607616,81469440,49923,1189765,2026-08-01T18:11:30.999944Z
R1,1730,saturated,,true,237.000,59.607,108.955,133.563,225437.580,225639.756,225652.748,1186560,1024714,282697728,81502208,49943,1190254,2026-08-01T18:11:30.999944Z
R1,1731,saturated,,true,237.000,62.434,115.394,178.002,225462.344,225700.839,225726.067,1187022,1024968,282722304,81518592,49923,1190715,2026-08-01T18:11:30.999944Z
R1,1732,saturated,,true,279.000,53.268,85.380,98.051,225482.310,225704.683,225731.795,1187558,1025188,282918912,81543168,49916,1191284,2026-08-01T18:11:30.999944Z
R1,1733,saturated,,true,276.000,54.011,85.224,100.382,225141.855,225474.526,225519.288,1188139,1025458,282951680,81567744,49919,1191842,2026-08-01T18:11:30.999944Z
R1,1734,saturated,,true,284.000,52.679,84.305,100.701,224920.612,225162.894,225202.468,1188709,1025743,283131904,81592320,49917,1192403,2026-08-01T18:11:30.999944Z
R1,1735,saturated,,true,271.000,53.136,88.179,105.561,224844.516,225096.942,225117.383,1189285,1026020,283181056,81625088,49923,1192969,2026-08-01T18:11:30.999944Z
R1,1736,saturated,,true,278.000,53.759,86.517,107.895,224585.306,224918.738,224958.383,1189834,1026300,283271168,81657856,49919,1193509,2026-08-01T18:11:30.999944Z
R1,1737,saturated,,true,212.000,62.628,178.129,208.759,224548.011,224827.827,224863.483,1190298,1026569,283402240,81674240,49920,1193942,2026-08-01T18:11:30.999944Z
R1,1738,saturated,,true,272.000,52.416,89.558,100.504,224490.182,224725.598,224746.786,1190847,1026921,283451392,81707008,49923,1194492,2026-08-01T18:11:30.999944Z
R1,1739,saturated,,true,263.000,53.996,98.430,114.741,224464.510,224691.084,224734.956,1191327,1027199,283598848,81731584,49924,1195014,2026-08-01T18:11:30.999944Z
R1,1740,saturated,,true,246.000,57.259,138.372,170.444,224425.733,224641.257,224681.986,1191765,1027459,283680768,81756160,49957,1195513,2026-08-01T18:11:30.999944Z
R1,1741,saturated,,true,258.000,54.919,95.876,129.616,224565.300,224771.064,224798.003,1192225,1027702,283762688,81780736,49938,1196077,2026-08-01T18:11:30.999944Z
R1,1742,saturated,,true,277.000,54.536,93.595,105.684,224438.215,224656.358,224729.329,1192768,1028108,283869184,81805312,49927,1196595,2026-08-01T18:11:30.999944Z
R1,1743,saturated,,true,256.000,57.151,105.745,129.234,224481.329,224750.911,224796.628,1193328,1028239,283942912,81838080,49939,1197099,2026-08-01T18:11:30.999944Z
R1,1744,saturated,,true,277.000,52.186,85.731,104.144,224527.664,224779.120,224816.777,1193867,1028239,284098560,81862656,49926,1197662,2026-08-01T18:11:30.999944Z
R1,1745,saturated,,true,278.000,53.318,87.361,101.602,224464.406,224717.477,224744.050,1194411,1028640,284172288,81887232,49928,1198219,2026-08-01T18:11:30.999944Z
R1,1746,saturated,,true,270.000,54.192,94.544,113.870,224522.643,224728.413,224742.623,1194915,1028917,284303360,81911808,49926,1198767,2026-08-01T18:11:30.999944Z
R1,1747,saturated,,true,232.000,60.640,110.657,170.495,224683.264,224911.607,224963.087,1195386,1029191,284368896,81944576,49925,1199232,2026-08-01T18:11:30.999944Z
R1,1748,saturated,,true,270.000,55.594,93.226,114.651,224725.588,224959.060,224994.891,1195892,1029561,284442624,81969152,49923,1199768,2026-08-01T18:11:30.999944Z
R1,1749,saturated,,true,277.000,53.717,88.156,105.498,224740.944,224988.432,225000.934,1196446,1029825,284590080,81985536,49924,1200328,2026-08-01T18:11:30.999944Z
R1,1750,saturated,,true,259.000,56.721,107.490,156.226,224541.707,224864.782,224915.165,1197016,1030106,284655616,82018304,49947,1200854,2026-08-01T18:11:30.999944Z
R1,1751,saturated,,true,259.000,56.311,91.446,114.255,224515.946,224759.745,224818.611,1197507,1030358,284803072,82042880,49930,1201379,2026-08-01T18:11:30.999944Z
R1,1752,saturated,,true,240.000,60.539,127.002,156.378,224270.019,224495.408,224516.021,1198046,1030491,284860416,82059264,49927,1201868,2026-08-01T18:11:30.999944Z
R1,1753,saturated,,true,267.000,56.700,84.050,98.059,224149.035,224368.806,224409.361,1198527,1030727,284975104,82100224,49933,1202394,2026-08-01T18:11:30.999944Z
R1,1754,saturated,,true,245.000,60.788,96.100,111.161,224258.239,224514.428,224533.714,1199040,1031000,285073408,82124800,49932,1202886,2026-08-01T18:11:30.999944Z
R1,1755,saturated,,true,274.000,52.889,85.494,105.772,224318.749,224560.790,224599.403,1199569,1031374,285163520,82141184,49937,1203433,2026-08-01T18:11:30.999944Z
R1,1756,saturated,,true,270.000,54.413,91.459,112.568,224414.901,224649.588,224686.641,1200115,1031647,285278208,82165760,49936,1203979,2026-08-01T18:11:30.999944Z
R1,1757,saturated,,true,221.000,57.721,179.895,227.642,224625.796,224883.340,224896.568,1200603,1031913,285351936,82206720,49936,1204418,2026-08-01T18:11:30.999944Z
R1,1758,saturated,,true,265.000,55.261,98.484,113.839,224785.137,225018.680,225060.828,1201117,1032143,285450240,82231296,49931,1204959,2026-08-01T18:11:30.999944Z
R1,1759,saturated,,true,257.000,57.065,93.365,102.819,224909.639,225146.288,225158.848,1201623,1032143,285556736,82247680,49939,1205477,2026-08-01T18:11:30.999944Z
R1,1760,saturated,,true,263.000,55.995,97.634,110.760,225000.869,225212.576,225269.781,1202165,1032534,285630464,82280448,49949,1206002,2026-08-01T18:11:30.999944Z
R1,1761,saturated,,true,265.000,57.085,95.669,117.726,225050.711,225274.650,225291.698,1202671,1032808,285753344,82313216,49936,1206536,2026-08-01T18:11:30.999944Z
R1,1762,saturated,,true,282.000,53.489,87.794,96.524,224989.607,225266.677,225308.388,1203208,1033063,285851648,82337792,49931,1207098,2026-08-01T18:11:30.999944Z
R1,1763,saturated,,true,268.000,53.930,78.817,95.467,224915.248,225153.236,225187.245,1203768,1033340,285974528,82362368,49934,1207647,2026-08-01T18:11:30.999944Z
R1,1764,saturated,,true,273.000,54.928,92.728,99.323,224974.793,225203.611,225235.950,1204324,1033613,286072832,82386944,49938,1208191,2026-08-01T18:11:30.999944Z
R1,1765,saturated,,true,271.000,55.201,83.583,96.322,224998.115,225214.190,225261.469,1204877,1033886,286171136,82411520,49939,1208735,2026-08-01T18:11:30.999944Z
R1,1766,saturated,,true,275.000,54.705,88.031,107.183,224550.046,224817.253,224877.472,1205437,1034160,286261248,82444288,49940,1209293,2026-08-01T18:11:30.999944Z
R1,1767,saturated,,true,222.000,62.135,115.220,133.645,224433.719,224725.398,224753.067,1205941,1034434,286351360,82468864,49938,1209740,2026-08-01T18:11:30.999944Z
R1,1768,saturated,,true,278.000,53.771,90.062,107.685,224332.076,224566.033,224588.009,1206470,1034659,286466048,82501632,49937,1210291,2026-08-01T18:11:30.999944Z
R1,1769,saturated,,true,259.000,56.266,92.115,127.049,224311.894,224555.438,224573.246,1207009,1034933,286547968,82518016,49936,1210817,2026-08-01T18:11:30.999944Z
R1,1770,saturated,,true,259.000,53.763,94.718,129.973,224355.909,224553.566,224581.602,1207566,1035192,286662656,82550784,49963,1211341,2026-08-01T18:11:30.999944Z
R1,1771,saturated,,true,258.000,54.771,93.229,106.250,224455.798,224679.950,224703.958,1208047,1035474,286760960,82575360,49948,1211872,2026-08-01T18:11:30.999944Z
R1,1772,saturated,,true,267.000,55.002,98.733,130.582,224233.084,224441.195,224456.912,1208575,1035725,286851072,82599936,49941,1212403,2026-08-01T18:11:30.999944Z
R1,1773,saturated,,true,244.000,55.459,161.706,200.916,224366.025,224638.207,224666.566,1208741,1035981,286900224,82608128,49942,1212609,2026-08-01T18:11:30.999944Z
R1,1774,saturated,,true,274.000,55.335,92.597,110.158,224464.090,224683.328,224706.841,1209241,1035981,286990336,82640896,49940,1213165,2026-08-01T18:11:30.999944Z
R1,1775,saturated,,true,268.000,54.195,83.635,101.416,224500.638,224722.057,224741.357,1209797,1036361,287113216,82665472,49942,1213709,2026-08-01T18:11:30.999944Z
R1,1776,saturated,,true,275.000,55.727,87.337,98.851,224373.524,224688.794,224724.327,1210317,1036632,287195136,82690048,49936,1214258,2026-08-01T18:11:30.999944Z
R1,1777,saturated,,true,213.000,57.403,187.479,210.533,223777.629,224484.798,224503.407,1210852,1037038,287293440,82714624,49944,1214716,2026-08-01T18:11:30.999944Z
R1,1778,saturated,,true,273.000,54.704,88.234,101.492,222980.148,223479.963,223507.340,1211307,1037257,287383552,82739200,49943,1215231,2026-08-01T18:11:30.999944Z
R1,1779,saturated,,true,276.000,54.874,86.570,96.146,222199.305,222667.552,222844.144,1211860,1037529,287490048,82763776,49944,1215778,2026-08-01T18:11:30.999944Z
R1,1780,saturated,,true,247.000,56.206,117.275,165.279,221430.024,221920.376,221953.331,1212429,1037804,287604736,82796544,49968,1216341,2026-08-01T18:11:30.999944Z
R1,1781,saturated,,true,255.000,56.419,101.650,114.145,221324.635,221613.141,221633.779,1212929,1037804,287678464,82812928,49949,1216824,2026-08-01T18:11:30.999944Z
R1,1782,saturated,,true,263.000,59.631,91.234,113.919,221251.860,221501.932,221558.267,1213431,1038182,287784960,82845696,49948,1217328,2026-08-01T18:11:30.999944Z
R1,1783,saturated,,true,261.000,54.040,93.239,112.796,221117.068,221351.037,221392.781,1210717,1041496,287916032,82862080,49950,1217864,2026-08-01T18:12:30.630103Z
R1,1784,saturated,,true,275.000,54.304,84.797,106.864,220879.286,221365.477,221397.389,1211262,1041764,287948800,82903040,49951,1218409,2026-08-01T18:12:30.630103Z
R1,1785,saturated,,true,283.000,52.492,86.486,98.326,219829.336,220770.764,220790.862,1211820,1042031,288055296,82927616,49950,1218967,2026-08-01T18:12:30.630103Z
R1,1786,saturated,,true,267.000,52.767,87.073,107.455,217611.794,218123.221,218173.270,1212384,1042308,288178176,82952192,49951,1219509,2026-08-01T18:12:30.630103Z
R1,1787,saturated,,true,219.000,60.832,146.773,213.635,217305.604,217568.378,217589.129,1212937,1042585,288276480,82976768,49947,1219975,2026-08-01T18:12:30.630103Z
R1,1788,saturated,,true,268.000,55.295,87.434,102.930,217193.694,217432.525,217481.261,1213318,1042938,288399360,82993152,49954,1220495,2026-08-01T18:12:30.630103Z
R1,1789,saturated,,true,263.000,55.075,96.917,118.052,216945.180,217264.231,217333.243,1213877,1043214,288489472,83025920,49954,1221031,2026-08-01T18:12:30.630103Z
R1,1790,saturated,,true,255.000,55.197,111.657,143.110,216823.679,217027.844,217061.751,1214419,1043477,288546816,83050496,49968,1221569,2026-08-01T18:12:30.630103Z
R1,1791,saturated,,true,273.000,55.594,91.605,131.457,216861.058,217092.511,217131.869,1214918,1043745,288661504,83075072,49954,1222086,2026-08-01T18:12:30.630103Z
R1,1792,saturated,,true,270.000,55.119,89.873,103.155,216728.592,216953.963,216983.724,1215470,1044002,288751616,83107840,49951,1222636,2026-08-01T18:12:30.630103Z
R1,1793,saturated,,true,279.000,54.850,86.173,107.810,216747.335,216982.955,217011.024,1216039,1044002,288890880,83132416,49953,1223184,2026-08-01T18:12:30.630103Z
R1,1794,saturated,,true,264.000,55.417,88.596,106.008,216253.112,216616.417,216673.145,1216567,1044551,288989184,83165184,49948,1223726,2026-08-01T18:12:30.630103Z
R1,1795,saturated,,true,277.000,54.812,89.710,110.810,216130.241,216349.214,216375.249,1217130,1044813,289095680,83189760,49953,1224269,2026-08-01T18:12:30.630103Z
R1,1796,saturated,,true,274.000,52.890,85.604,98.529,216035.791,216305.047,216331.914,1217686,1044813,289218560,83222528,49947,1224831,2026-08-01T18:12:30.630103Z
R1,1797,saturated,,true,120.000,68.690,333.162,383.461,216250.580,216585.600,216686.442,1218178,1045228,289259520,83230720,49939,1225222,2026-08-01T18:12:30.630103Z
R1,1798,saturated,,true,217.000,56.855,364.363,461.719,216606.063,216918.089,216948.379,1218471,1045475,289333248,83255296,49953,1225518,2026-08-01T18:12:30.630103Z
R1,1799,saturated,,true,267.000,56.305,93.265,111.777,216556.017,216788.618,216828.369,1218882,1045706,289423360,83263488,49954,1226050,2026-08-01T18:12:30.630103Z
R1,1800,saturated,,true,253.000,56.184,106.454,142.149,216461.939,216737.331,216784.006,1219386,1045706,289513472,83304448,49973,1226601,2026-08-01T18:12:30.630103Z
R1,1801,saturated,,true,274.000,56.228,92.934,116.449,216399.133,216647.216,216679.779,1219916,1046114,289619968,83320832,49953,1227096,2026-08-01T18:12:30.630103Z
R1,1802,saturated,,true,267.000,53.473,90.031,115.350,216239.141,216459.884,216472.427,1220457,1046497,289718272,83353600,49957,1227640,2026-08-01T18:12:30.630103Z
R1,1803,saturated,,true,272.000,55.182,87.515,104.533,215911.921,216411.013,216455.675,1221023,1046769,289841152,83378176,49955,1228197,2026-08-01T18:12:30.630103Z
R1,1804,saturated,,true,275.000,53.415,84.355,106.764,215722.501,215939.639,215977.690,1221591,1047039,289939456,83419136,49960,1228742,2026-08-01T18:12:30.630103Z
R1,1805,saturated,,true,271.000,53.815,89.337,104.630,215648.692,215876.725,215912.146,1222145,1047039,290037760,83435520,49962,1229288,2026-08-01T18:12:30.630103Z
R1,1806,saturated,,true,249.000,60.703,105.241,150.022,215452.498,215749.841,215787.389,1222684,1047453,290127872,83451904,49958,1229789,2026-08-01T18:12:30.630103Z
R1,1807,saturated,,true,235.000,58.344,155.330,201.041,215162.395,215373.371,215511.602,1223172,1047838,290209792,83492864,49954,1230255,2026-08-01T18:12:30.630103Z
R1,1808,saturated,,true,249.000,58.079,101.169,127.573,214977.974,215181.247,215189.177,1223659,1048066,290308096,83509248,49952,1230782,2026-08-01T18:12:30.630103Z
R1,1809,saturated,,true,262.000,56.012,98.873,122.321,214879.107,215124.940,215183.686,1224150,1048456,290414592,83533824,49965,1231299,2026-08-01T18:12:30.630103Z
R1,1810,saturated,,true,244.000,55.091,98.154,126.463,214836.485,215042.687,215056.231,1224611,1048456,290512896,83558400,49981,1231828,2026-08-01T18:12:30.630103Z
R1,1811,saturated,,true,255.000,60.348,102.142,158.146,214877.980,215089.716,215122.922,1225120,1048721,290619392,83582976,49964,1232304,2026-08-01T18:12:30.630103Z
R1,1812,saturated,,true,254.000,58.522,104.221,129.791,214781.963,215045.405,215089.178,1225638,1048959,290676736,83623936,49965,1232808,2026-08-01T18:12:30.630103Z
R1,1813,saturated,,true,267.000,55.838,88.661,101.434,214767.376,214993.831,215006.518,1226134,1049200,290799616,83640320,49956,1233341,2026-08-01T18:12:30.630103Z
R1,1814,saturated,,true,247.000,57.191,96.879,118.031,214812.170,215064.161,215114.929,1226600,1049603,290889728,83673088,49962,1233854,2026-08-01T18:12:30.630103Z
R1,1815,saturated,,true,258.000,54.154,97.385,124.846,214808.278,215081.661,215124.439,1227086,1049738,290979840,83697664,49959,1234367,2026-08-01T18:12:30.630103Z
R1,1816,saturated,,true,277.000,53.783,88.767,105.093,214151.186,214494.820,214685.209,1227622,1049978,291094528,83730432,49962,1234906,2026-08-01T18:12:30.630103Z
R1,1817,saturated,,true,222.000,61.466,143.892,175.113,213952.476,214203.272,214235.416,1228177,1050249,291168256,83755008,49960,1235379,2026-08-01T18:12:30.630103Z
R1,1818,saturated,,true,263.000,55.838,93.069,106.938,213881.202,214105.542,214131.078,1228644,1050614,291274752,83771392,49967,1235895,2026-08-01T18:12:30.630103Z
R1,1819,saturated,,true,263.000,56.665,92.309,109.671,213934.372,214145.623,214190.302,1229185,1050882,291356672,83795968,49963,1236422,2026-08-01T18:12:30.630103Z
R1,1820,saturated,,true,237.000,58.437,118.192,152.766,213934.541,214190.699,214203.943,1229700,1051143,291471360,83820544,49867,1236959,2026-08-01T18:12:30.630103Z
R1,1821,saturated,,true,266.000,55.982,109.644,128.513,213980.074,214293.670,214339.480,1230205,1051399,291569664,83861504,49966,1237428,2026-08-01T18:12:30.630103Z
R1,1822,saturated,,true,268.000,54.173,100.456,118.033,213860.659,214071.540,214110.289,1230731,1051643,291651584,83877888,49970,1237972,2026-08-01T18:12:30.630103Z
R1,1823,saturated,,true,246.000,57.971,91.545,115.562,213811.704,214027.497,214044.868,1231285,1051643,291774464,83894272,49848,1238504,2026-08-01T18:12:30.630103Z
R1,1824,saturated,,true,267.000,57.634,109.485,139.677,213620.958,213840.407,213854.811,1231811,1052043,291840000,83927040,49971,1239016,2026-08-01T18:12:30.630103Z
R1,1825,saturated,,true,270.000,54.724,94.610,111.680,213262.428,213680.157,213731.341,1232343,1052426,291971072,83959808,49962,1239543,2026-08-01T18:12:30.630103Z
R1,1826,saturated,,true,274.000,55.336,88.972,109.368,212772.978,213011.810,213050.876,1232894,1052691,292061184,83984384,49964,1240089,2026-08-01T18:12:30.630103Z
R1,1827,saturated,,true,232.000,62.611,119.564,144.123,212832.499,213086.257,213104.108,1233453,1052967,292167680,84008960,49971,1240574,2026-08-01T18:12:30.630103Z
R1,1828,saturated,,true,274.000,54.149,90.217,107.181,212859.851,213102.886,213116.263,1233951,1052967,292257792,84033536,49970,1241117,2026-08-01T18:12:30.630103Z
R1,1829,saturated,,true,254.000,56.242,94.946,127.895,212851.179,213082.576,213117.836,1234505,1053342,292347904,84058112,49966,1241647,2026-08-01T18:12:30.630103Z
R1,1830,saturated,,true,263.000,55.870,99.739,127.071,212700.313,212953.976,213146.697,1235041,1053602,292470784,84082688,49845,1242184,2026-08-01T18:12:30.630103Z
R1,1831,saturated,,true,271.000,57.530,94.676,109.877,212726.845,212937.096,212957.389,1235575,1053869,292544512,84107264,49969,1242700,2026-08-01T18:12:30.630103Z
R1,1832,saturated,,true,254.000,55.009,90.081,109.308,212745.417,212948.127,212979.388,1236132,1054129,292667392,84140032,49848,1243239,2026-08-01T18:12:30.630103Z
R1,1833,saturated,,true,157.000,94.312,160.312,173.811,212901.235,213219.656,213274.476,1236524,1054399,292732928,84148224,49907,1243619,2026-08-01T18:12:30.630103Z
R1,1834,saturated,,true,183.000,76.938,205.756,245.787,213336.315,213589.968,213604.934,1236801,1054612,292782080,84164608,49972,1243952,2026-08-01T18:12:30.630103Z
R1,1835,saturated,,true,275.000,54.112,85.239,99.821,213374.518,213640.482,213670.963,1237256,1054775,292896768,84205568,49970,1244458,2026-08-01T18:12:30.630103Z
R1,1836,saturated,,true,261.000,56.727,87.069,94.846,213310.510,213563.614,213611.628,1237776,1054998,292995072,84221952,49971,1244993,2026-08-01T18:12:30.630103Z
R1,1837,saturated,,true,221.000,60.378,183.616,205.319,213148.724,213338.056,213387.163,1238267,1055404,293044224,84246528,49977,1245427,2026-08-01T18:12:30.630103Z
R1,1838,saturated,,true,262.000,54.815,92.530,107.176,213058.056,213315.057,213330.006,1238755,1055623,293183488,84271104,49974,1245958,2026-08-01T18:12:30.630103Z
R1,1839,saturated,,true,272.000,55.113,89.559,106.685,212752.114,213044.042,213083.581,1239269,1055884,293265408,84295680,49975,1246498,2026-08-01T18:12:30.630103Z
R1,1840,saturated,,true,225.000,59.105,151.765,187.872,212339.614,212619.972,212660.623,1239827,1056155,293371904,84336640,49975,1247027,2026-08-01T18:12:30.630103Z
R1,1841,saturated,,true,254.000,59.126,101.249,126.562,212209.110,212412.121,212444.494,1240315,1056155,293470208,84344832,49977,1247476,2026-08-01T18:12:30.630103Z
R1,1842,saturated,,true,254.000,56.520,103.289,127.233,212046.810,212283.697,212297.717,1240817,1056508,293535744,84361216,49978,1247993,2026-08-01T18:12:30.630103Z
R1,1843,saturated,,true,272.000,58.461,92.044,109.910,211772.907,212067.059,212129.967,1244475,1053622,293535744,84402176,49974,1248525,2026-08-01T18:13:30.627793Z
R1,1844,saturated,,true,265.000,54.256,91.305,103.772,211435.608,211723.477,211740.424,1244972,1053885,293732352,84426752,49980,1249058,2026-08-01T18:13:30.627793Z
R1,1845,saturated,,true,255.000,55.998,92.517,104.065,210880.846,211129.597,211153.729,1245484,1054153,293765120,84459520,49980,1249600,2026-08-01T18:13:30.627793Z
R1,1846,saturated,,true,263.000,57.038,95.805,126.014,210730.858,210968.885,210993.344,1246026,1054421,293961728,84475904,49979,1250106,2026-08-01T18:13:30.627793Z
R1,1847,saturated,,true,221.000,61.207,177.211,221.481,210808.615,211063.640,211080.506,1246455,1054806,293986304,84492288,49982,1250546,2026-08-01T18:13:30.627793Z
R1,1848,saturated,,true,262.000,56.318,91.812,129.056,210427.352,210898.551,210930.931,1246936,1055027,294051840,84533248,49845,1251063,2026-08-01T18:13:30.627793Z
R1,1849,saturated,,true,262.000,58.578,92.166,130.100,210227.168,210443.230,210455.370,1247466,1055027,294215680,84549632,49850,1251599,2026-08-01T18:13:30.627793Z
R1,1850,saturated,,true,243.000,60.488,109.376,150.240,210021.594,210273.180,210303.415,1247956,1055419,294240256,84590592,49986,1252125,2026-08-01T18:13:30.627793Z
R1,1851,saturated,,true,269.000,54.968,87.384,102.657,209777.324,210052.103,210112.890,1248478,1055683,294428672,84598784,49847,1252620,2026-08-01T18:13:30.627793Z
R1,1852,saturated,,true,268.000,55.554,90.385,131.809,209611.667,209836.769,209867.821,1248994,1055925,294469632,84615168,49847,1253163,2026-08-01T18:13:30.627793Z
R1,1853,saturated,,true,272.000,56.535,86.417,99.677,208490.795,209045.141,209094.580,1249518,1056337,294608896,84664320,49979,1253708,2026-08-01T18:13:30.627793Z
R1,1854,saturated,,true,259.000,56.543,93.542,110.757,207421.140,207690.139,207885.918,1250059,1056599,294699008,84680704,49850,1254240,2026-08-01T18:13:30.627793Z
R1,1855,saturated,,true,274.000,55.590,89.581,105.328,207216.222,207466.080,207489.912,1250611,1056599,294739968,84713472,49846,1254775,2026-08-01T18:13:30.627793Z
R1,1856,saturated,,true,262.000,57.886,91.517,115.814,207228.574,207464.864,207501.854,1251169,1057002,294920192,84729856,49857,1255319,2026-08-01T18:13:30.627793Z
R1,1857,saturated,,true,215.000,63.304,140.123,196.528,207401.522,207737.171,207775.070,1251707,1057272,294944768,84754432,49983,1255747,2026-08-01T18:13:30.627793Z
R1,1858,saturated,,true,265.000,56.035,91.404,122.102,207562.774,207777.948,207801.787,1252159,1057497,295100416,84787200,49853,1256280,2026-08-01T18:13:30.627793Z
R1,1859,saturated,,true,266.000,55.533,93.138,105.668,207602.588,207823.961,207884.216,1252702,1057752,295174144,84803584,49855,1256809,2026-08-01T18:13:30.627793Z
R1,1860,saturated,,true,237.000,60.044,105.017,152.278,207625.437,207849.790,207860.338,1253234,1058150,295247872,84844544,49881,1257353,2026-08-01T18:13:30.627793Z
R1,1861,saturated,,true,261.000,58.933,99.471,181.013,207667.745,207938.729,207963.685,1253731,1058387,295395328,84852736,49855,1257813,2026-08-01T18:13:30.627793Z
R1,1862,saturated,,true,272.000,54.998,92.533,99.838,207621.592,207848.977,207884.597,1254277,1058387,295436288,84877312,49849,1258356,2026-08-01T18:13:30.627793Z
R1,1863,saturated,,true,249.000,57.638,103.457,132.776,207543.412,207771.377,207785.758,1254826,1058785,295591936,84918272,49873,1258883,2026-08-01T18:13:30.627793Z
R1,1864,saturated,,true,265.000,56.013,100.881,121.206,207659.442,207871.330,207893.846,1255335,1059053,295649280,84934656,49849,1259392,2026-08-01T18:13:30.627793Z
R1,1865,saturated,,true,267.000,56.487,92.774,109.659,207490.384,207717.288,207758.396,1255885,1059300,295772160,84967424,49989,1259924,2026-08-01T18:13:30.627793Z
R1,1866,saturated,,true,256.000,58.352,88.180,96.157,207398.720,207639.917,207660.521,1256439,1059703,295878656,84992000,49868,1260461,2026-08-01T18:13:30.627793Z
R1,1867,saturated,,true,217.000,64.325,155.251,209.163,207521.934,207773.208,207802.727,1256881,1059964,295911424,85008384,49859,1260878,2026-08-01T18:13:30.627793Z
R1,1868,saturated,,true,262.000,59.639,97.096,123.811,207533.257,207834.164,207852.409,1257375,1060182,296050688,85041152,49872,1261418,2026-08-01T18:13:30.627793Z
R1,1869,saturated,,true,268.000,57.426,93.583,111.670,207392.102,207601.965,207625.613,1257898,1060439,296132608,85057536,49853,1261936,2026-08-01T18:13:30.627793Z
R1,1870,saturated,,true,251.000,59.215,108.444,128.501,207319.899,207597.844,207652.414,1258418,1060706,296255488,85106688,49876,1262479,2026-08-01T18:13:30.627793Z
R1,1871,saturated,,true,256.000,58.730,94.325,130.370,207498.894,207730.339,207758.804,1258922,1060706,296353792,85114880,49856,1262960,2026-08-01T18:13:30.627793Z
R1,1872,saturated,,true,230.000,61.267,121.290,159.057,207664.880,207882.482,207909.602,1259392,1061080,296394752,85131264,49864,1263437,2026-08-01T18:13:30.627793Z
R1,1873,saturated,,true,261.000,57.775,93.201,101.172,207603.631,207841.023,207891.795,1259903,1061318,296542208,85172224,49855,1263950,2026-08-01T18:13:30.627793Z
R1,1874,saturated,,true,239.000,64.297,106.019,130.774,206772.251,207691.839,207724.040,1260408,1061573,296607744,85188608,49883,1264461,2026-08-01T18:13:30.627793Z
R1,1875,saturated,,true,256.000,58.286,96.988,135.671,205480.187,205877.695,205898.152,1260905,1061949,296706048,85221376,49859,1264951,2026-08-01T18:13:30.627793Z
R1,1876,saturated,,true,266.000,55.138,89.937,119.415,205028.409,205315.737,205437.840,1261436,1062205,296828928,85245952,49857,1265480,2026-08-01T18:13:30.627793Z
R1,1877,saturated,,true,213.000,63.984,143.018,184.934,205101.502,205353.048,205400.270,1261889,1062205,296861696,85254144,49879,1265918,2026-08-01T18:13:30.627793Z
R1,1878,saturated,,true,270.000,56.803,86.657,102.084,205147.926,205407.048,205439.056,1262334,1062567,297009152,85286912,49857,1266452,2026-08-01T18:13:30.627793Z
R1,1879,saturated,,true,257.000,58.440,97.536,111.080,204581.198,204971.695,205021.316,1262797,1062818,297082880,85311488,49863,1266972,2026-08-01T18:13:30.627793Z
R1,1880,saturated,,true,252.000,56.177,106.766,136.296,203195.548,203550.413,203813.157,1263370,1063215,297172992,85352448,49883,1267519,2026-08-01T18:13:30.627793Z
R1,1881,saturated,,true,258.000,57.095,100.419,146.808,202486.202,202933.706,202987.904,1263838,1063465,297295872,85368832,49862,1267994,2026-08-01T18:13:30.627793Z
R1,1882,saturated,,true,268.000,56.330,85.823,103.997,201677.301,202052.094,202099.089,1264360,1063721,297353216,85385216,49863,1268546,2026-08-01T18:13:30.627793Z
R1,1883,saturated,,true,261.000,59.080,92.040,129.079,200869.668,201086.576,201377.520,1264877,1063990,297492480,85426176,49871,1269072,2026-08-01T18:13:30.627793Z
R1,1884,saturated,,true,261.000,57.181,89.955,107.185,200509.629,200817.605,200878.946,1265419,1063990,297558016,85442560,49864,1269597,2026-08-01T18:13:30.627793Z
R1,1885,saturated,,true,259.000,57.420,88.697,105.949,200396.562,200616.931,200662.460,1265927,1064385,297689088,85475328,49868,1270109,2026-08-01T18:13:30.627793Z
R1,1886,saturated,,true,265.000,55.362,96.408,118.633,200355.927,200603.508,200660.184,1266415,1064642,297787392,85499904,49863,1270639,2026-08-01T18:13:30.627793Z
R1,1887,saturated,,true,205.000,65.846,130.841,159.390,200041.364,200394.484,200425.569,1266929,1064902,297836544,85516288,49880,1271073,2026-08-01T18:13:30.627793Z
R1,1888,saturated,,true,268.000,57.383,87.568,97.959,199039.194,199426.659,199462.023,1267372,1065128,297959424,85540864,49861,1271591,2026-08-01T18:13:30.627793Z
R1,1889,saturated,,true,261.000,55.634,91.359,106.277,198604.414,198950.225,199004.249,1267918,1065378,298041344,85573632,49869,1272123,2026-08-01T18:13:30.627793Z
R1,1890,saturated,,true,247.000,55.479,105.368,128.062,197553.598,197716.703,197745.434,1268427,1065642,298139648,85606400,49884,1272646,2026-08-01T18:13:30.627793Z
R1,1891,saturated,,true,262.000,57.824,102.374,142.798,197513.698,197725.713,197753.159,1268945,1065904,298262528,85622784,49864,1273151,2026-08-01T18:13:30.627793Z
R1,1892,saturated,,true,272.000,55.234,90.830,110.110,197404.329,197674.343,197707.565,1269485,1066151,298328064,85639168,49863,1273692,2026-08-01T18:13:30.627793Z
R1,1893,saturated,,true,270.000,55.990,87.189,109.174,197290.349,197563.053,197588.198,1270034,1066418,298459136,85688320,49870,1274232,2026-08-01T18:13:30.627793Z
R1,1894,saturated,,true,262.000,56.903,94.203,131.002,197339.074,197603.449,197620.999,1270559,1066693,298524672,85704704,49873,1274759,2026-08-01T18:13:30.627793Z
R1,1895,saturated,,true,267.000,57.094,86.828,104.120,196929.930,197308.305,197365.955,1271099,1067088,298663936,85729280,49863,1275293,2026-08-01T18:13:30.627793Z
R1,1896,saturated,,true,265.000,55.806,83.426,95.837,196924.976,197140.066,197161.164,1271647,1067355,298754048,85753856,49864,1275833,2026-08-01T18:13:30.627793Z
R1,1897,saturated,,true,225.000,62.646,163.668,197.916,196713.041,196938.368,196986.673,1272155,1067624,298827776,85778432,49873,1276273,2026-08-01T18:13:30.627793Z
R1,1898,saturated,,true,265.000,57.829,93.471,111.728,196621.861,196859.062,196886.274,1272630,1067624,298958848,85811200,49865,1276814,2026-08-01T18:13:30.627793Z
R1,1899,saturated,,true,268.000,56.741,89.250,102.838,196516.051,196734.120,196771.909,1273193,1067975,299024384,85827584,49867,1277351,2026-08-01T18:13:30.627793Z
R1,1900,saturated,,true,228.000,61.690,98.747,123.487,196065.942,196311.273,196318.765,1273734,1068245,299122688,85868544,49909,1277873,2026-08-01T18:13:30.627793Z
R1,1901,saturated,,true,235.000,61.530,147.337,219.413,196099.559,196317.937,196357.162,1274172,1068510,299220992,85876736,49879,1278298,2026-08-01T18:13:30.627793Z
R1,1902,saturated,,true,250.000,59.501,93.795,113.350,196160.635,196389.604,196415.892,1274684,1068719,299302912,85901312,49878,1278796,2026-08-01T18:13:30.627793Z
R1,1903,saturated,,true,241.000,59.689,96.154,111.904,196192.011,196444.782,196467.033,1275239,1069066,299474944,85942272,49883,1279312,2026-08-01T18:14:30.751660Z
R1,1904,saturated,,true,259.000,57.797,101.060,172.575,196140.916,196390.940,196405.851,1275722,1069318,299507712,85950464,49872,1279800,2026-08-01T18:14:30.751660Z
R1,1905,saturated,,true,264.000,57.247,92.397,109.094,196160.584,196402.524,196428.626,1276264,1069564,299540480,85983232,49871,1280330,2026-08-01T18:14:30.751660Z
R1,1906,saturated,,true,262.000,56.249,93.536,115.865,196214.152,196445.307,196453.445,1276766,1069957,299728896,86016000,49871,1280855,2026-08-01T18:14:30.751660Z
R1,1907,saturated,,true,218.000,61.677,151.163,165.232,196279.115,196475.516,196494.133,1277266,1070221,299761664,86032384,49879,1281296,2026-08-01T18:14:30.751660Z
R1,1908,saturated,,true,256.000,58.160,96.550,105.769,196330.228,196552.979,196582.886,1277743,1070443,299900928,86065152,49879,1281817,2026-08-01T18:14:30.751660Z
R1,1909,saturated,,true,260.000,58.373,93.137,116.400,196243.664,196489.986,196537.559,1278266,1070443,299982848,86089728,49878,1282337,2026-08-01T18:14:30.751660Z
R1,1910,saturated,,true,240.000,63.037,98.747,111.973,196084.328,196387.737,196436.923,1278801,1070828,300023808,86106112,49891,1282847,2026-08-01T18:14:30.751660Z
R1,1911,saturated,,true,253.000,56.766,100.159,132.707,196021.508,196301.864,196322.964,1279307,1071081,300195840,86130688,49880,1283340,2026-08-01T18:14:30.751660Z
R1,1912,saturated,,true,264.000,58.178,93.733,105.575,195894.496,196108.900,196146.395,1279766,1071329,300236800,86163456,49877,1283858,2026-08-01T18:14:30.751660Z
R1,1913,saturated,,true,266.000,54.855,98.835,113.658,195840.092,196069.795,196116.961,1280283,1071583,300392448,86196224,49873,1284390,2026-08-01T18:14:30.751660Z
R1,1914,saturated,,true,242.000,59.018,109.519,131.330,195875.005,196075.577,196120.871,1280800,1071848,300457984,86212608,49888,1284888,2026-08-01T18:14:30.751660Z
R1,1915,saturated,,true,257.000,56.624,93.375,101.993,195937.656,196172.101,196201.261,1281249,1072356,300507136,86228992,49880,1285409,2026-08-01T18:14:30.751660Z
R1,1916,saturated,,true,267.000,57.938,86.114,97.819,195969.409,196194.036,196229.991,1281787,1072356,300679168,86278144,49874,1285939,2026-08-01T18:14:30.751660Z
R1,1917,saturated,,true,233.000,58.701,124.642,197.496,195802.905,196063.131,196067.743,1282296,1072616,300711936,86286336,49880,1286398,2026-08-01T18:14:30.751660Z
R1,1918,saturated,,true,262.000,53.994,84.180,94.533,195715.555,195978.827,196023.961,1282784,1072983,300875776,86319104,49885,1286935,2026-08-01T18:14:30.751660Z
R1,1919,saturated,,true,263.000,56.853,87.674,120.161,195227.097,195805.355,195856.375,1283286,1072983,300933120,86343680,49877,1287454,2026-08-01T18:14:30.751660Z
R1,1920,saturated,,true,246.000,59.923,98.071,113.251,195046.523,195282.279,195313.491,1283798,1073376,301006848,86360064,49896,1287981,2026-08-01T18:14:30.751660Z
R1,1921,saturated,,true,262.000,57.863,102.096,115.101,195150.872,195397.462,195431.189,1284232,1073636,301154304,86392832,49877,1288473,2026-08-01T18:14:30.751660Z
R1,1922,saturated,,true,259.000,59.951,90.586,101.751,195053.136,195371.068,195417.847,1284763,1073880,301187072,86417408,49881,1289005,2026-08-01T18:14:30.751660Z
R1,1923,saturated,,true,266.000,55.478,89.780,106.886,194732.826,194953.355,194974.757,1285310,1074147,301367296,86450176,49886,1289541,2026-08-01T18:14:30.751660Z
R1,1924,saturated,,true,263.000,56.555,90.621,108.368,194773.893,194991.913,195031.972,1285840,1074414,301408256,86466560,49883,1290069,2026-08-01T18:14:30.751660Z
R1,1925,saturated,,true,261.000,58.245,93.162,108.526,194749.196,194967.875,195006.378,1286358,1074807,301539328,86491136,49885,1290591,2026-08-01T18:14:30.751660Z
R1,1926,saturated,,true,264.000,58.454,89.923,101.286,194602.213,194828.328,194864.267,1286866,1074937,301637632,86532096,49885,1291116,2026-08-01T18:14:30.751660Z
R1,1927,saturated,,true,228.000,62.605,163.383,212.247,194707.918,194976.881,195019.852,1287362,1075203,301670400,86540288,49885,1291575,2026-08-01T18:14:30.751660Z
R1,1928,saturated,,true,254.000,59.576,99.080,110.258,194813.041,195046.854,195072.929,1287851,1075557,301834240,86564864,49895,1292094,2026-08-01T18:14:30.751660Z
R1,1929,saturated,,true,263.000,55.457,89.103,105.493,194906.763,195129.739,195155.212,1288378,1075557,301883392,86597632,49884,1292622,2026-08-01T18:14:30.751660Z
R1,1930,saturated,,true,249.000,58.050,90.577,102.118,194951.311,195202.108,195226.426,1288888,1075946,302030848,86622208,49895,1293145,2026-08-01T18:14:30.751660Z
R1,1931,saturated,,true,251.000,58.072,110.269,129.004,195048.732,195268.181,195295.551,1289397,1076322,302104576,86646784,49888,1293619,2026-08-01T18:14:30.751660Z
R1,1932,saturated,,true,244.000,57.249,100.418,128.942,195027.159,195301.541,195383.754,1289901,1076322,302161920,86671360,49883,1294119,2026-08-01T18:14:30.751660Z
R1,1933,saturated,,true,264.000,58.572,85.625,104.880,194982.922,195207.437,195229.045,1290402,1076697,302301184,86695936,49886,1294655,2026-08-01T18:14:30.751660Z
R1,1934,saturated,,true,232.000,62.985,101.699,120.429,195064.074,195318.843,195366.011,1290935,1077092,302358528,86720512,49908,1295127,2026-08-01T18:14:30.751660Z
R1,1935,saturated,,true,255.000,57.941,101.555,132.156,195168.288,195406.041,195424.374,1291419,1077092,302505984,86745088,49887,1295629,2026-08-01T18:14:30.751660Z
R1,1936,saturated,,true,242.000,58.724,96.084,107.657,195145.880,195420.165,195461.204,1291940,1077446,302587904,86777856,49898,1296153,2026-08-01T18:14:30.751660Z
R1,1937,saturated,,true,216.000,65.792,151.265,174.427,195267.888,195520.232,195558.628,1292423,1077828,302628864,86786048,49895,1296548,2026-08-01T18:14:30.751660Z
R1,1938,saturated,,true,255.000,60.058,91.054,103.917,195397.468,195624.361,195639.981,1292870,1077913,302751744,86818816,49898,1297087,2026-08-01T18:14:30.751660Z
R1,1939,saturated,,true,227.000,64.086,113.124,131.661,195498.811,195712.851,195766.065,1293360,1078286,302825472,86835200,49900,1297518,2026-08-01T18:14:30.751660Z
R1,1940,saturated,,true,248.000,60.136,92.783,103.381,195571.557,195815.938,195848.692,1293854,1078517,302923776,86859776,49901,1298042,2026-08-01T18:14:30.751660Z
R1,1941,saturated,,true,245.000,59.770,107.977,127.702,195692.049,195934.146,195964.133,1294353,1078517,303038464,86892544,49899,1298525,2026-08-01T18:14:30.751660Z
R1,1942,saturated,,true,264.000,59.001,88.699,106.457,195774.356,195999.963,196036.140,1294877,1078888,303087616,86917120,49891,1299038,2026-08-01T18:14:30.751660Z
R1,1943,saturated,,true,253.000,57.434,93.545,121.080,195705.628,195935.722,195974.078,1295381,1079146,303218688,86941696,49900,1299561,2026-08-01T18:14:30.751660Z
R1,1944,saturated,,true,249.000,59.055,90.003,113.791,195759.161,195955.855,195999.893,1295873,1079412,303300608,86974464,49901,1300078,2026-08-01T18:14:30.751660Z
R1,1945,saturated,,true,194.000,71.454,149.721,189.358,196009.830,196221.338,196270.246,1296281,1079660,303349760,86982656,49906,1300448,2026-08-01T18:14:30.751660Z
R1,1946,saturated,,true,257.000,56.640,98.941,111.720,196081.135,196379.481,196408.278,1296740,1079970,303489024,87007232,49893,1300966,2026-08-01T18:14:30.751660Z
R1,1947,saturated,,true,229.000,62.165,157.489,211.963,196191.442,196456.671,196491.947,1297248,1080232,303546368,87040000,49888,1301419,2026-08-01T18:14:30.751660Z
R1,1948,saturated,,true,260.000,54.940,84.962,112.204,196212.201,196455.473,196485.725,1297747,1080232,303661056,87064576,49890,1301943,2026-08-01T18:14:30.751660Z
R1,1949,saturated,,true,256.000,55.477,89.692,100.205,196123.382,196391.114,196426.567,1298291,1080591,303767552,87080960,49903,1302476,2026-08-01T18:14:30.751660Z
R1,1950,saturated,,true,233.000,60.347,100.745,113.297,196213.144,196428.450,196470.216,1298754,1080854,303833088,87113728,49913,1302963,2026-08-01T18:14:30.751660Z
R1,1951,saturated,,true,244.000,58.804,113.595,157.442,196300.421,196527.481,196572.622,1299213,1081206,303939584,87138304,49902,1303430,2026-08-01T18:14:30.751660Z
R1,1952,saturated,,true,259.000,58.116,97.586,128.400,196390.772,196600.211,196629.049,1299736,1081455,304021504,87146496,49895,1303940,2026-08-01T18:14:30.751660Z
R1,1953,saturated,,true,252.000,60.741,99.009,108.788,196364.092,196610.065,196635.806,1300237,1081455,304119808,87179264,49898,1304455,2026-08-01T18:14:30.751660Z
R1,1954,saturated,,true,263.000,58.632,90.807,106.965,196283.470,196515.250,196532.773,1300758,1081843,304242688,87212032,49895,1304981,2026-08-01T18:14:30.751660Z
R1,1955,saturated,,true,250.000,59.609,93.591,122.421,196351.389,196549.171,196575.028,1301280,1082102,304308224,87236608,49902,1305483,2026-08-01T18:14:30.751660Z
R1,1956,saturated,,true,253.000,56.430,94.098,120.991,196353.428,196573.565,196603.166,1301803,1082472,304431104,87261184,49899,1305989,2026-08-01T18:14:30.751660Z
R1,1957,saturated,,true,217.000,60.521,160.340,188.089,196435.157,196716.823,196760.403,1302262,1082472,304496640,87277568,49900,1306432,2026-08-01T18:14:30.751660Z
R1,1958,saturated,,true,261.000,57.547,92.401,118.618,196515.780,196722.735,196755.107,1302735,1082826,304586752,87302144,49900,1306948,2026-08-01T18:14:30.751660Z
R1,1959,saturated,,true,257.000,59.048,94.483,116.866,196586.708,196821.126,196842.898,1303239,1083208,304709632,87334912,49895,1307469,2026-08-01T18:14:30.751660Z
R1,1960,saturated,,true,220.000,60.421,114.072,127.439,196691.722,196891.065,196911.623,1303772,1083208,304775168,87367680,49939,1307965,2026-08-01T18:14:30.751660Z
R1,1961,saturated,,true,251.000,60.744,121.842,143.064,196862.262,197114.085,197139.506,1304227,1083604,304881664,87384064,49903,1308430,2026-08-01T18:14:30.751660Z
R1,1962,saturated,,true,243.000,61.800,102.142,123.800,196903.725,197126.606,197180.730,1304678,1083936,304971776,87400448,49906,1308928,2026-08-01T18:15:30.786349Z
R1,1963,saturated,,true,259.000,60.770,92.522,110.808,197001.710,197204.377,197232.744,1299921,1089593,305143808,87433216,49907,1309434,2026-08-01T18:15:30.786349Z
R1,1964,saturated,,true,256.000,58.360,92.152,107.472,197046.888,197281.818,197310.624,1300425,1089853,305184768,87457792,49904,1309954,2026-08-01T18:15:30.786349Z
R1,1965,saturated,,true,259.000,56.987,97.768,108.619,196937.557,197192.692,197222.640,1300932,1089853,305217536,87474176,49906,1310477,2026-08-01T18:15:30.786349Z
R1,1966,saturated,,true,255.000,60.011,96.233,117.697,197010.176,197219.393,197256.179,1301427,1090237,305414144,87515136,49906,1310988,2026-08-01T18:15:30.786349Z
R1,1967,saturated,,true,222.000,62.089,126.099,179.872,197148.286,197430.562,197459.724,1301922,1090620,305438720,87523328,49909,1311429,2026-08-01T18:15:30.786349Z
R1,1968,saturated,,true,251.000,57.905,92.429,124.224,197266.246,197482.901,197519.313,1302390,1090843,305586176,87556096,49903,1311946,2026-08-01T18:15:30.786349Z
R1,1969,saturated,,true,271.000,54.657,88.983,102.171,197193.162,197420.364,197446.489,1302921,1091098,305659904,87588864,49906,1312473,2026-08-01T18:15:30.786349Z
R1,1970,saturated,,true,235.000,59.204,106.446,141.586,197197.066,197447.069,197469.039,1303437,1091098,305700864,87605248,49916,1312971,2026-08-01T18:15:30.786349Z
R1,1971,saturated,,true,252.000,55.825,112.119,143.288,197260.763,197488.090,197531.896,1303931,1091479,305864704,87629824,49908,1313458,2026-08-01T18:15:30.786349Z
R1,1972,saturated,,true,255.000,58.641,96.057,108.883,197316.543,197545.600,197567.628,1304466,1091724,305913856,87654400,49916,1313980,2026-08-01T18:15:30.786349Z
R1,1973,saturated,,true,244.000,60.040,98.790,111.456,197393.775,197603.275,197640.700,1304910,1091987,306028544,87678976,49917,1314464,2026-08-01T18:15:30.786349Z
R1,1974,saturated,,true,248.000,62.414,101.083,111.426,197441.582,197691.867,197732.427,1305413,1092352,306135040,87703552,49911,1314963,2026-08-01T18:15:30.786349Z
R1,1975,saturated,,true,256.000,58.892,91.023,103.242,197396.450,197649.404,197670.417,1305924,1092601,306184192,87728128,49910,1315480,2026-08-01T18:15:30.786349Z
R1,1976,saturated,,true,255.000,58.764,97.626,102.512,197363.375,197579.243,197601.582,1306425,1092860,306339840,87760896,49917,1315996,2026-08-01T18:15:30.786349Z
R1,1977,saturated,,true,216.000,60.558,190.513,220.385,197543.014,197879.608,197915.203,1306924,1092860,306380800,87769088,49905,1316432,2026-08-01T18:15:30.786349Z
R1,1978,saturated,,true,254.000,57.481,95.099,127.441,197649.538,197873.254,197906.623,1307370,1093200,306479104,87801856,49909,1316948,2026-08-01T18:15:30.786349Z
R1,1979,saturated,,true,260.000,59.651,96.492,125.725,197599.204,197835.382,197875.350,1307905,1093461,306601984,87834624,49911,1317456,2026-08-01T18:15:30.786349Z
R1,1980,saturated,,true,242.000,58.489,121.007,131.516,197625.791,197829.359,197876.566,1308428,1093717,306659328,87851008,49930,1317970,2026-08-01T18:15:30.786349Z
R1,1981,saturated,,true,251.000,60.015,105.151,170.882,197760.768,197976.145,198002.266,1308911,1094081,306806784,87883776,49914,1318453,2026-08-01T18:15:30.786349Z
R1,1982,saturated,,true,258.000,56.624,88.338,110.136,197781.294,198012.772,198037.564,1309448,1094342,306864128,87908352,49912,1318979,2026-08-01T18:15:30.786349Z
R1,1983,saturated,,true,251.000,60.223,91.015,112.882,197885.911,198131.618,198147.710,1309910,1094342,306962432,87924736,49917,1319479,2026-08-01T18:15:30.786349Z
R1,1984,saturated,,true,249.000,60.192,90.966,103.677,197914.196,198173.017,198197.823,1310428,1094722,307077120,87957504,49916,1319985,2026-08-01T18:15:30.786349Z
R1,1985,saturated,,true,251.000,58.579,97.966,131.485,197911.217,198184.693,198226.773,1310946,1094975,307126272,87982080,49912,1320485,2026-08-01T18:15:30.786349Z
R1,1986,saturated,,true,254.000,60.448,96.909,105.411,197870.129,198108.355,198151.930,1311467,1095350,307290112,87998464,49912,1321000,2026-08-01T18:15:30.786349Z
R1,1987,saturated,,true,222.000,65.038,156.597,184.491,198031.520,198258.874,198293.277,1311947,1095350,307331072,88031232,49913,1321442,2026-08-01T18:15:30.786349Z
R1,1988,saturated,,true,250.000,59.255,97.081,111.953,198076.213,198346.529,198366.955,1312458,1095695,307421184,88055808,49920,1321948,2026-08-01T18:15:30.786349Z
R1,1989,saturated,,true,255.000,59.617,90.903,114.055,198118.641,198347.374,198379.598,1312966,1096080,307544064,88080384,49913,1322452,2026-08-01T18:15:30.786349Z
R1,1990,saturated,,true,245.000,55.643,86.693,101.238,198195.155,198400.795,198423.113,1313468,1096332,307593216,88096768,49924,1322981,2026-08-01T18:15:30.786349Z
R1,1991,saturated,,true,234.000,65.664,110.236,124.231,198391.657,198610.021,198623.984,1313907,1096332,307724288,88129536,49920,1323426,2026-08-01T18:15:30.786349Z
R1,1992,saturated,,true,228.000,65.387,106.642,133.081,198495.463,198735.067,198754.402,1314357,1096689,307798016,88154112,49926,1323883,2026-08-01T18:15:30.786349Z
R1,1993,saturated,,true,253.000,59.754,102.903,121.811,198577.399,198823.800,198837.040,1314831,1097038,307855360,88170496,49917,1324385,2026-08-01T18:15:30.786349Z
R1,1994,saturated,,true,229.000,66.132,104.065,128.387,198707.542,198966.641,199005.050,1315330,1097038,308011008,88195072,49927,1324852,2026-08-01T18:15:30.786349Z
R1,1995,saturated,,true,253.000,57.438,90.402,120.464,198824.385,199043.404,199084.334,1315822,1097403,308060160,88219648,49921,1325365,2026-08-01T18:15:30.786349Z
R1,1996,saturated,,true,255.000,59.193,91.803,107.377,198370.330,198827.831,198872.458,1316344,1097781,308166656,88244224,49916,1325878,2026-08-01T18:15:30.786349Z
R1,1997,saturated,,true,206.000,68.611,117.843,150.463,198285.841,198559.305,198586.254,1316794,1098034,308264960,88268800,49925,1326293,2026-08-01T18:15:30.786349Z
R1,1998,saturated,,true,249.000,60.651,97.196,115.471,198391.061,198607.547,198633.401,1317277,1098240,308305920,88293376,49936,1326794,2026-08-01T18:15:30.786349Z
R1,1999,saturated,,true,234.000,63.130,105.904,131.700,198509.201,198751.397,198797.882,1317759,1098240,308436992,88317952,49920,1327258,2026-08-01T18:15:30.786349Z
R1,2000,saturated,,true,221.000,61.307,96.251,127.344,198594.636,198826.360,198879.821,1318245,1098595,308527104,88342528,49931,1327735,2026-08-01T18:15:30.786349Z
R1,2001,saturated,,true,250.000,61.462,103.896,145.551,198775.008,198996.167,199026.844,1318688,1098934,308592640,88350720,49918,1328207,2026-08-01T18:15:30.786349Z
R1,2002,saturated,,true,255.000,57.765,89.295,114.804,198854.048,199072.903,199100.448,1319162,1099195,308723712,88391680,49918,1328728,2026-08-01T18:15:30.786349Z
R1,2003,saturated,,true,233.000,63.091,97.894,136.495,198904.840,199119.089,199172.671,1319645,1099195,308772864,88416256,49932,1329202,2026-08-01T18:15:30.786349Z
R1,2004,saturated,,true,237.000,63.643,115.280,126.508,199065.198,199292.223,199314.522,1320068,1099568,308895744,88440832,49941,1329668,2026-08-01T18:15:30.786349Z
R1,2005,saturated,,true,103.000,101.033,252.808,268.858,199458.665,199713.679,199730.469,1320283,1099568,308928512,88440832,49907,1329776,2026-08-01T18:15:30.786349Z
R1,2006,saturated,,true,135.000,83.569,635.197,668.369,200097.861,200350.358,200415.590,1320610,1099963,308977664,88457216,49978,1330153,2026-08-01T18:15:30.786349Z
R1,2007,saturated,,true,191.000,66.928,156.356,246.715,200318.024,200565.564,200621.904,1321005,1099963,309018624,88473600,49982,1330546,2026-08-01T18:15:30.786349Z
R1,2008,saturated,,true,254.000,58.531,98.612,119.494,200375.289,200583.465,200619.371,1321451,1100191,309149696,88506368,49854,1331048,2026-08-01T18:15:30.786349Z
R1,2009,saturated,,true,235.000,62.890,111.019,160.699,200380.899,200605.573,200648.617,1321965,1100408,309231616,88530944,49988,1331524,2026-08-01T18:15:30.786349Z
R1,2010,saturated,,true,235.000,61.691,101.694,125.131,200442.705,200669.168,200698.210,1322454,1100776,309297152,88539136,49872,1332011,2026-08-01T18:15:30.786349Z
R1,2011,saturated,,true,233.000,64.825,119.105,150.229,200603.683,200857.448,200892.175,1322912,1101017,309411840,88571904,49863,1332471,2026-08-01T18:15:30.786349Z
R1,2012,saturated,,true,251.000,60.653,96.361,118.593,200619.439,200857.876,200900.606,1323366,1101363,309485568,88612864,49853,1332962,2026-08-01T18:15:30.786349Z
R1,2013,saturated,,true,246.000,62.158,99.926,113.362,200599.564,200843.842,200871.549,1323879,1101363,309583872,88629248,49854,1333465,2026-08-01T18:15:30.786349Z
R1,2014,saturated,,true,257.000,57.877,103.945,120.509,200675.654,200897.975,200939.043,1324390,1101611,309682176,88653824,49981,1333979,2026-08-01T18:15:30.786349Z
R1,2015,saturated,,true,238.000,62.480,98.470,116.035,200692.581,200913.033,200950.494,1324913,1101989,309764096,88686592,49862,1334468,2026-08-01T18:15:30.786349Z
R1,2016,saturated,,true,249.000,62.222,94.019,108.963,200714.506,200938.655,200957.525,1325418,1102235,309878784,88694784,49857,1334973,2026-08-01T18:15:30.786349Z
R1,2017,saturated,,true,214.000,65.194,183.732,228.208,200820.073,201121.322,201134.733,1325870,1102235,309952512,88719360,49984,1335392,2026-08-01T18:15:30.786349Z
R1,2018,saturated,,true,236.000,60.554,95.433,102.281,200937.918,201171.446,201193.860,1326347,1102580,310034432,88760320,49878,1335874,2026-08-01T18:15:30.786349Z
R1,2019,saturated,,true,108.000,77.052,424.927,434.163,201189.188,201474.832,201497.874,1326443,1102823,310059008,88768512,49912,1335957,2026-08-01T18:15:30.786349Z
R1,2020,saturated,,true,150.000,77.539,391.738,507.695,201850.249,202051.407,202066.599,1326726,1102823,310116352,88768512,49877,1336182,2026-08-01T18:15:30.786349Z
R1,2021,saturated,,true,222.000,66.591,120.392,159.184,202031.826,202279.113,202325.997,1327026,1103054,310190080,88784896,49877,1336618,2026-08-01T18:15:30.786349Z
R1,2022,saturated,,true,244.000,61.167,102.512,124.135,202149.182,202386.632,202398.080,1327474,1103305,310263808,88809472,49989,1337090,2026-08-01T18:15:30.786349Z
R1,2023,saturated,,true,249.000,59.406,102.900,122.738,202117.145,202335.521,202349.108,1333176,1098048,310296576,88834048,49862,1337581,2026-08-01T18:16:30.909606Z
R1,2024,saturated,,true,252.000,62.615,97.900,105.638,202159.178,202398.824,202420.366,1333922,1098658,310493184,88875008,49864,1338332,2026-08-01T18:16:30.909606Z
R1,2025,saturated,,true,228.000,61.786,115.112,152.478,202334.962,202536.073,202556.505,1334180,1098658,310509568,88883200,49861,1338548,2026-08-01T18:16:30.909606Z
R1,2026,saturated,,true,250.000,57.997,93.864,122.676,202276.847,202501.034,202593.033,1334669,1098900,310657024,88907776,49864,1339042,2026-08-01T18:16:30.909606Z
R1,2027,saturated,,true,206.000,64.831,191.318,208.287,202412.780,202759.803,202790.728,1335133,1099258,310730752,88932352,49877,1339486,2026-08-01T18:16:30.909606Z
R1,2028,saturated,,true,248.000,59.803,95.444,109.722,202602.771,202811.474,202840.685,1335516,1099258,310755328,88948736,49861,1339962,2026-08-01T18:16:30.909606Z
R1,2029,saturated,,true,232.000,66.499,112.478,147.739,202763.470,202967.923,203011.709,1335995,1099590,310927360,88981504,49865,1340429,2026-08-01T18:16:30.909606Z
R1,2030,saturated,,true,202.000,69.150,103.479,119.594,202757.510,202955.374,202987.155,1336471,1099841,310976512,89014272,49900,1340905,2026-08-01T18:16:30.909606Z
R1,2031,saturated,,true,121.000,108.605,314.512,474.849,203317.589,203521.121,203527.928,1336899,1100180,311001088,89022464,49916,1341158,2026-08-01T18:16:30.909606Z
R1,2032,saturated,,true,212.000,66.966,127.273,173.445,203644.112,203877.626,203911.498,1337174,1100180,311083008,89022464,49874,1341537,2026-08-01T18:16:30.909606Z
R1,2033,saturated,,true,142.000,84.545,239.544,271.921,203794.764,204015.656,204057.766,1337613,1100397,311197696,89055232,49961,1341956,2026-08-01T18:16:30.909606Z
R1,2034,saturated,,true,79.000,99.697,484.619,544.810,204559.167,205037.289,205038.284,1337870,1100616,311214080,89063424,49957,1342129,2026-08-01T18:16:30.909606Z
R1,2035,saturated,,true,90.000,142.885,628.707,724.556,205236.904,205458.432,205541.739,1338005,1100793,311222272,89071616,49927,1342253,2026-08-01T18:16:30.909606Z
R1,2036,saturated,,true,36.000,298.726,591.700,621.755,206127.999,206476.727,206486.774,1338154,1100793,311230464,89079808,49958,1342425,2026-08-01T18:16:30.909606Z
R1,2037,saturated,,true,30.000,412.818,653.470,753.103,206701.110,206920.491,206927.638,1338258,1100854,311238656,89088000,49960,1342507,2026-08-01T18:16:30.909606Z
R1,2038,saturated,,true,28.000,725.599,1331.140,1347.372,207656.505,208016.187,208016.207,1338312,1100954,311238656,89096192,49957,1342536,2026-08-01T18:16:30.909606Z
R1,2039,saturated,,true,76.000,161.149,580.901,1103.139,208485.491,208739.809,208789.794,1338380,1100997,311263232,89096192,49963,1342664,2026-08-01T18:16:30.909606Z
R1,2040,saturated,,true,115.000,117.431,319.229,379.210,209071.911,209430.423,209507.298,1338567,1100997,311361536,89096192,49953,1342873,2026-08-01T18:16:30.909606Z
R1,2041,saturated,,true,101.000,125.434,414.116,464.552,209590.275,209983.557,209985.645,1338783,1101107,311435264,89104384,49974,1343111,2026-08-01T18:16:30.909606Z
R1,2042,saturated,,true,56.000,177.962,641.997,660.132,210646.662,211046.802,211060.560,1338975,1101222,311443456,89128960,49938,1343257,2026-08-01T18:16:30.909606Z
R1,2043,saturated,,true,183.000,79.143,268.844,312.068,210956.717,211288.109,211329.765,1339175,1101311,311459840,89137152,49942,1343526,2026-08-01T18:16:30.909606Z
R1,2044,saturated,,true,234.000,62.576,132.818,184.180,211122.988,211410.618,211432.706,1339591,1101492,311500800,89153536,49921,1343950,2026-08-01T18:16:30.909606Z
R1,2045,saturated,,true,244.000,62.012,101.861,109.707,210627.353,211012.029,211023.607,1340091,1101703,311672832,89161728,49930,1344470,2026-08-01T18:16:30.909606Z
R1,2046,saturated,,true,141.000,88.792,248.761,312.316,210777.635,210974.326,210999.087,1340495,1101703,311697408,89202688,49953,1344804,2026-08-01T18:16:30.909606Z
R1,2047,saturated,,true,157.000,86.229,201.021,223.756,211248.321,211496.249,211527.437,1340776,1102067,311721984,89210880,49944,1345105,2026-08-01T18:16:30.909606Z
R1,2048,saturated,,true,233.000,65.514,115.381,131.625,211532.889,211799.499,211832.018,1341108,1102273,311885824,89235456,49929,1345533,2026-08-01T18:16:30.909606Z
R1,2049,saturated,,true,259.000,58.233,93.614,114.530,211467.564,211646.814,211675.503,1341586,1102273,311926784,89260032,49920,1346042,2026-08-01T18:16:30.909606Z
R1,2050,saturated,,true,239.000,58.505,90.577,108.384,211442.300,211674.423,211691.507,1342011,1102613,312008704,89276416,49937,1346547,2026-08-01T18:16:30.909606Z
R1,2051,saturated,,true,247.000,63.403,107.884,136.267,211580.887,211806.155,211832.614,1342514,1102996,312147968,89300992,49925,1347040,2026-08-01T18:16:30.909606Z
R1,2052,saturated,,true,226.000,66.776,129.061,155.788,211629.803,211890.935,211937.307,1343000,1103236,312172544,89333760,49933,1347489,2026-08-01T18:16:30.909606Z
R1,2053,saturated,,true,189.000,78.023,140.585,160.649,211722.257,212013.083,212038.596,1343414,1103236,312303616,89350144,49947,1347900,2026-08-01T18:16:30.909606Z
R1,2054,saturated,,true,167.000,82.000,161.151,193.701,212130.324,212408.420,212439.743,1343793,1103578,312385536,89358336,49942,1348232,2026-08-01T18:16:30.909606Z
R1,2055,saturated,,true,234.000,64.613,112.005,130.628,212297.589,212516.725,212554.865,1344156,1103831,312410112,89391104,49927,1348668,2026-08-01T18:16:30.909606Z
R1,2056,saturated,,true,241.000,62.724,107.093,117.356,212358.963,212632.711,212656.602,1344638,1103831,312516608,89415680,49925,1349147,2026-08-01T18:16:30.909606Z
R1,2057,saturated,,true,172.000,71.539,264.843,310.866,212638.333,213011.130,213046.212,1345121,1104173,312631296,89423872,49945,1349535,2026-08-01T18:16:30.909606Z
R1,2058,saturated,,true,246.000,60.605,96.860,123.069,212815.854,213058.567,213097.709,1345524,1104416,312647680,89464832,49934,1349999,2026-08-01T18:16:30.909606Z
R1,2059,saturated,,true,247.000,63.021,90.894,114.211,212837.767,213064.441,213088.961,1346018,1104712,312786944,89481216,49936,1350500,2026-08-01T18:16:30.909606Z
R1,2060,saturated,,true,232.000,61.132,105.799,139.645,212841.509,213100.873,213134.010,1346537,1104712,312868864,89497600,49943,1350986,2026-08-01T18:16:30.909606Z
R1,2061,saturated,,true,231.000,65.338,134.210,188.014,212858.248,213107.697,213122.270,1346973,1105082,312901632,89530368,49943,1351444,2026-08-01T18:16:30.909606Z
R1,2062,saturated,,true,252.000,59.282,101.982,119.466,212963.352,213193.116,213219.194,1347366,1105307,313090048,89546752,49930,1351927,2026-08-01T18:16:30.909606Z
R1,2063,saturated,,true,245.000,61.782,93.732,114.092,213033.088,213254.668,213297.717,1347902,1105671,313114624,89579520,49934,1352426,2026-08-01T18:16:30.909606Z
R1,2064,saturated,,true,235.000,60.337,105.995,133.713,213035.880,213248.708,213265.040,1348388,1105921,313229312,89604096,49952,1352925,2026-08-01T18:16:30.909606Z
R1,2065,saturated,,true,172.000,73.126,285.289,313.000,213372.908,213624.733,213635.865,1348824,1106171,313335808,89604096,49935,1353246,2026-08-01T18:16:30.909606Z
R1,2066,saturated,,true,250.000,60.692,100.271,107.387,213486.087,213726.884,213747.062,1349254,1106171,313360384,89645056,49936,1353757,2026-08-01T18:16:30.909606Z
R1,2067,saturated,,true,223.000,66.084,121.179,164.935,213624.474,213888.610,213943.526,1349688,1106455,313483264,89669632,49929,1354187,2026-08-01T18:16:30.909606Z
R1,2068,saturated,,true,247.000,59.602,97.316,111.773,213706.983,213936.029,213963.583,1350149,1106798,313573376,89677824,49938,1354691,2026-08-01T18:16:30.909606Z
R1,2069,saturated,,true,247.000,64.715,97.611,105.114,213804.754,214027.106,214070.489,1350657,1107051,313606144,89718784,49934,1355187,2026-08-01T18:16:30.909606Z
R1,2070,saturated,,true,225.000,62.446,108.168,123.655,213850.772,214091.021,214097.521,1351165,1107296,313778176,89735168,49950,1355694,2026-08-01T18:16:30.909606Z
R1,2071,saturated,,true,202.000,76.357,138.389,157.031,214053.215,214317.382,214335.492,1351609,1107296,313827328,89751552,49942,1356060,2026-08-01T18:16:30.909606Z
R1,2072,saturated,,true,199.000,75.785,175.025,237.112,214261.622,214486.498,214505.897,1352003,1107629,313860096,89784320,49939,1356456,2026-08-01T18:16:30.909606Z
R1,2073,saturated,,true,207.000,72.210,134.942,158.286,214373.629,214628.720,214651.858,1352452,1107820,314007552,89792512,49952,1356908,2026-08-01T18:16:30.909606Z
R1,2074,saturated,,true,121.000,80.723,347.181,414.590,214820.495,215054.636,215068.447,1352798,1108150,314056704,89817088,49974,1357199,2026-08-01T18:16:30.909606Z
R1,2075,saturated,,true,138.000,117.907,216.124,258.257,215305.328,215607.580,215658.647,1353085,1108298,314073088,89841664,49960,1357445,2026-08-01T18:16:30.909606Z
R1,2076,saturated,,true,234.000,64.201,101.449,138.176,215568.174,215818.660,215838.412,1353438,1108298,314146816,89858048,49948,1357883,2026-08-01T18:16:30.909606Z
R1,2077,saturated,,true,188.000,75.420,199.741,273.701,215716.297,215957.464,215980.655,1353876,1108510,314269696,89866240,49950,1358257,2026-08-01T18:16:30.909606Z
R1,2078,saturated,,true,170.000,86.171,162.849,181.365,216087.821,216410.089,216438.447,1354239,1108751,314302464,89890816,49958,1358620,2026-08-01T18:16:30.909606Z
R1,2079,saturated,,true,211.000,74.254,112.147,126.659,216265.194,216482.320,216533.643,1354610,1108903,314343424,89915392,49953,1359027,2026-08-01T18:16:30.909606Z
R1,2080,saturated,,true,178.000,76.978,147.938,198.795,216514.709,216805.223,216826.129,1354997,1109208,314499072,89931776,49967,1359422,2026-08-01T18:16:30.909606Z
R1,2081,saturated,,true,179.000,79.657,210.496,236.141,216839.788,217100.478,217150.138,1355340,1109403,314531840,89939968,49950,1359754,2026-08-01T18:16:30.909606Z
R1,2082,saturated,,true,227.000,68.036,118.007,132.745,217101.404,217348.450,217385.594,1355705,1109565,314572800,89980928,49944,1360192,2026-08-01T18:16:30.909606Z
R1,2083,saturated,,true,231.000,65.380,101.404,115.158,217231.950,217456.546,217470.818,1356250,1109607,314605568,89980928,49950,1360675,2026-08-01T18:17:31.146810Z
R1,2084,saturated,,true,235.000,65.761,105.510,125.676,217277.498,217506.808,217543.422,1356667,1109946,314785792,90021888,49952,1361145,2026-08-01T18:17:31.146810Z
R1,2085,saturated,,true,115.000,107.687,238.872,256.692,217390.758,217819.871,217935.811,1357095,1110300,314810368,90038272,49923,1361452,2026-08-01T18:17:31.146810Z
R1,2086,saturated,,true,186.000,79.081,189.898,311.402,217889.206,218196.877,218238.827,1357312,1110453,314826752,90054656,49960,1361759,2026-08-01T18:17:31.146810Z
R1,2087,saturated,,true,174.000,84.460,183.116,199.431,218201.241,218450.106,218461.217,1357660,1110608,314966016,90062848,49957,1362107,2026-08-01T18:17:31.146810Z
R1,2088,saturated,,true,179.000,83.638,154.319,165.841,218586.284,218926.147,218942.073,1358033,1110608,315031552,90087424,49959,1362468,2026-08-01T18:17:31.146810Z
R1,2089,saturated,,true,215.000,69.558,124.213,141.702,218758.474,219014.878,219036.379,1358417,1110873,315056128,90103808,49956,1362897,2026-08-01T18:17:31.146810Z
R1,2090,saturated,,true,167.000,80.538,151.901,193.856,218979.961,219301.918,219332.847,1358845,1111171,315105280,90120192,49967,1363275,2026-08-01T18:17:31.146810Z
R1,2091,saturated,,true,206.000,77.860,138.828,161.845,219285.425,219573.167,219589.331,1359200,1111171,315260928,90136576,49963,1363654,2026-08-01T18:17:31.146810Z
R1,2092,saturated,,true,242.000,63.216,109.571,138.676,219301.877,219524.674,219554.756,1359618,1111444,315285504,90169344,49952,1364130,2026-08-01T18:17:31.146810Z
R1,2093,saturated,,true,242.000,63.420,104.987,139.293,219386.080,219601.391,219657.538,1360118,1111659,315408384,90193920,49953,1364617,2026-08-01T18:17:31.146810Z
R1,2094,saturated,,true,220.000,63.673,102.723,116.363,219427.450,219639.215,219687.595,1360618,1112027,315506688,90202112,49967,1365091,2026-08-01T18:17:31.146810Z
R1,2095,saturated,,true,220.000,68.561,155.977,190.977,219613.184,219841.748,219868.242,1361021,1112264,315531264,90234880,49955,1365497,2026-08-01T18:17:31.146810Z
R1,2096,saturated,,true,228.000,63.522,102.530,135.826,219658.557,219876.158,219936.081,1361500,1112465,315678720,90259456,49966,1365977,2026-08-01T18:17:31.146810Z
R1,2097,saturated,,true,59.000,118.180,413.518,443.009,220025.652,220344.726,220359.148,1361863,1112708,315744256,90275840,49966,1366159,2026-08-01T18:17:31.146810Z
R1,2098,saturated,,true,124.000,114.619,358.344,487.050,220711.103,220921.262,220932.921,1362034,1112708,315752448,90284032,49975,1366377,2026-08-01T18:17:31.146810Z
R1,2099,saturated,,true,145.000,96.702,232.921,267.450,221108.250,221440.150,221471.712,1362343,1112822,315768832,90300416,49919,1366668,2026-08-01T18:17:31.146810Z
R1,2100,saturated,,true,111.000,112.803,223.385,246.493,221516.172,221731.034,221806.340,1362610,1112989,315793408,90308608,49943,1366929,2026-08-01T18:17:31.146810Z
R1,2101,saturated,,true,62.000,221.013,423.055,498.388,222447.659,222828.029,222926.675,1362722,1113129,315826176,90308608,49981,1367040,2026-08-01T18:17:31.146810Z
R1,2102,saturated,,true,119.000,128.623,292.317,332.024,222977.095,223384.720,223423.957,1362885,1113231,315949056,90316800,49981,1367262,2026-08-01T18:17:31.146810Z
R1,2103,saturated,,true,173.000,83.736,167.286,183.011,223427.105,223770.138,223802.900,1363141,1113231,315981824,90341376,49975,1367595,2026-08-01T18:17:31.146810Z
R1,2104,saturated,,true,193.000,69.461,160.357,188.175,223724.811,223995.712,224009.623,1363509,1113417,316006400,90357760,49856,1367996,2026-08-01T18:17:31.146810Z
R1,2105,saturated,,true,209.000,77.861,136.471,163.387,223922.383,224128.998,224169.288,1363928,1113588,316080128,90382336,49962,1368387,2026-08-01T18:17:31.146810Z
R1,2106,saturated,,true,192.000,78.354,130.002,172.949,224169.998,224392.243,224433.686,1364348,1113899,316219392,90390528,49976,1368792,2026-08-01T18:17:31.146810Z
R1,2107,saturated,,true,147.000,92.941,193.042,221.983,224493.888,224847.198,224877.842,1364694,1114193,316235776,90423296,49980,1369091,2026-08-01T18:17:31.146810Z
R1,2108,saturated,,true,180.000,79.744,173.039,227.828,224877.986,225188.107,225213.255,1364982,1114252,316260352,90423296,49965,1369439,2026-08-01T18:17:31.146810Z
R1,2109,saturated,,true,172.000,67.866,160.903,250.242,225109.591,225418.038,225469.482,1365345,1114252,316424192,90447872,49982,1369824,2026-08-01T18:17:31.146810Z
R1,2110,saturated,,true,134.000,111.354,251.323,301.082,225737.786,225929.815,225954.906,1365664,1114544,316456960,90447872,49971,1370069,2026-08-01T18:17:31.146810Z
R1,2111,saturated,,true,207.000,68.315,140.605,179.782,226041.879,226266.854,226283.898,1365993,1114738,316473344,90497024,49972,1370477,2026-08-01T18:17:31.146810Z
R1,2112,saturated,,true,150.000,95.453,144.000,175.254,226189.722,226459.543,226466.127,1366415,1114738,316522496,90497024,49908,1370815,2026-08-01T18:17:31.146810Z
R1,2113,saturated,,true,109.000,132.031,280.219,294.050,226726.165,227049.459,227123.550,1366678,1115030,316637184,90505216,49940,1371041,2026-08-01T18:17:31.146810Z
R1,2114,saturated,,true,79.000,210.136,337.517,365.447,227461.797,227956.406,227957.754,1366875,1115219,316686336,90513408,49982,1371200,2026-08-01T18:17:31.146810Z
R1,2115,saturated,,true,212.000,77.101,153.618,187.030,227786.739,228012.758,228057.798,1367156,1115298,316702720,90537984,49976,1371585,2026-08-01T18:17:31.146810Z
R1,2116,saturated,,true,161.000,88.627,161.069,239.260,228012.419,228352.036,228368.065,1367546,1115493,316727296,90554368,49983,1371922,2026-08-01T18:17:31.146810Z
R1,2117,saturated,,true,175.000,82.336,160.393,236.686,228237.889,228608.907,228650.259,1367926,1115662,316858368,90562560,49976,1372286,2026-08-01T18:17:31.146810Z
R1,2118,saturated,,true,206.000,70.152,132.641,161.523,228623.720,228825.312,228833.970,1368277,1115662,316932096,90595328,49866,1372687,2026-08-01T18:17:31.146810Z
R1,2119,saturated,,true,239.000,61.866,107.894,136.581,228743.228,228962.351,229013.503,1368686,1115930,316964864,90611712,49978,1373164,2026-08-01T18:17:31.146810Z
R1,2120,saturated,,true,214.000,67.079,115.978,166.916,228745.957,229002.997,229042.752,1369139,1116276,317112320,90636288,49889,1373616,2026-08-01T18:17:31.146810Z
R1,2121,saturated,,true,184.000,73.838,151.477,221.976,229086.016,229348.836,229392.316,1369509,1116276,317177856,90644480,49902,1373995,2026-08-01T18:17:31.146810Z
R1,2122,saturated,,true,181.000,88.709,201.509,261.774,229376.741,229692.997,229762.215,1369865,1116598,317194240,90677248,49893,1374337,2026-08-01T18:17:31.146810Z
R1,2123,saturated,,true,209.000,69.982,122.750,138.559,229667.105,229880.193,229908.811,1370217,1116856,317317120,90693632,49982,1374756,2026-08-01T18:17:31.146810Z
R1,2124,saturated,,true,209.000,71.953,135.929,162.101,229882.054,230160.814,230180.129,1370647,1116856,317407232,90710016,49977,1375179,2026-08-01T18:17:31.146810Z
R1,2125,saturated,,true,221.000,68.741,104.249,116.432,230082.848,230353.638,230407.839,1371036,1117168,317431808,90742784,49982,1375623,2026-08-01T18:17:31.146810Z
R1,2126,saturated,,true,243.000,63.453,100.305,115.232,230201.213,230427.980,230468.938,1371503,1117390,317562880,90750976,49982,1376106,2026-08-01T18:17:31.146810Z
R1,2127,saturated,,true,180.000,69.529,210.374,265.225,230379.211,230717.831,230780.587,1371984,1117740,317652992,90775552,49988,1376487,2026-08-01T18:17:31.146810Z
R1,2128,saturated,,true,225.000,65.145,122.581,140.787,230568.045,230789.423,230815.447,1372340,1117740,317669376,90800128,49863,1376927,2026-08-01T18:17:31.146810Z
R1,2129,saturated,,true,246.000,63.816,104.361,136.052,230603.625,230818.282,230839.885,1372825,1118029,317816832,90824704,49982,1377418,2026-08-01T18:17:31.146810Z
R1,2130,saturated,,true,234.000,63.322,101.851,111.869,230690.392,230913.295,230963.465,1373322,1118394,317890560,90849280,49853,1377899,2026-08-01T18:17:31.146810Z
R1,2131,saturated,,true,224.000,64.436,125.848,150.764,230843.951,231111.700,231142.388,1373784,1118631,317947904,90865664,49863,1378332,2026-08-01T18:17:31.146810Z
R1,2132,saturated,,true,237.000,63.705,104.942,133.261,230758.426,230987.543,231012.765,1374268,1118967,318095360,90890240,49981,1378822,2026-08-01T18:17:31.146810Z
R1,2133,saturated,,true,248.000,62.438,99.094,113.798,230761.531,231006.739,231020.128,1374770,1119094,318136320,90923008,49979,1379316,2026-08-01T18:17:31.146810Z
R1,2134,saturated,,true,228.000,67.117,104.478,132.151,230788.790,231000.440,231028.785,1375243,1119094,318242816,90939392,49986,1379776,2026-08-01T18:17:31.146810Z
R1,2135,saturated,,true,223.000,63.998,107.693,126.421,230877.020,231098.958,231125.749,1375705,1119453,318349312,90963968,49878,1380241,2026-08-01T18:17:31.146810Z
R1,2136,saturated,,true,180.000,67.519,292.012,317.864,231224.304,231393.892,231431.863,1376095,1119680,318373888,90980352,49983,1380597,2026-08-01T18:17:31.146810Z
R1,2137,saturated,,true,190.000,69.648,233.047,304.981,231443.100,231777.545,231794.965,1376518,1119974,318472192,91004928,49981,1380970,2026-08-01T18:17:31.146810Z
R1,2138,saturated,,true,247.000,62.241,101.346,130.634,231569.871,231799.905,231820.535,1376987,1119974,318570496,91021312,49860,1381459,2026-08-01T18:17:31.146810Z
R1,2139,saturated,,true,235.000,64.425,104.121,132.595,231571.402,231769.638,231791.851,1377479,1120284,318619648,91037696,49864,1381929,2026-08-01T18:17:31.146810Z
R1,2140,saturated,,true,227.000,64.422,102.674,111.064,231592.274,231823.397,231847.443,1377948,1120522,318750720,91078656,49878,1382413,2026-08-01T18:17:31.146810Z
R1,2141,saturated,,true,224.000,68.667,128.613,156.230,231745.931,232005.358,232030.865,1378388,1120764,318824448,91095040,49865,1382841,2026-08-01T18:17:31.146810Z
R1,2142,saturated,,true,231.000,66.605,113.269,124.495,231856.227,232062.348,232089.571,1378839,1121093,318873600,91111424,49872,1383308,2026-08-01T18:17:31.146810Z
R1,2143,saturated,,true,225.000,68.894,103.669,119.982,231923.776,232161.022,232218.682,1379192,1121000,319062016,91144192,49877,1383768,2026-08-01T18:18:31.031474Z
R1,2144,saturated,,true,242.000,63.685,111.705,126.507,231973.164,232200.833,232226.324,1379679,1121349,319094784,91152384,49861,1384252,2026-08-01T18:18:31.031474Z
R1,2145,saturated,,true,243.000,62.684,96.630,116.966,232073.688,232294.939,232323.371,1380134,1121701,319119360,91185152,49859,1384742,2026-08-01T18:18:31.031474Z
R1,2146,saturated,,true,245.000,63.350,96.076,117.831,232113.599,232332.403,232351.344,1380586,1121946,319315968,91217920,49868,1385234,2026-08-01T18:18:31.031474Z
R1,2147,saturated,,true,190.000,71.581,151.736,188.520,232204.182,232503.899,232561.248,1381004,1122191,319340544,91217920,49899,1385613,2026-08-01T18:18:31.031474Z
R1,2148,saturated,,true,243.000,61.340,102.125,116.287,232421.920,232640.402,232661.497,1381454,1122191,319381504,91250688,49867,1386101,2026-08-01T18:18:31.031474Z
R1,2149,saturated,,true,238.000,62.162,107.299,125.146,232515.449,232731.932,232747.007,1381948,1122501,319553536,91283456,49872,1386585,2026-08-01T18:18:31.031474Z
R1,2150,saturated,,true,239.000,62.043,96.872,121.855,232493.656,232712.441,232726.508,1382379,1122864,319586304,91299840,49871,1387074,2026-08-01T18:18:31.031474Z
R1,2151,saturated,,true,233.000,63.013,131.310,168.254,232625.586,232847.006,232881.658,1382835,1122864,319700992,91332608,49987,1387521,2026-08-01T18:18:31.031474Z
R1,2152,saturated,,true,243.000,61.316,101.106,114.632,232672.630,232879.944,232933.908,1383256,1123209,319807488,91348992,49867,1388021,2026-08-01T18:18:31.031474Z
R1,2153,saturated,,true,253.000,62.902,97.998,118.119,232710.267,232943.334,232964.447,1383714,1123458,319832064,91365376,49866,1388520,2026-08-01T18:18:31.031474Z
R1,2154,saturated,,true,238.000,61.304,104.007,125.984,232702.442,232951.788,232977.622,1384224,1123825,320028672,91406336,49871,1389012,2026-08-01T18:18:31.031474Z
R1,2155,saturated,,true,249.000,60.511,101.109,151.673,232784.594,233016.544,233043.162,1384727,1123825,320053248,91422720,49996,1389505,2026-08-01T18:18:31.031474Z
R1,2156,saturated,,true,220.000,70.757,108.608,129.353,232895.409,233149.084,233204.138,1385226,1124193,320159744,91447296,49890,1389961,2026-08-01T18:18:31.031474Z
R1,2157,saturated,,true,127.000,90.103,367.893,460.207,233161.191,233583.300,233599.438,1385643,1124438,320241664,91463680,49953,1390212,2026-08-01T18:18:31.031474Z
R1,2158,saturated,,true,211.000,68.534,135.021,152.903,233667.562,233868.141,233898.604,1385908,1124625,320282624,91471872,49876,1390633,2026-08-01T18:18:31.031474Z
R1,2159,saturated,,true,204.000,75.511,134.427,147.805,233731.764,234006.902,234057.773,1386345,1124880,320307200,91496448,49890,1391047,2026-08-01T18:18:31.031474Z
R1,2160,saturated,,true,208.000,70.913,145.800,194.312,234051.105,234287.200,234329.037,1386747,1124880,320471040,91521024,49886,1391470,2026-08-01T18:18:31.031474Z
R1,2161,saturated,,true,207.000,70.163,131.137,147.305,234176.203,234441.903,234460.656,1387170,1125182,320520192,91545600,49879,1391882,2026-08-01T18:18:31.031474Z
R1,2162,saturated,,true,228.000,69.253,104.958,130.821,234226.325,234466.123,234497.033,1387613,1125500,320552960,91570176,49884,1392337,2026-08-01T18:18:31.031474Z
R1,2163,saturated,,true,243.000,62.936,100.122,115.880,234342.185,234569.442,234597.712,1388096,1125727,320733184,91586560,49873,1392826,2026-08-01T18:18:31.031474Z
R1,2164,saturated,,true,245.000,61.747,95.249,126.009,234441.279,234667.620,234692.430,1388559,1125727,320765952,91611136,49872,1393313,2026-08-01T18:18:31.031474Z
R1,2165,saturated,,true,244.000,62.821,97.351,118.260,234493.647,234710.004,234760.734,1389066,1126091,320872448,91635712,49872,1393807,2026-08-01T18:18:31.031474Z
R1,2166,saturated,,true,235.000,64.720,108.356,131.265,234456.444,234678.300,234694.326,1389541,1126458,320987136,91660288,49876,1394290,2026-08-01T18:18:31.031474Z
R1,2167,saturated,,true,214.000,68.323,166.347,192.076,234600.724,234799.157,234837.429,1390016,1126699,321011712,91676672,49879,1394713,2026-08-01T18:18:31.031474Z
R1,2168,saturated,,true,234.000,63.122,108.216,132.321,234698.379,234926.836,234963.011,1390227,1126699,321044480,91701248,49879,1394957,2026-08-01T18:18:31.031474Z
R1,2169,saturated,,true,248.000,61.471,97.918,109.554,234762.991,235010.527,235044.349,1390971,1127031,321232896,91725824,49873,1395684,2026-08-01T18:18:31.031474Z
R1,2170,saturated,,true,239.000,63.197,102.781,120.471,234723.607,234954.428,235005.322,1391217,1127268,321249280,91734016,49877,1395922,2026-08-01T18:18:31.031474Z
R1,2171,saturated,,true,226.000,64.731,116.611,132.152,234811.011,235064.572,235089.693,1391678,1127512,321372160,91774976,49876,1396375,2026-08-01T18:18:31.031474Z
R1,2172,saturated,,true,214.000,68.606,130.420,161.526,234824.214,235143.484,235169.808,1392145,1127512,321470464,91791360,49890,1396832,2026-08-01T18:18:31.031474Z
R1,2173,saturated,,true,240.000,62.015,100.368,118.749,234868.546,235114.346,235168.947,1392533,1127861,321495040,91799552,49877,1397288,2026-08-01T18:18:31.031474Z
R1,2174,saturated,,true,207.000,78.036,122.644,140.457,234936.051,235203.075,235230.822,1393025,1128192,321626112,91840512,49901,1397750,2026-08-01T18:18:31.031474Z
R1,2175,saturated,,true,233.000,66.967,98.788,115.249,235021.479,235242.792,235291.975,1393466,1128192,321708032,91848704,49879,1398176,2026-08-01T18:18:31.031474Z
R1,2176,saturated,,true,240.000,64.513,93.605,110.798,235063.760,235287.124,235321.915,1393943,1128519,321748992,91881472,49888,1398671,2026-08-01T18:18:31.031474Z
R1,2177,saturated,,true,180.000,75.347,157.251,204.475,235208.889,235569.890,235572.042,1394355,1128881,321888256,91906048,49909,1399084,2026-08-01T18:18:31.031474Z
R1,2178,saturated,,true,237.000,63.672,101.003,116.857,235429.884,235656.896,235677.988,1394745,1128881,321945600,91914240,49888,1399514,2026-08-01T18:18:31.031474Z
R1,2179,saturated,,true,231.000,68.715,103.958,122.931,235505.217,235734.729,235782.755,1395208,1129175,322019328,91947008,49887,1399976,2026-08-01T18:18:31.031474Z
R1,2180,saturated,,true,224.000,67.328,101.753,115.748,235542.464,235817.874,235844.325,1395681,1129418,322142208,91963392,49899,1400444,2026-08-01T18:18:31.031474Z
R1,2181,saturated,,true,224.000,63.488,137.745,202.489,235567.323,235779.190,235795.244,1396148,1129649,322191360,91987968,49880,1400865,2026-08-01T18:18:31.031474Z
R1,2182,saturated,,true,240.000,63.048,105.230,133.179,235580.585,235790.371,235829.604,1396610,1129971,322297856,92012544,49880,1401352,2026-08-01T18:18:31.031474Z
R1,2183,saturated,,true,246.000,61.599,105.174,118.085,235476.765,235707.185,235727.392,1397114,1130214,322396160,92028928,49885,1401847,2026-08-01T18:18:31.031474Z
R1,2184,saturated,,true,235.000,63.407,108.242,118.576,235586.018,235803.504,235835.454,1397590,1130214,322437120,92061696,49892,1402328,2026-08-01T18:18:31.031474Z
R1,2185,saturated,,true,237.000,65.704,99.667,118.490,235617.293,235872.865,235900.449,1398050,1130585,322576384,92094464,49885,1402794,2026-08-01T18:18:31.031474Z
R1,2186,saturated,,true,244.000,62.191,90.387,103.455,235685.663,235899.889,235949.522,1398538,1130822,322658304,92102656,49886,1403287,2026-08-01T18:18:31.031474Z
R1,2187,saturated,,true,203.000,67.125,143.277,194.436,235680.523,236020.235,236035.829,1399008,1131056,322707456,92135424,49903,1403739,2026-08-01T18:18:31.031474Z
R1,2188,saturated,,true,244.000,62.277,95.214,107.429,235798.797,236020.568,236062.747,1399434,1131300,322846720,92151808,49893,1404190,2026-08-01T18:18:31.031474Z
R1,2189,saturated,,true,244.000,62.601,106.551,124.646,235905.020,236137.234,236177.016,1399938,1131633,322904064,92168192,49888,1404682,2026-08-01T18:18:31.031474Z
R1,2190,saturated,,true,244.000,61.568,96.204,117.025,235947.201,236178.194,236225.510,1400418,1131871,322994176,92200960,49888,1405168,2026-08-01T18:18:31.031474Z
R1,2191,saturated,,true,220.000,68.610,122.100,154.878,236068.312,236273.925,236311.042,1400904,1132114,323108864,92225536,49894,1405621,2026-08-01T18:18:31.031474Z
R1,2192,saturated,,true,248.000,59.848,98.441,110.114,236074.760,236308.183,236338.220,1401360,1132114,323158016,92241920,49886,1406112,2026-08-01T18:18:31.031474Z
R1,2193,saturated,,true,240.000,65.552,102.523,111.669,236109.964,236364.907,236395.620,1401855,1132459,323297280,92274688,49891,1406602,2026-08-01T18:18:31.031474Z
R1,2194,saturated,,true,233.000,61.728,116.615,140.607,236029.766,236260.222,236279.491,1402359,1132828,323362816,92291072,49896,1407076,2026-08-01T18:18:31.031474Z
R1,2195,saturated,,true,232.000,66.471,105.988,131.703,236174.430,236415.019,236440.491,1402785,1133066,323436544,92323840,49891,1407533,2026-08-01T18:18:31.031474Z
R1,2196,saturated,,true,237.000,62.320,106.605,136.340,236275.580,236516.271,236544.225,1403270,1133066,323559424,92356608,49888,1408018,2026-08-01T18:18:31.031474Z
R1,2197,saturated,,true,206.000,64.988,157.501,211.011,236355.954,236567.905,236584.017,1403734,1133413,323616768,92356608,49904,1408451,2026-08-01T18:18:31.031474Z
R1,2198,saturated,,true,246.000,60.746,103.477,129.089,236339.158,236561.071,236577.580,1404147,1133653,323706880,92389376,49887,1408920,2026-08-01T18:18:31.031474Z
R1,2199,saturated,,true,238.000,63.546,108.221,127.260,236404.803,236633.595,236672.805,1404623,1133981,323821568,92413952,49900,1409406,2026-08-01T18:18:31.031474Z
R1,2200,saturated,,true,218.000,66.280,135.958,152.826,236470.991,236712.751,236760.597,1405112,1133981,323862528,92430336,49918,1409884,2026-08-01T18:18:31.031474Z
R1,2201,saturated,,true,213.000,66.188,139.844,181.802,236646.901,236887.122,236925.877,1405552,1134338,323960832,92463104,49899,1410286,2026-08-01T18:18:31.031474Z
R1,2202,saturated,,true,232.000,63.819,104.020,120.532,236767.257,237034.831,237068.831,1405978,1134547,324067328,92479488,49903,1410746,2026-08-01T18:18:31.031474Z
R1,2203,saturated,,true,227.000,68.523,112.482,127.475,236871.116,237134.590,237166.057,1406443,1134696,324100096,92504064,49902,1411206,2026-08-01T18:19:31.159969Z
R1,2204,saturated,,true,238.000,61.049,104.819,129.829,236933.343,237188.849,237213.675,1407221,1135753,324288512,92528640,49901,1411678,2026-08-01T18:19:31.159969Z
R1,2205,saturated,,true,238.000,64.040,99.395,121.298,236917.065,237142.220,237159.131,1407685,1135753,324321280,92545024,49900,1412161,2026-08-01T18:19:31.159969Z
R1,2206,saturated,,true,245.000,62.792,98.622,124.603,236943.898,237172.103,237201.944,1408187,1136103,324378624,92577792,49895,1412640,2026-08-01T18:19:31.159969Z
R1,2207,saturated,,true,180.000,79.675,163.535,182.831,237056.060,237297.105,237309.576,1408683,1136344,324534272,92594176,49932,1413081,2026-08-01T18:19:31.159969Z
R1,2208,saturated,,true,231.000,65.547,103.050,121.031,237315.674,237557.276,237583.759,1409063,1136587,324558848,92610560,49898,1413475,2026-08-01T18:19:31.159969Z
R1,2209,saturated,,true,225.000,65.705,116.931,138.323,237398.159,237626.086,237671.353,1409531,1136881,324616192,92643328,49898,1413933,2026-08-01T18:19:31.159969Z
R1,2210,saturated,,true,240.000,63.704,98.679,112.554,237480.963,237683.224,237720.740,1409960,1137225,324780032,92659712,49900,1414408,2026-08-01T18:19:31.159969Z
R1,2211,saturated,,true,221.000,68.869,129.921,200.434,237597.154,237806.589,237824.497,1410425,1137345,324804608,92684288,49899,1414858,2026-08-01T18:19:31.159969Z
R1,2212,saturated,,true,233.000,65.987,101.743,121.783,237619.522,237877.138,237890.246,1410837,1137345,324952064,92708864,49907,1415327,2026-08-01T18:19:31.159969Z
R1,2213,saturated,,true,246.000,61.644,110.604,123.825,237672.777,237895.640,237928.951,1411323,1137684,325025792,92717056,49898,1415808,2026-08-01T18:19:31.159969Z
R1,2214,saturated,,true,237.000,65.032,103.849,125.718,237747.049,237969.826,237990.806,1411818,1137922,325050368,92758016,49899,1416299,2026-08-01T18:19:31.159969Z
R1,2215,saturated,,true,244.000,63.753,101.770,113.998,237700.498,237992.524,238040.424,1412301,1138286,325246976,92782592,49901,1416788,2026-08-01T18:19:31.159969Z
R1,2216,saturated,,true,240.000,64.471,95.572,118.513,237664.840,237932.343,237945.681,1412799,1138286,325279744,92790784,49902,1417267,2026-08-01T18:19:31.159969Z
R1,2217,saturated,,true,200.000,72.210,141.687,182.459,237794.971,238169.539,238200.580,1413239,1138651,325320704,92831744,49919,1417700,2026-08-01T18:19:31.159969Z
R1,2218,saturated,,true,236.000,63.988,97.909,108.960,237983.692,238213.285,238248.586,1413639,1138890,325484544,92848128,49906,1418149,2026-08-01T18:19:31.159969Z
R1,2219,saturated,,true,238.000,65.977,98.313,112.569,238013.418,238223.745,238270.232,1414124,1139209,325525504,92856320,49907,1418636,2026-08-01T18:19:31.159969Z
R1,2220,saturated,,true,231.000,64.870,104.874,131.012,238051.814,238311.007,238346.170,1414621,1139452,325607424,92905472,49910,1419102,2026-08-01T18:19:31.159969Z
R1,2221,saturated,,true,213.000,66.867,163.450,195.129,238207.748,238432.589,238449.493,1415070,1139684,325738496,92913664,49909,1419526,2026-08-01T18:19:31.159969Z
R1,2222,saturated,,true,236.000,63.281,102.573,117.992,238326.106,238550.027,238572.292,1415502,1139893,325771264,92954624,49904,1419998,2026-08-01T18:19:31.159969Z
R1,2223,saturated,,true,243.000,61.840,104.552,119.626,238358.610,238584.199,238597.017,1415980,1140252,325910528,92979200,49906,1420488,2026-08-01T18:19:31.159969Z
R1,2224,saturated,,true,233.000,68.379,109.549,115.226,238417.392,238658.398,238696.874,1416474,1140252,325992448,92979200,49908,1420953,2026-08-01T18:19:31.159969Z
R1,2225,saturated,,true,242.000,61.212,95.126,134.601,238467.554,238696.668,238724.849,1416939,1140493,326033408,93028352,49906,1421441,2026-08-01T18:19:31.159969Z
R1,2226,saturated,,true,240.000,63.176,100.137,126.477,238378.530,238608.882,238630.195,1417425,1140724,326197248,93044736,49905,1421922,2026-08-01T18:19:31.159969Z
R1,2227,saturated,,true,202.000,69.517,127.906,162.393,238493.219,238711.908,238725.252,1417864,1141086,326238208,93052928,49916,1422349,2026-08-01T18:19:31.159969Z
R1,2228,saturated,,true,237.000,64.030,107.960,122.092,238616.378,238861.851,238888.339,1418304,1141086,326303744,93093888,49915,1422822,2026-08-01T18:19:31.159969Z
R1,2229,saturated,,true,242.000,62.939,100.975,122.354,238694.493,238913.946,238977.054,1418759,1141415,326451200,93110272,49901,1423291,2026-08-01T18:19:31.159969Z
R1,2230,saturated,,true,224.000,63.169,105.425,134.968,238651.319,238913.132,238948.837,1419230,1141765,326483968,93134848,49919,1423765,2026-08-01T18:19:31.159969Z
R1,2231,saturated,,true,224.000,67.048,111.145,138.923,238716.436,238944.757,238965.318,1419676,1141765,326590464,93167616,49911,1424205,2026-08-01T18:19:31.159969Z
R1,2232,saturated,,true,218.000,67.537,128.722,157.668,238843.999,239078.078,239090.403,1420109,1142106,326696960,93167616,49910,1424633,2026-08-01T18:19:31.159969Z
R1,2233,saturated,,true,233.000,63.713,108.457,124.411,238883.812,239112.811,239131.780,1420574,1142325,326737920,93200384,49912,1425113,2026-08-01T18:19:31.159969Z
R1,2234,saturated,,true,215.000,66.548,109.440,119.495,238955.098,239189.447,239243.251,1421063,1142557,326860800,93224960,49924,1425562,2026-08-01T18:19:31.159969Z
R1,2235,saturated,,true,229.000,68.635,103.857,116.414,239072.268,239308.002,239323.845,1421490,1142899,326934528,93241344,49910,1426004,2026-08-01T18:19:31.159969Z
R1,2236,saturated,,true,239.000,62.456,103.380,118.345,239124.461,239383.756,239403.981,1421967,1143118,326991872,93274112,49916,1426485,2026-08-01T18:19:31.159969Z
R1,2237,saturated,,true,173.000,80.275,186.048,240.349,239110.660,239491.416,239530.147,1422422,1143360,327114752,93290496,49926,1426855,2026-08-01T18:19:31.159969Z
R1,2238,saturated,,true,230.000,65.599,111.728,133.110,239341.860,239553.792,239573.231,1422820,1143360,327180288,93306880,49912,1427291,2026-08-01T18:19:31.159969Z
R1,2239,saturated,,true,235.000,65.096,99.639,109.487,239337.993,239571.503,239602.286,1423299,1143643,327229440,93331456,49915,1427770,2026-08-01T18:19:31.159969Z
R1,2240,saturated,,true,205.000,70.337,122.215,143.099,239392.224,239622.130,239643.211,1423742,1143996,327368704,93356032,49933,1428204,2026-08-01T18:19:31.159969Z
R1,2241,saturated,,true,205.000,68.945,169.599,228.094,239537.944,239780.338,239799.263,1424147,1143996,327417856,93388800,49915,1428592,2026-08-01T18:19:31.159969Z
R1,2242,saturated,,true,238.000,64.055,111.922,118.888,239643.885,239840.301,239882.339,1424573,1144296,327467008,93388800,49917,1429066,2026-08-01T18:19:31.159969Z
R1,2243,saturated,,true,240.000,63.221,96.979,113.803,239667.926,239887.920,239910.055,1425039,1144521,327622656,93421568,49916,1429550,2026-08-01T18:19:31.159969Z
R1,2244,saturated,,true,230.000,67.827,117.958,140.648,239676.134,239937.484,239955.322,1425470,1144764,327671808,93446144,49921,1430023,2026-08-01T18:19:31.159969Z
R1,2245,saturated,,true,220.000,65.490,123.766,166.760,238919.548,239581.560,239615.302,1425941,1145004,327753728,93462528,49926,1430464,2026-08-01T18:19:31.159969Z
R1,2246,saturated,,true,181.000,83.285,161.326,179.914,238807.142,239021.958,239067.765,1426357,1145342,327868416,93495296,49931,1430844,2026-08-01T18:19:31.159969Z
R1,2247,saturated,,true,193.000,71.317,143.386,179.253,238879.202,239215.473,239253.762,1426725,1145634,327909376,93503488,49921,1431224,2026-08-01T18:19:31.159969Z
R1,2248,saturated,,true,240.000,62.581,101.428,114.513,239058.692,239266.923,239299.726,1427134,1145634,327966720,93528064,49921,1431705,2026-08-01T18:19:31.159969Z
R1,2249,saturated,,true,231.000,66.657,100.959,124.114,239089.171,239316.751,239341.396,1427576,1145833,328105984,93552640,49918,1432166,2026-08-01T18:19:31.159969Z
R1,2250,saturated,,true,241.000,64.788,93.615,102.048,239015.784,239221.883,239263.979,1428061,1146071,328155136,93569024,49916,1432643,2026-08-01T18:19:31.159969Z
R1,2251,saturated,,true,221.000,68.203,116.267,146.447,239082.121,239315.788,239335.235,1428540,1146424,328269824,93601792,49917,1433082,2026-08-01T18:19:31.159969Z
R1,2252,saturated,,true,240.000,66.425,100.249,115.456,239154.809,239381.900,239397.471,1428976,1146640,328359936,93626368,49918,1433567,2026-08-01T18:19:31.159969Z
R1,2253,saturated,,true,239.000,64.266,93.138,107.351,239203.162,239432.520,239449.719,1429483,1146884,328400896,93650944,49918,1434045,2026-08-01T18:19:31.159969Z
R1,2254,saturated,,true,235.000,62.934,112.113,129.858,239247.381,239455.659,239496.079,1429953,1146884,328523776,93675520,49917,1434525,2026-08-01T18:19:31.159969Z
R1,2255,saturated,,true,240.000,64.186,100.561,119.494,239229.725,239461.676,239488.239,1430445,1147241,328613888,93700096,49927,1435008,2026-08-01T18:19:31.159969Z
R1,2256,saturated,,true,236.000,67.412,104.932,120.156,239242.353,239475.909,239500.647,1430893,1147604,328695808,93724672,49919,1435480,2026-08-01T18:19:31.159969Z
R1,2257,saturated,,true,198.000,68.502,187.523,259.553,239271.495,239485.082,239590.114,1431349,1147837,328810496,93749248,49924,1435899,2026-08-01T18:19:31.159969Z
R1,2258,saturated,,true,241.000,62.413,110.517,160.448,239083.381,239589.632,239642.116,1431774,1147837,328859648,93765632,49922,1436366,2026-08-01T18:19:31.159969Z
R1,2259,saturated,,true,233.000,64.237,104.056,116.009,238493.112,238739.284,238766.594,1432241,1148160,328949760,93790208,49928,1436843,2026-08-01T18:19:31.159969Z
R1,2260,saturated,,true,235.000,67.112,100.185,114.888,238416.561,238636.118,238675.464,1432733,1148515,329072640,93822976,49926,1437321,2026-08-01T18:19:31.159969Z
R1,2261,saturated,,true,217.000,69.218,117.612,148.775,238499.844,238755.491,238772.855,1433200,1148851,329113600,93839360,49930,1437759,2026-08-01T18:19:31.159969Z
R1,2262,saturated,,true,218.000,69.032,115.500,130.014,238584.434,238805.891,238841.687,1433657,1148969,329236480,93863936,49931,1438199,2026-08-01T18:19:31.159969Z
R1,2263,saturated,,true,232.000,64.419,101.637,113.600,238648.046,238889.922,238917.044,1433734,1148345,329293824,93872128,49922,1438652,2026-08-01T18:20:31.333786Z
R1,2264,saturated,,true,234.000,68.383,103.778,114.217,238682.140,238920.828,238922.832,1434209,1148675,329474048,93904896,49923,1439123,2026-08-01T18:20:31.333786Z
R1,2265,saturated,,true,235.000,63.148,107.612,119.173,238700.977,238954.578,238973.333,1434678,1148907,329506816,93929472,49930,1439605,2026-08-01T18:20:31.333786Z
R1,2266,saturated,,true,235.000,64.562,111.674,145.163,238647.299,238877.466,238946.447,1435156,1149146,329596928,93954048,49930,1440074,2026-08-01T18:20:31.333786Z
R1,2267,saturated,,true,203.000,67.739,178.734,213.565,238712.352,238889.495,238916.491,1435608,1149499,329719808,93978624,49931,1440486,2026-08-01T18:20:31.333786Z
R1,2268,saturated,,true,236.000,64.820,101.431,124.174,238783.681,239009.997,239058.975,1435990,1149704,329744384,93995008,49928,1440952,2026-08-01T18:20:31.333786Z
R1,2269,saturated,,true,238.000,62.729,95.883,108.678,238639.313,239022.850,239079.215,1436478,1149936,329908224,94019584,49932,1441432,2026-08-01T18:20:31.333786Z
R1,2270,saturated,,true,225.000,68.205,110.503,132.685,238171.947,238403.715,238430.203,1436956,1150178,329965568,94044160,49926,1441891,2026-08-01T18:20:31.333786Z
R1,2271,saturated,,true,210.000,69.764,120.200,147.356,238076.066,238414.150,238476.626,1437382,1150178,329990144,94044160,49931,1442324,2026-08-01T18:20:31.333786Z
R1,2272,saturated,,true,229.000,66.760,101.248,122.078,236964.909,237715.332,237725.959,1437811,1150501,330178560,94093312,49934,1442777,2026-08-01T18:20:31.333786Z
R1,2273,saturated,,true,243.000,64.471,92.615,118.435,233341.390,234879.151,235850.662,1438291,1150844,330211328,94109696,49930,1443256,2026-08-01T18:20:31.333786Z
R1,2274,saturated,,true,236.000,63.602,99.499,121.482,231940.397,232881.990,232942.020,1438735,1151201,330252288,94126080,49926,1443734,2026-08-01T18:20:31.333786Z
R1,2275,saturated,,true,236.000,63.708,101.375,125.358,231163.168,231426.445,231500.531,1439228,1151319,330424320,94158848,49931,1444216,2026-08-01T18:20:31.333786Z
R1,2276,saturated,,true,240.000,63.329,105.808,118.312,231115.294,231349.067,231381.723,1439718,1151319,330457088,94183424,49933,1444693,2026-08-01T18:20:31.333786Z
R1,2277,saturated,,true,199.000,69.958,186.729,220.419,231250.915,231535.605,231574.758,1440200,1151681,330522624,94208000,49934,1445099,2026-08-01T18:20:31.333786Z
R1,2278,saturated,,true,239.000,63.462,102.631,113.678,230762.015,231116.789,231145.610,1440632,1151913,330670080,94232576,49930,1445571,2026-08-01T18:20:31.333786Z
R1,2279,saturated,,true,237.000,62.514,98.538,112.284,230591.371,230837.900,230856.557,1441093,1152236,330694656,94240768,49933,1446053,2026-08-01T18:20:31.333786Z
R1,2280,saturated,,true,228.000,65.342,110.273,126.741,230626.244,230859.110,230906.175,1441503,1152476,330850304,94265344,49932,1446512,2026-08-01T18:20:31.333786Z
R1,2281,saturated,,true,221.000,68.951,109.424,148.657,230846.804,231059.066,231097.066,1441964,1152701,330915840,94306304,49939,1446954,2026-08-01T18:20:31.333786Z
R1,2282,saturated,,true,237.000,64.974,103.502,114.731,230849.923,231061.848,231114.883,1442409,1152701,330948608,94306304,49930,1447422,2026-08-01T18:20:31.333786Z
R1,2283,saturated,,true,242.000,61.928,97.506,121.074,230797.442,231036.666,231050.024,1442898,1153038,331120640,94339072,49938,1447919,2026-08-01T18:20:31.333786Z
R1,2284,saturated,,true,233.000,66.072,99.673,111.466,230638.024,230990.392,231035.205,1443403,1153406,331161600,94363648,49935,1448393,2026-08-01T18:20:31.333786Z
R1,2285,saturated,,true,223.000,71.418,115.599,131.627,230332.263,230621.797,230640.881,1443876,1153638,331227136,94380032,49943,1448843,2026-08-01T18:20:31.333786Z
R1,2286,saturated,,true,231.000,64.513,107.737,118.280,230390.090,230604.080,230644.084,1444304,1153638,331382784,94412800,49936,1449295,2026-08-01T18:20:31.333786Z
R1,2287,saturated,,true,205.000,70.509,138.950,172.697,230382.747,230597.401,230627.645,1444757,1153975,331407360,94429184,49939,1449722,2026-08-01T18:20:31.333786Z
R1,2288,saturated,,true,227.000,68.388,105.295,127.397,230293.929,230594.013,230623.099,1445167,1154212,331489280,94453760,49938,1450181,2026-08-01T18:20:31.333786Z
R1,2289,saturated,,true,245.000,61.229,99.902,121.759,230279.365,230518.521,230557.952,1445628,1154531,331628544,94478336,49937,1450664,2026-08-01T18:20:31.333786Z
R1,2290,saturated,,true,232.000,63.967,110.342,132.290,230360.806,230592.409,230615.703,1446117,1154769,331661312,94486528,49937,1451137,2026-08-01T18:20:31.333786Z
R1,2291,saturated,,true,224.000,66.800,104.758,137.803,230449.557,230691.510,230707.810,1446562,1155007,331784192,94527488,49938,1451585,2026-08-01T18:20:31.333786Z
R1,2292,saturated,,true,194.000,73.893,142.758,167.447,230474.342,230681.224,230742.273,1446999,1155229,331866112,94543872,49942,1451980,2026-08-01T18:20:31.333786Z
R1,2293,saturated,,true,239.000,62.382,99.238,126.979,230552.339,230781.523,230803.145,1447396,1155229,331898880,94560256,49940,1452452,2026-08-01T18:20:31.333786Z
R1,2294,saturated,,true,208.000,75.476,114.538,143.976,230612.034,230904.520,230938.047,1447833,1155540,332038144,94593024,49950,1452892,2026-08-01T18:20:31.333786Z
R1,2295,saturated,,true,224.000,68.751,110.947,126.216,230795.057,231024.841,231071.442,1448257,1155775,332111872,94593024,49936,1453322,2026-08-01T18:20:31.333786Z
R1,2296,saturated,,true,230.000,64.153,110.302,126.779,230518.167,230718.590,230756.811,1448735,1156093,332152832,94642176,49949,1453803,2026-08-01T18:20:31.333786Z
R1,2297,saturated,,true,192.000,70.304,169.142,244.770,230653.085,230977.579,231028.396,1449203,1156333,332283904,94658560,49944,1454186,2026-08-01T18:20:31.333786Z
R1,2298,saturated,,true,241.000,64.544,106.339,117.145,230774.888,231032.176,231056.329,1449609,1156634,332349440,94666752,49939,1454655,2026-08-01T18:20:31.333786Z
R1,2299,saturated,,true,240.000,66.383,103.665,127.512,230735.566,230954.511,230990.910,1450095,1156756,332406784,94707712,49945,1455140,2026-08-01T18:20:31.333786Z
R1,2300,saturated,,true,231.000,66.588,108.105,132.834,230814.546,231041.085,231076.766,1450563,1156756,332554240,94715904,49943,1455610,2026-08-01T18:20:31.333786Z
R1,2301,saturated,,true,196.000,75.164,125.388,159.311,230948.051,231168.668,231186.097,1451018,1157115,332595200,94732288,49948,1456012,2026-08-01T18:20:31.333786Z
R1,2302,saturated,,true,237.000,65.145,97.266,115.947,230883.260,231252.598,231310.714,1451457,1157436,332660736,94773248,49940,1456477,2026-08-01T18:20:31.333786Z
R1,2303,saturated,,true,216.000,67.675,100.761,119.213,230686.643,230959.036,230983.506,1451903,1157436,332791808,94781440,49954,1456930,2026-08-01T18:20:31.333786Z
R1,2304,saturated,,true,194.000,75.403,154.687,171.969,230826.329,231057.033,231085.318,1452329,1157774,332832768,94806016,49948,1457308,2026-08-01T18:20:31.333786Z
R1,2305,saturated,,true,215.000,71.434,127.959,145.650,230362.992,230723.720,230764.117,1452764,1157978,332906496,94822400,49947,1457740,2026-08-01T18:20:31.333786Z
R1,2306,saturated,,true,226.000,69.002,115.250,133.029,230022.135,230198.809,230230.287,1453215,1158185,333029376,94846976,49947,1458189,2026-08-01T18:20:31.333786Z
R1,2307,saturated,,true,162.000,84.740,233.412,299.075,230090.858,230346.489,230373.651,1453648,1158406,333078528,94863360,49958,1458536,2026-08-01T18:20:31.333786Z
R1,2308,saturated,,true,181.000,77.403,162.745,197.909,230116.073,230362.995,230385.663,1453998,1158690,333127680,94896128,49960,1458909,2026-08-01T18:20:31.333786Z
R1,2309,saturated,,true,191.000,81.461,145.019,160.031,230168.222,230418.371,230473.479,1454364,1158874,333234176,94904320,49952,1459279,2026-08-01T18:20:31.333786Z
R1,2310,saturated,,true,226.000,66.032,101.294,126.304,230135.965,230358.324,230383.855,1454791,1158874,333299712,94920704,49951,1459743,2026-08-01T18:20:31.333786Z
R1,2311,saturated,,true,219.000,71.056,107.399,144.073,229899.110,230270.171,230288.771,1455172,1159173,333357056,94953472,49945,1460173,2026-08-01T18:20:31.333786Z
R1,2312,saturated,,true,236.000,67.800,106.892,117.284,229705.003,229921.536,229938.229,1455642,1159501,333496320,94961664,49953,1460635,2026-08-01T18:20:31.333786Z
R1,2313,saturated,,true,238.000,63.632,100.043,109.701,229717.536,229931.969,229968.581,1456055,1159501,333553664,94994432,49951,1461121,2026-08-01T18:20:31.333786Z
R1,2314,saturated,,true,239.000,65.399,108.701,121.727,229717.075,229938.459,229978.363,1456482,1159856,333651968,95027200,49947,1461596,2026-08-01T18:20:31.333786Z
R1,2315,saturated,,true,241.000,63.885,105.152,130.617,229237.706,229769.617,229816.376,1456917,1160097,333758464,95035392,49951,1462078,2026-08-01T18:20:31.333786Z
R1,2316,saturated,,true,231.000,65.880,105.417,131.996,228796.155,229236.946,229280.929,1457408,1160452,333807616,95059968,49949,1462551,2026-08-01T18:20:31.333786Z
R1,2317,saturated,,true,214.000,65.915,135.811,152.494,228576.532,228811.734,228833.486,1457883,1160452,333938688,95084544,49950,1462973,2026-08-01T18:20:31.333786Z
R1,2318,saturated,,true,235.000,64.230,106.508,127.883,228497.506,228737.225,228764.783,1458326,1160810,334004224,95109120,49960,1463456,2026-08-01T18:20:31.333786Z
R1,2319,saturated,,true,230.000,66.115,114.515,131.053,228253.586,228519.092,228635.470,1458806,1161142,334061568,95141888,49958,1463928,2026-08-01T18:20:31.333786Z
R1,2320,saturated,,true,226.000,67.262,112.948,143.686,228082.611,228340.251,228365.740,1459284,1161142,334184448,95150080,49956,1464377,2026-08-01T18:20:31.333786Z
R1,2321,saturated,,true,212.000,71.975,110.241,140.910,228209.409,228440.501,228458.205,1459721,1161482,334249984,95174656,49954,1464809,2026-08-01T18:20:31.333786Z
R1,2322,saturated,,true,228.000,67.124,108.751,125.801,228295.981,228521.372,228557.113,1460150,1161695,334307328,95207424,49955,1465262,2026-08-01T18:20:31.333786Z
R1,2323,saturated,,true,232.000,67.918,112.007,137.318,228199.934,228451.073,228501.581,1460704,1162206,334405632,95223808,49956,1465726,2026-08-01T18:21:31.323857Z
R1,2324,saturated,,true,234.000,65.472,108.808,115.206,228172.155,228403.258,228416.823,1461170,1162206,334512128,95248384,49954,1466187,2026-08-01T18:21:31.323857Z
R1,2325,saturated,,true,226.000,65.763,101.383,118.789,227861.774,228440.129,228500.280,1461651,1162549,334618624,95272960,49955,1466653,2026-08-01T18:21:31.323857Z
R1,2326,saturated,,true,236.000,67.055,99.460,120.912,226890.823,227246.672,227280.427,1462112,1162788,334651392,95289344,49954,1467126,2026-08-01T18:21:31.323857Z
R1,2327,saturated,,true,202.000,70.944,183.360,236.978,225768.008,226550.909,226594.728,1462586,1163017,334798848,95313920,49958,1467532,2026-08-01T18:21:31.323857Z
R1,2328,saturated,,true,241.000,66.166,103.233,118.788,224901.334,225226.909,225261.550,1463001,1163337,334864384,95338496,49956,1468008,2026-08-01T18:21:31.323857Z
R1,2329,saturated,,true,227.000,65.216,100.664,120.696,224534.191,224773.876,224836.247,1463493,1163337,334913536,95363072,49956,1468482,2026-08-01T18:21:31.323857Z
R1,2330,saturated,,true,230.000,66.068,112.209,139.414,224436.496,224683.402,224728.795,1463935,1163689,335077376,95379456,49960,1468942,2026-08-01T18:21:31.323857Z
R1,2331,saturated,,true,226.000,68.641,111.649,128.374,224325.701,224587.708,224605.151,1464394,1163922,335110144,95404032,49959,1469390,2026-08-01T18:21:31.323857Z
R1,2332,saturated,,true,237.000,63.297,99.293,119.937,223807.651,224174.285,224221.240,1464872,1164262,335183872,95428608,49960,1469870,2026-08-01T18:21:31.323857Z
R1,2333,saturated,,true,226.000,66.870,107.574,131.187,223597.995,223907.650,223971.816,1465334,1164379,335323136,95444992,49957,1470329,2026-08-01T18:21:31.323857Z
R1,2334,saturated,,true,232.000,66.741,98.935,124.784,222973.375,223266.116,223313.417,1465788,1164729,335355904,95477760,49963,1470799,2026-08-01T18:21:31.323857Z
R1,2335,saturated,,true,171.000,74.092,284.310,322.681,222848.542,223310.681,223338.728,1466239,1164962,335446016,95494144,49967,1471146,2026-08-01T18:21:31.323857Z
R1,2336,saturated,,true,219.000,70.814,104.789,121.029,222443.006,222916.402,222992.473,1466630,1164962,335560704,95502336,49962,1471574,2026-08-01T18:21:31.323857Z
R1,2337,saturated,,true,165.000,85.896,174.822,244.072,221654.565,221967.010,222011.651,1467067,1165236,335585280,95535104,49909,1471941,2026-08-01T18:21:31.323857Z
R1,2338,saturated,,true,225.000,67.629,113.512,186.797,221703.893,222109.066,222185.504,1467403,1165462,335675392,95551488,49960,1472368,2026-08-01T18:21:31.323857Z
R1,2339,saturated,,true,218.000,67.161,117.006,135.046,221447.671,221661.495,221685.849,1467839,1165743,335790080,95576064,49970,1472811,2026-08-01T18:21:31.323857Z
R1,2340,saturated,,true,206.000,71.558,127.130,143.069,221356.447,221586.033,221612.358,1468261,1166075,335822848,95592448,49971,1473239,2026-08-01T18:21:31.323857Z
R1,2341,saturated,,true,144.000,93.756,234.136,286.374,221774.410,222004.553,222035.554,1468630,1166179,335880192,95617024,49971,1473529,2026-08-01T18:21:31.323857Z
R1,2342,saturated,,true,234.000,68.770,107.403,132.755,221804.260,222102.812,222119.580,1469006,1166179,335994880,95625216,49958,1473982,2026-08-01T18:21:31.323857Z
R1,2343,saturated,,true,230.000,64.553,112.999,136.838,221624.055,221951.225,221995.611,1469386,1166430,336060416,95649792,49957,1474443,2026-08-01T18:21:31.323857Z
R1,2344,saturated,,true,226.000,68.147,111.640,138.190,221339.026,221603.657,221639.711,1469829,1166775,336158720,95690752,49971,1474909,2026-08-01T18:21:31.323857Z
R1,2345,saturated,,true,179.000,73.376,156.726,194.349,221345.052,221561.884,221584.085,1470310,1167008,336248832,95690752,49900,1475317,2026-08-01T18:21:31.323857Z
R1,2346,saturated,,true,119.000,132.616,257.723,313.139,221712.143,221987.632,221988.231,1470590,1167208,336289792,95707136,49981,1475538,2026-08-01T18:21:31.323857Z
R1,2347,saturated,,true,173.000,88.642,170.434,195.297,222022.516,222305.667,222339.737,1470879,1167208,336306176,95731712,49979,1475868,2026-08-01T18:21:31.323857Z
R1,2348,saturated,,true,203.000,76.290,137.384,143.881,222221.784,222458.754,222482.786,1471222,1167403,336404480,95748096,49966,1476261,2026-08-01T18:21:31.323857Z
R1,2349,saturated,,true,222.000,71.069,110.113,131.757,222226.267,222546.947,222591.004,1471654,1167680,336519168,95756288,49968,1476704,2026-08-01T18:21:31.323857Z
R1,2350,saturated,,true,213.000,70.008,125.777,149.450,222151.944,222375.607,222399.949,1472089,1167680,336560128,95797248,49977,1477150,2026-08-01T18:21:31.323857Z
R1,2351,saturated,,true,198.000,70.043,147.473,169.342,222272.195,222467.336,222490.179,1472507,1168016,336650240,95805440,49977,1477554,2026-08-01T18:21:31.323857Z
R1,2352,saturated,,true,177.000,86.485,154.166,181.955,222440.632,222711.312,222778.920,1472930,1168324,336748544,95830016,49973,1477913,2026-08-01T18:21:31.323857Z
R1,2353,saturated,,true,212.000,74.570,112.827,139.945,222623.988,222877.387,222891.888,1473328,1168500,336781312,95830016,49875,1478335,2026-08-01T18:21:31.323857Z
R1,2354,saturated,,true,193.000,80.518,127.281,146.144,222700.912,222913.551,222972.282,1473749,1168500,336863232,95870976,49886,1478726,2026-08-01T18:21:31.323857Z
R1,2355,saturated,,true,219.000,73.129,122.764,137.311,222840.472,223044.811,223094.289,1474154,1168811,336969728,95879168,49975,1479157,2026-08-01T18:21:31.323857Z
R1,2356,saturated,,true,234.000,65.022,98.560,124.116,222915.920,223163.848,223184.337,1474632,1169122,337027072,95903744,49858,1479635,2026-08-01T18:21:31.323857Z
R1,2357,saturated,,true,191.000,74.252,184.574,211.373,223097.453,223358.276,223385.443,1475076,1169358,337108992,95936512,49974,1480005,2026-08-01T18:21:31.323857Z
R1,2358,saturated,,true,227.000,68.034,108.303,120.679,223141.212,223362.168,223383.676,1475482,1169543,337215488,95944704,49977,1480463,2026-08-01T18:21:31.323857Z
R1,2359,saturated,,true,215.000,72.478,122.153,138.304,222994.862,223201.318,223232.920,1475914,1169543,337272832,95969280,49977,1480900,2026-08-01T18:21:31.323857Z
R1,2360,saturated,,true,231.000,65.084,107.754,123.420,222870.313,223174.094,223231.560,1476381,1169876,337354752,95993856,49976,1481363,2026-08-01T18:21:31.323857Z
R1,2361,saturated,,true,222.000,64.097,139.883,192.360,222829.609,223055.939,223102.450,1476760,1170106,337469440,96018432,49976,1481810,2026-08-01T18:21:31.323857Z
R1,2362,saturated,,true,226.000,62.772,121.875,143.898,222804.098,223053.994,223086.433,1477252,1170440,337510400,96051200,49868,1482266,2026-08-01T18:21:31.323857Z
R1,2363,saturated,,true,230.000,65.789,105.139,113.447,222882.618,223133.076,223168.504,1477710,1170670,337608704,96059392,49980,1482737,2026-08-01T18:21:31.323857Z
R1,2364,saturated,,true,207.000,77.205,134.819,146.193,222933.368,223103.907,223131.293,1478171,1170905,337715200,96083968,49879,1483152,2026-08-01T18:21:31.323857Z
R1,2365,saturated,,true,224.000,68.392,111.194,126.095,222981.702,223213.204,223258.328,1478596,1170905,337772544,96108544,49973,1483594,2026-08-01T18:21:31.323857Z
R1,2366,saturated,,true,228.000,64.984,103.422,136.589,223017.190,223222.677,223248.287,1479054,1171209,337862656,96133120,49974,1484052,2026-08-01T18:21:31.323857Z
R1,2367,saturated,,true,204.000,71.994,168.062,216.071,223023.960,223353.283,223375.077,1479467,1171445,337952768,96157696,49890,1484464,2026-08-01T18:21:31.323857Z
R1,2368,saturated,,true,244.000,62.953,101.675,129.365,223134.924,223348.584,223382.683,1479908,1171673,338034688,96165888,49855,1484949,2026-08-01T18:21:31.323857Z
R1,2369,saturated,,true,216.000,73.040,111.318,136.054,223186.460,223394.907,223423.067,1480343,1171882,338149376,96198656,49874,1485394,2026-08-01T18:21:31.323857Z
R1,2370,saturated,,true,228.000,67.533,104.685,116.364,223224.491,223492.745,223541.219,1480779,1172228,338198528,96215040,49984,1485847,2026-08-01T18:21:31.323857Z
R1,2371,saturated,,true,212.000,71.296,121.808,154.281,223240.579,223444.449,223467.400,1481226,1172453,338280448,96231424,49983,1486275,2026-08-01T18:21:31.323857Z
R1,2372,saturated,,true,238.000,64.480,108.828,127.035,223213.711,223439.750,223449.052,1481666,1172453,338395136,96272384,49979,1486752,2026-08-01T18:21:31.323857Z
R1,2373,saturated,,true,234.000,66.439,100.660,115.370,223248.588,223477.876,223496.717,1482157,1172784,338452480,96280576,49981,1487224,2026-08-01T18:21:31.323857Z
R1,2374,saturated,,true,236.000,64.687,108.594,133.270,223274.423,223497.805,223522.928,1482567,1173137,338550784,96313344,49982,1487693,2026-08-01T18:21:31.323857Z
R1,2375,saturated,,true,229.000,62.999,108.822,124.872,223281.999,223484.649,223529.066,1483007,1173373,338649088,96337920,49862,1488162,2026-08-01T18:21:31.323857Z
R1,2376,saturated,,true,236.000,66.209,105.856,117.872,223258.876,223525.789,223564.313,1483492,1173373,338722816,96337920,49861,1488634,2026-08-01T18:21:31.323857Z
R1,2377,saturated,,true,213.000,69.995,157.369,213.803,223353.138,223652.181,223708.551,1483961,1173719,338812928,96387072,49977,1489059,2026-08-01T18:21:31.323857Z
R1,2378,saturated,,true,238.000,66.489,99.826,110.882,223471.232,223694.947,223724.380,1484383,1174050,338903040,96403456,49853,1489536,2026-08-01T18:21:31.323857Z
R1,2379,saturated,,true,227.000,68.078,105.312,124.606,223556.419,223802.081,223835.651,1484851,1174050,338976768,96411648,49982,1489996,2026-08-01T18:21:31.323857Z
R1,2380,saturated,,true,218.000,70.165,110.130,120.128,223581.048,223802.730,223833.890,1485321,1174404,339091456,96452608,49882,1490439,2026-08-01T18:21:31.323857Z
R1,2381,saturated,,true,171.000,82.559,162.158,194.225,223288.540,223489.002,223548.794,1485746,1174635,339140608,96460800,49982,1490789,2026-08-01T18:21:31.323857Z
R1,2382,saturated,,true,227.000,67.191,109.035,122.978,223289.240,223528.869,223562.450,1486135,1174909,339206144,96485376,49982,1491237,2026-08-01T18:21:31.323857Z
R1,2383,saturated,,true,222.000,68.759,106.161,117.683,223154.505,223378.629,223488.713,1486565,1174832,339271680,96518144,49871,1491698,2026-08-01T18:22:31.554016Z
R1,2384,saturated,,true,235.000,66.579,104.080,130.392,223049.564,223279.511,223331.187,1487554,1175388,339271680,96526336,49982,1492149,2026-08-01T18:22:31.554016Z
R1,2385,saturated,,true,223.000,69.083,100.086,122.276,223022.350,223249.161,223262.651,1488029,1175725,339476480,96559104,49873,1492611,2026-08-01T18:22:31.554016Z
R1,2386,saturated,,true,235.000,65.925,106.861,116.177,223035.726,223247.806,223266.092,1488497,1175960,339501056,96575488,49864,1493078,2026-08-01T18:22:31.554016Z
R1,2387,saturated,,true,205.000,68.843,173.690,205.232,223163.139,223430.277,223453.620,1488919,1176305,339632128,96600064,49899,1493491,2026-08-01T18:22:31.554016Z
R1,2388,saturated,,true,235.000,65.011,96.816,114.241,223206.408,223442.748,223482.691,1489366,1176305,339714048,96624640,49862,1493962,2026-08-01T18:22:31.554016Z
R1,2389,saturated,,true,228.000,62.153,102.193,131.099,223257.050,223500.344,223520.065,1489844,1176627,339746816,96641024,49869,1494434,2026-08-01T18:22:31.554016Z
R1,2390,saturated,,true,235.000,68.028,105.821,123.599,223236.742,223516.558,223537.654,1490324,1176861,339902464,96665600,49863,1494894,2026-08-01T18:22:31.554016Z
R1,2391,saturated,,true,221.000,66.835,115.784,156.137,223252.111,223438.526,223489.081,1490788,1177207,339959808,96690176,49865,1495343,2026-08-01T18:22:31.554016Z
R1,2392,saturated,,true,236.000,68.988,99.871,116.019,223262.376,223493.460,223541.206,1491248,1177431,340008960,96706560,49872,1495810,2026-08-01T18:22:31.554016Z
R1,2393,saturated,,true,245.000,63.168,91.297,101.327,223283.729,223484.964,223510.386,1491717,1177667,340172800,96739328,49984,1496295,2026-08-01T18:22:31.554016Z
R1,2394,saturated,,true,227.000,67.129,104.955,118.424,223283.340,223511.196,223525.459,1492205,1177906,340205568,96755712,49865,1496768,2026-08-01T18:22:31.554016Z
R1,2395,saturated,,true,241.000,63.914,96.673,106.492,223231.401,223488.616,223520.626,1492672,1177906,340320256,96780288,49870,1497249,2026-08-01T18:22:31.554016Z
R1,2396,saturated,,true,240.000,66.380,98.583,119.010,223132.359,223365.648,223407.713,1493166,1178263,340426752,96804864,49867,1497723,2026-08-01T18:22:31.554016Z
R1,2397,saturated,,true,121.000,97.981,207.296,263.889,223270.382,223669.969,223773.603,1493257,1178498,340443136,96813056,49956,1497907,2026-08-01T18:22:31.554016Z
R1,2398,saturated,,true,171.000,68.531,376.821,470.480,223836.279,224117.465,224145.343,1493755,1178706,340459520,96845824,49871,1498326,2026-08-01T18:22:31.554016Z
R1,2399,saturated,,true,212.000,69.046,123.247,137.206,223793.859,223994.127,224020.496,1494192,1178918,340615168,96854016,49891,1498749,2026-08-01T18:22:31.554016Z
R1,2400,saturated,,true,219.000,69.737,114.266,121.177,223953.985,224205.750,224237.901,1494620,1179127,340680704,96886784,49989,1499192,2026-08-01T18:22:31.554016Z
R1,2401,saturated,,true,214.000,68.452,119.304,169.699,223943.867,224206.217,224244.538,1495031,1179349,340721664,96894976,49870,1499620,2026-08-01T18:22:31.554016Z
R1,2402,saturated,,true,230.000,66.089,100.139,124.442,223822.002,224081.633,224140.065,1495497,1179349,340869120,96919552,49869,1500086,2026-08-01T18:22:31.554016Z
R1,2403,saturated,,true,240.000,67.971,95.818,110.372,223844.164,224051.009,224077.339,1495989,1179678,340918272,96944128,49871,1500564,2026-08-01T18:22:31.554016Z
R1,2404,saturated,,true,222.000,65.337,103.818,117.505,223825.078,224073.616,224099.201,1496462,1179913,341016576,96968704,49881,1501016,2026-08-01T18:22:31.554016Z
R1,2405,saturated,,true,237.000,64.845,106.945,127.601,223806.749,224017.126,224038.945,1496936,1180256,341139456,96993280,49872,1501489,2026-08-01T18:22:31.554016Z
R1,2406,saturated,,true,221.000,65.267,115.038,136.108,223805.211,224049.215,224071.219,1497348,1180256,341164032,97009664,49876,1501945,2026-08-01T18:22:31.554016Z
R1,2407,saturated,,true,204.000,67.950,188.532,213.644,223932.076,224221.750,224277.055,1497774,1180604,341278720,97034240,49911,1502350,2026-08-01T18:22:31.554016Z
R1,2408,saturated,,true,217.000,70.726,115.324,146.470,224172.499,224368.391,224386.007,1498157,1180917,341377024,97050624,49882,1502785,2026-08-01T18:22:31.554016Z
R1,2409,saturated,,true,234.000,66.004,104.324,128.517,224135.840,224351.370,224385.883,1498579,1180917,341401600,97075200,49878,1503252,2026-08-01T18:22:31.554016Z
R1,2410,saturated,,true,231.000,67.990,111.594,128.076,224145.854,224356.943,224395.972,1499070,1181251,341524480,97107968,49882,1503720,2026-08-01T18:22:31.554016Z
R1,2411,saturated,,true,215.000,67.427,134.147,180.784,224218.343,224493.514,224507.794,1499488,1181602,341622784,97124352,49877,1504164,2026-08-01T18:22:31.554016Z
R1,2412,saturated,,true,210.000,69.888,117.459,136.345,224223.273,224441.325,224474.349,1499912,1181822,341647360,97140736,49887,1504577,2026-08-01T18:22:31.554016Z
R1,2413,saturated,,true,223.000,67.617,107.976,141.787,224310.798,224558.119,224576.009,1500363,1181822,341803008,97165312,49881,1505027,2026-08-01T18:22:31.554016Z
R1,2414,saturated,,true,203.000,74.271,122.908,137.285,224418.687,224698.680,224743.796,1500814,1182137,341860352,97181696,49889,1505438,2026-08-01T18:22:31.554016Z
R1,2415,saturated,,true,235.000,66.177,109.793,127.082,224481.946,224711.244,224745.025,1501266,1182456,341893120,97214464,49885,1505906,2026-08-01T18:22:31.554016Z
R1,2416,saturated,,true,222.000,67.423,106.650,127.073,224507.316,224728.829,224747.632,1501492,1182456,341991424,97222656,49886,1506134,2026-08-01T18:22:31.554016Z
R1,2417,saturated,,true,181.000,75.393,162.525,221.948,224651.069,224838.816,224927.769,1501966,1182801,342089728,97247232,49923,1506578,2026-08-01T18:22:31.554016Z
R1,2418,saturated,,true,236.000,63.797,91.999,113.618,224835.379,225068.201,225086.142,1502333,1182801,342114304,97247232,49882,1506965,2026-08-01T18:22:31.554016Z
R1,2419,saturated,,true,229.000,66.947,100.023,124.579,224865.787,225092.807,225137.694,1502804,1183098,342228992,97288192,49884,1507430,2026-08-01T18:22:31.554016Z
R1,2420,saturated,,true,237.000,68.033,102.842,117.878,224844.094,225040.901,225093.889,1503253,1183450,342335488,97312768,49884,1507894,2026-08-01T18:22:31.554016Z
R1,2421,saturated,,true,210.000,71.036,146.527,184.083,224987.545,225211.070,225237.647,1503708,1183680,342360064,97329152,49886,1508318,2026-08-01T18:22:31.554016Z
R1,2422,saturated,,true,233.000,65.714,104.835,121.655,224946.808,225183.094,225239.122,1504166,1183680,342499328,97361920,49888,1508794,2026-08-01T18:22:31.554016Z
R1,2423,saturated,,true,236.000,65.730,97.925,128.347,224854.619,225091.409,225108.263,1504654,1184009,342573056,97370112,49882,1509264,2026-08-01T18:22:31.554016Z
R1,2424,saturated,,true,226.000,68.721,100.621,118.466,224871.999,225102.852,225138.006,1505111,1184239,342630400,97394688,49892,1509734,2026-08-01T18:22:31.554016Z
R1,2425,saturated,,true,228.000,67.850,101.161,136.463,224986.786,225204.201,225224.580,1505532,1184593,342753280,97435648,49883,1510174,2026-08-01T18:22:31.554016Z
R1,2426,saturated,,true,232.000,65.641,103.596,122.015,224829.671,225047.789,225066.673,1506002,1184814,342818816,97443840,49886,1510650,2026-08-01T18:22:31.554016Z
R1,2427,saturated,,true,199.000,69.622,146.206,183.359,224857.233,225124.226,225160.183,1506463,1184814,342908928,97476608,49917,1511112,2026-08-01T18:22:31.554016Z
R1,2428,saturated,,true,240.000,62.897,105.642,119.602,224934.993,225165.005,225209.603,1506853,1185169,343007232,97501184,49885,1511528,2026-08-01T18:22:31.554016Z
R1,2429,saturated,,true,216.000,66.278,115.983,143.045,224960.202,225175.824,225209.287,1507299,1185487,343064576,97509376,49882,1511973,2026-08-01T18:22:31.554016Z
R1,2430,saturated,,true,237.000,68.764,99.865,115.575,224994.551,225231.645,225242.101,1507738,1185706,343154688,97542144,49889,1512436,2026-08-01T18:22:31.554016Z
R1,2431,saturated,,true,220.000,70.767,109.120,123.556,225060.823,225291.366,225306.804,1508208,1185942,343277568,97558528,49882,1512875,2026-08-01T18:22:31.554016Z
R1,2432,saturated,,true,233.000,64.167,97.616,130.197,225020.305,225277.629,225300.923,1508666,1186158,343310336,97583104,49884,1513350,2026-08-01T18:22:31.554016Z
R1,2433,saturated,,true,241.000,65.580,97.237,122.677,224853.935,225074.674,225103.419,1509129,1186158,343449600,97607680,49890,1513828,2026-08-01T18:22:31.554016Z
R1,2434,saturated,,true,228.000,67.107,100.404,112.123,224811.602,225042.368,225089.991,1509583,1186518,343523328,97624064,49888,1514301,2026-08-01T18:22:31.554016Z
R1,2435,saturated,,true,235.000,65.520,112.326,137.670,224827.620,225053.036,225098.741,1510074,1186750,343580672,97656832,49886,1514770,2026-08-01T18:22:31.554016Z
R1,2436,saturated,,true,235.000,65.234,101.347,119.602,224760.779,224956.898,224971.924,1510555,1187101,343711744,97681408,49893,1515244,2026-08-01T18:22:31.554016Z
R1,2437,saturated,,true,196.000,69.480,189.913,288.755,224816.300,225140.611,225179.308,1511015,1187101,343769088,97697792,49916,1515703,2026-08-01T18:22:31.554016Z
R1,2438,saturated,,true,239.000,65.064,104.303,133.389,224952.413,225166.861,225194.462,1511434,1187453,343834624,97722368,49886,1516110,2026-08-01T18:22:31.554016Z
R1,2439,saturated,,true,225.000,67.742,105.730,128.268,224978.852,225199.172,225234.796,1511886,1187768,343965696,97730560,49895,1516583,2026-08-01T18:22:31.554016Z
R1,2440,saturated,,true,213.000,71.077,124.945,139.709,225066.210,225293.420,225307.864,1512352,1187768,344014848,97771520,49902,1517030,2026-08-01T18:22:31.554016Z
R1,2441,saturated,,true,212.000,69.022,135.516,171.666,225219.695,225487.654,225499.806,1512785,1188115,344088576,97787904,49896,1517431,2026-08-01T18:22:31.554016Z
R1,2442,saturated,,true,221.000,72.021,105.673,115.967,225264.338,225518.070,225551.576,1513201,1188427,344219648,97804288,49897,1517882,2026-08-01T18:22:31.554016Z
R1,2443,saturated,,true,229.000,68.035,111.953,140.967,225223.825,225433.237,225447.489,1513034,1188099,344252416,97837056,49892,1518331,2026-08-01T18:23:31.422757Z
R1,2444,saturated,,true,219.000,69.468,110.924,121.137,225284.945,225506.019,225530.322,1513468,1188099,344416256,97837056,49898,1518782,2026-08-01T18:23:31.422757Z
R1,2445,saturated,,true,233.000,66.344,100.120,129.785,225311.701,225552.514,225582.514,1513930,1188434,344449024,97869824,49898,1519242,2026-08-01T18:23:31.422757Z
R1,2446,saturated,,true,232.000,67.317,106.986,117.413,225258.456,225522.002,225560.743,1514380,1188660,344481792,97902592,49892,1519706,2026-08-01T18:23:31.422757Z
R1,2447,saturated,,true,193.000,75.387,180.252,196.164,225232.474,225508.669,225565.120,1514867,1188889,344662016,97927168,49925,1520164,2026-08-01T18:23:31.422757Z
R1,2448,saturated,,true,228.000,65.333,111.736,130.066,225425.555,225645.824,225661.607,1515251,1189126,344686592,97951744,49901,1520562,2026-08-01T18:23:31.422757Z
R1,2449,saturated,,true,232.000,67.379,103.059,116.782,225471.268,225699.065,225718.109,1515718,1189434,344719360,97968128,49897,1521015,2026-08-01T18:23:31.422757Z
R1,2450,saturated,,true,221.000,70.348,116.198,140.926,225526.184,225740.298,225785.351,1516159,1189662,344907776,97992704,49897,1521468,2026-08-01T18:23:31.422757Z
R1,2451,saturated,,true,210.000,73.532,116.455,125.411,225595.478,225810.050,225821.290,1516564,1189885,344932352,98017280,49897,1521900,2026-08-01T18:23:31.422757Z
R1,2452,saturated,,true,212.000,68.660,115.423,138.729,225703.228,225923.574,225947.092,1516996,1189885,344989696,98033664,49912,1522341,2026-08-01T18:23:31.422757Z
R1,2453,saturated,,true,227.000,67.987,105.813,117.593,225717.630,225970.224,226011.792,1517425,1190208,345145344,98058240,49904,1522784,2026-08-01T18:23:31.422757Z
R1,2454,saturated,,true,224.000,69.542,106.895,140.342,225701.460,225934.324,225958.166,1517879,1190428,345169920,98074624,49899,1523234,2026-08-01T18:23:31.422757Z
R1,2455,saturated,,true,226.000,68.238,109.037,123.263,225717.904,225971.389,225991.041,1518352,1190651,345251840,98099200,49899,1523694,2026-08-01T18:23:31.422757Z
R1,2456,saturated,,true,233.000,67.197,108.538,114.635,225782.604,226022.759,226057.699,1518792,1190993,345391104,98131968,49901,1524153,2026-08-01T18:23:31.422757Z
R1,2457,saturated,,true,196.000,70.363,159.321,189.106,225750.268,226086.733,226106.140,1519218,1190993,345415680,98140160,49920,1524592,2026-08-01T18:23:31.422757Z
R1,2458,saturated,,true,238.000,65.113,110.993,125.903,225773.390,226002.997,226036.151,1519649,1191337,345530368,98172928,49902,1525022,2026-08-01T18:23:31.422757Z
R1,2459,saturated,,true,227.000,65.046,104.482,119.440,225774.073,226011.292,226039.781,1520087,1191653,345628672,98197504,49905,1525483,2026-08-01T18:23:31.422757Z
R1,2460,saturated,,true,229.000,68.925,108.583,148.046,225812.105,226038.999,226069.705,1520522,1191653,345653248,98205696,49897,1525945,2026-08-01T18:23:31.422757Z
R1,2461,saturated,,true,210.000,70.765,135.776,165.474,225830.359,226050.763,226088.127,1520955,1192001,345808896,98246656,49904,1526373,2026-08-01T18:23:31.422757Z
R1,2462,saturated,,true,236.000,65.257,101.555,116.655,225832.191,226058.683,226090.865,1521406,1192227,345874432,98254848,49900,1526840,2026-08-01T18:23:31.422757Z
R1,2463,saturated,,true,217.000,68.840,111.999,142.915,225660.975,225971.511,226025.993,1521886,1192557,345915392,98279424,49911,1527294,2026-08-01T18:23:31.422757Z
R1,2464,saturated,,true,222.000,70.959,123.887,140.592,225627.937,225880.134,225928.715,1522312,1192557,346071040,98304000,49910,1527721,2026-08-01T18:23:31.422757Z
R1,2465,saturated,,true,225.000,70.758,108.612,137.436,225718.122,225924.738,225969.818,1522763,1192893,346112000,98320384,49910,1528182,2026-08-01T18:23:31.422757Z
R1,2466,saturated,,true,215.000,68.490,119.733,141.558,225705.290,225958.193,225996.405,1523221,1193112,346161152,98353152,49908,1528620,2026-08-01T18:23:31.422757Z
R1,2467,saturated,,true,199.000,70.717,158.713,248.523,225599.825,225819.606,225907.808,1523674,1193333,346324992,98361344,49921,1529046,2026-08-01T18:23:31.422757Z
R1,2468,saturated,,true,218.000,71.648,114.357,125.902,225758.265,225981.525,226033.486,1524083,1193555,346357760,98385920,49913,1529469,2026-08-01T18:23:31.422757Z
R1,2469,saturated,,true,235.000,64.358,98.780,109.437,225817.579,226047.983,226061.151,1524540,1193870,346415104,98410496,49908,1529921,2026-08-01T18:23:31.422757Z
R1,2470,saturated,,true,226.000,69.213,118.798,143.435,225795.432,226028.034,226048.962,1525025,1194095,346562560,98426880,49914,1530385,2026-08-01T18:23:31.422757Z
R1,2471,saturated,,true,212.000,72.759,110.292,123.363,225935.114,226149.017,226195.724,1525470,1194095,346595328,98459648,49908,1530809,2026-08-01T18:23:31.422757Z
R1,2472,saturated,,true,210.000,72.910,131.032,150.065,225850.712,226147.613,226175.328,1525908,1194435,346669056,98467840,49913,1531238,2026-08-01T18:23:31.422757Z
R1,2473,saturated,,true,216.000,70.356,112.659,139.855,225686.981,225970.174,225986.150,1526358,1194638,346800128,98500608,49918,1531685,2026-08-01T18:23:31.422757Z
R1,2474,saturated,,true,203.000,73.622,118.008,135.668,225752.081,225978.778,226044.206,1526764,1194970,346832896,98516992,49926,1532109,2026-08-01T18:23:31.422757Z
R1,2475,saturated,,true,215.000,73.513,111.780,131.692,225863.351,226084.621,226109.774,1527189,1194970,346906624,98533376,49921,1532529,2026-08-01T18:23:31.422757Z
R1,2476,saturated,,true,224.000,68.898,107.485,126.617,225926.233,226151.016,226196.982,1527609,1195277,347037696,98549760,49912,1532969,2026-08-01T18:23:31.422757Z
R1,2477,saturated,,true,190.000,73.280,173.908,202.646,225995.273,226232.052,226275.041,1528072,1195611,347078656,98574336,49935,1533395,2026-08-01T18:23:31.422757Z
R1,2478,saturated,,true,225.000,65.999,100.163,114.725,226066.478,226299.569,226320.380,1528467,1195819,347160576,98607104,49913,1533807,2026-08-01T18:23:31.422757Z
R1,2479,saturated,,true,230.000,64.529,101.108,136.887,226182.433,226388.394,226406.218,1528935,1196027,347291648,98615296,49913,1534258,2026-08-01T18:23:31.422757Z
R1,2480,saturated,,true,226.000,67.818,104.701,135.206,226182.148,226438.480,226474.682,1529377,1196027,347316224,98639872,49912,1534713,2026-08-01T18:23:31.422757Z
R1,2481,saturated,,true,207.000,69.419,149.427,202.941,226301.854,226569.743,226593.067,1529794,1196367,347439104,98664448,49916,1535130,2026-08-01T18:23:31.422757Z
R1,2482,saturated,,true,225.000,69.560,115.369,139.743,226413.600,226636.736,226640.190,1530200,1196686,347529216,98680832,49914,1535589,2026-08-01T18:23:31.422757Z
R1,2483,saturated,,true,221.000,68.893,112.511,135.549,226439.137,226665.003,226686.088,1530644,1196912,347561984,98713600,49921,1536032,2026-08-01T18:23:31.422757Z
R1,2484,saturated,,true,217.000,69.475,119.615,130.155,226389.353,226626.346,226657.481,1531034,1196912,347684864,98729984,49923,1536478,2026-08-01T18:23:31.422757Z
R1,2485,saturated,,true,216.000,72.138,120.627,139.767,226461.683,226697.258,226722.511,1531476,1197249,347774976,98754560,49923,1536914,2026-08-01T18:23:31.422757Z
R1,2486,saturated,,true,225.000,67.519,108.583,132.361,226511.524,226738.730,226763.603,1531897,1197575,347807744,98779136,49918,1537355,2026-08-01T18:23:31.422757Z
R1,2487,saturated,,true,193.000,73.897,152.808,235.131,226641.753,226911.279,226948.934,1532354,1197793,347938816,98787328,49930,1537765,2026-08-01T18:23:31.422757Z
R1,2488,saturated,,true,227.000,67.324,104.784,118.113,226657.527,226900.031,226930.466,1532754,1197996,348012544,98828288,49917,1538198,2026-08-01T18:23:31.422757Z
R1,2489,saturated,,true,224.000,69.130,108.676,121.992,226692.432,226896.315,226938.931,1533228,1197996,348045312,98844672,49915,1538654,2026-08-01T18:23:31.422757Z
R1,2490,saturated,,true,220.000,70.707,108.550,124.965,226648.760,226880.029,226898.591,1533673,1198326,348192768,98861056,49919,1539101,2026-08-01T18:23:31.422757Z
R1,2491,saturated,,true,214.000,72.268,137.627,168.510,226749.933,226992.835,227031.713,1534122,1198550,348250112,98885632,49916,1539517,2026-08-01T18:23:31.422757Z
R1,2492,saturated,,true,227.000,66.866,97.325,101.982,226826.338,227029.502,227058.890,1534541,1198764,348299264,98902016,49922,1539990,2026-08-01T18:23:31.422757Z
R1,2493,saturated,,true,232.000,70.010,113.265,140.768,226820.413,227043.778,227074.789,1535005,1199102,348446720,98934784,49922,1540447,2026-08-01T18:23:31.422757Z
R1,2494,saturated,,true,225.000,67.114,102.812,120.698,226772.053,227063.702,227083.170,1535467,1199331,348495872,98951168,49930,1540913,2026-08-01T18:23:31.422757Z
R1,2495,saturated,,true,217.000,69.628,116.202,128.744,226777.425,227000.421,227024.141,1535913,1199331,348585984,98975744,49928,1541353,2026-08-01T18:23:31.422757Z
R1,2496,saturated,,true,229.000,69.318,103.908,124.356,226837.110,227062.281,227094.816,1536339,1199666,348692480,99000320,49923,1541801,2026-08-01T18:23:31.422757Z
R1,2497,saturated,,true,190.000,74.304,181.848,254.560,226909.342,227187.243,227234.064,1536807,1200004,348733440,99008512,49930,1542212,2026-08-01T18:23:31.422757Z
R1,2498,saturated,,true,233.000,67.188,111.696,123.312,226925.044,227162.598,227251.376,1537181,1200210,348831744,99041280,49922,1542658,2026-08-01T18:23:31.422757Z
R1,2499,saturated,,true,229.000,66.861,110.418,136.665,226926.240,227150.955,227196.351,1537617,1200317,348946432,99057664,49926,1543115,2026-08-01T18:23:31.422757Z
R1,2500,saturated,,true,218.000,69.656,110.740,123.551,226966.247,227199.793,227225.508,1538100,1200660,348979200,99082240,49937,1543574,2026-08-01T18:23:31.422757Z
R1,2501,saturated,,true,189.000,75.224,164.729,221.921,227138.781,227382.881,227421.843,1538487,1200889,349093888,99098624,49930,1543950,2026-08-01T18:23:31.422757Z
R1,2502,saturated,,true,225.000,70.667,108.358,139.523,227230.215,227448.652,227470.663,1538901,1200889,349175808,99115008,49929,1544393,2026-08-01T18:23:31.422757Z
R1,2503,saturated,,true,199.000,73.589,141.150,194.447,227405.600,227665.118,227697.358,1539384,1201301,349216768,99139584,49926,1544793,2026-08-01T18:24:31.470062Z
R1,2504,saturated,,true,215.000,73.747,110.880,143.085,227509.327,227730.356,227750.986,1539812,1201526,349216768,99155968,49932,1545233,2026-08-01T18:24:31.470062Z
R1,2505,saturated,,true,214.000,70.750,111.307,128.658,227442.359,227667.396,227789.943,1540252,1201834,349413376,99188736,49937,1545677,2026-08-01T18:24:31.470062Z
R1,2506,saturated,,true,225.000,71.144,110.588,127.086,227507.030,227710.091,227717.556,1540700,1202055,349437952,99205120,49930,1546109,2026-08-01T18:24:31.470062Z
R1,2507,saturated,,true,195.000,74.591,174.923,222.394,227556.033,227817.253,227885.039,1541129,1202055,349552640,99221504,49941,1546522,2026-08-01T18:24:31.470062Z
R1,2508,saturated,,true,228.000,68.849,102.433,119.719,227671.807,227903.909,227931.126,1541527,1202388,349650944,99254272,49926,1546964,2026-08-01T18:24:31.470062Z
R1,2509,saturated,,true,230.000,70.707,103.850,116.675,227626.158,227824.153,227871.096,1541996,1202695,349675520,99262464,49926,1547429,2026-08-01T18:24:31.470062Z
R1,2510,saturated,,true,227.000,68.265,108.810,130.478,227665.215,227903.711,227918.402,1542459,1202927,349831168,99295232,49928,1547877,2026-08-01T18:24:31.470062Z
R1,2511,saturated,,true,214.000,71.049,133.359,158.384,227803.936,228060.384,228089.932,1542886,1203149,349888512,99319808,49927,1548302,2026-08-01T18:24:31.470062Z
R1,2512,saturated,,true,224.000,69.300,101.661,112.973,227848.576,228080.143,228097.400,1543343,1203149,349921280,99336192,49930,1548766,2026-08-01T18:24:31.470062Z
R1,2513,saturated,,true,230.000,66.147,99.953,125.304,227834.944,228070.283,228102.438,1543819,1203480,350093312,99360768,49928,1549221,2026-08-01T18:24:31.470062Z
R1,2514,saturated,,true,226.000,69.439,112.067,125.748,227849.053,228086.186,228109.536,1544235,1203703,350134272,99377152,49933,1549677,2026-08-01T18:24:31.470062Z
R1,2515,saturated,,true,229.000,67.677,102.767,116.830,227810.823,228084.972,228122.317,1544699,1204047,350175232,99409920,49935,1550140,2026-08-01T18:24:31.470062Z
R1,2516,saturated,,true,224.000,69.069,108.504,132.882,227793.491,228017.027,228052.623,1545142,1204277,350355456,99426304,49938,1550593,2026-08-01T18:24:31.470062Z
R1,2517,saturated,,true,189.000,72.606,144.814,193.884,227918.987,228143.702,228180.443,1545577,1204277,350380032,99442688,49940,1550985,2026-08-01T18:24:31.470062Z
R1,2518,saturated,,true,228.000,69.632,110.077,132.609,228021.675,228236.155,228251.184,1545979,1204613,350420992,99475456,49941,1551440,2026-08-01T18:24:31.470062Z
R1,2519,saturated,,true,229.000,64.871,97.562,117.909,227986.615,228254.916,228306.859,1546413,1204925,350593024,99483648,49935,1551898,2026-08-01T18:24:31.470062Z
R1,2520,saturated,,true,228.000,66.992,116.749,147.058,227874.301,228176.546,228221.870,1546884,1205152,350617600,99516416,49938,1552357,2026-08-01T18:24:31.470062Z
R1,2521,saturated,,true,214.000,69.567,110.455,123.870,227941.203,228159.443,228196.777,1547311,1205380,350691328,99540992,49938,1552787,2026-08-01T18:24:31.470062Z
R1,2522,saturated,,true,228.000,67.934,100.894,153.966,227921.353,228150.315,228200.234,1547769,1205380,350822400,99549184,49940,1553241,2026-08-01T18:24:31.470062Z
R1,2523,saturated,,true,225.000,70.184,103.978,123.613,227846.647,228074.544,228098.117,1548213,1205708,350863360,99573760,49940,1553707,2026-08-01T18:24:31.470062Z
R1,2524,saturated,,true,227.000,65.256,100.643,155.601,227883.760,228117.378,228142.400,1548687,1205936,351002624,99606528,49941,1554170,2026-08-01T18:24:31.470062Z
R1,2525,saturated,,true,231.000,67.155,108.806,122.752,227807.514,228106.880,228134.004,1549158,1206163,351076352,99622912,49941,1554620,2026-08-01T18:24:31.470062Z
R1,2526,saturated,,true,225.000,67.814,108.037,122.978,227732.891,227951.274,227971.150,1549624,1206507,351125504,99655680,49938,1555080,2026-08-01T18:24:31.470062Z
R1,2527,saturated,,true,197.000,77.930,120.744,149.681,227831.666,228085.168,228133.951,1550043,1206734,351240192,99663872,49949,1555487,2026-08-01T18:24:31.470062Z
R1,2528,saturated,,true,214.000,71.002,119.705,148.439,228000.367,228219.235,228262.981,1550446,1206936,351313920,99688448,49941,1555907,2026-08-01T18:24:31.470062Z
R1,2529,saturated,,true,227.000,67.203,107.295,120.317,228035.899,228245.593,228277.936,1550862,1206936,351354880,99696640,49936,1556354,2026-08-01T18:24:31.470062Z
R1,2530,saturated,,true,224.000,65.892,104.428,124.466,227895.648,228118.286,228206.399,1551339,1207253,351510528,99737600,49945,1556814,2026-08-01T18:24:31.470062Z
R1,2531,saturated,,true,213.000,75.489,114.440,134.436,228009.937,228224.870,228249.574,1551789,1207597,351559680,99762176,49948,1557247,2026-08-01T18:24:31.470062Z
R1,2532,saturated,,true,199.000,76.390,127.816,161.231,227964.377,228301.190,228332.163,1552219,1207815,351600640,99762176,49951,1557651,2026-08-01T18:24:31.470062Z
R1,2533,saturated,,true,224.000,68.203,115.685,130.948,227910.706,228136.405,228169.659,1552647,1208018,351756288,99794944,49945,1558098,2026-08-01T18:24:31.470062Z
R1,2534,saturated,,true,195.000,76.932,124.313,143.838,227889.242,228134.410,228149.726,1553080,1208018,351797248,99811328,49949,1558505,2026-08-01T18:24:31.470062Z
R1,2535,saturated,,true,222.000,66.668,109.068,128.443,227982.771,228239.307,228266.843,1553479,1208346,351838208,99835904,49943,1558936,2026-08-01T18:24:31.470062Z
R1,2536,saturated,,true,224.000,71.675,105.596,129.040,227665.442,227914.873,227968.825,1553941,1208654,351985664,99860480,49950,1559394,2026-08-01T18:24:31.470062Z
R1,2537,saturated,,true,185.000,78.528,179.895,251.955,227550.097,227804.032,227845.869,1554342,1208885,352034816,99876864,49954,1559768,2026-08-01T18:24:31.470062Z
R1,2538,saturated,,true,233.000,70.569,106.913,120.304,227585.919,227835.809,227861.370,1554742,1208885,352075776,99901440,49949,1560222,2026-08-01T18:24:31.470062Z
R1,2539,saturated,,true,225.000,69.263,103.257,119.867,227569.396,227805.427,227848.428,1555189,1209179,352223232,99917824,49943,1560672,2026-08-01T18:24:31.470062Z
R1,2540,saturated,,true,216.000,68.075,106.856,146.784,227579.833,227815.306,227841.186,1555657,1209411,352272384,99942400,49949,1561119,2026-08-01T18:24:31.470062Z
R1,2541,saturated,,true,213.000,73.818,137.795,164.724,227740.698,227987.537,228002.813,1556065,1209632,352337920,99966976,49950,1561546,2026-08-01T18:24:31.470062Z
R1,2542,saturated,,true,229.000,69.231,108.026,121.511,227778.957,228017.465,228045.826,1556503,1209954,352477184,99991552,49950,1562003,2026-08-01T18:24:31.470062Z
R1,2543,saturated,,true,229.000,70.231,112.434,124.918,227812.889,228053.496,228103.262,1556970,1209954,352518144,100016128,49952,1562464,2026-08-01T18:24:31.470062Z
R1,2544,saturated,,true,218.000,69.148,112.993,127.485,227859.099,228080.241,228095.766,1557402,1210294,352616448,100032512,49953,1562906,2026-08-01T18:24:31.470062Z
R1,2545,saturated,,true,220.000,68.428,111.400,135.945,227914.245,228183.158,228196.645,1557834,1210526,352722944,100057088,49953,1563349,2026-08-01T18:24:31.470062Z
R1,2546,saturated,,true,229.000,69.154,107.134,134.779,227906.676,228139.478,228186.576,1558273,1210852,352755712,100081664,49950,1563805,2026-08-01T18:24:31.470062Z
R1,2547,saturated,,true,194.000,73.610,166.074,211.990,227938.720,228175.848,228180.520,1558723,1211079,352862208,100098048,49951,1564204,2026-08-01T18:24:31.470062Z
R1,2548,saturated,,true,231.000,68.180,99.031,116.158,228081.712,228294.217,228317.776,1559118,1211079,352968704,100130816,49951,1564665,2026-08-01T18:24:31.470062Z
R1,2549,saturated,,true,219.000,66.640,113.035,123.339,228046.919,228299.940,228326.419,1559586,1211390,353001472,100130816,49959,1565120,2026-08-01T18:24:31.470062Z
R1,2550,saturated,,true,224.000,71.320,111.043,127.801,228025.940,228223.711,228254.950,1560042,1211732,353107968,100163584,49951,1565552,2026-08-01T18:24:31.470062Z
R1,2551,saturated,,true,206.000,68.484,142.058,190.561,228091.835,228341.327,228394.374,1560472,1211839,353206272,100188160,49954,1565971,2026-08-01T18:24:31.470062Z
R1,2552,saturated,,true,230.000,67.018,115.797,136.991,228144.314,228359.623,228376.170,1560851,1212160,353255424,100204544,49951,1566425,2026-08-01T18:24:31.470062Z
R1,2553,saturated,,true,221.000,69.453,102.201,116.664,228184.732,228387.186,228441.060,1561323,1212381,353361920,100237312,49953,1566886,2026-08-01T18:24:31.470062Z
R1,2554,saturated,,true,239.000,66.160,102.772,124.948,228143.837,228380.904,228422.027,1561771,1212381,353460224,100253696,49953,1567351,2026-08-01T18:24:31.470062Z
R1,2555,saturated,,true,223.000,68.859,100.837,118.010,228209.346,228433.917,228457.397,1562247,1212723,353525760,100270080,49956,1567810,2026-08-01T18:24:31.470062Z
R1,2556,saturated,,true,227.000,69.573,103.984,119.451,228111.692,228345.475,228369.663,1562717,1212954,353648640,100294656,49956,1568264,2026-08-01T18:24:31.470062Z
R1,2557,saturated,,true,193.000,77.249,138.626,210.396,228231.440,228515.949,228549.235,1563171,1213296,353697792,100319232,49960,1568657,2026-08-01T18:24:31.470062Z
R1,2558,saturated,,true,225.000,67.000,109.044,126.541,228326.991,228555.559,228585.355,1563559,1213296,353763328,100343808,49956,1569113,2026-08-01T18:24:31.470062Z
R1,2559,saturated,,true,224.000,65.286,113.995,148.936,228282.281,228500.049,228534.679,1564029,1213605,353886208,100360192,49957,1569555,2026-08-01T18:24:31.470062Z
R1,2560,saturated,,true,217.000,71.513,112.221,129.407,228313.098,228528.682,228570.877,1564491,1213832,353943552,100384768,49959,1569998,2026-08-01T18:24:31.470062Z
R1,2561,saturated,,true,193.000,82.254,132.510,166.931,228439.318,228677.869,228714.938,1564904,1214055,354000896,100401152,49961,1570387,2026-08-01T18:24:31.470062Z
R1,2562,saturated,,true,220.000,71.016,103.189,123.772,228597.933,228814.167,228865.656,1565337,1214355,354131968,100425728,49961,1570829,2026-08-01T18:24:31.470062Z
R1,2563,saturated,,true,221.000,69.902,113.196,140.655,228581.393,228802.074,228842.884,1565737,1214303,354172928,100450304,49960,1571272,2026-08-01T18:25:31.495558Z
R1,2564,saturated,,true,210.000,74.777,113.861,117.739,228486.894,228673.406,228701.514,1566147,1214634,354353152,100458496,49965,1571703,2026-08-01T18:25:31.495558Z
R1,2565,saturated,,true,217.000,73.041,112.323,137.416,228455.845,228683.931,228724.598,1566553,1214958,354377728,100483072,49960,1572129,2026-08-01T18:25:31.495558Z
R1,2566,saturated,,true,222.000,69.047,103.462,130.981,228252.051,228679.949,228719.030,1566981,1215170,354402304,100507648,49959,1572585,2026-08-01T18:25:31.495558Z
R1,2567,saturated,,true,188.000,70.071,153.780,197.881,228275.244,228511.332,228556.770,1567397,1215170,354590720,100532224,49965,1572963,2026-08-01T18:25:31.495558Z
R1,2568,saturated,,true,217.000,71.177,124.018,144.394,228411.384,228647.761,228671.201,1567785,1215508,354615296,100548608,49965,1573396,2026-08-01T18:25:31.495558Z
R1,2569,saturated,,true,225.000,69.671,105.019,127.159,228219.128,228597.322,228631.238,1568218,1215686,354639872,100564992,49961,1573846,2026-08-01T18:25:31.495558Z
R1,2570,saturated,,true,223.000,69.776,103.783,124.810,227974.223,228184.233,228203.435,1568675,1215911,354828288,100597760,49967,1574300,2026-08-01T18:25:31.495558Z
R1,2571,saturated,,true,206.000,73.333,139.486,160.299,228027.274,228269.445,228282.605,1569094,1216250,354852864,100605952,49961,1574704,2026-08-01T18:25:31.495558Z
R1,2572,saturated,,true,226.000,71.046,114.937,127.001,228102.953,228317.899,228348.663,1569539,1216451,354902016,100630528,49965,1575164,2026-08-01T18:25:31.495558Z
R1,2573,saturated,,true,224.000,66.391,115.483,146.731,228102.910,228323.305,228367.216,1570006,1216451,355074048,100663296,49964,1575612,2026-08-01T18:25:31.495558Z
R1,2574,saturated,,true,222.000,68.104,111.502,133.613,227556.779,228057.165,228089.070,1570424,1216790,355098624,100671488,49963,1576059,2026-08-01T18:25:31.495558Z
R1,2575,saturated,,true,217.000,66.929,109.887,161.742,227266.568,227600.625,227647.750,1570873,1217019,355164160,100712448,49966,1576503,2026-08-01T18:25:31.495558Z
R1,2576,saturated,,true,225.000,69.764,106.634,150.076,227136.229,227365.873,227420.541,1571331,1217345,355311616,100720640,49962,1576944,2026-08-01T18:25:31.495558Z
R1,2577,saturated,,true,187.000,71.938,179.412,226.460,227222.834,227481.702,227526.615,1571780,1217567,355336192,100737024,49967,1577340,2026-08-01T18:25:31.495558Z
R1,2578,saturated,,true,230.000,69.703,116.047,146.085,227174.205,227464.331,227484.623,1572149,1217766,355434496,100777984,49963,1577787,2026-08-01T18:25:31.495558Z
R1,2579,saturated,,true,218.000,69.123,113.137,138.919,227113.295,227375.293,227400.955,1572626,1217984,355549184,100786176,49966,1578226,2026-08-01T18:25:31.495558Z
R1,2580,saturated,,true,207.000,76.009,121.501,143.950,226890.597,227171.975,227220.809,1573003,1217984,355573760,100810752,49967,1578643,2026-08-01T18:25:31.495558Z
R1,2581,saturated,,true,197.000,77.276,128.384,143.277,226980.646,227217.968,227246.059,1573423,1218305,355663872,100818944,49963,1579045,2026-08-01T18:25:31.495558Z
R1,2582,saturated,,true,229.000,73.038,106.188,118.928,226924.931,227114.905,227135.965,1573835,1218503,355786752,100851712,49964,1579496,2026-08-01T18:25:31.495558Z
R1,2583,saturated,,true,226.000,69.035,112.946,133.020,226891.805,227163.589,227198.919,1574304,1218726,355819520,100876288,49969,1579959,2026-08-01T18:25:31.495558Z
R1,2584,saturated,,true,216.000,71.091,102.855,114.790,226955.865,227145.948,227196.171,1574721,1218952,355975168,100900864,49967,1580397,2026-08-01T18:25:31.495558Z
R1,2585,saturated,,true,220.000,69.626,123.490,148.186,226792.365,227009.571,227067.595,1575174,1219283,356032512,100925440,49970,1580843,2026-08-01T18:25:31.495558Z
R1,2586,saturated,,true,217.000,73.804,120.402,142.298,226844.834,227084.995,227114.250,1575622,1219508,356057088,100933632,49971,1581276,2026-08-01T18:25:31.495558Z
R1,2587,saturated,,true,194.000,74.394,173.820,219.485,226876.082,227068.806,227193.334,1576072,1219724,356171776,100966400,49966,1581665,2026-08-01T18:25:31.495558Z
R1,2588,saturated,,true,219.000,71.102,109.530,136.486,226990.863,227218.992,227240.560,1576455,1219724,356270080,100990976,49969,1582106,2026-08-01T18:25:31.495558Z
R1,2589,saturated,,true,223.000,68.811,107.734,125.647,227036.550,227253.936,227288.815,1576914,1220027,356302848,101007360,49970,1582556,2026-08-01T18:25:31.495558Z
R1,2590,saturated,,true,222.000,71.227,111.552,137.216,227034.911,227266.175,227286.954,1577373,1220358,356458496,101040128,49972,1583002,2026-08-01T18:25:31.495558Z
R1,2591,saturated,,true,204.000,74.055,112.192,148.178,227136.428,227370.770,227407.585,1577790,1220358,356507648,101040128,49971,1583414,2026-08-01T18:25:31.495558Z
R1,2592,saturated,,true,202.000,76.784,127.047,149.203,227183.182,227393.112,227430.585,1578182,1220676,356540416,101072896,49967,1583807,2026-08-01T18:25:31.495558Z
R1,2593,saturated,,true,218.000,73.393,109.181,121.943,227206.328,227416.894,227433.387,1578621,1220981,356687872,101081088,49970,1584254,2026-08-01T18:25:31.495558Z
R1,2594,saturated,,true,196.000,75.474,123.228,177.054,227281.486,227506.382,227529.147,1579065,1220981,356745216,101113856,49972,1584661,2026-08-01T18:25:31.495558Z
R1,2595,saturated,,true,206.000,77.270,131.127,139.263,227276.417,227576.317,227609.960,1579478,1221314,356777984,101130240,49972,1585063,2026-08-01T18:25:31.495558Z
R1,2596,saturated,,true,133.000,90.296,338.545,408.045,227382.085,227905.837,227909.389,1579796,1221606,356859904,101146624,49940,1585357,2026-08-01T18:25:31.495558Z
R1,2597,saturated,,true,152.000,98.700,222.378,275.985,227932.809,228314.594,228361.303,1580072,1221606,356958208,101163008,49916,1585650,2026-08-01T18:25:31.495558Z
R1,2598,saturated,,true,223.000,70.041,113.374,142.980,228136.698,228360.217,228382.390,1580403,1221836,356990976,101179392,49976,1586087,2026-08-01T18:25:31.495558Z
R1,2599,saturated,,true,197.000,72.271,109.376,132.045,228146.883,228354.347,228371.861,1580840,1222117,357056512,101212160,49889,1586527,2026-08-01T18:25:31.495558Z
R1,2600,saturated,,true,179.000,84.712,218.271,252.491,228295.906,228552.935,228591.224,1581238,1222335,357171200,101236736,49892,1586875,2026-08-01T18:25:31.495558Z
R1,2601,saturated,,true,118.000,127.475,301.528,328.462,228662.628,228918.492,228982.710,1581566,1222335,357220352,101244928,49932,1587122,2026-08-01T18:25:31.495558Z
R1,2602,saturated,,true,94.000,155.851,259.975,300.402,229134.103,229367.837,229398.721,1581779,1222569,357236736,101253120,49959,1587321,2026-08-01T18:25:31.495558Z
R1,2603,saturated,,true,116.000,108.164,399.898,493.124,229744.483,229960.408,230009.039,1581926,1222687,357244928,101261312,49923,1587540,2026-08-01T18:25:31.495558Z
R1,2604,saturated,,true,92.000,167.923,310.870,360.398,230378.564,230746.431,230760.322,1582180,1222841,357294080,101261312,49953,1587730,2026-08-01T18:25:31.495558Z
R1,2605,saturated,,true,152.000,96.901,200.122,223.928,230839.411,231118.240,231133.306,1582396,1222841,357367808,101285888,49898,1588023,2026-08-01T18:25:31.495558Z
R1,2606,saturated,,true,215.000,74.301,135.102,183.925,231044.166,231273.184,231307.422,1582769,1222989,357457920,101302272,49976,1588446,2026-08-01T18:25:31.495558Z
R1,2607,saturated,,true,88.000,121.339,490.144,566.866,231243.635,231505.684,231805.882,1583151,1223286,357474304,101310464,49959,1588653,2026-08-01T18:25:31.495558Z
R1,2608,saturated,,true,145.000,101.368,233.372,294.296,231909.727,232201.756,232228.395,1583344,1223286,357498880,101335040,49906,1588925,2026-08-01T18:25:31.495558Z
R1,2609,saturated,,true,156.000,91.823,194.069,217.619,232154.751,232430.198,232498.703,1583626,1223443,357605376,101343232,49925,1589233,2026-08-01T18:25:31.495558Z
R1,2610,saturated,,true,187.000,78.410,156.213,216.610,232452.370,232704.918,232738.465,1583940,1223620,357687296,101367808,49886,1589605,2026-08-01T18:25:31.495558Z
R1,2611,saturated,,true,183.000,80.689,157.648,176.565,232651.472,232912.063,232955.494,1584325,1223875,357711872,101376000,49889,1589984,2026-08-01T18:25:31.495558Z
R1,2612,saturated,,true,178.000,84.933,147.126,203.428,232818.676,233085.603,233129.329,1584715,1224056,357801984,101400576,49904,1590354,2026-08-01T18:25:31.495558Z
R1,2613,saturated,,true,125.000,122.196,281.179,317.616,233302.990,233481.389,233490.156,1585019,1224242,357867520,101416960,49931,1590598,2026-08-01T18:25:31.495558Z
R1,2614,saturated,,true,140.000,113.282,184.316,206.575,233665.535,233878.204,233938.451,1585285,1224242,357933056,101425152,49921,1590881,2026-08-01T18:25:31.495558Z
R1,2615,saturated,,true,193.000,84.400,140.597,177.752,233747.415,233967.500,233996.910,1585636,1224433,357949440,101449728,49890,1591256,2026-08-01T18:25:31.495558Z
R1,2616,saturated,,true,177.000,86.573,151.558,248.741,233811.641,234026.445,234062.403,1585991,1224693,358031360,101457920,49906,1591617,2026-08-01T18:25:31.495558Z
R1,2617,saturated,,true,128.000,99.375,267.719,324.022,234036.881,234450.738,234499.585,1586259,1224693,358105088,101490688,49949,1591883,2026-08-01T18:25:31.495558Z
R1,2618,saturated,,true,166.000,96.400,186.245,234.203,234472.257,234732.666,234763.183,1586542,1224958,358162432,101490688,49895,1592214,2026-08-01T18:25:31.495558Z
R1,2619,saturated,,true,164.000,92.886,197.845,229.264,234725.132,234993.289,235020.069,1586901,1225071,358203392,101507072,49929,1592538,2026-08-01T18:25:31.495558Z
R1,2620,saturated,,true,167.000,86.739,148.099,200.522,234919.218,235230.602,235298.496,1587239,1225264,358277120,101515264,49916,1592899,2026-08-01T18:25:31.495558Z
R1,2621,saturated,,true,139.000,113.185,280.020,326.782,235371.652,235601.453,235616.353,1587543,1225427,358350848,101548032,49910,1593161,2026-08-01T18:25:31.495558Z
R1,2622,saturated,,true,161.000,83.401,238.102,303.034,235626.835,235911.603,235933.696,1587881,1225642,358400000,101556224,49939,1593487,2026-08-01T18:25:31.495558Z
R1,2623,saturated,,true,176.000,86.208,171.798,220.884,235874.833,236132.449,236147.475,1588290,1225823,358432768,101572608,49899,1593843,2026-08-01T18:26:31.782Z
R1,2624,saturated,,true,150.000,92.546,192.291,298.348,236058.094,236417.532,236477.487,1589997,1224870,358432768,101588992,49942,1594163,2026-08-01T18:26:31.782Z
R1,2625,saturated,,true,117.000,125.640,302.347,334.245,236600.104,236969.445,236994.321,1590257,1225065,358547456,101605376,49952,1594374,2026-08-01T18:26:31.782Z
R1,2626,saturated,,true,177.000,79.747,165.301,211.600,236952.048,237257.750,237276.357,1590550,1225234,358612992,101621760,49904,1594742,2026-08-01T18:26:31.782Z
R1,2627,saturated,,true,173.000,83.912,222.730,274.128,237193.092,237471.301,237490.590,1590883,1225415,358637568,101629952,49934,1595086,2026-08-01T18:26:31.782Z
R1,2628,saturated,,true,210.000,73.801,124.025,162.816,237361.153,237612.297,237640.495,1591247,1225585,358670336,101654528,49887,1595506,2026-08-01T18:26:31.782Z
R1,2629,saturated,,true,191.000,76.588,137.537,177.260,237437.619,237719.074,237742.135,1591676,1225797,358842368,101670912,49897,1595895,2026-08-01T18:26:31.782Z
R1,2630,saturated,,true,204.000,77.855,131.747,152.350,237649.149,237857.588,237901.103,1592078,1225797,358866944,101703680,49897,1596312,2026-08-01T18:26:31.782Z
R1,2631,saturated,,true,197.000,78.134,156.062,191.072,237828.169,238083.805,238123.113,1592488,1226090,358891520,101703680,49893,1596698,2026-08-01T18:26:31.782Z
R1,2632,saturated,,true,211.000,74.695,121.556,141.713,237899.617,238138.382,238158.223,1592901,1226391,359079936,101744640,49891,1597130,2026-08-01T18:26:31.782Z
R1,2633,saturated,,true,211.000,72.136,121.072,132.835,238044.177,238277.816,238308.799,1593341,1226603,359104512,101752832,49894,1597551,2026-08-01T18:26:31.782Z
R1,2634,saturated,,true,214.000,74.258,122.209,140.362,238156.784,238381.392,238431.617,1593761,1226603,359137280,101769216,49897,1597984,2026-08-01T18:26:31.782Z
R1,2635,saturated,,true,120.000,95.847,370.997,519.934,238575.895,238866.356,238884.248,1594070,1226921,359276544,101785600,49913,1598223,2026-08-01T18:26:31.782Z
R1,2636,saturated,,true,182.000,83.572,148.874,222.168,238370.366,238782.892,238839.973,1594384,1227145,359333888,101818368,49899,1598593,2026-08-01T18:26:31.782Z
R1,2637,saturated,,true,178.000,81.914,178.509,251.373,238227.949,238453.434,238464.615,1594774,1227328,359358464,101826560,49928,1598946,2026-08-01T18:26:31.782Z
R1,2638,saturated,,true,213.000,78.525,120.780,133.791,238376.247,238611.935,238668.196,1595143,1227328,359424000,101842944,49889,1599375,2026-08-01T18:26:31.782Z
R1,2639,saturated,,true,203.000,74.135,131.718,165.893,238410.116,238652.833,238711.710,1595560,1227606,359563264,101875712,49900,1599788,2026-08-01T18:26:31.782Z
R1,2640,saturated,,true,216.000,72.266,128.275,157.106,238389.242,238639.163,238667.186,1595989,1227822,359587840,101883904,49898,1600223,2026-08-01T18:26:31.782Z
R1,2641,saturated,,true,193.000,80.850,140.127,192.884,238571.174,238812.299,238867.927,1596391,1228139,359653376,101908480,49900,1600608,2026-08-01T18:26:31.782Z
R1,2642,saturated,,true,207.000,76.837,122.476,156.077,238695.244,238906.156,238939.457,1596792,1228335,359800832,101933056,49903,1601029,2026-08-01T18:26:31.782Z
R1,2643,saturated,,true,183.000,83.493,129.268,167.571,238800.652,239057.161,239124.060,1597166,1228335,359825408,101957632,49916,1601399,2026-08-01T18:26:31.782Z
R1,2644,saturated,,true,201.000,80.399,135.158,160.608,238952.651,239208.902,239225.039,1597533,1228637,359882752,101957632,49912,1601803,2026-08-01T18:26:31.782Z
R1,2645,saturated,,true,209.000,74.138,125.033,154.433,239145.500,239349.838,239380.796,1597935,1228831,360038400,101982208,49903,1602225,2026-08-01T18:26:31.782Z
R1,2646,saturated,,true,211.000,72.584,120.967,148.028,239128.815,239391.506,239414.771,1598351,1229138,360062976,102006784,49907,1602646,2026-08-01T18:26:31.782Z
R1,2647,saturated,,true,182.000,81.837,182.821,252.232,239215.539,239384.557,239407.985,1598761,1229348,360103936,102031360,49928,1603014,2026-08-01T18:26:31.782Z
R1,2648,saturated,,true,207.000,77.609,123.783,137.971,239258.930,239452.211,239473.234,1599170,1229348,360243200,102039552,49912,1603433,2026-08-01T18:26:31.782Z
R1,2649,saturated,,true,205.000,80.829,130.683,143.800,239391.913,239620.133,239660.677,1599583,1229641,360292352,102072320,49905,1603839,2026-08-01T18:26:31.782Z
R1,2650,saturated,,true,82.000,152.809,364.148,422.563,239903.100,240245.353,240257.001,1599860,1229837,360308736,102080512,49950,1604014,2026-08-01T18:26:31.782Z
R1,2651,saturated,,true,154.000,98.118,213.463,258.493,240314.384,240564.356,240664.998,1599982,1229837,360316928,102080512,49932,1604137,2026-08-01T18:26:31.782Z
R1,2652,saturated,,true,153.000,91.608,234.691,299.129,240619.750,240844.030,240888.822,1600288,1230036,360398848,102096896,49940,1604457,2026-08-01T18:26:31.782Z
R1,2653,saturated,,true,129.000,84.833,326.082,365.854,240702.612,240930.539,240944.408,1600642,1230182,360505344,102113280,49986,1604832,2026-08-01T18:26:31.782Z
R1,2654,saturated,,true,134.000,98.807,336.664,479.393,241179.020,241405.536,241417.226,1600897,1230351,360529920,102137856,49980,1605071,2026-08-01T18:26:31.782Z
R1,2655,saturated,,true,101.000,92.837,723.122,756.816,241969.793,242216.711,242248.968,1601085,1230351,360538112,102137856,49935,1605187,2026-08-01T18:26:31.782Z
R1,2656,saturated,,true,172.000,88.747,162.338,180.719,242157.208,242423.157,242441.422,1601252,1230565,360562688,102154240,49941,1605542,2026-08-01T18:26:31.782Z
R1,2657,saturated,,true,82.000,103.632,182.583,217.431,242287.895,242528.015,242932.820,1601529,1230709,360685568,102170624,49940,1605855,2026-08-01T18:26:31.782Z
R1,2658,saturated,,true,93.000,129.065,765.659,798.262,243082.450,243316.170,243397.527,1601816,1230877,360710144,102178816,49927,1605970,2026-08-01T18:26:31.782Z
R1,2659,saturated,,true,51.000,191.222,688.316,732.306,244054.260,244261.291,244372.972,1601970,1230963,360759296,102178816,49964,1606097,2026-08-01T18:26:31.782Z
R1,2660,saturated,,true,64.000,192.811,695.487,776.016,244598.117,244811.460,244832.006,1602088,1230963,360759296,102178816,49955,1606205,2026-08-01T18:26:31.782Z
R1,2661,saturated,,true,119.000,126.567,286.479,324.326,245278.940,245430.965,245446.503,1602221,1231049,360775680,102195200,49938,1606403,2026-08-01T18:26:31.782Z
R1,2662,saturated,,true,57.000,206.641,414.467,556.873,245751.480,246075.028,246082.949,1602397,1231159,360800256,102211584,49960,1606611,2026-08-01T18:26:31.782Z
R1,2663,saturated,,true,36.000,614.736,1031.271,1053.695,246447.879,247250.871,247263.381,1602585,1231283,360800256,102211584,49949,1606707,2026-08-01T18:26:31.782Z
R1,2664,saturated,,true,59.000,183.398,806.451,1006.090,247597.209,247824.896,247854.904,1602642,1231310,360800256,102211584,49947,1606747,2026-08-01T18:26:31.782Z
R1,2665,saturated,,true,189.000,83.672,156.373,199.177,247651.208,247891.141,247963.796,1602870,1231310,360906752,102211584,49901,1607055,2026-08-01T18:26:31.782Z
R1,2666,saturated,,true,198.000,76.716,137.991,161.948,247737.288,247955.692,247977.653,1603273,1231418,360996864,102244352,49906,1607465,2026-08-01T18:26:31.782Z
R1,2667,saturated,,true,140.000,103.145,195.553,223.914,248037.731,248409.608,248435.676,1603627,1231713,361021440,102268928,49940,1607805,2026-08-01T18:26:31.782Z
R1,2668,saturated,,true,161.000,93.272,216.562,274.272,248404.995,248732.752,248769.580,1603878,1231713,361054208,102285312,49905,1608058,2026-08-01T18:26:31.782Z
R1,2669,saturated,,true,199.000,80.065,122.797,161.729,248559.883,248805.135,248816.480,1604233,1231951,361185280,102301696,49895,1608459,2026-08-01T18:26:31.782Z
R1,2670,saturated,,true,206.000,75.004,133.531,157.071,248653.593,248864.802,248898.563,1604567,1232206,361242624,102318080,49903,1608872,2026-08-01T18:26:31.782Z
R1,2671,saturated,,true,198.000,78.241,138.705,168.462,248784.535,249051.128,249080.878,1604924,1232206,361267200,102334464,49893,1609252,2026-08-01T18:26:31.782Z
R1,2672,saturated,,true,201.000,78.142,126.802,134.614,248896.991,249148.093,249194.481,1605319,1232519,361406464,102350848,49910,1609684,2026-08-01T18:26:31.782Z
R1,2673,saturated,,true,206.000,79.092,139.056,150.846,249098.523,249325.436,249363.586,1605727,1232718,361463808,102375424,49898,1610079,2026-08-01T18:26:31.782Z
R1,2674,saturated,,true,202.000,74.217,115.180,138.887,249121.554,249327.237,249385.898,1606124,1232913,361521152,102400000,49909,1610508,2026-08-01T18:26:31.782Z
R1,2675,saturated,,true,208.000,76.791,129.957,154.494,249224.780,249453.740,249501.680,1606537,1233232,361635840,102416384,49896,1610896,2026-08-01T18:26:31.782Z
R1,2676,saturated,,true,209.000,73.524,123.790,175.262,249334.388,249600.960,249645.023,1606933,1233232,361701376,102432768,49901,1611333,2026-08-01T18:26:31.782Z
R1,2677,saturated,,true,152.000,99.866,163.393,207.028,249526.008,249804.700,249831.714,1607372,1233531,361742336,102465536,49932,1611704,2026-08-01T18:26:31.782Z
R1,2678,saturated,,true,128.000,106.105,266.751,336.216,249745.522,250097.694,250183.040,1607696,1233737,361791488,102465536,49959,1611988,2026-08-01T18:26:31.782Z
R1,2679,saturated,,true,124.000,94.920,218.631,269.762,250282.665,250548.942,250564.229,1607965,1233973,361889792,102490112,49950,1612238,2026-08-01T18:26:31.782Z
R1,2680,saturated,,true,171.000,91.661,263.789,359.140,250653.313,250849.524,250880.039,1608242,1234096,361938944,102514688,49916,1612518,2026-08-01T18:26:31.782Z
R1,2681,saturated,,true,56.000,146.617,278.511,352.963,250910.173,251078.875,251142.332,1608584,1234146,361955328,102514688,49942,1612775,2026-08-01T18:26:31.782Z
R1,2682,saturated,,true,91.000,101.779,1083.374,1239.385,252150.142,252377.148,252381.035,1608683,1234146,361963520,102514688,49942,1612814,2026-08-01T18:26:31.782Z
R1,2683,saturated,,true,174.000,88.769,152.076,207.751,252234.066,252442.882,252472.945,1608969,1234312,362004480,102539264,49947,1613172,2026-08-01T18:26:31.782Z
R1,2684,saturated,,true,61.000,141.978,455.474,650.130,252555.554,252814.535,252814.953,1609093,1234488,362094592,102547456,49964,1613396,2026-08-01T18:26:31.782Z
R1,2685,saturated,,true,49.000,294.152,626.365,666.586,253432.416,253827.038,253836.726,1609310,1234582,362127360,102555648,49979,1613499,2026-08-01T18:26:31.782Z
R1,2686,saturated,,true,167.000,87.532,325.074,385.898,254039.520,254333.422,254375.083,1607914,1235707,362127360,102563840,49933,1613742,2026-08-01T18:27:33.740266Z
R1,2687,saturated,,true,66.000,90.706,137.120,265.209,254054.452,254462.320,254850.811,1608173,1235707,362258432,102580224,49957,1613998,2026-08-01T18:27:33.740266Z
R1,2688,saturated,,true,106.000,160.626,788.127,849.375,255204.544,255387.228,255394.320,1608385,1235912,362340352,102580224,49969,1614131,2026-08-01T18:27:33.740266Z
R1,2689,saturated,,true,157.000,86.278,160.362,178.749,255511.644,255733.653,255777.626,1608651,1236036,362356736,102596608,49912,1614473,2026-08-01T18:27:33.740266Z
R1,2690,saturated,,true,159.000,83.316,436.166,449.324,256007.291,256278.445,256290.279,1608924,1236215,362364928,102629376,49967,1614693,2026-08-01T18:27:33.740266Z
R1,2691,saturated,,true,172.000,90.270,151.277,172.379,256217.553,256402.647,256457.924,1609309,1236428,362455040,102637568,49967,1615078,2026-08-01T18:27:33.740266Z
R1,2692,saturated,,true,212.000,72.505,120.384,184.387,256331.250,256594.018,256620.203,1609709,1236428,362577920,102653952,49967,1615466,2026-08-01T18:27:33.740266Z
R1,2693,saturated,,true,208.000,73.983,123.894,141.593,256473.146,256714.904,256766.068,1610146,1236624,362602496,102678528,49967,1615895,2026-08-01T18:27:33.740266Z
R1,2694,saturated,,true,194.000,80.329,129.656,150.693,256491.496,256757.238,256807.786,1610541,1236836,362643456,102694912,49969,1616286,2026-08-01T18:27:33.740266Z
R1,2695,saturated,,true,215.000,77.474,116.389,145.946,256631.741,256887.478,256908.624,1610959,1237035,362799104,102703104,49966,1616703,2026-08-01T18:27:33.740266Z
R1,2696,saturated,,true,199.000,77.140,124.594,181.172,256711.492,256952.593,257002.662,1611369,1237234,362840064,102727680,49971,1617122,2026-08-01T18:27:33.740266Z
R1,2697,saturated,,true,130.000,84.655,167.286,266.265,256844.327,257204.943,257227.555,1611712,1237448,362864640,102760448,49931,1617509,2026-08-01T18:27:33.740266Z
R1,2698,saturated,,true,139.000,102.386,421.285,551.094,257407.708,257704.897,257731.142,1611944,1237638,362954752,102768640,49978,1617675,2026-08-01T18:27:33.740266Z
R1,2699,saturated,,true,182.000,85.824,141.984,157.384,257583.034,257834.723,257870.829,1612241,1237827,363053056,102776832,49979,1618046,2026-08-01T18:27:33.740266Z
