run_id,t_seconds,config,mitigation,antagonist_active,throughput,claim_p50,claim_p95,claim_p99,e2e_p50,e2e_p95,e2e_p99,n_dead_tup,n_live_tup,table_bytes,index_bytes,queue_depth,oldest_backend_xmin_age,last_autovacuum
R2,0,saturated,,false,0.000,0.000,0.000,0.000,0.000,0.000,0.000,0,0,0,0,0,0,
R2,1,saturated,,false,1189.000,2.051,6.306,11.411,512.110,907.395,938.042,62,27647,3547136,1024000,49800,35,
R2,2,saturated,,false,1282.000,1.583,3.884,25.805,1419.861,1874.676,1915.782,2350,51650,6225920,1835008,49780,0,
R2,3,saturated,,false,1302.000,1.554,5.529,18.975,2453.250,2855.511,2900.688,4871,51650,6529024,1925120,49800,0,
R2,4,saturated,,false,1360.000,1.647,2.711,3.482,3405.322,3840.663,3881.673,7520,52951,6799360,2031616,49800,0,
R2,5,saturated,,false,1333.000,1.568,3.625,38.296,4389.084,4832.687,4872.756,10260,54253,7012352,2121728,49813,0,
R2,6,saturated,,false,1303.000,1.696,3.628,18.465,5359.040,5814.255,5853.778,12956,55636,7323648,2228224,49859,0,
R2,7,saturated,,false,1441.000,1.286,3.264,4.721,6353.713,6798.140,6837.505,15644,56948,7520256,2334720,49800,0,
R2,8,saturated,,false,1385.000,1.605,2.778,3.758,7319.842,7768.737,7817.995,18481,58329,7806976,2433024,49818,20,
R2,9,saturated,,false,1323.000,1.703,3.670,14.547,8297.583,8765.399,8807.152,21274,59750,8093696,2523136,49798,0,
R2,10,saturated,,false,1410.000,1.404,2.629,3.371,9320.851,9739.716,9779.156,23925,61127,8298496,2629632,49792,0,
R2,11,saturated,,false,1351.000,1.534,2.827,5.495,10296.546,10714.740,10756.401,26733,62693,8609792,2736128,49820,0,
R2,12,saturated,,false,1397.000,1.436,2.943,8.534,11265.171,11706.745,11748.595,29355,64349,8855552,2834432,49820,10,
R2,13,saturated,,false,932.000,2.002,25.806,41.058,12116.059,12690.291,12721.567,32110,65749,9101312,2924544,49883,32,
R2,14,saturated,,false,1302.000,1.610,5.148,7.866,13237.943,13668.702,13712.688,34153,66562,9322496,3006464,49820,20,
R2,15,saturated,,false,1302.000,1.798,3.485,5.840,14180.652,14636.199,14681.042,36670,68150,9568256,3088384,49838,8,
R2,16,saturated,,false,1242.000,1.829,5.796,28.773,15145.992,15535.746,15644.817,39165,69470,9830400,3194880,49918,1,
R2,17,saturated,,false,1463.000,1.251,2.275,4.550,16124.827,16578.048,16614.838,279,70830,10149888,3317760,49820,279,2026-08-01T18:41:30.001386Z
R2,18,saturated,,false,1381.000,1.629,2.469,2.730,17110.260,17547.518,17590.621,2754,72771,10149888,3366912,49840,0,2026-08-01T18:41:30.001386Z
R2,19,saturated,,false,1402.000,1.671,2.448,2.789,18096.157,18531.812,18566.952,5542,74171,10149888,3432448,49820,0,2026-08-01T18:41:30.001386Z
R2,20,saturated,,false,1320.000,1.785,4.407,5.439,19077.919,19512.143,19535.784,8331,75553,10149888,3497984,49819,0,2026-08-01T18:41:30.001386Z
R2,21,saturated,,false,1392.000,1.461,3.072,7.628,20027.482,20460.541,20504.611,11039,76873,10149888,3563520,49839,1,2026-08-01T18:41:30.001386Z
R2,22,saturated,,false,1340.000,1.584,3.316,5.382,21006.161,21416.791,21460.584,13802,78284,10403840,3612672,49859,0,2026-08-01T18:41:30.001386Z
R2,23,saturated,,false,1264.000,1.495,10.032,29.878,22003.162,22401.976,22441.857,16506,79644,10633216,3678208,49840,20,2026-08-01T18:41:30.001386Z
R2,24,saturated,,false,1440.000,1.435,2.194,2.522,22948.321,23361.182,23406.691,19063,80889,10919936,3743744,49860,0,2026-08-01T18:41:30.001386Z
R2,25,saturated,,false,1364.000,1.480,3.308,4.558,23882.892,24341.831,24381.429,21964,82349,11165696,3809280,49860,7,2026-08-01T18:41:30.001386Z
R2,26,saturated,,false,1283.000,1.424,2.432,25.034,24809.737,25208.498,25356.430,24740,83713,11419648,3899392,49814,5,2026-08-01T18:41:30.001386Z
R2,27,saturated,,false,1401.000,1.465,2.482,8.744,25845.648,26297.331,26336.516,27414,85096,11657216,4005888,49860,0,2026-08-01T18:41:30.001386Z
R2,28,saturated,,false,1420.000,1.479,2.248,2.556,26827.887,27281.071,27319.390,30102,86397,11902976,4112384,49840,20,2026-08-01T18:41:30.001386Z
R2,29,saturated,,false,1379.000,1.664,2.381,2.869,27805.832,28255.412,28293.227,32947,87797,12165120,4210688,49860,20,2026-08-01T18:41:30.001386Z
R2,30,saturated,,false,1341.000,1.531,2.781,11.628,28811.292,29236.134,29279.613,35700,89197,12402688,4300800,49876,0,2026-08-01T18:41:30.001386Z
R2,31,saturated,,false,1360.000,1.700,2.631,3.207,29775.842,30219.419,30262.737,38279,90546,12648448,4407296,49860,40,2026-08-01T18:41:30.001386Z
R2,32,saturated,,false,1385.000,1.511,2.482,2.880,30767.978,31200.618,31242.315,41023,91897,12877824,4513792,49880,0,2026-08-01T18:41:30.001386Z
R2,33,saturated,,false,1237.000,1.506,4.541,27.874,31830.417,32184.939,32222.814,43779,93302,13123584,4595712,49880,0,2026-08-01T18:41:30.001386Z
R2,34,saturated,,false,1440.000,1.326,2.318,3.222,32706.222,33163.042,33205.458,46330,94539,13369344,4702208,49880,9,2026-08-01T18:41:30.001386Z
R2,35,saturated,,false,1380.000,1.614,2.710,3.107,33694.934,34151.680,34188.165,49080,95979,13656064,4808704,49880,40,2026-08-01T18:41:30.001386Z
R2,36,saturated,,false,1329.000,1.498,2.700,10.719,34677.319,35108.129,35170.761,51866,97359,13893632,4907008,49930,40,2026-08-01T18:41:30.001386Z
R2,37,saturated,,false,1391.000,1.533,2.417,2.862,35661.792,36112.263,36156.613,54590,98740,14163968,5005312,49900,0,2026-08-01T18:41:30.001386Z
R2,38,saturated,,false,1331.000,1.681,2.444,10.353,36638.795,37087.797,37126.862,57328,100099,14393344,5120000,49911,19,2026-08-01T18:41:30.001386Z
R2,39,saturated,,false,1382.000,1.637,2.586,2.954,36959.240,37183.048,37210.935,60038,101441,14655488,5234688,49897,0,2026-08-01T18:41:30.001386Z
R2,40,saturated,,false,1382.000,1.685,2.546,5.448,36827.950,37052.345,37068.238,62803,102810,14901248,5341184,49920,0,2026-08-01T18:41:30.001386Z
R2,41,saturated,,false,1344.000,1.573,2.447,3.053,36830.718,37059.757,37077.193,65570,104214,15147008,5439488,49919,20,2026-08-01T18:41:30.001386Z
R2,42,saturated,,false,1400.000,1.654,2.320,2.542,36797.528,37025.475,37056.659,68278,105558,15400960,5545984,49920,0,2026-08-01T18:41:30.001386Z
R2,43,saturated,,false,1328.000,1.426,4.452,30.806,36799.599,37039.051,37075.846,71070,106958,15622144,5644288,49920,0,2026-08-01T18:41:30.001386Z
R2,44,saturated,,false,1360.000,1.498,2.534,4.157,36813.159,37037.447,37066.804,73732,108286,15884288,5758976,49940,23,2026-08-01T18:41:30.001386Z
R2,45,saturated,,false,1384.000,1.436,2.277,2.933,36834.410,37057.748,37075.668,76510,109666,16138240,5857280,49956,0,2026-08-01T18:41:30.001386Z
R2,46,saturated,,false,1296.000,1.606,2.779,16.652,36817.809,37052.120,37096.853,79287,111066,16392192,5963776,49831,21,2026-08-01T18:41:30.001386Z
R2,47,saturated,,false,1403.000,1.399,4.059,8.273,36837.364,37052.318,37080.348,81957,112383,16629760,6062080,49960,0,2026-08-01T18:41:30.001386Z
R2,48,saturated,,false,1340.000,1.775,2.785,3.705,36853.611,37081.642,37110.067,84687,113769,16900096,6160384,49960,0,2026-08-01T18:41:30.001386Z
R2,49,saturated,,false,1401.000,1.535,2.595,3.760,36875.160,37086.677,37107.539,87404,115109,17170432,6266880,49960,0,2026-08-01T18:41:30.001386Z
R2,50,saturated,,false,1320.000,1.905,2.787,3.239,36712.531,36966.613,37014.679,90187,116510,17416192,6381568,49940,20,2026-08-01T18:41:30.001386Z
R2,51,saturated,,false,1360.000,1.629,2.345,2.621,36551.451,36767.131,36795.600,92853,118065,17694720,6471680,49940,0,2026-08-01T18:41:30.001386Z
R2,52,saturated,,false,1340.000,1.725,2.929,3.647,36517.347,36737.302,36764.569,95592,119170,17932288,6578176,49962,19,2026-08-01T18:41:30.001386Z
R2,53,saturated,,false,1309.000,1.353,5.208,28.853,36532.451,36765.344,36793.349,98286,120532,18169856,6676480,49952,0,2026-08-01T18:41:30.001386Z
R2,54,saturated,,false,1302.000,1.446,2.487,5.185,36519.042,36730.138,36761.309,100907,122330,18448384,6791168,49960,0,2026-08-01T18:41:30.001386Z
R2,55,saturated,,false,1400.000,1.580,2.506,2.875,36585.609,36799.967,36826.723,103556,123396,18694144,6889472,49960,0,2026-08-01T18:41:30.001386Z
R2,56,saturated,,false,1321.000,1.559,3.342,18.927,36572.003,36782.170,36805.766,106362,125052,18989056,6995968,49979,0,2026-08-01T18:41:30.001386Z
R2,57,saturated,,false,1401.000,1.424,3.585,4.467,36580.938,36800.023,36827.104,109091,126392,19267584,7102464,49973,26,2026-08-01T18:41:30.001386Z
R2,58,saturated,,false,1383.000,1.711,2.938,3.838,36571.000,36783.702,36809.701,111869,127787,19554304,7208960,49811,20,2026-08-01T18:41:30.001386Z
R2,59,saturated,,false,1420.000,1.576,2.356,2.638,36531.549,36772.817,36791.293,114645,128921,19800064,7315456,49515,14,2026-08-01T18:41:30.001386Z
R2,60,saturated,,false,1381.000,1.718,2.652,3.440,36448.629,36637.593,36656.893,117477,130086,20070400,7430144,49299,40,2026-08-01T18:41:30.001386Z
R2,61,saturated,,false,1343.000,1.571,2.901,7.012,36474.313,36712.601,36755.336,120229,131467,20316160,7528448,49277,20,2026-08-01T18:41:30.001386Z
R2,62,saturated,,false,1400.000,1.615,2.412,2.791,36492.209,36719.204,36757.656,122968,132810,20561920,7634944,49300,18,2026-08-01T18:41:30.001386Z
R2,63,saturated,,false,1288.000,1.459,9.967,15.638,36520.013,36705.661,36733.481,125733,134485,20783104,7733248,49272,0,2026-08-01T18:41:30.001386Z
R2,64,saturated,,false,1341.000,1.619,2.284,2.614,36485.065,36706.609,36728.865,128350,135518,21004288,7839744,49339,20,2026-08-01T18:41:30.001386Z
R2,65,saturated,,false,1395.000,1.627,2.480,2.765,36524.291,36735.027,36762.461,131109,136858,21282816,7946240,49335,2,2026-08-01T18:41:30.001386Z
R2,66,saturated,,false,1326.000,1.579,2.461,16.494,36526.719,36746.944,36776.204,133867,138513,21536768,8044544,49359,2,2026-08-01T18:41:30.001386Z
R2,67,saturated,,false,1380.000,1.543,2.724,10.761,36532.746,36745.757,36772.192,136607,139581,21782528,8151040,49338,13,2026-08-01T18:41:30.001386Z
R2,68,saturated,,false,1402.000,1.507,2.482,4.681,36518.230,36737.508,36760.835,139340,140980,22011904,8257536,49300,0,2026-08-01T18:41:30.001386Z
R2,69,saturated,,false,1360.000,1.773,2.568,2.847,36490.061,36734.991,36763.774,142146,142382,22290432,8364032,49340,21,2026-08-01T18:41:30.001386Z
R2,70,saturated,,false,1423.000,1.521,2.459,3.012,36428.194,36613.327,36656.814,144916,143742,22519808,8462336,49296,0,2026-08-01T18:41:30.001386Z
R2,71,saturated,,false,1406.000,1.660,2.622,6.404,36424.457,36642.050,36665.246,147763,145420,22765568,8568832,49316,17,2026-08-01T18:41:30.001386Z
R2,72,saturated,,false,1380.000,1.640,2.883,3.975,36421.146,36656.240,36670.714,150591,146571,23035904,8675328,49320,11,2026-08-01T18:41:30.001386Z
R2,73,saturated,,false,1202.000,1.539,5.945,38.069,36486.658,36741.828,36766.822,153247,147951,23232512,8765440,49300,0,2026-08-01T18:41:30.001386Z
R2,74,saturated,,false,1380.000,1.526,2.224,2.513,36518.911,36741.150,36766.390,155788,147951,23502848,8871936,49360,20,2026-08-01T18:41:30.001386Z
R2,75,saturated,,false,1301.000,1.909,4.606,10.997,36523.996,36751.954,36767.340,158534,149873,23756800,8978432,49399,2,2026-08-01T18:41:30.001386Z
R2,76,saturated,,false,1274.000,1.658,3.614,7.205,36577.494,36786.613,36806.728,161149,151213,24002560,9076736,49419,0,2026-08-01T18:41:30.001386Z
R2,77,saturated,,false,1159.000,1.461,6.664,64.036,36760.471,37006.121,37034.609,163659,152507,24223744,9142272,49380,402,2026-08-01T18:41:30.001386Z
R2,78,saturated,,false,1360.000,1.542,2.390,4.009,36775.912,36991.505,37015.176,2819,152953,24223744,9216000,49367,17,2026-08-01T18:42:30.245569Z
R2,79,saturated,,false,1360.000,1.732,2.496,5.096,36778.526,37011.138,37035.625,5452,154300,24223744,9281536,49384,0,2026-08-01T18:42:30.245569Z
R2,80,saturated,,false,1402.000,1.551,2.272,2.684,36746.618,36961.660,36982.996,8178,155673,24223744,9338880,49337,0,2026-08-01T18:42:30.245569Z
R2,81,saturated,,false,1374.000,1.585,2.560,6.320,36751.040,36972.815,36997.668,10991,157032,24223744,9396224,49355,20,2026-08-01T18:42:30.245569Z
R2,82,saturated,,false,1386.000,1.335,2.470,10.522,36726.295,36963.665,36991.254,13802,158415,24223744,9461760,49400,16,2026-08-01T18:42:30.245569Z
R2,83,saturated,,false,1308.000,1.530,4.779,20.408,36744.525,36994.701,37034.034,16500,159855,24223744,9527296,49359,20,2026-08-01T18:42:30.245569Z
R2,84,saturated,,false,1435.000,1.511,2.165,2.446,36724.574,36944.756,36971.837,19212,161118,24223744,9592832,49340,0,2026-08-01T18:42:30.245569Z
R2,85,saturated,,false,1342.000,1.719,2.433,2.716,36700.501,36914.106,36942.185,22070,162538,24223744,9650176,49399,20,2026-08-01T18:42:30.245569Z
R2,86,saturated,,false,1358.000,1.485,2.649,20.185,36713.895,36925.929,36951.114,24802,163939,24223744,9707520,49432,0,2026-08-01T18:42:30.245569Z
R2,87,saturated,,false,1422.000,1.514,2.596,5.418,36668.003,36885.359,36920.625,27557,165573,24223744,9773056,49380,0,2026-08-01T18:42:30.245569Z
R2,88,saturated,,false,1380.000,1.637,2.388,2.619,36647.444,36862.435,36894.577,30348,166700,24223744,9838592,49380,0,2026-08-01T18:42:30.245569Z
R2,89,saturated,,false,1403.000,1.710,2.432,2.962,36616.871,36848.392,36862.849,33140,168080,24223744,9895936,49377,0,2026-08-01T18:42:30.245569Z
R2,90,saturated,,false,1380.000,1.622,2.436,2.918,36540.283,36750.548,36791.344,35920,169480,24223744,9953280,49360,17,2026-08-01T18:42:30.245569Z
R2,91,saturated,,false,1280.000,1.679,2.633,10.307,36546.982,36780.252,36796.046,38589,170843,24223744,10018816,49480,9,2026-08-01T18:42:30.245569Z
R2,92,saturated,,false,1169.000,1.795,9.496,18.044,36616.461,36942.733,36980.557,41030,172243,24223744,10076160,49571,20,2026-08-01T18:42:30.245569Z
R2,93,saturated,,false,866.000,2.819,25.986,39.145,36913.078,37317.789,37343.626,43201,173503,24387584,10108928,49536,7,2026-08-01T18:42:30.245569Z
R2,94,saturated,,false,1340.000,1.659,2.794,5.969,37091.297,37319.210,37346.081,45142,174334,24567808,10166272,49400,0,2026-08-01T18:42:30.245569Z
R2,95,saturated,,false,1420.000,1.478,2.323,3.089,37091.913,37309.761,37331.686,47882,175538,24903680,10231808,49380,0,2026-08-01T18:42:30.245569Z
R2,96,saturated,,false,1321.000,1.540,2.505,6.923,37097.743,37312.824,37328.749,50704,176938,25075712,10297344,49460,0,2026-08-01T18:42:30.245569Z
R2,97,saturated,,false,1401.000,1.510,2.385,16.393,37141.375,37359.978,37385.436,53413,178339,25378816,10354688,49400,20,2026-08-01T18:42:30.245569Z
R2,98,saturated,,false,1340.000,1.671,2.427,2.655,37121.639,37338.584,37362.642,56186,179680,25591808,10412032,49440,0,2026-08-01T18:42:30.245569Z
R2,99,saturated,,false,1368.000,1.597,2.520,4.123,37139.455,37352.773,37383.545,58922,181060,25870336,10477568,49432,20,2026-08-01T18:42:30.245569Z
R2,100,saturated,,false,1360.000,1.772,2.579,2.894,37126.001,37357.402,37405.363,61645,182420,26075136,10543104,49429,20,2026-08-01T18:42:30.245569Z
R2,101,saturated,,false,1342.000,1.665,3.123,17.046,37135.073,37350.282,37378.677,64351,183768,26345472,10592256,49412,20,2026-08-01T18:42:30.245569Z
R2,102,saturated,,false,1322.000,1.760,2.796,3.153,37148.731,37366.999,37404.991,67037,185357,26599424,10657792,49439,12,2026-08-01T18:42:30.245569Z
R2,103,saturated,,false,1222.000,1.647,7.983,17.755,37198.693,37455.601,37474.268,69694,186450,26861568,10706944,49480,20,2026-08-01T18:42:30.245569Z
R2,104,saturated,,false,1460.000,1.261,2.819,5.072,37236.303,37475.785,37506.524,72221,188225,27107328,10772480,49339,9,2026-08-01T18:42:30.245569Z
R2,105,saturated,,false,1372.000,1.686,3.246,4.276,37181.520,37411.706,37427.125,75139,189289,27377664,10838016,49436,0,2026-08-01T18:42:30.245569Z
R2,106,saturated,,false,1104.000,1.604,8.259,76.397,37245.805,37568.957,37604.994,77762,190504,27590656,10887168,49507,0,2026-08-01T18:42:30.245569Z
R2,107,saturated,,false,1300.000,1.574,4.258,13.646,37431.021,37647.906,37690.220,80091,191670,27836416,10952704,49440,20,2026-08-01T18:42:30.245569Z
R2,108,saturated,,false,1320.000,1.796,2.887,3.576,37495.843,37714.305,37758.379,82714,192910,28114944,11001856,49460,0,2026-08-01T18:42:30.245569Z
R2,109,saturated,,false,1323.000,1.750,2.936,6.533,37559.298,37775.814,37803.479,85390,194250,28401664,11067392,49459,0,2026-08-01T18:42:30.245569Z
R2,110,saturated,,false,1340.000,1.798,2.837,9.196,37586.612,37804.234,37827.471,88077,195572,28639232,11132928,49460,20,2026-08-01T18:42:30.245569Z
R2,111,saturated,,false,851.000,1.920,26.424,113.728,37801.970,38025.820,38060.811,90231,196913,28803072,11165696,49440,14,2026-08-01T18:42:30.245569Z
R2,112,saturated,,false,281.000,4.295,246.770,272.072,38037.628,38368.899,38420.715,91938,198441,28942336,11198464,49856,73,2026-08-01T18:42:30.245569Z
R2,113,saturated,,false,133.000,5.694,480.640,482.748,39392.133,39454.163,39456.678,92188,198586,28966912,11198464,49898,18,2026-08-01T18:42:30.245569Z
R2,114,saturated,,false,590.000,3.038,27.251,177.878,40103.826,40380.271,40396.253,92472,198796,29016064,11214848,49616,0,2026-08-01T18:42:30.245569Z
R2,115,saturated,,false,272.000,4.431,207.115,325.543,40289.725,40958.162,40958.472,93937,198925,29122560,11239424,49890,31,2026-08-01T18:42:30.245569Z
R2,116,saturated,,false,496.000,5.655,23.569,40.980,41159.946,41466.926,41505.255,94130,199467,29163520,11247616,49890,20,2026-08-01T18:42:30.245569Z
R2,117,saturated,,false,1022.000,1.836,17.863,236.634,41805.948,42020.984,42049.511,95499,200085,29384704,11296768,49518,0,2026-08-01T18:42:30.245569Z
R2,118,saturated,,false,1340.000,1.667,3.140,5.711,41775.046,42002.572,42019.137,97151,200085,29499392,11329536,49520,19,2026-08-01T18:42:30.245569Z
R2,119,saturated,,false,1263.000,1.775,6.067,17.037,41647.666,41874.427,41975.952,100406,202638,29900800,11411456,49579,1,2026-08-01T18:42:30.245569Z
R2,120,saturated,,false,1307.000,1.872,4.963,6.485,41693.543,41918.129,41936.042,102918,203901,30187520,11476992,49558,21,2026-08-01T18:42:30.245569Z
R2,121,saturated,,false,1366.000,1.676,3.072,4.384,41714.792,41923.018,41943.083,105550,205228,30474240,11534336,49494,4,2026-08-01T18:42:30.245569Z
R2,122,saturated,,false,1400.000,1.609,2.988,4.123,41700.874,41917.987,41939.776,107630,205228,30605312,11591680,49513,0,2026-08-01T18:42:30.245569Z
R2,123,saturated,,false,1213.000,1.475,8.382,55.457,41727.734,42006.567,42035.413,110468,207287,30883840,11698176,49535,0,2026-08-01T18:42:30.245569Z
R2,124,saturated,,false,1412.000,1.579,2.386,3.040,41821.092,42049.998,42076.696,112951,208487,31145984,11788288,49519,27,2026-08-01T18:42:30.245569Z
R2,125,saturated,,false,1189.000,1.660,2.800,31.909,41864.730,42065.915,42094.708,115764,209443,31416320,11886592,49540,21,2026-08-01T18:42:30.245569Z
R2,126,saturated,,false,1321.000,1.532,2.412,14.726,41893.406,42119.644,42138.828,118204,210843,31686656,11976704,49579,14,2026-08-01T18:42:30.245569Z
R2,127,saturated,,false,1420.000,1.461,2.336,6.874,41930.900,42147.138,42165.699,120938,212063,31989760,12099584,49540,7,2026-08-01T18:42:30.245569Z
R2,128,saturated,,false,1360.000,1.557,2.625,3.667,41922.770,42138.667,42159.565,123728,213434,32260096,12189696,49560,15,2026-08-01T18:42:30.245569Z
R2,129,saturated,,false,1361.000,1.725,2.546,3.066,41927.130,42147.368,42176.513,126457,215061,32546816,12288000,49540,22,2026-08-01T18:42:30.245569Z
R2,130,saturated,,false,1440.000,1.543,2.254,2.562,41922.464,42151.970,42174.291,129195,216164,32817152,12402688,49520,20,2026-08-01T18:42:30.245569Z
R2,131,saturated,,false,1360.000,1.644,2.346,2.675,41913.782,42146.312,42163.837,132056,217782,33128448,12509184,49560,0,2026-08-01T18:42:30.245569Z
R2,132,saturated,,false,1400.000,1.673,2.519,2.760,41919.918,42136.904,42164.135,134829,219223,33423360,12607488,49520,5,2026-08-01T18:42:30.245569Z
R2,133,saturated,,false,1328.000,1.454,5.756,14.109,41952.682,42151.182,42189.225,137645,220601,33718272,12713984,49540,3,2026-08-01T18:42:30.245569Z
R2,134,saturated,,false,1342.000,1.553,3.567,9.207,41892.447,42125.397,42150.388,140236,222118,34004992,12804096,49560,0,2026-08-01T18:42:30.245569Z
R2,135,saturated,,false,1444.000,1.471,2.504,4.044,41403.469,41953.139,41994.978,143039,223291,34258944,12935168,49560,0,2026-08-01T18:42:30.245569Z
R2,136,saturated,,false,1241.000,1.632,5.925,18.103,41360.627,41593.532,41625.613,145831,224924,34529280,13033472,49619,22,2026-08-01T18:42:30.245569Z
R2,137,saturated,,false,1400.000,1.346,3.712,9.679,41428.799,41648.205,41669.221,148427,226224,34766848,13131776,49560,380,2026-08-01T18:42:30.245569Z
R2,138,saturated,,false,1400.000,1.461,2.566,3.481,41389.349,41611.015,41642.852,2918,228867,34873344,13197312,49580,5,2026-08-01T18:43:30.364840Z
R2,139,saturated,,false,1422.000,1.501,2.370,3.078,41376.223,41600.351,41629.356,5707,230287,34873344,13262848,49553,0,2026-08-01T18:43:30.364840Z
R2,140,saturated,,false,1384.000,1.606,2.485,4.051,41335.103,41567.072,41585.612,8395,231667,34873344,13328384,49561,20,2026-08-01T18:43:30.364840Z
R2,141,saturated,,false,1382.000,1.521,3.392,8.010,41308.558,41538.072,41567.261,11349,233074,34873344,13385728,49580,17,2026-08-01T18:43:30.364840Z
R2,142,saturated,,false,1360.000,1.697,2.650,4.197,41296.584,41521.510,41543.084,14143,234475,34873344,13451264,49580,7,2026-08-01T18:43:30.364840Z
R2,143,saturated,,false,1265.000,1.477,5.480,14.753,41336.962,41576.072,41611.620,16829,235835,34873344,13500416,49560,3,2026-08-01T18:43:30.364840Z
R2,144,saturated,,false,1399.000,1.641,2.413,2.712,41332.091,41551.096,41567.875,19421,237338,34873344,13565952,49580,31,2026-08-01T18:43:30.364840Z
R2,145,saturated,,false,1400.000,1.493,2.251,2.981,41219.816,41453.856,41484.503,22227,238499,34873344,13631488,49580,0,2026-08-01T18:43:30.364840Z
R2,146,saturated,,false,1293.000,1.472,3.027,9.556,41209.457,41463.283,41507.317,24981,239899,34873344,13688832,49658,17,2026-08-01T18:43:30.364840Z
R2,147,saturated,,false,1400.000,1.451,2.512,19.124,41269.815,41511.707,41525.558,27687,241270,34873344,13754368,49600,0,2026-08-01T18:43:30.364840Z
R2,148,saturated,,false,1362.000,1.567,2.523,3.044,41054.349,41272.814,41317.456,30488,242612,34873344,13811712,49561,22,2026-08-01T18:43:30.364840Z
R2,149,saturated,,false,1319.000,1.659,3.926,8.915,41038.157,41264.175,41290.822,33205,243952,34873344,13869056,49638,20,2026-08-01T18:43:30.364840Z
R2,150,saturated,,false,1379.000,1.610,2.853,3.454,41021.366,41243.619,41283.208,35730,245332,34873344,13934592,49600,20,2026-08-01T18:43:30.364840Z
R2,151,saturated,,false,1400.000,1.632,3.163,4.428,40975.275,41196.923,41220.073,38528,246672,34873344,13991936,49582,0,2026-08-01T18:43:30.364840Z
R2,152,saturated,,false,1404.000,1.607,2.480,2.947,40620.091,40921.054,40936.703,41323,248054,34873344,14057472,49594,7,2026-08-01T18:43:30.364840Z
R2,153,saturated,,false,1262.000,1.401,7.027,22.994,38174.359,38938.560,39807.902,44102,249470,34873344,14123008,49600,18,2026-08-01T18:43:30.364840Z
R2,154,saturated,,false,1361.000,1.734,3.295,5.716,36721.745,37388.887,37406.114,46660,250738,35045376,14172160,49620,0,2026-08-01T18:43:30.364840Z
R2,155,saturated,,false,1422.000,1.533,2.600,2.907,36651.342,36873.716,36890.546,49438,252374,35299328,14237696,49558,20,2026-08-01T18:43:30.364840Z
R2,156,saturated,,false,1323.000,1.487,2.925,10.056,36577.668,36807.026,36845.856,52114,253479,35586048,14303232,49679,0,2026-08-01T18:43:30.364840Z
R2,157,saturated,,false,1422.000,1.419,2.830,6.180,36511.045,36734.735,36760.195,54991,254923,35831808,14360576,49600,1,2026-08-01T18:43:30.364840Z
R2,158,saturated,,false,1380.000,1.599,2.576,5.214,36468.560,36678.747,36707.728,57781,256266,36085760,14426112,49620,21,2026-08-01T18:43:30.364840Z
R2,159,saturated,,false,1382.000,1.708,2.868,4.028,36479.223,36703.367,36718.812,60584,257666,36339712,14491648,49620,0,2026-08-01T18:43:30.364840Z
R2,160,saturated,,false,1420.000,1.500,2.652,3.323,36356.882,36574.332,36596.800,63378,259303,36577280,14548992,49600,20,2026-08-01T18:43:30.364840Z
R2,161,saturated,,false,1344.000,1.627,3.057,3.697,36306.466,36537.363,36581.198,66218,260703,36847616,14614528,49640,9,2026-08-01T18:43:30.364840Z
R2,162,saturated,,false,1404.000,1.550,2.484,3.710,36249.526,36485.324,36500.807,68918,262087,37068800,14671872,49596,0,2026-08-01T18:43:30.364840Z
R2,163,saturated,,false,1322.000,1.421,3.744,18.553,36264.792,36490.737,36531.253,71725,263192,37322752,14737408,49632,35,2026-08-01T18:43:30.364840Z
R2,164,saturated,,false,1404.000,1.507,2.348,2.906,36263.165,36480.991,36508.451,74391,264542,37568512,14802944,49633,19,2026-08-01T18:43:30.364840Z
R2,165,saturated,,false,1342.000,1.673,2.968,10.650,36239.159,36463.084,36489.514,77205,265942,37838848,14868480,49680,0,2026-08-01T18:43:30.364840Z
R2,166,saturated,,false,1320.000,1.488,4.661,12.384,36240.610,36473.834,36501.446,79917,267344,38109184,14925824,49700,0,2026-08-01T18:43:30.364840Z
R2,167,saturated,,false,1362.000,1.450,3.177,4.506,36327.655,36540.276,36557.232,82626,268684,38379520,14983168,49679,19,2026-08-01T18:43:30.364840Z
R2,168,saturated,,false,1363.000,1.611,3.160,5.503,36346.443,36571.698,36588.038,85183,270024,38625280,15048704,49657,0,2026-08-01T18:43:30.364840Z
R2,169,saturated,,false,1340.000,1.678,3.562,5.130,36357.466,36567.783,36618.114,88088,271366,38895616,15106048,49700,18,2026-08-01T18:43:30.364840Z
R2,170,saturated,,false,1263.000,1.810,4.147,5.396,36363.383,36592.937,36624.620,90729,272749,39165952,15171584,49681,19,2026-08-01T18:43:30.364840Z
R2,171,saturated,,false,1340.000,1.773,3.203,4.071,36457.025,36671.732,36712.584,93256,274011,39395328,15220736,49660,36,2026-08-01T18:43:30.364840Z
R2,172,saturated,,false,1480.000,1.155,2.235,3.014,36400.134,36621.847,36663.875,96083,275567,39690240,15286272,49660,0,2026-08-01T18:43:30.364840Z
R2,173,saturated,,false,1135.000,1.836,7.667,32.488,36447.212,36703.758,36732.494,98914,276792,39919616,15343616,49673,5,2026-08-01T18:43:30.364840Z
R2,174,saturated,,false,1169.000,1.941,5.752,10.142,36590.517,36872.136,36906.693,101120,277960,40165376,15392768,49667,20,2026-08-01T18:43:30.364840Z
R2,175,saturated,,false,1358.000,1.667,3.633,6.275,36685.139,36907.823,36925.223,103652,279620,40452096,15458304,49718,32,2026-08-01T18:43:30.364840Z
R2,176,saturated,,false,1284.000,1.708,4.016,7.339,36696.962,36934.361,36949.459,106360,280512,40738816,15515648,49755,0,2026-08-01T18:43:30.364840Z
R2,177,saturated,,false,1362.000,1.615,3.003,25.419,36775.767,36990.608,37017.742,109038,282346,41066496,15572992,49703,0,2026-08-01T18:43:30.364840Z
R2,178,saturated,,false,1380.000,1.691,3.066,4.585,36803.784,37019.140,37041.829,111721,283398,41361408,15630336,49720,21,2026-08-01T18:43:30.364840Z
R2,179,saturated,,false,1337.000,1.845,2.802,3.746,36814.035,37034.001,37063.955,114475,284540,41680896,15695872,49720,17,2026-08-01T18:43:30.364840Z
R2,180,saturated,,false,1314.000,1.815,3.553,6.286,36793.046,37011.477,37042.196,117154,285860,41984000,15753216,49712,19,2026-08-01T18:43:30.364840Z
R2,181,saturated,,false,1309.000,1.772,2.793,6.634,36816.270,37049.014,37093.204,119802,287180,42254336,15835136,49708,0,2026-08-01T18:43:30.364840Z
R2,182,saturated,,false,1380.000,1.725,2.621,3.250,36874.914,37096.259,37123.229,122435,288488,42557440,15941632,49681,0,2026-08-01T18:43:30.364840Z
R2,183,saturated,,false,1226.000,1.569,5.518,24.530,36952.204,37169.418,37214.765,125075,289841,42835968,16039936,49713,20,2026-08-01T18:43:30.364840Z
R2,184,saturated,,false,1369.000,1.689,3.254,4.534,36953.041,37174.443,37202.638,127695,291347,43098112,16146432,49679,20,2026-08-01T18:43:30.364840Z
R2,185,saturated,,false,1384.000,1.448,3.008,6.302,36941.021,37158.778,37200.549,130437,292689,43401216,16252928,49700,0,2026-08-01T18:43:30.364840Z
R2,186,saturated,,false,1319.000,1.668,3.281,13.746,36934.056,37140.492,37168.291,133242,294350,43712512,16351232,49782,20,2026-08-01T18:43:30.364840Z
R2,187,saturated,,false,1361.000,1.624,3.486,6.649,36937.965,37149.123,37175.072,135922,295750,43999232,16449536,49722,0,2026-08-01T18:43:30.364840Z
R2,188,saturated,,false,1402.000,1.605,2.701,5.179,36935.791,37152.724,37179.941,138661,297033,44277760,16556032,49720,0,2026-08-01T18:43:30.364840Z
R2,189,saturated,,false,1368.000,1.570,4.457,8.343,36951.227,37174.749,37204.104,141480,298622,44539904,16670720,49700,7,2026-08-01T18:43:30.364840Z
R2,190,saturated,,false,1360.000,1.568,2.541,3.509,36919.746,37152.735,37195.547,144182,299800,44843008,16769024,49740,3,2026-08-01T18:43:30.364840Z
R2,191,saturated,,false,1420.000,1.594,2.577,4.565,36863.649,37089.380,37114.646,147003,300944,45121536,16867328,49740,0,2026-08-01T18:43:30.364840Z
R2,192,saturated,,false,1240.000,1.643,3.078,22.988,36923.315,37148.979,37179.179,149763,302364,45359104,16973824,49740,20,2026-08-01T18:43:30.364840Z
R2,193,saturated,,false,656.000,4.311,35.788,74.462,37106.350,37603.844,37675.786,151844,303349,45555712,17039360,49940,6,2026-08-01T18:43:30.364840Z
R2,194,saturated,,false,968.000,1.709,26.201,95.612,37730.210,38009.888,38041.245,153190,304205,45670400,17096704,49760,19,2026-08-01T18:43:30.364840Z
R2,195,saturated,,false,1016.000,2.715,13.543,70.235,37961.030,38227.830,38255.967,155373,304205,45883392,17178624,49740,19,2026-08-01T18:43:30.364840Z
R2,196,saturated,,false,1182.000,1.690,9.393,17.241,38113.305,38346.904,38391.118,157532,305554,46071808,17268736,49819,0,2026-08-01T18:43:30.364840Z
R2,197,saturated,,false,1391.000,1.270,3.669,13.174,38192.852,38424.499,38441.024,160162,306550,46325760,17375232,49749,816,2026-08-01T18:43:30.364840Z
R2,198,saturated,,false,1337.000,1.493,4.731,14.303,38225.225,38441.715,38470.307,3204,307210,46424064,17440768,49760,1,2026-08-01T18:44:30.437587Z
R2,199,saturated,,false,1360.000,1.393,2.351,4.914,38235.034,38450.862,38472.609,5988,308591,46424064,17506304,49800,19,2026-08-01T18:44:30.437587Z
R2,200,saturated,,false,1320.000,1.749,3.211,3.816,38255.048,38473.378,38499.785,8683,309938,46424064,17563648,49780,19,2026-08-01T18:44:30.437587Z
R2,201,saturated,,false,1400.000,1.465,3.106,4.025,38283.147,38502.367,38530.021,11365,311298,46424064,17629184,49760,0,2026-08-01T18:44:30.437587Z
R2,202,saturated,,false,1400.000,1.581,2.464,3.329,38234.208,38453.402,38472.843,14188,312598,46424064,17686528,49780,0,2026-08-01T18:44:30.437587Z
R2,203,saturated,,false,1300.000,1.355,4.373,20.895,38285.009,38492.779,38531.955,16853,314293,46424064,17752064,49780,0,2026-08-01T18:44:30.437587Z
R2,204,saturated,,false,1380.000,1.593,3.282,4.006,38275.794,38501.063,38525.917,19481,315929,46424064,17809408,49780,0,2026-08-01T18:44:30.437587Z
R2,205,saturated,,false,1380.000,1.434,2.568,3.668,38253.219,38486.347,38515.318,22235,316993,46424064,17883136,49780,6,2026-08-01T18:44:30.437587Z
R2,206,saturated,,false,1340.000,1.559,2.623,4.047,38226.062,38444.981,38475.778,24612,318609,46424064,17940480,49840,21,2026-08-01T18:44:30.437587Z
R2,207,saturated,,false,1381.000,1.430,2.562,24.622,38249.942,38464.413,38487.569,26806,319733,46424064,17997824,49799,0,2026-08-01T18:44:30.437587Z
R2,208,saturated,,false,1420.000,1.603,2.701,3.363,38193.792,38409.003,38444.641,29548,321350,46424064,18063360,49800,19,2026-08-01T18:44:30.437587Z
R2,209,saturated,,false,1361.000,1.639,2.926,6.795,38101.326,38316.653,38345.111,32369,322494,46424064,18128896,49800,14,2026-08-01T18:44:30.437587Z
R2,210,saturated,,false,1402.000,1.481,2.589,5.638,38094.959,38307.296,38367.752,35137,324144,46424064,18186240,49800,0,2026-08-01T18:44:30.437587Z
R2,211,saturated,,false,1388.000,1.664,2.544,3.091,38116.962,38341.684,38371.444,37925,325531,46424064,18251776,49792,0,2026-08-01T18:44:30.437587Z
R2,212,saturated,,false,1412.000,1.501,2.629,3.407,37833.667,38077.285,38119.933,40592,326929,46424064,18317312,49800,19,2026-08-01T18:44:30.437587Z
R2,213,saturated,,false,1324.000,1.428,4.746,13.071,37810.815,38015.580,38045.686,43270,328333,46424064,18374656,49820,20,2026-08-01T18:44:30.437587Z
R2,214,saturated,,false,1300.000,1.632,2.807,5.627,37786.714,37988.176,38013.862,45959,329866,46424064,18440192,49860,20,2026-08-01T18:44:30.437587Z
R2,215,saturated,,false,1380.000,1.591,2.595,4.444,37797.109,38025.723,38055.756,48647,330546,46424064,18497536,49820,0,2026-08-01T18:44:30.437587Z
R2,216,saturated,,false,1341.000,1.648,2.971,4.972,37788.411,37995.251,38024.193,51347,332546,46653440,18554880,49860,0,2026-08-01T18:44:30.437587Z
R2,217,saturated,,false,1406.000,1.388,2.335,13.454,37758.935,37983.655,38013.368,54108,333926,46825472,18620416,49820,0,2026-08-01T18:44:30.437587Z
R2,218,saturated,,false,1400.000,1.498,2.273,2.605,37712.931,37938.891,37967.029,56886,335293,47144960,18685952,49829,0,2026-08-01T18:44:30.437587Z
R2,219,saturated,,false,1400.000,1.580,2.426,3.379,37654.682,37870.973,37905.874,59685,336693,47333376,18743296,49820,12,2026-08-01T18:44:30.437587Z
R2,220,saturated,,false,1400.000,1.498,2.424,3.401,37603.418,37827.202,37850.064,62499,338093,47644672,18808832,49820,17,2026-08-01T18:44:30.437587Z
R2,221,saturated,,false,1340.000,1.686,2.604,3.447,37552.132,37783.471,37826.077,65291,339493,47849472,18866176,49840,21,2026-08-01T18:44:30.437587Z
R2,222,saturated,,false,1420.000,1.473,2.310,3.837,37492.316,37708.171,37750.864,68027,340853,48136192,18931712,49848,0,2026-08-01T18:44:30.437587Z
R2,223,saturated,,false,1250.000,1.517,7.382,24.274,37510.042,37793.838,37826.342,70807,342273,48332800,18989056,49841,0,2026-08-01T18:44:30.437587Z
R2,224,saturated,,false,1370.000,1.510,3.031,3.831,37572.625,37801.201,37817.431,73386,343533,48611328,19046400,49860,0,2026-08-01T18:44:30.437587Z
R2,225,saturated,,false,1400.000,1.564,2.333,2.703,37537.772,37756.313,37789.534,76173,344913,48889856,19111936,49860,0,2026-08-01T18:44:30.437587Z
R2,226,saturated,,false,1340.000,1.601,2.551,13.769,37525.410,37747.578,37763.359,78832,346313,49102848,19177472,49900,0,2026-08-01T18:44:30.437587Z
R2,227,saturated,,false,1340.000,1.477,3.032,5.813,37547.906,37782.485,37810.902,81573,347693,49381376,19234816,49860,0,2026-08-01T18:44:30.437587Z
R2,228,saturated,,false,1440.000,1.440,2.230,2.595,37570.457,37790.506,37819.814,84225,348993,49594368,19292160,49840,0,2026-08-01T18:44:30.437587Z
R2,229,saturated,,false,1444.000,1.466,2.317,2.920,37536.335,37752.246,37776.452,87102,350413,49889280,19357696,49880,0,2026-08-01T18:44:30.437587Z
R2,230,saturated,,false,1380.000,1.662,2.624,3.657,37404.355,37703.315,37731.165,90026,351897,50151424,19423232,49860,20,2026-08-01T18:44:30.437587Z
R2,231,saturated,,false,1383.000,1.547,2.190,2.498,36616.494,37126.697,37151.103,92800,353257,50413568,19488768,49880,20,2026-08-01T18:44:30.437587Z
R2,232,saturated,,false,1402.000,1.604,2.353,2.809,36298.224,36689.267,36713.089,95599,354660,50634752,19546112,49860,11,2026-08-01T18:44:30.437587Z
R2,233,saturated,,false,1283.000,1.421,4.541,19.535,36257.816,36457.155,36486.356,98356,356042,50921472,19611648,49860,17,2026-08-01T18:44:30.437587Z
R2,234,saturated,,false,1380.000,1.615,2.593,3.985,36235.281,36452.426,36486.146,100962,357325,51183616,19668992,49860,0,2026-08-01T18:44:30.437587Z
R2,235,saturated,,false,1400.000,1.555,2.406,2.687,36207.186,36423.551,36439.156,103756,358705,51503104,19767296,49861,0,2026-08-01T18:44:30.437587Z
R2,236,saturated,,false,1321.000,1.534,2.487,4.827,36208.397,36419.750,36435.702,106291,360106,51830784,19865600,49940,20,2026-08-01T18:44:30.437587Z
R2,237,saturated,,false,1362.000,1.653,2.789,18.682,36183.244,36401.914,36428.596,109034,361505,52150272,19963904,49880,20,2026-08-01T18:44:30.437587Z
R2,238,saturated,,false,1420.000,1.503,2.231,2.549,36200.652,36418.881,36446.133,111707,362808,52453376,20078592,49880,0,2026-08-01T18:44:30.437587Z
R2,239,saturated,,false,1380.000,1.598,2.325,2.837,36192.605,36416.367,36441.665,114543,364228,52740096,20185088,49900,24,2026-08-01T18:44:30.437587Z
R2,240,saturated,,false,1379.000,1.695,2.647,3.028,36143.699,36367.055,36390.980,117200,365628,53051392,20283392,49893,21,2026-08-01T18:44:30.437587Z
R2,241,saturated,,false,1329.000,1.714,2.535,17.176,36147.994,36376.272,36407.056,119956,366989,53346304,20381696,49880,20,2026-08-01T18:44:30.437587Z
R2,242,saturated,,false,1461.000,1.365,2.174,2.753,36131.457,36365.046,36406.352,122634,368316,53641216,20496384,49900,0,2026-08-01T18:44:30.437587Z
R2,243,saturated,,false,1263.000,1.442,8.705,19.175,36172.104,36373.937,36416.392,125552,369797,53878784,20594688,49900,18,2026-08-01T18:44:30.437587Z
R2,244,saturated,,false,1380.000,1.575,2.287,2.823,36179.859,36406.672,36428.812,128096,371060,54165504,20709376,49920,0,2026-08-01T18:44:30.437587Z
R2,245,saturated,,false,1360.000,1.625,2.620,3.443,36198.826,36423.012,36446.292,130893,372460,54484992,20807680,49920,0,2026-08-01T18:44:30.437587Z
R2,246,saturated,,false,1302.000,1.686,2.528,2.997,36225.124,36436.808,36463.804,133642,373820,54779904,20914176,49960,0,2026-08-01T18:44:30.437587Z
R2,247,saturated,,false,1359.000,1.642,3.468,13.290,36278.350,36498.370,36517.641,136189,375160,55058432,21012480,49920,0,2026-08-01T18:44:30.437587Z
R2,248,saturated,,false,1380.000,1.690,2.439,2.811,36284.929,36509.364,36551.571,139011,376481,55304192,21118976,49920,0,2026-08-01T18:44:30.437587Z
R2,249,saturated,,false,1340.000,1.628,2.541,2.870,36332.620,36549.069,36588.177,141751,377861,55590912,21225472,49920,12,2026-08-01T18:44:30.437587Z
R2,250,saturated,,false,1381.000,1.597,2.323,2.590,36295.584,36511.152,36531.293,144470,379201,55877632,21331968,49940,0,2026-08-01T18:44:30.437587Z
R2,251,saturated,,false,1340.000,1.562,2.420,7.448,36253.860,36504.196,36517.245,147256,380602,56131584,21430272,49920,11,2026-08-01T18:44:30.437587Z
R2,252,saturated,,false,1380.000,1.729,2.520,3.564,36267.997,36491.151,36522.799,149935,381922,56434688,21528576,49920,0,2026-08-01T18:44:30.437587Z
R2,253,saturated,,false,1286.000,1.455,6.925,20.801,36332.354,36553.659,36581.191,152689,383302,56696832,21635072,49920,20,2026-08-01T18:44:30.437587Z
R2,254,saturated,,false,1361.000,1.751,2.926,3.581,36360.022,36575.059,36605.560,155272,383302,56926208,21741568,49957,20,2026-08-01T18:44:30.437587Z
R2,255,saturated,,false,1401.000,1.540,2.216,2.870,36366.149,36575.717,36592.488,158026,385279,57204736,21839872,49937,7,2026-08-01T18:44:30.437587Z
R2,256,saturated,,false,1203.000,1.565,7.115,19.967,36397.287,36627.856,36669.306,160798,386649,57425920,21929984,49575,19,2026-08-01T18:44:30.437587Z
R2,257,saturated,,false,1405.000,1.244,2.601,21.121,36470.106,36708.195,36744.964,163338,387953,57679872,22036480,49960,1274,2026-08-01T18:44:30.437587Z
R2,258,saturated,,false,1444.000,1.370,2.456,2.721,36432.595,36677.265,36717.872,2166,389292,57679872,22110208,49960,8,2026-08-01T18:45:30.534544Z
R2,259,saturated,,false,1339.000,1.556,4.397,7.690,36434.786,36673.057,36696.131,5001,390756,57679872,22167552,49961,8,2026-08-01T18:45:30.534544Z
R2,260,saturated,,false,1307.000,1.653,3.856,6.462,36439.502,36626.174,36642.678,7702,392056,57679872,22224896,49960,18,2026-08-01T18:45:30.534544Z
R2,261,saturated,,false,1438.000,1.422,2.959,10.447,36425.655,36644.005,36676.534,10352,393423,57679872,22290432,49940,20,2026-08-01T18:45:30.534544Z
R2,262,saturated,,false,1401.000,1.547,2.325,2.844,36385.839,36616.759,36632.688,13209,394784,57679872,22347776,49979,0,2026-08-01T18:45:30.534544Z
R2,263,saturated,,false,1111.000,1.832,7.488,30.161,36423.743,36728.164,36763.262,15993,396220,57679872,22405120,49976,0,2026-08-01T18:45:30.534544Z
R2,264,saturated,,false,1280.000,1.677,4.767,10.052,36561.299,36806.373,36842.040,18290,397739,57679872,22462464,49980,0,2026-08-01T18:45:30.534544Z
R2,265,saturated,,false,1400.000,1.378,2.542,4.471,36592.483,36804.815,36847.266,20872,398947,57679872,22528000,49980,0,2026-08-01T18:45:30.534544Z
R2,266,saturated,,false,1341.000,1.476,2.614,3.821,36646.610,36859.001,36903.538,23692,400012,57679872,22585344,49359,22,2026-08-01T18:45:30.534544Z
R2,267,saturated,,false,1380.000,1.458,3.187,17.903,36696.601,36911.736,36929.103,26373,401452,57679872,22642688,49986,17,2026-08-01T18:45:30.534544Z
R2,268,saturated,,false,1257.000,1.747,6.198,14.485,36741.520,37004.621,37035.009,29135,403453,57679872,22700032,49405,6,2026-08-01T18:45:30.534544Z
R2,269,saturated,,false,1340.000,1.662,2.984,3.635,36804.718,37027.010,37044.055,31670,404390,57679872,22765568,49320,0,2026-08-01T18:45:30.534544Z
R2,270,saturated,,false,1320.000,1.726,2.540,3.235,36779.014,36998.010,37017.079,34354,405645,57679872,22822912,49320,0,2026-08-01T18:45:30.534544Z
R2,271,saturated,,false,1400.000,1.623,2.287,2.593,36764.855,36991.119,37011.664,37039,406710,57679872,22888448,49312,0,2026-08-01T18:45:30.534544Z
R2,272,saturated,,false,1260.000,1.754,2.570,3.383,36801.928,37027.606,37067.958,39825,408102,57679872,22945792,49400,0,2026-08-01T18:45:30.534544Z
R2,273,saturated,,false,1091.000,1.954,12.115,34.093,36910.380,37163.912,37203.564,42351,409450,57679872,22994944,49494,13,2026-08-01T18:45:30.534544Z
R2,274,saturated,,false,1210.000,1.658,7.894,27.955,37198.055,37425.376,37454.523,44454,410635,57679872,23044096,49280,20,2026-08-01T18:45:30.534544Z
R2,275,saturated,,false,1380.000,1.644,2.562,3.522,37149.476,37370.027,37395.567,47045,411886,57679872,23101440,49320,0,2026-08-01T18:45:30.534544Z
R2,276,saturated,,false,1340.000,1.597,2.351,2.611,37190.383,37398.490,37426.372,49797,413306,58253312,23166976,49360,20,2026-08-01T18:45:30.534544Z
R2,277,saturated,,false,1294.000,1.623,8.810,23.935,37299.828,37500.195,37528.367,52391,414431,58253312,23224320,49334,24,2026-08-01T18:45:30.534544Z
R2,278,saturated,,false,1350.000,1.726,2.607,3.894,37277.477,37491.763,37518.798,55119,416380,58458112,23281664,49360,0,2026-08-01T18:45:30.534544Z
R2,279,saturated,,false,1360.000,1.708,2.543,3.206,37266.639,37500.367,37545.924,57846,417735,58662912,23347200,49360,0,2026-08-01T18:45:30.534544Z
R2,280,saturated,,false,1340.000,1.556,3.770,8.971,37293.422,37536.508,37579.421,60570,419095,58974208,23404544,49380,1,2026-08-01T18:45:30.534544Z
R2,281,saturated,,false,1360.000,1.661,2.517,9.622,37306.229,37512.728,37536.320,63247,420435,59138048,23470080,49360,0,2026-08-01T18:45:30.534544Z
R2,282,saturated,,false,1349.000,1.759,2.571,7.116,37304.769,37536.802,37552.022,65990,421795,59465728,23527424,49370,0,2026-08-01T18:45:30.534544Z
R2,283,saturated,,false,1312.000,1.495,6.578,18.589,37336.038,37594.233,37632.452,68678,423155,59629568,23584768,49300,0,2026-08-01T18:45:30.534544Z
R2,284,saturated,,false,1380.000,1.434,2.303,2.722,37337.248,37555.308,37588.661,71376,424476,59940864,23650304,49380,0,2026-08-01T18:45:30.534544Z
R2,285,saturated,,false,1360.000,1.594,2.360,9.794,37291.110,37514.847,37534.723,74106,425856,60170240,23715840,49360,0,2026-08-01T18:45:30.534544Z
R2,286,saturated,,false,1340.000,1.658,2.486,2.918,37297.616,37523.214,37546.403,76862,427216,60424192,23781376,49388,19,2026-08-01T18:45:30.534544Z
R2,287,saturated,,false,1382.000,1.528,2.713,18.904,37307.246,37531.069,37574.847,79549,428538,60710912,23838720,49360,20,2026-08-01T18:45:30.534544Z
R2,288,saturated,,false,1440.000,1.458,2.437,2.763,37282.711,37515.957,37560.427,82339,429938,60915712,23904256,49320,20,2026-08-01T18:45:30.534544Z
R2,289,saturated,,false,1400.000,1.622,2.415,3.247,37216.744,37441.358,37459.059,85254,431389,61227008,23961600,49360,0,2026-08-01T18:45:30.534544Z
R2,290,saturated,,false,1400.000,1.648,2.417,2.750,37153.109,37390.252,37437.567,88079,432798,61456384,24027136,49354,11,2026-08-01T18:45:30.534544Z
R2,291,saturated,,false,1337.000,1.780,2.857,5.618,37136.357,37355.378,37385.190,90839,434178,61726720,24092672,49400,0,2026-08-01T18:45:30.534544Z
R2,292,saturated,,false,1407.000,1.554,2.365,2.880,37144.126,37364.925,37393.156,93533,435518,61964288,24158208,49360,0,2026-08-01T18:45:30.534544Z
R2,293,saturated,,false,1323.000,1.387,7.479,18.982,37163.114,37352.701,37378.276,96340,436942,62201856,24207360,49302,20,2026-08-01T18:45:30.534544Z
R2,294,saturated,,false,1381.000,1.597,2.377,2.643,37069.340,37284.801,37329.801,99027,438265,62480384,24272896,49360,11,2026-08-01T18:45:30.534544Z
R2,295,saturated,,false,1346.000,1.664,2.569,2.952,37122.033,37346.806,37392.833,101825,439658,62808064,24338432,49400,11,2026-08-01T18:45:30.534544Z
R2,296,saturated,,false,1359.000,1.490,2.394,4.477,37123.208,37340.868,37377.586,104554,441011,63143936,24403968,49420,0,2026-08-01T18:45:30.534544Z
R2,297,saturated,,false,1340.000,1.571,3.071,16.543,37145.565,37348.637,37373.828,107207,442331,63455232,24453120,49400,8,2026-08-01T18:45:30.534544Z
R2,298,saturated,,false,1361.000,1.590,3.093,4.961,37129.561,37345.658,37365.257,109934,443706,63774720,24518656,49380,14,2026-08-01T18:45:30.534544Z
R2,299,saturated,,false,1360.000,1.678,2.700,3.612,37168.577,37390.965,37421.422,112694,445072,64069632,24584192,49408,20,2026-08-01T18:45:30.534544Z
R2,300,saturated,,true,1520.000,1.764,2.657,3.564,37126.048,37390.619,37435.383,115405,446412,64397312,24641536,49920,4,2026-08-01T18:45:30.534544Z
R2,301,saturated,,true,1220.000,1.660,2.840,3.260,36966.834,37223.429,37261.772,118154,447792,64847872,24723456,49380,2466,2026-08-01T18:45:30.534544Z
R2,302,saturated,,true,1340.000,1.898,4.175,4.897,36941.785,37152.947,37182.716,120951,449172,65388544,24821760,49440,5172,2026-08-01T18:45:30.534544Z
R2,303,saturated,,true,1212.000,2.090,8.872,22.649,37093.283,37357.359,37380.746,123528,450512,65855488,24895488,49410,7590,2026-08-01T18:45:30.534544Z
R2,304,saturated,,true,1359.000,1.968,3.158,5.455,37070.502,37288.671,37316.660,126093,450512,66363392,24993792,49420,10326,2026-08-01T18:45:30.534544Z
R2,305,saturated,,true,1281.000,2.139,3.377,52.238,37112.574,37318.608,37377.348,128804,452423,66871296,25083904,49499,12894,2026-08-01T18:45:30.534544Z
R2,306,saturated,,true,1288.000,2.372,3.490,4.546,37092.755,37308.728,37327.717,131373,453783,67362816,25165824,49475,15533,2026-08-01T18:45:30.534544Z
R2,307,saturated,,true,1317.000,2.483,4.408,16.313,37137.859,37367.878,37398.668,133905,455048,67846144,25255936,49437,18086,2026-08-01T18:45:30.534544Z
R2,308,saturated,,true,1303.000,2.657,3.500,3.778,37159.413,37385.154,37415.439,136574,456310,68329472,25337856,49440,20728,2026-08-01T18:45:30.534544Z
R2,309,saturated,,true,1320.000,2.849,3.647,3.941,37203.489,37427.537,37446.492,139208,457632,68812800,25436160,49440,23377,2026-08-01T18:45:30.534544Z
R2,310,saturated,,true,1362.000,2.520,3.855,10.315,37100.464,37316.392,37363.298,141926,458952,69320704,25526272,49420,26124,2026-08-01T18:45:30.534544Z
R2,311,saturated,,true,1300.000,3.101,3.964,4.342,36891.023,37145.644,37175.500,144596,460294,69836800,25608192,49460,28729,2026-08-01T18:45:30.534544Z
R2,312,saturated,,true,1340.000,2.780,4.128,4.676,36894.394,37112.039,37133.004,147210,461634,70295552,25706496,49448,31396,2026-08-01T18:45:30.534544Z
R2,313,saturated,,true,1226.000,2.932,7.101,19.324,36941.294,37207.450,37238.539,149727,462954,70746112,25780224,49464,33894,2026-08-01T18:45:30.534544Z
R2,314,saturated,,true,1305.000,3.235,4.431,4.898,36973.434,37194.100,37210.055,152360,464204,71245824,25878528,49499,36505,2026-08-01T18:45:30.534544Z
R2,315,saturated,,true,1280.000,3.292,4.360,4.937,37043.899,37256.777,37279.426,154940,465525,71696384,25952256,49460,39083,2026-08-01T18:45:30.534544Z
R2,316,saturated,,true,1204.000,3.185,8.018,10.483,37129.178,37346.243,37364.986,157407,466785,72171520,26042368,49496,41570,2026-08-01T18:45:30.534544Z
R2,317,saturated,,true,1323.000,2.753,5.345,16.664,37178.469,37401.897,37427.895,43123,468072,72646656,26140672,49460,44165,2026-08-01T18:46:30.444773Z
R2,318,saturated,,true,1264.000,3.480,5.236,7.235,37196.031,37419.608,37452.804,46636,469885,72646656,26230784,49489,46715,2026-08-01T18:46:30.444773Z
R2,319,saturated,,true,1337.000,2.989,4.689,5.087,37244.788,37470.746,37486.940,49208,471185,72646656,26312704,49455,49387,2026-08-01T18:46:30.444773Z
R2,320,saturated,,true,1336.000,2.967,4.586,5.100,37232.631,37465.121,37485.367,51949,472476,72646656,26451968,49500,52075,2026-08-01T18:46:30.444773Z
R2,321,saturated,,true,1322.000,2.941,4.862,6.110,37214.337,37445.460,37473.127,54623,473862,72646656,26583040,49500,54734,2026-08-01T18:46:30.444773Z
R2,322,saturated,,true,1389.000,2.474,4.762,5.237,37261.184,37488.363,37518.581,57314,475184,72646656,26705920,49499,57525,2026-08-01T18:46:30.444773Z
R2,323,saturated,,true,1231.000,2.712,7.052,22.353,37254.924,37528.225,37563.922,60028,476827,72646656,26836992,49480,59991,2026-08-01T18:46:30.444773Z
R2,324,saturated,,true,1321.000,3.026,5.067,5.693,37337.964,37552.639,37588.515,62517,478037,72908800,26968064,49502,62658,2026-08-01T18:46:30.444773Z
R2,325,saturated,,true,1295.000,3.243,5.621,9.483,37398.767,37623.965,37655.894,64969,479125,73326592,27090944,49476,65257,2026-08-01T18:46:30.444773Z
R2,326,saturated,,true,1266.000,3.132,5.391,6.194,37475.579,37704.023,37751.650,66993,480651,73580544,27164672,49560,66655,2026-08-01T18:46:30.444773Z
R2,327,saturated,,true,1321.000,2.795,6.132,23.951,37617.500,37825.716,37841.860,69500,481746,74055680,27271168,49496,69086,2026-08-01T18:46:30.444773Z
R2,328,saturated,,true,1320.000,3.153,5.332,5.960,37632.715,37862.248,37893.870,72162,483003,74555392,27418624,49511,71810,2026-08-01T18:46:30.444773Z
R2,329,saturated,,true,1340.000,2.835,5.235,5.747,37644.579,37867.213,37885.141,74849,484338,75079680,27541504,49521,74502,2026-08-01T18:46:30.444773Z
R2,330,saturated,,true,1295.000,2.909,5.469,20.949,37690.628,37908.712,37937.156,77397,485687,75636736,27680768,49524,77189,2026-08-01T18:46:30.444773Z
R2,331,saturated,,true,1366.000,2.690,5.054,6.051,37706.161,37953.413,37986.116,80125,486975,76054528,27803648,49474,79722,2026-08-01T18:46:30.444773Z
R2,332,saturated,,true,1354.000,2.646,5.505,6.042,37686.688,37921.204,37946.747,82911,488302,76652544,27934720,49556,82564,2026-08-01T18:46:30.444773Z
R2,333,saturated,,true,1288.000,2.724,7.741,20.877,37750.346,37999.403,38045.934,85632,489735,77119488,28073984,49484,85065,2026-08-01T18:46:30.444773Z
R2,334,saturated,,true,1384.000,2.697,5.039,5.737,37791.746,38011.954,38040.107,88185,491201,77586432,28196864,49480,87802,2026-08-01T18:46:30.444773Z
R2,335,saturated,,true,1340.000,2.951,5.547,6.435,37753.231,37968.557,37987.273,90936,492334,78135296,28336128,49506,90575,2026-08-01T18:46:30.444773Z
R2,336,saturated,,true,1272.000,3.193,6.382,10.923,37776.537,38001.510,38035.355,93661,493955,78618624,28475392,49536,93202,2026-08-01T18:46:30.444773Z
R2,337,saturated,,true,1329.000,3.136,6.108,8.973,37836.990,38075.113,38099.926,96226,494998,79093760,28598272,49505,95785,2026-08-01T18:46:30.444773Z
R2,338,saturated,,true,1345.000,2.897,5.905,11.872,37859.967,38090.165,38114.484,98833,496289,79585280,28729344,49497,98430,2026-08-01T18:46:30.444773Z
R2,339,saturated,,true,1408.000,2.631,4.925,6.066,37849.388,38066.284,38092.683,101621,497637,80125952,28868608,49480,101235,2026-08-01T18:46:30.444773Z
R2,340,saturated,,true,1412.000,2.664,4.733,5.722,37823.248,38051.531,38069.202,104477,499028,80683008,29016064,49494,104084,2026-08-01T18:46:30.444773Z
R2,341,saturated,,true,1345.000,2.898,5.993,7.509,37744.968,37981.402,38014.574,107225,500711,81190912,29147136,49524,106818,2026-08-01T18:46:30.444773Z
R2,342,saturated,,true,1312.000,3.118,6.406,7.431,37699.550,37936.086,37955.096,109935,501821,81707008,29270016,49551,109493,2026-08-01T18:46:30.444773Z
R2,343,saturated,,true,1248.000,2.938,11.543,20.958,37745.599,38010.058,38047.541,112620,503165,82190336,29392896,49515,112040,2026-08-01T18:46:30.444773Z
R2,344,saturated,,true,1354.000,3.013,5.846,7.346,37748.483,37974.043,37991.884,115098,504380,82657280,29507584,49519,114669,2026-08-01T18:46:30.444773Z
R2,345,saturated,,true,1357.000,2.910,6.470,8.474,37702.247,37916.763,37934.744,117788,505725,83140608,29655040,49500,117346,2026-08-01T18:46:30.444773Z
R2,346,saturated,,true,1336.000,3.065,5.378,6.484,37638.584,37851.635,37873.517,120578,507325,83689472,29810688,49558,120152,2026-08-01T18:46:30.444773Z
R2,347,saturated,,true,1316.000,2.834,7.779,20.867,37674.770,37884.465,37906.033,123203,508723,84180992,29925376,49501,122704,2026-08-01T18:46:30.444773Z
R2,348,saturated,,true,1379.000,3.110,5.191,6.881,37632.143,37847.938,37871.993,125934,509975,84705280,30072832,49540,125524,2026-08-01T18:46:30.444773Z
R2,349,saturated,,true,1340.000,3.372,5.773,7.211,37614.379,37834.759,37861.688,128663,511648,85213184,30212096,49543,128209,2026-08-01T18:46:30.444773Z
R2,350,saturated,,true,1390.000,2.993,4.806,6.224,37567.959,37790.993,37818.572,131286,512994,85737472,30334976,49540,130996,2026-08-01T18:46:30.444773Z
R2,351,saturated,,true,1399.000,2.778,5.576,7.429,37463.754,37693.208,37732.314,133922,512994,86228992,30466048,49532,133753,2026-08-01T18:46:30.444773Z
R2,352,saturated,,true,1374.000,3.105,5.191,6.647,37392.860,37620.250,37662.759,136607,514529,86786048,30613504,49553,136581,2026-08-01T18:46:30.444773Z
R2,353,saturated,,true,1264.000,2.995,8.417,27.095,37357.896,37589.918,37631.123,139319,515952,87269376,30744576,49530,139119,2026-08-01T18:46:30.444773Z
R2,354,saturated,,true,1397.000,3.053,5.167,6.330,37284.809,37504.454,37542.130,141778,517340,87777280,30859264,49516,141860,2026-08-01T18:46:30.444773Z
R2,355,saturated,,true,1418.000,2.925,4.453,5.705,37215.164,37439.755,37473.687,144584,518606,88301568,31014912,49525,144679,2026-08-01T18:46:30.444773Z
R2,356,saturated,,true,1374.000,3.124,5.116,7.121,37095.571,37316.577,37388.337,147445,520248,88834048,31170560,49558,147545,2026-08-01T18:46:30.444773Z
R2,357,saturated,,true,1266.000,3.527,8.391,19.271,37155.211,37360.442,37379.914,150120,521417,89309184,31285248,49559,150072,2026-08-01T18:46:30.444773Z
R2,358,saturated,,true,1360.000,3.437,5.522,6.852,37166.472,37387.462,37408.964,152725,522700,89800704,31424512,49528,152737,2026-08-01T18:46:30.444773Z
R2,359,saturated,,true,1380.000,3.317,4.792,5.636,37123.009,37346.173,37379.574,155042,524044,90324992,31563776,49543,155512,2026-08-01T18:46:30.444773Z
R2,360,saturated,,true,1357.000,3.570,5.319,6.356,37094.682,37350.228,37382.222,157401,525663,90849280,31694848,49534,158223,2026-08-01T18:46:30.444773Z
R2,361,saturated,,true,1267.000,3.793,7.312,12.147,37050.550,37278.572,37319.122,159995,527297,91365376,31817728,49602,160907,2026-08-01T18:46:30.444773Z
R2,362,saturated,,true,1170.000,4.383,9.009,12.469,37155.606,37366.380,37403.212,162612,528784,91799552,31932416,49560,163176,2026-08-01T18:46:30.444773Z
R2,363,saturated,,true,1132.000,4.083,10.413,34.343,37211.950,37498.183,37535.017,164958,529918,92225536,32047104,49590,165546,2026-08-01T18:46:30.444773Z
R2,364,saturated,,true,1328.000,3.882,5.897,6.937,37278.702,37516.825,37559.697,167312,531083,92692480,32169984,49562,168114,2026-08-01T18:46:30.444773Z
R2,365,saturated,,true,1338.000,3.837,5.660,6.942,37266.645,37487.842,37508.226,169797,532892,93175808,32317440,49551,170765,2026-08-01T18:46:30.444773Z
R2,366,saturated,,true,1278.000,4.115,6.087,7.618,37270.895,37497.902,37518.012,172458,534220,93675520,32432128,49581,173394,2026-08-01T18:46:30.444773Z
R2,367,saturated,,true,1244.000,4.194,7.563,19.077,37355.136,37598.690,37617.081,174931,535527,94134272,32563200,49562,175854,2026-08-01T18:46:30.444773Z
R2,368,saturated,,true,1148.000,4.381,9.695,29.859,37376.083,37634.120,37693.341,177409,536751,94642176,32686080,49623,178448,2026-08-01T18:46:30.444773Z
R2,369,saturated,,true,1304.000,4.183,6.079,7.157,37516.814,37738.452,37777.643,179888,536751,95068160,32800768,49566,180766,2026-08-01T18:46:30.444773Z
R2,370,saturated,,true,1280.000,4.363,6.626,7.946,37582.126,37805.169,37826.295,182367,538038,95551488,32940032,49576,183365,2026-08-01T18:46:30.444773Z
R2,371,saturated,,true,1259.000,4.653,6.896,8.396,37564.639,37804.466,37843.772,184960,539350,96034816,33054720,49602,185942,2026-08-01T18:46:30.444773Z
R2,372,saturated,,true,1140.000,4.856,9.867,21.134,37612.838,37866.576,37902.944,187517,540631,96501760,33193984,49683,188399,2026-08-01T18:46:30.444773Z
R2,373,saturated,,true,925.000,5.853,18.028,37.046,38010.606,38295.179,38326.255,189810,541877,96911360,33284096,49634,190254,2026-08-01T18:46:30.444773Z
R2,374,saturated,,true,1190.000,5.209,8.039,12.307,38122.896,38346.172,38391.252,191624,542962,97320960,33390592,49613,192512,2026-08-01T18:46:30.444773Z
R2,375,saturated,,true,1142.000,5.414,9.449,11.403,38215.910,38448.559,38494.136,193965,543948,97714176,33497088,49602,194822,2026-08-01T18:46:30.444773Z
R2,376,saturated,,true,1033.000,5.521,15.985,23.859,38420.562,38682.205,38716.719,196240,545121,98123776,33619968,49622,196891,2026-08-01T18:46:30.444773Z
R2,377,saturated,,true,1125.000,5.280,9.759,27.149,38624.711,38834.017,38854.611,198327,546226,98541568,33734656,49617,199137,2026-08-01T18:46:30.444773Z
R2,378,saturated,,true,1189.000,5.080,8.464,10.841,38745.889,38990.581,39029.418,200196,546788,99106816,33849344,49605,201513,2026-08-01T18:47:30.599500Z
R2,379,saturated,,true,1151.000,5.515,9.656,13.555,38958.327,39219.423,39256.737,202581,548230,99581952,33972224,49613,203844,2026-08-01T18:47:30.599500Z
R2,380,saturated,,true,1211.000,5.111,7.780,10.605,39096.422,39313.413,39333.200,204903,549471,99983360,34086912,49608,206254,2026-08-01T18:47:30.599500Z
R2,381,saturated,,true,1089.000,5.337,9.666,22.694,39151.127,39401.864,39440.411,207328,550580,100409344,34193408,49720,208652,2026-08-01T18:47:30.599500Z
R2,382,saturated,,true,1100.000,6.022,11.902,15.857,39451.516,39692.280,39730.392,209688,551789,100835328,34308096,49626,210699,2026-08-01T18:47:30.599500Z
R2,383,saturated,,true,943.000,6.262,17.080,70.664,39577.022,39802.329,39831.870,211745,552884,101228544,34422784,49659,212694,2026-08-01T18:47:30.599500Z
R2,384,saturated,,true,1142.000,5.600,9.322,12.051,39784.560,40029.425,40073.410,213687,553859,101588992,34521088,49617,214853,2026-08-01T18:47:30.599500Z
R2,385,saturated,,true,1133.000,5.806,9.505,12.047,39935.105,40193.291,40233.607,215929,554960,102031360,34635776,49664,217223,2026-08-01T18:47:30.599500Z
R2,386,saturated,,true,1044.000,6.736,11.115,13.734,40128.496,40360.768,40402.394,218265,556140,102481920,34750464,49674,219359,2026-08-01T18:47:30.599500Z
R2,387,saturated,,true,1073.000,6.068,11.019,25.949,40393.214,40614.912,40637.311,220370,557199,102834176,34832384,49622,221375,2026-08-01T18:47:30.599500Z
R2,388,saturated,,true,1163.000,5.558,9.316,11.180,40513.044,40776.501,40814.474,222459,558213,103260160,34955264,49636,223726,2026-08-01T18:47:30.599500Z
R2,389,saturated,,true,1150.000,5.749,9.074,10.800,40640.492,40883.759,40923.015,224813,559390,103694336,35069952,49635,226032,2026-08-01T18:47:30.599500Z
R2,390,saturated,,true,1109.000,6.151,9.670,12.835,40824.771,41080.579,41117.289,227120,560540,104144896,35176448,49646,228293,2026-08-01T18:47:30.599500Z
R2,391,saturated,,true,1134.000,5.945,9.570,12.479,41034.672,41279.021,41315.698,229366,561658,104587264,35291136,49634,230534,2026-08-01T18:47:30.599500Z
R2,392,saturated,,true,923.000,6.555,16.140,81.665,41194.396,41411.933,41444.840,231628,562785,104988672,35405824,49814,232791,2026-08-01T18:47:30.599500Z
R2,393,saturated,,true,293.000,15.565,148.186,345.676,41654.979,42309.650,42330.134,233650,563881,105185280,35471360,49875,233719,2026-08-01T18:47:30.599500Z
R2,394,saturated,,true,1027.000,6.823,12.513,20.419,42389.100,42659.349,42697.741,234405,563881,105398272,35520512,49664,235111,2026-08-01T18:47:30.599500Z
R2,395,saturated,,true,1005.000,6.904,13.285,17.333,42640.050,42882.010,42925.940,236264,564520,105816064,35635200,49660,237123,2026-08-01T18:47:30.599500Z
R2,396,saturated,,true,1068.000,6.603,10.471,13.496,42831.777,43050.926,43076.548,238281,565563,106233856,35741696,49678,239280,2026-08-01T18:47:30.599500Z
R2,397,saturated,,true,1005.000,6.513,13.066,54.619,43103.597,43307.778,43326.060,240420,566598,106553344,35848192,49654,241254,2026-08-01T18:47:30.599500Z
R2,398,saturated,,true,1083.000,6.449,10.492,13.901,43279.831,43552.701,43592.934,242439,567583,106995712,35954688,49653,243435,2026-08-01T18:47:30.599500Z
R2,399,saturated,,true,1081.000,6.527,10.936,14.043,43553.707,43783.319,43822.092,244624,569184,107413504,36069376,49661,245611,2026-08-01T18:47:30.599500Z
R2,400,saturated,,true,1094.000,6.469,10.149,12.187,43738.633,44002.780,44045.222,246790,570260,107782144,36167680,49658,247807,2026-08-01T18:47:30.599500Z
R2,401,saturated,,true,1010.000,7.064,13.092,19.150,43932.263,44241.860,44278.563,248990,571339,108208128,36282368,49706,249948,2026-08-01T18:47:30.599500Z
R2,402,saturated,,true,1074.000,6.614,10.949,13.860,44119.501,44350.396,44389.122,251053,572435,108617728,36380672,49668,252003,2026-08-01T18:47:30.599500Z
R2,403,saturated,,true,789.000,7.503,35.448,98.199,44430.060,44792.466,44823.465,253197,573479,108945408,36478976,49747,253901,2026-08-01T18:47:30.599500Z
R2,404,saturated,,true,1033.000,6.974,11.727,16.220,44794.838,45078.175,45117.738,254800,574347,109305856,36560896,49672,255660,2026-08-01T18:47:30.599500Z
R2,405,saturated,,true,1039.000,7.016,11.770,14.917,45057.274,45280.505,45318.447,256856,575303,109666304,36667392,49673,257757,2026-08-01T18:47:30.599500Z
R2,406,saturated,,true,1034.000,6.907,11.525,14.706,45250.684,45533.462,45572.936,258948,576344,110084096,36765696,49682,259848,2026-08-01T18:47:30.599500Z
R2,407,saturated,,true,873.000,8.583,19.564,31.048,45583.242,45792.004,45821.284,261023,577390,110411776,36864000,49704,261671,2026-08-01T18:47:30.599500Z
R2,408,saturated,,true,1026.000,7.421,11.608,14.529,45693.439,45916.715,45947.682,262808,578281,110804992,36954112,49679,263641,2026-08-01T18:47:30.599500Z
R2,409,saturated,,true,986.000,7.701,12.882,16.392,45835.811,46057.724,46080.674,264850,579283,111181824,37052416,49717,265697,2026-08-01T18:47:30.599500Z
R2,410,saturated,,true,962.000,8.122,14.255,16.820,46061.811,46277.048,46307.956,266842,580560,111534080,37150720,49694,267590,2026-08-01T18:47:30.599500Z
R2,411,saturated,,true,1009.000,7.463,12.355,16.654,46289.487,46565.337,46604.090,268782,580560,111927296,37249024,49687,269609,2026-08-01T18:47:30.599500Z
R2,412,saturated,,true,1003.000,7.434,12.705,16.721,46552.442,46770.995,46806.864,270794,581752,112279552,37355520,49700,271627,2026-08-01T18:47:30.599500Z
R2,413,saturated,,true,851.000,8.329,23.453,37.679,46841.609,47193.209,47227.483,272820,582750,112664576,37453824,49713,273414,2026-08-01T18:47:30.599500Z
R2,414,saturated,,true,992.000,7.569,13.010,17.069,47055.560,47280.851,47313.940,274532,583753,112984064,37543936,49725,275361,2026-08-01T18:47:30.599500Z
R2,415,saturated,,true,945.000,8.315,15.121,18.326,47321.851,47626.605,47663.730,276534,585133,113385472,37642240,49711,277274,2026-08-01T18:47:30.599500Z
R2,416,saturated,,true,1007.000,7.458,12.014,14.433,47513.328,47750.768,47790.207,278425,586064,113713152,37732352,49699,279242,2026-08-01T18:47:30.599500Z
R2,417,saturated,,true,952.000,7.758,15.660,26.481,47692.512,47971.731,48007.676,280431,587060,114098176,37822464,49697,281131,2026-08-01T18:47:30.599500Z
R2,418,saturated,,true,1012.000,7.541,12.115,16.298,47976.426,48236.929,48275.706,282363,588007,114442240,37945344,49702,283170,2026-08-01T18:47:30.599500Z
R2,419,saturated,,true,977.000,7.986,14.082,16.649,48131.074,48392.069,48431.979,284405,589025,114843648,38035456,49717,285169,2026-08-01T18:47:30.599500Z
R2,420,saturated,,true,894.000,9.087,15.843,19.794,48472.552,48762.616,48802.486,286360,590018,115171328,38117376,49731,286999,2026-08-01T18:47:30.599500Z
R2,421,saturated,,true,926.000,8.372,15.412,21.786,48633.432,48908.307,48944.188,288169,590018,115556352,38215680,49750,288889,2026-08-01T18:47:30.599500Z
R2,422,saturated,,true,986.000,8.016,13.295,16.340,48679.891,48920.790,48962.304,290051,591392,115867648,38305792,49711,290770,2026-08-01T18:47:30.599500Z
R2,423,saturated,,true,832.000,8.456,21.196,61.431,48854.590,49174.595,49208.825,292014,592322,116252672,38395904,49718,292516,2026-08-01T18:47:30.599500Z
R2,424,saturated,,true,964.000,8.042,14.304,18.962,49083.126,49299.624,49319.555,293689,593306,116555776,38486016,49711,294390,2026-08-01T18:47:30.599500Z
R2,425,saturated,,true,958.000,8.306,13.514,17.132,49178.585,49414.882,49454.043,295634,594124,116957184,38584320,49718,296326,2026-08-01T18:47:30.599500Z
R2,426,saturated,,true,916.000,8.467,15.581,22.447,49286.813,49516.613,49553.988,297551,595105,117268480,38674432,49724,298181,2026-08-01T18:47:30.599500Z
R2,427,saturated,,true,892.000,8.483,17.110,43.620,49565.700,49769.822,49798.810,299275,596502,117653504,38772736,49716,299944,2026-08-01T18:47:30.599500Z
R2,428,saturated,,true,955.000,8.332,14.315,18.035,49695.428,49953.831,49991.034,301114,597384,117981184,38854656,49725,301869,2026-08-01T18:47:30.599500Z
R2,429,saturated,,true,956.000,8.246,14.312,19.538,49924.099,50164.029,50202.861,303041,598344,118366208,38944768,49721,303785,2026-08-01T18:47:30.599500Z
R2,430,saturated,,true,934.000,8.436,14.975,19.097,50096.774,50313.814,50347.680,304958,599303,118685696,39051264,49725,305656,2026-08-01T18:47:30.599500Z
R2,431,saturated,,true,960.000,8.359,13.576,16.362,50312.826,50576.919,50618.428,306836,600490,119062528,39149568,49721,307580,2026-08-01T18:47:30.599500Z
R2,432,saturated,,true,939.000,8.402,14.806,17.770,50501.452,50720.044,50749.543,308765,601447,119398400,39239680,49726,309474,2026-08-01T18:47:30.599500Z
R2,433,saturated,,true,787.000,9.189,23.743,64.472,50612.436,50885.777,50937.524,310652,602391,119726080,39329792,49754,311147,2026-08-01T18:47:30.599500Z
R2,434,saturated,,true,871.000,8.692,16.665,26.588,50836.297,51068.788,51088.881,312244,602954,120053760,39403520,49726,312893,2026-08-01T18:47:30.599500Z
R2,435,saturated,,true,915.000,9.116,15.379,21.223,50995.302,51242.196,51280.056,313988,604261,120373248,39493632,49737,314657,2026-08-01T18:47:30.599500Z
R2,436,saturated,,true,810.000,9.831,20.507,33.356,51197.017,51507.231,51540.095,315803,604725,120709120,39591936,49737,316291,2026-08-01T18:47:30.599500Z
R2,437,saturated,,true,798.000,10.065,21.363,40.597,51570.415,51776.272,51807.169,317408,604725,121004032,39657472,49766,317946,2026-08-01T18:47:30.599500Z
R2,438,saturated,,true,843.000,9.895,18.013,24.946,51742.256,52014.817,52053.706,318556,606335,121266176,39739392,49747,319604,2026-08-01T18:48:30.600865Z
R2,439,saturated,,true,901.000,9.170,15.519,20.686,51881.321,52137.056,52171.870,320284,607174,121561088,39829504,49747,321391,2026-08-01T18:48:30.600865Z
R2,440,saturated,,true,900.000,9.114,15.562,19.150,52070.777,52290.946,52312.308,322093,608046,121839616,39911424,49749,323213,2026-08-01T18:48:30.600865Z
R2,441,saturated,,true,897.000,9.329,16.152,20.885,52313.338,52573.999,52610.485,323902,609398,122265600,40009728,49755,325009,2026-08-01T18:48:30.600865Z
R2,442,saturated,,true,915.000,8.968,15.057,19.745,52541.511,52761.030,52800.507,325716,610300,122535936,40108032,49735,326831,2026-08-01T18:48:30.600865Z
R2,443,saturated,,true,759.000,10.059,27.014,52.559,52733.843,53109.931,53145.335,327546,611200,122888192,40189952,49768,328446,2026-08-01T18:48:30.600865Z
R2,444,saturated,,true,881.000,9.465,16.541,21.766,53051.962,53269.452,53299.532,329081,611988,123224064,40263680,49745,330160,2026-08-01T18:48:30.600865Z
R2,445,saturated,,true,882.000,9.474,15.754,19.352,53187.085,53498.589,53539.240,330854,612846,123494400,40361984,49755,331913,2026-08-01T18:48:30.600865Z
R2,446,saturated,,true,826.000,10.584,20.078,23.691,53253.663,53482.220,53509.837,332544,613738,123879424,40452096,49787,333652,2026-08-01T18:48:30.600865Z
R2,447,saturated,,true,799.000,9.996,22.521,39.948,52845.412,53111.428,53143.977,334112,614597,124174336,40534016,49749,335159,2026-08-01T18:48:30.600865Z
R2,448,saturated,,true,883.000,9.376,16.571,21.479,53011.143,53235.726,53280.059,335811,615357,124452864,40607744,49761,336948,2026-08-01T18:48:30.600865Z
R2,449,saturated,,true,670.000,12.385,24.249,81.254,53110.289,53429.658,53462.628,337589,616251,124772352,40697856,49897,338616,2026-08-01T18:48:30.600865Z
R2,450,saturated,,true,395.000,24.207,67.406,89.027,53885.431,54270.176,54290.478,338859,617056,124936192,40755200,49847,339404,2026-08-01T18:48:30.600865Z
R2,451,saturated,,true,609.000,14.298,35.476,62.766,54221.833,54504.530,54535.238,339657,617404,125149184,40796160,49825,340465,2026-08-01T18:48:30.600865Z
R2,452,saturated,,true,758.000,10.466,20.994,26.856,54548.370,54761.268,54786.309,340959,617991,125394944,40869888,49825,341951,2026-08-01T18:48:30.600865Z
R2,453,saturated,,true,710.000,11.612,30.489,59.633,54941.824,55264.310,55294.568,342503,618744,125665280,40935424,49780,343337,2026-08-01T18:48:30.600865Z
R2,454,saturated,,true,858.000,10.002,18.286,22.354,55114.637,55378.208,55410.414,343969,619411,125984768,41017344,49774,344995,2026-08-01T18:48:30.600865Z
R2,455,saturated,,true,801.000,10.845,19.887,24.955,55437.790,55705.678,55738.400,345639,620263,126320640,41091072,49778,346623,2026-08-01T18:48:30.600865Z
R2,456,saturated,,true,771.000,10.912,22.261,31.073,55666.241,55946.571,55983.304,347228,621326,126574592,41189376,49775,348161,2026-08-01T18:48:30.600865Z
R2,457,saturated,,true,752.000,10.938,23.321,55.566,56034.648,56252.273,56284.119,348739,621326,126853120,41263104,49788,349690,2026-08-01T18:48:30.600865Z
R2,458,saturated,,true,813.000,11.058,18.252,22.664,56172.666,56431.238,56468.359,350367,622185,127197184,41345024,49789,351336,2026-08-01T18:48:30.600865Z
R2,459,saturated,,true,822.000,10.461,18.044,24.080,56458.046,56734.711,56770.466,352006,623010,127508480,41435136,49785,352965,2026-08-01T18:48:30.600865Z
R2,460,saturated,,true,831.000,10.528,18.479,23.548,56456.838,56677.734,56704.720,353567,623829,127778816,41500672,49783,354616,2026-08-01T18:48:30.600865Z
R2,461,saturated,,true,834.000,10.554,19.167,24.156,56560.872,56786.713,56819.839,355254,624638,128114688,41598976,49788,356301,2026-08-01T18:48:30.600865Z
R2,462,saturated,,true,823.000,10.746,18.233,22.357,56781.952,57044.097,57085.650,356941,625482,128450560,41680896,49781,357960,2026-08-01T18:48:30.600865Z
R2,463,saturated,,true,692.000,11.195,28.786,86.204,57054.051,57259.717,57290.115,358576,626316,128720896,41754624,49792,359395,2026-08-01T18:48:30.600865Z
R2,464,saturated,,true,759.000,10.738,20.822,68.519,57325.631,57613.709,57648.794,359970,627421,128966656,41820160,49779,360917,2026-08-01T18:48:30.600865Z
R2,465,saturated,,true,799.000,11.100,21.003,27.351,57485.936,57746.096,57784.072,361494,628169,129261568,41918464,49782,362494,2026-08-01T18:48:30.600865Z
R2,466,saturated,,true,834.000,10.669,18.120,21.992,57610.443,57863.908,57901.628,363114,628968,129622016,41984000,49789,364142,2026-08-01T18:48:30.600865Z
R2,467,saturated,,true,675.000,12.766,31.573,51.432,57957.774,58242.546,58279.506,364685,629810,129892352,42057728,49822,365644,2026-08-01T18:48:30.600865Z
R2,468,saturated,,true,776.000,11.732,21.077,25.340,58125.684,58352.656,58395.135,366146,630513,130146304,42131456,49797,367100,2026-08-01T18:48:30.600865Z
R2,469,saturated,,true,787.000,11.276,20.344,24.814,58362.581,58628.971,58672.663,367696,631658,130433024,42196992,49807,368676,2026-08-01T18:48:30.600865Z
R2,470,saturated,,true,756.000,12.257,22.667,27.728,58591.473,58819.327,58862.417,369231,632320,130719744,42270720,49787,370165,2026-08-01T18:48:30.600865Z
R2,471,saturated,,true,811.000,10.935,19.342,25.602,58803.422,59070.855,59110.366,370817,632320,131055616,42360832,49792,371794,2026-08-01T18:48:30.600865Z
R2,472,saturated,,true,803.000,11.034,19.388,24.778,58953.964,59176.035,59216.082,372444,633216,131342336,42434560,49801,373411,2026-08-01T18:48:30.600865Z
R2,473,saturated,,true,661.000,12.459,30.564,71.836,59081.531,59362.360,59399.930,374038,634018,131604480,42516480,49813,374811,2026-08-01T18:48:30.600865Z
R2,474,saturated,,true,817.000,10.926,19.373,23.688,59388.048,59608.392,59645.984,375405,634812,131883008,42573824,49794,376364,2026-08-01T18:48:30.600865Z
R2,475,saturated,,true,794.000,11.530,20.048,26.194,59514.597,59745.741,59780.367,377035,635490,132169728,42663936,49802,377980,2026-08-01T18:48:30.600865Z
R2,476,saturated,,true,802.000,11.089,20.870,27.092,59704.695,59968.039,60005.487,378632,636303,132513792,42745856,49796,379571,2026-08-01T18:48:30.600865Z
R2,477,saturated,,true,742.000,11.688,23.760,40.038,59960.491,60209.371,60249.667,380161,637097,132775936,42811392,49802,381072,2026-08-01T18:48:30.600865Z
R2,478,saturated,,true,803.000,11.322,20.159,24.538,60093.434,60344.726,60379.469,381759,637848,133062656,42885120,49803,382678,2026-08-01T18:48:30.600865Z
R2,479,saturated,,true,802.000,11.207,19.680,23.542,60341.108,60595.328,60638.595,383372,639048,133373952,42983424,49798,384297,2026-08-01T18:48:30.600865Z
R2,480,saturated,,true,765.000,12.105,21.115,26.992,60526.388,60747.687,60774.560,384963,639850,133701632,43048960,49812,385856,2026-08-01T18:48:30.600865Z
R2,481,saturated,,true,775.000,11.611,20.252,26.095,60671.008,60898.130,60932.378,386482,640627,133963776,43130880,49815,387424,2026-08-01T18:48:30.600865Z
R2,482,saturated,,true,772.000,11.902,21.790,26.263,60881.742,61132.070,61170.242,388084,641017,134250496,43204608,49800,388952,2026-08-01T18:48:30.600865Z
R2,483,saturated,,true,671.000,12.691,30.365,43.919,61053.419,61263.594,61346.757,389633,641780,134504448,43270144,49819,390343,2026-08-01T18:48:30.600865Z
R2,484,saturated,,true,780.000,11.759,21.286,27.058,61349.057,61611.177,61650.345,391002,642806,134815744,43343872,49812,391855,2026-08-01T18:48:30.600865Z
R2,485,saturated,,true,758.000,12.260,21.187,26.503,61439.526,61695.306,61730.822,392491,643482,135118848,43409408,49808,393389,2026-08-01T18:48:30.600865Z
R2,486,saturated,,true,769.000,11.959,21.523,25.300,61592.263,61841.387,61882.939,394085,644379,135380992,43483136,49804,394920,2026-08-01T18:48:30.600865Z
R2,487,saturated,,true,716.000,11.947,24.308,55.945,61910.838,62152.941,62187.672,395546,645147,135651328,43565056,49809,396366,2026-08-01T18:48:30.600865Z
R2,488,saturated,,true,780.000,12.254,20.912,25.445,62042.874,62261.979,62291.535,397096,645147,135921664,43630592,49808,397925,2026-08-01T18:48:30.600865Z
R2,489,saturated,,true,770.000,12.139,20.907,26.749,62153.868,62372.323,62391.740,398658,646253,136249344,43712512,49814,399479,2026-08-01T18:48:30.600865Z
R2,490,saturated,,true,746.000,12.349,21.884,26.833,62367.131,62641.860,62681.871,400203,647034,136544256,43786240,49819,400991,2026-08-01T18:48:30.600865Z
R2,491,saturated,,true,762.000,12.274,21.235,25.485,62557.889,62780.384,62818.554,401706,647807,136798208,43851776,49810,402494,2026-08-01T18:48:30.600865Z
R2,492,saturated,,true,759.000,12.414,21.608,26.451,62777.836,63038.373,63076.378,403233,648542,137084928,43933696,49808,404013,2026-08-01T18:48:30.600865Z
R2,493,saturated,,true,646.000,13.654,34.946,50.728,63014.516,63225.759,63263.647,404727,649309,137347072,43999232,49823,405381,2026-08-01T18:48:30.600865Z
R2,494,saturated,,true,710.000,12.486,24.021,60.079,63297.667,63602.310,63638.429,405853,650062,137592832,44064768,49813,406761,2026-08-01T18:48:30.600865Z
R2,495,saturated,,true,712.000,13.674,23.819,31.414,63561.556,63777.913,63815.032,407239,650715,137871360,44138496,49824,408208,2026-08-01T18:48:30.600865Z
R2,496,saturated,,true,636.000,15.063,33.177,46.945,63895.981,64209.475,64241.660,408542,651400,138125312,44204032,49819,409486,2026-08-01T18:48:30.600865Z
R2,497,saturated,,true,656.000,14.352,27.509,48.168,64152.482,64449.331,64485.166,409840,652394,138379264,44277760,49828,410812,2026-08-01T18:48:30.600865Z
R2,498,saturated,,true,720.000,13.649,24.036,29.143,64279.693,64528.182,64570.622,411055,652343,138829824,44343296,49821,412238,2026-08-01T18:49:30.662134Z
R2,499,saturated,,true,745.000,12.730,22.755,28.859,64440.500,64688.865,64727.744,412518,653151,139100160,44408832,49827,413738,2026-08-01T18:49:30.662134Z
R2,500,saturated,,true,734.000,13.073,24.142,30.525,64586.167,64846.906,64884.418,414012,653904,139354112,44482560,49821,415200,2026-08-01T18:49:30.662134Z
R2,501,saturated,,true,744.000,12.655,21.841,30.235,64720.525,64930.754,64971.828,415493,654628,139608064,44548096,49825,416691,2026-08-01T18:49:30.662134Z
R2,502,saturated,,true,731.000,13.000,22.829,27.160,64801.652,65036.534,65076.721,416923,655377,139853824,44630016,49828,418184,2026-08-01T18:49:30.662134Z
R2,503,saturated,,true,611.000,14.060,30.854,141.280,64986.306,65223.331,65255.390,418431,656113,140107776,44695552,49839,419456,2026-08-01T18:49:30.662134Z
R2,504,saturated,,true,733.000,13.053,23.185,26.599,65188.601,65441.165,65479.033,419747,657089,140361728,44752896,49839,420886,2026-08-01T18:49:30.662134Z
R2,505,saturated,,true,729.000,13.528,22.111,27.131,65413.950,65676.610,65713.430,421214,657722,140664832,44834816,49830,422338,2026-08-01T18:49:30.662134Z
R2,506,saturated,,true,723.000,13.426,23.335,29.207,65557.251,65803.056,65844.303,422685,658445,140984320,44908544,49836,423803,2026-08-01T18:49:30.662134Z
R2,507,saturated,,true,626.000,15.207,28.349,58.936,65905.380,66181.833,66221.091,424040,659218,141230080,44974080,49846,425093,2026-08-01T18:49:30.662134Z
R2,508,saturated,,true,722.000,13.354,23.241,29.232,66063.518,66304.023,66344.232,425408,659555,141492224,45056000,49837,426496,2026-08-01T18:49:30.662134Z
R2,509,saturated,,true,733.000,13.294,23.443,28.293,66294.860,66564.209,66605.998,426863,660627,141746176,45121536,49830,427964,2026-08-01T18:49:30.662134Z
R2,510,saturated,,true,724.000,13.846,23.000,27.611,66355.073,66598.447,66641.649,428258,660627,142000128,45195264,49832,429432,2026-08-01T18:49:30.662134Z
R2,511,saturated,,true,714.000,13.514,22.511,30.032,66508.933,66725.209,66744.098,429564,661357,142254080,45268992,49839,430862,2026-08-01T18:49:30.662134Z
R2,512,saturated,,true,724.000,13.502,23.951,30.149,66684.586,66935.627,66976.049,430871,662077,142508032,45334528,49838,432312,2026-08-01T18:49:30.662134Z
R2,513,saturated,,true,610.000,14.754,36.167,66.629,66971.263,67216.016,67253.774,432150,662797,142761984,45408256,49832,433565,2026-08-01T18:49:30.662134Z
R2,514,saturated,,true,727.000,13.351,22.515,28.177,67058.293,67282.840,67323.591,433414,663512,143040512,45465600,49840,434992,2026-08-01T18:49:30.662134Z
R2,515,saturated,,true,706.000,13.903,25.292,30.824,67200.569,67466.234,67504.645,434802,664387,143327232,45539328,49843,436419,2026-08-01T18:49:30.662134Z
R2,516,saturated,,true,721.000,13.862,23.057,28.272,67434.392,67676.337,67717.045,436156,664850,143613952,45596672,49837,437861,2026-08-01T18:49:30.662134Z
R2,517,saturated,,true,665.000,14.160,26.317,55.108,67449.562,67754.427,67791.691,437571,665819,143867904,45678592,49847,439212,2026-08-01T18:49:30.662134Z
R2,518,saturated,,true,692.000,14.058,23.980,60.130,66949.137,67248.798,67287.269,438956,666595,144113664,45744128,49835,440568,2026-08-01T18:49:30.662134Z
R2,519,saturated,,true,715.000,13.760,23.085,27.777,66935.197,67171.843,67209.194,440317,667277,144367616,45801472,49836,442010,2026-08-01T18:49:30.662134Z
R2,520,saturated,,true,711.000,13.580,22.534,27.039,66939.550,67168.062,67207.938,441774,667995,144637952,45883392,49841,443447,2026-08-01T18:49:30.662134Z
R2,521,saturated,,true,711.000,13.926,22.867,27.101,67008.114,67222.592,67243.013,443211,668713,144883712,45957120,49840,444874,2026-08-01T18:49:30.662134Z
R2,522,saturated,,true,705.000,14.120,22.603,28.630,67114.389,67341.025,67369.080,444633,669678,145162240,46022656,49844,446292,2026-08-01T18:49:30.662134Z
R2,523,saturated,,true,601.000,15.119,28.438,109.730,67344.147,67616.519,67652.633,446029,670383,145408000,46088192,49843,447521,2026-08-01T18:49:30.662134Z
R2,524,saturated,,true,689.000,14.587,24.518,30.058,67498.124,67721.560,67737.887,447275,670729,145661952,46153728,49847,448891,2026-08-01T18:49:30.662134Z
R2,525,saturated,,true,685.000,14.213,26.857,34.914,67555.013,67811.871,67848.655,448665,671420,145907712,46219264,49849,450260,2026-08-01T18:49:30.662134Z
R2,526,saturated,,true,696.000,14.559,24.555,31.772,67728.717,67963.505,68005.285,450049,672106,146186240,46268416,49851,451661,2026-08-01T18:49:30.662134Z
R2,527,saturated,,true,579.000,16.968,40.775,66.358,68000.628,68206.838,68231.075,451381,672106,146407424,46342144,49856,452851,2026-08-01T18:49:30.662134Z
R2,528,saturated,,true,659.000,15.199,26.094,33.250,68186.737,68448.451,68489.219,452618,673102,146661376,46415872,49851,454163,2026-08-01T18:49:30.662134Z
R2,529,saturated,,true,632.000,16.036,28.727,32.084,68409.227,68674.599,68713.619,453943,673718,146915328,46465024,49879,455487,2026-08-01T18:49:30.662134Z
R2,530,saturated,,true,616.000,16.999,30.486,38.222,68671.717,68962.974,69001.676,455220,674387,147128320,46530560,49854,456686,2026-08-01T18:49:30.662134Z
R2,531,saturated,,true,686.000,15.007,24.461,28.981,68923.509,69171.366,69205.452,456477,675298,147390464,46596096,49850,458028,2026-08-01T18:49:30.662134Z
R2,532,saturated,,true,673.000,15.391,25.754,30.554,69037.515,69274.718,69313.317,457846,675979,147660800,46678016,49865,459412,2026-08-01T18:49:30.662134Z
R2,533,saturated,,true,575.000,16.787,38.480,53.985,69089.349,69420.266,69456.347,459179,676667,147890176,46727168,49859,460593,2026-08-01T18:49:30.662134Z
R2,534,saturated,,true,683.000,14.330,25.542,31.553,69304.461,69550.076,69588.028,460383,677234,148144128,46792704,49851,461921,2026-08-01T18:49:30.662134Z
R2,535,saturated,,true,638.000,15.591,27.429,35.575,69482.911,69701.792,69732.786,461603,677913,148381696,46850048,49857,463201,2026-08-01T18:49:30.662134Z
R2,536,saturated,,true,634.000,15.466,27.848,36.805,69684.715,69975.897,70011.104,462829,677913,148619264,46931968,49871,464510,2026-08-01T18:49:30.662134Z
R2,537,saturated,,true,436.000,20.200,61.687,122.305,69979.572,70179.628,70222.028,463994,678890,148799488,46964736,49912,465540,2026-08-01T18:49:30.662134Z
R2,538,saturated,,true,646.000,16.118,28.464,33.734,70239.883,70485.315,70525.045,464933,679466,148996096,47038464,49861,466650,2026-08-01T18:49:30.662134Z
R2,539,saturated,,true,668.000,15.072,26.416,31.807,70390.654,70631.816,70672.521,466163,679944,149250048,47095808,49863,467996,2026-08-01T18:49:30.662134Z
R2,540,saturated,,true,652.000,15.799,28.046,35.734,70530.368,70762.080,70803.218,467516,680613,149487616,47161344,49860,469306,2026-08-01T18:49:30.662134Z
R2,541,saturated,,true,663.000,14.741,27.143,33.123,70634.864,70866.909,70907.760,468834,681526,149757952,47218688,49882,470660,2026-08-01T18:49:30.662134Z
R2,542,saturated,,true,671.000,15.387,27.557,35.891,70848.935,71091.759,71132.526,470182,681938,150011904,47292416,49862,471969,2026-08-01T18:49:30.662134Z
R2,543,saturated,,true,562.000,17.104,36.145,120.375,71031.310,71293.842,71355.899,471519,682846,150241280,47357952,49868,473143,2026-08-01T18:49:30.662134Z
R2,544,saturated,,true,665.000,15.422,26.298,31.322,71310.007,71540.836,71580.975,472658,683497,150478848,47407104,49869,474444,2026-08-01T18:49:30.662134Z
R2,545,saturated,,true,655.000,15.807,27.387,32.170,71328.422,71570.429,71610.298,474004,684164,150716416,47472640,49873,475784,2026-08-01T18:49:30.662134Z
R2,546,saturated,,true,660.000,15.672,26.589,32.093,71491.986,71710.842,71731.074,475333,684825,150978560,47546368,49873,477098,2026-08-01T18:49:30.662134Z
R2,547,saturated,,true,610.000,16.502,31.984,51.629,71717.505,71984.971,72018.894,476650,685482,151207936,47611904,49872,478324,2026-08-01T18:49:30.662134Z
R2,548,saturated,,true,660.000,15.316,26.451,31.669,71931.645,72180.214,72218.564,477893,685482,151461888,47669248,49878,479653,2026-08-01T18:49:30.662134Z
R2,549,saturated,,true,663.000,15.690,26.758,32.978,71992.527,72222.417,72251.413,479227,686424,151707648,47742976,49873,480981,2026-08-01T18:49:30.662134Z
R2,550,saturated,,true,646.000,16.356,27.917,34.769,72182.555,72436.132,72477.310,480558,687089,151953408,47808512,49878,482277,2026-08-01T18:49:30.662134Z
R2,551,saturated,,true,649.000,16.011,27.492,34.088,72415.861,72686.450,72722.151,481858,687740,152199168,47882240,49882,483591,2026-08-01T18:49:30.662134Z
R2,552,saturated,,true,646.000,16.157,29.981,36.163,72547.933,72803.099,72844.065,483164,688647,152436736,47939584,49878,484869,2026-08-01T18:49:30.662134Z
R2,553,saturated,,true,538.000,17.775,37.314,112.293,72861.560,73165.896,73196.938,484454,689356,152641536,47988736,49882,485996,2026-08-01T18:49:30.662134Z
R2,554,saturated,,true,624.000,16.521,30.419,37.587,73038.634,73288.278,73330.195,485568,689904,152862720,48054272,49885,487223,2026-08-01T18:49:30.662134Z
R2,555,saturated,,true,635.000,16.580,28.728,34.018,73266.571,73501.419,73542.016,486817,690529,153100288,48111616,49881,488478,2026-08-01T18:49:30.662134Z
R2,556,saturated,,true,511.000,19.643,50.318,77.751,73548.554,73788.172,73829.175,488075,691159,153313280,48168960,49876,489518,2026-08-01T18:49:30.662134Z
R2,557,saturated,,true,591.000,17.319,33.880,46.530,73761.818,73992.387,74018.635,489109,691668,153526272,48226304,49877,490697,2026-08-01T18:49:30.662134Z
R2,558,saturated,,true,640.000,16.160,29.806,35.627,73901.497,74162.645,74202.015,490336,692263,153772032,48283648,49881,491976,2026-08-01T18:49:30.662134Z
R2,559,saturated,,true,644.000,15.828,26.651,32.501,74013.551,74233.420,74272.175,491619,692898,154009600,48357376,49882,493278,2026-08-01T18:49:30.662134Z
R2,560,saturated,,true,601.000,16.896,29.892,65.308,74205.271,74492.681,74530.096,492926,693549,154247168,48431104,49886,494490,2026-08-01T18:49:30.662134Z
R2,561,saturated,,true,637.000,16.724,27.805,31.982,74412.699,74624.723,74651.879,494136,694152,154484736,48480256,49883,495765,2026-08-01T18:49:30.662134Z
R2,562,saturated,,true,634.000,16.678,29.125,35.189,74514.263,74745.006,74784.534,495416,694786,154722304,48545792,49883,497034,2026-08-01T18:49:30.662134Z
R2,563,saturated,,true,541.000,18.360,40.768,58.539,74767.929,75114.980,75151.860,496689,695420,154943488,48611328,49879,498156,2026-08-01T18:49:30.662134Z
R2,564,saturated,,true,625.000,16.838,29.614,34.740,74999.948,75218.227,75263.069,497789,696211,155164672,48660480,49890,499393,2026-08-01T18:49:30.662134Z
R2,565,saturated,,true,634.000,16.887,28.201,34.877,75200.304,75444.470,75481.936,499050,696211,155402240,48726016,49883,500661,2026-08-01T18:49:30.662134Z
R2,566,saturated,,true,620.000,16.997,28.209,35.439,75381.462,75622.232,75661.128,500327,696905,155648000,48799744,49889,501907,2026-08-01T18:49:30.662134Z
R2,567,saturated,,true,583.000,17.305,32.770,59.051,75557.608,75801.321,75841.323,501525,697542,155852800,48848896,49888,503085,2026-08-01T18:49:30.662134Z
R2,568,saturated,,true,585.000,18.388,31.750,38.597,75801.821,76063.650,76104.075,502705,698113,156082176,48914432,49903,504284,2026-08-01T18:49:30.662134Z
R2,569,saturated,,true,624.000,17.227,30.361,35.049,75973.438,76200.853,76241.771,503882,699023,156303360,48979968,49891,505508,2026-08-01T18:49:30.662134Z
R2,570,saturated,,true,619.000,17.313,29.110,36.576,76009.237,76242.449,76272.205,505132,699638,156549120,49029120,49886,506769,2026-08-01T18:49:30.662134Z
R2,571,saturated,,true,437.000,16.995,30.775,327.955,76336.186,76635.446,76667.552,506367,700257,156712960,49086464,49892,507629,2026-08-01T18:49:30.662134Z
R2,572,saturated,,true,646.000,16.091,28.219,35.649,76479.906,76692.257,76728.144,507325,700700,156934144,49135616,49897,508926,2026-08-01T18:49:30.662134Z
R2,573,saturated,,true,532.000,18.220,41.218,51.857,76540.433,76737.610,76835.694,508591,701347,157163520,49201152,49895,510040,2026-08-01T18:49:30.662134Z
R2,574,saturated,,true,617.000,16.627,29.956,34.057,76687.508,76904.048,76949.177,509696,701880,157376512,49258496,49905,511265,2026-08-01T18:49:30.662134Z
R2,575,saturated,,true,595.000,17.673,30.133,36.773,76876.456,77109.517,77158.392,510908,702505,157614080,49315840,49910,512448,2026-08-01T18:49:30.662134Z
R2,576,saturated,,true,605.000,17.559,29.679,35.142,76993.666,77225.294,77260.180,512121,703100,157851648,49381376,49911,513668,2026-08-01T18:49:30.662134Z
R2,577,saturated,,true,575.000,17.995,32.828,43.496,77236.482,77502.244,77536.418,513291,703100,158048256,49422336,49907,514811,2026-08-01T18:49:30.662134Z
R2,578,saturated,,true,588.000,17.777,31.747,38.060,77447.976,77668.210,77698.020,514478,703969,158277632,49496064,49904,516007,2026-08-01T18:49:30.662134Z
R2,579,saturated,,true,615.000,17.424,30.264,36.026,77599.089,77851.318,77890.836,515698,704570,158515200,49561600,49908,517230,2026-08-01T18:49:30.662134Z
R2,580,saturated,,true,590.000,17.330,30.537,41.682,77841.243,78087.646,78131.846,517092,705569,158588928,49610752,49908,518417,2026-08-01T18:50:52.779952Z
R2,581,saturated,,true,604.000,17.873,31.410,40.525,77974.177,78197.443,78236.591,518287,706163,158801920,49676288,49901,519628,2026-08-01T18:50:52.779952Z
R2,582,saturated,,true,611.000,17.338,30.134,36.842,77985.059,78219.850,78253.587,519513,706759,159031296,49733632,49907,520849,2026-08-01T18:50:52.779952Z
R2,583,saturated,,true,509.000,19.105,39.925,129.176,78210.563,78584.171,78609.797,520674,707366,159268864,49782784,49911,521914,2026-08-01T18:50:52.779952Z
R2,584,saturated,,true,595.000,18.114,31.862,41.436,78491.053,78706.335,78738.299,521702,707980,159490048,49856512,49912,523075,2026-08-01T18:50:52.779952Z
R2,585,saturated,,true,604.000,17.760,29.456,34.549,78647.577,78890.710,78932.162,522859,708729,159727616,49897472,49912,524298,2026-08-01T18:50:52.779952Z
R2,586,saturated,,true,605.000,17.380,31.447,39.708,78722.848,78944.991,78983.595,524084,709091,159965184,49963008,49920,525511,2026-08-01T18:50:52.779952Z
R2,587,saturated,,true,507.000,20.460,43.347,63.242,78957.365,79161.954,79198.431,525229,709996,160120832,49995776,49922,526548,2026-08-01T18:50:52.779952Z
R2,588,saturated,,true,581.000,18.522,31.464,38.035,79149.392,79407.441,79453.741,526318,710247,160342016,50069504,49923,527714,2026-08-01T18:50:52.779952Z
R2,589,saturated,,true,560.000,19.967,33.781,42.507,79378.338,79655.427,79709.029,527506,711089,160538624,50118656,49931,528878,2026-08-01T18:50:52.779952Z
R2,590,saturated,,true,567.000,19.120,32.723,38.528,79585.909,79841.997,79882.141,528552,711657,160743424,50184192,49917,529973,2026-08-01T18:50:52.779952Z
R2,591,saturated,,true,595.000,18.130,30.095,36.076,79813.928,80063.471,80104.713,529720,711657,160956416,50249728,49917,531171,2026-08-01T18:50:52.779952Z
R2,592,saturated,,true,587.000,18.120,30.987,39.812,79956.991,80172.509,80202.225,530937,712514,161185792,50298880,49932,532369,2026-08-01T18:50:52.779952Z
R2,593,saturated,,true,477.000,20.159,38.507,175.993,80195.615,80595.022,80620.070,532090,713119,161415168,50348032,49918,533323,2026-08-01T18:50:52.779952Z
R2,594,saturated,,true,599.000,17.708,31.038,36.435,80359.619,80611.625,80652.638,533078,713690,161636352,50405376,49923,534509,2026-08-01T18:50:52.779952Z
R2,595,saturated,,true,562.000,18.972,33.660,45.495,80500.166,80751.324,80789.676,534283,714180,161865728,50470912,49932,535670,2026-08-01T18:50:52.779952Z
R2,596,saturated,,true,593.000,17.874,33.617,38.853,80723.580,80962.073,81005.428,535427,714776,162078720,50520064,49930,536845,2026-08-01T18:50:52.779952Z
R2,597,saturated,,true,556.000,18.794,36.403,46.927,80964.819,81171.944,81186.232,536551,715339,162275328,50585600,49927,537943,2026-08-01T18:50:52.779952Z
R2,598,saturated,,true,589.000,17.949,29.499,36.290,81060.847,81277.251,81307.965,537734,715890,162496512,50634752,49933,539151,2026-08-01T18:50:52.779952Z
R2,599,saturated,,true,593.000,18.600,30.491,35.528,81227.183,81478.431,81521.506,538944,716491,162717696,50692096,49932,540333,2026-08-01T18:50:52.779952Z
R2,600,saturated,,true,572.000,18.854,31.589,36.827,81406.655,81659.672,81695.828,540050,717091,162930688,50765824,49934,541484,2026-08-01T18:50:52.779952Z
R2,601,saturated,,true,590.000,17.683,33.477,43.532,81528.673,81782.838,81824.801,541276,717664,163110912,50806784,49932,542662,2026-08-01T18:50:52.779952Z
R2,602,saturated,,true,577.000,19.377,32.714,41.065,81777.969,82027.668,82061.447,542441,718248,163348480,50880512,49939,543822,2026-08-01T18:50:52.779952Z
R2,603,saturated,,true,474.000,20.138,45.156,113.367,81965.855,82164.405,82187.323,543612,718824,163561472,50913280,49943,544831,2026-08-01T18:50:52.779952Z
R2,604,saturated,,true,572.000,19.102,31.376,37.157,82289.299,82555.335,82597.830,544586,719412,163766272,50987008,49938,545935,2026-08-01T18:50:52.779952Z
R2,605,saturated,,true,571.000,19.356,31.986,39.341,82460.834,82675.149,82695.464,545740,719879,163995648,51027968,49939,547078,2026-08-01T18:50:52.779952Z
R2,606,saturated,,true,588.000,18.727,31.293,39.346,82529.874,82775.725,82815.471,546900,720457,164216832,51093504,49934,548261,2026-08-01T18:50:52.779952Z
R2,607,saturated,,true,544.000,19.046,36.256,46.949,82666.409,82932.349,82970.649,548034,721327,164429824,51142656,49940,549369,2026-08-01T18:50:52.779952Z
R2,608,saturated,,true,590.000,18.566,30.442,36.325,82867.612,83101.297,83139.522,549199,721879,164651008,51200000,49939,550546,2026-08-01T18:50:52.779952Z
R2,609,saturated,,true,588.000,18.901,32.346,38.306,82969.993,83189.051,83229.687,550383,722465,164864000,51265536,49942,551731,2026-08-01T18:50:52.779952Z
R2,610,saturated,,true,590.000,18.406,29.957,35.881,83096.351,83316.049,83338.827,551565,723057,165052416,51314688,49948,552916,2026-08-01T18:50:52.779952Z
R2,611,saturated,,true,582.000,19.050,31.445,37.768,83116.506,83332.396,83372.420,552760,723650,165289984,51380224,49949,554095,2026-08-01T18:50:52.779952Z
R2,612,saturated,,true,574.000,19.434,32.524,37.938,83268.415,83519.325,83557.246,553929,724234,165502976,51437568,49948,555250,2026-08-01T18:50:52.779952Z
R2,613,saturated,,true,497.000,20.754,44.215,109.662,83407.163,83638.251,83664.296,554999,724806,165707776,51494912,49954,556266,2026-08-01T18:50:52.779952Z
R2,614,saturated,,true,351.000,19.135,41.031,425.347,83548.728,84127.203,84158.240,555442,725306,165871616,51527680,49951,556928,2026-08-01T18:50:52.779952Z
R2,615,saturated,,true,600.000,17.925,31.656,36.438,83973.255,84191.137,84236.085,556252,725966,166084608,51576832,49957,558144,2026-08-01T18:50:52.779952Z
R2,616,saturated,,true,510.000,21.326,39.883,47.272,84177.402,84473.474,84507.660,557391,726262,166256640,51642368,49945,559188,2026-08-01T18:50:52.779952Z
R2,617,saturated,,true,534.000,20.280,38.107,96.375,84478.740,84678.223,84696.923,558428,726262,166445056,51691520,49953,560246,2026-08-01T18:50:52.779952Z
R2,618,saturated,,true,532.000,20.923,36.522,44.376,84491.490,84717.038,84750.842,559506,727012,166658048,51757056,49960,561321,2026-08-01T18:50:52.779952Z
R2,619,saturated,,true,568.000,19.544,31.931,42.034,84654.903,84909.352,84948.774,560588,727583,166854656,51789824,49958,562451,2026-08-01T18:50:52.779952Z
R2,620,saturated,,true,565.000,18.775,33.094,42.658,84808.237,85032.210,85074.106,561732,728120,167092224,51855360,49964,563594,2026-08-01T18:50:52.779952Z
R2,621,saturated,,true,569.000,19.407,32.728,38.841,84934.314,85153.428,85176.003,562879,728689,167321600,51904512,49962,564751,2026-08-01T18:50:52.779952Z
R2,622,saturated,,true,561.000,19.532,34.056,42.855,84866.275,85165.852,85203.752,563975,729261,167534592,51970048,49964,565877,2026-08-01T18:50:52.779952Z
R2,623,saturated,,true,377.000,22.941,103.590,183.196,84848.460,85140.924,85176.485,565171,729825,167673856,52019200,49972,566750,2026-08-01T18:50:52.779952Z
R2,624,saturated,,true,192.000,41.257,166.791,193.295,85527.011,85920.488,85974.932,565931,730373,167788544,52051968,49907,567163,2026-08-01T18:50:52.779952Z
R2,625,saturated,,true,515.000,21.893,39.770,48.822,85971.539,86209.983,86251.650,566377,730623,167911424,52084736,49979,568094,2026-08-01T18:50:52.779952Z
R2,626,saturated,,true,495.000,21.622,44.661,64.021,86240.702,86519.808,86555.586,567379,731205,168124416,52133888,49978,569098,2026-08-01T18:50:52.779952Z
R2,627,saturated,,true,137.000,74.398,253.372,268.177,86637.958,87103.276,87158.038,568338,731705,168214528,52166656,49931,569507,2026-08-01T18:50:52.779952Z
R2,628,saturated,,true,499.000,21.508,54.215,126.780,87324.560,87580.053,87618.628,568721,731850,168361984,52191232,49982,570371,2026-08-01T18:50:52.779952Z
R2,629,saturated,,true,505.000,23.182,36.579,44.076,87484.691,87734.302,87776.712,569753,732595,168542208,52248576,49978,571392,2026-08-01T18:50:52.779952Z
R2,630,saturated,,true,536.000,20.987,35.568,45.323,87725.315,87980.144,88016.439,570770,733107,168763392,52297728,49704,572468,2026-08-01T18:50:52.779952Z
R2,631,saturated,,true,551.000,21.217,33.558,41.293,87873.357,88106.491,88145.803,571861,733655,168976384,52346880,49707,573568,2026-08-01T18:50:52.779952Z
R2,632,saturated,,true,535.000,21.031,36.108,57.852,87920.549,88155.392,88172.312,572971,733655,169156608,52420608,49718,574678,2026-08-01T18:50:52.779952Z
R2,633,saturated,,true,452.000,22.957,56.591,75.805,88145.695,88510.878,88557.099,574037,734206,169336832,52453376,49807,575582,2026-08-01T18:50:52.779952Z
R2,634,saturated,,true,563.000,19.527,33.407,39.356,88428.629,88648.633,88680.431,574971,734747,169549824,52518912,49957,576681,2026-08-01T18:50:52.779952Z
R2,635,saturated,,true,551.000,20.489,34.916,40.681,88546.772,88794.091,88836.142,576106,735207,169754624,52568064,49706,577797,2026-08-01T18:50:52.779952Z
R2,636,saturated,,true,561.000,20.293,33.908,40.650,88663.668,88886.611,88932.230,577222,735760,169975808,52633600,49991,578917,2026-08-01T18:50:52.779952Z
R2,637,saturated,,true,498.000,21.993,45.456,94.071,88931.166,89136.592,89166.790,578305,736320,170156032,52674560,49709,579925,2026-08-01T18:50:52.779952Z
R2,638,saturated,,true,564.000,19.666,33.302,38.891,89037.253,89280.032,89317.701,579385,736823,170377216,52731904,49707,581058,2026-08-01T18:50:52.779952Z
R2,639,saturated,,true,535.000,21.044,36.263,48.272,89239.576,89485.143,89516.845,580500,737637,170557440,52789248,49717,582137,2026-08-01T18:50:52.779952Z
R2,640,saturated,,true,539.000,21.259,34.156,40.138,89400.207,89621.104,89651.507,581410,737717,170835968,52838400,49714,583220,2026-08-01T18:51:52.885445Z
R2,641,saturated,,true,547.000,21.167,34.631,43.825,89524.535,89774.369,89815.357,582504,738258,171073536,52895744,49714,584314,2026-08-01T18:51:52.885445Z
R2,642,saturated,,true,550.000,20.901,34.487,40.895,89703.107,89949.310,89992.387,583606,738258,171302912,52953088,49712,585415,2026-08-01T18:51:52.885445Z
R2,643,saturated,,true,468.000,21.906,41.226,127.104,89888.743,90094.653,90125.716,584689,739074,171540480,53010432,49795,586358,2026-08-01T18:51:52.885445Z
R2,644,saturated,,true,537.000,20.395,37.512,44.416,89947.638,90161.675,90196.674,585652,739624,171761664,53051392,49715,587447,2026-08-01T18:51:52.885445Z
R2,645,saturated,,true,548.000,20.787,33.978,42.272,90077.698,90311.669,90351.480,586756,740087,171917312,53116928,49722,588535,2026-08-01T18:51:52.885445Z
R2,646,saturated,,true,550.000,20.969,34.002,39.140,90165.423,90410.166,90453.168,587852,740643,172113920,53157888,49714,589647,2026-08-01T18:51:52.885445Z
R2,647,saturated,,true,456.000,24.291,43.912,66.477,90239.786,90490.250,90518.752,588867,741180,172269568,53215232,49741,590565,2026-08-01T18:51:52.885445Z
R2,648,saturated,,true,540.000,21.104,35.889,44.593,90408.987,90622.510,90652.551,589880,741661,172490752,53264384,49720,591648,2026-08-01T18:51:52.885445Z
R2,649,saturated,,true,478.000,22.601,45.936,96.649,90524.555,90751.541,90865.283,590970,742182,172720128,53313536,49788,592635,2026-08-01T18:51:52.885445Z
R2,650,saturated,,true,505.000,21.496,37.781,51.472,90875.762,91113.520,91142.047,591861,742733,172908544,53370880,49734,593639,2026-08-01T18:51:52.885445Z
R2,651,saturated,,true,546.000,21.547,33.460,42.526,90985.133,91222.913,91261.921,592936,743451,173072384,53420032,49728,594727,2026-08-01T18:51:52.885445Z
R2,652,saturated,,true,532.000,21.253,34.729,41.086,91082.287,91325.402,91359.651,594022,743983,173260800,53485568,49734,595808,2026-08-01T18:51:52.885445Z
R2,653,saturated,,true,464.000,23.627,47.662,137.300,91340.942,91597.923,91634.826,595070,744523,173457408,53518336,49800,596728,2026-08-01T18:51:52.885445Z
R2,654,saturated,,true,540.000,20.506,34.251,40.982,91504.257,91744.054,91780.466,596037,744986,173670400,53567488,49728,597820,2026-08-01T18:51:52.885445Z
R2,655,saturated,,true,527.000,21.713,36.797,42.150,91582.133,91814.515,91856.646,597124,745529,173883392,53633024,49747,598894,2026-08-01T18:51:52.885445Z
R2,656,saturated,,true,543.000,21.156,34.871,40.576,91678.825,91899.165,91940.763,598190,746054,174104576,53682176,49730,599964,2026-08-01T18:51:52.885445Z
R2,657,saturated,,true,498.000,21.749,37.653,62.508,91919.653,92124.692,92141.993,599216,746599,174252032,53747712,49737,600976,2026-08-01T18:51:52.885445Z
R2,658,saturated,,true,545.000,20.872,34.645,41.178,92008.354,92253.204,92287.877,600243,747099,174432256,53796864,49732,602070,2026-08-01T18:51:52.885445Z
R2,659,saturated,,true,540.000,21.531,37.330,44.917,92114.485,92344.080,92357.728,601339,747912,174637056,53862400,49734,603155,2026-08-01T18:51:52.885445Z
R2,660,saturated,,true,517.000,22.115,37.692,44.340,92261.720,92505.774,92539.152,602417,747912,174866432,53886976,49751,604203,2026-08-01T18:51:52.885445Z
R2,661,saturated,,true,542.000,20.964,33.586,37.809,92362.711,92586.089,92613.320,603482,748443,175095808,53944320,49736,605285,2026-08-01T18:51:52.885445Z
R2,662,saturated,,true,522.000,21.396,38.143,47.610,92453.714,92692.475,92733.077,604548,748976,175267840,54001664,49740,606343,2026-08-01T18:51:52.885445Z
R2,663,saturated,,true,428.000,23.937,64.211,124.116,92672.983,93079.663,93111.616,605606,749502,175423488,54050816,49848,607215,2026-08-01T18:51:52.885445Z
R2,664,saturated,,true,519.000,22.963,39.120,47.079,92808.726,93081.238,93116.584,606460,750037,175595520,54108160,49744,608234,2026-08-01T18:51:52.885445Z
R2,665,saturated,,true,521.000,21.649,37.079,40.434,92854.174,93081.495,93121.606,607537,750448,175816704,54165504,49750,609293,2026-08-01T18:51:52.885445Z
R2,666,saturated,,true,518.000,22.258,38.393,45.057,92991.604,93260.415,93300.183,608578,750977,176021504,54206464,49740,610342,2026-08-01T18:51:52.885445Z
R2,667,saturated,,true,507.000,22.501,41.159,47.591,93054.768,93313.134,93350.478,609592,751493,176226304,54255616,49737,611350,2026-08-01T18:51:52.885445Z
R2,668,saturated,,true,515.000,22.267,36.755,43.190,93237.841,93478.109,93512.352,610664,752251,176414720,54304768,49766,612388,2026-08-01T18:51:52.885445Z
R2,669,saturated,,true,522.000,22.519,37.035,44.013,93343.061,93554.274,93586.635,611699,752533,176570368,54370304,49754,613441,2026-08-01T18:51:52.885445Z
R2,670,saturated,,true,515.000,22.013,36.463,45.197,93466.144,93698.448,93744.692,612765,753305,176775168,54419456,49760,614493,2026-08-01T18:51:52.885445Z
R2,671,saturated,,true,536.000,21.652,36.315,41.795,93555.101,93806.168,93839.042,613766,753829,176996352,54468608,49752,615545,2026-08-01T18:51:52.885445Z
R2,672,saturated,,true,522.000,21.862,35.782,43.947,93685.545,93928.744,93968.484,614824,754359,177217536,54525952,49758,616602,2026-08-01T18:51:52.885445Z
R2,673,saturated,,true,460.000,24.171,44.830,63.083,93862.196,94069.876,94100.956,615877,754884,177389568,54566912,49826,617525,2026-08-01T18:51:52.885445Z
R2,674,saturated,,true,529.000,21.506,37.764,46.991,94035.428,94254.321,94299.523,616829,754884,177545216,54632448,49758,618596,2026-08-01T18:51:52.885445Z
R2,675,saturated,,true,528.000,22.389,36.165,43.157,94150.762,94389.049,94422.308,617848,755609,177733632,54681600,49757,619661,2026-08-01T18:51:52.885445Z
R2,676,saturated,,true,463.000,24.744,46.110,62.924,94371.330,94596.734,94614.999,618823,756141,177954816,54722560,49765,620579,2026-08-01T18:51:52.885445Z
R2,677,saturated,,true,475.000,23.318,46.477,66.361,94575.813,94846.981,94888.319,619770,756606,178143232,54796288,49761,621539,2026-08-01T18:51:52.885445Z
R2,678,saturated,,true,526.000,22.839,36.037,43.897,94673.751,94913.779,94955.206,620816,757083,178323456,54829056,49766,622584,2026-08-01T18:51:52.885445Z
R2,679,saturated,,true,517.000,22.403,39.144,48.199,94721.023,94963.224,94993.518,621875,757607,178503680,54886400,49768,623640,2026-08-01T18:51:52.885445Z
R2,680,saturated,,true,518.000,22.480,37.347,45.137,94867.813,95091.558,95103.158,622925,758132,178683904,54935552,49772,624670,2026-08-01T18:51:52.885445Z
R2,681,saturated,,true,483.000,23.261,41.771,81.941,94998.374,95284.149,95322.272,623940,758648,178896896,54992896,49798,625643,2026-08-01T18:51:52.885445Z
R2,682,saturated,,true,491.000,23.209,42.728,56.474,95192.384,95419.149,95445.471,624923,759387,179109888,55050240,49787,626630,2026-08-01T18:51:52.885445Z
R2,683,saturated,,true,435.000,24.373,62.536,123.160,95299.813,95544.895,95563.849,625879,759880,179232768,55091200,49841,627507,2026-08-01T18:51:52.885445Z
R2,684,saturated,,true,507.000,23.204,38.985,46.694,95468.047,95697.089,95739.569,626843,760322,179396608,55132160,49781,628533,2026-08-01T18:51:52.885445Z
R2,685,saturated,,true,504.000,22.613,37.514,45.996,95615.913,95836.419,95868.568,627861,760828,179609600,55189504,49779,629543,2026-08-01T18:51:52.885445Z
R2,686,saturated,,true,521.000,22.244,38.941,48.021,95665.556,95904.746,95939.027,628902,761337,179830784,55246848,49777,630584,2026-08-01T18:51:52.885445Z
R2,687,saturated,,true,481.000,23.657,44.987,55.643,95879.221,96093.551,96112.487,629882,761855,180027392,55279616,49770,631543,2026-08-01T18:51:52.885445Z
R2,688,saturated,,true,523.000,22.516,36.117,41.515,95977.503,96208.883,96250.571,630875,761855,180199424,55353344,49771,632592,2026-08-01T18:51:52.885445Z
R2,689,saturated,,true,521.000,22.386,36.258,43.867,96108.478,96326.898,96367.674,631908,762594,180363264,55386112,49778,633635,2026-08-01T18:51:52.885445Z
R2,690,saturated,,true,457.000,25.854,42.902,55.920,96058.094,96335.092,96377.896,632907,763121,180568064,55435264,49804,634570,2026-08-01T18:51:52.885445Z
R2,691,saturated,,true,512.000,22.800,39.212,45.546,96279.953,96496.607,96545.622,633897,763607,180781056,55492608,49783,635589,2026-08-01T18:51:52.885445Z
R2,692,saturated,,true,445.000,24.024,52.171,109.390,96360.548,96579.687,96600.733,634883,764092,180953088,55533568,49844,636492,2026-08-01T18:51:52.885445Z
R2,693,saturated,,true,216.000,38.559,258.529,271.801,96759.642,97071.367,97087.985,635460,764610,181035008,55558144,49926,636941,2026-08-01T18:51:52.885445Z
R2,694,saturated,,true,490.000,23.729,42.365,55.450,97257.178,97465.517,97478.486,636246,764897,181231616,55607296,49780,637914,2026-08-01T18:51:52.885445Z
R2,695,saturated,,true,502.000,23.029,38.764,45.299,97349.597,97568.296,97587.882,637254,765502,181395456,55648256,49790,638924,2026-08-01T18:51:52.885445Z
R2,696,saturated,,true,511.000,23.603,38.404,44.642,97490.320,97728.548,97765.933,638281,766012,181542912,55713792,49784,639941,2026-08-01T18:51:52.885445Z
R2,697,saturated,,true,474.000,23.888,42.403,62.518,97719.234,97956.068,97997.077,639197,766516,181739520,55746560,49781,640890,2026-08-01T18:51:52.885445Z
R2,698,saturated,,true,506.000,23.876,38.660,45.671,97826.761,98053.613,98089.899,640215,767248,181968896,55803904,49788,641915,2026-08-01T18:51:52.885445Z
R2,699,saturated,,true,500.000,23.403,38.955,45.258,97920.881,98144.246,98185.653,641246,767503,182173696,55853056,49798,642928,2026-08-01T18:51:52.885445Z
R2,700,saturated,,true,497.000,24.110,40.551,49.671,98084.796,98304.622,98350.198,642328,768150,182222848,55894016,49797,643910,2026-08-01T18:52:52.938300Z
R2,701,saturated,,true,487.000,23.618,41.255,49.576,98290.233,98521.570,98564.572,643267,768897,182435840,55959552,49806,644887,2026-08-01T18:52:52.938300Z
R2,702,saturated,,true,503.000,23.510,37.493,45.517,98243.548,98463.211,98497.603,644281,769395,182632448,56000512,49787,645897,2026-08-01T18:52:52.938300Z
R2,703,saturated,,true,407.000,25.478,66.494,101.237,98346.744,98556.237,98571.999,645157,769883,182714368,56041472,49887,646729,2026-08-01T18:52:52.938300Z
R2,704,saturated,,true,494.000,24.372,41.170,52.982,98633.864,98857.929,98899.373,646015,770550,182935552,56082432,49794,647708,2026-08-01T18:52:52.938300Z
R2,705,saturated,,true,497.000,23.509,40.640,53.775,98800.673,99036.067,99067.523,646908,771041,183140352,56147968,49795,648707,2026-08-01T18:52:52.938300Z
R2,706,saturated,,true,503.000,23.555,36.983,40.978,98863.106,99079.345,99099.152,647873,771041,183320576,56188928,49788,649714,2026-08-01T18:52:52.938300Z
R2,707,saturated,,true,412.000,27.520,66.246,91.737,99102.059,99408.797,99437.494,648730,771787,183435264,56221696,49817,650543,2026-08-01T18:52:52.938300Z
R2,708,saturated,,true,485.000,24.288,42.070,54.710,99322.004,99536.814,99573.003,649553,772221,183648256,56287232,49805,651520,2026-08-01T18:52:52.938300Z
R2,709,saturated,,true,477.000,25.932,43.993,66.528,99461.923,99706.527,99748.859,650554,772693,183853056,56336384,49821,652470,2026-08-01T18:52:52.938300Z
R2,710,saturated,,true,471.000,24.802,43.442,52.594,99744.696,99989.814,100021.551,651497,773189,184008704,56385536,49809,653421,2026-08-01T18:52:52.938300Z
R2,711,saturated,,true,499.000,23.623,40.677,50.069,99846.988,100087.247,100125.159,652382,773647,184164352,56434688,49810,654428,2026-08-01T18:52:52.938300Z
R2,712,saturated,,true,499.000,23.413,40.460,50.834,99990.847,100228.113,100269.485,653336,774147,184377344,56492032,49812,655431,2026-08-01T18:52:52.938300Z
R2,713,saturated,,true,421.000,25.212,56.972,145.005,100211.248,100528.858,100554.248,654287,774652,184573952,56524800,49854,656265,2026-08-01T18:52:52.938300Z
R2,714,saturated,,true,471.000,23.044,41.887,91.499,100303.939,100527.738,100590.820,655148,775115,184721408,56557568,49836,657210,2026-08-01T18:52:52.938300Z
R2,715,saturated,,true,482.000,24.960,39.014,47.204,100081.177,100358.149,100402.349,656091,775564,184885248,56631296,49814,658186,2026-08-01T18:52:52.938300Z
R2,716,saturated,,true,491.000,24.794,39.301,46.560,100246.408,100467.120,100496.233,657078,776024,185090048,56672256,49816,659170,2026-08-01T18:52:52.938300Z
R2,717,saturated,,true,454.000,25.803,46.891,63.378,100351.057,100555.981,100596.694,658044,776519,185278464,56713216,49810,660077,2026-08-01T18:52:52.938300Z
R2,718,saturated,,true,490.000,23.639,41.375,47.944,100393.080,100662.377,100700.239,658988,777217,185450496,56762368,49822,661060,2026-08-01T18:52:52.938300Z
R2,719,saturated,,true,497.000,23.796,40.668,47.718,100523.233,100742.279,100783.926,659985,777711,185597952,56819712,49809,662061,2026-08-01T18:52:52.938300Z
R2,720,saturated,,true,469.000,25.811,41.625,50.383,100677.256,100939.476,100968.421,660985,778203,185810944,56860672,49819,663003,2026-08-01T18:52:52.938300Z
R2,721,saturated,,true,495.000,23.856,40.507,47.760,100797.453,101015.975,101032.396,661945,778677,185999360,56918016,49815,663994,2026-08-01T18:52:52.938300Z
R2,722,saturated,,true,466.000,24.654,42.592,52.903,100920.140,101161.911,101202.968,662831,778677,186064896,56934400,49836,664464,2026-08-01T18:52:52.938300Z
R2,723,saturated,,true,408.000,27.829,64.182,128.794,101171.036,101496.208,101523.533,663743,779409,186277888,56991744,49870,665410,2026-08-01T18:52:52.938300Z
R2,724,saturated,,true,489.000,25.102,37.970,45.501,101367.757,101597.041,101639.945,664718,779846,186523648,57049088,49836,666723,2026-08-01T18:52:52.938300Z
R2,725,saturated,,true,487.000,24.497,39.706,48.666,101001.389,101646.470,101682.038,665698,780304,186703872,57106432,49833,667703,2026-08-01T18:52:52.938300Z
R2,726,saturated,,true,491.000,23.751,40.621,47.320,100603.777,100832.929,100853.865,666539,780791,186777600,57114624,49836,668199,2026-08-01T18:52:52.938300Z
R2,727,saturated,,true,457.000,25.604,46.855,62.563,100691.534,100928.950,100960.871,667507,781280,186982400,57180160,49834,669112,2026-08-01T18:52:52.938300Z
R2,728,saturated,,true,494.000,24.163,38.979,45.737,99975.178,100434.562,100477.734,668607,781981,187236352,57245696,49830,670597,2026-08-01T18:52:52.938300Z
R2,729,saturated,,true,497.000,24.111,40.900,49.480,100002.687,100228.220,100251.357,669464,782229,187342848,57262080,49829,671106,2026-08-01T18:52:52.938300Z
R2,730,saturated,,true,493.000,23.603,39.175,48.635,100027.068,100248.933,100278.537,670467,782229,187514880,57319424,49830,672089,2026-08-01T18:52:52.938300Z
R2,731,saturated,,true,482.000,25.028,39.143,48.713,100127.654,100354.840,100390.906,671423,782971,187703296,57360384,49839,673079,2026-08-01T18:52:52.938300Z
R2,732,saturated,,true,494.000,24.639,43.758,49.154,100238.285,100469.697,100502.924,672401,783469,187891712,57409536,49836,674047,2026-08-01T18:52:52.938300Z
R2,733,saturated,,true,411.000,26.363,53.463,100.153,100302.866,100508.350,100534.588,673389,784198,188080128,57458688,49882,675032,2026-08-01T18:52:52.938300Z
R2,734,saturated,,true,494.000,24.166,42.865,53.033,100468.778,100749.959,100784.608,674256,784657,188227584,57507840,49846,675878,2026-08-01T18:52:52.938300Z
R2,735,saturated,,true,491.000,24.508,39.943,45.236,100511.395,100742.364,100776.408,675238,785112,188416000,57548800,49844,676858,2026-08-01T18:52:52.938300Z
R2,736,saturated,,true,430.000,28.247,50.303,66.770,100717.205,100951.211,100987.823,676131,785603,188604416,57597952,49852,677748,2026-08-01T18:52:52.938300Z
R2,737,saturated,,true,444.000,26.692,48.354,72.745,100899.005,101161.310,101193.318,676999,786042,188735488,57638912,49843,678615,2026-08-01T18:52:52.938300Z
R2,738,saturated,,true,491.000,25.389,40.405,48.151,101011.318,101231.738,101274.800,677951,786042,188907520,57688064,49848,679600,2026-08-01T18:52:52.938300Z
R2,739,saturated,,true,488.000,24.841,40.314,47.632,101090.173,101330.375,101369.316,678940,786723,189120512,57737216,49852,680580,2026-08-01T18:52:52.938300Z
R2,740,saturated,,true,480.000,24.926,42.740,49.791,101234.038,101452.845,101469.060,679872,787215,189300736,57786368,49854,681547,2026-08-01T18:52:52.938300Z
R2,741,saturated,,true,493.000,24.451,39.990,47.886,101294.012,101522.893,101556.949,680840,787698,189480960,57835520,49854,682532,2026-08-01T18:52:52.938300Z
R2,742,saturated,,true,482.000,25.034,39.820,51.531,101395.407,101623.858,101664.069,681832,788188,189652992,57876480,49856,683501,2026-08-01T18:52:52.938300Z
R2,743,saturated,,true,407.000,27.869,54.142,131.897,101569.318,101926.810,101954.655,682804,788683,189849600,57925632,49873,684463,2026-08-01T18:52:52.938300Z
R2,744,saturated,,true,481.000,25.151,39.238,45.866,101759.067,101981.108,102007.286,683664,789160,189997056,57974784,49862,685297,2026-08-01T18:52:52.938300Z
R2,745,saturated,,true,488.000,24.605,38.261,44.242,101864.616,102071.697,102105.579,684583,789818,190177280,58023936,49857,686270,2026-08-01T18:52:52.938300Z
R2,746,saturated,,true,459.000,25.281,41.752,49.997,101835.919,102066.015,102112.827,685505,790306,190357504,58056704,49875,687241,2026-08-01T18:52:52.938300Z
R2,747,saturated,,true,385.000,29.227,59.479,93.956,102159.076,102455.617,102482.942,686385,790779,190545920,58105856,49873,688063,2026-08-01T18:52:52.938300Z
R2,748,saturated,,true,464.000,25.816,42.406,47.074,102292.562,102524.839,102561.260,687215,791159,190693376,58155008,49872,688921,2026-08-01T18:52:52.938300Z
R2,749,saturated,,true,475.000,26.256,41.633,50.506,102443.733,102693.947,102729.662,688163,791622,190857216,58204160,49872,689871,2026-08-01T18:52:52.938300Z
R2,750,saturated,,true,475.000,25.470,42.541,51.847,102413.332,102640.184,102665.191,689114,792099,191037440,58236928,49872,690826,2026-08-01T18:52:52.938300Z
R2,751,saturated,,true,431.000,28.289,46.774,59.633,102614.069,102897.518,102920.640,690047,792573,191201280,58286080,49881,691722,2026-08-01T18:52:52.938300Z
R2,752,saturated,,true,473.000,25.543,40.265,48.978,102729.425,102972.218,103011.137,690922,793014,191397888,58335232,49875,692639,2026-08-01T18:52:52.938300Z
R2,753,saturated,,true,414.000,26.032,58.032,131.931,102743.030,102950.763,102973.414,691774,793481,191561728,58384384,49889,693590,2026-08-01T18:52:52.938300Z
R2,754,saturated,,true,475.000,24.900,40.823,47.637,102941.397,103178.634,103213.534,692519,793907,191717376,58425344,49872,694412,2026-08-01T18:52:52.938300Z
R2,755,saturated,,true,470.000,25.485,42.811,52.753,103069.960,103297.609,103336.223,693430,794368,191905792,58458112,49876,695372,2026-08-01T18:52:52.938300Z
R2,756,saturated,,true,464.000,26.693,42.068,49.790,103134.394,103356.691,103393.330,694254,794846,192077824,58523648,49884,696312,2026-08-01T18:52:52.938300Z
R2,757,saturated,,true,436.000,26.493,49.763,64.045,103261.409,103456.476,103483.117,695145,795311,192233472,58572800,49877,697173,2026-08-01T18:52:52.938300Z
R2,758,saturated,,true,469.000,26.042,43.440,51.769,103354.415,103594.840,103619.955,695980,795311,192421888,58597376,49884,698121,2026-08-01T18:52:52.938300Z
R2,759,saturated,,true,470.000,26.155,42.463,50.801,103484.287,103707.904,103749.988,696929,795975,192593920,58646528,49887,699068,2026-08-01T18:52:52.938300Z
R2,760,saturated,,true,459.000,27.798,44.945,52.986,103655.921,103886.996,103918.338,697842,794771,192741376,58712064,49883,699981,2026-08-01T18:53:53.020184Z
R2,761,saturated,,true,465.000,25.969,43.210,50.869,103720.045,103933.267,103964.588,698621,796389,192978944,58744832,49880,700908,2026-08-01T18:53:53.020184Z
R2,762,saturated,,true,464.000,26.272,42.191,50.276,103818.618,104055.268,104082.517,699549,797081,193191936,58793984,49881,701855,2026-08-01T18:53:53.020184Z
R2,763,saturated,,true,405.000,27.523,63.721,101.090,104003.150,104345.380,104368.552,700510,797549,193265664,58843136,49902,702808,2026-08-01T18:53:53.020184Z
R2,764,saturated,,true,455.000,27.080,45.586,54.778,104243.168,104465.113,104496.366,701387,797973,193478656,58884096,49882,703585,2026-08-01T18:53:53.020184Z
R2,765,saturated,,true,469.000,26.530,42.517,49.831,104350.385,104595.996,104628.515,702233,798407,193675264,58933248,49883,704513,2026-08-01T18:53:53.020184Z
R2,766,saturated,,true,321.000,35.165,74.111,157.657,104720.983,104929.061,104949.180,703161,798874,193740800,58957824,49901,705227,2026-08-01T18:53:53.020184Z
R2,767,saturated,,true,389.000,30.187,65.937,83.178,104981.456,105245.261,105287.183,703854,799214,193945600,59006976,49894,705959,2026-08-01T18:53:53.020184Z
R2,768,saturated,,true,449.000,29.192,43.769,53.808,105118.526,105341.075,105359.981,704640,799599,194093056,59047936,49892,706877,2026-08-01T18:53:53.020184Z
R2,769,saturated,,true,437.000,27.908,46.607,54.682,105138.766,105364.264,105404.334,705555,800048,194232320,59088896,49907,707783,2026-08-01T18:53:53.020184Z
R2,770,saturated,,true,431.000,28.177,44.396,54.273,105257.453,105501.933,105537.613,706410,800495,194428928,59121664,49901,708626,2026-08-01T18:53:53.020184Z
R2,771,saturated,,true,454.000,27.013,45.509,50.629,105413.207,105658.241,105693.075,707321,800923,194600960,59187200,49894,709519,2026-08-01T18:53:53.020184Z
R2,772,saturated,,true,453.000,27.037,43.941,51.927,105554.843,105804.244,105833.735,708247,801373,194740224,59236352,49901,710447,2026-08-01T18:53:53.020184Z
R2,773,saturated,,true,384.000,28.469,68.282,139.469,105688.773,105899.103,105935.100,709161,801829,194928640,59260928,49919,711332,2026-08-01T18:53:53.020184Z
R2,774,saturated,,true,450.000,27.097,45.517,56.091,105915.321,106153.306,106189.142,709953,801829,195092480,59301888,49898,712104,2026-08-01T18:53:53.020184Z
R2,775,saturated,,true,461.000,26.789,45.447,52.001,106051.423,106288.465,106325.650,710856,802435,195231744,59342848,49892,713030,2026-08-01T18:53:53.020184Z
R2,776,saturated,,true,462.000,27.225,43.793,50.637,106159.562,106387.288,106418.223,711788,802890,195403776,59400192,49898,713949,2026-08-01T18:53:53.020184Z
R2,777,saturated,,true,398.000,28.539,70.933,101.782,106367.794,106637.726,106663.954,712705,803352,195584000,59449344,49901,714761,2026-08-01T18:53:53.020184Z
R2,778,saturated,,true,467.000,26.234,40.794,48.319,106519.380,106749.933,106781.557,713547,803981,195747840,59490304,49901,715705,2026-08-01T18:53:53.020184Z
R2,779,saturated,,true,467.000,27.234,41.164,50.300,106635.959,106886.222,106911.987,714495,804215,195895296,59531264,49903,716646,2026-08-01T18:53:53.020184Z
R2,780,saturated,,true,449.000,26.863,44.677,54.860,106732.375,106943.796,106970.761,715427,804684,196100096,59588608,49903,717549,2026-08-01T18:53:53.020184Z
R2,781,saturated,,true,436.000,26.694,44.996,55.394,106743.730,106998.829,107027.101,716340,805370,196280320,59629568,49929,718464,2026-08-01T18:53:53.020184Z
R2,782,saturated,,true,447.000,27.888,44.707,53.928,106958.972,107200.876,107235.470,717228,805829,196435968,59670528,49906,719327,2026-08-01T18:53:53.020184Z
R2,783,saturated,,true,388.000,30.020,62.556,77.172,107111.253,107369.005,107395.810,718084,806255,196591616,59711488,49924,720231,2026-08-01T18:53:53.020184Z
R2,784,saturated,,true,460.000,26.073,44.030,55.540,107202.961,107447.312,107481.977,718896,806876,196771840,59752448,49910,721032,2026-08-01T18:53:53.020184Z
R2,785,saturated,,true,432.000,27.288,47.453,63.278,107249.201,107499.067,107535.749,719812,807111,196919296,59801600,49927,721924,2026-08-01T18:53:53.020184Z
R2,786,saturated,,true,459.000,25.612,44.550,55.196,107443.663,107670.612,107708.102,720695,807768,197066752,59850752,49910,722825,2026-08-01T18:53:53.020184Z
R2,787,saturated,,true,418.000,28.961,49.646,56.561,107654.333,107875.349,107902.801,721602,807768,197246976,59899904,49912,723657,2026-08-01T18:53:53.020184Z
R2,788,saturated,,true,463.000,26.806,43.141,52.130,107723.040,107953.394,107992.866,722475,808195,197427200,59924480,49909,724583,2026-08-01T18:53:53.020184Z
R2,789,saturated,,true,459.000,25.243,45.979,53.148,107841.425,108074.871,108111.472,723405,808647,197591040,59965440,49912,725515,2026-08-01T18:53:53.020184Z
R2,790,saturated,,true,454.000,27.183,45.393,55.226,107864.556,108093.041,108116.243,724335,809113,197754880,60047360,49918,726439,2026-08-01T18:53:53.020184Z
R2,791,saturated,,true,451.000,27.380,47.027,58.770,107910.053,108122.223,108155.233,725261,809571,197959680,60080128,49911,727342,2026-08-01T18:53:53.020184Z
R2,792,saturated,,true,450.000,27.111,44.875,56.578,107960.581,108193.033,108235.032,726170,810026,198090752,60112896,49917,728240,2026-08-01T18:53:53.020184Z
R2,793,saturated,,true,385.000,29.434,62.089,133.856,108100.420,108352.963,108385.698,727077,810475,198246400,60162048,49931,729121,2026-08-01T18:53:53.020184Z
R2,794,saturated,,true,458.000,27.817,43.940,50.638,108296.316,108519.321,108558.020,727864,811099,198434816,60203008,49922,729934,2026-08-01T18:53:53.020184Z
R2,795,saturated,,true,441.000,27.545,46.671,56.073,108440.266,108658.438,108701.700,728787,811546,198574080,60252160,49921,730837,2026-08-01T18:53:53.020184Z
R2,796,saturated,,true,419.000,29.889,52.968,65.929,108553.490,108814.916,108839.077,729653,811988,198754304,60293120,49926,731669,2026-08-01T18:53:53.020184Z
R2,797,saturated,,true,408.000,29.928,56.387,69.334,108726.088,108990.428,109021.035,730499,812410,198918144,60325888,49923,732498,2026-08-01T18:53:53.020184Z
R2,798,saturated,,true,450.000,28.021,43.236,55.105,108894.034,109143.189,109171.465,731364,812410,199065600,60366848,49925,733395,2026-08-01T18:53:53.020184Z
R2,799,saturated,,true,450.000,28.222,45.133,53.361,109009.220,109240.769,109281.044,732279,813039,199262208,60407808,49926,734303,2026-08-01T18:53:53.020184Z
R2,800,saturated,,true,452.000,27.564,42.577,52.108,109065.964,109307.962,109351.573,733182,813499,199426048,60465152,49931,735204,2026-08-01T18:53:53.020184Z
R2,801,saturated,,true,448.000,27.867,44.407,51.227,109149.208,109378.915,109407.014,734101,813939,199606272,60514304,49929,736104,2026-08-01T18:53:53.020184Z
R2,802,saturated,,true,440.000,27.502,45.100,54.260,109028.352,109447.294,109493.901,734994,814393,199745536,60547072,49931,736993,2026-08-01T18:53:53.020184Z
R2,803,saturated,,true,393.000,29.776,65.358,149.276,108690.126,108904.240,108912.492,735909,814837,199909376,60579840,49938,737862,2026-08-01T18:53:53.020184Z
R2,804,saturated,,true,446.000,27.789,44.623,56.550,108933.435,109152.660,109183.111,736683,815291,200073216,60628992,49930,738679,2026-08-01T18:53:53.020184Z
R2,805,saturated,,true,439.000,28.447,44.926,54.190,109072.865,109299.443,109347.428,737586,815673,200228864,60669952,49929,739555,2026-08-01T18:53:53.020184Z
R2,806,saturated,,true,439.000,27.239,48.359,56.699,109160.663,109379.099,109413.479,738480,816118,200392704,60719104,49932,740445,2026-08-01T18:53:53.020184Z
R2,807,saturated,,true,417.000,29.345,53.026,64.403,109250.653,109518.423,109551.773,739341,816557,200564736,60760064,49934,741281,2026-08-01T18:53:53.020184Z
R2,808,saturated,,true,452.000,27.444,45.819,63.042,109415.014,109636.793,109675.445,740222,816983,200720384,60792832,49935,742189,2026-08-01T18:53:53.020184Z
R2,809,saturated,,true,452.000,27.798,43.617,49.593,109530.324,109766.064,109813.246,741099,817424,200884224,60833792,49938,743089,2026-08-01T18:53:53.020184Z
R2,810,saturated,,true,424.000,28.956,49.486,61.924,109623.047,109851.917,109872.306,741957,818104,201056256,60891136,49943,743955,2026-08-01T18:53:53.020184Z
R2,811,saturated,,true,397.000,30.235,54.709,109.604,109809.580,110072.550,110104.350,742770,818532,201228288,60932096,49940,744763,2026-08-01T18:53:53.020184Z
R2,812,saturated,,true,395.000,31.582,53.554,62.900,110031.167,110269.611,110298.383,743589,818937,201359360,60964864,49947,745572,2026-08-01T18:53:53.020184Z
R2,813,saturated,,true,378.000,30.721,59.867,140.451,110152.950,110363.057,110400.041,744427,819335,201523200,61014016,49943,746390,2026-08-01T18:53:53.020184Z
R2,814,saturated,,true,452.000,27.488,44.324,49.951,110283.820,110528.181,110561.907,745214,819716,201678848,61038592,49942,747200,2026-08-01T18:53:53.020184Z
R2,815,saturated,,true,447.000,28.860,46.396,55.526,110283.927,110521.528,110553.280,746076,819716,201842688,61079552,49938,748102,2026-08-01T18:53:53.020184Z
R2,816,saturated,,true,447.000,28.304,42.727,49.264,110387.611,110617.824,110652.432,746986,820375,202022912,61136896,49941,749004,2026-08-01T18:53:53.020184Z
R2,817,saturated,,true,409.000,29.017,57.983,66.068,110598.204,110835.589,110869.432,747791,820829,202162176,61177856,49944,749818,2026-08-01T18:53:53.020184Z
R2,818,saturated,,true,446.000,27.789,44.900,52.115,110545.269,110760.392,110878.107,748673,821245,202326016,61227008,49938,750712,2026-08-01T18:53:53.020184Z
R2,819,saturated,,true,444.000,27.841,44.899,51.574,110597.034,110831.882,110862.123,749569,821904,202498048,61259776,49946,751614,2026-08-01T18:53:53.020184Z
R2,820,saturated,,true,435.000,28.992,47.669,58.293,110670.281,110925.245,110968.481,750396,821012,202629120,61300736,49942,752490,2026-08-01T18:54:53.050500Z
R2,821,saturated,,true,446.000,27.623,43.182,48.887,110722.894,110933.799,110972.128,751287,821446,202825728,61341696,49942,753384,2026-08-01T18:54:53.050500Z
R2,822,saturated,,true,425.000,28.455,49.056,60.329,110862.582,111097.695,111144.245,752139,821672,202973184,61390848,49945,754229,2026-08-01T18:54:53.050500Z
R2,823,saturated,,true,386.000,30.210,54.595,137.918,111003.318,111302.191,111343.546,752910,822105,203096064,61440000,49952,755058,2026-08-01T18:54:53.050500Z
R2,824,saturated,,true,433.000,28.229,45.031,56.145,111174.973,111436.809,111482.605,753662,822543,203292672,61480960,49947,755878,2026-08-01T18:54:53.050500Z
R2,825,saturated,,true,445.000,29.135,46.179,51.790,111192.376,111410.759,111438.467,754566,822920,203448320,61513728,49948,756766,2026-08-01T18:54:53.050500Z
R2,826,saturated,,true,435.000,27.728,48.250,58.334,111248.772,111449.070,111484.648,755485,823359,203571200,61546496,49952,757650,2026-08-01T18:54:53.050500Z
R2,827,saturated,,true,383.000,31.890,54.930,60.189,111420.783,111698.657,111745.352,756313,824026,203776000,61587456,49954,758428,2026-08-01T18:54:53.050500Z
R2,828,saturated,,true,417.000,30.707,47.059,51.834,111557.875,111801.419,111840.665,757128,824407,203898880,61628416,49945,759268,2026-08-01T18:54:53.050500Z
R2,829,saturated,,true,413.000,30.770,51.729,66.694,111627.516,111831.303,111860.476,757994,824823,204046336,61669376,49956,760118,2026-08-01T18:54:53.050500Z
R2,830,saturated,,true,409.000,30.192,48.476,56.018,111830.063,112070.228,112105.632,758801,825432,204251136,61726720,49951,760915,2026-08-01T18:54:53.050500Z
R2,831,saturated,,true,424.000,28.772,46.226,60.287,112010.382,112234.674,112276.944,759641,825432,204365824,61767680,49964,761771,2026-08-01T18:54:53.050500Z
R2,832,saturated,,true,422.000,29.651,46.259,51.089,112097.120,112329.483,112360.073,760472,825860,204521472,61800448,49960,762627,2026-08-01T18:54:53.050500Z
R2,833,saturated,,true,348.000,33.126,73.356,132.577,112232.792,112470.396,112602.342,761177,826287,204718080,61841408,49968,763384,2026-08-01T18:54:53.050500Z
R2,834,saturated,,true,439.000,29.275,48.293,56.992,112486.074,112719.727,112766.422,761903,826694,204808192,61874176,49957,764206,2026-08-01T18:54:53.050500Z
R2,835,saturated,,true,417.000,30.583,51.274,62.927,112586.109,112818.804,112844.279,762772,827070,204988416,61915136,49961,765058,2026-08-01T18:54:53.050500Z
R2,836,saturated,,true,412.000,30.027,49.425,58.290,112593.782,112855.527,112903.990,763615,827706,205185024,61964288,49975,765891,2026-08-01T18:54:53.050500Z
R2,837,saturated,,true,397.000,32.502,56.098,82.736,112744.032,113027.756,113060.025,764394,828128,205258752,62005248,49959,766664,2026-08-01T18:54:53.050500Z
R2,838,saturated,,true,443.000,28.585,45.045,51.393,112889.270,113126.815,113163.935,765171,828514,205463552,62054400,49961,767546,2026-08-01T18:54:53.050500Z
R2,839,saturated,,true,437.000,29.043,45.196,55.615,113002.205,113239.734,113275.428,766067,828514,205651968,62087168,49957,768429,2026-08-01T18:54:53.050500Z
R2,840,saturated,,true,410.000,30.597,48.189,64.376,113071.312,113315.266,113326.436,766945,829171,205766656,62128128,49962,769284,2026-08-01T18:54:53.050500Z
R2,841,saturated,,true,415.000,29.973,47.805,56.994,113193.936,113440.429,113471.377,767779,829607,205938688,62160896,49959,770093,2026-08-01T18:54:53.050500Z
R2,842,saturated,,true,430.000,30.343,50.967,59.834,113350.109,113567.594,113608.464,768639,830004,206127104,62201856,49966,770955,2026-08-01T18:54:53.050500Z
R2,843,saturated,,true,373.000,30.867,63.936,110.938,113478.438,113743.823,113791.212,769454,830432,206225408,62251008,49969,771741,2026-08-01T18:54:53.050500Z
R2,844,saturated,,true,437.000,28.730,46.593,53.987,113686.419,113930.681,113972.884,770228,831032,206413824,62291968,49962,772580,2026-08-01T18:54:53.050500Z
R2,845,saturated,,true,432.000,29.105,45.980,53.028,113830.222,114071.432,114112.397,771057,831465,206585856,62341120,49973,773451,2026-08-01T18:54:53.050500Z
R2,846,saturated,,true,427.000,29.912,48.392,59.216,113980.806,114215.307,114250.167,771926,831899,206725120,62373888,49965,774315,2026-08-01T18:54:53.050500Z
R2,847,saturated,,true,401.000,30.696,54.065,67.410,114072.765,114348.869,114383.922,772787,832327,206888960,62414848,49969,775111,2026-08-01T18:54:53.050500Z
R2,848,saturated,,true,415.000,29.871,54.351,79.686,114140.311,114356.059,114381.687,773598,832727,207052800,62447616,49969,775943,2026-08-01T18:54:53.050500Z
R2,849,saturated,,true,434.000,28.966,46.085,55.321,114247.163,114476.171,114515.612,774449,833142,207183872,62488576,49971,776820,2026-08-01T18:54:53.050500Z
R2,850,saturated,,true,431.000,29.314,47.682,54.564,114353.285,114580.780,114598.926,775334,833579,207372288,62545920,49971,777693,2026-08-01T18:54:53.050500Z
R2,851,saturated,,true,422.000,30.478,51.891,61.217,114382.867,114598.947,114619.353,776221,833579,207544320,62586880,49969,778539,2026-08-01T18:54:53.050500Z
R2,852,saturated,,true,436.000,29.321,46.627,61.469,114427.144,114660.667,114697.987,777075,834219,207683584,62636032,49970,779401,2026-08-01T18:54:53.050500Z
R2,853,saturated,,true,367.000,30.457,58.011,134.569,114521.195,114756.520,114772.128,777903,834651,207847424,62660608,49980,780183,2026-08-01T18:54:53.050500Z
R2,854,saturated,,true,433.000,29.474,46.434,55.189,114782.048,115021.548,115058.427,778618,835085,208011264,62701568,49967,781021,2026-08-01T18:54:53.050500Z
R2,855,saturated,,true,433.000,27.947,44.443,54.606,114884.229,115105.559,115139.757,779499,835454,208158720,62750720,49973,781892,2026-08-01T18:54:53.050500Z
R2,856,saturated,,true,402.000,32.421,52.765,64.306,115019.337,115247.755,115269.307,780357,835890,208314368,62775296,49977,782707,2026-08-01T18:54:53.050500Z
R2,857,saturated,,true,389.000,31.551,57.652,72.189,115222.234,115488.549,115522.750,781168,836507,208461824,62816256,49980,783475,2026-08-01T18:54:53.050500Z
R2,858,saturated,,true,431.000,28.955,49.226,58.751,115383.865,115603.397,115645.467,781982,836897,208617472,62873600,49761,784342,2026-08-01T18:54:53.050500Z
R2,859,saturated,,true,425.000,29.626,47.704,55.132,115347.971,115576.194,115607.957,782850,837326,208789504,62914560,49980,785199,2026-08-01T18:54:53.050500Z
R2,860,saturated,,true,427.000,30.505,49.146,57.061,115467.645,115696.903,115739.948,783716,837753,208936960,62955520,49979,786061,2026-08-01T18:54:53.050500Z
R2,861,saturated,,true,431.000,29.380,47.548,56.201,115535.832,115768.641,115806.743,784589,838181,209100800,62996480,49978,786917,2026-08-01T18:54:53.050500Z
R2,862,saturated,,true,421.000,28.882,46.427,52.137,115646.905,115893.236,115910.711,785450,838607,209264640,63029248,49980,787769,2026-08-01T18:54:53.050500Z
R2,863,saturated,,true,355.000,32.032,67.932,169.618,115644.095,115858.037,115893.291,786297,839038,209395712,63062016,49990,788509,2026-08-01T18:54:53.050500Z
R2,864,saturated,,true,434.000,28.649,44.871,57.445,115776.893,116010.569,116043.514,786958,839038,209575936,63119360,49766,789359,2026-08-01T18:54:53.050500Z
R2,865,saturated,,true,425.000,29.267,46.904,60.783,115901.890,116133.687,116169.672,787824,839610,209731584,63152128,49987,790210,2026-08-01T18:54:53.050500Z
R2,866,saturated,,true,419.000,30.048,50.153,60.055,115995.646,116228.823,116242.564,788683,840040,209870848,63209472,49773,791057,2026-08-01T18:54:53.050500Z
R2,867,saturated,,true,384.000,31.974,60.896,88.886,116105.814,116358.331,116397.974,789517,840459,210026496,63250432,49777,791834,2026-08-01T18:54:53.050500Z
R2,868,saturated,,true,428.000,31.058,48.146,56.696,116197.052,116413.444,116458.145,790331,840853,210206720,63275008,49774,792679,2026-08-01T18:54:53.050500Z
R2,869,saturated,,true,418.000,29.791,48.839,54.995,116298.442,116521.084,116554.024,791204,841489,210337792,63324160,49986,793530,2026-08-01T18:54:53.050500Z
R2,870,saturated,,true,425.000,30.354,46.567,57.735,116275.376,116502.961,116531.621,792051,841908,210501632,63365120,49776,794369,2026-08-01T18:54:53.050500Z
R2,871,saturated,,true,412.000,31.261,50.772,57.557,116412.433,116652.546,116690.522,792892,842326,210681856,63389696,49781,795205,2026-08-01T18:54:53.050500Z
R2,872,saturated,,true,405.000,32.340,54.618,63.993,116505.764,116745.555,116784.745,793720,842738,210812928,63455232,49989,796027,2026-08-01T18:54:53.050500Z
R2,873,saturated,,true,339.000,33.977,60.199,131.816,116697.533,117017.214,117076.217,794529,843148,210960384,63488000,49846,796711,2026-08-01T18:54:53.050500Z
R2,874,saturated,,true,401.000,32.373,52.487,62.500,116883.086,117119.968,117167.136,795242,843489,211091456,63520768,49794,797520,2026-08-01T18:54:53.050500Z
R2,875,saturated,,true,409.000,31.353,52.414,65.340,116991.531,117217.335,117236.814,796056,843489,211263488,63569920,49787,798333,2026-08-01T18:54:53.050500Z
R2,876,saturated,,true,417.000,31.045,50.425,63.489,117110.008,117357.779,117390.880,796888,844094,211410944,63610880,49783,799163,2026-08-01T18:54:53.050500Z
R2,877,saturated,,true,394.000,31.910,59.440,86.386,117276.351,117512.894,117554.281,797701,844505,211558400,63643648,49777,799957,2026-08-01T18:54:53.050500Z
R2,878,saturated,,true,421.000,30.095,47.708,59.744,117380.131,117612.297,117642.026,798535,844898,211722240,63684608,49780,800800,2026-08-01T18:54:53.050500Z
R2,879,saturated,,true,416.000,30.434,47.998,57.403,117465.465,117686.475,117706.635,799395,845319,211877888,63717376,49787,801644,2026-08-01T18:54:53.050500Z
R2,880,saturated,,true,406.000,30.874,52.995,68.661,117552.087,117789.068,117829.679,800146,845721,211959808,63750144,49787,802466,2026-08-01T18:55:53.074182Z
R2,881,saturated,,true,409.000,31.772,52.404,60.886,117662.695,117892.263,117920.879,801224,847267,212361216,63807488,49793,803278,2026-08-01T18:55:53.074182Z
R2,882,saturated,,true,404.000,31.044,57.710,64.146,117689.959,117911.107,117952.659,802038,847675,212508672,63856640,49788,804092,2026-08-01T18:55:53.074182Z
R2,883,saturated,,true,359.000,32.482,98.803,148.062,117832.782,118141.209,118191.782,802876,848076,212631552,63889408,49843,804842,2026-08-01T18:55:53.074182Z
R2,884,saturated,,true,407.000,32.707,56.181,68.518,117838.763,118070.322,118110.093,803601,848495,212803584,63938560,49790,805628,2026-08-01T18:55:53.074182Z
R2,885,saturated,,true,421.000,30.620,48.712,55.608,117733.682,117962.702,117975.263,804450,848843,212910080,63971328,49791,806473,2026-08-01T18:55:53.074182Z
R2,886,saturated,,true,384.000,33.486,62.471,96.917,117862.899,118071.533,118114.773,805248,849262,213106688,64020480,49796,807249,2026-08-01T18:55:53.074182Z
R2,887,saturated,,true,362.000,33.313,69.141,90.929,117973.633,118241.411,118293.284,806010,849653,213237760,64069632,49804,807978,2026-08-01T18:55:53.074182Z
R2,888,saturated,,true,410.000,32.862,51.499,58.835,118071.367,118300.180,118323.520,806814,850022,213352448,64094208,49791,808802,2026-08-01T18:55:53.074182Z
R2,889,saturated,,true,387.000,33.165,53.095,66.609,118132.698,118359.808,118390.055,807604,850424,213532672,64143360,49822,809595,2026-08-01T18:55:53.074182Z
R2,890,saturated,,true,393.000,33.258,56.180,67.678,118328.236,118565.465,118592.867,808370,851014,213655552,64184320,49797,810370,2026-08-01T18:55:53.074182Z
R2,891,saturated,,true,228.000,33.961,187.223,221.235,118429.160,118663.816,118682.375,809030,851408,213803008,64208896,49967,810923,2026-08-01T18:55:53.074182Z
R2,892,saturated,,true,250.000,38.078,228.036,391.427,119158.245,119459.948,119481.054,809395,851637,213835776,64208896,49812,811356,2026-08-01T18:55:53.074182Z
R2,893,saturated,,true,82.000,89.761,321.847,387.875,119441.027,120125.458,120144.369,809755,851890,213893120,64241664,49964,811585,2026-08-01T18:55:53.074182Z
R2,894,saturated,,true,339.000,35.871,142.688,217.038,120139.259,120394.951,120432.712,810155,851964,214032384,64274432,49810,812197,2026-08-01T18:55:53.074182Z
R2,895,saturated,,true,375.000,33.427,56.010,88.244,120335.512,120601.816,120638.757,810925,852319,214171648,64307200,49815,812958,2026-08-01T18:55:53.074182Z
R2,896,saturated,,true,386.000,33.693,55.934,70.456,120469.804,120691.024,120741.886,811660,852700,214302720,64348160,49817,813724,2026-08-01T18:55:53.074182Z
R2,897,saturated,,true,365.000,34.453,67.857,80.189,120688.138,120953.649,120997.336,812407,853246,214466560,64397312,49813,814454,2026-08-01T18:55:53.074182Z
R2,898,saturated,,true,392.000,32.444,54.724,65.745,120718.262,120958.719,120993.861,813070,853645,214564864,64430080,49817,815246,2026-08-01T18:55:53.074182Z
R2,899,saturated,,true,379.000,34.152,57.915,69.902,120869.485,121124.007,121151.979,813862,853645,214745088,64462848,49829,816016,2026-08-01T18:55:53.074182Z
R2,900,saturated,,true,380.000,34.946,54.875,67.631,121043.967,121304.257,121342.863,814581,854038,214876160,64503808,49820,816771,2026-08-01T18:55:53.074182Z
R2,901,saturated,,true,385.000,33.358,59.697,70.958,121249.050,121490.466,121530.937,815355,854405,215015424,64536576,49821,817548,2026-08-01T18:55:53.074182Z
R2,902,saturated,,true,373.000,34.313,59.990,78.781,121414.950,121651.805,121666.612,816128,854795,215179264,64585728,49817,818300,2026-08-01T18:55:53.074182Z
R2,903,saturated,,true,337.000,35.620,66.860,143.596,121568.767,121795.302,121826.193,816850,855164,215277568,64618496,49873,818990,2026-08-01T18:55:53.074182Z
R2,904,saturated,,true,381.000,34.007,62.798,76.291,121812.745,122034.096,122080.039,817532,855697,215449600,64651264,49828,819746,2026-08-01T18:55:53.074182Z
R2,905,saturated,,true,394.000,32.696,53.217,62.983,121895.059,122109.895,122154.523,818329,856081,215572480,64684032,49823,820534,2026-08-01T18:55:53.074182Z
R2,906,saturated,,true,395.000,32.502,55.398,65.294,121912.682,122121.919,122149.592,819122,856474,215719936,64733184,49826,821332,2026-08-01T18:55:53.074182Z
R2,907,saturated,,true,373.000,34.721,59.053,74.101,122074.039,122323.471,122366.593,819912,856866,215891968,64757760,49813,822083,2026-08-01T18:55:53.074182Z
R2,908,saturated,,true,396.000,32.593,52.488,58.809,122194.806,122424.336,122452.926,820665,856866,216006656,64806912,49822,822879,2026-08-01T18:55:53.074182Z
R2,909,saturated,,true,405.000,32.711,50.971,64.392,122282.591,122507.308,122528.530,821424,857444,216178688,64839680,49818,823685,2026-08-01T18:55:53.074182Z
R2,910,saturated,,true,406.000,31.829,51.584,63.842,122346.617,122568.842,122609.411,822196,857843,216342528,64872448,49816,824497,2026-08-01T18:55:53.074182Z
R2,911,saturated,,true,394.000,31.700,55.491,68.956,122452.882,122687.940,122722.707,823014,858246,216473600,64921600,49829,825297,2026-08-01T18:55:53.074182Z
R2,912,saturated,,true,393.000,32.533,52.942,64.202,122605.151,122843.249,122887.618,823822,858847,216637440,64962560,49830,826093,2026-08-01T18:55:53.074182Z
R2,913,saturated,,true,339.000,34.148,78.693,165.118,122789.459,123112.738,123151.870,824614,859243,216760320,64995328,49884,826778,2026-08-01T18:55:53.074182Z
R2,914,saturated,,true,397.000,32.786,56.511,67.462,123001.706,123225.122,123269.885,825273,859583,216915968,65044480,49823,827574,2026-08-01T18:55:53.074182Z
R2,915,saturated,,true,399.000,32.992,52.977,64.157,123099.283,123330.128,123376.523,826082,859980,217071616,65077248,49829,828375,2026-08-01T18:55:53.074182Z
R2,916,saturated,,true,332.000,35.347,91.022,121.440,123375.816,123612.066,123631.966,826818,859980,217178112,65118208,49826,829037,2026-08-01T18:55:53.074182Z
R2,917,saturated,,true,372.000,33.330,63.706,90.338,123417.714,123669.660,123689.603,827549,860513,217333760,65150976,49821,829790,2026-08-01T18:55:53.074182Z
R2,918,saturated,,true,388.000,32.795,59.942,103.791,123547.753,123807.964,123848.095,828302,860887,217448448,65191936,49828,830557,2026-08-01T18:55:53.074182Z
R2,919,saturated,,true,403.000,31.980,51.985,63.676,123663.834,123905.837,123946.731,829079,861472,217628672,65224704,49829,831364,2026-08-01T18:55:53.074182Z
R2,920,saturated,,true,403.000,32.409,52.098,58.667,123706.732,123925.561,123963.840,829896,861877,217792512,65273856,49829,832177,2026-08-01T18:55:53.074182Z
R2,921,saturated,,true,398.000,32.728,54.362,67.193,123730.900,123972.819,124003.872,830704,862280,217907200,65314816,49832,832971,2026-08-01T18:55:53.074182Z
R2,922,saturated,,true,394.000,32.478,52.270,62.127,123852.457,124088.840,124131.937,831517,862681,218079232,65339392,49833,833773,2026-08-01T18:55:53.074182Z
R2,923,saturated,,true,349.000,34.227,81.793,161.944,123948.624,124175.857,124221.280,832316,863081,218210304,65388544,49889,834478,2026-08-01T18:55:53.074182Z
R2,924,saturated,,true,401.000,32.247,53.317,66.391,124172.107,124396.509,124414.715,833033,863421,218349568,65421312,49824,835285,2026-08-01T18:55:53.074182Z
R2,925,saturated,,true,388.000,34.213,58.165,62.935,124325.239,124544.931,124592.864,833852,863830,218513408,65454080,49841,836065,2026-08-01T18:55:53.074182Z
R2,926,saturated,,true,404.000,33.376,50.766,63.994,124410.706,124629.399,124673.450,834646,864218,218636288,65495040,49835,836858,2026-08-01T18:55:53.074182Z
R2,927,saturated,,true,372.000,34.323,59.622,65.725,124542.984,124800.113,124842.133,835423,864218,218800128,65527808,49840,837616,2026-08-01T18:55:53.074182Z
R2,928,saturated,,true,408.000,31.854,51.373,60.898,124613.129,124863.578,124906.662,836228,864794,218980352,65568768,49834,838438,2026-08-01T18:55:53.074182Z
R2,929,saturated,,true,401.000,31.956,52.889,69.955,124615.422,124864.524,124898.284,837057,865199,219078656,65609728,49840,839248,2026-08-01T18:55:53.074182Z
R2,930,saturated,,true,403.000,32.325,51.956,60.903,124705.504,124939.924,124973.365,837867,865607,219267072,65658880,49838,840054,2026-08-01T18:55:53.074182Z
R2,931,saturated,,true,397.000,33.810,54.336,64.335,124827.565,125051.802,125088.591,838648,866012,219406336,65708032,49837,840857,2026-08-01T18:55:53.074182Z
R2,932,saturated,,true,404.000,33.180,52.070,65.838,124835.099,125062.786,125108.367,839451,866408,219545600,65748992,49835,841656,2026-08-01T18:55:53.074182Z
R2,933,saturated,,true,334.000,33.522,75.344,148.937,124909.142,125160.631,125199.902,840253,866805,219709440,65781760,49910,842341,2026-08-01T18:55:53.074182Z
R2,934,saturated,,true,362.000,36.633,61.444,73.159,125306.333,125542.025,125583.896,840572,867212,219758592,65789952,49843,842676,2026-08-01T18:55:53.074182Z
R2,935,saturated,,true,402.000,32.428,53.270,67.557,125387.536,125614.782,125644.227,841655,867512,219987968,65855488,49845,843870,2026-08-01T18:55:53.074182Z
R2,936,saturated,,true,388.000,33.514,55.513,68.206,125475.856,125691.710,125730.887,842001,867911,220028928,65863680,49840,844248,2026-08-01T18:55:53.074182Z
R2,937,saturated,,true,374.000,33.993,60.871,91.886,125533.662,125780.214,125821.564,842798,868302,220200960,65896448,49845,845002,2026-08-01T18:55:53.074182Z
R2,938,saturated,,true,377.000,33.469,60.320,73.307,125551.299,125778.049,125805.930,843558,868677,220315648,65937408,49865,845809,2026-08-01T18:55:53.074182Z
R2,939,saturated,,true,380.000,34.071,57.974,70.702,125626.754,125862.800,125894.262,844266,869075,220479488,65978368,49852,846545,2026-08-01T18:55:53.074182Z
R2,940,saturated,,true,367.000,35.811,60.355,66.808,125752.819,126010.352,126043.303,845011,869627,220635136,66002944,49855,847291,2026-08-01T18:55:53.074182Z
R2,941,saturated,,true,391.000,33.441,55.158,62.926,125859.204,126080.494,126112.904,845591,868358,220635136,66052096,49848,848053,2026-08-01T18:56:53.165468Z
R2,942,saturated,,true,383.000,33.947,56.237,68.563,125993.310,126237.584,126274.072,846378,868732,220790784,66101248,49852,848830,2026-08-01T18:56:53.165468Z
R2,943,saturated,,true,336.000,34.865,74.137,132.854,126142.103,126362.809,126423.571,847161,869122,220913664,66134016,49904,849608,2026-08-01T18:56:53.165468Z
R2,944,saturated,,true,371.000,35.002,59.797,73.167,126349.208,126573.683,126587.766,847871,869501,221020160,66158592,49854,850243,2026-08-01T18:56:53.165468Z
R2,945,saturated,,true,377.000,33.213,57.482,68.906,126457.313,126713.846,126765.429,848596,869836,221159424,66207744,49854,851011,2026-08-01T18:56:53.165468Z
R2,946,saturated,,true,366.000,34.814,62.296,85.184,126678.660,126923.029,126963.804,849362,870216,221282304,66240512,49860,851761,2026-08-01T18:56:53.165468Z
R2,947,saturated,,true,337.000,36.687,72.987,109.661,126845.286,127093.018,127106.243,849996,870594,221470720,66289664,49865,852464,2026-08-01T18:56:53.165468Z
R2,948,saturated,,true,380.000,34.048,55.182,64.816,127038.245,127284.575,127324.866,850726,870966,221593600,66306048,49856,853186,2026-08-01T18:56:53.165468Z
R2,949,saturated,,true,365.000,35.071,54.207,62.028,127181.047,127414.454,127452.404,851463,871482,221732864,66363392,49881,853976,2026-08-01T18:56:53.165468Z
R2,950,saturated,,true,353.000,35.741,70.151,116.307,127380.155,127583.891,127617.943,852210,871873,221863936,66379776,49860,854635,2026-08-01T18:56:53.165468Z
R2,951,saturated,,true,397.000,33.234,54.770,63.172,127428.744,127668.540,127708.560,852934,872206,221986816,66428928,49860,855422,2026-08-01T18:56:53.165468Z
R2,952,saturated,,true,388.000,34.629,58.072,68.702,127446.996,127690.719,127733.150,853743,872599,222167040,66469888,49868,856207,2026-08-01T18:56:53.165468Z
R2,953,saturated,,true,331.000,34.959,80.433,154.118,127645.699,127946.571,127993.098,854519,872992,222314496,66510848,49917,856980,2026-08-01T18:56:53.165468Z
R2,954,saturated,,true,384.000,32.785,56.000,69.382,127849.260,128064.182,128090.596,855220,873375,222429184,66543616,49861,857646,2026-08-01T18:56:53.165468Z
R2,955,saturated,,true,396.000,34.251,55.085,75.978,127913.114,128126.495,128146.835,855951,873707,222552064,66576384,49869,858441,2026-08-01T18:56:53.165468Z
R2,956,saturated,,true,378.000,34.478,60.566,80.085,127921.816,128139.128,128176.776,856749,874107,222715904,66617344,49865,859214,2026-08-01T18:56:53.165468Z
R2,957,saturated,,true,354.000,34.653,69.565,110.910,128056.301,128327.935,128349.613,857511,874107,222855168,66658304,49869,859925,2026-08-01T18:56:53.165468Z
R2,958,saturated,,true,384.000,33.904,55.917,65.020,128102.374,128326.198,128342.904,858258,874677,223002624,66699264,49883,860721,2026-08-01T18:56:53.165468Z
R2,959,saturated,,true,365.000,35.283,54.657,68.969,128261.136,128498.403,128534.291,859029,875045,223141888,66732032,49878,861441,2026-08-01T18:56:53.165468Z
R2,960,saturated,,true,374.000,35.419,59.096,67.125,128361.642,128589.835,128623.133,859765,875412,223272960,66772992,49875,862179,2026-08-01T18:56:53.165468Z
R2,961,saturated,,true,392.000,32.375,50.321,63.031,128451.686,128676.654,128712.032,860518,875789,223404032,66813952,49867,862957,2026-08-01T18:56:53.165468Z
R2,962,saturated,,true,389.000,33.931,55.133,64.578,128428.939,128676.835,128706.047,861324,876158,223576064,66846720,49875,863746,2026-08-01T18:56:53.165468Z
R2,963,saturated,,true,338.000,35.102,70.685,174.365,128488.386,128692.720,128717.088,862075,876557,223723520,66887680,49931,864528,2026-08-01T18:56:53.165468Z
R2,964,saturated,,true,390.000,34.064,52.965,67.045,128689.625,128913.579,128947.970,862739,877144,223854592,66920448,49871,865192,2026-08-01T18:56:53.165468Z
R2,965,saturated,,true,382.000,33.047,52.005,61.939,128764.490,128998.217,129035.456,863522,877476,223977472,66961408,49883,865982,2026-08-01T18:56:53.165468Z
R2,966,saturated,,true,389.000,34.860,52.856,69.266,128740.264,128986.649,129024.430,864275,877872,224133120,66994176,49881,866763,2026-08-01T18:56:53.165468Z
R2,967,saturated,,true,358.000,35.105,64.437,76.404,128846.330,129095.875,129124.945,865060,878259,224288768,67035136,49883,867483,2026-08-01T18:56:53.165468Z
R2,968,saturated,,true,395.000,33.769,54.504,65.218,129011.393,129228.682,129267.956,865801,878618,224419840,67067904,49882,868269,2026-08-01T18:56:53.165468Z
R2,969,saturated,,true,392.000,32.613,49.935,56.247,129111.180,129337.445,129387.724,866549,879009,224575488,67108864,49877,869050,2026-08-01T18:56:53.165468Z
R2,970,saturated,,true,392.000,32.933,53.546,65.165,129153.277,129378.268,129401.615,867352,879009,224698368,67149824,49882,869845,2026-08-01T18:56:53.165468Z
R2,971,saturated,,true,391.000,33.794,53.805,60.844,129238.558,129453.307,129501.086,868144,879595,224862208,67182592,49880,870625,2026-08-01T18:56:53.165468Z
R2,972,saturated,,true,389.000,34.033,58.085,66.938,129298.014,129527.719,129556.086,868936,879989,225026048,67215360,49880,871409,2026-08-01T18:56:53.165468Z
R2,973,saturated,,true,338.000,36.360,66.492,119.674,129277.363,129578.434,129611.702,869721,880381,225148928,67256320,49929,872181,2026-08-01T18:56:53.165468Z
R2,974,saturated,,true,388.000,33.783,57.893,76.061,129497.986,129727.631,129766.914,870432,880960,225288192,67297280,49885,872873,2026-08-01T18:56:53.165468Z
R2,975,saturated,,true,385.000,33.852,55.370,68.760,129621.152,129851.685,129898.307,871201,881303,225427456,67321856,49894,873646,2026-08-01T18:56:53.165468Z
R2,976,saturated,,true,354.000,38.069,59.729,74.145,129765.047,129992.616,130008.195,871976,881698,225558528,67371008,49899,874387,2026-08-01T18:56:53.165468Z
R2,977,saturated,,true,362.000,36.360,60.772,68.769,129853.453,130086.709,130113.820,872697,882057,225705984,67403776,49889,875079,2026-08-01T18:56:53.165468Z
R2,978,saturated,,true,388.000,33.396,52.537,68.165,129960.812,130168.611,130201.330,873448,882409,225845248,67436544,49890,875870,2026-08-01T18:56:53.165468Z
R2,979,saturated,,true,387.000,33.523,54.580,63.163,130028.634,130260.815,130289.703,874232,882801,226000896,67485696,49894,876639,2026-08-01T18:56:53.165468Z
R2,980,saturated,,true,387.000,34.629,54.593,64.278,130149.392,130375.409,130392.538,875017,883184,226148352,67510272,49890,877419,2026-08-01T18:56:53.165468Z
R2,981,saturated,,true,384.000,35.276,55.281,67.785,130265.821,130494.244,130515.775,875810,883573,226279424,67575808,49894,878197,2026-08-01T18:56:53.165468Z
R2,982,saturated,,true,384.000,34.063,54.492,66.872,130321.676,130543.654,130584.926,876588,883573,226443264,67608576,49891,878968,2026-08-01T18:56:53.165468Z
R2,983,saturated,,true,331.000,36.194,85.602,167.001,130475.000,130697.063,130735.197,877281,884154,226574336,67649536,49948,879727,2026-08-01T18:56:53.165468Z
R2,984,saturated,,true,371.000,36.205,60.006,74.079,130667.204,130889.289,130926.783,877962,884529,226713600,67682304,49901,880389,2026-08-01T18:56:53.165468Z
R2,985,saturated,,true,383.000,34.683,54.671,63.176,130714.131,130962.433,130994.448,878720,884863,226844672,67715072,49898,881139,2026-08-01T18:56:53.165468Z
R2,986,saturated,,true,375.000,34.698,56.745,62.176,130798.805,131038.864,131079.460,879495,885241,227000320,67764224,49898,881915,2026-08-01T18:56:53.165468Z
R2,987,saturated,,true,326.000,36.945,96.398,116.967,131002.786,131251.725,131276.561,880180,885621,227123200,67780608,49902,882561,2026-08-01T18:56:53.165468Z
R2,988,saturated,,true,386.000,34.920,54.464,67.012,131056.208,131289.270,131326.604,880905,885970,227246080,67829760,49906,883336,2026-08-01T18:56:53.165468Z
R2,989,saturated,,true,382.000,36.167,55.711,63.908,131134.489,131356.391,131401.548,881688,886330,227409920,67870720,49904,884106,2026-08-01T18:56:53.165468Z
R2,990,saturated,,true,388.000,34.614,54.709,62.558,131230.293,131470.996,131497.872,882429,886907,227540992,67903488,49902,884877,2026-08-01T18:56:53.165468Z
R2,991,saturated,,true,376.000,34.438,57.160,69.258,131317.648,131545.352,131588.476,883204,887097,227688448,67952640,49905,885642,2026-08-01T18:56:53.165468Z
R2,992,saturated,,true,337.000,37.037,67.649,124.962,131460.557,131681.218,131797.666,883981,887675,227844096,67977216,49925,886409,2026-08-01T18:56:53.165468Z
R2,993,saturated,,true,155.000,69.555,216.899,234.371,131939.674,132258.997,132457.118,884568,888030,227926016,68009984,49980,886829,2026-08-01T18:56:53.165468Z
R2,994,saturated,,true,317.000,38.742,91.302,155.101,132353.934,132603.728,132644.348,884975,888236,227999744,68026368,49926,887319,2026-08-01T18:56:53.165468Z
R2,995,saturated,,true,352.000,38.305,58.059,72.193,132581.958,132829.775,132867.016,885647,888506,228139008,68067328,49915,887996,2026-08-01T18:56:53.165468Z
R2,996,saturated,,true,369.000,36.612,56.502,64.045,132663.728,132915.209,132963.345,886338,888849,228270080,68091904,49917,888736,2026-08-01T18:56:53.165468Z
R2,997,saturated,,true,347.000,37.683,65.438,80.969,132741.164,132984.637,133006.607,887101,889218,228409344,68141056,49917,889428,2026-08-01T18:56:53.165468Z
R2,998,saturated,,true,383.000,36.284,55.062,64.690,132874.150,133107.696,133144.206,887766,889218,228540416,68165632,49912,890186,2026-08-01T18:56:53.165468Z
R2,999,saturated,,true,373.000,35.486,53.533,61.779,132998.608,133214.103,133261.485,888570,889754,228687872,68206592,49917,890953,2026-08-01T18:56:53.165468Z
R2,1000,saturated,,true,373.000,34.891,54.288,63.895,133091.484,133317.921,133334.223,889280,890481,228818944,68247552,49920,891695,2026-08-01T18:57:53.168327Z
R2,1001,saturated,,true,365.000,36.322,65.075,85.261,133162.616,133432.418,133475.224,890086,891972,229007360,68280320,49921,892446,2026-08-01T18:57:53.168327Z
R2,1002,saturated,,true,351.000,36.858,59.868,74.883,133266.531,133502.610,133537.072,890783,892524,229056512,68313088,49935,893164,2026-08-01T18:57:53.168327Z
R2,1003,saturated,,true,313.000,36.591,74.957,167.635,133489.535,133704.962,133737.145,891472,892887,229261312,68345856,49970,893886,2026-08-01T18:57:53.168327Z
R2,1004,saturated,,true,345.000,40.057,70.043,94.128,133774.815,133996.225,134037.517,892085,893237,229294080,68386816,49923,894465,2026-08-01T18:57:53.168327Z
R2,1005,saturated,,true,380.000,36.461,63.516,75.262,133847.640,134069.911,134112.377,892743,893541,229498880,68419584,49925,895220,2026-08-01T18:57:53.168327Z
R2,1006,saturated,,true,365.000,36.254,58.278,67.494,133962.177,134176.805,134221.969,893504,893541,229597184,68452352,49927,895970,2026-08-01T18:57:53.168327Z
R2,1007,saturated,,true,328.000,37.654,75.436,105.685,134137.114,134380.140,134422.737,894239,894102,229752832,68493312,49921,896622,2026-08-01T18:57:53.168327Z
R2,1008,saturated,,true,372.000,36.840,53.956,67.914,134080.287,134307.447,134350.435,894887,894476,229908480,68517888,49925,897365,2026-08-01T18:57:53.168327Z
R2,1009,saturated,,true,367.000,35.255,58.274,70.927,134162.201,134409.244,134431.780,895603,894800,229998592,68567040,49936,898124,2026-08-01T18:57:53.168327Z
R2,1010,saturated,,true,343.000,39.785,63.777,77.843,134289.183,134527.042,134569.809,896339,895363,230203392,68583424,49931,898802,2026-08-01T18:57:53.168327Z
R2,1011,saturated,,true,377.000,35.324,55.356,65.387,134419.725,134661.097,134693.311,897056,895697,230244352,68632576,49927,899552,2026-08-01T18:57:53.168327Z
R2,1012,saturated,,true,370.000,35.180,56.667,72.813,134448.474,134678.248,134722.876,897814,896073,230457344,68657152,49936,900308,2026-08-01T18:57:53.168327Z
R2,1013,saturated,,true,326.000,38.030,67.279,116.391,134635.368,134926.128,134972.674,898566,896451,230531072,68698112,49971,901041,2026-08-01T18:57:53.168327Z
R2,1014,saturated,,true,375.000,35.257,62.654,79.378,134778.640,135026.311,135061.357,899236,896451,230703104,68730880,49938,901704,2026-08-01T18:57:53.168327Z
R2,1015,saturated,,true,374.000,36.793,56.608,64.762,134890.399,135119.485,135159.220,899974,896962,230866944,68771840,49940,902458,2026-08-01T18:57:53.168327Z
R2,1016,saturated,,true,343.000,37.033,56.508,64.963,135024.189,135245.367,135291.704,900729,897339,230957056,68804608,49946,903179,2026-08-01T18:57:53.168327Z
R2,1017,saturated,,true,329.000,38.091,73.356,102.860,135221.705,135456.671,135491.224,901421,897708,231112704,68829184,49935,903813,2026-08-01T18:57:53.168327Z
R2,1018,saturated,,true,362.000,35.457,55.315,67.345,135317.089,135547.430,135585.815,902067,898045,231194624,68861952,49931,904545,2026-08-01T18:57:53.168327Z
R2,1019,saturated,,true,372.000,35.418,58.335,67.751,135381.205,135636.572,135692.420,902800,898559,231391232,68894720,49945,905287,2026-08-01T18:57:53.168327Z
R2,1020,saturated,,true,360.000,37.421,60.097,73.820,135390.044,135634.744,135668.002,903563,898939,231481344,68927488,49941,906012,2026-08-01T18:57:53.168327Z
R2,1021,saturated,,true,361.000,37.090,57.016,69.893,135558.342,135804.292,135844.381,904290,899295,231653376,68976640,49946,906748,2026-08-01T18:57:53.168327Z
R2,1022,saturated,,true,366.000,35.542,56.461,63.504,135611.571,135858.171,135902.622,905032,899295,231784448,69001216,49939,907478,2026-08-01T18:57:53.168327Z
R2,1023,saturated,,true,306.000,38.449,92.339,118.023,135672.201,135933.327,135943.535,905762,899847,231899136,69042176,49973,908178,2026-08-01T18:57:53.168327Z
R2,1024,saturated,,true,354.000,38.094,63.497,73.994,135859.171,136110.215,136154.327,906371,900188,232038400,69074944,49942,908805,2026-08-01T18:57:53.168327Z
R2,1025,saturated,,true,360.000,38.399,59.717,70.995,135999.090,136246.596,136285.611,907056,900688,232144896,69115904,49949,909540,2026-08-01T18:57:53.168327Z
R2,1026,saturated,,true,352.000,37.077,65.013,74.300,136065.790,136303.919,136336.332,907789,901058,232341504,69140480,49945,910248,2026-08-01T18:57:53.168327Z
R2,1027,saturated,,true,330.000,36.664,74.823,110.096,136129.059,136443.156,136501.437,908488,901559,232390656,69181440,49938,910901,2026-08-01T18:57:53.168327Z
R2,1028,saturated,,true,358.000,36.434,57.457,65.100,135609.885,136337.261,136382.388,909180,901559,232595456,69222400,49953,911629,2026-08-01T18:57:53.168327Z
R2,1029,saturated,,true,363.000,36.874,54.921,67.188,134728.681,134943.485,134986.197,909908,901913,232677376,69255168,49950,912354,2026-08-01T18:57:53.168327Z
R2,1030,saturated,,true,367.000,35.828,56.456,65.086,134730.327,134958.185,134977.471,910608,902278,232841216,69287936,49956,913094,2026-08-01T18:57:53.168327Z
R2,1031,saturated,,true,365.000,37.871,58.797,71.439,134756.766,134993.583,135031.647,911359,902643,232980480,69337088,49952,913827,2026-08-01T18:57:53.168327Z
R2,1032,saturated,,true,369.000,34.847,55.247,63.444,134771.384,134992.239,135040.592,912105,903013,233095168,69361664,49959,914572,2026-08-01T18:57:53.168327Z
R2,1033,saturated,,true,339.000,36.964,70.207,151.599,134808.731,135022.814,135041.428,912828,903384,233283584,69402624,49971,915324,2026-08-01T18:57:53.168327Z
R2,1034,saturated,,true,356.000,36.092,57.830,72.003,135004.077,135232.992,135265.715,913494,903753,233340928,69435392,49961,915966,2026-08-01T18:57:53.168327Z
R2,1035,saturated,,true,375.000,35.602,59.667,87.009,135002.545,135237.380,135252.649,914233,904074,233537536,69476352,49955,916709,2026-08-01T18:57:53.168327Z
R2,1036,saturated,,true,299.000,42.456,83.664,116.660,135137.110,135382.517,135397.646,914947,904444,233611264,69500928,49963,917349,2026-08-01T18:57:53.168327Z
R2,1037,saturated,,true,317.000,40.899,80.459,111.870,135331.777,135625.554,135641.471,915571,904771,233775104,69550080,49965,917965,2026-08-01T18:57:53.168327Z
R2,1038,saturated,,true,372.000,35.533,58.765,67.319,135379.615,135598.918,135641.248,916274,905259,233881600,69574656,49958,918710,2026-08-01T18:57:53.168327Z
R2,1039,saturated,,true,370.000,35.949,58.237,75.202,135381.333,135620.158,135659.282,916990,905625,234029056,69615616,49963,919453,2026-08-01T18:57:53.168327Z
R2,1040,saturated,,true,368.000,36.219,60.142,75.305,135334.409,135572.860,135599.879,917737,905997,234184704,69656576,49960,920191,2026-08-01T18:57:53.168327Z
R2,1041,saturated,,true,367.000,37.772,62.098,72.240,135405.233,135632.597,135669.117,918437,906367,234291200,69689344,49967,920928,2026-08-01T18:57:53.168327Z
R2,1042,saturated,,true,356.000,37.940,62.066,69.275,135497.206,135715.130,135739.426,919191,906735,234471424,69722112,49968,921652,2026-08-01T18:57:53.168327Z
R2,1043,saturated,,true,324.000,38.484,127.555,155.830,135546.880,135855.870,135899.776,919918,907090,234545152,69763072,49967,922378,2026-08-01T18:57:53.168327Z
R2,1044,saturated,,true,357.000,37.329,62.492,75.735,135693.436,135942.868,135955.836,920577,907419,234725376,69787648,49974,923021,2026-08-01T18:57:53.168327Z
R2,1045,saturated,,true,368.000,36.948,62.744,80.802,135783.080,136005.514,136051.274,921323,907783,234831872,69820416,49974,923756,2026-08-01T18:57:53.168327Z
R2,1046,saturated,,true,365.000,36.471,60.390,73.432,135872.742,136094.765,136123.114,922073,908153,234979328,69853184,49970,924493,2026-08-01T18:57:53.168327Z
R2,1047,saturated,,true,342.000,38.231,69.124,98.855,136055.214,136292.508,136336.723,922774,908672,235126784,69902336,49975,925166,2026-08-01T18:57:53.168327Z
R2,1048,saturated,,true,366.000,37.705,59.040,68.575,136152.926,136375.156,136398.127,923469,908672,235233280,69926912,49976,925912,2026-08-01T18:57:53.168327Z
R2,1049,saturated,,true,368.000,36.131,57.022,61.662,136196.504,136413.864,136456.140,924218,909037,235405312,69967872,49975,926651,2026-08-01T18:57:53.168327Z
R2,1050,saturated,,true,365.000,36.931,61.672,77.320,136169.921,136441.174,136478.992,924971,909411,235495424,70000640,49795,927391,2026-08-01T18:57:53.168327Z
R2,1051,saturated,,true,372.000,37.088,60.408,75.115,136157.985,136385.697,136425.127,925721,909776,235683840,70041600,49979,928129,2026-08-01T18:57:53.168327Z
R2,1052,saturated,,true,343.000,37.093,79.682,115.228,136288.481,136491.737,136527.732,926437,910146,235765760,70074368,49978,928829,2026-08-01T18:57:53.168327Z
R2,1053,saturated,,true,328.000,37.511,61.729,127.073,136196.516,136440.768,136481.732,927177,910490,235945984,70115328,49980,929570,2026-08-01T18:57:53.168327Z
R2,1054,saturated,,true,360.000,36.657,62.342,82.749,136331.050,136571.264,136602.451,927836,910860,236044288,70131712,49975,930210,2026-08-01T18:57:53.168327Z
R2,1055,saturated,,true,352.000,38.374,56.720,70.433,136413.259,136659.339,136695.291,928542,911177,236191744,70164480,49985,930930,2026-08-01T18:57:53.168327Z
R2,1056,saturated,,true,340.000,38.536,65.103,72.032,136596.996,136822.927,136859.838,929227,911549,236298240,70197248,49976,931608,2026-08-01T18:57:53.168327Z
R2,1057,saturated,,true,341.000,38.615,71.163,96.280,136675.744,136943.473,136965.040,929887,911880,236437504,70238208,49980,932286,2026-08-01T18:57:53.168327Z
R2,1058,saturated,,true,365.000,37.286,63.336,76.042,136816.621,137062.659,137094.137,930602,912394,236601344,70270976,49978,933019,2026-08-01T18:57:53.168327Z
R2,1059,saturated,,true,350.000,38.081,61.646,70.890,136936.195,137172.327,137206.474,931299,912759,236707840,70303744,49986,933742,2026-08-01T18:57:53.168327Z
R2,1060,saturated,,true,344.000,38.505,64.179,76.786,137097.223,137317.586,137337.189,931866,911640,236855296,70344704,49982,934419,2026-08-01T18:58:53.306615Z
R2,1061,saturated,,true,350.000,37.897,61.826,78.005,137104.352,137354.698,137372.356,932576,912165,237051904,70377472,49813,935129,2026-08-01T18:58:53.306615Z
R2,1062,saturated,,true,345.000,37.894,62.496,78.182,137188.001,137424.183,137475.740,933240,912165,237092864,70410240,49827,935818,2026-08-01T18:58:53.306615Z
R2,1063,saturated,,true,304.000,39.301,65.744,138.927,137334.330,137558.785,137586.630,933955,912517,237297664,70451200,49859,936529,2026-08-01T18:58:53.306615Z
R2,1064,saturated,,true,336.000,41.638,91.401,152.355,137602.192,137830.206,137866.697,934570,912860,237330432,70483968,49807,937115,2026-08-01T18:58:53.306615Z
R2,1065,saturated,,true,368.000,37.069,57.504,67.635,137632.771,137853.570,137893.206,935285,913146,237535232,70516736,49804,937857,2026-08-01T18:58:53.306615Z
R2,1066,saturated,,true,344.000,37.810,62.492,77.191,137679.535,137915.014,137960.729,935951,913696,237625344,70549504,49820,938581,2026-08-01T18:58:53.306615Z
R2,1067,saturated,,true,288.000,48.361,85.586,109.287,137988.578,138329.056,138371.465,936579,914039,237780992,70590464,49849,939130,2026-08-01T18:58:53.306615Z
R2,1068,saturated,,true,320.000,42.202,66.684,87.235,138198.163,138479.500,138519.278,937136,914327,237854720,70606848,49826,939777,2026-08-01T18:58:53.306615Z
R2,1069,saturated,,true,359.000,37.988,58.703,71.392,138367.878,138590.891,138615.786,937829,914327,238018560,70639616,49817,940495,2026-08-01T18:58:53.306615Z
R2,1070,saturated,,true,325.000,41.106,75.668,88.095,138551.191,138774.024,138796.903,938443,914832,238125056,70664192,49829,941149,2026-08-01T18:58:53.306615Z
R2,1071,saturated,,true,366.000,36.090,59.215,74.183,138636.880,138857.055,138912.126,939177,915167,238264320,70713344,49814,941884,2026-08-01T18:58:53.306615Z
R2,1072,saturated,,true,358.000,36.923,59.724,76.796,138698.763,138945.807,138972.883,939920,915519,238444544,70737920,49820,942616,2026-08-01T18:58:53.306615Z
R2,1073,saturated,,true,312.000,39.392,81.423,115.360,138596.410,138839.298,138861.860,940531,915883,238510080,70778880,49859,943283,2026-08-01T18:58:53.306615Z
R2,1074,saturated,,true,335.000,40.709,70.725,85.458,138853.614,139106.130,139143.555,941176,916235,238690304,70819840,49820,943920,2026-08-01T18:58:53.306615Z
R2,1075,saturated,,true,348.000,38.799,61.169,75.032,138966.947,139204.344,139254.727,941862,916534,238747648,70852608,49824,944605,2026-08-01T18:58:53.306615Z
R2,1076,saturated,,true,352.000,39.288,62.976,79.495,139106.488,139331.059,139348.064,942568,916883,238952448,70885376,49819,945312,2026-08-01T18:58:53.306615Z
R2,1077,saturated,,true,338.000,37.952,61.724,72.664,139136.362,139392.619,139434.909,943242,917229,239009792,70918144,49823,945996,2026-08-01T18:58:53.306615Z
R2,1078,saturated,,true,355.000,36.975,59.506,69.446,139237.323,139474.922,139485.494,943986,917570,239198208,70959104,49826,946717,2026-08-01T18:58:53.306615Z
R2,1079,saturated,,true,366.000,37.260,56.866,74.376,139265.106,139495.930,139511.421,944680,918112,239304704,70991872,49820,947448,2026-08-01T18:58:53.306615Z
R2,1080,saturated,,true,351.000,37.410,58.119,73.732,139322.977,139548.814,139583.796,945410,918478,239443968,71024640,49830,948150,2026-08-01T18:58:53.306615Z
R2,1081,saturated,,true,343.000,36.555,73.700,95.431,139439.531,139677.928,139699.998,946098,918826,239616000,71065600,49827,948840,2026-08-01T18:58:53.306615Z
R2,1082,saturated,,true,351.000,38.644,59.724,71.959,139501.279,139724.815,139758.569,946829,919171,239689728,71098368,49834,949556,2026-08-01T18:58:53.306615Z
R2,1083,saturated,,true,318.000,38.812,67.913,146.439,139572.855,139816.105,139849.110,947512,919171,239869952,71122944,49868,950224,2026-08-01T18:58:53.306615Z
R2,1084,saturated,,true,342.000,39.839,71.720,79.522,139600.209,139824.930,139860.488,948144,919702,239943680,71163904,49831,950886,2026-08-01T18:58:53.306615Z
R2,1085,saturated,,true,347.000,39.638,61.331,77.219,139707.069,139925.938,139962.950,948847,920007,240132096,71196672,49832,951578,2026-08-01T18:58:53.306615Z
R2,1086,saturated,,true,355.000,39.665,61.220,73.459,139773.460,140004.534,140028.250,949562,920529,240205824,71221248,49832,952289,2026-08-01T18:58:53.306615Z
R2,1087,saturated,,true,330.000,38.562,70.735,90.700,139806.038,140042.699,140074.555,950263,920882,240386048,71254016,49834,952960,2026-08-01T18:58:53.306615Z
R2,1088,saturated,,true,358.000,37.694,62.147,74.480,139818.202,140046.446,140060.709,950963,921041,240476160,71286784,49834,953676,2026-08-01T18:58:53.306615Z
R2,1089,saturated,,true,360.000,37.132,59.722,75.886,139901.407,140131.021,140169.321,951687,921399,240631808,71327744,49824,954396,2026-08-01T18:58:53.306615Z
R2,1090,saturated,,true,359.000,38.883,58.102,65.686,139831.001,140059.263,140084.663,952417,921933,240779264,71360512,49836,955116,2026-08-01T18:58:53.306615Z
R2,1091,saturated,,true,350.000,38.602,58.556,72.032,139935.524,140177.066,140214.906,953102,922289,240885760,71409664,49840,955837,2026-08-01T18:58:53.306615Z
R2,1092,saturated,,true,284.000,43.505,122.921,181.095,140078.593,140369.125,140407.716,953768,922469,241016832,71434240,49862,956406,2026-08-01T18:58:53.306615Z
R2,1093,saturated,,true,281.000,45.571,126.929,140.916,140354.232,140569.131,140607.398,954335,922775,241115136,71467008,49891,956972,2026-08-01T18:58:53.306615Z
R2,1094,saturated,,true,319.000,42.506,77.300,103.352,140591.371,140848.660,140876.933,954909,923085,241246208,71499776,49846,957616,2026-08-01T18:58:53.306615Z
R2,1095,saturated,,true,340.000,38.976,62.417,82.649,140574.974,140819.520,140859.366,955590,923530,241352704,71524352,49849,958289,2026-08-01T18:58:53.306615Z
R2,1096,saturated,,true,307.000,43.066,85.398,98.663,140792.544,141070.055,141105.689,956219,923873,241508352,71557120,49859,958895,2026-08-01T18:58:53.306615Z
R2,1097,saturated,,true,295.000,44.405,93.038,126.714,141074.531,141287.309,141309.747,956818,924168,241590272,71573504,49848,959500,2026-08-01T18:58:53.306615Z
R2,1098,saturated,,true,357.000,39.006,61.603,71.626,141136.640,141362.200,141408.305,957505,924478,241745920,71622656,49835,960215,2026-08-01T18:58:53.306615Z
R2,1099,saturated,,true,338.000,40.437,62.176,73.088,141174.505,141424.155,141465.613,958209,924837,241844224,71647232,49849,960908,2026-08-01T18:58:53.306615Z
R2,1100,saturated,,true,355.000,37.494,60.232,69.924,141259.459,141503.766,141530.531,958886,925176,242016256,71688192,49844,961629,2026-08-01T18:58:53.306615Z
R2,1101,saturated,,true,356.000,37.870,62.033,72.237,141294.954,141531.772,141577.822,959575,925176,242098176,71737344,49851,962345,2026-08-01T18:58:53.306615Z
R2,1102,saturated,,true,355.000,39.095,58.115,69.065,141337.131,141570.568,141594.231,960300,925714,242278400,71761920,49849,963056,2026-08-01T18:58:53.306615Z
R2,1103,saturated,,true,309.000,38.715,76.288,171.334,141448.866,141667.411,141770.660,961015,926067,242343936,71802880,49893,963682,2026-08-01T18:58:53.306615Z
R2,1104,saturated,,true,341.000,39.407,70.391,178.751,141635.326,141858.189,141893.180,961633,926419,242507776,71827456,49845,964365,2026-08-01T18:58:53.306615Z
R2,1105,saturated,,true,354.000,39.151,68.310,77.124,141762.546,142010.758,142044.860,962355,926720,242630656,71876608,49851,965072,2026-08-01T18:58:53.306615Z
R2,1106,saturated,,true,345.000,38.998,65.033,78.879,141699.116,141919.384,141968.303,963064,927246,242769920,71901184,49852,965772,2026-08-01T18:58:53.306615Z
R2,1107,saturated,,true,332.000,39.071,74.559,106.616,141889.008,142149.387,142180.750,963742,927601,242884608,71942144,49851,966424,2026-08-01T18:58:53.306615Z
R2,1108,saturated,,true,347.000,38.914,62.701,76.954,141988.199,142209.062,142231.889,964438,927928,243015680,71966720,49852,967128,2026-08-01T18:58:53.306615Z
R2,1109,saturated,,true,344.000,40.417,64.790,77.657,142050.200,142288.248,142328.330,965147,928274,243179520,72007680,49857,967825,2026-08-01T18:58:53.306615Z
R2,1110,saturated,,true,352.000,39.949,62.668,74.318,142106.906,142324.853,142374.960,965849,928274,243269632,72032256,49854,968528,2026-08-01T18:58:53.306615Z
R2,1111,saturated,,true,341.000,41.011,66.490,77.401,142232.518,142466.010,142522.539,966556,928795,243441664,72081408,49855,969215,2026-08-01T18:58:53.306615Z
R2,1112,saturated,,true,345.000,41.034,61.381,73.201,142389.670,142611.841,142664.841,967255,929138,243523584,72105984,49854,969916,2026-08-01T18:58:53.306615Z
R2,1113,saturated,,true,275.000,42.024,100.569,128.799,142530.508,142759.802,142800.271,967422,929489,243589120,72122368,49900,970207,2026-08-01T18:58:53.306615Z
R2,1114,saturated,,true,326.000,40.658,98.929,142.048,142838.853,143081.834,143134.874,968048,929806,243695616,72146944,49854,970771,2026-08-01T18:58:53.306615Z
R2,1115,saturated,,true,340.000,39.739,61.403,77.545,142986.172,143223.139,143256.469,968670,930088,243843072,72187904,49866,971462,2026-08-01T18:58:53.306615Z
R2,1116,saturated,,true,329.000,40.753,64.813,76.346,143044.946,143262.802,143296.200,969355,930432,243974144,72220672,49880,972163,2026-08-01T18:58:53.306615Z
R2,1117,saturated,,true,294.000,44.272,88.236,118.085,143223.130,143453.058,143498.153,970037,930779,244072448,72237056,49862,972733,2026-08-01T18:58:53.306615Z
R2,1118,saturated,,true,350.000,40.231,63.857,80.332,143334.227,143554.562,143592.289,970640,930779,244203520,72269824,49863,973419,2026-08-01T18:58:53.306615Z
R2,1119,saturated,,true,330.000,41.553,67.362,78.226,143468.561,143692.191,143720.180,971305,931236,244342784,72310784,49877,974109,2026-08-01T18:58:53.306615Z
R2,1120,saturated,,true,329.000,41.896,65.743,78.736,143508.861,143732.566,143766.727,971992,931580,244449280,72343552,49872,974767,2026-08-01T18:58:53.306615Z
R2,1121,saturated,,true,328.000,41.556,67.569,78.106,143595.279,143822.490,143845.937,972750,933533,244457472,72376320,49876,975431,2026-08-01T18:59:53.353674Z
R2,1122,saturated,,true,336.000,39.678,70.190,86.958,143716.474,143975.772,144007.206,973423,934031,244654080,72417280,49873,976109,2026-08-01T18:59:53.353674Z
R2,1123,saturated,,true,312.000,40.081,75.943,118.526,143899.634,144199.702,144223.277,974100,934361,244776960,72450048,49902,976776,2026-08-01T18:59:53.353674Z
R2,1124,saturated,,true,307.000,42.911,79.105,94.911,144063.712,144332.553,144372.645,974714,934698,244899840,72474624,49880,977353,2026-08-01T18:59:53.353674Z
R2,1125,saturated,,true,320.000,42.924,73.999,111.625,144270.565,144558.223,144595.340,975313,934985,244989952,72507392,49886,978022,2026-08-01T18:59:53.353674Z
R2,1126,saturated,,true,284.000,47.078,112.285,138.676,144514.881,144745.081,144784.372,975955,935312,245137408,72531968,49881,978580,2026-08-01T18:59:53.353674Z
R2,1127,saturated,,true,264.000,49.623,132.808,154.760,144847.483,145151.872,145183.377,976508,935594,245170176,72556544,49878,979121,2026-08-01T18:59:53.353674Z
R2,1128,saturated,,true,291.000,49.470,78.714,98.122,144952.618,145216.153,145268.051,977060,935594,245374976,72597504,49905,979748,2026-08-01T18:59:53.353674Z
R2,1129,saturated,,true,296.000,49.367,80.039,91.432,145186.747,145390.542,145421.961,977661,936016,245407744,72613888,49893,980310,2026-08-01T18:59:53.353674Z
R2,1130,saturated,,true,291.000,48.079,78.940,93.145,145431.204,145684.135,145724.709,978260,936300,245563392,72638464,49891,980887,2026-08-01T18:59:53.353674Z
R2,1131,saturated,,true,314.000,46.069,71.726,82.349,145539.574,145790.532,145828.113,978853,936744,245645312,72671232,49882,981508,2026-08-01T18:59:53.353674Z
R2,1132,saturated,,true,310.000,45.126,68.652,78.084,145746.808,145989.383,146026.867,979499,937048,245792768,72704000,49892,982152,2026-08-01T18:59:53.353674Z
R2,1133,saturated,,true,278.000,47.243,79.283,92.474,145842.185,146113.796,146201.783,980102,937369,245882880,72736768,49923,982756,2026-08-01T18:59:53.353674Z
R2,1134,saturated,,true,312.000,45.761,125.134,166.733,146050.709,146317.620,146338.706,980654,937672,246030336,72777728,49877,983302,2026-08-01T18:59:53.353674Z
R2,1135,saturated,,true,335.000,40.272,68.224,72.911,146230.966,146455.418,146483.033,981287,937945,246112256,72802304,49882,983977,2026-08-01T18:59:53.353674Z
R2,1136,saturated,,true,326.000,42.563,66.894,82.526,146390.564,146630.260,146665.028,981960,937945,246276096,72826880,49871,984614,2026-08-01T18:59:53.353674Z
R2,1137,saturated,,true,306.000,45.576,81.760,96.872,146511.588,146795.004,146837.438,982591,938446,246358016,72851456,49884,985249,2026-08-01T18:59:53.353674Z
R2,1138,saturated,,true,333.000,42.748,69.158,88.635,146704.659,146962.536,147006.813,983219,938774,246521856,72892416,49876,985914,2026-08-01T18:59:53.353674Z
R2,1139,saturated,,true,336.000,40.036,66.810,81.582,146776.540,147019.606,147056.829,983888,939080,246595584,72925184,49870,986579,2026-08-01T18:59:53.353674Z
R2,1140,saturated,,true,316.000,45.952,72.713,82.183,146339.517,146743.977,146785.260,984577,939578,246767616,72957952,49879,987220,2026-08-01T18:59:53.353674Z
R2,1141,saturated,,true,348.000,40.549,62.660,78.512,146216.877,146448.968,146474.920,985231,939898,246833152,73007104,49875,987904,2026-08-01T18:59:53.353674Z
R2,1142,saturated,,true,340.000,39.928,64.644,88.868,146239.177,146474.508,146509.086,985936,939898,247029760,73031680,49877,988605,2026-08-01T18:59:53.353674Z
R2,1143,saturated,,true,311.000,41.590,68.593,83.031,146346.803,146559.175,146655.243,986625,940413,247103488,73064448,49913,989282,2026-08-01T18:59:53.353674Z
R2,1144,saturated,,true,336.000,40.435,72.751,111.033,146435.877,146655.352,146670.503,987234,940750,247267328,73097216,49881,989886,2026-08-01T18:59:53.353674Z
R2,1145,saturated,,true,334.000,41.156,68.302,80.622,146501.364,146739.527,146774.331,987916,941061,247349248,73129984,49886,990570,2026-08-01T18:59:53.353674Z
R2,1146,saturated,,true,338.000,41.434,64.830,78.911,146635.821,146876.365,146902.135,988566,941400,247529472,73162752,49879,991248,2026-08-01T18:59:53.353674Z
R2,1147,saturated,,true,323.000,42.850,90.063,114.983,146767.902,147011.454,147041.360,989251,941910,247595008,73179136,49879,991888,2026-08-01T18:59:53.353674Z
R2,1148,saturated,,true,339.000,39.968,63.113,72.738,146868.690,147091.305,147108.463,989913,942227,247767040,73220096,49887,992581,2026-08-01T18:59:53.353674Z
R2,1149,saturated,,true,348.000,41.013,64.814,77.933,146917.184,147138.698,147163.915,990577,942574,247865344,73252864,49881,993270,2026-08-01T18:59:53.353674Z
R2,1150,saturated,,true,348.000,41.962,64.210,77.933,146885.666,147142.455,147178.557,991280,942574,248012800,73285632,49884,993964,2026-08-01T18:59:53.353674Z
R2,1151,saturated,,true,342.000,40.434,68.033,76.802,146791.179,147014.632,147077.687,991942,943091,248143872,73326592,49882,994653,2026-08-01T18:59:53.353674Z
R2,1152,saturated,,true,318.000,40.898,80.164,118.594,146904.413,147118.886,147151.593,992593,943434,248258560,73367552,49884,995305,2026-08-01T18:59:53.353674Z
R2,1153,saturated,,true,310.000,41.379,64.235,77.418,146972.430,147212.212,147257.205,993259,943762,248397824,73400320,49920,995984,2026-08-01T18:59:53.353674Z
R2,1154,saturated,,true,331.000,43.078,77.427,142.301,147182.848,147414.637,147446.670,993903,944271,248496128,73433088,49884,996586,2026-08-01T18:59:53.353674Z
R2,1155,saturated,,true,343.000,39.648,63.048,75.139,147155.247,147375.339,147419.110,994493,944565,248635392,73474048,49889,997276,2026-08-01T18:59:53.353674Z
R2,1156,saturated,,true,309.000,46.366,72.275,83.271,147302.075,147555.858,147591.369,995148,944913,248741888,73498624,49893,997923,2026-08-01T18:59:53.353674Z
R2,1157,saturated,,true,302.000,44.549,77.371,107.597,147450.069,147737.141,147769.744,995818,945228,248881152,73523200,49886,998514,2026-08-01T18:59:53.353674Z
R2,1158,saturated,,true,343.000,39.799,62.999,74.279,147477.581,147720.722,147744.292,996383,945525,248987648,73539584,49890,999198,2026-08-01T18:59:53.353674Z
R2,1159,saturated,,true,341.000,41.169,69.048,80.361,147573.679,147789.029,147833.732,997082,945868,249143296,73588736,49891,999885,2026-08-01T18:59:53.353674Z
R2,1160,saturated,,true,336.000,40.127,71.226,78.891,147697.025,147923.469,147949.594,997769,946210,249225216,73613312,49891,1000563,2026-08-01T18:59:53.353674Z
R2,1161,saturated,,true,337.000,42.253,66.831,80.590,147735.697,147955.692,147977.493,998465,946210,249405440,73654272,49893,1001241,2026-08-01T18:59:53.353674Z
R2,1162,saturated,,true,342.000,41.884,65.213,75.423,147764.829,148012.436,148043.210,999158,946714,249470976,73687040,49885,1001924,2026-08-01T18:59:53.353674Z
R2,1163,saturated,,true,299.000,42.613,72.763,89.906,147862.179,148092.593,148115.378,999836,947058,249651200,73728000,49922,1002590,2026-08-01T18:59:53.353674Z
R2,1164,saturated,,true,322.000,44.169,75.292,125.903,148065.301,148296.700,148327.021,1000465,947391,249716736,73752576,49891,1003175,2026-08-01T18:59:53.353674Z
R2,1165,saturated,,true,337.000,42.826,67.348,77.188,148063.259,148306.066,148354.548,1001116,947850,249888768,73793536,49891,1003848,2026-08-01T18:59:53.353674Z
R2,1166,saturated,,true,341.000,40.278,60.312,69.022,148054.399,148271.177,148297.299,1001813,948185,249970688,73818112,49890,1004534,2026-08-01T18:59:53.353674Z
R2,1167,saturated,,true,308.000,43.779,84.055,92.637,148190.882,148446.526,148482.723,1002480,948525,250134528,73850880,49891,1005151,2026-08-01T18:59:53.353674Z
R2,1168,saturated,,true,344.000,41.780,66.312,81.917,148309.258,148533.720,148564.461,1003054,948525,250216448,73867264,49890,1005833,2026-08-01T18:59:53.353674Z
R2,1169,saturated,,true,333.000,41.239,66.166,76.085,148351.772,148570.600,148582.758,1003720,949005,250380288,73900032,49894,1006512,2026-08-01T18:59:53.353674Z
R2,1170,saturated,,true,341.000,41.246,64.532,71.802,148428.448,148647.741,148689.583,1004400,949344,250503168,73940992,49894,1007198,2026-08-01T18:59:53.353674Z
R2,1171,saturated,,true,340.000,40.680,65.667,78.068,148491.987,148710.715,148752.865,1005106,949682,250634240,73973760,49891,1007870,2026-08-01T18:59:53.353674Z
R2,1172,saturated,,true,332.000,41.555,65.117,79.553,148439.447,148683.967,148726.497,1005794,950028,250757120,74006528,49901,1008561,2026-08-01T18:59:53.353674Z
R2,1173,saturated,,true,303.000,40.483,73.881,150.103,148434.032,148678.201,148716.450,1006477,950535,250871808,74047488,49931,1009228,2026-08-01T18:59:53.353674Z
R2,1174,saturated,,true,329.000,43.005,71.774,157.735,148652.146,148887.575,148910.368,1007101,950866,250994688,74080256,49898,1009820,2026-08-01T18:59:53.353674Z
R2,1175,saturated,,true,339.000,40.143,65.107,69.898,148707.727,148940.465,148970.319,1007703,951166,251109376,74113024,49899,1010500,2026-08-01T18:59:53.353674Z
R2,1176,saturated,,true,333.000,42.378,68.982,79.543,148667.609,148897.465,148927.825,1008382,951501,251265024,74137600,49895,1011169,2026-08-01T18:59:53.353674Z
R2,1177,saturated,,true,292.000,46.003,91.306,117.698,148794.548,149043.445,149072.681,1009056,951834,251355136,74178560,49907,1011793,2026-08-01T18:59:53.353674Z
R2,1178,saturated,,true,329.000,42.431,67.630,80.924,148927.904,149150.173,149187.652,1009657,952144,251494400,74194944,49896,1012416,2026-08-01T18:59:53.353674Z
R2,1179,saturated,,true,333.000,41.457,63.833,69.883,149007.935,149237.199,149272.546,1010333,952453,251592704,74227712,49905,1013092,2026-08-01T18:59:53.353674Z
R2,1180,saturated,,true,328.000,42.066,66.867,76.046,149119.774,149352.413,149392.382,1011007,952796,251740160,74260480,49906,1013756,2026-08-01T18:59:53.353674Z
R2,1181,saturated,,true,329.000,42.762,66.100,73.007,149226.730,149450.475,149485.415,1011611,951665,251944960,74301440,49898,1014422,2026-08-01T19:00:53.330324Z
R2,1182,saturated,,true,335.000,40.832,64.588,74.716,149324.132,149545.888,149573.686,1012297,951996,251985920,74334208,49902,1015093,2026-08-01T19:00:53.330324Z
R2,1183,saturated,,true,298.000,42.771,69.812,97.481,149305.403,149586.702,149625.566,1012937,951996,252182528,74366976,49936,1015759,2026-08-01T19:00:53.330324Z
R2,1184,saturated,,true,312.000,45.855,86.666,137.506,149538.703,149787.712,149814.576,1013552,952498,252223488,74391552,49903,1016305,2026-08-01T19:00:53.330324Z
R2,1185,saturated,,true,341.000,42.642,64.427,79.186,149641.024,149869.840,149909.810,1014194,952783,252420096,74432512,49906,1016990,2026-08-01T19:00:53.330324Z
R2,1186,saturated,,true,317.000,41.339,67.410,90.659,149615.536,149853.654,149872.433,1014865,953111,252461056,74440704,49904,1017633,2026-08-01T19:00:53.330324Z
R2,1187,saturated,,true,276.000,48.487,117.175,162.342,149665.262,149965.778,149994.403,1015479,953428,252674048,74481664,49913,1018215,2026-08-01T19:00:53.330324Z
R2,1188,saturated,,true,321.000,44.569,73.876,82.053,149823.996,150049.918,150070.235,1016068,953885,252706816,74514432,49906,1018839,2026-08-01T19:00:53.330324Z
R2,1189,saturated,,true,313.000,44.860,76.058,83.530,149912.881,150137.353,150146.791,1016691,954197,252903424,74555392,49921,1019507,2026-08-01T19:00:53.330324Z
R2,1190,saturated,,true,311.000,45.502,73.324,84.509,150151.601,150372.754,150400.384,1017288,954197,252936192,74579968,49918,1020106,2026-08-01T19:00:53.330324Z
R2,1191,saturated,,true,322.000,44.872,67.874,83.806,150290.683,150514.389,150549.172,1017955,954663,253140992,74620928,49914,1020738,2026-08-01T19:00:53.330324Z
R2,1192,saturated,,true,322.000,42.490,65.674,81.355,150352.081,150576.342,150630.777,1018545,954983,253181952,74645504,49906,1021396,2026-08-01T19:00:53.330324Z
R2,1193,saturated,,true,298.000,42.640,75.645,87.193,150466.186,150721.282,150743.236,1019201,955312,253378560,74661888,49933,1022050,2026-08-01T19:00:53.330324Z
R2,1194,saturated,,true,310.000,44.227,92.304,134.726,150660.082,150882.465,150923.681,1019821,955631,253411328,74694656,49911,1022622,2026-08-01T19:00:53.330324Z
R2,1195,saturated,,true,334.000,43.027,63.682,73.620,150691.479,150928.127,150963.619,1020417,955917,253607936,74735616,49911,1023275,2026-08-01T19:00:53.330324Z
R2,1196,saturated,,true,328.000,41.751,69.461,77.651,150772.001,151002.242,151018.311,1021046,956409,253665280,74768384,49909,1023930,2026-08-01T19:00:53.330324Z
R2,1197,saturated,,true,301.000,41.791,89.434,107.464,150863.622,151151.636,151192.355,1021710,956739,253853696,74801152,49911,1024540,2026-08-01T19:00:53.330324Z
R2,1198,saturated,,true,333.000,43.077,69.191,79.830,150982.074,151212.526,151233.745,1022308,957040,253911040,74833920,49914,1025209,2026-08-01T19:00:53.330324Z
R2,1199,saturated,,true,336.000,39.295,61.874,70.193,151045.358,151267.342,151310.649,1022996,957375,254091264,74874880,49910,1025887,2026-08-01T19:00:53.330324Z
R2,1200,saturated,,true,317.000,44.341,73.531,83.288,151187.678,151414.747,151452.489,1023665,957707,254156800,74899456,49913,1026531,2026-08-01T19:00:53.330324Z
R2,1201,saturated,,true,336.000,41.313,64.942,83.085,151272.355,151508.313,151528.485,1024320,958030,254337024,74915840,49912,1027197,2026-08-01T19:00:53.330324Z
R2,1202,saturated,,true,325.000,42.229,66.653,78.211,151321.420,151559.881,151579.040,1025012,958364,254402560,74948608,49914,1027866,2026-08-01T19:00:53.330324Z
R2,1203,saturated,,true,301.000,41.885,67.534,78.727,151475.225,151698.304,151715.523,1025677,958693,254574592,74989568,49952,1028523,2026-08-01T19:00:53.330324Z
R2,1204,saturated,,true,318.000,44.557,116.591,171.573,151666.009,151900.709,151934.033,1026289,959028,254640128,75014144,49916,1029087,2026-08-01T19:00:53.330324Z
R2,1205,saturated,,true,325.000,41.739,65.243,85.186,151729.919,151966.074,152015.571,1026905,959309,254803968,75055104,49916,1029748,2026-08-01T19:00:53.330324Z
R2,1206,saturated,,true,333.000,42.587,66.019,75.546,151743.608,151976.995,152004.685,1027583,959637,254910464,75079680,49917,1030423,2026-08-01T19:00:53.330324Z
R2,1207,saturated,,true,303.000,42.838,104.024,133.527,151818.202,152129.419,152152.154,1028212,959637,255049728,75137024,49911,1031028,2026-08-01T19:00:53.330324Z
R2,1208,saturated,,true,331.000,42.360,65.642,79.376,151911.974,152141.834,152165.790,1028849,960134,255148032,75153408,49913,1031697,2026-08-01T19:00:53.330324Z
R2,1209,saturated,,true,338.000,40.651,66.825,76.135,151932.500,152144.771,152164.577,1029523,960441,255295488,75194368,49918,1032372,2026-08-01T19:00:53.330324Z
R2,1210,saturated,,true,333.000,40.399,60.821,71.399,151965.892,152196.945,152217.534,1030185,960776,255393792,75210752,49917,1033045,2026-08-01T19:00:53.330324Z
R2,1211,saturated,,true,336.000,42.346,68.474,81.943,152055.023,152291.196,152308.301,1030859,961109,255533056,75251712,49923,1033726,2026-08-01T19:00:53.330324Z
R2,1212,saturated,,true,329.000,42.899,74.319,84.171,152124.201,152335.281,152362.346,1031533,961443,255655936,75276288,49922,1034382,2026-08-01T19:00:53.330324Z
R2,1213,saturated,,true,307.000,41.709,66.686,87.714,152178.712,152413.794,152481.336,1032174,961780,255778816,75317248,49945,1035058,2026-08-01T19:00:53.330324Z
R2,1214,saturated,,true,310.000,42.041,84.007,115.629,152328.624,152551.969,152599.744,1032789,962277,255893504,75350016,49921,1035620,2026-08-01T19:00:53.330324Z
R2,1215,saturated,,true,332.000,41.130,68.214,79.320,152355.994,152585.160,152625.156,1033430,962562,256008192,75382784,49923,1036295,2026-08-01T19:00:53.330324Z
R2,1216,saturated,,true,307.000,44.427,70.704,91.825,152350.259,152637.597,152670.557,1034093,962896,256139264,75415552,49932,1036920,2026-08-01T19:00:53.330324Z
R2,1217,saturated,,true,300.000,44.248,85.770,117.322,152405.847,152667.978,152698.684,1034658,963210,256253952,75440128,49925,1037520,2026-08-01T19:00:53.330324Z
R2,1218,saturated,,true,334.000,41.163,66.879,71.592,152564.688,152800.132,152856.826,1035250,963508,256385024,75464704,49925,1038185,2026-08-01T19:00:53.330324Z
R2,1219,saturated,,true,334.000,42.082,64.123,71.159,152624.899,152844.114,152864.204,1035926,964000,256491520,75497472,49922,1038851,2026-08-01T19:00:53.330324Z
R2,1220,saturated,,true,329.000,41.855,72.738,87.505,152517.620,152739.976,152772.157,1036600,964000,256638976,75530240,49925,1039515,2026-08-01T19:00:53.330324Z
R2,1221,saturated,,true,304.000,43.826,76.444,116.159,152506.062,152773.303,152797.455,1037252,964334,256729088,75563008,49922,1040120,2026-08-01T19:00:53.330324Z
R2,1222,saturated,,true,318.000,43.392,71.203,83.855,152629.527,152866.854,152893.620,1037862,964637,256876544,75603968,49929,1040774,2026-08-01T19:00:53.330324Z
R2,1223,saturated,,true,292.000,41.242,64.895,79.604,152641.286,152841.880,152911.128,1038516,964967,256966656,75636736,49961,1041432,2026-08-01T19:00:53.330324Z
R2,1224,saturated,,true,304.000,49.808,135.555,167.955,152837.832,153101.930,153134.421,1039116,965287,257089536,75661312,49930,1041967,2026-08-01T19:00:53.330324Z
R2,1225,saturated,,true,319.000,42.624,68.130,86.075,152982.580,153199.945,153247.094,1039737,965559,257204224,75685888,49926,1042610,2026-08-01T19:00:53.330324Z
R2,1226,saturated,,true,313.000,40.758,65.792,80.561,153080.874,153299.897,153320.492,1040390,966043,257335296,75718656,49936,1043265,2026-08-01T19:00:53.330324Z
R2,1227,saturated,,true,301.000,45.200,74.799,100.371,153110.770,153320.636,153351.994,1040989,966365,257433600,75751424,49932,1043844,2026-08-01T19:00:53.330324Z
R2,1228,saturated,,true,330.000,41.801,66.824,84.904,153169.908,153394.540,153408.204,1041618,966515,257572864,75776000,49933,1044515,2026-08-01T19:00:53.330324Z
R2,1229,saturated,,true,327.000,40.958,66.143,73.244,153212.390,153440.726,153467.837,1042293,966990,257679360,75825152,49931,1045174,2026-08-01T19:00:53.330324Z
R2,1230,saturated,,true,329.000,43.074,68.070,83.314,153267.092,153496.622,153528.360,1042962,967319,257818624,75849728,49931,1045830,2026-08-01T19:00:53.330324Z
R2,1231,saturated,,true,329.000,41.951,69.161,76.202,153295.623,153529.135,153553.760,1043534,967646,257916928,75890688,49935,1046482,2026-08-01T19:00:53.330324Z
R2,1232,saturated,,true,326.000,43.775,66.098,78.566,153399.983,153619.151,153646.457,1044197,967975,258064384,75907072,49929,1047139,2026-08-01T19:00:53.330324Z
R2,1233,saturated,,true,307.000,44.846,65.482,72.336,153534.849,153759.436,153792.868,1044858,967975,258179072,75964416,49960,1047799,2026-08-01T19:00:53.330324Z
R2,1234,saturated,,true,303.000,44.443,90.736,138.385,153703.324,153914.946,153927.842,1045477,968461,258293760,75972608,49932,1048363,2026-08-01T19:00:53.330324Z
R2,1235,saturated,,true,322.000,43.937,67.168,80.083,153715.941,153958.153,153975.260,1046120,968745,258400256,76013568,49937,1049024,2026-08-01T19:00:53.330324Z
R2,1236,saturated,,true,323.000,42.564,69.007,76.194,153821.460,154048.652,154068.683,1046742,969077,258539520,76038144,49938,1049665,2026-08-01T19:00:53.330324Z
R2,1237,saturated,,true,300.000,42.949,86.170,123.404,153980.695,154239.274,154287.443,1047353,969398,258637824,76087296,49929,1050267,2026-08-01T19:00:53.330324Z
R2,1238,saturated,,true,299.000,45.742,69.995,90.812,153992.837,154236.387,154268.914,1047971,969717,258777088,76111872,49941,1050885,2026-08-01T19:00:53.330324Z
R2,1239,saturated,,true,315.000,45.048,72.116,84.104,154097.178,154340.227,154393.837,1048554,970023,258867200,76144640,49937,1051510,2026-08-01T19:00:53.330324Z
R2,1240,saturated,,true,315.000,44.753,73.212,84.645,154156.622,154381.982,154421.549,1049200,970315,258998272,76152832,49941,1052140,2026-08-01T19:00:53.330324Z
R2,1241,saturated,,true,318.000,46.453,72.640,84.684,154290.909,154509.619,154548.427,1049572,972453,259006464,76193792,49937,1052760,2026-08-01T19:01:53.452849Z
R2,1242,saturated,,true,322.000,42.874,67.830,78.832,154341.409,154549.375,154578.770,1050209,972921,259211264,76226560,49941,1053411,2026-08-01T19:01:53.452849Z
R2,1243,saturated,,true,303.000,44.121,70.249,79.971,154455.935,154661.594,154670.622,1050871,973246,259342336,76259328,49960,1054065,2026-08-01T19:01:53.452849Z
R2,1244,saturated,,true,286.000,48.253,90.913,116.758,154678.532,154901.188,154918.745,1051432,973571,259448832,76292096,49940,1054598,2026-08-01T19:01:53.452849Z
R2,1245,saturated,,true,327.000,42.070,70.454,83.129,154761.519,154981.914,155017.775,1052014,974003,259522560,76333056,49941,1055254,2026-08-01T19:01:53.452849Z
R2,1246,saturated,,true,322.000,42.708,64.883,79.901,154850.058,155072.139,155091.628,1052647,974003,259686400,76357632,49936,1055909,2026-08-01T19:01:53.452849Z
R2,1247,saturated,,true,267.000,47.490,117.445,194.638,154966.855,155177.177,155211.964,1053293,974329,259743744,76374016,49952,1056454,2026-08-01T19:01:53.452849Z
R2,1248,saturated,,true,225.000,54.348,158.831,224.375,155063.957,155354.727,155398.070,1053870,974654,259915776,76398592,49970,1056978,2026-08-01T19:01:53.452849Z
R2,1249,saturated,,true,306.000,46.013,79.212,109.019,155199.039,155483.138,155511.125,1054270,975007,259940352,76439552,49949,1057511,2026-08-01T19:01:53.452849Z
R2,1250,saturated,,true,284.000,49.995,81.669,96.808,155229.329,155447.909,155499.768,1054869,975007,260145152,76464128,49950,1058094,2026-08-01T19:01:53.452849Z
R2,1251,saturated,,true,321.000,44.553,68.902,78.714,155369.667,155586.382,155633.838,1055483,975429,260177920,76480512,49948,1058721,2026-08-01T19:01:53.452849Z
R2,1252,saturated,,true,313.000,43.720,76.388,87.326,155299.841,155532.241,155554.167,1056131,975737,260374528,76513280,49948,1059374,2026-08-01T19:01:53.452849Z
R2,1253,saturated,,true,294.000,47.952,74.998,99.398,155244.572,155495.839,155536.463,1056774,976215,260415488,76554240,49968,1059984,2026-08-01T19:01:53.452849Z
R2,1254,saturated,,true,297.000,45.992,99.226,139.006,155515.258,155738.058,155779.404,1057321,976524,260595712,76587008,49943,1060545,2026-08-01T19:01:53.452849Z
R2,1255,saturated,,true,318.000,44.687,73.816,83.536,155558.817,155806.596,155848.749,1057957,976799,260653056,76619776,49948,1061196,2026-08-01T19:01:53.452849Z
R2,1256,saturated,,true,317.000,44.757,72.338,86.304,155653.341,155881.574,155910.057,1058605,977283,260775936,76644352,49952,1061827,2026-08-01T19:01:53.452849Z
R2,1257,saturated,,true,303.000,45.062,85.593,108.327,155797.656,156070.750,156115.498,1059217,977283,260898816,76677120,49951,1062427,2026-08-01T19:01:53.452849Z
R2,1258,saturated,,true,308.000,44.259,73.083,91.527,155941.150,156186.583,156214.258,1059837,977600,261013504,76701696,49950,1063054,2026-08-01T19:01:53.452849Z
R2,1259,saturated,,true,320.000,45.459,73.363,91.316,156041.957,156264.420,156308.577,1060471,978051,261128192,76734464,49951,1063684,2026-08-01T19:01:53.452849Z
R2,1260,saturated,,true,308.000,45.045,73.920,97.944,156025.238,156259.183,156304.996,1061118,978367,261259264,76775424,49953,1064308,2026-08-01T19:01:53.452849Z
R2,1261,saturated,,true,318.000,44.313,71.143,77.472,156090.426,156322.220,156338.357,1061750,978680,261365760,76800000,49952,1064957,2026-08-01T19:01:53.452849Z
R2,1262,saturated,,true,314.000,44.385,65.318,77.488,156206.007,156425.855,156450.699,1062387,978998,261505024,76840960,49951,1065590,2026-08-01T19:01:53.452849Z
R2,1263,saturated,,true,296.000,44.194,69.288,76.295,156269.379,156540.299,156557.689,1063002,979316,261603328,76857344,49988,1066237,2026-08-01T19:01:53.452849Z
R2,1264,saturated,,true,304.000,45.287,144.953,182.089,156450.438,156678.047,156722.156,1063584,979316,261718016,76890112,49957,1066785,2026-08-01T19:01:53.452849Z
R2,1265,saturated,,true,319.000,44.212,65.974,75.492,156539.249,156759.824,156799.175,1064223,979748,261840896,76914688,49959,1067433,2026-08-01T19:01:53.452849Z
R2,1266,saturated,,true,319.000,44.700,71.021,90.131,156626.521,156853.131,156869.147,1064875,980072,261955584,76955648,49955,1068067,2026-08-01T19:01:53.452849Z
R2,1267,saturated,,true,299.000,45.220,74.549,92.790,156692.402,156962.467,156999.827,1065478,980553,262078464,76980224,49959,1068671,2026-08-01T19:01:53.452849Z
R2,1268,saturated,,true,321.000,44.557,69.178,90.093,156819.751,157045.831,157059.024,1066070,980855,262193152,77029376,49955,1069318,2026-08-01T19:01:53.452849Z
R2,1269,saturated,,true,320.000,44.407,73.991,88.744,156905.365,157124.737,157168.568,1066733,981171,262316032,77053952,49955,1069959,2026-08-01T19:01:53.452849Z
R2,1270,saturated,,true,321.000,44.149,70.678,85.036,156890.525,157117.369,157133.121,1067385,981656,262447104,77086720,49954,1070597,2026-08-01T19:01:53.452849Z
R2,1271,saturated,,true,319.000,45.158,70.363,82.049,156754.842,156972.347,156994.613,1068042,981812,262553600,77103104,49958,1071247,2026-08-01T19:01:53.452849Z
R2,1272,saturated,,true,317.000,45.274,74.959,98.086,156818.981,157048.406,157076.445,1068657,982137,262684672,77144064,49955,1071890,2026-08-01T19:01:53.452849Z
R2,1273,saturated,,true,292.000,43.803,68.841,83.477,156928.508,157145.318,157161.389,1069307,982615,262799360,77168640,49829,1072541,2026-08-01T19:01:53.452849Z
R2,1274,saturated,,true,305.000,48.546,128.790,175.684,156996.299,157220.545,157269.694,1069875,982615,262930432,77201408,49964,1073093,2026-08-01T19:01:53.452849Z
R2,1275,saturated,,true,319.000,44.141,73.416,83.867,157020.320,157244.956,157277.408,1070482,982893,263036928,77234176,49958,1073724,2026-08-01T19:01:53.452849Z
R2,1276,saturated,,true,295.000,46.620,83.445,101.637,157120.557,157343.768,157385.635,1071088,983368,263127040,77266944,49960,1074315,2026-08-01T19:01:53.452849Z
R2,1277,saturated,,true,281.000,49.902,87.748,100.463,157210.768,157523.839,157552.641,1071672,983518,263266304,77291520,49966,1074890,2026-08-01T19:01:53.452849Z
R2,1278,saturated,,true,317.000,46.896,73.476,88.377,157333.037,157543.317,157573.621,1072237,983818,263364608,77316096,49960,1075518,2026-08-01T19:01:53.452849Z
R2,1279,saturated,,true,317.000,45.124,70.356,82.704,157389.087,157608.636,157633.385,1072845,984263,263503872,77357056,49961,1076152,2026-08-01T19:01:53.452849Z
R2,1280,saturated,,true,318.000,44.209,70.822,82.805,157403.342,157633.697,157655.458,1073459,984263,263610368,77389824,49965,1076795,2026-08-01T19:01:53.452849Z
R2,1281,saturated,,true,317.000,44.746,72.415,82.982,157412.706,157679.283,157714.440,1074141,984739,263733248,77422592,49962,1077430,2026-08-01T19:01:53.452849Z
R2,1282,saturated,,true,313.000,44.072,71.002,86.524,157384.577,157611.471,157622.164,1074794,985063,263856128,77455360,49967,1078053,2026-08-01T19:01:53.452849Z
R2,1283,saturated,,true,288.000,45.729,67.617,80.334,157429.848,157639.886,157677.827,1075427,985533,263970816,77488128,49836,1078694,2026-08-01T19:01:53.452849Z
R2,1284,saturated,,true,298.000,49.577,146.057,176.248,157447.929,157668.267,157683.700,1075991,985533,264060928,77504512,49963,1079226,2026-08-01T19:01:53.452849Z
R2,1285,saturated,,true,288.000,46.028,106.888,141.068,157302.615,157596.324,157627.108,1076615,985958,264183808,77537280,49963,1079810,2026-08-01T19:01:53.452849Z
R2,1286,saturated,,true,307.000,46.412,71.460,90.315,157336.263,157542.842,157589.253,1077183,986405,264290304,77570048,49966,1080433,2026-08-01T19:01:53.452849Z
R2,1287,saturated,,true,287.000,48.706,100.981,126.345,157284.922,157496.438,157525.971,1077773,986714,264404992,77611008,49968,1081011,2026-08-01T19:01:53.452849Z
R2,1288,saturated,,true,319.000,45.115,71.890,92.662,157279.038,157508.590,157543.402,1078350,986714,264503296,77635584,49966,1081648,2026-08-01T19:01:53.452849Z
R2,1289,saturated,,true,313.000,44.816,74.351,88.826,157242.204,157483.857,157506.855,1078968,987160,264650752,77660160,49967,1082282,2026-08-01T19:01:53.452849Z
R2,1290,saturated,,true,318.000,44.715,73.098,80.913,157246.649,157465.520,157507.688,1079600,987481,264749056,77684736,49967,1082909,2026-08-01T19:01:53.452849Z
R2,1291,saturated,,true,313.000,45.602,74.108,83.548,157167.417,157436.282,157478.979,1080219,987951,264888320,77717504,49972,1083545,2026-08-01T19:01:53.452849Z
R2,1292,saturated,,true,261.000,46.385,122.177,196.351,157106.574,157333.360,157378.619,1080829,988271,264978432,77758464,49978,1084109,2026-08-01T19:01:53.452849Z
R2,1293,saturated,,true,68.000,80.263,618.947,675.335,157485.156,158197.655,158197.678,1081261,988535,265027584,77766656,49979,1084299,2026-08-01T19:01:53.452849Z
R2,1294,saturated,,true,234.000,51.013,323.530,542.516,158353.260,158625.731,158652.410,1081501,988535,265093120,77783040,49980,1084683,2026-08-01T19:01:53.452849Z
R2,1295,saturated,,true,293.000,47.930,76.943,91.540,158472.778,158727.818,158767.500,1081988,988680,265191424,77815808,49975,1085277,2026-08-01T19:01:53.452849Z
R2,1296,saturated,,true,292.000,47.410,75.297,88.345,158518.242,158758.374,158787.927,1082549,988983,265322496,77832192,49978,1085868,2026-08-01T19:01:53.452849Z
R2,1297,saturated,,true,281.000,46.958,108.156,122.895,158597.397,158843.300,158886.220,1083152,989277,265420800,77873152,49974,1086428,2026-08-01T19:01:53.452849Z
R2,1298,saturated,,true,313.000,46.507,70.929,82.703,158717.589,158957.867,158988.053,1083667,989704,265551872,77897728,49974,1087055,2026-08-01T19:01:53.452849Z
R2,1299,saturated,,true,279.000,50.422,83.052,102.601,158816.978,159065.213,159098.704,1084294,990015,265641984,77930496,49978,1087626,2026-08-01T19:01:53.452849Z
R2,1300,saturated,,true,294.000,49.554,78.571,101.147,158985.316,159212.176,159255.981,1084868,990015,265756672,77963264,49970,1088209,2026-08-01T19:01:53.452849Z
R2,1301,saturated,,true,298.000,47.350,84.230,97.409,159086.046,159310.052,159337.550,1085719,988741,265920512,77971456,49974,1088801,2026-08-01T19:02:53.450590Z
R2,1302,saturated,,true,290.000,47.634,85.242,104.140,159209.441,159424.927,159468.005,1086325,989192,265961472,78012416,49981,1089400,2026-08-01T19:02:53.450590Z
R2,1303,saturated,,true,277.000,46.797,83.806,99.182,159352.207,159553.482,159596.381,1086868,989192,266076160,78036992,49851,1089991,2026-08-01T19:02:53.450590Z
R2,1304,saturated,,true,250.000,56.590,110.108,128.191,159560.491,159790.930,159833.703,1087384,989642,266190848,78077952,49972,1090459,2026-08-01T19:02:53.450590Z
R2,1305,saturated,,true,301.000,46.081,77.183,102.366,159686.253,159912.408,159954.658,1087933,990013,266264576,78094336,49975,1091058,2026-08-01T19:02:53.450590Z
R2,1306,saturated,,true,304.000,47.340,75.637,92.311,159816.464,160041.020,160071.281,1088550,990316,266428416,78118912,49980,1091673,2026-08-01T19:02:53.450590Z
R2,1307,saturated,,true,243.000,52.004,152.427,219.102,160030.725,160246.598,160274.359,1089140,990617,266461184,78151680,49981,1092163,2026-08-01T19:02:53.450590Z
R2,1308,saturated,,true,299.000,48.211,72.174,89.891,160155.225,160411.769,160453.820,1089672,990617,266657792,78184448,49827,1092759,2026-08-01T19:02:53.450590Z
R2,1309,saturated,,true,288.000,47.543,76.462,83.328,160292.148,160520.891,160575.216,1090288,991007,266690560,78217216,49982,1093350,2026-08-01T19:02:53.450590Z
R2,1310,saturated,,true,286.000,50.114,81.870,98.975,160525.720,160766.587,160795.911,1090859,991454,266862592,78225408,49982,1093913,2026-08-01T19:02:53.450590Z
R2,1311,saturated,,true,309.000,47.519,76.678,81.533,160549.233,160793.180,160825.396,1091471,991895,266919936,78266368,49980,1094526,2026-08-01T19:02:53.450590Z
R2,1312,saturated,,true,306.000,45.364,70.586,81.448,160690.247,160929.732,160969.476,1092095,991895,267075584,78299136,49828,1095151,2026-08-01T19:02:53.450590Z
R2,1313,saturated,,true,282.000,47.510,76.795,95.357,160770.943,160992.178,161027.723,1092713,992198,267157504,78340096,49848,1095756,2026-08-01T19:02:53.450590Z
R2,1314,saturated,,true,280.000,48.383,157.762,178.858,161041.502,161244.714,161272.779,1093250,992495,267280384,78356480,49833,1096279,2026-08-01T19:02:53.450590Z
R2,1315,saturated,,true,302.000,47.192,79.533,91.250,161042.683,161276.353,161300.429,1093871,992909,267386880,78372864,49830,1096884,2026-08-01T19:02:53.450590Z
R2,1316,saturated,,true,293.000,47.725,79.377,94.845,161078.311,161338.756,161370.188,1094481,993216,267485184,78413824,49839,1097480,2026-08-01T19:02:53.450590Z
R2,1317,saturated,,true,289.000,47.794,89.730,105.964,161245.193,161495.038,161532.873,1095082,993513,267616256,78446592,49984,1098050,2026-08-01T19:02:53.450590Z
R2,1318,saturated,,true,304.000,45.902,74.098,79.983,161306.463,161530.531,161550.695,1095646,993513,267714560,78479360,49979,1098676,2026-08-01T19:02:53.450590Z
R2,1319,saturated,,true,289.000,47.639,96.192,129.285,161291.820,161586.326,161623.840,1096269,993953,267853824,78495744,49989,1099251,2026-08-01T19:02:53.450590Z
R2,1320,saturated,,true,303.000,47.933,71.640,88.394,161482.589,161722.785,161768.732,1096826,994262,267927552,78528512,49984,1099858,2026-08-01T19:02:53.450590Z
R2,1321,saturated,,true,287.000,48.131,82.361,100.173,161558.788,161791.123,161826.657,1097367,994543,268066816,78553088,49982,1100439,2026-08-01T19:02:53.450590Z
R2,1322,saturated,,true,280.000,48.260,88.769,115.633,161735.361,161973.159,162015.332,1097935,994984,268148736,78594048,49860,1101005,2026-08-01T19:02:53.450590Z
R2,1323,saturated,,true,283.000,44.605,74.867,96.759,161932.505,162141.466,162166.928,1098547,994984,268288000,78618624,49854,1101620,2026-08-01T19:02:53.450590Z
R2,1324,saturated,,true,287.000,49.264,133.218,171.234,162084.243,162290.679,162347.171,1099101,995415,268345344,78651392,49982,1102147,2026-08-01T19:02:53.450590Z
R2,1325,saturated,,true,309.000,44.909,76.015,85.204,162179.439,162410.307,162434.723,1099691,995832,268509184,78667776,49830,1102772,2026-08-01T19:02:53.450590Z
R2,1326,saturated,,true,308.000,48.114,79.995,93.745,162225.218,162470.184,162501.147,1100316,996147,268582912,78700544,49829,1103386,2026-08-01T19:02:53.450590Z
R2,1327,saturated,,true,282.000,50.717,81.286,105.504,162262.261,162543.344,162582.042,1100901,996605,268713984,78733312,49853,1103961,2026-08-01T19:02:53.450590Z
R2,1328,saturated,,true,309.000,45.908,72.698,84.564,162391.045,162611.485,162664.771,1101508,996892,268820480,78774272,49834,1104585,2026-08-01T19:02:53.450590Z
R2,1329,saturated,,true,314.000,44.464,72.779,84.465,162455.454,162676.012,162710.488,1102104,997048,268951552,78815232,49986,1105204,2026-08-01T19:02:53.450590Z
R2,1330,saturated,,true,306.000,47.647,75.605,90.645,162480.793,162697.695,162749.237,1102732,997048,269049856,78831616,49833,1105821,2026-08-01T19:02:53.450590Z
R2,1331,saturated,,true,304.000,44.928,73.081,86.180,162530.990,162763.841,162777.085,1103358,997509,269189120,78856192,49834,1106435,2026-08-01T19:02:53.450590Z
R2,1332,saturated,,true,311.000,45.429,78.157,87.650,162646.521,162876.308,162918.643,1103985,997816,269287424,78888960,49835,1107048,2026-08-01T19:02:53.450590Z
R2,1333,saturated,,true,283.000,45.301,72.870,88.490,162742.125,162969.018,163011.612,1104617,998124,269418496,78938112,49855,1107671,2026-08-01T19:02:53.450590Z
R2,1334,saturated,,true,276.000,49.620,147.935,188.021,163037.865,163243.899,163260.573,1105145,998429,269516800,78962688,49836,1108187,2026-08-01T19:02:53.450590Z
R2,1335,saturated,,true,306.000,46.871,70.218,77.552,163070.894,163299.756,163332.417,1105738,998837,269631488,78987264,49843,1108800,2026-08-01T19:02:53.450590Z
R2,1336,saturated,,true,284.000,49.419,90.181,115.900,163235.580,163474.110,163495.032,1106326,999151,269737984,79011840,49844,1109363,2026-08-01T19:02:53.450590Z
R2,1337,saturated,,true,269.000,50.325,91.279,102.860,163356.893,163571.039,163593.140,1106822,999431,269803520,79044608,49870,1109909,2026-08-01T19:02:53.450590Z
R2,1338,saturated,,true,301.000,46.805,78.003,100.562,163458.307,163680.292,163717.137,1107368,999431,269950976,79077376,49843,1110512,2026-08-01T19:02:53.450590Z
R2,1339,saturated,,true,297.000,47.862,80.579,92.581,163476.381,163713.035,163731.220,1107989,999853,270032896,79110144,49838,1111121,2026-08-01T19:02:53.450590Z
R2,1340,saturated,,true,298.000,48.030,82.359,99.851,163635.115,163877.407,163903.219,1108561,1000153,270188544,79142912,49843,1111711,2026-08-01T19:02:53.450590Z
R2,1341,saturated,,true,303.000,46.453,73.303,88.095,163667.701,163947.505,163975.440,1109177,1000599,270254080,79159296,49840,1112326,2026-08-01T19:02:53.450590Z
R2,1342,saturated,,true,297.000,47.681,79.236,92.169,163695.806,163917.114,163960.288,1109797,1000599,270417920,79192064,49847,1112909,2026-08-01T19:02:53.450590Z
R2,1343,saturated,,true,283.000,47.983,77.401,97.293,163851.572,164066.697,164104.480,1110390,1001056,270483456,79224832,49859,1113513,2026-08-01T19:02:53.450590Z
R2,1344,saturated,,true,277.000,49.324,131.169,195.048,164050.990,164273.792,164301.180,1110912,1001348,270622720,79257600,49842,1114040,2026-08-01T19:02:53.450590Z
R2,1345,saturated,,true,307.000,45.986,75.774,82.245,164106.012,164340.266,164381.429,1111522,1001760,270712832,79282176,49840,1114657,2026-08-01T19:02:53.450590Z
R2,1346,saturated,,true,309.000,46.740,73.738,81.112,164162.502,164398.492,164430.161,1112112,1002068,270860288,79298560,49843,1115274,2026-08-01T19:02:53.450590Z
R2,1347,saturated,,true,281.000,49.608,76.845,96.202,164314.924,164613.050,164632.341,1112725,1002068,270942208,79339520,49864,1115837,2026-08-01T19:02:53.450590Z
R2,1348,saturated,,true,308.000,45.465,69.670,83.043,164346.288,164585.163,164628.929,1113282,1002525,271073280,79372288,49842,1116459,2026-08-01T19:02:53.450590Z
R2,1349,saturated,,true,309.000,46.799,73.627,89.766,164340.790,164576.816,164605.900,1113920,1002966,271179776,79405056,49844,1117077,2026-08-01T19:02:53.450590Z
R2,1350,saturated,,true,294.000,49.243,78.778,90.980,164417.192,164640.423,164668.624,1114538,1002966,271302656,79437824,49850,1117674,2026-08-01T19:02:53.450590Z
R2,1351,saturated,,true,307.000,46.121,71.965,93.775,164503.756,164720.649,164738.261,1115149,1003426,271409152,79470592,49846,1118281,2026-08-01T19:02:53.450590Z
R2,1352,saturated,,true,291.000,47.046,73.645,95.771,164472.743,164685.218,164784.460,1115770,1003723,271515648,79486976,49857,1118899,2026-08-01T19:02:53.450590Z
R2,1353,saturated,,true,289.000,45.769,87.847,109.921,164463.476,164675.789,164714.894,1116328,1004027,271638528,79519744,49859,1119483,2026-08-01T19:02:53.450590Z
R2,1354,saturated,,true,251.000,52.890,151.340,193.701,164693.135,164984.649,165021.503,1116862,1004321,271695872,79552512,49869,1119962,2026-08-01T19:02:53.450590Z
R2,1355,saturated,,true,286.000,47.051,80.522,92.796,164798.372,165020.535,165062.543,1117423,1004710,271843328,79577088,49856,1120534,2026-08-01T19:02:53.450590Z
R2,1356,saturated,,true,296.000,49.836,75.755,96.639,164891.203,165110.647,165134.938,1118026,1004710,271925248,79593472,49852,1121128,2026-08-01T19:02:53.450590Z
R2,1357,saturated,,true,273.000,52.092,82.537,93.832,165004.445,165198.979,165277.990,1118578,1005145,272064512,79626240,49870,1121683,2026-08-01T19:02:53.450590Z
R2,1358,saturated,,true,307.000,45.783,72.283,86.794,165101.875,165304.938,165344.945,1119106,1005568,272146432,79659008,49848,1122295,2026-08-01T19:02:53.450590Z
R2,1359,saturated,,true,299.000,47.826,73.754,85.643,165107.461,165381.558,165414.302,1119727,1005568,272285696,79699968,49852,1122892,2026-08-01T19:02:53.450590Z
R2,1360,saturated,,true,268.000,51.993,88.256,117.649,165149.059,165407.282,165444.142,1120296,1006023,272367616,79724544,49871,1123439,2026-08-01T19:02:53.450590Z
R2,1361,saturated,,true,288.000,48.937,81.798,92.741,165355.542,165585.308,165612.605,1120730,1007813,272531456,79732736,49860,1124013,2026-08-01T19:03:53.684763Z
R2,1362,saturated,,true,290.000,48.636,77.234,89.162,165453.688,165675.106,165704.968,1121336,1007813,272572416,79773696,49861,1124602,2026-08-01T19:03:53.684763Z
R2,1363,saturated,,true,269.000,48.190,85.614,107.852,165466.209,165707.471,165750.672,1121629,1008251,272588800,79790080,49881,1124894,2026-08-01T19:03:53.684763Z
R2,1364,saturated,,true,250.000,54.226,148.674,196.004,165801.306,166077.677,166105.679,1122356,1008543,272801792,79839232,49853,1125640,2026-08-01T19:03:53.684763Z
R2,1365,saturated,,true,296.000,47.516,76.089,87.215,165933.975,166152.111,166180.475,1122949,1008913,272834560,79847424,49853,1126250,2026-08-01T19:03:53.684763Z
R2,1366,saturated,,true,306.000,48.508,74.078,85.334,165972.677,166197.554,166245.080,1123567,1009214,273031168,79880192,49859,1126860,2026-08-01T19:03:53.684763Z
R2,1367,saturated,,true,257.000,51.994,96.736,116.165,166100.128,166433.755,166489.135,1124148,1009517,273063936,79912960,49881,1127374,2026-08-01T19:03:53.684763Z
R2,1368,saturated,,true,298.000,50.352,81.477,99.421,166310.874,166535.870,166580.883,1124716,1009517,273260544,79945728,49858,1127967,2026-08-01T19:03:53.684763Z
R2,1369,saturated,,true,280.000,49.745,84.952,100.269,166394.413,166650.499,166673.734,1125316,1009925,273301504,79970304,49873,1128543,2026-08-01T19:03:53.684763Z
R2,1370,saturated,,true,286.000,50.781,82.358,96.684,166555.383,166794.951,166847.371,1125876,1010223,273457152,79986688,49856,1129114,2026-08-01T19:03:53.684763Z
R2,1371,saturated,,true,297.000,50.885,76.951,90.450,166486.891,166719.235,166753.635,1126454,1010642,273530880,80027648,49862,1129713,2026-08-01T19:03:53.684763Z
R2,1372,saturated,,true,289.000,49.000,75.122,87.160,166605.052,166834.413,166891.134,1127058,1010941,273629184,80060416,49871,1130293,2026-08-01T19:03:53.684763Z
R2,1373,saturated,,true,265.000,49.922,87.424,134.196,166833.389,167068.705,167101.089,1127313,1010941,273743872,80060416,49871,1130567,2026-08-01T19:03:53.684763Z
R2,1374,saturated,,true,252.000,54.307,134.624,181.516,167051.464,167297.794,167343.606,1128092,1011232,273784832,80101376,49865,1131332,2026-08-01T19:03:53.684763Z
R2,1375,saturated,,true,235.000,55.174,95.146,188.726,167167.357,167420.503,167439.527,1128580,1011603,273973248,80125952,49917,1131804,2026-08-01T19:03:53.684763Z
R2,1376,saturated,,true,80.000,159.679,530.449,585.743,167788.859,168188.916,168197.478,1128864,1011890,273997824,80125952,49956,1131968,2026-08-01T19:03:53.684763Z
R2,1377,saturated,,true,106.000,128.234,273.718,292.986,168415.721,168636.172,168645.009,1128960,1011890,274006016,80142336,49953,1132100,2026-08-01T19:03:53.684763Z
R2,1378,saturated,,true,238.000,56.271,185.574,266.541,169017.564,169238.859,169265.404,1129392,1012054,274038784,80175104,49867,1132663,2026-08-01T19:03:53.684763Z
R2,1379,saturated,,true,289.000,50.587,82.065,93.165,169147.815,169377.526,169434.179,1129982,1012268,274227200,80199680,49875,1133240,2026-08-01T19:03:53.684763Z
R2,1380,saturated,,true,180.000,57.383,212.085,242.273,169364.102,169585.955,169679.374,1130178,1012558,274243584,80207872,49962,1133511,2026-08-01T19:03:53.684763Z
R2,1381,saturated,,true,109.000,95.498,263.612,447.164,169949.130,170142.279,170153.364,1130593,1012831,274259968,80232448,49909,1133780,2026-08-01T19:03:53.684763Z
R2,1382,saturated,,true,122.000,88.480,346.398,453.693,170505.108,171105.380,171114.392,1130815,1012831,274333696,80240640,49973,1134013,2026-08-01T19:03:53.684763Z
R2,1383,saturated,,true,43.000,81.386,467.926,530.514,171182.922,171430.083,171597.975,1131031,1012985,274374656,80240640,49979,1134155,2026-08-01T19:03:53.684763Z
R2,1384,saturated,,true,112.000,109.098,872.992,1183.844,172351.979,172665.117,172679.597,1131161,1013122,274423808,80248832,49914,1134228,2026-08-01T19:03:53.684763Z
R2,1385,saturated,,true,100.000,86.091,200.178,230.027,172668.831,172973.960,173003.522,1131414,1013246,274481152,80265216,49967,1134546,2026-08-01T19:03:53.684763Z
R2,1386,saturated,,true,20.000,411.687,597.383,763.101,173361.108,174058.160,174069.079,1131439,1013246,274481152,80273408,49972,1134601,2026-08-01T19:03:53.684763Z
R2,1387,saturated,,true,31.000,557.833,948.140,998.823,174353.982,174597.872,174675.442,1131514,1013246,274481152,80273408,49981,1134637,2026-08-01T19:03:53.684763Z
R2,1388,saturated,,true,137.000,87.347,859.952,922.570,175531.603,175697.359,175741.871,1131699,1013385,274489344,80289792,49922,1134795,2026-08-01T19:03:53.684763Z
R2,1389,saturated,,true,248.000,52.872,95.149,114.751,175774.073,176004.290,176049.773,1132108,1013385,274571264,80306176,49924,1135293,2026-08-01T19:03:53.684763Z
R2,1390,saturated,,true,237.000,59.907,140.217,167.522,175875.934,176124.446,176164.143,1132589,1013588,274702336,80314368,49921,1135779,2026-08-01T19:03:53.684763Z
R2,1391,saturated,,true,262.000,57.242,97.779,138.152,176187.935,176457.751,176493.958,1133061,1013943,274726912,80355328,49894,1136224,2026-08-01T19:03:53.684763Z
R2,1392,saturated,,true,219.000,64.272,125.002,175.925,176452.174,176664.643,176687.848,1133578,1014182,274866176,80371712,49925,1136734,2026-08-01T19:03:53.684763Z
R2,1393,saturated,,true,157.000,63.735,133.320,356.641,176707.671,177008.402,177099.427,1134041,1014182,274948096,80388096,49980,1137202,2026-08-01T19:03:53.684763Z
R2,1394,saturated,,true,25.000,357.799,822.796,856.867,177704.807,178095.656,178112.133,1134097,1014544,274964480,80404480,49969,1137259,2026-08-01T19:03:53.684763Z
R2,1395,saturated,,true,86.000,150.757,1154.235,1200.326,178493.868,178671.336,178712.903,1134235,1014650,274964480,80404480,49973,1137354,2026-08-01T19:03:53.684763Z
R2,1396,saturated,,true,215.000,65.061,160.750,198.475,178962.599,179195.507,179235.200,1134442,1014747,274989056,80429056,49949,1137668,2026-08-01T19:03:53.684763Z
R2,1397,saturated,,true,195.000,72.590,147.565,178.391,179202.115,179579.503,179618.080,1134889,1014934,275161088,80437248,49945,1138114,2026-08-01T19:03:53.684763Z
R2,1398,saturated,,true,218.000,58.934,152.428,194.524,179434.452,179676.697,179701.670,1135320,1014934,275202048,80461824,49973,1138615,2026-08-01T19:03:53.684763Z
R2,1399,saturated,,true,99.000,93.586,326.762,371.380,179985.565,180609.844,180638.751,1135729,1015265,275226624,80486400,49944,1138888,2026-08-01T19:03:53.684763Z
R2,1400,saturated,,true,27.000,426.018,614.912,724.551,180699.988,181094.759,181121.861,1135878,1015448,275234816,80486400,49952,1138961,2026-08-01T19:03:53.684763Z
R2,1401,saturated,,true,45.000,474.023,766.144,816.747,181977.449,182183.434,182188.709,1135929,1015448,275251200,80502784,49973,1139018,2026-08-01T19:03:53.684763Z
R2,1402,saturated,,true,41.000,225.915,322.957,350.044,182665.007,182761.897,183143.338,1135969,1015517,275283968,80502784,49977,1139074,2026-08-01T19:03:53.684763Z
R2,1403,saturated,,true,70.000,177.336,977.736,997.312,183816.690,184076.447,184090.651,1136107,1015588,275308544,80502784,49949,1139191,2026-08-01T19:03:53.684763Z
R2,1404,saturated,,true,27.000,111.357,540.839,671.230,184000.411,184520.915,184540.469,1136215,1015588,275365888,80502784,49924,1139337,2026-08-01T19:03:53.684763Z
R2,1405,saturated,,true,75.000,182.152,990.030,1025.215,185357.747,185664.143,185694.832,1136321,1015630,275390464,80510976,49942,1139427,2026-08-01T19:03:53.684763Z
R2,1406,saturated,,true,82.000,173.057,412.915,609.002,186108.537,186417.184,186421.519,1136456,1015768,275423232,80519168,49940,1139593,2026-08-01T19:03:53.684763Z
R2,1407,saturated,,true,45.000,313.065,476.277,539.282,186623.805,187112.455,187142.938,1136564,1015886,275431424,80527360,49975,1139726,2026-08-01T19:03:53.684763Z
R2,1408,saturated,,true,206.000,63.207,305.396,516.567,187496.894,187672.004,187689.188,1136730,1015886,275439616,80543744,49846,1139994,2026-08-01T19:03:53.684763Z
R2,1409,saturated,,true,278.000,51.064,83.774,106.492,187520.101,187782.803,187802.848,1137154,1015962,275603456,80568320,49973,1140561,2026-08-01T19:03:53.684763Z
R2,1410,saturated,,true,305.000,47.258,74.351,83.282,187669.070,187907.891,187951.862,1137735,1016377,275668992,80592896,49973,1141143,2026-08-01T19:03:53.684763Z
R2,1411,saturated,,true,244.000,54.069,118.124,150.983,187805.527,188107.380,188158.789,1138335,1016675,275767296,80625664,49980,1141676,2026-08-01T19:03:53.684763Z
R2,1412,saturated,,true,248.000,59.592,102.500,122.170,187910.277,188150.932,188197.499,1138813,1016675,275898368,80650240,49850,1142182,2026-08-01T19:03:53.684763Z
R2,1413,saturated,,true,260.000,56.436,88.125,115.177,188095.592,188336.308,188384.182,1139310,1017046,275939328,80683008,49980,1142696,2026-08-01T19:03:53.684763Z
R2,1414,saturated,,true,240.000,57.252,119.576,148.189,188438.330,188632.396,188645.592,1139792,1017433,276078592,80691200,49977,1143136,2026-08-01T19:03:53.684763Z
R2,1415,saturated,,true,264.000,52.462,123.701,152.577,188502.980,188721.341,188750.576,1140347,1017433,276168704,80723968,49980,1143733,2026-08-01T19:03:53.684763Z
R2,1416,saturated,,true,266.000,53.230,105.301,141.678,188647.315,188908.006,188953.716,1140862,1017817,276250624,80756736,49979,1144206,2026-08-01T19:03:53.684763Z
R2,1417,saturated,,true,256.000,51.798,126.909,156.506,188876.471,189098.593,189144.093,1141421,1018198,276332544,80764928,49979,1144718,2026-08-01T19:03:53.684763Z
R2,1418,saturated,,true,274.000,51.268,92.669,121.515,188977.625,189207.514,189224.894,1141975,1018198,276455424,80797696,49862,1145301,2026-08-01T19:03:53.684763Z
R2,1419,saturated,,true,270.000,55.252,91.770,106.214,189189.199,189421.157,189477.071,1142517,1018614,276561920,80822272,49981,1145860,2026-08-01T19:03:53.684763Z
R2,1420,saturated,,true,273.000,54.734,90.044,111.879,189407.689,189645.867,189669.494,1143062,1019007,276668416,80871424,49978,1146373,2026-08-01T19:03:53.684763Z
R2,1421,saturated,,true,228.000,61.239,107.163,122.230,189545.095,189885.173,189920.112,1143449,1017420,276725760,80879616,49868,1146862,2026-08-01T19:04:54.069091Z
R2,1422,saturated,,true,253.000,58.006,96.457,122.461,189874.679,190131.966,190169.283,1143919,1017810,276905984,80904192,49862,1147375,2026-08-01T19:04:54.069091Z
R2,1423,saturated,,true,251.000,55.106,96.162,119.542,190049.487,190332.930,190373.381,1144392,1018053,276938752,80936960,49856,1147874,2026-08-01T19:04:54.069091Z
R2,1424,saturated,,true,77.000,153.990,342.057,358.239,190648.364,190909.433,191008.694,1144837,1018300,276955136,80936960,49953,1148156,2026-08-01T19:04:54.069091Z
R2,1425,saturated,,true,21.000,641.543,920.970,933.847,191762.504,191991.837,192143.053,1144946,1018473,276963328,80945152,49982,1148210,2026-08-01T19:04:54.069091Z
R2,1426,saturated,,true,52.000,252.981,1046.524,1112.538,192487.087,192620.124,192647.232,1145004,1018473,276963328,80953344,49978,1148262,2026-08-01T19:04:54.069091Z
R2,1427,saturated,,true,39.000,200.938,452.955,493.062,193002.363,193618.230,193618.231,1145052,1018519,277069824,80953344,49976,1148390,2026-08-01T19:04:54.069091Z
R2,1428,saturated,,true,92.000,146.784,693.064,839.228,193973.601,194162.891,194183.189,1145177,1018607,277069824,80961536,49974,1148496,2026-08-01T19:04:54.069091Z
R2,1429,saturated,,true,267.000,58.052,98.254,125.801,194363.979,194596.744,194629.515,1145388,1018695,277168128,80986112,49966,1149001,2026-08-01T19:04:54.069091Z
R2,1430,saturated,,true,235.000,63.807,101.708,128.520,194497.883,194782.617,194837.693,1145914,1018695,277209088,81010688,49961,1149465,2026-08-01T19:04:54.069091Z
R2,1431,saturated,,true,274.000,53.302,90.286,103.376,194743.621,194984.134,195042.078,1146411,1019058,277389312,81027072,49964,1150032,2026-08-01T19:04:54.069091Z
R2,1432,saturated,,true,210.000,64.406,130.147,166.086,195005.657,195277.051,195298.929,1146946,1019319,277422080,81051648,49965,1150453,2026-08-01T19:04:54.069091Z
R2,1433,saturated,,true,240.000,57.179,134.337,188.459,195307.397,195552.163,195589.780,1147389,1019674,277504000,81084416,49956,1150916,2026-08-01T19:04:54.069091Z
R2,1434,saturated,,true,218.000,55.279,172.110,195.495,195559.829,195868.617,195892.226,1147862,1019906,277635072,81092608,49950,1151332,2026-08-01T19:04:54.069091Z
R2,1435,saturated,,true,277.000,53.930,87.040,102.463,195673.496,195933.708,195959.257,1148379,1019906,277676032,81125376,49945,1151885,2026-08-01T19:04:54.069091Z
R2,1436,saturated,,true,250.000,53.556,96.923,118.096,195795.255,196048.438,196086.682,1148944,1020252,277839872,81149952,49972,1152459,2026-08-01T19:04:54.069091Z
R2,1437,saturated,,true,191.000,76.330,122.934,187.784,196067.667,196419.660,196498.092,1149409,1020532,277889024,81182720,49975,1152844,2026-08-01T19:04:54.069091Z
R2,1438,saturated,,true,204.000,62.244,176.728,201.588,196437.854,196708.279,196803.394,1149815,1020856,277929984,81199104,49966,1153225,2026-08-01T19:04:54.069091Z
R2,1439,saturated,,true,94.000,117.543,353.328,404.117,197063.147,197615.743,197615.778,1150147,1021055,277995520,81207296,49971,1153464,2026-08-01T19:04:54.069091Z
R2,1440,saturated,,true,127.000,92.833,262.490,273.318,197536.441,198000.453,198007.850,1150354,1021055,278085632,81223680,49925,1153738,2026-08-01T19:04:54.069091Z
R2,1441,saturated,,true,71.000,216.533,359.639,414.849,198309.640,198597.392,198624.336,1150578,1021231,278110208,81231872,49954,1153903,2026-08-01T19:04:54.069091Z
R2,1442,saturated,,true,156.000,86.626,209.220,300.473,199081.070,199444.472,199472.266,1150720,1021333,278134784,81248256,49973,1154165,2026-08-01T19:04:54.069091Z
R2,1443,saturated,,true,288.000,49.856,104.375,129.766,199314.465,199573.708,199620.664,1151105,1021509,278224896,81264640,49964,1154683,2026-08-01T19:04:54.069091Z
R2,1444,saturated,,true,157.000,79.411,290.407,321.058,199560.126,199887.916,199923.258,1151577,1021783,278331392,81272832,49972,1155045,2026-08-01T19:04:54.069091Z
R2,1445,saturated,,true,166.000,73.742,264.080,304.398,200066.049,200386.849,200413.037,1151932,1021956,278364160,81305600,49969,1155383,2026-08-01T19:04:54.069091Z
R2,1446,saturated,,true,92.000,125.392,462.665,528.921,200714.158,201120.455,201143.203,1152279,1021956,278380544,81321984,49950,1155613,2026-08-01T19:04:54.069091Z
R2,1447,saturated,,true,148.000,78.317,330.447,345.621,201406.713,201615.770,201633.812,1152472,1022184,278462464,81330176,49968,1155848,2026-08-01T19:04:54.069091Z
R2,1448,saturated,,true,288.000,51.088,82.514,96.685,201536.091,201775.450,201820.308,1152945,1022353,278577152,81338368,49973,1156435,2026-08-01T19:04:54.069091Z
R2,1449,saturated,,true,212.000,65.372,114.912,138.373,201722.827,201939.950,201989.234,1153429,1022645,278626304,81379328,49981,1156901,2026-08-01T19:04:54.069091Z
R2,1450,saturated,,true,148.000,102.383,221.039,252.248,202008.765,202474.049,202499.754,1153786,1022760,278708224,81387520,49969,1157163,2026-08-01T19:04:54.069091Z
R2,1451,saturated,,true,91.000,129.334,371.437,405.112,202517.672,202815.226,202869.175,1154018,1023003,278757376,81395712,49928,1157388,2026-08-01T19:04:54.069091Z
R2,1452,saturated,,true,34.000,272.075,857.689,932.572,202902.622,203576.405,203576.410,1154149,1023057,278790144,81403904,49959,1157500,2026-08-01T19:04:54.069091Z
R2,1453,saturated,,true,66.000,231.672,792.622,809.107,204238.096,204511.769,204578.847,1154234,1023116,278806528,81403904,49972,1157619,2026-08-01T19:04:54.069091Z
R2,1454,saturated,,true,107.000,113.820,342.340,447.919,204713.772,205083.333,205123.859,1154377,1023200,278847488,81428480,49958,1157822,2026-08-01T19:04:54.069091Z
R2,1455,saturated,,true,206.000,73.917,152.280,172.175,205249.674,205546.654,205560.622,1154636,1023365,278880256,81453056,49941,1158185,2026-08-01T19:04:54.069091Z
R2,1456,saturated,,true,193.000,70.321,148.940,198.458,205483.411,205843.936,205876.902,1155067,1023365,278970368,81453056,49925,1158566,2026-08-01T19:04:54.069091Z
R2,1457,saturated,,true,186.000,63.598,185.976,246.195,205781.921,206034.919,206067.773,1155515,1023571,279068672,81485824,49974,1158991,2026-08-01T19:04:54.069091Z
R2,1458,saturated,,true,160.000,95.272,181.660,222.684,206397.120,206593.638,206619.310,1155839,1023887,279085056,81494016,49942,1159283,2026-08-01T19:04:54.069091Z
R2,1459,saturated,,true,205.000,71.178,114.302,127.009,206818.147,207081.905,207100.572,1156193,1024019,279175168,81518592,49934,1159691,2026-08-01T19:04:54.069091Z
R2,1460,saturated,,true,275.000,54.504,85.019,105.435,207004.153,207233.757,207257.729,1156638,1024338,279306240,81534976,49921,1160240,2026-08-01T19:04:54.069091Z
R2,1461,saturated,,true,197.000,71.826,148.271,201.928,207247.925,207528.879,207548.554,1157150,1024611,279330816,81567744,49948,1160645,2026-08-01T19:04:54.069091Z
R2,1462,saturated,,true,247.000,59.226,103.568,123.624,207388.383,207614.469,207648.591,1157569,1024611,279461888,81592320,49939,1161143,2026-08-01T19:04:54.069091Z
R2,1463,saturated,,true,282.000,52.945,92.837,113.730,207635.047,207849.392,207901.692,1158095,1024939,279560192,81616896,49917,1161689,2026-08-01T19:04:54.069091Z
R2,1464,saturated,,true,223.000,55.770,160.286,239.459,207936.316,208147.893,208179.609,1158594,1025201,279633920,81633280,49923,1162134,2026-08-01T19:04:54.069091Z
R2,1465,saturated,,true,291.000,52.507,80.930,102.469,208013.649,208247.958,208285.761,1159143,1025427,279764992,81657856,49913,1162711,2026-08-01T19:04:54.069091Z
R2,1466,saturated,,true,291.000,48.715,78.007,137.884,208024.134,208251.929,208281.003,1159743,1025860,279855104,81707008,49928,1163319,2026-08-01T19:04:54.069091Z
R2,1467,saturated,,true,215.000,66.539,140.934,180.737,208327.682,208574.633,208590.148,1160245,1025860,279937024,81715200,49925,1163739,2026-08-01T19:04:54.069091Z
R2,1468,saturated,,true,282.000,49.641,80.514,105.113,208379.840,208614.072,208660.056,1160738,1026227,280043520,81739776,49918,1164310,2026-08-01T19:04:54.069091Z
R2,1469,saturated,,true,290.000,48.713,88.928,108.188,208486.429,208706.069,208721.395,1161337,1026504,280166400,81772544,49921,1164886,2026-08-01T19:04:54.069091Z
R2,1470,saturated,,true,254.000,52.899,102.588,148.153,208667.197,208897.958,208949.472,1161902,1026796,280264704,81805312,49931,1165413,2026-08-01T19:04:54.069091Z
R2,1471,saturated,,true,259.000,54.536,95.514,106.697,208808.363,209053.397,209081.159,1162439,1027062,280354816,81829888,49940,1165939,2026-08-01T19:04:54.069091Z
R2,1472,saturated,,true,267.000,57.024,86.807,101.914,208973.444,209210.806,209224.954,1162935,1027329,280477696,81854464,49932,1166464,2026-08-01T19:04:54.069091Z
R2,1473,saturated,,true,277.000,53.665,89.290,110.617,209071.574,209363.093,209401.134,1163484,1027720,280535040,81879040,49925,1167012,2026-08-01T19:04:54.069091Z
R2,1474,saturated,,true,183.000,79.477,134.504,155.706,209339.016,209567.686,209595.156,1163939,1027959,280625152,81895424,49954,1167415,2026-08-01T19:04:54.069091Z
R2,1475,saturated,,true,212.000,66.255,154.570,176.142,209740.801,210037.531,210073.078,1164341,1027959,280739840,81928192,49930,1167815,2026-08-01T19:04:54.069091Z
R2,1476,saturated,,true,274.000,54.061,90.922,112.715,209899.548,210120.445,210157.159,1164854,1028255,280797184,81944576,49927,1168369,2026-08-01T19:04:54.069091Z
R2,1477,saturated,,true,245.000,58.434,102.057,122.064,210099.845,210415.033,210462.198,1165341,1028531,280920064,81969152,49934,1168864,2026-08-01T19:04:54.069091Z
R2,1478,saturated,,true,285.000,50.175,84.344,98.965,210262.056,210489.613,210533.224,1165850,1028916,281001984,81993728,49923,1169421,2026-08-01T19:04:54.069091Z
R2,1479,saturated,,true,273.000,52.106,95.919,110.523,210337.883,210574.289,210593.927,1166372,1028916,281083904,82018304,49929,1169975,2026-08-01T19:04:54.069091Z
R2,1480,saturated,,true,268.000,55.289,89.563,104.000,210479.645,210709.684,210754.295,1166863,1029201,281239552,82059264,49929,1170527,2026-08-01T19:04:54.069091Z
R2,1481,saturated,,true,263.000,56.539,91.737,106.218,210721.309,210960.919,211009.460,1167318,1029202,281239552,82075648,49933,1171041,2026-08-01T19:05:53.921242Z
R2,1482,saturated,,true,244.000,56.660,96.177,123.653,210856.623,211114.300,211149.535,1167857,1029464,281444352,82108416,49935,1171558,2026-08-01T19:05:53.921242Z
R2,1483,saturated,,true,265.000,54.492,94.910,118.009,211083.131,211340.926,211354.959,1168373,1029840,281477120,82124800,49931,1172079,2026-08-01T19:05:53.921242Z
R2,1484,saturated,,true,224.000,62.123,126.443,170.874,211382.162,211605.899,211631.368,1168855,1029979,281583616,82149376,49930,1172519,2026-08-01T19:05:53.921242Z
R2,1485,saturated,,true,276.000,54.091,84.170,96.318,211436.240,211703.520,211746.968,1169360,1030332,281698304,82182144,49933,1173081,2026-08-01T19:05:53.921242Z
R2,1486,saturated,,true,276.000,51.603,86.191,107.951,211530.365,211785.764,211832.312,1169918,1030332,281731072,82206720,49928,1173633,2026-08-01T19:05:53.921242Z
R2,1487,saturated,,true,225.000,60.369,153.412,185.947,211764.705,212033.010,212078.842,1170455,1030748,281919488,82231296,49940,1174089,2026-08-01T19:05:53.921242Z
R2,1488,saturated,,true,266.000,53.285,89.932,111.402,211912.164,212155.133,212179.228,1170885,1030987,281968640,82247680,49929,1174623,2026-08-01T19:05:53.921242Z
R2,1489,saturated,,true,265.000,54.963,80.983,92.417,212007.380,212235.219,212285.626,1171438,1031245,282124288,82288640,49941,1175164,2026-08-01T19:05:53.921242Z
R2,1490,saturated,,true,254.000,56.259,98.184,119.972,212167.186,212431.835,212452.291,1171952,1031516,282173440,82313216,49938,1175667,2026-08-01T19:05:53.921242Z
R2,1491,saturated,,true,278.000,54.385,89.408,110.554,212303.793,212539.034,212560.017,1172490,1031764,282247168,82329600,49934,1176218,2026-08-01T19:05:53.921242Z
R2,1492,saturated,,true,268.000,52.747,88.442,100.057,212432.053,212641.844,212706.865,1173028,1032041,282402816,82362368,49936,1176770,2026-08-01T19:05:53.921242Z
R2,1493,saturated,,true,269.000,53.545,100.732,131.026,212609.854,212851.351,212878.774,1173592,1032312,282451968,82395136,49933,1177295,2026-08-01T19:05:53.921242Z
R2,1494,saturated,,true,218.000,61.977,156.694,220.713,212881.247,213142.447,213164.435,1174082,1032575,282583040,82411520,49933,1177746,2026-08-01T19:05:53.921242Z
R2,1495,saturated,,true,256.000,53.344,96.178,136.478,213039.447,213370.406,213387.031,1174627,1032795,282664960,82436096,49946,1178264,2026-08-01T19:05:53.921242Z
R2,1496,saturated,,true,270.000,54.096,94.281,114.028,213258.893,213502.936,213539.196,1175119,1033192,282763264,82460672,49942,1178805,2026-08-01T19:05:53.921242Z
R2,1497,saturated,,true,258.000,55.493,98.779,125.848,213285.474,213539.248,213563.960,1175673,1033465,282877952,82493440,49936,1179321,2026-08-01T19:05:53.921242Z
R2,1498,saturated,,true,261.000,53.669,97.004,116.911,213384.378,213629.915,213664.270,1176204,1033725,282943488,82518016,49939,1179850,2026-08-01T19:05:53.921242Z
R2,1499,saturated,,true,274.000,53.817,86.609,111.568,213522.697,213750.747,213795.291,1176715,1033989,283090944,82550784,49945,1180397,2026-08-01T19:05:53.921242Z
R2,1500,saturated,,true,252.000,56.393,91.973,109.526,213653.701,213935.516,213962.520,1177268,1034253,283164672,82567168,49942,1180907,2026-08-01T19:05:53.921242Z
R2,1501,saturated,,true,288.000,51.966,87.015,109.428,213726.265,213963.968,213985.290,1177799,1034253,283254784,82591744,49937,1181472,2026-08-01T19:05:53.921242Z
R2,1502,saturated,,true,270.000,51.060,90.688,111.595,213826.030,214044.155,214059.197,1178377,1034658,283385856,82632704,49938,1182025,2026-08-01T19:05:53.921242Z
R2,1503,saturated,,true,281.000,51.949,83.548,97.357,213930.057,214169.706,214207.790,1178921,1034930,283467776,82649088,49938,1182587,2026-08-01T19:05:53.921242Z
R2,1504,saturated,,true,236.000,55.579,153.622,183.467,214216.526,214452.332,214486.259,1179430,1035210,283590656,82681856,49940,1183061,2026-08-01T19:05:53.921242Z
R2,1505,saturated,,true,272.000,51.770,88.122,102.435,214307.494,214553.907,214569.404,1179990,1035589,283672576,82706432,49948,1183627,2026-08-01T19:05:53.921242Z
R2,1506,saturated,,true,276.000,52.119,85.781,124.573,214423.604,214661.965,214699.669,1180567,1035729,283779072,82731008,49939,1184170,2026-08-01T19:05:53.921242Z
R2,1507,saturated,,true,246.000,55.380,111.695,136.710,214523.209,214753.207,214790.613,1181063,1036138,283877376,82771968,49938,1184668,2026-08-01T19:05:53.921242Z
R2,1508,saturated,,true,265.000,56.380,93.795,107.185,213640.084,213868.263,213900.874,1181608,1036385,283967488,82788352,49949,1185208,2026-08-01T19:05:53.921242Z
R2,1509,saturated,,true,212.000,57.655,224.767,291.725,213716.004,213995.107,214001.063,1182114,1036651,284065792,82804736,49964,1185623,2026-08-01T19:05:53.921242Z
R2,1510,saturated,,true,272.000,53.867,92.951,104.549,213977.733,214218.916,214231.135,1182591,1036651,284147712,82837504,49944,1186166,2026-08-01T19:05:53.921242Z
R2,1511,saturated,,true,280.000,53.029,77.584,93.770,214066.338,214300.493,214349.320,1183140,1036994,284262400,82870272,49946,1186732,2026-08-01T19:05:53.921242Z
R2,1512,saturated,,true,268.000,53.491,88.169,96.188,214083.771,214295.788,214336.866,1183596,1037275,284360704,82894848,49949,1187280,2026-08-01T19:05:53.921242Z
R2,1513,saturated,,true,285.000,50.956,80.125,87.191,214183.336,214390.605,214422.987,1184221,1037549,284475392,82911232,49946,1187857,2026-08-01T19:05:53.921242Z
R2,1514,saturated,,true,212.000,62.904,195.164,211.544,214371.545,214566.413,214610.335,1184593,1037830,284565504,82952192,49946,1188282,2026-08-01T19:05:53.921242Z
R2,1515,saturated,,true,272.000,53.093,89.700,102.019,214425.614,214667.673,214682.896,1185105,1038046,284663808,82960384,49950,1188822,2026-08-01T19:05:53.921242Z
R2,1516,saturated,,true,273.000,52.375,87.772,101.311,214545.694,214772.881,214788.595,1185634,1038316,284753920,83001344,49945,1189366,2026-08-01T19:05:53.921242Z
R2,1517,saturated,,true,246.000,57.934,107.506,122.429,214713.586,214946.620,214988.866,1186125,1038586,284852224,83034112,49953,1189859,2026-08-01T19:05:53.921242Z
R2,1518,saturated,,true,276.000,51.606,83.444,110.578,214782.466,215015.798,215049.299,1186623,1038837,284950528,83050496,49948,1190416,2026-08-01T19:05:53.921242Z
R2,1519,saturated,,true,271.000,52.083,95.291,116.780,214656.686,214882.288,214925.823,1187162,1039113,285065216,83083264,49954,1190967,2026-08-01T19:05:53.921242Z
R2,1520,saturated,,true,263.000,54.349,90.112,108.041,214766.820,214993.463,215025.207,1187719,1039517,285147136,83107840,49952,1191489,2026-08-01T19:05:53.921242Z
R2,1521,saturated,,true,278.000,52.044,87.034,103.065,214839.897,215072.429,215114.674,1188259,1039779,285270016,83140608,49947,1192045,2026-08-01T19:05:53.921242Z
R2,1522,saturated,,true,284.000,50.986,85.993,97.347,214804.695,215067.506,215129.066,1188840,1040064,285360128,83165184,49948,1192620,2026-08-01T19:05:53.921242Z
R2,1523,saturated,,true,278.000,55.146,92.178,102.621,214784.152,214998.120,215043.625,1189403,1040340,285483008,83181568,49952,1193165,2026-08-01T19:05:53.921242Z
R2,1524,saturated,,true,233.000,57.861,116.858,148.566,214975.333,215246.027,215284.802,1189872,1040340,285573120,83222528,49945,1193638,2026-08-01T19:05:53.921242Z
R2,1525,saturated,,true,273.000,53.109,85.486,99.393,215054.977,215281.392,215304.057,1190414,1040714,285671424,83247104,49949,1194198,2026-08-01T19:05:53.921242Z
R2,1526,saturated,,true,271.000,51.472,82.175,103.977,215117.443,215371.455,215397.663,1190942,1040990,285769728,83271680,49953,1194745,2026-08-01T19:05:53.921242Z
R2,1527,saturated,,true,244.000,62.103,100.977,121.303,215235.974,215481.574,215514.226,1191497,1041407,285851648,83288064,49959,1195235,2026-08-01T19:05:53.921242Z
R2,1528,saturated,,true,215.000,55.017,230.640,276.480,215573.366,215845.720,215869.747,1191968,1041517,285941760,83312640,49952,1195665,2026-08-01T19:05:53.921242Z
R2,1529,saturated,,true,272.000,53.820,91.125,116.892,215661.367,215907.376,215934.853,1192460,1041864,286056448,83345408,49949,1196214,2026-08-01T19:05:53.921242Z
R2,1530,saturated,,true,277.000,53.244,81.347,92.675,215654.985,215873.703,215914.314,1193052,1041864,286146560,83369984,49950,1196775,2026-08-01T19:05:53.921242Z
R2,1531,saturated,,true,275.000,52.343,86.939,110.651,215762.359,215980.921,216002.669,1193583,1042274,286269440,83394560,49956,1197313,2026-08-01T19:05:53.921242Z
R2,1532,saturated,,true,260.000,54.027,87.887,109.017,215825.049,216049.068,216078.464,1194116,1042552,286359552,83427328,49962,1197861,2026-08-01T19:05:53.921242Z
R2,1533,saturated,,true,269.000,53.135,98.150,127.370,215932.975,216157.146,216178.543,1194639,1042822,286457856,83451904,49954,1198385,2026-08-01T19:05:53.921242Z
R2,1534,saturated,,true,228.000,59.035,143.355,167.998,216170.019,216395.064,216440.000,1195128,1043080,286547968,83476480,49956,1198846,2026-08-01T19:05:53.921242Z
R2,1535,saturated,,true,281.000,51.904,82.141,101.788,216266.167,216493.394,216534.894,1195682,1043445,286646272,83501056,49953,1199403,2026-08-01T19:05:53.921242Z
R2,1536,saturated,,true,268.000,54.013,87.274,100.562,216328.384,216548.416,216572.622,1196220,1043724,286752768,83525632,49951,1199954,2026-08-01T19:05:53.921242Z
R2,1537,saturated,,true,257.000,56.498,103.860,113.539,216417.281,216626.660,216695.738,1196765,1043999,286842880,83550208,49955,1200463,2026-08-01T19:05:53.921242Z
R2,1538,saturated,,true,282.000,51.567,80.888,103.726,216519.281,216748.821,216789.365,1197313,1043999,286949376,83582976,49957,1201026,2026-08-01T19:05:53.921242Z
R2,1539,saturated,,true,261.000,53.546,113.996,143.475,216520.728,216766.263,216824.220,1197848,1044397,287047680,83615744,49956,1201558,2026-08-01T19:05:53.921242Z
R2,1540,saturated,,true,278.000,52.056,82.026,98.724,216564.240,216803.342,216810.189,1198395,1044659,287170560,83640320,49955,1202115,2026-08-01T19:05:53.921242Z
R2,1541,saturated,,true,255.000,56.549,98.097,127.219,216638.776,216899.841,216927.509,1202314,1044106,287170560,83656704,49959,1202639,2026-08-01T19:06:53.819130Z
R2,1542,saturated,,true,283.000,52.442,82.093,96.656,216754.069,216975.038,217018.853,1202880,1044374,287375360,83689472,49958,1203206,2026-08-01T19:06:53.819130Z
R2,1543,saturated,,true,263.000,53.453,91.561,110.189,216865.596,217116.550,217148.584,1203368,1044374,287399936,83722240,49958,1203731,2026-08-01T19:06:53.819130Z
R2,1544,saturated,,true,229.000,60.594,179.640,215.286,217190.175,217396.679,217438.089,1203846,1044779,287596544,83738624,49956,1204188,2026-08-01T19:06:53.819130Z
R2,1545,saturated,,true,284.000,51.085,84.545,101.758,217179.877,217406.163,217432.443,1204381,1045008,287629312,83755008,49960,1204759,2026-08-01T19:06:53.819130Z
R2,1546,saturated,,true,278.000,52.245,84.525,96.153,217256.205,217478.913,217506.287,1204917,1045427,287776768,83795968,49960,1205313,2026-08-01T19:06:53.819130Z
R2,1547,saturated,,true,224.000,59.119,138.101,176.376,217373.659,217719.101,217757.528,1205172,1045427,287842304,83812352,49974,1205583,2026-08-01T19:06:53.819130Z
R2,1548,saturated,,true,257.000,54.634,181.993,227.257,217739.668,217957.956,217978.077,1205841,1045715,287883264,83845120,49963,1206284,2026-08-01T19:06:53.819130Z
R2,1549,saturated,,true,273.000,51.746,96.082,117.951,217793.642,218022.779,218071.803,1206385,1046051,288079872,83869696,49966,1206831,2026-08-01T19:06:53.819130Z
R2,1550,saturated,,true,252.000,57.502,92.858,109.684,217943.673,218222.281,218257.158,1206902,1046329,288104448,83886080,49964,1207341,2026-08-01T19:06:53.819130Z
R2,1551,saturated,,true,282.000,51.332,86.867,110.571,218070.565,218294.418,218324.519,1207450,1046714,288284672,83918848,49964,1207903,2026-08-01T19:06:53.819130Z
R2,1552,saturated,,true,279.000,52.400,81.668,100.414,218040.642,218252.571,218269.939,1208028,1047002,288333824,83951616,49964,1208469,2026-08-01T19:06:53.819130Z
R2,1553,saturated,,true,278.000,51.043,93.551,113.207,218117.156,218344.158,218377.482,1208362,1047002,288350208,83968000,49970,1208739,2026-08-01T19:06:53.819130Z
R2,1554,saturated,,true,238.000,56.738,134.625,175.647,218289.004,218513.491,218548.188,1208907,1047277,288538624,83984384,49966,1209229,2026-08-01T19:06:53.819130Z
R2,1555,saturated,,true,283.000,52.884,82.035,101.046,218300.274,218543.249,218562.663,1209438,1047527,288579584,84008960,49968,1209791,2026-08-01T19:06:53.819130Z
R2,1556,saturated,,true,227.000,55.779,92.772,116.509,218273.644,218534.746,218572.093,1209979,1047943,288702464,84049920,49872,1210355,2026-08-01T19:06:53.819130Z
R2,1557,saturated,,true,251.000,63.134,172.698,204.492,218574.351,218819.981,218865.306,1210472,1048199,288808960,84058112,49965,1210809,2026-08-01T19:06:53.819130Z
R2,1558,saturated,,true,262.000,54.886,88.304,112.937,218722.087,218930.737,218948.227,1210957,1048417,288841728,84090880,49963,1211301,2026-08-01T19:06:53.819130Z
R2,1559,saturated,,true,278.000,51.925,84.743,97.891,218778.786,219006.968,219049.153,1211488,1048685,289021952,84115456,49968,1211853,2026-08-01T19:06:53.819130Z
R2,1560,saturated,,true,264.000,56.577,87.316,104.165,218878.053,219102.799,219135.814,1211963,1048685,289062912,84140032,49967,1212398,2026-08-01T19:06:53.819130Z
R2,1561,saturated,,true,275.000,54.830,87.207,104.619,219018.127,219260.420,219289.942,1212506,1049099,289169408,84172800,49965,1212927,2026-08-01T19:06:53.819130Z
R2,1562,saturated,,true,236.000,57.129,128.542,206.657,219191.481,219425.634,219459.984,1213056,1049365,289292288,84197376,49971,1213473,2026-08-01T19:06:53.819130Z
R2,1563,saturated,,true,268.000,57.439,97.730,127.718,219216.397,219473.117,219493.201,1213550,1049642,289341440,84221952,49968,1213951,2026-08-01T19:06:53.819130Z
R2,1564,saturated,,true,217.000,61.649,163.422,198.342,219391.373,219679.224,219710.692,1214039,1050008,289505280,84238336,49973,1214392,2026-08-01T19:06:53.819130Z
R2,1565,saturated,,true,275.000,51.150,86.115,97.896,219598.770,219819.591,219868.563,1214537,1050229,289538048,84271104,49973,1214937,2026-08-01T19:06:53.819130Z
R2,1566,saturated,,true,272.000,53.573,80.176,101.567,219693.699,219914.397,219949.638,1215068,1050503,289685504,84303872,49973,1215491,2026-08-01T19:06:53.819130Z
R2,1567,saturated,,true,255.000,60.029,112.445,128.845,219767.746,219989.787,220013.361,1215566,1050778,289767424,84312064,49970,1216032,2026-08-01T19:06:53.819130Z
R2,1568,saturated,,true,280.000,53.703,81.621,107.005,219878.068,220101.219,220126.987,1216107,1051031,289849344,84344832,49977,1216556,2026-08-01T19:06:53.819130Z
R2,1569,saturated,,true,207.000,64.154,212.316,250.485,220116.387,220401.833,220418.092,1216655,1051313,289980416,84369408,49979,1217031,2026-08-01T19:06:53.819130Z
R2,1570,saturated,,true,278.000,50.940,88.697,107.228,220285.486,220529.515,220555.005,1217044,1051523,290021376,84402176,49977,1217531,2026-08-01T19:06:53.819130Z
R2,1571,saturated,,true,270.000,53.417,87.726,105.149,220380.778,220597.688,220631.849,1217538,1051799,290168832,84426752,49976,1218081,2026-08-01T19:06:53.819130Z
R2,1572,saturated,,true,278.000,54.067,83.632,101.265,220466.589,220703.627,220718.373,1218075,1051799,290250752,84443136,49978,1218639,2026-08-01T19:06:53.819130Z
R2,1573,saturated,,true,282.000,52.484,81.638,95.685,220532.099,220768.599,220780.562,1218651,1052207,290357248,84484096,49971,1219204,2026-08-01T19:06:53.819130Z
R2,1574,saturated,,true,244.000,54.727,151.317,184.411,220672.645,220892.238,220919.295,1219203,1052485,290471936,84500480,49973,1219684,2026-08-01T19:06:53.819130Z
R2,1575,saturated,,true,279.000,53.061,90.412,100.051,220611.797,220836.061,220864.236,1219722,1052735,290537472,84541440,49980,1220256,2026-08-01T19:06:53.819130Z
R2,1576,saturated,,true,262.000,55.933,99.956,121.650,220641.836,220871.379,220894.267,1220296,1053157,290693120,84557824,49979,1220788,2026-08-01T19:06:53.819130Z
R2,1577,saturated,,true,191.000,76.326,143.607,198.408,220853.539,221194.118,221236.566,1220803,1053417,290734080,84582400,49897,1221260,2026-08-01T19:06:53.819130Z
R2,1578,saturated,,true,121.000,88.349,423.776,475.268,221358.530,221768.745,221780.237,1221127,1053417,290775040,84598784,49921,1221516,2026-08-01T19:06:53.819130Z
R2,1579,saturated,,true,87.000,145.115,476.665,559.408,222147.858,222450.832,222453.754,1221409,1053607,290832384,84606976,49937,1221744,2026-08-01T19:06:53.819130Z
R2,1580,saturated,,true,140.000,95.129,179.672,205.864,222536.874,222893.764,222969.389,1221605,1053739,290922496,84623360,49924,1222026,2026-08-01T19:06:53.819130Z
R2,1581,saturated,,true,43.000,168.869,436.234,504.484,223008.889,223183.436,223193.593,1221921,1053903,290947072,84631552,49952,1222204,2026-08-01T19:06:53.819130Z
R2,1582,saturated,,true,48.000,552.836,1030.286,1224.196,224236.092,224420.627,224430.319,1221989,1054008,290947072,84631552,49979,1222240,2026-08-01T19:06:53.819130Z
R2,1583,saturated,,true,235.000,59.559,157.610,184.498,224690.884,224930.101,224949.515,1222112,1054051,290979840,84639744,49953,1222566,2026-08-01T19:06:53.819130Z
R2,1584,saturated,,true,168.000,73.215,233.501,261.107,224958.554,225312.809,225350.326,1222549,1054254,291037184,84672512,49959,1222948,2026-08-01T19:06:53.819130Z
R2,1585,saturated,,true,186.000,76.892,198.786,227.588,225254.223,225570.521,225586.343,1222945,1054431,291160064,84680704,49967,1223371,2026-08-01T19:06:53.819130Z
R2,1586,saturated,,true,225.000,64.814,120.053,147.842,225624.017,225829.950,225857.459,1223331,1054431,291209216,84697088,49958,1223758,2026-08-01T19:06:53.819130Z
R2,1587,saturated,,true,128.000,100.010,241.392,274.310,226094.189,226429.104,226430.946,1223744,1054715,291250176,84713472,49963,1224073,2026-08-01T19:06:53.819130Z
R2,1588,saturated,,true,241.000,60.383,94.996,108.853,226322.036,226570.630,226584.167,1224074,1054974,291381248,84746240,49952,1224500,2026-08-01T19:06:53.819130Z
R2,1589,saturated,,true,210.000,62.895,159.662,207.717,226543.747,226874.708,226951.750,1224574,1054974,291438592,84762624,49969,1224999,2026-08-01T19:06:53.819130Z
R2,1590,saturated,,true,242.000,61.478,90.332,123.700,226676.189,226956.034,227004.429,1225014,1055325,291495936,84787200,49952,1225419,2026-08-01T19:06:53.819130Z
R2,1591,saturated,,true,263.000,56.268,95.780,105.080,226711.916,226904.855,226926.364,1225517,1055657,291635200,84811776,49953,1225929,2026-08-01T19:06:53.819130Z
R2,1592,saturated,,true,246.000,56.519,105.253,134.444,226758.127,227004.502,227026.706,1226054,1055916,291700736,84836352,49955,1226463,2026-08-01T19:06:53.819130Z
R2,1593,saturated,,true,212.000,57.819,219.447,260.182,227139.233,227407.470,227426.829,1226455,1056168,291782656,84860928,49950,1226849,2026-08-01T19:06:53.819130Z
R2,1594,saturated,,true,220.000,59.027,180.286,193.305,227345.296,227643.907,227683.201,1226908,1056253,291897344,84885504,49954,1227281,2026-08-01T19:06:53.819130Z
R2,1595,saturated,,true,242.000,59.597,102.544,118.622,227455.074,227653.173,227669.589,1227414,1056469,291962880,84901888,49968,1227814,2026-08-01T19:06:53.819130Z
R2,1596,saturated,,true,209.000,67.600,141.150,162.728,227636.802,227936.384,227948.010,1227861,1056728,292069376,84926464,49979,1228271,2026-08-01T19:06:53.819130Z
R2,1597,saturated,,true,204.000,64.773,148.060,188.584,227984.171,228333.811,228367.908,1228221,1056972,292151296,84942848,49958,1228654,2026-08-01T19:06:53.819130Z
R2,1598,saturated,,true,219.000,69.537,128.056,143.531,228188.176,228419.554,228444.192,1228660,1057261,292200448,84967424,49968,1229114,2026-08-01T19:06:53.819130Z
R2,1599,saturated,,true,174.000,81.269,151.431,177.999,228512.967,228887.202,228915.909,1229038,1057485,292290560,84992000,49972,1229481,2026-08-01T19:06:53.819130Z
R2,1600,saturated,,true,251.000,60.205,101.951,126.574,228761.362,229009.513,229062.930,1229408,1057485,292388864,85008384,49965,1229927,2026-08-01T19:06:53.819130Z
R2,1601,saturated,,true,244.000,63.080,98.024,124.063,228962.551,229228.783,229275.471,1226623,1059074,292438016,85032960,49964,1230425,2026-08-01T19:07:54.194323Z
R2,1602,saturated,,true,230.000,60.668,135.759,167.846,229141.811,229375.749,229402.860,1227120,1059449,292544512,85057536,49962,1230922,2026-08-01T19:07:54.194323Z
R2,1603,saturated,,true,250.000,55.776,101.528,122.215,229129.724,229364.582,229378.769,1227605,1059679,292642816,85082112,49970,1231408,2026-08-01T19:07:54.194323Z
R2,1604,saturated,,true,200.000,65.509,166.089,207.242,229310.865,229665.660,229694.257,1228101,1059936,292667392,85106688,49959,1231771,2026-08-01T19:07:54.194323Z
R2,1605,saturated,,true,272.000,55.576,86.838,104.043,229043.247,229627.450,229662.676,1228549,1059936,292831232,85123072,49957,1232317,2026-08-01T19:07:54.194323Z
R2,1606,saturated,,true,258.000,58.407,93.817,110.543,227925.069,228335.059,228369.447,1229101,1060258,292888576,85155840,49960,1232840,2026-08-01T19:07:54.194323Z
R2,1607,saturated,,true,182.000,74.369,177.675,219.946,228092.815,228379.592,228402.146,1229607,1060652,292921344,85172224,49972,1233267,2026-08-01T19:07:54.194323Z
R2,1608,saturated,,true,215.000,70.228,125.598,164.734,228432.874,228707.435,228746.747,1229947,1060848,293003264,85188608,49965,1233651,2026-08-01T19:07:54.194323Z
R2,1609,saturated,,true,250.000,58.958,92.789,109.610,228245.135,228597.906,228619.349,1230433,1061184,293142528,85221376,49969,1234169,2026-08-01T19:07:54.194323Z
R2,1610,saturated,,true,256.000,59.879,99.974,142.153,226552.002,227407.739,227456.942,1230916,1061184,293216256,85245952,49965,1234657,2026-08-01T19:07:54.194323Z
R2,1611,saturated,,true,239.000,58.687,103.336,118.705,224265.336,225746.121,225790.701,1231397,1061426,293371904,85278720,49977,1235172,2026-08-01T19:07:54.194323Z
R2,1612,saturated,,true,217.000,72.021,119.655,168.184,223086.267,223326.529,223359.169,1231867,1061691,293396480,85286912,49973,1235595,2026-08-01T19:07:54.194323Z
R2,1613,saturated,,true,220.000,67.147,114.198,127.224,223137.661,223355.495,223365.401,1232329,1061904,293462016,85319680,49978,1236058,2026-08-01T19:07:54.194323Z
R2,1614,saturated,,true,110.000,105.087,397.784,415.762,223323.214,223782.485,223792.430,1232654,1062130,293593088,85327872,49968,1236341,2026-08-01T19:07:54.194323Z
R2,1615,saturated,,true,183.000,66.342,232.374,332.871,223864.782,224167.933,224209.376,1232918,1062352,293617664,85352448,49970,1236638,2026-08-01T19:07:54.194323Z
R2,1616,saturated,,true,178.000,67.323,228.517,274.515,224170.281,224399.864,224437.107,1233287,1062532,293650432,85368832,49866,1237009,2026-08-01T19:07:54.194323Z
R2,1617,saturated,,true,123.000,88.721,416.432,476.648,224641.390,224836.089,224841.132,1233636,1062721,293691392,85377024,49969,1237242,2026-08-01T19:07:54.194323Z
R2,1618,saturated,,true,246.000,59.385,105.453,131.111,224268.291,224912.450,224945.279,1233974,1062721,293838848,85401600,49971,1237724,2026-08-01T19:07:54.194323Z
R2,1619,saturated,,true,264.000,58.698,87.068,106.124,222579.180,222827.370,222882.180,1234495,1062951,293888000,85434368,49965,1238247,2026-08-01T19:07:54.194323Z
R2,1620,saturated,,true,255.000,60.007,98.740,113.154,222428.750,222636.181,222674.382,1235034,1063207,294002688,85450752,49969,1238755,2026-08-01T19:07:54.194323Z
R2,1621,saturated,,true,254.000,56.680,101.169,143.381,222086.566,222396.440,222418.335,1235520,1063470,294117376,85483520,49966,1239271,2026-08-01T19:07:54.194323Z
R2,1622,saturated,,true,259.000,57.478,95.086,107.837,217263.488,220070.018,220167.689,1236028,1063725,294182912,85508096,49968,1239787,2026-08-01T19:07:54.194323Z
R2,1623,saturated,,true,215.000,60.222,184.927,237.619,215350.146,216449.160,216490.537,1236400,1064111,294330368,85524480,49970,1240253,2026-08-01T19:07:54.194323Z
R2,1624,saturated,,true,144.000,73.995,423.513,429.480,215505.606,215721.749,215780.287,1236838,1064111,294354944,85557248,49972,1240534,2026-08-01T19:07:54.194323Z
R2,1625,saturated,,true,265.000,55.786,88.456,107.171,215639.326,215860.480,215888.081,1237203,1064333,294412288,85573632,49969,1241055,2026-08-01T19:07:54.194323Z
R2,1626,saturated,,true,257.000,57.287,95.752,105.636,215779.557,216038.733,216068.179,1237734,1064606,294567936,85590016,49971,1241573,2026-08-01T19:07:54.194323Z
R2,1627,saturated,,true,227.000,63.762,112.535,130.547,215853.028,216062.870,216107.665,1238198,1064869,294617088,85622784,49969,1242039,2026-08-01T19:07:54.194323Z
R2,1628,saturated,,true,256.000,57.822,92.633,110.694,215846.004,216104.417,216169.544,1238694,1065225,294739968,85647360,49974,1242565,2026-08-01T19:07:54.194323Z
R2,1629,saturated,,true,249.000,58.908,109.463,144.274,215910.756,216151.770,216181.655,1239224,1065487,294830080,85671936,49975,1243048,2026-08-01T19:07:54.194323Z
R2,1630,saturated,,true,263.000,55.404,93.263,123.522,215839.612,216134.611,216184.979,1239690,1065859,294879232,85696512,49976,1243579,2026-08-01T19:07:54.194323Z
R2,1631,saturated,,true,252.000,58.226,98.760,115.170,215876.522,216121.562,216172.205,1240230,1065859,295043072,85721088,49975,1244082,2026-08-01T19:07:54.194323Z
R2,1632,saturated,,true,272.000,54.193,86.082,104.465,215856.266,216083.209,216109.646,1240759,1066118,295084032,85745664,49979,1244623,2026-08-01T19:07:54.194323Z
R2,1633,saturated,,true,271.000,55.441,88.096,105.261,215772.815,216020.294,216084.098,1241326,1066381,295239680,85778432,49979,1245177,2026-08-01T19:07:54.194323Z
R2,1634,saturated,,true,219.000,61.460,151.770,179.859,215902.888,216202.791,216224.045,1241783,1066792,295313408,85811200,49842,1245625,2026-08-01T19:07:54.194323Z
R2,1635,saturated,,true,273.000,56.729,92.853,108.133,215990.989,216198.242,216230.264,1242229,1066878,295395328,85819392,49842,1246160,2026-08-01T19:07:54.194323Z
R2,1636,saturated,,true,255.000,55.391,103.697,147.637,216030.649,216271.541,216318.861,1242786,1067284,295534592,85843968,49977,1246670,2026-08-01T19:07:54.194323Z
R2,1637,saturated,,true,253.000,56.996,114.586,144.701,216022.665,216264.750,216313.422,1243325,1067540,295567360,85876736,49975,1247176,2026-08-01T19:07:54.194323Z
R2,1638,saturated,,true,273.000,51.928,87.445,119.588,215951.073,216188.424,216234.051,1243829,1067791,295731200,85909504,49978,1247721,2026-08-01T19:07:54.194323Z
R2,1639,saturated,,true,274.000,54.262,90.787,114.288,215791.469,216070.438,216102.814,1244398,1068063,295796736,85925888,49981,1248282,2026-08-01T19:07:54.194323Z
R2,1640,saturated,,true,276.000,51.776,89.110,107.504,213537.944,215678.070,215949.444,1244957,1068339,295911424,85950464,49979,1248828,2026-08-01T19:07:54.194323Z
R2,1641,saturated,,true,262.000,56.423,87.932,98.580,211784.155,212010.769,212037.088,1245523,1068618,296026112,85991424,49983,1249376,2026-08-01T19:07:54.194323Z
R2,1642,saturated,,true,247.000,58.870,97.010,128.214,211785.747,211993.915,212018.024,1246051,1068880,296091648,86016000,49858,1249877,2026-08-01T19:07:54.194323Z
R2,1643,saturated,,true,212.000,58.332,206.461,243.831,211872.880,212186.718,212224.557,1246551,1069132,296206336,86032384,49981,1250296,2026-08-01T19:07:54.194323Z
R2,1644,saturated,,true,226.000,57.747,174.473,213.173,212065.995,212280.739,212340.184,1246969,1069132,296280064,86065152,49979,1250748,2026-08-01T19:07:54.194323Z
R2,1645,saturated,,true,279.000,54.476,91.163,98.411,211880.350,212191.964,212241.809,1247514,1069433,296361984,86073344,49840,1251305,2026-08-01T19:07:54.194323Z
R2,1646,saturated,,true,242.000,58.834,98.510,109.614,211630.848,211818.981,211887.379,1248079,1069704,296484864,86097920,49986,1251831,2026-08-01T19:07:54.194323Z
R2,1647,saturated,,true,196.000,75.077,134.425,190.018,211826.641,212072.718,212096.262,1248513,1069981,296550400,86138880,49893,1252238,2026-08-01T19:07:54.194323Z
R2,1648,saturated,,true,244.000,62.866,98.083,121.592,212024.724,212287.916,212341.776,1248924,1070200,296648704,86147072,49988,1252692,2026-08-01T19:07:54.194323Z
R2,1649,saturated,,true,232.000,62.511,140.789,189.979,212117.366,212318.995,212344.457,1249383,1070409,296738816,86171648,49856,1253142,2026-08-01T19:07:54.194323Z
R2,1650,saturated,,true,264.000,56.691,85.070,103.522,211770.564,212163.251,212200.340,1249864,1070632,296787968,86196224,49982,1253670,2026-08-01T19:07:54.194323Z
R2,1651,saturated,,true,271.000,52.081,83.678,99.063,210607.531,211410.206,211437.540,1250425,1070890,296927232,86220800,49843,1254229,2026-08-01T19:07:54.194323Z
R2,1652,saturated,,true,259.000,55.830,94.533,113.437,209425.599,209631.791,209662.374,1250969,1071161,297009152,86253568,49867,1254748,2026-08-01T19:07:54.194323Z
R2,1653,saturated,,true,225.000,65.666,109.325,120.191,209411.548,209688.592,209734.302,1251422,1071564,297115648,86278144,49878,1255212,2026-08-01T19:07:54.194323Z
R2,1654,saturated,,true,209.000,62.067,169.274,203.479,209222.669,209580.766,209620.289,1251860,1071673,297205760,86294528,49856,1255631,2026-08-01T19:07:54.194323Z
R2,1655,saturated,,true,256.000,56.857,95.841,103.358,208557.667,209253.502,209286.478,1252340,1071997,297271296,86319104,49862,1256156,2026-08-01T19:07:54.194323Z
R2,1656,saturated,,true,257.000,56.823,97.427,124.131,207967.033,208185.286,208225.830,1252859,1072256,297394176,86343680,49868,1256654,2026-08-01T19:07:54.194323Z
R2,1657,saturated,,true,228.000,60.365,131.256,160.043,208050.616,208344.946,208359.170,1253329,1072510,297467904,86368256,49881,1257111,2026-08-01T19:07:54.194323Z
R2,1658,saturated,,true,269.000,57.272,87.464,105.766,207758.220,208238.182,208276.601,1253812,1072733,297582592,86392832,49853,1257654,2026-08-01T19:07:54.194323Z
R2,1659,saturated,,true,270.000,56.427,86.826,100.354,205165.969,207045.059,207082.576,1254328,1073008,297680896,86425600,49854,1258197,2026-08-01T19:07:54.194323Z
R2,1660,saturated,,true,257.000,57.873,107.184,130.311,204442.596,204784.576,204829.184,1254784,1073278,297746432,86441984,49870,1258719,2026-08-01T19:07:54.194323Z
R2,1661,saturated,,true,261.000,56.726,87.196,111.393,204207.352,204456.159,204488.406,1255304,1073680,297803776,86466560,49854,1259237,2026-08-01T19:08:53.831565Z
R2,1662,saturated,,true,266.000,55.527,88.488,94.423,203633.578,204124.372,204156.899,1255792,1073941,297992192,86499328,49852,1259779,2026-08-01T19:08:53.831565Z
R2,1663,saturated,,true,269.000,56.244,91.719,111.430,203284.488,203513.491,203540.114,1256340,1074209,298024960,86540288,49858,1260306,2026-08-01T19:08:53.831565Z
R2,1664,saturated,,true,198.000,69.027,129.294,166.244,203439.417,203709.056,203738.641,1256847,1074479,298188800,86540288,49873,1260731,2026-08-01T19:08:53.831565Z
R2,1665,saturated,,true,248.000,59.516,99.753,124.891,203404.451,203632.569,203666.446,1257247,1074680,298237952,86573056,49866,1261214,2026-08-01T19:08:53.831565Z
R2,1666,saturated,,true,253.000,57.369,91.632,109.629,203366.315,203586.660,203596.586,1257781,1074926,298270720,86605824,49874,1261740,2026-08-01T19:08:53.831565Z
R2,1667,saturated,,true,94.000,124.410,404.799,451.274,203938.102,204230.903,204250.229,1258227,1075177,298409984,86614016,49938,1261972,2026-08-01T19:08:53.831565Z
R2,1668,saturated,,true,136.000,90.162,329.006,386.499,204248.532,204536.595,204553.063,1258449,1075177,298467328,86630400,49899,1262218,2026-08-01T19:08:53.831565Z
R2,1669,saturated,,true,215.000,60.736,212.193,233.789,204485.471,204730.972,204763.148,1258761,1075313,298483712,86654976,49873,1262623,2026-08-01T19:08:53.831565Z
R2,1670,saturated,,true,231.000,62.789,102.448,110.951,204650.959,204903.111,204967.666,1259216,1075500,298565632,86671360,49891,1263105,2026-08-01T19:08:53.831565Z
R2,1671,saturated,,true,259.000,56.146,88.532,118.693,204904.692,205127.194,205161.753,1259690,1075750,298713088,86687744,49861,1263615,2026-08-01T19:08:53.831565Z
R2,1672,saturated,,true,237.000,61.931,104.223,130.157,204832.717,205060.963,205084.263,1260230,1075984,298737664,86728704,49876,1264102,2026-08-01T19:08:53.831565Z
R2,1673,saturated,,true,238.000,60.772,105.134,119.514,204939.715,205173.247,205213.491,1260677,1076235,298893312,86745088,49872,1264578,2026-08-01T19:08:53.831565Z
R2,1674,saturated,,true,199.000,69.314,213.776,260.811,205203.379,205510.390,205551.925,1261133,1076470,298958848,86761472,49879,1264965,2026-08-01T19:08:53.831565Z
R2,1675,saturated,,true,244.000,60.855,96.252,110.308,205414.534,205649.794,205701.333,1261610,1076670,298991616,86794240,49877,1265465,2026-08-01T19:08:53.831565Z
R2,1676,saturated,,true,251.000,59.560,92.072,108.163,205420.984,205642.759,205662.883,1262099,1077033,299155456,86802432,49860,1265967,2026-08-01T19:08:53.831565Z
R2,1677,saturated,,true,238.000,63.285,110.115,134.769,205460.949,205684.091,205707.011,1262608,1077295,299212800,86843392,49888,1266442,2026-08-01T19:08:53.831565Z
R2,1678,saturated,,true,272.000,52.469,82.576,95.757,205510.216,205718.664,205740.933,1263079,1077295,299319296,86867968,49867,1266986,2026-08-01T19:08:53.831565Z
R2,1679,saturated,,true,264.000,55.256,83.133,112.146,205478.385,205744.361,205765.389,1263628,1077663,299442176,86884352,49866,1267531,2026-08-01T19:08:53.831565Z
R2,1680,saturated,,true,267.000,56.775,90.213,112.313,205236.601,205517.714,205551.414,1264183,1077933,299491328,86908928,49864,1268057,2026-08-01T19:08:53.831565Z
R2,1681,saturated,,true,265.000,54.755,87.776,118.410,205036.252,205273.450,205311.322,1264715,1078195,299646976,86933504,49870,1268586,2026-08-01T19:08:53.831565Z
R2,1682,saturated,,true,261.000,55.723,102.020,133.888,205074.220,205303.352,205356.450,1265252,1078597,299696128,86974464,49866,1269111,2026-08-01T19:08:53.831565Z
R2,1683,saturated,,true,262.000,55.025,94.718,117.030,205033.243,205289.914,205324.972,1265793,1078858,299843584,86990848,49866,1269641,2026-08-01T19:08:53.831565Z
R2,1684,saturated,,true,220.000,59.193,178.380,221.412,205192.195,205513.443,205533.157,1266203,1079120,299909120,87007232,49867,1270078,2026-08-01T19:08:53.831565Z
R2,1685,saturated,,true,253.000,55.504,85.299,116.931,205303.422,205572.387,205596.513,1266708,1079337,299974656,87048192,49875,1270592,2026-08-01T19:08:53.831565Z
R2,1686,saturated,,true,252.000,57.113,106.576,142.154,205375.417,205581.637,205605.707,1267186,1079591,300113920,87064576,49864,1271103,2026-08-01T19:08:53.831565Z
R2,1687,saturated,,true,247.000,58.872,96.027,127.494,205419.220,205663.258,205690.055,1267726,1079850,300171264,87089152,49889,1271602,2026-08-01T19:08:53.831565Z
R2,1688,saturated,,true,270.000,56.915,88.659,103.387,205384.913,205611.645,205645.823,1268216,1079850,300302336,87121920,49868,1272137,2026-08-01T19:08:53.831565Z
R2,1689,saturated,,true,261.000,55.282,89.271,98.281,205310.928,205605.631,205630.836,1268759,1080227,300392448,87138304,49869,1272676,2026-08-01T19:08:53.831565Z
R2,1690,saturated,,true,278.000,51.755,86.685,102.274,205183.187,205419.062,205446.421,1269317,1080495,300466176,87162880,49868,1273220,2026-08-01T19:08:53.831565Z
R2,1691,saturated,,true,266.000,57.304,86.025,96.578,205222.507,205436.660,205456.052,1269836,1080764,300613632,87195648,49870,1273748,2026-08-01T19:08:53.831565Z
R2,1692,saturated,,true,254.000,55.957,89.824,114.735,205291.193,205518.517,205586.579,1270374,1081032,300662784,87236608,49878,1274272,2026-08-01T19:08:53.831565Z
R2,1693,saturated,,true,263.000,54.503,81.905,106.736,205158.973,205374.567,205409.348,1270913,1081418,300810240,87244800,49873,1274803,2026-08-01T19:08:53.831565Z
R2,1694,saturated,,true,222.000,60.374,174.423,207.136,205319.336,205590.467,205606.915,1271389,1081688,300867584,87261184,49872,1275252,2026-08-01T19:08:53.831565Z
R2,1695,saturated,,true,267.000,54.959,89.643,117.434,205329.869,205544.334,205587.460,1271863,1081904,300949504,87310336,49872,1275779,2026-08-01T19:08:53.831565Z
R2,1696,saturated,,true,247.000,58.671,91.999,112.940,205343.975,205548.092,205584.096,1272389,1082172,301088768,87318528,49871,1276281,2026-08-01T19:08:53.831565Z
R2,1697,saturated,,true,242.000,58.153,104.180,140.815,205412.324,205671.451,205700.703,1272909,1082555,301146112,87334912,49895,1276777,2026-08-01T19:08:53.831565Z
R2,1698,saturated,,true,245.000,60.498,101.447,138.272,205490.635,205705.927,205802.938,1273400,1082668,301268992,87375872,49896,1277260,2026-08-01T19:08:53.831565Z
R2,1699,saturated,,true,258.000,56.857,91.407,96.911,205476.515,205758.013,205788.254,1273885,1082668,301350912,87384064,49878,1277783,2026-08-01T19:08:53.831565Z
R2,1700,saturated,,true,249.000,58.359,101.596,133.702,205413.806,205687.221,205708.804,1274368,1083040,301432832,87425024,49892,1278292,2026-08-01T19:08:53.831565Z
R2,1701,saturated,,true,250.000,57.436,98.214,136.011,205537.562,205767.368,205797.250,1274837,1083302,301547520,87449600,49878,1278776,2026-08-01T19:08:53.831565Z
R2,1702,saturated,,true,262.000,57.282,95.251,111.296,205541.999,205769.835,205782.777,1275314,1083538,301613056,87465984,49877,1279307,2026-08-01T19:08:53.831565Z
R2,1703,saturated,,true,251.000,58.839,99.453,118.617,205573.860,205805.753,205822.104,1275837,1083932,301735936,87490560,49874,1279816,2026-08-01T19:08:53.831565Z
R2,1704,saturated,,true,219.000,62.867,157.790,209.187,205681.278,205922.524,205938.763,1276297,1084182,301826048,87515136,49875,1280251,2026-08-01T19:08:53.831565Z
R2,1705,saturated,,true,261.000,55.644,84.377,106.964,205730.311,205966.665,205984.635,1276793,1084406,301883392,87556096,49888,1280790,2026-08-01T19:08:53.831565Z
R2,1706,saturated,,true,227.000,61.202,117.470,146.189,205786.296,206015.133,206062.115,1277327,1084668,302014464,87564288,49916,1281260,2026-08-01T19:08:53.831565Z
R2,1707,saturated,,true,215.000,67.873,121.092,166.966,205988.681,206190.239,206201.236,1277765,1084890,302088192,87588864,49904,1281674,2026-08-01T19:08:53.831565Z
R2,1708,saturated,,true,264.000,57.815,91.818,101.157,206133.398,206365.920,206388.586,1278221,1085106,302178304,87613440,49880,1282205,2026-08-01T19:08:53.831565Z
R2,1709,saturated,,true,264.000,57.267,86.440,111.973,206158.088,206396.498,206445.735,1278761,1085371,302292992,87629824,49874,1282734,2026-08-01T19:08:53.831565Z
R2,1710,saturated,,true,262.000,58.179,87.732,103.011,206087.356,206413.370,206460.869,1279276,1085636,302350336,87670784,49882,1283256,2026-08-01T19:08:53.831565Z
R2,1711,saturated,,true,245.000,58.737,104.477,158.801,206200.678,206438.677,206470.125,1279764,1085897,302481408,87695360,49879,1283750,2026-08-01T19:08:53.831565Z
R2,1712,saturated,,true,246.000,56.299,120.645,148.322,206285.167,206490.886,206505.788,1280266,1085897,302563328,87703552,49887,1284255,2026-08-01T19:08:53.831565Z
R2,1713,saturated,,true,243.000,56.130,134.079,164.001,206406.659,206604.922,206635.984,1280733,1086261,302669824,87744512,49888,1284740,2026-08-01T19:08:53.831565Z
R2,1714,saturated,,true,210.000,62.636,189.999,221.073,206506.651,206775.235,206812.518,1281184,1086510,302743552,87760896,49881,1285170,2026-08-01T19:08:53.831565Z
R2,1715,saturated,,true,261.000,56.106,97.195,113.635,206587.224,206803.852,206864.121,1281688,1086849,302817280,87785472,49883,1285694,2026-08-01T19:08:53.831565Z
R2,1716,saturated,,true,266.000,56.422,88.903,104.929,206456.794,206809.696,206848.444,1282239,1087111,302940160,87818240,49891,1286234,2026-08-01T19:08:53.831565Z
R2,1717,saturated,,true,241.000,62.801,97.907,117.393,206412.130,206644.380,206665.693,1282738,1087247,303022080,87834624,49904,1286705,2026-08-01T19:08:53.831565Z
R2,1718,saturated,,true,266.000,54.682,85.739,112.156,206497.138,206741.396,206752.448,1283223,1087504,303136768,87851008,49882,1287242,2026-08-01T19:08:53.831565Z
R2,1719,saturated,,true,263.000,57.352,93.798,109.748,206547.891,206767.315,206784.153,1283799,1087748,303243264,87891968,49891,1287773,2026-08-01T19:08:53.831565Z
R2,1720,saturated,,true,264.000,56.253,85.632,101.244,206641.412,206856.895,206902.420,1284323,1088148,303316992,87924736,49889,1288288,2026-08-01T19:08:53.831565Z
R2,1721,saturated,,true,250.000,59.409,96.236,117.349,206492.905,206738.916,206783.515,1284919,1088355,303341568,87941120,49888,1288805,2026-08-01T19:09:53.945924Z
R2,1722,saturated,,true,260.000,55.879,91.850,108.129,206538.085,206764.383,206795.983,1284715,1090210,303529984,87957504,49890,1289335,2026-08-01T19:09:53.945924Z
R2,1723,saturated,,true,268.000,54.669,98.600,120.033,206528.270,206759.259,206788.146,1285253,1090597,303554560,87990272,49889,1289866,2026-08-01T19:09:53.945924Z
R2,1724,saturated,,true,218.000,64.538,160.692,196.239,206641.701,206882.512,206904.222,1285720,1090858,303734784,88023040,49891,1290306,2026-08-01T19:09:53.945924Z
R2,1725,saturated,,true,206.000,65.525,141.350,171.714,206772.827,207037.132,207127.185,1286107,1091081,303775744,88039424,49931,1290740,2026-08-01T19:09:53.945924Z
R2,1726,saturated,,true,163.000,90.023,169.208,228.503,207120.366,207434.185,207501.995,1286491,1091334,303816704,88055808,49923,1291066,2026-08-01T19:09:53.945924Z
R2,1727,saturated,,true,146.000,80.712,245.273,311.282,207438.930,207718.308,207872.362,1286858,1091482,303824896,88072192,49969,1291362,2026-08-01T19:09:53.945924Z
R2,1728,saturated,,true,245.000,59.326,128.192,182.994,207861.836,208073.963,208094.661,1287219,1091720,303980544,88088576,49897,1291833,2026-08-01T19:09:53.945924Z
R2,1729,saturated,,true,241.000,60.525,93.305,111.263,207918.913,208147.592,208168.247,1287706,1091846,304054272,88104960,49908,1292326,2026-08-01T19:09:53.945924Z
R2,1730,saturated,,true,210.000,71.390,125.530,141.543,208115.951,208412.331,208444.653,1288099,1092099,304136192,88145920,49916,1292744,2026-08-01T19:09:53.945924Z
R2,1731,saturated,,true,238.000,64.151,105.238,153.957,208306.192,208541.036,208568.316,1288560,1092422,304234496,88162304,49905,1293233,2026-08-01T19:09:53.945924Z
R2,1732,saturated,,true,219.000,69.455,124.400,147.603,208425.095,208734.512,208769.823,1289010,1092422,304291840,88178688,49909,1293660,2026-08-01T19:09:53.945924Z
R2,1733,saturated,,true,231.000,59.651,120.622,158.506,208524.266,208811.156,208842.218,1289381,1092767,304414720,88211456,49898,1294128,2026-08-01T19:09:53.945924Z
R2,1734,saturated,,true,204.000,67.156,197.470,218.369,208874.068,209100.146,209138.359,1289829,1092985,304472064,88219648,49899,1294537,2026-08-01T19:09:53.945924Z
R2,1735,saturated,,true,260.000,56.812,88.571,103.096,208918.148,209133.613,209148.256,1290304,1093318,304545792,88252416,49894,1295065,2026-08-01T19:09:53.945924Z
R2,1736,saturated,,true,256.000,57.533,100.415,109.814,208933.252,209170.742,209212.539,1290812,1093318,304693248,88276992,49900,1295582,2026-08-01T19:09:53.945924Z
R2,1737,saturated,,true,242.000,61.076,124.620,147.028,208669.653,208934.819,208970.501,1291336,1093709,304758784,88301568,49914,1296059,2026-08-01T19:09:53.945924Z
R2,1738,saturated,,true,262.000,55.280,85.733,103.739,208782.971,209003.645,209040.692,1291841,1094080,304848896,88326144,49894,1296598,2026-08-01T19:09:53.945924Z
R2,1739,saturated,,true,245.000,60.675,96.542,158.167,208874.774,209101.223,209119.528,1292348,1094211,304963584,88350720,49899,1297089,2026-08-01T19:09:53.945924Z
R2,1740,saturated,,true,242.000,61.302,104.146,117.102,208920.515,209175.758,209225.169,1292856,1094461,305029120,88375296,49899,1297579,2026-08-01T19:09:53.945924Z
R2,1741,saturated,,true,260.000,58.312,88.956,105.334,209056.424,209274.480,209324.963,1293362,1094705,305168384,88399872,49897,1298098,2026-08-01T19:09:53.945924Z
R2,1742,saturated,,true,259.000,58.109,99.118,109.797,209072.841,209278.624,209306.416,1293851,1094961,305233920,88432640,49902,1298617,2026-08-01T19:09:53.945924Z
R2,1743,saturated,,true,258.000,58.303,91.869,116.706,209026.522,209315.155,209340.306,1294367,1095349,305348608,88449024,49901,1299134,2026-08-01T19:09:53.945924Z
R2,1744,saturated,,true,213.000,66.917,130.684,154.477,209123.432,209374.652,209398.930,1294816,1095611,305446912,88473600,49903,1299563,2026-08-01T19:09:53.945924Z
R2,1745,saturated,,true,261.000,56.038,87.406,104.868,209225.573,209467.131,209493.548,1295297,1095823,305504256,88506368,49896,1300090,2026-08-01T19:09:53.945924Z
R2,1746,saturated,,true,258.000,57.474,97.350,114.478,209298.266,209526.926,209550.044,1295835,1096079,305651712,88530944,49906,1300606,2026-08-01T19:09:53.945924Z
R2,1747,saturated,,true,237.000,60.942,123.767,146.137,209315.764,209584.525,209616.759,1296361,1096341,305700864,88547328,49922,1301094,2026-08-01T19:09:53.945924Z
R2,1748,saturated,,true,264.000,58.211,95.859,116.596,209400.871,209625.021,209670.633,1296863,1096341,305807360,88571904,49907,1301613,2026-08-01T19:09:53.945924Z
R2,1749,saturated,,true,256.000,58.639,92.360,102.656,209426.487,209668.248,209701.478,1297394,1096717,305913856,88604672,49910,1302134,2026-08-01T19:09:53.945924Z
R2,1750,saturated,,true,262.000,59.321,94.293,116.855,209484.813,209708.430,209725.138,1297918,1096975,305987584,88621056,49899,1302653,2026-08-01T19:09:53.945924Z
R2,1751,saturated,,true,259.000,58.300,95.536,105.818,209467.587,209729.228,209760.396,1298464,1097231,306118656,88645632,49902,1303176,2026-08-01T19:09:53.945924Z
R2,1752,saturated,,true,260.000,57.904,92.083,103.786,209533.507,209746.079,209793.451,1298999,1097492,306184192,88686592,49907,1303700,2026-08-01T19:09:53.945924Z
R2,1753,saturated,,true,260.000,57.877,91.940,110.625,209566.148,209824.677,209853.414,1299523,1097755,306298880,88694784,49903,1304221,2026-08-01T19:09:53.945924Z
R2,1754,saturated,,true,206.000,67.360,148.196,184.280,209525.985,209818.334,209853.611,1299967,1098011,306397184,88727552,49908,1304645,2026-08-01T19:09:53.945924Z
R2,1755,saturated,,true,263.000,56.020,94.710,104.692,209715.856,209965.072,209992.988,1300442,1098352,306470912,88760320,49906,1305169,2026-08-01T19:09:53.945924Z
R2,1756,saturated,,true,230.000,65.585,117.589,149.847,209851.746,210097.569,210120.380,1300921,1098612,306569216,88768512,49912,1305628,2026-08-01T19:09:53.945924Z
R2,1757,saturated,,true,213.000,67.351,120.984,135.105,210005.003,210317.365,210330.551,1301399,1098837,306642944,88801280,49935,1306059,2026-08-01T19:09:53.945924Z
R2,1758,saturated,,true,217.000,61.100,166.141,185.620,210071.323,210294.816,210313.334,1301809,1098837,306716672,88817664,49910,1306500,2026-08-01T19:09:53.945924Z
R2,1759,saturated,,true,258.000,58.229,93.808,99.534,210112.638,210348.577,210356.808,1302319,1099146,306823168,88834048,49908,1307013,2026-08-01T19:09:53.945924Z
R2,1760,saturated,,true,261.000,57.685,86.320,97.060,210171.598,210418.968,210456.032,1302852,1099401,306913280,88875008,49905,1307538,2026-08-01T19:09:53.945924Z
R2,1761,saturated,,true,251.000,58.154,89.002,123.484,210183.592,210402.376,210446.733,1303356,1099660,307011584,88891392,49909,1308045,2026-08-01T19:09:53.945924Z
R2,1762,saturated,,true,245.000,59.212,115.149,127.291,210317.171,210540.223,210562.807,1303855,1100049,307118080,88907776,49915,1308538,2026-08-01T19:09:53.945924Z
R2,1763,saturated,,true,238.000,62.058,103.291,124.755,210429.329,210646.409,210688.536,1304341,1100165,307200000,88948736,49919,1309021,2026-08-01T19:09:53.945924Z
R2,1764,saturated,,true,189.000,70.955,192.928,268.314,210731.787,211031.991,211048.015,1304749,1100523,307281920,88956928,49907,1309405,2026-08-01T19:09:53.945924Z
R2,1765,saturated,,true,250.000,59.183,111.867,123.346,210770.290,210989.808,211007.241,1305201,1100712,307380224,88989696,49911,1309899,2026-08-01T19:09:53.945924Z
R2,1766,saturated,,true,258.000,61.000,97.302,118.223,210829.336,211042.291,211084.478,1305725,1100966,307462144,89014272,49911,1310418,2026-08-01T19:09:53.945924Z
R2,1767,saturated,,true,237.000,62.937,103.827,122.084,210850.054,211113.030,211148.520,1306231,1101225,307560448,89030656,49924,1310897,2026-08-01T19:09:53.945924Z
R2,1768,saturated,,true,261.000,57.617,92.645,102.039,210851.541,211061.783,211086.033,1306384,1101225,307617792,89055232,49911,1311155,2026-08-01T19:09:53.945924Z
R2,1769,saturated,,true,263.000,58.530,93.647,116.344,210777.906,211008.931,211025.491,1306926,1101597,307699712,89079808,49909,1311684,2026-08-01T19:09:53.945924Z
R2,1770,saturated,,true,250.000,57.921,89.941,109.305,210827.857,211047.651,211067.102,1307435,1101858,307814400,89088000,49913,1312209,2026-08-01T19:09:53.945924Z
R2,1771,saturated,,true,246.000,61.753,103.128,120.987,210940.090,211185.817,211215.863,1307977,1102121,307904512,89128960,49913,1312698,2026-08-01T19:09:53.945924Z
R2,1772,saturated,,true,262.000,58.668,91.881,110.549,210986.973,211200.151,211220.797,1308454,1102359,308011008,89145344,49912,1313213,2026-08-01T19:09:53.945924Z
R2,1773,saturated,,true,258.000,55.733,85.643,97.936,211010.095,211270.922,211288.482,1308958,1102620,308084736,89161728,49910,1313734,2026-08-01T19:09:53.945924Z
R2,1774,saturated,,true,229.000,59.782,110.741,153.817,211025.430,211267.055,211304.706,1309485,1102881,308183040,89202688,49912,1314197,2026-08-01T19:09:53.945924Z
R2,1775,saturated,,true,253.000,60.327,90.955,99.546,210975.923,211279.035,211314.207,1309961,1102881,308273152,89227264,49917,1314709,2026-08-01T19:09:53.945924Z
R2,1776,saturated,,true,258.000,58.085,94.514,106.743,210960.784,211187.011,211201.629,1310481,1103238,308355072,89251840,49917,1315228,2026-08-01T19:09:53.945924Z
R2,1777,saturated,,true,235.000,63.761,107.787,125.049,211068.328,211301.130,211360.571,1311011,1103490,308486144,89268224,49935,1315737,2026-08-01T19:09:53.945924Z
R2,1778,saturated,,true,265.000,56.605,87.618,103.206,211150.622,211379.453,211446.491,1311502,1103744,308551680,89300992,49911,1316219,2026-08-01T19:09:53.945924Z
R2,1779,saturated,,true,251.000,59.099,87.218,105.882,211146.606,211368.149,211422.896,1312007,1103981,308658176,89325568,49923,1316737,2026-08-01T19:09:53.945924Z
R2,1780,saturated,,true,247.000,60.635,96.961,119.489,211158.227,211436.044,211476.083,1312537,1104246,308748288,89341952,49918,1317239,2026-08-01T19:09:53.945924Z
R2,1781,saturated,,true,251.000,60.445,101.490,120.025,211098.802,211326.941,211352.839,1313674,1102553,308822016,89382912,49922,1317743,2026-08-01T19:10:54.028621Z
R2,1782,saturated,,true,257.000,56.302,95.264,114.390,211193.937,211415.257,211444.335,1314165,1102805,308871168,89399296,49917,1318243,2026-08-01T19:10:54.028621Z
R2,1783,saturated,,true,249.000,56.978,103.076,129.605,211275.011,211511.713,211534.033,1314692,1103059,309051392,89415680,49916,1318759,2026-08-01T19:10:54.028621Z
R2,1784,saturated,,true,212.000,64.768,174.695,213.289,211418.008,211742.537,211765.209,1315176,1103308,309075968,89456640,49913,1319195,2026-08-01T19:10:54.028621Z
R2,1785,saturated,,true,260.000,59.979,85.137,106.377,211571.907,211807.536,211849.286,1315653,1103308,309231616,89464832,49918,1319696,2026-08-01T19:10:54.028621Z
R2,1786,saturated,,true,255.000,61.226,92.369,101.948,211511.705,211731.815,211783.761,1316101,1103650,309297152,89489408,49918,1320214,2026-08-01T19:10:54.028621Z
R2,1787,saturated,,true,192.000,65.245,137.225,173.429,211728.693,212021.293,212053.969,1316625,1103904,309354496,89522176,49943,1320676,2026-08-01T19:10:54.028621Z
R2,1788,saturated,,true,261.000,56.359,89.275,103.345,211903.454,212123.038,212181.534,1317028,1104162,309485568,89538560,49917,1321126,2026-08-01T19:10:54.028621Z
R2,1789,saturated,,true,243.000,63.871,99.378,118.754,211818.869,212120.496,212176.918,1317545,1104358,309542912,89571328,49924,1321639,2026-08-01T19:10:54.028621Z
R2,1790,saturated,,true,231.000,65.532,103.830,139.427,210983.944,211585.830,211614.462,1317982,1104615,309649408,89595904,49924,1322090,2026-08-01T19:10:54.028621Z
R2,1791,saturated,,true,222.000,61.045,153.320,192.946,209698.002,210631.210,210672.686,1318496,1104970,309755904,89612288,49921,1322590,2026-08-01T19:10:54.028621Z
R2,1792,saturated,,true,241.000,58.753,93.908,114.831,208530.202,208784.494,208819.121,1318889,1105091,309796864,89636864,49925,1323041,2026-08-01T19:10:54.028621Z
R2,1793,saturated,,true,184.000,63.728,189.462,219.108,208343.215,208652.192,208694.443,1319330,1105441,309944320,89661440,49965,1323475,2026-08-01T19:10:54.028621Z
R2,1794,saturated,,true,118.000,145.666,291.075,314.349,208667.441,209019.965,209030.509,1319699,1105659,309977088,89669632,49950,1323726,2026-08-01T19:10:54.028621Z
R2,1795,saturated,,true,246.000,61.032,111.033,137.225,208747.910,208974.179,209000.347,1319969,1105760,310009856,89694208,49925,1324120,2026-08-01T19:10:54.028621Z
R2,1796,saturated,,true,247.000,60.721,91.859,102.351,208307.430,208617.374,208667.953,1320448,1105982,310140928,89710592,49929,1324632,2026-08-01T19:10:54.028621Z
R2,1797,saturated,,true,233.000,59.545,120.994,167.034,208221.287,208482.021,208522.382,1320961,1106232,310231040,89735168,49932,1325137,2026-08-01T19:10:54.028621Z
R2,1798,saturated,,true,236.000,59.801,110.791,118.239,208125.213,208348.351,208369.247,1321423,1106232,310263808,89776128,49930,1325598,2026-08-01T19:10:54.028621Z
R2,1799,saturated,,true,236.000,60.350,113.953,149.262,208224.666,208472.080,208491.760,1321878,1106593,310419456,89784320,49929,1326028,2026-08-01T19:10:54.028621Z
R2,1800,saturated,,true,228.000,63.906,105.462,136.665,208338.614,208585.097,208599.355,1322347,1106807,310476800,89817088,49928,1326516,2026-08-01T19:10:54.028621Z
R2,1801,saturated,,true,249.000,59.914,99.979,111.871,208211.628,208534.528,208578.733,1322839,1107056,310550528,89833472,49929,1326995,2026-08-01T19:10:54.028621Z
R2,1802,saturated,,true,257.000,59.375,99.720,114.025,208080.901,208366.308,208398.675,1323347,1107416,310689792,89849856,49929,1327513,2026-08-01T19:10:54.028621Z
R2,1803,saturated,,true,252.000,61.191,92.155,108.703,208016.501,208269.232,208291.695,1323843,1107676,310730752,89899008,49932,1328015,2026-08-01T19:10:54.028621Z
R2,1804,saturated,,true,221.000,61.076,154.201,219.416,208098.203,208332.030,208357.863,1324351,1107923,310878208,89907200,49932,1328460,2026-08-01T19:10:54.028621Z
R2,1805,saturated,,true,259.000,57.955,94.863,104.744,207864.416,208170.208,208198.356,1324799,1107923,310951936,89923584,49935,1328993,2026-08-01T19:10:54.028621Z
R2,1806,saturated,,true,254.000,57.350,92.073,119.259,207646.387,207920.153,207948.193,1325303,1108277,311001088,89964544,49935,1329501,2026-08-01T19:10:54.028621Z
R2,1807,saturated,,true,234.000,61.782,110.903,156.952,207394.589,207682.992,207708.138,1325839,1108530,311148544,89980928,49935,1330020,2026-08-01T19:10:54.028621Z
R2,1808,saturated,,true,266.000,57.595,91.677,114.627,207283.634,207517.756,207577.342,1326302,1108787,311205888,90013696,49935,1330495,2026-08-01T19:10:54.028621Z
R2,1809,saturated,,true,257.000,58.288,97.341,116.130,207242.138,207483.442,207533.562,1326831,1109161,311345152,90038272,49928,1331018,2026-08-01T19:10:54.028621Z
R2,1810,saturated,,true,247.000,58.649,132.519,149.418,207164.098,207425.611,207467.014,1327356,1109285,311427072,90054656,49930,1331510,2026-08-01T19:10:54.028621Z
R2,1811,saturated,,true,258.000,57.699,92.432,111.449,207063.067,207364.767,207391.784,1327847,1109664,311476224,90079232,49937,1332031,2026-08-01T19:10:54.028621Z
R2,1812,saturated,,true,263.000,60.895,90.413,98.599,206897.935,207149.937,207187.600,1328390,1109925,311640064,90103808,49934,1332549,2026-08-01T19:10:54.028621Z
R2,1813,saturated,,true,254.000,56.782,95.066,121.861,206963.160,207182.462,207222.069,1328913,1110186,311681024,90152960,49937,1333074,2026-08-01T19:10:54.028621Z
R2,1814,saturated,,true,219.000,62.198,150.599,204.332,206956.243,207181.436,207191.201,1329415,1110444,311828480,90161152,49944,1333525,2026-08-01T19:10:54.028621Z
R2,1815,saturated,,true,244.000,56.498,93.985,123.055,206777.798,207033.633,207059.208,1329895,1110444,311902208,90177536,49940,1334009,2026-08-01T19:10:54.028621Z
R2,1816,saturated,,true,243.000,57.726,103.882,124.123,206778.019,206994.157,207019.701,1330384,1110784,311943168,90210304,49937,1334504,2026-08-01T19:10:54.028621Z
R2,1817,saturated,,true,235.000,64.080,107.099,147.060,206769.792,207057.526,207083.851,1330897,1111027,312090624,90226688,49944,1335003,2026-08-01T19:10:54.028621Z
R2,1818,saturated,,true,261.000,57.946,90.814,107.959,206788.262,207012.261,207054.673,1331342,1111274,312147968,90267648,49936,1335483,2026-08-01T19:10:54.028621Z
R2,1819,saturated,,true,251.000,57.757,94.212,116.869,206621.263,206852.612,206865.646,1331866,1111645,312270848,90284032,49943,1336003,2026-08-01T19:10:54.028621Z
R2,1820,saturated,,true,238.000,63.887,103.004,126.011,206523.166,206767.089,206802.130,1332389,1111902,312360960,90308608,49941,1336505,2026-08-01T19:10:54.028621Z
R2,1821,saturated,,true,167.000,70.385,280.393,381.284,205968.939,206228.839,206559.748,1332744,1112142,312410112,90341376,49958,1336884,2026-08-01T19:10:54.028621Z
R2,1822,saturated,,true,161.000,75.643,257.103,334.891,206194.819,206427.492,206582.000,1333040,1112320,312475648,90349568,49938,1337154,2026-08-01T19:10:54.028621Z
R2,1823,saturated,,true,239.000,64.257,108.597,132.167,205870.975,206321.540,206377.487,1333356,1112320,312582144,90374144,49938,1337635,2026-08-01T19:10:54.028621Z
R2,1824,saturated,,true,196.000,66.158,153.400,196.719,205774.638,205998.343,206035.970,1333825,1112586,312631296,90398720,49949,1338034,2026-08-01T19:10:54.028621Z
R2,1825,saturated,,true,239.000,61.404,114.328,146.694,205837.674,206065.874,206085.646,1334272,1112809,312745984,90415104,49957,1338533,2026-08-01T19:10:54.028621Z
R2,1826,saturated,,true,189.000,69.184,199.142,237.225,206029.273,206239.278,206320.701,1334755,1113158,312836096,90439680,49971,1338960,2026-08-01T19:10:54.028621Z
R2,1827,saturated,,true,195.000,73.910,152.088,190.894,206315.744,206547.819,206565.520,1335137,1113356,312868864,90447872,49953,1339322,2026-08-01T19:10:54.028621Z
R2,1828,saturated,,true,219.000,67.586,115.934,140.564,206468.192,206680.027,206704.445,1335536,1113535,312975360,90488832,49960,1339757,2026-08-01T19:10:54.028621Z
R2,1829,saturated,,true,172.000,82.815,147.022,159.256,206672.733,206982.154,207007.169,1335991,1113535,313057280,90497024,49978,1340152,2026-08-01T19:10:54.028621Z
R2,1830,saturated,,true,160.000,91.077,186.288,207.933,207120.093,207412.286,207468.758,1336340,1113861,313090048,90521600,49957,1340444,2026-08-01T19:10:54.028621Z
R2,1831,saturated,,true,232.000,66.874,105.944,119.641,206931.198,207364.181,207385.927,1336714,1114094,313180160,90537984,49958,1340882,2026-08-01T19:10:54.028621Z
R2,1832,saturated,,true,239.000,63.679,113.295,140.459,206793.350,207031.922,207058.024,1337160,1114323,313286656,90554368,49955,1341347,2026-08-01T19:10:54.028621Z
R2,1833,saturated,,true,195.000,71.797,164.276,205.697,206906.149,207195.682,207221.292,1337609,1114559,313344000,90578944,49969,1341804,2026-08-01T19:10:54.028621Z
R2,1834,saturated,,true,154.000,97.954,174.533,239.908,207387.887,207595.346,207686.925,1337967,1114770,313376768,90603520,49961,1342086,2026-08-01T19:10:54.028621Z
R2,1835,saturated,,true,222.000,63.796,111.270,132.619,207600.572,207820.669,207839.556,1338321,1114770,313483264,90611712,49948,1342486,2026-08-01T19:10:54.028621Z
R2,1836,saturated,,true,240.000,63.929,97.999,123.173,207612.878,207842.253,207877.332,1338774,1115016,313565184,90628096,49951,1342978,2026-08-01T19:10:54.028621Z
R2,1837,saturated,,true,232.000,64.642,106.266,124.375,207610.946,207837.432,207895.948,1339253,1115245,313663488,90669056,49956,1343478,2026-08-01T19:10:54.028621Z
R2,1838,saturated,,true,258.000,59.143,94.773,106.900,207684.234,207930.918,207952.713,1339776,1115493,313761792,90677248,49947,1343950,2026-08-01T19:10:54.028621Z
R2,1839,saturated,,true,246.000,58.014,96.037,147.342,207696.866,207927.656,207952.237,1340239,1115725,313827328,90718208,49951,1344458,2026-08-01T19:10:54.028621Z
R2,1840,saturated,,true,245.000,58.961,99.361,112.084,207758.635,207988.618,208009.252,1340722,1116105,313942016,90742784,49954,1344946,2026-08-01T19:10:54.028621Z
R2,1841,saturated,,true,241.000,62.978,93.140,113.957,207878.603,208088.442,208147.958,1341240,1116275,314007552,90759168,49954,1345450,2026-08-01T19:11:53.939733Z
R2,1842,saturated,,true,252.000,59.438,97.040,110.754,207828.652,208167.159,208214.801,1341744,1116519,314187776,90783744,49951,1345939,2026-08-01T19:11:53.939733Z
R2,1843,saturated,,true,252.000,59.094,90.605,106.065,207832.081,208045.446,208105.014,1342252,1116769,314228736,90816512,49950,1346444,2026-08-01T19:11:53.939733Z
R2,1844,saturated,,true,207.000,68.972,150.403,187.439,207983.741,208254.287,208268.664,1342684,1117019,314327040,90824704,49957,1346866,2026-08-01T19:11:53.939733Z
R2,1845,saturated,,true,259.000,60.637,96.222,118.484,208078.876,208311.734,208349.682,1343158,1117019,314441728,90857472,49950,1347376,2026-08-01T19:11:53.939733Z
R2,1846,saturated,,true,247.000,59.148,99.715,115.213,208078.010,208300.228,208324.705,1343656,1117358,314474496,90882048,49950,1347886,2026-08-01T19:11:53.939733Z
R2,1847,saturated,,true,186.000,66.733,193.272,263.757,208160.468,208421.794,208446.147,1344139,1117610,314654720,90906624,49975,1348366,2026-08-01T19:11:53.939733Z
R2,1848,saturated,,true,189.000,84.282,147.259,175.031,208664.734,208963.856,209009.343,1344529,1117944,314671104,90923008,49956,1348668,2026-08-01T19:11:53.939733Z
R2,1849,saturated,,true,220.000,63.953,105.475,121.499,208790.741,209032.279,209058.295,1344946,1118116,314712064,90947584,49980,1349140,2026-08-01T19:11:53.939733Z
R2,1850,saturated,,true,90.000,175.964,283.884,393.346,209325.913,209662.505,209729.708,1345283,1118356,314793984,90955776,49980,1349374,2026-08-01T19:11:53.939733Z
R2,1851,saturated,,true,120.000,119.045,249.324,324.590,209985.940,210345.554,210380.860,1345436,1118446,314892288,90972160,49958,1349570,2026-08-01T19:11:53.939733Z
R2,1852,saturated,,true,184.000,75.025,128.205,168.186,210326.626,210596.427,210625.133,1345747,1118446,314908672,90988544,49968,1349933,2026-08-01T19:11:53.939733Z
R2,1853,saturated,,true,134.000,90.788,211.698,280.201,210697.785,210980.246,210984.835,1346067,1118635,314949632,90996736,49901,1350242,2026-08-01T19:11:53.939733Z
R2,1854,saturated,,true,145.000,94.913,263.425,328.410,211129.384,211392.262,211425.312,1346355,1118803,314966016,91004928,49969,1350502,2026-08-01T19:11:53.939733Z
R2,1855,saturated,,true,187.000,77.052,127.656,172.192,211256.524,211473.414,211491.906,1346696,1118936,315129856,91037696,49978,1350892,2026-08-01T19:11:53.939733Z
R2,1856,saturated,,true,172.000,87.841,178.313,200.623,211482.430,211888.983,211914.951,1347049,1119211,315146240,91054080,49960,1351222,2026-08-01T19:11:53.939733Z
R2,1857,saturated,,true,206.000,63.020,131.272,169.689,211699.816,211936.317,211976.215,1347420,1119370,315187200,91070464,49876,1351651,2026-08-01T19:11:53.939733Z
R2,1858,saturated,,true,252.000,59.201,102.185,121.896,211985.266,212197.644,212226.194,1347853,1119589,315359232,91095040,49963,1352101,2026-08-01T19:11:53.939733Z
R2,1859,saturated,,true,224.000,64.629,106.715,124.704,211862.416,212172.503,212197.298,1348354,1119589,315408384,91111424,49974,1352584,2026-08-01T19:11:53.939733Z
R2,1860,saturated,,true,199.000,75.056,134.050,183.116,211896.498,212130.256,212145.331,1348804,1119954,315432960,91136000,49967,1352978,2026-08-01T19:11:53.939733Z
R2,1861,saturated,,true,218.000,66.881,112.017,126.274,211948.738,212224.544,212243.341,1349216,1120149,315604992,91160576,49962,1353426,2026-08-01T19:11:53.939733Z
R2,1862,saturated,,true,238.000,60.935,98.385,122.539,212039.017,212265.463,212299.111,1349646,1120361,315645952,91185152,49969,1353879,2026-08-01T19:11:53.939733Z
R2,1863,saturated,,true,249.000,60.377,94.185,109.113,212159.242,212389.291,212419.899,1350112,1120603,315719680,91201536,49967,1354378,2026-08-01T19:11:53.939733Z
R2,1864,saturated,,true,221.000,69.365,111.880,128.993,212268.275,212532.783,212562.913,1350576,1120838,315850752,91217920,49965,1354820,2026-08-01T19:11:53.939733Z
R2,1865,saturated,,true,250.000,58.233,95.958,105.815,212357.230,212592.618,212605.501,1350999,1121061,315891712,91250688,49967,1355329,2026-08-01T19:11:53.939733Z
R2,1866,saturated,,true,253.000,59.612,93.442,123.606,212202.773,212510.015,212560.585,1351512,1121309,316047360,91275264,49971,1355838,2026-08-01T19:11:53.939733Z
R2,1867,saturated,,true,234.000,62.370,120.088,148.844,212136.528,212387.186,212439.966,1351984,1121685,316104704,91299840,49971,1356319,2026-08-01T19:11:53.939733Z
R2,1868,saturated,,true,258.000,58.293,98.027,110.145,212176.818,212404.907,212424.302,1352468,1121922,316178432,91324416,49965,1356818,2026-08-01T19:11:53.939733Z
R2,1869,saturated,,true,235.000,62.069,100.773,120.767,212151.708,212382.114,212396.877,1352994,1122174,316325888,91348992,49969,1357317,2026-08-01T19:11:53.939733Z
R2,1870,saturated,,true,191.000,78.482,125.351,165.857,212198.798,212420.289,212458.765,1353485,1122419,316350464,91365376,49892,1357731,2026-08-01T19:11:53.939733Z
R2,1871,saturated,,true,133.000,106.798,216.201,247.284,212663.034,212927.438,212974.772,1353851,1122615,316407808,91381760,49981,1357996,2026-08-01T19:11:53.939733Z
R2,1872,saturated,,true,205.000,65.808,124.985,143.482,213034.444,213255.637,213315.347,1354164,1122615,316522496,91406336,49980,1358405,2026-08-01T19:11:53.939733Z
R2,1873,saturated,,true,219.000,66.789,127.209,152.202,213242.008,213466.970,213508.673,1354563,1122852,316571648,91430912,49977,1358826,2026-08-01T19:11:53.939733Z
R2,1874,saturated,,true,138.000,93.689,209.952,224.722,213570.526,213931.228,213947.791,1354969,1123059,316612608,91439104,49982,1359134,2026-08-01T19:11:53.939733Z
R2,1875,saturated,,true,217.000,68.781,141.038,159.529,213898.016,214156.975,214197.987,1355269,1123247,316719104,91455488,49970,1359527,2026-08-01T19:11:53.939733Z
R2,1876,saturated,,true,230.000,64.388,117.500,155.912,214044.793,214292.402,214319.710,1355703,1123395,316801024,91471872,49973,1359992,2026-08-01T19:11:53.939733Z
R2,1877,saturated,,true,218.000,65.500,105.420,119.462,214171.898,214418.907,214460.366,1356189,1123627,316858368,91504640,49976,1360456,2026-08-01T19:11:53.939733Z
R2,1878,saturated,,true,240.000,62.280,90.615,114.671,214266.033,214495.245,214514.976,1356651,1123868,316997632,91529216,49980,1360919,2026-08-01T19:11:53.939733Z
R2,1879,saturated,,true,231.000,65.509,111.620,138.819,214202.199,214416.790,214463.586,1357110,1124094,317046784,91545600,49974,1361384,2026-08-01T19:11:53.939733Z
R2,1880,saturated,,true,142.000,87.974,208.689,282.393,214520.597,214848.009,214864.804,1357520,1124446,317087744,91570176,49907,1361688,2026-08-01T19:11:53.939733Z
R2,1881,saturated,,true,192.000,82.077,129.592,168.320,214779.256,215059.531,215072.413,1357827,1124515,317210624,91578368,49978,1362074,2026-08-01T19:11:53.939733Z
R2,1882,saturated,,true,193.000,74.441,169.604,220.207,214499.845,215119.105,215147.839,1358237,1124779,317276160,91611136,49898,1362500,2026-08-01T19:11:53.939733Z
R2,1883,saturated,,true,206.000,70.287,138.458,180.041,214038.090,214274.923,214310.353,1358630,1124975,317308928,91627520,49894,1362894,2026-08-01T19:11:53.939733Z
R2,1884,saturated,,true,171.000,85.443,158.016,211.664,214310.944,214563.692,214579.709,1359003,1124975,317374464,91643904,49880,1363204,2026-08-01T19:11:53.939733Z
R2,1885,saturated,,true,98.000,149.012,324.134,370.942,214785.719,215074.879,215082.773,1359281,1125252,317489152,91652096,49933,1363447,2026-08-01T19:11:53.939733Z
R2,1886,saturated,,true,217.000,69.060,124.984,149.939,214969.174,215213.361,215273.705,1359583,1125401,317521920,91676672,49879,1363860,2026-08-01T19:11:53.939733Z
R2,1887,saturated,,true,180.000,80.602,137.686,168.364,215217.762,215431.876,215452.055,1359955,1125567,317562880,91693056,49914,1364235,2026-08-01T19:11:53.939733Z
R2,1888,saturated,,true,205.000,70.031,113.637,147.081,215385.701,215622.084,215635.967,1360336,1125778,317702144,91709440,49898,1364669,2026-08-01T19:11:53.939733Z
R2,1889,saturated,,true,175.000,78.213,197.164,286.927,215658.267,215840.593,215870.842,1360744,1125965,317759488,91717632,49906,1364988,2026-08-01T19:11:53.939733Z
R2,1890,saturated,,true,186.000,78.061,134.263,176.624,215714.134,215911.884,215952.333,1361120,1126152,317784064,91758592,49891,1365371,2026-08-01T19:11:53.939733Z
R2,1891,saturated,,true,219.000,69.778,111.720,129.164,215808.082,216054.746,216098.883,1361528,1126324,317882368,91766784,49868,1365798,2026-08-01T19:11:53.939733Z
R2,1892,saturated,,true,169.000,63.495,101.035,263.376,215983.396,216383.566,216407.823,1361941,1126642,317988864,91791360,49935,1366217,2026-08-01T19:11:53.939733Z
R2,1893,saturated,,true,44.000,407.487,863.197,891.099,216763.904,216926.463,216926.532,1362155,1126815,317997056,91791360,49961,1366269,2026-08-01T19:11:53.939733Z
R2,1894,saturated,,true,175.000,76.595,187.085,211.768,217285.064,217577.946,217629.960,1362367,1126815,318013440,91799552,49887,1366577,2026-08-01T19:11:53.939733Z
R2,1895,saturated,,true,223.000,65.976,113.490,126.972,217389.979,217602.024,217631.443,1362729,1126926,318119936,91832320,49871,1367035,2026-08-01T19:11:53.939733Z
R2,1896,saturated,,true,230.000,63.081,99.750,149.258,217505.836,217738.222,217755.068,1363201,1127254,318226432,91848704,49876,1367506,2026-08-01T19:11:53.939733Z
R2,1897,saturated,,true,208.000,75.807,119.733,143.510,217705.546,217932.895,217947.461,1363568,1127486,318259200,91873280,49887,1367917,2026-08-01T19:11:53.939733Z
R2,1898,saturated,,true,223.000,67.181,111.431,138.393,217818.576,218129.055,218182.053,1363955,1127486,318357504,91897856,49887,1368363,2026-08-01T19:11:53.939733Z
R2,1899,saturated,,true,205.000,73.512,118.215,146.581,218114.192,218438.375,218456.699,1364396,1127808,318455808,91906048,49884,1368778,2026-08-01T19:11:53.939733Z
R2,1900,saturated,,true,197.000,74.258,129.282,143.963,218247.144,218503.025,218541.147,1364785,1128117,318496768,91938816,49891,1369189,2026-08-01T19:11:53.939733Z
R2,1901,saturated,,true,164.000,84.461,191.120,256.734,218572.536,218844.511,218902.631,1365269,1128456,318562304,91955200,49933,1369536,2026-08-01T19:12:54.316944Z
R2,1902,saturated,,true,190.000,80.687,193.084,222.882,218954.952,219226.165,219279.855,1366057,1129796,318562304,91971584,49893,1369892,2026-08-01T19:12:54.316944Z
R2,1903,saturated,,true,215.000,68.909,116.916,154.256,219110.446,219384.749,219430.058,1366439,1130044,318726144,91996160,49885,1370314,2026-08-01T19:12:54.316944Z
R2,1904,saturated,,true,177.000,68.803,195.395,274.331,219282.234,219551.525,219588.238,1366873,1130257,318783488,92020736,49891,1370696,2026-08-01T19:12:54.316944Z
R2,1905,saturated,,true,183.000,75.747,203.623,267.515,219680.499,219874.325,219897.284,1367242,1130439,318808064,92028928,49886,1371036,2026-08-01T19:12:54.316944Z
R2,1906,saturated,,true,224.000,63.982,122.028,139.962,219697.179,219939.746,219989.126,1367666,1130724,318922752,92045312,49873,1371499,2026-08-01T19:12:54.316944Z
R2,1907,saturated,,true,175.000,84.656,174.507,224.836,219970.093,220364.783,220394.580,1368106,1130954,319021056,92061696,49915,1371851,2026-08-01T19:12:54.316944Z
R2,1908,saturated,,true,195.000,77.578,131.066,159.361,220244.139,220480.425,220527.591,1368473,1130954,319037440,92086272,49895,1372246,2026-08-01T19:12:54.316944Z
R2,1909,saturated,,true,122.000,121.701,231.491,289.129,220624.094,220874.838,220916.719,1368806,1131217,319086592,92102656,49929,1372524,2026-08-01T19:12:54.316944Z
R2,1910,saturated,,true,186.000,76.270,140.798,177.882,221146.418,221364.403,221407.055,1369111,1131441,319176704,92119040,49889,1372870,2026-08-01T19:12:54.316944Z
R2,1911,saturated,,true,223.000,66.030,110.121,135.352,221244.662,221503.146,221538.066,1369535,1131627,319275008,92143616,49886,1373318,2026-08-01T19:12:54.316944Z
R2,1912,saturated,,true,225.000,67.965,113.863,124.902,221456.136,221708.203,221759.227,1369991,1131627,319315968,92160000,49885,1373765,2026-08-01T19:12:54.316944Z
R2,1913,saturated,,true,201.000,75.244,135.665,155.132,221706.997,221909.433,221951.367,1370413,1131965,319414272,92176384,49882,1374179,2026-08-01T19:12:54.316944Z
R2,1914,saturated,,true,171.000,82.767,195.629,235.144,221961.556,222254.083,222307.510,1370806,1132278,319512576,92200960,49892,1374532,2026-08-01T19:12:54.316944Z
R2,1915,saturated,,true,215.000,67.570,135.991,150.548,222152.409,222386.992,222401.829,1371223,1132278,319537152,92225536,49904,1374947,2026-08-01T19:12:54.316944Z
R2,1916,saturated,,true,222.000,68.013,112.375,123.196,222365.385,222619.070,222667.187,1371607,1132570,319651840,92233728,49885,1375400,2026-08-01T19:12:54.316944Z
R2,1917,saturated,,true,214.000,68.820,126.001,151.056,222372.464,222607.667,222642.016,1372046,1132773,319750144,92274688,49893,1375817,2026-08-01T19:12:54.316944Z
R2,1918,saturated,,true,223.000,70.379,109.373,127.367,222553.619,222760.726,222777.447,1372466,1133098,319782912,92282880,49888,1376282,2026-08-01T19:12:54.316944Z
R2,1919,saturated,,true,227.000,67.246,112.411,133.057,222639.669,222870.143,222907.996,1372926,1133322,319897600,92299264,49885,1376729,2026-08-01T19:12:54.316944Z
R2,1920,saturated,,true,218.000,67.963,103.894,122.042,222749.368,222992.357,223009.025,1373375,1133322,319995904,92340224,49894,1377178,2026-08-01T19:12:54.316944Z
R2,1921,saturated,,true,233.000,65.997,123.351,159.854,222833.654,223078.937,223104.379,1373824,1133660,320053248,92348416,49884,1377636,2026-08-01T19:12:54.316944Z
R2,1922,saturated,,true,215.000,70.148,109.777,133.753,222927.646,223196.506,223239.275,1374256,1134001,320167936,92372992,49897,1378074,2026-08-01T19:12:54.316944Z
R2,1923,saturated,,true,214.000,71.760,124.140,144.768,223153.683,223382.501,223412.190,1374674,1134001,320233472,92397568,49893,1378507,2026-08-01T19:12:54.316944Z
R2,1924,saturated,,true,124.000,111.222,248.361,355.596,223467.898,223850.737,223878.119,1375035,1134323,320266240,92413952,49925,1378774,2026-08-01T19:12:54.316944Z
R2,1925,saturated,,true,221.000,69.859,114.817,131.493,223689.748,223953.106,223990.411,1375332,1134560,320356352,92422144,49884,1379201,2026-08-01T19:12:54.316944Z
R2,1926,saturated,,true,235.000,66.461,100.835,116.642,223812.160,224070.972,224088.634,1375709,1134560,320462848,92471296,49892,1379675,2026-08-01T19:12:54.316944Z
R2,1927,saturated,,true,200.000,75.074,128.739,155.025,223992.045,224253.229,224293.886,1376192,1134900,320495616,92487680,49910,1380083,2026-08-01T19:12:54.316944Z
R2,1928,saturated,,true,250.000,62.590,94.271,110.540,224009.162,224294.503,224346.260,1376630,1135123,320643072,92495872,49881,1380579,2026-08-01T19:12:54.316944Z
R2,1929,saturated,,true,243.000,62.499,95.442,127.496,224030.032,224254.737,224280.620,1377128,1135342,320708608,92536832,49882,1381058,2026-08-01T19:12:54.316944Z
R2,1930,saturated,,true,243.000,60.400,95.613,116.970,224070.533,224288.617,224307.532,1377621,1135706,320790528,92553216,49883,1381555,2026-08-01T19:12:54.316944Z
R2,1931,saturated,,true,230.000,62.253,118.188,140.861,223971.499,224213.949,224273.180,1378121,1135953,320929792,92569600,49891,1382014,2026-08-01T19:12:54.316944Z
R2,1932,saturated,,true,246.000,61.044,104.392,117.879,223945.631,224183.346,224228.987,1378602,1135953,320954368,92610560,49883,1382503,2026-08-01T19:12:54.316944Z
R2,1933,saturated,,true,243.000,60.072,101.715,122.033,224017.497,224240.349,224268.865,1379100,1136306,321069056,92626944,49885,1382995,2026-08-01T19:12:54.316944Z
R2,1934,saturated,,true,201.000,72.137,178.943,227.034,224233.176,224443.739,224490.380,1379520,1136675,321175552,92643328,49889,1383396,2026-08-01T19:12:54.316944Z
R2,1935,saturated,,true,228.000,63.078,105.924,119.522,224337.025,224581.304,224629.631,1379984,1136675,321224704,92676096,49906,1383884,2026-08-01T19:12:54.316944Z
R2,1936,saturated,,true,241.000,67.643,106.823,122.391,224391.106,224624.032,224654.694,1380444,1136999,321323008,92692480,49891,1384344,2026-08-01T19:12:54.316944Z
R2,1937,saturated,,true,211.000,70.073,126.219,145.934,224457.856,224669.479,224684.335,1380926,1137225,321421312,92717056,49913,1384774,2026-08-01T19:12:54.316944Z
R2,1938,saturated,,true,251.000,63.729,97.707,112.917,224458.893,224734.113,224751.902,1381376,1137560,321486848,92741632,49891,1385270,2026-08-01T19:12:54.316944Z
R2,1939,saturated,,true,234.000,61.694,99.814,126.638,224442.642,224661.202,224722.374,1381856,1137560,321617920,92749824,49891,1385748,2026-08-01T19:12:54.316944Z
R2,1940,saturated,,true,237.000,61.645,104.593,116.432,224516.367,224747.759,224801.522,1382345,1137927,321675264,92782592,49891,1386223,2026-08-01T19:12:54.316944Z
R2,1941,saturated,,true,241.000,63.344,99.629,108.213,224606.974,224830.079,224847.344,1382839,1138286,321740800,92815360,49892,1386710,2026-08-01T19:12:54.316944Z
R2,1942,saturated,,true,245.000,60.621,92.349,123.987,224645.781,224860.632,224890.970,1383337,1138529,321888256,92831744,49893,1387208,2026-08-01T19:12:54.316944Z
R2,1943,saturated,,true,240.000,62.814,96.411,132.487,224636.070,224869.290,224910.082,1383811,1138529,321945600,92864512,49896,1387676,2026-08-01T19:12:54.316944Z
R2,1944,saturated,,true,203.000,69.172,133.836,172.364,224887.075,225181.216,225189.301,1384249,1138891,322027520,92880896,49895,1388092,2026-08-01T19:12:54.316944Z
R2,1945,saturated,,true,238.000,63.096,106.470,143.311,225007.080,225240.112,225267.738,1384706,1139095,322134016,92897280,49898,1388572,2026-08-01T19:12:54.316944Z
R2,1946,saturated,,true,204.000,68.314,132.413,163.627,225121.885,225313.638,225350.007,1385176,1139453,322191360,92938240,49930,1388995,2026-08-01T19:12:54.316944Z
R2,1947,saturated,,true,208.000,68.151,140.625,171.932,225321.235,225517.378,225574.355,1385583,1139658,322265088,92946432,49926,1389406,2026-08-01T19:12:54.316944Z
R2,1948,saturated,,true,234.000,62.408,103.548,123.085,225527.662,225768.111,225796.227,1386021,1139658,322371584,92971008,49898,1389871,2026-08-01T19:12:54.316944Z
R2,1949,saturated,,true,233.000,67.871,108.208,128.909,225552.461,225806.821,225822.294,1386479,1139979,322437120,92995584,49904,1390351,2026-08-01T19:12:54.316944Z
R2,1950,saturated,,true,183.000,78.378,151.781,217.528,225740.579,225950.519,225967.176,1386905,1140219,322527232,93003776,49918,1390720,2026-08-01T19:12:54.316944Z
R2,1951,saturated,,true,221.000,71.250,122.266,137.496,225851.628,226089.159,226099.851,1387276,1140519,322617344,93028352,49911,1391164,2026-08-01T19:12:54.316944Z
R2,1952,saturated,,true,227.000,67.834,104.133,123.500,225571.753,225913.163,225989.483,1387707,1140739,322674688,93052928,49907,1391613,2026-08-01T19:12:54.316944Z
R2,1953,saturated,,true,244.000,61.778,95.743,115.755,225141.247,225286.834,225315.340,1388192,1140739,322797568,93077504,49899,1392104,2026-08-01T19:12:54.316944Z
R2,1954,saturated,,true,185.000,70.316,189.023,240.445,225199.618,225480.156,225526.993,1388613,1141092,322871296,93093888,49907,1392487,2026-08-01T19:12:54.316944Z
R2,1955,saturated,,true,228.000,64.750,105.441,132.504,225328.757,225568.331,225627.444,1389009,1141396,322928640,93118464,49907,1392942,2026-08-01T19:12:54.316944Z
R2,1956,saturated,,true,240.000,65.272,104.161,125.396,225255.786,225518.725,225562.107,1389458,1141630,323059712,93143040,49907,1393414,2026-08-01T19:12:54.316944Z
R2,1957,saturated,,true,225.000,66.806,112.780,148.011,225275.076,225473.329,225516.969,1389962,1141630,323125248,93167616,49921,1393865,2026-08-01T19:12:54.316944Z
R2,1958,saturated,,true,231.000,62.918,93.987,108.185,225213.516,225420.054,225447.036,1390424,1141990,323190784,93192192,49912,1394347,2026-08-01T19:12:54.316944Z
R2,1959,saturated,,true,234.000,65.215,106.142,119.564,225080.134,225373.827,225416.425,1390897,1142214,323321856,93216768,49911,1394814,2026-08-01T19:12:54.316944Z
R2,1960,saturated,,true,229.000,65.029,116.855,137.594,225043.191,225279.634,225323.894,1391379,1142444,323371008,93224960,49910,1395275,2026-08-01T19:12:54.316944Z
R2,1961,saturated,,true,237.000,65.426,105.064,122.070,225198.564,225446.376,225496.953,1391355,1141619,323395584,93257728,49902,1395749,2026-08-01T19:13:54.084964Z
R2,1962,saturated,,true,239.000,62.985,97.136,114.563,225256.752,225513.030,225564.621,1391814,1141851,323584000,93290496,49905,1396226,2026-08-01T19:13:54.084964Z
R2,1963,saturated,,true,203.000,72.555,138.831,175.363,225427.608,225685.085,225730.828,1392283,1141851,323608576,93298688,49913,1396636,2026-08-01T19:13:54.084964Z
R2,1964,saturated,,true,177.000,78.894,148.453,195.612,225666.411,225904.807,225963.219,1392511,1142186,323624960,93315072,49921,1396802,2026-08-01T19:13:54.084964Z
R2,1965,saturated,,true,203.000,70.465,142.580,160.800,225953.728,226188.110,226218.775,1393042,1142370,323805184,93331456,49915,1397402,2026-08-01T19:13:54.084964Z
R2,1966,saturated,,true,222.000,69.874,116.149,138.921,226076.147,226310.492,226325.721,1393480,1142675,323846144,93364224,49912,1397839,2026-08-01T19:13:54.084964Z
R2,1967,saturated,,true,180.000,73.765,153.465,183.274,226170.517,226431.029,226457.788,1393905,1142895,323870720,93388800,49933,1398220,2026-08-01T19:13:54.084964Z
R2,1968,saturated,,true,225.000,70.181,110.010,124.994,226465.362,226714.352,226749.450,1394296,1142895,324034560,93405184,49910,1398669,2026-08-01T19:13:54.084964Z
R2,1969,saturated,,true,223.000,69.957,108.732,126.285,226572.285,226793.732,226815.801,1394770,1143189,324083712,93421568,49920,1399115,2026-08-01T19:13:54.084964Z
R2,1970,saturated,,true,207.000,76.262,119.799,134.320,226642.329,226940.891,226975.029,1395182,1143421,324108288,93446144,49926,1399536,2026-08-01T19:13:54.084964Z
R2,1971,saturated,,true,226.000,66.581,115.785,136.634,226786.173,227008.129,227043.474,1395590,1143736,324296704,93470720,49912,1399982,2026-08-01T19:13:54.084964Z
R2,1972,saturated,,true,234.000,63.638,102.629,115.567,226827.084,227049.142,227080.392,1396076,1143964,324321280,93487104,49919,1400453,2026-08-01T19:13:54.084964Z
R2,1973,saturated,,true,234.000,64.594,108.096,130.659,226965.853,227175.706,227217.724,1396528,1143964,324403200,93519872,49915,1400926,2026-08-01T19:13:54.084964Z
R2,1974,saturated,,true,206.000,69.301,134.147,145.726,227080.412,227374.528,227431.761,1396977,1144313,324534272,93544448,49910,1401341,2026-08-01T19:13:54.084964Z
R2,1975,saturated,,true,245.000,59.314,105.253,118.911,227168.655,227370.331,227393.536,1397436,1144641,324567040,93552640,49914,1401832,2026-08-01T19:13:54.084964Z
R2,1976,saturated,,true,235.000,62.291,104.223,128.545,227204.527,227451.979,227462.970,1397942,1144888,324689920,93585408,49913,1402311,2026-08-01T19:13:54.084964Z
R2,1977,saturated,,true,226.000,67.241,115.741,146.343,227320.670,227533.889,227574.196,1398404,1144888,324788224,93609984,49934,1402760,2026-08-01T19:13:54.084964Z
R2,1978,saturated,,true,237.000,63.337,100.375,115.028,227464.199,227687.512,227727.658,1398814,1145247,324812800,93626368,49909,1403242,2026-08-01T19:13:54.084964Z
R2,1979,saturated,,true,240.000,62.414,94.591,102.815,227477.560,227709.572,227734.506,1399314,1145586,324984832,93659136,49921,1403722,2026-08-01T19:13:54.084964Z
R2,1980,saturated,,true,230.000,66.553,110.348,122.569,227608.564,227845.044,227882.980,1399773,1145939,325033984,93675520,49915,1404186,2026-08-01T19:13:54.084964Z
R2,1981,saturated,,true,244.000,63.420,106.226,115.177,227638.148,227922.822,227973.966,1400268,1146057,325091328,93691904,49916,1404675,2026-08-01T19:13:54.084964Z
R2,1982,saturated,,true,235.000,62.890,95.463,111.176,227645.900,227841.045,227888.586,1400695,1146297,325255168,93741056,49914,1405155,2026-08-01T19:13:54.084964Z
R2,1983,saturated,,true,239.000,65.325,101.586,114.475,227641.440,227871.948,227896.908,1401187,1146537,325279744,93749248,49913,1405625,2026-08-01T19:13:54.084964Z
R2,1984,saturated,,true,203.000,72.222,129.854,150.927,227775.716,227991.391,228041.101,1401610,1146537,325378048,93765632,49918,1406037,2026-08-01T19:13:54.084964Z
R2,1985,saturated,,true,237.000,62.560,101.652,126.806,227808.243,228024.936,228062.262,1402058,1146855,325492736,93798400,49917,1406525,2026-08-01T19:13:54.084964Z
R2,1986,saturated,,true,244.000,64.852,99.376,115.606,227633.543,227872.883,227938.432,1402554,1147100,325525504,93806592,49917,1407005,2026-08-01T19:13:54.084964Z
R2,1987,saturated,,true,213.000,70.067,126.098,188.318,227677.860,227905.994,227917.754,1402845,1147100,325582848,93822976,49937,1407227,2026-08-01T19:13:54.084964Z
R2,1988,saturated,,true,240.000,62.756,94.625,117.418,227848.573,228070.557,228097.162,1403292,1147465,325722112,93855744,49922,1407674,2026-08-01T19:13:54.084964Z
R2,1989,saturated,,true,223.000,65.917,103.402,127.888,227917.491,228152.645,228170.827,1403898,1147912,325787648,93880320,49927,1408371,2026-08-01T19:13:54.084964Z
R2,1990,saturated,,true,231.000,65.422,122.325,162.641,228033.163,228275.326,228287.201,1404230,1147912,325861376,93888512,49931,1408614,2026-08-01T19:13:54.084964Z
R2,1991,saturated,,true,223.000,66.112,110.812,132.121,228035.632,228268.934,228292.539,1404640,1148262,325967872,93921280,49924,1409048,2026-08-01T19:13:54.084964Z
R2,1992,saturated,,true,237.000,61.539,98.637,114.246,227978.251,228247.080,228285.481,1405110,1148477,326000640,93937664,49922,1409514,2026-08-01T19:13:54.084964Z
R2,1993,saturated,,true,237.000,63.359,104.184,126.739,227949.006,228186.958,228210.481,1405758,1148712,326205440,93986816,49922,1410230,2026-08-01T19:13:54.084964Z
R2,1994,saturated,,true,198.000,73.737,134.681,172.744,228086.757,228329.808,228389.480,1406041,1148947,326213632,93995008,49924,1410404,2026-08-01T19:13:54.084964Z
R2,1995,saturated,,true,244.000,62.676,95.868,109.437,228172.174,228422.666,228445.366,1406458,1149150,326254592,94003200,49924,1410878,2026-08-01T19:13:54.084964Z
R2,1996,saturated,,true,217.000,66.630,109.646,123.081,228248.002,228463.904,228517.431,1406919,1149150,326418432,94027776,49933,1411341,2026-08-01T19:13:54.084964Z
R2,1997,saturated,,true,211.000,71.760,115.116,133.803,228446.397,228743.514,228774.311,1407351,1149505,326459392,94060544,49945,1411787,2026-08-01T19:13:54.084964Z
R2,1998,saturated,,true,229.000,63.805,110.875,132.979,228579.715,228791.174,228830.859,1407779,1149842,326533120,94076928,49920,1412230,2026-08-01T19:13:54.084964Z
R2,1999,saturated,,true,236.000,64.881,97.328,107.917,228684.289,228914.345,228947.444,1408216,1149940,326664192,94101504,49931,1412690,2026-08-01T19:13:54.084964Z
R2,2000,saturated,,true,238.000,61.661,108.273,118.907,228708.723,228950.986,228969.771,1408679,1150173,326705152,94134272,49923,1413162,2026-08-01T19:13:54.084964Z
R2,2001,saturated,,true,132.000,111.410,183.244,195.704,228985.067,229213.047,229246.242,1409143,1150524,326795264,94142464,49957,1413532,2026-08-01T19:13:54.084964Z
R2,2002,saturated,,true,245.000,63.685,111.008,141.609,229256.176,229498.921,229510.304,1409470,1150698,326893568,94158848,49929,1413923,2026-08-01T19:13:54.084964Z
R2,2003,saturated,,true,232.000,61.757,97.849,123.926,229310.038,229527.786,229544.386,1409932,1151027,326934528,94191616,49929,1414404,2026-08-01T19:13:54.084964Z
R2,2004,saturated,,true,198.000,73.634,134.126,177.037,229445.654,229727.764,229763.782,1410403,1151027,327024640,94216192,49927,1414804,2026-08-01T19:13:54.084964Z
R2,2005,saturated,,true,235.000,63.394,99.702,116.673,229501.792,229734.408,229763.634,1410834,1151254,327147520,94224384,49927,1415272,2026-08-01T19:13:54.084964Z
R2,2006,saturated,,true,244.000,63.110,103.318,132.161,229589.143,229793.157,229834.717,1411318,1151461,327180288,94257152,49932,1415747,2026-08-01T19:13:54.084964Z
R2,2007,saturated,,true,211.000,68.064,125.585,141.357,229659.965,229866.349,229886.205,1411785,1151816,327286784,94281728,49952,1416216,2026-08-01T19:13:54.084964Z
R2,2008,saturated,,true,238.000,62.994,108.390,140.664,229751.624,230000.097,230033.340,1412168,1151932,327385088,94314496,49933,1416646,2026-08-01T19:13:54.084964Z
R2,2009,saturated,,true,237.000,63.089,105.038,127.506,229868.608,230101.942,230151.202,1412664,1152265,327434240,94330880,49930,1417131,2026-08-01T19:13:54.084964Z
R2,2010,saturated,,true,231.000,67.968,105.439,129.108,229918.850,230150.393,230183.953,1413102,1152265,327573504,94347264,49935,1417593,2026-08-01T19:13:54.084964Z
R2,2011,saturated,,true,234.000,65.078,109.023,119.089,229981.357,230205.492,230244.625,1413579,1152617,327647232,94371840,49931,1418069,2026-08-01T19:13:54.084964Z
R2,2012,saturated,,true,238.000,65.885,107.702,129.756,229996.480,230226.149,230266.609,1414042,1152854,327712768,94396416,49936,1418549,2026-08-01T19:13:54.084964Z
R2,2013,saturated,,true,236.000,64.114,110.562,122.840,230112.120,230307.674,230354.659,1414528,1153210,327835648,94420992,49931,1419028,2026-08-01T19:13:54.084964Z
R2,2014,saturated,,true,204.000,67.415,133.717,152.934,230192.663,230435.058,230455.284,1414977,1153446,327892992,94445568,49936,1419442,2026-08-01T19:13:54.084964Z
R2,2015,saturated,,true,228.000,64.602,108.267,118.966,230173.366,230412.397,230450.576,1415393,1153446,327983104,94470144,49946,1419912,2026-08-01T19:13:54.084964Z
R2,2016,saturated,,true,224.000,68.605,118.982,149.331,230359.132,230592.224,230618.036,1415854,1153772,328089600,94478336,49942,1420352,2026-08-01T19:13:54.084964Z
R2,2017,saturated,,true,220.000,67.421,106.218,119.409,230468.966,230714.892,230767.096,1416306,1154111,328138752,94511104,49956,1420821,2026-08-01T19:13:54.084964Z
R2,2018,saturated,,true,217.000,68.872,123.511,182.780,230445.092,230685.517,230817.820,1416773,1154111,328253440,94535680,49941,1421233,2026-08-01T19:13:54.084964Z
R2,2019,saturated,,true,233.000,65.978,106.765,123.585,230500.242,230735.114,230766.679,1417211,1154441,328335360,94560256,49939,1421702,2026-08-01T19:13:54.084964Z
R2,2020,saturated,,true,232.000,67.690,110.109,130.914,230549.046,230787.442,230822.516,1417665,1154780,328400896,94584832,49942,1422162,2026-08-01T19:13:54.084964Z
R2,2021,saturated,,true,229.000,64.389,101.938,133.741,230594.681,230817.979,230847.235,1418108,1155009,328482816,94593024,49939,1422626,2026-08-01T19:13:54.084964Z
R2,2022,saturated,,true,225.000,66.138,103.893,127.303,230585.313,230801.878,230861.648,1418575,1154757,328638464,94625792,49947,1423086,2026-08-01T19:14:54.191164Z
R2,2023,saturated,,true,232.000,65.143,102.190,130.468,230592.136,230864.211,230879.573,1419050,1155104,328704000,94658560,49941,1423552,2026-08-01T19:14:54.191164Z
R2,2024,saturated,,true,194.000,69.764,153.183,188.714,230482.019,230929.726,230958.290,1419496,1155447,328728576,94666752,49944,1423953,2026-08-01T19:14:54.191164Z
R2,2025,saturated,,true,239.000,66.477,105.774,130.656,230103.428,230292.970,230315.319,1419900,1155760,328900608,94699520,49944,1424403,2026-08-01T19:14:54.191164Z
R2,2026,saturated,,true,221.000,64.142,108.303,139.813,230129.370,230370.098,230408.337,1420384,1155877,328941568,94715904,49946,1424885,2026-08-01T19:14:54.191164Z
R2,2027,saturated,,true,187.000,74.244,162.605,206.364,230292.424,230616.691,230686.822,1420816,1155877,328974336,94724096,49967,1425292,2026-08-01T19:14:54.191164Z
R2,2028,saturated,,true,211.000,76.569,124.411,139.927,230490.774,230706.694,230752.707,1421155,1156216,329129984,94756864,49945,1425674,2026-08-01T19:14:54.191164Z
R2,2029,saturated,,true,219.000,69.079,110.344,129.443,230532.852,230788.910,230815.641,1421564,1156501,329179136,94781440,49943,1426125,2026-08-01T19:14:54.191164Z
R2,2030,saturated,,true,216.000,72.465,123.924,145.641,230601.768,230829.571,230873.176,1422018,1156724,329228288,94806016,49947,1426550,2026-08-01T19:14:54.191164Z
R2,2031,saturated,,true,220.000,64.913,109.529,159.648,230683.630,230926.757,230964.906,1422451,1156937,329392128,94822400,49953,1427009,2026-08-01T19:14:54.191164Z
R2,2032,saturated,,true,219.000,70.772,118.309,142.913,230825.224,231094.157,231094.423,1422886,1156937,329433088,94846976,49949,1427425,2026-08-01T19:14:54.191164Z
R2,2033,saturated,,true,229.000,65.356,115.891,154.148,230959.805,231206.260,231240.006,1423352,1157262,329490432,94863360,49947,1427881,2026-08-01T19:14:54.191164Z
R2,2034,saturated,,true,197.000,68.098,187.606,229.955,231070.373,231363.672,231408.794,1423808,1157603,329621504,94896128,49945,1428284,2026-08-01T19:14:54.191164Z
R2,2035,saturated,,true,225.000,68.195,107.101,121.386,231182.580,231396.064,231414.832,1424235,1157603,329670656,94920704,49947,1428736,2026-08-01T19:14:54.191164Z
R2,2036,saturated,,true,234.000,64.046,104.443,123.600,231208.862,231440.185,231484.856,1424679,1157916,329768960,94928896,49943,1429208,2026-08-01T19:14:54.191164Z
R2,2037,saturated,,true,219.000,69.520,117.498,133.789,231311.966,231575.295,231589.011,1425137,1158263,329875456,94961664,49965,1429675,2026-08-01T19:14:54.191164Z
R2,2038,saturated,,true,171.000,80.047,192.988,238.867,231614.219,231908.369,231934.038,1425565,1158378,329916416,94978048,49954,1430004,2026-08-01T19:14:54.191164Z
R2,2039,saturated,,true,220.000,69.373,107.893,118.187,231782.812,232023.175,232043.910,1425924,1158658,329981952,94994432,49948,1430443,2026-08-01T19:14:54.191164Z
R2,2040,saturated,,true,181.000,79.035,149.677,168.846,231970.632,232199.928,232256.461,1426337,1158755,330088448,95019008,49960,1430822,2026-08-01T19:14:54.191164Z
R2,2041,saturated,,true,186.000,80.363,133.496,154.709,232246.176,232597.414,232606.798,1426693,1158971,330145792,95035392,49956,1431195,2026-08-01T19:14:54.191164Z
R2,2042,saturated,,true,221.000,63.799,110.863,132.044,232421.538,232637.854,232653.865,1427015,1159245,330186752,95059968,49947,1431629,2026-08-01T19:14:54.191164Z
R2,2043,saturated,,true,200.000,75.760,119.529,141.871,232555.447,232855.269,232875.569,1427473,1159464,330326016,95076352,49957,1432054,2026-08-01T19:14:54.191164Z
R2,2044,saturated,,true,153.000,85.159,249.998,273.262,232920.661,233179.897,233196.304,1427849,1159667,330375168,95100928,49954,1432365,2026-08-01T19:14:54.191164Z
R2,2045,saturated,,true,206.000,65.516,110.046,129.596,233236.104,233472.299,233497.700,1428189,1159667,330407936,95109120,49972,1432784,2026-08-01T19:14:54.191164Z
R2,2046,saturated,,true,227.000,67.950,148.760,178.777,233394.347,233629.144,233662.616,1428629,1159923,330522624,95141888,49956,1433208,2026-08-01T19:14:54.191164Z
R2,2047,saturated,,true,185.000,84.760,138.805,184.879,233504.576,233741.707,233805.152,1429037,1160133,330612736,95158272,49958,1433631,2026-08-01T19:14:54.191164Z
R2,2048,saturated,,true,189.000,75.942,149.665,192.522,233692.279,234013.814,234097.247,1429425,1160356,330645504,95174656,49965,1434014,2026-08-01T19:14:54.191164Z
R2,2049,saturated,,true,235.000,63.124,103.217,115.578,233900.485,234111.247,234149.641,1429828,1160542,330760192,95199232,49951,1434425,2026-08-01T19:14:54.191164Z
R2,2050,saturated,,true,226.000,65.920,105.659,124.080,233893.611,234117.877,234139.139,1430306,1160858,330850304,95215616,49957,1434909,2026-08-01T19:14:54.191164Z
R2,2051,saturated,,true,233.000,66.327,99.901,141.763,233939.593,234173.297,234219.993,1430783,1161098,330891264,95248384,49950,1435350,2026-08-01T19:14:54.191164Z
R2,2052,saturated,,true,239.000,65.650,96.694,113.923,233941.547,234172.466,234196.542,1431258,1161316,331030528,95264768,49949,1435823,2026-08-01T19:14:54.191164Z
R2,2053,saturated,,true,236.000,62.128,100.888,119.338,234036.822,234271.347,234299.243,1431746,1161556,331096064,95289344,49953,1436312,2026-08-01T19:14:54.191164Z
R2,2054,saturated,,true,214.000,67.238,165.127,193.543,234211.211,234477.313,234532.151,1432201,1161799,331145216,95305728,49951,1436724,2026-08-01T19:14:54.191164Z
R2,2055,saturated,,true,230.000,62.888,102.068,135.738,234232.875,234442.250,234488.780,1432628,1161799,331309056,95330304,49960,1437204,2026-08-01T19:14:54.191164Z
R2,2056,saturated,,true,234.000,66.590,114.495,130.969,233644.822,234205.431,234238.829,1433107,1162122,331341824,95363072,49960,1437676,2026-08-01T19:14:54.191164Z
R2,2057,saturated,,true,176.000,74.080,148.393,158.055,233702.199,234007.981,234008.646,1433579,1162360,331423744,95379456,49977,1438117,2026-08-01T19:14:54.191164Z
R2,2058,saturated,,true,159.000,66.729,301.785,358.183,234045.154,234323.309,234343.944,1433898,1162585,331472896,95395840,49955,1438343,2026-08-01T19:14:54.191164Z
R2,2059,saturated,,true,209.000,74.054,130.867,152.837,234139.381,234375.525,234390.498,1434261,1162810,331571200,95404032,49958,1438762,2026-08-01T19:14:54.191164Z
R2,2060,saturated,,true,230.000,64.305,106.223,121.162,234206.017,234451.185,234485.602,1434695,1162810,331628544,95428608,49963,1439227,2026-08-01T19:14:54.191164Z
R2,2061,saturated,,true,188.000,78.407,134.487,151.975,234070.577,234284.589,234310.329,1435136,1163135,331735040,95461376,49965,1439641,2026-08-01T19:14:54.191164Z
R2,2062,saturated,,true,190.000,77.622,128.204,150.308,234063.052,234306.478,234326.725,1435506,1163362,331808768,95469568,49975,1440032,2026-08-01T19:14:54.191164Z
R2,2063,saturated,,true,116.000,114.983,376.300,405.694,234563.993,234855.383,234875.469,1435812,1163646,331825152,95485952,49960,1440266,2026-08-01T19:14:54.191164Z
R2,2064,saturated,,true,176.000,80.334,184.704,228.917,234687.865,234865.831,234880.775,1436110,1163646,331907072,95502336,49971,1440614,2026-08-01T19:14:54.191164Z
R2,2065,saturated,,true,189.000,78.971,128.109,172.453,234527.119,234752.704,234768.277,1436477,1163846,332005376,95518720,49977,1440983,2026-08-01T19:14:54.191164Z
R2,2066,saturated,,true,159.000,92.301,168.150,192.927,234754.530,235072.101,235088.532,1436744,1164127,332054528,95535104,49970,1441334,2026-08-01T19:14:54.191164Z
R2,2067,saturated,,true,210.000,74.103,137.915,187.639,234855.031,235098.457,235114.506,1437118,1164282,332087296,95559680,49966,1441740,2026-08-01T19:14:54.191164Z
R2,2068,saturated,,true,221.000,67.745,118.816,140.383,234965.726,235206.389,235214.199,1437548,1164486,332226560,95584256,49968,1442173,2026-08-01T19:14:54.191164Z
R2,2069,saturated,,true,206.000,74.735,123.880,146.449,234618.210,234852.159,235153.335,1437991,1164486,332283904,95600640,49971,1442592,2026-08-01T19:14:54.191164Z
R2,2070,saturated,,true,204.000,73.800,118.160,130.977,234661.922,234871.004,234882.888,1438379,1164819,332333056,95617024,49969,1443000,2026-08-01T19:14:54.191164Z
R2,2071,saturated,,true,206.000,74.643,113.089,149.255,234808.204,235023.627,235061.815,1438753,1165122,332447744,95649792,49973,1443411,2026-08-01T19:14:54.191164Z
R2,2072,saturated,,true,217.000,69.059,118.505,138.842,234885.469,235104.777,235120.530,1439172,1165122,332521472,95657984,49970,1443849,2026-08-01T19:14:54.191164Z
R2,2073,saturated,,true,161.000,95.136,171.940,193.388,235088.361,235454.165,235479.668,1439601,1165437,332554240,95690752,49975,1444187,2026-08-01T19:14:54.191164Z
R2,2074,saturated,,true,162.000,82.568,183.820,215.052,235430.443,235725.813,235793.916,1439940,1165634,332636160,95698944,49972,1444516,2026-08-01T19:14:54.191164Z
R2,2075,saturated,,true,182.000,83.290,153.324,212.023,235793.210,236073.066,236122.609,1440274,1165809,332742656,95723520,49894,1444923,2026-08-01T19:14:54.191164Z
R2,2076,saturated,,true,212.000,73.468,118.047,153.847,235964.274,236231.748,236264.641,1440667,1165972,332783616,95723520,49971,1445283,2026-08-01T19:14:54.191164Z
R2,2077,saturated,,true,172.000,84.125,150.251,196.507,236175.957,236523.747,236527.608,1441069,1166263,332865536,95756288,49900,1445690,2026-08-01T19:14:54.191164Z
R2,2078,saturated,,true,186.000,82.614,156.143,187.469,236479.663,236721.913,236748.290,1441436,1166448,332947456,95764480,49976,1446017,2026-08-01T19:14:54.191164Z
R2,2079,saturated,,true,193.000,77.555,134.064,163.503,236714.578,236955.144,237001.964,1441808,1166623,333004800,95797248,49869,1446408,2026-08-01T19:14:54.191164Z
R2,2080,saturated,,true,221.000,70.136,123.924,159.376,236901.621,237121.512,237146.495,1442236,1166623,333070336,95813632,49970,1446842,2026-08-01T19:14:54.191164Z
R2,2081,saturated,,true,206.000,75.483,110.536,137.704,236909.732,237189.406,237211.228,1442616,1167117,333144064,95830016,49970,1447271,2026-08-01T19:15:54.139968Z
R2,2082,saturated,,true,208.000,73.806,107.613,119.678,236981.785,237232.482,237263.420,1443046,1167334,333201408,95854592,49975,1447678,2026-08-01T19:15:54.139968Z
R2,2083,saturated,,true,229.000,70.573,111.399,126.643,237183.794,237436.592,237475.285,1443482,1167651,333340672,95870976,49968,1448114,2026-08-01T19:15:54.139968Z
R2,2084,saturated,,true,178.000,73.624,174.366,255.384,237321.409,237557.375,237585.277,1443937,1167867,333373440,95887360,49891,1448514,2026-08-01T19:15:54.139968Z
R2,2085,saturated,,true,183.000,82.362,168.414,211.335,237568.810,237914.387,237953.106,1444275,1167867,333406208,95911936,49867,1448862,2026-08-01T19:15:54.139968Z
R2,2086,saturated,,true,201.000,73.739,113.823,125.091,237416.231,237656.969,237669.359,1444700,1168126,333578240,95944704,49982,1449278,2026-08-01T19:15:54.139968Z
R2,2087,saturated,,true,99.000,99.455,285.540,327.844,237625.132,237796.478,237992.670,1445030,1168445,333602816,95944704,49968,1449577,2026-08-01T19:15:54.139968Z
R2,2088,saturated,,true,112.000,109.449,475.858,513.362,238282.485,238609.665,238692.496,1445197,1168445,333602816,95952896,49975,1449720,2026-08-01T19:15:54.139968Z
R2,2089,saturated,,true,211.000,68.803,126.532,180.739,237548.218,238058.567,238098.045,1445460,1168583,333651968,95977472,49976,1450133,2026-08-01T19:15:54.139968Z
R2,2090,saturated,,true,165.000,82.739,132.021,160.047,237312.753,237543.427,237611.059,1445804,1168864,333815808,95993856,49988,1450530,2026-08-01T19:15:54.139968Z
R2,2091,saturated,,true,167.000,93.295,163.313,215.712,237262.998,237551.853,237579.504,1446163,1169045,333832192,96010240,49981,1450817,2026-08-01T19:15:54.139968Z
R2,2092,saturated,,true,195.000,73.865,124.690,149.853,237132.169,237369.544,237397.542,1446469,1169305,333856768,96026624,49989,1451215,2026-08-01T19:15:54.139968Z
R2,2093,saturated,,true,189.000,77.725,140.873,187.909,237055.370,237371.650,237395.849,1446861,1169400,333987840,96051200,49884,1451582,2026-08-01T19:15:54.139968Z
R2,2094,saturated,,true,165.000,80.364,177.000,267.724,237125.218,237376.012,237403.404,1447253,1169586,334061568,96067584,49903,1451935,2026-08-01T19:15:54.139968Z
R2,2095,saturated,,true,237.000,63.077,106.443,171.068,237096.962,237321.875,237343.250,1447639,1169586,334086144,96092160,49980,1452380,2026-08-01T19:15:54.139968Z
R2,2096,saturated,,true,232.000,64.235,107.719,125.550,237178.115,237416.698,237440.098,1448109,1169865,334225408,96108544,49864,1452841,2026-08-01T19:15:54.139968Z
R2,2097,saturated,,true,217.000,68.397,125.671,156.947,237098.686,237380.117,237407.539,1448558,1170097,334307328,96124928,49986,1453314,2026-08-01T19:15:54.139968Z
R2,2098,saturated,,true,215.000,71.269,144.672,153.656,237099.862,237299.098,237327.489,1448986,1170438,334331904,96165888,49983,1453713,2026-08-01T19:15:54.139968Z
R2,2099,saturated,,true,239.000,64.733,101.119,129.095,237081.083,237315.831,237332.976,1449415,1170438,334471168,96174080,49981,1454193,2026-08-01T19:15:54.139968Z
R2,2100,saturated,,true,227.000,64.274,108.025,126.956,237060.850,237305.600,237324.475,1449823,1170772,334544896,96198656,49870,1454659,2026-08-01T19:15:54.139968Z
R2,2101,saturated,,true,217.000,70.841,135.059,147.262,237166.721,237420.254,237445.369,1450289,1171002,334577664,96223232,49980,1455077,2026-08-01T19:15:54.139968Z
R2,2102,saturated,,true,154.000,88.409,237.353,271.520,237305.969,237521.447,237615.830,1450738,1171332,334700544,96231424,49919,1455417,2026-08-01T19:15:54.139968Z
R2,2103,saturated,,true,149.000,75.127,374.825,422.039,237856.434,238108.047,238135.895,1451026,1171332,334774272,96247808,49874,1455708,2026-08-01T19:15:54.139968Z
R2,2104,saturated,,true,195.000,68.662,181.636,240.418,238047.089,238353.080,238377.562,1451384,1171528,334798848,96272384,49985,1456094,2026-08-01T19:15:54.139968Z
R2,2105,saturated,,true,240.000,63.334,98.864,123.373,238207.357,238442.586,238490.323,1451801,1171835,334888960,96296960,49981,1456567,2026-08-01T19:15:54.139968Z
R2,2106,saturated,,true,228.000,70.331,103.347,124.718,238209.208,238432.257,238478.522,1452283,1171835,335011840,96313344,49867,1457030,2026-08-01T19:15:54.139968Z
R2,2107,saturated,,true,210.000,71.209,120.884,136.820,238280.638,238518.269,238534.610,1452764,1172181,335044608,96337920,49885,1457486,2026-08-01T19:15:54.139968Z
R2,2108,saturated,,true,232.000,64.770,106.576,119.067,238421.000,238645.700,238687.187,1453206,1172415,335175680,96354304,49985,1457923,2026-08-01T19:15:54.139968Z
R2,2109,saturated,,true,239.000,65.505,100.566,119.061,238125.531,238575.936,238617.569,1453689,1172747,335257600,96387072,49872,1458395,2026-08-01T19:15:54.139968Z
R2,2110,saturated,,true,227.000,63.988,101.028,134.678,237748.436,237978.208,238090.873,1454149,1172978,335282176,96419840,49871,1458862,2026-08-01T19:15:54.139968Z
R2,2111,saturated,,true,239.000,64.137,102.954,118.658,237599.311,237831.368,237871.143,1454578,1173214,335470592,96428032,49868,1459339,2026-08-01T19:15:54.139968Z
R2,2112,saturated,,true,230.000,63.566,104.036,133.512,237231.032,237623.917,237664.919,1455036,1173214,335503360,96452608,49871,1459803,2026-08-01T19:15:54.139968Z
R2,2113,saturated,,true,235.000,63.653,105.392,123.570,237115.382,237342.079,237378.658,1455508,1173569,335568896,96477184,49866,1460277,2026-08-01T19:15:54.139968Z
R2,2114,saturated,,true,192.000,74.066,148.578,174.489,237236.979,237485.222,237511.260,1455973,1173793,335708160,96493568,49892,1460665,2026-08-01T19:15:54.139968Z
R2,2115,saturated,,true,241.000,63.652,101.706,120.305,237220.334,237441.145,237488.601,1456399,1174110,335749120,96526336,49871,1461141,2026-08-01T19:15:54.139968Z
R2,2116,saturated,,true,228.000,65.747,99.416,115.078,237215.160,237448.338,237459.808,1456890,1174349,335839232,96542720,49989,1461618,2026-08-01T19:15:54.139968Z
R2,2117,saturated,,true,218.000,69.114,136.603,153.833,237074.065,237435.479,237469.802,1457336,1174580,335962112,96559104,49887,1462074,2026-08-01T19:15:54.139968Z
R2,2118,saturated,,true,227.000,65.966,112.539,120.023,236873.824,237104.856,237123.548,1457762,1174912,335994880,96583680,49871,1462505,2026-08-01T19:15:54.139968Z
R2,2119,saturated,,true,239.000,61.483,93.853,117.160,236621.608,236938.896,236967.114,1458185,1175028,336109568,96616448,49869,1462979,2026-08-01T19:15:54.139968Z
R2,2120,saturated,,true,227.000,63.456,102.375,122.339,236499.366,236753.165,236800.208,1458676,1175267,336207872,96632832,49870,1463446,2026-08-01T19:15:54.139968Z
R2,2121,saturated,,true,238.000,67.160,98.032,111.162,235949.100,236375.760,236540.163,1459130,1175267,336248832,96657408,49873,1463918,2026-08-01T19:15:54.139968Z
R2,2122,saturated,,true,233.000,64.152,104.267,130.490,235559.815,235841.086,235858.572,1459599,1175610,336379904,96673792,49872,1464385,2026-08-01T19:15:54.139968Z
R2,2123,saturated,,true,234.000,67.723,110.495,128.257,235407.395,235704.343,235735.648,1460092,1175960,336453632,96698368,49874,1464854,2026-08-01T19:15:54.139968Z
R2,2124,saturated,,true,196.000,73.555,143.612,180.153,235244.040,235519.765,235551.387,1460516,1176190,336502784,96722944,49890,1465256,2026-08-01T19:15:54.139968Z
R2,2125,saturated,,true,242.000,64.621,101.925,127.046,235010.449,235286.633,235333.398,1460940,1176395,336650240,96747520,49872,1465733,2026-08-01T19:15:54.139968Z
R2,2126,saturated,,true,234.000,64.824,109.546,132.022,234863.184,235050.443,235099.459,1461401,1176395,336699392,96772096,49877,1466201,2026-08-01T19:15:54.139968Z
R2,2127,saturated,,true,198.000,68.433,137.250,161.866,234775.577,235098.106,235145.791,1461853,1176752,336781312,96788480,49901,1466641,2026-08-01T19:15:54.139968Z
R2,2128,saturated,,true,227.000,66.260,102.987,124.515,233644.958,234105.249,234124.850,1462289,1176982,336887808,96813056,49879,1467086,2026-08-01T19:15:54.139968Z
R2,2129,saturated,,true,231.000,67.297,113.747,137.739,233607.092,233830.413,233867.884,1462729,1177299,336953344,96829440,49886,1467533,2026-08-01T19:15:54.139968Z
R2,2130,saturated,,true,229.000,64.860,114.828,149.960,233599.472,233835.988,233862.134,1463207,1177528,337051648,96854016,49880,1467998,2026-08-01T19:15:54.139968Z
R2,2131,saturated,,true,236.000,68.193,105.330,119.613,233529.944,233746.565,233767.562,1463663,1177528,337141760,96886784,49880,1468466,2026-08-01T19:15:54.139968Z
R2,2132,saturated,,true,234.000,66.134,103.755,119.166,233461.323,233691.438,233712.077,1464121,1177879,337199104,96894976,49882,1468936,2026-08-01T19:15:54.139968Z
R2,2133,saturated,,true,230.000,67.376,114.371,129.505,233350.254,233582.174,233596.141,1464579,1178114,337321984,96927744,49883,1469407,2026-08-01T19:15:54.139968Z
R2,2134,saturated,,true,202.000,74.641,190.917,214.240,233214.607,233505.401,233556.873,1465016,1178462,337403904,96944128,49886,1469803,2026-08-01T19:15:54.139968Z
R2,2135,saturated,,true,236.000,63.400,105.780,128.369,232963.727,233249.139,233445.446,1465441,1178462,337461248,96960512,49883,1470277,2026-08-01T19:15:54.139968Z
R2,2136,saturated,,true,234.000,63.395,102.758,118.503,232776.548,233037.887,233081.675,1465914,1178780,337575936,97001472,49881,1470752,2026-08-01T19:15:54.139968Z
R2,2137,saturated,,true,216.000,70.939,126.326,154.355,232511.380,232799.202,232916.057,1466402,1179133,337649664,97017856,49899,1471216,2026-08-01T19:15:54.139968Z
R2,2138,saturated,,true,230.000,67.994,107.526,114.193,232344.936,232604.471,232630.949,1466848,1179347,337739776,97026048,49887,1471652,2026-08-01T19:15:54.139968Z
R2,2139,saturated,,true,218.000,67.043,108.993,138.518,232263.947,232530.074,232563.938,1467337,1179347,337821696,97067008,49900,1472120,2026-08-01T19:15:54.139968Z
R2,2140,saturated,,true,212.000,71.059,135.014,158.566,232218.088,232501.734,232526.120,1467764,1179698,337887232,97083392,49893,1472520,2026-08-01T19:15:54.139968Z
R2,2141,saturated,,true,194.000,81.111,136.490,178.624,231996.492,232279.598,232320.650,1468187,1180192,337952768,97099776,49899,1472915,2026-08-01T19:16:54.202688Z
R2,2142,saturated,,true,224.000,64.121,106.971,129.670,231624.567,231930.692,231944.161,1464198,1185674,338124800,97124352,49889,1473360,2026-08-01T19:16:54.202688Z
R2,2143,saturated,,true,225.000,66.014,112.799,145.285,231585.335,231804.340,231850.749,1464658,1185977,338149376,97140736,49892,1473817,2026-08-01T19:16:54.202688Z
R2,2144,saturated,,true,197.000,72.613,137.086,170.406,231668.989,231907.585,231926.665,1465077,1186324,338173952,97157120,49897,1474205,2026-08-01T19:16:54.202688Z
R2,2145,saturated,,true,221.000,67.076,106.894,127.452,231632.338,231846.247,231953.045,1465480,1186324,338362368,97181696,49904,1474657,2026-08-01T19:16:54.202688Z
R2,2146,saturated,,true,232.000,63.483,103.578,124.732,231420.432,231641.946,231663.596,1465922,1186633,338386944,97214464,49889,1475120,2026-08-01T19:16:54.202688Z
R2,2147,saturated,,true,188.000,82.681,145.438,165.049,231421.885,231613.180,231663.748,1466382,1186852,338411520,97222656,49910,1475525,2026-08-01T19:16:54.202688Z
R2,2148,saturated,,true,216.000,71.025,120.700,146.080,231472.749,231707.928,231739.190,1466756,1187063,338591744,97239040,49899,1475942,2026-08-01T19:16:54.202688Z
R2,2149,saturated,,true,215.000,69.921,112.589,131.381,231450.645,231664.825,231678.020,1467160,1187380,338632704,97271808,49909,1476381,2026-08-01T19:16:54.202688Z
R2,2150,saturated,,true,187.000,79.719,142.836,176.128,231590.530,231843.563,231862.598,1467580,1187380,338649088,97280000,49903,1476742,2026-08-01T19:16:54.202688Z
R2,2151,saturated,,true,208.000,72.305,118.209,137.878,231656.547,231901.981,231904.059,1467987,1187670,338821120,97304576,49904,1477168,2026-08-01T19:16:54.202688Z
R2,2152,saturated,,true,224.000,68.528,102.970,126.305,231677.310,231943.867,231967.255,1468422,1187883,338862080,97329152,49897,1477613,2026-08-01T19:16:54.202688Z
R2,2153,saturated,,true,198.000,75.765,131.995,144.238,231704.908,231955.460,231982.969,1468866,1188101,338886656,97353728,49902,1478025,2026-08-01T19:16:54.202688Z
R2,2154,saturated,,true,160.000,78.867,187.646,241.217,231984.682,232267.287,232286.438,1469236,1188407,339025920,97361920,49928,1478370,2026-08-01T19:16:54.202688Z
R2,2155,saturated,,true,178.000,79.290,291.745,337.175,232259.116,232477.077,232494.482,1469539,1188557,339091456,97394688,49910,1478702,2026-08-01T19:16:54.202688Z
R2,2156,saturated,,true,227.000,65.633,122.402,142.157,232125.506,232493.128,232514.320,1469961,1188557,339116032,97402880,49897,1479151,2026-08-01T19:16:54.202688Z
R2,2157,saturated,,true,213.000,71.405,117.756,152.259,231772.469,231996.217,232004.270,1470431,1188864,339247104,97427456,49913,1479612,2026-08-01T19:16:54.202688Z
R2,2158,saturated,,true,218.000,71.416,113.847,138.739,231889.602,232129.028,232146.680,1470844,1189190,339329024,97460224,49904,1480021,2026-08-01T19:16:54.202688Z
R2,2159,saturated,,true,223.000,68.266,98.518,120.379,231893.418,232125.913,232150.238,1471294,1189190,339361792,97468416,49902,1480469,2026-08-01T19:16:54.202688Z
R2,2160,saturated,,true,218.000,70.829,115.009,130.188,231855.380,232097.158,232135.494,1471734,1189522,339484672,97492992,49909,1480914,2026-08-01T19:16:54.202688Z
R2,2161,saturated,,true,229.000,65.529,98.139,109.086,231956.241,232189.260,232216.309,1472164,1189854,339574784,97517568,49903,1481371,2026-08-01T19:16:54.202688Z
R2,2162,saturated,,true,228.000,67.260,113.362,132.682,232028.990,232265.452,232298.919,1472643,1190088,339607552,97542144,49909,1481825,2026-08-01T19:16:54.202688Z
R2,2163,saturated,,true,222.000,68.896,121.842,137.096,232052.179,232261.192,232307.544,1473105,1190429,339746816,97558528,49907,1482269,2026-08-01T19:16:54.202688Z
R2,2164,saturated,,true,197.000,73.282,139.681,175.526,232177.864,232457.625,232469.845,1473534,1190429,339812352,97583104,49911,1482662,2026-08-01T19:16:54.202688Z
R2,2165,saturated,,true,229.000,68.389,104.221,119.489,232295.913,232532.722,232544.799,1473953,1190621,339861504,97607680,49905,1483128,2026-08-01T19:16:54.202688Z
R2,2166,saturated,,true,228.000,67.176,98.854,125.063,232368.921,232611.346,232642.695,1474381,1190845,339992576,97615872,49908,1483589,2026-08-01T19:16:54.202688Z
R2,2167,saturated,,true,212.000,69.997,122.252,158.450,232306.686,232528.206,232543.336,1474831,1191190,340058112,97656832,49921,1484028,2026-08-01T19:16:54.202688Z
R2,2168,saturated,,true,237.000,60.880,105.800,119.934,232384.450,232602.015,232643.017,1475224,1191190,340115456,97673216,49903,1484486,2026-08-01T19:16:54.202688Z
R2,2169,saturated,,true,234.000,64.273,105.279,123.185,232340.807,232575.909,232596.673,1475712,1191521,340279296,97681408,49907,1484961,2026-08-01T19:16:54.202688Z
R2,2170,saturated,,true,233.000,66.365,101.634,114.179,232274.435,232544.005,232592.630,1476194,1191876,340303872,97722368,49906,1485440,2026-08-01T19:16:54.202688Z
R2,2171,saturated,,true,238.000,63.975,102.399,127.276,232310.253,232527.715,232553.437,1476679,1191876,340418560,97738752,49902,1485906,2026-08-01T19:16:54.202688Z
R2,2172,saturated,,true,226.000,64.964,114.159,138.654,232294.267,232554.456,232574.568,1477158,1192227,340525056,97755136,49910,1486373,2026-08-01T19:16:54.202688Z
R2,2173,saturated,,true,227.000,67.629,106.761,120.819,232338.666,232568.682,232599.364,1477612,1192574,340557824,97796096,49917,1486833,2026-08-01T19:16:54.202688Z
R2,2174,saturated,,true,189.000,77.854,194.850,233.231,232584.927,232859.042,232891.087,1478042,1192574,340672512,97804288,49909,1487204,2026-08-01T19:16:54.202688Z
R2,2175,saturated,,true,234.000,67.086,104.803,132.219,232631.002,232858.404,232876.363,1478448,1192876,340762624,97820672,49909,1487672,2026-08-01T19:16:54.202688Z
R2,2176,saturated,,true,219.000,70.991,107.389,130.356,232705.156,232934.307,232974.115,1478877,1193110,340795392,97853440,49918,1488115,2026-08-01T19:16:54.202688Z
R2,2177,saturated,,true,221.000,67.046,119.974,177.723,232627.630,232920.327,232992.041,1479269,1193337,340934656,97869824,49925,1488567,2026-08-01T19:16:54.202688Z
R2,2178,saturated,,true,230.000,68.882,103.445,124.817,232647.791,232882.887,232910.375,1479726,1193665,341000192,97894400,49910,1489020,2026-08-01T19:16:54.202688Z
R2,2179,saturated,,true,235.000,67.472,99.298,114.905,232657.551,232907.754,232931.425,1480206,1193899,341073920,97927168,49912,1489499,2026-08-01T19:16:54.202688Z
R2,2180,saturated,,true,230.000,66.743,100.376,114.226,232516.227,232766.933,232802.159,1480684,1194135,341196800,97943552,49911,1489963,2026-08-01T19:16:54.202688Z
R2,2181,saturated,,true,223.000,68.536,98.567,117.003,232459.064,232681.206,232730.488,1481140,1194135,341245952,97968128,49927,1490422,2026-08-01T19:16:54.202688Z
R2,2182,saturated,,true,214.000,71.346,151.834,163.193,232549.243,232755.451,232799.051,1481585,1194482,341336064,98000896,49924,1490841,2026-08-01T19:16:54.202688Z
R2,2183,saturated,,true,230.000,67.685,111.390,125.864,232382.235,232623.684,232653.837,1482021,1194702,341450752,98017280,49920,1491302,2026-08-01T19:16:54.202688Z
R2,2184,saturated,,true,192.000,70.283,174.721,203.320,232474.762,232691.127,232737.523,1482449,1195033,341491712,98025472,49916,1491693,2026-08-01T19:16:54.202688Z
R2,2185,saturated,,true,239.000,67.895,102.506,128.253,232427.238,232657.567,232673.163,1482878,1195033,341581824,98058240,49911,1492165,2026-08-01T19:16:54.202688Z
R2,2186,saturated,,true,232.000,66.537,105.956,125.299,232451.223,232708.918,232740.441,1483339,1195345,341696512,98074624,49916,1492637,2026-08-01T19:16:54.202688Z
R2,2187,saturated,,true,213.000,70.341,146.443,170.319,232330.082,232536.944,232571.889,1483820,1195582,341745664,98099200,49937,1493071,2026-08-01T19:16:54.202688Z
R2,2188,saturated,,true,228.000,66.585,108.700,129.996,232412.771,232639.015,232674.359,1484250,1195907,341843968,98131968,49919,1493522,2026-08-01T19:16:54.202688Z
R2,2189,saturated,,true,231.000,67.759,99.650,128.472,232409.336,232630.644,232663.604,1484726,1196139,341942272,98140160,49919,1493989,2026-08-01T19:16:54.202688Z
R2,2190,saturated,,true,232.000,65.060,106.530,131.400,232453.066,232677.693,232719.387,1485211,1196139,341991424,98164736,49916,1494459,2026-08-01T19:16:54.202688Z
R2,2191,saturated,,true,229.000,68.697,112.965,130.199,232436.862,232668.676,232685.061,1485679,1196488,342106112,98197504,49916,1494918,2026-08-01T19:16:54.202688Z
R2,2192,saturated,,true,202.000,72.034,160.337,212.029,232477.541,232742.002,232765.941,1486144,1196717,342196224,98205696,49940,1495329,2026-08-01T19:16:54.202688Z
R2,2193,saturated,,true,137.000,79.759,363.934,409.576,232842.567,233129.869,233152.451,1486452,1196944,342212608,98230272,49919,1495609,2026-08-01T19:16:54.202688Z
R2,2194,saturated,,true,188.000,77.899,175.513,202.418,233091.363,233324.609,233363.207,1486819,1197171,342310912,98246656,49927,1495992,2026-08-01T19:16:54.202688Z
R2,2195,saturated,,true,225.000,71.828,107.411,127.436,233169.911,233414.205,233434.606,1487268,1197362,342409216,98271232,49920,1496436,2026-08-01T19:16:54.202688Z
R2,2196,saturated,,true,218.000,71.272,117.876,132.398,233262.019,233475.188,233538.682,1487633,1197585,342458368,98279424,49922,1496869,2026-08-01T19:16:54.202688Z
R2,2197,saturated,,true,198.000,77.694,125.594,148.232,233155.234,233416.561,233462.533,1488044,1197585,342540288,98312192,49945,1497284,2026-08-01T19:16:54.202688Z
R2,2198,saturated,,true,231.000,67.463,115.199,140.781,232951.663,233326.989,233343.611,1488477,1197913,342646784,98328576,49925,1497737,2026-08-01T19:16:54.202688Z
R2,2199,saturated,,true,228.000,67.165,107.973,128.773,232893.545,233130.306,233170.149,1488957,1198234,342712320,98344960,49923,1498193,2026-08-01T19:16:54.202688Z
R2,2200,saturated,,true,216.000,68.947,120.974,154.967,232824.168,233062.805,233079.606,1489409,1198457,342794240,98385920,49925,1498632,2026-08-01T19:16:54.202688Z
R2,2201,saturated,,true,215.000,73.016,123.447,141.611,232777.242,232986.090,233031.888,1494246,1192703,342867968,98394112,49928,1499062,2026-08-01T19:17:54.069905Z
R2,2202,saturated,,true,229.000,66.476,106.741,133.372,232807.645,233020.295,233054.991,1494653,1193030,343048192,98410496,49922,1499520,2026-08-01T19:17:54.069905Z
R2,2203,saturated,,true,166.000,66.980,207.302,265.917,232787.716,233127.100,233146.311,1494999,1193366,343072768,98443264,49975,1499890,2026-08-01T19:17:54.069905Z
R2,2204,saturated,,true,95.000,161.006,370.061,419.607,233409.491,233686.103,233699.605,1495289,1193514,343080960,98451456,49958,1500078,2026-08-01T19:17:54.069905Z
R2,2205,saturated,,true,229.000,70.472,119.262,170.196,233478.770,233727.808,233757.538,1495549,1193554,343130112,98467840,49927,1500512,2026-08-01T19:17:54.069905Z
R2,2206,saturated,,true,225.000,66.331,112.184,124.801,233548.735,233769.708,233795.974,1496012,1193749,343293952,98484224,49922,1500972,2026-08-01T19:17:54.069905Z
R2,2207,saturated,,true,187.000,75.470,126.945,161.086,233550.599,233847.708,233891.061,1496454,1194090,343318528,98516992,49956,1501367,2026-08-01T19:17:54.069905Z
R2,2208,saturated,,true,196.000,79.442,161.602,211.930,233784.218,234000.816,234051.383,1496822,1194090,343367680,98525184,49939,1501751,2026-08-01T19:17:54.069905Z
R2,2209,saturated,,true,141.000,95.072,213.145,235.015,233937.126,234174.739,234202.963,1497216,1194375,343523328,98533376,49972,1502047,2026-08-01T19:17:54.069905Z
R2,2210,saturated,,true,179.000,90.822,181.877,203.205,234409.470,234747.220,234765.015,1497529,1194544,343547904,98557952,49938,1502378,2026-08-01T19:17:54.069905Z
R2,2211,saturated,,true,198.000,70.420,134.404,156.606,234579.427,234806.383,234828.019,1497891,1194684,343564288,98582528,49936,1502794,2026-08-01T19:17:54.069905Z
R2,2212,saturated,,true,213.000,69.341,113.077,143.696,234717.722,234961.424,235003.477,1498284,1194991,343728128,98598912,49939,1503212,2026-08-01T19:17:54.069905Z
R2,2213,saturated,,true,113.000,135.209,252.503,263.276,234942.055,235297.572,235298.474,1498651,1195190,343769088,98607104,49965,1503441,2026-08-01T19:17:54.069905Z
R2,2214,saturated,,true,85.000,159.370,390.113,495.318,235601.236,235853.615,235979.342,1498866,1195190,343785472,98623488,49959,1503627,2026-08-01T19:17:54.069905Z
R2,2215,saturated,,true,208.000,72.230,131.784,164.407,236006.653,236226.295,236245.178,1499191,1195326,343801856,98639872,49933,1504040,2026-08-01T19:17:54.069905Z
R2,2216,saturated,,true,207.000,76.289,111.729,125.133,236051.411,236268.462,236300.652,1499591,1195498,343932928,98664448,49937,1504455,2026-08-01T19:17:54.069905Z
R2,2217,saturated,,true,217.000,70.722,119.990,124.572,236087.292,236333.099,236345.814,1500040,1195821,344014848,98672640,49944,1504886,2026-08-01T19:17:54.069905Z
R2,2218,saturated,,true,220.000,69.323,110.047,141.823,236265.719,236494.116,236519.265,1500470,1195821,344047616,98713600,49940,1505329,2026-08-01T19:17:54.069905Z
R2,2219,saturated,,true,209.000,75.201,125.117,144.616,236402.656,236626.326,236683.524,1500910,1196149,344178688,98721792,49935,1505750,2026-08-01T19:17:54.069905Z
R2,2220,saturated,,true,212.000,69.874,124.459,137.715,236433.737,236696.772,236720.588,1501310,1196354,344260608,98738176,49940,1506187,2026-08-01T19:17:54.069905Z
R2,2221,saturated,,true,218.000,69.770,114.374,128.887,236428.206,236651.693,236683.700,1501732,1196572,344285184,98770944,49938,1506622,2026-08-01T19:17:54.069905Z
R2,2222,saturated,,true,222.000,70.022,103.445,117.848,236495.791,236730.407,236763.506,1502162,1196898,344440832,98787328,49937,1507057,2026-08-01T19:17:54.069905Z
R2,2223,saturated,,true,211.000,72.022,123.779,136.863,236572.623,236785.939,236822.692,1502586,1196898,344498176,98820096,49940,1507484,2026-08-01T19:17:54.069905Z
R2,2224,saturated,,true,171.000,81.357,222.895,268.933,236842.047,237091.783,237145.227,1502978,1197226,344514560,98836480,49936,1507846,2026-08-01T19:17:54.069905Z
R2,2225,saturated,,true,232.000,62.500,102.971,119.094,236844.392,237079.918,237098.398,1503331,1197396,344662016,98852864,49933,1508303,2026-08-01T19:17:54.069905Z
R2,2226,saturated,,true,229.000,68.217,107.942,120.046,236877.156,237097.451,237124.669,1503776,1197737,344735744,98869248,49939,1508765,2026-08-01T19:17:54.069905Z
R2,2227,saturated,,true,183.000,74.318,165.450,238.813,236932.186,237213.277,237269.299,1504182,1197737,344752128,98893824,49859,1509133,2026-08-01T19:17:54.069905Z
R2,2228,saturated,,true,203.000,77.219,149.599,218.004,237143.165,237365.243,237386.707,1504536,1197956,344907776,98910208,49943,1509539,2026-08-01T19:17:54.069905Z
R2,2229,saturated,,true,214.000,73.322,111.628,125.809,237199.023,237424.243,237463.650,1504947,1198244,344965120,98926592,49941,1509972,2026-08-01T19:17:54.069905Z
R2,2230,saturated,,true,222.000,67.856,115.187,134.468,237264.084,237484.554,237532.872,1505375,1198456,345006080,98967552,49942,1510416,2026-08-01T19:17:54.069905Z
R2,2231,saturated,,true,209.000,73.966,118.129,130.001,237351.457,237594.791,237616.028,1505828,1198784,345128960,98975744,49950,1510839,2026-08-01T19:17:54.069905Z
R2,2232,saturated,,true,218.000,69.024,107.478,121.456,237306.097,237524.866,237541.218,1506258,1198995,345210880,98992128,49940,1511283,2026-08-01T19:17:54.069905Z
R2,2233,saturated,,true,218.000,67.244,110.428,130.866,237369.344,237588.169,237621.904,1506606,1198995,345219072,99008512,49950,1511503,2026-08-01T19:17:54.069905Z
R2,2234,saturated,,true,183.000,81.104,174.959,200.712,237534.650,237771.268,237824.463,1507131,1199329,345358336,99041280,49938,1512087,2026-08-01T19:17:54.069905Z
R2,2235,saturated,,true,222.000,69.166,102.013,112.568,237564.253,237812.674,237840.395,1507552,1199504,345448448,99065856,49943,1512539,2026-08-01T19:17:54.069905Z
R2,2236,saturated,,true,194.000,74.253,186.823,243.623,237577.228,237735.972,237757.232,1508007,1199733,345464832,99082240,49943,1512923,2026-08-01T19:17:54.069905Z
R2,2237,saturated,,true,199.000,74.441,130.397,206.649,237748.086,237963.401,237998.969,1508221,1199922,345538560,99098624,49960,1513138,2026-08-01T19:17:54.069905Z
R2,2238,saturated,,true,222.000,71.846,116.187,128.625,237891.729,238122.674,238148.190,1508834,1200228,345677824,99115008,49943,1513770,2026-08-01T19:17:54.069905Z
R2,2239,saturated,,true,220.000,70.173,109.643,140.138,237689.194,238029.467,238054.530,1509044,1200228,345694208,99139584,49947,1513994,2026-08-01T19:17:54.069905Z
R2,2240,saturated,,true,221.000,70.051,110.293,128.186,237603.092,237842.041,237881.970,1509500,1200452,345776128,99164160,49942,1514432,2026-08-01T19:17:54.069905Z
R2,2241,saturated,,true,224.000,68.557,102.930,129.120,237676.324,237884.965,237907.920,1509954,1200785,345907200,99180544,49944,1514884,2026-08-01T19:17:54.069905Z
R2,2242,saturated,,true,217.000,70.716,120.713,137.464,237633.383,237875.001,237912.875,1510413,1200785,345939968,99205120,49946,1515342,2026-08-01T19:17:54.069905Z
R2,2243,saturated,,true,214.000,71.999,117.498,138.401,237645.588,237863.789,237893.324,1510788,1201121,346038272,99221504,49950,1515764,2026-08-01T19:17:54.069905Z
R2,2244,saturated,,true,175.000,79.330,206.660,243.238,237869.309,238127.974,238168.110,1511180,1201446,346152960,99237888,49948,1516143,2026-08-01T19:17:54.069905Z
R2,2245,saturated,,true,209.000,74.807,124.304,163.571,237977.048,238225.152,238245.550,1511519,1201446,346169344,99254272,49955,1516561,2026-08-01T19:17:54.069905Z
R2,2246,saturated,,true,218.000,70.943,121.033,137.980,238010.815,238237.339,238270.112,1511932,1201732,346267648,99295232,49956,1516975,2026-08-01T19:17:54.069905Z
R2,2247,saturated,,true,200.000,74.082,114.105,144.558,238033.068,238282.802,238297.047,1512363,1202052,346365952,99303424,49966,1517406,2026-08-01T19:17:54.069905Z
R2,2248,saturated,,true,215.000,73.621,147.768,180.489,238252.571,238476.992,238495.705,1512782,1202264,346406912,99328000,49948,1517797,2026-08-01T19:17:54.069905Z
R2,2249,saturated,,true,227.000,68.110,110.899,128.571,238327.264,238558.535,238591.139,1513218,1202572,346505216,99344384,49942,1518253,2026-08-01T19:17:54.069905Z
R2,2250,saturated,,true,225.000,71.810,115.694,123.580,238328.933,238583.904,238601.179,1513685,1202684,346611712,99360768,49953,1518707,2026-08-01T19:17:54.069905Z
R2,2251,saturated,,true,228.000,66.714,107.013,128.258,238391.690,238622.728,238667.682,1514149,1202684,346652672,99401728,49950,1519160,2026-08-01T19:17:54.069905Z
R2,2252,saturated,,true,220.000,68.956,116.896,128.352,238444.856,238682.432,238701.809,1514615,1203023,346767360,99418112,49947,1519607,2026-08-01T19:17:54.069905Z
R2,2253,saturated,,true,212.000,71.404,125.801,152.400,238466.330,238676.696,238729.616,1515044,1203253,346857472,99434496,49949,1520041,2026-08-01T19:17:54.069905Z
R2,2254,saturated,,true,187.000,74.472,172.008,204.385,238507.420,238824.281,238896.557,1515496,1203465,346890240,99450880,49947,1520437,2026-08-01T19:17:54.069905Z
R2,2255,saturated,,true,206.000,69.066,117.182,140.114,238602.603,238830.209,238863.582,1515889,1203685,347004928,99475456,49973,1520873,2026-08-01T19:17:54.069905Z
R2,2256,saturated,,true,201.000,76.867,161.960,207.081,238801.307,239038.395,239072.963,1516318,1203878,347095040,99491840,49947,1521234,2026-08-01T19:17:54.069905Z
R2,2257,saturated,,true,207.000,74.809,127.832,137.175,238818.626,239020.698,239050.703,1516739,1204171,347127808,99516416,49968,1521673,2026-08-01T19:17:54.069905Z
R2,2258,saturated,,true,215.000,72.373,116.267,122.880,238897.519,239136.448,239171.697,1517167,1204171,347234304,99549184,49956,1522089,2026-08-01T19:17:54.069905Z
R2,2259,saturated,,true,220.000,70.336,103.747,125.739,238939.197,239168.807,239176.042,1517613,1204488,347332608,99557376,49953,1522539,2026-08-01T19:17:54.069905Z
R2,2260,saturated,,true,189.000,72.503,118.214,151.166,238915.080,239168.299,239185.100,1518050,1204705,347365376,99581952,49977,1522970,2026-08-01T19:17:54.069905Z
R2,2261,saturated,,true,193.000,88.684,186.345,264.686,239226.547,239502.347,239559.710,1518396,1205030,347455488,99598336,49959,1523329,2026-08-01T19:17:54.069905Z
R2,2262,saturated,,true,202.000,76.923,122.784,148.409,239387.666,239612.196,239649.230,1518742,1205198,347463680,99622912,49959,1523707,2026-08-01T19:18:54.241891Z
R2,2263,saturated,,true,206.000,72.941,118.882,137.603,239451.541,239665.740,239688.784,1519165,1205504,347643904,99639296,49957,1524145,2026-08-01T19:18:54.241891Z
R2,2264,saturated,,true,162.000,77.143,288.613,355.300,239501.073,239824.699,239845.391,1519488,1205504,347652096,99655680,49956,1524468,2026-08-01T19:18:54.241891Z
R2,2265,saturated,,true,224.000,72.146,108.149,139.208,239667.804,239912.839,239931.165,1519776,1205608,347684864,99680256,49955,1524898,2026-08-01T19:18:54.241891Z
R2,2266,saturated,,true,214.000,73.552,115.688,126.694,239714.552,239998.271,240041.388,1520226,1205878,347865088,99688448,49955,1525340,2026-08-01T19:18:54.241891Z
R2,2267,saturated,,true,190.000,79.876,135.841,170.445,239712.692,239943.176,239973.564,1520683,1206099,347906048,99721216,49980,1525763,2026-08-01T19:18:54.241891Z
R2,2268,saturated,,true,191.000,81.475,153.441,195.255,239783.691,240040.431,240073.214,1521105,1206323,347922432,99737600,49952,1526110,2026-08-01T19:18:54.241891Z
R2,2269,saturated,,true,219.000,70.156,110.321,134.595,239800.012,240020.548,240050.225,1521467,1206586,348028928,99762176,49967,1526549,2026-08-01T19:18:54.241891Z
R2,2270,saturated,,true,204.000,73.857,135.606,151.647,239854.251,240092.425,240113.406,1521914,1206913,348135424,99778560,49960,1526961,2026-08-01T19:18:54.241891Z
R2,2271,saturated,,true,229.000,71.115,109.052,141.363,239827.283,240058.248,240094.488,1522339,1206913,348160000,99803136,49961,1527407,2026-08-01T19:18:54.241891Z
R2,2272,saturated,,true,218.000,71.795,111.828,127.058,239794.924,240028.181,240058.114,1522811,1207126,348323840,99819520,49963,1527860,2026-08-01T19:18:54.241891Z
R2,2273,saturated,,true,211.000,73.905,107.428,129.114,239879.981,240099.587,240122.283,1523258,1207354,348372992,99844096,49962,1528274,2026-08-01T19:18:54.241891Z
R2,2274,saturated,,true,170.000,82.729,196.832,242.904,239905.750,240169.379,240184.637,1523692,1207677,348397568,99868672,49965,1528651,2026-08-01T19:18:54.241891Z
R2,2275,saturated,,true,123.000,85.709,357.882,396.405,240421.347,240607.479,240663.181,1523977,1207846,348430336,99876864,49973,1528907,2026-08-01T19:18:54.241891Z
R2,2276,saturated,,true,180.000,80.626,140.702,176.713,240516.487,240804.059,240823.274,1524267,1207846,348602368,99893248,49873,1529278,2026-08-01T19:18:54.241891Z
R2,2277,saturated,,true,103.000,97.104,356.486,386.581,241129.266,241391.807,241404.656,1524599,1208070,348610560,99909632,49914,1529486,2026-08-01T19:18:54.241891Z
R2,2278,saturated,,true,116.000,98.954,413.122,494.440,241604.290,241973.273,241983.562,1524751,1208274,348626944,99909632,49970,1529700,2026-08-01T19:18:54.241891Z
R2,2279,saturated,,true,182.000,84.452,139.454,165.104,241894.921,242092.276,242124.215,1525015,1208274,348651520,99934208,49975,1530077,2026-08-01T19:18:54.241891Z
R2,2280,saturated,,true,69.000,208.709,329.627,362.193,242025.179,242318.142,242351.120,1525318,1208459,348717056,99942400,49954,1530325,2026-08-01T19:18:54.241891Z
R2,2281,saturated,,true,103.000,203.115,294.297,391.024,242858.883,243118.618,243119.554,1525546,1208613,348831744,99958784,49975,1530461,2026-08-01T19:18:54.241891Z
R2,2282,saturated,,true,215.000,71.086,125.580,141.620,242902.629,243123.489,243166.147,1525749,1208736,348856320,99975168,49974,1530841,2026-08-01T19:18:54.241891Z
R2,2283,saturated,,true,207.000,72.723,123.802,161.226,242781.645,243021.398,243141.613,1526148,1208946,348889088,99991552,49973,1531285,2026-08-01T19:18:54.241891Z
R2,2284,saturated,,true,175.000,78.999,189.902,256.461,242797.224,243040.197,243099.244,1526561,1209155,348995584,100016128,49979,1531641,2026-08-01T19:18:54.241891Z
R2,2285,saturated,,true,205.000,70.280,130.507,149.320,242875.662,243113.310,243132.618,1526931,1209155,349077504,100024320,49983,1532039,2026-08-01T19:18:54.241891Z
R2,2286,saturated,,true,218.000,69.847,123.328,137.267,242917.351,243174.752,243197.631,1527358,1209430,349110272,100048896,49971,1532463,2026-08-01T19:18:54.241891Z
R2,2287,saturated,,true,199.000,72.182,121.324,172.762,242644.546,242931.520,242959.574,1527807,1209749,349233152,100073472,49879,1532907,2026-08-01T19:18:54.241891Z
R2,2288,saturated,,true,211.000,74.657,151.804,194.938,242668.424,242904.446,242923.782,1528230,1209749,349306880,100098048,49972,1533292,2026-08-01T19:18:54.241891Z
R2,2289,saturated,,true,201.000,72.324,109.145,127.106,242661.051,242925.243,242945.458,1528663,1210051,349356032,100114432,49883,1533723,2026-08-01T19:18:54.241891Z
R2,2290,saturated,,true,210.000,76.649,133.470,151.959,242691.874,242945.885,242980.337,1529079,1210273,349437952,100130816,49977,1534120,2026-08-01T19:18:54.241891Z
R2,2291,saturated,,true,171.000,84.029,201.754,240.129,242583.969,242849.988,242870.385,1529515,1210575,349544448,100155392,49984,1534507,2026-08-01T19:18:54.241891Z
R2,2292,saturated,,true,209.000,76.731,129.305,148.893,242788.569,243000.902,243046.938,1529868,1210575,349585408,100163584,49868,1534879,2026-08-01T19:18:54.241891Z
R2,2293,saturated,,true,219.000,68.402,115.567,138.290,242882.041,243085.705,243103.337,1530312,1210845,349650944,100196352,49973,1535312,2026-08-01T19:18:54.241891Z
R2,2294,saturated,,true,173.000,80.818,194.057,218.952,242959.905,243262.669,243312.052,1530747,1210845,349765632,100212736,49976,1535686,2026-08-01T19:18:54.241891Z
R2,2295,saturated,,true,211.000,72.708,115.047,165.542,243153.661,243374.641,243396.780,1531126,1211174,349814784,100237312,49980,1536106,2026-08-01T19:18:54.241891Z
R2,2296,saturated,,true,202.000,79.478,124.150,147.379,243309.648,243554.283,243563.316,1531559,1211457,349855744,100245504,49979,1536516,2026-08-01T19:18:54.241891Z
R2,2297,saturated,,true,193.000,77.876,120.712,138.760,243363.994,243725.696,243742.031,1531955,1211764,350011392,100278272,49891,1536914,2026-08-01T19:18:54.241891Z
R2,2298,saturated,,true,185.000,83.964,166.772,196.365,243552.418,243798.557,243842.410,1532302,1211764,350052352,100286464,49984,1537279,2026-08-01T19:18:54.241891Z
R2,2299,saturated,,true,214.000,71.627,127.066,132.988,243698.546,243960.404,243985.732,1532690,1212051,350093312,100311040,49872,1537708,2026-08-01T19:18:54.241891Z
R2,2300,saturated,,true,207.000,74.960,120.371,134.738,243790.209,244048.767,244080.360,1533120,1212247,350232576,100335616,49872,1538121,2026-08-01T19:18:54.241891Z
R2,2301,saturated,,true,217.000,72.077,113.312,139.916,243774.396,244069.814,244098.827,1533498,1212458,350289920,100352000,49980,1538554,2026-08-01T19:18:54.241891Z
R2,2302,saturated,,true,219.000,72.150,118.206,131.336,243401.266,243614.253,243643.546,1533941,1212782,350339072,100368384,49876,1538987,2026-08-01T19:18:54.241891Z
R2,2303,saturated,,true,210.000,74.583,123.309,141.866,243360.184,243607.284,243621.432,1534336,1212782,350478336,100401152,49979,1539418,2026-08-01T19:18:54.241891Z
R2,2304,saturated,,true,175.000,80.580,207.755,250.967,243479.546,243841.876,243881.012,1534699,1213103,350527488,100425728,49900,1539776,2026-08-01T19:18:54.241891Z
R2,2305,saturated,,true,201.000,76.245,126.022,148.725,243585.926,243846.079,243894.127,1535066,1213306,350552064,100433920,49882,1540186,2026-08-01T19:18:54.241891Z
R2,2306,saturated,,true,202.000,76.090,134.457,160.386,243512.291,243764.531,243794.681,1535439,1213488,350674944,100466688,49886,1540606,2026-08-01T19:18:54.241891Z
R2,2307,saturated,,true,170.000,77.379,146.762,193.196,243058.016,243290.751,243329.199,1535847,1213696,350748672,100474880,49904,1540990,2026-08-01T19:18:54.241891Z
R2,2308,saturated,,true,170.000,87.647,236.952,263.308,243170.992,243412.012,243444.434,1536222,1213886,350781440,100491264,49887,1541283,2026-08-01T19:18:54.241891Z
R2,2309,saturated,,true,209.000,75.435,114.693,147.197,243173.084,243433.930,243457.218,1536528,1214133,350863360,100499456,49880,1541690,2026-08-01T19:18:54.241891Z
R2,2310,saturated,,true,214.000,70.166,115.719,133.371,242949.763,243196.960,243214.515,1536959,1214133,350961664,100540416,49985,1542123,2026-08-01T19:18:54.241891Z
R2,2311,saturated,,true,216.000,72.763,111.078,128.760,242931.872,243129.284,243156.750,1537377,1214450,351019008,100556800,49876,1542555,2026-08-01T19:18:54.241891Z
R2,2312,saturated,,true,216.000,68.218,113.125,131.438,242928.499,243189.174,243210.857,1537821,1214665,351117312,100573184,49985,1542992,2026-08-01T19:18:54.241891Z
R2,2313,saturated,,true,221.000,72.588,110.177,128.273,242883.577,243108.134,243122.194,1538270,1214992,351199232,100605952,49879,1543429,2026-08-01T19:18:54.241891Z
R2,2314,saturated,,true,177.000,83.345,160.844,208.002,242901.371,243146.679,243219.971,1538725,1215208,351256576,100614144,49914,1543808,2026-08-01T19:18:54.241891Z
R2,2315,saturated,,true,213.000,75.220,121.885,136.462,243017.396,243249.878,243270.819,1539094,1215208,351354880,100630528,49987,1544222,2026-08-01T19:18:54.241891Z
R2,2316,saturated,,true,218.000,71.086,119.840,133.972,242869.541,243261.985,243277.087,1539517,1215492,351428608,100663296,49985,1544654,2026-08-01T19:18:54.241891Z
R2,2317,saturated,,true,196.000,76.422,130.059,145.970,242579.884,242835.572,242863.162,1539959,1215708,351494144,100679680,49890,1545073,2026-08-01T19:18:54.241891Z
R2,2318,saturated,,true,213.000,69.461,127.223,172.253,242451.739,242743.525,242796.561,1540371,1215919,351584256,100687872,49879,1545480,2026-08-01T19:18:54.241891Z
R2,2319,saturated,,true,220.000,73.296,117.656,131.484,242401.601,242596.809,242622.478,1540815,1216119,351674368,100720640,49881,1545919,2026-08-01T19:18:54.241891Z
R2,2320,saturated,,true,206.000,72.226,125.905,139.718,242176.421,242406.309,242625.083,1541266,1216445,351731712,100737024,49889,1546332,2026-08-01T19:18:54.241891Z
R2,2321,saturated,,true,180.000,82.709,136.647,166.329,242102.846,242325.959,242349.246,1541658,1216445,351805440,100753408,49901,1546718,2026-08-01T19:18:54.241891Z
R2,2322,saturated,,true,208.000,72.132,126.178,152.670,242171.862,242405.668,242422.408,1542039,1216883,351821824,100794368,49887,1547128,2026-08-01T19:19:54.430385Z
R2,2323,saturated,,true,209.000,75.783,118.392,147.338,242201.672,242410.785,242433.521,1542465,1217078,352010240,100802560,49891,1547539,2026-08-01T19:19:54.430385Z
R2,2324,saturated,,true,174.000,78.261,186.278,241.682,242268.545,242519.666,242550.290,1542884,1217284,352034816,100818944,49899,1547893,2026-08-01T19:19:54.430385Z
R2,2325,saturated,,true,217.000,70.680,110.624,125.860,242377.637,242603.752,242625.622,1543278,1217565,352067584,100843520,49879,1548329,2026-08-01T19:19:54.430385Z
R2,2326,saturated,,true,206.000,70.933,134.255,154.948,242321.094,242591.886,242616.242,1543690,1217784,352247808,100859904,49887,1548742,2026-08-01T19:19:54.430385Z
R2,2327,saturated,,true,173.000,77.259,211.813,247.169,242363.695,242600.238,242653.775,1544068,1217988,352272384,100876288,49927,1549114,2026-08-01T19:19:54.430385Z
R2,2328,saturated,,true,196.000,83.336,142.455,189.004,242337.943,242564.219,242593.873,1544414,1217988,352288768,100900864,49886,1549474,2026-08-01T19:19:54.430385Z
R2,2329,saturated,,true,198.000,77.068,121.225,165.311,242294.723,242633.796,242658.088,1544784,1218248,352468992,100917248,49903,1549902,2026-08-01T19:19:54.430385Z
R2,2330,saturated,,true,188.000,79.771,138.841,173.850,241637.755,242366.707,242434.530,1545169,1218462,352501760,100933632,49897,1550275,2026-08-01T19:19:54.430385Z
R2,2331,saturated,,true,209.000,75.230,123.561,143.629,241562.585,241787.227,241795.415,1545512,1218746,352526336,100958208,49892,1550689,2026-08-01T19:19:54.430385Z
R2,2332,saturated,,true,207.000,74.130,116.796,126.339,241431.010,241741.654,241779.936,1545938,1218954,352681984,100982784,49890,1551103,2026-08-01T19:19:54.430385Z
R2,2333,saturated,,true,184.000,83.916,133.277,171.549,241258.488,241490.259,241531.341,1546361,1218954,352739328,100999168,49907,1551495,2026-08-01T19:19:54.430385Z
R2,2334,saturated,,true,132.000,101.555,303.162,329.850,241304.917,241707.449,241776.428,1546683,1219256,352755712,101007360,49941,1551779,2026-08-01T19:19:54.430385Z
R2,2335,saturated,,true,152.000,92.704,206.927,241.389,241566.989,241879.215,241895.455,1546978,1219478,352772096,101023744,49933,1552101,2026-08-01T19:19:54.430385Z
R2,2336,saturated,,true,163.000,92.803,147.998,197.900,241735.813,241940.202,241941.966,1547285,1219478,352919552,101048320,49913,1552406,2026-08-01T19:19:54.430385Z
R2,2337,saturated,,true,174.000,77.697,139.165,165.923,241816.609,242083.402,242134.001,1547587,1219713,352976896,101056512,49920,1552773,2026-08-01T19:19:54.430385Z
R2,2338,saturated,,true,160.000,87.795,201.450,287.090,242244.193,242473.508,242533.488,1547948,1219892,352993280,101072896,49920,1553065,2026-08-01T19:19:54.430385Z
R2,2339,saturated,,true,205.000,74.371,125.753,150.715,242340.416,242607.602,242644.999,1548292,1220133,353075200,101097472,49898,1553469,2026-08-01T19:19:54.430385Z
R2,2340,saturated,,true,179.000,83.776,132.650,161.104,242502.802,242781.582,242834.773,1548715,1220338,353206272,101122048,49923,1553855,2026-08-01T19:19:54.430385Z
R2,2341,saturated,,true,179.000,87.020,137.124,149.798,242694.822,242967.786,243001.647,1549059,1220514,353222656,101130240,49915,1554206,2026-08-01T19:19:54.430385Z
R2,2342,saturated,,true,187.000,84.581,126.490,162.625,242846.862,243141.896,243179.543,1549430,1220785,353255424,101154816,49904,1554579,2026-08-01T19:19:54.430385Z
R2,2343,saturated,,true,189.000,81.280,124.654,143.669,243047.970,243257.657,243298.972,1549826,1220886,353394688,101171200,49916,1554972,2026-08-01T19:19:54.430385Z
R2,2344,saturated,,true,159.000,88.451,244.094,267.446,243274.247,243524.934,243552.193,1550212,1221073,353452032,101187584,49929,1555283,2026-08-01T19:19:54.430385Z
R2,2345,saturated,,true,215.000,71.862,122.362,180.147,243357.890,243665.262,243689.822,1550553,1221073,353476608,101203968,49897,1555703,2026-08-01T19:19:54.430385Z
R2,2346,saturated,,true,205.000,74.145,133.775,161.613,243069.001,243440.988,243468.991,1550994,1221341,353599488,101236736,49903,1556101,2026-08-01T19:19:54.430385Z
R2,2347,saturated,,true,180.000,80.013,129.279,179.092,242856.376,243103.304,243140.649,1551419,1221550,353681408,101244928,49929,1556510,2026-08-01T19:19:54.430385Z
R2,2348,saturated,,true,164.000,98.997,180.823,212.754,243160.755,243435.721,243465.092,1551750,1221754,353705984,101261312,49924,1556820,2026-08-01T19:19:54.430385Z
R2,2349,saturated,,true,176.000,86.262,143.992,170.182,243353.898,243635.640,243659.778,1552108,1221994,353746944,101277696,49913,1557202,2026-08-01T19:19:54.430385Z
R2,2350,saturated,,true,180.000,89.205,153.986,170.576,243641.851,243890.919,243921.418,1552438,1221994,353894400,101302272,49917,1557541,2026-08-01T19:19:54.430385Z
R2,2351,saturated,,true,212.000,74.526,118.555,135.002,243748.374,243982.180,244027.501,1552831,1222264,353935360,101318656,49898,1557949,2026-08-01T19:19:54.430385Z
R2,2352,saturated,,true,182.000,74.953,156.901,174.316,243846.924,244094.527,244129.932,1553222,1222459,353959936,101335040,49901,1558327,2026-08-01T19:19:54.430385Z
R2,2353,saturated,,true,203.000,75.595,121.822,139.256,244015.299,244232.540,244269.361,1553638,1222756,354099200,101367808,49902,1558741,2026-08-01T19:19:54.430385Z
R2,2354,saturated,,true,144.000,87.071,276.774,297.275,244194.359,244380.179,244429.889,1553960,1222958,354164736,101376000,49931,1559050,2026-08-01T19:19:54.430385Z
R2,2355,saturated,,true,201.000,76.562,145.386,168.404,244557.341,244793.622,244828.594,1554271,1222958,354181120,101384192,49903,1559420,2026-08-01T19:19:54.430385Z
R2,2356,saturated,,true,220.000,72.447,118.329,123.730,244617.884,244832.297,244871.249,1554675,1223194,354295808,101408768,49898,1559858,2026-08-01T19:19:54.430385Z
R2,2357,saturated,,true,215.000,70.056,114.037,130.569,244690.452,244927.037,244943.915,1555070,1223524,354394112,101441536,49907,1560298,2026-08-01T19:19:54.430385Z
R2,2358,saturated,,true,207.000,71.827,137.633,165.122,244753.444,245002.535,245050.358,1555485,1223524,354418688,101449728,49896,1560716,2026-08-01T19:19:54.430385Z
R2,2359,saturated,,true,207.000,76.395,122.736,131.969,244831.499,245012.218,245037.685,1555917,1223833,354516992,101482496,49911,1561140,2026-08-01T19:19:54.430385Z
R2,2360,saturated,,true,174.000,86.396,146.395,172.036,244879.178,245151.153,245217.553,1556264,1224149,354615296,101498880,49934,1561507,2026-08-01T19:19:54.430385Z
R2,2361,saturated,,true,168.000,86.958,162.843,183.646,245236.207,245442.820,245467.329,1556596,1224149,354648064,101515264,49920,1561840,2026-08-01T19:19:54.430385Z
R2,2362,saturated,,true,154.000,84.180,290.567,324.435,245609.243,245933.923,245973.342,1556942,1224399,354689024,101515264,49918,1562121,2026-08-01T19:19:54.430385Z
R2,2363,saturated,,true,162.000,77.439,210.200,246.261,245912.821,246164.745,246179.284,1557253,1224553,354787328,101539840,49899,1562461,2026-08-01T19:19:54.430385Z
R2,2364,saturated,,true,188.000,75.978,162.861,200.674,246044.237,246326.302,246354.381,1557618,1224700,354852864,101564416,49914,1562829,2026-08-01T19:19:54.430385Z
R2,2365,saturated,,true,202.000,74.361,121.385,148.971,246220.946,246436.593,246457.147,1557996,1224992,354902016,101580800,49903,1563239,2026-08-01T19:19:54.430385Z
R2,2366,saturated,,true,186.000,78.487,145.824,185.271,246294.857,246624.725,246668.290,1558425,1225202,354983936,101588992,49919,1563625,2026-08-01T19:19:54.430385Z
R2,2367,saturated,,true,160.000,81.443,220.804,290.255,246700.106,246916.851,246943.869,1558772,1225451,355065856,101613568,49920,1563965,2026-08-01T19:19:54.430385Z
R2,2368,saturated,,true,89.000,110.598,575.609,640.384,247219.918,247428.229,247471.435,1559093,1225541,355098624,101629952,49945,1564142,2026-08-01T19:19:54.430385Z
R2,2369,saturated,,true,134.000,92.854,354.688,386.810,247625.136,247883.305,247904.521,1559337,1225541,355123200,101629952,49937,1564405,2026-08-01T19:19:54.430385Z
R2,2370,saturated,,true,158.000,96.807,155.789,202.846,247902.538,248294.449,248315.779,1559642,1225638,355180544,101646336,49947,1564728,2026-08-01T19:19:54.430385Z
R2,2371,saturated,,true,218.000,75.631,118.120,125.361,248145.255,248385.461,248423.651,1560018,1225791,355295232,101679104,49932,1565146,2026-08-01T19:19:54.430385Z
R2,2372,saturated,,true,215.000,67.724,122.530,140.309,248195.278,248428.058,248459.903,1560371,1226062,355360768,101703680,49934,1565589,2026-08-01T19:19:54.430385Z
R2,2373,saturated,,true,211.000,75.226,115.476,133.948,248139.337,248364.357,248391.657,1560772,1226388,355442688,101720064,49939,1566014,2026-08-01T19:19:54.430385Z
R2,2374,saturated,,true,178.000,79.350,230.210,272.611,248284.105,248604.889,248634.566,1561173,1226603,355516416,101736448,49937,1566371,2026-08-01T19:19:54.430385Z
R2,2375,saturated,,true,216.000,68.736,116.580,132.220,248516.047,248756.624,248778.239,1561534,1226603,355590144,101752832,49935,1566802,2026-08-01T19:19:54.430385Z
R2,2376,saturated,,true,206.000,71.437,115.669,140.124,248441.069,248659.833,248680.112,1561951,1226887,355655680,101785600,49945,1567232,2026-08-01T19:19:54.430385Z
R2,2377,saturated,,true,173.000,82.014,147.935,177.049,248578.096,248780.090,248894.463,1562379,1227103,355762176,101810176,49963,1567619,2026-08-01T19:19:54.430385Z
R2,2378,saturated,,true,198.000,74.300,204.199,299.294,248838.706,249094.050,249115.174,1562708,1227361,355819520,101818368,49938,1567980,2026-08-01T19:19:54.430385Z
R2,2379,saturated,,true,192.000,76.836,142.024,155.336,248938.761,249195.844,249224.292,1563100,1227566,355860480,101842944,49954,1568364,2026-08-01T19:19:54.430385Z
R2,2380,saturated,,true,188.000,81.653,138.794,155.778,249160.139,249404.862,249444.266,1563475,1227761,355958784,101851136,49944,1568744,2026-08-01T19:19:54.430385Z
R2,2381,saturated,,true,205.000,75.065,112.361,135.891,249291.413,249522.335,249568.770,1563861,1227561,356040704,101875712,49940,1569160,2026-08-01T19:20:54.395270Z
R2,2382,saturated,,true,207.000,74.328,132.100,168.418,249457.676,249674.167,249687.779,1567710,1226580,356040704,101900288,49936,1569558,2026-08-01T19:20:54.395270Z
R2,2383,saturated,,true,219.000,66.774,110.136,115.636,249536.242,249773.383,249796.363,1568150,1226888,356253696,101933056,49939,1570003,2026-08-01T19:20:54.395270Z
R2,2384,saturated,,true,180.000,79.590,191.171,264.313,249519.011,249865.633,249897.240,1568596,1227109,356270080,101949440,49936,1570356,2026-08-01T19:20:54.395270Z
R2,2385,saturated,,true,218.000,68.412,103.193,120.035,249668.007,249893.759,249911.110,1568995,1227401,356294656,101965824,49935,1570808,2026-08-01T19:20:54.395270Z
R2,2386,saturated,,true,208.000,72.637,124.051,136.851,249738.506,249986.541,250004.959,1569435,1227401,356483072,101982208,49935,1571225,2026-08-01T19:20:54.395270Z
R2,2387,saturated,,true,197.000,76.130,126.907,200.864,249855.448,250133.749,250157.681,1569850,1227610,356507648,102006784,49949,1571633,2026-08-01T19:20:54.395270Z
R2,2388,saturated,,true,211.000,71.295,122.529,149.861,249955.977,250197.811,250224.005,1570243,1227903,356540416,102031360,49940,1572040,2026-08-01T19:20:54.395270Z
R2,2389,saturated,,true,179.000,79.169,142.543,179.686,250136.593,250368.826,250395.925,1570619,1228115,356720640,102047744,49949,1572428,2026-08-01T19:20:54.395270Z
R2,2390,saturated,,true,194.000,82.211,134.443,179.252,250214.800,250453.560,250476.654,1571001,1228115,356745216,102072320,49945,1572803,2026-08-01T19:20:54.395270Z
R2,2391,saturated,,true,199.000,77.530,139.098,164.145,250249.547,250494.313,250557.263,1571415,1228396,356753408,102080512,49942,1573202,2026-08-01T19:20:54.395270Z
R2,2392,saturated,,true,162.000,78.073,261.127,341.169,250410.083,250639.478,250702.937,1571761,1228593,356851712,102096896,49942,1573523,2026-08-01T19:20:54.395270Z
R2,2393,saturated,,true,105.000,104.115,421.643,473.998,250831.922,251195.181,251246.987,1572036,1228756,356950016,102113280,49953,1573752,2026-08-01T19:20:54.395270Z
R2,2394,saturated,,true,44.000,116.777,192.247,500.012,251109.892,251453.126,251738.816,1572098,1228756,356958208,102113280,49908,1573884,2026-08-01T19:20:54.395270Z
R2,2395,saturated,,true,70.000,300.083,922.377,1034.368,252303.230,252680.484,252721.159,1572297,1228969,356974592,102137856,49962,1573997,2026-08-01T19:20:54.395270Z
R2,2396,saturated,,true,164.000,91.442,157.377,179.643,252645.951,252891.441,252903.686,1572506,1229059,356990976,102146048,49940,1574320,2026-08-01T19:20:54.395270Z
R2,2397,saturated,,true,125.000,94.820,157.929,246.931,252855.659,253072.804,253134.039,1572801,1229059,357040128,102154240,49990,1574610,2026-08-01T19:20:54.395270Z
R2,2398,saturated,,true,25.000,526.412,871.547,949.167,253503.768,253689.116,253742.140,1572997,1229307,357056512,102154240,49964,1574665,2026-08-01T19:20:54.395270Z
R2,2399,saturated,,true,23.000,697.174,928.050,1015.229,254507.326,254790.403,254832.745,1573050,1229307,357064704,102154240,49960,1574709,2026-08-01T19:20:54.395270Z
R2,2400,saturated,,true,81.000,172.202,662.368,1322.033,255378.234,255671.445,255713.985,1573123,1229351,357105664,102162432,49945,1574841,2026-08-01T19:20:54.395270Z
R2,2401,saturated,,true,189.000,81.714,138.330,160.974,255642.451,255864.225,255886.503,1573409,1229455,357203968,102187008,49919,1575225,2026-08-01T19:20:54.395270Z
R2,2402,saturated,,true,171.000,83.785,142.638,175.419,255768.573,256096.015,256145.694,1573778,1229651,357228544,102203392,49928,1575568,2026-08-01T19:20:54.395270Z
R2,2403,saturated,,true,173.000,86.229,202.056,263.946,256147.137,256372.952,256413.897,1574092,1229812,357277696,102219776,49906,1575905,2026-08-01T19:20:54.395270Z
R2,2404,saturated,,true,108.000,118.453,294.791,351.160,256283.979,256638.464,256670.373,1574393,1229812,357351424,102219776,49939,1576138,2026-08-01T19:20:54.395270Z
R2,2405,saturated,,true,174.000,83.790,171.880,227.314,256647.621,256871.766,256878.866,1574682,1230028,357441536,102252544,49916,1576481,2026-08-01T19:20:54.395270Z
R2,2406,saturated,,true,76.000,191.902,393.287,448.375,257137.330,257287.210,257343.434,1574950,1230180,357457920,102268928,49963,1576661,2026-08-01T19:20:54.395270Z
R2,2407,saturated,,true,98.000,127.527,503.035,571.592,257776.998,258133.545,258136.498,1575122,1230301,357466112,102268928,49931,1576851,2026-08-01T19:20:54.395270Z
R2,2408,saturated,,true,158.000,85.323,274.375,309.789,258098.056,258397.092,258420.695,1575353,1230447,357523456,102285312,49898,1577145,2026-08-01T19:20:54.395270Z
R2,2409,saturated,,true,218.000,70.867,115.233,161.501,258004.712,258231.213,258260.097,1575684,1230728,357670912,102293504,49911,1577586,2026-08-01T19:20:54.395270Z
R2,2410,saturated,,true,194.000,73.359,135.152,178.930,258080.801,258335.602,258366.645,1576098,1230829,357695488,102326272,49924,1577990,2026-08-01T19:20:54.395270Z
R2,2411,saturated,,true,174.000,91.947,148.648,178.581,258159.460,258378.829,258418.377,1576489,1231023,357744640,102334464,49931,1578360,2026-08-01T19:20:54.395270Z
R2,2412,saturated,,true,141.000,93.435,205.246,291.290,258487.754,258693.409,258755.680,1576817,1231023,357818368,102350848,49936,1578638,2026-08-01T19:20:54.395270Z
R2,2413,saturated,,true,142.000,104.192,221.469,260.044,258608.801,258945.156,258990.363,1577098,1231258,357892096,102367232,49915,1578898,2026-08-01T19:20:54.395270Z
R2,2414,saturated,,true,157.000,82.565,223.529,279.810,258600.958,258806.083,258826.503,1577397,1231477,357933056,102383616,49942,1579223,2026-08-01T19:20:54.395270Z
R2,2415,saturated,,true,209.000,74.496,126.207,157.461,258791.338,259011.666,259070.896,1577715,1231477,357990400,102408192,49913,1579635,2026-08-01T19:20:54.395270Z
R2,2416,saturated,,true,184.000,78.457,156.397,215.101,258950.313,259277.418,259288.336,1578133,1231745,358088704,102416384,49921,1580011,2026-08-01T19:20:54.395270Z
R2,2417,saturated,,true,182.000,80.449,146.382,157.899,259060.920,259280.499,259327.032,1578492,1231940,358162432,102440960,49919,1580405,2026-08-01T19:20:54.395270Z
R2,2418,saturated,,true,119.000,118.332,245.979,274.306,259340.532,259682.507,259818.927,1578808,1232216,358187008,102457344,49956,1580648,2026-08-01T19:20:54.395270Z
R2,2419,saturated,,true,175.000,79.243,234.665,292.200,259735.503,260043.864,260090.455,1579066,1232216,358236160,102473728,49908,1580968,2026-08-01T19:20:54.395270Z
R2,2420,saturated,,true,207.000,72.257,132.996,171.694,259836.665,260088.532,260107.401,1579461,1232403,358367232,102490112,49909,1581397,2026-08-01T19:20:54.395270Z
R2,2421,saturated,,true,219.000,71.479,108.809,146.806,259897.278,260131.002,260156.029,1579908,1232611,358408192,102522880,49912,1581830,2026-08-01T19:20:54.395270Z
R2,2422,saturated,,true,196.000,75.280,141.691,165.944,259997.586,260273.788,260312.800,1580339,1232828,358473728,102539264,49916,1582229,2026-08-01T19:20:54.395270Z
R2,2423,saturated,,true,222.000,70.890,105.868,117.794,260092.704,260312.844,260328.759,1580771,1233137,358596608,102555648,49913,1582669,2026-08-01T19:20:54.395270Z
R2,2424,saturated,,true,166.000,82.052,223.041,248.552,260100.546,260367.783,260419.120,1581172,1233358,358637568,102572032,49930,1583007,2026-08-01T19:20:54.395270Z
R2,2425,saturated,,true,217.000,69.454,131.434,162.957,260213.079,260450.221,260488.257,1581551,1233358,358694912,102604800,49915,1583443,2026-08-01T19:20:54.395270Z
R2,2426,saturated,,true,196.000,77.625,137.926,154.690,260288.959,260597.766,260615.577,1581956,1233632,358801408,102621184,49915,1583838,2026-08-01T19:20:54.395270Z
R2,2427,saturated,,true,191.000,81.023,120.072,142.923,260490.130,260731.252,260775.846,1582345,1233935,358875136,102637568,49922,1584239,2026-08-01T19:20:54.395270Z
R2,2428,saturated,,true,122.000,123.792,218.447,272.250,260810.466,261159.236,261189.697,1582650,1234119,358907904,102653952,49943,1584468,2026-08-01T19:20:54.395270Z
R2,2429,saturated,,true,69.000,119.532,557.129,626.287,261530.208,261691.619,261754.244,1582701,1234119,358916096,102662144,49950,1584522,2026-08-01T19:20:54.395270Z
R2,2430,saturated,,true,181.000,86.076,211.327,285.817,261741.287,262027.636,262117.151,1583152,1234250,359006208,102670336,49934,1584982,2026-08-01T19:20:54.395270Z
R2,2431,saturated,,true,182.000,84.905,167.159,207.235,261959.426,262265.937,262316.064,1583567,1234509,359096320,102686720,49952,1585350,2026-08-01T19:20:54.395270Z
R2,2432,saturated,,true,126.000,108.322,323.804,352.581,262431.522,262807.518,262820.690,1583825,1234682,359129088,102719488,49941,1585603,2026-08-01T19:20:54.395270Z
R2,2433,saturated,,true,115.000,91.914,411.251,439.414,263017.820,263268.369,263282.426,1584014,1234682,359145472,102727680,49927,1585832,2026-08-01T19:20:54.395270Z
R2,2434,saturated,,true,139.000,91.952,325.047,367.446,263185.135,263639.698,263681.968,1584324,1234827,359235584,102744064,49947,1586118,2026-08-01T19:20:54.395270Z
R2,2435,saturated,,true,68.000,172.662,525.875,620.192,264045.086,264284.533,264303.312,1584501,1234985,359251968,102744064,49964,1586259,2026-08-01T19:20:54.395270Z
R2,2436,saturated,,true,206.000,75.074,125.979,172.213,264270.058,264536.118,264560.805,1584850,1235150,359342080,102752256,49945,1586670,2026-08-01T19:20:54.395270Z
R2,2437,saturated,,true,198.000,73.753,115.547,135.309,264387.555,264589.168,264607.830,1585111,1235365,359391232,102785024,49961,1587076,2026-08-01T19:20:54.395270Z
R2,2438,saturated,,true,197.000,76.206,162.653,200.227,264537.431,264759.556,264819.991,1585517,1235554,359481344,102801408,49945,1587470,2026-08-01T19:20:54.395270Z
R2,2439,saturated,,true,218.000,75.433,113.594,124.693,264419.849,264661.986,264688.194,1585948,1235764,359571456,102817792,49941,1587901,2026-08-01T19:20:54.395270Z
R2,2440,saturated,,true,207.000,75.491,126.533,139.795,264520.690,264765.963,264817.002,1586365,1235764,359620608,102858752,49948,1588325,2026-08-01T19:20:54.395270Z
R2,2441,saturated,,true,159.000,80.754,229.357,260.954,264602.924,264993.200,265017.732,1583375,1237382,359686144,102858752,49944,1588640,2026-08-01T19:21:54.526871Z
R2,2442,saturated,,true,147.000,91.627,245.876,286.636,265117.716,265362.727,265377.681,1583641,1237537,359686144,102875136,49942,1588943,2026-08-01T19:21:54.526871Z
R2,2443,saturated,,true,198.000,77.243,132.835,154.353,265221.126,265456.193,265498.749,1583982,1237787,359874560,102883328,49946,1589343,2026-08-01T19:21:54.526871Z
R2,2444,saturated,,true,165.000,83.086,253.076,292.113,265462.130,265755.291,265793.093,1584267,1237787,359882752,102899712,49953,1589505,2026-08-01T19:21:54.526871Z
R2,2445,saturated,,true,215.000,74.670,115.859,139.064,265573.229,265814.675,265821.528,1584643,1237991,359907328,102924288,49943,1589895,2026-08-01T19:21:54.526871Z
R2,2446,saturated,,true,203.000,71.541,114.939,141.928,265661.847,265897.795,265934.948,1585071,1238267,359931904,102940672,49952,1590318,2026-08-01T19:21:54.526871Z
R2,2447,saturated,,true,138.000,96.886,157.880,186.906,265927.725,266198.235,266238.805,1585422,1238476,360079360,102965248,49910,1590693,2026-08-01T19:21:54.526871Z
R2,2448,saturated,,true,74.000,233.920,456.446,589.216,266564.704,266749.465,266792.599,1585674,1238476,360120320,102965248,49975,1590872,2026-08-01T19:21:54.526871Z
R2,2449,saturated,,true,43.000,276.438,668.253,718.684,267531.291,267792.832,267818.325,1585776,1238676,360136704,102981632,49933,1590969,2026-08-01T19:21:54.526871Z
R2,2450,saturated,,true,129.000,98.641,376.079,426.775,267843.791,268063.510,268124.679,1585917,1238707,360153088,102989824,49955,1591140,2026-08-01T19:21:54.526871Z
R2,2451,saturated,,true,153.000,97.364,251.144,271.440,268231.341,268535.842,268549.212,1586166,1238859,360169472,102998016,49924,1591397,2026-08-01T19:21:54.526871Z
R2,2452,saturated,,true,137.000,89.488,280.345,302.685,268532.046,268728.957,268782.602,1586435,1238859,360235008,103006208,49952,1591761,2026-08-01T19:21:54.526871Z
R2,2453,saturated,,true,61.000,202.728,501.799,645.637,269146.553,269559.885,269565.404,1586738,1239085,360325120,103022592,49965,1591934,2026-08-01T19:21:54.526871Z
R2,2454,saturated,,true,83.000,205.128,320.004,386.763,269637.274,270030.229,270065.339,1586891,1239211,360349696,103030784,49933,1592093,2026-08-01T19:21:54.526871Z
R2,2455,saturated,,true,87.000,220.130,363.358,452.580,270300.364,270773.924,270778.268,1587067,1239309,360366080,103030784,49961,1592259,2026-08-01T19:21:54.526871Z
R2,2456,saturated,,true,33.000,448.070,815.156,834.264,271137.225,271301.438,271301.438,1587184,1239309,360382464,103038976,49973,1592373,2026-08-01T19:21:54.526871Z
R2,2457,saturated,,true,142.000,114.771,213.697,554.398,271628.257,272001.486,272025.051,1587321,1239387,360398848,103055360,49906,1592547,2026-08-01T19:21:54.526871Z
R2,2458,saturated,,true,190.000,78.383,149.969,173.119,271997.396,272204.083,272239.611,1587607,1239510,360423424,103071744,49885,1592893,2026-08-01T19:21:54.526871Z
R2,2459,saturated,,true,190.000,82.468,143.439,169.459,272055.173,272304.163,272316.790,1587989,1239678,360570880,103079936,49892,1593285,2026-08-01T19:21:54.526871Z
R2,2460,saturated,,true,205.000,76.706,118.477,131.080,272224.006,272481.793,272509.048,1588372,1239678,360620032,103112704,49890,1593691,2026-08-01T19:21:54.526871Z
R2,2461,saturated,,true,217.000,72.757,111.849,123.493,272257.817,272508.358,272541.480,1588789,1239976,360660992,103129088,49880,1594115,2026-08-01T19:21:54.526871Z
R2,2462,saturated,,true,219.000,72.184,120.087,130.701,272328.893,272534.912,272572.172,1589241,1240284,360816640,103145472,49884,1594553,2026-08-01T19:21:54.526871Z
R2,2463,saturated,,true,222.000,70.906,112.312,131.904,272371.359,272604.916,272622.717,1589692,1240503,360857600,103186432,49881,1594991,2026-08-01T19:21:54.526871Z
R2,2464,saturated,,true,178.000,77.886,240.520,301.820,272477.995,272705.159,272748.341,1590103,1240724,360898560,103186432,49922,1595402,2026-08-01T19:21:54.526871Z
R2,2465,saturated,,true,190.000,79.545,141.597,170.508,272566.730,272846.881,272873.808,1590462,1241014,361029632,103219200,49892,1595763,2026-08-01T19:21:54.526871Z
R2,2466,saturated,,true,155.000,84.606,248.743,336.910,272585.174,272735.731,272753.663,1590836,1241014,361078784,103219200,49896,1596071,2026-08-01T19:21:54.526871Z
R2,2467,saturated,,true,200.000,76.054,121.446,152.446,272535.738,272784.817,272796.947,1591156,1241202,361119744,103251968,49893,1596471,2026-08-01T19:21:54.526871Z
R2,2468,saturated,,true,186.000,78.203,161.382,192.255,272555.259,272806.165,272820.332,1591578,1241457,361234432,103260160,49908,1596883,2026-08-01T19:21:54.526871Z
R2,2469,saturated,,true,178.000,81.313,132.644,147.209,272701.379,272913.284,272926.538,1591914,1241749,361308160,103284736,49914,1597257,2026-08-01T19:21:54.526871Z
R2,2470,saturated,,true,196.000,83.441,136.142,187.238,272982.325,273185.034,273226.047,1592268,1241749,361332736,103292928,49892,1597595,2026-08-01T19:21:54.526871Z
R2,2471,saturated,,true,197.000,78.704,138.018,186.839,272950.483,273204.383,273235.548,1592598,1241926,361431040,103325696,49902,1598020,2026-08-01T19:21:54.526871Z
R2,2472,saturated,,true,185.000,78.877,117.407,141.652,273069.359,273310.869,273375.083,1593017,1242227,361521152,103333888,49906,1598396,2026-08-01T19:21:54.526871Z
R2,2473,saturated,,true,194.000,79.409,163.713,205.535,273294.206,273545.148,273553.091,1593372,1242417,361570304,103358464,49895,1598748,2026-08-01T19:21:54.526871Z
R2,2474,saturated,,true,154.000,88.013,275.810,320.410,273428.517,273634.564,273670.437,1593758,1242417,361611264,103366656,49933,1599115,2026-08-01T19:21:54.526871Z
R2,2475,saturated,,true,184.000,84.271,150.485,171.411,273657.913,273860.917,273940.371,1594101,1242698,361701376,103391232,49915,1599479,2026-08-01T19:21:54.526871Z
R2,2476,saturated,,true,138.000,94.541,322.647,369.344,273844.488,274196.606,274227.686,1594468,1242960,361775104,103407616,49952,1599824,2026-08-01T19:21:54.526871Z
R2,2477,saturated,,true,182.000,81.122,160.508,179.080,274261.773,274547.978,274568.486,1594769,1243129,361816064,103424000,49900,1600091,2026-08-01T19:21:54.526871Z
R2,2478,saturated,,true,202.000,77.437,150.890,170.762,274207.431,274520.706,274556.869,1595145,1243358,361881600,103448576,49886,1600481,2026-08-01T19:21:54.526871Z
R2,2479,saturated,,true,215.000,72.725,115.705,133.613,273663.027,273894.142,273914.818,1595549,1243670,361996288,103473152,49894,1600919,2026-08-01T19:21:54.526871Z
R2,2480,saturated,,true,214.000,76.369,116.123,141.752,273742.652,273959.670,273975.676,1596012,1243774,362045440,103481344,49891,1601352,2026-08-01T19:21:54.526871Z
R2,2481,saturated,,true,152.000,82.133,260.585,323.001,273855.648,274122.370,274224.698,1596428,1243990,362127360,103505920,49954,1601768,2026-08-01T19:21:54.526871Z
R2,2482,saturated,,true,139.000,111.234,239.359,254.404,274141.093,274330.494,274380.438,1596728,1243990,362168320,103514112,49929,1602002,2026-08-01T19:21:54.526871Z
R2,2483,saturated,,true,202.000,76.803,131.188,158.114,274189.415,274477.270,274564.548,1597048,1244211,362250240,103546880,49893,1602351,2026-08-01T19:21:54.526871Z
R2,2484,saturated,,true,174.000,78.870,176.976,231.513,273957.484,274178.202,274208.284,1597395,1244485,362283008,103546880,49935,1602739,2026-08-01T19:21:54.526871Z
R2,2485,saturated,,true,210.000,73.674,114.393,134.113,273838.618,274083.673,274106.022,1597760,1244485,362381312,103579648,49892,1603132,2026-08-01T19:21:54.526871Z
R2,2486,saturated,,true,219.000,73.088,111.085,135.812,273845.399,274071.056,274098.084,1598208,1244764,362487808,103596032,49891,1603566,2026-08-01T19:21:54.526871Z
R2,2487,saturated,,true,210.000,74.573,106.925,121.205,273429.840,273894.600,273907.983,1598633,1245087,362528768,103612416,49896,1604002,2026-08-01T19:21:54.526871Z
R2,2488,saturated,,true,207.000,75.101,139.965,171.034,272789.571,273013.812,273033.814,1599059,1245087,362627072,103645184,49894,1604402,2026-08-01T19:21:54.526871Z
R2,2489,saturated,,true,215.000,73.325,119.990,130.845,272741.099,272980.821,272998.754,1599494,1245396,362725376,103661568,49895,1604834,2026-08-01T19:21:54.526871Z
R2,2490,saturated,,true,213.000,71.553,113.792,133.172,272780.020,273025.862,273047.435,1599936,1245613,362766336,103686144,49898,1605271,2026-08-01T19:21:54.526871Z
R2,2491,saturated,,true,215.000,74.468,116.146,145.153,272769.799,272983.770,273020.683,1600344,1245830,362864640,103702528,49897,1605702,2026-08-01T19:21:54.526871Z
R2,2492,saturated,,true,200.000,75.547,141.081,183.472,272719.019,272999.199,273034.429,1600767,1246153,362971136,103727104,49914,1606142,2026-08-01T19:21:54.526871Z
R2,2493,saturated,,true,165.000,80.660,209.437,243.896,273001.688,273247.682,273268.291,1601116,1246350,362995712,103735296,49891,1606435,2026-08-01T19:21:54.526871Z
R2,2494,saturated,,true,178.000,80.763,170.476,193.824,273098.406,273353.097,273419.392,1601412,1246350,363061248,103768064,49923,1606812,2026-08-01T19:21:54.526871Z
R2,2495,saturated,,true,217.000,72.505,121.555,136.068,273255.690,273484.898,273519.122,1601811,1246515,363184128,103784448,49898,1607232,2026-08-01T19:21:54.526871Z
R2,2496,saturated,,true,212.000,72.478,125.029,138.289,273237.576,273453.406,273480.795,1602231,1246804,363233280,103800832,49897,1607658,2026-08-01T19:21:54.526871Z
R2,2497,saturated,,true,208.000,70.961,113.605,144.037,273262.615,273490.640,273504.624,1602653,1247016,363290624,103825408,49901,1608090,2026-08-01T19:21:54.526871Z
R2,2498,saturated,,true,207.000,77.020,128.381,151.865,273136.580,273348.640,273380.164,1603020,1247237,363421696,103833600,49899,1608492,2026-08-01T19:21:54.526871Z
R2,2499,saturated,,true,214.000,73.687,124.401,140.751,273205.889,273449.803,273459.883,1603418,1247540,363470848,103858176,49901,1608929,2026-08-01T19:21:54.526871Z
R2,2500,saturated,,true,205.000,81.659,125.666,181.006,273232.110,273467.064,273489.953,1603872,1247540,363536384,103890944,49904,1609336,2026-08-01T19:21:54.526871Z
R2,2501,saturated,,true,199.000,81.056,124.822,163.216,273137.816,273338.326,273372.910,1604290,1247858,363667456,103907328,49911,1609747,2026-08-01T19:21:54.526871Z
R2,2502,saturated,,true,209.000,76.157,122.171,154.612,273184.626,273404.551,273423.631,1604710,1248170,363798528,103923712,49905,1610162,2026-08-01T19:22:54.377844Z
R2,2503,saturated,,true,180.000,77.043,199.628,246.976,273240.944,273428.818,273478.968,1605147,1248379,363864064,103948288,49934,1610591,2026-08-01T19:22:54.377844Z
R2,2504,saturated,,true,156.000,97.510,225.851,323.063,273508.969,273777.101,273834.532,1605504,1248379,363872256,103948288,49940,1610862,2026-08-01T19:22:54.377844Z
R2,2505,saturated,,true,209.000,77.764,120.742,140.925,273693.658,273933.714,273949.418,1605819,1248560,363896832,103981056,49903,1611259,2026-08-01T19:22:54.377844Z
R2,2506,saturated,,true,213.000,74.568,121.511,143.145,273700.388,273885.600,273917.818,1606250,1248820,364085248,103997440,49905,1611684,2026-08-01T19:22:54.377844Z
R2,2507,saturated,,true,182.000,83.040,143.390,175.161,273822.959,274056.514,274107.891,1606676,1249033,364109824,104022016,49916,1612071,2026-08-01T19:22:54.377844Z
R2,2508,saturated,,true,191.000,84.473,137.036,182.433,273877.975,274112.497,274142.522,1607059,1249235,364118016,104030208,49910,1612436,2026-08-01T19:22:54.377844Z
R2,2509,saturated,,true,200.000,77.701,120.611,138.629,273893.802,274110.603,274147.754,1607447,1249413,364306432,104054784,49916,1612865,2026-08-01T19:22:54.377844Z
R2,2510,saturated,,true,195.000,80.185,133.798,157.899,273968.936,274200.866,274246.506,1607818,1249718,364339200,104079360,49914,1613250,2026-08-01T19:22:54.377844Z
R2,2511,saturated,,true,219.000,68.562,129.597,137.938,273903.758,274117.959,274142.628,1608216,1249718,364355584,104095744,49907,1613675,2026-08-01T19:22:54.377844Z
R2,2512,saturated,,true,215.000,73.537,115.056,132.919,273851.995,274084.614,274094.413,1608666,1249915,364535808,104128512,49911,1614110,2026-08-01T19:22:54.377844Z
R2,2513,saturated,,true,206.000,76.918,130.082,150.673,273918.627,274148.888,274162.087,1609092,1250240,364576768,104144896,49906,1614519,2026-08-01T19:22:54.377844Z
R2,2514,saturated,,true,187.000,79.117,183.505,200.176,273957.553,274196.807,274267.645,1609518,1250445,364593152,104161280,49915,1614902,2026-08-01T19:22:54.377844Z
R2,2515,saturated,,true,217.000,71.002,117.850,130.953,274067.966,274319.537,274349.879,1609932,1250741,364748800,104185856,49912,1615335,2026-08-01T19:22:54.377844Z
R2,2516,saturated,,true,216.000,73.743,124.668,140.987,274130.826,274342.629,274356.031,1610336,1250741,364806144,104210432,49904,1615768,2026-08-01T19:22:54.377844Z
R2,2517,saturated,,true,198.000,73.661,125.489,146.844,274145.000,274374.308,274400.082,1610751,1250957,364847104,104243200,49912,1616184,2026-08-01T19:22:54.377844Z
R2,2518,saturated,,true,207.000,79.342,126.249,169.741,274160.791,274488.328,274537.162,1611163,1251273,364986368,104251392,49909,1616584,2026-08-01T19:22:54.377844Z
R2,2519,saturated,,true,206.000,74.488,121.103,138.664,274028.970,274273.593,274291.086,1611567,1251580,365051904,104275968,49910,1617005,2026-08-01T19:22:54.377844Z
R2,2520,saturated,,true,186.000,86.616,138.939,155.125,274128.652,274393.018,274421.523,1611970,1251791,365084672,104300544,49921,1617396,2026-08-01T19:22:54.377844Z
R2,2521,saturated,,true,213.000,74.097,113.900,124.230,274209.427,274427.803,274459.179,1612378,1251975,365199360,104316928,49913,1617804,2026-08-01T19:22:54.377844Z
R2,2522,saturated,,true,213.000,75.591,124.123,134.810,274155.530,274427.083,274455.207,1612805,1251975,365273088,104325120,49909,1618238,2026-08-01T19:22:54.377844Z
R2,2523,saturated,,true,212.000,74.694,121.654,136.370,274166.200,274373.037,274401.065,1613174,1252185,365322240,104366080,49916,1618668,2026-08-01T19:22:54.377844Z
R2,2524,saturated,,true,165.000,79.537,207.014,287.350,274371.144,274564.947,274592.915,1613525,1252511,365404160,104374272,49925,1619008,2026-08-01T19:22:54.377844Z
R2,2525,saturated,,true,219.000,72.753,123.478,157.486,274491.695,274692.270,274711.108,1613883,1252779,365502464,104398848,49915,1619423,2026-08-01T19:22:54.377844Z
R2,2526,saturated,,true,214.000,74.435,123.001,152.841,274483.580,274769.764,274790.574,1614331,1253000,365551616,104423424,49916,1619866,2026-08-01T19:22:54.377844Z
R2,2527,saturated,,true,205.000,73.945,123.771,142.221,274568.499,274789.927,274827.460,1614765,1253000,365633536,104431616,49923,1620288,2026-08-01T19:22:54.377844Z
R2,2528,saturated,,true,212.000,72.614,141.421,162.226,274627.274,274864.749,274916.414,1615177,1253214,365748224,104464384,49918,1620695,2026-08-01T19:22:54.377844Z
R2,2529,saturated,,true,213.000,72.069,126.190,138.193,274537.627,274843.542,274879.328,1615608,1253522,365772800,104472576,49915,1621141,2026-08-01T19:22:54.377844Z
R2,2530,saturated,,true,222.000,70.472,115.342,130.994,274472.461,274699.175,274720.399,1616040,1253631,365871104,104505344,49915,1621566,2026-08-01T19:22:54.377844Z
R2,2531,saturated,,true,211.000,72.969,119.005,133.399,274340.903,274561.579,274609.351,1616486,1253956,365993984,104521728,49917,1622006,2026-08-01T19:22:54.377844Z
R2,2532,saturated,,true,220.000,71.316,117.685,134.378,274372.082,274598.280,274635.961,1616946,1254176,366026752,104546304,49918,1622449,2026-08-01T19:22:54.377844Z
R2,2533,saturated,,true,207.000,76.025,132.467,158.291,274333.889,274569.058,274615.163,1617387,1254500,366157824,104562688,49931,1622883,2026-08-01T19:22:54.377844Z
R2,2534,saturated,,true,181.000,82.679,154.119,188.964,274403.450,274644.939,274739.710,1617785,1254500,366231552,104579072,49929,1623231,2026-08-01T19:22:54.377844Z
R2,2535,saturated,,true,213.000,72.316,122.402,136.951,274527.325,274753.026,274774.277,1618149,1254701,366264320,104620032,49916,1623658,2026-08-01T19:22:54.377844Z
R2,2536,saturated,,true,207.000,76.239,119.077,141.310,274366.078,274583.042,274613.183,1618587,1254992,366362624,104620032,49921,1624067,2026-08-01T19:22:54.377844Z
R2,2537,saturated,,true,203.000,75.210,125.507,139.685,274316.726,274550.550,274575.917,1619013,1254992,366460928,104652800,49924,1624490,2026-08-01T19:22:54.377844Z
R2,2538,saturated,,true,206.000,76.846,129.395,143.588,274268.850,274572.949,274598.444,1619409,1255304,366493696,104652800,49922,1624900,2026-08-01T19:22:54.377844Z
R2,2539,saturated,,true,206.000,73.577,125.697,144.663,274119.056,274334.306,274378.853,1619848,1255613,366592000,104685568,49924,1625319,2026-08-01T19:22:54.377844Z
R2,2540,saturated,,true,212.000,75.355,119.167,149.762,274216.757,274461.434,274473.946,1620253,1255824,366706688,104710144,49921,1625740,2026-08-01T19:22:54.377844Z
R2,2541,saturated,,true,211.000,73.927,118.150,132.434,274246.371,274458.072,274483.642,1620694,1256031,366739456,104734720,49921,1626171,2026-08-01T19:22:54.377844Z
R2,2542,saturated,,true,220.000,71.462,114.898,138.905,274081.447,274311.565,274360.381,1621128,1256244,366829568,104759296,49921,1626602,2026-08-01T19:22:54.377844Z
R2,2543,saturated,,true,216.000,71.108,120.536,150.686,273989.830,274177.810,274229.313,1621562,1256463,366960640,104767488,49922,1627030,2026-08-01T19:22:54.377844Z
R2,2544,saturated,,true,178.000,76.731,192.514,230.462,274052.851,274318.527,274388.671,1621990,1256777,366977024,104800256,49929,1627403,2026-08-01T19:22:54.377844Z
R2,2545,saturated,,true,212.000,74.785,119.143,128.079,274147.173,274349.168,274389.285,1622350,1256964,367058944,104808448,49922,1627830,2026-08-01T19:22:54.377844Z
R2,2546,saturated,,true,219.000,71.411,115.778,125.823,274182.774,274420.067,274440.495,1622755,1256964,367181824,104833024,49920,1628265,2026-08-01T19:22:54.377844Z
R2,2547,saturated,,true,204.000,73.752,118.645,132.357,274200.026,274431.942,274474.086,1623190,1257285,367214592,104865792,49928,1628688,2026-08-01T19:22:54.377844Z
R2,2548,saturated,,true,202.000,76.925,156.522,193.048,274320.943,274519.287,274567.448,1623600,1257499,367304704,104873984,49922,1629086,2026-08-01T19:22:54.377844Z
R2,2549,saturated,,true,214.000,73.480,126.427,140.315,273830.278,274285.516,274337.481,1624010,1257803,367419392,104890368,49920,1629516,2026-08-01T19:22:54.377844Z
R2,2550,saturated,,true,214.000,75.183,117.789,138.172,273275.102,273818.397,273859.320,1624457,1257803,367452160,104923136,49918,1629941,2026-08-01T19:22:54.377844Z
R2,2551,saturated,,true,217.000,72.597,114.800,122.889,272641.485,273112.860,273168.675,1624884,1258123,367534080,104947712,49927,1630387,2026-08-01T19:22:54.377844Z
R2,2552,saturated,,true,211.000,74.718,128.624,137.827,272259.364,272595.179,272614.734,1625304,1258444,367656960,104955904,49922,1630809,2026-08-01T19:22:54.377844Z
R2,2553,saturated,,true,216.000,72.562,125.675,139.013,271240.802,271464.493,271518.495,1625700,1258664,367697920,104988672,49924,1631237,2026-08-01T19:22:54.377844Z
R2,2554,saturated,,true,180.000,79.012,142.481,170.710,271260.348,271493.773,271533.285,1626094,1258873,367763456,105005056,49934,1631609,2026-08-01T19:22:54.377844Z
R2,2555,saturated,,true,210.000,74.541,128.288,155.935,271241.786,271513.698,271544.943,1626437,1258873,367886336,105013248,49928,1632024,2026-08-01T19:22:54.377844Z
R2,2556,saturated,,true,205.000,74.935,112.739,127.560,271132.882,271400.450,271426.322,1626865,1259158,367919104,105046016,49926,1632449,2026-08-01T19:22:54.377844Z
R2,2557,saturated,,true,215.000,75.310,115.894,131.847,271111.985,271335.077,271361.558,1627308,1259370,368009216,105070592,49927,1632879,2026-08-01T19:22:54.377844Z
R2,2558,saturated,,true,196.000,80.223,137.596,184.974,271255.665,271480.417,271492.920,1627725,1259582,368107520,105086976,49925,1633264,2026-08-01T19:22:54.377844Z
R2,2559,saturated,,true,216.000,71.672,112.453,137.516,271118.376,271344.343,271375.773,1628153,1259880,368164864,105111552,49929,1633703,2026-08-01T19:22:54.377844Z
R2,2560,saturated,,true,202.000,80.703,117.198,152.289,271167.632,271386.753,271416.462,1628562,1260093,368222208,105127936,49928,1634113,2026-08-01T19:22:54.377844Z
R2,2561,saturated,,true,209.000,76.217,131.913,151.814,271120.639,271345.500,271394.927,1628990,1260093,368345088,105144320,49927,1634527,2026-08-01T19:22:54.377844Z
R2,2562,saturated,,true,213.000,73.073,120.742,134.389,271119.362,271361.866,271381.984,1629373,1260566,368353280,105177088,49928,1634958,2026-08-01T19:23:54.378775Z
R2,2563,saturated,,true,214.000,74.922,116.290,130.318,270921.822,271180.818,271235.179,1629793,1260778,368533504,105193472,49927,1635381,2026-08-01T19:23:54.378775Z
R2,2564,saturated,,true,176.000,82.749,210.554,252.735,270985.810,271301.603,271310.746,1630225,1261098,368558080,105201664,49933,1635753,2026-08-01T19:23:54.378775Z
R2,2565,saturated,,true,217.000,74.451,108.257,127.503,270967.413,271329.746,271368.957,1630587,1261278,368582656,105242624,49926,1636179,2026-08-01T19:23:54.378775Z
R2,2566,saturated,,true,214.000,72.757,117.745,126.871,270896.692,271133.121,271157.905,1631035,1261278,368762880,105242624,49931,1636610,2026-08-01T19:23:54.378775Z
R2,2567,saturated,,true,185.000,83.181,137.317,171.649,270963.013,271166.935,271204.105,1631471,1261493,368787456,105275392,49944,1637005,2026-08-01T19:23:54.378775Z
R2,2568,saturated,,true,199.000,80.727,133.055,178.629,271030.777,271287.047,271319.851,1631798,1261709,368820224,105299968,49924,1637374,2026-08-01T19:23:54.378775Z
R2,2569,saturated,,true,200.000,77.013,116.415,130.076,270970.806,271155.229,271176.100,1632233,1261978,368992256,105316352,49940,1637803,2026-08-01T19:23:54.378775Z
R2,2570,saturated,,true,193.000,80.497,142.036,169.497,270902.285,271154.306,271186.895,1632631,1262194,369025024,105324544,49935,1638179,2026-08-01T19:23:54.378775Z
R2,2571,saturated,,true,203.000,75.127,116.727,129.568,270956.301,271185.149,271212.436,1633041,1262382,369049600,105357312,49930,1638586,2026-08-01T19:23:54.378775Z
R2,2572,saturated,,true,213.000,75.973,122.311,140.542,270999.820,271193.233,271250.640,1633472,1262584,369164288,105373696,49935,1639020,2026-08-01T19:23:54.378775Z
R2,2573,saturated,,true,203.000,75.215,125.841,150.079,271053.236,271278.765,271302.626,1633860,1262897,369262592,105390080,49928,1639426,2026-08-01T19:23:54.378775Z
R2,2574,saturated,,true,183.000,79.070,203.187,273.232,271091.372,271450.370,271467.548,1634278,1263108,369287168,105422848,49941,1639802,2026-08-01T19:23:54.378775Z
R2,2575,saturated,,true,217.000,74.620,112.798,136.568,271128.452,271411.613,271432.471,1634662,1263108,369369088,105439232,49930,1640221,2026-08-01T19:23:54.378775Z
R2,2576,saturated,,true,205.000,73.617,124.770,145.582,271001.981,271224.694,271247.760,1635052,1263397,369500160,105455616,49939,1640649,2026-08-01T19:23:54.378775Z
R2,2577,saturated,,true,214.000,72.913,117.916,133.207,270964.682,271197.625,271233.532,1635511,1263716,369524736,105480192,49938,1641076,2026-08-01T19:23:54.378775Z
R2,2578,saturated,,true,202.000,77.657,135.683,181.063,270953.272,271189.610,271210.490,1635874,1263916,369590272,105504768,49934,1641479,2026-08-01T19:23:54.378775Z
R2,2579,saturated,,true,211.000,75.116,124.027,150.115,270653.836,270877.502,270919.387,1636275,1264132,369721344,105521152,49935,1641911,2026-08-01T19:23:54.378775Z
R2,2580,saturated,,true,207.000,76.396,133.601,146.925,270606.395,270821.607,270847.997,1636722,1264132,369745920,105537536,49937,1642325,2026-08-01T19:23:54.378775Z
R2,2581,saturated,,true,193.000,83.345,130.983,192.114,270721.900,270939.794,270962.961,1637132,1264341,369827840,105570304,49940,1642710,2026-08-01T19:23:54.378775Z
R2,2582,saturated,,true,214.000,72.531,124.696,141.609,270710.716,270935.283,270977.857,1637547,1264639,369975296,105586688,49936,1643141,2026-08-01T19:23:54.378775Z
R2,2583,saturated,,true,215.000,74.438,112.691,132.484,270766.994,270985.364,270996.420,1637998,1264955,369999872,105619456,49939,1643566,2026-08-01T19:23:54.378775Z
R2,2584,saturated,,true,177.000,85.208,176.800,208.562,270759.641,270961.117,271034.163,1638415,1264955,370040832,105627648,49941,1643931,2026-08-01T19:23:54.378775Z
R2,2585,saturated,,true,211.000,71.287,126.707,151.205,270821.568,271096.569,271133.680,1638771,1265164,370204672,105652224,49940,1644367,2026-08-01T19:23:54.378775Z
R2,2586,saturated,,true,216.000,72.980,118.987,136.790,270760.153,270983.103,271016.082,1639186,1265456,370229248,105676800,49939,1644794,2026-08-01T19:23:54.378775Z
R2,2587,saturated,,true,205.000,73.928,123.088,141.377,270765.837,270982.512,271022.053,1639612,1265672,370302976,105693184,49939,1645215,2026-08-01T19:23:54.378775Z
R2,2588,saturated,,true,202.000,77.828,140.230,174.679,270815.130,271043.282,271092.508,1640000,1265972,370434048,105709568,49936,1645611,2026-08-01T19:23:54.378775Z
R2,2589,saturated,,true,212.000,72.228,123.792,133.475,270750.336,270985.341,271011.568,1640400,1265972,370458624,105734144,49943,1646040,2026-08-01T19:23:54.378775Z
R2,2590,saturated,,true,217.000,73.088,116.623,133.044,270810.224,271026.502,271040.589,1640831,1266187,370540544,105766912,49939,1646469,2026-08-01T19:23:54.378775Z
R2,2591,saturated,,true,203.000,75.148,131.737,153.297,270774.387,271003.891,271026.728,1641241,1266505,370679808,105775104,49942,1646886,2026-08-01T19:23:54.378775Z
R2,2592,saturated,,true,209.000,71.383,121.734,140.258,270729.186,271017.052,271060.256,1641674,1266719,370704384,105807872,49944,1647321,2026-08-01T19:23:54.378775Z
R2,2593,saturated,,true,216.000,74.234,129.703,137.594,270632.209,270873.547,270890.855,1642091,1266932,370769920,105816064,49940,1647745,2026-08-01T19:23:54.378775Z
R2,2594,saturated,,true,187.000,76.763,173.682,212.246,270677.183,270918.314,270938.315,1642514,1267249,370909184,105832448,49945,1648109,2026-08-01T19:23:54.378775Z
R2,2595,saturated,,true,210.000,77.915,122.069,134.867,270611.282,270861.248,270977.602,1642885,1267436,370941952,105873408,49944,1648537,2026-08-01T19:23:54.378775Z
R2,2596,saturated,,true,192.000,77.952,121.167,158.980,270643.190,270856.407,270946.290,1643309,1267436,370999296,105881600,49945,1648938,2026-08-01T19:23:54.378775Z
R2,2597,saturated,,true,201.000,77.405,128.973,229.826,270668.016,270890.865,270912.712,1643679,1267734,371122176,105897984,49947,1649334,2026-08-01T19:23:54.378775Z
R2,2598,saturated,,true,192.000,80.322,161.394,221.020,270698.557,270897.648,270998.828,1644075,1267734,371163136,105906176,49946,1649721,2026-08-01T19:23:54.378775Z
R2,2599,saturated,,true,206.000,74.584,117.502,137.285,270550.111,270788.219,270825.280,1644496,1268025,371220480,105947136,49950,1650136,2026-08-01T19:23:54.378775Z
R2,2600,saturated,,true,204.000,76.651,134.029,148.265,270539.494,270757.651,270795.821,1644890,1268334,371359744,105955328,49951,1650552,2026-08-01T19:23:54.378775Z
R2,2601,saturated,,true,189.000,77.852,183.561,227.558,270494.371,270748.781,270783.115,1645329,1268644,371408896,105988096,49947,1650931,2026-08-01T19:23:54.378775Z
R2,2602,saturated,,true,210.000,72.397,123.253,142.228,270553.104,270784.023,270814.104,1645729,1268827,371449856,106004480,49941,1651350,2026-08-01T19:23:54.378775Z
R2,2603,saturated,,true,190.000,80.132,151.348,173.735,270515.499,270764.955,270806.958,1646135,1268827,371556352,106020864,49964,1651736,2026-08-01T19:23:54.378775Z
R2,2604,saturated,,true,169.000,85.889,177.572,197.173,270658.564,270861.247,270891.903,1646519,1269042,371638272,106029056,49953,1652082,2026-08-01T19:23:54.378775Z
R2,2605,saturated,,true,204.000,77.200,121.817,156.742,270362.933,270588.600,270642.734,1646893,1269301,371662848,106061824,49953,1652492,2026-08-01T19:23:54.378775Z
R2,2606,saturated,,true,214.000,75.308,113.641,121.412,270010.317,270352.115,270382.046,1647278,1269606,371785728,106070016,49947,1652915,2026-08-01T19:23:54.378775Z
R2,2607,saturated,,true,202.000,76.778,125.450,139.516,269792.106,270070.557,270105.099,1647692,1269815,371875840,106094592,49955,1653334,2026-08-01T19:23:54.378775Z
R2,2608,saturated,,true,197.000,76.626,168.237,200.777,269530.249,269749.191,269946.764,1648101,1269815,371884032,106119168,49943,1653719,2026-08-01T19:23:54.378775Z
R2,2609,saturated,,true,215.000,75.616,115.627,138.134,269501.727,269740.061,269783.174,1648506,1270006,372023296,106135552,49947,1654153,2026-08-01T19:23:54.378775Z
R2,2610,saturated,,true,197.000,77.104,129.408,160.625,269367.602,269680.515,269724.337,1648909,1270326,372097024,106160128,49964,1654560,2026-08-01T19:23:54.378775Z
R2,2611,saturated,,true,201.000,77.011,126.486,141.986,269288.357,269501.384,269521.110,1649319,1270627,372137984,106184704,49954,1654968,2026-08-01T19:23:54.378775Z
R2,2612,saturated,,true,211.000,78.404,131.155,146.411,269153.892,269410.330,269426.085,1649745,1270939,372244480,106209280,49952,1655382,2026-08-01T19:23:54.378775Z
R2,2613,saturated,,true,205.000,76.908,119.783,149.410,268998.927,269304.286,269318.390,1650167,1271035,372350976,106217472,49953,1655797,2026-08-01T19:23:54.378775Z
R2,2614,saturated,,true,99.000,134.137,362.085,445.234,269132.720,269375.994,269399.885,1650506,1271220,372359168,106233856,49975,1656023,2026-08-01T19:23:54.378775Z
R2,2615,saturated,,true,197.000,77.782,150.821,194.933,269472.840,269690.756,269720.922,1650733,1271220,372391936,106258432,49953,1656403,2026-08-01T19:23:54.378775Z
R2,2616,saturated,,true,207.000,76.400,125.919,159.029,269446.953,269674.950,269710.292,1651107,1271442,372523008,106274816,49949,1656816,2026-08-01T19:23:54.378775Z
R2,2617,saturated,,true,203.000,75.214,123.599,143.310,269303.233,269558.319,269597.925,1651545,1271646,372580352,106274816,49956,1657228,2026-08-01T19:23:54.378775Z
R2,2618,saturated,,true,194.000,80.454,141.497,200.020,269153.961,269433.985,269461.254,1651929,1271946,372621312,106323968,49957,1657621,2026-08-01T19:23:54.378775Z
R2,2619,saturated,,true,212.000,74.903,119.831,134.827,268999.605,269235.375,269267.161,1652329,1271946,372736000,106332160,49958,1658049,2026-08-01T19:23:54.378775Z
R2,2620,saturated,,true,206.000,76.820,127.093,135.834,268898.453,269109.018,269160.079,1652736,1272261,372826112,106348544,49957,1658459,2026-08-01T19:23:54.378775Z
R2,2621,saturated,,true,207.000,77.131,121.630,148.001,268821.149,269037.292,269083.828,1653142,1272467,372850688,106373120,49957,1658881,2026-08-01T19:23:54.378775Z
R2,2622,saturated,,true,205.000,77.099,124.947,146.040,268838.524,269026.543,269080.216,1655965,1272641,372850688,106389504,49958,1659297,2026-08-01T19:24:54.563522Z
R2,2623,saturated,,true,213.000,69.291,110.574,147.410,268597.909,269019.130,269051.029,1656374,1272851,373022720,106414080,49959,1659726,2026-08-01T19:24:54.563522Z
R2,2624,saturated,,true,165.000,88.060,177.494,214.867,268545.986,268841.889,268857.200,1656793,1272851,373055488,106438656,49959,1660061,2026-08-01T19:24:54.563522Z
R2,2625,saturated,,true,214.000,72.447,118.551,134.502,268676.782,268895.177,268905.066,1657167,1273126,373080064,106463232,49964,1660491,2026-08-01T19:24:54.563522Z
R2,2626,saturated,,true,209.000,74.877,113.268,132.514,268628.776,268919.932,268938.328,1657603,1273441,373268480,106471424,49961,1660919,2026-08-01T19:24:54.563522Z
R2,2627,saturated,,true,189.000,80.962,137.716,151.902,268665.373,268884.993,268956.792,1658025,1273651,373293056,106496000,49967,1661299,2026-08-01T19:24:54.563522Z
R2,2628,saturated,,true,179.000,88.838,160.108,187.199,268837.917,269061.746,269077.669,1658388,1273651,373309440,106512384,49963,1661657,2026-08-01T19:24:54.563522Z
R2,2629,saturated,,true,194.000,79.065,123.639,193.964,268897.315,269147.479,269159.003,1658776,1273921,373424128,106528768,49969,1662050,2026-08-01T19:24:54.563522Z
R2,2630,saturated,,true,190.000,85.963,133.572,170.449,268770.621,269002.073,269069.587,1659120,1274114,373522432,106545152,49968,1662425,2026-08-01T19:24:54.563522Z
R2,2631,saturated,,true,212.000,76.291,119.693,158.302,268440.976,268924.739,268949.628,1659512,1274405,373547008,106569728,49962,1662846,2026-08-01T19:24:54.563522Z
R2,2632,saturated,,true,210.000,75.171,130.938,168.477,268190.783,268411.548,268431.296,1659947,1274618,373620736,106594304,49962,1663263,2026-08-01T19:24:54.563522Z
R2,2633,saturated,,true,201.000,79.893,130.466,146.148,268112.705,268334.236,268362.809,1660373,1274618,373760000,106602496,49959,1663681,2026-08-01T19:24:54.563522Z
R2,2634,saturated,,true,184.000,79.693,144.286,173.261,268108.559,268312.321,268336.474,1660795,1274926,373776384,106627072,49968,1664052,2026-08-01T19:24:54.563522Z
R2,2635,saturated,,true,210.000,71.714,132.632,147.438,267924.525,268175.690,268349.469,1661190,1274926,373841920,106643456,49962,1664469,2026-08-01T19:24:54.563522Z
R2,2636,saturated,,true,208.000,71.767,121.560,139.958,267161.509,267564.781,267588.671,1661595,1275215,373981184,106676224,49966,1664890,2026-08-01T19:24:54.563522Z
R2,2637,saturated,,true,208.000,76.330,120.773,141.332,266752.761,267022.579,267073.311,1662009,1275526,374013952,106692608,49963,1665310,2026-08-01T19:24:54.563522Z
R2,2638,saturated,,true,159.000,92.236,192.815,243.506,266920.877,267168.269,267205.798,1662367,1275735,374046720,106717184,49963,1665635,2026-08-01T19:24:54.563522Z
R2,2639,saturated,,true,151.000,97.427,252.775,329.759,267154.181,267445.995,267476.425,1662654,1275967,374177792,106725376,49965,1665934,2026-08-01T19:24:54.563522Z
R2,2640,saturated,,true,192.000,79.292,125.356,143.859,267325.216,267542.291,267575.800,1663031,1275967,374243328,106741760,49965,1666332,2026-08-01T19:24:54.563522Z
R2,2641,saturated,,true,203.000,76.864,113.766,143.550,267396.593,267627.059,267651.239,1663448,1276245,374251520,106749952,49969,1666738,2026-08-01T19:24:54.563522Z
R2,2642,saturated,,true,197.000,83.239,129.255,143.868,267291.478,267543.131,267566.829,1663845,1276450,374382592,106790912,49971,1667129,2026-08-01T19:24:54.563522Z
R2,2643,saturated,,true,206.000,76.620,118.759,128.823,267354.721,267581.150,267602.980,1664243,1276643,374472704,106799104,49975,1667546,2026-08-01T19:24:54.563522Z
R2,2644,saturated,,true,172.000,83.709,190.462,220.048,267473.320,267670.473,267701.341,1664586,1276852,374497280,106823680,49969,1667889,2026-08-01T19:24:54.563522Z
R2,2645,saturated,,true,213.000,76.599,120.035,134.333,267423.621,267724.118,267746.621,1664992,1277022,374595584,106840064,49968,1668312,2026-08-01T19:24:54.563522Z
R2,2646,saturated,,true,211.000,74.383,107.456,131.679,267304.537,267542.404,267592.814,1665400,1277337,374710272,106856448,49971,1668741,2026-08-01T19:24:54.563522Z
R2,2647,saturated,,true,202.000,76.969,122.318,141.804,267168.393,267483.353,267520.537,1665810,1277548,374734848,106889216,49975,1669149,2026-08-01T19:24:54.563522Z
R2,2648,saturated,,true,196.000,79.821,131.899,150.579,267198.889,267409.826,267442.657,1666211,1277548,374792192,106905600,49971,1669547,2026-08-01T19:24:54.563522Z
R2,2649,saturated,,true,210.000,74.009,120.391,130.589,267157.333,267394.566,267442.906,1666652,1277844,374931456,106921984,49970,1669971,2026-08-01T19:24:54.563522Z
R2,2650,saturated,,true,214.000,75.274,118.053,126.207,267154.802,267367.838,267405.906,1667085,1278054,374964224,106946560,49973,1670402,2026-08-01T19:24:54.563522Z
R2,2651,saturated,,true,192.000,81.988,142.903,184.360,267162.292,267405.853,267418.965,1667503,1278374,375005184,106971136,49981,1670782,2026-08-01T19:24:54.563522Z
R2,2652,saturated,,true,208.000,75.670,122.832,132.309,267107.950,267328.585,267343.294,1667844,1278374,375169024,106979328,49977,1671202,2026-08-01T19:24:54.563522Z
R2,2653,saturated,,true,201.000,78.133,121.768,152.980,267186.937,267402.937,267423.749,1668241,1278672,375209984,107012096,49975,1671609,2026-08-01T19:24:54.563522Z
R2,2654,saturated,,true,187.000,83.242,157.757,231.837,267232.853,267552.067,267597.429,1668632,1278980,375242752,107020288,49977,1671982,2026-08-01T19:24:54.563522Z
R2,2655,saturated,,true,199.000,77.431,133.440,168.564,267296.548,267503.916,267566.738,1668877,1278980,375283712,107036672,49977,1672186,2026-08-01T19:24:54.563522Z
R2,2656,saturated,,true,206.000,78.596,118.918,138.058,267287.474,267528.492,267547.710,1669298,1279160,375431168,107061248,49974,1672591,2026-08-01T19:24:54.563522Z
R2,2657,saturated,,true,201.000,76.890,126.409,136.063,267218.720,267420.714,267473.656,1669653,1279363,375455744,107077632,49978,1673002,2026-08-01T19:24:54.563522Z
R2,2658,saturated,,true,196.000,76.221,165.972,202.587,267245.553,267489.126,267501.780,1670028,1279670,375529472,107094016,49979,1673386,2026-08-01T19:24:54.563522Z
R2,2659,saturated,,true,210.000,73.585,116.948,133.626,267143.840,267349.194,267391.426,1670448,1279670,375668736,107118592,49871,1673815,2026-08-01T19:24:54.563522Z
R2,2660,saturated,,true,205.000,76.487,127.688,139.846,266438.085,266767.324,266796.004,1670859,1279966,375693312,107134976,49978,1674224,2026-08-01T19:24:54.563522Z
R2,2661,saturated,,true,208.000,77.164,115.795,147.893,264957.785,265339.219,265680.983,1671282,1280281,375758848,107159552,49974,1674647,2026-08-01T19:24:54.563522Z
R2,2662,saturated,,true,161.000,89.642,224.709,334.636,264772.999,265033.438,265077.115,1671689,1280485,375881728,107175936,49983,1675060,2026-08-01T19:24:54.563522Z
R2,2663,saturated,,true,184.000,91.176,144.750,190.752,262422.586,263116.585,263143.418,1672042,1280654,375922688,107192320,49976,1675349,2026-08-01T19:24:54.563522Z
R2,2664,saturated,,true,168.000,81.247,159.983,212.386,262362.563,262636.974,262674.615,1672395,1280654,375947264,107208704,49906,1675748,2026-08-01T19:24:54.563522Z
R2,2665,saturated,,true,208.000,75.069,128.806,138.829,262239.124,262511.460,262558.916,1672766,1280932,376045568,107225088,49974,1676104,2026-08-01T19:24:54.563522Z
R2,2666,saturated,,true,211.000,72.973,119.431,142.254,261846.059,262163.103,262215.569,1673167,1280932,376135680,107249664,49979,1676523,2026-08-01T19:24:54.563522Z
R2,2667,saturated,,true,201.000,79.195,126.914,156.516,261365.301,261642.288,261689.737,1673550,1281208,376176640,107266048,49977,1676941,2026-08-01T19:24:54.563522Z
R2,2668,saturated,,true,184.000,78.751,136.341,185.721,260516.644,260788.486,260863.915,1673963,1281525,376283136,107290624,49981,1677294,2026-08-01T19:24:54.563522Z
R2,2669,saturated,,true,208.000,75.206,132.204,144.093,260203.267,260432.036,260453.935,1674363,1281525,376373248,107298816,49974,1677716,2026-08-01T19:24:54.563522Z
R2,2670,saturated,,true,199.000,78.065,123.215,134.060,260209.384,260514.367,260538.204,1674791,1281807,376406016,107331584,49880,1678131,2026-08-01T19:24:54.563522Z
R2,2671,saturated,,true,207.000,75.691,124.370,138.147,260221.210,260494.169,260494.663,1675167,1282118,376504320,107356160,49876,1678534,2026-08-01T19:24:54.563522Z
R2,2672,saturated,,true,208.000,78.995,115.596,128.632,259938.741,260218.475,260341.922,1675590,1282424,376610816,107380736,49980,1678954,2026-08-01T19:24:54.563522Z
R2,2673,saturated,,true,209.000,75.626,120.989,158.005,259444.995,259707.042,259759.310,1675953,1282629,376643584,107388928,49873,1679371,2026-08-01T19:24:54.563522Z
R2,2674,saturated,,true,177.000,82.108,167.380,204.794,259212.417,259410.421,259435.181,1676395,1282840,376741888,107413504,49909,1679801,2026-08-01T19:24:54.563522Z
R2,2675,saturated,,true,214.000,73.471,120.984,157.290,259292.376,259530.341,259549.314,1676779,1282840,376848384,107438080,49875,1680165,2026-08-01T19:24:54.563522Z
R2,2676,saturated,,true,205.000,76.451,117.674,127.153,259187.147,259409.358,259452.337,1677166,1283123,376881152,107446272,49879,1680583,2026-08-01T19:24:54.563522Z
R2,2677,saturated,,true,213.000,76.386,120.716,135.090,258957.868,259347.852,259373.072,1677579,1283440,376946688,107479040,49876,1681006,2026-08-01T19:24:54.563522Z
R2,2678,saturated,,true,196.000,74.785,151.435,192.170,258535.743,258736.194,258782.983,1678000,1283440,377077760,107503616,49874,1681401,2026-08-01T19:24:54.563522Z
R2,2679,saturated,,true,204.000,75.143,118.587,139.008,258505.265,258724.149,258758.746,1678414,1283735,377110528,107520000,49875,1681815,2026-08-01T19:24:54.563522Z
R2,2680,saturated,,true,198.000,75.333,131.064,144.581,258521.160,258773.912,258826.255,1678824,1283944,377184256,107536384,49888,1682236,2026-08-01T19:24:54.563522Z
R2,2681,saturated,,true,206.000,74.874,121.342,137.587,258540.473,258799.239,258817.209,1679190,1284255,377298944,107560960,49884,1682645,2026-08-01T19:24:54.563522Z
R2,2682,saturated,,true,178.000,79.261,176.104,290.027,258676.651,258953.549,258980.193,1677140,1284435,377315328,107577344,49887,1683005,2026-08-01T19:25:54.554594Z
R2,2683,saturated,,true,211.000,74.601,126.694,138.081,258648.572,258974.120,259009.554,1677511,1284611,377503744,107593728,49982,1683413,2026-08-01T19:25:54.554594Z
R2,2684,saturated,,true,167.000,93.031,180.956,228.026,258617.559,258868.930,258913.120,1677937,1284611,377528320,107618304,49980,1683818,2026-08-01T19:25:54.554594Z
R2,2685,saturated,,true,203.000,77.558,121.385,138.822,258813.195,259017.967,259047.860,1678279,1284920,377552896,107634688,49879,1684163,2026-08-01T19:25:54.554594Z
R2,2686,saturated,,true,206.000,75.224,123.119,141.685,258713.772,258993.219,259024.945,1678693,1285089,377741312,107651072,49982,1684576,2026-08-01T19:25:54.554594Z
R2,2687,saturated,,true,187.000,81.717,144.408,163.579,258051.386,258789.455,258848.270,1679113,1285400,377765888,107667456,49900,1684976,2026-08-01T19:25:54.554594Z
R2,2688,saturated,,true,182.000,80.862,136.241,194.925,257716.024,257934.339,257966.771,1679472,1285590,377774080,107692032,49985,1685318,2026-08-01T19:25:54.554594Z
R2,2689,saturated,,true,194.000,80.521,125.966,140.421,257640.332,257938.014,257966.598,1679860,1285590,377962496,107708416,49891,1685724,2026-08-01T19:25:54.554594Z
R2,2690,saturated,,true,186.000,83.716,137.378,162.175,257121.220,257630.544,257656.371,1680264,1285870,377987072,107732992,49887,1686102,2026-08-01T19:25:54.554594Z
R2,2691,saturated,,true,204.000,78.641,125.900,144.402,256762.553,257087.678,257117.390,1680615,1286150,378011648,107749376,49888,1686499,2026-08-01T19:25:54.554594Z
R2,2692,saturated,,true,207.000,77.377,112.666,134.905,256010.480,256175.315,256193.208,1681038,1286150,378167296,107773952,49884,1686914,2026-08-01T19:25:54.554594Z
R2,2693,saturated,,true,197.000,81.729,133.042,153.220,255952.849,256159.170,256212.153,1681465,1286457,378224640,107790336,49879,1687315,2026-08-01T19:25:54.554594Z
R2,2694,saturated,,true,172.000,84.711,172.227,250.800,256004.244,256249.083,256271.900,1681878,1286758,378249216,107806720,49914,1687720,2026-08-01T19:25:54.554594Z
R2,2695,saturated,,true,213.000,74.747,125.595,148.299,256063.300,256288.640,256312.343,1682229,1286860,378347520,107831296,49884,1688080,2026-08-01T19:25:54.554594Z
R2,2696,saturated,,true,208.000,76.249,121.898,132.784,256053.389,256277.266,256318.784,1682672,1287037,378454016,107847680,49877,1688504,2026-08-01T19:25:54.554594Z
R2,2697,saturated,,true,184.000,81.189,154.206,177.715,256035.342,256327.975,256351.502,1683062,1287351,378486784,107864064,49910,1688912,2026-08-01T19:25:54.554594Z
R2,2698,saturated,,true,170.000,87.143,150.665,205.429,255913.971,256154.938,256184.075,1683409,1287351,378519552,107888640,49896,1689224,2026-08-01T19:25:54.554594Z
R2,2699,saturated,,true,193.000,81.900,115.916,138.007,255874.261,256085.733,256146.076,1683782,1287612,378675200,107896832,49887,1689617,2026-08-01T19:25:54.554594Z
